wandb: [wandb.login()] Loaded credentials for https://api.wandb.ai from /home/zzhang18/.netrc.
wandb: Currently logged in as: nchen3 (ningcong-chen) to https://api.wandb.ai. Use `wandb login --relogin` to force relogin
wandb: Tracking run with wandb version 0.25.1
wandb: Run data is saved locally in /home/zzhang18/nchen3/eco/wandb/run-20260610_225231-uz7mzkjt
wandb: Run `wandb offline` to turn off syncing.
wandb: Syncing run lc__lc_br_lr25e4_long__1__1781146351
wandb: ⭐️ View project at https://wandb.ai/ningcong-chen/ppo-eco
wandb: 🚀 View run at https://wandb.ai/ningcong-chen/ppo-eco/runs/uz7mzkjt
Q-network params: 1,255,512
FROZEN PPO opponent (best-response/exploitability) from model/lc_ppo_dqninit_final50m/latest.pkt
Step: 81920  SPS: 5342  ε=0.992  ret=0.043  score=-67.0  buf=8%  updates=562
  vs FROZEN-PPO: 3W/100L/1D  win=3% | score=-23.7 inv=0.0 played=2.9 ddraw=4.5
  vs Heur:   4W/102L/2D | score=-23.5±17.0 inv=0.0 played=2.8 lanes=2.4 ddraw=4.7 pts=-23
  vs Random: 89W/11L/0D | score=-23.2±16.2 inv=0.0 played=2.8 lanes=2.4 ddraw=3.0 pts=-23
  Self-play: 46W/53L/4D | score=-28.3±15.7 inv=0.0 played=3.4 lanes=2.9 ddraw=2.5 pts=-28
Step: 163840  SPS: 5034  ε=0.984  ret=0.032  score=-66.7  buf=16%  updates=1202
  vs FROZEN-PPO: 6W/96L/0D  win=6% | score=-9.8 inv=0.0 played=1.2 ddraw=4.3
  vs Heur:   5W/95L/1D | score=-8.0±10.6 inv=0.0 played=1.0 lanes=0.8 ddraw=4.6 pts=-8
  vs Random: 102W/1L/0D | score=-12.9±11.8 inv=0.0 played=1.6 lanes=1.3 ddraw=2.5 pts=-13
  Self-play: 49W/53L/4D | score=-15.4±14.0 inv=0.0 played=2.2 lanes=1.7 ddraw=2.5 pts=-15
Step: 245760  SPS: 4968  ε=0.977  ret=0.043  score=-69.2  buf=25%  updates=1842
  vs FROZEN-PPO: 10W/100L/0D  win=9% | score=-17.0 inv=0.0 played=2.1 ddraw=4.5
  vs Heur:   4W/104L/1D | score=-17.4±14.1 inv=0.0 played=2.3 lanes=1.9 ddraw=4.6 pts=-17
  vs Random: 100W/0L/1D | score=-13.7±12.5 inv=0.0 played=1.9 lanes=1.5 ddraw=2.7 pts=-14
  Self-play: 49W/54L/5D | score=-22.7±12.5 inv=0.0 played=3.2 lanes=2.5 ddraw=2.5 pts=-23
Step: 327680  SPS: 4907  ε=0.969  ret=0.024  score=-63.9  buf=33%  updates=2482
  vs FROZEN-PPO: 10W/95L/1D  win=9% | score=-10.9 inv=0.1 played=1.4 ddraw=4.3
  vs Heur:   5W/98L/5D | score=-11.8±11.8 inv=0.0 played=1.4 lanes=1.2 ddraw=4.6 pts=-12
  vs Random: 104W/2L/1D | score=-11.3±11.8 inv=0.0 played=1.4 lanes=1.2 ddraw=2.6 pts=-11
  Self-play: 47W/52L/8D | score=-15.2±13.4 inv=0.0 played=2.0 lanes=1.7 ddraw=2.5 pts=-15
Step: 409600  SPS: 4843  ε=0.961  ret=0.032  score=-67.4  buf=41%  updates=3122
  vs FROZEN-PPO: 17W/85L/0D  win=17% | score=-6.9 inv=0.1 played=0.9 ddraw=4.4
  vs Heur:   6W/99L/4D | score=-9.8±9.6 inv=0.0 played=1.1 lanes=1.0 ddraw=4.6 pts=-10
  vs Random: 108W/2L/0D | score=-7.3±9.3 inv=0.0 played=0.9 lanes=0.8 ddraw=2.6 pts=-7
  Self-play: 44W/39L/21D | score=-9.0±10.4 inv=0.0 played=1.3 lanes=1.0 ddraw=2.5 pts=-9
Step: 491520  SPS: 4804  ε=0.953  ret=0.024  score=-66.5  buf=49%  updates=3762
  vs FROZEN-PPO: 9W/99L/2D  win=8% | score=-4.0 inv=0.1 played=0.8 ddraw=4.5
  vs Heur:   12W/98L/2D | score=-5.6±8.9 inv=0.0 played=0.8 lanes=0.6 ddraw=4.5 pts=-6
  vs Random: 100W/0L/0D | score=-3.4±6.6 inv=0.0 played=0.8 lanes=0.5 ddraw=2.6 pts=-3
  Self-play: 44W/38L/21D | score=-6.6±9.2 inv=0.0 played=1.4 lanes=0.9 ddraw=2.5 pts=-7
Step: 573440  SPS: 4794  ε=0.946  ret=0.046  score=-62.7  buf=57%  updates=4402
  vs FROZEN-PPO: 12W/86L/2D  win=12% | score=-4.3 inv=0.0 played=0.7 ddraw=4.4
  vs Heur:   13W/89L/1D | score=-5.4±8.1 inv=0.0 played=0.8 lanes=0.6 ddraw=4.7 pts=-5
  vs Random: 100W/0L/0D | score=-3.6±7.4 inv=0.0 played=0.5 lanes=0.4 ddraw=2.6 pts=-4
  Self-play: 25W/44L/39D | score=-5.4±10.1 inv=0.1 played=1.2 lanes=0.8 ddraw=2.6 pts=-5
Step: 655360  SPS: 4791  ε=0.938  ret=0.043  score=-65.2  buf=66%  updates=5042
  vs FROZEN-PPO: 16W/89L/2D  win=15% | score=-7.8 inv=0.0 played=1.2 ddraw=4.2
  vs Heur:   10W/93L/1D | score=-6.9±8.9 inv=0.0 played=0.8 lanes=0.7 ddraw=4.6 pts=-7
  vs Random: 102W/1L/0D | score=-5.7±10.5 inv=0.1 played=1.2 lanes=0.7 ddraw=2.7 pts=-6
  Self-play: 37W/50L/19D | score=-6.2±11.6 inv=0.1 played=1.8 lanes=1.0 ddraw=2.3 pts=-6
Step: 737280  SPS: 4792  ε=0.930  ret=0.056  score=-61.2  buf=74%  updates=5682
  vs FROZEN-PPO: 9W/95L/1D  win=9% | score=-7.2 inv=0.1 played=1.6 ddraw=4.5
  vs Heur:   11W/96L/1D | score=-6.1±10.1 inv=0.1 played=1.2 lanes=0.8 ddraw=4.6 pts=-6
  vs Random: 106W/0L/0D | score=-4.3±9.4 inv=0.1 played=1.4 lanes=0.7 ddraw=2.5 pts=-4
  Self-play: 57W/35L/11D | score=-2.9±11.5 inv=0.1 played=2.4 lanes=1.0 ddraw=2.7 pts=-3
Step: 819200  SPS: 4794  ε=0.922  ret=0.074  score=-60.5  buf=82%  updates=6322
  vs FROZEN-PPO: 17W/90L/0D  win=16% | score=-6.4 inv=0.3 played=1.7 ddraw=4.4
  vs Heur:   15W/85L/0D | score=-4.2±10.3 inv=0.3 played=1.9 lanes=0.9 ddraw=4.7 pts=-4
  vs Random: 104W/1L/0D | score=-0.4±9.9 inv=0.3 played=1.7 lanes=0.6 ddraw=2.9 pts=-0
  Self-play: 43W/49L/15D | score=-1.4±12.9 inv=0.4 played=3.1 lanes=1.1 ddraw=2.4 pts=-1
Step: 901120  SPS: 4793  ε=0.914  ret=0.062  score=-66.1  buf=90%  updates=6962
  vs FROZEN-PPO: 10W/94L/0D  win=10% | score=-1.1 inv=0.3 played=1.9 ddraw=4.4
  vs Heur:   14W/93L/1D | score=-1.7±12.3 inv=0.4 played=2.3 lanes=0.8 ddraw=4.5 pts=-2
  vs Random: 102W/0L/0D | score=2.2±10.8 inv=0.4 played=2.5 lanes=0.7 ddraw=2.5 pts=2
  Self-play: 39W/62L/6D | score=2.3±12.5 inv=0.4 played=3.0 lanes=0.8 ddraw=2.4 pts=2
Step: 983040  SPS: 4793  ε=0.907  ret=0.072  score=-65.8  buf=98%  updates=7602
  vs FROZEN-PPO: 17W/84L/0D  win=17% | score=2.7 inv=0.6 played=3.2 ddraw=4.2
  vs Heur:   27W/77L/4D | score=2.2±14.9 inv=0.6 played=3.3 lanes=0.9 ddraw=4.6 pts=2
  vs Random: 104W/0L/0D | score=4.2±12.0 inv=0.5 played=3.5 lanes=0.9 ddraw=2.6 pts=4
  Self-play: 40W/59L/5D | score=3.6±16.0 inv=0.6 played=4.4 lanes=1.2 ddraw=2.5 pts=4
Step: 1064960  SPS: 4792  ε=0.899  ret=0.063  score=-66.0  buf=100%  updates=8242
  vs FROZEN-PPO: 14W/87L/1D  win=14% | score=-3.5 inv=0.6 played=4.1 ddraw=4.2
  vs Heur:   31W/76L/0D | score=1.4±16.4 inv=0.8 played=4.5 lanes=1.3 ddraw=4.6 pts=1
  vs Random: 101W/0L/0D | score=3.3±15.3 inv=0.6 played=5.2 lanes=1.5 ddraw=2.7 pts=3
  Self-play: 47W/55L/2D | score=1.9±16.5 inv=0.9 played=5.9 lanes=1.8 ddraw=2.6 pts=2
Step: 1146880  SPS: 4793  ε=0.891  ret=0.018  score=-66.2  buf=100%  updates=8882
  vs FROZEN-PPO: 17W/90L/0D  win=16% | score=0.9 inv=0.6 played=3.6 ddraw=4.3
  vs Heur:   27W/77L/1D | score=2.2±18.6 inv=0.9 played=4.2 lanes=1.2 ddraw=4.6 pts=2
  vs Random: 108W/0L/0D | score=1.2±12.5 inv=0.7 played=4.2 lanes=1.2 ddraw=2.5 pts=1
  Self-play: 48W/54L/2D | score=6.6±16.8 inv=0.8 played=4.8 lanes=1.3 ddraw=2.4 pts=7
Step: 1228800  SPS: 4797  ε=0.883  ret=0.047  score=-61.2  buf=100%  updates=9522
  vs FROZEN-PPO: 19W/88L/1D  win=18% | score=-0.6 inv=0.9 played=4.5 ddraw=4.3
  vs Heur:   33W/72L/1D | score=3.6±15.3 inv=1.0 played=4.9 lanes=1.3 ddraw=4.6 pts=4
  vs Random: 101W/1L/0D | score=5.1±18.3 inv=1.0 played=5.0 lanes=1.3 ddraw=2.6 pts=5
  Self-play: 41W/64L/1D | score=3.3±19.1 inv=1.0 played=5.8 lanes=1.6 ddraw=2.4 pts=3
Step: 1310720  SPS: 4799  ε=0.875  ret=0.043  score=-64.5  buf=100%  updates=10162
  vs FROZEN-PPO: 16W/91L/1D  win=15% | score=1.8 inv=0.8 played=4.5 ddraw=4.2
  vs Heur:   21W/79L/1D | score=1.7±16.9 inv=0.8 played=4.2 lanes=1.1 ddraw=4.5 pts=2
  vs Random: 104W/0L/0D | score=5.4±16.4 inv=0.9 played=5.3 lanes=1.4 ddraw=2.6 pts=5
  Self-play: 40W/63L/1D | score=4.0±18.9 inv=0.9 played=5.5 lanes=1.5 ddraw=2.6 pts=4
Step: 1392640  SPS: 4798  ε=0.868  ret=0.050  score=-61.8  buf=100%  updates=10802
  vs FROZEN-PPO: 17W/88L/0D  win=16% | score=-0.7 inv=0.7 played=3.5 ddraw=4.3
  vs Heur:   36W/62L/4D | score=5.8±15.3 inv=0.8 played=4.4 lanes=1.1 ddraw=4.6 pts=6
  vs Random: 106W/0L/0D | score=6.6±14.7 inv=0.8 played=4.7 lanes=1.2 ddraw=2.7 pts=7
  Self-play: 49W/51L/4D | score=4.6±15.2 inv=0.8 played=5.3 lanes=1.4 ddraw=2.5 pts=5
Step: 1474560  SPS: 4802  ε=0.860  ret=0.052  score=-61.5  buf=100%  updates=11442
  vs FROZEN-PPO: 16W/88L/1D  win=15% | score=-2.3 inv=0.9 played=5.3 ddraw=4.1
  vs Heur:   25W/75L/1D | score=-2.6±21.5 inv=1.1 played=5.7 lanes=1.8 ddraw=4.5 pts=-3
  vs Random: 101W/1L/0D | score=0.4±17.5 inv=1.0 played=5.6 lanes=1.6 ddraw=2.5 pts=0
  Self-play: 55W/47L/4D | score=3.5±19.0 inv=1.0 played=5.9 lanes=1.7 ddraw=2.4 pts=4
Step: 1556480  SPS: 4806  ε=0.852  ret=0.044  score=-64.4  buf=100%  updates=12082
  vs FROZEN-PPO: 15W/86L/2D  win=15% | score=-3.8 inv=1.0 played=5.7 ddraw=4.2
  vs Heur:   22W/77L/1D | score=0.8±17.4 inv=1.1 played=5.4 lanes=1.5 ddraw=4.6 pts=1
  vs Random: 109W/0L/0D | score=0.4±17.1 inv=1.0 played=5.9 lanes=1.8 ddraw=2.7 pts=0
  Self-play: 61W/42L/2D | score=4.5±15.8 inv=0.9 played=6.4 lanes=1.7 ddraw=2.6 pts=5
Step: 1638400  SPS: 4811  ε=0.844  ret=-0.001  score=-60.0  buf=100%  updates=12722
  vs FROZEN-PPO: 24W/85L/1D  win=22% | score=2.8 inv=0.9 played=4.7 ddraw=4.1
  vs Heur:   30W/71L/2D | score=3.8±16.7 inv=1.0 played=4.9 lanes=1.3 ddraw=4.6 pts=4
  vs Random: 102W/0L/0D | score=5.2±14.4 inv=0.8 played=4.8 lanes=1.2 ddraw=2.5 pts=5
  Self-play: 53W/53L/2D | score=1.2±21.1 inv=1.1 played=6.0 lanes=1.7 ddraw=2.4 pts=1
Step: 1720320  SPS: 4813  ε=0.837  ret=0.063  score=-59.8  buf=100%  updates=13362
  vs FROZEN-PPO: 13W/92L/1D  win=12% | score=-1.4 inv=1.1 played=6.4 ddraw=4.1
  vs Heur:   23W/91L/1D | score=-2.7±18.6 inv=1.2 played=6.3 lanes=1.9 ddraw=4.5 pts=-3
  vs Random: 105W/0L/0D | score=1.3±19.0 inv=1.1 played=6.5 lanes=1.9 ddraw=2.2 pts=1
  Self-play: 46W/57L/4D | score=-2.6±17.6 inv=1.1 played=6.6 lanes=1.9 ddraw=2.4 pts=-3
Step: 1802240  SPS: 4810  ε=0.829  ret=0.051  score=-60.8  buf=100%  updates=14002
  vs FROZEN-PPO: 12W/94L/0D  win=11% | score=-0.4 inv=1.2 played=6.3 ddraw=4.2
  vs Heur:   24W/78L/1D | score=-2.6±18.9 inv=1.3 played=5.8 lanes=1.7 ddraw=4.6 pts=-3
  vs Random: 99W/4L/0D | score=0.2±20.2 inv=1.1 played=6.2 lanes=1.7 ddraw=2.5 pts=0
  Self-play: 51W/53L/0D | score=1.6±17.1 inv=1.2 played=6.3 lanes=1.7 ddraw=2.5 pts=2
Step: 1884160  SPS: 4814  ε=0.821  ret=0.093  score=-57.5  buf=100%  updates=14642
  vs FROZEN-PPO: 18W/84L/1D  win=17% | score=3.1 inv=1.1 played=6.1 ddraw=4.3
  vs Heur:   24W/79L/1D | score=-0.1±17.9 inv=1.1 played=6.8 lanes=1.8 ddraw=4.7 pts=-0
  vs Random: 104W/0L/0D | score=5.4±18.0 inv=1.2 played=7.1 lanes=1.8 ddraw=2.6 pts=5
  Self-play: 46W/61L/3D | score=5.6±16.4 inv=1.0 played=6.9 lanes=1.8 ddraw=2.5 pts=6
Step: 1966080  SPS: 4816  ε=0.813  ret=0.044  score=-56.0  buf=100%  updates=15282
  vs FROZEN-PPO: 25W/78L/3D  win=24% | score=-0.1 inv=1.0 played=6.3 ddraw=4.2
  vs Heur:   25W/82L/0D | score=2.1±18.3 inv=1.2 played=6.3 lanes=1.7 ddraw=4.6 pts=2
  vs Random: 104W/0L/0D | score=3.3±17.5 inv=1.1 played=7.0 lanes=1.9 ddraw=2.4 pts=3
  Self-play: 44W/57L/2D | score=0.8±18.6 inv=1.1 played=7.5 lanes=2.0 ddraw=2.4 pts=1
Step: 2048000  SPS: 4818  ε=0.805  ret=0.052  score=-58.8  buf=100%  updates=15922
  vs FROZEN-PPO: 16W/94L/0D  win=15% | score=1.9 inv=1.0 played=6.1 ddraw=4.1
  vs Heur:   31W/74L/1D | score=2.1±15.6 inv=1.0 played=6.2 lanes=1.6 ddraw=4.7 pts=2
  vs Random: 104W/0L/0D | score=3.0±17.2 inv=1.0 played=6.2 lanes=1.6 ddraw=2.2 pts=3
  Self-play: 44W/62L/0D | score=3.5±17.8 inv=1.1 played=6.5 lanes=1.7 ddraw=2.4 pts=4
Step: 2129920  SPS: 4817  ε=0.798  ret=0.073  score=-56.6  buf=100%  updates=16562
  vs FROZEN-PPO: 12W/94L/0D  win=11% | score=0.5 inv=1.0 played=6.0 ddraw=4.2
  vs Heur:   26W/75L/1D | score=1.0±18.0 inv=1.0 played=6.0 lanes=1.6 ddraw=4.7 pts=1
  vs Random: 102W/2L/0D | score=5.5±20.2 inv=1.0 played=6.8 lanes=1.8 ddraw=2.5 pts=6
  Self-play: 46W/54L/0D | score=0.6±17.5 inv=1.1 played=7.2 lanes=2.0 ddraw=2.5 pts=1
Step: 2211840  SPS: 4812  ε=0.790  ret=0.062  score=-56.1  buf=100%  updates=17202
  vs FROZEN-PPO: 13W/94L/1D  win=12% | score=1.0 inv=1.1 played=6.8 ddraw=4.3
  vs Heur:   25W/77L/3D | score=-1.5±19.4 inv=1.1 played=6.1 lanes=1.8 ddraw=4.6 pts=-2
  vs Random: 102W/1L/1D | score=0.8±16.3 inv=1.1 played=7.2 lanes=1.9 ddraw=2.6 pts=1
  Self-play: 44W/58L/3D | score=-0.2±16.6 inv=1.2 played=7.7 lanes=2.2 ddraw=2.5 pts=-0
Step: 2293760  SPS: 4809  ε=0.782  ret=0.024  score=-55.8  buf=100%  updates=17842
  vs FROZEN-PPO: 18W/81L/2D  win=18% | score=3.0 inv=1.0 played=5.1 ddraw=4.2
  vs Heur:   22W/82L/1D | score=-1.1±14.1 inv=1.0 played=5.0 lanes=1.3 ddraw=4.5 pts=-1
  vs Random: 106W/0L/0D | score=6.1±16.3 inv=1.0 played=5.8 lanes=1.4 ddraw=2.3 pts=6
  Self-play: 34W/65L/1D | score=0.2±19.2 inv=1.0 played=6.1 lanes=1.7 ddraw=2.4 pts=0
Step: 2375680  SPS: 4807  ε=0.774  ret=0.059  score=-58.1  buf=100%  updates=18482
  vs FROZEN-PPO: 16W/86L/2D  win=15% | score=0.3 inv=1.4 played=7.6 ddraw=4.3
  vs Heur:   26W/73L/1D | score=0.8±16.5 inv=1.2 played=6.8 lanes=1.8 ddraw=4.6 pts=1
  vs Random: 103W/2L/0D | score=2.4±17.0 inv=1.3 played=7.7 lanes=2.1 ddraw=2.3 pts=2
  Self-play: 53W/50L/3D | score=3.3±20.2 inv=1.4 played=8.4 lanes=2.2 ddraw=2.4 pts=3
Step: 2457600  SPS: 4804  ε=0.767  ret=0.062  score=-52.4  buf=100%  updates=19122
  vs FROZEN-PPO: 15W/88L/0D  win=15% | score=1.3 inv=1.2 played=7.4 ddraw=4.2
  vs Heur:   28W/71L/2D | score=-1.3±22.9 inv=1.3 played=7.0 lanes=2.0 ddraw=4.6 pts=-1
  vs Random: 104W/2L/0D | score=-0.5±18.2 inv=1.3 played=7.7 lanes=2.1 ddraw=2.5 pts=-0
  Self-play: 47W/54L/2D | score=2.5±17.5 inv=1.2 played=8.5 lanes=2.4 ddraw=2.6 pts=3
Step: 2539520  SPS: 4800  ε=0.759  ret=0.039  score=-60.9  buf=100%  updates=19762
  vs FROZEN-PPO: 19W/84L/1D  win=18% | score=2.5 inv=1.0 played=6.5 ddraw=4.4
  vs Heur:   25W/80L/1D | score=-1.6±18.5 inv=1.2 played=6.8 lanes=1.9 ddraw=4.6 pts=-2
  vs Random: 103W/2L/0D | score=3.3±20.2 inv=1.1 played=8.1 lanes=2.2 ddraw=2.6 pts=3
  Self-play: 61W/43L/1D | score=4.6±17.8 inv=1.2 played=7.9 lanes=2.1 ddraw=2.4 pts=5
Step: 2621440  SPS: 4797  ε=0.751  ret=0.050  score=-50.4  buf=100%  updates=20402
  vs FROZEN-PPO: 20W/84L/0D  win=19% | score=-1.5 inv=1.1 played=6.0 ddraw=4.3
  vs Heur:   19W/85L/2D | score=-2.3±16.0 inv=1.1 played=6.5 lanes=1.8 ddraw=4.7 pts=-2
  vs Random: 108W/0L/0D | score=-0.1±17.7 inv=1.0 played=7.2 lanes=2.0 ddraw=2.5 pts=-0
  Self-play: 58W/48L/0D | score=0.7±19.2 inv=1.1 played=7.7 lanes=2.2 ddraw=2.5 pts=1
Step: 2703360  SPS: 4795  ε=0.743  ret=0.080  score=-52.3  buf=100%  updates=21042
  vs FROZEN-PPO: 17W/88L/2D  win=16% | score=0.1 inv=1.0 played=7.0 ddraw=4.4
  vs Heur:   27W/73L/1D | score=-1.0±16.8 inv=1.0 played=6.9 lanes=2.0 ddraw=4.7 pts=-1
  vs Random: 102W/1L/0D | score=5.0±20.1 inv=1.0 played=8.3 lanes=2.2 ddraw=2.5 pts=5
  Self-play: 51W/56L/0D | score=3.3±17.6 inv=1.1 played=8.6 lanes=2.4 ddraw=2.4 pts=3
Step: 2785280  SPS: 4791  ε=0.735  ret=0.066  score=-54.4  buf=100%  updates=21682
  vs FROZEN-PPO: 25W/76L/2D  win=24% | score=-1.5 inv=1.5 played=8.8 ddraw=4.4
  vs Heur:   29W/71L/0D | score=-1.1±19.2 inv=1.4 played=7.8 lanes=2.1 ddraw=4.7 pts=-1
  vs Random: 103W/5L/0D | score=-2.8±21.1 inv=1.4 played=8.9 lanes=2.6 ddraw=2.6 pts=-3
  Self-play: 47W/53L/3D | score=-2.1±21.8 inv=1.6 played=8.8 lanes=2.5 ddraw=2.5 pts=-2
Step: 2867200  SPS: 4789  ε=0.728  ret=0.052  score=-57.2  buf=100%  updates=22322
  vs FROZEN-PPO: 18W/87L/2D  win=17% | score=1.6 inv=1.1 played=7.1 ddraw=4.4
  vs Heur:   24W/74L/2D | score=0.3±20.0 inv=1.1 played=7.2 lanes=2.0 ddraw=4.5 pts=0
  vs Random: 101W/2L/0D | score=3.0±17.6 inv=1.3 played=8.9 lanes=2.4 ddraw=2.6 pts=3
  Self-play: 61W/45L/0D | score=2.9±23.4 inv=1.3 played=9.1 lanes=2.5 ddraw=2.5 pts=3
Step: 2949120  SPS: 4788  ε=0.720  ret=0.101  score=-54.3  buf=100%  updates=22962
  vs FROZEN-PPO: 20W/83L/2D  win=19% | score=-1.0 inv=1.3 played=7.2 ddraw=4.3
  vs Heur:   34W/64L/3D | score=2.0±20.2 inv=1.4 played=7.9 lanes=2.1 ddraw=4.7 pts=2
  vs Random: 99W/1L/0D | score=1.4±22.0 inv=1.4 played=8.5 lanes=2.3 ddraw=2.5 pts=1
  Self-play: 48W/57L/1D | score=-0.2±24.2 inv=1.4 played=8.3 lanes=2.3 ddraw=2.5 pts=-0
Step: 3031040  SPS: 4786  ε=0.712  ret=0.101  score=-49.0  buf=100%  updates=23602
  vs FROZEN-PPO: 14W/92L/1D  win=13% | score=-0.5 inv=1.4 played=8.8 ddraw=4.5
  vs Heur:   33W/69L/1D | score=-1.1±19.1 inv=1.4 played=9.0 lanes=2.5 ddraw=4.7 pts=-1
  vs Random: 101W/4L/0D | score=0.7±24.3 inv=1.5 played=10.1 lanes=2.8 ddraw=2.7 pts=1
  Self-play: 48W/53L/1D | score=-5.9±21.3 inv=1.5 played=10.0 lanes=3.0 ddraw=2.3 pts=-6
Step: 3112960  SPS: 4785  ε=0.704  ret=0.054  score=-52.2  buf=100%  updates=24242
  vs FROZEN-PPO: 16W/92L/0D  win=15% | score=1.3 inv=1.1 played=6.7 ddraw=4.3
  vs Heur:   26W/77L/0D | score=0.3±20.7 inv=1.2 played=7.1 lanes=2.0 ddraw=4.7 pts=0
  vs Random: 103W/1L/0D | score=4.3±20.8 inv=1.2 played=7.3 lanes=1.9 ddraw=2.7 pts=4
  Self-play: 59W/45L/3D | score=-0.3±19.5 inv=1.3 played=8.0 lanes=2.3 ddraw=2.5 pts=-0
Step: 3194880  SPS: 4782  ε=0.696  ret=0.063  score=-45.4  buf=100%  updates=24882
  vs FROZEN-PPO: 16W/88L/1D  win=15% | score=0.5 inv=1.2 played=7.1 ddraw=4.3
  vs Heur:   32W/68L/1D | score=0.6±20.7 inv=1.3 played=8.1 lanes=2.1 ddraw=4.8 pts=1
  vs Random: 106W/1L/0D | score=2.9±17.1 inv=1.1 played=8.1 lanes=2.2 ddraw=2.7 pts=3
  Self-play: 54W/46L/2D | score=0.1±17.9 inv=1.2 played=8.1 lanes=2.2 ddraw=2.5 pts=0
Step: 3276800  SPS: 4782  ε=0.689  ret=0.085  score=-51.1  buf=100%  updates=25522
  vs FROZEN-PPO: 16W/84L/1D  win=16% | score=1.0 inv=1.0 played=6.2 ddraw=4.2
  vs Heur:   30W/70L/2D | score=3.9±15.3 inv=1.0 played=6.7 lanes=1.7 ddraw=4.7 pts=4
  vs Random: 100W/1L/0D | score=6.6±18.1 inv=1.0 played=7.5 lanes=1.9 ddraw=2.6 pts=7
  Self-play: 45W/60L/1D | score=0.4±18.8 inv=1.0 played=8.3 lanes=2.3 ddraw=2.7 pts=0
Step: 3358720  SPS: 4780  ε=0.681  ret=0.067  score=-47.8  buf=100%  updates=26162
  vs FROZEN-PPO: 15W/89L/0D  win=14% | score=-1.2 inv=1.4 played=7.2 ddraw=4.4
  vs Heur:   24W/76L/0D | score=-0.9±19.2 inv=1.3 played=8.1 lanes=2.2 ddraw=4.7 pts=-1
  vs Random: 107W/1L/0D | score=2.4±18.6 inv=1.3 played=8.7 lanes=2.3 ddraw=2.7 pts=2
  Self-play: 46W/54L/1D | score=-2.2±19.9 inv=1.5 played=8.9 lanes=2.5 ddraw=2.5 pts=-2
Step: 3440640  SPS: 4779  ε=0.673  ret=0.038  score=-46.1  buf=100%  updates=26802
  vs FROZEN-PPO: 17W/91L/1D  win=16% | score=-0.2 inv=1.1 played=7.9 ddraw=4.4
  vs Heur:   26W/83L/1D | score=-1.2±18.6 inv=1.1 played=8.8 lanes=2.4 ddraw=4.7 pts=-1
  vs Random: 103W/3L/0D | score=2.8±22.0 inv=1.4 played=9.8 lanes=2.6 ddraw=2.5 pts=3
  Self-play: 49W/56L/0D | score=1.2±21.8 inv=1.3 played=9.3 lanes=2.6 ddraw=2.5 pts=1
Step: 3522560  SPS: 4780  ε=0.665  ret=0.058  score=-49.0  buf=100%  updates=27442
  vs FROZEN-PPO: 24W/82L/0D  win=23% | score=2.2 inv=1.1 played=6.6 ddraw=4.4
  vs Heur:   37W/68L/2D | score=6.4±18.0 inv=1.1 played=7.1 lanes=1.7 ddraw=4.7 pts=6
  vs Random: 108W/2L/0D | score=0.6±20.4 inv=1.2 played=7.6 lanes=2.0 ddraw=2.5 pts=1
  Self-play: 55W/53L/1D | score=1.3±20.6 inv=1.3 played=8.0 lanes=2.1 ddraw=2.6 pts=1
Step: 3604480  SPS: 4782  ε=0.658  ret=0.100  score=-47.4  buf=100%  updates=28082
  vs FROZEN-PPO: 14W/89L/3D  win=13% | score=0.0 inv=1.0 played=6.9 ddraw=4.4
  vs Heur:   37W/70L/2D | score=3.0±19.9 inv=1.2 played=7.7 lanes=2.0 ddraw=4.6 pts=3
  vs Random: 99W/1L/0D | score=4.8±18.2 inv=1.2 played=8.0 lanes=2.0 ddraw=2.5 pts=5
  Self-play: 42W/59L/2D | score=4.5±18.6 inv=1.1 played=8.1 lanes=2.1 ddraw=2.5 pts=4
Step: 3686400  SPS: 4785  ε=0.650  ret=0.115  score=-42.5  buf=100%  updates=28722
  vs FROZEN-PPO: 17W/89L/0D  win=16% | score=4.4 inv=1.2 played=7.6 ddraw=4.2
  vs Heur:   35W/67L/1D | score=1.5±19.6 inv=1.2 played=7.8 lanes=2.0 ddraw=4.7 pts=2
  vs Random: 99W/0L/1D | score=9.2±19.6 inv=1.2 played=8.5 lanes=2.0 ddraw=2.7 pts=9
  Self-play: 44W/62L/1D | score=8.5±19.8 inv=1.2 played=8.7 lanes=2.2 ddraw=2.5 pts=8
Step: 3768320  SPS: 4786  ε=0.642  ret=0.093  score=-51.5  buf=100%  updates=29362
  vs FROZEN-PPO: 16W/89L/1D  win=15% | score=4.9 inv=0.9 played=6.2 ddraw=4.2
  vs Heur:   28W/71L/1D | score=3.3±15.8 inv=1.0 played=6.9 lanes=1.8 ddraw=4.5 pts=3
  vs Random: 102W/1L/0D | score=5.2±16.7 inv=0.9 played=7.0 lanes=1.8 ddraw=2.3 pts=5
  Self-play: 54W/52L/1D | score=7.8±21.1 inv=1.2 played=7.7 lanes=1.9 ddraw=2.6 pts=8
Step: 3850240  SPS: 4786  ε=0.634  ret=0.096  score=-48.9  buf=100%  updates=30002
  vs FROZEN-PPO: 23W/78L/0D  win=23% | score=6.3 inv=0.8 played=6.3 ddraw=4.4
  vs Heur:   37W/66L/1D | score=2.9±20.9 inv=1.2 played=6.7 lanes=1.8 ddraw=4.7 pts=3
  vs Random: 105W/0L/1D | score=9.6±18.5 inv=1.0 played=7.6 lanes=1.9 ddraw=2.5 pts=10
  Self-play: 51W/53L/2D | score=6.7±18.2 inv=1.0 played=8.2 lanes=2.2 ddraw=2.4 pts=7
Step: 3932160  SPS: 4789  ε=0.626  ret=0.081  score=-47.0  buf=100%  updates=30642
  vs FROZEN-PPO: 17W/87L/2D  win=16% | score=3.3 inv=0.9 played=7.8 ddraw=4.3
  vs Heur:   39W/65L/1D | score=6.0±16.3 inv=0.8 played=8.2 lanes=2.2 ddraw=4.7 pts=6
  vs Random: 101W/0L/0D | score=10.9±19.0 inv=0.8 played=9.0 lanes=2.2 ddraw=2.7 pts=11
  Self-play: 48W/55L/1D | score=6.0±20.1 inv=0.8 played=8.9 lanes=2.4 ddraw=2.6 pts=6
Step: 4014080  SPS: 4790  ε=0.619  ret=0.105  score=-43.3  buf=100%  updates=31282
  vs FROZEN-PPO: 26W/80L/3D  win=24% | score=7.5 inv=0.9 played=7.4 ddraw=4.4
  vs Heur:   37W/66L/1D | score=7.2±18.6 inv=1.0 played=7.6 lanes=1.9 ddraw=4.6 pts=7
  vs Random: 100W/0L/0D | score=8.9±18.4 inv=0.9 played=8.4 lanes=2.1 ddraw=2.6 pts=9
  Self-play: 47W/62L/0D | score=10.1±16.1 inv=1.1 played=9.0 lanes=2.3 ddraw=2.4 pts=10
Step: 4096000  SPS: 4792  ε=0.611  ret=0.077  score=-42.2  buf=100%  updates=31922
  vs FROZEN-PPO: 23W/81L/1D  win=22% | score=9.7 inv=0.7 played=7.6 ddraw=4.3
  vs Heur:   44W/62L/4D | score=9.6±17.8 inv=0.9 played=7.9 lanes=1.9 ddraw=4.6 pts=10
  vs Random: 100W/0L/0D | score=11.8±15.8 inv=0.9 played=8.4 lanes=2.1 ddraw=2.5 pts=12
  Self-play: 41W/55L/4D | score=7.9±15.3 inv=0.9 played=7.9 lanes=2.0 ddraw=2.5 pts=8
Step: 4177920  SPS: 4791  ε=0.603  ret=0.089  score=-42.8  buf=100%  updates=32562
  vs FROZEN-PPO: 23W/76L/1D  win=23% | score=6.8 inv=0.7 played=7.4 ddraw=4.3
  vs Heur:   38W/62L/1D | score=7.2±18.8 inv=0.9 played=7.9 lanes=2.0 ddraw=4.7 pts=7
  vs Random: 101W/1L/0D | score=8.7±15.5 inv=0.7 played=8.9 lanes=2.3 ddraw=2.2 pts=9
  Self-play: 49W/59L/2D | score=8.9±17.2 inv=0.9 played=9.0 lanes=2.3 ddraw=2.5 pts=9
Step: 4259840  SPS: 4787  ε=0.595  ret=0.057  score=-39.6  buf=100%  updates=33202
  vs FROZEN-PPO: 25W/79L/1D  win=24% | score=6.7 inv=0.6 played=7.3 ddraw=4.2
  vs Heur:   35W/72L/1D | score=6.1±18.1 inv=0.8 played=7.8 lanes=2.1 ddraw=4.6 pts=6
  vs Random: 109W/0L/0D | score=8.4±15.4 inv=0.7 played=8.1 lanes=2.0 ddraw=2.2 pts=8
  Self-play: 51W/54L/0D | score=8.7±17.7 inv=0.9 played=8.8 lanes=2.3 ddraw=2.3 pts=9
Step: 4341760  SPS: 4787  ε=0.588  ret=0.084  score=-42.4  buf=100%  updates=33842
  vs FROZEN-PPO: 18W/87L/0D  win=17% | score=4.2 inv=0.7 played=6.9 ddraw=4.2
  vs Heur:   43W/64L/0D | score=10.4±19.3 inv=0.9 played=7.5 lanes=1.8 ddraw=4.6 pts=10
  vs Random: 104W/1L/0D | score=9.4±16.5 inv=0.8 played=7.2 lanes=1.8 ddraw=2.4 pts=9
  Self-play: 54W/53L/3D | score=8.5±18.3 inv=0.7 played=7.5 lanes=1.9 ddraw=2.4 pts=8
Step: 4423680  SPS: 4784  ε=0.580  ret=0.060  score=-45.3  buf=100%  updates=34482
  vs FROZEN-PPO: 17W/84L/0D  win=17% | score=7.4 inv=0.8 played=7.8 ddraw=4.2
  vs Heur:   26W/76L/1D | score=5.0±16.1 inv=1.0 played=8.1 lanes=2.1 ddraw=4.6 pts=5
  vs Random: 100W/1L/0D | score=7.4±17.8 inv=1.1 played=8.5 lanes=2.2 ddraw=2.4 pts=7
  Self-play: 54W/50L/3D | score=10.9±18.7 inv=1.1 played=9.6 lanes=2.4 ddraw=2.6 pts=11
Step: 4505600  SPS: 4783  ε=0.572  ret=0.095  score=-37.6  buf=100%  updates=35122
  vs FROZEN-PPO: 20W/80L/0D  win=20% | score=7.9 inv=0.8 played=7.3 ddraw=4.2
  vs Heur:   47W/67L/1D | score=11.1±18.9 inv=1.3 played=8.3 lanes=1.9 ddraw=4.6 pts=11
  vs Random: 100W/0L/0D | score=10.6±16.3 inv=0.9 played=8.9 lanes=2.2 ddraw=2.5 pts=11
  Self-play: 37W/65L/1D | score=9.4±19.6 inv=1.0 played=8.3 lanes=2.0 ddraw=2.6 pts=9
Step: 4587520  SPS: 4783  ε=0.564  ret=0.056  score=-38.4  buf=100%  updates=35762
  vs FROZEN-PPO: 25W/75L/1D  win=25% | score=8.6 inv=0.9 played=7.6 ddraw=4.1
  vs Heur:   38W/68L/5D | score=3.7±17.4 inv=1.1 played=7.6 lanes=1.9 ddraw=4.6 pts=4
  vs Random: 105W/0L/0D | score=11.9±17.2 inv=1.0 played=7.7 lanes=1.8 ddraw=2.4 pts=12
  Self-play: 41W/62L/0D | score=12.5±19.9 inv=1.2 played=8.4 lanes=2.0 ddraw=2.5 pts=12
Step: 4669440  SPS: 4780  ε=0.556  ret=0.028  score=-40.8  buf=100%  updates=36402
  vs FROZEN-PPO: 20W/84L/1D  win=19% | score=8.8 inv=0.9 played=8.6 ddraw=4.2
  vs Heur:   41W/64L/1D | score=7.7±18.0 inv=1.2 played=8.9 lanes=2.2 ddraw=4.6 pts=8
  vs Random: 100W/1L/0D | score=15.3±16.5 inv=0.9 played=9.8 lanes=2.3 ddraw=2.3 pts=15
  Self-play: 42W/56L/4D | score=15.0±16.1 inv=1.0 played=9.9 lanes=2.4 ddraw=2.4 pts=15
Step: 4751360  SPS: 4780  ε=0.549  ret=0.064  score=-40.7  buf=100%  updates=37042
  vs FROZEN-PPO: 18W/85L/1D  win=17% | score=7.9 inv=1.0 played=9.2 ddraw=4.3
  vs Heur:   41W/64L/3D | score=5.1±22.1 inv=1.5 played=9.3 lanes=2.2 ddraw=4.7 pts=5
  vs Random: 104W/1L/0D | score=12.8±21.9 inv=1.4 played=10.7 lanes=2.6 ddraw=2.5 pts=13
  Self-play: 41W/58L/1D | score=11.7±21.0 inv=1.2 played=9.8 lanes=2.5 ddraw=2.5 pts=12
Step: 4833280  SPS: 4782  ε=0.541  ret=0.021  score=-43.6  buf=100%  updates=37682
  vs FROZEN-PPO: 27W/82L/0D  win=25% | score=13.0 inv=1.4 played=10.2 ddraw=4.1
  vs Heur:   57W/47L/0D | score=11.2±21.2 inv=1.3 played=10.0 lanes=2.4 ddraw=4.6 pts=11
  vs Random: 108W/1L/0D | score=16.4±18.5 inv=1.3 played=11.1 lanes=2.7 ddraw=2.4 pts=16
  Self-play: 43W/59L/0D | score=12.3±20.5 inv=1.4 played=10.4 lanes=2.6 ddraw=2.6 pts=12
Step: 4915200  SPS: 4783  ε=0.533  ret=0.040  score=-37.1  buf=100%  updates=38322
  vs FROZEN-PPO: 25W/78L/2D  win=24% | score=10.1 inv=1.0 played=8.5 ddraw=4.4
  vs Heur:   38W/62L/1D | score=7.4±20.8 inv=1.3 played=9.1 lanes=2.2 ddraw=4.6 pts=7
  vs Random: 106W/0L/0D | score=11.9±20.8 inv=1.0 played=9.1 lanes=2.2 ddraw=2.5 pts=12
  Self-play: 51W/48L/3D | score=9.3±18.0 inv=1.2 played=9.4 lanes=2.4 ddraw=2.6 pts=9
Step: 4997120  SPS: 4782  ε=0.525  ret=0.141  score=-38.0  buf=100%  updates=38962
  vs FROZEN-PPO: 28W/76L/1D  win=27% | score=13.8 inv=1.2 played=8.9 ddraw=4.3
  vs Heur:   38W/60L/3D | score=7.8±19.6 inv=1.3 played=9.0 lanes=2.2 ddraw=4.6 pts=8
  vs Random: 112W/0L/0D | score=14.3±20.4 inv=1.3 played=9.1 lanes=2.2 ddraw=2.4 pts=14
  Self-play: 51W/53L/1D | score=13.6±24.1 inv=1.3 played=9.9 lanes=2.4 ddraw=2.5 pts=14
Step: 5079040  SPS: 4784  ε=0.518  ret=0.033  score=-39.2  buf=100%  updates=39602
  vs FROZEN-PPO: 20W/82L/2D  win=19% | score=12.2 inv=1.1 played=9.5 ddraw=4.3
  vs Heur:   44W/61L/2D | score=9.6±19.7 inv=1.3 played=9.1 lanes=2.2 ddraw=4.6 pts=10
  vs Random: 103W/0L/1D | score=13.1±18.4 inv=1.1 played=9.5 lanes=2.3 ddraw=2.7 pts=13
  Self-play: 48W/55L/0D | score=15.8±20.2 inv=1.1 played=10.6 lanes=2.5 ddraw=2.4 pts=16
Step: 5160960  SPS: 4784  ε=0.510  ret=0.072  score=-36.8  buf=100%  updates=40242
  vs FROZEN-PPO: 23W/79L/2D  win=22% | score=11.4 inv=1.4 played=9.3 ddraw=4.4
  vs Heur:   43W/62L/1D | score=9.6±19.0 inv=1.6 played=9.6 lanes=2.3 ddraw=4.7 pts=10
  vs Random: 105W/1L/0D | score=13.8±23.0 inv=1.6 played=10.8 lanes=2.6 ddraw=2.4 pts=14
  Self-play: 55W/53L/1D | score=16.7±23.1 inv=1.5 played=10.3 lanes=2.4 ddraw=2.5 pts=17
Step: 5242880  SPS: 4782  ε=0.502  ret=0.090  score=-40.5  buf=100%  updates=40882
  vs FROZEN-PPO: 26W/81L/0D  win=24% | score=11.1 inv=1.2 played=8.4 ddraw=4.2
  vs Heur:   42W/67L/1D | score=11.5±20.3 inv=1.4 played=8.5 lanes=2.0 ddraw=4.6 pts=11
  vs Random: 104W/0L/0D | score=12.8±17.5 inv=1.4 played=9.6 lanes=2.2 ddraw=2.4 pts=13
  Self-play: 44W/60L/1D | score=12.9±22.8 inv=1.6 played=10.2 lanes=2.4 ddraw=2.4 pts=13
Step: 5324800  SPS: 4782  ε=0.494  ret=0.115  score=-37.6  buf=100%  updates=41522
  vs FROZEN-PPO: 24W/83L/1D  win=22% | score=12.8 inv=1.5 played=9.6 ddraw=4.3
  vs Heur:   47W/56L/4D | score=11.9±18.4 inv=1.3 played=9.0 lanes=2.1 ddraw=4.6 pts=12
  vs Random: 103W/1L/1D | score=12.3±21.4 inv=1.5 played=10.1 lanes=2.5 ddraw=2.3 pts=12
  Self-play: 49W/50L/2D | score=19.8±21.3 inv=1.8 played=10.9 lanes=2.5 ddraw=2.5 pts=20
Step: 5406720  SPS: 4781  ε=0.486  ret=0.081  score=-35.8  buf=100%  updates=42162
  vs FROZEN-PPO: 31W/73L/2D  win=29% | score=12.2 inv=1.3 played=9.2 ddraw=4.4
  vs Heur:   51W/51L/3D | score=13.7±21.2 inv=1.4 played=9.3 lanes=2.2 ddraw=4.6 pts=14
  vs Random: 108W/0L/0D | score=15.6±23.0 inv=1.5 played=10.7 lanes=2.5 ddraw=2.4 pts=16
  Self-play: 56W/47L/1D | score=17.0±21.0 inv=1.7 played=11.2 lanes=2.7 ddraw=2.5 pts=17
Step: 5488640  SPS: 4781  ε=0.479  ret=0.152  score=-37.9  buf=100%  updates=42802
  vs FROZEN-PPO: 31W/74L/0D  win=30% | score=11.0 inv=1.7 played=10.0 ddraw=4.3
  vs Heur:   47W/56L/3D | score=9.7±17.4 inv=1.4 played=9.5 lanes=2.3 ddraw=4.7 pts=10
  vs Random: 107W/0L/0D | score=18.1±19.8 inv=1.5 played=10.1 lanes=2.3 ddraw=2.4 pts=18
  Self-play: 49W/53L/2D | score=16.9±22.1 inv=1.6 played=10.5 lanes=2.5 ddraw=2.4 pts=17
Step: 5570560  SPS: 4782  ε=0.471  ret=0.031  score=-36.3  buf=100%  updates=43442
  vs FROZEN-PPO: 22W/87L/2D  win=20% | score=7.5 inv=1.8 played=10.3 ddraw=4.4
  vs Heur:   46W/61L/1D | score=8.2±23.8 inv=2.1 played=10.6 lanes=2.5 ddraw=4.7 pts=8
  vs Random: 99W/1L/0D | score=11.8±21.5 inv=1.9 played=11.6 lanes=2.8 ddraw=2.5 pts=12
  Self-play: 45W/59L/1D | score=9.3±21.3 inv=2.1 played=11.5 lanes=2.8 ddraw=2.5 pts=9
Step: 5652480  SPS: 4782  ε=0.463  ret=0.059  score=-40.2  buf=100%  updates=44082
  vs FROZEN-PPO: 19W/89L/0D  win=18% | score=7.9 inv=1.7 played=9.9 ddraw=4.0
  vs Heur:   46W/59L/1D | score=10.5±23.1 inv=2.0 played=10.3 lanes=2.4 ddraw=4.6 pts=10
  vs Random: 103W/1L/0D | score=13.7±24.8 inv=2.1 played=11.1 lanes=2.7 ddraw=2.4 pts=14
  Self-play: 53W/52L/1D | score=13.8±25.6 inv=2.1 played=10.9 lanes=2.6 ddraw=2.4 pts=14
Step: 5734400  SPS: 4782  ε=0.455  ret=0.176  score=-32.7  buf=100%  updates=44722
  vs FROZEN-PPO: 27W/82L/0D  win=25% | score=11.9 inv=2.0 played=11.1 ddraw=4.3
  vs Heur:   42W/57L/2D | score=11.5±20.4 inv=1.8 played=10.3 lanes=2.4 ddraw=4.7 pts=12
  vs Random: 106W/1L/0D | score=11.4±22.5 inv=1.8 played=12.0 lanes=2.9 ddraw=2.6 pts=11
  Self-play: 54W/45L/2D | score=15.4±25.7 inv=2.0 played=12.1 lanes=2.9 ddraw=2.5 pts=15
Step: 5816320  SPS: 4782  ε=0.447  ret=0.146  score=-38.7  buf=100%  updates=45362
  vs FROZEN-PPO: 22W/82L/1D  win=21% | score=7.3 inv=2.6 played=12.7 ddraw=4.3
  vs Heur:   41W/64L/3D | score=6.3±25.3 inv=2.5 played=12.5 lanes=3.1 ddraw=4.6 pts=6
  vs Random: 109W/1L/0D | score=13.5±24.1 inv=2.6 played=13.8 lanes=3.3 ddraw=2.4 pts=13
  Self-play: 49W/58L/1D | score=7.7±28.8 inv=2.4 played=13.4 lanes=3.4 ddraw=2.5 pts=8
Step: 5898240  SPS: 4780  ε=0.440  ret=0.118  score=-35.0  buf=100%  updates=46002
  vs FROZEN-PPO: 22W/80L/2D  win=21% | score=0.9 inv=2.6 played=11.9 ddraw=4.4
  vs Heur:   46W/57L/2D | score=6.2±27.2 inv=2.2 played=10.7 lanes=2.7 ddraw=4.6 pts=6
  vs Random: 99W/2L/0D | score=11.4±25.3 inv=2.5 played=12.8 lanes=3.2 ddraw=2.5 pts=11
  Self-play: 53W/51L/0D | score=6.4±24.7 inv=2.4 played=12.8 lanes=3.2 ddraw=2.4 pts=6
Step: 5980160  SPS: 4780  ε=0.432  ret=0.125  score=-41.6  buf=100%  updates=46642
  vs FROZEN-PPO: 33W/76L/0D  win=30% | score=3.4 inv=2.7 played=12.5 ddraw=4.4
  vs Heur:   42W/64L/1D | score=7.2±28.6 inv=2.5 played=12.1 lanes=3.0 ddraw=4.7 pts=7
  vs Random: 104W/3L/0D | score=6.6±25.3 inv=2.3 played=13.1 lanes=3.3 ddraw=2.7 pts=7
  Self-play: 61W/47L/1D | score=10.4±24.7 inv=2.2 played=12.7 lanes=3.1 ddraw=2.3 pts=10
Step: 6062080  SPS: 4779  ε=0.424  ret=0.133  score=-34.1  buf=100%  updates=47282
  vs FROZEN-PPO: 22W/84L/1D  win=21% | score=6.0 inv=2.2 played=12.4 ddraw=4.5
  vs Heur:   54W/49L/2D | score=10.6±23.3 inv=2.4 played=11.9 lanes=2.8 ddraw=4.6 pts=11
  vs Random: 104W/1L/0D | score=15.9±25.8 inv=2.4 played=13.4 lanes=3.3 ddraw=2.6 pts=16
  Self-play: 49W/54L/3D | score=11.6±25.2 inv=2.3 played=13.0 lanes=3.3 ddraw=2.6 pts=12
Step: 6144000  SPS: 4776  ε=0.416  ret=0.059  score=-32.4  buf=100%  updates=47922
  vs FROZEN-PPO: 16W/88L/0D  win=15% | score=0.8 inv=2.5 played=12.4 ddraw=4.4
  vs Heur:   56W/53L/1D | score=11.8±29.0 inv=2.7 played=12.5 lanes=3.0 ddraw=4.6 pts=12
  vs Random: 101W/2L/0D | score=14.4±24.5 inv=2.3 played=12.8 lanes=3.1 ddraw=2.6 pts=14
  Self-play: 47W/56L/4D | score=8.0±25.3 inv=2.4 played=13.3 lanes=3.3 ddraw=2.5 pts=8
Step: 6225920  SPS: 4776  ε=0.409  ret=0.195  score=-33.6  buf=100%  updates=48562
  vs FROZEN-PPO: 21W/82L/2D  win=20% | score=5.9 inv=2.7 played=12.6 ddraw=4.5
  vs Heur:   43W/66L/3D | score=6.4±27.8 inv=2.9 played=11.8 lanes=2.8 ddraw=4.6 pts=6
  vs Random: 93W/7L/0D | score=7.8±25.9 inv=2.7 played=12.4 lanes=3.1 ddraw=2.8 pts=8
  Self-play: 55W/44L/2D | score=9.8±24.9 inv=2.4 played=12.6 lanes=3.2 ddraw=2.5 pts=10
Step: 6307840  SPS: 4774  ε=0.401  ret=0.129  score=-35.5  buf=100%  updates=49202
  vs FROZEN-PPO: 22W/78L/0D  win=22% | score=1.4 inv=2.7 played=12.7 ddraw=4.3
  vs Heur:   47W/56L/2D | score=8.2±29.1 inv=2.6 played=12.3 lanes=2.9 ddraw=4.6 pts=8
  vs Random: 97W/3L/0D | score=6.9±26.7 inv=2.2 played=12.7 lanes=3.2 ddraw=2.6 pts=7
  Self-play: 49W/53L/1D | score=6.5±24.0 inv=2.4 played=13.5 lanes=3.4 ddraw=2.5 pts=7
Step: 6389760  SPS: 4774  ε=0.393  ret=0.114  score=-32.4  buf=100%  updates=49842
  vs FROZEN-PPO: 27W/74L/0D  win=27% | score=9.1 inv=2.4 played=12.4 ddraw=4.6
  vs Heur:   48W/59L/1D | score=10.8±26.1 inv=2.7 played=12.4 lanes=2.9 ddraw=4.7 pts=11
  vs Random: 102W/4L/0D | score=9.2±25.9 inv=2.5 played=12.5 lanes=3.1 ddraw=2.6 pts=9
  Self-play: 46W/53L/3D | score=11.7±19.2 inv=2.5 played=13.3 lanes=3.2 ddraw=2.5 pts=12
Step: 6471680  SPS: 4775  ε=0.385  ret=0.129  score=-30.9  buf=100%  updates=50482
  vs FROZEN-PPO: 29W/78L/0D  win=27% | score=8.4 inv=2.4 played=11.4 ddraw=4.4
  vs Heur:   49W/54L/1D | score=10.7±25.2 inv=2.2 played=10.5 lanes=2.5 ddraw=4.6 pts=11
  vs Random: 102W/1L/0D | score=13.5±25.5 inv=2.1 played=10.8 lanes=2.6 ddraw=2.6 pts=13
  Self-play: 50W/53L/1D | score=7.0±24.8 inv=2.1 played=10.8 lanes=2.7 ddraw=2.5 pts=7
Step: 6553600  SPS: 4776  ε=0.377  ret=0.133  score=-33.5  buf=100%  updates=51122
  vs FROZEN-PPO: 25W/75L/0D  win=25% | score=11.5 inv=2.2 played=11.8 ddraw=4.5
  vs Heur:   48W/58L/1D | score=9.6±25.9 inv=2.5 played=11.4 lanes=2.7 ddraw=4.7 pts=10
  vs Random: 101W/2L/0D | score=13.3±27.1 inv=2.2 played=11.7 lanes=2.9 ddraw=2.6 pts=13
  Self-play: 50W/50L/2D | score=12.7±22.3 inv=2.2 played=12.2 lanes=3.0 ddraw=2.6 pts=13
Step: 6635520  SPS: 4776  ε=0.370  ret=0.122  score=-32.4  buf=100%  updates=51762
  vs FROZEN-PPO: 15W/85L/1D  win=15% | score=7.7 inv=2.1 played=11.5 ddraw=4.4
  vs Heur:   33W/72L/1D | score=9.0±21.1 inv=2.4 played=11.4 lanes=2.8 ddraw=4.6 pts=9
  vs Random: 100W/2L/1D | score=13.1±25.1 inv=2.1 played=12.4 lanes=3.1 ddraw=2.4 pts=13
  Self-play: 51W/52L/1D | score=9.2±23.0 inv=2.0 played=12.2 lanes=3.1 ddraw=2.6 pts=9
Step: 6717440  SPS: 4776  ε=0.362  ret=0.080  score=-29.6  buf=100%  updates=52402
  vs FROZEN-PPO: 23W/80L/1D  win=22% | score=6.8 inv=2.1 played=11.5 ddraw=4.3
  vs Heur:   36W/63L/2D | score=8.4±22.6 inv=2.2 played=11.8 lanes=2.9 ddraw=4.7 pts=8
  vs Random: 105W/0L/0D | score=18.1±25.5 inv=2.0 played=13.0 lanes=3.2 ddraw=2.4 pts=18
  Self-play: 52W/53L/1D | score=14.1±23.5 inv=2.0 played=12.5 lanes=3.1 ddraw=2.5 pts=14
Step: 6799360  SPS: 4775  ε=0.354  ret=0.154  score=-25.7  buf=100%  updates=53042
  vs FROZEN-PPO: 25W/75L/0D  win=25% | score=6.0 inv=2.5 played=12.2 ddraw=4.3
  vs Heur:   43W/62L/0D | score=3.6±29.1 inv=2.6 played=11.7 lanes=2.9 ddraw=4.5 pts=4
  vs Random: 106W/2L/0D | score=12.2±26.3 inv=2.3 played=12.3 lanes=3.0 ddraw=2.3 pts=12
  Self-play: 56W/46L/1D | score=16.9±28.8 inv=2.3 played=12.2 lanes=2.9 ddraw=2.4 pts=17
Step: 6881280  SPS: 4776  ε=0.346  ret=0.118  score=-24.8  buf=100%  updates=53682
  vs FROZEN-PPO: 22W/85L/0D  win=21% | score=11.9 inv=2.2 played=12.5 ddraw=4.4
  vs Heur:   47W/57L/5D | score=9.9±28.9 inv=2.7 played=12.5 lanes=3.1 ddraw=4.8 pts=10
  vs Random: 106W/0L/0D | score=18.7±23.0 inv=2.2 played=13.2 lanes=3.2 ddraw=2.7 pts=19
  Self-play: 50W/51L/1D | score=7.8±24.7 inv=2.5 played=13.1 lanes=3.3 ddraw=2.6 pts=8
Step: 6963200  SPS: 4776  ε=0.339  ret=0.112  score=-31.1  buf=100%  updates=54322
  vs FROZEN-PPO: 25W/75L/0D  win=25% | score=6.9 inv=2.4 played=12.8 ddraw=4.5
  vs Heur:   30W/76L/2D | score=1.3±25.2 inv=2.2 played=11.4 lanes=3.0 ddraw=4.6 pts=1
  vs Random: 100W/2L/0D | score=15.1±27.5 inv=2.3 played=13.5 lanes=3.3 ddraw=2.7 pts=15
  Self-play: 53W/51L/1D | score=15.4±26.0 inv=2.1 played=13.0 lanes=3.3 ddraw=2.6 pts=15
Step: 7045120  SPS: 4775  ε=0.331  ret=0.148  score=-27.9  buf=100%  updates=54962
  vs FROZEN-PPO: 29W/78L/3D  win=26% | score=7.4 inv=2.2 played=12.0 ddraw=4.3
  vs Heur:   46W/59L/1D | score=12.0±25.6 inv=2.2 played=12.2 lanes=2.9 ddraw=4.6 pts=12
  vs Random: 100W/0L/0D | score=12.9±23.4 inv=2.0 played=12.5 lanes=3.0 ddraw=2.6 pts=13
  Self-play: 51W/54L/0D | score=8.5±23.7 inv=2.0 played=12.2 lanes=3.1 ddraw=2.4 pts=8
Step: 7127040  SPS: 4774  ε=0.323  ret=0.051  score=-27.2  buf=100%  updates=55602
  vs FROZEN-PPO: 33W/79L/0D  win=29% | score=10.7 inv=2.1 played=12.7 ddraw=4.2
  vs Heur:   41W/64L/3D | score=7.2±26.8 inv=2.3 played=12.2 lanes=3.0 ddraw=4.7 pts=7
  vs Random: 106W/2L/0D | score=12.1±23.5 inv=2.0 played=12.7 lanes=3.2 ddraw=2.6 pts=12
  Self-play: 47W/59L/3D | score=11.4±26.8 inv=2.0 played=12.9 lanes=3.3 ddraw=2.5 pts=11
Step: 7208960  SPS: 4774  ε=0.315  ret=0.082  score=-18.4  buf=100%  updates=56242
  vs FROZEN-PPO: 29W/77L/1D  win=27% | score=15.0 inv=2.3 played=12.6 ddraw=4.3
  vs Heur:   50W/59L/0D | score=8.9±25.9 inv=2.3 played=11.7 lanes=2.9 ddraw=4.5 pts=9
  vs Random: 103W/1L/0D | score=16.3±25.2 inv=1.9 played=12.6 lanes=3.1 ddraw=2.6 pts=16
  Self-play: 51W/52L/1D | score=8.8±23.0 inv=2.0 played=12.8 lanes=3.2 ddraw=2.5 pts=9
Step: 7290880  SPS: 4774  ε=0.307  ret=0.146  score=-22.7  buf=100%  updates=56882
  vs FROZEN-PPO: 23W/87L/1D  win=21% | score=8.7 inv=2.1 played=12.5 ddraw=4.3
  vs Heur:   48W/54L/1D | score=11.7±24.1 inv=2.3 played=12.1 lanes=2.9 ddraw=4.6 pts=12
  vs Random: 103W/0L/0D | score=8.4±23.1 inv=2.0 played=12.3 lanes=3.2 ddraw=2.3 pts=8
  Self-play: 56W/48L/4D | score=16.5±24.1 inv=2.0 played=13.1 lanes=3.3 ddraw=2.5 pts=17
Step: 7372800  SPS: 4774  ε=0.300  ret=0.093  score=-25.7  buf=100%  updates=57522
  vs FROZEN-PPO: 23W/77L/2D  win=23% | score=11.6 inv=2.1 played=12.2 ddraw=4.3
  vs Heur:   44W/61L/4D | score=9.5±21.8 inv=2.3 played=11.7 lanes=2.9 ddraw=4.6 pts=10
  vs Random: 98W/3L/0D | score=10.0±23.8 inv=2.1 played=12.4 lanes=3.1 ddraw=2.5 pts=10
  Self-play: 49W/57L/1D | score=9.3±22.1 inv=2.1 played=12.7 lanes=3.2 ddraw=2.5 pts=9
Step: 7454720  SPS: 4775  ε=0.292  ret=0.157  score=-15.7  buf=100%  updates=58162
  vs FROZEN-PPO: 24W/81L/2D  win=22% | score=13.0 inv=2.2 played=12.6 ddraw=4.4
  vs Heur:   41W/65L/0D | score=8.6±22.8 inv=2.3 played=12.0 lanes=2.9 ddraw=4.4 pts=9
  vs Random: 102W/2L/1D | score=19.1±28.5 inv=2.3 played=13.4 lanes=3.3 ddraw=2.5 pts=19
  Self-play: 55W/55L/0D | score=17.0±23.6 inv=2.2 played=13.5 lanes=3.3 ddraw=2.5 pts=17
Step: 7536640  SPS: 4774  ε=0.284  ret=0.099  score=-19.4  buf=100%  updates=58802
  vs FROZEN-PPO: 27W/73L/0D  win=27% | score=13.9 inv=2.1 played=12.5 ddraw=4.3
  vs Heur:   52W/55L/1D | score=15.2±22.4 inv=2.2 played=12.6 lanes=3.0 ddraw=4.6 pts=15
  vs Random: 101W/1L/0D | score=14.3±22.7 inv=2.1 played=13.6 lanes=3.4 ddraw=2.5 pts=14
  Self-play: 41W/60L/1D | score=11.1±23.7 inv=2.0 played=12.8 lanes=3.3 ddraw=2.4 pts=11
Step: 7618560  SPS: 4774  ε=0.276  ret=0.102  score=-20.1  buf=100%  updates=59442
  vs FROZEN-PPO: 22W/82L/0D  win=21% | score=11.6 inv=2.0 played=12.0 ddraw=4.3
  vs Heur:   38W/60L/2D | score=10.7±25.1 inv=2.2 played=11.2 lanes=2.6 ddraw=4.5 pts=11
  vs Random: 108W/0L/0D | score=15.6±21.2 inv=2.1 played=12.6 lanes=3.1 ddraw=2.7 pts=16
  Self-play: 56W/47L/1D | score=19.0±25.5 inv=2.1 played=12.1 lanes=2.9 ddraw=2.5 pts=19
Step: 7700480  SPS: 4775  ε=0.268  ret=0.139  score=-17.7  buf=100%  updates=60082
  vs FROZEN-PPO: 28W/77L/1D  win=26% | score=14.8 inv=1.6 played=12.3 ddraw=4.0
  vs Heur:   43W/53L/4D | score=13.9±23.6 inv=1.8 played=12.2 lanes=3.0 ddraw=4.7 pts=14
  vs Random: 105W/0L/0D | score=21.1±20.6 inv=1.8 played=13.4 lanes=3.3 ddraw=2.3 pts=21
  Self-play: 50W/50L/3D | score=23.7±22.2 inv=1.7 played=13.4 lanes=3.2 ddraw=2.6 pts=24
Step: 7782400  SPS: 4775  ε=0.261  ret=0.120  score=-17.1  buf=100%  updates=60722
  vs FROZEN-PPO: 33W/67L/4D  win=32% | score=13.4 inv=2.1 played=12.3 ddraw=4.2
  vs Heur:   51W/50L/2D | score=17.3±25.3 inv=2.0 played=11.9 lanes=2.8 ddraw=4.7 pts=17
  vs Random: 111W/0L/0D | score=18.0±20.8 inv=1.7 played=12.6 lanes=3.2 ddraw=2.5 pts=18
  Self-play: 49W/50L/1D | score=18.8±23.3 inv=2.0 played=13.4 lanes=3.2 ddraw=2.6 pts=19
Step: 7864320  SPS: 4777  ε=0.253  ret=0.133  score=-17.4  buf=100%  updates=61362
  vs FROZEN-PPO: 30W/74L/1D  win=29% | score=12.0 inv=2.3 played=12.8 ddraw=4.2
  vs Heur:   44W/60L/3D | score=12.1±21.2 inv=2.2 played=12.3 lanes=2.9 ddraw=4.6 pts=12
  vs Random: 105W/1L/0D | score=20.7±28.7 inv=2.2 played=13.6 lanes=3.3 ddraw=2.7 pts=21
  Self-play: 49W/56L/0D | score=19.5±22.2 inv=2.2 played=13.2 lanes=3.1 ddraw=2.6 pts=19
Step: 7946240  SPS: 4777  ε=0.245  ret=0.136  score=-14.3  buf=100%  updates=62002
  vs FROZEN-PPO: 24W/74L/2D  win=24% | score=12.4 inv=1.9 played=11.7 ddraw=4.3
  vs Heur:   56W/52L/2D | score=13.6±22.6 inv=2.4 played=11.9 lanes=2.8 ddraw=4.6 pts=14
  vs Random: 106W/0L/0D | score=19.1±25.2 inv=1.9 played=12.2 lanes=3.0 ddraw=2.4 pts=19
  Self-play: 47W/57L/1D | score=15.5±28.7 inv=2.1 played=12.9 lanes=3.2 ddraw=2.3 pts=15
Step: 8028160  SPS: 4778  ε=0.237  ret=0.135  score=-14.4  buf=100%  updates=62642
  vs FROZEN-PPO: 29W/69L/2D  win=29% | score=15.6 inv=1.8 played=12.0 ddraw=4.2
  vs Heur:   51W/53L/0D | score=13.3±24.2 inv=2.2 played=11.7 lanes=2.8 ddraw=4.6 pts=13
  vs Random: 103W/0L/0D | score=17.5±22.8 inv=1.9 played=13.1 lanes=3.2 ddraw=2.5 pts=17
  Self-play: 46W/54L/0D | score=15.0±23.7 inv=2.0 played=13.3 lanes=3.3 ddraw=2.2 pts=15
Step: 8110080  SPS: 4778  ε=0.230  ret=0.113  score=-12.6  buf=100%  updates=63282
  vs FROZEN-PPO: 31W/78L/0D  win=28% | score=16.4 inv=2.2 played=11.5 ddraw=4.0
  vs Heur:   55W/52L/3D | score=14.1±24.0 inv=2.2 played=11.1 lanes=2.6 ddraw=4.5 pts=14
  vs Random: 102W/1L/0D | score=22.3±27.0 inv=1.8 played=12.2 lanes=2.9 ddraw=2.5 pts=22
  Self-play: 50W/55L/3D | score=18.5±23.7 inv=1.8 played=12.6 lanes=3.0 ddraw=2.5 pts=18
Step: 8192000  SPS: 4778  ε=0.222  ret=0.134  score=-10.0  buf=100%  updates=63922
  vs FROZEN-PPO: 26W/81L/1D  win=24% | score=13.2 inv=2.1 played=12.4 ddraw=4.2
  vs Heur:   59W/44L/2D | score=17.0±26.0 inv=2.1 played=12.2 lanes=2.9 ddraw=4.7 pts=17
  vs Random: 106W/0L/0D | score=17.5±23.3 inv=1.8 played=13.2 lanes=3.2 ddraw=2.4 pts=18
  Self-play: 39W/60L/1D | score=19.8±22.3 inv=2.1 played=13.2 lanes=3.2 ddraw=2.6 pts=20
Step: 8273920  SPS: 4779  ε=0.214  ret=0.114  score=-14.3  buf=100%  updates=64562
  vs FROZEN-PPO: 25W/81L/1D  win=23% | score=12.1 inv=2.1 played=12.1 ddraw=4.1
  vs Heur:   54W/47L/4D | score=19.8±30.1 inv=2.3 played=12.1 lanes=2.8 ddraw=4.4 pts=20
  vs Random: 104W/0L/0D | score=19.4±27.0 inv=1.9 played=12.1 lanes=2.9 ddraw=2.1 pts=19
  Self-play: 55W/43L/2D | score=21.6±25.0 inv=2.1 played=12.9 lanes=3.1 ddraw=2.6 pts=22
Step: 8355840  SPS: 4780  ε=0.206  ret=0.097  score=-10.7  buf=100%  updates=65202
  vs FROZEN-PPO: 24W/77L/4D  win=23% | score=15.2 inv=2.1 played=11.6 ddraw=4.1
  vs Heur:   54W/46L/0D | score=15.4±28.5 inv=2.2 played=11.4 lanes=2.7 ddraw=4.6 pts=15
  vs Random: 100W/0L/0D | score=17.3±23.7 inv=1.9 played=11.6 lanes=2.8 ddraw=2.5 pts=17
  Self-play: 47W/53L/0D | score=16.1±27.5 inv=2.1 played=12.0 lanes=2.9 ddraw=2.5 pts=16
Step: 8437760  SPS: 4781  ε=0.198  ret=0.134  score=-11.7  buf=100%  updates=65842
  vs FROZEN-PPO: 20W/80L/3D  win=19% | score=13.0 inv=2.4 played=12.2 ddraw=4.1
  vs Heur:   57W/48L/2D | score=16.9±27.2 inv=2.5 played=12.5 lanes=2.9 ddraw=4.6 pts=17
  vs Random: 107W/1L/0D | score=21.0±26.5 inv=2.2 played=13.1 lanes=3.1 ddraw=2.5 pts=21
  Self-play: 46W/54L/1D | score=17.9±27.9 inv=2.3 played=13.1 lanes=3.0 ddraw=2.5 pts=18
Step: 8519680  SPS: 4782  ε=0.191  ret=0.135  score=-6.9  buf=100%  updates=66482
  vs FROZEN-PPO: 33W/70L/0D  win=32% | score=16.8 inv=2.1 played=12.0 ddraw=4.0
  vs Heur:   57W/44L/3D | score=19.8±25.7 inv=2.2 played=11.8 lanes=2.7 ddraw=4.6 pts=20
  vs Random: 111W/0L/0D | score=18.7±25.1 inv=2.0 played=13.1 lanes=3.2 ddraw=2.4 pts=19
  Self-play: 58W/41L/1D | score=19.1±25.0 inv=2.0 played=12.1 lanes=3.0 ddraw=2.5 pts=19
Step: 8601600  SPS: 4783  ε=0.183  ret=0.090  score=-10.2  buf=100%  updates=67122
  vs FROZEN-PPO: 19W/87L/0D  win=18% | score=11.3 inv=2.2 played=12.2 ddraw=4.2
  vs Heur:   52W/54L/1D | score=16.0±24.1 inv=2.1 played=11.3 lanes=2.7 ddraw=4.6 pts=16
  vs Random: 104W/1L/0D | score=19.1±22.9 inv=1.9 played=12.9 lanes=3.2 ddraw=2.4 pts=19
  Self-play: 37W/65L/2D | score=18.1±22.9 inv=2.0 played=12.9 lanes=3.1 ddraw=2.7 pts=18
Step: 8683520  SPS: 4783  ε=0.175  ret=0.104  score=-8.3  buf=100%  updates=67762
  vs FROZEN-PPO: 26W/80L/1D  win=24% | score=14.7 inv=2.0 played=12.6 ddraw=4.0
  vs Heur:   59W/44L/3D | score=18.8±24.9 inv=2.4 played=11.8 lanes=2.7 ddraw=4.5 pts=19
  vs Random: 100W/0L/0D | score=23.2±23.1 inv=2.0 played=12.6 lanes=3.0 ddraw=2.2 pts=23
  Self-play: 57W/48L/1D | score=23.6±25.8 inv=2.0 played=13.5 lanes=3.2 ddraw=2.7 pts=24
Step: 8765440  SPS: 4785  ε=0.167  ret=0.122  score=-1.7  buf=100%  updates=68402
  vs FROZEN-PPO: 28W/77L/1D  win=26% | score=13.1 inv=2.1 played=12.1 ddraw=4.1
  vs Heur:   53W/53L/0D | score=16.1±22.8 inv=2.4 played=11.4 lanes=2.6 ddraw=4.7 pts=16
  vs Random: 100W/0L/0D | score=23.4±24.1 inv=1.8 played=12.9 lanes=3.0 ddraw=2.4 pts=23
  Self-play: 52W/56L/1D | score=24.2±24.4 inv=2.3 played=12.7 lanes=2.9 ddraw=2.6 pts=24
Step: 8847360  SPS: 4785  ε=0.160  ret=0.132  score=-7.2  buf=100%  updates=69042
  vs FROZEN-PPO: 40W/70L/0D  win=36% | score=16.7 inv=2.4 played=13.7 ddraw=4.2
  vs Heur:   64W/43L/3D | score=21.0±28.0 inv=2.2 played=13.3 lanes=3.1 ddraw=4.6 pts=21
  vs Random: 106W/0L/0D | score=21.5±23.8 inv=2.1 played=14.0 lanes=3.3 ddraw=2.4 pts=22
  Self-play: 49W/56L/1D | score=23.2±23.2 inv=2.1 played=14.3 lanes=3.5 ddraw=2.6 pts=23
Step: 8929280  SPS: 4786  ε=0.152  ret=0.137  score=-5.3  buf=100%  updates=69682
  vs FROZEN-PPO: 29W/75L/1D  win=28% | score=11.7 inv=2.3 played=13.5 ddraw=4.4
  vs Heur:   53W/49L/6D | score=15.4±22.4 inv=2.4 played=13.1 lanes=3.1 ddraw=4.7 pts=15
  vs Random: 105W/0L/0D | score=19.2±24.9 inv=2.1 played=14.3 lanes=3.6 ddraw=2.7 pts=19
  Self-play: 40W/61L/3D | score=18.9±22.9 inv=2.4 played=13.8 lanes=3.4 ddraw=2.5 pts=19
Step: 9011200  SPS: 4787  ε=0.144  ret=0.115  score=-6.1  buf=100%  updates=70322
  vs FROZEN-PPO: 21W/77L/2D  win=21% | score=12.7 inv=2.4 played=13.3 ddraw=4.1
  vs Heur:   60W/46L/2D | score=19.1±28.1 inv=2.7 played=13.7 lanes=3.2 ddraw=4.6 pts=19
  vs Random: 102W/0L/0D | score=22.5±23.5 inv=2.3 played=14.2 lanes=3.3 ddraw=2.4 pts=22
  Self-play: 51W/48L/2D | score=23.9±27.3 inv=2.3 played=14.5 lanes=3.4 ddraw=2.5 pts=24
Step: 9093120  SPS: 4788  ε=0.136  ret=0.190  score=-3.0  buf=100%  updates=70962
  vs FROZEN-PPO: 23W/79L/0D  win=23% | score=12.6 inv=2.2 played=12.8 ddraw=4.3
  vs Heur:   55W/52L/2D | score=15.0±30.7 inv=2.6 played=12.9 lanes=3.1 ddraw=4.6 pts=15
  vs Random: 103W/2L/0D | score=21.1±25.8 inv=2.1 played=14.1 lanes=3.4 ddraw=2.6 pts=21
  Self-play: 55W/54L/1D | score=18.6±20.3 inv=1.9 played=13.5 lanes=3.4 ddraw=2.5 pts=19
Step: 9175040  SPS: 4789  ε=0.128  ret=0.126  score=-4.4  buf=100%  updates=71602
  vs FROZEN-PPO: 26W/74L/0D  win=26% | score=13.9 inv=3.0 played=14.0 ddraw=4.4
  vs Heur:   48W/52L/0D | score=14.8±28.4 inv=2.8 played=13.8 lanes=3.3 ddraw=4.6 pts=15
  vs Random: 107W/0L/0D | score=18.1±24.3 inv=2.4 played=14.5 lanes=3.5 ddraw=2.7 pts=18
  Self-play: 45W/58L/2D | score=16.5±24.7 inv=2.4 played=14.0 lanes=3.5 ddraw=2.5 pts=17
Step: 9256960  SPS: 4788  ε=0.121  ret=0.102  score=5.7  buf=100%  updates=72242
  vs FROZEN-PPO: 30W/78L/0D  win=28% | score=17.9 inv=2.6 played=13.4 ddraw=4.0
  vs Heur:   48W/53L/1D | score=14.1±28.1 inv=2.6 played=13.2 lanes=3.1 ddraw=4.6 pts=14
  vs Random: 109W/0L/0D | score=21.1±26.4 inv=2.3 played=13.8 lanes=3.2 ddraw=2.3 pts=21
  Self-play: 53W/52L/2D | score=23.4±27.0 inv=2.6 played=13.8 lanes=3.1 ddraw=2.6 pts=23
Step: 9338880  SPS: 4788  ε=0.113  ret=0.187  score=4.7  buf=100%  updates=72882
  vs FROZEN-PPO: 38W/65L/1D  win=37% | score=21.2 inv=2.2 played=12.7 ddraw=4.1
  vs Heur:   59W/44L/0D | score=19.3±25.4 inv=2.4 played=12.7 lanes=2.9 ddraw=4.6 pts=19
  vs Random: 103W/0L/0D | score=16.6±22.0 inv=2.1 played=12.9 lanes=3.1 ddraw=2.2 pts=17
  Self-play: 45W/58L/0D | score=24.1±27.1 inv=2.3 played=13.0 lanes=3.0 ddraw=2.5 pts=24
Step: 9420800  SPS: 4788  ε=0.105  ret=0.164  score=4.6  buf=100%  updates=73522
  vs FROZEN-PPO: 32W/72L/0D  win=31% | score=20.9 inv=2.5 played=13.2 ddraw=4.2
  vs Heur:   56W/49L/0D | score=19.2±26.8 inv=2.6 played=12.5 lanes=2.9 ddraw=4.7 pts=19
  vs Random: 105W/1L/0D | score=22.9±25.6 inv=2.3 played=13.1 lanes=3.0 ddraw=2.4 pts=23
  Self-play: 41W/62L/0D | score=16.1±23.7 inv=2.4 played=13.2 lanes=3.2 ddraw=2.5 pts=16
Step: 9502720  SPS: 4789  ε=0.097  ret=0.105  score=-1.9  buf=100%  updates=74162
  vs FROZEN-PPO: 32W/75L/2D  win=29% | score=15.2 inv=2.1 played=12.3 ddraw=4.1
  vs Heur:   56W/44L/0D | score=19.6±26.5 inv=2.4 played=12.4 lanes=2.8 ddraw=4.6 pts=20
  vs Random: 108W/0L/0D | score=23.0±24.0 inv=2.2 played=13.2 lanes=3.1 ddraw=2.1 pts=23
  Self-play: 52W/57L/1D | score=23.8±25.8 inv=2.5 played=13.9 lanes=3.2 ddraw=2.6 pts=24
Step: 9584640  SPS: 4790  ε=0.089  ret=0.146  score=6.7  buf=100%  updates=74802
  vs FROZEN-PPO: 32W/73L/0D  win=30% | score=17.0 inv=2.4 played=13.3 ddraw=4.2
  vs Heur:   53W/50L/3D | score=17.5±26.0 inv=2.4 played=12.6 lanes=3.0 ddraw=4.6 pts=18
  vs Random: 101W/0L/0D | score=22.1±24.9 inv=2.3 played=14.1 lanes=3.3 ddraw=2.3 pts=22
  Self-play: 50W/59L/1D | score=21.0±23.1 inv=2.2 played=13.7 lanes=3.2 ddraw=2.5 pts=21
Step: 9666560  SPS: 4790  ε=0.082  ret=0.154  score=3.4  buf=100%  updates=75442
  vs FROZEN-PPO: 29W/76L/3D  win=27% | score=16.3 inv=2.6 played=13.1 ddraw=4.1
  vs Heur:   62W/43L/1D | score=18.2±29.3 inv=2.6 played=12.6 lanes=2.9 ddraw=4.6 pts=18
  vs Random: 107W/0L/0D | score=19.7±23.5 inv=2.1 played=13.0 lanes=3.0 ddraw=2.6 pts=20
  Self-play: 50W/52L/2D | score=16.5±25.1 inv=2.4 played=12.9 lanes=3.1 ddraw=2.4 pts=17
Step: 9748480  SPS: 4792  ε=0.074  ret=0.180  score=13.8  buf=100%  updates=76082
  vs FROZEN-PPO: 24W/76L/1D  win=24% | score=17.6 inv=2.6 played=12.9 ddraw=4.2
  vs Heur:   60W/42L/3D | score=18.8±31.7 inv=2.8 played=12.6 lanes=2.8 ddraw=4.6 pts=19
  vs Random: 108W/0L/0D | score=16.5±26.1 inv=2.5 played=13.0 lanes=3.1 ddraw=2.3 pts=17
  Self-play: 56W/52L/1D | score=17.6±22.7 inv=2.5 played=13.4 lanes=3.1 ddraw=2.7 pts=18
Step: 9830400  SPS: 4792  ε=0.066  ret=0.179  score=9.4  buf=100%  updates=76722
  vs FROZEN-PPO: 36W/70L/2D  win=33% | score=18.2 inv=2.4 played=13.2 ddraw=4.2
  vs Heur:   54W/50L/2D | score=14.3±27.1 inv=2.7 played=12.9 lanes=2.9 ddraw=4.6 pts=14
  vs Random: 100W/0L/1D | score=16.7±23.8 inv=2.4 played=13.0 lanes=3.0 ddraw=2.4 pts=17
  Self-play: 64W/45L/0D | score=22.8±25.5 inv=2.5 played=13.9 lanes=3.2 ddraw=2.5 pts=23
Step: 9912320  SPS: 4793  ε=0.058  ret=0.169  score=5.5  buf=100%  updates=77362
  vs FROZEN-PPO: 29W/73L/0D  win=28% | score=14.7 inv=2.6 played=13.5 ddraw=4.2
  vs Heur:   42W/55L/3D | score=14.4±26.1 inv=2.7 played=13.6 lanes=3.1 ddraw=4.7 pts=14
  vs Random: 105W/1L/0D | score=17.8±24.9 inv=2.7 played=13.9 lanes=3.3 ddraw=2.4 pts=18
  Self-play: 53W/51L/2D | score=22.0±28.3 inv=2.5 played=13.9 lanes=3.2 ddraw=2.4 pts=22
Step: 9994240  SPS: 4793  ε=0.051  ret=0.196  score=6.4  buf=100%  updates=78002
  vs FROZEN-PPO: 25W/73L/2D  win=25% | score=12.0 inv=2.7 played=13.3 ddraw=4.3
  vs Heur:   49W/53L/1D | score=13.6±28.2 inv=3.1 played=13.3 lanes=3.0 ddraw=4.6 pts=14
  vs Random: 99W/1L/0D | score=12.2±21.7 inv=2.3 played=13.5 lanes=3.3 ddraw=2.4 pts=12
  Self-play: 52W/50L/2D | score=18.4±27.5 inv=2.5 played=13.6 lanes=3.2 ddraw=2.4 pts=18
Step: 10076160  SPS: 4794  ε=0.050  ret=0.093  score=9.9  buf=100%  updates=78642
  vs FROZEN-PPO: 28W/76L/1D  win=27% | score=12.9 inv=2.7 played=13.6 ddraw=4.3
  vs Heur:   60W/47L/0D | score=13.8±32.0 inv=2.9 played=13.3 lanes=3.1 ddraw=4.6 pts=14
  vs Random: 99W/1L/0D | score=22.8±23.5 inv=2.4 played=14.0 lanes=3.3 ddraw=2.6 pts=23
  Self-play: 59W/46L/1D | score=22.6±23.5 inv=2.6 played=14.5 lanes=3.4 ddraw=2.5 pts=23
Step: 10158080  SPS: 4795  ε=0.050  ret=0.087  score=16.0  buf=100%  updates=79282
  vs FROZEN-PPO: 29W/70L/1D  win=29% | score=14.7 inv=2.9 played=13.3 ddraw=4.1
  vs Heur:   51W/57L/1D | score=16.7±27.1 inv=2.9 played=12.9 lanes=2.9 ddraw=4.6 pts=17
  vs Random: 108W/0L/0D | score=26.4±23.0 inv=2.5 played=13.9 lanes=3.2 ddraw=2.5 pts=26
  Self-play: 55W/53L/0D | score=23.4±28.7 inv=2.6 played=14.1 lanes=3.3 ddraw=2.5 pts=23
Step: 10240000  SPS: 4796  ε=0.050  ret=0.125  score=6.8  buf=100%  updates=79922
  vs FROZEN-PPO: 24W/83L/0D  win=22% | score=17.3 inv=2.7 played=13.4 ddraw=3.8
  vs Heur:   56W/46L/2D | score=17.2±31.1 inv=3.1 played=13.7 lanes=3.1 ddraw=4.6 pts=17
  vs Random: 103W/0L/0D | score=28.6±26.0 inv=2.6 played=14.8 lanes=3.4 ddraw=2.4 pts=29
  Self-play: 53W/50L/3D | score=25.7±27.7 inv=2.8 played=14.9 lanes=3.4 ddraw=2.5 pts=26
Step: 10321920  SPS: 4796  ε=0.050  ret=0.074  score=5.5  buf=100%  updates=80562
  vs FROZEN-PPO: 26W/78L/0D  win=25% | score=14.5 inv=2.8 played=12.9 ddraw=4.1
  vs Heur:   51W/50L/0D | score=16.2±25.2 inv=2.9 played=13.1 lanes=2.9 ddraw=4.5 pts=16
  vs Random: 104W/1L/0D | score=20.7±26.6 inv=2.7 played=13.1 lanes=3.0 ddraw=2.4 pts=21
  Self-play: 47W/53L/2D | score=25.9±29.6 inv=2.6 played=13.4 lanes=3.0 ddraw=2.4 pts=26
Step: 10403840  SPS: 4797  ε=0.050  ret=0.148  score=10.2  buf=100%  updates=81202
  vs FROZEN-PPO: 28W/79L/0D  win=26% | score=17.4 inv=2.6 played=13.5 ddraw=4.1
  vs Heur:   42W/58L/2D | score=12.8±29.0 inv=3.2 played=13.7 lanes=3.1 ddraw=4.5 pts=13
  vs Random: 106W/1L/0D | score=19.5±31.1 inv=2.9 played=14.6 lanes=3.4 ddraw=2.4 pts=19
  Self-play: 53W/55L/0D | score=21.9±31.4 inv=2.5 played=14.0 lanes=3.2 ddraw=2.4 pts=22
Step: 10485760  SPS: 4797  ε=0.050  ret=0.143  score=11.6  buf=100%  updates=81842
  vs FROZEN-PPO: 30W/75L/1D  win=28% | score=17.3 inv=2.8 played=13.3 ddraw=4.2
  vs Heur:   52W/52L/2D | score=15.3±29.6 inv=3.2 played=12.8 lanes=2.9 ddraw=4.6 pts=15
  vs Random: 104W/2L/0D | score=20.8±27.7 inv=2.6 played=14.1 lanes=3.3 ddraw=2.5 pts=21
  Self-play: 50W/55L/2D | score=19.2±29.8 inv=2.7 played=13.7 lanes=3.2 ddraw=2.4 pts=19
Step: 10567680  SPS: 4798  ε=0.050  ret=0.133  score=10.2  buf=100%  updates=82482
  vs FROZEN-PPO: 43W/63L/2D  win=40% | score=19.2 inv=2.7 played=12.9 ddraw=4.1
  vs Heur:   50W/50L/3D | score=13.7±31.5 inv=3.2 played=12.7 lanes=2.9 ddraw=4.7 pts=14
  vs Random: 108W/0L/0D | score=19.5±28.6 inv=2.5 played=13.3 lanes=3.1 ddraw=2.6 pts=19
  Self-play: 44W/55L/2D | score=23.9±29.0 inv=2.5 played=13.1 lanes=3.0 ddraw=2.5 pts=24
Step: 10649600  SPS: 4798  ε=0.050  ret=0.142  score=9.2  buf=100%  updates=83122
  vs FROZEN-PPO: 31W/74L/1D  win=29% | score=14.7 inv=2.6 played=12.6 ddraw=4.2
  vs Heur:   54W/48L/2D | score=18.8±30.8 inv=3.0 played=12.9 lanes=2.8 ddraw=4.6 pts=19
  vs Random: 106W/1L/0D | score=26.4±29.6 inv=2.6 played=13.3 lanes=3.0 ddraw=2.4 pts=26
  Self-play: 44W/66L/0D | score=22.2±26.8 inv=2.6 played=13.8 lanes=3.1 ddraw=2.5 pts=22
Step: 10731520  SPS: 4799  ε=0.050  ret=0.102  score=11.4  buf=100%  updates=83762
  vs FROZEN-PPO: 26W/76L/2D  win=25% | score=15.7 inv=2.9 played=13.4 ddraw=4.1
  vs Heur:   69W/41L/0D | score=17.6±27.8 inv=3.0 played=13.0 lanes=2.8 ddraw=4.6 pts=18
  vs Random: 104W/1L/0D | score=18.2±26.8 inv=2.6 played=13.6 lanes=3.2 ddraw=2.4 pts=18
  Self-play: 46W/59L/1D | score=18.6±29.2 inv=2.5 played=13.3 lanes=3.1 ddraw=2.5 pts=19
Step: 10813440  SPS: 4798  ε=0.050  ret=0.128  score=19.7  buf=100%  updates=84402
  vs FROZEN-PPO: 34W/71L/2D  win=32% | score=14.8 inv=2.8 played=13.0 ddraw=4.1
  vs Heur:   65W/43L/1D | score=20.2±28.3 inv=3.1 played=13.6 lanes=3.0 ddraw=4.7 pts=20
  vs Random: 105W/0L/0D | score=24.0±23.6 inv=2.1 played=13.6 lanes=3.1 ddraw=2.2 pts=24
  Self-play: 50W/56L/1D | score=22.6±30.5 inv=2.7 played=13.5 lanes=3.0 ddraw=2.4 pts=23
Step: 10895360  SPS: 4797  ε=0.050  ret=0.171  score=10.5  buf=100%  updates=85042
  vs FROZEN-PPO: 32W/78L/1D  win=29% | score=16.8 inv=2.7 played=12.8 ddraw=4.0
  vs Heur:   49W/52L/1D | score=14.5±29.8 inv=2.9 played=13.0 lanes=2.9 ddraw=4.5 pts=14
  vs Random: 102W/0L/0D | score=18.2±24.9 inv=2.5 played=13.3 lanes=3.1 ddraw=2.4 pts=18
  Self-play: 50W/55L/0D | score=16.4±27.4 inv=2.6 played=13.4 lanes=3.2 ddraw=2.6 pts=16
Step: 10977280  SPS: 4796  ε=0.050  ret=0.110  score=9.8  buf=100%  updates=85682
  vs FROZEN-PPO: 27W/74L/0D  win=27% | score=18.1 inv=2.6 played=13.0 ddraw=4.2
  vs Heur:   60W/42L/2D | score=17.9±28.1 inv=3.1 played=13.3 lanes=3.0 ddraw=4.7 pts=18
  vs Random: 100W/1L/0D | score=21.9±25.6 inv=2.3 played=13.6 lanes=3.3 ddraw=2.4 pts=22
  Self-play: 44W/61L/2D | score=22.4±25.1 inv=2.4 played=13.8 lanes=3.2 ddraw=2.5 pts=22
Step: 11059200  SPS: 4796  ε=0.050  ret=0.137  score=11.3  buf=100%  updates=86322
  vs FROZEN-PPO: 28W/71L/2D  win=28% | score=18.3 inv=3.0 played=13.4 ddraw=4.1
  vs Heur:   53W/53L/2D | score=14.3±27.4 inv=3.3 played=13.1 lanes=2.9 ddraw=4.6 pts=14
  vs Random: 106W/1L/1D | score=19.7±27.6 inv=2.9 played=14.1 lanes=3.3 ddraw=2.7 pts=20
  Self-play: 50W/54L/2D | score=20.7±27.6 inv=3.0 played=13.8 lanes=3.2 ddraw=2.7 pts=21
Step: 11141120  SPS: 4796  ε=0.050  ret=0.137  score=7.9  buf=100%  updates=86962
  vs FROZEN-PPO: 30W/75L/0D  win=29% | score=19.0 inv=2.8 played=13.1 ddraw=4.3
  vs Heur:   53W/47L/0D | score=14.6±31.8 inv=3.2 played=12.7 lanes=2.8 ddraw=4.7 pts=15
  vs Random: 104W/1L/0D | score=22.5±26.6 inv=2.6 played=13.6 lanes=3.1 ddraw=2.5 pts=22
  Self-play: 50W/53L/1D | score=24.1±27.3 inv=2.8 played=13.1 lanes=3.0 ddraw=2.5 pts=24
Step: 11223040  SPS: 4795  ε=0.050  ret=0.130  score=10.5  buf=100%  updates=87602
  vs FROZEN-PPO: 25W/75L/1D  win=25% | score=16.0 inv=2.9 played=12.1 ddraw=3.9
  vs Heur:   58W/48L/0D | score=18.1±30.2 inv=3.0 played=12.6 lanes=2.8 ddraw=4.5 pts=18
  vs Random: 103W/0L/1D | score=22.2±25.2 inv=2.6 played=13.3 lanes=3.0 ddraw=2.0 pts=22
  Self-play: 48W/53L/1D | score=21.4±28.9 inv=2.8 played=13.4 lanes=3.0 ddraw=2.5 pts=21
Step: 11304960  SPS: 4794  ε=0.050  ret=0.161  score=12.0  buf=100%  updates=88242
  vs FROZEN-PPO: 44W/64L/1D  win=40% | score=24.3 inv=2.7 played=13.2 ddraw=4.1
  vs Heur:   62W/40L/3D | score=17.5±29.3 inv=3.0 played=13.4 lanes=3.0 ddraw=4.7 pts=17
  vs Random: 102W/2L/0D | score=23.9±27.1 inv=2.2 played=14.0 lanes=3.3 ddraw=2.4 pts=24
  Self-play: 54W/48L/1D | score=27.0±27.7 inv=2.5 played=14.2 lanes=3.2 ddraw=2.6 pts=27
Step: 11386880  SPS: 4794  ε=0.050  ret=0.114  score=10.6  buf=100%  updates=88882
  vs FROZEN-PPO: 36W/66L/1D  win=35% | score=18.2 inv=2.6 played=12.1 ddraw=4.0
  vs Heur:   51W/53L/2D | score=15.2±30.4 inv=2.6 played=11.6 lanes=2.5 ddraw=4.6 pts=15
  vs Random: 108W/0L/0D | score=21.4±27.0 inv=2.4 played=13.1 lanes=3.0 ddraw=2.1 pts=21
  Self-play: 49W/52L/0D | score=15.4±27.4 inv=2.4 played=12.1 lanes=2.9 ddraw=2.4 pts=15
Step: 11468800  SPS: 4795  ε=0.050  ret=0.185  score=12.6  buf=100%  updates=89522
  vs FROZEN-PPO: 36W/71L/2D  win=33% | score=20.9 inv=2.7 played=12.5 ddraw=4.0
  vs Heur:   60W/50L/1D | score=18.8±26.5 inv=2.6 played=11.9 lanes=2.6 ddraw=4.5 pts=19
  vs Random: 106W/0L/0D | score=26.0±26.3 inv=2.4 played=13.4 lanes=3.0 ddraw=2.3 pts=26
  Self-play: 45W/59L/0D | score=22.0±27.7 inv=2.5 played=13.4 lanes=3.0 ddraw=2.4 pts=22
Step: 11550720  SPS: 4795  ε=0.050  ret=0.114  score=14.8  buf=100%  updates=90162
  vs FROZEN-PPO: 23W/84L/0D  win=21% | score=15.4 inv=2.5 played=12.1 ddraw=3.9
  vs Heur:   61W/46L/0D | score=20.9±29.4 inv=2.6 played=11.4 lanes=2.5 ddraw=4.7 pts=21
  vs Random: 107W/0L/0D | score=25.9±25.8 inv=2.1 played=12.7 lanes=2.9 ddraw=2.4 pts=26
  Self-play: 52W/53L/1D | score=24.9±25.7 inv=2.3 played=13.0 lanes=3.0 ddraw=2.4 pts=25
Step: 11632640  SPS: 4794  ε=0.050  ret=0.124  score=17.3  buf=100%  updates=90802
  vs FROZEN-PPO: 35W/68L/0D  win=34% | score=22.5 inv=2.3 played=12.3 ddraw=3.8
  vs Heur:   59W/47L/0D | score=22.2±26.6 inv=2.7 played=12.1 lanes=2.6 ddraw=4.4 pts=22
  vs Random: 106W/0L/0D | score=28.1±24.5 inv=2.2 played=12.3 lanes=2.7 ddraw=2.0 pts=28
  Self-play: 42W/56L/2D | score=28.2±28.6 inv=2.3 played=12.4 lanes=2.7 ddraw=2.6 pts=28
Step: 11714560  SPS: 4794  ε=0.050  ret=0.203  score=11.7  buf=100%  updates=91442
  vs FROZEN-PPO: 28W/72L/0D  win=28% | score=18.6 inv=2.7 played=12.5 ddraw=3.8
  vs Heur:   62W/41L/3D | score=22.6±25.7 inv=2.6 played=12.0 lanes=2.6 ddraw=4.7 pts=23
  vs Random: 100W/1L/0D | score=30.6±24.6 inv=2.1 played=13.1 lanes=2.9 ddraw=2.4 pts=31
  Self-play: 47W/58L/3D | score=25.9±21.3 inv=2.1 played=13.1 lanes=2.9 ddraw=2.3 pts=26
Step: 11796480  SPS: 4794  ε=0.050  ret=0.127  score=16.3  buf=100%  updates=92082
  vs FROZEN-PPO: 31W/73L/0D  win=30% | score=18.7 inv=2.4 played=12.0 ddraw=3.9
  vs Heur:   54W/49L/1D | score=18.5±27.2 inv=2.6 played=11.8 lanes=2.5 ddraw=4.6 pts=18
  vs Random: 100W/0L/0D | score=25.0±24.8 inv=2.2 played=12.9 lanes=2.9 ddraw=2.2 pts=25
  Self-play: 53W/47L/1D | score=31.8±27.6 inv=2.6 played=12.9 lanes=2.8 ddraw=2.4 pts=32
Step: 11878400  SPS: 4794  ε=0.050  ret=0.158  score=15.1  buf=100%  updates=92722
  vs FROZEN-PPO: 36W/66L/0D  win=35% | score=17.5 inv=2.8 played=12.5 ddraw=3.8
  vs Heur:   61W/39L/1D | score=21.0±26.7 inv=2.9 played=12.4 lanes=2.7 ddraw=4.5 pts=21
  vs Random: 106W/0L/0D | score=25.9±28.1 inv=2.4 played=13.3 lanes=3.0 ddraw=1.9 pts=26
  Self-play: 53W/50L/1D | score=29.1±29.5 inv=2.5 played=13.6 lanes=3.0 ddraw=2.5 pts=29
Step: 11960320  SPS: 4795  ε=0.050  ret=0.145  score=11.9  buf=100%  updates=93362
  vs FROZEN-PPO: 32W/66L/2D  win=32% | score=19.4 inv=2.8 played=13.2 ddraw=4.0
  vs Heur:   58W/47L/1D | score=19.4±29.6 inv=2.8 played=13.0 lanes=2.9 ddraw=4.5 pts=19
  vs Random: 107W/0L/0D | score=26.5±24.5 inv=2.4 played=13.3 lanes=3.0 ddraw=2.3 pts=26
  Self-play: 62W/46L/0D | score=31.0±26.8 inv=2.4 played=13.3 lanes=2.9 ddraw=2.5 pts=31
Step: 12042240  SPS: 4795  ε=0.050  ret=0.209  score=6.0  buf=100%  updates=94002
  vs FROZEN-PPO: 34W/76L/1D  win=31% | score=20.6 inv=2.8 played=13.8 ddraw=4.0
  vs Heur:   52W/54L/2D | score=17.8±25.6 inv=3.0 played=13.4 lanes=2.9 ddraw=4.5 pts=18
  vs Random: 100W/0L/0D | score=21.3±24.4 inv=2.5 played=14.1 lanes=3.2 ddraw=2.1 pts=21
  Self-play: 50W/54L/2D | score=28.3±26.5 inv=2.6 played=14.0 lanes=3.0 ddraw=2.5 pts=28
Step: 12124160  SPS: 4796  ε=0.050  ret=0.151  score=10.7  buf=100%  updates=94642
  vs FROZEN-PPO: 39W/67L/0D  win=37% | score=15.7 inv=2.5 played=12.4 ddraw=4.1
  vs Heur:   53W/48L/4D | score=19.6±26.9 inv=2.7 played=12.1 lanes=2.7 ddraw=4.6 pts=20
  vs Random: 107W/0L/0D | score=24.9±26.6 inv=2.1 played=12.9 lanes=3.0 ddraw=2.2 pts=25
  Self-play: 42W/63L/2D | score=22.0±23.3 inv=2.1 played=13.0 lanes=3.1 ddraw=2.5 pts=22
Step: 12206080  SPS: 4796  ε=0.050  ret=0.062  score=15.1  buf=100%  updates=95282
  vs FROZEN-PPO: 38W/66L/0D  win=37% | score=22.0 inv=2.6 played=13.1 ddraw=4.1
  vs Heur:   58W/45L/1D | score=20.5±28.6 inv=2.6 played=12.6 lanes=2.8 ddraw=4.6 pts=20
  vs Random: 108W/0L/0D | score=26.2±24.9 inv=2.0 played=12.9 lanes=2.9 ddraw=2.4 pts=26
  Self-play: 50W/54L/2D | score=32.4±29.3 inv=2.5 played=13.5 lanes=2.9 ddraw=2.5 pts=32
Step: 12288000  SPS: 4795  ε=0.050  ret=0.219  score=17.9  buf=100%  updates=95922
  vs FROZEN-PPO: 32W/75L/3D  win=29% | score=21.4 inv=2.7 played=12.9 ddraw=4.1
  vs Heur:   75W/32L/2D | score=29.1±28.2 inv=3.1 played=13.4 lanes=2.7 ddraw=4.4 pts=29
  vs Random: 109W/0L/0D | score=26.8±24.6 inv=2.4 played=13.2 lanes=2.9 ddraw=2.1 pts=27
  Self-play: 53W/54L/0D | score=33.6±28.7 inv=2.5 played=13.0 lanes=2.7 ddraw=2.7 pts=34
Step: 12369920  SPS: 4795  ε=0.050  ret=0.121  score=16.8  buf=100%  updates=96562
  vs FROZEN-PPO: 34W/64L/2D  win=34% | score=25.2 inv=2.2 played=11.3 ddraw=3.8
  vs Heur:   65W/41L/2D | score=21.1±26.2 inv=2.6 played=11.4 lanes=2.5 ddraw=4.6 pts=21
  vs Random: 108W/0L/0D | score=24.6±23.5 inv=2.0 played=12.1 lanes=2.8 ddraw=2.1 pts=25
  Self-play: 50W/60L/1D | score=26.6±26.4 inv=2.3 played=12.3 lanes=2.7 ddraw=2.4 pts=27
Step: 12451840  SPS: 4795  ε=0.050  ret=0.141  score=18.1  buf=100%  updates=97202
  vs FROZEN-PPO: 35W/66L/2D  win=34% | score=21.3 inv=2.6 played=12.4 ddraw=4.0
  vs Heur:   56W/47L/2D | score=16.0±24.8 inv=2.7 played=11.5 lanes=2.5 ddraw=4.5 pts=16
  vs Random: 103W/0L/0D | score=26.5±26.2 inv=2.3 played=12.8 lanes=2.9 ddraw=2.3 pts=26
  Self-play: 41W/63L/0D | score=26.4±25.3 inv=2.6 played=12.5 lanes=2.8 ddraw=2.5 pts=26
Step: 12533760  SPS: 4795  ε=0.050  ret=0.120  score=11.0  buf=100%  updates=97842
  vs FROZEN-PPO: 32W/76L/1D  win=29% | score=17.4 inv=2.7 played=13.2 ddraw=4.2
  vs Heur:   64W/38L/2D | score=22.6±32.8 inv=3.0 played=12.7 lanes=2.7 ddraw=4.4 pts=23
  vs Random: 108W/0L/0D | score=27.7±25.5 inv=2.3 played=13.0 lanes=2.9 ddraw=2.5 pts=28
  Self-play: 51W/57L/2D | score=29.0±26.4 inv=2.5 played=13.2 lanes=2.9 ddraw=2.6 pts=29
Step: 12615680  SPS: 4794  ε=0.050  ret=0.146  score=12.9  buf=100%  updates=98482
  vs FROZEN-PPO: 32W/71L/1D  win=31% | score=19.6 inv=2.7 played=12.5 ddraw=4.0
  vs Heur:   58W/46L/4D | score=17.3±25.5 inv=2.8 played=12.0 lanes=2.7 ddraw=4.6 pts=17
  vs Random: 103W/2L/0D | score=21.2±26.1 inv=2.2 played=12.8 lanes=3.0 ddraw=2.4 pts=21
  Self-play: 41W/62L/1D | score=23.9±24.5 inv=2.4 played=12.4 lanes=2.8 ddraw=2.5 pts=24
Step: 12697600  SPS: 4794  ε=0.050  ret=0.152  score=11.2  buf=100%  updates=99122
  vs FROZEN-PPO: 32W/75L/0D  win=30% | score=18.2 inv=2.8 played=12.8 ddraw=3.9
  vs Heur:   60W/48L/1D | score=19.1±30.1 inv=3.0 played=12.4 lanes=2.7 ddraw=4.5 pts=19
  vs Random: 108W/0L/0D | score=29.3±27.6 inv=2.5 played=13.1 lanes=2.9 ddraw=2.3 pts=29
  Self-play: 50W/57L/1D | score=28.8±30.4 inv=2.8 played=13.2 lanes=2.9 ddraw=2.6 pts=29
Step: 12779520  SPS: 4794  ε=0.050  ret=0.108  score=11.3  buf=100%  updates=99762
  vs FROZEN-PPO: 32W/67L/1D  win=32% | score=18.4 inv=2.9 played=12.4 ddraw=4.0
  vs Heur:   60W/43L/0D | score=22.8±31.6 inv=3.1 played=12.2 lanes=2.5 ddraw=4.6 pts=23
  vs Random: 104W/2L/0D | score=25.8±32.1 inv=2.3 played=12.9 lanes=2.8 ddraw=2.3 pts=26
  Self-play: 42W/57L/2D | score=27.3±27.0 inv=2.7 played=12.9 lanes=2.8 ddraw=2.5 pts=27
Step: 12861440  SPS: 4795  ε=0.050  ret=0.150  score=14.3  buf=100%  updates=100402
  vs FROZEN-PPO: 28W/78L/1D  win=26% | score=20.4 inv=3.0 played=12.8 ddraw=3.9
  vs Heur:   53W/47L/0D | score=19.5±32.0 inv=3.3 played=12.9 lanes=2.7 ddraw=4.5 pts=20
  vs Random: 103W/1L/0D | score=18.2±24.9 inv=2.7 played=12.9 lanes=2.9 ddraw=2.3 pts=18
  Self-play: 46W/58L/1D | score=25.6±29.9 inv=2.6 played=13.0 lanes=2.8 ddraw=2.4 pts=26
Step: 12943360  SPS: 4796  ε=0.050  ret=0.197  score=14.2  buf=100%  updates=101042
  vs FROZEN-PPO: 34W/73L/0D  win=32% | score=13.6 inv=3.0 played=13.8 ddraw=4.0
  vs Heur:   56W/49L/2D | score=17.3±31.3 inv=3.2 played=13.1 lanes=2.9 ddraw=4.5 pts=17
  vs Random: 105W/0L/0D | score=26.7±29.1 inv=2.7 played=14.0 lanes=3.1 ddraw=2.7 pts=27
  Self-play: 46W/56L/3D | score=26.5±26.9 inv=2.8 played=14.3 lanes=3.2 ddraw=2.5 pts=26
Step: 13025280  SPS: 4795  ε=0.050  ret=0.156  score=12.0  buf=100%  updates=101682
  vs FROZEN-PPO: 24W/79L/2D  win=23% | score=16.6 inv=3.3 played=14.3 ddraw=4.1
  vs Heur:   57W/47L/1D | score=22.1±35.1 inv=3.2 played=13.4 lanes=2.9 ddraw=4.6 pts=22
  vs Random: 111W/0L/0D | score=27.5±24.3 inv=2.7 played=13.7 lanes=3.0 ddraw=2.3 pts=27
  Self-play: 48W/57L/1D | score=24.7±30.0 inv=2.9 played=14.0 lanes=3.1 ddraw=2.5 pts=25
Step: 13107200  SPS: 4796  ε=0.050  ret=0.279  score=14.8  buf=100%  updates=102322
  vs FROZEN-PPO: 29W/71L/0D  win=29% | score=21.5 inv=3.1 played=15.0 ddraw=3.9
  vs Heur:   63W/48L/1D | score=21.5±33.4 inv=3.8 played=15.0 lanes=3.2 ddraw=4.5 pts=22
  vs Random: 104W/0L/0D | score=28.1±29.9 inv=3.1 played=15.5 lanes=3.5 ddraw=2.3 pts=28
  Self-play: 42W/63L/0D | score=26.4±26.4 inv=3.1 played=15.4 lanes=3.5 ddraw=2.4 pts=26
Step: 13189120  SPS: 4796  ε=0.050  ret=0.294  score=16.1  buf=100%  updates=102962
  vs FROZEN-PPO: 31W/72L/0D  win=30% | score=18.3 inv=3.2 played=14.1 ddraw=3.9
  vs Heur:   62W/44L/0D | score=21.3±32.7 inv=3.4 played=14.0 lanes=3.0 ddraw=4.5 pts=21
  vs Random: 115W/1L/0D | score=25.2±25.5 inv=2.8 played=14.3 lanes=3.2 ddraw=2.2 pts=25
  Self-play: 56W/43L/1D | score=33.7±32.5 inv=3.0 played=14.8 lanes=3.2 ddraw=2.5 pts=34
Step: 13271040  SPS: 4796  ε=0.050  ret=0.186  score=7.1  buf=100%  updates=103602
  vs FROZEN-PPO: 39W/64L/2D  win=37% | score=25.5 inv=3.4 played=14.2 ddraw=4.1
  vs Heur:   59W/47L/1D | score=17.0±30.7 inv=3.7 played=13.9 lanes=3.0 ddraw=4.5 pts=17
  vs Random: 108W/0L/0D | score=26.2±28.8 inv=3.0 played=14.0 lanes=3.1 ddraw=2.6 pts=26
  Self-play: 51W/52L/3D | score=26.4±27.7 inv=3.0 played=14.6 lanes=3.2 ddraw=2.5 pts=26
Step: 13352960  SPS: 4796  ε=0.050  ret=0.201  score=16.6  buf=100%  updates=104242
  vs FROZEN-PPO: 41W/62L/1D  win=39% | score=19.7 inv=3.2 played=14.0 ddraw=3.9
  vs Heur:   55W/55L/1D | score=17.2±27.8 inv=3.5 played=13.5 lanes=2.9 ddraw=4.5 pts=17
  vs Random: 104W/0L/0D | score=21.5±29.0 inv=2.9 played=13.7 lanes=3.1 ddraw=2.4 pts=22
  Self-play: 41W/57L/2D | score=26.6±27.4 inv=2.9 played=14.4 lanes=3.3 ddraw=2.4 pts=27
Step: 13434880  SPS: 4797  ε=0.050  ret=0.140  score=8.7  buf=100%  updates=104882
  vs FROZEN-PPO: 31W/78L/1D  win=28% | score=17.0 inv=3.2 played=14.0 ddraw=4.1
  vs Heur:   67W/40L/1D | score=24.3±29.8 inv=3.5 played=14.4 lanes=3.1 ddraw=4.6 pts=24
  vs Random: 103W/2L/0D | score=21.9±28.2 inv=3.0 played=14.0 lanes=3.1 ddraw=2.4 pts=22
  Self-play: 48W/61L/0D | score=23.6±26.7 inv=3.1 played=14.2 lanes=3.1 ddraw=2.5 pts=24
Step: 13516800  SPS: 4797  ε=0.050  ret=0.217  score=11.3  buf=100%  updates=105522
  vs FROZEN-PPO: 38W/65L/1D  win=37% | score=24.2 inv=3.4 played=14.8 ddraw=3.9
  vs Heur:   54W/50L/0D | score=15.9±31.0 inv=3.5 played=13.6 lanes=3.0 ddraw=4.4 pts=16
  vs Random: 108W/0L/0D | score=17.6±25.0 inv=3.2 played=14.1 lanes=3.2 ddraw=2.2 pts=18
  Self-play: 55W/48L/0D | score=31.3±30.2 inv=3.2 played=14.3 lanes=3.0 ddraw=2.5 pts=31
Step: 13598720  SPS: 4797  ε=0.050  ret=0.224  score=17.7  buf=100%  updates=106162
  vs FROZEN-PPO: 22W/80L/0D  win=22% | score=13.5 inv=3.2 played=12.8 ddraw=4.0
  vs Heur:   63W/42L/0D | score=23.3±32.5 inv=3.6 played=14.1 lanes=2.9 ddraw=4.5 pts=23
  vs Random: 108W/0L/0D | score=28.2±32.2 inv=3.0 played=13.4 lanes=2.9 ddraw=2.2 pts=28
  Self-play: 45W/59L/3D | score=24.3±26.3 inv=3.0 played=13.8 lanes=3.0 ddraw=2.7 pts=24
Step: 13680640  SPS: 4798  ε=0.050  ret=0.267  score=14.0  buf=100%  updates=106802
  vs FROZEN-PPO: 33W/74L/2D  win=30% | score=20.1 inv=3.3 played=13.9 ddraw=4.0
  vs Heur:   63W/40L/1D | score=18.3±26.1 inv=3.2 played=13.5 lanes=2.9 ddraw=4.6 pts=18
  vs Random: 103W/2L/0D | score=26.1±29.2 inv=2.8 played=14.2 lanes=3.1 ddraw=2.5 pts=26
  Self-play: 58W/47L/0D | score=28.8±31.0 inv=2.9 played=13.8 lanes=2.9 ddraw=2.5 pts=29
Step: 13762560  SPS: 4798  ε=0.050  ret=0.190  score=11.0  buf=100%  updates=107442
  vs FROZEN-PPO: 21W/80L/1D  win=21% | score=17.1 inv=3.1 played=13.0 ddraw=3.8
  vs Heur:   67W/34L/1D | score=25.5±30.5 inv=3.3 played=13.3 lanes=2.7 ddraw=4.5 pts=25
  vs Random: 102W/0L/0D | score=28.3±24.8 inv=2.9 played=13.4 lanes=2.8 ddraw=2.2 pts=28
  Self-play: 45W/64L/0D | score=25.1±26.8 inv=3.0 played=13.7 lanes=2.9 ddraw=2.5 pts=25
Step: 13844480  SPS: 4799  ε=0.050  ret=0.253  score=9.4  buf=100%  updates=108082
  vs FROZEN-PPO: 32W/73L/1D  win=30% | score=20.6 inv=3.1 played=13.8 ddraw=3.9
  vs Heur:   65W/38L/0D | score=20.1±27.9 inv=3.4 played=13.7 lanes=3.0 ddraw=4.6 pts=20
  vs Random: 101W/0L/0D | score=25.7±29.9 inv=3.0 played=14.1 lanes=3.1 ddraw=2.4 pts=26
  Self-play: 49W/52L/0D | score=31.4±33.5 inv=2.9 played=13.7 lanes=3.0 ddraw=2.5 pts=31
Step: 13926400  SPS: 4799  ε=0.050  ret=0.247  score=15.3  buf=100%  updates=108722
  vs FROZEN-PPO: 31W/74L/1D  win=29% | score=17.2 inv=3.4 played=14.1 ddraw=3.9
  vs Heur:   60W/42L/3D | score=21.7±34.7 inv=3.4 played=13.3 lanes=2.8 ddraw=4.6 pts=22
  vs Random: 106W/0L/0D | score=24.5±26.7 inv=2.8 played=13.6 lanes=3.0 ddraw=2.4 pts=24
  Self-play: 59W/46L/1D | score=29.9±26.8 inv=2.8 played=13.4 lanes=2.9 ddraw=2.5 pts=30
Step: 14008320  SPS: 4799  ε=0.050  ret=0.141  score=9.0  buf=100%  updates=109362
  vs FROZEN-PPO: 43W/66L/1D  win=39% | score=26.0 inv=3.1 played=13.4 ddraw=3.7
  vs Heur:   61W/42L/0D | score=24.8±28.0 inv=3.6 played=13.6 lanes=2.8 ddraw=4.5 pts=25
  vs Random: 101W/0L/0D | score=25.3±26.1 inv=3.0 played=13.9 lanes=3.0 ddraw=2.4 pts=25
  Self-play: 48W/58L/0D | score=33.7±30.9 inv=2.8 played=13.7 lanes=3.0 ddraw=2.6 pts=34
Step: 14090240  SPS: 4800  ε=0.050  ret=0.193  score=17.1  buf=100%  updates=110002
  vs FROZEN-PPO: 37W/72L/1D  win=34% | score=22.0 inv=3.3 played=13.0 ddraw=3.8
  vs Heur:   68W/40L/0D | score=25.0±31.3 inv=3.9 played=13.8 lanes=2.8 ddraw=4.5 pts=25
  vs Random: 101W/0L/0D | score=33.8±30.4 inv=2.9 played=13.5 lanes=2.8 ddraw=2.2 pts=34
  Self-play: 44W/65L/1D | score=27.6±25.9 inv=3.0 played=13.1 lanes=2.8 ddraw=2.4 pts=28
Step: 14172160  SPS: 4799  ε=0.050  ret=0.182  score=15.3  buf=100%  updates=110642
  vs FROZEN-PPO: 41W/66L/0D  win=38% | score=26.2 inv=2.9 played=13.1 ddraw=3.6
  vs Heur:   57W/45L/3D | score=23.0±30.5 inv=2.8 played=12.4 lanes=2.6 ddraw=4.5 pts=23
  vs Random: 111W/0L/0D | score=20.5±25.5 inv=2.7 played=13.1 lanes=2.9 ddraw=1.9 pts=20
  Self-play: 43W/61L/1D | score=25.1±26.6 inv=2.8 played=13.7 lanes=3.0 ddraw=2.6 pts=25
Step: 14254080  SPS: 4799  ε=0.050  ret=0.233  score=17.5  buf=100%  updates=111282
  vs FROZEN-PPO: 32W/78L/0D  win=29% | score=21.4 inv=3.2 played=13.4 ddraw=3.8
  vs Heur:   64W/42L/1D | score=28.3±33.4 inv=3.4 played=13.7 lanes=2.9 ddraw=4.3 pts=28
  vs Random: 106W/0L/0D | score=23.5±30.2 inv=2.8 played=13.3 lanes=3.0 ddraw=2.1 pts=24
  Self-play: 59W/47L/0D | score=29.4±28.4 inv=2.7 played=13.3 lanes=2.9 ddraw=2.6 pts=29
Step: 14336000  SPS: 4798  ε=0.050  ret=0.196  score=14.8  buf=100%  updates=111922
  vs FROZEN-PPO: 41W/64L/1D  win=39% | score=24.8 inv=3.1 played=13.1 ddraw=4.0
  vs Heur:   58W/46L/0D | score=19.7±27.4 inv=3.3 played=13.4 lanes=2.8 ddraw=4.4 pts=20
  vs Random: 100W/0L/0D | score=23.8±26.7 inv=2.7 played=13.0 lanes=2.8 ddraw=2.1 pts=24
  Self-play: 42W/59L/2D | score=26.1±28.7 inv=2.6 played=13.0 lanes=2.8 ddraw=2.4 pts=26
Step: 14417920  SPS: 4798  ε=0.050  ret=0.197  score=14.2  buf=100%  updates=112562
  vs FROZEN-PPO: 33W/72L/0D  win=31% | score=22.4 inv=3.2 played=13.9 ddraw=4.0
  vs Heur:   59W/47L/1D | score=17.0±29.2 inv=3.3 played=13.1 lanes=2.8 ddraw=4.5 pts=17
  vs Random: 105W/1L/0D | score=24.1±26.5 inv=2.5 played=12.9 lanes=2.9 ddraw=2.1 pts=24
  Self-play: 52W/51L/2D | score=27.1±25.6 inv=2.8 played=13.6 lanes=3.0 ddraw=2.5 pts=27
Step: 14499840  SPS: 4797  ε=0.050  ret=0.136  score=16.1  buf=100%  updates=113202
  vs FROZEN-PPO: 33W/69L/0D  win=32% | score=24.5 inv=3.5 played=14.5 ddraw=3.9
  vs Heur:   67W/39L/0D | score=20.0±32.6 inv=3.4 played=13.7 lanes=2.9 ddraw=4.5 pts=20
  vs Random: 104W/0L/1D | score=23.5±28.1 inv=3.0 played=13.7 lanes=3.0 ddraw=2.1 pts=24
  Self-play: 49W/53L/0D | score=29.6±26.5 inv=2.9 played=14.5 lanes=3.0 ddraw=2.5 pts=30
Step: 14581760  SPS: 4796  ε=0.050  ret=0.115  score=13.8  buf=100%  updates=113842
  vs FROZEN-PPO: 28W/72L/0D  win=28% | score=24.7 inv=2.9 played=12.6 ddraw=3.8
  vs Heur:   65W/37L/0D | score=24.3±30.5 inv=3.2 played=13.4 lanes=2.8 ddraw=4.6 pts=24
  vs Random: 110W/0L/0D | score=30.7±26.0 inv=2.1 played=12.6 lanes=2.7 ddraw=2.0 pts=31
  Self-play: 42W/58L/1D | score=35.5±28.7 inv=2.4 played=13.7 lanes=2.8 ddraw=2.4 pts=36
Step: 14663680  SPS: 4794  ε=0.050  ret=0.204  score=15.9  buf=100%  updates=114482
  vs FROZEN-PPO: 32W/76L/0D  win=30% | score=19.5 inv=3.1 played=13.0 ddraw=3.8
  vs Heur:   61W/42L/1D | score=23.7±31.3 inv=3.4 played=12.8 lanes=2.6 ddraw=4.4 pts=24
  vs Random: 102W/0L/0D | score=25.8±23.7 inv=2.7 played=13.1 lanes=2.8 ddraw=2.0 pts=26
  Self-play: 39W/63L/1D | score=23.8±33.2 inv=2.9 played=13.1 lanes=2.8 ddraw=2.5 pts=24
Step: 14745600  SPS: 4793  ε=0.050  ret=0.122  score=15.5  buf=100%  updates=115122
  vs FROZEN-PPO: 35W/70L/1D  win=33% | score=17.9 inv=3.1 played=12.9 ddraw=3.8
  vs Heur:   62W/44L/2D | score=23.6±29.4 inv=3.5 played=13.6 lanes=2.8 ddraw=4.4 pts=24
  vs Random: 104W/1L/0D | score=27.5±25.3 inv=2.8 played=13.3 lanes=2.9 ddraw=2.2 pts=28
  Self-play: 53W/45L/5D | score=32.5±32.0 inv=2.9 played=14.2 lanes=3.0 ddraw=2.6 pts=33
Step: 14827520  SPS: 4790  ε=0.050  ret=0.137  score=22.2  buf=100%  updates=115762
  vs FROZEN-PPO: 40W/59L/3D  win=39% | score=23.2 inv=3.2 played=13.4 ddraw=3.9
  vs Heur:   56W/47L/2D | score=20.8±32.3 inv=3.2 played=13.0 lanes=2.7 ddraw=4.3 pts=21
  vs Random: 102W/0L/0D | score=27.4±27.4 inv=2.9 played=13.4 lanes=2.9 ddraw=2.2 pts=27
  Self-play: 53W/52L/2D | score=32.0±28.4 inv=3.0 played=13.7 lanes=2.9 ddraw=2.5 pts=32
Step: 14909440  SPS: 4790  ε=0.050  ret=0.154  score=15.4  buf=100%  updates=116402
  vs FROZEN-PPO: 27W/73L/0D  win=27% | score=18.6 inv=3.2 played=13.2 ddraw=3.9
  vs Heur:   63W/39L/2D | score=23.6±29.8 inv=3.5 played=13.4 lanes=2.8 ddraw=4.3 pts=24
  vs Random: 108W/0L/0D | score=24.3±23.8 inv=2.9 played=13.2 lanes=2.9 ddraw=2.2 pts=24
  Self-play: 49W/56L/0D | score=30.6±31.7 inv=2.9 played=14.1 lanes=3.0 ddraw=2.4 pts=31
Step: 14991360  SPS: 4788  ε=0.050  ret=0.233  score=14.9  buf=100%  updates=117042
  vs FROZEN-PPO: 35W/76L/1D  win=31% | score=20.6 inv=3.1 played=13.6 ddraw=3.8
  vs Heur:   66W/36L/2D | score=24.3±28.7 inv=3.2 played=12.7 lanes=2.7 ddraw=4.5 pts=24
  vs Random: 106W/1L/1D | score=23.2±26.8 inv=2.9 played=13.4 lanes=3.0 ddraw=1.9 pts=23
  Self-play: 44W/61L/2D | score=31.0±28.6 inv=2.6 played=13.5 lanes=2.9 ddraw=2.5 pts=31
Step: 15073280  SPS: 4787  ε=0.050  ret=0.191  score=12.8  buf=100%  updates=117682
  vs FROZEN-PPO: 34W/70L/1D  win=32% | score=16.8 inv=2.8 played=12.5 ddraw=3.8
  vs Heur:   62W/39L/4D | score=19.0±33.3 inv=3.3 played=13.2 lanes=2.8 ddraw=4.6 pts=19
  vs Random: 108W/0L/0D | score=27.2±30.6 inv=2.6 played=12.9 lanes=2.8 ddraw=2.2 pts=27
  Self-play: 51W/45L/4D | score=33.8±30.5 inv=2.7 played=13.7 lanes=2.8 ddraw=2.3 pts=34
Step: 15155200  SPS: 4785  ε=0.050  ret=0.175  score=15.9  buf=100%  updates=118322
  vs FROZEN-PPO: 38W/65L/0D  win=37% | score=26.9 inv=3.0 played=13.3 ddraw=3.7
  vs Heur:   60W/48L/0D | score=20.5±29.7 inv=3.2 played=12.9 lanes=2.7 ddraw=4.4 pts=20
  vs Random: 108W/0L/0D | score=27.9±29.4 inv=2.4 played=12.9 lanes=2.8 ddraw=2.2 pts=28
  Self-play: 47W/59L/1D | score=26.2±27.1 inv=2.7 played=13.2 lanes=2.8 ddraw=2.4 pts=26
Step: 15237120  SPS: 4784  ε=0.050  ret=0.095  score=10.6  buf=100%  updates=118962
  vs FROZEN-PPO: 35W/71L/1D  win=33% | score=20.8 inv=3.0 played=13.2 ddraw=4.0
  vs Heur:   63W/41L/1D | score=21.7±31.7 inv=3.1 played=12.1 lanes=2.5 ddraw=4.5 pts=22
  vs Random: 105W/0L/0D | score=31.3±26.1 inv=2.7 played=13.4 lanes=2.9 ddraw=2.4 pts=31
  Self-play: 42W/62L/0D | score=24.2±28.3 inv=2.7 played=13.2 lanes=2.9 ddraw=2.4 pts=24
Step: 15319040  SPS: 4784  ε=0.050  ret=0.142  score=9.9  buf=100%  updates=119602
  vs FROZEN-PPO: 31W/72L/0D  win=30% | score=18.2 inv=3.0 played=12.3 ddraw=4.0
  vs Heur:   66W/40L/0D | score=24.6±27.7 inv=3.2 played=12.9 lanes=2.7 ddraw=4.5 pts=25
  vs Random: 108W/0L/0D | score=26.7±23.0 inv=2.6 played=12.8 lanes=2.8 ddraw=2.2 pts=27
  Self-play: 50W/54L/0D | score=30.4±27.2 inv=2.7 played=13.3 lanes=2.9 ddraw=2.4 pts=30
Step: 15400960  SPS: 4784  ε=0.050  ret=0.148  score=11.3  buf=100%  updates=120242
  vs FROZEN-PPO: 38W/71L/1D  win=35% | score=19.9 inv=3.1 played=13.3 ddraw=3.8
  vs Heur:   58W/47L/2D | score=19.3±29.8 inv=3.2 played=13.0 lanes=2.7 ddraw=4.4 pts=19
  vs Random: 106W/0L/0D | score=28.7±27.9 inv=2.6 played=12.7 lanes=2.7 ddraw=2.2 pts=29
  Self-play: 58W/48L/1D | score=30.8±25.4 inv=2.5 played=13.3 lanes=2.9 ddraw=2.5 pts=31
Step: 15482880  SPS: 4782  ε=0.050  ret=0.158  score=14.8  buf=100%  updates=120882
  vs FROZEN-PPO: 27W/79L/1D  win=25% | score=21.1 inv=3.1 played=13.6 ddraw=3.8
  vs Heur:   63W/44L/0D | score=19.8±29.4 inv=3.1 played=13.2 lanes=2.9 ddraw=4.4 pts=20
  vs Random: 111W/0L/0D | score=31.4±27.7 inv=2.5 played=13.0 lanes=2.7 ddraw=2.2 pts=31
  Self-play: 46W/52L/2D | score=31.7±28.5 inv=2.5 played=14.1 lanes=3.0 ddraw=2.5 pts=32
Step: 15564800  SPS: 4780  ε=0.050  ret=0.172  score=18.5  buf=100%  updates=121522
  vs FROZEN-PPO: 28W/80L/1D  win=26% | score=19.2 inv=3.0 played=13.3 ddraw=3.9
  vs Heur:   62W/39L/2D | score=21.5±28.0 inv=3.0 played=12.8 lanes=2.7 ddraw=4.5 pts=21
  vs Random: 110W/0L/1D | score=28.9±27.6 inv=2.7 played=14.0 lanes=3.0 ddraw=2.3 pts=29
  Self-play: 48W/55L/0D | score=27.6±23.4 inv=2.6 played=13.9 lanes=3.1 ddraw=2.5 pts=28
Step: 15646720  SPS: 4779  ε=0.050  ret=0.171  score=17.2  buf=100%  updates=122162
  vs FROZEN-PPO: 36W/65L/1D  win=35% | score=26.5 inv=2.8 played=13.2 ddraw=3.8
  vs Heur:   65W/40L/2D | score=24.2±30.3 inv=3.1 played=13.6 lanes=2.8 ddraw=4.4 pts=24
  vs Random: 105W/0L/0D | score=32.3±28.3 inv=2.6 played=13.4 lanes=2.9 ddraw=2.1 pts=32
  Self-play: 46W/57L/1D | score=28.9±26.9 inv=2.5 played=13.7 lanes=3.0 ddraw=2.5 pts=29
Step: 15728640  SPS: 4777  ε=0.050  ret=0.212  score=16.1  buf=100%  updates=122802
  vs FROZEN-PPO: 39W/67L/1D  win=36% | score=26.9 inv=2.7 played=12.9 ddraw=3.8
  vs Heur:   61W/43L/0D | score=21.7±29.0 inv=3.1 played=12.4 lanes=2.6 ddraw=4.5 pts=22
  vs Random: 107W/0L/0D | score=32.8±28.6 inv=2.7 played=13.0 lanes=2.8 ddraw=2.1 pts=33
  Self-play: 60W/41L/0D | score=34.5±28.5 inv=2.8 played=13.5 lanes=2.8 ddraw=2.6 pts=35
Step: 15810560  SPS: 4776  ε=0.050  ret=0.131  score=16.6  buf=100%  updates=123442
  vs FROZEN-PPO: 28W/76L/0D  win=27% | score=24.6 inv=2.9 played=13.0 ddraw=3.8
  vs Heur:   62W/41L/1D | score=22.7±31.6 inv=3.2 played=12.6 lanes=2.6 ddraw=4.4 pts=23
  vs Random: 105W/0L/0D | score=30.0±24.5 inv=2.3 played=12.6 lanes=2.6 ddraw=2.3 pts=30
  Self-play: 49W/58L/0D | score=32.5±32.1 inv=2.9 played=13.4 lanes=2.8 ddraw=2.5 pts=32
Step: 15892480  SPS: 4775  ε=0.050  ret=0.150  score=12.7  buf=100%  updates=124082
  vs FROZEN-PPO: 36W/70L/1D  win=34% | score=23.8 inv=2.6 played=12.0 ddraw=3.9
  vs Heur:   59W/46L/0D | score=24.9±32.2 inv=2.6 played=11.7 lanes=2.5 ddraw=4.4 pts=25
  vs Random: 107W/0L/0D | score=28.1±23.6 inv=2.3 played=12.2 lanes=2.6 ddraw=2.1 pts=28
  Self-play: 54W/49L/1D | score=38.1±29.6 inv=2.4 played=13.0 lanes=2.7 ddraw=2.3 pts=38
Step: 15974400  SPS: 4773  ε=0.050  ret=0.092  score=16.1  buf=100%  updates=124722
  vs FROZEN-PPO: 35W/64L/1D  win=35% | score=22.0 inv=2.6 played=11.8 ddraw=4.0
  vs Heur:   63W/42L/4D | score=22.5±28.2 inv=2.7 played=11.6 lanes=2.4 ddraw=4.5 pts=23
  vs Random: 105W/0L/0D | score=27.0±23.6 inv=2.1 played=11.6 lanes=2.5 ddraw=2.1 pts=27
  Self-play: 56W/51L/1D | score=34.9±24.6 inv=2.4 played=12.9 lanes=2.7 ddraw=2.6 pts=35
Step: 16056320  SPS: 4772  ε=0.050  ret=0.142  score=15.7  buf=100%  updates=125362
  vs FROZEN-PPO: 38W/74L/1D  win=34% | score=20.7 inv=2.7 played=12.4 ddraw=4.0
  vs Heur:   52W/52L/0D | score=15.9±30.1 inv=2.9 played=13.1 lanes=2.9 ddraw=4.6 pts=16
  vs Random: 106W/0L/0D | score=24.8±28.4 inv=2.4 played=12.4 lanes=2.8 ddraw=2.4 pts=25
  Self-play: 53W/54L/0D | score=31.9±29.2 inv=2.6 played=13.2 lanes=2.8 ddraw=2.7 pts=32
Step: 16138240  SPS: 4770  ε=0.050  ret=0.156  score=10.6  buf=100%  updates=126002
  vs FROZEN-PPO: 34W/72L/0D  win=32% | score=21.3 inv=2.3 played=10.7 ddraw=3.6
  vs Heur:   52W/56L/1D | score=20.3±26.9 inv=2.7 played=10.8 lanes=2.3 ddraw=4.3 pts=20
  vs Random: 103W/0L/0D | score=26.0±30.6 inv=2.4 played=11.8 lanes=2.6 ddraw=2.3 pts=26
  Self-play: 47W/62L/2D | score=26.9±24.0 inv=2.3 played=11.2 lanes=2.4 ddraw=2.5 pts=27
Step: 16220160  SPS: 4768  ε=0.050  ret=0.155  score=14.7  buf=100%  updates=126642
  vs FROZEN-PPO: 42W/66L/1D  win=39% | score=22.3 inv=2.9 played=12.9 ddraw=4.0
  vs Heur:   53W/45L/3D | score=19.5±28.4 inv=3.0 played=12.7 lanes=2.8 ddraw=4.4 pts=19
  vs Random: 105W/0L/0D | score=25.1±27.6 inv=2.6 played=12.6 lanes=2.8 ddraw=2.4 pts=25
  Self-play: 51W/53L/1D | score=32.3±28.7 inv=2.6 played=12.9 lanes=2.7 ddraw=2.4 pts=32
Step: 16302080  SPS: 4766  ε=0.050  ret=0.157  score=13.1  buf=100%  updates=127282
  vs FROZEN-PPO: 40W/65L/0D  win=38% | score=25.1 inv=2.5 played=12.6 ddraw=3.8
  vs Heur:   64W/43L/1D | score=24.2±31.8 inv=2.8 played=12.7 lanes=2.6 ddraw=4.5 pts=24
  vs Random: 103W/0L/0D | score=24.1±26.5 inv=2.3 played=12.6 lanes=2.7 ddraw=2.2 pts=24
  Self-play: 54W/50L/2D | score=31.0±26.5 inv=2.3 played=13.1 lanes=2.7 ddraw=2.5 pts=31
Step: 16384000  SPS: 4764  ε=0.050  ret=0.177  score=14.9  buf=100%  updates=127922
  vs FROZEN-PPO: 44W/60L/0D  win=42% | score=24.3 inv=2.8 played=13.0 ddraw=3.8
  vs Heur:   65W/34L/2D | score=20.8±32.0 inv=3.1 played=12.9 lanes=2.7 ddraw=4.5 pts=21
  vs Random: 106W/0L/0D | score=28.9±23.5 inv=2.4 played=12.8 lanes=2.8 ddraw=2.3 pts=29
  Self-play: 53W/53L/0D | score=31.4±27.2 inv=2.6 played=13.0 lanes=2.7 ddraw=2.6 pts=31
Step: 16465920  SPS: 4762  ε=0.050  ret=0.140  score=14.9  buf=100%  updates=128562
  vs FROZEN-PPO: 38W/69L/0D  win=36% | score=24.9 inv=2.7 played=12.7 ddraw=3.8
  vs Heur:   62W/45L/1D | score=20.9±29.2 inv=2.8 played=11.5 lanes=2.4 ddraw=4.4 pts=21
  vs Random: 109W/0L/0D | score=27.6±28.7 inv=2.6 played=12.2 lanes=2.6 ddraw=2.3 pts=28
  Self-play: 50W/51L/2D | score=31.2±27.3 inv=2.6 played=12.8 lanes=2.7 ddraw=2.5 pts=31
Step: 16547840  SPS: 4761  ε=0.050  ret=0.135  score=10.3  buf=100%  updates=129202
  vs FROZEN-PPO: 39W/67L/0D  win=37% | score=22.3 inv=2.5 played=12.4 ddraw=3.9
  vs Heur:   57W/48L/1D | score=20.6±30.8 inv=3.0 played=12.4 lanes=2.7 ddraw=4.5 pts=21
  vs Random: 103W/0L/0D | score=26.4±26.7 inv=2.5 played=12.6 lanes=2.8 ddraw=2.1 pts=26
  Self-play: 44W/58L/1D | score=29.7±27.1 inv=2.5 played=13.1 lanes=2.9 ddraw=2.5 pts=30
Step: 16629760  SPS: 4760  ε=0.050  ret=0.137  score=17.4  buf=100%  updates=129842
  vs FROZEN-PPO: 21W/78L/1D  win=21% | score=17.2 inv=3.0 played=12.0 ddraw=4.0
  vs Heur:   58W/45L/1D | score=18.7±31.5 inv=3.4 played=12.5 lanes=2.6 ddraw=4.4 pts=19
  vs Random: 104W/0L/0D | score=32.0±25.5 inv=2.3 played=12.1 lanes=2.6 ddraw=2.2 pts=32
  Self-play: 57W/46L/1D | score=33.9±30.4 inv=2.5 played=12.7 lanes=2.7 ddraw=2.5 pts=34
Step: 16711680  SPS: 4758  ε=0.050  ret=0.230  score=16.5  buf=100%  updates=130482
  vs FROZEN-PPO: 30W/75L/3D  win=28% | score=23.6 inv=2.8 played=12.7 ddraw=3.7
  vs Heur:   73W/32L/0D | score=30.0±27.9 inv=3.1 played=12.8 lanes=2.5 ddraw=4.4 pts=30
  vs Random: 106W/1L/0D | score=28.3±25.6 inv=2.5 played=12.4 lanes=2.6 ddraw=2.2 pts=28
  Self-play: 52W/49L/2D | score=33.3±31.3 inv=2.4 played=12.7 lanes=2.6 ddraw=2.6 pts=33
Step: 16793600  SPS: 4758  ε=0.050  ret=0.132  score=14.5  buf=100%  updates=131122
  vs FROZEN-PPO: 35W/67L/2D  win=34% | score=21.5 inv=2.7 played=12.6 ddraw=3.9
  vs Heur:   69W/35L/1D | score=23.2±23.4 inv=3.2 played=12.4 lanes=2.6 ddraw=4.5 pts=23
  vs Random: 106W/0L/0D | score=26.7±22.8 inv=2.6 played=12.6 lanes=2.7 ddraw=2.4 pts=27
  Self-play: 46W/62L/0D | score=28.8±25.9 inv=2.6 played=13.4 lanes=2.9 ddraw=2.6 pts=29
Step: 16875520  SPS: 4757  ε=0.050  ret=0.151  score=12.5  buf=100%  updates=131762
  vs FROZEN-PPO: 35W/68L/0D  win=34% | score=21.6 inv=2.9 played=13.5 ddraw=3.9
  vs Heur:   69W/32L/1D | score=25.2±27.2 inv=3.2 played=12.9 lanes=2.7 ddraw=4.6 pts=25
  vs Random: 102W/0L/0D | score=29.2±30.4 inv=2.7 played=13.0 lanes=2.8 ddraw=2.2 pts=29
  Self-play: 48W/58L/1D | score=29.3±31.8 inv=2.8 played=13.6 lanes=3.0 ddraw=2.5 pts=29
Step: 16957440  SPS: 4755  ε=0.050  ret=0.133  score=15.4  buf=100%  updates=132402
  vs FROZEN-PPO: 43W/63L/0D  win=41% | score=24.6 inv=3.2 played=13.8 ddraw=4.0
  vs Heur:   54W/43L/3D | score=20.1±26.5 inv=3.0 played=12.5 lanes=2.7 ddraw=4.4 pts=20
  vs Random: 103W/1L/0D | score=30.7±26.3 inv=2.5 played=12.9 lanes=2.8 ddraw=2.3 pts=31
  Self-play: 40W/68L/1D | score=27.3±24.1 inv=2.6 played=13.2 lanes=2.9 ddraw=2.3 pts=27
Step: 17039360  SPS: 4754  ε=0.050  ret=0.168  score=16.0  buf=100%  updates=133042
  vs FROZEN-PPO: 43W/66L/0D  win=39% | score=26.1 inv=3.2 played=14.0 ddraw=3.8
  vs Heur:   65W/38L/4D | score=27.0±29.1 inv=3.1 played=13.1 lanes=2.7 ddraw=4.3 pts=27
  vs Random: 106W/0L/0D | score=29.0±28.5 inv=2.8 played=13.7 lanes=3.0 ddraw=2.1 pts=29
  Self-play: 49W/52L/1D | score=28.5±24.9 inv=2.9 played=13.5 lanes=2.8 ddraw=2.5 pts=28
Step: 17121280  SPS: 4752  ε=0.050  ret=0.111  score=16.5  buf=100%  updates=133682
  vs FROZEN-PPO: 34W/72L/3D  win=31% | score=22.7 inv=3.1 played=12.8 ddraw=3.9
  vs Heur:   59W/42L/2D | score=25.1±28.0 inv=3.1 played=12.2 lanes=2.5 ddraw=4.4 pts=25
  vs Random: 112W/0L/0D | score=27.6±22.7 inv=2.5 played=12.6 lanes=2.7 ddraw=2.4 pts=28
  Self-play: 39W/64L/1D | score=25.9±27.8 inv=2.7 played=13.2 lanes=2.9 ddraw=2.5 pts=26
Step: 17203200  SPS: 4750  ε=0.050  ret=0.178  score=16.6  buf=100%  updates=134322
  vs FROZEN-PPO: 35W/70L/1D  win=33% | score=24.1 inv=3.0 played=13.5 ddraw=3.6
  vs Heur:   63W/41L/0D | score=24.3±33.6 inv=3.4 played=13.4 lanes=2.8 ddraw=4.4 pts=24
  vs Random: 106W/1L/1D | score=30.0±27.8 inv=2.7 played=13.7 lanes=3.0 ddraw=2.3 pts=30
  Self-play: 48W/57L/1D | score=28.9±28.4 inv=3.0 played=14.5 lanes=3.1 ddraw=2.6 pts=29
Step: 17285120  SPS: 4749  ε=0.050  ret=0.185  score=16.7  buf=100%  updates=134962
  vs FROZEN-PPO: 41W/66L/2D  win=38% | score=24.5 inv=2.7 played=12.5 ddraw=3.9
  vs Heur:   51W/47L/2D | score=17.4±30.6 inv=3.2 played=12.6 lanes=2.6 ddraw=4.5 pts=17
  vs Random: 104W/2L/0D | score=26.0±26.8 inv=2.5 played=12.7 lanes=2.7 ddraw=2.2 pts=26
  Self-play: 44W/59L/2D | score=29.8±26.2 inv=2.8 played=13.1 lanes=2.7 ddraw=2.4 pts=30
Step: 17367040  SPS: 4747  ε=0.050  ret=0.126  score=17.8  buf=100%  updates=135602
  vs FROZEN-PPO: 32W/71L/1D  win=31% | score=18.1 inv=2.9 played=13.6 ddraw=3.9
  vs Heur:   61W/43L/0D | score=21.1±28.8 inv=3.2 played=12.7 lanes=2.6 ddraw=4.7 pts=21
  vs Random: 100W/0L/0D | score=29.5±23.8 inv=2.7 played=13.0 lanes=2.7 ddraw=2.3 pts=29
  Self-play: 50W/60L/0D | score=31.2±30.2 inv=2.3 played=13.4 lanes=2.8 ddraw=2.5 pts=31
Step: 17448960  SPS: 4746  ε=0.050  ret=0.158  score=18.3  buf=100%  updates=136242
  vs FROZEN-PPO: 36W/72L/0D  win=33% | score=19.7 inv=2.8 played=12.4 ddraw=3.9
  vs Heur:   60W/49L/2D | score=26.1±31.3 inv=2.8 played=12.0 lanes=2.5 ddraw=4.3 pts=26
  vs Random: 111W/0L/0D | score=28.2±26.9 inv=2.6 played=12.5 lanes=2.6 ddraw=2.2 pts=28
  Self-play: 42W/56L/3D | score=31.9±29.9 inv=2.6 played=13.1 lanes=2.7 ddraw=2.5 pts=32
Step: 17530880  SPS: 4744  ε=0.050  ret=0.138  score=13.2  buf=100%  updates=136882
  vs FROZEN-PPO: 37W/62L/2D  win=37% | score=25.4 inv=2.8 played=13.0 ddraw=3.8
  vs Heur:   57W/45L/0D | score=18.9±28.2 inv=3.0 played=13.0 lanes=2.8 ddraw=4.4 pts=19
  vs Random: 106W/0L/0D | score=30.3±28.2 inv=2.5 played=13.6 lanes=3.0 ddraw=2.5 pts=30
  Self-play: 55W/52L/1D | score=34.0±30.0 inv=2.4 played=13.3 lanes=2.8 ddraw=2.6 pts=34
Step: 17612800  SPS: 4742  ε=0.050  ret=0.115  score=13.4  buf=100%  updates=137522
  vs FROZEN-PPO: 38W/68L/0D  win=36% | score=20.7 inv=3.1 played=12.9 ddraw=3.8
  vs Heur:   76W/28L/2D | score=27.5±25.3 inv=3.0 played=13.0 lanes=2.7 ddraw=4.4 pts=27
  vs Random: 106W/0L/0D | score=26.1±28.9 inv=2.4 played=12.2 lanes=2.7 ddraw=2.2 pts=26
  Self-play: 52W/53L/0D | score=33.5±31.6 inv=2.7 played=13.2 lanes=2.7 ddraw=2.5 pts=34
Step: 17694720  SPS: 4740  ε=0.050  ret=0.174  score=13.2  buf=100%  updates=138162
  vs FROZEN-PPO: 25W/73L/2D  win=25% | score=22.8 inv=3.1 played=13.4 ddraw=3.9
  vs Heur:   57W/47L/1D | score=24.7±34.7 inv=3.3 played=12.9 lanes=2.6 ddraw=4.3 pts=25
  vs Random: 107W/0L/0D | score=28.6±29.1 inv=2.7 played=13.0 lanes=2.7 ddraw=2.3 pts=29
  Self-play: 47W/51L/4D | score=32.5±29.3 inv=2.8 played=13.4 lanes=2.8 ddraw=2.6 pts=32
Step: 17776640  SPS: 4739  ε=0.050  ret=0.195  score=14.6  buf=100%  updates=138802
  vs FROZEN-PPO: 35W/65L/1D  win=35% | score=19.2 inv=3.2 played=13.9 ddraw=4.0
  vs Heur:   49W/53L/3D | score=18.7±33.7 inv=3.5 played=13.4 lanes=2.8 ddraw=4.5 pts=19
  vs Random: 99W/1L/0D | score=24.7±23.8 inv=2.6 played=13.4 lanes=3.0 ddraw=2.3 pts=25
  Self-play: 56W/45L/0D | score=36.5±27.4 inv=2.9 played=14.0 lanes=2.9 ddraw=2.5 pts=36
Step: 17858560  SPS: 4738  ε=0.050  ret=0.203  score=11.5  buf=100%  updates=139442
  vs FROZEN-PPO: 32W/71L/2D  win=30% | score=20.3 inv=2.9 played=13.3 ddraw=3.8
  vs Heur:   58W/41L/5D | score=24.8±31.7 inv=3.2 played=13.2 lanes=2.7 ddraw=4.4 pts=25
  vs Random: 101W/0L/0D | score=33.5±30.0 inv=2.6 played=13.4 lanes=2.8 ddraw=2.4 pts=33
  Self-play: 50W/52L/1D | score=31.0±26.4 inv=2.7 played=14.0 lanes=3.0 ddraw=2.6 pts=31
Step: 17940480  SPS: 4736  ε=0.050  ret=0.213  score=14.9  buf=100%  updates=140082
  vs FROZEN-PPO: 36W/71L/0D  win=34% | score=20.6 inv=2.9 played=13.0 ddraw=3.9
  vs Heur:   63W/35L/2D | score=21.5±28.8 inv=3.2 played=12.8 lanes=2.7 ddraw=4.5 pts=22
  vs Random: 102W/0L/0D | score=33.6±30.6 inv=2.9 played=14.0 lanes=2.9 ddraw=2.4 pts=34
  Self-play: 41W/60L/0D | score=24.6±31.6 inv=3.0 played=13.4 lanes=2.9 ddraw=2.6 pts=25
Step: 18022400  SPS: 4735  ε=0.050  ret=0.189  score=8.1  buf=100%  updates=140722
  vs FROZEN-PPO: 37W/67L/0D  win=36% | score=19.2 inv=2.8 played=12.4 ddraw=3.8
  vs Heur:   49W/55L/1D | score=18.6±30.9 inv=3.2 played=12.1 lanes=2.4 ddraw=4.4 pts=19
  vs Random: 104W/0L/0D | score=30.5±31.1 inv=2.5 played=13.2 lanes=2.8 ddraw=2.2 pts=31
  Self-play: 50W/56L/1D | score=30.6±31.2 inv=2.9 played=13.3 lanes=2.8 ddraw=2.6 pts=31
Step: 18104320  SPS: 4733  ε=0.050  ret=0.192  score=14.8  buf=100%  updates=141362
  vs FROZEN-PPO: 36W/63L/2D  win=36% | score=23.9 inv=3.0 played=12.9 ddraw=3.9
  vs Heur:   65W/39L/2D | score=23.9±28.1 inv=3.3 played=12.8 lanes=2.7 ddraw=4.6 pts=24
  vs Random: 107W/0L/0D | score=30.4±24.3 inv=2.7 played=13.2 lanes=2.8 ddraw=2.4 pts=30
  Self-play: 53W/51L/2D | score=32.5±28.5 inv=2.5 played=12.6 lanes=2.6 ddraw=2.5 pts=32
Step: 18186240  SPS: 4732  ε=0.050  ret=0.255  score=20.8  buf=100%  updates=142002
  vs FROZEN-PPO: 40W/63L/0D  win=39% | score=22.6 inv=2.9 played=12.8 ddraw=4.0
  vs Heur:   65W/41L/1D | score=22.3±26.3 inv=3.2 played=12.3 lanes=2.5 ddraw=4.5 pts=22
  vs Random: 103W/0L/0D | score=24.1±22.7 inv=2.6 played=12.5 lanes=2.7 ddraw=2.6 pts=24
  Self-play: 43W/62L/0D | score=24.1±26.2 inv=2.5 played=12.5 lanes=2.7 ddraw=2.3 pts=24
Step: 18268160  SPS: 4731  ε=0.050  ret=0.205  score=21.8  buf=100%  updates=142642
  vs FROZEN-PPO: 43W/64L/2D  win=39% | score=26.9 inv=3.0 played=13.0 ddraw=3.5
  vs Heur:   67W/35L/1D | score=25.8±32.0 inv=3.4 played=13.0 lanes=2.5 ddraw=4.3 pts=26
  vs Random: 104W/1L/0D | score=30.3±28.4 inv=2.8 played=12.9 lanes=2.7 ddraw=2.1 pts=30
  Self-play: 47W/54L/1D | score=33.7±26.6 inv=2.8 played=13.7 lanes=2.8 ddraw=2.5 pts=34
Step: 18350080  SPS: 4730  ε=0.050  ret=0.196  score=14.1  buf=100%  updates=143282
  vs FROZEN-PPO: 37W/76L/0D  win=33% | score=19.0 inv=2.9 played=12.4 ddraw=3.7
  vs Heur:   68W/39L/1D | score=26.6±32.3 inv=3.1 played=12.6 lanes=2.5 ddraw=4.5 pts=27
  vs Random: 110W/0L/0D | score=31.9±29.3 inv=2.5 played=12.9 lanes=2.7 ddraw=2.2 pts=32
  Self-play: 61W/51L/0D | score=38.5±33.0 inv=2.8 played=13.1 lanes=2.7 ddraw=2.4 pts=38
Step: 18432000  SPS: 4729  ε=0.050  ret=0.189  score=15.9  buf=100%  updates=143922
  vs FROZEN-PPO: 31W/71L/0D  win=30% | score=20.1 inv=3.2 played=14.0 ddraw=3.9
  vs Heur:   67W/42L/0D | score=26.3±32.2 inv=3.4 played=13.8 lanes=2.8 ddraw=4.4 pts=26
  vs Random: 103W/0L/0D | score=28.8±23.3 inv=2.5 played=12.9 lanes=2.7 ddraw=2.2 pts=29
  Self-play: 51W/48L/1D | score=37.2±33.1 inv=3.0 played=14.2 lanes=2.9 ddraw=2.6 pts=37
Step: 18513920  SPS: 4728  ε=0.050  ret=0.152  score=20.8  buf=100%  updates=144562
  vs FROZEN-PPO: 37W/70L/2D  win=34% | score=21.7 inv=2.9 played=12.7 ddraw=3.9
  vs Heur:   68W/38L/0D | score=28.0±32.5 inv=3.0 played=12.8 lanes=2.6 ddraw=4.6 pts=28
  vs Random: 102W/0L/0D | score=30.3±25.1 inv=2.5 played=13.4 lanes=2.9 ddraw=2.5 pts=30
  Self-play: 53W/53L/1D | score=33.6±28.7 inv=2.8 played=13.7 lanes=2.8 ddraw=2.5 pts=34
Step: 18595840  SPS: 4727  ε=0.050  ret=0.177  score=15.1  buf=100%  updates=145202
  vs FROZEN-PPO: 38W/68L/2D  win=35% | score=29.0 inv=2.8 played=12.7 ddraw=3.6
  vs Heur:   74W/34L/0D | score=26.9±32.5 inv=3.1 played=12.5 lanes=2.6 ddraw=4.5 pts=27
  vs Random: 105W/0L/0D | score=28.9±24.7 inv=2.2 played=12.8 lanes=2.8 ddraw=2.2 pts=29
  Self-play: 47W/59L/1D | score=30.8±27.8 inv=2.9 played=13.3 lanes=2.7 ddraw=2.7 pts=31
Step: 18677760  SPS: 4727  ε=0.050  ret=0.165  score=14.8  buf=100%  updates=145842
  vs FROZEN-PPO: 38W/61L/4D  win=37% | score=26.6 inv=3.0 played=12.5 ddraw=3.5
  vs Heur:   66W/37L/1D | score=31.6±31.5 inv=3.3 played=12.5 lanes=2.4 ddraw=4.4 pts=32
  vs Random: 102W/1L/1D | score=23.9±28.9 inv=2.7 played=12.7 lanes=2.7 ddraw=2.1 pts=24
  Self-play: 54W/49L/0D | score=38.0±31.2 inv=2.6 played=13.2 lanes=2.7 ddraw=2.6 pts=38
Step: 18759680  SPS: 4726  ε=0.050  ret=0.136  score=19.6  buf=100%  updates=146482
  vs FROZEN-PPO: 35W/67L/1D  win=34% | score=24.9 inv=2.7 played=12.5 ddraw=3.7
  vs Heur:   73W/34L/2D | score=31.5±27.2 inv=3.0 played=12.6 lanes=2.4 ddraw=4.4 pts=31
  vs Random: 108W/0L/0D | score=27.0±25.5 inv=2.5 played=12.9 lanes=2.8 ddraw=2.1 pts=27
  Self-play: 56W/44L/2D | score=36.9±32.2 inv=2.6 played=13.3 lanes=2.7 ddraw=2.6 pts=37
Step: 18841600  SPS: 4726  ε=0.050  ret=0.131  score=20.4  buf=100%  updates=147122
  vs FROZEN-PPO: 43W/63L/0D  win=41% | score=27.2 inv=2.9 played=12.7 ddraw=3.7
  vs Heur:   63W/36L/1D | score=26.8±32.4 inv=3.2 played=12.8 lanes=2.6 ddraw=4.5 pts=27
  vs Random: 100W/0L/0D | score=23.9±27.1 inv=2.6 played=12.4 lanes=2.6 ddraw=2.1 pts=24
  Self-play: 55W/53L/0D | score=36.5±32.9 inv=2.8 played=12.5 lanes=2.5 ddraw=2.5 pts=37
Step: 18923520  SPS: 4726  ε=0.050  ret=0.192  score=19.1  buf=100%  updates=147762
  vs FROZEN-PPO: 39W/66L/1D  win=37% | score=24.2 inv=3.0 played=13.0 ddraw=3.8
  vs Heur:   62W/40L/2D | score=27.7±27.3 inv=3.0 played=12.4 lanes=2.5 ddraw=4.4 pts=28
  vs Random: 110W/0L/0D | score=32.3±26.9 inv=2.6 played=12.4 lanes=2.5 ddraw=2.1 pts=32
  Self-play: 46W/61L/2D | score=30.7±26.7 inv=2.6 played=12.8 lanes=2.6 ddraw=2.6 pts=31
Step: 19005440  SPS: 4724  ε=0.050  ret=0.190  score=20.4  buf=100%  updates=148402
  vs FROZEN-PPO: 36W/68L/1D  win=34% | score=24.1 inv=2.9 played=13.0 ddraw=4.0
  vs Heur:   59W/40L/1D | score=22.1±28.3 inv=3.1 played=12.2 lanes=2.6 ddraw=4.5 pts=22
  vs Random: 102W/0L/0D | score=29.8±29.4 inv=2.6 played=12.5 lanes=2.7 ddraw=2.5 pts=30
  Self-play: 48W/59L/0D | score=29.0±29.2 inv=2.8 played=13.2 lanes=2.9 ddraw=2.6 pts=29
Step: 19087360  SPS: 4723  ε=0.050  ret=0.246  score=24.4  buf=100%  updates=149042
  vs FROZEN-PPO: 40W/65L/2D  win=37% | score=25.4 inv=3.1 played=13.0 ddraw=3.8
  vs Heur:   59W/42L/1D | score=25.5±32.7 inv=3.4 played=13.4 lanes=2.6 ddraw=4.4 pts=26
  vs Random: 102W/0L/0D | score=30.2±25.5 inv=2.7 played=13.4 lanes=2.8 ddraw=2.1 pts=30
  Self-play: 50W/54L/2D | score=34.0±26.9 inv=2.7 played=13.3 lanes=2.7 ddraw=2.5 pts=34
Step: 19169280  SPS: 4722  ε=0.050  ret=0.225  score=16.3  buf=100%  updates=149682
  vs FROZEN-PPO: 35W/71L/0D  win=33% | score=22.4 inv=3.1 played=13.6 ddraw=3.9
  vs Heur:   64W/41L/0D | score=24.4±27.2 inv=3.2 played=13.2 lanes=2.8 ddraw=4.6 pts=24
  vs Random: 109W/0L/0D | score=24.9±26.9 inv=2.8 played=14.3 lanes=3.2 ddraw=2.4 pts=25
  Self-play: 36W/64L/0D | score=30.1±28.8 inv=2.7 played=14.0 lanes=3.0 ddraw=2.5 pts=30
Step: 19251200  SPS: 4721  ε=0.050  ret=0.173  score=19.1  buf=100%  updates=150322
  vs FROZEN-PPO: 35W/74L/1D  win=32% | score=23.3 inv=3.4 played=14.4 ddraw=3.9
  vs Heur:   56W/43L/1D | score=19.7±31.0 inv=3.9 played=13.8 lanes=2.9 ddraw=4.5 pts=20
  vs Random: 101W/1L/0D | score=24.3±31.9 inv=3.1 played=14.0 lanes=3.0 ddraw=2.4 pts=24
  Self-play: 38W/65L/2D | score=26.7±26.8 inv=3.0 played=14.4 lanes=3.1 ddraw=2.6 pts=27
Step: 19333120  SPS: 4720  ε=0.050  ret=0.309  score=16.4  buf=100%  updates=150962
  vs FROZEN-PPO: 41W/66L/0D  win=38% | score=22.7 inv=3.2 played=13.9 ddraw=3.7
  vs Heur:   57W/46L/1D | score=25.8±31.8 inv=3.4 played=13.4 lanes=2.8 ddraw=4.3 pts=26
  vs Random: 106W/0L/0D | score=27.3±29.8 inv=2.8 played=13.0 lanes=2.8 ddraw=2.1 pts=27
  Self-play: 49W/54L/1D | score=30.8±32.2 inv=2.7 played=13.8 lanes=2.9 ddraw=2.4 pts=31
Step: 19415040  SPS: 4719  ε=0.050  ret=0.200  score=9.2  buf=100%  updates=151602
  vs FROZEN-PPO: 31W/74L/3D  win=29% | score=21.5 inv=3.4 played=14.0 ddraw=4.0
  vs Heur:   66W/41L/1D | score=28.2±33.1 inv=3.2 played=13.6 lanes=2.8 ddraw=4.4 pts=28
  vs Random: 106W/0L/0D | score=27.1±27.8 inv=2.9 played=13.8 lanes=3.0 ddraw=2.1 pts=27
  Self-play: 43W/58L/1D | score=33.7±32.0 inv=2.7 played=13.9 lanes=2.8 ddraw=2.5 pts=34
Step: 19496960  SPS: 4718  ε=0.050  ret=0.187  score=17.0  buf=100%  updates=152242
  vs FROZEN-PPO: 33W/68L/2D  win=32% | score=24.2 inv=3.4 played=13.4 ddraw=3.6
  vs Heur:   63W/47L/1D | score=24.5±34.5 inv=3.6 played=13.2 lanes=2.7 ddraw=4.3 pts=24
  vs Random: 106W/0L/0D | score=28.1±30.2 inv=2.8 played=13.2 lanes=2.8 ddraw=2.1 pts=28
  Self-play: 47W/57L/1D | score=32.6±31.3 inv=2.6 played=13.3 lanes=2.7 ddraw=2.5 pts=33
Step: 19578880  SPS: 4717  ε=0.050  ret=0.247  score=20.6  buf=100%  updates=152882
  vs FROZEN-PPO: 38W/68L/0D  win=36% | score=25.6 inv=2.9 played=13.3 ddraw=3.9
  vs Heur:   58W/47L/1D | score=21.8±29.2 inv=3.3 played=13.1 lanes=2.8 ddraw=4.5 pts=22
  vs Random: 111W/0L/0D | score=31.0±28.1 inv=2.6 played=13.3 lanes=2.8 ddraw=2.4 pts=31
  Self-play: 48W/54L/1D | score=32.8±29.8 inv=2.8 played=13.8 lanes=3.0 ddraw=2.5 pts=33
Step: 19660800  SPS: 4716  ε=0.050  ret=0.263  score=18.1  buf=100%  updates=153522
  vs FROZEN-PPO: 39W/62L/1D  win=38% | score=24.7 inv=3.3 played=14.3 ddraw=3.8
  vs Heur:   60W/47L/0D | score=22.0±33.8 inv=3.6 played=13.9 lanes=2.9 ddraw=4.4 pts=22
  vs Random: 113W/0L/0D | score=28.8±27.4 inv=3.0 played=14.5 lanes=3.2 ddraw=2.2 pts=29
  Self-play: 61W/39L/2D | score=36.6±29.0 inv=2.8 played=14.2 lanes=2.9 ddraw=2.6 pts=37
Step: 19742720  SPS: 4715  ε=0.050  ret=0.206  score=21.1  buf=100%  updates=154162
  vs FROZEN-PPO: 36W/67L/0D  win=35% | score=26.4 inv=3.0 played=13.8 ddraw=3.7
  vs Heur:   67W/42L/1D | score=24.8±34.1 inv=3.4 played=13.8 lanes=2.8 ddraw=4.4 pts=25
  vs Random: 106W/1L/0D | score=30.2±31.6 inv=2.6 played=13.4 lanes=2.9 ddraw=2.3 pts=30
  Self-play: 47W/54L/1D | score=32.1±26.8 inv=2.8 played=13.6 lanes=2.8 ddraw=2.5 pts=32
Step: 19824640  SPS: 4714  ε=0.050  ret=0.227  score=16.5  buf=100%  updates=154802
  vs FROZEN-PPO: 31W/73L/0D  win=30% | score=22.4 inv=3.2 played=14.0 ddraw=3.9
  vs Heur:   61W/42L/3D | score=26.1±32.3 inv=3.6 played=14.0 lanes=2.8 ddraw=4.6 pts=26
  vs Random: 107W/0L/0D | score=30.1±29.6 inv=2.9 played=13.3 lanes=2.8 ddraw=2.1 pts=30
  Self-play: 43W/60L/0D | score=29.4±29.6 inv=2.7 played=13.5 lanes=2.9 ddraw=2.7 pts=29
Step: 19906560  SPS: 4714  ε=0.050  ret=0.175  score=13.5  buf=100%  updates=155442
  vs FROZEN-PPO: 42W/62L/1D  win=40% | score=28.7 inv=3.0 played=13.4 ddraw=3.8
  vs Heur:   57W/48L/0D | score=19.2±26.4 inv=3.3 played=13.2 lanes=2.8 ddraw=4.4 pts=19
  vs Random: 98W/2L/0D | score=25.8±32.5 inv=2.9 played=12.9 lanes=2.8 ddraw=2.2 pts=26
  Self-play: 47W/58L/0D | score=27.1±28.6 inv=2.8 played=13.5 lanes=2.9 ddraw=2.5 pts=27
Step: 19988480  SPS: 4713  ε=0.050  ret=0.147  score=13.9  buf=100%  updates=156082
  vs FROZEN-PPO: 39W/67L/1D  win=36% | score=29.6 inv=2.9 played=12.6 ddraw=3.9
  vs Heur:   66W/38L/2D | score=25.1±27.8 inv=3.3 played=13.0 lanes=2.7 ddraw=4.3 pts=25
  vs Random: 101W/2L/0D | score=28.3±33.0 inv=2.8 played=12.4 lanes=2.6 ddraw=2.2 pts=28
  Self-play: 56W/51L/1D | score=34.1±29.1 inv=2.8 played=13.1 lanes=2.6 ddraw=2.5 pts=34
Step: 20070400  SPS: 4712  ε=0.050  ret=0.185  score=17.2  buf=100%  updates=156722
  vs FROZEN-PPO: 36W/64L/1D  win=36% | score=29.6 inv=3.2 played=14.1 ddraw=3.6
  vs Heur:   63W/43L/1D | score=21.1±33.7 inv=3.3 played=13.4 lanes=2.8 ddraw=4.4 pts=21
  vs Random: 109W/1L/0D | score=30.0±30.8 inv=2.9 played=13.6 lanes=2.9 ddraw=2.1 pts=30
  Self-play: 49W/51L/1D | score=33.1±29.6 inv=2.8 played=14.1 lanes=3.0 ddraw=2.5 pts=33
Step: 20152320  SPS: 4710  ε=0.050  ret=0.233  score=17.5  buf=100%  updates=157362
  vs FROZEN-PPO: 48W/61L/0D  win=44% | score=27.1 inv=3.0 played=13.6 ddraw=3.9
  vs Heur:   66W/35L/0D | score=27.2±34.0 inv=3.2 played=13.0 lanes=2.6 ddraw=4.4 pts=27
  vs Random: 111W/0L/0D | score=28.3±29.3 inv=2.8 played=13.2 lanes=2.9 ddraw=2.2 pts=28
  Self-play: 53W/54L/0D | score=33.3±29.3 inv=2.8 played=13.5 lanes=2.8 ddraw=2.6 pts=33
Step: 20234240  SPS: 4709  ε=0.050  ret=0.303  score=26.3  buf=100%  updates=158002
  vs FROZEN-PPO: 32W/71L/1D  win=31% | score=21.8 inv=3.0 played=12.7 ddraw=3.9
  vs Heur:   55W/46L/0D | score=26.3±28.6 inv=3.2 played=12.7 lanes=2.6 ddraw=4.3 pts=26
  vs Random: 106W/0L/0D | score=31.3±29.5 inv=2.8 played=12.8 lanes=2.6 ddraw=2.0 pts=31
  Self-play: 57W/46L/0D | score=38.7±25.9 inv=2.9 played=12.9 lanes=2.6 ddraw=2.4 pts=39
Step: 20316160  SPS: 4708  ε=0.050  ret=0.194  score=20.8  buf=100%  updates=158642
  vs FROZEN-PPO: 31W/68L/1D  win=31% | score=27.3 inv=3.2 played=13.2 ddraw=3.5
  vs Heur:   67W/33L/3D | score=30.3±32.0 inv=3.6 played=13.6 lanes=2.7 ddraw=4.2 pts=30
  vs Random: 101W/1L/0D | score=31.7±25.6 inv=2.9 played=12.6 lanes=2.6 ddraw=2.1 pts=32
  Self-play: 52W/52L/1D | score=33.9±31.2 inv=3.0 played=13.3 lanes=2.6 ddraw=2.7 pts=34
Step: 20398080  SPS: 4706  ε=0.050  ret=0.186  score=16.2  buf=100%  updates=159282
  vs FROZEN-PPO: 38W/62L/0D  win=38% | score=29.4 inv=3.0 played=13.8 ddraw=3.8
  vs Heur:   60W/41L/1D | score=23.2±28.5 inv=3.2 played=13.3 lanes=2.7 ddraw=4.5 pts=23
  vs Random: 99W/1L/0D | score=30.3±29.4 inv=2.8 played=12.8 lanes=2.7 ddraw=2.2 pts=30
  Self-play: 45W/60L/2D | score=34.4±25.8 inv=2.7 played=12.6 lanes=2.6 ddraw=2.5 pts=34
Step: 20480000  SPS: 4705  ε=0.050  ret=0.195  score=19.5  buf=100%  updates=159922
  vs FROZEN-PPO: 28W/79L/2D  win=26% | score=21.9 inv=2.9 played=12.9 ddraw=3.7
  vs Heur:   61W/41L/2D | score=27.3±33.1 inv=3.2 played=13.0 lanes=2.6 ddraw=4.5 pts=27
  vs Random: 106W/0L/0D | score=28.1±28.3 inv=2.6 played=13.2 lanes=2.8 ddraw=2.1 pts=28
  Self-play: 56W/50L/1D | score=38.9±24.5 inv=2.6 played=12.9 lanes=2.5 ddraw=2.5 pts=39
Step: 20561920  SPS: 4703  ε=0.050  ret=0.203  score=14.1  buf=100%  updates=160562
  vs FROZEN-PPO: 36W/68L/0D  win=35% | score=28.3 inv=2.7 played=12.6 ddraw=3.3
  vs Heur:   65W/36L/0D | score=28.4±31.4 inv=3.0 played=12.3 lanes=2.5 ddraw=4.3 pts=28
  vs Random: 109W/0L/0D | score=32.2±26.1 inv=2.1 played=12.5 lanes=2.6 ddraw=1.8 pts=32
  Self-play: 39W/62L/0D | score=34.4±32.9 inv=2.4 played=12.3 lanes=2.5 ddraw=2.6 pts=34
Step: 20643840  SPS: 4702  ε=0.050  ret=0.189  score=15.9  buf=100%  updates=161202
  vs FROZEN-PPO: 42W/58L/0D  win=42% | score=26.9 inv=3.1 played=13.3 ddraw=3.8
  vs Heur:   60W/48L/0D | score=24.3±31.9 inv=3.2 played=12.6 lanes=2.6 ddraw=4.5 pts=24
  vs Random: 104W/0L/0D | score=28.8±30.2 inv=2.5 played=13.1 lanes=2.8 ddraw=2.2 pts=29
  Self-play: 50W/56L/2D | score=33.4±30.6 inv=2.7 played=13.2 lanes=2.7 ddraw=2.6 pts=33
Step: 20725760  SPS: 4701  ε=0.050  ret=0.184  score=15.7  buf=100%  updates=161842
  vs FROZEN-PPO: 40W/58L/2D  win=40% | score=31.0 inv=2.8 played=12.9 ddraw=3.7
  vs Heur:   66W/42L/2D | score=25.7±32.6 inv=3.3 played=12.7 lanes=2.5 ddraw=4.4 pts=26
  vs Random: 100W/1L/0D | score=35.7±27.3 inv=2.4 played=13.2 lanes=2.7 ddraw=2.2 pts=36
  Self-play: 54W/54L/2D | score=35.1±28.1 inv=2.6 played=13.0 lanes=2.6 ddraw=2.6 pts=35
Step: 20807680  SPS: 4700  ε=0.050  ret=0.261  score=24.8  buf=100%  updates=162482
  vs FROZEN-PPO: 42W/61L/1D  win=40% | score=26.6 inv=2.7 played=12.9 ddraw=3.9
  vs Heur:   68W/36L/0D | score=23.9±30.4 inv=3.2 played=12.6 lanes=2.5 ddraw=4.6 pts=24
  vs Random: 108W/0L/0D | score=31.5±28.3 inv=2.5 played=12.6 lanes=2.6 ddraw=1.9 pts=32
  Self-play: 58W/49L/0D | score=42.7±32.3 inv=2.4 played=12.1 lanes=2.3 ddraw=2.5 pts=43
Step: 20889600  SPS: 4699  ε=0.050  ret=0.173  score=15.9  buf=100%  updates=163122
  vs FROZEN-PPO: 40W/67L/1D  win=37% | score=24.0 inv=2.9 played=12.5 ddraw=3.8
  vs Heur:   56W/42L/3D | score=24.3±30.9 inv=3.5 played=13.4 lanes=2.7 ddraw=4.5 pts=24
  vs Random: 109W/0L/0D | score=28.7±29.4 inv=2.5 played=13.1 lanes=2.9 ddraw=2.2 pts=29
  Self-play: 50W/59L/1D | score=33.7±29.2 inv=2.6 played=13.2 lanes=2.7 ddraw=2.5 pts=34
Step: 20971520  SPS: 4698  ε=0.050  ret=0.185  score=14.6  buf=100%  updates=163762
  vs FROZEN-PPO: 35W/69L/1D  win=33% | score=27.4 inv=2.8 played=12.6 ddraw=3.8
  vs Heur:   72W/35L/1D | score=27.5±27.5 inv=3.3 played=12.8 lanes=2.5 ddraw=4.6 pts=27
  vs Random: 107W/0L/0D | score=33.9±27.6 inv=2.4 played=12.6 lanes=2.6 ddraw=2.2 pts=34
  Self-play: 52W/53L/0D | score=40.1±29.8 inv=2.6 played=12.9 lanes=2.6 ddraw=2.5 pts=40
Step: 21053440  SPS: 4698  ε=0.050  ret=0.140  score=22.1  buf=100%  updates=164402
  vs FROZEN-PPO: 43W/54L/3D  win=43% | score=29.4 inv=3.2 played=13.5 ddraw=4.0
  vs Heur:   60W/41L/1D | score=23.3±29.4 inv=3.4 played=13.6 lanes=2.9 ddraw=4.5 pts=23
  vs Random: 106W/0L/0D | score=29.8±28.5 inv=2.5 played=12.7 lanes=2.7 ddraw=2.1 pts=30
  Self-play: 56W/49L/2D | score=36.3±28.4 inv=2.9 played=13.6 lanes=2.8 ddraw=2.5 pts=36
Step: 21135360  SPS: 4698  ε=0.050  ret=0.161  score=23.8  buf=100%  updates=165042
  vs FROZEN-PPO: 50W/58L/0D  win=46% | score=32.3 inv=2.8 played=12.2 ddraw=3.7
  vs Heur:   69W/35L/1D | score=31.7±32.0 inv=3.1 played=12.7 lanes=2.5 ddraw=4.5 pts=32
  vs Random: 111W/0L/0D | score=29.4±30.1 inv=2.5 played=12.1 lanes=2.5 ddraw=2.0 pts=29
  Self-play: 58W/49L/1D | score=39.9±28.9 inv=2.6 played=13.1 lanes=2.6 ddraw=2.6 pts=40
Step: 21217280  SPS: 4698  ε=0.050  ret=0.200  score=19.6  buf=100%  updates=165682
  vs FROZEN-PPO: 30W/73L/1D  win=29% | score=23.2 inv=2.7 played=13.1 ddraw=3.8
  vs Heur:   63W/35L/2D | score=22.3±26.6 inv=3.0 played=12.9 lanes=2.7 ddraw=4.5 pts=22
  vs Random: 105W/0L/0D | score=36.5±29.6 inv=2.5 played=13.1 lanes=2.8 ddraw=2.3 pts=36
  Self-play: 48W/55L/1D | score=32.4±26.3 inv=2.7 played=13.3 lanes=2.8 ddraw=2.4 pts=32
Step: 21299200  SPS: 4698  ε=0.050  ret=0.187  score=22.1  buf=100%  updates=166322
  vs FROZEN-PPO: 32W/72L/2D  win=30% | score=24.1 inv=2.7 played=12.3 ddraw=3.8
  vs Heur:   72W/32L/1D | score=29.6±28.3 inv=3.1 played=12.8 lanes=2.5 ddraw=4.4 pts=30
  vs Random: 109W/0L/0D | score=33.1±25.9 inv=2.4 played=12.8 lanes=2.7 ddraw=2.1 pts=33
  Self-play: 55W/50L/1D | score=36.0±27.0 inv=2.5 played=12.9 lanes=2.7 ddraw=2.3 pts=36
Step: 21381120  SPS: 4697  ε=0.050  ret=0.153  score=21.4  buf=100%  updates=166962
  vs FROZEN-PPO: 32W/67L/1D  win=32% | score=25.2 inv=2.7 played=12.7 ddraw=3.8
  vs Heur:   53W/46L/2D | score=21.5±33.4 inv=2.9 played=12.4 lanes=2.6 ddraw=4.5 pts=21
  vs Random: 106W/0L/0D | score=30.4±27.7 inv=2.3 played=12.8 lanes=2.7 ddraw=1.9 pts=30
  Self-play: 59W/49L/1D | score=43.9±32.8 inv=2.6 played=13.5 lanes=2.7 ddraw=2.5 pts=44
Step: 21463040  SPS: 4697  ε=0.050  ret=0.283  score=19.9  buf=100%  updates=167602
  vs FROZEN-PPO: 35W/65L/2D  win=34% | score=26.5 inv=3.0 played=12.9 ddraw=3.7
  vs Heur:   68W/38L/2D | score=26.6±30.0 inv=3.2 played=12.7 lanes=2.5 ddraw=4.5 pts=27
  vs Random: 103W/0L/0D | score=31.8±27.6 inv=2.6 played=12.4 lanes=2.6 ddraw=2.0 pts=32
  Self-play: 64W/40L/0D | score=41.5±32.0 inv=2.8 played=13.2 lanes=2.6 ddraw=2.6 pts=41
Step: 21544960  SPS: 4697  ε=0.050  ret=0.198  score=19.8  buf=100%  updates=168242
  vs FROZEN-PPO: 30W/77L/1D  win=28% | score=20.3 inv=2.9 played=12.8 ddraw=3.9
  vs Heur:   61W/44L/1D | score=24.5±28.3 inv=3.0 played=12.4 lanes=2.5 ddraw=4.3 pts=25
  vs Random: 109W/0L/0D | score=34.3±29.7 inv=2.7 played=13.3 lanes=2.7 ddraw=2.2 pts=34
  Self-play: 62W/40L/1D | score=39.4±31.4 inv=2.6 played=13.3 lanes=2.7 ddraw=2.4 pts=39
Step: 21626880  SPS: 4697  ε=0.050  ret=0.148  score=16.8  buf=100%  updates=168882
  vs FROZEN-PPO: 41W/62L/2D  win=39% | score=26.4 inv=2.9 played=13.1 ddraw=3.9
  vs Heur:   70W/34L/0D | score=28.1±31.8 inv=3.5 played=13.9 lanes=2.8 ddraw=4.5 pts=28
  vs Random: 105W/0L/0D | score=32.1±26.8 inv=2.6 played=13.2 lanes=2.8 ddraw=2.2 pts=32
  Self-play: 48W/55L/3D | score=37.9±32.1 inv=2.9 played=13.8 lanes=2.8 ddraw=2.4 pts=38
Step: 21708800  SPS: 4697  ε=0.050  ret=0.180  score=19.2  buf=100%  updates=169522
  vs FROZEN-PPO: 39W/61L/1D  win=39% | score=30.2 inv=2.9 played=13.0 ddraw=3.9
  vs Heur:   71W/35L/0D | score=30.2±31.0 inv=3.4 played=13.2 lanes=2.7 ddraw=4.4 pts=30
  vs Random: 99W/1L/0D | score=28.4±27.8 inv=2.6 played=13.4 lanes=2.9 ddraw=2.2 pts=28
  Self-play: 44W/63L/1D | score=30.4±29.4 inv=2.4 played=13.2 lanes=2.9 ddraw=2.5 pts=30
Step: 21790720  SPS: 4697  ε=0.050  ret=0.359  score=19.2  buf=100%  updates=170162
  vs FROZEN-PPO: 34W/71L/0D  win=32% | score=24.4 inv=3.2 played=13.4 ddraw=3.7
  vs Heur:   52W/48L/3D | score=23.8±31.1 inv=3.4 played=12.8 lanes=2.6 ddraw=4.3 pts=24
  vs Random: 105W/0L/0D | score=24.6±25.6 inv=2.7 played=13.3 lanes=2.8 ddraw=2.3 pts=25
  Self-play: 51W/55L/0D | score=36.1±31.0 inv=2.7 played=13.5 lanes=2.7 ddraw=2.5 pts=36
Step: 21872640  SPS: 4697  ε=0.050  ret=0.150  score=17.7  buf=100%  updates=170802
  vs FROZEN-PPO: 30W/76L/0D  win=28% | score=20.9 inv=2.9 played=12.5 ddraw=3.6
  vs Heur:   59W/42L/0D | score=23.3±27.6 inv=3.3 played=13.0 lanes=2.7 ddraw=4.3 pts=23
  vs Random: 106W/1L/0D | score=24.4±27.2 inv=2.7 played=13.0 lanes=2.9 ddraw=2.2 pts=24
  Self-play: 42W/57L/1D | score=32.7±30.7 inv=2.6 played=13.1 lanes=2.8 ddraw=2.5 pts=33
Step: 21954560  SPS: 4697  ε=0.050  ret=0.138  score=22.2  buf=100%  updates=171442
  vs FROZEN-PPO: 33W/77L/2D  win=29% | score=26.6 inv=3.0 played=13.0 ddraw=3.5
  vs Heur:   65W/37L/2D | score=30.0±31.2 inv=3.2 played=12.8 lanes=2.5 ddraw=4.4 pts=30
  vs Random: 107W/0L/0D | score=32.1±26.7 inv=2.6 played=12.6 lanes=2.6 ddraw=2.0 pts=32
  Self-play: 40W/63L/1D | score=33.9±34.8 inv=2.8 played=12.9 lanes=2.6 ddraw=2.4 pts=34
Step: 22036480  SPS: 4697  ε=0.050  ret=0.132  score=17.1  buf=100%  updates=172082
  vs FROZEN-PPO: 34W/73L/2D  win=31% | score=29.0 inv=2.9 played=13.2 ddraw=3.5
  vs Heur:   64W/36L/1D | score=29.3±28.6 inv=3.1 played=13.1 lanes=2.6 ddraw=4.5 pts=29
  vs Random: 104W/1L/0D | score=27.8±27.1 inv=2.5 played=12.6 lanes=2.7 ddraw=2.1 pts=28
  Self-play: 54W/50L/1D | score=35.9±28.1 inv=2.7 played=13.3 lanes=2.7 ddraw=2.4 pts=36
Step: 22118400  SPS: 4697  ε=0.050  ret=0.160  score=17.9  buf=100%  updates=172722
  vs FROZEN-PPO: 41W/66L/0D  win=38% | score=26.7 inv=2.9 played=13.1 ddraw=3.7
  vs Heur:   71W/33L/2D | score=27.9±28.2 inv=3.3 played=13.6 lanes=2.7 ddraw=4.4 pts=28
  vs Random: 108W/0L/0D | score=28.5±26.4 inv=2.7 played=13.3 lanes=2.9 ddraw=2.3 pts=29
  Self-play: 47W/57L/0D | score=34.2±30.8 inv=2.5 played=12.8 lanes=2.7 ddraw=2.3 pts=34
Step: 22200320  SPS: 4697  ε=0.050  ret=0.194  score=21.4  buf=100%  updates=173362
  vs FROZEN-PPO: 40W/65L/0D  win=38% | score=28.8 inv=2.8 played=12.7 ddraw=3.7
  vs Heur:   62W/40L/2D | score=26.6±32.3 inv=3.3 played=13.0 lanes=2.7 ddraw=4.3 pts=27
  vs Random: 101W/0L/0D | score=33.2±27.4 inv=2.6 played=13.2 lanes=2.8 ddraw=2.2 pts=33
  Self-play: 51W/52L/1D | score=37.6±30.9 inv=2.6 played=14.1 lanes=2.9 ddraw=2.6 pts=38
Step: 22282240  SPS: 4696  ε=0.050  ret=0.222  score=21.9  buf=100%  updates=174002
  vs FROZEN-PPO: 37W/68L/1D  win=35% | score=28.5 inv=3.0 played=12.8 ddraw=3.5
  vs Heur:   73W/33L/1D | score=35.7±32.0 inv=3.3 played=13.0 lanes=2.5 ddraw=4.5 pts=36
  vs Random: 104W/0L/0D | score=31.8±28.9 inv=2.6 played=12.8 lanes=2.7 ddraw=2.0 pts=32
  Self-play: 54W/50L/0D | score=37.7±31.8 inv=2.8 played=13.2 lanes=2.7 ddraw=2.6 pts=38
Step: 22364160  SPS: 4696  ε=0.050  ret=0.246  score=16.4  buf=100%  updates=174642
  vs FROZEN-PPO: 34W/71L/0D  win=32% | score=26.9 inv=3.3 played=13.2 ddraw=3.6
  vs Heur:   67W/42L/0D | score=28.6±37.3 inv=3.6 played=14.0 lanes=2.8 ddraw=4.4 pts=29
  vs Random: 105W/0L/0D | score=32.8±24.3 inv=2.5 played=12.8 lanes=2.6 ddraw=2.1 pts=33
  Self-play: 51W/58L/0D | score=38.1±30.5 inv=2.7 played=13.4 lanes=2.7 ddraw=2.5 pts=38
Step: 22446080  SPS: 4696  ε=0.050  ret=0.227  score=20.2  buf=100%  updates=175282
  vs FROZEN-PPO: 38W/66L/1D  win=36% | score=28.5 inv=2.9 played=13.4 ddraw=3.7
  vs Heur:   68W/35L/4D | score=27.4±28.3 inv=3.3 played=12.7 lanes=2.6 ddraw=4.5 pts=27
  vs Random: 105W/0L/0D | score=29.5±26.4 inv=2.4 played=12.9 lanes=2.7 ddraw=2.1 pts=29
  Self-play: 44W/58L/1D | score=35.3±28.6 inv=2.6 played=13.6 lanes=2.8 ddraw=2.5 pts=35
Step: 22528000  SPS: 4697  ε=0.050  ret=0.230  score=20.2  buf=100%  updates=175922
  vs FROZEN-PPO: 43W/56L/1D  win=43% | score=32.0 inv=3.0 played=13.1 ddraw=3.7
  vs Heur:   61W/42L/0D | score=29.2±29.1 inv=3.2 played=12.9 lanes=2.5 ddraw=4.3 pts=29
  vs Random: 106W/0L/0D | score=33.0±25.7 inv=2.5 played=13.0 lanes=2.7 ddraw=2.0 pts=33
  Self-play: 47W/56L/0D | score=42.5±28.8 inv=2.8 played=13.5 lanes=2.7 ddraw=2.5 pts=43
Step: 22609920  SPS: 4697  ε=0.050  ret=0.225  score=21.4  buf=100%  updates=176562
  vs FROZEN-PPO: 37W/68L/0D  win=35% | score=27.6 inv=2.8 played=12.6 ddraw=3.9
  vs Heur:   70W/34L/2D | score=27.0±29.9 inv=3.3 played=13.3 lanes=2.7 ddraw=4.4 pts=27
  vs Random: 104W/1L/0D | score=31.1±27.8 inv=2.6 played=12.7 lanes=2.6 ddraw=2.2 pts=31
  Self-play: 55W/50L/2D | score=37.1±35.5 inv=2.9 played=13.2 lanes=2.7 ddraw=2.5 pts=37
Step: 22691840  SPS: 4697  ε=0.050  ret=0.185  score=19.7  buf=100%  updates=177202
  vs FROZEN-PPO: 37W/68L/0D  win=35% | score=28.6 inv=3.0 played=13.8 ddraw=3.6
  vs Heur:   64W/39L/2D | score=25.7±27.5 inv=3.1 played=13.1 lanes=2.6 ddraw=4.4 pts=26
  vs Random: 102W/0L/0D | score=33.8±26.0 inv=2.5 played=13.2 lanes=2.8 ddraw=2.2 pts=34
  Self-play: 46W/58L/1D | score=35.3±26.5 inv=2.7 played=13.9 lanes=3.0 ddraw=2.4 pts=35
Step: 22773760  SPS: 4697  ε=0.050  ret=0.171  score=18.1  buf=100%  updates=177842
  vs FROZEN-PPO: 36W/72L/0D  win=33% | score=28.8 inv=3.1 played=13.9 ddraw=3.7
  vs Heur:   66W/33L/1D | score=28.8±32.1 inv=3.6 played=13.3 lanes=2.7 ddraw=4.4 pts=29
  vs Random: 99W/1L/0D | score=33.8±28.9 inv=2.8 played=13.6 lanes=2.9 ddraw=2.0 pts=34
  Self-play: 53W/51L/0D | score=35.3±29.1 inv=2.9 played=13.7 lanes=2.9 ddraw=2.4 pts=35
Step: 22855680  SPS: 4697  ε=0.050  ret=0.104  score=12.4  buf=100%  updates=178482
  vs FROZEN-PPO: 41W/58L/1D  win=41% | score=33.2 inv=2.8 played=13.0 ddraw=3.7
  vs Heur:   69W/38L/0D | score=31.0±32.9 inv=3.2 played=12.8 lanes=2.5 ddraw=4.3 pts=31
  vs Random: 102W/0L/0D | score=29.3±28.8 inv=2.6 played=13.1 lanes=2.8 ddraw=2.2 pts=29
  Self-play: 52W/51L/1D | score=40.1±28.7 inv=2.9 played=13.5 lanes=2.7 ddraw=2.4 pts=40
Step: 22937600  SPS: 4697  ε=0.050  ret=0.155  score=21.8  buf=100%  updates=179122
  vs FROZEN-PPO: 44W/61L/0D  win=42% | score=30.1 inv=2.8 played=12.7 ddraw=3.7
  vs Heur:   70W/36L/0D | score=28.0±33.8 inv=3.4 played=13.3 lanes=2.7 ddraw=4.4 pts=28
  vs Random: 109W/0L/0D | score=29.5±31.1 inv=2.6 played=13.2 lanes=2.9 ddraw=2.3 pts=30
  Self-play: 45W/60L/1D | score=33.9±27.0 inv=2.8 played=13.4 lanes=2.8 ddraw=2.5 pts=34
Step: 23019520  SPS: 4697  ε=0.050  ret=0.203  score=18.4  buf=100%  updates=179762
  vs FROZEN-PPO: 32W/75L/2D  win=29% | score=30.3 inv=2.9 played=13.0 ddraw=3.6
  vs Heur:   70W/33L/0D | score=29.2±30.3 inv=3.3 played=12.9 lanes=2.5 ddraw=4.4 pts=29
  vs Random: 102W/0L/0D | score=34.3±30.6 inv=2.7 played=13.0 lanes=2.7 ddraw=2.2 pts=34
  Self-play: 49W/56L/0D | score=33.6±34.0 inv=2.8 played=13.2 lanes=2.7 ddraw=2.4 pts=34
Step: 23101440  SPS: 4697  ε=0.050  ret=0.188  score=16.5  buf=100%  updates=180402
  vs FROZEN-PPO: 41W/65L/1D  win=38% | score=27.2 inv=2.6 played=12.6 ddraw=3.6
  vs Heur:   70W/30L/0D | score=26.7±31.3 inv=3.2 played=13.0 lanes=2.7 ddraw=4.4 pts=27
  vs Random: 100W/0L/0D | score=39.5±26.7 inv=2.6 played=13.7 lanes=2.9 ddraw=2.0 pts=39
  Self-play: 58W/45L/0D | score=40.1±31.5 inv=2.8 played=14.0 lanes=2.9 ddraw=2.5 pts=40
Step: 23183360  SPS: 4697  ε=0.050  ret=0.169  score=21.1  buf=100%  updates=181042
  vs FROZEN-PPO: 37W/70L/1D  win=34% | score=28.1 inv=2.6 played=12.5 ddraw=3.6
  vs Heur:   73W/37L/0D | score=29.5±29.8 inv=3.3 played=13.4 lanes=2.6 ddraw=4.6 pts=30
  vs Random: 102W/1L/0D | score=32.6±27.1 inv=2.6 played=13.4 lanes=2.8 ddraw=2.3 pts=33
  Self-play: 47W/53L/4D | score=40.7±28.6 inv=2.9 played=14.2 lanes=2.9 ddraw=2.5 pts=41
Step: 23265280  SPS: 4696  ε=0.050  ret=0.202  score=17.7  buf=100%  updates=181682
  vs FROZEN-PPO: 37W/68L/0D  win=35% | score=25.3 inv=2.9 played=13.6 ddraw=3.8
  vs Heur:   72W/28L/3D | score=32.7±33.9 inv=3.3 played=13.7 lanes=2.7 ddraw=4.4 pts=33
  vs Random: 108W/0L/0D | score=33.4±26.2 inv=2.7 played=14.3 lanes=3.0 ddraw=2.1 pts=33
  Self-play: 53W/53L/2D | score=38.0±27.3 inv=2.7 played=13.8 lanes=2.9 ddraw=2.5 pts=38
Step: 23347200  SPS: 4697  ε=0.050  ret=0.209  score=15.0  buf=100%  updates=182322
  vs FROZEN-PPO: 45W/56L/0D  win=45% | score=27.6 inv=2.8 played=13.1 ddraw=3.8
  vs Heur:   82W/31L/1D | score=30.3±29.9 inv=3.4 played=13.4 lanes=2.7 ddraw=4.4 pts=30
  vs Random: 100W/0L/0D | score=29.8±26.6 inv=2.4 played=12.8 lanes=2.8 ddraw=2.1 pts=30
  Self-play: 39W/66L/2D | score=40.1±33.3 inv=2.6 played=13.2 lanes=2.7 ddraw=2.4 pts=40
Step: 23429120  SPS: 4697  ε=0.050  ret=0.171  score=19.5  buf=100%  updates=182962
  vs FROZEN-PPO: 42W/64L/0D  win=40% | score=30.3 inv=2.9 played=13.0 ddraw=3.6
  vs Heur:   74W/34L/0D | score=33.7±33.4 inv=3.2 played=13.5 lanes=2.7 ddraw=4.4 pts=34
  vs Random: 103W/0L/0D | score=29.9±29.8 inv=2.5 played=13.1 lanes=2.8 ddraw=2.1 pts=30
  Self-play: 48W/55L/1D | score=30.8±25.3 inv=2.3 played=12.8 lanes=2.7 ddraw=2.3 pts=31
Step: 23511040  SPS: 4698  ε=0.050  ret=0.302  score=25.4  buf=100%  updates=183602
  vs FROZEN-PPO: 37W/63L/0D  win=37% | score=27.2 inv=3.2 played=13.3 ddraw=3.6
  vs Heur:   62W/45L/2D | score=25.4±30.9 inv=3.4 played=13.3 lanes=2.6 ddraw=4.5 pts=25
  vs Random: 104W/0L/0D | score=31.1±30.3 inv=2.6 played=13.0 lanes=2.8 ddraw=2.0 pts=31
  Self-play: 49W/63L/4D | score=36.0±31.7 inv=2.9 played=13.5 lanes=2.8 ddraw=2.6 pts=36
Step: 23592960  SPS: 4698  ε=0.050  ret=0.210  score=18.4  buf=100%  updates=184242
  vs FROZEN-PPO: 32W/69L/1D  win=31% | score=23.1 inv=3.0 played=12.9 ddraw=3.6
  vs Heur:   65W/38L/2D | score=28.2±33.1 inv=3.4 played=13.3 lanes=2.6 ddraw=4.5 pts=28
  vs Random: 107W/0L/0D | score=35.2±25.6 inv=2.6 played=13.3 lanes=2.8 ddraw=2.1 pts=35
  Self-play: 47W/56L/3D | score=37.2±30.2 inv=2.8 played=13.3 lanes=2.7 ddraw=2.6 pts=37
Step: 23674880  SPS: 4698  ε=0.050  ret=0.149  score=20.9  buf=100%  updates=184882
  vs FROZEN-PPO: 37W/66L/0D  win=36% | score=23.8 inv=2.9 played=12.8 ddraw=3.3
  vs Heur:   71W/33L/1D | score=33.9±35.1 inv=3.6 played=13.4 lanes=2.5 ddraw=4.3 pts=34
  vs Random: 110W/1L/0D | score=36.0±28.7 inv=2.5 played=12.4 lanes=2.5 ddraw=2.0 pts=36
  Self-play: 50W/54L/0D | score=40.3±32.9 inv=2.9 played=13.4 lanes=2.8 ddraw=2.5 pts=40
Step: 23756800  SPS: 4698  ε=0.050  ret=0.167  score=17.4  buf=100%  updates=185522
  vs FROZEN-PPO: 34W/69L/1D  win=33% | score=25.4 inv=3.1 played=13.3 ddraw=3.6
  vs Heur:   62W/39L/1D | score=29.6±34.5 inv=3.4 played=13.5 lanes=2.8 ddraw=4.5 pts=30
  vs Random: 105W/0L/0D | score=31.8±27.1 inv=2.5 played=12.8 lanes=2.7 ddraw=1.9 pts=32
  Self-play: 48W/58L/1D | score=37.2±28.5 inv=3.1 played=13.6 lanes=2.8 ddraw=2.6 pts=37
Step: 23838720  SPS: 4698  ε=0.050  ret=0.099  score=16.4  buf=100%  updates=186162
  vs FROZEN-PPO: 34W/70L/1D  win=32% | score=31.7 inv=3.1 played=13.4 ddraw=3.6
  vs Heur:   68W/31L/1D | score=32.2±27.8 inv=3.2 played=13.8 lanes=2.7 ddraw=4.4 pts=32
  vs Random: 99W/1L/0D | score=34.1±32.0 inv=2.8 played=13.3 lanes=2.8 ddraw=2.4 pts=34
  Self-play: 44W/54L/2D | score=38.5±30.3 inv=2.8 played=13.4 lanes=2.7 ddraw=2.5 pts=38
Step: 23920640  SPS: 4698  ε=0.050  ret=0.222  score=14.6  buf=100%  updates=186802
  vs FROZEN-PPO: 39W/68L/0D  win=36% | score=31.2 inv=3.2 played=13.9 ddraw=3.5
  vs Heur:   60W/48L/0D | score=23.3±34.1 inv=3.5 played=13.5 lanes=2.8 ddraw=4.4 pts=23
  vs Random: 100W/0L/0D | score=33.6±28.4 inv=2.8 played=13.1 lanes=2.7 ddraw=2.1 pts=34
  Self-play: 43W/57L/2D | score=35.1±28.5 inv=2.9 played=13.6 lanes=2.8 ddraw=2.5 pts=35
Step: 24002560  SPS: 4699  ε=0.050  ret=0.207  score=17.5  buf=100%  updates=187442
  vs FROZEN-PPO: 37W/72L/0D  win=34% | score=28.0 inv=3.1 played=13.7 ddraw=3.8
  vs Heur:   54W/52L/1D | score=22.8±31.1 inv=3.5 played=13.9 lanes=2.9 ddraw=4.4 pts=23
  vs Random: 108W/0L/1D | score=35.3±28.5 inv=2.9 played=13.6 lanes=2.8 ddraw=2.2 pts=35
  Self-play: 48W/55L/1D | score=39.1±34.8 inv=2.9 played=14.1 lanes=3.0 ddraw=2.6 pts=39
Step: 24084480  SPS: 4699  ε=0.050  ret=0.188  score=23.9  buf=100%  updates=188082
  vs FROZEN-PPO: 41W/67L/0D  win=38% | score=29.4 inv=3.1 played=13.1 ddraw=3.6
  vs Heur:   66W/35L/1D | score=27.2±36.2 inv=3.6 played=13.4 lanes=2.6 ddraw=4.5 pts=27
  vs Random: 108W/0L/0D | score=33.2±32.5 inv=2.8 played=13.3 lanes=2.7 ddraw=2.3 pts=33
  Self-play: 51W/49L/2D | score=39.9±29.7 inv=2.7 played=12.9 lanes=2.5 ddraw=2.5 pts=40
Step: 24166400  SPS: 4699  ε=0.050  ret=0.181  score=21.5  buf=100%  updates=188722
  vs FROZEN-PPO: 31W/72L/1D  win=30% | score=23.1 inv=3.2 played=13.3 ddraw=3.7
  vs Heur:   64W/44L/1D | score=24.9±30.5 inv=3.7 played=13.7 lanes=2.7 ddraw=4.2 pts=25
  vs Random: 108W/0L/0D | score=33.0±28.4 inv=3.0 played=13.4 lanes=2.8 ddraw=2.1 pts=33
  Self-play: 47W/58L/0D | score=38.6±31.7 inv=3.0 played=13.5 lanes=2.8 ddraw=2.5 pts=39
Step: 24248320  SPS: 4699  ε=0.050  ret=0.131  score=16.9  buf=100%  updates=189362
  vs FROZEN-PPO: 49W/56L/0D  win=47% | score=33.1 inv=3.2 played=13.0 ddraw=3.5
  vs Heur:   59W/43L/0D | score=28.2±33.3 inv=3.4 played=12.8 lanes=2.5 ddraw=4.3 pts=28
  vs Random: 109W/0L/0D | score=30.4±27.4 inv=2.7 played=12.9 lanes=2.8 ddraw=1.9 pts=30
  Self-play: 58W/49L/2D | score=41.1±28.6 inv=2.9 played=13.6 lanes=2.7 ddraw=2.6 pts=41
Step: 24330240  SPS: 4698  ε=0.050  ret=0.276  score=22.8  buf=100%  updates=190002
  vs FROZEN-PPO: 38W/68L/1D  win=36% | score=28.0 inv=3.1 played=13.2 ddraw=3.7
  vs Heur:   67W/35L/1D | score=30.6±34.2 inv=3.5 played=13.0 lanes=2.6 ddraw=4.4 pts=31
  vs Random: 107W/0L/0D | score=36.5±28.6 inv=2.5 played=12.2 lanes=2.5 ddraw=2.0 pts=36
  Self-play: 50W/59L/2D | score=33.2±29.9 inv=2.7 played=12.9 lanes=2.7 ddraw=2.4 pts=33
Step: 24412160  SPS: 4698  ε=0.050  ret=0.197  score=19.6  buf=100%  updates=190642
  vs FROZEN-PPO: 40W/60L/0D  win=40% | score=31.0 inv=3.3 played=13.3 ddraw=3.5
  vs Heur:   75W/27L/1D | score=33.4±33.6 inv=3.7 played=13.8 lanes=2.6 ddraw=4.3 pts=33
  vs Random: 101W/0L/0D | score=32.8±31.1 inv=2.8 played=13.4 lanes=2.8 ddraw=2.0 pts=33
  Self-play: 53W/50L/0D | score=35.9±31.8 inv=2.8 played=13.6 lanes=2.8 ddraw=2.5 pts=36
Step: 24494080  SPS: 4698  ε=0.050  ret=0.207  score=17.8  buf=100%  updates=191282
  vs FROZEN-PPO: 41W/66L/0D  win=38% | score=29.5 inv=3.1 played=13.1 ddraw=3.7
  vs Heur:   64W/37L/4D | score=24.0±34.1 inv=3.5 played=12.9 lanes=2.6 ddraw=4.2 pts=24
  vs Random: 105W/0L/0D | score=33.5±26.3 inv=2.8 played=12.9 lanes=2.6 ddraw=2.1 pts=34
  Self-play: 48W/58L/2D | score=41.0±34.2 inv=2.8 played=13.3 lanes=2.7 ddraw=2.5 pts=41
Step: 24576000  SPS: 4698  ε=0.050  ret=0.129  score=16.5  buf=100%  updates=191922
  vs FROZEN-PPO: 39W/68L/0D  win=36% | score=27.2 inv=3.1 played=13.0 ddraw=3.6
  vs Heur:   76W/29L/2D | score=33.4±32.5 inv=3.6 played=13.4 lanes=2.6 ddraw=4.4 pts=33
  vs Random: 100W/0L/0D | score=33.8±28.5 inv=2.8 played=12.9 lanes=2.7 ddraw=2.1 pts=34
  Self-play: 50W/54L/1D | score=35.4±31.6 inv=2.7 played=13.0 lanes=2.7 ddraw=2.6 pts=35
Step: 24657920  SPS: 4698  ε=0.050  ret=0.264  score=16.0  buf=100%  updates=192562
  vs FROZEN-PPO: 46W/57L/2D  win=44% | score=28.9 inv=3.1 played=12.8 ddraw=3.8
  vs Heur:   69W/34L/2D | score=26.4±32.0 inv=3.5 played=13.0 lanes=2.6 ddraw=4.3 pts=26
  vs Random: 100W/0L/0D | score=35.6±30.1 inv=2.9 played=12.5 lanes=2.5 ddraw=2.2 pts=36
  Self-play: 56W/49L/0D | score=38.9±30.5 inv=2.8 played=13.1 lanes=2.6 ddraw=2.6 pts=39
Step: 24739840  SPS: 4698  ε=0.050  ret=0.192  score=22.9  buf=100%  updates=193202
  vs FROZEN-PPO: 41W/68L/1D  win=37% | score=25.7 inv=3.1 played=12.2 ddraw=3.7
  vs Heur:   69W/35L/2D | score=31.0±31.2 inv=3.4 played=12.6 lanes=2.4 ddraw=4.4 pts=31
  vs Random: 111W/1L/0D | score=24.7±28.8 inv=2.9 played=12.6 lanes=2.8 ddraw=2.1 pts=25
  Self-play: 49W/50L/1D | score=36.7±31.0 inv=3.1 played=13.1 lanes=2.6 ddraw=2.4 pts=37
Step: 24821760  SPS: 4697  ε=0.050  ret=0.207  score=11.0  buf=100%  updates=193842
  vs FROZEN-PPO: 40W/69L/0D  win=37% | score=30.8 inv=2.9 played=12.4 ddraw=3.6
  vs Heur:   79W/25L/2D | score=35.7±30.8 inv=3.2 played=12.9 lanes=2.5 ddraw=4.4 pts=36
  vs Random: 109W/0L/0D | score=28.1±28.5 inv=2.3 played=11.8 lanes=2.5 ddraw=2.0 pts=28
  Self-play: 55W/48L/2D | score=38.0±29.3 inv=2.9 played=13.0 lanes=2.6 ddraw=2.5 pts=38
Step: 24903680  SPS: 4697  ε=0.050  ret=0.202  score=14.1  buf=100%  updates=194482
  vs FROZEN-PPO: 41W/65L/1D  win=38% | score=31.1 inv=3.2 played=12.9 ddraw=3.5
  vs Heur:   63W/40L/0D | score=28.4±32.8 inv=3.7 played=13.3 lanes=2.6 ddraw=4.4 pts=28
  vs Random: 108W/0L/0D | score=33.6±31.9 inv=2.9 played=12.9 lanes=2.7 ddraw=1.9 pts=34
  Self-play: 53W/53L/0D | score=37.1±28.1 inv=2.9 played=13.0 lanes=2.6 ddraw=2.6 pts=37
Step: 24985600  SPS: 4697  ε=0.050  ret=0.304  score=20.6  buf=100%  updates=195122
  vs FROZEN-PPO: 45W/58L/1D  win=43% | score=28.3 inv=3.2 played=13.4 ddraw=3.8
  vs Heur:   63W/50L/0D | score=24.3±31.7 inv=3.5 played=13.4 lanes=2.8 ddraw=4.4 pts=24
  vs Random: 101W/0L/0D | score=32.6±28.0 inv=2.8 played=13.0 lanes=2.7 ddraw=1.9 pts=33
  Self-play: 46W/55L/0D | score=37.6±32.4 inv=2.6 played=12.7 lanes=2.6 ddraw=2.5 pts=38
Step: 25067520  SPS: 4697  ε=0.050  ret=0.297  score=17.3  buf=100%  updates=195762
  vs FROZEN-PPO: 38W/62L/0D  win=38% | score=26.2 inv=3.2 played=12.9 ddraw=3.7
  vs Heur:   69W/32L/3D | score=29.5±34.1 inv=3.6 played=13.4 lanes=2.6 ddraw=4.3 pts=29
  vs Random: 101W/0L/0D | score=29.1±28.6 inv=2.7 played=12.5 lanes=2.6 ddraw=2.1 pts=29
  Self-play: 48W/51L/1D | score=33.5±33.7 inv=3.0 played=13.8 lanes=2.9 ddraw=2.6 pts=34
Step: 25149440  SPS: 4698  ε=0.050  ret=0.127  score=10.3  buf=100%  updates=196402
  vs FROZEN-PPO: 38W/64L/3D  win=36% | score=29.0 inv=3.2 played=13.2 ddraw=3.6
  vs Heur:   62W/41L/1D | score=30.6±33.0 inv=3.8 played=14.0 lanes=2.8 ddraw=4.4 pts=31
  vs Random: 101W/0L/0D | score=33.1±26.6 inv=2.8 played=13.3 lanes=2.8 ddraw=2.0 pts=33
  Self-play: 54W/51L/0D | score=34.8±29.7 inv=2.7 played=13.1 lanes=2.7 ddraw=2.7 pts=35
Step: 25231360  SPS: 4698  ε=0.050  ret=0.242  score=17.0  buf=100%  updates=197042
  vs FROZEN-PPO: 48W/60L/0D  win=44% | score=27.3 inv=3.2 played=13.1 ddraw=3.6
  vs Heur:   77W/30L/0D | score=32.8±37.0 inv=3.3 played=13.2 lanes=2.5 ddraw=4.4 pts=33
  vs Random: 102W/0L/0D | score=28.8±26.9 inv=2.6 played=12.1 lanes=2.5 ddraw=1.8 pts=29
  Self-play: 55W/50L/0D | score=39.8±32.8 inv=2.9 played=13.4 lanes=2.7 ddraw=2.4 pts=40
Step: 25313280  SPS: 4698  ε=0.050  ret=0.262  score=18.2  buf=100%  updates=197682
  vs FROZEN-PPO: 35W/63L/2D  win=35% | score=24.3 inv=3.3 played=13.7 ddraw=3.5
  vs Heur:   69W/39L/1D | score=29.2±34.7 inv=3.6 played=13.5 lanes=2.7 ddraw=4.3 pts=29
  vs Random: 107W/1L/0D | score=28.3±32.1 inv=2.8 played=13.4 lanes=2.9 ddraw=2.1 pts=28
  Self-play: 47W/53L/0D | score=38.5±28.6 inv=2.7 played=13.5 lanes=2.8 ddraw=2.6 pts=38
Step: 25395200  SPS: 4698  ε=0.050  ret=0.181  score=22.0  buf=100%  updates=198322
  vs FROZEN-PPO: 41W/60L/1D  win=40% | score=27.4 inv=3.2 played=13.5 ddraw=3.6
  vs Heur:   66W/38L/1D | score=26.9±34.5 inv=3.4 played=13.5 lanes=2.7 ddraw=4.4 pts=27
  vs Random: 108W/0L/0D | score=30.0±23.9 inv=2.7 played=12.8 lanes=2.6 ddraw=2.0 pts=30
  Self-play: 50W/56L/2D | score=38.3±31.4 inv=2.8 played=13.3 lanes=2.7 ddraw=2.5 pts=38
Step: 25477120  SPS: 4698  ε=0.050  ret=0.107  score=20.0  buf=100%  updates=198962
  vs FROZEN-PPO: 41W/64L/0D  win=39% | score=29.1 inv=3.1 played=13.0 ddraw=3.7
  vs Heur:   70W/37L/1D | score=31.5±35.2 inv=3.3 played=13.3 lanes=2.6 ddraw=4.4 pts=31
  vs Random: 103W/0L/0D | score=34.5±29.0 inv=2.8 played=12.8 lanes=2.6 ddraw=2.0 pts=35
  Self-play: 52W/50L/1D | score=38.0±34.1 inv=2.9 played=13.6 lanes=2.9 ddraw=2.7 pts=38
Step: 25559040  SPS: 4698  ε=0.050  ret=0.234  score=18.9  buf=100%  updates=199602
  vs FROZEN-PPO: 38W/64L/1D  win=37% | score=27.6 inv=3.2 played=12.5 ddraw=3.5
  vs Heur:   71W/35L/0D | score=33.6±30.3 inv=3.1 played=12.2 lanes=2.4 ddraw=4.3 pts=34
  vs Random: 108W/1L/0D | score=29.6±31.5 inv=2.5 played=12.1 lanes=2.6 ddraw=2.0 pts=30
  Self-play: 46W/58L/0D | score=36.4±31.0 inv=2.7 played=12.6 lanes=2.5 ddraw=2.4 pts=36
Step: 25640960  SPS: 4698  ε=0.050  ret=0.271  score=20.1  buf=100%  updates=200242
  vs FROZEN-PPO: 35W/64L/2D  win=35% | score=25.3 inv=3.0 played=12.8 ddraw=3.5
  vs Heur:   70W/30L/0D | score=28.7±28.9 inv=3.4 played=13.1 lanes=2.5 ddraw=4.2 pts=29
  vs Random: 106W/1L/0D | score=36.1±33.9 inv=2.6 played=12.7 lanes=2.6 ddraw=1.8 pts=36
  Self-play: 56W/49L/1D | score=37.8±28.8 inv=2.7 played=13.2 lanes=2.7 ddraw=2.4 pts=38
Step: 25722880  SPS: 4698  ε=0.050  ret=0.194  score=17.4  buf=100%  updates=200882
  vs FROZEN-PPO: 35W/67L/2D  win=34% | score=25.3 inv=3.0 played=13.7 ddraw=3.6
  vs Heur:   65W/42L/2D | score=29.4±31.4 inv=3.2 played=13.0 lanes=2.6 ddraw=4.5 pts=29
  vs Random: 105W/0L/0D | score=32.1±27.6 inv=2.4 played=13.2 lanes=2.8 ddraw=2.0 pts=32
  Self-play: 51W/53L/0D | score=41.5±29.3 inv=2.7 played=13.4 lanes=2.7 ddraw=2.6 pts=41
Step: 25804800  SPS: 4699  ε=0.050  ret=0.283  score=27.0  buf=100%  updates=201522
  vs FROZEN-PPO: 36W/66L/2D  win=35% | score=29.1 inv=3.1 played=13.3 ddraw=3.8
  vs Heur:   76W/25L/1D | score=31.1±30.4 inv=3.5 played=13.3 lanes=2.6 ddraw=4.5 pts=31
  vs Random: 100W/0L/0D | score=36.0±33.6 inv=2.8 played=13.4 lanes=2.8 ddraw=2.2 pts=36
  Self-play: 48W/58L/1D | score=33.7±27.1 inv=2.8 played=12.8 lanes=2.7 ddraw=2.6 pts=34
Step: 25886720  SPS: 4699  ε=0.050  ret=0.322  score=30.1  buf=100%  updates=202162
  vs FROZEN-PPO: 37W/62L/1D  win=37% | score=28.2 inv=2.8 played=13.3 ddraw=3.7
  vs Heur:   74W/30L/1D | score=29.4±29.2 inv=3.2 played=13.4 lanes=2.7 ddraw=4.4 pts=29
  vs Random: 100W/0L/0D | score=36.1±32.5 inv=2.3 played=12.5 lanes=2.7 ddraw=2.0 pts=36
  Self-play: 41W/58L/1D | score=41.0±32.6 inv=2.7 played=13.2 lanes=2.6 ddraw=2.5 pts=41
Step: 25968640  SPS: 4699  ε=0.050  ret=0.207  score=21.6  buf=100%  updates=202802
  vs FROZEN-PPO: 36W/72L/1D  win=33% | score=25.7 inv=2.8 played=12.8 ddraw=3.7
  vs Heur:   74W/32L/1D | score=32.3±31.8 inv=3.4 played=13.3 lanes=2.7 ddraw=4.4 pts=32
  vs Random: 107W/0L/0D | score=28.5±27.4 inv=2.6 played=12.8 lanes=2.7 ddraw=2.1 pts=29
  Self-play: 43W/59L/1D | score=36.8±27.3 inv=2.7 played=13.6 lanes=2.8 ddraw=2.6 pts=37
Step: 26050560  SPS: 4700  ε=0.050  ret=0.212  score=16.9  buf=100%  updates=203442
  vs FROZEN-PPO: 32W/76L/0D  win=30% | score=25.7 inv=3.1 played=12.9 ddraw=3.5
  vs Heur:   65W/45L/1D | score=28.4±31.8 inv=3.4 played=13.1 lanes=2.6 ddraw=4.4 pts=28
  vs Random: 104W/0L/0D | score=33.4±31.6 inv=2.8 played=13.0 lanes=2.7 ddraw=2.1 pts=33
  Self-play: 50W/49L/1D | score=36.8±33.5 inv=2.8 played=13.1 lanes=2.7 ddraw=2.6 pts=37
Step: 26132480  SPS: 4700  ε=0.050  ret=0.189  score=23.2  buf=100%  updates=204082
  vs FROZEN-PPO: 37W/68L/1D  win=35% | score=27.9 inv=3.2 played=13.5 ddraw=3.7
  vs Heur:   72W/39L/1D | score=31.8±33.0 inv=3.6 played=13.0 lanes=2.5 ddraw=4.4 pts=32
  vs Random: 107W/0L/0D | score=37.2±26.5 inv=2.5 played=12.2 lanes=2.4 ddraw=2.0 pts=37
  Self-play: 56W/53L/0D | score=38.4±33.8 inv=2.7 played=12.4 lanes=2.5 ddraw=2.5 pts=38
Step: 26214400  SPS: 4700  ε=0.050  ret=0.270  score=19.1  buf=100%  updates=204722
  vs FROZEN-PPO: 39W/65L/0D  win=38% | score=27.7 inv=3.3 played=13.6 ddraw=3.6
  vs Heur:   73W/30L/0D | score=33.2±29.1 inv=3.6 played=13.7 lanes=2.7 ddraw=4.4 pts=33
  vs Random: 101W/0L/0D | score=31.5±28.8 inv=2.7 played=13.0 lanes=2.6 ddraw=2.0 pts=32
  Self-play: 48W/59L/0D | score=35.3±32.7 inv=2.7 played=13.0 lanes=2.6 ddraw=2.4 pts=35
Step: 26296320  SPS: 4700  ε=0.050  ret=0.195  score=18.5  buf=100%  updates=205362
  vs FROZEN-PPO: 41W/63L/0D  win=39% | score=30.4 inv=3.1 played=14.0 ddraw=3.5
  vs Heur:   78W/30L/0D | score=36.5±31.9 inv=3.6 played=13.6 lanes=2.5 ddraw=4.3 pts=36
  vs Random: 105W/0L/0D | score=32.6±29.6 inv=2.8 played=13.4 lanes=2.8 ddraw=2.2 pts=33
  Self-play: 58W/47L/0D | score=45.0±28.3 inv=2.8 played=13.8 lanes=2.7 ddraw=2.4 pts=45
Step: 26378240  SPS: 4700  ε=0.050  ret=0.185  score=24.4  buf=100%  updates=206002
  vs FROZEN-PPO: 37W/62L/1D  win=37% | score=27.0 inv=3.1 played=13.9 ddraw=3.7
  vs Heur:   68W/32L/0D | score=30.1±31.4 inv=3.4 played=13.3 lanes=2.7 ddraw=4.5 pts=30
  vs Random: 104W/0L/0D | score=30.2±26.4 inv=2.5 played=13.3 lanes=2.8 ddraw=1.8 pts=30
  Self-play: 54W/50L/2D | score=40.5±34.6 inv=3.1 played=14.1 lanes=2.9 ddraw=2.5 pts=40
Step: 26460160  SPS: 4700  ε=0.050  ret=0.154  score=21.8  buf=100%  updates=206642
  vs FROZEN-PPO: 42W/63L/1D  win=40% | score=31.8 inv=3.0 played=13.4 ddraw=3.7
  vs Heur:   60W/42L/1D | score=30.2±33.9 inv=3.5 played=13.8 lanes=2.7 ddraw=4.3 pts=30
  vs Random: 103W/2L/0D | score=35.6±29.0 inv=2.7 played=13.5 lanes=2.7 ddraw=1.9 pts=36
  Self-play: 47W/57L/0D | score=41.0±29.1 inv=2.9 played=13.7 lanes=2.8 ddraw=2.7 pts=41
Step: 26542080  SPS: 4700  ε=0.050  ret=0.214  score=22.2  buf=100%  updates=207282
  vs FROZEN-PPO: 43W/65L/1D  win=39% | score=35.4 inv=3.2 played=13.5 ddraw=3.6
  vs Heur:   70W/36L/3D | score=30.1±33.8 inv=3.5 played=13.3 lanes=2.7 ddraw=4.4 pts=30
  vs Random: 106W/0L/0D | score=32.7±26.9 inv=2.6 played=13.3 lanes=2.8 ddraw=2.0 pts=33
  Self-play: 58W/44L/3D | score=40.2±31.6 inv=2.8 played=13.6 lanes=2.7 ddraw=2.4 pts=40
Step: 26624000  SPS: 4700  ε=0.050  ret=0.184  score=19.4  buf=100%  updates=207922
  vs FROZEN-PPO: 53W/49L/1D  win=51% | score=34.1 inv=3.1 played=13.7 ddraw=3.6
  vs Heur:   64W/37L/0D | score=34.7±37.2 inv=3.6 played=13.8 lanes=2.7 ddraw=4.4 pts=35
  vs Random: 99W/1L/0D | score=30.3±26.6 inv=2.6 played=12.6 lanes=2.6 ddraw=2.0 pts=30
  Self-play: 52W/55L/0D | score=36.9±28.9 inv=2.7 played=13.5 lanes=2.8 ddraw=2.5 pts=37
Step: 26705920  SPS: 4700  ε=0.050  ret=0.219  score=18.6  buf=100%  updates=208562
  vs FROZEN-PPO: 40W/65L/1D  win=38% | score=29.3 inv=3.2 played=13.7 ddraw=3.6
  vs Heur:   71W/40L/0D | score=26.9±34.4 inv=3.2 played=13.3 lanes=2.7 ddraw=4.4 pts=27
  vs Random: 105W/0L/0D | score=30.5±31.5 inv=2.6 played=12.9 lanes=2.7 ddraw=1.9 pts=30
  Self-play: 43W/60L/1D | score=41.1±26.3 inv=2.5 played=13.6 lanes=2.8 ddraw=2.5 pts=41
Step: 26787840  SPS: 4700  ε=0.050  ret=0.213  score=23.8  buf=100%  updates=209202
  vs FROZEN-PPO: 38W/70L/1D  win=35% | score=26.7 inv=3.2 played=13.8 ddraw=3.5
  vs Heur:   79W/28L/0D | score=35.9±32.1 inv=3.3 played=13.4 lanes=2.6 ddraw=4.3 pts=36
  vs Random: 103W/0L/0D | score=36.4±29.8 inv=2.9 played=13.3 lanes=2.7 ddraw=2.1 pts=36
  Self-play: 52W/51L/1D | score=36.4±29.3 inv=3.0 played=13.8 lanes=2.8 ddraw=2.6 pts=36
Step: 26869760  SPS: 4700  ε=0.050  ret=0.154  score=17.9  buf=100%  updates=209842
  vs FROZEN-PPO: 37W/63L/0D  win=37% | score=28.6 inv=3.1 played=13.2 ddraw=3.6
  vs Heur:   59W/42L/3D | score=27.3±34.3 inv=3.2 played=13.1 lanes=2.7 ddraw=4.4 pts=27
  vs Random: 114W/0L/0D | score=32.5±29.4 inv=2.6 played=13.3 lanes=2.9 ddraw=2.1 pts=32
  Self-play: 48W/53L/0D | score=35.2±30.9 inv=2.9 played=13.6 lanes=2.8 ddraw=2.6 pts=35
Step: 26951680  SPS: 4700  ε=0.050  ret=0.230  score=23.9  buf=100%  updates=210482
  vs FROZEN-PPO: 32W/73L/0D  win=30% | score=28.0 inv=3.0 played=14.1 ddraw=3.4
  vs Heur:   54W/49L/0D | score=27.9±32.3 inv=3.5 played=13.3 lanes=2.7 ddraw=4.2 pts=28
  vs Random: 109W/0L/0D | score=36.4±28.7 inv=2.8 played=13.8 lanes=2.9 ddraw=2.1 pts=36
  Self-play: 52W/52L/0D | score=36.6±29.2 inv=2.6 played=13.4 lanes=2.8 ddraw=2.5 pts=37
Step: 27033600  SPS: 4700  ε=0.050  ret=0.202  score=20.1  buf=100%  updates=211122
  vs FROZEN-PPO: 42W/62L/1D  win=40% | score=29.0 inv=3.5 played=13.9 ddraw=3.8
  vs Heur:   66W/38L/2D | score=26.4±32.0 inv=3.7 played=14.2 lanes=2.9 ddraw=4.5 pts=26
  vs Random: 108W/1L/0D | score=34.4±26.6 inv=2.8 played=13.8 lanes=2.9 ddraw=2.1 pts=34
  Self-play: 43W/63L/0D | score=37.7±28.9 inv=2.9 played=14.2 lanes=3.0 ddraw=2.5 pts=38
Step: 27115520  SPS: 4700  ε=0.050  ret=0.335  score=22.4  buf=100%  updates=211762
  vs FROZEN-PPO: 39W/61L/0D  win=39% | score=29.0 inv=3.3 played=14.0 ddraw=3.6
  vs Heur:   68W/33L/0D | score=28.6±31.5 inv=3.5 played=13.7 lanes=2.8 ddraw=4.3 pts=29
  vs Random: 107W/0L/0D | score=32.1±29.7 inv=2.8 played=13.6 lanes=2.9 ddraw=2.0 pts=32
  Self-play: 50W/53L/1D | score=38.9±32.9 inv=2.9 played=13.8 lanes=2.9 ddraw=2.5 pts=39
Step: 27197440  SPS: 4700  ε=0.050  ret=0.208  score=16.9  buf=100%  updates=212402
  vs FROZEN-PPO: 44W/65L/1D  win=40% | score=31.3 inv=3.4 played=14.7 ddraw=3.6
  vs Heur:   63W/38L/1D | score=29.7±33.8 inv=3.8 played=14.4 lanes=3.0 ddraw=4.5 pts=30
  vs Random: 102W/1L/0D | score=26.5±25.0 inv=2.9 played=14.4 lanes=3.1 ddraw=2.0 pts=27
  Self-play: 53W/56L/1D | score=37.4±28.4 inv=2.7 played=13.8 lanes=2.9 ddraw=2.3 pts=37
Step: 27279360  SPS: 4700  ε=0.050  ret=0.192  score=17.7  buf=100%  updates=213042
  vs FROZEN-PPO: 42W/68L/0D  win=38% | score=31.2 inv=3.1 played=14.5 ddraw=3.8
  vs Heur:   68W/38L/0D | score=21.3±31.2 inv=3.5 played=14.3 lanes=3.1 ddraw=4.5 pts=21
  vs Random: 105W/0L/0D | score=32.0±27.5 inv=2.8 played=14.7 lanes=3.2 ddraw=2.2 pts=32
  Self-play: 47W/60L/0D | score=39.9±32.6 inv=2.9 played=15.0 lanes=3.2 ddraw=2.4 pts=40
Step: 27361280  SPS: 4699  ε=0.050  ret=0.285  score=19.4  buf=100%  updates=213682
  vs FROZEN-PPO: 37W/62L/1D  win=37% | score=25.3 inv=3.0 played=13.9 ddraw=3.8
  vs Heur:   64W/35L/2D | score=29.5±35.6 inv=3.5 played=14.1 lanes=2.8 ddraw=4.3 pts=30
  vs Random: 103W/1L/0D | score=29.5±27.7 inv=2.8 played=14.4 lanes=3.1 ddraw=2.2 pts=29
  Self-play: 41W/56L/3D | score=36.0±30.5 inv=3.0 played=14.6 lanes=3.1 ddraw=2.5 pts=36
Step: 27443200  SPS: 4699  ε=0.050  ret=0.232  score=18.6  buf=100%  updates=214322
  vs FROZEN-PPO: 33W/73L/2D  win=31% | score=27.9 inv=3.2 played=13.6 ddraw=3.7
  vs Heur:   56W/44L/0D | score=24.6±33.9 inv=3.2 played=13.1 lanes=2.7 ddraw=4.3 pts=25
  vs Random: 108W/0L/0D | score=31.4±26.0 inv=2.5 played=13.2 lanes=2.9 ddraw=1.9 pts=31
  Self-play: 50W/53L/3D | score=38.1±32.7 inv=2.8 played=14.1 lanes=3.0 ddraw=2.5 pts=38
Step: 27525120  SPS: 4699  ε=0.050  ret=0.156  score=19.2  buf=100%  updates=214962
  vs FROZEN-PPO: 33W/77L/0D  win=30% | score=22.3 inv=3.4 played=14.0 ddraw=3.4
  vs Heur:   78W/21L/1D | score=39.5±37.6 inv=3.6 played=14.3 lanes=2.8 ddraw=4.4 pts=39
  vs Random: 105W/0L/0D | score=28.7±31.7 inv=2.7 played=13.6 lanes=2.9 ddraw=1.9 pts=29
  Self-play: 39W/66L/1D | score=32.4±30.1 inv=2.9 played=13.6 lanes=2.8 ddraw=2.4 pts=32
Step: 27607040  SPS: 4699  ε=0.050  ret=0.246  score=21.7  buf=100%  updates=215602
  vs FROZEN-PPO: 40W/66L/0D  win=38% | score=28.7 inv=3.1 played=13.0 ddraw=3.7
  vs Heur:   66W/39L/1D | score=26.9±35.1 inv=3.5 played=13.6 lanes=2.7 ddraw=4.5 pts=27
  vs Random: 108W/0L/0D | score=36.3±30.8 inv=2.5 played=13.1 lanes=2.7 ddraw=1.9 pts=36
  Self-play: 54W/49L/1D | score=44.1±37.0 inv=3.0 played=14.0 lanes=2.8 ddraw=2.4 pts=44
Step: 27688960  SPS: 4699  ε=0.050  ret=0.217  score=18.9  buf=100%  updates=216242
  vs FROZEN-PPO: 41W/64L/0D  win=39% | score=29.9 inv=3.0 played=12.7 ddraw=3.4
  vs Heur:   72W/32L/1D | score=32.5±32.0 inv=3.4 played=13.2 lanes=2.5 ddraw=4.3 pts=33
  vs Random: 101W/0L/0D | score=36.0±29.7 inv=2.5 played=12.2 lanes=2.5 ddraw=1.7 pts=36
  Self-play: 55W/44L/2D | score=44.6±29.6 inv=3.0 played=13.4 lanes=2.6 ddraw=2.6 pts=45
Step: 27770880  SPS: 4699  ε=0.050  ret=0.209  score=20.8  buf=100%  updates=216882
  vs FROZEN-PPO: 39W/62L/2D  win=38% | score=31.7 inv=2.9 played=13.1 ddraw=3.7
  vs Heur:   66W/38L/1D | score=27.4±32.4 inv=3.5 played=13.4 lanes=2.7 ddraw=4.4 pts=27
  vs Random: 106W/1L/0D | score=31.4±31.0 inv=2.7 played=13.0 lanes=2.8 ddraw=2.0 pts=31
  Self-play: 51W/49L/0D | score=34.5±28.6 inv=2.8 played=12.9 lanes=2.7 ddraw=2.4 pts=34
Step: 27852800  SPS: 4699  ε=0.050  ret=0.187  score=20.8  buf=100%  updates=217522
  vs FROZEN-PPO: 40W/57L/3D  win=40% | score=31.3 inv=3.0 played=13.1 ddraw=3.5
  vs Heur:   69W/35L/2D | score=33.5±34.9 inv=3.4 played=13.1 lanes=2.5 ddraw=4.4 pts=33
  vs Random: 108W/1L/0D | score=35.2±32.1 inv=2.6 played=12.7 lanes=2.6 ddraw=2.0 pts=35
  Self-play: 47W/60L/0D | score=39.6±29.6 inv=2.7 played=13.5 lanes=2.7 ddraw=2.4 pts=40
Step: 27934720  SPS: 4699  ε=0.050  ret=0.162  score=23.4  buf=100%  updates=218162
  vs FROZEN-PPO: 30W/70L/2D  win=29% | score=29.5 inv=2.8 played=13.3 ddraw=3.4
  vs Heur:   73W/28L/0D | score=33.0±26.3 inv=3.3 played=13.4 lanes=2.6 ddraw=4.4 pts=33
  vs Random: 105W/0L/0D | score=32.9±29.7 inv=2.4 played=13.1 lanes=2.7 ddraw=1.7 pts=33
  Self-play: 62W/42L/1D | score=43.1±34.1 inv=2.7 played=13.3 lanes=2.7 ddraw=2.5 pts=43
Step: 28016640  SPS: 4699  ε=0.050  ret=0.172  score=17.8  buf=100%  updates=218802
  vs FROZEN-PPO: 37W/62L/1D  win=37% | score=28.4 inv=3.3 played=13.9 ddraw=3.8
  vs Heur:   75W/29L/1D | score=36.3±34.0 inv=3.3 played=14.1 lanes=2.8 ddraw=4.3 pts=36
  vs Random: 113W/0L/0D | score=34.1±31.5 inv=2.9 played=14.4 lanes=3.1 ddraw=2.1 pts=34
  Self-play: 49W/55L/3D | score=37.8±30.6 inv=2.8 played=14.0 lanes=3.0 ddraw=2.6 pts=38
Step: 28098560  SPS: 4699  ε=0.050  ret=0.195  score=23.3  buf=100%  updates=219442
  vs FROZEN-PPO: 35W/71L/1D  win=33% | score=27.6 inv=3.1 played=13.3 ddraw=3.4
  vs Heur:   57W/40L/3D | score=28.5±35.2 inv=3.4 played=13.5 lanes=2.7 ddraw=4.3 pts=28
  vs Random: 108W/0L/0D | score=30.1±31.2 inv=2.7 played=13.2 lanes=2.7 ddraw=2.0 pts=30
  Self-play: 45W/55L/3D | score=38.7±36.6 inv=3.1 played=13.6 lanes=2.7 ddraw=2.4 pts=39
Step: 28180480  SPS: 4699  ε=0.050  ret=0.149  score=21.7  buf=100%  updates=220082
  vs FROZEN-PPO: 38W/73L/1D  win=34% | score=28.1 inv=2.7 played=12.7 ddraw=3.7
  vs Heur:   79W/25L/0D | score=33.8±32.0 inv=3.2 played=13.6 lanes=2.7 ddraw=4.4 pts=34
  vs Random: 112W/0L/0D | score=32.9±26.9 inv=2.5 played=13.6 lanes=2.9 ddraw=2.0 pts=33
  Self-play: 52W/46L/3D | score=41.4±30.6 inv=2.6 played=13.5 lanes=2.8 ddraw=2.6 pts=41
Step: 28262400  SPS: 4699  ε=0.050  ret=0.240  score=24.7  buf=100%  updates=220722
  vs FROZEN-PPO: 44W/55L/1D  win=44% | score=36.0 inv=3.0 played=13.4 ddraw=3.4
  vs Heur:   66W/35L/0D | score=29.3±32.2 inv=3.2 played=13.1 lanes=2.6 ddraw=4.5 pts=29
  vs Random: 102W/0L/0D | score=30.7±24.4 inv=2.7 played=13.1 lanes=2.7 ddraw=2.0 pts=31
  Self-play: 55W/51L/0D | score=44.6±30.5 inv=2.8 played=13.6 lanes=2.7 ddraw=2.5 pts=45
Step: 28344320  SPS: 4699  ε=0.050  ret=0.134  score=25.5  buf=100%  updates=221362
  vs FROZEN-PPO: 39W/62L/2D  win=38% | score=29.5 inv=2.7 played=12.1 ddraw=3.4
  vs Heur:   62W/37L/1D | score=30.0±29.8 inv=3.3 played=12.7 lanes=2.4 ddraw=4.2 pts=30
  vs Random: 106W/0L/0D | score=37.3±27.5 inv=2.4 played=12.3 lanes=2.5 ddraw=1.8 pts=37
  Self-play: 45W/61L/0D | score=40.7±29.9 inv=2.5 played=12.9 lanes=2.6 ddraw=2.4 pts=41
Step: 28426240  SPS: 4699  ε=0.050  ret=0.166  score=23.3  buf=100%  updates=222002
  vs FROZEN-PPO: 42W/63L/1D  win=40% | score=29.0 inv=2.7 played=12.9 ddraw=3.6
  vs Heur:   72W/34L/1D | score=32.0±33.1 inv=3.2 played=12.8 lanes=2.5 ddraw=4.3 pts=32
  vs Random: 105W/1L/0D | score=29.9±27.4 inv=2.2 played=12.1 lanes=2.6 ddraw=1.8 pts=30
  Self-play: 52W/52L/1D | score=39.7±32.2 inv=2.8 played=13.1 lanes=2.7 ddraw=2.6 pts=40
Step: 28508160  SPS: 4699  ε=0.050  ret=0.245  score=20.7  buf=100%  updates=222642
  vs FROZEN-PPO: 30W/75L/0D  win=29% | score=22.2 inv=2.8 played=12.5 ddraw=3.7
  vs Heur:   74W/32L/1D | score=32.3±32.7 inv=3.0 played=13.0 lanes=2.6 ddraw=4.5 pts=32
  vs Random: 112W/0L/0D | score=36.8±26.8 inv=2.3 played=12.6 lanes=2.6 ddraw=2.0 pts=37
  Self-play: 57W/51L/0D | score=46.1±32.8 inv=2.9 played=13.5 lanes=2.6 ddraw=2.6 pts=46
Step: 28590080  SPS: 4699  ε=0.050  ret=0.177  score=21.8  buf=100%  updates=223282
  vs FROZEN-PPO: 43W/59L/0D  win=42% | score=29.5 inv=2.8 played=12.7 ddraw=3.4
  vs Heur:   79W/29L/0D | score=34.8±30.8 inv=3.2 played=13.7 lanes=2.7 ddraw=4.5 pts=35
  vs Random: 108W/0L/0D | score=28.9±26.9 inv=2.2 played=12.5 lanes=2.7 ddraw=1.8 pts=29
  Self-play: 48W/54L/1D | score=40.4±29.7 inv=2.8 played=13.8 lanes=2.9 ddraw=2.6 pts=40
Step: 28672000  SPS: 4699  ε=0.050  ret=0.200  score=22.1  buf=100%  updates=223922
  vs FROZEN-PPO: 34W/70L/1D  win=32% | score=30.8 inv=2.8 played=12.7 ddraw=3.6
  vs Heur:   71W/31L/1D | score=33.5±31.6 inv=3.1 played=12.6 lanes=2.5 ddraw=4.3 pts=34
  vs Random: 108W/0L/0D | score=41.4±27.5 inv=2.4 played=12.8 lanes=2.5 ddraw=2.0 pts=41
  Self-play: 51W/52L/1D | score=43.9±30.2 inv=2.6 played=13.0 lanes=2.5 ddraw=2.5 pts=44
Step: 28753920  SPS: 4700  ε=0.050  ret=0.166  score=25.0  buf=100%  updates=224562
  vs FROZEN-PPO: 47W/58L/0D  win=45% | score=30.3 inv=2.8 played=12.7 ddraw=3.5
  vs Heur:   61W/38L/1D | score=29.2±31.7 inv=3.2 played=12.6 lanes=2.5 ddraw=4.1 pts=29
  vs Random: 105W/1L/0D | score=32.9±25.4 inv=2.2 played=12.0 lanes=2.4 ddraw=1.8 pts=33
  Self-play: 57W/51L/1D | score=41.4±28.6 inv=2.5 played=12.7 lanes=2.5 ddraw=2.6 pts=41
Step: 28835840  SPS: 4700  ε=0.050  ret=0.119  score=19.4  buf=100%  updates=225202
  vs FROZEN-PPO: 44W/63L/0D  win=41% | score=31.2 inv=2.9 played=13.6 ddraw=3.4
  vs Heur:   65W/39L/0D | score=30.6±30.6 inv=3.2 played=13.4 lanes=2.7 ddraw=4.3 pts=31
  vs Random: 104W/0L/0D | score=39.3±30.3 inv=2.6 played=13.2 lanes=2.8 ddraw=2.0 pts=39
  Self-play: 41W/59L/0D | score=41.1±33.9 inv=2.6 played=13.7 lanes=2.8 ddraw=2.7 pts=41
Step: 28917760  SPS: 4700  ε=0.050  ret=0.199  score=24.3  buf=100%  updates=225842
  vs FROZEN-PPO: 39W/61L/0D  win=39% | score=29.8 inv=2.9 played=13.3 ddraw=3.4
  vs Heur:   75W/28L/1D | score=34.2±31.3 inv=3.2 played=13.6 lanes=2.7 ddraw=4.3 pts=34
  vs Random: 109W/0L/0D | score=35.7±24.6 inv=2.5 played=13.6 lanes=2.8 ddraw=1.7 pts=36
  Self-play: 51W/57L/1D | score=41.2±30.4 inv=2.9 played=14.0 lanes=2.8 ddraw=2.5 pts=41
Step: 28999680  SPS: 4700  ε=0.050  ret=0.188  score=19.4  buf=100%  updates=226482
  vs FROZEN-PPO: 43W/60L/2D  win=41% | score=32.8 inv=3.2 played=13.7 ddraw=3.4
  vs Heur:   70W/32L/2D | score=26.1±29.1 inv=3.2 played=13.2 lanes=2.7 ddraw=4.3 pts=26
  vs Random: 109W/0L/0D | score=30.9±29.0 inv=2.4 played=12.5 lanes=2.7 ddraw=1.9 pts=31
  Self-play: 48W/60L/1D | score=38.8±32.1 inv=2.9 played=13.1 lanes=2.7 ddraw=2.4 pts=39
Step: 29081600  SPS: 4700  ε=0.050  ret=0.215  score=18.8  buf=100%  updates=227122
  vs FROZEN-PPO: 26W/73L/1D  win=26% | score=24.2 inv=3.3 played=13.6 ddraw=3.7
  vs Heur:   75W/32L/1D | score=35.4±31.3 inv=3.6 played=13.6 lanes=2.7 ddraw=4.3 pts=35
  vs Random: 105W/0L/0D | score=32.0±31.2 inv=2.8 played=13.0 lanes=2.7 ddraw=2.2 pts=32
  Self-play: 54W/48L/0D | score=35.7±31.7 inv=2.8 played=13.5 lanes=2.8 ddraw=2.7 pts=36
Step: 29163520  SPS: 4700  ε=0.050  ret=0.234  score=20.7  buf=100%  updates=227762
  vs FROZEN-PPO: 42W/63L/0D  win=40% | score=31.8 inv=3.3 played=13.8 ddraw=3.5
  vs Heur:   77W/31L/0D | score=36.7±35.6 inv=3.2 played=13.6 lanes=2.6 ddraw=4.4 pts=37
  vs Random: 104W/0L/0D | score=32.3±28.8 inv=2.7 played=13.4 lanes=2.8 ddraw=2.0 pts=32
  Self-play: 40W/67L/2D | score=31.5±27.5 inv=2.9 played=13.3 lanes=2.8 ddraw=2.6 pts=32
Step: 29245440  SPS: 4701  ε=0.050  ret=0.214  score=22.5  buf=100%  updates=228402
  vs FROZEN-PPO: 44W/64L/0D  win=41% | score=31.8 inv=2.8 played=13.3 ddraw=3.5
  vs Heur:   71W/28L/1D | score=36.8±32.8 inv=3.5 played=13.7 lanes=2.6 ddraw=4.3 pts=37
  vs Random: 105W/0L/0D | score=33.5±26.8 inv=2.5 played=13.3 lanes=2.8 ddraw=2.0 pts=34
  Self-play: 55W/49L/1D | score=41.7±28.9 inv=2.8 played=14.3 lanes=3.0 ddraw=2.7 pts=42
Step: 29327360  SPS: 4701  ε=0.050  ret=0.244  score=18.2  buf=100%  updates=229042
  vs FROZEN-PPO: 49W/59L/0D  win=45% | score=36.4 inv=3.4 played=13.7 ddraw=3.7
  vs Heur:   68W/32L/1D | score=33.9±34.1 inv=3.3 played=13.1 lanes=2.5 ddraw=4.3 pts=34
  vs Random: 106W/0L/0D | score=32.4±32.0 inv=2.8 played=12.6 lanes=2.6 ddraw=1.9 pts=32
  Self-play: 39W/62L/1D | score=36.7±33.0 inv=2.7 played=13.7 lanes=2.8 ddraw=2.5 pts=37
Step: 29409280  SPS: 4701  ε=0.050  ret=0.216  score=27.7  buf=100%  updates=229682
  vs FROZEN-PPO: 40W/66L/0D  win=38% | score=30.5 inv=3.2 played=13.9 ddraw=3.8
  vs Heur:   65W/34L/1D | score=27.7±34.6 inv=3.5 played=13.7 lanes=2.7 ddraw=4.5 pts=28
  vs Random: 103W/0L/0D | score=31.1±28.5 inv=2.5 played=13.2 lanes=2.8 ddraw=2.0 pts=31
  Self-play: 64W/45L/0D | score=38.8±29.9 inv=2.8 played=13.7 lanes=2.8 ddraw=2.5 pts=39
Step: 29491200  SPS: 4702  ε=0.050  ret=0.187  score=18.6  buf=100%  updates=230322
  vs FROZEN-PPO: 39W/60L/1D  win=39% | score=30.4 inv=3.0 played=12.3 ddraw=3.6
  vs Heur:   79W/21L/0D | score=39.7±33.0 inv=3.4 played=13.4 lanes=2.5 ddraw=4.4 pts=40
  vs Random: 107W/0L/0D | score=30.4±27.7 inv=2.7 played=12.6 lanes=2.6 ddraw=2.2 pts=30
  Self-play: 51W/57L/0D | score=39.8±29.6 inv=2.8 played=13.2 lanes=2.6 ddraw=2.5 pts=40
Step: 29573120  SPS: 4702  ε=0.050  ret=0.159  score=19.7  buf=100%  updates=230962
  vs FROZEN-PPO: 39W/59L/2D  win=39% | score=28.6 inv=3.0 played=12.8 ddraw=3.8
  vs Heur:   67W/37L/2D | score=33.7±31.5 inv=3.3 played=13.2 lanes=2.5 ddraw=4.2 pts=34
  vs Random: 106W/0L/0D | score=31.2±30.6 inv=2.9 played=13.5 lanes=2.9 ddraw=2.0 pts=31
  Self-play: 46W/52L/2D | score=37.7±32.4 inv=2.8 played=13.0 lanes=2.6 ddraw=2.5 pts=38
Step: 29655040  SPS: 4702  ε=0.050  ret=0.303  score=21.8  buf=100%  updates=231602
  vs FROZEN-PPO: 37W/68L/0D  win=35% | score=29.1 inv=2.9 played=13.0 ddraw=3.4
  vs Heur:   61W/42L/0D | score=33.5±33.1 inv=3.4 played=12.8 lanes=2.5 ddraw=4.1 pts=33
  vs Random: 107W/1L/0D | score=35.7±30.5 inv=2.7 played=12.6 lanes=2.6 ddraw=2.1 pts=36
  Self-play: 45W/55L/1D | score=41.1±31.4 inv=2.8 played=12.9 lanes=2.5 ddraw=2.4 pts=41
Step: 29736960  SPS: 4702  ε=0.050  ret=0.217  score=21.3  buf=100%  updates=232242
  vs FROZEN-PPO: 36W/74L/0D  win=33% | score=24.9 inv=2.9 played=12.3 ddraw=3.7
  vs Heur:   61W/45L/2D | score=26.0±30.7 inv=3.5 played=13.0 lanes=2.6 ddraw=4.4 pts=26
  vs Random: 107W/2L/0D | score=34.1±33.1 inv=2.9 played=13.3 lanes=2.8 ddraw=2.0 pts=34
  Self-play: 49W/55L/1D | score=39.0±35.4 inv=3.0 played=13.3 lanes=2.7 ddraw=2.4 pts=39
Step: 29818880  SPS: 4702  ε=0.050  ret=0.266  score=14.1  buf=100%  updates=232882
  vs FROZEN-PPO: 30W/75L/1D  win=28% | score=25.9 inv=3.4 played=13.7 ddraw=3.5
  vs Heur:   74W/34L/0D | score=31.3±31.4 inv=3.5 played=13.5 lanes=2.7 ddraw=4.3 pts=31
  vs Random: 106W/0L/0D | score=32.0±32.7 inv=2.7 played=13.3 lanes=2.7 ddraw=2.0 pts=32
  Self-play: 43W/61L/0D | score=39.4±32.6 inv=2.8 played=13.4 lanes=2.7 ddraw=2.3 pts=39
Step: 29900800  SPS: 4702  ε=0.050  ret=0.237  score=19.0  buf=100%  updates=233522
  vs FROZEN-PPO: 41W/67L/2D  win=37% | score=31.2 inv=3.0 played=13.0 ddraw=3.6
  vs Heur:   72W/28L/0D | score=38.4±35.9 inv=3.4 played=14.0 lanes=2.7 ddraw=4.3 pts=38
  vs Random: 103W/1L/0D | score=31.4±25.0 inv=2.9 played=13.0 lanes=2.7 ddraw=2.0 pts=31
  Self-play: 54W/47L/1D | score=45.7±29.3 inv=2.8 played=14.1 lanes=2.8 ddraw=2.6 pts=46
Step: 29982720  SPS: 4702  ε=0.050  ret=0.187  score=17.6  buf=100%  updates=234162
  vs FROZEN-PPO: 41W/66L/0D  win=38% | score=31.8 inv=3.2 played=13.3 ddraw=3.6
  vs Heur:   59W/44L/0D | score=27.9±30.6 inv=3.5 played=13.2 lanes=2.7 ddraw=4.3 pts=28
  vs Random: 105W/0L/0D | score=31.6±25.9 inv=2.6 played=13.4 lanes=2.8 ddraw=2.2 pts=32
  Self-play: 54W/49L/1D | score=36.7±30.5 inv=2.6 played=13.1 lanes=2.7 ddraw=2.5 pts=37
Step: 30064640  SPS: 4701  ε=0.050  ret=0.224  score=24.2  buf=100%  updates=234802
  vs FROZEN-PPO: 33W/65L/2D  win=33% | score=28.0 inv=2.8 played=13.6 ddraw=3.5
  vs Heur:   74W/37L/0D | score=32.6±33.7 inv=3.5 played=13.6 lanes=2.7 ddraw=4.3 pts=33
  vs Random: 105W/0L/0D | score=32.6±27.3 inv=2.6 played=13.7 lanes=3.0 ddraw=1.8 pts=33
  Self-play: 50W/50L/0D | score=39.5±30.7 inv=2.7 played=13.5 lanes=2.8 ddraw=2.6 pts=40
Step: 30146560  SPS: 4701  ε=0.050  ret=0.142  score=19.5  buf=100%  updates=235442
  vs FROZEN-PPO: 35W/68L/1D  win=34% | score=30.0 inv=3.1 played=13.7 ddraw=3.6
  vs Heur:   70W/41L/1D | score=31.7±35.2 inv=3.5 played=13.7 lanes=2.7 ddraw=4.4 pts=32
  vs Random: 107W/0L/0D | score=36.1±27.5 inv=2.8 played=14.1 lanes=3.0 ddraw=2.4 pts=36
  Self-play: 45W/59L/2D | score=39.1±28.2 inv=2.8 played=13.8 lanes=2.8 ddraw=2.6 pts=39
Step: 30228480  SPS: 4701  ε=0.050  ret=0.210  score=24.9  buf=100%  updates=236082
  vs FROZEN-PPO: 42W/60L/1D  win=41% | score=31.1 inv=3.3 played=14.0 ddraw=3.5
  vs Heur:   75W/32L/0D | score=33.2±39.5 inv=3.6 played=14.0 lanes=2.8 ddraw=4.4 pts=33
  vs Random: 103W/0L/0D | score=40.7±28.6 inv=2.7 played=13.5 lanes=2.7 ddraw=2.3 pts=41
  Self-play: 56W/49L/1D | score=41.1±31.8 inv=3.0 played=14.1 lanes=2.9 ddraw=2.6 pts=41
Step: 30310400  SPS: 4701  ε=0.050  ret=0.174  score=18.9  buf=100%  updates=236722
  vs FROZEN-PPO: 36W/63L/1D  win=36% | score=26.1 inv=3.2 played=13.1 ddraw=3.4
  vs Heur:   67W/40L/0D | score=27.6±30.9 inv=3.4 played=12.9 lanes=2.6 ddraw=4.3 pts=28
  vs Random: 102W/0L/0D | score=30.6±25.3 inv=2.8 played=13.0 lanes=2.7 ddraw=2.2 pts=31
  Self-play: 35W/66L/2D | score=34.2±32.0 inv=2.8 played=13.3 lanes=2.7 ddraw=2.4 pts=34
Step: 30392320  SPS: 4701  ε=0.050  ret=0.254  score=20.5  buf=100%  updates=237362
  vs FROZEN-PPO: 40W/64L/2D  win=38% | score=25.6 inv=3.1 played=13.4 ddraw=3.6
  vs Heur:   83W/23L/1D | score=38.8±34.3 inv=3.5 played=13.4 lanes=2.6 ddraw=4.5 pts=39
  vs Random: 103W/0L/0D | score=31.6±25.1 inv=2.6 played=12.9 lanes=2.7 ddraw=2.0 pts=32
  Self-play: 49W/60L/0D | score=34.9±27.8 inv=2.8 played=13.1 lanes=2.7 ddraw=2.4 pts=35
Step: 30474240  SPS: 4701  ε=0.050  ret=0.243  score=19.8  buf=100%  updates=238002
  vs FROZEN-PPO: 43W/62L/0D  win=41% | score=30.2 inv=3.2 played=13.0 ddraw=3.8
  vs Heur:   63W/38L/0D | score=28.8±32.2 inv=3.1 played=12.6 lanes=2.5 ddraw=4.2 pts=29
  vs Random: 101W/0L/0D | score=29.7±24.6 inv=2.5 played=13.0 lanes=2.8 ddraw=2.0 pts=30
  Self-play: 42W/55L/3D | score=35.8±32.7 inv=3.0 played=13.4 lanes=2.8 ddraw=2.6 pts=36
Step: 30556160  SPS: 4701  ε=0.050  ret=0.164  score=19.1  buf=100%  updates=238642
  vs FROZEN-PPO: 41W/62L/2D  win=39% | score=30.1 inv=3.5 played=13.6 ddraw=3.6
  vs Heur:   71W/36L/1D | score=32.1±35.5 inv=3.3 played=13.4 lanes=2.7 ddraw=4.3 pts=32
  vs Random: 106W/0L/0D | score=41.0±28.0 inv=2.6 played=12.9 lanes=2.6 ddraw=2.1 pts=41
  Self-play: 51W/53L/1D | score=40.9±32.9 inv=2.8 played=13.3 lanes=2.7 ddraw=2.6 pts=41
Step: 30638080  SPS: 4700  ε=0.050  ret=0.209  score=25.9  buf=100%  updates=239282
  vs FROZEN-PPO: 34W/73L/1D  win=31% | score=28.4 inv=3.2 played=13.8 ddraw=3.5
  vs Heur:   78W/27L/3D | score=32.9±30.4 inv=3.2 played=12.7 lanes=2.5 ddraw=4.5 pts=33
  vs Random: 99W/1L/0D | score=33.8±27.0 inv=2.7 played=13.0 lanes=2.7 ddraw=2.1 pts=34
  Self-play: 50W/59L/0D | score=34.4±31.6 inv=2.6 played=13.1 lanes=2.8 ddraw=2.3 pts=34
Step: 30720000  SPS: 4700  ε=0.050  ret=0.255  score=16.4  buf=100%  updates=239922
  vs FROZEN-PPO: 40W/64L/2D  win=38% | score=27.3 inv=3.3 played=13.2 ddraw=3.7
  vs Heur:   66W/39L/2D | score=31.1±30.7 inv=3.5 played=12.9 lanes=2.5 ddraw=4.3 pts=31
  vs Random: 104W/0L/0D | score=28.5±30.3 inv=2.9 played=12.6 lanes=2.6 ddraw=2.2 pts=28
  Self-play: 42W/58L/0D | score=31.4±32.1 inv=2.5 played=12.3 lanes=2.6 ddraw=2.5 pts=31
Step: 30801920  SPS: 4700  ε=0.050  ret=0.148  score=22.7  buf=100%  updates=240562
  vs FROZEN-PPO: 36W/66L/0D  win=35% | score=30.2 inv=3.2 played=12.9 ddraw=3.6
  vs Heur:   70W/39L/0D | score=30.0±32.8 inv=3.2 played=12.5 lanes=2.5 ddraw=4.2 pts=30
  vs Random: 102W/0L/0D | score=36.3±30.9 inv=2.7 played=12.7 lanes=2.6 ddraw=2.1 pts=36
  Self-play: 52W/49L/1D | score=38.8±32.2 inv=2.7 played=12.7 lanes=2.5 ddraw=2.5 pts=39
Step: 30883840  SPS: 4700  ε=0.050  ret=0.241  score=27.2  buf=100%  updates=241202
  vs FROZEN-PPO: 32W/76L/0D  win=30% | score=25.2 inv=3.4 played=13.8 ddraw=3.5
  vs Heur:   61W/36L/3D | score=31.8±35.6 inv=3.2 played=13.2 lanes=2.5 ddraw=4.3 pts=32
  vs Random: 104W/0L/0D | score=26.0±27.1 inv=2.8 played=12.6 lanes=2.7 ddraw=2.2 pts=26
  Self-play: 44W/64L/1D | score=39.8±28.9 inv=2.8 played=13.7 lanes=2.7 ddraw=2.5 pts=40
Step: 30965760  SPS: 4699  ε=0.050  ret=0.194  score=23.8  buf=100%  updates=241842
  vs FROZEN-PPO: 37W/63L/0D  win=37% | score=35.6 inv=3.2 played=13.6 ddraw=3.4
  vs Heur:   77W/28L/1D | score=28.5±29.1 inv=3.5 played=13.5 lanes=2.7 ddraw=4.3 pts=29
  vs Random: 100W/0L/0D | score=30.9±29.1 inv=2.6 played=12.9 lanes=2.7 ddraw=2.2 pts=31
  Self-play: 48W/53L/1D | score=42.5±32.5 inv=2.5 played=12.8 lanes=2.6 ddraw=2.4 pts=42
Step: 31047680  SPS: 4700  ε=0.050  ret=0.268  score=21.8  buf=100%  updates=242482
  vs FROZEN-PPO: 50W/55L/1D  win=47% | score=32.0 inv=3.4 played=13.7 ddraw=3.6
  vs Heur:   66W/38L/0D | score=30.6±33.9 inv=3.6 played=13.3 lanes=2.7 ddraw=4.5 pts=31
  vs Random: 106W/0L/0D | score=31.0±28.0 inv=3.0 played=13.5 lanes=2.8 ddraw=2.2 pts=31
  Self-play: 52W/54L/1D | score=42.8±33.6 inv=3.0 played=13.6 lanes=2.7 ddraw=2.4 pts=43
Step: 31129600  SPS: 4700  ε=0.050  ret=0.272  score=25.8  buf=100%  updates=243122
  vs FROZEN-PPO: 49W/50L/1D  win=49% | score=34.1 inv=3.2 played=13.8 ddraw=3.4
  vs Heur:   72W/32L/1D | score=33.1±31.7 inv=3.7 played=13.6 lanes=2.6 ddraw=4.4 pts=33
  vs Random: 104W/0L/0D | score=30.5±26.2 inv=2.6 played=12.6 lanes=2.7 ddraw=2.1 pts=30
  Self-play: 54W/49L/2D | score=39.6±31.5 inv=2.7 played=12.9 lanes=2.6 ddraw=2.6 pts=40
Step: 31211520  SPS: 4700  ε=0.050  ret=0.222  score=18.6  buf=100%  updates=243762
  vs FROZEN-PPO: 31W/72L/2D  win=30% | score=23.6 inv=3.2 played=13.2 ddraw=3.5
  vs Heur:   69W/43L/0D | score=32.5±31.7 inv=3.0 played=13.1 lanes=2.6 ddraw=4.2 pts=32
  vs Random: 109W/0L/0D | score=31.0±26.0 inv=2.2 played=12.8 lanes=2.8 ddraw=2.1 pts=31
  Self-play: 42W/59L/1D | score=40.5±32.2 inv=2.9 played=13.9 lanes=2.8 ddraw=2.5 pts=41
Step: 31293440  SPS: 4700  ε=0.050  ret=0.269  score=19.1  buf=100%  updates=244402
  vs FROZEN-PPO: 37W/69L/1D  win=35% | score=28.3 inv=3.0 played=12.6 ddraw=3.6
  vs Heur:   65W/36L/2D | score=26.9±32.8 inv=3.2 played=12.2 lanes=2.3 ddraw=4.3 pts=27
  vs Random: 101W/0L/0D | score=35.7±30.1 inv=2.7 played=12.4 lanes=2.4 ddraw=2.0 pts=36
  Self-play: 46W/59L/1D | score=39.7±32.8 inv=2.9 played=12.9 lanes=2.6 ddraw=2.4 pts=40
Step: 31375360  SPS: 4700  ε=0.050  ret=0.309  score=24.1  buf=100%  updates=245042
  vs FROZEN-PPO: 45W/62L/2D  win=41% | score=27.8 inv=3.2 played=13.2 ddraw=3.6
  vs Heur:   76W/33L/2D | score=35.3±30.7 inv=3.3 played=13.1 lanes=2.5 ddraw=4.2 pts=35
  vs Random: 104W/0L/0D | score=36.6±27.5 inv=2.6 played=12.7 lanes=2.6 ddraw=2.1 pts=37
  Self-play: 40W/62L/0D | score=35.6±30.7 inv=2.7 played=13.5 lanes=2.8 ddraw=2.5 pts=36
Step: 31457280  SPS: 4700  ε=0.050  ret=0.206  score=20.0  buf=100%  updates=245682
  vs FROZEN-PPO: 37W/61L/2D  win=37% | score=30.9 inv=3.2 played=14.6 ddraw=3.5
  vs Heur:   78W/26L/0D | score=34.8±27.0 inv=3.5 played=13.8 lanes=2.7 ddraw=4.3 pts=35
  vs Random: 108W/0L/0D | score=35.8±32.6 inv=2.6 played=13.4 lanes=2.8 ddraw=2.1 pts=36
  Self-play: 50W/58L/1D | score=40.6±29.9 inv=2.9 played=14.3 lanes=2.8 ddraw=2.4 pts=41
Step: 31539200  SPS: 4701  ε=0.050  ret=0.207  score=16.8  buf=100%  updates=246322
  vs FROZEN-PPO: 33W/76L/0D  win=30% | score=25.4 inv=3.1 played=13.3 ddraw=3.6
  vs Heur:   56W/45L/1D | score=26.4±28.7 inv=3.4 played=13.6 lanes=2.7 ddraw=4.3 pts=26
  vs Random: 104W/0L/0D | score=40.6±30.5 inv=2.9 played=13.8 lanes=2.7 ddraw=2.3 pts=41
  Self-play: 50W/52L/2D | score=36.7±32.3 inv=3.0 played=14.1 lanes=2.9 ddraw=2.6 pts=37
Step: 31621120  SPS: 4701  ε=0.050  ret=0.149  score=17.0  buf=100%  updates=246962
  vs FROZEN-PPO: 40W/66L/2D  win=37% | score=35.6 inv=3.5 played=14.3 ddraw=3.5
  vs Heur:   70W/31L/3D | score=29.8±31.2 inv=3.5 played=13.6 lanes=2.7 ddraw=4.3 pts=30
  vs Random: 100W/0L/0D | score=29.8±29.3 inv=2.7 played=13.3 lanes=2.8 ddraw=2.1 pts=30
  Self-play: 39W/64L/2D | score=36.4±32.0 inv=2.8 played=14.0 lanes=2.8 ddraw=2.5 pts=36
Step: 31703040  SPS: 4701  ε=0.050  ret=0.204  score=19.2  buf=100%  updates=247602
  vs FROZEN-PPO: 35W/72L/1D  win=32% | score=26.3 inv=3.1 played=13.1 ddraw=3.6
  vs Heur:   72W/32L/1D | score=31.7±32.8 inv=3.3 played=13.3 lanes=2.6 ddraw=4.3 pts=32
  vs Random: 107W/1L/0D | score=34.4±28.5 inv=2.6 played=12.4 lanes=2.5 ddraw=2.0 pts=34
  Self-play: 44W/58L/1D | score=36.2±30.2 inv=2.9 played=13.6 lanes=2.7 ddraw=2.4 pts=36
Step: 31784960  SPS: 4700  ε=0.050  ret=0.208  score=22.6  buf=100%  updates=248242
  vs FROZEN-PPO: 39W/73L/1D  win=35% | score=29.6 inv=3.0 played=12.7 ddraw=3.4
  vs Heur:   73W/32L/0D | score=29.4±31.6 inv=3.4 played=13.0 lanes=2.5 ddraw=4.4 pts=29
  vs Random: 103W/1L/0D | score=30.0±28.8 inv=2.5 played=12.6 lanes=2.6 ddraw=2.0 pts=30
  Self-play: 48W/58L/2D | score=40.9±29.8 inv=2.6 played=13.5 lanes=2.7 ddraw=2.4 pts=41
Step: 31866880  SPS: 4700  ε=0.050  ret=0.192  score=19.3  buf=100%  updates=248882
  vs FROZEN-PPO: 49W/57L/1D  win=46% | score=33.3 inv=3.0 played=12.3 ddraw=3.6
  vs Heur:   69W/36L/1D | score=31.9±30.1 inv=3.1 played=12.0 lanes=2.3 ddraw=4.3 pts=32
  vs Random: 100W/0L/0D | score=40.7±28.8 inv=2.3 played=11.7 lanes=2.2 ddraw=1.8 pts=41
  Self-play: 51W/55L/1D | score=39.3±32.1 inv=2.7 played=11.9 lanes=2.3 ddraw=2.5 pts=39
Step: 31948800  SPS: 4700  ε=0.050  ret=0.200  score=16.0  buf=100%  updates=249522
  vs FROZEN-PPO: 39W/64L/1D  win=38% | score=32.7 inv=3.3 played=13.9 ddraw=3.4
  vs Heur:   67W/34L/1D | score=33.5±32.2 inv=3.8 played=14.5 lanes=2.9 ddraw=4.3 pts=34
  vs Random: 108W/0L/0D | score=35.7±28.4 inv=2.8 played=13.5 lanes=2.8 ddraw=2.0 pts=36
  Self-play: 43W/64L/2D | score=34.9±32.5 inv=3.0 played=13.6 lanes=2.8 ddraw=2.7 pts=35
Step: 32030720  SPS: 4700  ε=0.050  ret=0.181  score=24.4  buf=100%  updates=250162
  vs FROZEN-PPO: 46W/57L/1D  win=44% | score=28.1 inv=3.3 played=13.7 ddraw=3.7
  vs Heur:   74W/30L/0D | score=31.5±34.0 inv=3.4 played=13.2 lanes=2.6 ddraw=4.4 pts=31
  vs Random: 103W/0L/0D | score=32.6±30.4 inv=2.8 played=12.4 lanes=2.6 ddraw=2.0 pts=33
  Self-play: 47W/57L/0D | score=40.4±33.3 inv=3.0 played=13.6 lanes=2.6 ddraw=2.6 pts=40
Step: 32112640  SPS: 4700  ε=0.050  ret=0.222  score=17.1  buf=100%  updates=250802
  vs FROZEN-PPO: 44W/64L/0D  win=41% | score=27.2 inv=3.2 played=13.3 ddraw=3.7
  vs Heur:   63W/42L/2D | score=25.7±33.8 inv=3.4 played=13.3 lanes=2.7 ddraw=4.3 pts=26
  vs Random: 103W/0L/0D | score=34.4±30.7 inv=2.9 played=13.3 lanes=2.7 ddraw=1.9 pts=34
  Self-play: 42W/61L/2D | score=34.7±30.4 inv=2.8 played=13.6 lanes=2.8 ddraw=2.4 pts=35
Step: 32194560  SPS: 4700  ε=0.050  ret=0.193  score=20.8  buf=100%  updates=251442
  vs FROZEN-PPO: 37W/66L/1D  win=36% | score=31.8 inv=3.0 played=13.3 ddraw=3.6
  vs Heur:   74W/32L/1D | score=31.7±29.2 inv=3.4 played=13.1 lanes=2.6 ddraw=4.5 pts=32
  vs Random: 107W/0L/1D | score=32.2±26.6 inv=2.6 played=12.8 lanes=2.6 ddraw=2.1 pts=32
  Self-play: 43W/65L/3D | score=37.8±26.2 inv=2.7 played=13.4 lanes=2.7 ddraw=2.5 pts=38
Step: 32276480  SPS: 4700  ε=0.050  ret=0.202  score=22.4  buf=100%  updates=252082
  vs FROZEN-PPO: 32W/70L/0D  win=31% | score=30.1 inv=3.5 played=14.3 ddraw=3.4
  vs Heur:   69W/32L/5D | score=32.8±32.9 inv=3.8 played=14.0 lanes=2.7 ddraw=4.3 pts=33
  vs Random: 107W/0L/0D | score=36.0±31.6 inv=2.7 played=13.5 lanes=2.8 ddraw=1.9 pts=36
  Self-play: 51W/48L/1D | score=39.0±30.5 inv=3.0 played=13.6 lanes=2.6 ddraw=2.5 pts=39
Step: 32358400  SPS: 4700  ε=0.050  ret=0.192  score=18.5  buf=100%  updates=252722
  vs FROZEN-PPO: 41W/66L/1D  win=38% | score=28.2 inv=3.5 played=14.1 ddraw=3.6
  vs Heur:   74W/29L/0D | score=35.0±35.1 inv=3.7 played=13.8 lanes=2.6 ddraw=4.4 pts=35
  vs Random: 105W/0L/0D | score=34.1±34.5 inv=2.8 played=13.0 lanes=2.6 ddraw=2.1 pts=34
  Self-play: 45W/59L/2D | score=40.7±33.5 inv=2.9 played=13.7 lanes=2.7 ddraw=2.4 pts=41
Step: 32440320  SPS: 4700  ε=0.050  ret=0.175  score=19.3  buf=100%  updates=253362
  vs FROZEN-PPO: 36W/65L/1D  win=35% | score=30.0 inv=3.4 played=14.1 ddraw=3.5
  vs Heur:   65W/35L/1D | score=29.4±32.3 inv=3.4 played=13.8 lanes=2.7 ddraw=4.5 pts=29
  vs Random: 109W/0L/0D | score=31.1±31.7 inv=2.6 played=12.6 lanes=2.6 ddraw=1.8 pts=31
  Self-play: 55W/48L/0D | score=41.3±34.6 inv=2.8 played=13.4 lanes=2.7 ddraw=2.7 pts=41
Step: 32522240  SPS: 4700  ε=0.050  ret=0.170  score=22.4  buf=100%  updates=254002
  vs FROZEN-PPO: 44W/63L/1D  win=41% | score=27.4 inv=3.4 played=14.0 ddraw=3.9
  vs Heur:   69W/37L/0D | score=29.0±33.5 inv=3.8 played=14.8 lanes=3.0 ddraw=4.5 pts=29
  vs Random: 103W/0L/0D | score=36.7±30.8 inv=3.1 played=14.3 lanes=3.0 ddraw=2.3 pts=37
  Self-play: 51W/55L/1D | score=42.2±31.6 inv=3.1 played=14.1 lanes=2.7 ddraw=2.5 pts=42
Step: 32604160  SPS: 4701  ε=0.050  ret=0.228  score=11.0  buf=100%  updates=254642
  vs FROZEN-PPO: 36W/68L/1D  win=34% | score=31.0 inv=3.5 played=14.3 ddraw=3.6
  vs Heur:   71W/35L/2D | score=30.3±28.7 inv=3.7 played=14.2 lanes=2.8 ddraw=4.4 pts=30
  vs Random: 100W/0L/0D | score=39.2±27.5 inv=2.8 played=14.4 lanes=2.9 ddraw=2.0 pts=39
  Self-play: 47W/55L/2D | score=42.5±29.2 inv=3.0 played=14.3 lanes=2.8 ddraw=2.7 pts=43
Step: 32686080  SPS: 4702  ε=0.050  ret=0.257  score=27.6  buf=100%  updates=255282
  vs FROZEN-PPO: 45W/54L/2D  win=45% | score=31.7 inv=3.3 played=14.0 ddraw=3.6
  vs Heur:   63W/38L/2D | score=32.4±31.5 inv=3.4 played=13.1 lanes=2.5 ddraw=4.3 pts=32
  vs Random: 108W/0L/0D | score=29.1±26.2 inv=2.8 played=13.2 lanes=2.8 ddraw=2.2 pts=29
  Self-play: 48W/56L/2D | score=42.3±30.0 inv=3.1 played=13.5 lanes=2.6 ddraw=2.6 pts=42
Step: 32768000  SPS: 4702  ε=0.050  ret=0.269  score=20.9  buf=100%  updates=255922
  vs FROZEN-PPO: 35W/65L/0D  win=35% | score=30.6 inv=3.0 played=13.6 ddraw=3.5
  vs Heur:   63W/35L/2D | score=34.0±31.4 inv=3.6 played=14.1 lanes=2.7 ddraw=4.2 pts=34
  vs Random: 103W/0L/0D | score=30.9±27.6 inv=2.6 played=12.9 lanes=2.7 ddraw=2.0 pts=31
  Self-play: 52W/52L/1D | score=39.5±32.1 inv=2.8 played=13.0 lanes=2.6 ddraw=2.5 pts=39
Step: 32849920  SPS: 4702  ε=0.050  ret=0.328  score=20.1  buf=100%  updates=256562
  vs FROZEN-PPO: 45W/60L/3D  win=42% | score=31.7 inv=3.3 played=13.7 ddraw=3.7
  vs Heur:   66W/38L/2D | score=28.3±33.9 inv=3.6 played=14.0 lanes=2.7 ddraw=4.6 pts=28
  vs Random: 103W/0L/0D | score=37.4±30.9 inv=2.8 played=13.6 lanes=2.8 ddraw=2.2 pts=37
  Self-play: 53W/49L/1D | score=33.5±29.1 inv=2.9 played=13.4 lanes=2.7 ddraw=2.5 pts=34
Step: 32931840  SPS: 4702  ε=0.050  ret=0.290  score=21.1  buf=100%  updates=257202
  vs FROZEN-PPO: 39W/64L/1D  win=38% | score=27.4 inv=3.6 played=13.6 ddraw=3.5
  vs Heur:   76W/32L/2D | score=29.1±32.5 inv=3.6 played=14.3 lanes=2.9 ddraw=4.5 pts=29
  vs Random: 109W/1L/0D | score=29.2±28.5 inv=3.1 played=13.6 lanes=2.8 ddraw=2.2 pts=29
  Self-play: 43W/61L/1D | score=37.2±35.3 inv=3.2 played=14.1 lanes=2.9 ddraw=2.4 pts=37
Step: 33013760  SPS: 4702  ε=0.050  ret=0.202  score=19.0  buf=100%  updates=257842
  vs FROZEN-PPO: 40W/64L/1D  win=38% | score=35.0 inv=3.3 played=14.2 ddraw=3.6
  vs Heur:   67W/33L/5D | score=32.8±33.3 inv=3.6 played=13.5 lanes=2.6 ddraw=4.4 pts=33
  vs Random: 100W/0L/0D | score=34.3±31.0 inv=3.0 played=13.8 lanes=2.9 ddraw=2.1 pts=34
  Self-play: 46W/63L/1D | score=40.6±32.0 inv=2.9 played=13.7 lanes=2.7 ddraw=2.4 pts=41
Step: 33095680  SPS: 4702  ε=0.050  ret=0.164  score=25.2  buf=100%  updates=258482
  vs FROZEN-PPO: 40W/63L/1D  win=38% | score=30.4 inv=3.3 played=13.8 ddraw=3.5
  vs Heur:   74W/32L/1D | score=34.9±37.5 inv=4.0 played=14.6 lanes=2.8 ddraw=4.3 pts=35
  vs Random: 109W/0L/0D | score=36.5±30.3 inv=3.1 played=14.2 lanes=2.8 ddraw=2.1 pts=36
  Self-play: 44W/62L/0D | score=35.1±28.5 inv=2.6 played=12.9 lanes=2.6 ddraw=2.6 pts=35
Step: 33177600  SPS: 4702  ε=0.050  ret=0.224  score=22.9  buf=100%  updates=259122
  vs FROZEN-PPO: 44W/57L/1D  win=43% | score=34.8 inv=3.3 played=13.4 ddraw=3.3
  vs Heur:   75W/34L/1D | score=38.6±35.8 inv=3.7 played=13.9 lanes=2.6 ddraw=4.2 pts=39
  vs Random: 105W/0L/0D | score=34.0±27.9 inv=2.8 played=13.0 lanes=2.6 ddraw=2.1 pts=34
  Self-play: 49W/49L/2D | score=41.8±35.4 inv=2.9 played=12.8 lanes=2.5 ddraw=2.5 pts=42
Step: 33259520  SPS: 4702  ε=0.050  ret=0.180  score=20.1  buf=100%  updates=259762
  vs FROZEN-PPO: 51W/57L/1D  win=47% | score=36.4 inv=3.4 played=13.9 ddraw=3.3
  vs Heur:   68W/31L/1D | score=31.9±36.2 inv=3.8 played=14.0 lanes=2.7 ddraw=4.3 pts=32
  vs Random: 109W/1L/0D | score=34.2±31.8 inv=3.2 played=14.1 lanes=2.9 ddraw=2.0 pts=34
  Self-play: 39W/65L/2D | score=38.9±31.2 inv=2.9 played=13.8 lanes=2.7 ddraw=2.5 pts=39
Step: 33341440  SPS: 4702  ε=0.050  ret=0.286  score=22.4  buf=100%  updates=260402
  vs FROZEN-PPO: 37W/67L/0D  win=36% | score=31.0 inv=3.1 played=13.0 ddraw=3.3
  vs Heur:   72W/36L/0D | score=33.9±33.8 inv=3.5 played=13.1 lanes=2.5 ddraw=4.4 pts=34
  vs Random: 103W/0L/1D | score=36.1±32.9 inv=2.7 played=12.5 lanes=2.5 ddraw=1.9 pts=36
  Self-play: 46W/57L/0D | score=40.9±31.4 inv=2.8 played=12.9 lanes=2.5 ddraw=2.4 pts=41
Step: 33423360  SPS: 4701  ε=0.050  ret=0.282  score=25.2  buf=100%  updates=261042
  vs FROZEN-PPO: 42W/68L/0D  win=38% | score=31.6 inv=3.0 played=13.0 ddraw=3.4
  vs Heur:   66W/37L/1D | score=31.5±35.8 inv=3.5 played=13.1 lanes=2.5 ddraw=4.5 pts=32
  vs Random: 105W/0L/0D | score=31.1±27.7 inv=2.7 played=12.6 lanes=2.6 ddraw=2.2 pts=31
  Self-play: 49W/56L/0D | score=43.2±33.8 inv=2.8 played=13.0 lanes=2.5 ddraw=2.6 pts=43
Step: 33505280  SPS: 4701  ε=0.050  ret=0.238  score=22.8  buf=100%  updates=261682
  vs FROZEN-PPO: 42W/67L/1D  win=38% | score=32.0 inv=3.2 played=12.9 ddraw=3.3
  vs Heur:   70W/40L/0D | score=28.5±34.8 inv=3.4 played=12.9 lanes=2.5 ddraw=4.3 pts=29
  vs Random: 106W/0L/0D | score=34.5±29.6 inv=2.6 played=11.9 lanes=2.4 ddraw=2.0 pts=34
  Self-play: 50W/57L/1D | score=41.2±30.7 inv=2.8 played=13.0 lanes=2.5 ddraw=2.7 pts=41
Step: 33587200  SPS: 4702  ε=0.050  ret=0.202  score=19.9  buf=100%  updates=262322
  vs FROZEN-PPO: 40W/65L/1D  win=38% | score=34.2 inv=3.1 played=13.2 ddraw=3.3
  vs Heur:   74W/31L/0D | score=36.8±35.6 inv=3.6 played=13.1 lanes=2.4 ddraw=4.1 pts=37
  vs Random: 104W/0L/0D | score=38.3±28.1 inv=2.5 played=12.5 lanes=2.4 ddraw=1.9 pts=38
  Self-play: 42W/57L/1D | score=39.4±28.3 inv=2.7 played=12.6 lanes=2.5 ddraw=2.3 pts=39
Step: 33669120  SPS: 4702  ε=0.050  ret=0.350  score=23.4  buf=100%  updates=262962
  vs FROZEN-PPO: 37W/63L/2D  win=36% | score=27.4 inv=3.2 played=13.3 ddraw=3.6
  vs Heur:   69W/41L/0D | score=23.7±30.6 inv=3.7 played=12.9 lanes=2.5 ddraw=4.4 pts=24
  vs Random: 105W/1L/0D | score=26.1±24.6 inv=2.5 played=11.7 lanes=2.4 ddraw=2.0 pts=26
  Self-play: 52W/51L/0D | score=41.0±35.1 inv=3.0 played=13.2 lanes=2.6 ddraw=2.6 pts=41
Step: 33751040  SPS: 4702  ε=0.050  ret=0.326  score=21.8  buf=100%  updates=263602
  vs FROZEN-PPO: 39W/62L/0D  win=39% | score=32.1 inv=3.2 played=13.2 ddraw=3.2
  vs Heur:   75W/27L/0D | score=37.6±34.5 inv=3.3 played=13.2 lanes=2.5 ddraw=4.3 pts=38
  vs Random: 106W/0L/0D | score=38.0±26.7 inv=2.7 played=12.6 lanes=2.5 ddraw=1.8 pts=38
  Self-play: 52W/54L/1D | score=43.4±30.0 inv=2.8 played=13.4 lanes=2.6 ddraw=2.6 pts=43
Step: 33832960  SPS: 4702  ε=0.050  ret=0.287  score=19.4  buf=100%  updates=264242
  vs FROZEN-PPO: 42W/58L/0D  win=42% | score=29.2 inv=3.0 played=12.9 ddraw=3.6
  vs Heur:   65W/36L/3D | score=29.6±33.0 inv=3.5 played=12.7 lanes=2.4 ddraw=4.3 pts=30
  vs Random: 100W/0L/0D | score=36.1±30.2 inv=2.6 played=12.5 lanes=2.5 ddraw=1.9 pts=36
  Self-play: 52W/51L/2D | score=40.4±31.6 inv=2.9 played=13.1 lanes=2.5 ddraw=2.5 pts=40
Step: 33914880  SPS: 4703  ε=0.050  ret=0.293  score=20.9  buf=100%  updates=264882
  vs FROZEN-PPO: 43W/61L/1D  win=41% | score=38.2 inv=3.0 played=13.0 ddraw=3.3
  vs Heur:   69W/34L/0D | score=33.6±32.1 inv=3.2 played=12.7 lanes=2.5 ddraw=4.1 pts=34
  vs Random: 106W/1L/0D | score=35.5±30.2 inv=2.7 played=12.5 lanes=2.5 ddraw=1.8 pts=35
  Self-play: 42W/58L/1D | score=37.8±29.5 inv=2.8 played=12.4 lanes=2.4 ddraw=2.3 pts=38
Step: 33996800  SPS: 4703  ε=0.050  ret=0.250  score=21.1  buf=100%  updates=265522
  vs FROZEN-PPO: 39W/61L/1D  win=39% | score=28.3 inv=2.8 played=12.6 ddraw=3.6
  vs Heur:   71W/31L/3D | score=31.6±31.2 inv=3.2 played=12.7 lanes=2.5 ddraw=4.4 pts=32
  vs Random: 110W/1L/0D | score=38.5±31.1 inv=2.2 played=11.9 lanes=2.4 ddraw=1.9 pts=38
  Self-play: 42W/57L/1D | score=40.4±32.3 inv=2.5 played=12.5 lanes=2.5 ddraw=2.4 pts=40
Step: 34078720  SPS: 4703  ε=0.050  ret=0.180  score=27.4  buf=100%  updates=266162
  vs FROZEN-PPO: 43W/57L/0D  win=43% | score=31.8 inv=2.9 played=12.1 ddraw=3.5
  vs Heur:   78W/27L/3D | score=36.3±32.5 inv=3.3 played=12.7 lanes=2.4 ddraw=4.4 pts=36
  vs Random: 103W/0L/0D | score=35.0±29.6 inv=2.2 played=11.1 lanes=2.2 ddraw=1.8 pts=35
  Self-play: 62W/45L/0D | score=42.5±32.0 inv=2.7 played=12.7 lanes=2.4 ddraw=2.5 pts=42
Step: 34160640  SPS: 4703  ε=0.050  ret=0.238  score=25.8  buf=100%  updates=266802
  vs FROZEN-PPO: 41W/63L/1D  win=39% | score=29.2 inv=2.9 played=12.3 ddraw=3.3
  vs Heur:   69W/39L/2D | score=32.8±33.2 inv=3.2 played=12.6 lanes=2.4 ddraw=4.4 pts=33
  vs Random: 106W/1L/0D | score=32.1±27.0 inv=2.4 played=11.7 lanes=2.4 ddraw=2.1 pts=32
  Self-play: 53W/47L/1D | score=41.3±33.9 inv=2.6 played=12.9 lanes=2.5 ddraw=2.5 pts=41
Step: 34242560  SPS: 4703  ε=0.050  ret=0.154  score=19.1  buf=100%  updates=267442
  vs FROZEN-PPO: 42W/64L/0D  win=40% | score=30.4 inv=3.1 played=12.8 ddraw=3.5
  vs Heur:   71W/36L/0D | score=33.0±35.0 inv=3.4 played=12.3 lanes=2.3 ddraw=4.4 pts=33
  vs Random: 113W/0L/0D | score=35.7±31.1 inv=2.6 played=12.2 lanes=2.4 ddraw=1.9 pts=36
  Self-play: 52W/57L/2D | score=37.4±33.0 inv=3.0 played=12.8 lanes=2.5 ddraw=2.7 pts=37
Step: 34324480  SPS: 4703  ε=0.050  ret=0.191  score=24.0  buf=100%  updates=268082
  vs FROZEN-PPO: 35W/70L/1D  win=33% | score=29.6 inv=3.1 played=12.8 ddraw=3.4
  vs Heur:   79W/26L/1D | score=40.0±32.7 inv=3.6 played=13.2 lanes=2.5 ddraw=4.3 pts=40
  vs Random: 104W/0L/0D | score=34.2±25.7 inv=2.4 played=12.2 lanes=2.5 ddraw=2.0 pts=34
  Self-play: 57W/43L/2D | score=45.7±30.6 inv=2.7 played=12.8 lanes=2.4 ddraw=2.5 pts=46
Step: 34406400  SPS: 4703  ε=0.050  ret=0.202  score=22.5  buf=100%  updates=268722
  vs FROZEN-PPO: 41W/60L/0D  win=41% | score=29.8 inv=3.0 played=12.5 ddraw=3.4
  vs Heur:   76W/30L/1D | score=31.4±27.7 inv=3.3 played=12.8 lanes=2.4 ddraw=4.2 pts=31
  vs Random: 107W/0L/0D | score=36.8±29.7 inv=2.5 played=12.1 lanes=2.4 ddraw=1.9 pts=37
  Self-play: 55W/50L/0D | score=41.0±33.8 inv=2.7 played=12.5 lanes=2.4 ddraw=2.7 pts=41
Step: 34488320  SPS: 4704  ε=0.050  ret=0.276  score=22.9  buf=100%  updates=269362
  vs FROZEN-PPO: 38W/63L/2D  win=37% | score=32.9 inv=3.3 played=13.1 ddraw=3.2
  vs Heur:   65W/35L/1D | score=32.8±31.1 inv=3.5 played=13.3 lanes=2.6 ddraw=4.3 pts=33
  vs Random: 111W/0L/0D | score=32.9±25.9 inv=2.7 played=12.8 lanes=2.6 ddraw=2.0 pts=33
  Self-play: 44W/57L/2D | score=38.2±30.2 inv=3.0 played=12.9 lanes=2.5 ddraw=2.4 pts=38
Step: 34570240  SPS: 4704  ε=0.050  ret=0.205  score=22.9  buf=100%  updates=270002
  vs FROZEN-PPO: 32W/72L/1D  win=30% | score=29.1 inv=3.0 played=12.7 ddraw=3.6
  vs Heur:   71W/30L/0D | score=31.7±35.3 inv=3.6 played=13.2 lanes=2.7 ddraw=4.4 pts=32
  vs Random: 106W/0L/0D | score=37.7±28.9 inv=2.6 played=12.6 lanes=2.5 ddraw=2.1 pts=38
  Self-play: 45W/53L/2D | score=41.5±30.5 inv=2.9 played=13.2 lanes=2.5 ddraw=2.5 pts=42
Step: 34652160  SPS: 4705  ε=0.050  ret=0.298  score=25.6  buf=100%  updates=270642
  vs FROZEN-PPO: 45W/54L/1D  win=45% | score=35.9 inv=3.0 played=12.7 ddraw=3.5
  vs Heur:   79W/25L/1D | score=34.2±29.6 inv=3.3 played=13.0 lanes=2.5 ddraw=4.4 pts=34
  vs Random: 108W/2L/0D | score=29.1±29.2 inv=2.6 played=12.1 lanes=2.4 ddraw=2.1 pts=29
  Self-play: 49W/57L/1D | score=35.4±31.1 inv=3.0 played=13.0 lanes=2.6 ddraw=2.6 pts=35
Step: 34734080  SPS: 4706  ε=0.050  ret=0.239  score=23.4  buf=100%  updates=271282
  vs FROZEN-PPO: 36W/64L/0D  win=36% | score=26.6 inv=3.1 played=12.7 ddraw=3.5
  vs Heur:   81W/26L/1D | score=37.3±28.2 inv=3.4 played=13.2 lanes=2.5 ddraw=4.3 pts=37
  vs Random: 107W/0L/0D | score=35.2±26.9 inv=2.6 played=13.1 lanes=2.7 ddraw=2.0 pts=35
  Self-play: 47W/51L/2D | score=46.9±35.1 inv=2.9 played=12.8 lanes=2.4 ddraw=2.6 pts=47
Step: 34816000  SPS: 4704  ε=0.050  ret=0.375  score=27.0  buf=100%  updates=271922
  vs FROZEN-PPO: 38W/70L/1D  win=35% | score=29.9 inv=3.1 played=12.5 ddraw=3.4
  vs Heur:   73W/32L/1D | score=34.5±32.9 inv=3.4 played=12.8 lanes=2.4 ddraw=4.4 pts=34
  vs Random: 103W/0L/0D | score=31.3±25.9 inv=2.6 played=12.3 lanes=2.5 ddraw=2.1 pts=31
  Self-play: 54W/55L/0D | score=45.1±29.5 inv=2.9 played=13.0 lanes=2.5 ddraw=2.4 pts=45
Step: 34897920  SPS: 4700  ε=0.050  ret=0.245  score=22.0  buf=100%  updates=272562
  vs FROZEN-PPO: 48W/55L/1D  win=46% | score=34.2 inv=3.2 played=14.1 ddraw=3.3
  vs Heur:   62W/42L/1D | score=26.2±28.3 inv=3.4 played=13.4 lanes=2.7 ddraw=4.3 pts=26
  vs Random: 108W/0L/0D | score=33.9±32.6 inv=2.6 played=13.0 lanes=2.7 ddraw=2.1 pts=34
  Self-play: 48W/59L/0D | score=37.2±29.6 inv=2.7 played=13.4 lanes=2.7 ddraw=2.5 pts=37
Step: 34979840  SPS: 4700  ε=0.050  ret=0.282  score=18.5  buf=100%  updates=273202
  vs FROZEN-PPO: 47W/52L/3D  win=46% | score=32.2 inv=3.1 played=13.7 ddraw=3.5
  vs Heur:   71W/35L/1D | score=31.4±29.9 inv=3.6 played=13.8 lanes=2.7 ddraw=4.4 pts=31
  vs Random: 104W/0L/0D | score=31.8±31.7 inv=2.8 played=12.5 lanes=2.6 ddraw=2.5 pts=32
  Self-play: 60W/45L/2D | score=47.0±31.2 inv=2.8 played=13.2 lanes=2.6 ddraw=2.4 pts=47
Step: 35061760  SPS: 4700  ε=0.050  ret=0.221  score=21.0  buf=100%  updates=273842
  vs FROZEN-PPO: 40W/64L/0D  win=38% | score=28.2 inv=3.2 played=13.0 ddraw=3.5
  vs Heur:   72W/34L/2D | score=32.8±35.9 inv=3.2 played=13.1 lanes=2.5 ddraw=4.3 pts=33
  vs Random: 105W/0L/0D | score=39.6±33.4 inv=2.6 played=12.9 lanes=2.5 ddraw=1.9 pts=40
  Self-play: 50W/59L/0D | score=41.9±28.0 inv=2.8 played=13.3 lanes=2.6 ddraw=2.5 pts=42
Step: 35143680  SPS: 4699  ε=0.050  ret=0.173  score=25.1  buf=100%  updates=274482
  vs FROZEN-PPO: 40W/59L/1D  win=40% | score=32.1 inv=3.2 played=13.5 ddraw=3.5
  vs Heur:   67W/34L/0D | score=35.2±35.0 inv=3.4 played=13.8 lanes=2.7 ddraw=4.3 pts=35
  vs Random: 105W/0L/0D | score=38.4±30.6 inv=2.7 played=13.4 lanes=2.8 ddraw=2.1 pts=38
  Self-play: 46W/53L/1D | score=42.1±31.6 inv=2.6 played=13.5 lanes=2.7 ddraw=2.7 pts=42
Step: 35225600  SPS: 4699  ε=0.050  ret=0.213  score=28.6  buf=100%  updates=275122
  vs FROZEN-PPO: 44W/62L/0D  win=42% | score=34.2 inv=3.0 played=12.8 ddraw=3.5
  vs Heur:   70W/33L/0D | score=30.4±33.3 inv=3.2 played=12.6 lanes=2.5 ddraw=4.4 pts=30
  vs Random: 107W/0L/0D | score=30.5±27.6 inv=2.6 played=12.6 lanes=2.7 ddraw=1.9 pts=31
  Self-play: 52W/56L/1D | score=39.4±31.1 inv=2.7 played=12.5 lanes=2.5 ddraw=2.5 pts=39
Step: 35307520  SPS: 4699  ε=0.050  ret=0.236  score=20.1  buf=100%  updates=275762
  vs FROZEN-PPO: 34W/71L/1D  win=32% | score=33.7 inv=3.3 played=13.6 ddraw=3.4
  vs Heur:   76W/29L/1D | score=35.8±32.9 inv=3.4 played=13.1 lanes=2.5 ddraw=4.1 pts=36
  vs Random: 107W/1L/0D | score=37.8±27.2 inv=2.4 played=12.5 lanes=2.5 ddraw=2.0 pts=38
  Self-play: 55W/55L/1D | score=45.6±35.1 inv=2.8 played=12.9 lanes=2.5 ddraw=2.6 pts=46
Step: 35389440  SPS: 4699  ε=0.050  ret=0.281  score=23.3  buf=100%  updates=276402
  vs FROZEN-PPO: 40W/65L/0D  win=38% | score=32.8 inv=2.9 played=12.6 ddraw=3.2
  vs Heur:   76W/29L/0D | score=33.8±32.7 inv=3.1 played=12.1 lanes=2.2 ddraw=4.4 pts=34
  vs Random: 107W/0L/0D | score=36.2±28.2 inv=2.6 played=12.0 lanes=2.4 ddraw=1.9 pts=36
  Self-play: 50W/53L/0D | score=41.5±35.0 inv=2.6 played=12.2 lanes=2.3 ddraw=2.6 pts=42
Step: 35471360  SPS: 4699  ε=0.050  ret=0.338  score=20.2  buf=100%  updates=277042
  vs FROZEN-PPO: 37W/69L/1D  win=35% | score=31.9 inv=2.5 played=11.7 ddraw=3.5
  vs Heur:   72W/31L/1D | score=31.2±30.9 inv=3.1 played=12.3 lanes=2.3 ddraw=4.3 pts=31
  vs Random: 105W/0L/0D | score=32.4±25.9 inv=2.3 played=11.9 lanes=2.5 ddraw=1.9 pts=32
  Self-play: 46W/60L/0D | score=36.4±31.1 inv=2.6 played=12.6 lanes=2.5 ddraw=2.6 pts=36
Step: 35553280  SPS: 4699  ε=0.050  ret=0.331  score=29.4  buf=100%  updates=277682
  vs FROZEN-PPO: 47W/58L/1D  win=44% | score=29.8 inv=2.8 played=12.9 ddraw=3.4
  vs Heur:   76W/27L/1D | score=34.7±32.3 inv=3.4 played=13.0 lanes=2.5 ddraw=4.2 pts=35
  vs Random: 105W/1L/0D | score=35.3±28.7 inv=2.7 played=12.7 lanes=2.6 ddraw=2.0 pts=35
  Self-play: 54W/51L/2D | score=40.0±27.1 inv=2.5 played=12.8 lanes=2.5 ddraw=2.5 pts=40
Step: 35635200  SPS: 4699  ε=0.050  ret=0.323  score=23.7  buf=100%  updates=278322
  vs FROZEN-PPO: 40W/60L/0D  win=40% | score=30.1 inv=2.9 played=12.0 ddraw=3.2
  vs Heur:   82W/22L/0D | score=41.7±35.4 inv=3.0 played=12.4 lanes=2.2 ddraw=4.3 pts=42
  vs Random: 108W/1L/0D | score=35.8±29.7 inv=2.3 played=11.7 lanes=2.4 ddraw=1.8 pts=36
  Self-play: 44W/62L/1D | score=39.1±28.3 inv=2.5 played=12.2 lanes=2.4 ddraw=2.4 pts=39
Step: 35717120  SPS: 4699  ε=0.050  ret=0.261  score=21.6  buf=100%  updates=278962
  vs FROZEN-PPO: 40W/65L/1D  win=38% | score=32.9 inv=3.0 played=13.3 ddraw=3.4
  vs Heur:   78W/28L/0D | score=37.3±33.7 inv=3.2 played=13.0 lanes=2.4 ddraw=4.3 pts=37
  vs Random: 104W/0L/0D | score=35.2±26.5 inv=2.7 played=12.7 lanes=2.5 ddraw=2.0 pts=35
  Self-play: 47W/57L/0D | score=45.2±31.6 inv=2.7 played=13.1 lanes=2.5 ddraw=2.6 pts=45
Step: 35799040  SPS: 4699  ε=0.050  ret=0.240  score=21.8  buf=100%  updates=279602
  vs FROZEN-PPO: 40W/64L/1D  win=38% | score=31.2 inv=2.8 played=12.1 ddraw=3.4
  vs Heur:   67W/31L/3D | score=30.5±30.8 inv=3.1 played=12.1 lanes=2.3 ddraw=4.2 pts=31
  vs Random: 104W/0L/0D | score=41.8±28.2 inv=2.3 played=12.0 lanes=2.3 ddraw=1.9 pts=42
  Self-play: 45W/57L/3D | score=39.4±30.1 inv=2.6 played=12.5 lanes=2.5 ddraw=2.6 pts=39
Step: 35880960  SPS: 4700  ε=0.050  ret=0.181  score=21.8  buf=100%  updates=280242
  vs FROZEN-PPO: 45W/62L/2D  win=41% | score=32.8 inv=2.9 played=12.3 ddraw=3.3
  vs Heur:   70W/27L/3D | score=34.3±30.7 inv=3.5 played=13.2 lanes=2.4 ddraw=4.5 pts=34
  vs Random: 102W/0L/0D | score=37.1±32.0 inv=2.6 played=12.2 lanes=2.4 ddraw=1.8 pts=37
  Self-play: 52W/46L/2D | score=40.2±34.6 inv=2.8 played=12.7 lanes=2.5 ddraw=2.3 pts=40
Step: 35962880  SPS: 4699  ε=0.050  ret=0.183  score=21.4  buf=100%  updates=280882
  vs FROZEN-PPO: 49W/58L/0D  win=46% | score=30.7 inv=2.9 played=12.8 ddraw=3.6
  vs Heur:   69W/33L/1D | score=36.6±33.6 inv=3.3 played=13.3 lanes=2.6 ddraw=4.3 pts=37
  vs Random: 104W/0L/0D | score=37.1±27.1 inv=2.4 played=12.5 lanes=2.5 ddraw=1.9 pts=37
  Self-play: 55W/51L/0D | score=41.6±32.4 inv=2.7 played=12.7 lanes=2.5 ddraw=2.7 pts=42
Step: 36044800  SPS: 4699  ε=0.050  ret=0.209  score=23.7  buf=100%  updates=281522
  vs FROZEN-PPO: 34W/68L/2D  win=33% | score=28.9 inv=3.1 played=12.9 ddraw=3.4
  vs Heur:   71W/34L/1D | score=32.5±32.4 inv=3.3 played=13.3 lanes=2.6 ddraw=4.4 pts=32
  vs Random: 108W/0L/0D | score=39.3±30.3 inv=2.9 played=13.4 lanes=2.7 ddraw=1.8 pts=39
  Self-play: 54W/49L/0D | score=41.7±24.8 inv=2.9 played=13.6 lanes=2.7 ddraw=2.4 pts=42
Step: 36126720  SPS: 4699  ε=0.050  ret=0.270  score=22.1  buf=100%  updates=282162
  vs FROZEN-PPO: 50W/57L/0D  win=47% | score=33.9 inv=3.0 played=13.4 ddraw=3.5
  vs Heur:   68W/32L/2D | score=33.1±34.1 inv=3.6 played=13.6 lanes=2.6 ddraw=4.3 pts=33
  vs Random: 105W/0L/0D | score=30.7±31.7 inv=2.7 played=13.0 lanes=2.7 ddraw=2.0 pts=31
  Self-play: 50W/55L/1D | score=43.8±27.9 inv=2.7 played=13.2 lanes=2.6 ddraw=2.4 pts=44
Step: 36208640  SPS: 4700  ε=0.050  ret=0.211  score=22.7  buf=100%  updates=282802
  vs FROZEN-PPO: 38W/66L/0D  win=37% | score=29.4 inv=2.9 played=13.3 ddraw=3.3
  vs Heur:   65W/35L/1D | score=37.4±35.0 inv=3.2 played=13.8 lanes=2.7 ddraw=4.4 pts=37
  vs Random: 110W/0L/0D | score=35.0±25.7 inv=2.6 played=13.5 lanes=2.8 ddraw=2.1 pts=35
  Self-play: 56W/47L/1D | score=44.0±35.7 inv=2.6 played=13.5 lanes=2.6 ddraw=2.6 pts=44
Step: 36290560  SPS: 4700  ε=0.050  ret=0.258  score=26.9  buf=100%  updates=283442
  vs FROZEN-PPO: 36W/75L/0D  win=32% | score=31.7 inv=3.5 played=14.5 ddraw=3.4
  vs Heur:   77W/30L/0D | score=39.3±37.8 inv=3.5 played=14.6 lanes=2.8 ddraw=4.4 pts=39
  vs Random: 109W/0L/0D | score=34.3±28.9 inv=2.8 played=14.1 lanes=2.9 ddraw=2.1 pts=34
  Self-play: 53W/53L/2D | score=43.9±31.1 inv=2.9 played=14.6 lanes=2.9 ddraw=2.6 pts=44
Step: 36372480  SPS: 4700  ε=0.050  ret=0.338  score=19.6  buf=100%  updates=284082
  vs FROZEN-PPO: 37W/66L/1D  win=36% | score=30.5 inv=3.0 played=12.4 ddraw=3.3
  vs Heur:   75W/31L/0D | score=38.2±36.8 inv=3.5 played=12.9 lanes=2.4 ddraw=4.4 pts=38
  vs Random: 105W/0L/0D | score=34.0±34.2 inv=2.7 played=12.9 lanes=2.6 ddraw=1.9 pts=34
  Self-play: 47W/60L/0D | score=35.5±29.2 inv=2.9 played=13.2 lanes=2.7 ddraw=2.5 pts=36
Step: 36454400  SPS: 4700  ε=0.050  ret=0.249  score=24.7  buf=100%  updates=284722
  vs FROZEN-PPO: 52W/54L/0D  win=49% | score=31.5 inv=3.0 played=13.4 ddraw=3.3
  vs Heur:   67W/31L/2D | score=38.3±34.1 inv=3.6 played=13.7 lanes=2.6 ddraw=4.1 pts=38
  vs Random: 106W/0L/0D | score=33.6±28.1 inv=2.5 played=12.5 lanes=2.5 ddraw=2.0 pts=34
  Self-play: 41W/61L/0D | score=36.6±32.8 inv=2.8 played=12.8 lanes=2.6 ddraw=2.5 pts=37
Step: 36536320  SPS: 4701  ε=0.050  ret=0.252  score=26.8  buf=100%  updates=285362
  vs FROZEN-PPO: 41W/56L/3D  win=41% | score=34.0 inv=3.1 played=13.8 ddraw=3.4
  vs Heur:   66W/36L/1D | score=30.7±31.8 inv=3.3 played=12.9 lanes=2.4 ddraw=4.2 pts=31
  vs Random: 106W/0L/0D | score=39.4±28.2 inv=2.8 played=12.8 lanes=2.5 ddraw=2.0 pts=39
  Self-play: 53W/52L/0D | score=45.2±31.8 inv=2.8 played=13.9 lanes=2.7 ddraw=2.5 pts=45
Step: 36618240  SPS: 4701  ε=0.050  ret=0.227  score=21.1  buf=100%  updates=286002
  vs FROZEN-PPO: 35W/70L/2D  win=33% | score=29.2 inv=3.1 played=13.1 ddraw=3.5
  vs Heur:   73W/33L/1D | score=32.9±31.8 inv=3.3 played=12.8 lanes=2.4 ddraw=4.4 pts=33
  vs Random: 107W/1L/0D | score=35.1±31.1 inv=2.5 played=12.5 lanes=2.6 ddraw=1.9 pts=35
  Self-play: 42W/59L/3D | score=41.1±31.0 inv=2.9 played=13.2 lanes=2.6 ddraw=2.4 pts=41
Step: 36700160  SPS: 4701  ε=0.050  ret=0.209  score=31.4  buf=100%  updates=286642
  vs FROZEN-PPO: 34W/74L/1D  win=31% | score=24.4 inv=3.3 played=13.7 ddraw=3.5
  vs Heur:   65W/39L/0D | score=33.0±35.6 inv=3.7 played=13.7 lanes=2.7 ddraw=4.3 pts=33
  vs Random: 107W/0L/0D | score=37.3±28.0 inv=2.7 played=13.3 lanes=2.7 ddraw=2.0 pts=37
  Self-play: 45W/54L/1D | score=43.7±37.3 inv=2.9 played=13.2 lanes=2.6 ddraw=2.6 pts=44
Step: 36782080  SPS: 4701  ε=0.050  ret=0.265  score=23.1  buf=100%  updates=287282
  vs FROZEN-PPO: 47W/60L/2D  win=43% | score=30.4 inv=3.3 played=13.8 ddraw=3.6
  vs Heur:   73W/30L/1D | score=40.1±35.4 inv=3.7 played=14.4 lanes=2.7 ddraw=4.3 pts=40
  vs Random: 104W/0L/0D | score=35.1±29.8 inv=2.6 played=13.7 lanes=2.9 ddraw=2.0 pts=35
  Self-play: 41W/59L/1D | score=34.7±29.6 inv=2.7 played=13.6 lanes=2.9 ddraw=2.3 pts=35
Step: 36864000  SPS: 4701  ε=0.050  ret=0.201  score=19.9  buf=100%  updates=287922
  vs FROZEN-PPO: 46W/54L/2D  win=45% | score=32.2 inv=3.2 played=13.4 ddraw=3.4
  vs Heur:   70W/36L/0D | score=32.0±32.3 inv=3.5 played=13.0 lanes=2.5 ddraw=4.2 pts=32
  vs Random: 100W/0L/0D | score=36.7±32.4 inv=2.9 played=13.3 lanes=2.7 ddraw=2.1 pts=37
  Self-play: 48W/55L/1D | score=37.0±29.0 inv=2.6 played=12.9 lanes=2.6 ddraw=2.4 pts=37
Step: 36945920  SPS: 4701  ε=0.050  ret=0.157  score=19.0  buf=100%  updates=288562
  vs FROZEN-PPO: 41W/64L/2D  win=38% | score=33.7 inv=3.3 played=14.6 ddraw=3.5
  vs Heur:   68W/39L/0D | score=29.9±36.7 inv=3.6 played=13.8 lanes=2.7 ddraw=4.3 pts=30
  vs Random: 103W/0L/0D | score=37.9±28.8 inv=2.7 played=13.6 lanes=2.8 ddraw=2.0 pts=38
  Self-play: 53W/54L/0D | score=45.7±36.4 inv=2.8 played=13.3 lanes=2.6 ddraw=2.4 pts=46
Step: 37027840  SPS: 4701  ε=0.050  ret=0.243  score=17.2  buf=100%  updates=289202
  vs FROZEN-PPO: 40W/67L/0D  win=37% | score=24.9 inv=3.0 played=12.6 ddraw=3.3
  vs Heur:   77W/29L/2D | score=39.5±30.9 inv=3.2 played=12.7 lanes=2.4 ddraw=4.3 pts=40
  vs Random: 105W/0L/0D | score=35.2±29.5 inv=2.6 played=12.7 lanes=2.5 ddraw=1.9 pts=35
  Self-play: 44W/58L/2D | score=37.0±28.5 inv=2.8 played=13.5 lanes=2.8 ddraw=2.5 pts=37
Step: 37109760  SPS: 4701  ε=0.050  ret=0.200  score=17.8  buf=100%  updates=289842
  vs FROZEN-PPO: 43W/63L/0D  win=41% | score=32.1 inv=3.2 played=14.1 ddraw=3.8
  vs Heur:   80W/26L/2D | score=39.0±36.4 inv=3.7 played=14.1 lanes=2.7 ddraw=4.5 pts=39
  vs Random: 104W/0L/0D | score=38.2±30.6 inv=2.3 played=12.8 lanes=2.6 ddraw=2.1 pts=38
  Self-play: 48W/58L/2D | score=43.0±35.9 inv=2.8 played=13.5 lanes=2.8 ddraw=2.4 pts=43
Step: 37191680  SPS: 4700  ε=0.050  ret=0.250  score=20.4  buf=100%  updates=290482
  vs FROZEN-PPO: 39W/67L/1D  win=36% | score=31.9 inv=3.0 played=12.6 ddraw=3.5
  vs Heur:   70W/40L/0D | score=27.7±31.9 inv=3.3 played=13.1 lanes=2.6 ddraw=4.3 pts=28
  vs Random: 102W/0L/0D | score=33.8±25.1 inv=2.6 played=12.5 lanes=2.5 ddraw=1.8 pts=34
  Self-play: 48W/56L/1D | score=40.6±31.3 inv=2.7 played=13.2 lanes=2.6 ddraw=2.5 pts=41
Step: 37273600  SPS: 4700  ε=0.050  ret=0.221  score=27.2  buf=100%  updates=291122
  vs FROZEN-PPO: 45W/60L/0D  win=43% | score=28.7 inv=3.3 played=13.2 ddraw=3.7
  vs Heur:   66W/34L/0D | score=31.2±33.4 inv=3.6 played=13.1 lanes=2.5 ddraw=4.2 pts=31
  vs Random: 105W/0L/0D | score=34.3±22.0 inv=2.7 played=12.3 lanes=2.4 ddraw=2.1 pts=34
  Self-play: 55W/46L/1D | score=43.8±30.6 inv=2.7 played=13.1 lanes=2.5 ddraw=2.7 pts=44
Step: 37355520  SPS: 4700  ε=0.050  ret=0.235  score=20.6  buf=100%  updates=291762
  vs FROZEN-PPO: 46W/57L/0D  win=45% | score=30.1 inv=3.3 played=13.4 ddraw=3.6
  vs Heur:   68W/38L/1D | score=26.1±31.5 inv=3.6 played=13.1 lanes=2.5 ddraw=4.3 pts=26
  vs Random: 105W/0L/0D | score=33.4±29.5 inv=2.6 played=12.8 lanes=2.6 ddraw=2.2 pts=33
  Self-play: 36W/69L/1D | score=35.1±30.9 inv=2.8 played=13.1 lanes=2.7 ddraw=2.6 pts=35
Step: 37437440  SPS: 4700  ε=0.050  ret=0.313  score=19.2  buf=100%  updates=292402
  vs FROZEN-PPO: 43W/59L/4D  win=41% | score=31.5 inv=2.9 played=12.8 ddraw=3.5
  vs Heur:   71W/29L/2D | score=35.0±37.5 inv=3.5 played=13.6 lanes=2.6 ddraw=4.3 pts=35
  vs Random: 107W/0L/0D | score=33.3±24.3 inv=2.6 played=12.7 lanes=2.6 ddraw=2.0 pts=33
  Self-play: 49W/57L/0D | score=42.8±27.6 inv=3.0 played=13.4 lanes=2.6 ddraw=2.5 pts=43
Step: 37519360  SPS: 4700  ε=0.050  ret=0.209  score=20.1  buf=100%  updates=293042
  vs FROZEN-PPO: 34W/65L/1D  win=34% | score=30.0 inv=3.2 played=13.0 ddraw=3.5
  vs Heur:   74W/25L/1D | score=33.5±30.4 inv=3.7 played=13.6 lanes=2.6 ddraw=4.4 pts=33
  vs Random: 104W/0L/0D | score=29.7±25.2 inv=2.6 played=12.0 lanes=2.4 ddraw=1.9 pts=30
  Self-play: 44W/62L/0D | score=37.0±30.2 inv=3.0 played=13.1 lanes=2.5 ddraw=2.3 pts=37
Step: 37601280  SPS: 4701  ε=0.050  ret=0.224  score=19.3  buf=100%  updates=293682
  vs FROZEN-PPO: 48W/59L/1D  win=44% | score=36.5 inv=3.5 played=13.3 ddraw=3.3
  vs Heur:   65W/34L/1D | score=36.2±34.5 inv=3.6 played=13.4 lanes=2.4 ddraw=4.3 pts=36
  vs Random: 110W/0L/0D | score=37.5±30.5 inv=2.6 played=12.4 lanes=2.4 ddraw=1.9 pts=37
  Self-play: 51W/53L/1D | score=45.1±33.0 inv=2.9 played=13.4 lanes=2.6 ddraw=2.4 pts=45
Step: 37683200  SPS: 4700  ε=0.050  ret=0.293  score=26.3  buf=100%  updates=294322
  vs FROZEN-PPO: 44W/56L/0D  win=44% | score=37.1 inv=2.9 played=13.0 ddraw=3.4
  vs Heur:   63W/37L/0D | score=30.3±29.2 inv=3.4 played=13.3 lanes=2.5 ddraw=4.3 pts=30
  vs Random: 108W/1L/0D | score=29.8±25.2 inv=2.5 played=12.6 lanes=2.6 ddraw=2.0 pts=30
  Self-play: 50W/55L/1D | score=35.1±29.1 inv=2.5 played=12.7 lanes=2.6 ddraw=2.3 pts=35
Step: 37765120  SPS: 4700  ε=0.050  ret=0.280  score=21.4  buf=100%  updates=294962
  vs FROZEN-PPO: 35W/70L/1D  win=33% | score=26.1 inv=3.3 played=13.2 ddraw=3.5
  vs Heur:   80W/21L/0D | score=35.8±31.7 inv=3.5 played=13.2 lanes=2.5 ddraw=4.2 pts=36
  vs Random: 106W/0L/0D | score=40.3±28.8 inv=2.8 played=13.0 lanes=2.7 ddraw=1.8 pts=40
  Self-play: 57W/52L/0D | score=39.5±29.9 inv=2.9 played=13.2 lanes=2.6 ddraw=2.3 pts=40
Step: 37847040  SPS: 4700  ε=0.050  ret=0.210  score=22.1  buf=100%  updates=295602
  vs FROZEN-PPO: 44W/55L/2D  win=44% | score=35.1 inv=2.7 played=12.0 ddraw=3.2
  vs Heur:   66W/39L/0D | score=28.6±36.4 inv=3.6 played=12.8 lanes=2.4 ddraw=4.4 pts=29
  vs Random: 110W/0L/0D | score=41.6±28.1 inv=2.5 played=12.1 lanes=2.4 ddraw=1.8 pts=42
  Self-play: 53W/46L/2D | score=40.4±31.1 inv=2.6 played=12.2 lanes=2.4 ddraw=2.6 pts=40
Step: 37928960  SPS: 4700  ε=0.050  ret=0.245  score=21.6  buf=100%  updates=296242
  vs FROZEN-PPO: 35W/68L/1D  win=34% | score=32.0 inv=2.9 played=12.2 ddraw=3.1
  vs Heur:   87W/21L/0D | score=44.0±33.7 inv=3.6 played=13.4 lanes=2.4 ddraw=4.1 pts=44
  vs Random: 106W/0L/0D | score=34.6±27.5 inv=2.5 played=12.1 lanes=2.4 ddraw=1.8 pts=35
  Self-play: 49W/52L/2D | score=47.2±32.5 inv=2.5 played=12.2 lanes=2.3 ddraw=2.5 pts=47
Step: 38010880  SPS: 4700  ε=0.050  ret=0.277  score=21.1  buf=100%  updates=296882
  vs FROZEN-PPO: 32W/66L/2D  win=32% | score=29.2 inv=3.1 played=13.0 ddraw=3.3
  vs Heur:   72W/28L/0D | score=37.5±35.6 inv=3.3 played=13.2 lanes=2.5 ddraw=4.3 pts=38
  vs Random: 104W/0L/0D | score=33.8±32.2 inv=2.4 played=12.2 lanes=2.5 ddraw=1.8 pts=34
  Self-play: 44W/64L/1D | score=37.8±30.9 inv=2.5 played=12.4 lanes=2.5 ddraw=2.3 pts=38
Step: 38092800  SPS: 4700  ε=0.050  ret=0.260  score=23.1  buf=100%  updates=297522
  vs FROZEN-PPO: 46W/56L/3D  win=44% | score=30.6 inv=2.8 played=12.9 ddraw=3.6
  vs Heur:   74W/33L/1D | score=29.7±31.8 inv=3.2 played=12.8 lanes=2.6 ddraw=4.6 pts=30
  vs Random: 102W/1L/0D | score=37.0±32.3 inv=2.9 played=13.4 lanes=2.7 ddraw=2.1 pts=37
  Self-play: 54W/55L/1D | score=43.2±32.7 inv=2.8 played=13.4 lanes=2.7 ddraw=2.5 pts=43
Step: 38174720  SPS: 4700  ε=0.050  ret=0.254  score=20.4  buf=100%  updates=298162
  vs FROZEN-PPO: 38W/70L/0D  win=35% | score=27.3 inv=2.9 played=13.1 ddraw=3.4
  vs Heur:   77W/29L/1D | score=33.4±32.0 inv=3.3 played=12.4 lanes=2.4 ddraw=4.5 pts=33
  vs Random: 111W/1L/0D | score=32.1±27.8 inv=2.6 played=11.9 lanes=2.4 ddraw=2.0 pts=32
  Self-play: 49W/51L/0D | score=45.9±32.6 inv=2.5 played=12.2 lanes=2.4 ddraw=2.5 pts=46
Step: 38256640  SPS: 4700  ε=0.050  ret=0.293  score=20.6  buf=100%  updates=298802
  vs FROZEN-PPO: 39W/72L/0D  win=35% | score=34.7 inv=3.4 played=13.2 ddraw=3.3
  vs Heur:   70W/37L/0D | score=31.2±36.2 inv=3.5 played=12.8 lanes=2.4 ddraw=4.2 pts=31
  vs Random: 107W/0L/0D | score=35.0±30.4 inv=2.6 played=12.5 lanes=2.5 ddraw=1.9 pts=35
  Self-play: 50W/53L/1D | score=44.5±38.9 inv=2.9 played=12.8 lanes=2.5 ddraw=2.6 pts=45
Step: 38338560  SPS: 4701  ε=0.050  ret=0.254  score=26.5  buf=100%  updates=299442
  vs FROZEN-PPO: 42W/64L/0D  win=40% | score=35.2 inv=3.2 played=12.6 ddraw=3.2
  vs Heur:   75W/28L/1D | score=37.0±30.0 inv=3.5 played=12.8 lanes=2.3 ddraw=4.2 pts=37
  vs Random: 102W/0L/0D | score=37.6±32.1 inv=2.9 played=12.1 lanes=2.3 ddraw=1.8 pts=38
  Self-play: 45W/61L/1D | score=40.8±33.2 inv=2.6 played=12.0 lanes=2.3 ddraw=2.4 pts=41
Step: 38420480  SPS: 4701  ε=0.050  ret=0.264  score=20.0  buf=100%  updates=300082
  vs FROZEN-PPO: 42W/66L/0D  win=39% | score=28.5 inv=3.2 played=12.9 ddraw=3.6
  vs Heur:   64W/44L/0D | score=23.3±29.3 inv=3.5 played=13.0 lanes=2.5 ddraw=4.4 pts=23
  vs Random: 115W/0L/0D | score=32.3±27.8 inv=2.5 played=12.5 lanes=2.5 ddraw=2.1 pts=32
  Self-play: 58W/46L/2D | score=45.3±33.6 inv=2.8 played=13.5 lanes=2.6 ddraw=2.5 pts=45
Step: 38502400  SPS: 4701  ε=0.050  ret=0.203  score=16.0  buf=100%  updates=300722
  vs FROZEN-PPO: 41W/68L/0D  win=38% | score=32.4 inv=3.0 played=12.6 ddraw=3.2
  vs Heur:   72W/33L/1D | score=35.0±33.3 inv=3.4 played=12.8 lanes=2.4 ddraw=4.3 pts=35
  vs Random: 104W/0L/0D | score=33.3±27.7 inv=2.8 played=12.4 lanes=2.5 ddraw=2.0 pts=33
  Self-play: 45W/56L/1D | score=39.6±33.5 inv=2.6 played=13.0 lanes=2.5 ddraw=2.6 pts=40
Step: 38584320  SPS: 4701  ε=0.050  ret=0.207  score=19.6  buf=100%  updates=301362
  vs FROZEN-PPO: 37W/70L/0D  win=35% | score=29.3 inv=3.3 played=13.2 ddraw=3.6
  vs Heur:   79W/27L/3D | score=34.9±31.5 inv=3.4 played=13.1 lanes=2.5 ddraw=4.3 pts=35
  vs Random: 99W/1L/0D | score=36.1±27.6 inv=2.6 played=12.0 lanes=2.4 ddraw=2.1 pts=36
  Self-play: 50W/59L/4D | score=36.3±30.9 inv=2.5 played=12.5 lanes=2.5 ddraw=2.4 pts=36
Step: 38666240  SPS: 4701  ε=0.050  ret=0.176  score=18.7  buf=100%  updates=302002
  vs FROZEN-PPO: 52W/48L/0D  win=52% | score=36.1 inv=3.1 played=12.8 ddraw=3.5
  vs Heur:   77W/29L/1D | score=33.6±29.8 inv=3.3 played=12.6 lanes=2.4 ddraw=4.4 pts=34
  vs Random: 107W/0L/0D | score=35.4±27.7 inv=3.0 played=12.5 lanes=2.5 ddraw=2.2 pts=35
  Self-play: 45W/60L/0D | score=38.4±30.2 inv=2.7 played=12.5 lanes=2.4 ddraw=2.6 pts=38
Step: 38748160  SPS: 4701  ε=0.050  ret=0.350  score=22.1  buf=100%  updates=302642
  vs FROZEN-PPO: 47W/63L/0D  win=43% | score=37.6 inv=3.1 played=12.8 ddraw=3.5
  vs Heur:   70W/33L/1D | score=33.3±33.0 inv=3.5 played=12.6 lanes=2.4 ddraw=4.2 pts=33
  vs Random: 100W/1L/0D | score=33.5±31.3 inv=2.8 played=12.2 lanes=2.4 ddraw=1.9 pts=34
  Self-play: 53W/54L/2D | score=44.3±30.5 inv=2.6 played=12.3 lanes=2.3 ddraw=2.5 pts=44
Step: 38830080  SPS: 4701  ε=0.050  ret=0.152  score=26.6  buf=100%  updates=303282
  vs FROZEN-PPO: 38W/67L/0D  win=36% | score=32.2 inv=3.0 played=12.3 ddraw=3.1
  vs Heur:   80W/25L/1D | score=40.8±31.9 inv=3.2 played=12.9 lanes=2.4 ddraw=4.3 pts=41
  vs Random: 110W/0L/0D | score=36.9±27.8 inv=2.6 played=11.8 lanes=2.3 ddraw=1.9 pts=37
  Self-play: 51W/52L/1D | score=42.3±34.7 inv=2.9 played=12.6 lanes=2.4 ddraw=2.6 pts=42
Step: 38912000  SPS: 4701  ε=0.050  ret=0.208  score=25.9  buf=100%  updates=303922
  vs FROZEN-PPO: 42W/64L/0D  win=40% | score=31.5 inv=3.3 played=13.1 ddraw=3.4
  vs Heur:   72W/36L/1D | score=37.0±36.2 inv=3.4 played=13.0 lanes=2.5 ddraw=4.2 pts=37
  vs Random: 108W/0L/0D | score=35.7±28.5 inv=2.7 played=12.3 lanes=2.5 ddraw=1.8 pts=36
  Self-play: 43W/62L/1D | score=41.6±33.8 inv=2.8 played=12.9 lanes=2.5 ddraw=2.5 pts=42
Step: 38993920  SPS: 4701  ε=0.050  ret=0.145  score=19.7  buf=100%  updates=304562
  vs FROZEN-PPO: 42W/63L/0D  win=40% | score=34.6 inv=3.1 played=12.6 ddraw=3.3
  vs Heur:   70W/34L/1D | score=36.3±36.3 inv=3.3 played=12.4 lanes=2.3 ddraw=4.3 pts=36
  vs Random: 103W/1L/0D | score=35.9±29.0 inv=2.6 played=12.0 lanes=2.4 ddraw=2.1 pts=36
  Self-play: 49W/58L/1D | score=47.0±30.8 inv=2.6 played=12.7 lanes=2.4 ddraw=2.5 pts=47
Step: 39075840  SPS: 4702  ε=0.050  ret=0.231  score=26.8  buf=100%  updates=305202
  vs FROZEN-PPO: 35W/66L/4D  win=33% | score=32.0 inv=3.1 played=13.0 ddraw=3.3
  vs Heur:   68W/33L/1D | score=29.5±31.3 inv=3.2 played=12.3 lanes=2.4 ddraw=4.3 pts=29
  vs Random: 110W/0L/0D | score=35.7±29.9 inv=2.7 played=12.6 lanes=2.5 ddraw=1.9 pts=36
  Self-play: 38W/61L/2D | score=42.5±33.7 inv=2.7 played=12.9 lanes=2.5 ddraw=2.5 pts=42
Step: 39157760  SPS: 4702  ε=0.050  ret=0.261  score=25.4  buf=100%  updates=305842
  vs FROZEN-PPO: 38W/67L/3D  win=35% | score=29.6 inv=2.9 played=11.9 ddraw=3.4
  vs Heur:   63W/40L/0D | score=31.7±30.8 inv=3.1 played=11.8 lanes=2.3 ddraw=4.2 pts=32
  vs Random: 105W/0L/0D | score=33.3±28.8 inv=2.5 played=11.8 lanes=2.4 ddraw=1.8 pts=33
  Self-play: 51W/59L/0D | score=42.5±34.1 inv=2.7 played=12.3 lanes=2.4 ddraw=2.4 pts=43
Step: 39239680  SPS: 4703  ε=0.050  ret=0.271  score=24.9  buf=100%  updates=306482
  vs FROZEN-PPO: 41W/66L/0D  win=38% | score=38.6 inv=3.4 played=14.0 ddraw=3.4
  vs Heur:   75W/35L/3D | score=33.6±32.7 inv=3.3 played=12.6 lanes=2.3 ddraw=4.2 pts=34
  vs Random: 101W/0L/0D | score=37.2±30.0 inv=2.5 played=12.1 lanes=2.3 ddraw=1.8 pts=37
  Self-play: 51W/54L/4D | score=40.4±32.3 inv=2.7 played=12.8 lanes=2.5 ddraw=2.4 pts=40
Step: 39321600  SPS: 4703  ε=0.050  ret=0.251  score=26.0  buf=100%  updates=307122
  vs FROZEN-PPO: 40W/68L/1D  win=37% | score=35.7 inv=3.1 played=13.0 ddraw=3.3
  vs Heur:   82W/30L/1D | score=33.2±32.7 inv=3.6 played=13.3 lanes=2.5 ddraw=4.3 pts=33
  vs Random: 102W/0L/0D | score=35.1±29.7 inv=2.7 played=12.6 lanes=2.5 ddraw=1.9 pts=35
  Self-play: 44W/58L/1D | score=40.0±31.9 inv=2.7 played=12.8 lanes=2.5 ddraw=2.6 pts=40
Step: 39403520  SPS: 4703  ε=0.050  ret=0.222  score=25.0  buf=100%  updates=307762
  vs FROZEN-PPO: 43W/57L/0D  win=43% | score=38.8 inv=3.2 played=13.0 ddraw=3.2
  vs Heur:   79W/28L/0D | score=32.7±34.0 inv=3.6 played=13.0 lanes=2.5 ddraw=4.3 pts=33
  vs Random: 99W/1L/0D | score=43.4±34.1 inv=2.9 played=12.9 lanes=2.5 ddraw=1.9 pts=43
  Self-play: 45W/53L/2D | score=39.7±32.6 inv=3.0 played=13.0 lanes=2.5 ddraw=2.5 pts=40
Step: 39485440  SPS: 4704  ε=0.050  ret=0.185  score=18.8  buf=100%  updates=308402
  vs FROZEN-PPO: 46W/54L/2D  win=45% | score=34.1 inv=3.3 played=12.9 ddraw=3.5
  vs Heur:   66W/39L/0D | score=28.8±32.7 inv=3.4 played=12.7 lanes=2.4 ddraw=4.4 pts=29
  vs Random: 106W/0L/0D | score=34.6±24.6 inv=2.7 played=12.2 lanes=2.4 ddraw=2.0 pts=35
  Self-play: 55W/51L/1D | score=39.8±31.3 inv=2.9 played=12.8 lanes=2.4 ddraw=2.6 pts=40
Step: 39567360  SPS: 4704  ε=0.050  ret=0.246  score=30.9  buf=100%  updates=309042
  vs FROZEN-PPO: 39W/59L/2D  win=39% | score=37.0 inv=3.1 played=13.2 ddraw=3.5
  vs Heur:   68W/41L/1D | score=29.6±31.4 inv=3.6 played=13.4 lanes=2.6 ddraw=4.2 pts=30
  vs Random: 100W/0L/0D | score=39.5±28.5 inv=2.8 played=12.8 lanes=2.5 ddraw=1.8 pts=39
  Self-play: 49W/51L/1D | score=40.7±30.7 inv=2.7 played=13.3 lanes=2.6 ddraw=2.5 pts=41
Step: 39649280  SPS: 4704  ε=0.050  ret=0.291  score=21.6  buf=100%  updates=309682
  vs FROZEN-PPO: 36W/66L/0D  win=35% | score=30.6 inv=3.1 played=13.1 ddraw=3.5
  vs Heur:   73W/30L/2D | score=35.6±31.6 inv=3.6 played=13.4 lanes=2.5 ddraw=4.4 pts=36
  vs Random: 103W/0L/0D | score=34.7±27.4 inv=2.7 played=12.5 lanes=2.4 ddraw=2.0 pts=35
  Self-play: 58W/47L/2D | score=43.2±31.1 inv=3.0 played=13.3 lanes=2.6 ddraw=2.7 pts=43
Step: 39731200  SPS: 4704  ε=0.050  ret=0.293  score=26.1  buf=100%  updates=310322
  vs FROZEN-PPO: 45W/56L/0D  win=45% | score=39.4 inv=3.4 played=14.2 ddraw=3.2
  vs Heur:   71W/34L/1D | score=39.9±34.3 inv=3.7 played=13.8 lanes=2.6 ddraw=4.4 pts=40
  vs Random: 108W/0L/0D | score=41.0±31.7 inv=2.7 played=12.7 lanes=2.4 ddraw=1.8 pts=41
  Self-play: 45W/57L/0D | score=43.8±33.0 inv=3.0 played=13.3 lanes=2.5 ddraw=2.5 pts=44
Step: 39813120  SPS: 4704  ε=0.050  ret=0.331  score=24.8  buf=100%  updates=310962
  vs FROZEN-PPO: 43W/59L/2D  win=41% | score=33.6 inv=3.5 played=14.1 ddraw=3.4
  vs Heur:   68W/34L/2D | score=33.4±37.1 inv=3.6 played=13.2 lanes=2.5 ddraw=4.3 pts=33
  vs Random: 107W/0L/0D | score=41.8±30.8 inv=2.8 played=12.6 lanes=2.4 ddraw=1.7 pts=42
  Self-play: 52W/51L/0D | score=48.8±32.6 inv=3.0 played=13.1 lanes=2.4 ddraw=2.5 pts=49
Step: 39895040  SPS: 4705  ε=0.050  ret=0.272  score=24.9  buf=100%  updates=311602
  vs FROZEN-PPO: 39W/59L/2D  win=39% | score=32.6 inv=3.3 played=13.3 ddraw=3.4
  vs Heur:   70W/30L/0D | score=30.9±28.9 inv=3.8 played=13.4 lanes=2.6 ddraw=4.2 pts=31
  vs Random: 104W/0L/0D | score=32.4±27.2 inv=2.7 played=12.4 lanes=2.6 ddraw=2.0 pts=32
  Self-play: 45W/54L/1D | score=41.1±33.2 inv=2.7 played=12.9 lanes=2.5 ddraw=2.6 pts=41
Step: 39976960  SPS: 4705  ε=0.050  ret=0.377  score=25.0  buf=100%  updates=312242
  vs FROZEN-PPO: 50W/58L/1D  win=46% | score=35.7 inv=3.4 played=13.4 ddraw=3.6
  vs Heur:   77W/27L/0D | score=35.8±34.9 inv=3.8 played=13.6 lanes=2.5 ddraw=4.3 pts=36
  vs Random: 100W/0L/0D | score=34.3±26.6 inv=2.8 played=12.4 lanes=2.4 ddraw=2.0 pts=34
  Self-play: 42W/65L/0D | score=36.4±27.0 inv=2.8 played=13.3 lanes=2.6 ddraw=2.5 pts=36
Step: 40058880  SPS: 4705  ε=0.050  ret=0.190  score=29.4  buf=100%  updates=312882
  vs FROZEN-PPO: 31W/74L/1D  win=29% | score=28.5 inv=3.3 played=13.2 ddraw=3.4
  vs Heur:   75W/28L/1D | score=37.9±32.9 inv=3.4 played=12.8 lanes=2.4 ddraw=4.1 pts=38
  vs Random: 106W/0L/0D | score=33.1±31.8 inv=2.6 played=12.3 lanes=2.5 ddraw=1.8 pts=33
  Self-play: 60W/45L/1D | score=43.1±30.4 inv=2.9 played=13.0 lanes=2.5 ddraw=2.5 pts=43
Step: 40140800  SPS: 4706  ε=0.050  ret=0.288  score=25.5  buf=100%  updates=313522
  vs FROZEN-PPO: 46W/56L/2D  win=44% | score=36.7 inv=3.3 played=13.2 ddraw=3.3
  vs Heur:   83W/22L/0D | score=43.4±33.5 inv=3.5 played=13.2 lanes=2.4 ddraw=4.3 pts=43
  vs Random: 103W/0L/0D | score=35.5±27.9 inv=2.6 played=12.2 lanes=2.5 ddraw=1.9 pts=35
  Self-play: 58W/46L/2D | score=44.1±34.9 inv=2.9 played=13.0 lanes=2.5 ddraw=2.6 pts=44
Step: 40222720  SPS: 4706  ε=0.050  ret=0.241  score=21.9  buf=100%  updates=314162
  vs FROZEN-PPO: 31W/81L/0D  win=28% | score=26.5 inv=3.4 played=13.5 ddraw=3.2
  vs Heur:   71W/38L/0D | score=33.7±35.9 inv=3.5 played=13.5 lanes=2.7 ddraw=4.3 pts=34
  vs Random: 109W/0L/0D | score=34.7±29.9 inv=2.6 played=12.2 lanes=2.4 ddraw=2.0 pts=35
  Self-play: 50W/56L/0D | score=43.8±33.1 inv=3.0 played=13.3 lanes=2.6 ddraw=2.5 pts=44
Step: 40304640  SPS: 4706  ε=0.050  ret=0.416  score=26.7  buf=100%  updates=314802
  vs FROZEN-PPO: 47W/55L/4D  win=44% | score=33.3 inv=3.4 played=13.5 ddraw=3.2
  vs Heur:   80W/20L/0D | score=38.4±29.4 inv=3.5 played=13.3 lanes=2.5 ddraw=4.3 pts=38
  vs Random: 100W/0L/0D | score=33.5±27.5 inv=2.5 played=12.1 lanes=2.4 ddraw=2.0 pts=34
  Self-play: 52W/55L/1D | score=46.6±30.7 inv=2.8 played=13.1 lanes=2.5 ddraw=2.5 pts=47
Step: 40386560  SPS: 4707  ε=0.050  ret=0.236  score=22.4  buf=100%  updates=315442
  vs FROZEN-PPO: 40W/68L/3D  win=36% | score=30.0 inv=3.2 played=12.9 ddraw=3.0
  vs Heur:   70W/38L/1D | score=39.8±39.6 inv=3.6 played=13.4 lanes=2.5 ddraw=4.2 pts=40
  vs Random: 106W/0L/0D | score=41.9±33.5 inv=2.8 played=12.5 lanes=2.4 ddraw=1.8 pts=42
  Self-play: 53W/51L/2D | score=49.3±31.9 inv=3.1 played=13.5 lanes=2.5 ddraw=2.6 pts=49
Step: 40468480  SPS: 4707  ε=0.050  ret=0.267  score=23.9  buf=100%  updates=316082
  vs FROZEN-PPO: 35W/76L/1D  win=31% | score=28.8 inv=3.3 played=13.1 ddraw=3.3
  vs Heur:   72W/31L/0D | score=31.2±35.7 inv=3.6 played=13.3 lanes=2.5 ddraw=4.6 pts=31
  vs Random: 101W/0L/0D | score=39.5±31.1 inv=2.9 played=12.9 lanes=2.6 ddraw=2.2 pts=40
  Self-play: 60W/49L/0D | score=49.0±36.1 inv=3.0 played=13.1 lanes=2.5 ddraw=2.5 pts=49
Step: 40550400  SPS: 4707  ε=0.050  ret=0.254  score=21.2  buf=100%  updates=316722
  vs FROZEN-PPO: 49W/57L/2D  win=45% | score=33.6 inv=3.2 played=12.8 ddraw=3.3
  vs Heur:   79W/27L/4D | score=36.0±30.6 inv=3.8 played=13.3 lanes=2.5 ddraw=4.4 pts=36
  vs Random: 112W/0L/0D | score=29.1±25.8 inv=2.7 played=12.3 lanes=2.5 ddraw=1.9 pts=29
  Self-play: 47W/59L/0D | score=43.9±30.5 inv=2.7 played=12.6 lanes=2.4 ddraw=2.6 pts=44
Step: 40632320  SPS: 4708  ε=0.050  ret=0.306  score=24.4  buf=100%  updates=317362
  vs FROZEN-PPO: 39W/66L/3D  win=36% | score=31.4 inv=3.5 played=13.1 ddraw=3.4
  vs Heur:   76W/29L/2D | score=36.8±39.1 inv=3.8 played=13.1 lanes=2.4 ddraw=4.3 pts=37
  vs Random: 105W/0L/0D | score=35.0±27.7 inv=2.8 played=12.0 lanes=2.3 ddraw=1.9 pts=35
  Self-play: 51W/57L/2D | score=40.8±30.5 inv=2.9 played=13.0 lanes=2.4 ddraw=2.6 pts=41
Step: 40714240  SPS: 4708  ε=0.050  ret=0.307  score=21.4  buf=100%  updates=318002
  vs FROZEN-PPO: 42W/60L/0D  win=41% | score=30.1 inv=3.3 played=13.8 ddraw=3.6
  vs Heur:   71W/30L/0D | score=34.9±33.3 inv=3.5 played=13.0 lanes=2.4 ddraw=4.3 pts=35
  vs Random: 108W/0L/0D | score=33.9±31.1 inv=2.9 played=12.7 lanes=2.6 ddraw=2.1 pts=34
  Self-play: 51W/48L/1D | score=39.9±33.0 inv=3.1 played=13.5 lanes=2.7 ddraw=2.6 pts=40
Step: 40796160  SPS: 4709  ε=0.050  ret=0.307  score=27.1  buf=100%  updates=318642
  vs FROZEN-PPO: 48W/56L/2D  win=45% | score=40.5 inv=3.0 played=13.5 ddraw=3.2
  vs Heur:   69W/32L/5D | score=32.8±34.9 inv=3.6 played=13.2 lanes=2.5 ddraw=4.1 pts=33
  vs Random: 104W/0L/0D | score=38.4±31.6 inv=2.8 played=12.5 lanes=2.4 ddraw=1.8 pts=38
  Self-play: 48W/60L/0D | score=45.8±33.9 inv=3.0 played=12.6 lanes=2.3 ddraw=2.6 pts=46
Step: 40878080  SPS: 4709  ε=0.050  ret=0.275  score=25.4  buf=100%  updates=319282
  vs FROZEN-PPO: 32W/67L/1D  win=32% | score=32.5 inv=3.3 played=13.8 ddraw=3.1
  vs Heur:   73W/34L/1D | score=34.0±36.0 inv=3.9 played=13.7 lanes=2.5 ddraw=4.2 pts=34
  vs Random: 110W/0L/0D | score=29.3±29.3 inv=2.8 played=12.8 lanes=2.6 ddraw=1.9 pts=29
  Self-play: 53W/55L/0D | score=43.8±31.3 inv=3.0 played=13.0 lanes=2.5 ddraw=2.6 pts=44
Step: 40960000  SPS: 4709  ε=0.050  ret=0.233  score=25.4  buf=100%  updates=319922
  vs FROZEN-PPO: 38W/65L/0D  win=37% | score=31.0 inv=3.3 played=13.6 ddraw=3.3
  vs Heur:   71W/30L/0D | score=40.4±37.6 inv=3.7 played=14.0 lanes=2.6 ddraw=4.1 pts=40
  vs Random: 106W/0L/0D | score=42.5±30.3 inv=2.8 played=13.3 lanes=2.6 ddraw=2.0 pts=43
  Self-play: 52W/54L/4D | score=47.1±34.4 inv=3.0 played=13.6 lanes=2.6 ddraw=2.5 pts=47
Step: 41041920  SPS: 4709  ε=0.050  ret=0.319  score=26.1  buf=100%  updates=320562
  vs FROZEN-PPO: 48W/50L/2D  win=48% | score=34.6 inv=3.5 played=14.5 ddraw=3.3
  vs Heur:   77W/24L/0D | score=30.9±29.6 inv=3.8 played=13.7 lanes=2.6 ddraw=4.3 pts=31
  vs Random: 108W/0L/0D | score=36.8±29.1 inv=3.1 played=13.7 lanes=2.7 ddraw=2.0 pts=37
  Self-play: 47W/59L/1D | score=39.1±31.3 inv=3.1 played=14.4 lanes=2.8 ddraw=2.7 pts=39
Step: 41123840  SPS: 4710  ε=0.050  ret=0.372  score=22.6  buf=100%  updates=321202
  vs FROZEN-PPO: 28W/73L/3D  win=27% | score=32.6 inv=3.2 played=13.7 ddraw=3.2
  vs Heur:   75W/29L/2D | score=37.5±31.6 inv=4.0 played=14.1 lanes=2.6 ddraw=4.4 pts=38
  vs Random: 100W/1L/0D | score=40.1±29.3 inv=3.0 played=13.5 lanes=2.7 ddraw=1.9 pts=40
  Self-play: 49W/56L/3D | score=44.6±32.1 inv=3.1 played=13.6 lanes=2.6 ddraw=2.5 pts=45
Step: 41205760  SPS: 4710  ε=0.050  ret=0.277  score=31.5  buf=100%  updates=321842
  vs FROZEN-PPO: 47W/60L/0D  win=44% | score=40.9 inv=3.4 played=13.5 ddraw=3.3
  vs Heur:   77W/32L/1D | score=43.4±40.1 inv=3.7 played=13.6 lanes=2.5 ddraw=4.1 pts=43
  vs Random: 106W/0L/0D | score=39.5±30.7 inv=2.8 played=12.9 lanes=2.5 ddraw=1.9 pts=40
  Self-play: 45W/61L/0D | score=47.4±33.1 inv=3.3 played=14.3 lanes=2.7 ddraw=2.6 pts=47
Step: 41287680  SPS: 4710  ε=0.050  ret=0.296  score=28.1  buf=100%  updates=322482
  vs FROZEN-PPO: 48W/52L/2D  win=47% | score=38.1 inv=3.6 played=14.3 ddraw=3.3
  vs Heur:   75W/26L/2D | score=39.2±35.0 inv=3.7 played=13.9 lanes=2.6 ddraw=4.2 pts=39
  vs Random: 107W/0L/0D | score=39.3±27.4 inv=2.7 played=13.2 lanes=2.6 ddraw=1.9 pts=39
  Self-play: 46W/54L/1D | score=44.0±29.3 inv=3.1 played=14.0 lanes=2.7 ddraw=2.6 pts=44
Step: 41369600  SPS: 4711  ε=0.050  ret=0.315  score=26.5  buf=100%  updates=323122
  vs FROZEN-PPO: 41W/58L/1D  win=41% | score=31.4 inv=3.2 played=13.3 ddraw=3.4
  vs Heur:   71W/33L/1D | score=36.2±33.9 inv=3.9 played=14.2 lanes=2.6 ddraw=4.3 pts=36
  vs Random: 104W/0L/0D | score=44.3±30.4 inv=2.8 played=13.4 lanes=2.5 ddraw=2.0 pts=44
  Self-play: 40W/59L/1D | score=42.6±31.1 inv=3.0 played=13.5 lanes=2.6 ddraw=2.6 pts=43
Step: 41451520  SPS: 4711  ε=0.050  ret=0.398  score=19.7  buf=100%  updates=323762
  vs FROZEN-PPO: 37W/73L/0D  win=34% | score=29.8 inv=3.3 played=13.4 ddraw=3.3
  vs Heur:   79W/30L/0D | score=41.9±31.6 inv=3.4 played=13.2 lanes=2.4 ddraw=4.2 pts=42
  vs Random: 102W/0L/0D | score=32.4±29.8 inv=2.8 played=12.8 lanes=2.6 ddraw=2.1 pts=32
  Self-play: 45W/54L/1D | score=46.8±31.8 inv=3.1 played=13.7 lanes=2.6 ddraw=2.6 pts=47
Step: 41533440  SPS: 4711  ε=0.050  ret=0.289  score=24.6  buf=100%  updates=324402
  vs FROZEN-PPO: 51W/54L/1D  win=48% | score=39.7 inv=3.3 played=13.6 ddraw=3.3
  vs Heur:   68W/38L/0D | score=33.8±35.8 inv=3.8 played=13.9 lanes=2.6 ddraw=4.3 pts=34
  vs Random: 108W/0L/0D | score=34.7±27.4 inv=2.8 played=12.6 lanes=2.5 ddraw=1.9 pts=35
  Self-play: 43W/61L/1D | score=45.4±33.5 inv=3.0 played=13.4 lanes=2.5 ddraw=2.5 pts=45
Step: 41615360  SPS: 4711  ε=0.050  ret=0.256  score=20.4  buf=100%  updates=325042
  vs FROZEN-PPO: 44W/56L/4D  win=42% | score=35.8 inv=3.5 played=14.0 ddraw=3.4
  vs Heur:   75W/32L/0D | score=32.8±36.3 inv=3.9 played=14.6 lanes=2.8 ddraw=4.5 pts=33
  vs Random: 107W/0L/0D | score=39.8±30.6 inv=2.9 played=13.5 lanes=2.7 ddraw=1.9 pts=40
  Self-play: 50W/52L/2D | score=43.0±32.1 inv=3.0 played=13.5 lanes=2.6 ddraw=2.6 pts=43
Step: 41697280  SPS: 4711  ε=0.050  ret=0.269  score=19.8  buf=100%  updates=325682
  vs FROZEN-PPO: 41W/64L/0D  win=39% | score=32.4 inv=3.6 played=14.4 ddraw=3.6
  vs Heur:   65W/34L/1D | score=31.8±36.5 inv=3.9 played=14.1 lanes=2.7 ddraw=4.5 pts=32
  vs Random: 108W/0L/0D | score=38.7±32.9 inv=2.9 played=13.7 lanes=2.8 ddraw=2.2 pts=39
  Self-play: 55W/49L/1D | score=44.1±32.4 inv=3.2 played=14.0 lanes=2.7 ddraw=2.6 pts=44
Step: 41779200  SPS: 4711  ε=0.050  ret=0.208  score=22.1  buf=100%  updates=326322
  vs FROZEN-PPO: 39W/65L/1D  win=37% | score=38.2 inv=3.4 played=14.4 ddraw=3.3
  vs Heur:   70W/32L/2D | score=31.7±32.2 inv=3.8 played=13.8 lanes=2.7 ddraw=4.3 pts=32
  vs Random: 109W/0L/0D | score=38.4±28.5 inv=3.0 played=13.7 lanes=2.7 ddraw=1.9 pts=38
  Self-play: 62W/44L/1D | score=43.0±32.8 inv=2.9 played=14.1 lanes=2.8 ddraw=2.6 pts=43
Step: 41861120  SPS: 4711  ε=0.050  ret=0.386  score=22.9  buf=100%  updates=326962
  vs FROZEN-PPO: 44W/58L/4D  win=42% | score=36.3 inv=3.6 played=14.7 ddraw=3.5
  vs Heur:   91W/17L/2D | score=42.7±29.6 inv=3.6 played=14.1 lanes=2.7 ddraw=4.2 pts=43
  vs Random: 104W/0L/0D | score=34.7±27.2 inv=2.7 played=13.2 lanes=2.7 ddraw=1.8 pts=35
  Self-play: 60W/45L/0D | score=47.7±31.8 inv=3.2 played=14.5 lanes=2.8 ddraw=2.7 pts=48
Step: 41943040  SPS: 4712  ε=0.050  ret=0.274  score=25.2  buf=100%  updates=327602
  vs FROZEN-PPO: 37W/68L/1D  win=35% | score=35.0 inv=3.3 played=13.4 ddraw=3.1
  vs Heur:   72W/25L/3D | score=38.6±30.8 inv=3.6 played=13.0 lanes=2.4 ddraw=4.0 pts=39
  vs Random: 105W/0L/0D | score=33.7±24.3 inv=2.7 played=12.8 lanes=2.5 ddraw=1.7 pts=34
  Self-play: 54W/60L/0D | score=44.4±33.3 inv=2.7 played=13.6 lanes=2.7 ddraw=2.3 pts=44
Step: 42024960  SPS: 4712  ε=0.050  ret=0.283  score=24.3  buf=100%  updates=328242
  vs FROZEN-PPO: 46W/59L/1D  win=43% | score=32.9 inv=3.4 played=13.9 ddraw=3.4
  vs Heur:   83W/22L/2D | score=42.0±36.0 inv=3.6 played=14.0 lanes=2.6 ddraw=4.5 pts=42
  vs Random: 106W/0L/0D | score=39.5±28.9 inv=2.8 played=13.8 lanes=2.8 ddraw=2.1 pts=40
  Self-play: 57W/51L/0D | score=48.8±35.4 inv=3.0 played=14.2 lanes=2.7 ddraw=2.5 pts=49
Step: 42106880  SPS: 4711  ε=0.050  ret=0.268  score=24.5  buf=100%  updates=328882
  vs FROZEN-PPO: 42W/63L/1D  win=40% | score=34.9 inv=3.3 played=13.4 ddraw=3.4
  vs Heur:   74W/34L/1D | score=34.6±35.7 inv=3.5 played=13.6 lanes=2.6 ddraw=4.3 pts=35
  vs Random: 108W/0L/0D | score=35.5±36.0 inv=2.8 played=12.5 lanes=2.5 ddraw=1.7 pts=35
  Self-play: 60W/41L/1D | score=48.5±30.5 inv=2.9 played=13.6 lanes=2.5 ddraw=2.4 pts=49
Step: 42188800  SPS: 4711  ε=0.050  ret=0.309  score=24.2  buf=100%  updates=329522
  vs FROZEN-PPO: 37W/62L/1D  win=37% | score=36.5 inv=3.5 played=13.5 ddraw=3.1
  vs Heur:   69W/36L/1D | score=38.3±35.1 inv=3.6 played=13.6 lanes=2.5 ddraw=4.2 pts=38
  vs Random: 108W/0L/0D | score=38.8±27.2 inv=2.8 played=12.5 lanes=2.4 ddraw=1.8 pts=39
  Self-play: 43W/62L/0D | score=42.0±31.3 inv=2.7 played=12.7 lanes=2.4 ddraw=2.4 pts=42
Step: 42270720  SPS: 4711  ε=0.050  ret=0.370  score=25.6  buf=100%  updates=330162
  vs FROZEN-PPO: 45W/56L/1D  win=44% | score=33.2 inv=3.2 played=12.8 ddraw=3.2
  vs Heur:   75W/29L/0D | score=36.4±33.0 inv=3.5 played=13.3 lanes=2.4 ddraw=4.2 pts=36
  vs Random: 104W/0L/0D | score=35.5±29.6 inv=2.6 played=12.2 lanes=2.3 ddraw=1.6 pts=36
  Self-play: 51W/54L/0D | score=46.8±32.9 inv=2.8 played=12.6 lanes=2.4 ddraw=2.5 pts=47
Step: 42352640  SPS: 4711  ε=0.050  ret=0.305  score=23.6  buf=100%  updates=330802
  vs FROZEN-PPO: 47W/59L/1D  win=44% | score=35.4 inv=3.1 played=13.3 ddraw=3.2
  vs Heur:   75W/30L/1D | score=36.9±36.5 inv=3.6 played=14.0 lanes=2.6 ddraw=4.0 pts=37
  vs Random: 106W/0L/0D | score=39.8±30.9 inv=2.6 played=12.6 lanes=2.5 ddraw=1.8 pts=40
  Self-play: 42W/58L/1D | score=45.2±33.3 inv=2.9 played=12.8 lanes=2.4 ddraw=2.5 pts=45
Step: 42434560  SPS: 4711  ε=0.050  ret=0.211  score=24.4  buf=100%  updates=331442
  vs FROZEN-PPO: 37W/71L/0D  win=34% | score=31.1 inv=3.0 played=12.5 ddraw=3.3
  vs Heur:   67W/35L/3D | score=38.0±36.3 inv=3.3 played=12.2 lanes=2.2 ddraw=4.2 pts=38
  vs Random: 106W/0L/0D | score=42.0±30.7 inv=2.8 played=12.4 lanes=2.3 ddraw=2.0 pts=42
  Self-play: 52W/50L/1D | score=48.9±35.3 inv=2.8 played=12.7 lanes=2.3 ddraw=2.5 pts=49
Step: 42516480  SPS: 4711  ε=0.050  ret=0.190  score=24.0  buf=100%  updates=332082
  vs FROZEN-PPO: 32W/68L/0D  win=32% | score=30.7 inv=3.0 played=12.8 ddraw=3.4
  vs Heur:   74W/35L/1D | score=34.8±34.0 inv=3.3 played=12.5 lanes=2.3 ddraw=4.2 pts=35
  vs Random: 105W/0L/0D | score=41.9±30.7 inv=2.7 played=12.3 lanes=2.3 ddraw=1.7 pts=42
  Self-play: 53W/55L/0D | score=48.3±34.3 inv=2.7 played=13.0 lanes=2.5 ddraw=2.5 pts=48
Step: 42598400  SPS: 4711  ε=0.050  ret=0.266  score=22.4  buf=100%  updates=332722
  vs FROZEN-PPO: 37W/70L/1D  win=34% | score=33.5 inv=2.6 played=12.6 ddraw=3.4
  vs Heur:   80W/21L/0D | score=43.1±36.4 inv=3.4 played=14.2 lanes=2.6 ddraw=4.4 pts=43
  vs Random: 106W/0L/0D | score=39.5±31.3 inv=2.5 played=12.7 lanes=2.5 ddraw=2.0 pts=40
  Self-play: 48W/58L/0D | score=46.8±35.0 inv=2.7 played=12.9 lanes=2.5 ddraw=2.5 pts=47
Step: 42680320  SPS: 4712  ε=0.050  ret=0.164  score=24.8  buf=100%  updates=333362
  vs FROZEN-PPO: 51W/61L/1D  win=45% | score=39.5 inv=2.9 played=12.6 ddraw=3.5
  vs Heur:   76W/26L/1D | score=38.0±33.9 inv=3.3 played=12.7 lanes=2.4 ddraw=4.2 pts=38
  vs Random: 104W/0L/0D | score=32.6±24.8 inv=2.2 played=11.9 lanes=2.4 ddraw=1.7 pts=33
  Self-play: 50W/50L/2D | score=46.3±30.4 inv=2.5 played=12.4 lanes=2.3 ddraw=2.4 pts=46
Step: 42762240  SPS: 4712  ε=0.050  ret=0.162  score=25.0  buf=100%  updates=334002
  vs FROZEN-PPO: 38W/67L/0D  win=36% | score=28.6 inv=2.9 played=12.7 ddraw=3.3
  vs Heur:   79W/22L/0D | score=38.7±31.9 inv=3.4 played=13.2 lanes=2.4 ddraw=4.3 pts=39
  vs Random: 105W/0L/0D | score=32.4±30.1 inv=2.6 played=12.2 lanes=2.4 ddraw=1.8 pts=32
  Self-play: 51W/51L/0D | score=43.9±30.5 inv=2.7 played=12.7 lanes=2.4 ddraw=2.6 pts=44
Step: 42844160  SPS: 4712  ε=0.050  ret=0.215  score=20.8  buf=100%  updates=334642
  vs FROZEN-PPO: 39W/61L/0D  win=39% | score=32.1 inv=2.8 played=12.5 ddraw=3.3
  vs Heur:   68W/36L/1D | score=31.0±33.7 inv=3.3 played=12.6 lanes=2.4 ddraw=4.1 pts=31
  vs Random: 103W/1L/0D | score=38.8±29.9 inv=2.4 played=12.5 lanes=2.5 ddraw=1.8 pts=39
  Self-play: 47W/54L/0D | score=46.6±33.9 inv=2.9 played=13.3 lanes=2.5 ddraw=2.6 pts=47
Step: 42926080  SPS: 4712  ε=0.050  ret=0.261  score=28.8  buf=100%  updates=335282
  vs FROZEN-PPO: 44W/60L/1D  win=42% | score=33.3 inv=2.7 played=12.6 ddraw=3.3
  vs Heur:   76W/26L/3D | score=38.7±32.2 inv=3.2 played=12.7 lanes=2.3 ddraw=4.2 pts=39
  vs Random: 105W/0L/0D | score=36.2±27.8 inv=2.3 played=11.7 lanes=2.3 ddraw=1.6 pts=36
  Self-play: 52W/52L/3D | score=44.5±28.4 inv=2.5 played=12.6 lanes=2.4 ddraw=2.4 pts=44
Step: 43008000  SPS: 4712  ε=0.050  ret=0.227  score=20.3  buf=100%  updates=335922
  vs FROZEN-PPO: 44W/56L/1D  win=44% | score=32.5 inv=3.0 played=12.9 ddraw=3.4
  vs Heur:   71W/35L/1D | score=31.6±30.2 inv=3.2 played=12.7 lanes=2.4 ddraw=4.2 pts=32
  vs Random: 103W/0L/0D | score=31.9±30.9 inv=2.7 played=12.7 lanes=2.6 ddraw=1.8 pts=32
  Self-play: 51W/55L/1D | score=39.6±31.5 inv=2.8 played=13.0 lanes=2.6 ddraw=2.5 pts=40
Step: 43089920  SPS: 4712  ε=0.050  ret=0.247  score=26.6  buf=100%  updates=336562
  vs FROZEN-PPO: 36W/73L/0D  win=33% | score=33.2 inv=3.2 played=13.1 ddraw=3.4
  vs Heur:   72W/35L/0D | score=38.0±34.9 inv=3.4 played=13.3 lanes=2.4 ddraw=4.1 pts=38
  vs Random: 110W/0L/0D | score=34.5±28.7 inv=2.5 played=12.0 lanes=2.4 ddraw=1.6 pts=34
  Self-play: 40W/59L/2D | score=39.3±28.8 inv=2.6 played=12.4 lanes=2.4 ddraw=2.3 pts=39
Step: 43171840  SPS: 4712  ε=0.050  ret=0.299  score=20.6  buf=100%  updates=337202
  vs FROZEN-PPO: 36W/77L/1D  win=32% | score=33.1 inv=3.0 played=13.4 ddraw=3.4
  vs Heur:   73W/26L/1D | score=34.0±32.1 inv=3.1 played=12.8 lanes=2.5 ddraw=4.3 pts=34
  vs Random: 101W/0L/0D | score=39.5±33.2 inv=2.5 played=12.7 lanes=2.5 ddraw=2.0 pts=40
  Self-play: 43W/64L/1D | score=44.0±32.6 inv=2.9 played=13.5 lanes=2.6 ddraw=2.6 pts=44
Step: 43253760  SPS: 4712  ε=0.050  ret=0.207  score=19.5  buf=100%  updates=337842
  vs FROZEN-PPO: 48W/56L/0D  win=46% | score=39.7 inv=2.8 played=12.7 ddraw=3.3
  vs Heur:   78W/23L/2D | score=41.9±36.8 inv=3.2 played=13.3 lanes=2.5 ddraw=4.2 pts=42
  vs Random: 100W/0L/0D | score=36.4±26.1 inv=2.4 played=12.1 lanes=2.4 ddraw=1.5 pts=36
  Self-play: 49W/57L/0D | score=46.6±30.2 inv=2.6 played=12.7 lanes=2.4 ddraw=2.6 pts=47
Step: 43335680  SPS: 4712  ε=0.050  ret=0.379  score=27.5  buf=100%  updates=338482
  vs FROZEN-PPO: 47W/59L/1D  win=44% | score=35.2 inv=3.2 played=13.5 ddraw=3.5
  vs Heur:   73W/37L/3D | score=31.5±29.8 inv=3.2 played=13.0 lanes=2.5 ddraw=4.3 pts=32
  vs Random: 100W/0L/0D | score=42.4±27.8 inv=2.6 played=13.0 lanes=2.5 ddraw=1.9 pts=42
  Self-play: 44W/57L/3D | score=43.0±29.4 inv=2.9 played=13.7 lanes=2.7 ddraw=2.6 pts=43
Step: 43417600  SPS: 4712  ε=0.050  ret=0.331  score=21.6  buf=100%  updates=339122
  vs FROZEN-PPO: 41W/58L/1D  win=41% | score=37.8 inv=3.3 played=14.0 ddraw=3.5
  vs Heur:   83W/20L/0D | score=40.6±32.5 inv=3.7 played=14.0 lanes=2.7 ddraw=4.3 pts=41
  vs Random: 108W/0L/0D | score=38.4±29.0 inv=2.6 played=12.7 lanes=2.5 ddraw=1.8 pts=38
  Self-play: 46W/61L/2D | score=44.0±28.8 inv=2.7 played=13.4 lanes=2.5 ddraw=2.5 pts=44
Step: 43499520  SPS: 4712  ε=0.050  ret=0.253  score=27.3  buf=100%  updates=339762
  vs FROZEN-PPO: 44W/62L/0D  win=42% | score=32.0 inv=2.9 played=13.3 ddraw=3.6
  vs Heur:   73W/26L/1D | score=40.8±33.5 inv=3.1 played=13.0 lanes=2.5 ddraw=4.3 pts=41
  vs Random: 105W/0L/0D | score=35.1±23.6 inv=2.5 played=12.7 lanes=2.6 ddraw=1.9 pts=35
  Self-play: 57W/43L/2D | score=48.4±34.8 inv=2.6 played=13.4 lanes=2.6 ddraw=2.7 pts=48
Step: 43581440  SPS: 4712  ε=0.050  ret=0.266  score=25.7  buf=100%  updates=340402
  vs FROZEN-PPO: 50W/50L/0D  win=50% | score=37.2 inv=3.1 played=13.3 ddraw=3.4
  vs Heur:   65W/34L/1D | score=31.4±33.9 inv=3.1 played=12.2 lanes=2.4 ddraw=4.4 pts=31
  vs Random: 106W/0L/0D | score=34.5±23.5 inv=2.5 played=12.2 lanes=2.4 ddraw=2.0 pts=35
  Self-play: 45W/64L/0D | score=38.1±29.6 inv=2.7 played=12.9 lanes=2.5 ddraw=2.6 pts=38
Step: 43663360  SPS: 4712  ε=0.050  ret=0.229  score=29.2  buf=100%  updates=341042
  vs FROZEN-PPO: 42W/66L/0D  win=39% | score=34.5 inv=3.1 played=13.6 ddraw=3.5
  vs Heur:   76W/26L/3D | score=35.1±34.0 inv=3.6 played=13.9 lanes=2.7 ddraw=4.3 pts=35
  vs Random: 107W/0L/0D | score=39.7±27.4 inv=2.8 played=13.3 lanes=2.6 ddraw=1.9 pts=40
  Self-play: 48W/60L/0D | score=39.8±29.7 inv=2.9 played=13.4 lanes=2.7 ddraw=2.5 pts=40
Step: 43745280  SPS: 4711  ε=0.050  ret=0.245  score=25.4  buf=100%  updates=341682
  vs FROZEN-PPO: 36W/69L/1D  win=34% | score=28.4 inv=3.2 played=12.7 ddraw=3.5
  vs Heur:   66W/34L/0D | score=34.8±34.2 inv=3.5 played=13.2 lanes=2.5 ddraw=4.4 pts=35
  vs Random: 103W/0L/0D | score=33.8±26.2 inv=2.7 played=12.5 lanes=2.6 ddraw=1.9 pts=34
  Self-play: 41W/63L/1D | score=39.5±32.3 inv=2.8 played=13.2 lanes=2.6 ddraw=2.5 pts=40
Step: 43827200  SPS: 4711  ε=0.050  ret=0.307  score=19.6  buf=100%  updates=342322
  vs FROZEN-PPO: 45W/61L/2D  win=42% | score=28.9 inv=3.2 played=13.9 ddraw=3.3
  vs Heur:   80W/31L/2D | score=36.3±34.1 inv=3.5 played=13.8 lanes=2.7 ddraw=4.3 pts=36
  vs Random: 107W/0L/0D | score=37.6±29.0 inv=2.7 played=13.2 lanes=2.7 ddraw=1.9 pts=38
  Self-play: 52W/51L/2D | score=46.1±32.4 inv=2.8 played=13.9 lanes=2.7 ddraw=2.4 pts=46
Step: 43909120  SPS: 4711  ε=0.050  ret=0.429  score=21.8  buf=100%  updates=342962
  vs FROZEN-PPO: 42W/64L/2D  win=39% | score=31.9 inv=3.4 played=14.1 ddraw=3.7
  vs Heur:   67W/34L/1D | score=31.2±28.8 inv=3.5 played=13.8 lanes=2.7 ddraw=4.2 pts=31
  vs Random: 103W/0L/0D | score=34.8±31.7 inv=2.7 played=13.3 lanes=2.7 ddraw=2.0 pts=35
  Self-play: 50W/51L/1D | score=45.6±33.8 inv=3.0 played=14.0 lanes=2.8 ddraw=2.6 pts=46
Step: 43991040  SPS: 4711  ε=0.050  ret=0.263  score=25.4  buf=100%  updates=343602
  vs FROZEN-PPO: 42W/66L/2D  win=38% | score=31.3 inv=3.2 played=13.4 ddraw=3.5
  vs Heur:   75W/28L/2D | score=33.6±30.1 inv=3.3 played=13.4 lanes=2.6 ddraw=4.4 pts=34
  vs Random: 106W/0L/0D | score=37.7±30.1 inv=2.6 played=12.9 lanes=2.6 ddraw=2.2 pts=38
  Self-play: 45W/54L/1D | score=41.6±29.9 inv=2.8 played=13.2 lanes=2.5 ddraw=2.6 pts=42
Step: 44072960  SPS: 4712  ε=0.050  ret=0.221  score=20.6  buf=100%  updates=344242
  vs FROZEN-PPO: 36W/64L/0D  win=36% | score=32.1 inv=3.4 played=13.6 ddraw=3.5
  vs Heur:   77W/26L/2D | score=38.2±33.7 inv=3.6 played=14.0 lanes=2.7 ddraw=4.4 pts=38
  vs Random: 103W/0L/0D | score=33.5±27.7 inv=2.6 played=13.0 lanes=2.6 ddraw=2.0 pts=34
  Self-play: 48W/56L/1D | score=41.0±28.2 inv=2.7 played=13.1 lanes=2.6 ddraw=2.6 pts=41
Step: 44154880  SPS: 4712  ε=0.050  ret=0.223  score=25.9  buf=100%  updates=344882
  vs FROZEN-PPO: 37W/72L/1D  win=34% | score=29.6 inv=3.3 played=13.5 ddraw=3.8
  vs Heur:   73W/33L/0D | score=37.1±32.2 inv=3.6 played=14.1 lanes=2.7 ddraw=4.2 pts=37
  vs Random: 101W/0L/0D | score=34.9±28.1 inv=3.0 played=13.3 lanes=2.6 ddraw=1.9 pts=35
  Self-play: 54W/43L/3D | score=52.0±34.1 inv=2.9 played=13.3 lanes=2.5 ddraw=2.5 pts=52
Step: 44236800  SPS: 4712  ε=0.050  ret=0.266  score=18.3  buf=100%  updates=345522
  vs FROZEN-PPO: 35W/65L/1D  win=35% | score=32.4 inv=3.3 played=13.2 ddraw=3.7
  vs Heur:   69W/37L/3D | score=33.7±34.5 inv=3.6 played=13.5 lanes=2.6 ddraw=4.3 pts=34
  vs Random: 103W/0L/0D | score=33.0±24.7 inv=2.6 played=12.8 lanes=2.7 ddraw=2.0 pts=33
  Self-play: 52W/46L/4D | score=41.6±31.4 inv=2.7 played=13.0 lanes=2.6 ddraw=2.6 pts=42
Step: 44318720  SPS: 4712  ε=0.050  ret=0.198  score=27.6  buf=100%  updates=346162
  vs FROZEN-PPO: 40W/68L/0D  win=37% | score=32.2 inv=3.5 played=14.0 ddraw=3.5
  vs Heur:   69W/33L/2D | score=32.2±32.3 inv=3.8 played=14.0 lanes=2.7 ddraw=4.5 pts=32
  vs Random: 104W/0L/0D | score=41.5±26.6 inv=2.8 played=13.5 lanes=2.6 ddraw=2.1 pts=42
  Self-play: 50W/50L/3D | score=48.7±33.8 inv=3.1 played=13.9 lanes=2.7 ddraw=2.7 pts=49
Step: 44400640  SPS: 4712  ε=0.050  ret=0.243  score=26.0  buf=100%  updates=346802
  vs FROZEN-PPO: 48W/56L/2D  win=45% | score=32.7 inv=3.5 played=13.7 ddraw=3.4
  vs Heur:   71W/33L/1D | score=38.0±35.8 inv=4.0 played=14.0 lanes=2.6 ddraw=4.3 pts=38
  vs Random: 106W/1L/0D | score=35.0±31.0 inv=2.6 played=12.5 lanes=2.4 ddraw=2.0 pts=35
  Self-play: 61W/46L/2D | score=44.8±28.5 inv=2.8 played=12.9 lanes=2.5 ddraw=2.4 pts=45
Step: 44482560  SPS: 4712  ε=0.050  ret=0.162  score=25.9  buf=100%  updates=347442
  vs FROZEN-PPO: 29W/70L/4D  win=28% | score=31.7 inv=3.0 played=12.8 ddraw=3.3
  vs Heur:   74W/34L/0D | score=35.4±36.9 inv=3.5 played=13.2 lanes=2.5 ddraw=4.4 pts=35
  vs Random: 100W/0L/0D | score=37.0±27.3 inv=2.7 played=13.0 lanes=2.6 ddraw=2.0 pts=37
  Self-play: 45W/57L/2D | score=45.0±32.9 inv=2.9 played=13.4 lanes=2.6 ddraw=2.3 pts=45
Step: 44564480  SPS: 4712  ε=0.050  ret=0.294  score=31.6  buf=100%  updates=348082
  vs FROZEN-PPO: 39W/65L/1D  win=37% | score=30.5 inv=3.2 played=13.6 ddraw=3.3
  vs Heur:   73W/34L/0D | score=34.6±31.9 inv=3.5 played=13.6 lanes=2.6 ddraw=4.5 pts=35
  vs Random: 108W/0L/0D | score=29.6±26.1 inv=2.7 played=13.2 lanes=2.8 ddraw=2.1 pts=30
  Self-play: 46W/54L/3D | score=44.2±29.7 inv=2.8 played=13.3 lanes=2.6 ddraw=2.7 pts=44
Step: 44646400  SPS: 4712  ε=0.050  ret=0.296  score=24.1  buf=100%  updates=348722
  vs FROZEN-PPO: 45W/55L/2D  win=44% | score=38.8 inv=3.3 played=13.8 ddraw=3.4
  vs Heur:   74W/34L/2D | score=35.3±33.9 inv=3.4 played=13.7 lanes=2.7 ddraw=4.2 pts=35
  vs Random: 108W/1L/0D | score=38.6±30.7 inv=2.7 played=13.0 lanes=2.6 ddraw=1.9 pts=39
  Self-play: 50W/59L/0D | score=45.8±32.2 inv=3.1 played=13.7 lanes=2.7 ddraw=2.5 pts=46
Step: 44728320  SPS: 4712  ε=0.050  ret=0.197  score=21.3  buf=100%  updates=349362
  vs FROZEN-PPO: 32W/76L/0D  win=30% | score=26.8 inv=3.0 played=13.3 ddraw=3.5
  vs Heur:   74W/39L/0D | score=32.4±32.7 inv=3.5 played=13.3 lanes=2.6 ddraw=4.2 pts=32
  vs Random: 106W/0L/0D | score=33.2±28.1 inv=2.5 played=12.9 lanes=2.7 ddraw=2.2 pts=33
  Self-play: 58W/51L/0D | score=42.7±29.5 inv=2.7 played=13.4 lanes=2.7 ddraw=2.5 pts=43
Step: 44810240  SPS: 4711  ε=0.050  ret=0.196  score=28.4  buf=100%  updates=350002
  vs FROZEN-PPO: 48W/57L/1D  win=45% | score=34.1 inv=3.2 played=13.4 ddraw=3.7
  vs Heur:   72W/28L/0D | score=35.8±36.6 inv=3.6 played=13.8 lanes=2.6 ddraw=4.3 pts=36
  vs Random: 105W/0L/0D | score=36.5±28.4 inv=2.6 played=12.9 lanes=2.6 ddraw=2.0 pts=36
  Self-play: 50W/54L/0D | score=41.2±29.3 inv=2.7 played=13.5 lanes=2.7 ddraw=2.7 pts=41
Step: 44892160  SPS: 4711  ε=0.050  ret=0.233  score=25.0  buf=100%  updates=350642
  vs FROZEN-PPO: 49W/57L/1D  win=46% | score=36.8 inv=3.1 played=13.5 ddraw=3.4
  vs Heur:   72W/32L/2D | score=33.8±26.9 inv=3.5 played=13.3 lanes=2.6 ddraw=4.4 pts=34
  vs Random: 106W/0L/0D | score=42.2±30.7 inv=2.7 played=12.2 lanes=2.3 ddraw=1.9 pts=42
  Self-play: 53W/59L/0D | score=40.0±30.8 inv=2.8 played=13.3 lanes=2.7 ddraw=2.5 pts=40
Step: 44974080  SPS: 4711  ε=0.050  ret=0.166  score=21.5  buf=100%  updates=351282
  vs FROZEN-PPO: 39W/65L/1D  win=37% | score=33.4 inv=3.2 played=13.9 ddraw=3.5
  vs Heur:   68W/32L/0D | score=33.1±34.1 inv=3.6 played=14.0 lanes=2.7 ddraw=4.2 pts=33
  vs Random: 102W/0L/0D | score=35.8±31.1 inv=2.9 played=13.5 lanes=2.8 ddraw=2.0 pts=36
  Self-play: 56W/53L/0D | score=45.7±31.8 inv=3.0 played=14.0 lanes=2.8 ddraw=2.5 pts=46
Step: 45056000  SPS: 4711  ε=0.050  ret=0.177  score=20.5  buf=100%  updates=351922
  vs FROZEN-PPO: 30W/70L/0D  win=30% | score=27.2 inv=2.9 played=12.8 ddraw=3.4
  vs Heur:   76W/25L/0D | score=39.7±31.2 inv=3.4 played=13.2 lanes=2.5 ddraw=4.1 pts=40
  vs Random: 108W/0L/0D | score=39.8±26.9 inv=2.6 played=13.2 lanes=2.6 ddraw=2.0 pts=40
  Self-play: 43W/60L/2D | score=42.8±27.9 inv=2.9 played=13.5 lanes=2.6 ddraw=2.7 pts=43
Step: 45137920  SPS: 4711  ε=0.050  ret=0.314  score=25.2  buf=100%  updates=352562
  vs FROZEN-PPO: 50W/52L/1D  win=49% | score=35.6 inv=3.0 played=13.3 ddraw=3.4
  vs Heur:   76W/27L/2D | score=37.7±29.7 inv=3.4 played=13.4 lanes=2.5 ddraw=4.3 pts=38
  vs Random: 107W/0L/0D | score=38.3±29.5 inv=2.5 played=12.3 lanes=2.5 ddraw=1.9 pts=38
  Self-play: 47W/58L/2D | score=37.6±32.7 inv=2.8 played=13.0 lanes=2.6 ddraw=2.6 pts=38
Step: 45219840  SPS: 4711  ε=0.050  ret=0.282  score=20.0  buf=100%  updates=353202
  vs FROZEN-PPO: 42W/64L/1D  win=39% | score=36.7 inv=3.1 played=13.1 ddraw=3.2
  vs Heur:   75W/28L/1D | score=33.6±31.5 inv=3.4 played=13.1 lanes=2.5 ddraw=4.3 pts=34
  vs Random: 100W/0L/0D | score=36.9±29.1 inv=2.6 played=13.0 lanes=2.6 ddraw=1.9 pts=37
  Self-play: 50W/49L/1D | score=47.5±31.8 inv=2.8 played=13.1 lanes=2.5 ddraw=2.6 pts=47
Step: 45301760  SPS: 4711  ε=0.050  ret=0.268  score=25.6  buf=100%  updates=353842
  vs FROZEN-PPO: 39W/64L/2D  win=37% | score=32.6 inv=3.2 played=13.3 ddraw=3.3
  vs Heur:   69W/31L/0D | score=35.6±32.3 inv=3.2 played=13.8 lanes=2.6 ddraw=4.2 pts=36
  vs Random: 106W/0L/0D | score=39.1±26.4 inv=2.5 played=13.6 lanes=2.8 ddraw=2.0 pts=39
  Self-play: 59W/59L/0D | score=45.9±32.4 inv=2.7 played=13.6 lanes=2.7 ddraw=2.7 pts=46
Step: 45383680  SPS: 4711  ε=0.050  ret=0.180  score=19.0  buf=100%  updates=354482
  vs FROZEN-PPO: 44W/62L/1D  win=41% | score=37.2 inv=3.0 played=12.6 ddraw=3.3
  vs Heur:   80W/21L/0D | score=38.8±29.9 inv=3.4 played=12.9 lanes=2.4 ddraw=4.3 pts=39
  vs Random: 105W/0L/0D | score=35.7±26.3 inv=2.5 played=12.1 lanes=2.4 ddraw=1.8 pts=36
  Self-play: 55W/48L/1D | score=42.5±32.9 inv=2.6 played=11.9 lanes=2.3 ddraw=2.4 pts=43
Step: 45465600  SPS: 4711  ε=0.050  ret=0.214  score=28.5  buf=100%  updates=355122
  vs FROZEN-PPO: 48W/61L/1D  win=44% | score=38.0 inv=2.9 played=12.5 ddraw=3.4
  vs Heur:   76W/29L/0D | score=38.5±35.5 inv=3.3 played=12.8 lanes=2.4 ddraw=4.3 pts=38
  vs Random: 107W/0L/0D | score=37.1±29.8 inv=2.3 played=12.3 lanes=2.5 ddraw=1.9 pts=37
  Self-play: 54W/48L/1D | score=45.1±31.5 inv=2.7 played=12.7 lanes=2.5 ddraw=2.5 pts=45
Step: 45547520  SPS: 4711  ε=0.050  ret=0.261  score=31.5  buf=100%  updates=355762
  vs FROZEN-PPO: 47W/57L/0D  win=45% | score=37.8 inv=3.0 played=12.6 ddraw=3.3
  vs Heur:   85W/21L/0D | score=38.1±32.8 inv=3.4 played=12.7 lanes=2.3 ddraw=4.3 pts=38
  vs Random: 105W/0L/0D | score=41.7±28.9 inv=2.3 played=12.3 lanes=2.4 ddraw=1.7 pts=42
  Self-play: 42W/66L/0D | score=44.9±33.0 inv=3.1 played=13.0 lanes=2.5 ddraw=2.6 pts=45
Step: 45629440  SPS: 4711  ε=0.050  ret=0.323  score=19.5  buf=100%  updates=356402
  vs FROZEN-PPO: 40W/60L/0D  win=40% | score=32.4 inv=3.1 played=12.9 ddraw=3.5
  vs Heur:   70W/32L/3D | score=40.2±34.2 inv=3.2 played=12.8 lanes=2.4 ddraw=4.2 pts=40
  vs Random: 109W/0L/0D | score=37.6±26.4 inv=2.6 played=12.6 lanes=2.6 ddraw=2.1 pts=38
  Self-play: 42W/63L/0D | score=39.5±33.0 inv=2.7 played=12.9 lanes=2.6 ddraw=2.5 pts=39
Step: 45711360  SPS: 4711  ε=0.050  ret=0.295  score=22.8  buf=100%  updates=357042
  vs FROZEN-PPO: 38W/65L/0D  win=37% | score=33.3 inv=2.9 played=12.6 ddraw=3.3
  vs Heur:   71W/37L/0D | score=32.4±33.2 inv=3.5 played=13.2 lanes=2.5 ddraw=4.3 pts=32
  vs Random: 99W/1L/0D | score=39.3±27.9 inv=2.7 played=12.8 lanes=2.5 ddraw=1.8 pts=39
  Self-play: 53W/48L/1D | score=46.9±32.0 inv=2.7 played=13.0 lanes=2.4 ddraw=2.4 pts=47
Step: 45793280  SPS: 4711  ε=0.050  ret=0.337  score=19.0  buf=100%  updates=357682
  vs FROZEN-PPO: 48W/58L/3D  win=44% | score=40.0 inv=3.1 played=13.8 ddraw=3.2
  vs Heur:   67W/32L/1D | score=35.4±35.9 inv=3.3 played=13.0 lanes=2.5 ddraw=4.2 pts=35
  vs Random: 105W/0L/0D | score=35.7±30.7 inv=2.7 played=12.6 lanes=2.5 ddraw=2.0 pts=36
  Self-play: 53W/51L/2D | score=47.5±29.9 inv=2.6 played=13.5 lanes=2.6 ddraw=2.5 pts=48
Step: 45875200  SPS: 4711  ε=0.050  ret=0.283  score=28.1  buf=100%  updates=358322
  vs FROZEN-PPO: 47W/60L/0D  win=44% | score=33.2 inv=2.9 played=12.2 ddraw=3.3
  vs Heur:   80W/27L/1D | score=41.7±32.5 inv=3.1 played=12.6 lanes=2.3 ddraw=4.0 pts=42
  vs Random: 105W/0L/0D | score=38.2±29.6 inv=2.5 played=12.5 lanes=2.5 ddraw=1.7 pts=38
  Self-play: 51W/57L/2D | score=45.2±35.4 inv=2.6 played=12.4 lanes=2.4 ddraw=2.5 pts=45
Step: 45957120  SPS: 4711  ε=0.050  ret=0.312  score=26.4  buf=100%  updates=358962
  vs FROZEN-PPO: 41W/66L/0D  win=38% | score=28.9 inv=2.9 played=12.3 ddraw=3.5
  vs Heur:   68W/33L/1D | score=38.1±36.1 inv=3.2 played=12.7 lanes=2.4 ddraw=4.2 pts=38
  vs Random: 109W/0L/0D | score=39.9±30.6 inv=2.6 played=12.4 lanes=2.4 ddraw=1.8 pts=40
  Self-play: 55W/49L/2D | score=43.7±32.3 inv=2.6 played=12.6 lanes=2.4 ddraw=2.5 pts=44
Step: 46039040  SPS: 4711  ε=0.050  ret=0.288  score=22.3  buf=100%  updates=359602
  vs FROZEN-PPO: 45W/64L/1D  win=41% | score=31.2 inv=2.9 played=12.3 ddraw=3.4
  vs Heur:   82W/27L/0D | score=38.9±33.5 inv=3.4 played=12.6 lanes=2.3 ddraw=4.2 pts=39
  vs Random: 113W/0L/0D | score=36.5±24.1 inv=2.3 played=11.9 lanes=2.4 ddraw=1.8 pts=36
  Self-play: 58W/48L/2D | score=49.7±34.3 inv=2.7 played=12.6 lanes=2.4 ddraw=2.5 pts=50
Step: 46120960  SPS: 4711  ε=0.050  ret=0.202  score=32.3  buf=100%  updates=360242
  vs FROZEN-PPO: 43W/55L/3D  win=43% | score=37.9 inv=2.9 played=12.8 ddraw=3.3
  vs Heur:   72W/36L/2D | score=36.8±36.9 inv=3.3 played=12.7 lanes=2.4 ddraw=4.3 pts=37
  vs Random: 107W/0L/0D | score=41.7±33.1 inv=2.6 played=12.2 lanes=2.4 ddraw=2.0 pts=42
  Self-play: 50W/55L/1D | score=42.2±30.4 inv=2.6 played=12.7 lanes=2.4 ddraw=2.6 pts=42
Step: 46202880  SPS: 4711  ε=0.050  ret=0.177  score=29.2  buf=100%  updates=360882
  vs FROZEN-PPO: 46W/60L/2D  win=43% | score=36.7 inv=2.7 played=12.7 ddraw=3.3
  vs Heur:   77W/24L/1D | score=39.7±33.1 inv=3.1 played=12.6 lanes=2.4 ddraw=4.2 pts=40
  vs Random: 109W/0L/0D | score=36.8±27.2 inv=2.2 played=11.7 lanes=2.4 ddraw=1.6 pts=37
  Self-play: 41W/62L/1D | score=44.3±32.3 inv=2.5 played=12.8 lanes=2.5 ddraw=2.6 pts=44
Step: 46284800  SPS: 4712  ε=0.050  ret=0.232  score=25.2  buf=100%  updates=361522
  vs FROZEN-PPO: 42W/66L/3D  win=38% | score=35.4 inv=3.0 played=12.3 ddraw=3.2
  vs Heur:   66W/35L/0D | score=34.3±35.8 inv=3.3 played=12.3 lanes=2.3 ddraw=4.1 pts=34
  vs Random: 106W/0L/0D | score=39.2±30.7 inv=2.4 played=11.8 lanes=2.3 ddraw=1.8 pts=39
  Self-play: 50W/53L/0D | score=40.0±28.2 inv=2.5 played=12.2 lanes=2.4 ddraw=2.6 pts=40
Step: 46366720  SPS: 4712  ε=0.050  ret=0.145  score=20.9  buf=100%  updates=362162
  vs FROZEN-PPO: 45W/62L/1D  win=42% | score=30.9 inv=2.9 played=12.4 ddraw=3.3
  vs Heur:   75W/29L/3D | score=35.4±27.0 inv=3.1 played=12.9 lanes=2.4 ddraw=4.2 pts=35
  vs Random: 115W/1L/0D | score=41.0±33.2 inv=2.4 played=11.9 lanes=2.4 ddraw=1.8 pts=41
  Self-play: 53W/51L/1D | score=48.2±31.4 inv=2.5 played=12.6 lanes=2.5 ddraw=2.5 pts=48
Step: 46448640  SPS: 4712  ε=0.050  ret=0.211  score=24.5  buf=100%  updates=362802
  vs FROZEN-PPO: 36W/70L/3D  win=33% | score=35.9 inv=2.9 played=12.1 ddraw=3.3
  vs Heur:   74W/30L/1D | score=36.2±31.0 inv=2.8 played=11.6 lanes=2.1 ddraw=4.2 pts=36
  vs Random: 100W/0L/0D | score=36.8±30.0 inv=2.4 played=12.0 lanes=2.4 ddraw=1.9 pts=37
  Self-play: 44W/59L/0D | score=41.0±29.2 inv=2.4 played=12.2 lanes=2.4 ddraw=2.5 pts=41
Step: 46530560  SPS: 4712  ε=0.050  ret=0.225  score=26.6  buf=100%  updates=363442
  vs FROZEN-PPO: 44W/63L/0D  win=41% | score=37.0 inv=2.7 played=12.0 ddraw=3.2
  vs Heur:   75W/24L/1D | score=44.6±32.5 inv=3.1 played=12.5 lanes=2.2 ddraw=4.1 pts=45
  vs Random: 100W/0L/0D | score=38.2±32.4 inv=2.4 played=11.5 lanes=2.3 ddraw=1.6 pts=38
  Self-play: 57W/49L/1D | score=42.2±32.3 inv=2.5 played=11.9 lanes=2.3 ddraw=2.3 pts=42
Step: 46612480  SPS: 4713  ε=0.050  ret=0.151  score=17.8  buf=100%  updates=364082
  vs FROZEN-PPO: 43W/62L/0D  win=41% | score=37.4 inv=2.8 played=12.1 ddraw=3.3
  vs Heur:   75W/24L/1D | score=40.8±35.2 inv=3.3 played=12.3 lanes=2.2 ddraw=4.2 pts=41
  vs Random: 107W/0L/0D | score=35.6±29.7 inv=2.6 played=11.8 lanes=2.3 ddraw=1.8 pts=36
  Self-play: 48W/59L/0D | score=43.6±28.0 inv=2.5 played=11.7 lanes=2.2 ddraw=2.6 pts=44
Step: 46694400  SPS: 4713  ε=0.050  ret=0.234  score=19.8  buf=100%  updates=364722
  vs FROZEN-PPO: 47W/64L/1D  win=42% | score=33.7 inv=2.9 played=12.6 ddraw=3.3
  vs Heur:   75W/30L/0D | score=37.4±34.0 inv=3.3 played=12.7 lanes=2.3 ddraw=4.4 pts=37
  vs Random: 105W/0L/0D | score=37.0±32.0 inv=2.3 played=11.7 lanes=2.4 ddraw=1.8 pts=37
  Self-play: 51W/56L/0D | score=46.1±34.5 inv=2.6 played=12.4 lanes=2.3 ddraw=2.5 pts=46
Step: 46776320  SPS: 4713  ε=0.050  ret=0.208  score=26.0  buf=100%  updates=365362
  vs FROZEN-PPO: 45W/56L/4D  win=43% | score=36.2 inv=3.1 played=12.9 ddraw=3.4
  vs Heur:   74W/28L/0D | score=39.4±34.9 inv=3.3 played=13.0 lanes=2.4 ddraw=4.2 pts=39
  vs Random: 108W/0L/0D | score=39.4±31.5 inv=2.4 played=11.8 lanes=2.3 ddraw=1.7 pts=39
  Self-play: 43W/59L/0D | score=44.7±34.5 inv=2.4 played=12.5 lanes=2.4 ddraw=2.5 pts=45
Step: 46858240  SPS: 4713  ε=0.050  ret=0.200  score=25.1  buf=100%  updates=366002
  vs FROZEN-PPO: 46W/60L/1D  win=43% | score=33.8 inv=2.8 played=12.6 ddraw=3.3
  vs Heur:   72W/32L/0D | score=37.4±31.4 inv=2.9 played=12.2 lanes=2.3 ddraw=4.2 pts=37
  vs Random: 102W/0L/0D | score=34.6±26.0 inv=2.1 played=11.3 lanes=2.3 ddraw=1.7 pts=35
  Self-play: 49W/59L/2D | score=40.1±30.0 inv=2.5 played=12.5 lanes=2.5 ddraw=2.6 pts=40
Step: 46940160  SPS: 4713  ε=0.050  ret=0.230  score=24.7  buf=100%  updates=366642
  vs FROZEN-PPO: 42W/64L/0D  win=40% | score=39.3 inv=3.0 played=12.5 ddraw=3.1
  vs Heur:   74W/26L/1D | score=44.1±34.3 inv=3.2 played=12.0 lanes=2.1 ddraw=4.1 pts=44
  vs Random: 106W/0L/0D | score=39.9±27.0 inv=2.3 played=11.2 lanes=2.2 ddraw=1.8 pts=40
  Self-play: 53W/50L/0D | score=48.5±32.1 inv=2.6 played=12.0 lanes=2.2 ddraw=2.6 pts=48
Step: 47022080  SPS: 4713  ε=0.050  ret=0.176  score=32.9  buf=100%  updates=367282
  vs FROZEN-PPO: 44W/66L/0D  win=40% | score=33.8 inv=3.1 played=12.9 ddraw=3.4
  vs Heur:   79W/28L/0D | score=39.1±32.9 inv=3.2 played=12.5 lanes=2.3 ddraw=4.2 pts=39
  vs Random: 112W/0L/0D | score=38.9±29.7 inv=2.4 played=12.3 lanes=2.5 ddraw=1.7 pts=39
  Self-play: 42W/58L/0D | score=44.0±32.5 inv=2.8 played=12.4 lanes=2.3 ddraw=2.5 pts=44
Step: 47104000  SPS: 4713  ε=0.050  ret=0.239  score=24.5  buf=100%  updates=367922
  vs FROZEN-PPO: 43W/61L/2D  win=41% | score=35.4 inv=3.1 played=13.1 ddraw=3.2
  vs Heur:   74W/33L/1D | score=40.2±37.6 inv=3.3 played=13.2 lanes=2.5 ddraw=4.1 pts=40
  vs Random: 104W/0L/0D | score=36.1±29.5 inv=2.4 played=11.6 lanes=2.3 ddraw=1.8 pts=36
  Self-play: 45W/53L/2D | score=50.8±30.9 inv=2.9 played=12.3 lanes=2.2 ddraw=2.4 pts=51
Step: 47185920  SPS: 4713  ε=0.050  ret=0.283  score=26.9  buf=100%  updates=368562
  vs FROZEN-PPO: 49W/55L/0D  win=47% | score=35.9 inv=3.2 played=12.7 ddraw=3.3
  vs Heur:   82W/22L/1D | score=42.1±31.7 inv=3.5 played=12.8 lanes=2.3 ddraw=4.3 pts=42
  vs Random: 102W/0L/0D | score=40.0±28.9 inv=2.3 played=12.3 lanes=2.4 ddraw=1.8 pts=40
  Self-play: 54W/53L/0D | score=44.0±28.3 inv=2.5 played=12.3 lanes=2.4 ddraw=2.5 pts=44
Step: 47267840  SPS: 4713  ε=0.050  ret=0.287  score=25.1  buf=100%  updates=369202
  vs FROZEN-PPO: 46W/57L/2D  win=44% | score=32.6 inv=3.0 played=12.9 ddraw=3.4
  vs Heur:   80W/26L/1D | score=40.8±30.7 inv=3.1 played=12.3 lanes=2.2 ddraw=4.1 pts=41
  vs Random: 101W/0L/0D | score=37.6±28.3 inv=2.5 played=11.9 lanes=2.4 ddraw=1.7 pts=38
  Self-play: 54W/55L/0D | score=47.6±34.3 inv=2.7 played=12.3 lanes=2.3 ddraw=2.4 pts=48
Step: 47349760  SPS: 4713  ε=0.050  ret=0.174  score=23.2  buf=100%  updates=369842
  vs FROZEN-PPO: 42W/63L/2D  win=39% | score=37.3 inv=2.8 played=12.6 ddraw=3.2
  vs Heur:   72W/32L/2D | score=38.9±32.0 inv=3.1 played=12.1 lanes=2.2 ddraw=4.1 pts=39
  vs Random: 104W/1L/0D | score=35.4±26.5 inv=2.3 played=11.5 lanes=2.4 ddraw=1.7 pts=35
  Self-play: 48W/59L/1D | score=46.1±31.6 inv=2.7 played=12.1 lanes=2.2 ddraw=2.6 pts=46
Step: 47431680  SPS: 4713  ε=0.050  ret=0.247  score=24.3  buf=100%  updates=370482
  vs FROZEN-PPO: 41W/63L/1D  win=39% | score=33.6 inv=2.9 played=12.7 ddraw=3.2
  vs Heur:   69W/36L/0D | score=33.5±32.5 inv=3.2 played=12.8 lanes=2.4 ddraw=4.1 pts=34
  vs Random: 100W/0L/0D | score=30.0±24.6 inv=2.6 played=12.0 lanes=2.5 ddraw=1.8 pts=30
  Self-play: 54W/46L/0D | score=45.2±28.8 inv=2.6 played=12.7 lanes=2.5 ddraw=2.5 pts=45
Step: 47513600  SPS: 4713  ε=0.050  ret=0.185  score=26.7  buf=100%  updates=371122
  vs FROZEN-PPO: 47W/58L/0D  win=45% | score=36.9 inv=2.9 played=12.6 ddraw=3.4
  vs Heur:   72W/28L/1D | score=41.9±36.8 inv=3.2 played=13.0 lanes=2.4 ddraw=4.2 pts=42
  vs Random: 100W/0L/0D | score=35.1±27.5 inv=2.2 played=11.4 lanes=2.4 ddraw=1.6 pts=35
  Self-play: 43W/61L/3D | score=43.6±26.1 inv=2.8 played=12.7 lanes=2.5 ddraw=2.5 pts=44
Step: 47595520  SPS: 4713  ε=0.050  ret=0.341  score=27.2  buf=100%  updates=371762
  vs FROZEN-PPO: 38W/61L/1D  win=38% | score=35.5 inv=2.9 played=12.6 ddraw=3.4
  vs Heur:   71W/32L/1D | score=39.0±31.4 inv=3.2 played=12.6 lanes=2.3 ddraw=4.2 pts=39
  vs Random: 108W/0L/0D | score=39.4±35.9 inv=2.4 played=12.2 lanes=2.4 ddraw=1.7 pts=39
  Self-play: 49W/50L/1D | score=41.0±30.1 inv=2.5 played=12.2 lanes=2.4 ddraw=2.4 pts=41
Step: 47677440  SPS: 4713  ε=0.050  ret=0.239  score=27.1  buf=100%  updates=372402
  vs FROZEN-PPO: 39W/63L/3D  win=37% | score=39.8 inv=3.0 played=12.8 ddraw=3.2
  vs Heur:   77W/27L/3D | score=38.6±32.8 inv=3.2 played=12.5 lanes=2.3 ddraw=4.3 pts=39
  vs Random: 108W/0L/0D | score=39.2±34.1 inv=2.6 played=12.7 lanes=2.6 ddraw=1.7 pts=39
  Self-play: 40W/62L/0D | score=42.2±32.6 inv=2.8 played=13.2 lanes=2.6 ddraw=2.6 pts=42
Step: 47759360  SPS: 4713  ε=0.050  ret=0.273  score=29.8  buf=100%  updates=373042
  vs FROZEN-PPO: 34W/70L/1D  win=32% | score=29.2 inv=2.8 played=12.0 ddraw=3.2
  vs Heur:   70W/31L/1D | score=35.3±30.7 inv=3.3 played=12.5 lanes=2.3 ddraw=4.2 pts=35
  vs Random: 105W/0L/0D | score=37.1±24.5 inv=2.2 played=11.5 lanes=2.3 ddraw=1.7 pts=37
  Self-play: 58W/48L/1D | score=49.4±29.1 inv=2.6 played=12.1 lanes=2.2 ddraw=2.5 pts=49
Step: 47841280  SPS: 4713  ε=0.050  ret=0.272  score=23.3  buf=100%  updates=373682
  vs FROZEN-PPO: 38W/63L/0D  win=38% | score=30.4 inv=3.0 played=11.8 ddraw=3.2
  vs Heur:   69W/29L/3D | score=41.6±34.0 inv=3.1 played=12.3 lanes=2.2 ddraw=4.1 pts=42
  vs Random: 106W/0L/0D | score=34.3±31.7 inv=2.4 played=11.5 lanes=2.3 ddraw=1.6 pts=34
  Self-play: 47W/60L/1D | score=50.0±32.6 inv=2.8 played=12.5 lanes=2.3 ddraw=2.4 pts=50
Step: 47923200  SPS: 4713  ε=0.050  ret=0.265  score=27.6  buf=100%  updates=374322
  vs FROZEN-PPO: 47W/51L/2D  win=47% | score=38.5 inv=3.0 played=12.6 ddraw=3.3
  vs Heur:   75W/27L/2D | score=40.0±33.2 inv=3.2 played=12.6 lanes=2.3 ddraw=4.3 pts=40
  vs Random: 102W/0L/0D | score=38.3±28.5 inv=2.5 played=11.6 lanes=2.2 ddraw=1.6 pts=38
  Self-play: 56W/49L/0D | score=44.8±29.7 inv=2.8 played=12.8 lanes=2.5 ddraw=2.6 pts=45
Step: 48005120  SPS: 4713  ε=0.050  ret=0.230  score=18.5  buf=100%  updates=374962
  vs FROZEN-PPO: 41W/66L/1D  win=38% | score=30.8 inv=3.1 played=12.6 ddraw=3.3
  vs Heur:   73W/33L/1D | score=38.1±30.4 inv=3.1 played=12.7 lanes=2.4 ddraw=4.1 pts=38
  vs Random: 105W/0L/0D | score=36.2±24.9 inv=2.3 played=12.0 lanes=2.4 ddraw=1.6 pts=36
  Self-play: 53W/53L/2D | score=45.7±29.0 inv=2.6 played=11.9 lanes=2.2 ddraw=2.5 pts=46
Step: 48087040  SPS: 4713  ε=0.050  ret=0.240  score=22.2  buf=100%  updates=375602
  vs FROZEN-PPO: 38W/65L/4D  win=36% | score=39.2 inv=3.3 played=13.1 ddraw=3.1
  vs Heur:   75W/32L/1D | score=36.5±32.0 inv=3.3 played=12.5 lanes=2.3 ddraw=4.3 pts=36
  vs Random: 104W/1L/0D | score=37.7±30.2 inv=2.5 played=12.1 lanes=2.3 ddraw=1.7 pts=38
  Self-play: 60W/43L/1D | score=59.3±38.5 inv=2.7 played=12.8 lanes=2.3 ddraw=2.5 pts=59
Step: 48168960  SPS: 4713  ε=0.050  ret=0.163  score=23.8  buf=100%  updates=376242
  vs FROZEN-PPO: 45W/60L/2D  win=42% | score=39.3 inv=3.1 played=12.7 ddraw=2.9
  vs Heur:   74W/29L/0D | score=40.4±31.7 inv=3.6 played=13.4 lanes=2.4 ddraw=4.3 pts=40
  vs Random: 108W/0L/0D | score=35.9±26.8 inv=2.4 played=11.9 lanes=2.3 ddraw=1.7 pts=36
  Self-play: 49W/55L/2D | score=46.2±31.4 inv=2.6 played=12.3 lanes=2.4 ddraw=2.5 pts=46
Step: 48250880  SPS: 4713  ε=0.050  ret=0.201  score=17.6  buf=100%  updates=376882
  vs FROZEN-PPO: 40W/65L/4D  win=37% | score=35.0 inv=3.2 played=12.8 ddraw=3.1
  vs Heur:   69W/36L/0D | score=34.7±30.0 inv=3.2 played=12.6 lanes=2.4 ddraw=4.2 pts=35
  vs Random: 107W/0L/0D | score=37.2±27.5 inv=2.6 played=12.6 lanes=2.5 ddraw=1.8 pts=37
  Self-play: 51W/53L/1D | score=45.2±29.3 inv=2.8 played=12.9 lanes=2.5 ddraw=2.5 pts=45
Step: 48332800  SPS: 4714  ε=0.050  ret=0.267  score=30.6  buf=100%  updates=377522
  vs FROZEN-PPO: 43W/61L/1D  win=41% | score=38.0 inv=2.9 played=12.3 ddraw=3.2
  vs Heur:   78W/28L/1D | score=40.5±31.5 inv=3.1 played=12.3 lanes=2.2 ddraw=4.3 pts=40
  vs Random: 100W/0L/0D | score=37.1±26.3 inv=2.4 played=11.4 lanes=2.2 ddraw=1.7 pts=37
  Self-play: 49W/58L/0D | score=46.0±31.2 inv=2.6 played=12.4 lanes=2.3 ddraw=2.4 pts=46
Step: 48414720  SPS: 4714  ε=0.050  ret=0.311  score=27.6  buf=100%  updates=378162
  vs FROZEN-PPO: 47W/59L/2D  win=44% | score=39.9 inv=2.9 played=12.3 ddraw=3.2
  vs Heur:   69W/30L/1D | score=34.3±30.6 inv=3.4 played=12.3 lanes=2.2 ddraw=4.2 pts=34
  vs Random: 105W/0L/0D | score=41.2±30.6 inv=2.6 played=11.6 lanes=2.2 ddraw=1.6 pts=41
  Self-play: 35W/66L/2D | score=46.2±35.2 inv=2.7 played=12.0 lanes=2.2 ddraw=2.5 pts=46
Step: 48496640  SPS: 4713  ε=0.050  ret=0.232  score=27.9  buf=100%  updates=378802
  vs FROZEN-PPO: 55W/48L/2D  win=52% | score=36.3 inv=3.0 played=12.1 ddraw=3.2
  vs Heur:   72W/28L/0D | score=35.8±34.0 inv=3.3 played=12.6 lanes=2.3 ddraw=4.1 pts=36
  vs Random: 100W/0L/0D | score=42.0±30.7 inv=2.7 played=12.3 lanes=2.3 ddraw=1.9 pts=42
  Self-play: 49W/58L/0D | score=49.9±32.8 inv=2.7 played=12.4 lanes=2.3 ddraw=2.6 pts=50
Step: 48578560  SPS: 4713  ε=0.050  ret=0.359  score=20.4  buf=100%  updates=379442
  vs FROZEN-PPO: 32W/73L/0D  win=30% | score=28.3 inv=3.2 played=12.8 ddraw=3.4
  vs Heur:   77W/24L/1D | score=40.2±33.3 inv=3.3 played=12.8 lanes=2.3 ddraw=4.2 pts=40
  vs Random: 103W/0L/0D | score=40.1±26.7 inv=2.5 played=12.1 lanes=2.3 ddraw=1.8 pts=40
  Self-play: 46W/61L/1D | score=50.4±30.4 inv=2.6 played=12.4 lanes=2.3 ddraw=2.5 pts=50
Step: 48660480  SPS: 4714  ε=0.050  ret=0.321  score=24.6  buf=100%  updates=380082
  vs FROZEN-PPO: 43W/61L/1D  win=41% | score=36.1 inv=3.0 played=12.4 ddraw=3.3
  vs Heur:   79W/30L/1D | score=40.3±31.7 inv=3.0 played=11.8 lanes=2.1 ddraw=4.2 pts=40
  vs Random: 110W/0L/0D | score=37.8±29.9 inv=2.5 played=11.8 lanes=2.3 ddraw=1.9 pts=38
  Self-play: 49W/55L/2D | score=44.4±30.5 inv=2.7 played=12.2 lanes=2.3 ddraw=2.5 pts=44
Step: 48742400  SPS: 4713  ε=0.050  ret=0.199  score=25.1  buf=100%  updates=380722
  vs FROZEN-PPO: 41W/61L/1D  win=40% | score=36.2 inv=2.9 played=12.1 ddraw=3.5
  vs Heur:   83W/25L/1D | score=38.7±35.3 inv=3.1 played=12.6 lanes=2.3 ddraw=4.2 pts=39
  vs Random: 106W/0L/0D | score=42.0±31.7 inv=2.7 played=12.2 lanes=2.3 ddraw=1.7 pts=42
  Self-play: 49W/57L/1D | score=48.8±30.0 inv=2.8 played=12.4 lanes=2.3 ddraw=2.7 pts=49
Step: 48824320  SPS: 4713  ε=0.050  ret=0.241  score=24.0  buf=100%  updates=381362
  vs FROZEN-PPO: 42W/66L/0D  win=39% | score=35.0 inv=3.0 played=12.7 ddraw=3.4
  vs Heur:   80W/27L/1D | score=39.8±30.6 inv=3.1 played=12.5 lanes=2.3 ddraw=4.4 pts=40
  vs Random: 105W/0L/0D | score=33.8±28.6 inv=2.5 played=12.1 lanes=2.4 ddraw=1.8 pts=34
  Self-play: 53W/51L/1D | score=44.3±31.2 inv=2.7 played=12.9 lanes=2.5 ddraw=2.6 pts=44
Step: 48906240  SPS: 4713  ε=0.050  ret=0.249  score=24.1  buf=100%  updates=382002
  vs FROZEN-PPO: 46W/69L/1D  win=40% | score=34.6 inv=2.9 played=12.9 ddraw=3.5
  vs Heur:   68W/34L/2D | score=34.1±33.9 inv=3.2 played=12.2 lanes=2.2 ddraw=4.0 pts=34
  vs Random: 100W/0L/0D | score=36.2±32.0 inv=2.7 played=12.6 lanes=2.5 ddraw=1.9 pts=36
  Self-play: 46W/57L/2D | score=50.0±29.4 inv=2.6 played=13.1 lanes=2.5 ddraw=2.5 pts=50
Step: 48988160  SPS: 4713  ε=0.050  ret=0.220  score=25.2  buf=100%  updates=382642
  vs FROZEN-PPO: 35W/70L/1D  win=33% | score=31.6 inv=2.9 played=12.3 ddraw=3.4
  vs Heur:   69W/39L/0D | score=32.8±35.9 inv=3.3 played=12.6 lanes=2.3 ddraw=4.2 pts=33
  vs Random: 109W/0L/0D | score=45.4±32.4 inv=2.7 played=12.3 lanes=2.4 ddraw=2.0 pts=45
  Self-play: 48W/53L/3D | score=49.5±33.7 inv=2.9 played=12.7 lanes=2.4 ddraw=2.7 pts=50
Step: 49070080  SPS: 4713  ε=0.050  ret=0.226  score=26.6  buf=100%  updates=383282
  vs FROZEN-PPO: 40W/63L/2D  win=38% | score=31.6 inv=2.9 played=13.0 ddraw=3.5
  vs Heur:   76W/31L/1D | score=36.5±34.3 inv=3.4 played=13.0 lanes=2.5 ddraw=4.2 pts=36
  vs Random: 106W/0L/0D | score=32.0±26.8 inv=2.3 played=12.0 lanes=2.5 ddraw=1.8 pts=32
  Self-play: 57W/52L/3D | score=45.8±30.0 inv=2.7 played=12.7 lanes=2.5 ddraw=2.5 pts=46
Step: 49152000  SPS: 4713  ε=0.050  ret=0.128  score=21.1  buf=100%  updates=383922
  vs FROZEN-PPO: 37W/68L/1D  win=35% | score=36.6 inv=2.9 played=12.6 ddraw=3.2
  vs Heur:   80W/25L/0D | score=36.2±30.1 inv=3.2 played=12.3 lanes=2.3 ddraw=4.3 pts=36
  vs Random: 106W/0L/0D | score=40.7±29.4 inv=2.2 played=11.2 lanes=2.1 ddraw=1.6 pts=41
  Self-play: 48W/54L/0D | score=45.6±32.2 inv=2.6 played=12.1 lanes=2.3 ddraw=2.4 pts=46
Step: 49233920  SPS: 4713  ε=0.050  ret=0.239  score=24.1  buf=100%  updates=384562
  vs FROZEN-PPO: 40W/60L/2D  win=39% | score=32.2 inv=2.8 played=12.1 ddraw=3.3
  vs Heur:   78W/29L/1D | score=33.0±32.5 inv=2.9 played=11.5 lanes=2.1 ddraw=4.2 pts=33
  vs Random: 106W/0L/0D | score=36.8±25.3 inv=2.3 played=11.3 lanes=2.2 ddraw=1.6 pts=37
  Self-play: 51W/52L/3D | score=46.8±30.3 inv=2.3 played=11.5 lanes=2.2 ddraw=2.6 pts=47
Step: 49315840  SPS: 4713  ε=0.050  ret=0.293  score=27.5  buf=100%  updates=385202
  vs FROZEN-PPO: 46W/55L/2D  win=45% | score=35.2 inv=2.8 played=12.2 ddraw=3.4
  vs Heur:   80W/26L/0D | score=39.6±29.0 inv=3.1 played=11.9 lanes=2.1 ddraw=4.2 pts=40
  vs Random: 101W/0L/0D | score=32.0±29.4 inv=2.2 played=10.9 lanes=2.2 ddraw=1.6 pts=32
  Self-play: 50W/55L/1D | score=40.8±33.4 inv=2.7 played=12.5 lanes=2.5 ddraw=2.5 pts=41
Step: 49397760  SPS: 4713  ε=0.050  ret=0.320  score=24.5  buf=100%  updates=385842
  vs FROZEN-PPO: 38W/64L/2D  win=37% | score=35.4 inv=2.9 played=12.8 ddraw=3.2
  vs Heur:   73W/34L/1D | score=35.5±35.5 inv=3.2 played=12.3 lanes=2.2 ddraw=4.2 pts=36
  vs Random: 106W/0L/0D | score=35.2±28.2 inv=2.2 played=11.3 lanes=2.2 ddraw=1.8 pts=35
  Self-play: 47W/58L/0D | score=45.6±33.2 inv=2.5 played=11.7 lanes=2.2 ddraw=2.5 pts=46
Step: 49479680  SPS: 4713  ε=0.050  ret=0.233  score=19.1  buf=100%  updates=386482
  vs FROZEN-PPO: 42W/61L/1D  win=40% | score=33.4 inv=2.8 played=12.0 ddraw=3.5
  vs Heur:   72W/30L/0D | score=35.1±28.7 inv=3.2 played=12.3 lanes=2.3 ddraw=4.2 pts=35
  vs Random: 105W/0L/0D | score=36.0±32.1 inv=2.4 played=11.3 lanes=2.3 ddraw=1.8 pts=36
  Self-play: 55W/51L/1D | score=47.6±32.1 inv=2.5 played=12.1 lanes=2.3 ddraw=2.4 pts=48
Step: 49561600  SPS: 4713  ε=0.050  ret=0.255  score=24.5  buf=100%  updates=387122
  vs FROZEN-PPO: 48W/54L/1D  win=47% | score=33.6 inv=2.7 played=12.0 ddraw=3.3
  vs Heur:   76W/31L/0D | score=40.4±35.1 inv=2.9 played=12.3 lanes=2.4 ddraw=4.3 pts=40
  vs Random: 106W/1L/0D | score=37.6±26.4 inv=2.3 played=11.9 lanes=2.4 ddraw=2.0 pts=38
  Self-play: 46W/55L/0D | score=45.2±32.2 inv=2.6 played=12.4 lanes=2.4 ddraw=2.5 pts=45
Step: 49643520  SPS: 4713  ε=0.050  ret=0.309  score=27.1  buf=100%  updates=387762
  vs FROZEN-PPO: 34W/66L/0D  win=34% | score=27.3 inv=2.7 played=11.9 ddraw=3.6
  vs Heur:   76W/31L/0D | score=38.3±31.6 inv=3.0 played=11.7 lanes=2.1 ddraw=4.3 pts=38
  vs Random: 104W/1L/0D | score=35.0±32.4 inv=2.4 played=11.4 lanes=2.3 ddraw=1.8 pts=35
  Self-play: 48W/56L/1D | score=43.5±30.7 inv=2.6 played=11.9 lanes=2.2 ddraw=2.4 pts=44
Step: 49725440  SPS: 4713  ε=0.050  ret=0.227  score=23.1  buf=100%  updates=388402
  vs FROZEN-PPO: 39W/71L/0D  win=35% | score=29.3 inv=2.5 played=12.1 ddraw=3.7
  vs Heur:   78W/29L/1D | score=35.5±31.6 inv=3.3 played=12.8 lanes=2.4 ddraw=4.2 pts=36
  vs Random: 104W/0L/0D | score=37.3±31.4 inv=2.6 played=12.0 lanes=2.4 ddraw=1.8 pts=37
  Self-play: 51W/57L/0D | score=44.9±32.0 inv=2.4 played=12.6 lanes=2.5 ddraw=2.4 pts=45
Step: 49807360  SPS: 4713  ε=0.050  ret=0.317  score=26.7  buf=100%  updates=389042
  vs FROZEN-PPO: 44W/63L/0D  win=41% | score=40.3 inv=2.9 played=12.6 ddraw=3.3
  vs Heur:   75W/30L/2D | score=38.5±33.0 inv=3.4 played=12.7 lanes=2.4 ddraw=4.2 pts=38
  vs Random: 106W/0L/0D | score=41.7±29.0 inv=2.3 played=11.5 lanes=2.2 ddraw=1.8 pts=42
  Self-play: 54W/51L/2D | score=47.8±33.3 inv=2.5 played=12.1 lanes=2.3 ddraw=2.4 pts=48
Step: 49889280  SPS: 4713  ε=0.050  ret=0.284  score=25.4  buf=100%  updates=389682
  vs FROZEN-PPO: 34W/72L/2D  win=31% | score=34.9 inv=3.0 played=13.2 ddraw=3.0
  vs Heur:   73W/31L/1D | score=41.4±33.1 inv=3.4 played=13.1 lanes=2.4 ddraw=4.1 pts=41
  vs Random: 100W/0L/0D | score=35.5±31.7 inv=2.6 played=11.9 lanes=2.3 ddraw=1.7 pts=35
  Self-play: 41W/59L/1D | score=43.8±29.7 inv=2.5 played=12.5 lanes=2.3 ddraw=2.4 pts=44
Step: 49971200  SPS: 4712  ε=0.050  ret=0.176  score=21.5  buf=100%  updates=390322
  vs FROZEN-PPO: 49W/57L/1D  win=46% | score=36.9 inv=2.6 played=11.5 ddraw=3.1
  vs Heur:   84W/27L/2D | score=42.4±36.3 inv=3.1 played=12.4 lanes=2.2 ddraw=4.2 pts=42
  vs Random: 107W/0L/0D | score=39.2±30.6 inv=2.2 played=11.2 lanes=2.2 ddraw=1.7 pts=39
  Self-play: 47W/57L/0D | score=41.2±30.4 inv=2.6 played=11.9 lanes=2.2 ddraw=2.4 pts=41
Step: 50053120  SPS: 4712  ε=0.050  ret=0.148  score=26.3  buf=100%  updates=390962
  vs FROZEN-PPO: 45W/56L/2D  win=44% | score=38.6 inv=2.7 played=11.7 ddraw=3.5
  vs Heur:   76W/30L/2D | score=38.0±31.0 inv=3.1 played=12.1 lanes=2.2 ddraw=4.2 pts=38
  vs Random: 109W/1L/0D | score=32.7±28.7 inv=2.3 played=11.0 lanes=2.2 ddraw=1.7 pts=33
  Self-play: 44W/54L/2D | score=46.1±33.8 inv=2.5 played=11.4 lanes=2.2 ddraw=2.4 pts=46
Step: 50135040  SPS: 4712  ε=0.050  ret=0.199  score=25.3  buf=100%  updates=391602
  vs FROZEN-PPO: 45W/58L/1D  win=43% | score=35.1 inv=2.7 played=11.6 ddraw=3.4
  vs Heur:   74W/27L/1D | score=36.8±28.9 inv=3.3 played=12.3 lanes=2.2 ddraw=4.4 pts=37
  vs Random: 101W/0L/0D | score=39.4±25.4 inv=2.3 played=11.7 lanes=2.2 ddraw=1.9 pts=39
  Self-play: 61W/45L/0D | score=51.5±33.8 inv=2.6 played=11.9 lanes=2.2 ddraw=2.7 pts=52
Step: 50216960  SPS: 4712  ε=0.050  ret=0.280  score=22.5  buf=100%  updates=392242
  vs FROZEN-PPO: 49W/52L/0D  win=49% | score=37.8 inv=2.6 played=11.9 ddraw=3.5
  vs Heur:   74W/35L/0D | score=35.3±34.0 inv=3.1 played=11.6 lanes=2.1 ddraw=4.3 pts=35
  vs Random: 106W/0L/0D | score=35.9±29.5 inv=2.3 played=11.2 lanes=2.2 ddraw=1.6 pts=36
  Self-play: 49W/53L/2D | score=43.9±31.0 inv=2.5 played=11.4 lanes=2.2 ddraw=2.5 pts=44
Step: 50298880  SPS: 4713  ε=0.050  ret=0.204  score=23.4  buf=100%  updates=392882
  vs FROZEN-PPO: 49W/53L/0D  win=48% | score=30.9 inv=2.6 played=11.5 ddraw=3.4
  vs Heur:   73W/32L/0D | score=36.0±35.1 inv=3.3 played=12.3 lanes=2.2 ddraw=4.3 pts=36
  vs Random: 109W/0L/0D | score=38.0±30.8 inv=2.5 played=11.7 lanes=2.2 ddraw=1.9 pts=38
  Self-play: 52W/53L/1D | score=44.7±33.6 inv=2.5 played=11.2 lanes=2.1 ddraw=2.5 pts=45
Step: 50380800  SPS: 4713  ε=0.050  ret=0.225  score=23.9  buf=100%  updates=393522
  vs FROZEN-PPO: 40W/61L/1D  win=39% | score=30.9 inv=3.1 played=12.2 ddraw=3.3
  vs Heur:   74W/30L/1D | score=33.7±32.2 inv=3.4 played=12.6 lanes=2.3 ddraw=4.2 pts=34
  vs Random: 100W/0L/0D | score=36.8±29.3 inv=2.5 played=11.8 lanes=2.3 ddraw=1.8 pts=37
  Self-play: 48W/54L/1D | score=47.0±29.3 inv=2.7 played=12.5 lanes=2.4 ddraw=2.6 pts=47
Step: 50462720  SPS: 4713  ε=0.050  ret=0.289  score=26.9  buf=100%  updates=394162
  vs FROZEN-PPO: 48W/55L/3D  win=45% | score=39.6 inv=3.0 played=13.2 ddraw=3.5
  vs Heur:   80W/26L/1D | score=41.4±31.2 inv=3.2 played=12.7 lanes=2.3 ddraw=4.3 pts=41
  vs Random: 103W/0L/0D | score=40.5±25.5 inv=2.2 played=12.0 lanes=2.4 ddraw=1.8 pts=40
  Self-play: 57W/51L/0D | score=48.4±34.7 inv=2.6 played=13.0 lanes=2.5 ddraw=2.6 pts=48
Step: 50544640  SPS: 4713  ε=0.050  ret=0.251  score=25.0  buf=100%  updates=394802
  vs FROZEN-PPO: 50W/57L/1D  win=46% | score=36.9 inv=3.1 played=13.0 ddraw=3.5
  vs Heur:   84W/21L/0D | score=44.9±31.9 inv=3.5 played=13.3 lanes=2.4 ddraw=4.3 pts=45
  vs Random: 103W/0L/0D | score=33.9±26.2 inv=2.4 played=11.7 lanes=2.3 ddraw=1.8 pts=34
  Self-play: 45W/54L/3D | score=48.6±34.1 inv=2.7 played=12.8 lanes=2.4 ddraw=2.5 pts=49
Step: 50626560  SPS: 4713  ε=0.050  ret=0.268  score=24.2  buf=100%  updates=395442
  vs FROZEN-PPO: 47W/57L/0D  win=45% | score=36.5 inv=3.3 played=13.2 ddraw=3.3
  vs Heur:   82W/29L/1D | score=36.3±30.0 inv=3.6 played=12.9 lanes=2.3 ddraw=4.3 pts=36
  vs Random: 107W/0L/0D | score=42.8±28.2 inv=2.4 played=12.0 lanes=2.3 ddraw=1.8 pts=43
  Self-play: 42W/60L/2D | score=42.4±31.7 inv=2.7 played=12.7 lanes=2.4 ddraw=2.3 pts=42
Step: 50708480  SPS: 4713  ε=0.050  ret=0.270  score=27.5  buf=100%  updates=396082
  vs FROZEN-PPO: 43W/63L/2D  win=40% | score=38.9 inv=3.0 played=12.7 ddraw=3.3
  vs Heur:   79W/29L/0D | score=42.1±32.8 inv=3.0 played=11.8 lanes=2.1 ddraw=4.2 pts=42
  vs Random: 106W/0L/0D | score=34.4±28.1 inv=2.4 played=11.0 lanes=2.1 ddraw=1.6 pts=34
  Self-play: 56W/49L/1D | score=44.4±29.9 inv=2.9 played=12.3 lanes=2.3 ddraw=2.6 pts=44
Step: 50790400  SPS: 4713  ε=0.050  ret=0.158  score=21.3  buf=100%  updates=396722
  vs FROZEN-PPO: 35W/65L/2D  win=34% | score=35.3 inv=3.3 played=12.6 ddraw=3.2
  vs Heur:   69W/29L/2D | score=38.3±34.1 inv=3.7 played=13.3 lanes=2.4 ddraw=4.2 pts=38
  vs Random: 101W/1L/0D | score=33.3±28.3 inv=2.1 played=11.5 lanes=2.3 ddraw=1.9 pts=33
  Self-play: 55W/50L/1D | score=44.4±30.1 inv=2.6 played=12.1 lanes=2.3 ddraw=2.6 pts=44
Step: 50872320  SPS: 4713  ε=0.050  ret=0.340  score=24.1  buf=100%  updates=397362
  vs FROZEN-PPO: 43W/60L/1D  win=41% | score=38.5 inv=2.8 played=12.8 ddraw=3.1
  vs Heur:   70W/29L/1D | score=41.0±41.4 inv=3.5 played=13.1 lanes=2.4 ddraw=4.2 pts=41
  vs Random: 107W/0L/0D | score=33.5±26.4 inv=2.4 played=11.8 lanes=2.4 ddraw=1.7 pts=33
  Self-play: 47W/54L/1D | score=46.4±36.6 inv=3.0 played=13.0 lanes=2.5 ddraw=2.7 pts=46
Step: 50954240  SPS: 4713  ε=0.050  ret=0.245  score=24.7  buf=100%  updates=398002
  vs FROZEN-PPO: 47W/57L/1D  win=45% | score=37.3 inv=3.0 played=13.3 ddraw=3.2
  vs Heur:   75W/27L/2D | score=39.1±31.2 inv=3.1 played=12.7 lanes=2.4 ddraw=4.2 pts=39
  vs Random: 108W/0L/0D | score=36.9±31.3 inv=2.9 played=12.4 lanes=2.4 ddraw=1.9 pts=37
  Self-play: 49W/56L/0D | score=45.4±37.4 inv=2.8 played=12.9 lanes=2.5 ddraw=2.5 pts=45
Step: 51036160  SPS: 4713  ε=0.050  ret=0.215  score=24.1  buf=100%  updates=398642
  vs FROZEN-PPO: 47W/59L/1D  win=44% | score=39.1 inv=3.0 played=12.6 ddraw=3.3
  vs Heur:   74W/29L/0D | score=39.9±32.6 inv=3.2 played=12.5 lanes=2.3 ddraw=4.0 pts=40
  vs Random: 105W/0L/0D | score=34.3±33.2 inv=2.8 played=12.0 lanes=2.4 ddraw=1.7 pts=34
  Self-play: 48W/58L/2D | score=46.7±33.3 inv=2.7 played=12.7 lanes=2.4 ddraw=2.4 pts=47
Step: 51118080  SPS: 4713  ε=0.050  ret=0.268  score=24.2  buf=100%  updates=399282
  vs FROZEN-PPO: 45W/62L/3D  win=41% | score=37.0 inv=3.3 played=13.7 ddraw=3.2
  vs Heur:   78W/29L/1D | score=44.3±39.0 inv=3.5 played=13.4 lanes=2.4 ddraw=4.4 pts=44
  vs Random: 109W/0L/0D | score=39.3±30.9 inv=2.6 played=12.4 lanes=2.4 ddraw=1.8 pts=39
  Self-play: 56W/49L/0D | score=46.5±34.7 inv=3.0 played=13.2 lanes=2.5 ddraw=2.4 pts=47
Step: 51200000  SPS: 4713  ε=0.050  ret=0.333  score=29.0  buf=100%  updates=399922
  vs FROZEN-PPO: 44W/57L/1D  win=43% | score=39.7 inv=3.0 played=13.1 ddraw=3.3
  vs Heur:   79W/24L/1D | score=45.4±32.7 inv=3.5 played=13.0 lanes=2.3 ddraw=3.9 pts=45
  vs Random: 100W/0L/0D | score=40.3±29.1 inv=2.4 played=12.2 lanes=2.3 ddraw=1.6 pts=40
  Self-play: 50W/61L/1D | score=45.8±33.4 inv=3.0 played=12.8 lanes=2.4 ddraw=2.5 pts=46
Step: 51281920  SPS: 4713  ε=0.050  ret=0.310  score=26.1  buf=100%  updates=400562
  vs FROZEN-PPO: 50W/55L/0D  win=48% | score=42.0 inv=3.0 played=13.2 ddraw=3.3
  vs Heur:   84W/26L/0D | score=45.0±37.8 inv=3.5 played=13.4 lanes=2.4 ddraw=4.3 pts=45
  vs Random: 107W/0L/0D | score=39.7±31.4 inv=2.4 played=12.0 lanes=2.3 ddraw=1.8 pts=40
  Self-play: 55W/53L/0D | score=46.6±32.5 inv=2.9 played=13.0 lanes=2.5 ddraw=2.5 pts=47
Step: 51363840  SPS: 4713  ε=0.050  ret=0.272  score=31.2  buf=100%  updates=401202
  vs FROZEN-PPO: 41W/62L/1D  win=39% | score=33.6 inv=3.2 played=13.4 ddraw=3.3
  vs Heur:   71W/38L/1D | score=37.3±33.9 inv=3.5 played=12.6 lanes=2.2 ddraw=4.0 pts=37
  vs Random: 106W/0L/0D | score=38.3±26.8 inv=2.5 played=11.9 lanes=2.3 ddraw=1.7 pts=38
  Self-play: 56W/42L/2D | score=49.7±34.2 inv=3.0 played=13.3 lanes=2.5 ddraw=2.7 pts=50
Step: 51445760  SPS: 4714  ε=0.050  ret=0.411  score=26.7  buf=100%  updates=401842
  vs FROZEN-PPO: 52W/48L/0D  win=52% | score=40.9 inv=3.3 played=13.7 ddraw=3.3
  vs Heur:   80W/22L/2D | score=46.5±34.6 inv=3.5 played=13.1 lanes=2.3 ddraw=4.1 pts=47
  vs Random: 100W/0L/0D | score=39.8±30.0 inv=2.8 played=12.6 lanes=2.5 ddraw=1.6 pts=40
  Self-play: 52W/52L/1D | score=46.8±32.7 inv=2.8 played=12.8 lanes=2.4 ddraw=2.4 pts=47
Step: 51527680  SPS: 4714  ε=0.050  ret=0.267  score=28.4  buf=100%  updates=402482
  vs FROZEN-PPO: 54W/52L/1D  win=50% | score=38.1 inv=3.0 played=13.3 ddraw=3.4
  vs Heur:   69W/31L/1D | score=37.2±34.3 inv=3.5 played=12.7 lanes=2.3 ddraw=4.2 pts=37
  vs Random: 108W/0L/0D | score=36.1±28.9 inv=2.7 played=12.1 lanes=2.4 ddraw=1.9 pts=36
  Self-play: 52W/50L/2D | score=47.5±32.9 inv=2.7 played=12.5 lanes=2.3 ddraw=2.5 pts=47
Step: 51609600  SPS: 4714  ε=0.050  ret=0.315  score=23.3  buf=100%  updates=403122
  vs FROZEN-PPO: 38W/62L/0D  win=38% | score=37.9 inv=3.2 played=12.9 ddraw=3.1
  vs Heur:   75W/28L/1D | score=40.2±31.4 inv=3.2 played=12.3 lanes=2.2 ddraw=4.1 pts=40
  vs Random: 101W/0L/0D | score=33.1±28.2 inv=2.4 played=11.6 lanes=2.3 ddraw=1.9 pts=33
  Self-play: 47W/56L/2D | score=40.9±31.2 inv=2.7 played=11.8 lanes=2.2 ddraw=2.5 pts=41
Step: 51691520  SPS: 4714  ε=0.050  ret=0.295  score=31.8  buf=100%  updates=403762
  vs FROZEN-PPO: 43W/67L/0D  win=39% | score=36.6 inv=3.2 played=12.9 ddraw=3.2
  vs Heur:   66W/34L/0D | score=38.0±34.8 inv=3.5 played=13.0 lanes=2.4 ddraw=4.0 pts=38
  vs Random: 107W/0L/0D | score=40.1±30.0 inv=2.6 played=12.1 lanes=2.3 ddraw=1.9 pts=40
  Self-play: 48W/56L/2D | score=45.2±33.0 inv=2.9 played=12.1 lanes=2.3 ddraw=2.5 pts=45
Step: 51773440  SPS: 4714  ε=0.050  ret=0.244  score=28.6  buf=100%  updates=404402
  vs FROZEN-PPO: 43W/66L/0D  win=39% | score=32.5 inv=3.2 played=12.5 ddraw=3.3
  vs Heur:   72W/34L/1D | score=42.1±31.9 inv=3.2 played=12.6 lanes=2.3 ddraw=4.2 pts=42
  vs Random: 110W/0L/0D | score=39.8±26.2 inv=2.4 played=11.4 lanes=2.1 ddraw=1.7 pts=40
  Self-play: 44W/55L/1D | score=42.1±33.6 inv=2.8 played=11.8 lanes=2.1 ddraw=2.4 pts=42
Step: 51855360  SPS: 4714  ε=0.050  ret=0.208  score=23.1  buf=100%  updates=405042
  vs FROZEN-PPO: 55W/49L/0D  win=53% | score=46.8 inv=3.2 played=13.4 ddraw=3.2
  vs Heur:   79W/25L/1D | score=46.7±33.3 inv=3.4 played=13.0 lanes=2.3 ddraw=4.2 pts=47
  vs Random: 108W/0L/0D | score=39.1±28.6 inv=2.8 played=12.4 lanes=2.4 ddraw=1.6 pts=39
  Self-play: 52W/56L/1D | score=49.5±31.6 inv=2.9 played=12.8 lanes=2.4 ddraw=2.6 pts=50
Step: 51937280  SPS: 4714  ε=0.050  ret=0.343  score=28.5  buf=100%  updates=405682
  vs FROZEN-PPO: 39W/64L/2D  win=37% | score=34.0 inv=3.0 played=12.2 ddraw=3.2
  vs Heur:   79W/28L/2D | score=36.2±31.0 inv=3.3 played=12.5 lanes=2.2 ddraw=4.1 pts=36
  vs Random: 105W/0L/0D | score=40.9±29.1 inv=2.6 played=11.8 lanes=2.2 ddraw=1.7 pts=41
  Self-play: 43W/60L/1D | score=46.7±32.5 inv=2.8 played=12.6 lanes=2.3 ddraw=2.6 pts=47
Step: 52019200  SPS: 4714  ε=0.050  ret=0.166  score=25.2  buf=100%  updates=406322
  vs FROZEN-PPO: 41W/59L/1D  win=41% | score=35.5 inv=3.2 played=12.5 ddraw=3.3
  vs Heur:   68W/31L/1D | score=35.3±30.4 inv=3.2 played=12.4 lanes=2.3 ddraw=4.2 pts=35
  vs Random: 108W/0L/0D | score=35.7±27.9 inv=2.7 played=11.7 lanes=2.2 ddraw=1.8 pts=36
  Self-play: 39W/62L/2D | score=47.4±33.7 inv=2.6 played=12.4 lanes=2.3 ddraw=2.3 pts=47
Step: 52101120  SPS: 4714  ε=0.050  ret=0.341  score=27.4  buf=100%  updates=406962
  vs FROZEN-PPO: 37W/69L/1D  win=35% | score=35.9 inv=3.1 played=13.0 ddraw=3.1
  vs Heur:   78W/28L/0D | score=36.1±32.1 inv=3.3 played=12.9 lanes=2.4 ddraw=4.1 pts=36
  vs Random: 103W/0L/0D | score=40.2±30.0 inv=2.5 played=11.7 lanes=2.2 ddraw=1.7 pts=40
  Self-play: 50W/56L/1D | score=51.5±31.4 inv=3.0 played=13.1 lanes=2.4 ddraw=2.8 pts=52
Step: 52183040  SPS: 4714  ε=0.050  ret=0.340  score=23.4  buf=100%  updates=407602
  vs FROZEN-PPO: 49W/57L/0D  win=46% | score=35.2 inv=3.2 played=13.6 ddraw=3.3
  vs Heur:   77W/29L/0D | score=40.7±34.5 inv=3.4 played=13.2 lanes=2.4 ddraw=4.3 pts=41
  vs Random: 105W/0L/0D | score=39.9±31.3 inv=2.8 played=12.6 lanes=2.4 ddraw=1.8 pts=40
  Self-play: 52W/56L/0D | score=48.2±34.3 inv=2.9 played=12.7 lanes=2.3 ddraw=2.7 pts=48
Step: 52264960  SPS: 4713  ε=0.050  ret=0.277  score=28.6  buf=100%  updates=408242
  vs FROZEN-PPO: 36W/63L/2D  win=36% | score=37.6 inv=3.0 played=12.3 ddraw=3.3
  vs Heur:   66W/34L/0D | score=35.7±32.3 inv=3.3 played=12.6 lanes=2.3 ddraw=4.1 pts=36
  vs Random: 106W/0L/0D | score=41.4±30.0 inv=2.4 played=12.2 lanes=2.3 ddraw=1.7 pts=41
  Self-play: 55W/50L/0D | score=47.7±32.9 inv=2.6 played=12.7 lanes=2.4 ddraw=2.4 pts=48
Step: 52346880  SPS: 4713  ε=0.050  ret=0.271  score=21.9  buf=100%  updates=408882
  vs FROZEN-PPO: 52W/51L/2D  win=50% | score=39.2 inv=3.1 played=12.4 ddraw=3.3
  vs Heur:   74W/34L/1D | score=32.9±33.2 inv=3.5 played=13.0 lanes=2.4 ddraw=4.2 pts=33
  vs Random: 105W/0L/0D | score=42.4±30.9 inv=2.7 played=13.0 lanes=2.6 ddraw=1.7 pts=42
  Self-play: 43W/61L/2D | score=44.3±31.0 inv=2.8 played=13.0 lanes=2.4 ddraw=2.7 pts=44
Step: 52428800  SPS: 4713  ε=0.050  ret=0.223  score=30.0  buf=100%  updates=409522
  vs FROZEN-PPO: 41W/62L/3D  win=39% | score=35.8 inv=2.9 played=12.3 ddraw=3.3
  vs Heur:   83W/24L/0D | score=40.1±35.9 inv=3.3 played=12.7 lanes=2.3 ddraw=4.2 pts=40
  vs Random: 104W/0L/0D | score=37.4±26.4 inv=2.5 played=11.8 lanes=2.3 ddraw=1.6 pts=37
  Self-play: 55W/52L/1D | score=49.6±35.7 inv=2.7 played=12.1 lanes=2.2 ddraw=2.5 pts=50
Step: 52510720  SPS: 4713  ε=0.050  ret=0.225  score=27.4  buf=100%  updates=410162
  vs FROZEN-PPO: 41W/60L/3D  win=39% | score=39.7 inv=3.1 played=12.9 ddraw=3.0
  vs Heur:   74W/31L/0D | score=38.0±33.3 inv=3.3 played=12.6 lanes=2.3 ddraw=4.3 pts=38
  vs Random: 105W/1L/0D | score=37.1±28.2 inv=2.4 played=11.9 lanes=2.3 ddraw=1.7 pts=37
  Self-play: 53W/52L/1D | score=48.5±32.4 inv=2.5 played=11.7 lanes=2.1 ddraw=2.6 pts=49
Step: 52592640  SPS: 4714  ε=0.050  ret=0.247  score=29.8  buf=100%  updates=410802
  vs FROZEN-PPO: 48W/56L/1D  win=46% | score=42.8 inv=3.0 played=12.9 ddraw=3.1
  vs Heur:   73W/27L/0D | score=42.1±29.2 inv=3.1 played=12.8 lanes=2.3 ddraw=4.0 pts=42
  vs Random: 101W/0L/0D | score=43.1±33.8 inv=2.7 played=12.4 lanes=2.4 ddraw=1.8 pts=43
  Self-play: 50W/50L/0D | score=45.1±33.4 inv=2.5 played=11.8 lanes=2.2 ddraw=2.6 pts=45
Step: 52674560  SPS: 4713  ε=0.050  ret=0.143  score=26.0  buf=100%  updates=411442
  vs FROZEN-PPO: 48W/52L/0D  win=48% | score=38.3 inv=2.7 played=12.0 ddraw=3.3
  vs Heur:   80W/29L/1D | score=43.7±33.6 inv=3.1 played=12.3 lanes=2.2 ddraw=4.0 pts=44
  vs Random: 104W/0L/0D | score=39.6±30.9 inv=2.3 played=11.7 lanes=2.2 ddraw=1.6 pts=40
  Self-play: 52W/51L/2D | score=42.8±30.1 inv=2.7 played=12.2 lanes=2.3 ddraw=2.6 pts=43
Step: 52756480  SPS: 4710  ε=0.050  ret=0.240  score=26.0  buf=100%  updates=412082
  vs FROZEN-PPO: 39W/61L/1D  win=39% | score=29.9 inv=2.9 played=12.3 ddraw=3.2
  vs Heur:   79W/25L/1D | score=40.6±33.7 inv=3.1 played=12.3 lanes=2.3 ddraw=4.2 pts=41
  vs Random: 109W/0L/0D | score=39.5±29.3 inv=2.5 played=11.8 lanes=2.3 ddraw=1.9 pts=40
  Self-play: 46W/58L/1D | score=47.9±35.6 inv=2.7 played=12.6 lanes=2.4 ddraw=2.7 pts=48
Step: 52838400  SPS: 4710  ε=0.050  ret=0.201  score=24.9  buf=100%  updates=412722
  vs FROZEN-PPO: 33W/73L/0D  win=31% | score=28.0 inv=3.0 played=12.0 ddraw=3.2
  vs Heur:   70W/32L/1D | score=36.3±32.4 inv=3.4 played=12.7 lanes=2.4 ddraw=4.1 pts=36
  vs Random: 103W/0L/0D | score=34.9±32.2 inv=2.6 played=11.8 lanes=2.3 ddraw=1.7 pts=35
  Self-play: 55W/48L/2D | score=48.7±35.4 inv=2.6 played=11.8 lanes=2.2 ddraw=2.6 pts=49
Step: 52920320  SPS: 4710  ε=0.050  ret=0.338  score=32.2  buf=100%  updates=413362
  vs FROZEN-PPO: 35W/70L/1D  win=33% | score=31.5 inv=3.1 played=12.2 ddraw=3.3
  vs Heur:   77W/29L/0D | score=42.7±31.4 inv=3.2 played=12.6 lanes=2.2 ddraw=4.2 pts=43
  vs Random: 104W/0L/0D | score=41.4±27.6 inv=2.5 played=11.4 lanes=2.1 ddraw=1.9 pts=41
  Self-play: 50W/58L/0D | score=47.0±29.4 inv=2.8 played=12.1 lanes=2.2 ddraw=2.5 pts=47
Step: 53002240  SPS: 4710  ε=0.050  ret=0.300  score=28.8  buf=100%  updates=414002
  vs FROZEN-PPO: 38W/62L/0D  win=38% | score=33.4 inv=3.0 played=12.0 ddraw=3.2
  vs Heur:   71W/36L/1D | score=34.6±35.5 inv=3.1 played=11.5 lanes=2.2 ddraw=4.2 pts=35
  vs Random: 106W/0L/0D | score=37.6±26.6 inv=2.3 played=11.1 lanes=2.2 ddraw=1.8 pts=38
  Self-play: 45W/60L/0D | score=42.2±32.8 inv=2.5 played=11.6 lanes=2.2 ddraw=2.5 pts=42
Step: 53084160  SPS: 4710  ε=0.050  ret=0.215  score=21.6  buf=100%  updates=414642
  vs FROZEN-PPO: 47W/60L/1D  win=44% | score=34.2 inv=2.9 played=12.5 ddraw=3.2
  vs Heur:   72W/31L/1D | score=36.6±35.0 inv=3.2 played=12.3 lanes=2.3 ddraw=4.1 pts=37
  vs Random: 106W/0L/0D | score=38.1±28.6 inv=2.6 played=12.2 lanes=2.4 ddraw=1.8 pts=38
  Self-play: 46W/59L/0D | score=46.8±33.9 inv=2.4 played=12.1 lanes=2.3 ddraw=2.5 pts=47
Step: 53166080  SPS: 4710  ε=0.050  ret=0.323  score=27.4  buf=100%  updates=415282
  vs FROZEN-PPO: 49W/62L/1D  win=44% | score=41.4 inv=3.2 played=12.7 ddraw=3.1
  vs Heur:   72W/27L/1D | score=44.2±38.2 inv=3.5 played=13.0 lanes=2.3 ddraw=4.0 pts=44
  vs Random: 100W/0L/0D | score=41.8±31.2 inv=2.4 played=12.1 lanes=2.2 ddraw=1.7 pts=42
  Self-play: 48W/57L/1D | score=45.7±29.8 inv=2.7 played=12.4 lanes=2.3 ddraw=2.5 pts=46
Step: 53248000  SPS: 4710  ε=0.050  ret=0.308  score=23.4  buf=100%  updates=415922
  vs FROZEN-PPO: 33W/70L/0D  win=32% | score=34.2 inv=3.0 played=12.6 ddraw=3.2
  vs Heur:   76W/28L/0D | score=43.6±35.5 inv=3.1 played=12.3 lanes=2.2 ddraw=4.3 pts=44
  vs Random: 100W/0L/0D | score=43.0±29.4 inv=2.4 played=11.7 lanes=2.2 ddraw=1.8 pts=43
  Self-play: 44W/53L/3D | score=44.7±28.7 inv=2.5 played=12.2 lanes=2.3 ddraw=2.5 pts=45
Step: 53329920  SPS: 4710  ε=0.050  ret=0.363  score=21.7  buf=100%  updates=416562
  vs FROZEN-PPO: 44W/64L/0D  win=41% | score=34.0 inv=3.2 played=12.8 ddraw=3.3
  vs Heur:   80W/27L/1D | score=40.0±30.6 inv=3.2 played=13.1 lanes=2.4 ddraw=4.2 pts=40
  vs Random: 108W/0L/0D | score=38.9±32.1 inv=2.7 played=12.2 lanes=2.4 ddraw=1.9 pts=39
  Self-play: 46W/61L/0D | score=45.2±38.0 inv=2.9 played=12.9 lanes=2.4 ddraw=2.6 pts=45
Step: 53411840  SPS: 4710  ε=0.050  ret=0.287  score=19.2  buf=100%  updates=417202
  vs FROZEN-PPO: 55W/49L/1D  win=52% | score=35.3 inv=3.2 played=12.7 ddraw=3.3
  vs Heur:   70W/29L/1D | score=43.6±35.9 inv=3.5 played=12.5 lanes=2.2 ddraw=4.1 pts=44
  vs Random: 103W/0L/0D | score=40.8±29.8 inv=2.8 played=12.1 lanes=2.3 ddraw=1.8 pts=41
  Self-play: 43W/59L/1D | score=43.9±30.1 inv=2.7 played=12.5 lanes=2.3 ddraw=2.4 pts=44
Step: 53493760  SPS: 4710  ε=0.050  ret=0.375  score=25.9  buf=100%  updates=417842
  vs FROZEN-PPO: 40W/62L/1D  win=39% | score=33.0 inv=3.3 played=13.3 ddraw=3.1
  vs Heur:   73W/30L/0D | score=38.8±33.8 inv=3.4 played=12.3 lanes=2.1 ddraw=4.1 pts=39
  vs Random: 101W/0L/0D | score=36.1±25.6 inv=2.4 played=12.1 lanes=2.4 ddraw=1.8 pts=36
  Self-play: 47W/52L/1D | score=44.8±29.6 inv=2.5 played=12.4 lanes=2.3 ddraw=2.5 pts=45
Step: 53575680  SPS: 4710  ε=0.050  ret=0.258  score=26.7  buf=100%  updates=418482
  vs FROZEN-PPO: 38W/66L/1D  win=36% | score=38.1 inv=3.0 played=13.0 ddraw=3.3
  vs Heur:   75W/28L/1D | score=43.3±34.5 inv=3.2 played=12.8 lanes=2.3 ddraw=4.2 pts=43
  vs Random: 100W/0L/0D | score=34.1±28.2 inv=2.5 played=12.1 lanes=2.4 ddraw=1.9 pts=34
  Self-play: 47W/52L/2D | score=50.9±33.2 inv=2.6 played=12.1 lanes=2.2 ddraw=2.6 pts=51
Step: 53657600  SPS: 4710  ε=0.050  ret=0.292  score=22.6  buf=100%  updates=419122
  vs FROZEN-PPO: 48W/58L/0D  win=45% | score=34.8 inv=3.0 played=12.4 ddraw=3.0
  vs Heur:   79W/34L/2D | score=36.0±34.2 inv=3.4 played=12.7 lanes=2.4 ddraw=4.1 pts=36
  vs Random: 110W/0L/0D | score=32.6±27.0 inv=2.5 played=11.7 lanes=2.3 ddraw=1.7 pts=33
  Self-play: 47W/53L/0D | score=47.4±30.7 inv=2.6 played=12.4 lanes=2.2 ddraw=2.6 pts=47
Step: 53739520  SPS: 4710  ε=0.050  ret=0.293  score=28.2  buf=100%  updates=419762
  vs FROZEN-PPO: 42W/65L/0D  win=39% | score=41.1 inv=2.9 played=12.3 ddraw=2.9
  vs Heur:   81W/20L/2D | score=40.4±31.1 inv=3.2 played=12.0 lanes=2.1 ddraw=4.1 pts=40
  vs Random: 109W/0L/0D | score=38.5±27.6 inv=2.5 played=11.3 lanes=2.1 ddraw=1.8 pts=38
  Self-play: 48W/55L/5D | score=45.4±31.9 inv=2.7 played=12.2 lanes=2.2 ddraw=2.5 pts=45
Step: 53821440  SPS: 4710  ε=0.050  ret=0.386  score=25.9  buf=100%  updates=420402
  vs FROZEN-PPO: 55W/49L/1D  win=52% | score=43.7 inv=2.9 played=12.6 ddraw=3.1
  vs Heur:   81W/29L/1D | score=43.1±35.9 inv=3.5 played=12.9 lanes=2.3 ddraw=4.2 pts=43
  vs Random: 103W/0L/0D | score=41.0±30.8 inv=2.7 played=12.0 lanes=2.2 ddraw=1.7 pts=41
  Self-play: 52W/53L/1D | score=44.1±32.5 inv=2.8 played=12.6 lanes=2.3 ddraw=2.6 pts=44
Step: 53903360  SPS: 4710  ε=0.050  ret=0.281  score=22.9  buf=100%  updates=421042
  vs FROZEN-PPO: 36W/61L/3D  win=36% | score=37.8 inv=3.4 played=13.4 ddraw=3.1
  vs Heur:   84W/21L/0D | score=42.4±37.5 inv=3.4 played=13.1 lanes=2.3 ddraw=4.2 pts=42
  vs Random: 104W/0L/0D | score=41.7±28.8 inv=2.5 played=12.1 lanes=2.3 ddraw=1.8 pts=42
  Self-play: 48W/54L/0D | score=52.4±32.2 inv=2.7 played=12.6 lanes=2.3 ddraw=2.4 pts=52
Step: 53985280  SPS: 4710  ε=0.050  ret=0.298  score=28.9  buf=100%  updates=421682
  vs FROZEN-PPO: 42W/66L/0D  win=39% | score=28.1 inv=3.1 played=12.8 ddraw=3.4
  vs Heur:   76W/27L/1D | score=34.4±29.6 inv=3.4 played=12.5 lanes=2.3 ddraw=4.2 pts=34
  vs Random: 106W/0L/0D | score=33.1±25.7 inv=2.5 played=11.4 lanes=2.2 ddraw=2.0 pts=33
  Self-play: 50W/57L/0D | score=42.8±29.2 inv=2.7 played=12.1 lanes=2.3 ddraw=2.5 pts=43
Step: 54067200  SPS: 4711  ε=0.050  ret=0.257  score=25.7  buf=100%  updates=422322
  vs FROZEN-PPO: 48W/52L/1D  win=48% | score=33.4 inv=3.0 played=12.7 ddraw=3.2
  vs Heur:   75W/30L/1D | score=40.8±37.4 inv=3.2 played=12.7 lanes=2.3 ddraw=4.3 pts=41
  vs Random: 106W/0L/0D | score=37.4±27.6 inv=2.5 played=11.6 lanes=2.2 ddraw=1.8 pts=37
  Self-play: 47W/58L/1D | score=45.7±31.3 inv=2.3 played=11.2 lanes=2.0 ddraw=2.5 pts=46
Step: 54149120  SPS: 4711  ε=0.050  ret=0.386  score=28.3  buf=100%  updates=422962
  vs FROZEN-PPO: 43W/59L/0D  win=42% | score=39.4 inv=3.0 played=12.6 ddraw=3.2
  vs Heur:   72W/30L/0D | score=41.6±34.3 inv=3.2 played=12.3 lanes=2.2 ddraw=4.2 pts=42
  vs Random: 101W/1L/0D | score=37.1±29.6 inv=2.3 played=10.7 lanes=2.0 ddraw=1.6 pts=37
  Self-play: 44W/61L/0D | score=40.7±32.2 inv=2.5 played=11.2 lanes=2.0 ddraw=2.4 pts=41
Step: 54231040  SPS: 4710  ε=0.050  ret=0.308  score=23.4  buf=100%  updates=423602
  vs FROZEN-PPO: 38W/69L/1D  win=35% | score=31.2 inv=2.9 played=12.0 ddraw=3.3
  vs Heur:   68W/37L/0D | score=36.6±35.9 inv=3.1 played=11.9 lanes=2.2 ddraw=4.0 pts=37
  vs Random: 102W/0L/0D | score=41.4±29.5 inv=2.4 played=11.6 lanes=2.2 ddraw=1.7 pts=41
  Self-play: 52W/50L/0D | score=53.6±35.0 inv=2.7 played=12.2 lanes=2.2 ddraw=2.6 pts=54
Step: 54312960  SPS: 4710  ε=0.050  ret=0.311  score=25.9  buf=100%  updates=424242
  vs FROZEN-PPO: 43W/66L/0D  win=39% | score=35.9 inv=3.0 played=12.1 ddraw=3.2
  vs Heur:   78W/29L/0D | score=36.1±30.0 inv=3.4 played=12.3 lanes=2.2 ddraw=4.1 pts=36
  vs Random: 103W/0L/0D | score=41.6±28.6 inv=2.5 played=11.6 lanes=2.2 ddraw=1.6 pts=42
  Self-play: 45W/59L/1D | score=47.0±28.0 inv=2.6 played=11.8 lanes=2.1 ddraw=2.4 pts=47
Step: 54394880  SPS: 4710  ε=0.050  ret=0.340  score=18.5  buf=100%  updates=424882
  vs FROZEN-PPO: 37W/67L/0D  win=36% | score=34.8 inv=3.0 played=12.1 ddraw=3.3
  vs Heur:   77W/30L/0D | score=36.7±31.7 inv=3.0 played=11.8 lanes=2.2 ddraw=4.1 pts=37
  vs Random: 104W/1L/0D | score=35.7±28.6 inv=2.7 played=11.5 lanes=2.2 ddraw=1.8 pts=36
  Self-play: 50W/51L/0D | score=42.1±34.5 inv=2.4 played=11.2 lanes=2.1 ddraw=2.4 pts=42
Step: 54476800  SPS: 4710  ε=0.050  ret=0.280  score=33.7  buf=100%  updates=425522
  vs FROZEN-PPO: 55W/51L/2D  win=51% | score=38.7 inv=3.1 played=12.5 ddraw=3.1
  vs Heur:   75W/24L/1D | score=38.5±35.1 inv=3.5 played=12.3 lanes=2.2 ddraw=4.1 pts=39
  vs Random: 107W/0L/0D | score=40.4±28.9 inv=2.5 played=11.7 lanes=2.2 ddraw=1.4 pts=40
  Self-play: 47W/61L/0D | score=45.5±33.0 inv=2.6 played=11.9 lanes=2.2 ddraw=2.4 pts=46
Step: 54558720  SPS: 4710  ε=0.050  ret=0.281  score=26.3  buf=100%  updates=426162
  vs FROZEN-PPO: 36W/69L/0D  win=34% | score=35.9 inv=2.7 played=11.7 ddraw=3.0
  vs Heur:   78W/27L/0D | score=41.5±33.7 inv=3.2 played=12.0 lanes=2.1 ddraw=4.3 pts=42
  vs Random: 100W/0L/0D | score=38.0±30.0 inv=2.5 played=11.4 lanes=2.1 ddraw=1.5 pts=38
  Self-play: 55W/53L/0D | score=46.9±31.7 inv=2.5 played=11.8 lanes=2.2 ddraw=2.6 pts=47
Step: 54640640  SPS: 4710  ε=0.050  ret=0.338  score=24.1  buf=100%  updates=426802
  vs FROZEN-PPO: 48W/67L/0D  win=42% | score=37.7 inv=3.0 played=12.1 ddraw=3.2
  vs Heur:   74W/26L/1D | score=41.0±30.0 inv=3.1 played=11.9 lanes=2.1 ddraw=4.2 pts=41
  vs Random: 104W/1L/0D | score=39.5±33.9 inv=2.4 played=11.1 lanes=2.1 ddraw=1.6 pts=39
  Self-play: 52W/54L/0D | score=44.6±29.9 inv=2.5 played=11.7 lanes=2.2 ddraw=2.5 pts=45
Step: 54722560  SPS: 4710  ε=0.050  ret=0.240  score=26.0  buf=100%  updates=427442
  vs FROZEN-PPO: 42W/58L/0D  win=42% | score=35.1 inv=2.8 played=12.0 ddraw=3.0
  vs Heur:   75W/27L/4D | score=40.9±31.0 inv=3.3 played=12.5 lanes=2.3 ddraw=4.1 pts=41
  vs Random: 110W/0L/0D | score=34.9±30.8 inv=2.4 played=11.4 lanes=2.2 ddraw=1.5 pts=35
  Self-play: 47W/61L/1D | score=46.1±31.5 inv=2.5 played=12.0 lanes=2.2 ddraw=2.4 pts=46
Step: 54804480  SPS: 4711  ε=0.050  ret=0.166  score=25.5  buf=100%  updates=428082
  vs FROZEN-PPO: 39W/63L/1D  win=38% | score=39.0 inv=3.1 played=12.2 ddraw=3.1
  vs Heur:   83W/22L/1D | score=43.7±32.0 inv=3.3 played=12.5 lanes=2.2 ddraw=4.3 pts=44
  vs Random: 100W/0L/0D | score=38.6±29.9 inv=2.7 played=11.8 lanes=2.2 ddraw=1.7 pts=39
  Self-play: 48W/55L/2D | score=46.5±33.3 inv=2.7 played=11.7 lanes=2.2 ddraw=2.5 pts=47
Step: 54886400  SPS: 4711  ε=0.050  ret=0.307  score=29.2  buf=100%  updates=428722
  vs FROZEN-PPO: 50W/56L/1D  win=47% | score=37.6 inv=3.0 played=12.0 ddraw=3.2
  vs Heur:   74W/26L/3D | score=43.7±35.5 inv=3.4 played=12.6 lanes=2.2 ddraw=4.2 pts=44
  vs Random: 100W/0L/0D | score=40.7±25.6 inv=2.4 played=11.2 lanes=2.0 ddraw=1.7 pts=41
  Self-play: 50W/50L/0D | score=46.7±36.0 inv=2.6 played=11.8 lanes=2.2 ddraw=2.4 pts=47
Step: 54968320  SPS: 4711  ε=0.050  ret=0.197  score=30.5  buf=100%  updates=429362
  vs FROZEN-PPO: 39W/65L/0D  win=38% | score=32.8 inv=2.8 played=11.5 ddraw=3.1
  vs Heur:   85W/18L/0D | score=39.9±30.6 inv=3.1 played=12.2 lanes=2.1 ddraw=4.1 pts=40
  vs Random: 107W/0L/0D | score=37.9±29.8 inv=2.3 played=11.3 lanes=2.2 ddraw=1.7 pts=38
  Self-play: 46W/57L/2D | score=46.2±32.2 inv=2.5 played=11.9 lanes=2.2 ddraw=2.7 pts=46
Step: 55050240  SPS: 4711  ε=0.050  ret=0.256  score=24.5  buf=100%  updates=430002
  vs FROZEN-PPO: 44W/57L/1D  win=43% | score=39.8 inv=2.6 played=11.7 ddraw=3.1
  vs Heur:   76W/24L/3D | score=39.6±33.4 inv=3.0 played=11.5 lanes=2.1 ddraw=4.1 pts=40
  vs Random: 107W/0L/0D | score=34.6±28.9 inv=2.5 played=11.2 lanes=2.1 ddraw=1.5 pts=35
  Self-play: 42W/61L/1D | score=45.0±31.1 inv=2.5 played=11.3 lanes=2.1 ddraw=2.5 pts=45
Step: 55132160  SPS: 4711  ε=0.050  ret=0.211  score=26.2  buf=100%  updates=430642
  vs FROZEN-PPO: 39W/67L/1D  win=36% | score=31.7 inv=2.9 played=12.3 ddraw=3.1
  vs Heur:   69W/29L/2D | score=32.1±29.0 inv=3.3 played=12.4 lanes=2.3 ddraw=4.3 pts=32
  vs Random: 107W/0L/0D | score=37.9±31.0 inv=2.2 played=11.1 lanes=2.2 ddraw=1.6 pts=38
  Self-play: 51W/53L/0D | score=50.7±33.0 inv=2.7 played=12.4 lanes=2.3 ddraw=2.4 pts=51
Step: 55214080  SPS: 4711  ε=0.050  ret=0.287  score=26.2  buf=100%  updates=431282
  vs FROZEN-PPO: 40W/65L/1D  win=38% | score=37.8 inv=3.1 played=12.6 ddraw=3.1
  vs Heur:   80W/22L/4D | score=36.6±33.1 inv=3.3 played=12.4 lanes=2.2 ddraw=4.2 pts=37
  vs Random: 105W/0L/0D | score=37.4±31.0 inv=2.5 played=11.8 lanes=2.2 ddraw=1.8 pts=37
  Self-play: 49W/51L/0D | score=47.4±33.0 inv=2.8 played=12.1 lanes=2.2 ddraw=2.5 pts=47
Step: 55296000  SPS: 4711  ε=0.050  ret=0.263  score=29.7  buf=100%  updates=431922
  vs FROZEN-PPO: 45W/54L/1D  win=45% | score=33.0 inv=2.9 played=12.0 ddraw=3.1
  vs Heur:   84W/16L/3D | score=44.3±32.2 inv=3.0 played=12.2 lanes=2.2 ddraw=4.1 pts=44
  vs Random: 108W/1L/0D | score=37.9±30.3 inv=2.5 played=11.3 lanes=2.2 ddraw=1.6 pts=38
  Self-play: 57W/44L/0D | score=48.8±31.5 inv=2.5 played=11.7 lanes=2.1 ddraw=2.6 pts=49
Step: 55377920  SPS: 4711  ε=0.050  ret=0.271  score=29.6  buf=100%  updates=432562
  vs FROZEN-PPO: 42W/66L/1D  win=39% | score=37.5 inv=3.1 played=12.7 ddraw=3.2
  vs Heur:   82W/25L/1D | score=46.2±30.8 inv=3.0 played=12.0 lanes=2.1 ddraw=4.2 pts=46
  vs Random: 100W/0L/0D | score=38.9±32.6 inv=2.5 played=11.4 lanes=2.2 ddraw=1.4 pts=39
  Self-play: 47W/56L/1D | score=50.5±32.4 inv=2.5 played=11.6 lanes=2.1 ddraw=2.4 pts=50
Step: 55459840  SPS: 4711  ε=0.050  ret=0.136  score=29.6  buf=100%  updates=433202
  vs FROZEN-PPO: 45W/56L/0D  win=45% | score=34.0 inv=3.1 played=12.6 ddraw=3.3
  vs Heur:   86W/20L/0D | score=43.5±32.2 inv=3.0 played=12.3 lanes=2.2 ddraw=4.0 pts=44
  vs Random: 102W/0L/0D | score=39.7±29.7 inv=2.3 played=11.4 lanes=2.2 ddraw=1.8 pts=40
  Self-play: 49W/55L/0D | score=47.6±30.8 inv=2.7 played=11.9 lanes=2.2 ddraw=2.4 pts=48
Step: 55541760  SPS: 4711  ε=0.050  ret=0.228  score=25.9  buf=100%  updates=433842
  vs FROZEN-PPO: 51W/53L/1D  win=49% | score=40.7 inv=3.0 played=12.1 ddraw=3.4
  vs Heur:   71W/26L/3D | score=41.6±38.1 inv=3.1 played=12.1 lanes=2.1 ddraw=4.2 pts=42
  vs Random: 105W/0L/0D | score=35.6±26.1 inv=2.1 played=10.4 lanes=2.0 ddraw=1.7 pts=36
  Self-play: 47W/64L/0D | score=48.3±33.8 inv=2.6 played=11.9 lanes=2.2 ddraw=2.6 pts=48
Step: 55623680  SPS: 4711  ε=0.050  ret=0.260  score=24.3  buf=100%  updates=434482
  vs FROZEN-PPO: 34W/72L/0D  win=32% | score=36.0 inv=3.0 played=12.6 ddraw=3.3
  vs Heur:   87W/20L/0D | score=41.9±33.0 inv=3.5 played=12.7 lanes=2.3 ddraw=4.3 pts=42
  vs Random: 100W/0L/0D | score=40.2±34.1 inv=2.7 played=12.1 lanes=2.3 ddraw=1.9 pts=40
  Self-play: 51W/47L/3D | score=47.3±30.6 inv=2.9 played=12.4 lanes=2.3 ddraw=2.3 pts=47
Step: 55705600  SPS: 4711  ε=0.050  ret=0.205  score=25.8  buf=100%  updates=435122
  vs FROZEN-PPO: 42W/59L/0D  win=42% | score=35.0 inv=3.0 played=12.7 ddraw=3.4
  vs Heur:   70W/30L/1D | score=39.1±35.6 inv=3.4 played=12.2 lanes=2.2 ddraw=4.1 pts=39
  vs Random: 108W/0L/0D | score=40.2±30.5 inv=2.7 played=12.0 lanes=2.3 ddraw=1.7 pts=40
  Self-play: 45W/63L/0D | score=43.0±34.8 inv=2.8 played=12.5 lanes=2.4 ddraw=2.6 pts=43
Step: 55787520  SPS: 4711  ε=0.050  ret=0.212  score=22.0  buf=100%  updates=435762
  vs FROZEN-PPO: 45W/54L/1D  win=45% | score=33.9 inv=3.2 played=13.1 ddraw=3.5
  vs Heur:   76W/27L/0D | score=38.5±35.2 inv=3.4 played=12.8 lanes=2.3 ddraw=4.3 pts=39
  vs Random: 107W/1L/0D | score=36.7±28.8 inv=3.0 played=12.4 lanes=2.3 ddraw=1.9 pts=37
  Self-play: 44W/54L/2D | score=44.8±35.3 inv=3.0 played=13.0 lanes=2.5 ddraw=2.6 pts=45
Step: 55869440  SPS: 4711  ε=0.050  ret=0.241  score=20.3  buf=100%  updates=436402
  vs FROZEN-PPO: 46W/63L/0D  win=42% | score=34.7 inv=3.1 played=12.8 ddraw=3.4
  vs Heur:   74W/33L/0D | score=35.2±32.7 inv=3.4 played=12.8 lanes=2.4 ddraw=4.3 pts=35
  vs Random: 104W/1L/0D | score=37.6±34.0 inv=2.5 played=12.2 lanes=2.3 ddraw=1.8 pts=38
  Self-play: 57W/53L/2D | score=43.3±32.0 inv=2.8 played=12.5 lanes=2.4 ddraw=2.5 pts=43
Step: 55951360  SPS: 4711  ε=0.050  ret=0.256  score=26.3  buf=100%  updates=437042
  vs FROZEN-PPO: 37W/67L/0D  win=36% | score=32.6 inv=3.4 played=13.0 ddraw=3.5
  vs Heur:   64W/42L/0D | score=30.0±33.1 inv=3.6 played=13.1 lanes=2.5 ddraw=4.3 pts=30
  vs Random: 109W/1L/0D | score=37.2±33.4 inv=2.5 played=12.5 lanes=2.5 ddraw=1.8 pts=37
  Self-play: 59W/49L/1D | score=45.6±30.9 inv=2.8 played=12.8 lanes=2.4 ddraw=2.5 pts=46
Step: 56033280  SPS: 4711  ε=0.050  ret=0.208  score=23.5  buf=100%  updates=437682
  vs FROZEN-PPO: 46W/51L/5D  win=45% | score=33.9 inv=2.9 played=12.2 ddraw=3.4
  vs Heur:   73W/31L/0D | score=35.6±34.1 inv=3.4 played=12.2 lanes=2.2 ddraw=4.2 pts=36
  vs Random: 111W/0L/0D | score=36.9±24.8 inv=2.5 played=11.9 lanes=2.3 ddraw=1.8 pts=37
  Self-play: 52W/50L/1D | score=49.7±35.6 inv=2.7 played=12.6 lanes=2.3 ddraw=2.3 pts=50
Step: 56115200  SPS: 4711  ε=0.050  ret=0.246  score=27.3  buf=100%  updates=438322
  vs FROZEN-PPO: 46W/55L/0D  win=46% | score=38.0 inv=3.1 played=13.2 ddraw=3.6
  vs Heur:   67W/32L/1D | score=36.4±32.9 inv=3.2 played=12.9 lanes=2.4 ddraw=4.3 pts=36
  vs Random: 108W/0L/0D | score=40.6±28.0 inv=2.5 played=12.1 lanes=2.3 ddraw=1.9 pts=41
  Self-play: 51W/58L/0D | score=38.4±28.0 inv=2.7 played=12.5 lanes=2.4 ddraw=2.5 pts=38
Step: 56197120  SPS: 4711  ε=0.050  ret=0.161  score=25.2  buf=100%  updates=438962
  vs FROZEN-PPO: 49W/58L/1D  win=45% | score=34.0 inv=3.1 played=12.5 ddraw=3.4
  vs Heur:   83W/21L/0D | score=43.8±30.8 inv=3.5 played=12.9 lanes=2.2 ddraw=4.1 pts=44
  vs Random: 109W/0L/0D | score=37.1±31.5 inv=2.7 played=11.9 lanes=2.2 ddraw=1.7 pts=37
  Self-play: 41W/62L/1D | score=41.3±32.5 inv=2.7 played=12.0 lanes=2.2 ddraw=2.7 pts=41
Step: 56279040  SPS: 4711  ε=0.050  ret=0.220  score=20.9  buf=100%  updates=439602
  vs FROZEN-PPO: 35W/65L/1D  win=35% | score=34.1 inv=3.1 played=12.7 ddraw=3.4
  vs Heur:   75W/29L/1D | score=35.9±29.7 inv=3.5 played=13.0 lanes=2.4 ddraw=4.1 pts=36
  vs Random: 109W/0L/0D | score=39.5±30.5 inv=2.5 played=11.9 lanes=2.3 ddraw=2.0 pts=40
  Self-play: 49W/54L/2D | score=48.6±35.9 inv=2.8 played=12.5 lanes=2.3 ddraw=2.6 pts=49
Step: 56360960  SPS: 4711  ε=0.050  ret=0.231  score=21.3  buf=100%  updates=440242
  vs FROZEN-PPO: 44W/63L/0D  win=41% | score=37.4 inv=3.3 played=13.0 ddraw=3.4
  vs Heur:   75W/26L/1D | score=34.2±32.1 inv=3.4 played=12.6 lanes=2.3 ddraw=4.2 pts=34
  vs Random: 109W/0L/0D | score=39.8±26.5 inv=2.7 played=12.2 lanes=2.2 ddraw=1.9 pts=40
  Self-play: 43W/53L/4D | score=48.0±33.8 inv=2.7 played=12.8 lanes=2.3 ddraw=2.5 pts=48
Step: 56442880  SPS: 4711  ε=0.050  ret=0.258  score=27.4  buf=100%  updates=440882
  vs FROZEN-PPO: 44W/58L/0D  win=43% | score=32.7 inv=3.2 played=12.9 ddraw=3.4
  vs Heur:   77W/28L/1D | score=38.8±33.4 inv=3.3 played=13.0 lanes=2.4 ddraw=4.0 pts=39
  vs Random: 100W/0L/0D | score=37.7±28.6 inv=2.6 played=12.1 lanes=2.3 ddraw=1.8 pts=38
  Self-play: 46W/60L/2D | score=44.2±29.7 inv=2.7 played=12.2 lanes=2.3 ddraw=2.5 pts=44
Step: 56524800  SPS: 4711  ε=0.050  ret=0.294  score=26.3  buf=100%  updates=441522
  vs FROZEN-PPO: 39W/60L/1D  win=39% | score=33.5 inv=3.1 played=12.3 ddraw=3.4
  vs Heur:   73W/29L/0D | score=41.0±37.9 inv=3.5 played=12.8 lanes=2.3 ddraw=4.3 pts=41
  vs Random: 104W/0L/0D | score=38.0±35.2 inv=2.7 played=12.2 lanes=2.4 ddraw=2.0 pts=38
  Self-play: 48W/55L/1D | score=49.8±33.7 inv=3.0 played=12.5 lanes=2.3 ddraw=2.5 pts=50
Step: 56606720  SPS: 4711  ε=0.050  ret=0.379  score=25.8  buf=100%  updates=442162
  vs FROZEN-PPO: 33W/71L/3D  win=31% | score=31.6 inv=3.2 played=12.5 ddraw=3.3
  vs Heur:   71W/26L/3D | score=42.1±35.0 inv=3.4 played=13.1 lanes=2.4 ddraw=4.2 pts=42
  vs Random: 103W/0L/0D | score=40.5±30.7 inv=2.6 played=12.2 lanes=2.3 ddraw=1.7 pts=41
  Self-play: 50W/56L/1D | score=45.1±36.4 inv=3.0 played=13.1 lanes=2.4 ddraw=2.7 pts=45
Step: 56688640  SPS: 4711  ε=0.050  ret=0.173  score=25.8  buf=100%  updates=442802
  vs FROZEN-PPO: 39W/66L/0D  win=37% | score=34.8 inv=2.9 played=12.4 ddraw=3.2
  vs Heur:   79W/28L/1D | score=45.1±37.0 inv=3.5 played=13.0 lanes=2.3 ddraw=4.1 pts=45
  vs Random: 110W/0L/0D | score=42.0±28.9 inv=2.7 played=12.4 lanes=2.3 ddraw=1.8 pts=42
  Self-play: 52W/55L/1D | score=47.6±29.6 inv=2.6 played=12.0 lanes=2.2 ddraw=2.4 pts=48
Step: 56770560  SPS: 4712  ε=0.050  ret=0.237  score=27.4  buf=100%  updates=443442
  vs FROZEN-PPO: 49W/58L/0D  win=46% | score=36.1 inv=3.1 played=12.7 ddraw=3.3
  vs Heur:   65W/40L/2D | score=36.2±37.2 inv=3.6 played=13.0 lanes=2.3 ddraw=4.2 pts=36
  vs Random: 101W/0L/0D | score=36.3±29.3 inv=2.8 played=12.0 lanes=2.3 ddraw=1.8 pts=36
  Self-play: 43W/56L/3D | score=42.4±31.1 inv=2.7 played=11.8 lanes=2.2 ddraw=2.5 pts=42
Step: 56852480  SPS: 4712  ε=0.050  ret=0.267  score=24.2  buf=100%  updates=444082
  vs FROZEN-PPO: 44W/61L/0D  win=42% | score=37.3 inv=3.4 played=13.1 ddraw=3.2
  vs Heur:   62W/46L/0D | score=28.0±32.8 inv=3.5 played=12.6 lanes=2.4 ddraw=4.3 pts=28
  vs Random: 105W/0L/0D | score=39.4±32.0 inv=2.7 played=12.0 lanes=2.3 ddraw=2.0 pts=39
  Self-play: 51W/54L/3D | score=44.7±35.6 inv=3.0 played=12.4 lanes=2.3 ddraw=2.5 pts=45
Step: 56934400  SPS: 4712  ε=0.050  ret=0.300  score=21.5  buf=100%  updates=444722
  vs FROZEN-PPO: 45W/53L/2D  win=45% | score=35.1 inv=3.4 played=12.8 ddraw=3.3
  vs Heur:   77W/30L/1D | score=37.8±33.8 inv=3.6 played=13.0 lanes=2.4 ddraw=4.2 pts=38
  vs Random: 109W/0L/0D | score=43.1±32.2 inv=2.6 played=12.5 lanes=2.4 ddraw=2.0 pts=43
  Self-play: 45W/57L/0D | score=42.2±33.0 inv=3.0 played=12.5 lanes=2.4 ddraw=2.5 pts=42
Step: 57016320  SPS: 4712  ε=0.050  ret=0.225  score=22.4  buf=100%  updates=445362
  vs FROZEN-PPO: 43W/56L/1D  win=43% | score=39.3 inv=2.9 played=12.5 ddraw=2.9
  vs Heur:   75W/24L/1D | score=39.5±35.3 inv=3.4 played=12.9 lanes=2.3 ddraw=4.2 pts=39
  vs Random: 108W/0L/0D | score=40.7±31.6 inv=2.7 played=12.2 lanes=2.3 ddraw=1.9 pts=41
  Self-play: 45W/67L/2D | score=43.9±30.0 inv=2.7 played=12.3 lanes=2.3 ddraw=2.3 pts=44
Step: 57098240  SPS: 4712  ε=0.050  ret=0.336  score=27.2  buf=100%  updates=446002
  vs FROZEN-PPO: 38W/62L/0D  win=38% | score=31.0 inv=3.2 played=12.7 ddraw=3.3
  vs Heur:   82W/24L/0D | score=45.9±38.8 inv=3.9 played=13.5 lanes=2.4 ddraw=4.4 pts=46
  vs Random: 100W/1L/0D | score=35.3±31.0 inv=2.8 played=12.3 lanes=2.4 ddraw=2.0 pts=35
  Self-play: 40W/59L/1D | score=43.4±31.7 inv=2.9 played=12.6 lanes=2.4 ddraw=2.5 pts=43
Step: 57180160  SPS: 4712  ε=0.050  ret=0.318  score=29.4  buf=100%  updates=446642
  vs FROZEN-PPO: 45W/59L/0D  win=43% | score=38.6 inv=3.2 played=12.3 ddraw=3.4
  vs Heur:   76W/27L/0D | score=38.6±33.0 inv=3.4 played=12.3 lanes=2.2 ddraw=4.2 pts=39
  vs Random: 107W/0L/0D | score=35.8±27.1 inv=2.7 played=11.6 lanes=2.2 ddraw=1.7 pts=36
  Self-play: 57W/49L/0D | score=48.7±33.8 inv=3.0 played=12.1 lanes=2.2 ddraw=2.5 pts=49
Step: 57262080  SPS: 4712  ε=0.050  ret=0.317  score=19.2  buf=100%  updates=447282
  vs FROZEN-PPO: 47W/60L/2D  win=43% | score=34.6 inv=3.1 played=12.5 ddraw=3.2
  vs Heur:   66W/33L/1D | score=38.4±35.1 inv=3.5 played=12.7 lanes=2.3 ddraw=4.1 pts=38
  vs Random: 103W/0L/0D | score=43.6±30.0 inv=2.7 played=12.3 lanes=2.4 ddraw=2.0 pts=44
  Self-play: 46W/53L/2D | score=47.8±34.5 inv=2.7 played=12.5 lanes=2.4 ddraw=2.5 pts=48
Step: 57344000  SPS: 4712  ε=0.050  ret=0.287  score=27.6  buf=100%  updates=447922
  vs FROZEN-PPO: 41W/68L/1D  win=37% | score=34.8 inv=3.3 played=13.0 ddraw=3.3
  vs Heur:   79W/23L/1D | score=42.4±31.8 inv=3.3 played=13.2 lanes=2.4 ddraw=4.3 pts=42
  vs Random: 103W/0L/0D | score=44.5±31.4 inv=2.8 played=12.4 lanes=2.3 ddraw=2.0 pts=45
  Self-play: 46W/56L/0D | score=47.8±36.0 inv=2.7 played=12.3 lanes=2.3 ddraw=2.5 pts=48
Step: 57425920  SPS: 4712  ε=0.050  ret=0.274  score=26.3  buf=100%  updates=448562
  vs FROZEN-PPO: 44W/56L/0D  win=44% | score=33.5 inv=3.1 played=13.3 ddraw=3.4
  vs Heur:   69W/33L/1D | score=37.2±32.6 inv=3.4 played=13.2 lanes=2.4 ddraw=4.4 pts=37
  vs Random: 107W/0L/0D | score=34.9±26.4 inv=2.7 played=12.1 lanes=2.4 ddraw=1.9 pts=35
  Self-play: 40W/57L/3D | score=43.6±30.8 inv=2.9 played=13.0 lanes=2.5 ddraw=2.7 pts=44
Step: 57507840  SPS: 4712  ε=0.050  ret=0.288  score=29.6  buf=100%  updates=449202
  vs FROZEN-PPO: 32W/67L/1D  win=32% | score=32.2 inv=3.2 played=13.3 ddraw=3.0
  vs Heur:   72W/35L/1D | score=38.4±36.2 inv=3.5 played=13.1 lanes=2.4 ddraw=4.1 pts=38
  vs Random: 102W/0L/0D | score=39.0±29.4 inv=2.4 played=12.2 lanes=2.4 ddraw=2.0 pts=39
  Self-play: 41W/63L/0D | score=41.3±26.7 inv=2.4 played=12.4 lanes=2.5 ddraw=2.3 pts=41
Step: 57589760  SPS: 4713  ε=0.050  ret=0.245  score=23.2  buf=100%  updates=449842
  vs FROZEN-PPO: 40W/65L/1D  win=38% | score=33.8 inv=3.1 played=13.5 ddraw=3.2
  vs Heur:   68W/31L/1D | score=42.8±34.9 inv=3.6 played=13.2 lanes=2.3 ddraw=4.1 pts=43
  vs Random: 105W/0L/0D | score=36.6±33.2 inv=2.5 played=12.1 lanes=2.4 ddraw=1.9 pts=37
  Self-play: 49W/57L/1D | score=47.4±30.3 inv=2.5 played=12.1 lanes=2.3 ddraw=2.5 pts=47
Step: 57671680  SPS: 4712  ε=0.050  ret=0.190  score=23.6  buf=100%  updates=450482
  vs FROZEN-PPO: 45W/55L/0D  win=45% | score=36.0 inv=3.4 played=13.6 ddraw=3.5
  vs Heur:   78W/28L/0D | score=38.0±32.5 inv=3.5 played=13.5 lanes=2.5 ddraw=4.3 pts=38
  vs Random: 110W/0L/0D | score=34.9±30.5 inv=2.8 played=12.2 lanes=2.4 ddraw=1.9 pts=35
  Self-play: 54W/49L/0D | score=44.6±28.4 inv=2.5 played=12.4 lanes=2.4 ddraw=2.5 pts=45
Step: 57753600  SPS: 4712  ε=0.050  ret=0.239  score=23.2  buf=100%  updates=451122
  vs FROZEN-PPO: 38W/62L/0D  win=38% | score=33.8 inv=3.1 played=13.1 ddraw=3.2
  vs Heur:   78W/23L/1D | score=36.8±31.8 inv=3.5 played=13.2 lanes=2.5 ddraw=4.2 pts=37
  vs Random: 100W/0L/0D | score=32.1±27.4 inv=2.6 played=12.6 lanes=2.6 ddraw=2.0 pts=32
  Self-play: 51W/56L/0D | score=45.6±31.5 inv=2.6 played=12.3 lanes=2.3 ddraw=2.4 pts=46
Step: 57835520  SPS: 4712  ε=0.050  ret=0.258  score=23.7  buf=100%  updates=451762
  vs FROZEN-PPO: 45W/60L/0D  win=43% | score=38.4 inv=3.3 played=13.4 ddraw=3.4
  vs Heur:   71W/30L/1D | score=38.6±32.2 inv=3.6 played=12.8 lanes=2.3 ddraw=4.2 pts=39
  vs Random: 102W/0L/0D | score=41.9±33.0 inv=2.7 played=12.0 lanes=2.3 ddraw=2.0 pts=42
  Self-play: 46W/59L/0D | score=40.1±31.2 inv=2.8 played=12.2 lanes=2.3 ddraw=2.5 pts=40
Step: 57917440  SPS: 4713  ε=0.050  ret=0.230  score=28.2  buf=100%  updates=452402
  vs FROZEN-PPO: 49W/50L/1D  win=49% | score=39.7 inv=3.2 played=13.3 ddraw=3.4
  vs Heur:   73W/29L/3D | score=42.2±32.7 inv=3.4 played=13.1 lanes=2.3 ddraw=4.3 pts=42
  vs Random: 109W/0L/0D | score=36.8±28.8 inv=2.7 played=11.7 lanes=2.2 ddraw=1.8 pts=37
  Self-play: 45W/64L/0D | score=43.1±31.0 inv=2.9 played=12.3 lanes=2.3 ddraw=2.4 pts=43
Step: 57999360  SPS: 4713  ε=0.050  ret=0.252  score=30.8  buf=100%  updates=453042
  vs FROZEN-PPO: 44W/65L/0D  win=40% | score=33.3 inv=3.3 played=13.4 ddraw=3.3
  vs Heur:   75W/25L/1D | score=41.1±35.6 inv=3.8 played=13.5 lanes=2.4 ddraw=4.2 pts=41
  vs Random: 101W/0L/0D | score=39.7±33.1 inv=2.7 played=13.0 lanes=2.5 ddraw=2.0 pts=40
  Self-play: 39W/67L/1D | score=43.2±31.1 inv=2.8 played=13.1 lanes=2.5 ddraw=2.5 pts=43
Step: 58081280  SPS: 4713  ε=0.050  ret=0.283  score=31.1  buf=100%  updates=453682
  vs FROZEN-PPO: 46W/54L/0D  win=46% | score=33.6 inv=3.4 played=13.4 ddraw=3.3
  vs Heur:   76W/29L/1D | score=37.0±35.3 inv=3.5 played=13.2 lanes=2.3 ddraw=4.2 pts=37
  vs Random: 107W/0L/0D | score=36.8±31.0 inv=2.6 played=12.3 lanes=2.4 ddraw=1.9 pts=37
  Self-play: 42W/65L/1D | score=40.9±31.2 inv=2.7 played=12.4 lanes=2.3 ddraw=2.5 pts=41
Step: 58163200  SPS: 4713  ε=0.050  ret=0.270  score=24.0  buf=100%  updates=454322
  vs FROZEN-PPO: 44W/61L/0D  win=42% | score=30.8 inv=3.4 played=13.7 ddraw=3.4
  vs Heur:   77W/30L/3D | score=34.2±31.0 inv=3.7 played=13.1 lanes=2.4 ddraw=4.3 pts=34
  vs Random: 108W/0L/0D | score=42.3±30.1 inv=3.0 played=13.2 lanes=2.5 ddraw=2.0 pts=42
  Self-play: 51W/55L/2D | score=48.4±35.5 inv=2.6 played=12.8 lanes=2.4 ddraw=2.4 pts=48
Step: 58245120  SPS: 4713  ε=0.050  ret=0.214  score=25.0  buf=100%  updates=454962
  vs FROZEN-PPO: 41W/62L/0D  win=40% | score=31.9 inv=3.3 played=13.3 ddraw=3.4
  vs Heur:   83W/24L/0D | score=42.3±32.1 inv=3.6 played=13.2 lanes=2.4 ddraw=4.3 pts=42
  vs Random: 109W/0L/0D | score=35.9±28.0 inv=2.5 played=12.0 lanes=2.3 ddraw=1.8 pts=36
  Self-play: 45W/56L/1D | score=45.1±30.1 inv=2.5 played=12.7 lanes=2.5 ddraw=2.4 pts=45
Step: 58327040  SPS: 4713  ε=0.050  ret=0.288  score=21.9  buf=100%  updates=455602
  vs FROZEN-PPO: 40W/65L/0D  win=38% | score=33.6 inv=3.2 played=12.7 ddraw=3.3
  vs Heur:   83W/22L/1D | score=41.6±31.4 inv=3.4 played=12.8 lanes=2.2 ddraw=4.1 pts=42
  vs Random: 106W/0L/0D | score=41.3±29.9 inv=2.5 played=11.6 lanes=2.2 ddraw=1.8 pts=41
  Self-play: 57W/47L/1D | score=45.1±32.4 inv=2.8 played=12.4 lanes=2.3 ddraw=2.7 pts=45
Step: 58408960  SPS: 4713  ε=0.050  ret=0.252  score=26.0  buf=100%  updates=456242
  vs FROZEN-PPO: 41W/57L/2D  win=41% | score=40.5 inv=3.3 played=12.8 ddraw=3.3
  vs Heur:   77W/29L/1D | score=38.4±31.5 inv=3.4 played=12.5 lanes=2.3 ddraw=4.0 pts=38
  vs Random: 103W/1L/0D | score=38.0±35.8 inv=2.6 played=11.5 lanes=2.1 ddraw=1.8 pts=38
  Self-play: 59W/48L/3D | score=41.9±31.7 inv=3.0 played=12.1 lanes=2.2 ddraw=2.5 pts=42
Step: 58490880  SPS: 4713  ε=0.050  ret=0.274  score=32.7  buf=100%  updates=456882
  vs FROZEN-PPO: 43W/62L/0D  win=41% | score=39.4 inv=2.9 played=12.0 ddraw=3.3
  vs Heur:   74W/31L/1D | score=41.8±38.3 inv=3.2 played=11.8 lanes=2.1 ddraw=4.2 pts=42
  vs Random: 100W/0L/0D | score=38.2±29.3 inv=2.4 played=11.2 lanes=2.1 ddraw=1.7 pts=38
  Self-play: 52W/55L/1D | score=51.3±30.7 inv=2.7 played=12.5 lanes=2.2 ddraw=2.7 pts=51
Step: 58572800  SPS: 4713  ε=0.050  ret=0.212  score=26.4  buf=100%  updates=457522
  vs FROZEN-PPO: 35W/72L/0D  win=33% | score=32.4 inv=3.0 played=12.2 ddraw=3.3
  vs Heur:   76W/29L/3D | score=34.8±29.4 inv=3.1 played=12.0 lanes=2.2 ddraw=4.1 pts=35
  vs Random: 107W/0L/0D | score=40.7±26.1 inv=2.5 played=11.1 lanes=2.1 ddraw=1.8 pts=41
  Self-play: 57W/48L/2D | score=55.0±32.5 inv=2.7 played=12.3 lanes=2.2 ddraw=2.5 pts=55
Step: 58654720  SPS: 4713  ε=0.050  ret=0.206  score=21.1  buf=100%  updates=458162
  vs FROZEN-PPO: 41W/58L/1D  win=41% | score=38.2 inv=3.1 played=12.2 ddraw=3.1
  vs Heur:   68W/34L/0D | score=36.4±33.2 inv=3.2 played=12.1 lanes=2.2 ddraw=4.2 pts=36
  vs Random: 106W/0L/0D | score=37.0±29.1 inv=2.6 played=11.6 lanes=2.2 ddraw=1.7 pts=37
  Self-play: 54W/57L/0D | score=53.4±29.1 inv=2.7 played=12.4 lanes=2.3 ddraw=2.6 pts=53
Step: 58736640  SPS: 4713  ε=0.050  ret=0.323  score=25.5  buf=100%  updates=458802
  vs FROZEN-PPO: 29W/78L/0D  win=27% | score=28.9 inv=2.7 played=11.6 ddraw=3.1
  vs Heur:   72W/32L/1D | score=36.4±33.7 inv=3.0 played=11.6 lanes=2.1 ddraw=4.2 pts=36
  vs Random: 106W/0L/0D | score=36.8±28.7 inv=2.3 played=11.3 lanes=2.1 ddraw=1.8 pts=37
  Self-play: 45W/61L/0D | score=42.5±30.5 inv=2.6 played=11.8 lanes=2.2 ddraw=2.5 pts=43
Step: 58818560  SPS: 4713  ε=0.050  ret=0.294  score=27.1  buf=100%  updates=459442
  vs FROZEN-PPO: 55W/54L/0D  win=50% | score=44.1 inv=2.9 played=12.4 ddraw=3.4
  vs Heur:   71W/27L/2D | score=42.4±34.7 inv=3.4 played=12.8 lanes=2.3 ddraw=4.2 pts=42
  vs Random: 104W/0L/0D | score=37.7±26.8 inv=2.2 played=11.4 lanes=2.2 ddraw=1.8 pts=38
  Self-play: 44W/54L/2D | score=47.9±30.9 inv=2.5 played=11.8 lanes=2.1 ddraw=2.4 pts=48
Step: 58900480  SPS: 4713  ε=0.050  ret=0.178  score=28.1  buf=100%  updates=460082
  vs FROZEN-PPO: 47W/58L/0D  win=45% | score=38.6 inv=3.0 played=12.3 ddraw=3.4
  vs Heur:   84W/25L/1D | score=45.1±37.0 inv=3.3 played=12.5 lanes=2.2 ddraw=4.0 pts=45
  vs Random: 107W/0L/0D | score=41.3±29.5 inv=2.8 played=11.9 lanes=2.2 ddraw=1.8 pts=41
  Self-play: 50W/48L/5D | score=47.5±35.1 inv=2.7 played=12.4 lanes=2.3 ddraw=2.8 pts=47
Step: 58982400  SPS: 4713  ε=0.050  ret=0.221  score=19.6  buf=100%  updates=460722
  vs FROZEN-PPO: 43W/63L/3D  win=39% | score=34.4 inv=3.1 played=12.8 ddraw=3.1
  vs Heur:   80W/27L/0D | score=39.0±33.6 inv=3.4 played=12.1 lanes=2.2 ddraw=4.0 pts=39
  vs Random: 105W/0L/0D | score=37.7±30.7 inv=2.6 played=11.7 lanes=2.3 ddraw=1.9 pts=38
  Self-play: 42W/63L/0D | score=43.1±29.4 inv=2.4 played=11.6 lanes=2.2 ddraw=2.4 pts=43
Step: 59064320  SPS: 4713  ε=0.050  ret=0.202  score=27.7  buf=100%  updates=461362
  vs FROZEN-PPO: 36W/69L/0D  win=34% | score=34.2 inv=2.8 played=12.2 ddraw=3.1
  vs Heur:   78W/22L/0D | score=43.0±31.6 inv=3.0 played=12.2 lanes=2.2 ddraw=4.1 pts=43
  vs Random: 103W/0L/0D | score=37.1±25.3 inv=2.1 played=10.9 lanes=2.0 ddraw=1.5 pts=37
  Self-play: 45W/59L/1D | score=46.9±31.0 inv=2.5 played=11.5 lanes=2.0 ddraw=2.4 pts=47
Step: 59146240  SPS: 4713  ε=0.050  ret=0.221  score=25.7  buf=100%  updates=462002
  vs FROZEN-PPO: 42W/67L/1D  win=38% | score=33.9 inv=3.0 played=13.0 ddraw=3.3
  vs Heur:   68W/33L/0D | score=40.1±36.1 inv=3.1 played=12.2 lanes=2.2 ddraw=4.2 pts=40
  vs Random: 102W/0L/0D | score=37.1±28.5 inv=2.3 played=11.3 lanes=2.2 ddraw=1.7 pts=37
  Self-play: 41W/66L/0D | score=43.7±35.0 inv=2.6 played=11.5 lanes=2.1 ddraw=2.4 pts=44
Step: 59228160  SPS: 4713  ε=0.050  ret=0.230  score=22.9  buf=100%  updates=462642
  vs FROZEN-PPO: 50W/53L/1D  win=48% | score=35.8 inv=3.0 played=12.3 ddraw=3.3
  vs Heur:   75W/27L/1D | score=41.1±37.3 inv=3.1 played=12.4 lanes=2.3 ddraw=4.2 pts=41
  vs Random: 103W/0L/0D | score=34.4±28.0 inv=2.6 played=12.0 lanes=2.4 ddraw=1.7 pts=34
  Self-play: 57W/50L/0D | score=51.3±32.9 inv=2.7 played=12.1 lanes=2.2 ddraw=2.5 pts=51
Step: 59310080  SPS: 4713  ε=0.050  ret=0.263  score=24.9  buf=100%  updates=463282
  vs FROZEN-PPO: 49W/62L/0D  win=44% | score=37.8 inv=2.9 played=11.6 ddraw=3.3
  vs Heur:   73W/30L/2D | score=35.2±30.1 inv=3.1 played=12.1 lanes=2.2 ddraw=4.1 pts=35
  vs Random: 104W/0L/0D | score=39.2±27.9 inv=2.2 played=11.0 lanes=2.1 ddraw=1.7 pts=39
  Self-play: 55W/50L/2D | score=45.8±32.2 inv=2.4 played=11.2 lanes=2.1 ddraw=2.5 pts=46
Step: 59392000  SPS: 4713  ε=0.050  ret=0.391  score=26.8  buf=100%  updates=463922
  vs FROZEN-PPO: 44W/57L/0D  win=44% | score=41.0 inv=3.0 played=12.6 ddraw=3.1
  vs Heur:   80W/27L/0D | score=43.5±33.8 inv=3.1 played=12.1 lanes=2.1 ddraw=4.2 pts=43
  vs Random: 106W/0L/0D | score=40.6±29.4 inv=2.2 played=11.1 lanes=2.1 ddraw=1.6 pts=41
  Self-play: 46W/59L/1D | score=42.3±30.9 inv=2.4 played=11.7 lanes=2.2 ddraw=2.5 pts=42
Step: 59473920  SPS: 4713  ε=0.050  ret=0.234  score=27.9  buf=100%  updates=464562
  vs FROZEN-PPO: 44W/60L/0D  win=42% | score=32.1 inv=2.8 played=11.5 ddraw=3.2
  vs Heur:   83W/27L/1D | score=42.5±32.6 inv=3.0 played=12.0 lanes=2.1 ddraw=4.1 pts=43
  vs Random: 112W/0L/0D | score=35.6±29.4 inv=2.0 played=10.7 lanes=2.2 ddraw=1.6 pts=36
  Self-play: 36W/64L/2D | score=40.2±31.2 inv=2.6 played=11.4 lanes=2.1 ddraw=2.3 pts=40
Step: 59555840  SPS: 4713  ε=0.050  ret=0.208  score=29.2  buf=100%  updates=465202
  vs FROZEN-PPO: 38W/62L/1D  win=38% | score=41.8 inv=2.8 played=11.9 ddraw=3.3
  vs Heur:   75W/25L/0D | score=44.6±34.7 inv=3.1 played=12.0 lanes=2.1 ddraw=4.3 pts=45
  vs Random: 101W/0L/0D | score=32.2±26.4 inv=2.3 played=11.0 lanes=2.2 ddraw=1.6 pts=32
  Self-play: 50W/53L/1D | score=50.2±32.8 inv=2.6 played=11.3 lanes=2.0 ddraw=2.5 pts=50
Step: 59637760  SPS: 4713  ε=0.050  ret=0.209  score=28.4  buf=100%  updates=465842
  vs FROZEN-PPO: 49W/52L/1D  win=48% | score=41.2 inv=3.0 played=12.6 ddraw=3.4
  vs Heur:   82W/21L/0D | score=36.7±30.0 inv=3.1 played=12.1 lanes=2.2 ddraw=4.3 pts=37
  vs Random: 105W/0L/0D | score=36.2±26.3 inv=2.5 played=12.1 lanes=2.3 ddraw=1.9 pts=36
  Self-play: 46W/57L/0D | score=45.3±30.5 inv=2.4 played=11.6 lanes=2.2 ddraw=2.4 pts=45
Step: 59719680  SPS: 4713  ε=0.050  ret=0.230  score=25.3  buf=100%  updates=466482
  vs FROZEN-PPO: 51W/55L/0D  win=48% | score=35.3 inv=2.7 played=11.3 ddraw=3.2
  vs Heur:   76W/30L/0D | score=41.4±31.9 inv=2.9 played=11.2 lanes=1.9 ddraw=3.9 pts=41
  vs Random: 107W/0L/0D | score=41.4±30.8 inv=2.1 played=10.6 lanes=2.0 ddraw=1.6 pts=41
  Self-play: 47W/58L/1D | score=43.7±29.8 inv=2.5 played=10.9 lanes=2.0 ddraw=2.5 pts=44
Step: 59801600  SPS: 4713  ε=0.050  ret=0.298  score=18.7  buf=100%  updates=467122
  vs FROZEN-PPO: 38W/63L/0D  win=38% | score=34.7 inv=2.9 played=11.5 ddraw=3.3
  vs Heur:   74W/27L/2D | score=39.3±34.4 inv=2.8 played=10.9 lanes=1.9 ddraw=4.1 pts=39
  vs Random: 105W/0L/0D | score=33.7±28.0 inv=2.3 played=10.4 lanes=2.0 ddraw=1.7 pts=34
  Self-play: 43W/63L/1D | score=42.9±33.0 inv=2.5 played=10.9 lanes=2.0 ddraw=2.5 pts=43
Step: 59883520  SPS: 4713  ε=0.050  ret=0.170  score=27.8  buf=100%  updates=467762
  vs FROZEN-PPO: 38W/65L/0D  win=37% | score=31.2 inv=2.9 played=11.7 ddraw=3.4
  vs Heur:   76W/35L/0D | score=37.8±30.8 inv=2.7 played=11.2 lanes=2.0 ddraw=4.2 pts=38
  vs Random: 106W/0L/0D | score=35.0±30.1 inv=2.2 played=10.9 lanes=2.1 ddraw=1.6 pts=35
  Self-play: 45W/54L/1D | score=42.9±29.3 inv=2.4 played=11.2 lanes=2.1 ddraw=2.6 pts=43
Step: 59965440  SPS: 4713  ε=0.050  ret=0.215  score=21.1  buf=100%  updates=468402
  vs FROZEN-PPO: 43W/63L/2D  win=40% | score=33.4 inv=2.8 played=11.4 ddraw=3.4
  vs Heur:   72W/24L/4D | score=43.5±36.3 inv=3.2 played=12.3 lanes=2.2 ddraw=4.2 pts=44
  vs Random: 108W/0L/0D | score=39.5±30.5 inv=2.2 played=11.3 lanes=2.2 ddraw=1.8 pts=40
  Self-play: 45W/61L/0D | score=42.8±34.6 inv=2.7 played=11.6 lanes=2.2 ddraw=2.6 pts=43
Step: 60047360  SPS: 4713  ε=0.050  ret=0.155  score=23.7  buf=100%  updates=469042
  vs FROZEN-PPO: 44W/57L/0D  win=44% | score=36.6 inv=3.0 played=12.5 ddraw=3.0
  vs Heur:   68W/32L/0D | score=40.1±32.7 inv=2.8 played=11.3 lanes=2.0 ddraw=4.0 pts=40
  vs Random: 107W/0L/0D | score=40.8±26.6 inv=2.4 played=11.3 lanes=2.1 ddraw=1.4 pts=41
  Self-play: 51W/52L/2D | score=45.0±32.1 inv=2.4 played=11.4 lanes=2.2 ddraw=2.6 pts=45
Step: 60129280  SPS: 4713  ε=0.050  ret=0.210  score=24.5  buf=100%  updates=469682
  vs FROZEN-PPO: 40W/67L/0D  win=37% | score=36.5 inv=2.7 played=11.9 ddraw=3.2
  vs Heur:   77W/29L/2D | score=42.0±30.5 inv=3.0 played=11.9 lanes=2.2 ddraw=4.2 pts=42
  vs Random: 102W/0L/0D | score=41.3±32.1 inv=2.4 played=11.6 lanes=2.3 ddraw=1.6 pts=41
  Self-play: 42W/63L/2D | score=42.8±28.3 inv=2.5 played=11.9 lanes=2.3 ddraw=2.7 pts=43
Step: 60211200  SPS: 4713  ε=0.050  ret=0.256  score=27.0  buf=100%  updates=470322
  vs FROZEN-PPO: 46W/55L/2D  win=45% | score=40.3 inv=2.9 played=12.0 ddraw=3.4
  vs Heur:   72W/31L/2D | score=37.1±30.7 inv=3.3 played=12.4 lanes=2.3 ddraw=4.1 pts=37
  vs Random: 105W/0L/0D | score=38.3±27.4 inv=2.3 played=11.4 lanes=2.2 ddraw=1.5 pts=38
  Self-play: 50W/48L/2D | score=48.2±34.6 inv=2.5 played=11.3 lanes=2.1 ddraw=2.7 pts=48
Step: 60293120  SPS: 4713  ε=0.050  ret=0.285  score=32.1  buf=100%  updates=470962
  vs FROZEN-PPO: 35W/67L/0D  win=34% | score=38.4 inv=2.9 played=12.0 ddraw=3.2
  vs Heur:   70W/34L/3D | score=37.2±35.7 inv=3.3 played=12.0 lanes=2.2 ddraw=4.0 pts=37
  vs Random: 103W/0L/0D | score=41.2±31.6 inv=2.2 played=11.1 lanes=2.1 ddraw=1.6 pts=41
  Self-play: 43W/59L/2D | score=46.3±28.7 inv=2.4 played=11.4 lanes=2.1 ddraw=2.5 pts=46
Step: 60375040  SPS: 4713  ε=0.050  ret=0.220  score=28.6  buf=100%  updates=471602
  vs FROZEN-PPO: 45W/57L/3D  win=43% | score=37.7 inv=3.0 played=12.1 ddraw=3.3
  vs Heur:   64W/36L/4D | score=37.7±31.8 inv=3.2 played=12.0 lanes=2.1 ddraw=4.1 pts=38
  vs Random: 105W/0L/0D | score=33.5±29.6 inv=2.3 played=11.4 lanes=2.3 ddraw=1.6 pts=34
  Self-play: 46W/57L/0D | score=48.2±33.4 inv=2.6 played=11.8 lanes=2.1 ddraw=2.4 pts=48
Step: 60456960  SPS: 4713  ε=0.050  ret=0.258  score=21.5  buf=100%  updates=472242
  vs FROZEN-PPO: 41W/69L/0D  win=37% | score=36.0 inv=2.9 played=11.9 ddraw=3.2
  vs Heur:   85W/21L/1D | score=46.7±34.8 inv=3.2 played=12.4 lanes=2.2 ddraw=4.1 pts=47
  vs Random: 107W/0L/0D | score=36.0±26.4 inv=2.4 played=11.3 lanes=2.2 ddraw=1.5 pts=36
  Self-play: 48W/53L/2D | score=49.6±33.9 inv=2.4 played=11.5 lanes=2.1 ddraw=2.5 pts=50
Step: 60538880  SPS: 4713  ε=0.050  ret=0.239  score=25.9  buf=100%  updates=472882
  vs FROZEN-PPO: 48W/58L/1D  win=45% | score=37.9 inv=2.7 played=11.4 ddraw=3.2
  vs Heur:   77W/28L/2D | score=41.6±30.8 inv=3.1 played=12.2 lanes=2.2 ddraw=4.0 pts=42
  vs Random: 100W/0L/0D | score=39.1±31.1 inv=2.4 played=11.6 lanes=2.2 ddraw=1.6 pts=39
  Self-play: 48W/57L/0D | score=47.1±34.2 inv=2.7 played=11.9 lanes=2.2 ddraw=2.6 pts=47
Step: 60620800  SPS: 4713  ε=0.050  ret=0.242  score=25.1  buf=100%  updates=473522
  vs FROZEN-PPO: 34W/68L/2D  win=33% | score=36.7 inv=2.9 played=12.4 ddraw=3.1
  vs Heur:   73W/34L/1D | score=36.3±32.5 inv=3.0 played=12.1 lanes=2.2 ddraw=4.1 pts=36
  vs Random: 105W/0L/0D | score=40.6±28.7 inv=2.2 played=11.4 lanes=2.2 ddraw=1.6 pts=41
  Self-play: 50W/52L/2D | score=52.6±31.1 inv=2.6 played=12.1 lanes=2.2 ddraw=2.3 pts=53
Step: 60702720  SPS: 4714  ε=0.050  ret=0.246  score=27.6  buf=100%  updates=474162
  vs FROZEN-PPO: 39W/69L/1D  win=36% | score=33.0 inv=2.9 played=12.4 ddraw=3.3
  vs Heur:   67W/34L/1D | score=36.8±34.0 inv=3.4 played=12.1 lanes=2.2 ddraw=4.0 pts=37
  vs Random: 107W/0L/0D | score=45.2±29.4 inv=2.4 played=11.4 lanes=2.0 ddraw=1.7 pts=45
  Self-play: 44W/57L/3D | score=48.3±28.9 inv=2.4 played=11.4 lanes=2.1 ddraw=2.4 pts=48
Step: 60784640  SPS: 4714  ε=0.050  ret=0.216  score=26.7  buf=100%  updates=474802
  vs FROZEN-PPO: 45W/59L/0D  win=43% | score=41.2 inv=3.2 played=12.8 ddraw=3.2
  vs Heur:   76W/30L/0D | score=41.5±36.5 inv=3.4 played=12.8 lanes=2.2 ddraw=4.2 pts=42
  vs Random: 100W/0L/0D | score=37.6±27.8 inv=2.4 played=11.8 lanes=2.2 ddraw=1.7 pts=38
  Self-play: 47W/56L/2D | score=50.7±31.3 inv=2.7 played=12.3 lanes=2.2 ddraw=2.6 pts=51
Step: 60866560  SPS: 4714  ε=0.050  ret=0.313  score=28.6  buf=100%  updates=475442
  vs FROZEN-PPO: 43W/59L/2D  win=41% | score=38.5 inv=3.1 played=12.6 ddraw=3.2
  vs Heur:   78W/26L/0D | score=40.7±36.0 inv=3.3 played=12.2 lanes=2.2 ddraw=4.3 pts=41
  vs Random: 100W/0L/0D | score=35.6±28.4 inv=2.3 played=11.2 lanes=2.2 ddraw=1.6 pts=36
  Self-play: 46W/59L/0D | score=49.3±32.2 inv=2.7 played=12.1 lanes=2.2 ddraw=2.5 pts=49
Step: 60948480  SPS: 4714  ε=0.050  ret=0.345  score=33.7  buf=100%  updates=476082
  vs FROZEN-PPO: 38W/69L/0D  win=36% | score=37.7 inv=3.3 played=12.2 ddraw=3.0
  vs Heur:   80W/25L/1D | score=45.1±34.3 inv=3.5 played=12.9 lanes=2.3 ddraw=4.2 pts=45
  vs Random: 106W/0L/0D | score=39.3±32.5 inv=2.5 played=11.9 lanes=2.3 ddraw=1.9 pts=39
  Self-play: 58W/45L/2D | score=52.1±31.8 inv=2.7 played=12.3 lanes=2.2 ddraw=2.5 pts=52
Step: 61030400  SPS: 4714  ε=0.050  ret=0.258  score=26.9  buf=100%  updates=476722
  vs FROZEN-PPO: 50W/58L/0D  win=46% | score=40.6 inv=3.5 played=13.2 ddraw=3.0
  vs Heur:   84W/21L/0D | score=46.3±35.5 inv=3.5 played=12.8 lanes=2.2 ddraw=4.2 pts=46
  vs Random: 105W/0L/0D | score=41.7±33.5 inv=2.7 played=12.3 lanes=2.3 ddraw=1.8 pts=42
  Self-play: 59W/48L/2D | score=52.2±34.0 inv=2.8 played=12.8 lanes=2.4 ddraw=2.5 pts=52
Step: 61112320  SPS: 4714  ε=0.050  ret=0.278  score=27.8  buf=100%  updates=477362
  vs FROZEN-PPO: 42W/61L/1D  win=40% | score=37.9 inv=3.1 played=12.5 ddraw=3.2
  vs Heur:   79W/21L/0D | score=40.1±30.0 inv=3.5 played=12.7 lanes=2.3 ddraw=4.1 pts=40
  vs Random: 104W/0L/0D | score=45.2±29.7 inv=2.7 played=12.5 lanes=2.4 ddraw=1.7 pts=45
  Self-play: 47W/54L/2D | score=47.5±35.8 inv=2.8 played=12.5 lanes=2.3 ddraw=2.5 pts=48
Step: 61194240  SPS: 4714  ε=0.050  ret=0.321  score=28.4  buf=100%  updates=478002
  vs FROZEN-PPO: 41W/57L/3D  win=41% | score=37.0 inv=3.3 played=13.0 ddraw=3.1
  vs Heur:   75W/32L/1D | score=41.8±36.1 inv=3.6 played=13.2 lanes=2.4 ddraw=4.1 pts=42
  vs Random: 109W/0L/0D | score=41.8±27.1 inv=2.8 played=12.9 lanes=2.5 ddraw=1.8 pts=42
  Self-play: 50W/57L/1D | score=47.7±34.5 inv=3.0 played=13.2 lanes=2.5 ddraw=2.5 pts=48
Step: 61276160  SPS: 4714  ε=0.050  ret=0.214  score=25.9  buf=100%  updates=478642
  vs FROZEN-PPO: 36W/68L/0D  win=35% | score=32.1 inv=3.1 played=12.8 ddraw=3.4
  vs Heur:   80W/29L/0D | score=42.1±35.0 inv=3.4 played=12.8 lanes=2.3 ddraw=4.2 pts=42
  vs Random: 108W/1L/0D | score=32.0±30.5 inv=2.5 played=11.6 lanes=2.4 ddraw=1.9 pts=32
  Self-play: 52W/53L/1D | score=53.8±34.0 inv=2.9 played=13.0 lanes=2.3 ddraw=2.5 pts=54
Step: 61358080  SPS: 4714  ε=0.050  ret=0.208  score=25.6  buf=100%  updates=479282
  vs FROZEN-PPO: 30W/77L/2D  win=28% | score=29.1 inv=3.0 played=12.5 ddraw=3.1
  vs Heur:   89W/18L/1D | score=41.4±32.3 inv=3.3 played=12.2 lanes=2.2 ddraw=4.3 pts=41
  vs Random: 103W/0L/0D | score=41.6±29.2 inv=2.5 played=11.6 lanes=2.2 ddraw=1.8 pts=42
  Self-play: 62W/45L/0D | score=48.9±32.6 inv=2.7 played=12.4 lanes=2.3 ddraw=2.6 pts=49
Step: 61440000  SPS: 4714  ε=0.050  ret=0.221  score=18.4  buf=100%  updates=479922
  vs FROZEN-PPO: 43W/57L/0D  win=43% | score=38.0 inv=3.0 played=12.6 ddraw=3.3
  vs Heur:   77W/29L/1D | score=41.3±34.7 inv=3.2 played=12.2 lanes=2.2 ddraw=4.2 pts=41
  vs Random: 104W/0L/0D | score=40.9±33.0 inv=2.5 played=12.0 lanes=2.3 ddraw=1.5 pts=41
  Self-play: 49W/53L/1D | score=48.8±32.2 inv=2.9 played=11.9 lanes=2.2 ddraw=2.4 pts=49
Step: 61521920  SPS: 4714  ε=0.050  ret=0.375  score=25.6  buf=100%  updates=480562
  vs FROZEN-PPO: 39W/62L/0D  win=39% | score=33.4 inv=3.0 played=12.6 ddraw=3.3
  vs Heur:   73W/31L/0D | score=40.7±36.9 inv=3.7 played=12.9 lanes=2.3 ddraw=4.2 pts=41
  vs Random: 108W/0L/0D | score=39.1±28.0 inv=2.4 played=11.3 lanes=2.2 ddraw=1.7 pts=39
  Self-play: 51W/53L/2D | score=50.6±34.1 inv=2.8 played=12.1 lanes=2.2 ddraw=2.5 pts=51
Step: 61603840  SPS: 4714  ε=0.050  ret=0.339  score=22.6  buf=100%  updates=481202
  vs FROZEN-PPO: 47W/57L/1D  win=45% | score=39.7 inv=3.3 played=12.5 ddraw=3.2
  vs Heur:   87W/21L/0D | score=45.7±33.7 inv=3.4 played=12.8 lanes=2.2 ddraw=4.1 pts=46
  vs Random: 105W/0L/0D | score=39.7±27.6 inv=2.6 played=12.0 lanes=2.3 ddraw=1.7 pts=40
  Self-play: 54W/54L/0D | score=47.5±33.2 inv=2.8 played=12.2 lanes=2.2 ddraw=2.8 pts=47
Step: 61685760  SPS: 4714  ε=0.050  ret=0.255  score=23.9  buf=100%  updates=481842
  vs FROZEN-PPO: 35W/68L/2D  win=33% | score=39.6 inv=2.9 played=12.5 ddraw=3.3
  vs Heur:   79W/23L/2D | score=37.7±30.8 inv=3.2 played=12.7 lanes=2.3 ddraw=4.3 pts=38
  vs Random: 103W/0L/0D | score=38.9±29.2 inv=2.6 played=12.3 lanes=2.4 ddraw=1.8 pts=39
  Self-play: 54W/50L/1D | score=52.4±34.9 inv=2.5 played=12.0 lanes=2.2 ddraw=2.7 pts=52
Step: 61767680  SPS: 4714  ε=0.050  ret=0.303  score=26.4  buf=100%  updates=482482
  vs FROZEN-PPO: 42W/58L/0D  win=42% | score=45.2 inv=3.1 played=12.6 ddraw=3.1
  vs Heur:   81W/25L/0D | score=41.4±34.0 inv=3.4 played=12.7 lanes=2.2 ddraw=4.2 pts=41
  vs Random: 106W/0L/0D | score=40.7±29.9 inv=2.3 played=11.4 lanes=2.2 ddraw=1.7 pts=41
  Self-play: 59W/45L/2D | score=54.2±32.6 inv=2.6 played=12.2 lanes=2.2 ddraw=2.6 pts=54
Step: 61849600  SPS: 4714  ε=0.050  ret=0.312  score=27.9  buf=100%  updates=483122
  vs FROZEN-PPO: 34W/74L/3D  win=31% | score=34.1 inv=2.8 played=12.5 ddraw=3.1
  vs Heur:   77W/22L/1D | score=38.5±32.2 inv=3.5 played=13.0 lanes=2.4 ddraw=4.0 pts=39
  vs Random: 105W/0L/0D | score=38.4±28.2 inv=2.4 played=11.9 lanes=2.3 ddraw=1.8 pts=38
  Self-play: 42W/60L/2D | score=50.9±32.4 inv=2.7 played=12.4 lanes=2.3 ddraw=2.6 pts=51
Step: 61931520  SPS: 4714  ε=0.050  ret=0.301  score=26.0  buf=100%  updates=483762
  vs FROZEN-PPO: 55W/49L/2D  win=52% | score=39.4 inv=3.0 played=12.5 ddraw=3.2
  vs Heur:   75W/31L/0D | score=38.9±37.0 inv=3.6 played=12.9 lanes=2.3 ddraw=4.2 pts=39
  vs Random: 104W/0L/0D | score=37.4±27.6 inv=2.4 played=11.7 lanes=2.2 ddraw=1.9 pts=37
  Self-play: 50W/53L/0D | score=45.6±27.8 inv=2.7 played=12.5 lanes=2.3 ddraw=2.6 pts=46
Step: 62013440  SPS: 4714  ε=0.050  ret=0.285  score=29.0  buf=100%  updates=484402
  vs FROZEN-PPO: 41W/60L/0D  win=41% | score=39.4 inv=3.3 played=13.1 ddraw=3.3
  vs Heur:   72W/34L/1D | score=33.5±35.6 inv=3.6 played=12.8 lanes=2.4 ddraw=4.4 pts=33
  vs Random: 103W/0L/0D | score=36.6±31.5 inv=2.8 played=12.3 lanes=2.4 ddraw=1.8 pts=37
  Self-play: 55W/52L/0D | score=46.5±31.8 inv=2.8 played=12.5 lanes=2.4 ddraw=2.4 pts=47
Step: 62095360  SPS: 4714  ε=0.050  ret=0.254  score=30.8  buf=100%  updates=485042
  vs FROZEN-PPO: 44W/59L/1D  win=42% | score=34.0 inv=3.2 played=13.3 ddraw=3.4
  vs Heur:   76W/27L/1D | score=39.5±32.2 inv=3.3 played=12.9 lanes=2.4 ddraw=4.4 pts=39
  vs Random: 107W/0L/0D | score=37.3±24.6 inv=2.6 played=12.5 lanes=2.5 ddraw=1.9 pts=37
  Self-play: 40W/59L/1D | score=41.6±31.8 inv=2.6 played=12.7 lanes=2.5 ddraw=2.5 pts=42
Step: 62177280  SPS: 4714  ε=0.050  ret=0.178  score=24.7  buf=100%  updates=485682
  vs FROZEN-PPO: 47W/61L/1D  win=43% | score=33.2 inv=2.8 played=12.2 ddraw=3.4
  vs Heur:   68W/44L/0D | score=28.0±31.5 inv=3.2 played=11.8 lanes=2.2 ddraw=4.4 pts=28
  vs Random: 101W/0L/0D | score=36.3±27.1 inv=2.4 played=11.6 lanes=2.3 ddraw=2.0 pts=36
  Self-play: 44W/60L/2D | score=44.4±31.4 inv=2.6 played=12.4 lanes=2.3 ddraw=2.5 pts=44
Step: 62259200  SPS: 4714  ε=0.050  ret=0.319  score=31.3  buf=100%  updates=486322
  vs FROZEN-PPO: 37W/63L/0D  win=37% | score=29.3 inv=3.3 played=12.8 ddraw=3.2
  vs Heur:   63W/34L/4D | score=32.3±32.1 inv=3.4 played=13.0 lanes=2.4 ddraw=4.1 pts=32
  vs Random: 108W/0L/0D | score=36.0±28.9 inv=2.4 played=11.6 lanes=2.3 ddraw=1.9 pts=36
  Self-play: 46W/63L/3D | score=42.3±31.8 inv=2.7 played=12.0 lanes=2.2 ddraw=2.5 pts=42
Step: 62341120  SPS: 4714  ε=0.050  ret=0.309  score=29.4  buf=100%  updates=486962
  vs FROZEN-PPO: 38W/66L/2D  win=36% | score=35.0 inv=3.2 played=13.5 ddraw=3.3
  vs Heur:   79W/25L/1D | score=39.9±34.1 inv=3.7 played=13.5 lanes=2.4 ddraw=4.2 pts=40
  vs Random: 100W/0L/0D | score=40.3±28.2 inv=2.6 played=12.1 lanes=2.4 ddraw=1.9 pts=40
  Self-play: 46W/56L/0D | score=43.9±29.6 inv=2.5 played=12.2 lanes=2.3 ddraw=2.5 pts=44
Step: 62423040  SPS: 4714  ε=0.050  ret=0.271  score=23.1  buf=100%  updates=487602
  vs FROZEN-PPO: 39W/71L/2D  win=35% | score=35.8 inv=3.2 played=12.9 ddraw=3.2
  vs Heur:   79W/26L/0D | score=40.9±34.9 inv=3.3 played=12.9 lanes=2.3 ddraw=4.0 pts=41
  vs Random: 101W/0L/0D | score=42.8±27.1 inv=2.6 played=11.7 lanes=2.1 ddraw=1.7 pts=43
  Self-play: 42W/66L/0D | score=44.4±30.7 inv=2.6 played=12.3 lanes=2.3 ddraw=2.5 pts=44
Step: 62504960  SPS: 4714  ε=0.050  ret=0.249  score=21.0  buf=100%  updates=488242
  vs FROZEN-PPO: 43W/56L/1D  win=43% | score=40.1 inv=3.1 played=12.6 ddraw=3.3
  vs Heur:   71W/31L/2D | score=38.1±37.1 inv=3.4 played=12.7 lanes=2.3 ddraw=4.2 pts=38
  vs Random: 104W/0L/0D | score=42.8±33.7 inv=2.3 played=11.4 lanes=2.2 ddraw=1.7 pts=43
  Self-play: 39W/61L/0D | score=43.2±31.6 inv=2.6 played=11.7 lanes=2.2 ddraw=2.4 pts=43
Step: 62586880  SPS: 4714  ε=0.050  ret=0.299  score=23.4  buf=100%  updates=488882
  vs FROZEN-PPO: 52W/58L/0D  win=47% | score=38.8 inv=3.1 played=12.9 ddraw=3.6
  vs Heur:   77W/23L/0D | score=40.5±34.0 inv=3.5 played=13.1 lanes=2.4 ddraw=4.1 pts=40
  vs Random: 102W/0L/0D | score=38.1±30.7 inv=2.7 played=12.5 lanes=2.5 ddraw=1.7 pts=38
  Self-play: 48W/49L/3D | score=43.5±36.2 inv=2.8 played=12.6 lanes=2.4 ddraw=2.7 pts=44
Step: 62668800  SPS: 4714  ε=0.050  ret=0.349  score=25.6  buf=100%  updates=489522
  vs FROZEN-PPO: 46W/60L/1D  win=43% | score=39.2 inv=3.0 played=12.3 ddraw=3.4
  vs Heur:   76W/29L/1D | score=38.8±33.0 inv=3.2 played=12.1 lanes=2.2 ddraw=4.4 pts=39
  vs Random: 103W/0L/0D | score=40.4±33.6 inv=2.4 played=11.4 lanes=2.2 ddraw=2.0 pts=40
  Self-play: 54W/55L/1D | score=45.7±31.1 inv=2.7 played=12.2 lanes=2.3 ddraw=2.7 pts=46
Step: 62750720  SPS: 4715  ε=0.050  ret=0.300  score=29.3  buf=100%  updates=490162
  vs FROZEN-PPO: 52W/58L/0D  win=47% | score=38.9 inv=3.0 played=12.9 ddraw=3.5
  vs Heur:   76W/24L/1D | score=42.1±34.6 inv=3.4 played=13.1 lanes=2.4 ddraw=4.2 pts=42
  vs Random: 105W/0L/0D | score=37.8±26.0 inv=2.4 played=11.6 lanes=2.3 ddraw=1.8 pts=38
  Self-play: 50W/55L/0D | score=42.3±31.8 inv=2.9 played=12.9 lanes=2.5 ddraw=2.6 pts=42
Step: 62832640  SPS: 4714  ε=0.050  ret=0.270  score=23.9  buf=100%  updates=490802
  vs FROZEN-PPO: 50W/59L/1D  win=45% | score=37.3 inv=3.1 played=12.8 ddraw=3.3
  vs Heur:   75W/24L/2D | score=40.9±33.3 inv=3.4 played=12.8 lanes=2.3 ddraw=4.3 pts=41
  vs Random: 100W/0L/0D | score=40.6±33.7 inv=2.2 played=11.3 lanes=2.2 ddraw=1.7 pts=41
  Self-play: 50W/54L/2D | score=47.2±31.2 inv=2.8 played=12.2 lanes=2.2 ddraw=2.3 pts=47
Step: 62914560  SPS: 4714  ε=0.050  ret=0.267  score=29.1  buf=100%  updates=491442
  vs FROZEN-PPO: 48W/53L/1D  win=47% | score=39.7 inv=3.1 played=13.5 ddraw=3.3
  vs Heur:   72W/27L/1D | score=37.1±30.1 inv=3.3 played=12.8 lanes=2.4 ddraw=4.3 pts=37
  vs Random: 105W/0L/0D | score=38.7±31.6 inv=2.6 played=12.5 lanes=2.5 ddraw=1.9 pts=39
  Self-play: 44W/56L/2D | score=44.0±30.1 inv=2.6 played=12.1 lanes=2.3 ddraw=2.4 pts=44
Step: 62996480  SPS: 4714  ε=0.050  ret=0.300  score=22.9  buf=100%  updates=492082
  vs FROZEN-PPO: 42W/59L/1D  win=41% | score=34.5 inv=2.8 played=12.7 ddraw=3.1
  vs Heur:   79W/30L/0D | score=38.8±35.8 inv=3.3 played=12.4 lanes=2.2 ddraw=4.2 pts=39
  vs Random: 104W/0L/0D | score=46.1±31.7 inv=2.5 played=12.1 lanes=2.3 ddraw=1.8 pts=46
  Self-play: 52W/55L/0D | score=41.4±30.5 inv=2.7 played=12.2 lanes=2.3 ddraw=2.5 pts=41
Step: 63078400  SPS: 4715  ε=0.050  ret=0.251  score=27.1  buf=100%  updates=492722
  vs FROZEN-PPO: 34W/75L/3D  win=30% | score=34.3 inv=3.0 played=13.0 ddraw=3.2
  vs Heur:   83W/27L/0D | score=42.0±36.3 inv=3.5 played=13.3 lanes=2.4 ddraw=4.1 pts=42
  vs Random: 105W/0L/0D | score=36.8±24.8 inv=2.4 played=12.2 lanes=2.4 ddraw=1.6 pts=37
  Self-play: 48W/59L/1D | score=43.4±33.2 inv=2.8 played=12.8 lanes=2.4 ddraw=2.5 pts=43
Step: 63160320  SPS: 4715  ε=0.050  ret=0.346  score=29.1  buf=100%  updates=493362
  vs FROZEN-PPO: 44W/69L/1D  win=39% | score=36.0 inv=2.9 played=12.5 ddraw=3.2
  vs Heur:   82W/22L/0D | score=44.8±31.8 inv=3.1 played=12.9 lanes=2.3 ddraw=4.1 pts=45
  vs Random: 107W/0L/0D | score=37.1±25.4 inv=2.4 played=11.7 lanes=2.2 ddraw=1.8 pts=37
  Self-play: 53W/56L/0D | score=44.4±29.9 inv=2.5 played=12.4 lanes=2.3 ddraw=2.4 pts=44
Step: 63242240  SPS: 4714  ε=0.050  ret=0.272  score=25.6  buf=100%  updates=494002
  vs FROZEN-PPO: 41W/59L/0D  win=41% | score=40.0 inv=3.0 played=12.9 ddraw=3.1
  vs Heur:   80W/19L/3D | score=39.2±29.2 inv=3.0 played=12.2 lanes=2.2 ddraw=4.2 pts=39
  vs Random: 101W/0L/0D | score=39.7±27.7 inv=2.3 played=11.7 lanes=2.2 ddraw=1.7 pts=40
  Self-play: 43W/62L/1D | score=45.7±33.2 inv=2.6 played=12.2 lanes=2.3 ddraw=2.5 pts=46
Step: 63324160  SPS: 4714  ε=0.050  ret=0.217  score=31.2  buf=100%  updates=494642
  vs FROZEN-PPO: 35W/63L/2D  win=35% | score=27.9 inv=2.9 played=12.8 ddraw=3.4
  vs Heur:   79W/24L/1D | score=45.3±34.8 inv=3.4 played=13.2 lanes=2.4 ddraw=4.2 pts=45
  vs Random: 108W/0L/0D | score=38.7±28.3 inv=2.4 played=12.0 lanes=2.3 ddraw=1.7 pts=39
  Self-play: 48W/51L/1D | score=48.6±25.8 inv=2.8 played=12.8 lanes=2.3 ddraw=2.4 pts=49
Step: 63406080  SPS: 4715  ε=0.050  ret=0.232  score=23.6  buf=100%  updates=495282
  vs FROZEN-PPO: 44W/64L/0D  win=41% | score=34.8 inv=3.0 played=12.7 ddraw=3.3
  vs Heur:   86W/19L/1D | score=46.5±34.5 inv=3.4 played=12.8 lanes=2.3 ddraw=4.3 pts=46
  vs Random: 107W/0L/0D | score=39.6±27.6 inv=2.6 played=12.2 lanes=2.3 ddraw=1.8 pts=40
  Self-play: 66W/42L/0D | score=56.7±33.8 inv=2.6 played=12.3 lanes=2.1 ddraw=2.5 pts=57
Step: 63488000  SPS: 4715  ε=0.050  ret=0.270  score=22.3  buf=100%  updates=495922
  vs FROZEN-PPO: 37W/63L/2D  win=36% | score=36.2 inv=3.0 played=12.8 ddraw=3.2
  vs Heur:   80W/22L/2D | score=48.9±38.0 inv=3.5 played=12.7 lanes=2.2 ddraw=4.3 pts=49
  vs Random: 105W/0L/0D | score=43.4±29.2 inv=2.4 played=12.3 lanes=2.3 ddraw=1.9 pts=43
  Self-play: 53W/55L/0D | score=41.8±31.5 inv=2.7 played=12.3 lanes=2.4 ddraw=2.4 pts=42
Step: 63569920  SPS: 4715  ε=0.050  ret=0.229  score=22.3  buf=100%  updates=496562
  vs FROZEN-PPO: 50W/55L/1D  win=47% | score=40.1 inv=3.2 played=13.0 ddraw=3.4
  vs Heur:   82W/23L/1D | score=41.6±32.7 inv=3.0 played=12.0 lanes=2.2 ddraw=4.1 pts=42
  vs Random: 109W/0L/0D | score=36.6±30.8 inv=2.2 played=11.7 lanes=2.3 ddraw=1.7 pts=37
  Self-play: 52W/49L/1D | score=38.8±31.8 inv=2.7 played=11.8 lanes=2.2 ddraw=2.6 pts=39
Step: 63651840  SPS: 4715  ε=0.050  ret=0.244  score=24.2  buf=100%  updates=497202
  vs FROZEN-PPO: 37W/69L/0D  win=35% | score=32.4 inv=3.1 played=12.6 ddraw=3.1
  vs Heur:   75W/28L/0D | score=43.6±35.6 inv=3.3 played=13.2 lanes=2.4 ddraw=4.1 pts=44
  vs Random: 105W/0L/0D | score=41.3±29.8 inv=2.6 played=11.8 lanes=2.2 ddraw=1.7 pts=41
  Self-play: 48W/60L/1D | score=46.1±32.6 inv=2.6 played=12.5 lanes=2.3 ddraw=2.6 pts=46
Step: 63733760  SPS: 4715  ε=0.050  ret=0.363  score=25.1  buf=100%  updates=497842
  vs FROZEN-PPO: 40W/65L/1D  win=38% | score=35.4 inv=2.9 played=12.8 ddraw=3.3
  vs Heur:   75W/31L/1D | score=38.7±31.3 inv=3.5 played=13.1 lanes=2.4 ddraw=4.4 pts=39
  vs Random: 105W/0L/0D | score=34.7±25.6 inv=2.3 played=12.2 lanes=2.5 ddraw=1.7 pts=35
  Self-play: 41W/62L/2D | score=40.1±32.0 inv=2.8 played=12.7 lanes=2.5 ddraw=2.5 pts=40
Step: 63815680  SPS: 4715  ε=0.050  ret=0.284  score=26.4  buf=100%  updates=498482
  vs FROZEN-PPO: 42W/59L/2D  win=41% | score=39.5 inv=2.9 played=13.6 ddraw=3.5
  vs Heur:   69W/37L/0D | score=37.0±34.0 inv=3.2 played=12.7 lanes=2.4 ddraw=4.2 pts=37
  vs Random: 100W/0L/0D | score=40.4±28.5 inv=2.5 played=12.2 lanes=2.4 ddraw=1.8 pts=40
  Self-play: 48W/58L/1D | score=45.1±27.2 inv=2.7 played=12.9 lanes=2.4 ddraw=2.6 pts=45
Step: 63897600  SPS: 4715  ε=0.050  ret=0.367  score=25.0  buf=100%  updates=499122
  vs FROZEN-PPO: 46W/54L/0D  win=46% | score=39.6 inv=3.1 played=13.7 ddraw=3.3
  vs Heur:   86W/18L/0D | score=43.7±34.7 inv=3.5 played=13.5 lanes=2.4 ddraw=4.1 pts=44
  vs Random: 104W/1L/0D | score=42.7±26.6 inv=2.6 played=12.7 lanes=2.3 ddraw=1.8 pts=43
  Self-play: 49W/55L/0D | score=45.2±35.4 inv=2.8 played=12.8 lanes=2.4 ddraw=2.5 pts=45
Step: 63979520  SPS: 4715  ε=0.050  ret=0.365  score=32.9  buf=100%  updates=499762
  vs FROZEN-PPO: 46W/59L/1D  win=43% | score=36.7 inv=3.0 played=13.1 ddraw=3.1
  vs Heur:   80W/27L/2D | score=40.5±31.4 inv=3.5 played=13.3 lanes=2.4 ddraw=4.2 pts=40
  vs Random: 109W/0L/0D | score=40.9±27.2 inv=2.7 played=12.5 lanes=2.5 ddraw=1.9 pts=41
  Self-play: 49W/55L/1D | score=43.0±30.9 inv=2.8 played=12.8 lanes=2.5 ddraw=2.5 pts=43
Step: 64061440  SPS: 4715  ε=0.050  ret=0.329  score=30.1  buf=100%  updates=500402
  vs FROZEN-PPO: 34W/69L/2D  win=32% | score=34.8 inv=3.2 played=13.0 ddraw=3.1
  vs Heur:   73W/27L/0D | score=40.9±39.1 inv=3.6 played=13.5 lanes=2.5 ddraw=4.3 pts=41
  vs Random: 103W/0L/0D | score=41.6±32.1 inv=2.7 played=12.6 lanes=2.4 ddraw=1.8 pts=42
  Self-play: 44W/59L/1D | score=43.1±29.5 inv=2.8 played=12.6 lanes=2.4 ddraw=2.7 pts=43
Step: 64143360  SPS: 4715  ε=0.050  ret=0.236  score=26.7  buf=100%  updates=501042
  vs FROZEN-PPO: 47W/57L/4D  win=44% | score=32.2 inv=3.0 played=13.2 ddraw=3.3
  vs Heur:   82W/23L/1D | score=41.9±36.6 inv=3.6 played=13.6 lanes=2.5 ddraw=4.4 pts=42
  vs Random: 111W/0L/0D | score=41.4±31.5 inv=2.7 played=12.8 lanes=2.5 ddraw=1.9 pts=41
  Self-play: 43W/63L/0D | score=41.7±30.9 inv=2.8 played=12.9 lanes=2.5 ddraw=2.5 pts=42
Step: 64225280  SPS: 4715  ε=0.050  ret=0.309  score=23.7  buf=100%  updates=501682
  vs FROZEN-PPO: 44W/61L/1D  win=42% | score=35.3 inv=3.1 played=13.5 ddraw=3.4
  vs Heur:   80W/22L/0D | score=42.3±33.8 inv=3.7 played=14.1 lanes=2.6 ddraw=4.3 pts=42
  vs Random: 110W/0L/0D | score=37.6±27.3 inv=2.4 played=12.8 lanes=2.6 ddraw=2.0 pts=38
  Self-play: 44W/61L/0D | score=43.1±34.7 inv=2.8 played=13.2 lanes=2.6 ddraw=2.6 pts=43
Step: 64307200  SPS: 4715  ε=0.050  ret=0.287  score=24.2  buf=100%  updates=502322
  vs FROZEN-PPO: 49W/58L/1D  win=45% | score=43.7 inv=3.3 played=13.9 ddraw=3.2
  vs Heur:   79W/20L/2D | score=42.5±35.6 inv=3.4 played=12.8 lanes=2.3 ddraw=4.2 pts=43
  vs Random: 105W/0L/0D | score=36.9±31.0 inv=2.6 played=12.2 lanes=2.4 ddraw=1.8 pts=37
  Self-play: 52W/53L/1D | score=50.7±32.0 inv=2.7 played=12.7 lanes=2.4 ddraw=2.5 pts=51
Step: 64389120  SPS: 4715  ε=0.050  ret=0.380  score=22.2  buf=100%  updates=502962
  vs FROZEN-PPO: 47W/56L/2D  win=45% | score=41.4 inv=3.3 played=13.8 ddraw=3.2
  vs Heur:   75W/29L/0D | score=43.2±39.8 inv=3.7 played=13.1 lanes=2.3 ddraw=4.3 pts=43
  vs Random: 100W/0L/0D | score=41.0±31.4 inv=2.7 played=12.3 lanes=2.3 ddraw=1.7 pts=41
  Self-play: 34W/69L/0D | score=45.9±31.7 inv=2.8 played=12.9 lanes=2.4 ddraw=2.5 pts=46
Step: 64471040  SPS: 4715  ε=0.050  ret=0.280  score=25.7  buf=100%  updates=503602
  vs FROZEN-PPO: 37W/67L/0D  win=36% | score=31.2 inv=3.2 played=13.3 ddraw=3.0
  vs Heur:   71W/30L/2D | score=43.8±37.0 inv=3.4 played=13.3 lanes=2.4 ddraw=4.2 pts=44
  vs Random: 105W/0L/0D | score=48.6±31.7 inv=2.7 played=13.2 lanes=2.4 ddraw=1.7 pts=49
  Self-play: 43W/60L/0D | score=45.8±32.3 inv=2.6 played=12.8 lanes=2.4 ddraw=2.5 pts=46
Step: 64552960  SPS: 4715  ε=0.050  ret=0.318  score=31.0  buf=100%  updates=504242
  vs FROZEN-PPO: 43W/59L/0D  win=42% | score=36.6 inv=3.0 played=12.5 ddraw=3.0
  vs Heur:   67W/36L/0D | score=37.7±34.7 inv=3.4 played=12.8 lanes=2.3 ddraw=4.3 pts=38
  vs Random: 105W/0L/0D | score=38.7±30.8 inv=2.7 played=12.5 lanes=2.5 ddraw=1.8 pts=39
  Self-play: 50W/52L/2D | score=51.1±33.7 inv=3.0 played=12.9 lanes=2.4 ddraw=2.5 pts=51
Step: 64634880  SPS: 4715  ε=0.050  ret=0.176  score=17.5  buf=100%  updates=504882
  vs FROZEN-PPO: 40W/64L/1D  win=38% | score=34.1 inv=2.9 played=12.4 ddraw=3.3
  vs Heur:   86W/28L/1D | score=38.1±32.9 inv=3.4 played=13.1 lanes=2.4 ddraw=4.3 pts=38
  vs Random: 105W/0L/0D | score=37.1±31.1 inv=2.6 played=11.8 lanes=2.3 ddraw=1.9 pts=37
  Self-play: 48W/54L/1D | score=44.1±30.0 inv=2.7 played=12.8 lanes=2.5 ddraw=2.5 pts=44
Step: 64716800  SPS: 4715  ε=0.050  ret=0.260  score=28.2  buf=100%  updates=505522
  vs FROZEN-PPO: 42W/58L/2D  win=41% | score=42.6 inv=3.3 played=13.6 ddraw=3.1
  vs Heur:   77W/30L/1D | score=38.3±38.8 inv=3.8 played=13.1 lanes=2.4 ddraw=4.5 pts=38
  vs Random: 107W/0L/0D | score=38.3±33.0 inv=2.7 played=12.3 lanes=2.5 ddraw=1.8 pts=38
  Self-play: 53W/52L/2D | score=49.7±34.0 inv=2.9 played=12.9 lanes=2.4 ddraw=2.5 pts=50
Step: 64798720  SPS: 4715  ε=0.050  ret=0.328  score=16.1  buf=100%  updates=506162
  vs FROZEN-PPO: 44W/66L/0D  win=40% | score=35.4 inv=3.0 played=12.7 ddraw=3.4
  vs Heur:   71W/36L/0D | score=35.6±35.3 inv=3.4 played=12.7 lanes=2.3 ddraw=4.3 pts=36
  vs Random: 101W/2L/0D | score=33.7±29.0 inv=2.5 played=11.4 lanes=2.3 ddraw=1.8 pts=34
  Self-play: 38W/61L/1D | score=41.5±32.7 inv=2.8 played=12.3 lanes=2.4 ddraw=2.6 pts=42
Step: 64880640  SPS: 4715  ε=0.050  ret=0.280  score=25.5  buf=100%  updates=506802
  vs FROZEN-PPO: 44W/64L/0D  win=41% | score=35.7 inv=3.2 played=13.0 ddraw=3.2
  vs Heur:   74W/33L/0D | score=35.9±31.4 inv=3.5 played=12.9 lanes=2.4 ddraw=4.1 pts=36
  vs Random: 107W/0L/0D | score=40.8±31.6 inv=2.9 played=12.8 lanes=2.4 ddraw=1.9 pts=41
  Self-play: 46W/54L/0D | score=42.1±31.5 inv=2.8 played=12.9 lanes=2.5 ddraw=2.5 pts=42
Step: 64962560  SPS: 4715  ε=0.050  ret=0.230  score=25.5  buf=100%  updates=507442
  vs FROZEN-PPO: 45W/61L/4D  win=41% | score=36.6 inv=2.9 played=12.3 ddraw=3.2
  vs Heur:   73W/28L/1D | score=38.9±32.8 inv=3.2 played=12.1 lanes=2.2 ddraw=4.0 pts=39
  vs Random: 102W/0L/1D | score=40.9±29.8 inv=2.6 played=12.4 lanes=2.3 ddraw=1.8 pts=41
  Self-play: 48W/53L/0D | score=44.3±30.8 inv=2.6 played=12.1 lanes=2.3 ddraw=2.4 pts=44
Step: 65044480  SPS: 4715  ε=0.050  ret=0.384  score=30.5  buf=100%  updates=508082
  vs FROZEN-PPO: 37W/63L/0D  win=37% | score=31.6 inv=3.1 played=12.6 ddraw=3.3
  vs Heur:   82W/22L/0D | score=40.7±36.1 inv=3.7 played=13.1 lanes=2.3 ddraw=4.4 pts=41
  vs Random: 103W/2L/0D | score=36.2±32.2 inv=2.6 played=11.9 lanes=2.4 ddraw=1.9 pts=36
  Self-play: 52W/53L/0D | score=53.3±33.3 inv=2.9 played=12.7 lanes=2.3 ddraw=2.4 pts=53
Step: 65126400  SPS: 4715  ε=0.050  ret=0.223  score=25.2  buf=100%  updates=508722
  vs FROZEN-PPO: 44W/64L/2D  win=40% | score=32.8 inv=3.2 played=13.2 ddraw=3.3
  vs Heur:   80W/26L/0D | score=40.3±32.9 inv=3.4 played=12.8 lanes=2.3 ddraw=4.3 pts=40
  vs Random: 102W/0L/0D | score=35.5±24.9 inv=2.5 played=12.0 lanes=2.4 ddraw=2.1 pts=35
  Self-play: 50W/51L/2D | score=45.0±32.3 inv=2.5 played=12.0 lanes=2.3 ddraw=2.5 pts=45
Step: 65208320  SPS: 4715  ε=0.050  ret=0.265  score=26.9  buf=100%  updates=509362
  vs FROZEN-PPO: 45W/66L/1D  win=40% | score=37.3 inv=2.9 played=12.7 ddraw=3.1
  vs Heur:   77W/29L/2D | score=37.3±34.5 inv=3.2 played=12.3 lanes=2.2 ddraw=4.2 pts=37
  vs Random: 110W/0L/0D | score=40.3±28.1 inv=2.6 played=12.0 lanes=2.3 ddraw=1.9 pts=40
  Self-play: 46W/58L/2D | score=46.0±31.1 inv=2.8 played=12.6 lanes=2.4 ddraw=2.6 pts=46
Step: 65290240  SPS: 4715  ε=0.050  ret=0.237  score=27.2  buf=100%  updates=510002
  vs FROZEN-PPO: 43W/62L/2D  win=40% | score=31.6 inv=3.4 played=13.1 ddraw=3.4
  vs Heur:   73W/27L/0D | score=38.6±35.0 inv=3.4 played=12.6 lanes=2.4 ddraw=4.1 pts=39
  vs Random: 107W/0L/0D | score=38.4±27.1 inv=2.5 played=11.6 lanes=2.3 ddraw=1.8 pts=38
  Self-play: 55W/51L/0D | score=48.1±31.8 inv=2.8 played=12.7 lanes=2.4 ddraw=2.6 pts=48
Step: 65372160  SPS: 4715  ε=0.050  ret=0.334  score=28.7  buf=100%  updates=510642
  vs FROZEN-PPO: 47W/51L/2D  win=47% | score=39.3 inv=3.2 played=12.5 ddraw=3.0
  vs Heur:   79W/27L/1D | score=43.4±38.4 inv=3.5 played=12.4 lanes=2.2 ddraw=4.2 pts=43
  vs Random: 102W/1L/0D | score=37.0±31.4 inv=2.5 played=11.3 lanes=2.2 ddraw=1.7 pts=37
  Self-play: 40W/60L/3D | score=42.3±33.1 inv=2.7 played=11.4 lanes=2.1 ddraw=2.4 pts=42
Step: 65454080  SPS: 4715  ε=0.050  ret=0.300  score=26.2  buf=100%  updates=511282
  vs FROZEN-PPO: 48W/60L/0D  win=44% | score=36.7 inv=3.1 played=12.9 ddraw=3.4
  vs Heur:   69W/31L/4D | score=36.3±32.7 inv=3.5 played=13.2 lanes=2.5 ddraw=4.1 pts=36
  vs Random: 105W/0L/0D | score=38.8±31.6 inv=2.6 played=12.1 lanes=2.4 ddraw=1.8 pts=39
  Self-play: 49W/55L/2D | score=47.4±31.0 inv=2.5 played=12.5 lanes=2.4 ddraw=2.6 pts=47
Step: 65536000  SPS: 4715  ε=0.050  ret=0.315  score=25.3  buf=100%  updates=511922
  vs FROZEN-PPO: 46W/57L/1D  win=44% | score=35.5 inv=3.2 played=12.7 ddraw=3.2
  vs Heur:   81W/23L/1D | score=41.6±31.3 inv=3.4 played=12.6 lanes=2.2 ddraw=4.1 pts=42
  vs Random: 106W/0L/0D | score=38.3±30.0 inv=2.4 played=11.3 lanes=2.2 ddraw=1.7 pts=38
  Self-play: 41W/60L/0D | score=41.7±34.0 inv=2.6 played=11.8 lanes=2.2 ddraw=2.5 pts=42
Step: 65617920  SPS: 4715  ε=0.050  ret=0.357  score=29.8  buf=100%  updates=512562
  vs FROZEN-PPO: 46W/63L/1D  win=42% | score=39.2 inv=3.2 played=13.1 ddraw=3.0
  vs Heur:   78W/24L/2D | score=38.4±30.1 inv=3.5 played=12.9 lanes=2.3 ddraw=4.2 pts=38
  vs Random: 106W/0L/0D | score=38.9±31.2 inv=2.6 played=12.1 lanes=2.4 ddraw=1.6 pts=39
  Self-play: 50W/53L/0D | score=47.2±31.0 inv=2.7 played=12.3 lanes=2.3 ddraw=2.3 pts=47
Step: 65699840  SPS: 4715  ε=0.050  ret=0.350  score=26.8  buf=100%  updates=513202
  vs FROZEN-PPO: 49W/56L/1D  win=46% | score=37.8 inv=3.0 played=13.1 ddraw=3.5
  vs Heur:   71W/37L/0D | score=32.8±36.3 inv=3.3 played=12.7 lanes=2.4 ddraw=4.1 pts=33
  vs Random: 104W/0L/1D | score=34.7±31.7 inv=2.5 played=11.7 lanes=2.3 ddraw=1.8 pts=35
  Self-play: 48W/57L/0D | score=41.6±27.7 inv=2.6 played=12.6 lanes=2.4 ddraw=2.4 pts=42
Step: 65781760  SPS: 4715  ε=0.050  ret=0.211  score=28.4  buf=100%  updates=513842
  vs FROZEN-PPO: 38W/62L/1D  win=38% | score=39.7 inv=3.4 played=13.8 ddraw=3.1
  vs Heur:   85W/24L/0D | score=39.6±28.2 inv=3.3 played=12.6 lanes=2.3 ddraw=4.2 pts=40
  vs Random: 106W/0L/0D | score=42.1±29.3 inv=2.2 played=12.5 lanes=2.5 ddraw=1.6 pts=42
  Self-play: 40W/59L/3D | score=47.5±29.4 inv=2.5 played=11.9 lanes=2.3 ddraw=2.3 pts=48
Step: 65863680  SPS: 4715  ε=0.050  ret=0.290  score=31.4  buf=100%  updates=514482
  vs FROZEN-PPO: 45W/64L/0D  win=41% | score=37.8 inv=3.1 played=12.7 ddraw=3.1
  vs Heur:   80W/24L/0D | score=38.1±32.7 inv=3.3 played=12.3 lanes=2.2 ddraw=4.2 pts=38
  vs Random: 100W/0L/0D | score=37.3±28.3 inv=2.3 played=11.5 lanes=2.2 ddraw=1.5 pts=37
  Self-play: 48W/59L/2D | score=47.5±32.3 inv=2.7 played=12.0 lanes=2.2 ddraw=2.5 pts=47
Step: 65945600  SPS: 4715  ε=0.050  ret=0.288  score=29.1  buf=100%  updates=515122
  vs FROZEN-PPO: 38W/66L/1D  win=36% | score=33.1 inv=3.3 played=13.5 ddraw=3.5
  vs Heur:   77W/24L/1D | score=39.9±32.7 inv=3.6 played=12.8 lanes=2.3 ddraw=4.2 pts=40
  vs Random: 104W/1L/0D | score=39.8±30.8 inv=2.6 played=12.8 lanes=2.5 ddraw=2.0 pts=40
  Self-play: 43W/62L/0D | score=43.8±30.6 inv=2.8 played=12.6 lanes=2.4 ddraw=2.3 pts=44
Step: 66027520  SPS: 4715  ε=0.050  ret=0.283  score=20.3  buf=100%  updates=515762
  vs FROZEN-PPO: 44W/58L/4D  win=42% | score=33.1 inv=3.2 played=12.6 ddraw=3.3
  vs Heur:   81W/24L/0D | score=41.1±29.5 inv=3.4 played=12.5 lanes=2.2 ddraw=4.2 pts=41
  vs Random: 107W/0L/0D | score=35.4±28.1 inv=2.4 played=11.0 lanes=2.1 ddraw=1.7 pts=35
  Self-play: 50W/50L/0D | score=49.1±29.8 inv=2.7 played=12.5 lanes=2.3 ddraw=2.5 pts=49
Step: 66109440  SPS: 4715  ε=0.050  ret=0.256  score=21.7  buf=100%  updates=516402
  vs FROZEN-PPO: 45W/60L/2D  win=42% | score=38.7 inv=3.2 played=13.5 ddraw=3.3
  vs Heur:   69W/36L/0D | score=35.8±31.7 inv=3.6 played=13.3 lanes=2.4 ddraw=4.3 pts=36
  vs Random: 110W/0L/0D | score=40.8±33.4 inv=2.7 played=12.5 lanes=2.4 ddraw=1.6 pts=41
  Self-play: 47W/54L/0D | score=47.0±32.7 inv=2.9 played=12.5 lanes=2.3 ddraw=2.5 pts=47
Step: 66191360  SPS: 4715  ε=0.050  ret=0.238  score=29.7  buf=100%  updates=517042
  vs FROZEN-PPO: 49W/58L/0D  win=46% | score=32.5 inv=3.3 played=12.5 ddraw=3.2
  vs Heur:   74W/29L/0D | score=36.7±29.8 inv=3.4 played=12.7 lanes=2.3 ddraw=4.2 pts=37
  vs Random: 106W/0L/0D | score=40.4±33.3 inv=2.5 played=12.2 lanes=2.3 ddraw=1.9 pts=40
  Self-play: 49W/54L/1D | score=48.3±33.5 inv=2.9 played=12.8 lanes=2.4 ddraw=2.5 pts=48
Step: 66273280  SPS: 4715  ε=0.050  ret=0.217  score=25.0  buf=100%  updates=517682
  vs FROZEN-PPO: 35W/65L/0D  win=35% | score=33.6 inv=3.5 played=13.8 ddraw=3.4
  vs Heur:   75W/24L/1D | score=39.1±35.2 inv=3.8 played=13.7 lanes=2.5 ddraw=4.3 pts=39
  vs Random: 107W/0L/0D | score=40.5±32.1 inv=2.8 played=13.0 lanes=2.6 ddraw=2.1 pts=41
  Self-play: 38W/61L/1D | score=42.8±32.4 inv=2.9 played=13.2 lanes=2.5 ddraw=2.5 pts=43
Step: 66355200  SPS: 4715  ε=0.050  ret=0.285  score=23.8  buf=100%  updates=518322
  vs FROZEN-PPO: 45W/54L/1D  win=45% | score=37.2 inv=3.4 played=13.6 ddraw=3.3
  vs Heur:   66W/33L/2D | score=38.0±31.7 inv=3.6 played=13.1 lanes=2.4 ddraw=4.2 pts=38
  vs Random: 102W/0L/0D | score=36.8±27.2 inv=2.7 played=12.6 lanes=2.5 ddraw=1.8 pts=37
  Self-play: 48W/52L/0D | score=42.5±29.2 inv=2.8 played=13.0 lanes=2.5 ddraw=2.4 pts=42
Step: 66437120  SPS: 4715  ε=0.050  ret=0.378  score=29.1  buf=100%  updates=518962
  vs FROZEN-PPO: 46W/56L/0D  win=45% | score=39.6 inv=3.3 played=12.9 ddraw=3.1
  vs Heur:   81W/27L/0D | score=44.8±32.5 inv=3.4 played=13.1 lanes=2.3 ddraw=4.0 pts=45
  vs Random: 101W/1L/0D | score=44.4±30.7 inv=2.6 played=12.3 lanes=2.3 ddraw=1.5 pts=44
  Self-play: 59W/42L/1D | score=51.1±33.1 inv=2.7 played=12.6 lanes=2.3 ddraw=2.5 pts=51
Step: 66519040  SPS: 4715  ε=0.050  ret=0.594  score=29.9  buf=100%  updates=519602
  vs FROZEN-PPO: 48W/53L/0D  win=48% | score=41.5 inv=3.3 played=13.2 ddraw=3.4
  vs Heur:   87W/17L/0D | score=44.6±31.1 inv=3.4 played=13.5 lanes=2.5 ddraw=4.3 pts=45
  vs Random: 107W/0L/0D | score=36.1±27.2 inv=2.6 played=12.7 lanes=2.5 ddraw=2.0 pts=36
  Self-play: 52W/51L/1D | score=43.4±31.2 inv=2.7 played=12.3 lanes=2.4 ddraw=2.4 pts=43
Step: 66600960  SPS: 4716  ε=0.050  ret=0.279  score=26.6  buf=100%  updates=520242
  vs FROZEN-PPO: 44W/63L/0D  win=41% | score=37.3 inv=3.2 played=12.9 ddraw=3.3
  vs Heur:   77W/30L/1D | score=39.1±37.0 inv=3.6 played=13.1 lanes=2.4 ddraw=4.4 pts=39
  vs Random: 105W/0L/0D | score=38.1±29.8 inv=2.5 played=12.3 lanes=2.5 ddraw=1.8 pts=38
  Self-play: 42W/60L/0D | score=45.9±32.5 inv=2.8 played=12.8 lanes=2.4 ddraw=2.6 pts=46
Step: 66682880  SPS: 4716  ε=0.050  ret=0.438  score=23.0  buf=100%  updates=520882
  vs FROZEN-PPO: 39W/72L/1D  win=35% | score=31.7 inv=3.1 played=13.0 ddraw=3.1
  vs Heur:   77W/29L/0D | score=40.9±35.6 inv=3.2 played=12.5 lanes=2.3 ddraw=4.1 pts=41
  vs Random: 105W/1L/0D | score=38.7±29.2 inv=2.6 played=11.7 lanes=2.3 ddraw=1.9 pts=39
  Self-play: 51W/46L/3D | score=48.9±29.5 inv=2.9 played=12.7 lanes=2.3 ddraw=2.5 pts=49
Step: 66764800  SPS: 4716  ε=0.050  ret=0.260  score=28.6  buf=100%  updates=521522
  vs FROZEN-PPO: 38W/65L/0D  win=37% | score=37.2 inv=3.1 played=13.2 ddraw=3.4
  vs Heur:   78W/28L/1D | score=39.4±31.5 inv=3.3 played=12.7 lanes=2.4 ddraw=4.2 pts=39
  vs Random: 100W/0L/0D | score=37.1±25.1 inv=2.6 played=12.4 lanes=2.4 ddraw=1.8 pts=37
  Self-play: 49W/56L/0D | score=50.8±30.6 inv=2.6 played=12.3 lanes=2.3 ddraw=2.3 pts=51
Step: 66846720  SPS: 4716  ε=0.050  ret=0.198  score=27.0  buf=100%  updates=522162
  vs FROZEN-PPO: 32W/70L/0D  win=31% | score=34.0 inv=3.0 played=13.1 ddraw=3.4
  vs Heur:   75W/27L/3D | score=40.0±36.0 inv=3.3 played=12.9 lanes=2.4 ddraw=4.2 pts=40
  vs Random: 103W/0L/0D | score=40.6±28.3 inv=2.5 played=12.5 lanes=2.4 ddraw=1.8 pts=41
  Self-play: 42W/60L/2D | score=39.0±28.5 inv=2.7 played=13.0 lanes=2.6 ddraw=2.4 pts=39
Step: 66928640  SPS: 4716  ε=0.050  ret=0.318  score=23.6  buf=100%  updates=522802
  vs FROZEN-PPO: 45W/57L/2D  win=43% | score=38.6 inv=2.9 played=12.9 ddraw=3.3
  vs Heur:   88W/18L/0D | score=42.7±29.0 inv=3.2 played=12.3 lanes=2.2 ddraw=4.2 pts=43
  vs Random: 106W/1L/0D | score=38.1±32.3 inv=2.3 played=11.5 lanes=2.2 ddraw=1.8 pts=38
  Self-play: 55W/50L/1D | score=48.4±33.3 inv=2.8 played=12.5 lanes=2.3 ddraw=2.5 pts=48
Step: 67010560  SPS: 4716  ε=0.050  ret=0.297  score=29.6  buf=100%  updates=523442
  vs FROZEN-PPO: 36W/61L/3D  win=36% | score=32.8 inv=3.0 played=12.9 ddraw=3.1
  vs Heur:   85W/25L/0D | score=42.6±36.4 inv=3.6 played=13.5 lanes=2.5 ddraw=4.2 pts=43
  vs Random: 106W/0L/0D | score=46.1±31.0 inv=2.7 played=12.8 lanes=2.5 ddraw=1.9 pts=46
  Self-play: 46W/61L/0D | score=46.7±31.5 inv=2.6 played=12.7 lanes=2.4 ddraw=2.4 pts=47
Step: 67092480  SPS: 4716  ε=0.050  ret=0.274  score=30.9  buf=100%  updates=524082
  vs FROZEN-PPO: 46W/54L/1D  win=46% | score=37.7 inv=3.0 played=13.0 ddraw=3.2
  vs Heur:   81W/25L/3D | score=36.5±30.6 inv=3.4 played=13.0 lanes=2.4 ddraw=4.4 pts=37
  vs Random: 105W/0L/0D | score=41.0±32.5 inv=2.5 played=12.4 lanes=2.5 ddraw=1.8 pts=41
  Self-play: 60W/43L/0D | score=47.8±31.3 inv=2.7 played=12.4 lanes=2.3 ddraw=2.4 pts=48
Step: 67174400  SPS: 4716  ε=0.050  ret=0.297  score=32.0  buf=100%  updates=524722
  vs FROZEN-PPO: 39W/72L/1D  win=35% | score=39.5 inv=3.2 played=13.1 ddraw=3.2
  vs Heur:   79W/23L/1D | score=41.2±33.4 inv=3.1 played=13.2 lanes=2.4 ddraw=4.1 pts=41
  vs Random: 103W/0L/0D | score=38.3±26.4 inv=2.3 played=12.4 lanes=2.5 ddraw=1.8 pts=38
  Self-play: 44W/54L/2D | score=51.8±31.7 inv=2.7 played=13.2 lanes=2.5 ddraw=2.6 pts=52
Step: 67256320  SPS: 4716  ε=0.050  ret=0.252  score=26.6  buf=100%  updates=525362
  vs FROZEN-PPO: 45W/58L/1D  win=43% | score=39.9 inv=3.1 played=13.6 ddraw=3.3
  vs Heur:   80W/23L/2D | score=41.2±30.6 inv=3.3 played=13.1 lanes=2.4 ddraw=4.3 pts=41
  vs Random: 108W/0L/0D | score=42.8±29.2 inv=2.6 played=12.6 lanes=2.5 ddraw=2.1 pts=43
  Self-play: 45W/61L/0D | score=43.0±31.2 inv=2.6 played=12.8 lanes=2.5 ddraw=2.6 pts=43
Step: 67338240  SPS: 4716  ε=0.050  ret=0.290  score=30.4  buf=100%  updates=526002
  vs FROZEN-PPO: 40W/62L/2D  win=38% | score=38.7 inv=3.1 played=13.7 ddraw=3.2
  vs Heur:   78W/27L/0D | score=34.9±32.8 inv=3.2 played=12.5 lanes=2.3 ddraw=4.4 pts=35
  vs Random: 104W/0L/0D | score=41.6±30.2 inv=2.8 played=12.7 lanes=2.4 ddraw=1.8 pts=42
  Self-play: 39W/59L/3D | score=34.5±32.0 inv=2.7 played=12.5 lanes=2.5 ddraw=2.7 pts=35
Step: 67420160  SPS: 4716  ε=0.050  ret=0.275  score=29.7  buf=100%  updates=526642
  vs FROZEN-PPO: 44W/64L/0D  win=41% | score=36.0 inv=2.8 played=12.3 ddraw=3.2
  vs Heur:   83W/25L/0D | score=43.3±34.5 inv=3.4 played=12.5 lanes=2.2 ddraw=4.2 pts=43
  vs Random: 100W/0L/0D | score=37.1±24.8 inv=2.5 played=12.0 lanes=2.3 ddraw=1.9 pts=37
  Self-play: 49W/55L/3D | score=46.2±28.1 inv=2.4 played=11.8 lanes=2.2 ddraw=2.5 pts=46
Step: 67502080  SPS: 4716  ε=0.050  ret=0.302  score=28.8  buf=100%  updates=527282
  vs FROZEN-PPO: 44W/55L/1D  win=44% | score=40.2 inv=3.1 played=13.0 ddraw=3.2
  vs Heur:   68W/33L/0D | score=37.2±29.2 inv=3.4 played=12.9 lanes=2.4 ddraw=4.2 pts=37
  vs Random: 101W/0L/0D | score=40.2±32.0 inv=2.3 played=11.8 lanes=2.3 ddraw=1.7 pts=40
  Self-play: 45W/64L/1D | score=45.0±34.1 inv=2.9 played=12.7 lanes=2.4 ddraw=2.6 pts=45
Step: 67584000  SPS: 4716  ε=0.050  ret=0.224  score=28.4  buf=100%  updates=527922
  vs FROZEN-PPO: 44W/62L/1D  win=41% | score=36.8 inv=3.0 played=14.0 ddraw=3.3
  vs Heur:   77W/22L/1D | score=40.4±36.4 inv=3.6 played=13.0 lanes=2.4 ddraw=4.3 pts=40
  vs Random: 110W/0L/0D | score=37.9±30.4 inv=2.5 played=12.4 lanes=2.5 ddraw=1.8 pts=38
  Self-play: 48W/58L/0D | score=44.8±34.8 inv=2.7 played=13.1 lanes=2.5 ddraw=2.6 pts=45
Step: 67665920  SPS: 4715  ε=0.050  ret=0.288  score=22.8  buf=100%  updates=528562
  vs FROZEN-PPO: 29W/74L/3D  win=27% | score=35.0 inv=3.0 played=12.6 ddraw=3.2
  vs Heur:   78W/22L/2D | score=44.5±33.5 inv=3.5 played=13.7 lanes=2.6 ddraw=4.0 pts=44
  vs Random: 108W/0L/0D | score=39.8±26.2 inv=2.5 played=12.3 lanes=2.4 ddraw=1.8 pts=40
  Self-play: 50W/51L/3D | score=41.7±33.7 inv=2.8 played=12.9 lanes=2.5 ddraw=2.5 pts=42
Step: 67747840  SPS: 4715  ε=0.050  ret=0.239  score=21.9  buf=100%  updates=529202
  vs FROZEN-PPO: 43W/64L/1D  win=40% | score=32.2 inv=3.0 played=12.7 ddraw=3.5
  vs Heur:   74W/30L/0D | score=38.3±39.1 inv=3.4 played=13.3 lanes=2.5 ddraw=4.2 pts=38
  vs Random: 100W/1L/0D | score=30.7±30.1 inv=2.5 played=11.8 lanes=2.5 ddraw=1.8 pts=31
  Self-play: 56W/48L/1D | score=46.6±32.5 inv=2.6 played=12.8 lanes=2.5 ddraw=2.6 pts=47
Step: 67829760  SPS: 4716  ε=0.050  ret=0.237  score=22.6  buf=100%  updates=529842
  vs FROZEN-PPO: 43W/57L/0D  win=43% | score=37.6 inv=3.3 played=13.7 ddraw=3.2
  vs Heur:   75W/33L/0D | score=37.2±28.5 inv=3.5 played=13.7 lanes=2.6 ddraw=4.2 pts=37
  vs Random: 106W/0L/0D | score=38.0±31.5 inv=2.7 played=12.6 lanes=2.5 ddraw=1.9 pts=38
  Self-play: 45W/59L/1D | score=42.8±31.9 inv=3.0 played=13.5 lanes=2.6 ddraw=2.6 pts=43
Step: 67911680  SPS: 4716  ε=0.050  ret=0.217  score=23.3  buf=100%  updates=530482
  vs FROZEN-PPO: 46W/51L/3D  win=46% | score=42.8 inv=3.2 played=13.8 ddraw=3.3
  vs Heur:   71W/32L/0D | score=41.3±38.6 inv=3.7 played=14.1 lanes=2.6 ddraw=4.3 pts=41
  vs Random: 103W/0L/0D | score=40.5±26.9 inv=2.6 played=12.9 lanes=2.5 ddraw=1.8 pts=41
  Self-play: 53W/52L/1D | score=52.3±34.7 inv=2.9 played=13.4 lanes=2.5 ddraw=2.5 pts=52
Step: 67993600  SPS: 4716  ε=0.050  ret=0.322  score=27.7  buf=100%  updates=531122
  vs FROZEN-PPO: 35W/68L/2D  win=33% | score=35.5 inv=3.2 played=13.3 ddraw=3.5
  vs Heur:   72W/28L/1D | score=39.7±31.6 inv=3.6 played=13.5 lanes=2.5 ddraw=4.2 pts=40
  vs Random: 108W/0L/0D | score=41.2±28.7 inv=2.6 played=12.5 lanes=2.5 ddraw=1.9 pts=41
  Self-play: 46W/60L/0D | score=44.2±36.1 inv=2.8 played=12.3 lanes=2.4 ddraw=2.6 pts=44
Step: 68075520  SPS: 4716  ε=0.050  ret=0.203  score=23.9  buf=100%  updates=531762
  vs FROZEN-PPO: 46W/54L/0D  win=46% | score=42.8 inv=3.2 played=13.3 ddraw=3.4
  vs Heur:   69W/31L/0D | score=32.1±30.9 inv=3.4 played=13.1 lanes=2.5 ddraw=4.3 pts=32
  vs Random: 104W/1L/0D | score=39.2±36.3 inv=2.6 played=12.3 lanes=2.4 ddraw=1.7 pts=39
  Self-play: 45W/61L/2D | score=48.8±33.7 inv=2.9 played=12.8 lanes=2.4 ddraw=2.5 pts=49
Step: 68157440  SPS: 4716  ε=0.050  ret=0.356  score=30.5  buf=100%  updates=532402
  vs FROZEN-PPO: 46W/54L/0D  win=46% | score=36.1 inv=3.2 played=13.2 ddraw=3.3
  vs Heur:   78W/25L/1D | score=41.4±33.0 inv=3.7 played=13.3 lanes=2.4 ddraw=4.2 pts=41
  vs Random: 106W/0L/0D | score=35.9±28.0 inv=2.8 played=12.8 lanes=2.5 ddraw=1.9 pts=36
  Self-play: 49W/50L/2D | score=47.0±29.0 inv=3.0 played=13.3 lanes=2.6 ddraw=2.3 pts=47
Step: 68239360  SPS: 4716  ε=0.050  ret=0.351  score=23.8  buf=100%  updates=533042
  vs FROZEN-PPO: 37W/63L/0D  win=37% | score=28.0 inv=3.5 played=13.5 ddraw=3.4
  vs Heur:   74W/27L/1D | score=37.2±31.0 inv=3.7 played=13.6 lanes=2.5 ddraw=4.5 pts=37
  vs Random: 103W/0L/0D | score=43.9±30.7 inv=2.9 played=13.0 lanes=2.4 ddraw=1.9 pts=44
  Self-play: 41W/60L/2D | score=42.5±31.6 inv=2.8 played=13.1 lanes=2.6 ddraw=2.6 pts=42
Step: 68321280  SPS: 4716  ε=0.050  ret=0.340  score=26.9  buf=100%  updates=533682
  vs FROZEN-PPO: 32W/76L/1D  win=29% | score=29.0 inv=3.2 played=13.0 ddraw=3.4
  vs Heur:   81W/22L/1D | score=41.5±30.4 inv=3.3 played=13.0 lanes=2.4 ddraw=4.2 pts=41
  vs Random: 112W/0L/0D | score=37.3±31.3 inv=2.6 played=12.5 lanes=2.5 ddraw=2.0 pts=37
  Self-play: 49W/51L/2D | score=41.8±30.2 inv=2.7 played=12.7 lanes=2.4 ddraw=2.5 pts=42
Step: 68403200  SPS: 4716  ε=0.050  ret=0.327  score=19.0  buf=100%  updates=534322
  vs FROZEN-PPO: 50W/54L/3D  win=47% | score=37.8 inv=3.2 played=13.0 ddraw=3.2
  vs Heur:   80W/26L/2D | score=45.1±33.7 inv=3.3 played=13.4 lanes=2.4 ddraw=4.3 pts=45
  vs Random: 108W/1L/0D | score=38.3±32.9 inv=2.7 played=12.6 lanes=2.5 ddraw=1.8 pts=38
  Self-play: 43W/59L/1D | score=48.7±29.9 inv=2.8 played=12.9 lanes=2.4 ddraw=2.6 pts=49
Step: 68485120  SPS: 4716  ε=0.050  ret=0.454  score=26.8  buf=100%  updates=534962
  vs FROZEN-PPO: 47W/59L/2D  win=44% | score=40.1 inv=3.3 played=13.8 ddraw=3.3
  vs Heur:   78W/29L/0D | score=42.4±34.7 inv=3.4 played=13.5 lanes=2.5 ddraw=4.3 pts=42
  vs Random: 105W/0L/0D | score=38.7±27.4 inv=2.5 played=12.8 lanes=2.6 ddraw=1.9 pts=39
  Self-play: 37W/61L/2D | score=37.8±26.7 inv=2.6 played=12.4 lanes=2.5 ddraw=2.4 pts=38
Step: 68567040  SPS: 4716  ε=0.050  ret=0.433  score=21.3  buf=100%  updates=535602
  vs FROZEN-PPO: 40W/63L/1D  win=38% | score=33.3 inv=3.2 played=13.5 ddraw=3.6
  vs Heur:   72W/31L/3D | score=34.2±34.1 inv=3.3 played=13.4 lanes=2.5 ddraw=4.3 pts=34
  vs Random: 102W/1L/0D | score=31.7±26.9 inv=2.6 played=12.3 lanes=2.5 ddraw=2.0 pts=32
  Self-play: 45W/61L/1D | score=45.5±31.6 inv=2.8 played=13.6 lanes=2.6 ddraw=2.6 pts=45
Step: 68648960  SPS: 4717  ε=0.050  ret=0.264  score=28.4  buf=100%  updates=536242
  vs FROZEN-PPO: 48W/52L/4D  win=46% | score=36.8 inv=3.3 played=13.4 ddraw=3.4
  vs Heur:   72W/33L/0D | score=36.0±34.4 inv=3.4 played=12.8 lanes=2.3 ddraw=4.3 pts=36
  vs Random: 102W/0L/0D | score=41.2±31.2 inv=2.8 played=12.9 lanes=2.5 ddraw=1.9 pts=41
  Self-play: 50W/51L/0D | score=45.5±32.9 inv=2.9 played=13.5 lanes=2.6 ddraw=2.7 pts=45
Step: 68730880  SPS: 4717  ε=0.050  ret=0.316  score=25.7  buf=100%  updates=536882
  vs FROZEN-PPO: 42W/67L/0D  win=39% | score=32.6 inv=3.1 played=13.5 ddraw=3.4
  vs Heur:   75W/30L/0D | score=40.6±30.1 inv=3.4 played=13.5 lanes=2.5 ddraw=4.2 pts=41
  vs Random: 107W/0L/0D | score=45.1±28.7 inv=2.9 played=13.5 lanes=2.6 ddraw=1.8 pts=45
  Self-play: 53W/55L/0D | score=49.3±35.8 inv=3.0 played=13.6 lanes=2.6 ddraw=2.6 pts=49
Step: 68812800  SPS: 4717  ε=0.050  ret=0.341  score=29.8  buf=100%  updates=537522
  vs FROZEN-PPO: 46W/61L/1D  win=43% | score=39.3 inv=3.5 played=13.6 ddraw=3.3
  vs Heur:   78W/29L/0D | score=40.7±36.6 inv=3.5 played=13.3 lanes=2.4 ddraw=4.3 pts=41
  vs Random: 104W/1L/0D | score=35.0±31.8 inv=2.7 played=12.8 lanes=2.6 ddraw=2.0 pts=35
  Self-play: 43W/62L/1D | score=43.7±31.7 inv=2.8 played=12.2 lanes=2.3 ddraw=2.5 pts=44
Step: 68894720  SPS: 4717  ε=0.050  ret=0.247  score=23.6  buf=100%  updates=538162
  vs FROZEN-PPO: 34W/73L/2D  win=31% | score=30.5 inv=3.2 played=13.3 ddraw=3.5
  vs Heur:   70W/32L/2D | score=32.0±31.1 inv=3.3 played=12.9 lanes=2.5 ddraw=4.3 pts=32
  vs Random: 103W/1L/0D | score=35.5±30.5 inv=2.7 played=13.2 lanes=2.7 ddraw=2.1 pts=36
  Self-play: 48W/57L/0D | score=39.9±28.6 inv=2.7 played=13.2 lanes=2.6 ddraw=2.5 pts=40
Step: 68976640  SPS: 4717  ε=0.050  ret=0.238  score=18.6  buf=100%  updates=538802
  vs FROZEN-PPO: 41W/63L/0D  win=39% | score=34.9 inv=3.3 played=13.5 ddraw=3.3
  vs Heur:   75W/30L/2D | score=35.9±33.6 inv=3.4 played=13.1 lanes=2.4 ddraw=4.2 pts=36
  vs Random: 102W/0L/0D | score=39.2±28.0 inv=2.6 played=12.5 lanes=2.5 ddraw=1.9 pts=39
  Self-play: 51W/53L/1D | score=45.1±31.8 inv=2.8 played=12.6 lanes=2.4 ddraw=2.4 pts=45
Step: 69058560  SPS: 4717  ε=0.050  ret=0.240  score=24.8  buf=100%  updates=539442
  vs FROZEN-PPO: 53W/50L/0D  win=51% | score=44.6 inv=3.4 played=13.7 ddraw=3.4
  vs Heur:   79W/27L/1D | score=41.7±33.4 inv=3.4 played=13.5 lanes=2.5 ddraw=4.3 pts=42
  vs Random: 106W/0L/0D | score=38.3±27.6 inv=2.7 played=12.6 lanes=2.6 ddraw=1.8 pts=38
  Self-play: 47W/60L/0D | score=40.6±29.5 inv=2.6 played=12.7 lanes=2.5 ddraw=2.6 pts=41
Step: 69140480  SPS: 4717  ε=0.050  ret=0.368  score=28.2  buf=100%  updates=540082
  vs FROZEN-PPO: 45W/61L/2D  win=42% | score=32.6 inv=3.1 played=12.8 ddraw=3.4
  vs Heur:   66W/37L/1D | score=35.3±32.7 inv=3.3 played=12.9 lanes=2.4 ddraw=4.2 pts=35
  vs Random: 101W/0L/0D | score=38.0±30.7 inv=2.3 played=12.1 lanes=2.5 ddraw=1.8 pts=38
  Self-play: 49W/52L/2D | score=46.3±36.9 inv=2.7 played=12.0 lanes=2.3 ddraw=2.6 pts=46
Step: 69222400  SPS: 4717  ε=0.050  ret=0.367  score=26.3  buf=100%  updates=540722
  vs FROZEN-PPO: 41W/61L/1D  win=40% | score=34.8 inv=2.9 played=12.3 ddraw=3.3
  vs Heur:   86W/18L/0D | score=46.5±31.5 inv=3.2 played=12.2 lanes=2.2 ddraw=4.3 pts=47
  vs Random: 110W/0L/0D | score=42.2±30.9 inv=2.6 played=12.2 lanes=2.3 ddraw=1.9 pts=42
  Self-play: 48W/63L/1D | score=43.9±32.0 inv=2.7 played=11.9 lanes=2.2 ddraw=2.7 pts=44
Step: 69304320  SPS: 4717  ε=0.050  ret=0.320  score=25.1  buf=100%  updates=541362
  vs FROZEN-PPO: 46W/61L/0D  win=43% | score=36.1 inv=3.2 played=13.5 ddraw=3.1
  vs Heur:   71W/29L/1D | score=41.2±34.7 inv=3.5 played=13.9 lanes=2.6 ddraw=4.2 pts=41
  vs Random: 107W/0L/0D | score=44.1±26.6 inv=2.7 played=12.8 lanes=2.4 ddraw=2.0 pts=44
  Self-play: 48W/62L/0D | score=41.9±31.7 inv=2.8 played=12.9 lanes=2.5 ddraw=2.6 pts=42
Step: 69386240  SPS: 4717  ε=0.050  ret=0.273  score=27.1  buf=100%  updates=542002
  vs FROZEN-PPO: 48W/59L/0D  win=45% | score=34.8 inv=3.0 played=13.0 ddraw=3.6
  vs Heur:   76W/28L/2D | score=40.3±32.0 inv=3.1 played=12.9 lanes=2.4 ddraw=4.2 pts=40
  vs Random: 107W/0L/0D | score=37.9±27.7 inv=2.7 played=12.4 lanes=2.5 ddraw=2.0 pts=38
  Self-play: 49W/51L/0D | score=49.5±38.2 inv=2.9 played=12.6 lanes=2.3 ddraw=2.5 pts=50
Step: 69468160  SPS: 4717  ε=0.050  ret=0.225  score=18.1  buf=100%  updates=542642
  vs FROZEN-PPO: 45W/59L/0D  win=43% | score=32.2 inv=3.3 played=13.2 ddraw=3.4
  vs Heur:   79W/25L/1D | score=39.6±33.2 inv=3.2 played=12.5 lanes=2.3 ddraw=4.3 pts=40
  vs Random: 105W/1L/0D | score=38.0±29.1 inv=2.6 played=12.3 lanes=2.4 ddraw=2.0 pts=38
  Self-play: 59W/48L/1D | score=47.7±33.5 inv=2.9 played=13.1 lanes=2.5 ddraw=2.6 pts=48
Step: 69550080  SPS: 4717  ε=0.050  ret=0.377  score=21.5  buf=100%  updates=543282
  vs FROZEN-PPO: 37W/66L/1D  win=36% | score=30.0 inv=3.3 played=13.5 ddraw=3.2
  vs Heur:   72W/30L/2D | score=38.4±34.6 inv=3.4 played=13.1 lanes=2.3 ddraw=4.1 pts=38
  vs Random: 107W/1L/0D | score=37.0±31.2 inv=2.6 played=12.2 lanes=2.4 ddraw=1.9 pts=37
  Self-play: 49W/53L/1D | score=50.9±31.4 inv=2.8 played=12.6 lanes=2.3 ddraw=2.6 pts=51
Step: 69632000  SPS: 4717  ε=0.050  ret=0.259  score=25.7  buf=100%  updates=543922
  vs FROZEN-PPO: 36W/71L/0D  win=34% | score=35.8 inv=3.2 played=12.6 ddraw=3.2
  vs Heur:   77W/23L/0D | score=43.9±33.2 inv=3.2 played=12.5 lanes=2.2 ddraw=4.2 pts=44
  vs Random: 105W/0L/0D | score=37.3±30.4 inv=2.4 played=11.3 lanes=2.2 ddraw=1.8 pts=37
  Self-play: 49W/52L/3D | score=51.3±33.3 inv=2.8 played=12.3 lanes=2.2 ddraw=2.4 pts=51
Step: 69713920  SPS: 4717  ε=0.050  ret=0.291  score=27.8  buf=100%  updates=544562
  vs FROZEN-PPO: 48W/55L/0D  win=47% | score=42.2 inv=3.3 played=13.7 ddraw=3.2
  vs Heur:   76W/29L/0D | score=37.1±32.5 inv=3.7 played=13.7 lanes=2.5 ddraw=4.3 pts=37
  vs Random: 103W/0L/0D | score=36.7±28.9 inv=2.8 played=12.4 lanes=2.5 ddraw=1.9 pts=37
  Self-play: 50W/60L/0D | score=51.0±33.6 inv=3.0 played=12.9 lanes=2.4 ddraw=2.4 pts=51
Step: 69795840  SPS: 4717  ε=0.050  ret=0.280  score=21.1  buf=100%  updates=545202
  vs FROZEN-PPO: 43W/60L/2D  win=41% | score=35.7 inv=3.2 played=13.1 ddraw=3.4
  vs Heur:   74W/36L/0D | score=33.2±29.8 inv=3.6 played=12.9 lanes=2.4 ddraw=4.2 pts=33
  vs Random: 105W/0L/0D | score=42.3±28.3 inv=2.7 played=12.3 lanes=2.4 ddraw=2.0 pts=42
  Self-play: 50W/54L/0D | score=47.6±33.0 inv=2.8 played=12.7 lanes=2.4 ddraw=2.4 pts=48
Step: 69877760  SPS: 4717  ε=0.050  ret=0.171  score=21.8  buf=100%  updates=545842
  vs FROZEN-PPO: 49W/57L/0D  win=46% | score=35.3 inv=3.4 played=13.5 ddraw=3.3
  vs Heur:   83W/18L/0D | score=40.7±28.3 inv=3.3 played=12.6 lanes=2.3 ddraw=4.1 pts=41
  vs Random: 100W/0L/0D | score=41.1±29.3 inv=2.7 played=12.5 lanes=2.4 ddraw=1.8 pts=41
  Self-play: 50W/56L/1D | score=44.8±35.1 inv=2.5 played=11.9 lanes=2.2 ddraw=2.4 pts=45
Step: 69959680  SPS: 4717  ε=0.050  ret=0.257  score=27.0  buf=100%  updates=546482
  vs FROZEN-PPO: 40W/66L/1D  win=37% | score=34.4 inv=3.2 played=12.6 ddraw=3.5
  vs Heur:   81W/23L/0D | score=41.7±30.4 inv=3.1 played=12.6 lanes=2.3 ddraw=4.2 pts=42
  vs Random: 103W/0L/0D | score=37.3±28.7 inv=2.5 played=11.5 lanes=2.2 ddraw=2.1 pts=37
  Self-play: 46W/56L/2D | score=43.7±35.8 inv=2.8 played=11.7 lanes=2.2 ddraw=2.5 pts=44
Step: 70041600  SPS: 4717  ε=0.050  ret=0.290  score=28.7  buf=100%  updates=547122
  vs FROZEN-PPO: 45W/55L/3D  win=44% | score=39.9 inv=2.9 played=12.6 ddraw=3.2
  vs Heur:   69W/33L/1D | score=37.4±33.7 inv=3.3 played=12.5 lanes=2.3 ddraw=3.9 pts=37
  vs Random: 101W/0L/0D | score=46.3±28.3 inv=2.6 played=12.2 lanes=2.3 ddraw=1.6 pts=46
  Self-play: 50W/54L/1D | score=54.2±33.2 inv=2.7 played=12.3 lanes=2.2 ddraw=2.5 pts=54
Step: 70123520  SPS: 4717  ε=0.050  ret=0.212  score=23.4  buf=100%  updates=547762
  vs FROZEN-PPO: 34W/65L/1D  win=34% | score=34.0 inv=3.0 played=12.4 ddraw=3.3
  vs Heur:   80W/28L/0D | score=39.5±27.5 inv=3.4 played=12.4 lanes=2.2 ddraw=4.2 pts=40
  vs Random: 107W/0L/0D | score=40.1±31.0 inv=2.6 played=11.7 lanes=2.2 ddraw=1.9 pts=40
  Self-play: 55W/52L/0D | score=42.0±33.3 inv=2.6 played=11.8 lanes=2.3 ddraw=2.5 pts=42
Step: 70205440  SPS: 4717  ε=0.050  ret=0.369  score=24.1  buf=100%  updates=548402
  vs FROZEN-PPO: 48W/60L/1D  win=44% | score=38.5 inv=3.0 played=12.5 ddraw=3.1
  vs Heur:   77W/29L/1D | score=39.9±33.4 inv=3.6 played=13.1 lanes=2.4 ddraw=4.2 pts=40
  vs Random: 110W/0L/0D | score=38.3±29.4 inv=2.3 played=11.9 lanes=2.3 ddraw=1.7 pts=38
  Self-play: 46W/56L/1D | score=51.3±31.9 inv=2.6 played=12.1 lanes=2.2 ddraw=2.6 pts=51
Step: 70287360  SPS: 4717  ε=0.050  ret=0.346  score=24.7  buf=100%  updates=549042
  vs FROZEN-PPO: 49W/54L/0D  win=48% | score=33.4 inv=2.9 played=11.6 ddraw=3.2
  vs Heur:   82W/23L/2D | score=43.1±33.9 inv=3.3 played=12.6 lanes=2.3 ddraw=4.3 pts=43
  vs Random: 101W/0L/0D | score=43.6±31.5 inv=2.7 played=12.4 lanes=2.4 ddraw=1.9 pts=44
  Self-play: 54W/47L/2D | score=52.0±30.7 inv=2.6 played=12.1 lanes=2.2 ddraw=2.5 pts=52
Step: 70369280  SPS: 4717  ε=0.050  ret=0.199  score=18.7  buf=100%  updates=549682
  vs FROZEN-PPO: 34W/69L/2D  win=32% | score=36.6 inv=3.1 played=12.6 ddraw=3.3
  vs Heur:   69W/36L/1D | score=38.2±36.2 inv=3.6 played=12.8 lanes=2.3 ddraw=4.1 pts=38
  vs Random: 107W/0L/0D | score=42.1±30.8 inv=2.5 played=11.7 lanes=2.2 ddraw=1.9 pts=42
  Self-play: 40W/60L/1D | score=48.2±32.9 inv=2.8 played=12.1 lanes=2.2 ddraw=2.6 pts=48
Step: 70451200  SPS: 4717  ε=0.050  ret=0.303  score=24.9  buf=100%  updates=550322
  vs FROZEN-PPO: 47W/52L/1D  win=47% | score=39.4 inv=3.5 played=13.6 ddraw=3.2
  vs Heur:   75W/25L/0D | score=42.1±34.5 inv=3.4 played=12.8 lanes=2.4 ddraw=4.1 pts=42
  vs Random: 108W/0L/0D | score=38.0±29.3 inv=2.6 played=12.4 lanes=2.5 ddraw=1.8 pts=38
  Self-play: 52W/54L/1D | score=51.7±32.4 inv=2.8 played=12.5 lanes=2.3 ddraw=2.5 pts=52
Step: 70533120  SPS: 4716  ε=0.050  ret=0.302  score=23.2  buf=100%  updates=550962
  vs FROZEN-PPO: 49W/56L/3D  win=45% | score=41.0 inv=3.3 played=12.8 ddraw=3.3
  vs Heur:   74W/30L/1D | score=44.6±35.4 inv=3.2 played=12.4 lanes=2.2 ddraw=4.1 pts=45
  vs Random: 104W/0L/0D | score=38.7±31.6 inv=2.8 played=12.3 lanes=2.4 ddraw=1.6 pts=39
  Self-play: 47W/55L/0D | score=42.0±31.8 inv=2.7 played=12.2 lanes=2.3 ddraw=2.6 pts=42
Step: 70615040  SPS: 4714  ε=0.050  ret=0.195  score=30.0  buf=100%  updates=551602
  vs FROZEN-PPO: 52W/55L/0D  win=49% | score=38.9 inv=3.2 played=12.7 ddraw=3.4
  vs Heur:   69W/32L/1D | score=40.4±39.2 inv=3.6 played=13.2 lanes=2.4 ddraw=4.3 pts=40
  vs Random: 103W/0L/0D | score=37.3±27.5 inv=2.3 played=11.8 lanes=2.3 ddraw=1.7 pts=37
  Self-play: 45W/55L/0D | score=44.8±33.6 inv=2.8 played=12.7 lanes=2.4 ddraw=2.5 pts=45
