wandb: [wandb.login()] Loaded credentials for https://api.wandb.ai from /home/zzhang18/.netrc.
wandb: Currently logged in as: nchen3 (ningcong-chen) to https://api.wandb.ai. Use `wandb login --relogin` to force relogin
wandb: Tracking run with wandb version 0.25.1
wandb: Run data is saved locally in /home/zzhang18/nchen3/eco/wandb/run-20260611_100434-vueq58ni
wandb: Run `wandb offline` to turn off syncing.
wandb: Syncing run lc__lc_br_scorediff_long__1__1781186673
wandb: ⭐️ View project at https://wandb.ai/ningcong-chen/ppo-eco
wandb: 🚀 View run at https://wandb.ai/ningcong-chen/ppo-eco/runs/vueq58ni
Q-network params: 1,255,512
FROZEN PPO opponent (best-response/exploitability) from model/lc_ppo_dqninit_final50m/latest.pkt
Step: 81920  SPS: 5377  ε=0.992  ret=-3.452  score=-67.2  buf=8%  updates=562
  vs FROZEN-PPO: 0W/104L/0D  win=0% | score=-68.2 inv=1.2 played=8.5 ddraw=4.4
  vs Heur:   0W/108L/0D | score=-73.2±26.3 inv=1.7 played=8.8 lanes=4.9 ddraw=4.6 pts=-73
  vs Random: 59W/40L/1D | score=-62.3±23.3 inv=1.2 played=8.6 lanes=4.9 ddraw=2.8 pts=-62
  Self-play: 57W/45L/1D | score=-67.5±24.6 inv=1.3 played=8.4 lanes=4.9 ddraw=2.5 pts=-68
Step: 163840  SPS: 4973  ε=0.984  ret=-3.274  score=-70.0  buf=16%  updates=1202
  vs FROZEN-PPO: 0W/102L/0D  win=0% | score=-69.1 inv=1.5 played=8.1 ddraw=4.6
  vs Heur:   0W/101L/0D | score=-69.6±27.5 inv=1.8 played=8.6 lanes=4.8 ddraw=4.8 pts=-70
  vs Random: 47W/55L/1D | score=-65.6±25.8 inv=1.4 played=8.1 lanes=4.8 ddraw=3.2 pts=-66
  Self-play: 47W/57L/2D | score=-67.3±29.6 inv=1.4 played=8.0 lanes=4.8 ddraw=2.4 pts=-67
Step: 245760  SPS: 4849  ε=0.977  ret=-3.618  score=-74.4  buf=25%  updates=1842
  vs FROZEN-PPO: 0W/110L/0D  win=0% | score=-61.4 inv=1.3 played=8.1 ddraw=4.7
  vs Heur:   0W/109L/0D | score=-75.2±33.7 inv=2.1 played=9.0 lanes=4.7 ddraw=4.8 pts=-75
  vs Random: 60W/40L/1D | score=-60.1±25.0 inv=1.1 played=8.4 lanes=4.8 ddraw=3.3 pts=-60
  Self-play: 54W/53L/1D | score=-62.2±26.4 inv=1.1 played=7.6 lanes=4.5 ddraw=2.6 pts=-62
Step: 327680  SPS: 4782  ε=0.969  ret=-3.148  score=-67.4  buf=33%  updates=2482
  vs FROZEN-PPO: 1W/105L/0D  win=1% | score=-54.5 inv=1.0 played=8.0 ddraw=4.7
  vs Heur:   1W/107L/0D | score=-55.4±24.5 inv=0.9 played=7.8 lanes=4.6 ddraw=4.7 pts=-55
  vs Random: 73W/33L/1D | score=-49.0±23.3 inv=0.8 played=8.1 lanes=4.6 ddraw=3.3 pts=-49
  Self-play: 52W/55L/0D | score=-48.5±17.8 inv=0.7 played=8.0 lanes=4.6 ddraw=2.7 pts=-49
Step: 409600  SPS: 4750  ε=0.961  ret=-3.320  score=-67.4  buf=41%  updates=3122
  vs FROZEN-PPO: 0W/102L/0D  win=0% | score=-66.7 inv=1.5 played=8.4 ddraw=4.6
  vs Heur:   0W/109L/0D | score=-75.4±26.3 inv=2.0 played=8.5 lanes=4.7 ddraw=4.5 pts=-75
  vs Random: 43W/66L/1D | score=-70.4±23.4 inv=1.4 played=7.8 lanes=4.6 ddraw=2.9 pts=-70
  Self-play: 58W/46L/0D | score=-71.2±25.7 inv=1.2 played=7.5 lanes=4.6 ddraw=2.5 pts=-71
Step: 491520  SPS: 4713  ε=0.953  ret=-3.372  score=-68.9  buf=49%  updates=3762
  vs FROZEN-PPO: 1W/109L/0D  win=1% | score=-46.2 inv=0.5 played=8.2 ddraw=4.7
  vs Heur:   1W/111L/0D | score=-56.3±20.8 inv=0.8 played=7.8 lanes=4.6 ddraw=4.9 pts=-56
  vs Random: 72W/27L/1D | score=-51.2±19.1 inv=0.4 played=6.8 lanes=4.4 ddraw=3.1 pts=-51
  Self-play: 51W/49L/3D | score=-53.8±16.9 inv=0.5 played=6.5 lanes=4.3 ddraw=2.5 pts=-54
Step: 573440  SPS: 4693  ε=0.946  ret=-3.411  score=-69.7  buf=57%  updates=4402
  vs FROZEN-PPO: 0W/99L/1D  win=0% | score=-54.8 inv=1.6 played=9.1 ddraw=4.6
  vs Heur:   0W/103L/0D | score=-55.6±23.0 inv=1.5 played=9.3 lanes=4.7 ddraw=4.7 pts=-56
  vs Random: 64W/34L/2D | score=-52.9±21.8 inv=1.1 played=8.3 lanes=4.6 ddraw=3.0 pts=-53
  Self-play: 48W/60L/0D | score=-55.2±25.8 inv=1.3 played=8.6 lanes=4.6 ddraw=2.5 pts=-55
Step: 655360  SPS: 4682  ε=0.938  ret=-3.346  score=-67.0  buf=66%  updates=5042
  vs FROZEN-PPO: 0W/107L/0D  win=0% | score=-57.9 inv=1.4 played=9.4 ddraw=4.7
  vs Heur:   0W/104L/0D | score=-63.3±23.6 inv=1.7 played=9.9 lanes=4.9 ddraw=4.8 pts=-63
  vs Random: 53W/49L/1D | score=-64.8±26.4 inv=1.5 played=9.1 lanes=4.8 ddraw=3.2 pts=-65
  Self-play: 50W/56L/0D | score=-64.3±25.8 inv=1.3 played=8.7 lanes=4.7 ddraw=2.5 pts=-64
Step: 737280  SPS: 4676  ε=0.930  ret=-3.339  score=-67.9  buf=74%  updates=5682
  vs FROZEN-PPO: 0W/105L/0D  win=0% | score=-58.7 inv=1.6 played=9.4 ddraw=4.5
  vs Heur:   0W/108L/0D | score=-68.0±25.0 inv=1.9 played=9.3 lanes=4.8 ddraw=4.6 pts=-68
  vs Random: 43W/60L/3D | score=-69.0±21.8 inv=1.6 played=8.0 lanes=4.5 ddraw=3.1 pts=-69
  Self-play: 50W/53L/0D | score=-66.6±25.1 inv=1.4 played=8.0 lanes=4.5 ddraw=2.6 pts=-67
Step: 819200  SPS: 4665  ε=0.922  ret=-3.490  score=-70.4  buf=82%  updates=6322
  vs FROZEN-PPO: 1W/106L/0D  win=1% | score=-58.5 inv=1.7 played=9.7 ddraw=4.6
  vs Heur:   2W/98L/0D | score=-65.5±21.7 inv=2.3 played=10.2 lanes=4.9 ddraw=4.7 pts=-65
  vs Random: 54W/49L/2D | score=-64.4±23.9 inv=1.6 played=8.5 lanes=4.6 ddraw=3.1 pts=-64
  Self-play: 60W/44L/3D | score=-63.7±24.7 inv=1.3 played=8.2 lanes=4.7 ddraw=2.5 pts=-64
Step: 901120  SPS: 4656  ε=0.914  ret=-3.261  score=-65.3  buf=90%  updates=6962
  vs FROZEN-PPO: 0W/104L/0D  win=0% | score=-68.6 inv=2.2 played=9.3 ddraw=4.4
  vs Heur:   0W/108L/0D | score=-82.6±30.4 inv=3.0 played=10.0 lanes=4.6 ddraw=4.7 pts=-83
  vs Random: 33W/68L/1D | score=-77.6±30.3 inv=2.6 played=9.5 lanes=4.6 ddraw=3.0 pts=-78
  Self-play: 55W/50L/2D | score=-81.0±30.1 inv=2.4 played=9.0 lanes=4.7 ddraw=2.6 pts=-81
Step: 983040  SPS: 4654  ε=0.907  ret=-3.304  score=-70.3  buf=98%  updates=7602
  vs FROZEN-PPO: 0W/101L/0D  win=0% | score=-61.6 inv=2.0 played=10.2 ddraw=4.6
  vs Heur:   0W/108L/0D | score=-62.9±24.8 inv=1.9 played=9.7 lanes=4.8 ddraw=4.8 pts=-63
  vs Random: 45W/58L/1D | score=-71.0±20.7 inv=1.8 played=9.0 lanes=4.8 ddraw=2.9 pts=-71
  Self-play: 49W/53L/2D | score=-69.2±23.8 inv=1.9 played=9.1 lanes=4.7 ddraw=2.5 pts=-69
Step: 1064960  SPS: 4640  ε=0.899  ret=-3.323  score=-68.0  buf=100%  updates=8242
  vs FROZEN-PPO: 2W/100L/0D  win=2% | score=-53.2 inv=1.9 played=10.7 ddraw=4.6
  vs Heur:   0W/107L/0D | score=-60.3±26.3 inv=2.4 played=11.1 lanes=4.8 ddraw=4.7 pts=-60
  vs Random: 50W/51L/0D | score=-61.6±22.1 inv=1.9 played=10.0 lanes=4.7 ddraw=3.1 pts=-62
  Self-play: 52W/48L/4D | score=-57.5±25.0 inv=2.0 played=10.5 lanes=4.7 ddraw=2.5 pts=-57
Step: 1146880  SPS: 4639  ε=0.891  ret=-3.207  score=-64.7  buf=100%  updates=8882
  vs FROZEN-PPO: 1W/106L/0D  win=1% | score=-63.1 inv=2.6 played=10.3 ddraw=4.5
  vs Heur:   0W/105L/0D | score=-75.3±23.2 inv=2.6 played=9.8 lanes=4.8 ddraw=4.7 pts=-75
  vs Random: 36W/72L/0D | score=-74.4±25.9 inv=2.6 played=9.3 lanes=4.7 ddraw=3.1 pts=-74
  Self-play: 51W/53L/0D | score=-74.9±29.4 inv=2.5 played=8.9 lanes=4.6 ddraw=2.6 pts=-75
Step: 1228800  SPS: 4642  ε=0.883  ret=-3.383  score=-64.9  buf=100%  updates=9522
  vs FROZEN-PPO: 1W/107L/0D  win=1% | score=-44.4 inv=1.6 played=10.0 ddraw=4.7
  vs Heur:   1W/105L/0D | score=-48.0±20.6 inv=1.4 played=9.6 lanes=4.7 ddraw=4.8 pts=-48
  vs Random: 65W/36L/1D | score=-52.1±18.4 inv=1.3 played=8.5 lanes=4.5 ddraw=3.0 pts=-52
  Self-play: 56W/49L/1D | score=-56.0±22.2 inv=1.5 played=8.6 lanes=4.6 ddraw=2.5 pts=-56
Step: 1310720  SPS: 4635  ε=0.875  ret=-3.379  score=-69.7  buf=100%  updates=10162
  vs FROZEN-PPO: 0W/108L/0D  win=0% | score=-51.5 inv=1.8 played=10.3 ddraw=4.6
  vs Heur:   0W/101L/0D | score=-48.0±19.4 inv=0.9 played=8.7 lanes=4.6 ddraw=4.8 pts=-48
  vs Random: 53W/51L/0D | score=-56.5±18.9 inv=1.3 played=8.7 lanes=4.7 ddraw=3.1 pts=-56
  Self-play: 61W/40L/3D | score=-52.1±16.0 inv=1.1 played=8.3 lanes=4.6 ddraw=2.6 pts=-52
Step: 1392640  SPS: 4633  ε=0.868  ret=-3.246  score=-65.2  buf=100%  updates=10802
  vs FROZEN-PPO: 3W/102L/0D  win=3% | score=-38.2 inv=0.9 played=9.3 ddraw=4.6
  vs Heur:   0W/102L/0D | score=-41.3±15.7 inv=0.7 played=8.7 lanes=4.5 ddraw=4.8 pts=-41
  vs Random: 79W/25L/2D | score=-46.4±15.7 inv=0.6 played=7.4 lanes=4.4 ddraw=2.9 pts=-46
  Self-play: 53W/49L/2D | score=-40.2±13.0 inv=0.2 played=7.1 lanes=4.2 ddraw=2.5 pts=-40
Step: 1474560  SPS: 4632  ε=0.860  ret=-3.503  score=-72.6  buf=100%  updates=11442
  vs FROZEN-PPO: 0W/104L/1D  win=0% | score=-45.4 inv=1.7 played=10.6 ddraw=4.6
  vs Heur:   0W/101L/0D | score=-53.7±19.9 inv=2.2 played=10.8 lanes=4.7 ddraw=4.8 pts=-54
  vs Random: 61W/38L/3D | score=-60.5±23.0 inv=1.8 played=9.3 lanes=4.6 ddraw=2.9 pts=-60
  Self-play: 51W/54L/1D | score=-61.9±19.2 inv=2.1 played=9.6 lanes=4.7 ddraw=2.5 pts=-62
Step: 1556480  SPS: 4634  ε=0.852  ret=-3.585  score=-67.5  buf=100%  updates=12082
  vs FROZEN-PPO: 0W/103L/0D  win=0% | score=-40.0 inv=1.1 played=10.4 ddraw=4.7
  vs Heur:   0W/100L/0D | score=-46.6±19.3 inv=1.2 played=9.7 lanes=4.8 ddraw=4.7 pts=-47
  vs Random: 69W/39L/1D | score=-52.5±20.1 inv=1.2 played=9.0 lanes=4.6 ddraw=3.2 pts=-53
  Self-play: 49W/53L/3D | score=-50.2±17.5 inv=1.4 played=9.6 lanes=4.7 ddraw=2.5 pts=-50
Step: 1638400  SPS: 4633  ε=0.844  ret=-3.297  score=-67.0  buf=100%  updates=12722
  vs FROZEN-PPO: 2W/108L/0D  win=2% | score=-42.0 inv=1.2 played=10.0 ddraw=4.6
  vs Heur:   0W/103L/0D | score=-45.0±16.1 inv=1.0 played=8.9 lanes=4.7 ddraw=4.8 pts=-45
  vs Random: 75W/24L/3D | score=-47.9±19.0 inv=1.0 played=7.5 lanes=4.3 ddraw=2.9 pts=-48
  Self-play: 50W/57L/1D | score=-44.4±18.3 inv=0.8 played=6.5 lanes=4.0 ddraw=2.5 pts=-44
Step: 1720320  SPS: 4629  ε=0.837  ret=-3.167  score=-60.3  buf=100%  updates=13362
  vs FROZEN-PPO: 1W/105L/0D  win=1% | score=-46.1 inv=1.7 played=10.3 ddraw=4.7
  vs Heur:   0W/115L/0D | score=-40.2±15.0 inv=0.6 played=8.1 lanes=4.5 ddraw=4.8 pts=-40
  vs Random: 87W/15L/3D | score=-38.9±18.2 inv=0.9 played=7.4 lanes=4.1 ddraw=3.2 pts=-39
  Self-play: 58W/49L/0D | score=-36.5±14.7 inv=0.6 played=6.8 lanes=3.9 ddraw=2.6 pts=-37
Step: 1802240  SPS: 4626  ε=0.829  ret=-3.115  score=-63.4  buf=100%  updates=14002
  vs FROZEN-PPO: 2W/104L/0D  win=2% | score=-42.3 inv=0.9 played=9.1 ddraw=4.6
  vs Heur:   1W/102L/0D | score=-42.7±13.9 inv=0.7 played=8.5 lanes=4.6 ddraw=4.8 pts=-43
  vs Random: 81W/22L/0D | score=-43.7±15.6 inv=0.7 played=7.3 lanes=4.3 ddraw=3.0 pts=-44
  Self-play: 50W/53L/1D | score=-40.7±17.0 inv=0.4 played=6.0 lanes=3.8 ddraw=2.6 pts=-41
Step: 1884160  SPS: 4627  ε=0.821  ret=-3.095  score=-63.0  buf=100%  updates=14642
  vs FROZEN-PPO: 1W/102L/0D  win=1% | score=-42.6 inv=1.2 played=9.9 ddraw=4.6
  vs Heur:   0W/104L/0D | score=-38.6±13.6 inv=0.9 played=8.6 lanes=4.4 ddraw=4.7 pts=-39
  vs Random: 86W/18L/0D | score=-41.0±15.2 inv=0.6 played=6.7 lanes=4.2 ddraw=2.9 pts=-41
  Self-play: 55W/54L/1D | score=-38.5±14.0 inv=0.2 played=5.3 lanes=3.7 ddraw=2.6 pts=-38
Step: 1966080  SPS: 4625  ε=0.813  ret=-3.140  score=-61.3  buf=100%  updates=15282
  vs FROZEN-PPO: 1W/105L/0D  win=1% | score=-38.1 inv=1.5 played=10.7 ddraw=4.7
  vs Heur:   1W/106L/0D | score=-38.3±14.2 inv=0.6 played=9.0 lanes=4.7 ddraw=4.8 pts=-38
  vs Random: 89W/13L/2D | score=-37.2±14.7 inv=0.5 played=7.9 lanes=4.3 ddraw=3.0 pts=-37
  Self-play: 43W/56L/4D | score=-36.5±12.8 inv=0.4 played=7.6 lanes=4.3 ddraw=2.5 pts=-36
Step: 2048000  SPS: 4625  ε=0.805  ret=-3.300  score=-60.6  buf=100%  updates=15922
  vs FROZEN-PPO: 2W/107L/1D  win=2% | score=-41.2 inv=1.4 played=10.5 ddraw=4.5
  vs Heur:   1W/105L/0D | score=-39.8±18.6 inv=1.1 played=9.7 lanes=4.7 ddraw=4.6 pts=-40
  vs Random: 89W/13L/2D | score=-31.5±16.4 inv=0.8 played=9.1 lanes=4.5 ddraw=2.9 pts=-32
  Self-play: 48W/58L/0D | score=-33.9±16.2 inv=0.7 played=8.5 lanes=4.4 ddraw=2.6 pts=-34
Step: 2129920  SPS: 4625  ε=0.798  ret=-2.955  score=-64.0  buf=100%  updates=16562
  vs FROZEN-PPO: 1W/105L/0D  win=1% | score=-39.0 inv=1.9 played=11.7 ddraw=4.7
  vs Heur:   2W/100L/0D | score=-33.8±18.8 inv=1.4 played=10.8 lanes=4.7 ddraw=4.8 pts=-34
  vs Random: 91W/11L/2D | score=-34.7±15.1 inv=0.7 played=8.5 lanes=4.3 ddraw=2.9 pts=-35
  Self-play: 50W/49L/1D | score=-33.3±13.3 inv=0.3 played=7.6 lanes=4.2 ddraw=2.5 pts=-33
Step: 2211840  SPS: 4623  ε=0.790  ret=-2.975  score=-56.5  buf=100%  updates=17202
  vs FROZEN-PPO: 1W/105L/2D  win=1% | score=-34.6 inv=1.7 played=11.6 ddraw=4.6
  vs Heur:   1W/104L/0D | score=-39.0±19.9 inv=1.6 played=11.3 lanes=4.8 ddraw=4.8 pts=-39
  vs Random: 94W/9L/1D | score=-32.6±13.7 inv=0.6 played=8.9 lanes=4.4 ddraw=3.0 pts=-33
  Self-play: 54W/49L/2D | score=-31.4±13.6 inv=0.3 played=7.8 lanes=4.3 ddraw=2.6 pts=-31
Step: 2293760  SPS: 4620  ε=0.782  ret=-3.188  score=-64.0  buf=100%  updates=17842
  vs FROZEN-PPO: 3W/98L/0D  win=3% | score=-31.9 inv=2.7 played=14.1 ddraw=4.8
  vs Heur:   2W/103L/0D | score=-39.2±23.1 inv=2.4 played=13.0 lanes=4.9 ddraw=4.8 pts=-39
  vs Random: 89W/14L/3D | score=-36.6±16.7 inv=1.4 played=11.2 lanes=4.8 ddraw=2.9 pts=-37
  Self-play: 54W/45L/1D | score=-30.6±15.4 inv=0.9 played=10.5 lanes=4.7 ddraw=2.5 pts=-31
Step: 2375680  SPS: 4618  ε=0.774  ret=-3.168  score=-63.2  buf=100%  updates=18482
  vs FROZEN-PPO: 2W/102L/0D  win=2% | score=-30.8 inv=1.2 played=11.5 ddraw=4.7
  vs Heur:   1W/99L/0D | score=-35.1±15.9 inv=1.1 played=10.8 lanes=4.8 ddraw=4.7 pts=-35
  vs Random: 91W/14L/0D | score=-39.3±12.2 inv=0.9 played=9.6 lanes=4.6 ddraw=3.0 pts=-39
  Self-play: 57W/46L/3D | score=-32.0±15.6 inv=0.8 played=9.4 lanes=4.3 ddraw=2.3 pts=-32
Step: 2457600  SPS: 4612  ε=0.767  ret=-2.961  score=-60.3  buf=100%  updates=19122
  vs FROZEN-PPO: 0W/103L/0D  win=0% | score=-30.0 inv=0.7 played=9.8 ddraw=4.6
  vs Heur:   2W/99L/0D | score=-32.4±14.8 inv=0.8 played=9.9 lanes=4.7 ddraw=4.8 pts=-32
  vs Random: 94W/10L/2D | score=-34.5±13.5 inv=0.4 played=9.1 lanes=4.5 ddraw=2.7 pts=-35
  Self-play: 46W/57L/0D | score=-32.2±14.2 inv=0.4 played=9.0 lanes=4.5 ddraw=2.6 pts=-32
Step: 2539520  SPS: 4610  ε=0.759  ret=-2.943  score=-57.2  buf=100%  updates=19762
  vs FROZEN-PPO: 4W/100L/0D  win=4% | score=-20.9 inv=1.1 played=12.6 ddraw=4.7
  vs Heur:   2W/104L/0D | score=-28.3±18.2 inv=1.3 played=12.4 lanes=4.8 ddraw=4.7 pts=-28
  vs Random: 94W/11L/0D | score=-23.5±16.7 inv=0.9 played=12.0 lanes=4.9 ddraw=3.2 pts=-24
  Self-play: 49W/54L/2D | score=-27.6±16.7 inv=0.7 played=11.5 lanes=4.9 ddraw=2.5 pts=-28
Step: 2621440  SPS: 4610  ε=0.751  ret=-2.983  score=-57.8  buf=100%  updates=20402
  vs FROZEN-PPO: 3W/101L/0D  win=3% | score=-29.8 inv=1.5 played=10.6 ddraw=4.6
  vs Heur:   1W/105L/0D | score=-37.3±18.8 inv=2.2 played=11.9 lanes=4.6 ddraw=4.8 pts=-37
  vs Random: 80W/26L/2D | score=-45.1±17.4 inv=2.3 played=11.6 lanes=4.5 ddraw=2.8 pts=-45
  Self-play: 45W/58L/3D | score=-39.2±18.7 inv=2.1 played=11.5 lanes=4.5 ddraw=2.5 pts=-39
Step: 2703360  SPS: 4610  ε=0.743  ret=-2.974  score=-56.0  buf=100%  updates=21042
  vs FROZEN-PPO: 1W/104L/2D  win=1% | score=-25.4 inv=1.2 played=11.9 ddraw=4.6
  vs Heur:   4W/97L/0D | score=-33.3±20.8 inv=1.8 played=12.5 lanes=4.8 ddraw=4.8 pts=-33
  vs Random: 85W/16L/2D | score=-35.3±15.7 inv=1.6 played=11.5 lanes=4.8 ddraw=3.0 pts=-35
  Self-play: 54W/53L/0D | score=-33.9±15.1 inv=0.8 played=9.6 lanes=4.5 ddraw=2.4 pts=-34
Step: 2785280  SPS: 4610  ε=0.735  ret=-3.326  score=-59.6  buf=100%  updates=21682
  vs FROZEN-PPO: 5W/98L/0D  win=5% | score=-21.3 inv=0.7 played=10.4 ddraw=4.5
  vs Heur:   0W/100L/0D | score=-31.4±19.1 inv=1.2 played=10.6 lanes=4.5 ddraw=4.7 pts=-31
  vs Random: 97W/11L/0D | score=-32.0±13.6 inv=1.2 played=10.3 lanes=4.6 ddraw=3.2 pts=-32
  Self-play: 52W/51L/0D | score=-29.0±16.4 inv=0.9 played=10.4 lanes=4.5 ddraw=2.4 pts=-29
Step: 2867200  SPS: 4611  ε=0.728  ret=-2.910  score=-55.2  buf=100%  updates=22322
  vs FROZEN-PPO: 5W/100L/2D  win=5% | score=-26.7 inv=0.7 played=9.3 ddraw=4.7
  vs Heur:   2W/98L/0D | score=-33.3±16.6 inv=1.6 played=11.6 lanes=4.6 ddraw=4.7 pts=-33
  vs Random: 86W/15L/2D | score=-35.7±15.7 inv=1.0 played=8.5 lanes=4.0 ddraw=3.1 pts=-36
  Self-play: 52W/52L/2D | score=-35.0±18.4 inv=1.2 played=8.9 lanes=4.1 ddraw=2.5 pts=-35
Step: 2949120  SPS: 4612  ε=0.720  ret=-2.962  score=-53.2  buf=100%  updates=22962
  vs FROZEN-PPO: 9W/96L/0D  win=9% | score=-21.1 inv=0.5 played=7.7 ddraw=4.7
  vs Heur:   0W/101L/0D | score=-28.7±16.3 inv=1.3 played=10.5 lanes=4.3 ddraw=4.8 pts=-29
  vs Random: 90W/9L/1D | score=-30.4±17.4 inv=1.2 played=8.6 lanes=3.6 ddraw=3.2 pts=-30
  Self-play: 56W/50L/0D | score=-31.0±21.0 inv=1.4 played=9.7 lanes=4.0 ddraw=2.5 pts=-31
Step: 3031040  SPS: 4611  ε=0.712  ret=-2.759  score=-51.6  buf=100%  updates=23602
  vs FROZEN-PPO: 4W/103L/0D  win=4% | score=-25.4 inv=0.0 played=5.5 ddraw=4.6
  vs Heur:   2W/101L/0D | score=-24.6±16.4 inv=0.5 played=5.9 lanes=3.1 ddraw=4.7 pts=-25
  vs Random: 100W/5L/0D | score=-24.3±15.9 inv=0.2 played=3.9 lanes=2.5 ddraw=2.9 pts=-24
  Self-play: 38W/61L/3D | score=-26.3±18.9 inv=0.4 played=4.3 lanes=2.7 ddraw=2.5 pts=-26
Step: 3112960  SPS: 4611  ε=0.704  ret=-3.066  score=-55.3  buf=100%  updates=24242
  vs FROZEN-PPO: 5W/103L/0D  win=5% | score=-21.9 inv=0.3 played=8.3 ddraw=4.6
  vs Heur:   4W/99L/0D | score=-26.7±15.2 inv=1.0 played=9.6 lanes=4.2 ddraw=4.7 pts=-27
  vs Random: 91W/12L/1D | score=-28.0±16.3 inv=0.3 played=6.2 lanes=3.5 ddraw=2.8 pts=-28
  Self-play: 51W/56L/0D | score=-30.1±18.8 inv=0.6 played=7.1 lanes=3.7 ddraw=2.5 pts=-30
Step: 3194880  SPS: 4609  ε=0.696  ret=-2.812  score=-49.3  buf=100%  updates=24882
  vs FROZEN-PPO: 1W/103L/1D  win=1% | score=-20.9 inv=0.0 played=7.4 ddraw=4.7
  vs Heur:   3W/96L/2D | score=-22.2±17.2 inv=0.3 played=6.5 lanes=3.4 ddraw=4.7 pts=-22
  vs Random: 103W/4L/0D | score=-19.2±15.5 inv=0.2 played=5.2 lanes=2.8 ddraw=3.1 pts=-19
  Self-play: 41W/57L/4D | score=-21.6±17.0 inv=0.6 played=6.2 lanes=3.0 ddraw=2.5 pts=-22
Step: 3276800  SPS: 4609  ε=0.689  ret=-2.725  score=-52.5  buf=100%  updates=25522
  vs FROZEN-PPO: 5W/96L/0D  win=5% | score=-19.7 inv=0.0 played=9.3 ddraw=4.5
  vs Heur:   2W/100L/0D | score=-22.7±15.4 inv=0.3 played=7.0 lanes=3.6 ddraw=4.8 pts=-23
  vs Random: 99W/2L/0D | score=-21.6±13.9 inv=0.0 played=4.9 lanes=3.0 ddraw=2.6 pts=-22
  Self-play: 49W/47L/10D | score=-15.8±16.6 inv=0.1 played=2.4 lanes=1.7 ddraw=2.5 pts=-16
Step: 3358720  SPS: 4608  ε=0.681  ret=-2.759  score=-50.1  buf=100%  updates=26162
  vs FROZEN-PPO: 6W/98L/0D  win=6% | score=-21.2 inv=0.0 played=8.0 ddraw=4.7
  vs Heur:   2W/98L/0D | score=-23.4±15.1 inv=0.0 played=5.5 lanes=3.3 ddraw=4.8 pts=-23
  vs Random: 101W/6L/1D | score=-24.6±13.6 inv=0.0 played=4.1 lanes=2.8 ddraw=3.0 pts=-25
  Self-play: 41W/42L/18D | score=-13.4±14.0 inv=0.0 played=1.7 lanes=1.3 ddraw=2.4 pts=-13
Step: 3440640  SPS: 4608  ε=0.673  ret=-2.554  score=-47.6  buf=100%  updates=26802
  vs FROZEN-PPO: 5W/103L/1D  win=5% | score=-20.2 inv=0.0 played=7.3 ddraw=4.5
  vs Heur:   5W/105L/0D | score=-19.5±13.8 inv=0.1 played=4.3 lanes=2.6 ddraw=4.8 pts=-19
  vs Random: 106W/0L/0D | score=-19.6±14.0 inv=0.1 played=3.6 lanes=2.3 ddraw=2.8 pts=-20
  Self-play: 45W/55L/5D | score=-24.0±18.9 inv=0.6 played=4.2 lanes=2.3 ddraw=2.5 pts=-24
Step: 3522560  SPS: 4604  ε=0.665  ret=-2.899  score=-51.1  buf=100%  updates=27442
  vs FROZEN-PPO: 6W/99L/1D  win=6% | score=-19.4 inv=0.0 played=7.8 ddraw=4.5
  vs Heur:   5W/100L/2D | score=-18.3±13.9 inv=0.0 played=4.8 lanes=2.7 ddraw=4.8 pts=-18
  vs Random: 107W/3L/0D | score=-20.9±14.7 inv=0.0 played=4.1 lanes=2.6 ddraw=2.7 pts=-21
  Self-play: 36W/49L/24D | score=-13.8±14.0 inv=0.0 played=2.0 lanes=1.5 ddraw=2.5 pts=-14
Step: 3604480  SPS: 4605  ε=0.658  ret=-2.677  score=-43.6  buf=100%  updates=28082
  vs FROZEN-PPO: 4W/102L/0D  win=4% | score=-17.7 inv=0.0 played=8.3 ddraw=4.3
  vs Heur:   3W/105L/1D | score=-19.4±13.9 inv=0.0 played=6.4 lanes=3.3 ddraw=4.8 pts=-19
  vs Random: 99W/1L/0D | score=-22.3±12.0 inv=0.0 played=4.5 lanes=2.7 ddraw=2.8 pts=-22
  Self-play: 46W/49L/8D | score=-18.9±14.1 inv=0.0 played=3.3 lanes=2.2 ddraw=2.4 pts=-19
Step: 3686400  SPS: 4606  ε=0.650  ret=-2.657  score=-48.3  buf=100%  updates=28722
  vs FROZEN-PPO: 3W/103L/0D  win=3% | score=-17.4 inv=0.0 played=8.9 ddraw=3.8
  vs Heur:   8W/94L/1D | score=-17.3±13.0 inv=0.0 played=6.3 lanes=3.0 ddraw=4.7 pts=-17
  vs Random: 93W/7L/0D | score=-19.5±16.2 inv=0.0 played=3.5 lanes=2.1 ddraw=2.5 pts=-20
  Self-play: 37W/38L/32D | score=-10.5±12.4 inv=0.0 played=2.1 lanes=1.2 ddraw=2.5 pts=-11
Step: 3768320  SPS: 4606  ε=0.642  ret=-2.676  score=-45.2  buf=100%  updates=29362
  vs FROZEN-PPO: 9W/97L/0D  win=8% | score=-14.1 inv=0.0 played=10.0 ddraw=4.1
  vs Heur:   3W/97L/0D | score=-22.3±13.6 inv=0.0 played=7.2 lanes=3.8 ddraw=4.8 pts=-22
  vs Random: 98W/5L/0D | score=-20.5±13.1 inv=0.0 played=7.9 lanes=3.9 ddraw=2.7 pts=-21
  Self-play: 48W/59L/0D | score=-23.9±14.5 inv=0.0 played=6.3 lanes=3.5 ddraw=2.5 pts=-24
Step: 3850240  SPS: 4606  ε=0.634  ret=-2.924  score=-47.3  buf=100%  updates=30002
  vs FROZEN-PPO: 5W/97L/0D  win=5% | score=-16.9 inv=0.0 played=7.3 ddraw=3.7
  vs Heur:   4W/99L/1D | score=-20.7±13.5 inv=0.0 played=7.5 lanes=3.6 ddraw=4.7 pts=-21
  vs Random: 104W/2L/0D | score=-18.4±12.3 inv=0.0 played=5.9 lanes=3.1 ddraw=2.5 pts=-18
  Self-play: 55W/49L/2D | score=-20.1±13.9 inv=0.0 played=4.7 lanes=2.8 ddraw=2.4 pts=-20
Step: 3932160  SPS: 4607  ε=0.626  ret=-2.756  score=-44.9  buf=100%  updates=30642
  vs FROZEN-PPO: 4W/94L/2D  win=4% | score=-14.9 inv=0.0 played=10.8 ddraw=3.6
  vs Heur:   3W/102L/0D | score=-18.8±10.9 inv=0.0 played=10.5 lanes=4.6 ddraw=4.5 pts=-19
  vs Random: 96W/5L/0D | score=-23.1±11.0 inv=0.0 played=8.7 lanes=4.2 ddraw=2.0 pts=-23
  Self-play: 50W/51L/3D | score=-21.2±13.5 inv=0.0 played=8.8 lanes=4.1 ddraw=2.3 pts=-21
Step: 4014080  SPS: 4607  ε=0.619  ret=-2.698  score=-46.6  buf=100%  updates=31282
  vs FROZEN-PPO: 6W/104L/0D  win=5% | score=-11.4 inv=0.0 played=11.3 ddraw=3.7
  vs Heur:   7W/97L/0D | score=-15.5±13.8 inv=0.0 played=10.9 lanes=4.6 ddraw=4.5 pts=-15
  vs Random: 99W/1L/0D | score=-18.9±12.5 inv=0.0 played=10.3 lanes=4.6 ddraw=1.6 pts=-19
  Self-play: 53W/52L/4D | score=-12.6±12.2 inv=0.0 played=10.4 lanes=4.3 ddraw=2.3 pts=-13
Step: 4096000  SPS: 4606  ε=0.611  ret=-2.824  score=-44.3  buf=100%  updates=31922
  vs FROZEN-PPO: 5W/94L/1D  win=5% | score=-14.1 inv=0.0 played=7.3 ddraw=3.7
  vs Heur:   7W/103L/0D | score=-17.3±14.5 inv=0.0 played=7.0 lanes=3.4 ddraw=4.5 pts=-17
  vs Random: 97W/3L/0D | score=-21.4±14.2 inv=0.0 played=7.5 lanes=3.8 ddraw=2.0 pts=-21
  Self-play: 48W/48L/4D | score=-19.9±12.3 inv=0.0 played=7.4 lanes=3.7 ddraw=2.5 pts=-20
Step: 4177920  SPS: 4607  ε=0.603  ret=-2.777  score=-46.6  buf=100%  updates=32562
  vs FROZEN-PPO: 3W/97L/1D  win=3% | score=-14.7 inv=0.0 played=8.8 ddraw=3.0
  vs Heur:   4W/96L/1D | score=-17.3±13.2 inv=0.0 played=9.9 lanes=4.3 ddraw=4.2 pts=-17
  vs Random: 102W/0L/0D | score=-24.8±12.5 inv=0.0 played=7.9 lanes=4.0 ddraw=1.5 pts=-25
  Self-play: 45W/61L/4D | score=-18.0±11.8 inv=0.0 played=8.7 lanes=4.0 ddraw=2.5 pts=-18
Step: 4259840  SPS: 4606  ε=0.595  ret=-2.722  score=-45.0  buf=100%  updates=33202
  vs FROZEN-PPO: 4W/99L/2D  win=4% | score=-12.5 inv=0.0 played=10.9 ddraw=3.6
  vs Heur:   5W/102L/1D | score=-13.1±12.2 inv=0.0 played=10.8 lanes=4.5 ddraw=4.4 pts=-13
  vs Random: 109W/0L/0D | score=-20.0±11.0 inv=0.0 played=9.6 lanes=4.4 ddraw=1.3 pts=-20
  Self-play: 50W/53L/2D | score=-13.4±12.9 inv=0.0 played=10.7 lanes=4.4 ddraw=2.6 pts=-13
Step: 4341760  SPS: 4605  ε=0.588  ret=-2.478  score=-39.4  buf=100%  updates=33842
  vs FROZEN-PPO: 7W/98L/0D  win=7% | score=-12.6 inv=0.0 played=9.5 ddraw=4.2
  vs Heur:   6W/100L/1D | score=-15.3±12.7 inv=0.0 played=8.4 lanes=3.7 ddraw=4.6 pts=-15
  vs Random: 100W/5L/0D | score=-20.5±13.1 inv=0.0 played=9.1 lanes=4.3 ddraw=2.1 pts=-21
  Self-play: 50W/59L/1D | score=-15.6±12.8 inv=0.0 played=9.1 lanes=4.0 ddraw=2.6 pts=-16
Step: 4423680  SPS: 4602  ε=0.580  ret=-2.330  score=-38.4  buf=100%  updates=34482
  vs FROZEN-PPO: 7W/95L/0D  win=7% | score=-9.6 inv=0.0 played=10.9 ddraw=3.5
  vs Heur:   4W/98L/1D | score=-13.0±12.9 inv=0.0 played=11.3 lanes=4.5 ddraw=4.6 pts=-13
  vs Random: 100W/1L/0D | score=-17.1±11.6 inv=0.0 played=9.7 lanes=4.3 ddraw=1.4 pts=-17
  Self-play: 44W/58L/5D | score=-13.9±10.6 inv=0.0 played=10.3 lanes=4.3 ddraw=2.4 pts=-14
Step: 4505600  SPS: 4601  ε=0.572  ret=-2.398  score=-39.0  buf=100%  updates=35122
  vs FROZEN-PPO: 5W/97L/0D  win=5% | score=-9.3 inv=0.0 played=9.3 ddraw=3.5
  vs Heur:   6W/106L/3D | score=-12.4±13.7 inv=0.0 played=9.2 lanes=3.8 ddraw=4.3 pts=-12
  vs Random: 98W/2L/0D | score=-18.7±12.4 inv=0.0 played=9.4 lanes=4.2 ddraw=1.6 pts=-19
  Self-play: 52W/49L/2D | score=-12.7±11.4 inv=0.0 played=8.8 lanes=3.7 ddraw=2.3 pts=-13
Step: 4587520  SPS: 4600  ε=0.564  ret=-2.624  score=-42.0  buf=100%  updates=35762
  vs FROZEN-PPO: 13W/90L/3D  win=12% | score=-6.9 inv=0.0 played=9.9 ddraw=3.1
  vs Heur:   10W/101L/1D | score=-11.5±13.5 inv=0.0 played=9.4 lanes=3.7 ddraw=4.3 pts=-12
  vs Random: 103W/2L/0D | score=-16.6±12.4 inv=0.0 played=9.7 lanes=4.1 ddraw=1.6 pts=-17
  Self-play: 49W/52L/2D | score=-8.3±13.5 inv=0.0 played=10.3 lanes=3.9 ddraw=2.6 pts=-8
Step: 4669440  SPS: 4600  ε=0.556  ret=-2.477  score=-36.4  buf=100%  updates=36402
  vs FROZEN-PPO: 8W/100L/0D  win=7% | score=-8.9 inv=0.0 played=10.4 ddraw=3.6
  vs Heur:   11W/94L/1D | score=-12.5±13.0 inv=0.0 played=10.8 lanes=4.4 ddraw=4.5 pts=-12
  vs Random: 101W/0L/0D | score=-14.1±13.4 inv=0.0 played=10.9 lanes=4.5 ddraw=1.9 pts=-14
  Self-play: 51W/49L/2D | score=-5.8±11.7 inv=0.0 played=11.8 lanes=4.4 ddraw=2.5 pts=-6
Step: 4751360  SPS: 4601  ε=0.549  ret=-2.418  score=-34.8  buf=100%  updates=37042
  vs FROZEN-PPO: 13W/90L/0D  win=13% | score=-6.7 inv=0.0 played=11.2 ddraw=3.5
  vs Heur:   9W/98L/1D | score=-10.0±13.1 inv=0.0 played=11.2 lanes=4.4 ddraw=4.5 pts=-10
  vs Random: 103W/2L/0D | score=-7.7±12.5 inv=0.0 played=12.0 lanes=4.6 ddraw=1.8 pts=-8
  Self-play: 51W/46L/3D | score=-6.2±12.9 inv=0.0 played=11.4 lanes=4.3 ddraw=2.4 pts=-6
Step: 4833280  SPS: 4602  ε=0.541  ret=-2.285  score=-34.4  buf=100%  updates=37682
  vs FROZEN-PPO: 11W/93L/0D  win=11% | score=-6.1 inv=0.0 played=11.0 ddraw=3.4
  vs Heur:   10W/94L/0D | score=-9.8±14.3 inv=0.0 played=9.9 lanes=3.9 ddraw=4.5 pts=-10
  vs Random: 108W/1L/0D | score=-12.1±12.9 inv=0.0 played=11.0 lanes=4.4 ddraw=1.8 pts=-12
  Self-play: 47W/54L/1D | score=-9.1±13.4 inv=0.0 played=9.7 lanes=3.8 ddraw=2.5 pts=-9
Step: 4915200  SPS: 4602  ε=0.533  ret=-2.273  score=-36.8  buf=100%  updates=38322
  vs FROZEN-PPO: 9W/97L/0D  win=8% | score=-10.6 inv=0.0 played=11.3 ddraw=3.8
  vs Heur:   11W/90L/0D | score=-10.5±13.7 inv=0.0 played=11.8 lanes=4.5 ddraw=4.6 pts=-10
  vs Random: 104W/2L/0D | score=-11.6±12.4 inv=0.0 played=12.2 lanes=4.7 ddraw=2.1 pts=-12
  Self-play: 51W/48L/3D | score=-6.1±11.5 inv=0.0 played=12.1 lanes=4.4 ddraw=2.5 pts=-6
Step: 4997120  SPS: 4601  ε=0.525  ret=-2.342  score=-36.8  buf=100%  updates=38962
  vs FROZEN-PPO: 10W/96L/2D  win=9% | score=-10.2 inv=0.0 played=11.2 ddraw=3.7
  vs Heur:   11W/87L/3D | score=-10.5±13.9 inv=0.0 played=11.3 lanes=4.4 ddraw=4.5 pts=-11
  vs Random: 111W/1L/0D | score=-11.1±12.6 inv=0.0 played=11.8 lanes=4.6 ddraw=1.8 pts=-11
  Self-play: 58W/44L/3D | score=-4.7±10.5 inv=0.0 played=12.0 lanes=4.4 ddraw=2.6 pts=-5
Step: 5079040  SPS: 4604  ε=0.518  ret=-2.141  score=-34.1  buf=100%  updates=39602
  vs FROZEN-PPO: 6W/98L/0D  win=6% | score=-10.3 inv=0.0 played=10.5 ddraw=3.9
  vs Heur:   17W/88L/2D | score=-10.3±15.5 inv=0.0 played=11.6 lanes=4.5 ddraw=4.6 pts=-10
  vs Random: 104W/0L/0D | score=-10.1±11.2 inv=0.0 played=12.1 lanes=4.7 ddraw=2.1 pts=-10
  Self-play: 55W/45L/3D | score=-5.6±12.5 inv=0.0 played=12.0 lanes=4.5 ddraw=2.5 pts=-6
Step: 5160960  SPS: 4606  ε=0.510  ret=-2.222  score=-35.0  buf=100%  updates=40242
  vs FROZEN-PPO: 11W/94L/0D  win=10% | score=-6.6 inv=0.0 played=12.2 ddraw=3.8
  vs Heur:   13W/92L/1D | score=-7.1±11.6 inv=0.0 played=13.0 lanes=4.7 ddraw=4.6 pts=-7
  vs Random: 106W/0L/0D | score=-8.7±10.3 inv=0.0 played=12.8 lanes=4.7 ddraw=2.0 pts=-9
  Self-play: 56W/51L/2D | score=-2.9±11.8 inv=0.0 played=12.9 lanes=4.5 ddraw=2.6 pts=-3
Step: 5242880  SPS: 4605  ε=0.502  ret=-2.354  score=-37.3  buf=100%  updates=40882
  vs FROZEN-PPO: 14W/91L/0D  win=13% | score=-6.4 inv=0.0 played=11.7 ddraw=3.5
  vs Heur:   14W/96L/0D | score=-8.7±11.7 inv=0.0 played=12.4 lanes=4.6 ddraw=4.5 pts=-9
  vs Random: 104W/0L/0D | score=-7.7±10.8 inv=0.0 played=12.8 lanes=4.8 ddraw=1.5 pts=-8
  Self-play: 39W/64L/2D | score=-4.3±14.3 inv=0.0 played=12.5 lanes=4.5 ddraw=2.5 pts=-4
Step: 5324800  SPS: 4606  ε=0.494  ret=-2.408  score=-35.3  buf=100%  updates=41522
  vs FROZEN-PPO: 9W/92L/2D  win=9% | score=-8.9 inv=0.0 played=11.8 ddraw=3.4
  vs Heur:   15W/91L/1D | score=-9.3±12.8 inv=0.1 played=12.9 lanes=4.8 ddraw=4.5 pts=-9
  vs Random: 105W/0L/0D | score=-6.2±12.0 inv=0.2 played=13.1 lanes=4.8 ddraw=2.2 pts=-6
  Self-play: 43W/56L/2D | score=-5.4±16.1 inv=0.1 played=13.0 lanes=4.7 ddraw=2.5 pts=-5
Step: 5406720  SPS: 4606  ε=0.486  ret=-2.206  score=-33.6  buf=100%  updates=42162
  vs FROZEN-PPO: 9W/93L/1D  win=9% | score=-10.3 inv=0.0 played=11.5 ddraw=3.2
  vs Heur:   15W/90L/0D | score=-10.6±12.0 inv=0.0 played=12.0 lanes=4.6 ddraw=4.4 pts=-11
  vs Random: 108W/0L/0D | score=-7.7±14.3 inv=0.2 played=13.2 lanes=4.9 ddraw=2.0 pts=-8
  Self-play: 55W/49L/0D | score=-2.2±13.2 inv=0.1 played=13.6 lanes=4.6 ddraw=2.4 pts=-2
Step: 5488640  SPS: 4607  ε=0.479  ret=-2.195  score=-31.8  buf=100%  updates=42802
  vs FROZEN-PPO: 8W/89L/3D  win=8% | score=-5.0 inv=0.1 played=12.4 ddraw=3.4
  vs Heur:   18W/82L/1D | score=-7.1±12.9 inv=0.1 played=13.5 lanes=4.8 ddraw=4.4 pts=-7
  vs Random: 107W/0L/0D | score=-3.0±14.1 inv=0.3 played=14.5 lanes=4.9 ddraw=1.8 pts=-3
  Self-play: 40W/62L/2D | score=-3.1±11.8 inv=0.1 played=13.0 lanes=4.5 ddraw=2.6 pts=-3
Step: 5570560  SPS: 4609  ε=0.471  ret=-2.359  score=-34.9  buf=100%  updates=43442
  vs FROZEN-PPO: 11W/90L/1D  win=11% | score=-5.6 inv=0.1 played=11.8 ddraw=3.3
  vs Heur:   29W/80L/1D | score=-4.7±13.3 inv=0.1 played=12.8 lanes=4.6 ddraw=4.3 pts=-5
  vs Random: 100W/0L/0D | score=-4.5±12.3 inv=0.1 played=13.6 lanes=4.8 ddraw=1.6 pts=-4
  Self-play: 58W/46L/2D | score=-2.4±12.8 inv=0.1 played=12.6 lanes=4.4 ddraw=2.7 pts=-2
Step: 5652480  SPS: 4611  ε=0.463  ret=-2.193  score=-31.3  buf=100%  updates=44082
  vs FROZEN-PPO: 19W/81L/0D  win=19% | score=-2.0 inv=0.0 played=12.4 ddraw=2.9
  vs Heur:   20W/84L/4D | score=-4.8±12.2 inv=0.0 played=13.1 lanes=4.7 ddraw=4.4 pts=-5
  vs Random: 103W/1L/0D | score=-3.7±11.9 inv=0.0 played=13.5 lanes=4.8 ddraw=1.7 pts=-4
  Self-play: 46W/55L/1D | score=-1.3±13.0 inv=0.0 played=12.9 lanes=4.5 ddraw=2.3 pts=-1
Step: 5734400  SPS: 4613  ε=0.455  ret=-2.315  score=-29.2  buf=100%  updates=44722
  vs FROZEN-PPO: 11W/87L/3D  win=11% | score=-3.3 inv=0.0 played=12.0 ddraw=3.5
  vs Heur:   15W/85L/2D | score=-7.2±11.7 inv=0.0 played=12.0 lanes=4.4 ddraw=4.5 pts=-7
  vs Random: 105W/1L/1D | score=-11.5±11.3 inv=0.1 played=12.6 lanes=4.8 ddraw=1.7 pts=-12
  Self-play: 44W/55L/2D | score=-5.7±12.3 inv=0.0 played=11.5 lanes=4.2 ddraw=2.5 pts=-6
Step: 5816320  SPS: 4615  ε=0.447  ret=-2.332  score=-30.4  buf=100%  updates=45362
  vs FROZEN-PPO: 15W/85L/1D  win=15% | score=-4.2 inv=0.3 played=12.7 ddraw=3.0
  vs Heur:   17W/83L/1D | score=-4.5±13.5 inv=0.1 played=13.0 lanes=4.6 ddraw=4.4 pts=-5
  vs Random: 110W/0L/0D | score=-11.7±14.0 inv=0.6 played=13.7 lanes=4.8 ddraw=1.7 pts=-12
  Self-play: 53W/54L/1D | score=-3.8±11.8 inv=0.2 played=13.3 lanes=4.6 ddraw=2.4 pts=-4
Step: 5898240  SPS: 4616  ε=0.440  ret=-2.252  score=-30.4  buf=100%  updates=46002
  vs FROZEN-PPO: 19W/81L/2D  win=19% | score=-0.9 inv=0.1 played=13.2 ddraw=3.2
  vs Heur:   14W/91L/0D | score=-7.7±13.2 inv=0.0 played=12.8 lanes=4.6 ddraw=4.4 pts=-8
  vs Random: 100W/1L/0D | score=-6.3±13.1 inv=0.4 played=13.9 lanes=4.8 ddraw=1.7 pts=-6
  Self-play: 43W/59L/4D | score=-3.0±11.6 inv=0.1 played=12.7 lanes=4.4 ddraw=2.6 pts=-3
Step: 5980160  SPS: 4616  ε=0.432  ret=-2.179  score=-30.0  buf=100%  updates=46642
  vs FROZEN-PPO: 15W/86L/0D  win=15% | score=-4.2 inv=0.1 played=12.6 ddraw=3.6
  vs Heur:   19W/90L/0D | score=-3.5±13.1 inv=0.1 played=13.2 lanes=4.7 ddraw=4.3 pts=-3
  vs Random: 107W/0L/0D | score=-1.1±13.1 inv=0.3 played=14.3 lanes=4.9 ddraw=1.6 pts=-1
  Self-play: 46W/60L/3D | score=-1.9±12.4 inv=0.1 played=12.6 lanes=4.3 ddraw=2.7 pts=-2
Step: 6062080  SPS: 4616  ε=0.424  ret=-2.191  score=-29.1  buf=100%  updates=47282
  vs FROZEN-PPO: 11W/91L/0D  win=11% | score=-4.5 inv=0.2 played=12.4 ddraw=3.5
  vs Heur:   11W/94L/1D | score=-5.9±13.7 inv=0.1 played=12.8 lanes=4.6 ddraw=4.3 pts=-6
  vs Random: 105W/0L/0D | score=-3.6±11.0 inv=0.3 played=13.8 lanes=4.8 ddraw=1.6 pts=-4
  Self-play: 46W/57L/3D | score=-6.6±13.9 inv=0.2 played=11.5 lanes=4.3 ddraw=2.5 pts=-7
Step: 6144000  SPS: 4615  ε=0.416  ret=-2.377  score=-30.4  buf=100%  updates=47922
  vs FROZEN-PPO: 26W/83L/1D  win=24% | score=-3.7 inv=0.2 played=11.8 ddraw=3.2
  vs Heur:   16W/92L/2D | score=-6.1±13.6 inv=0.1 played=11.7 lanes=4.3 ddraw=4.3 pts=-6
  vs Random: 103W/0L/0D | score=-0.6±12.9 inv=0.3 played=14.1 lanes=4.7 ddraw=1.6 pts=-1
  Self-play: 52W/54L/2D | score=-2.7±14.4 inv=0.2 played=12.8 lanes=4.4 ddraw=2.6 pts=-3
Step: 6225920  SPS: 4615  ε=0.409  ret=-2.262  score=-27.4  buf=100%  updates=48562
  vs FROZEN-PPO: 20W/81L/0D  win=20% | score=-0.9 inv=0.2 played=12.4 ddraw=2.7
  vs Heur:   23W/76L/2D | score=-4.7±15.2 inv=0.1 played=12.5 lanes=4.4 ddraw=4.2 pts=-5
  vs Random: 100W/0L/0D | score=-1.7±15.6 inv=0.3 played=14.0 lanes=4.8 ddraw=1.3 pts=-2
  Self-play: 50W/51L/1D | score=-1.2±13.6 inv=0.1 played=12.0 lanes=4.2 ddraw=2.5 pts=-1
Step: 6307840  SPS: 4616  ε=0.401  ret=-2.408  score=-31.0  buf=100%  updates=49202
  vs FROZEN-PPO: 19W/90L/0D  win=17% | score=-1.3 inv=0.2 played=10.9 ddraw=3.6
  vs Heur:   21W/81L/2D | score=-6.7±14.2 inv=0.2 played=12.2 lanes=4.5 ddraw=4.4 pts=-7
  vs Random: 100W/0L/0D | score=-3.3±11.7 inv=0.2 played=13.7 lanes=4.7 ddraw=1.5 pts=-3
  Self-play: 44W/53L/6D | score=-5.3±12.4 inv=0.2 played=9.9 lanes=3.6 ddraw=2.4 pts=-5
Step: 6389760  SPS: 4616  ε=0.393  ret=-2.202  score=-25.9  buf=100%  updates=49842
  vs FROZEN-PPO: 17W/82L/1D  win=17% | score=-5.0 inv=0.4 played=11.9 ddraw=3.9
  vs Heur:   15W/93L/1D | score=-6.1±16.2 inv=0.5 played=12.2 lanes=4.2 ddraw=4.3 pts=-6
  vs Random: 105W/1L/0D | score=-8.4±14.0 inv=0.6 played=13.7 lanes=4.9 ddraw=1.6 pts=-8
  Self-play: 51W/50L/1D | score=-5.2±15.2 inv=0.6 played=11.2 lanes=3.9 ddraw=2.6 pts=-5
Step: 6471680  SPS: 4615  ε=0.385  ret=-2.212  score=-27.0  buf=100%  updates=50482
  vs FROZEN-PPO: 12W/88L/0D  win=12% | score=-3.0 inv=0.4 played=9.7 ddraw=3.6
  vs Heur:   14W/89L/1D | score=-7.9±12.4 inv=0.2 played=9.6 lanes=3.7 ddraw=4.4 pts=-8
  vs Random: 102W/1L/0D | score=-7.3±15.6 inv=0.5 played=12.9 lanes=4.7 ddraw=1.8 pts=-7
  Self-play: 52W/52L/0D | score=-5.8±13.8 inv=0.4 played=11.2 lanes=4.0 ddraw=2.5 pts=-6
Step: 6553600  SPS: 4616  ε=0.377  ret=-2.106  score=-24.2  buf=100%  updates=51122
  vs FROZEN-PPO: 18W/84L/0D  win=18% | score=-2.9 inv=0.4 played=11.6 ddraw=3.3
  vs Heur:   25W/81L/2D | score=-2.7±15.5 inv=0.5 played=13.0 lanes=4.4 ddraw=4.2 pts=-3
  vs Random: 103W/0L/0D | score=-3.8±18.3 inv=0.7 played=14.4 lanes=4.8 ddraw=1.2 pts=-4
  Self-play: 41W/61L/0D | score=-3.7±12.6 inv=0.4 played=12.4 lanes=4.2 ddraw=2.5 pts=-4
Step: 6635520  SPS: 4615  ε=0.370  ret=-2.274  score=-27.0  buf=100%  updates=51762
  vs FROZEN-PPO: 10W/95L/2D  win=9% | score=-2.9 inv=0.2 played=9.9 ddraw=3.2
  vs Heur:   21W/84L/2D | score=-5.2±12.7 inv=0.2 played=10.7 lanes=3.9 ddraw=4.3 pts=-5
  vs Random: 101W/2L/0D | score=-5.4±14.8 inv=0.4 played=12.3 lanes=4.3 ddraw=1.3 pts=-5
  Self-play: 58W/44L/2D | score=-1.6±12.4 inv=0.2 played=10.5 lanes=3.6 ddraw=2.8 pts=-2
Step: 6717440  SPS: 4616  ε=0.362  ret=-1.816  score=-20.3  buf=100%  updates=52402
  vs FROZEN-PPO: 13W/90L/0D  win=13% | score=-2.3 inv=0.1 played=10.8 ddraw=3.0
  vs Heur:   22W/76L/4D | score=-3.0±11.8 inv=0.1 played=12.0 lanes=4.2 ddraw=4.2 pts=-3
  vs Random: 102W/2L/1D | score=-3.3±14.2 inv=0.4 played=14.3 lanes=4.8 ddraw=1.5 pts=-3
  Self-play: 44W/60L/2D | score=-3.6±11.1 inv=0.1 played=10.5 lanes=3.7 ddraw=2.4 pts=-4
Step: 6799360  SPS: 4617  ε=0.354  ret=-1.961  score=-21.6  buf=100%  updates=53042
  vs FROZEN-PPO: 12W/89L/1D  win=12% | score=-2.3 inv=0.3 played=10.9 ddraw=3.3
  vs Heur:   22W/83L/4D | score=-2.2±11.4 inv=0.3 played=11.3 lanes=3.9 ddraw=4.1 pts=-2
  vs Random: 106W/2L/0D | score=-8.5±15.9 inv=0.7 played=13.5 lanes=4.7 ddraw=1.4 pts=-9
  Self-play: 54W/45L/4D | score=-2.4±12.9 inv=0.2 played=11.7 lanes=4.0 ddraw=2.7 pts=-2
Step: 6881280  SPS: 4617  ε=0.346  ret=-1.845  score=-22.2  buf=100%  updates=53682
  vs FROZEN-PPO: 23W/80L/0D  win=22% | score=-0.3 inv=0.3 played=12.0 ddraw=3.0
  vs Heur:   27W/71L/2D | score=-4.2±14.6 inv=0.2 played=12.6 lanes=4.4 ddraw=4.5 pts=-4
  vs Random: 104W/2L/0D | score=-4.7±12.4 inv=0.4 played=14.2 lanes=4.8 ddraw=1.4 pts=-5
  Self-play: 54W/48L/0D | score=0.0±10.7 inv=0.1 played=12.5 lanes=4.1 ddraw=2.5 pts=0
Step: 6963200  SPS: 4617  ε=0.339  ret=-2.065  score=-22.9  buf=100%  updates=54322
  vs FROZEN-PPO: 23W/82L/2D  win=21% | score=0.1 inv=0.3 played=11.7 ddraw=3.3
  vs Heur:   17W/82L/1D | score=-5.6±14.7 inv=0.3 played=12.9 lanes=4.5 ddraw=4.5 pts=-6
  vs Random: 101W/1L/0D | score=-5.7±13.3 inv=0.4 played=14.1 lanes=4.8 ddraw=1.3 pts=-6
  Self-play: 53W/50L/2D | score=-0.2±11.8 inv=0.2 played=12.0 lanes=4.0 ddraw=2.6 pts=-0
Step: 7045120  SPS: 4618  ε=0.331  ret=-1.943  score=-21.2  buf=100%  updates=54962
  vs FROZEN-PPO: 15W/93L/0D  win=14% | score=-2.4 inv=0.2 played=10.1 ddraw=3.5
  vs Heur:   16W/91L/0D | score=-4.6±12.2 inv=0.2 played=11.6 lanes=4.1 ddraw=4.4 pts=-5
  vs Random: 99W/1L/0D | score=-3.3±13.7 inv=0.4 played=13.3 lanes=4.6 ddraw=1.5 pts=-3
  Self-play: 56W/46L/3D | score=-1.6±12.1 inv=0.3 played=10.9 lanes=3.7 ddraw=2.6 pts=-2
Step: 7127040  SPS: 4618  ε=0.323  ret=-1.973  score=-22.6  buf=100%  updates=55602
  vs FROZEN-PPO: 17W/93L/1D  win=15% | score=-1.6 inv=0.3 played=12.1 ddraw=3.6
  vs Heur:   24W/84L/0D | score=-4.4±15.6 inv=0.3 played=13.6 lanes=4.6 ddraw=4.5 pts=-4
  vs Random: 108W/0L/0D | score=-0.1±13.3 inv=0.4 played=14.6 lanes=4.8 ddraw=1.6 pts=-0
  Self-play: 49W/58L/2D | score=0.5±14.4 inv=0.2 played=13.2 lanes=4.3 ddraw=2.5 pts=1
Step: 7208960  SPS: 4618  ε=0.315  ret=-1.890  score=-19.4  buf=100%  updates=56242
  vs FROZEN-PPO: 12W/92L/0D  win=12% | score=-1.4 inv=0.4 played=11.6 ddraw=3.6
  vs Heur:   19W/90L/1D | score=-4.4±12.9 inv=0.3 played=13.0 lanes=4.4 ddraw=4.2 pts=-4
  vs Random: 104W/0L/0D | score=0.3±13.0 inv=0.5 played=14.8 lanes=4.8 ddraw=1.6 pts=0
  Self-play: 49W/51L/4D | score=0.1±12.8 inv=0.4 played=12.5 lanes=4.1 ddraw=2.3 pts=0
Step: 7290880  SPS: 4619  ε=0.307  ret=-1.875  score=-21.3  buf=100%  updates=56882
  vs FROZEN-PPO: 22W/83L/0D  win=21% | score=-0.4 inv=0.7 played=14.0 ddraw=3.4
  vs Heur:   21W/83L/2D | score=-4.2±15.6 inv=0.7 played=14.0 lanes=4.7 ddraw=4.3 pts=-4
  vs Random: 103W/0L/0D | score=4.6±14.6 inv=0.7 played=15.7 lanes=4.9 ddraw=1.5 pts=5
  Self-play: 50W/58L/0D | score=0.1±15.0 inv=0.6 played=13.6 lanes=4.4 ddraw=2.5 pts=0
Step: 7372800  SPS: 4620  ε=0.300  ret=-1.769  score=-18.5  buf=100%  updates=57522
  vs FROZEN-PPO: 19W/82L/0D  win=19% | score=-0.3 inv=0.6 played=13.9 ddraw=3.4
  vs Heur:   24W/75L/2D | score=-1.1±13.7 inv=0.7 played=14.0 lanes=4.5 ddraw=4.4 pts=-1
  vs Random: 101W/0L/0D | score=-3.7±15.6 inv=0.9 played=14.7 lanes=4.8 ddraw=1.7 pts=-4
  Self-play: 44W/62L/1D | score=0.6±14.9 inv=0.4 played=12.4 lanes=4.0 ddraw=2.4 pts=1
Step: 7454720  SPS: 4621  ε=0.292  ret=-1.861  score=-21.5  buf=100%  updates=58162
  vs FROZEN-PPO: 15W/87L/2D  win=14% | score=-3.9 inv=0.7 played=13.4 ddraw=3.7
  vs Heur:   25W/81L/1D | score=-4.2±13.4 inv=0.5 played=13.6 lanes=4.5 ddraw=4.5 pts=-4
  vs Random: 104W/1L/0D | score=-4.7±17.3 inv=1.0 played=14.6 lanes=4.8 ddraw=1.7 pts=-5
  Self-play: 46W/62L/2D | score=-3.1±15.4 inv=0.7 played=13.7 lanes=4.5 ddraw=2.6 pts=-3
Step: 7536640  SPS: 4620  ε=0.284  ret=-1.776  score=-18.4  buf=100%  updates=58802
  vs FROZEN-PPO: 24W/75L/1D  win=24% | score=1.0 inv=0.8 played=14.0 ddraw=3.5
  vs Heur:   20W/88L/1D | score=-4.2±14.8 inv=0.8 played=13.6 lanes=4.4 ddraw=4.3 pts=-4
  vs Random: 102W/0L/0D | score=3.5±13.8 inv=1.0 played=16.0 lanes=4.9 ddraw=1.5 pts=3
  Self-play: 43W/58L/1D | score=-1.9±16.9 inv=0.7 played=13.7 lanes=4.4 ddraw=2.5 pts=-2
Step: 7618560  SPS: 4620  ε=0.276  ret=-1.940  score=-17.6  buf=100%  updates=59442
  vs FROZEN-PPO: 18W/81L/2D  win=18% | score=0.5 inv=1.1 played=13.8 ddraw=3.7
  vs Heur:   25W/76L/0D | score=-4.3±16.9 inv=0.8 played=14.3 lanes=4.6 ddraw=4.3 pts=-4
  vs Random: 108W/0L/0D | score=0.5±17.1 inv=1.3 played=15.3 lanes=4.7 ddraw=1.6 pts=1
  Self-play: 58W/45L/1D | score=2.4±18.7 inv=0.9 played=14.0 lanes=4.2 ddraw=2.7 pts=2
Step: 7700480  SPS: 4621  ε=0.268  ret=-1.817  score=-21.9  buf=100%  updates=60082
  vs FROZEN-PPO: 25W/74L/1D  win=25% | score=-0.1 inv=0.6 played=13.7 ddraw=3.5
  vs Heur:   21W/76L/3D | score=-4.9±16.1 inv=0.5 played=13.4 lanes=4.5 ddraw=4.5 pts=-5
  vs Random: 104W/1L/0D | score=2.5±16.6 inv=0.9 played=15.5 lanes=4.8 ddraw=1.2 pts=3
  Self-play: 48W/53L/2D | score=0.7±16.1 inv=0.6 played=12.8 lanes=4.0 ddraw=2.5 pts=1
Step: 7782400  SPS: 4621  ε=0.261  ret=-1.765  score=-18.7  buf=100%  updates=60722
  vs FROZEN-PPO: 17W/87L/1D  win=16% | score=-0.8 inv=0.7 played=13.6 ddraw=3.3
  vs Heur:   22W/80L/1D | score=-4.4±13.9 inv=0.6 played=14.0 lanes=4.6 ddraw=4.5 pts=-4
  vs Random: 110W/1L/0D | score=-2.0±14.2 inv=0.7 played=15.2 lanes=4.8 ddraw=1.3 pts=-2
  Self-play: 46W/48L/6D | score=-0.9±17.2 inv=0.6 played=13.3 lanes=4.2 ddraw=2.6 pts=-1
Step: 7864320  SPS: 4621  ε=0.253  ret=-1.792  score=-17.3  buf=100%  updates=61362
  vs FROZEN-PPO: 16W/83L/1D  win=16% | score=-3.5 inv=1.2 played=13.5 ddraw=3.5
  vs Heur:   31W/75L/1D | score=-4.3±18.5 inv=1.0 played=14.5 lanes=4.6 ddraw=4.5 pts=-4
  vs Random: 105W/1L/0D | score=2.7±16.5 inv=1.2 played=15.9 lanes=4.8 ddraw=1.8 pts=3
  Self-play: 46W/59L/1D | score=-1.2±16.4 inv=1.0 played=14.4 lanes=4.5 ddraw=2.8 pts=-1
Step: 7946240  SPS: 4621  ε=0.245  ret=-1.946  score=-20.1  buf=100%  updates=62002
  vs FROZEN-PPO: 24W/77L/0D  win=24% | score=-1.4 inv=0.9 played=13.4 ddraw=3.5
  vs Heur:   26W/83L/1D | score=-2.1±16.4 inv=0.8 played=14.3 lanes=4.5 ddraw=4.6 pts=-2
  vs Random: 105W/1L/0D | score=2.7±18.0 inv=1.0 played=15.2 lanes=4.8 ddraw=1.3 pts=3
  Self-play: 44W/60L/1D | score=1.4±15.3 inv=0.8 played=13.0 lanes=4.0 ddraw=2.6 pts=1
Step: 8028160  SPS: 4623  ε=0.237  ret=-1.683  score=-17.7  buf=100%  updates=62642
  vs FROZEN-PPO: 20W/85L/1D  win=19% | score=0.0 inv=0.6 played=12.4 ddraw=3.3
  vs Heur:   35W/70L/0D | score=0.6±16.7 inv=0.6 played=13.8 lanes=4.3 ddraw=4.5 pts=1
  vs Random: 103W/0L/0D | score=5.1±14.6 inv=0.9 played=15.4 lanes=4.6 ddraw=1.6 pts=5
  Self-play: 49W/49L/2D | score=5.0±16.4 inv=0.5 played=13.6 lanes=4.1 ddraw=2.4 pts=5
Step: 8110080  SPS: 4623  ε=0.230  ret=-1.776  score=-16.1  buf=100%  updates=63282
  vs FROZEN-PPO: 14W/90L/0D  win=13% | score=-0.3 inv=0.7 played=12.8 ddraw=3.6
  vs Heur:   22W/88L/1D | score=-5.8±16.3 inv=0.8 played=13.1 lanes=4.3 ddraw=4.6 pts=-6
  vs Random: 103W/0L/0D | score=-1.2±15.6 inv=1.0 played=14.9 lanes=4.7 ddraw=1.8 pts=-1
  Self-play: 52W/53L/3D | score=1.2±17.7 inv=0.7 played=13.5 lanes=4.2 ddraw=2.6 pts=1
Step: 8192000  SPS: 4623  ε=0.222  ret=-1.598  score=-12.7  buf=100%  updates=63922
  vs FROZEN-PPO: 18W/84L/1D  win=17% | score=-1.4 inv=0.7 played=11.9 ddraw=3.3
  vs Heur:   30W/77L/0D | score=-1.4±15.0 inv=0.5 played=12.8 lanes=4.1 ddraw=4.4 pts=-1
  vs Random: 106W/0L/0D | score=3.0±15.6 inv=1.1 played=14.9 lanes=4.5 ddraw=1.8 pts=3
  Self-play: 47W/53L/0D | score=-0.1±15.3 inv=0.6 played=12.7 lanes=4.0 ddraw=2.4 pts=-0
Step: 8273920  SPS: 4624  ε=0.214  ret=-1.515  score=-14.5  buf=100%  updates=64562
  vs FROZEN-PPO: 17W/83L/2D  win=17% | score=0.7 inv=1.4 played=13.6 ddraw=3.5
  vs Heur:   28W/77L/0D | score=-1.5±15.3 inv=1.2 played=14.9 lanes=4.6 ddraw=4.4 pts=-1
  vs Random: 103W/1L/0D | score=5.5±19.4 inv=1.6 played=16.0 lanes=4.7 ddraw=1.6 pts=6
  Self-play: 46W/53L/2D | score=-1.9±19.2 inv=1.3 played=14.2 lanes=4.3 ddraw=2.7 pts=-2
Step: 8355840  SPS: 4624  ε=0.206  ret=-1.652  score=-15.1  buf=100%  updates=65202
  vs FROZEN-PPO: 17W/85L/1D  win=17% | score=1.3 inv=0.7 played=12.3 ddraw=3.5
  vs Heur:   28W/67L/5D | score=-0.1±15.6 inv=0.8 played=12.8 lanes=4.0 ddraw=4.4 pts=-0
  vs Random: 100W/0L/0D | score=1.4±15.6 inv=0.9 played=15.0 lanes=4.6 ddraw=1.7 pts=1
  Self-play: 45W/52L/3D | score=1.2±13.6 inv=0.6 played=11.8 lanes=3.7 ddraw=2.5 pts=1
Step: 8437760  SPS: 4625  ε=0.198  ret=-1.502  score=-10.3  buf=100%  updates=65842
  vs FROZEN-PPO: 21W/82L/0D  win=20% | score=2.3 inv=0.9 played=13.1 ddraw=2.8
  vs Heur:   23W/75L/2D | score=-5.2±14.6 inv=1.1 played=14.5 lanes=4.6 ddraw=4.4 pts=-5
  vs Random: 108W/0L/0D | score=-0.8±17.9 inv=1.4 played=15.4 lanes=4.8 ddraw=1.6 pts=-1
  Self-play: 54W/46L/1D | score=3.7±15.7 inv=0.7 played=13.6 lanes=4.1 ddraw=2.4 pts=4
Step: 8519680  SPS: 4625  ε=0.191  ret=-1.598  score=-16.0  buf=100%  updates=66482
  vs FROZEN-PPO: 14W/88L/0D  win=14% | score=-1.5 inv=0.9 played=12.7 ddraw=3.4
  vs Heur:   38W/67L/0D | score=2.5±18.5 inv=1.0 played=14.1 lanes=4.3 ddraw=4.4 pts=3
  vs Random: 108W/3L/0D | score=0.3±15.2 inv=1.1 played=15.5 lanes=4.8 ddraw=1.4 pts=0
  Self-play: 45W/54L/1D | score=0.9±17.0 inv=0.9 played=12.5 lanes=3.8 ddraw=2.6 pts=1
Step: 8601600  SPS: 4626  ε=0.183  ret=-1.598  score=-12.0  buf=100%  updates=67122
  vs FROZEN-PPO: 27W/73L/0D  win=27% | score=4.3 inv=1.6 played=14.9 ddraw=3.4
  vs Heur:   25W/81L/2D | score=-3.0±20.2 inv=1.9 played=14.4 lanes=4.2 ddraw=4.5 pts=-3
  vs Random: 105W/0L/0D | score=0.8±16.1 inv=1.6 played=16.0 lanes=4.7 ddraw=1.9 pts=1
  Self-play: 51W/52L/1D | score=4.2±18.2 inv=1.4 played=14.0 lanes=4.0 ddraw=2.6 pts=4
Step: 8683520  SPS: 4626  ε=0.175  ret=-1.371  score=-8.4  buf=100%  updates=67762
  vs FROZEN-PPO: 25W/77L/1D  win=24% | score=3.0 inv=1.4 played=14.3 ddraw=3.1
  vs Heur:   24W/80L/4D | score=-4.9±20.7 inv=1.8 played=14.9 lanes=4.4 ddraw=4.5 pts=-5
  vs Random: 99W/1L/0D | score=5.8±15.7 inv=1.7 played=16.2 lanes=4.7 ddraw=1.9 pts=6
  Self-play: 61W/45L/0D | score=4.3±17.5 inv=1.1 played=13.8 lanes=4.1 ddraw=2.6 pts=4
Step: 8765440  SPS: 4627  ε=0.167  ret=-1.276  score=-9.4  buf=100%  updates=68402
  vs FROZEN-PPO: 22W/80L/0D  win=22% | score=0.1 inv=1.6 played=14.7 ddraw=3.6
  vs Heur:   33W/72L/2D | score=-6.1±22.0 inv=1.8 played=15.3 lanes=4.6 ddraw=4.5 pts=-6
  vs Random: 100W/0L/0D | score=2.3±16.8 inv=1.6 played=16.2 lanes=4.7 ddraw=1.6 pts=2
  Self-play: 53W/55L/1D | score=0.7±20.3 inv=1.4 played=14.6 lanes=4.2 ddraw=2.4 pts=1
Step: 8847360  SPS: 4626  ε=0.160  ret=-1.442  score=-9.3  buf=100%  updates=69042
  vs FROZEN-PPO: 18W/84L/1D  win=17% | score=-0.6 inv=1.2 played=12.9 ddraw=3.2
  vs Heur:   30W/81L/0D | score=-1.8±17.5 inv=1.3 played=13.9 lanes=4.2 ddraw=4.4 pts=-2
  vs Random: 106W/0L/0D | score=6.0±18.2 inv=1.5 played=15.1 lanes=4.4 ddraw=1.8 pts=6
  Self-play: 48W/58L/0D | score=1.0±21.3 inv=1.3 played=13.4 lanes=4.0 ddraw=2.8 pts=1
Step: 8929280  SPS: 4627  ε=0.152  ret=-1.340  score=-12.4  buf=100%  updates=69682
  vs FROZEN-PPO: 27W/71L/3D  win=27% | score=4.3 inv=1.3 played=14.4 ddraw=3.2
  vs Heur:   27W/81L/1D | score=-6.0±22.8 inv=1.6 played=14.6 lanes=4.4 ddraw=4.4 pts=-6
  vs Random: 105W/0L/0D | score=3.3±18.1 inv=1.6 played=15.9 lanes=4.6 ddraw=1.6 pts=3
  Self-play: 48W/56L/0D | score=0.2±24.6 inv=1.7 played=14.3 lanes=4.2 ddraw=2.6 pts=0
Step: 9011200  SPS: 4627  ε=0.144  ret=-1.530  score=-9.9  buf=100%  updates=70322
  vs FROZEN-PPO: 16W/86L/0D  win=16% | score=-0.5 inv=1.3 played=13.7 ddraw=2.7
  vs Heur:   26W/73L/2D | score=-0.4±20.4 inv=1.6 played=14.7 lanes=4.3 ddraw=4.0 pts=-0
  vs Random: 101W/1L/0D | score=8.0±18.5 inv=1.6 played=16.3 lanes=4.6 ddraw=1.4 pts=8
  Self-play: 52W/52L/1D | score=-1.0±19.6 inv=1.5 played=13.5 lanes=3.9 ddraw=2.4 pts=-1
Step: 9093120  SPS: 4628  ε=0.136  ret=-1.280  score=-6.7  buf=100%  updates=70962
  vs FROZEN-PPO: 21W/80L/0D  win=21% | score=1.2 inv=1.5 played=13.4 ddraw=3.3
  vs Heur:   29W/73L/0D | score=-0.5±19.6 inv=1.8 played=14.8 lanes=4.3 ddraw=4.3 pts=-1
  vs Random: 105W/0L/0D | score=7.4±16.6 inv=1.7 played=16.6 lanes=4.7 ddraw=1.7 pts=7
  Self-play: 63W/46L/1D | score=1.5±21.0 inv=1.5 played=13.5 lanes=3.9 ddraw=2.2 pts=2
Step: 9175040  SPS: 4628  ε=0.128  ret=-1.134  score=-7.3  buf=100%  updates=71602
  vs FROZEN-PPO: 9W/92L/1D  win=9% | score=-1.7 inv=1.2 played=10.9 ddraw=3.1
  vs Heur:   28W/71L/1D | score=0.6±15.9 inv=1.2 played=12.7 lanes=3.8 ddraw=4.2 pts=1
  vs Random: 107W/0L/0D | score=2.7±16.2 inv=1.5 played=14.6 lanes=4.3 ddraw=1.3 pts=3
  Self-play: 46W/56L/3D | score=-0.7±16.6 inv=1.1 played=10.9 lanes=3.3 ddraw=2.2 pts=-1
Step: 9256960  SPS: 4628  ε=0.121  ret=-1.833  score=-12.3  buf=100%  updates=72242
  vs FROZEN-PPO: 25W/74L/2D  win=25% | score=2.2 inv=1.2 played=13.6 ddraw=2.9
  vs Heur:   36W/66L/2D | score=1.2±18.9 inv=1.6 played=14.5 lanes=4.2 ddraw=4.2 pts=1
  vs Random: 109W/0L/0D | score=5.3±20.9 inv=1.7 played=15.7 lanes=4.5 ddraw=1.6 pts=5
  Self-play: 49W/57L/1D | score=-1.7±20.1 inv=1.2 played=12.5 lanes=3.7 ddraw=2.6 pts=-2
Step: 9338880  SPS: 4628  ε=0.113  ret=-1.255  score=-9.0  buf=100%  updates=72882
  vs FROZEN-PPO: 22W/79L/0D  win=22% | score=0.0 inv=1.6 played=13.5 ddraw=3.0
  vs Heur:   25W/75L/1D | score=-4.4±22.6 inv=1.4 played=13.7 lanes=4.1 ddraw=4.2 pts=-4
  vs Random: 103W/0L/0D | score=4.8±17.7 inv=1.6 played=16.0 lanes=4.7 ddraw=1.7 pts=5
  Self-play: 48W/54L/1D | score=2.2±20.4 inv=1.3 played=12.9 lanes=3.7 ddraw=2.3 pts=2
Step: 9420800  SPS: 4629  ε=0.105  ret=-1.360  score=-6.4  buf=100%  updates=73522
  vs FROZEN-PPO: 25W/80L/0D  win=24% | score=0.4 inv=1.3 played=13.0 ddraw=3.5
  vs Heur:   39W/66L/1D | score=1.3±24.7 inv=1.6 played=14.3 lanes=4.1 ddraw=4.5 pts=1
  vs Random: 104W/2L/0D | score=8.9±20.0 inv=1.8 played=15.5 lanes=4.3 ddraw=1.7 pts=9
  Self-play: 55W/48L/1D | score=2.9±18.9 inv=1.4 played=13.0 lanes=3.7 ddraw=2.8 pts=3
Step: 9502720  SPS: 4628  ε=0.097  ret=-1.109  score=-7.0  buf=100%  updates=74162
  vs FROZEN-PPO: 26W/73L/1D  win=26% | score=1.8 inv=1.2 played=11.8 ddraw=2.7
  vs Heur:   32W/68L/4D | score=-1.4±20.5 inv=1.3 played=13.3 lanes=4.0 ddraw=4.2 pts=-1
  vs Random: 108W/0L/0D | score=3.8±16.6 inv=1.5 played=13.7 lanes=4.1 ddraw=1.3 pts=4
  Self-play: 64W/47L/0D | score=4.4±17.1 inv=1.0 played=11.6 lanes=3.4 ddraw=2.4 pts=4
Step: 9584640  SPS: 4628  ε=0.089  ret=-1.089  score=-2.5  buf=100%  updates=74802
  vs FROZEN-PPO: 27W/79L/0D  win=25% | score=4.5 inv=1.4 played=13.7 ddraw=2.5
  vs Heur:   31W/70L/0D | score=-2.0±18.9 inv=1.7 played=14.3 lanes=4.3 ddraw=4.3 pts=-2
  vs Random: 100W/1L/0D | score=5.7±19.0 inv=1.6 played=15.4 lanes=4.5 ddraw=1.7 pts=6
  Self-play: 51W/46L/3D | score=1.6±21.2 inv=1.2 played=12.7 lanes=3.8 ddraw=2.5 pts=2
Step: 9666560  SPS: 4628  ε=0.082  ret=-1.248  score=-3.8  buf=100%  updates=75442
  vs FROZEN-PPO: 20W/83L/0D  win=19% | score=2.3 inv=1.1 played=11.5 ddraw=2.8
  vs Heur:   29W/76L/1D | score=-1.4±18.7 inv=1.3 played=12.4 lanes=3.7 ddraw=4.2 pts=-1
  vs Random: 106W/0L/1D | score=2.3±16.3 inv=1.4 played=14.2 lanes=4.3 ddraw=1.7 pts=2
  Self-play: 47W/55L/2D | score=1.9±16.5 inv=1.1 played=12.3 lanes=3.7 ddraw=2.5 pts=2
Step: 9748480  SPS: 4627  ε=0.074  ret=-1.466  score=-5.3  buf=100%  updates=76082
  vs FROZEN-PPO: 19W/79L/2D  win=19% | score=0.8 inv=1.2 played=11.2 ddraw=2.9
  vs Heur:   23W/78L/0D | score=-4.0±18.9 inv=1.4 played=13.0 lanes=3.9 ddraw=4.2 pts=-4
  vs Random: 108W/0L/0D | score=1.8±20.8 inv=1.6 played=14.8 lanes=4.4 ddraw=1.6 pts=2
  Self-play: 47W/59L/3D | score=-1.5±17.9 inv=1.4 played=12.2 lanes=3.7 ddraw=2.7 pts=-1
Step: 9830400  SPS: 4627  ε=0.066  ret=-1.107  score=-3.1  buf=100%  updates=76722
  vs FROZEN-PPO: 28W/73L/0D  win=28% | score=1.1 inv=1.2 played=11.1 ddraw=2.5
  vs Heur:   32W/75L/2D | score=-0.8±19.7 inv=1.2 played=12.0 lanes=3.8 ddraw=4.1 pts=-1
  vs Random: 100W/1L/0D | score=0.4±16.7 inv=1.4 played=14.2 lanes=4.3 ddraw=1.3 pts=0
  Self-play: 49W/54L/6D | score=0.1±17.8 inv=1.1 played=11.0 lanes=3.4 ddraw=2.3 pts=0
Step: 9912320  SPS: 4627  ε=0.058  ret=-1.263  score=-3.1  buf=100%  updates=77362
  vs FROZEN-PPO: 26W/79L/1D  win=25% | score=3.6 inv=1.0 played=10.7 ddraw=2.7
  vs Heur:   24W/80L/1D | score=-4.3±19.6 inv=1.2 played=12.1 lanes=3.9 ddraw=3.8 pts=-4
  vs Random: 105W/0L/1D | score=5.3±18.3 inv=1.3 played=14.0 lanes=4.2 ddraw=1.3 pts=5
  Self-play: 50W/55L/2D | score=2.6±16.8 inv=1.1 played=12.1 lanes=3.7 ddraw=2.6 pts=3
Step: 9994240  SPS: 4627  ε=0.051  ret=-1.200  score=-0.9  buf=100%  updates=78002
  vs FROZEN-PPO: 22W/79L/0D  win=22% | score=5.2 inv=0.7 played=10.9 ddraw=2.6
  vs Heur:   27W/76L/2D | score=1.2±17.6 inv=0.8 played=11.6 lanes=3.6 ddraw=4.1 pts=1
  vs Random: 100W/0L/0D | score=2.2±15.9 inv=1.2 played=14.0 lanes=4.3 ddraw=1.5 pts=2
  Self-play: 44W/56L/4D | score=1.3±16.9 inv=0.7 played=11.3 lanes=3.6 ddraw=2.5 pts=1
Step: 10076160  SPS: 4628  ε=0.050  ret=-1.045  score=0.6  buf=100%  updates=78642
  vs FROZEN-PPO: 23W/78L/1D  win=23% | score=4.5 inv=0.9 played=10.3 ddraw=2.7
  vs Heur:   32W/65L/3D | score=2.4±19.2 inv=1.0 played=11.4 lanes=3.5 ddraw=4.1 pts=2
  vs Random: 100W/0L/0D | score=6.0±16.0 inv=1.4 played=14.7 lanes=4.3 ddraw=1.6 pts=6
  Self-play: 42W/60L/4D | score=0.0±18.7 inv=0.9 played=10.5 lanes=3.2 ddraw=2.5 pts=0
Step: 10158080  SPS: 4628  ε=0.050  ret=-0.836  score=1.6  buf=100%  updates=79282
  vs FROZEN-PPO: 24W/75L/1D  win=24% | score=5.5 inv=0.9 played=11.4 ddraw=2.6
  vs Heur:   33W/68L/1D | score=2.4±14.5 inv=0.7 played=11.4 lanes=3.6 ddraw=3.9 pts=2
  vs Random: 107W/1L/0D | score=3.9±18.4 inv=1.4 played=14.4 lanes=4.3 ddraw=1.5 pts=4
  Self-play: 48W/61L/0D | score=-0.0±14.7 inv=0.7 played=10.7 lanes=3.5 ddraw=2.6 pts=-0
Step: 10240000  SPS: 4628  ε=0.050  ret=-1.296  score=-2.9  buf=100%  updates=79922
  vs FROZEN-PPO: 22W/81L/0D  win=21% | score=2.1 inv=1.0 played=11.5 ddraw=2.4
  vs Heur:   30W/68L/2D | score=0.0±17.2 inv=1.1 played=11.2 lanes=3.4 ddraw=4.0 pts=0
  vs Random: 103W/0L/0D | score=7.2±18.0 inv=1.3 played=14.4 lanes=4.2 ddraw=1.8 pts=7
  Self-play: 45W/59L/2D | score=1.0±17.0 inv=1.0 played=10.8 lanes=3.3 ddraw=2.5 pts=1
Step: 10321920  SPS: 4629  ε=0.050  ret=-1.169  score=-2.0  buf=100%  updates=80562
  vs FROZEN-PPO: 23W/78L/1D  win=23% | score=1.9 inv=1.1 played=11.5 ddraw=2.5
  vs Heur:   24W/75L/2D | score=-0.2±17.1 inv=1.2 played=11.5 lanes=3.4 ddraw=4.1 pts=-0
  vs Random: 105W/0L/0D | score=7.8±19.1 inv=1.4 played=14.9 lanes=4.3 ddraw=1.4 pts=8
  Self-play: 42W/57L/3D | score=-0.8±13.5 inv=0.8 played=10.1 lanes=3.2 ddraw=2.4 pts=-1
Step: 10403840  SPS: 4630  ε=0.050  ret=-0.800  score=1.6  buf=100%  updates=81202
  vs FROZEN-PPO: 24W/73L/3D  win=24% | score=1.9 inv=1.0 played=12.4 ddraw=1.8
  vs Heur:   37W/65L/1D | score=1.9±19.6 inv=1.3 played=14.0 lanes=4.1 ddraw=3.7 pts=2
  vs Random: 106W/1L/0D | score=6.4±18.3 inv=1.4 played=15.4 lanes=4.6 ddraw=1.7 pts=6
  Self-play: 55W/56L/1D | score=3.1±23.6 inv=1.1 played=12.7 lanes=3.8 ddraw=2.4 pts=3
Step: 10485760  SPS: 4631  ε=0.050  ret=-0.893  score=-0.3  buf=100%  updates=81842
  vs FROZEN-PPO: 20W/81L/1D  win=20% | score=0.1 inv=1.4 played=12.2 ddraw=2.7
  vs Heur:   28W/69L/3D | score=0.7±17.9 inv=1.5 played=12.9 lanes=3.9 ddraw=4.0 pts=1
  vs Random: 105W/1L/0D | score=5.4±18.3 inv=1.4 played=14.0 lanes=4.1 ddraw=1.4 pts=5
  Self-play: 51W/56L/0D | score=3.7±22.3 inv=1.3 played=11.2 lanes=3.3 ddraw=2.1 pts=4
Step: 10567680  SPS: 4630  ε=0.050  ret=-1.192  score=-2.5  buf=100%  updates=82482
  vs FROZEN-PPO: 26W/78L/1D  win=25% | score=2.1 inv=0.9 played=11.8 ddraw=2.3
  vs Heur:   31W/75L/3D | score=-0.4±17.3 inv=1.3 played=12.7 lanes=3.9 ddraw=4.0 pts=-0
  vs Random: 108W/0L/0D | score=6.6±15.2 inv=1.3 played=14.4 lanes=4.2 ddraw=1.5 pts=7
  Self-play: 45W/53L/3D | score=2.8±19.9 inv=0.9 played=12.0 lanes=3.6 ddraw=2.6 pts=3
Step: 10649600  SPS: 4630  ε=0.050  ret=-1.250  score=-4.3  buf=100%  updates=83122
  vs FROZEN-PPO: 21W/78L/2D  win=21% | score=0.9 inv=1.3 played=11.5 ddraw=2.1
  vs Heur:   34W/66L/3D | score=0.5±17.4 inv=1.1 played=12.0 lanes=3.7 ddraw=3.9 pts=1
  vs Random: 107W/0L/0D | score=5.9±17.7 inv=1.4 played=14.8 lanes=4.4 ddraw=1.4 pts=6
  Self-play: 41W/56L/3D | score=-2.1±15.7 inv=0.9 played=11.0 lanes=3.5 ddraw=2.5 pts=-2
Step: 10731520  SPS: 4630  ε=0.050  ret=-0.879  score=1.4  buf=100%  updates=83762
  vs FROZEN-PPO: 31W/69L/0D  win=31% | score=4.9 inv=1.0 played=12.1 ddraw=2.7
  vs Heur:   17W/81L/3D | score=-1.5±16.4 inv=1.2 played=12.2 lanes=3.8 ddraw=3.9 pts=-1
  vs Random: 105W/0L/0D | score=7.4±15.4 inv=1.3 played=14.6 lanes=4.2 ddraw=1.2 pts=7
  Self-play: 47W/55L/4D | score=0.8±16.9 inv=1.1 played=11.6 lanes=3.6 ddraw=2.4 pts=1
Step: 10813440  SPS: 4630  ε=0.050  ret=-1.031  score=-2.1  buf=100%  updates=84402
  vs FROZEN-PPO: 25W/77L/0D  win=25% | score=4.6 inv=0.8 played=12.0 ddraw=2.0
  vs Heur:   27W/72L/2D | score=0.4±16.9 inv=0.8 played=12.3 lanes=3.9 ddraw=4.1 pts=0
  vs Random: 105W/0L/0D | score=4.1±16.1 inv=1.2 played=14.0 lanes=4.2 ddraw=1.6 pts=4
  Self-play: 45W/62L/3D | score=-0.1±15.6 inv=0.8 played=10.9 lanes=3.5 ddraw=2.5 pts=-0
Step: 10895360  SPS: 4630  ε=0.050  ret=-1.052  score=-1.2  buf=100%  updates=85042
  vs FROZEN-PPO: 24W/77L/1D  win=24% | score=4.2 inv=0.9 played=12.4 ddraw=3.6
  vs Heur:   28W/75L/0D | score=-0.3±18.4 inv=1.1 played=12.5 lanes=3.9 ddraw=4.3 pts=-0
  vs Random: 101W/1L/0D | score=3.0±19.0 inv=1.2 played=14.2 lanes=4.3 ddraw=1.5 pts=3
  Self-play: 48W/57L/1D | score=1.3±18.3 inv=1.0 played=11.8 lanes=3.6 ddraw=2.7 pts=1
Step: 10977280  SPS: 4630  ε=0.050  ret=-0.952  score=-0.8  buf=100%  updates=85682
  vs FROZEN-PPO: 32W/69L/0D  win=32% | score=3.4 inv=1.3 played=13.2 ddraw=2.9
  vs Heur:   35W/73L/0D | score=-0.5±17.8 inv=1.5 played=14.2 lanes=4.2 ddraw=4.2 pts=-1
  vs Random: 100W/1L/0D | score=5.1±18.9 inv=1.6 played=14.8 lanes=4.2 ddraw=1.7 pts=5
  Self-play: 49W/59L/3D | score=1.8±15.9 inv=1.3 played=12.3 lanes=3.7 ddraw=2.4 pts=2
Step: 11059200  SPS: 4629  ε=0.050  ret=-1.127  score=-2.9  buf=100%  updates=86322
  vs FROZEN-PPO: 25W/77L/0D  win=25% | score=3.6 inv=0.9 played=12.2 ddraw=2.9
  vs Heur:   29W/73L/1D | score=2.2±16.7 inv=1.0 played=13.5 lanes=4.1 ddraw=4.1 pts=2
  vs Random: 107W/1L/0D | score=9.9±20.4 inv=1.3 played=14.8 lanes=4.2 ddraw=1.3 pts=10
  Self-play: 55W/49L/2D | score=3.1±18.2 inv=0.9 played=12.0 lanes=3.7 ddraw=2.6 pts=3
Step: 11141120  SPS: 4629  ε=0.050  ret=-1.002  score=-2.1  buf=100%  updates=86962
  vs FROZEN-PPO: 23W/77L/0D  win=23% | score=2.2 inv=1.3 played=13.2 ddraw=2.8
  vs Heur:   26W/75L/2D | score=-0.7±20.5 inv=1.4 played=13.2 lanes=4.0 ddraw=4.2 pts=-1
  vs Random: 104W/1L/0D | score=6.3±19.2 inv=1.6 played=15.0 lanes=4.4 ddraw=1.2 pts=6
  Self-play: 47W/55L/2D | score=4.5±20.5 inv=1.2 played=12.4 lanes=3.6 ddraw=2.7 pts=5
Step: 11223040  SPS: 4628  ε=0.050  ret=-1.069  score=-3.2  buf=100%  updates=87602
  vs FROZEN-PPO: 19W/80L/1D  win=19% | score=-0.3 inv=1.3 played=12.4 ddraw=2.8
  vs Heur:   33W/73L/3D | score=-2.0±19.3 inv=1.4 played=13.1 lanes=4.0 ddraw=4.0 pts=-2
  vs Random: 104W/0L/0D | score=10.1±16.6 inv=1.4 played=14.4 lanes=4.1 ddraw=1.4 pts=10
  Self-play: 43W/55L/2D | score=-0.6±19.5 inv=1.1 played=12.2 lanes=3.7 ddraw=2.5 pts=-1
Step: 11304960  SPS: 4628  ε=0.050  ret=-0.965  score=-0.7  buf=100%  updates=88242
  vs FROZEN-PPO: 27W/74L/1D  win=26% | score=5.0 inv=1.3 played=13.6 ddraw=3.2
  vs Heur:   33W/70L/3D | score=3.4±20.9 inv=1.6 played=13.9 lanes=3.9 ddraw=4.4 pts=3
  vs Random: 104W/0L/0D | score=9.8±20.2 inv=1.6 played=15.7 lanes=4.4 ddraw=1.2 pts=10
  Self-play: 46W/54L/3D | score=4.1±20.1 inv=1.3 played=13.4 lanes=3.8 ddraw=2.7 pts=4
Step: 11386880  SPS: 4628  ε=0.050  ret=-1.015  score=-0.5  buf=100%  updates=88882
  vs FROZEN-PPO: 24W/77L/3D  win=23% | score=-0.8 inv=1.7 played=14.0 ddraw=2.9
  vs Heur:   33W/66L/1D | score=-0.1±22.0 inv=1.4 played=13.9 lanes=4.1 ddraw=4.1 pts=-0
  vs Random: 107W/1L/0D | score=5.7±18.5 inv=1.6 played=15.6 lanes=4.5 ddraw=1.5 pts=6
  Self-play: 46W/54L/2D | score=5.5±21.0 inv=1.3 played=13.5 lanes=4.0 ddraw=2.5 pts=6
Step: 11468800  SPS: 4629  ε=0.050  ret=-1.072  score=1.4  buf=100%  updates=89522
  vs FROZEN-PPO: 25W/73L/2D  win=25% | score=4.1 inv=1.2 played=12.7 ddraw=3.0
  vs Heur:   37W/77L/1D | score=-2.2±21.1 inv=1.6 played=13.4 lanes=4.0 ddraw=4.1 pts=-2
  vs Random: 105W/0L/1D | score=7.8±15.9 inv=1.6 played=15.7 lanes=4.5 ddraw=1.1 pts=8
  Self-play: 49W/54L/2D | score=2.6±22.5 inv=1.4 played=12.8 lanes=3.7 ddraw=2.5 pts=3
Step: 11550720  SPS: 4628  ε=0.050  ret=-1.337  score=-2.6  buf=100%  updates=90162
  vs FROZEN-PPO: 29W/73L/0D  win=28% | score=-0.4 inv=1.7 played=13.8 ddraw=3.1
  vs Heur:   39W/66L/2D | score=1.9±20.3 inv=1.6 played=14.5 lanes=4.1 ddraw=4.3 pts=2
  vs Random: 103W/4L/0D | score=11.5±21.4 inv=1.5 played=16.0 lanes=4.4 ddraw=1.3 pts=11
  Self-play: 56W/47L/4D | score=6.0±19.5 inv=1.3 played=13.4 lanes=3.8 ddraw=2.5 pts=6
Step: 11632640  SPS: 4628  ε=0.050  ret=-0.940  score=1.3  buf=100%  updates=90802
  vs FROZEN-PPO: 21W/78L/1D  win=21% | score=2.0 inv=1.4 played=13.3 ddraw=2.8
  vs Heur:   28W/72L/0D | score=0.5±17.5 inv=1.3 played=13.8 lanes=4.1 ddraw=4.1 pts=1
  vs Random: 106W/0L/0D | score=6.0±16.2 inv=1.5 played=15.6 lanes=4.5 ddraw=1.2 pts=6
  Self-play: 34W/65L/3D | score=-0.8±17.2 inv=1.2 played=12.4 lanes=3.7 ddraw=2.4 pts=-1
Step: 11714560  SPS: 4628  ε=0.050  ret=-1.153  score=-2.5  buf=100%  updates=91442
  vs FROZEN-PPO: 28W/72L/1D  win=28% | score=5.4 inv=1.3 played=12.9 ddraw=3.0
  vs Heur:   27W/73L/2D | score=-0.8±17.2 inv=1.3 played=13.9 lanes=4.2 ddraw=4.1 pts=-1
  vs Random: 101W/0L/0D | score=9.8±19.5 inv=1.5 played=15.9 lanes=4.6 ddraw=1.1 pts=10
  Self-play: 48W/59L/1D | score=0.6±17.8 inv=1.4 played=13.1 lanes=3.9 ddraw=2.4 pts=1
Step: 11796480  SPS: 4628  ε=0.050  ret=-0.938  score=-1.0  buf=100%  updates=92082
  vs FROZEN-PPO: 27W/74L/3D  win=26% | score=4.3 inv=1.3 played=13.3 ddraw=2.5
  vs Heur:   23W/82L/1D | score=-1.3±20.5 inv=1.4 played=13.7 lanes=4.1 ddraw=4.2 pts=-1
  vs Random: 99W/1L/0D | score=13.4±19.9 inv=1.3 played=16.3 lanes=4.6 ddraw=1.0 pts=13
  Self-play: 44W/56L/1D | score=2.6±20.5 inv=1.3 played=12.9 lanes=3.8 ddraw=2.5 pts=3
Step: 11878400  SPS: 4628  ε=0.050  ret=-1.016  score=-3.4  buf=100%  updates=92722
  vs FROZEN-PPO: 26W/74L/0D  win=26% | score=1.2 inv=1.2 played=12.9 ddraw=3.0
  vs Heur:   29W/73L/0D | score=-2.3±16.9 inv=1.3 played=13.2 lanes=4.1 ddraw=4.5 pts=-2
  vs Random: 106W/0L/0D | score=7.3±16.4 inv=1.4 played=15.7 lanes=4.5 ddraw=1.2 pts=7
  Self-play: 56W/48L/0D | score=5.7±18.8 inv=0.9 played=12.7 lanes=3.8 ddraw=2.6 pts=6
Step: 11960320  SPS: 4628  ε=0.050  ret=-0.878  score=4.0  buf=100%  updates=93362
  vs FROZEN-PPO: 33W/67L/1D  win=33% | score=4.9 inv=1.4 played=13.0 ddraw=2.5
  vs Heur:   29W/67L/4D | score=-1.4±19.5 inv=1.3 played=13.3 lanes=4.0 ddraw=4.2 pts=-1
  vs Random: 107W/0L/0D | score=8.2±17.5 inv=1.4 played=15.2 lanes=4.4 ddraw=1.3 pts=8
  Self-play: 61W/46L/2D | score=5.3±18.3 inv=1.2 played=12.5 lanes=3.6 ddraw=2.3 pts=5
Step: 12042240  SPS: 4627  ε=0.050  ret=-0.616  score=4.5  buf=100%  updates=94002
  vs FROZEN-PPO: 20W/80L/1D  win=20% | score=4.0 inv=1.0 played=11.3 ddraw=2.0
  vs Heur:   24W/78L/1D | score=-2.1±18.3 inv=1.0 played=12.5 lanes=3.8 ddraw=3.9 pts=-2
  vs Random: 100W/0L/0D | score=7.5±18.2 inv=1.1 played=14.5 lanes=4.2 ddraw=0.8 pts=7
  Self-play: 43W/61L/2D | score=-1.4±16.6 inv=1.0 played=10.6 lanes=3.3 ddraw=2.3 pts=-1
Step: 12124160  SPS: 4627  ε=0.050  ret=-1.058  score=1.5  buf=100%  updates=94642
  vs FROZEN-PPO: 18W/82L/1D  win=18% | score=1.9 inv=1.0 played=12.6 ddraw=2.5
  vs Heur:   33W/74L/2D | score=-0.3±17.6 inv=1.1 played=13.5 lanes=4.1 ddraw=4.3 pts=-0
  vs Random: 106W/1L/0D | score=4.9±16.2 inv=1.3 played=15.0 lanes=4.4 ddraw=0.8 pts=5
  Self-play: 58W/47L/2D | score=4.0±17.8 inv=0.9 played=12.1 lanes=3.6 ddraw=2.1 pts=4
Step: 12206080  SPS: 4627  ε=0.050  ret=-0.882  score=0.8  buf=100%  updates=95282
  vs FROZEN-PPO: 23W/76L/1D  win=23% | score=3.6 inv=1.2 played=12.1 ddraw=2.5
  vs Heur:   40W/58L/2D | score=4.0±17.9 inv=1.0 played=13.1 lanes=3.9 ddraw=4.2 pts=4
  vs Random: 108W/0L/0D | score=9.0±19.2 inv=1.5 played=14.8 lanes=4.2 ddraw=1.0 pts=9
  Self-play: 52W/54L/1D | score=3.7±18.1 inv=1.0 played=12.0 lanes=3.5 ddraw=2.5 pts=4
Step: 12288000  SPS: 4627  ε=0.050  ret=-0.801  score=2.3  buf=100%  updates=95922
  vs FROZEN-PPO: 33W/71L/0D  win=32% | score=5.3 inv=1.3 played=13.3 ddraw=2.4
  vs Heur:   43W/68L/1D | score=0.1±18.3 inv=1.5 played=14.3 lanes=4.2 ddraw=4.0 pts=0
  vs Random: 108W/1L/0D | score=9.7±19.2 inv=1.5 played=15.9 lanes=4.4 ddraw=1.0 pts=10
  Self-play: 60W/46L/1D | score=3.4±18.2 inv=1.4 played=13.2 lanes=3.8 ddraw=2.5 pts=3
Step: 12369920  SPS: 4627  ε=0.050  ret=-1.159  score=-1.9  buf=100%  updates=96562
  vs FROZEN-PPO: 22W/77L/1D  win=22% | score=2.9 inv=1.2 played=11.8 ddraw=2.1
  vs Heur:   32W/75L/2D | score=0.8±15.2 inv=1.2 played=13.2 lanes=4.0 ddraw=4.2 pts=1
  vs Random: 108W/0L/0D | score=10.9±16.2 inv=1.6 played=15.2 lanes=4.2 ddraw=1.0 pts=11
  Self-play: 44W/65L/2D | score=1.5±17.1 inv=1.1 played=11.5 lanes=3.4 ddraw=2.5 pts=2
Step: 12451840  SPS: 4627  ε=0.050  ret=-1.023  score=-3.5  buf=100%  updates=97202
  vs FROZEN-PPO: 22W/79L/0D  win=22% | score=1.8 inv=1.3 played=12.6 ddraw=2.5
  vs Heur:   37W/64L/2D | score=4.0±19.4 inv=1.4 played=13.8 lanes=4.1 ddraw=4.1 pts=4
  vs Random: 102W/1L/0D | score=10.5±20.1 inv=1.7 played=15.4 lanes=4.3 ddraw=1.1 pts=10
  Self-play: 51W/50L/3D | score=3.8±18.4 inv=1.2 played=11.7 lanes=3.4 ddraw=2.2 pts=4
Step: 12533760  SPS: 4626  ε=0.050  ret=-1.015  score=-2.5  buf=100%  updates=97842
  vs FROZEN-PPO: 25W/75L/1D  win=25% | score=4.6 inv=1.2 played=11.6 ddraw=2.0
  vs Heur:   41W/66L/2D | score=4.6±17.1 inv=1.0 played=12.8 lanes=3.8 ddraw=3.8 pts=5
  vs Random: 108W/0L/0D | score=7.3±15.8 inv=1.6 played=15.4 lanes=4.4 ddraw=0.9 pts=7
  Self-play: 52W/55L/3D | score=5.3±16.5 inv=1.0 played=12.0 lanes=3.5 ddraw=2.3 pts=5
Step: 12615680  SPS: 4626  ε=0.050  ret=-0.990  score=-2.0  buf=100%  updates=98482
  vs FROZEN-PPO: 19W/81L/0D  win=19% | score=1.6 inv=1.3 played=13.3 ddraw=2.6
  vs Heur:   25W/73L/2D | score=-0.5±21.1 inv=1.6 played=13.6 lanes=4.1 ddraw=4.2 pts=-1
  vs Random: 105W/0L/0D | score=12.3±21.4 inv=1.8 played=15.1 lanes=4.2 ddraw=1.1 pts=12
  Self-play: 45W/59L/1D | score=1.1±17.1 inv=1.2 played=13.0 lanes=3.9 ddraw=2.8 pts=1
Step: 12697600  SPS: 4626  ε=0.050  ret=-1.256  score=-4.1  buf=100%  updates=99122
  vs FROZEN-PPO: 27W/73L/0D  win=27% | score=2.5 inv=1.5 played=12.9 ddraw=2.6
  vs Heur:   27W/76L/6D | score=0.2±21.6 inv=1.5 played=12.9 lanes=3.8 ddraw=4.2 pts=0
  vs Random: 107W/1L/0D | score=5.7±20.2 inv=1.8 played=15.8 lanes=4.5 ddraw=1.3 pts=6
  Self-play: 55W/46L/0D | score=2.7±16.5 inv=1.3 played=12.4 lanes=3.6 ddraw=2.4 pts=3
Step: 12779520  SPS: 4625  ε=0.050  ret=-0.881  score=0.6  buf=100%  updates=99762
  vs FROZEN-PPO: 28W/74L/0D  win=27% | score=2.9 inv=1.4 played=12.4 ddraw=2.7
  vs Heur:   32W/71L/3D | score=-0.6±19.6 inv=1.4 played=11.7 lanes=3.5 ddraw=4.1 pts=-1
  vs Random: 105W/1L/0D | score=6.6±21.3 inv=1.7 played=14.8 lanes=4.2 ddraw=1.1 pts=7
  Self-play: 53W/47L/1D | score=4.1±19.6 inv=1.4 played=12.3 lanes=3.5 ddraw=2.6 pts=4
Step: 12861440  SPS: 4625  ε=0.050  ret=-0.903  score=-1.7  buf=100%  updates=100402
  vs FROZEN-PPO: 27W/73L/0D  win=27% | score=3.7 inv=1.8 played=14.3 ddraw=2.3
  vs Heur:   41W/58L/1D | score=0.1±18.6 inv=1.6 played=13.8 lanes=4.1 ddraw=4.0 pts=0
  vs Random: 104W/0L/0D | score=9.5±18.9 inv=2.1 played=16.2 lanes=4.5 ddraw=0.8 pts=9
  Self-play: 62W/42L/2D | score=6.0±19.8 inv=1.4 played=13.9 lanes=4.0 ddraw=2.5 pts=6
Step: 12943360  SPS: 4625  ε=0.050  ret=-0.932  score=-1.6  buf=100%  updates=101042
  vs FROZEN-PPO: 30W/70L/0D  win=30% | score=5.5 inv=1.2 played=11.8 ddraw=2.6
  vs Heur:   32W/76L/1D | score=0.7±18.8 inv=1.2 played=12.2 lanes=3.6 ddraw=4.1 pts=1
  vs Random: 104W/1L/0D | score=8.0±22.1 inv=1.8 played=14.7 lanes=4.1 ddraw=0.9 pts=8
  Self-play: 44W/55L/1D | score=3.9±17.5 inv=1.3 played=11.8 lanes=3.4 ddraw=2.4 pts=4
Step: 13025280  SPS: 4625  ε=0.050  ret=-1.081  score=-1.3  buf=100%  updates=101682
  vs FROZEN-PPO: 15W/86L/0D  win=15% | score=-0.0 inv=1.6 played=12.8 ddraw=2.8
  vs Heur:   35W/66L/0D | score=1.2±23.6 inv=1.8 played=13.6 lanes=3.9 ddraw=4.1 pts=1
  vs Random: 111W/0L/0D | score=8.5±20.7 inv=2.0 played=15.8 lanes=4.5 ddraw=1.2 pts=9
  Self-play: 51W/53L/2D | score=4.2±16.8 inv=1.3 played=12.2 lanes=3.6 ddraw=2.5 pts=4
Step: 13107200  SPS: 4625  ε=0.050  ret=-0.988  score=0.6  buf=100%  updates=102322
  vs FROZEN-PPO: 29W/73L/1D  win=28% | score=3.9 inv=1.4 played=12.0 ddraw=2.6
  vs Heur:   36W/62L/2D | score=2.0±17.3 inv=1.3 played=12.3 lanes=3.7 ddraw=3.9 pts=2
  vs Random: 103W/1L/0D | score=9.9±15.4 inv=1.6 played=14.6 lanes=4.1 ddraw=0.9 pts=10
  Self-play: 54W/50L/1D | score=3.9±17.5 inv=1.1 played=10.9 lanes=3.2 ddraw=2.4 pts=4
Step: 13189120  SPS: 4624  ε=0.050  ret=-0.980  score=2.0  buf=100%  updates=102962
  vs FROZEN-PPO: 17W/88L/1D  win=16% | score=1.0 inv=1.4 played=11.5 ddraw=2.3
  vs Heur:   31W/70L/0D | score=-0.1±17.2 inv=1.3 played=12.2 lanes=3.7 ddraw=4.0 pts=-0
  vs Random: 116W/0L/0D | score=7.4±18.3 inv=1.7 played=14.1 lanes=4.1 ddraw=1.0 pts=7
  Self-play: 40W/57L/3D | score=2.4±17.7 inv=1.3 played=11.1 lanes=3.2 ddraw=2.4 pts=2
Step: 13271040  SPS: 4624  ε=0.050  ret=-0.811  score=-0.8  buf=100%  updates=103602
  vs FROZEN-PPO: 17W/86L/0D  win=17% | score=0.6 inv=1.4 played=11.4 ddraw=2.5
  vs Heur:   29W/70L/2D | score=-1.0±19.8 inv=1.5 played=12.2 lanes=3.6 ddraw=3.9 pts=-1
  vs Random: 108W/0L/0D | score=8.4±18.4 inv=1.7 played=14.5 lanes=4.2 ddraw=1.4 pts=8
  Self-play: 49W/57L/0D | score=1.4±17.1 inv=1.3 played=11.3 lanes=3.3 ddraw=2.6 pts=1
Step: 13352960  SPS: 4624  ε=0.050  ret=-0.641  score=4.1  buf=100%  updates=104242
  vs FROZEN-PPO: 31W/69L/1D  win=31% | score=7.5 inv=1.3 played=12.5 ddraw=1.6
  vs Heur:   36W/67L/0D | score=-1.2±18.9 inv=1.3 played=11.7 lanes=3.5 ddraw=4.0 pts=-1
  vs Random: 104W/0L/0D | score=6.8±17.4 inv=1.4 played=14.2 lanes=4.1 ddraw=1.0 pts=7
  Self-play: 49W/51L/1D | score=4.9±17.4 inv=1.2 played=11.3 lanes=3.2 ddraw=2.4 pts=5
Step: 13434880  SPS: 4624  ε=0.050  ret=-0.758  score=-0.4  buf=100%  updates=104882
  vs FROZEN-PPO: 28W/72L/0D  win=28% | score=3.5 inv=1.1 played=11.6 ddraw=2.4
  vs Heur:   30W/69L/1D | score=2.9±18.1 inv=1.3 played=12.1 lanes=3.5 ddraw=4.1 pts=3
  vs Random: 105W/0L/0D | score=10.1±18.0 inv=1.7 played=15.3 lanes=4.3 ddraw=1.1 pts=10
  Self-play: 60W/49L/1D | score=3.9±16.6 inv=1.0 played=11.2 lanes=3.2 ddraw=2.3 pts=4
Step: 13516800  SPS: 4624  ε=0.050  ret=-1.000  score=-1.1  buf=100%  updates=105522
  vs FROZEN-PPO: 25W/77L/1D  win=24% | score=6.7 inv=1.6 played=13.0 ddraw=2.3
  vs Heur:   34W/69L/2D | score=0.8±22.4 inv=1.7 played=13.2 lanes=3.8 ddraw=4.2 pts=1
  vs Random: 108W/0L/0D | score=10.2±19.0 inv=1.9 played=15.4 lanes=4.3 ddraw=1.2 pts=10
  Self-play: 53W/49L/1D | score=3.5±17.7 inv=1.3 played=11.9 lanes=3.5 ddraw=2.6 pts=3
Step: 13598720  SPS: 4625  ε=0.050  ret=-0.840  score=0.5  buf=100%  updates=106162
  vs FROZEN-PPO: 22W/77L/1D  win=22% | score=0.1 inv=1.6 played=13.1 ddraw=2.6
  vs Heur:   32W/65L/3D | score=-1.3±21.1 inv=1.5 played=13.2 lanes=4.0 ddraw=4.3 pts=-1
  vs Random: 107W/1L/0D | score=12.5±20.2 inv=1.7 played=15.7 lanes=4.3 ddraw=1.0 pts=12
  Self-play: 50W/56L/1D | score=-0.2±21.1 inv=1.4 played=12.4 lanes=3.7 ddraw=2.5 pts=-0
Step: 13680640  SPS: 4626  ε=0.050  ret=-0.878  score=2.5  buf=100%  updates=106802
  vs FROZEN-PPO: 27W/73L/1D  win=27% | score=4.2 inv=1.3 played=12.8 ddraw=2.3
  vs Heur:   28W/75L/2D | score=-1.2±17.3 inv=1.5 played=12.5 lanes=3.7 ddraw=4.2 pts=-1
  vs Random: 104W/1L/0D | score=10.2±17.9 inv=1.9 played=14.8 lanes=4.1 ddraw=1.0 pts=10
  Self-play: 56W/48L/1D | score=4.8±17.6 inv=1.3 played=12.1 lanes=3.5 ddraw=2.6 pts=5
Step: 13762560  SPS: 4626  ε=0.050  ret=-0.973  score=-1.5  buf=100%  updates=107442
  vs FROZEN-PPO: 36W/62L/2D  win=36% | score=7.2 inv=1.5 played=13.8 ddraw=2.4
  vs Heur:   32W/69L/2D | score=3.4±21.3 inv=1.8 played=14.6 lanes=4.2 ddraw=4.2 pts=3
  vs Random: 101W/1L/0D | score=5.8±21.3 inv=2.0 played=16.3 lanes=4.6 ddraw=1.3 pts=6
  Self-play: 60W/53L/1D | score=5.8±20.8 inv=1.5 played=13.9 lanes=4.0 ddraw=2.3 pts=6
Step: 13844480  SPS: 4627  ε=0.050  ret=-0.774  score=-0.1  buf=100%  updates=108082
  vs FROZEN-PPO: 28W/71L/1D  win=28% | score=6.6 inv=1.3 played=12.3 ddraw=2.9
  vs Heur:   29W/71L/0D | score=2.6±16.3 inv=1.3 played=12.1 lanes=3.5 ddraw=4.1 pts=3
  vs Random: 101W/0L/0D | score=9.1±18.1 inv=1.4 played=14.2 lanes=4.0 ddraw=1.0 pts=9
  Self-play: 55W/46L/0D | score=5.6±18.3 inv=1.2 played=11.5 lanes=3.3 ddraw=2.3 pts=6
Step: 13926400  SPS: 4627  ε=0.050  ret=-0.999  score=-3.1  buf=100%  updates=108722
  vs FROZEN-PPO: 17W/82L/2D  win=17% | score=3.1 inv=1.3 played=13.7 ddraw=2.3
  vs Heur:   40W/66L/2D | score=4.5±17.3 inv=1.4 played=13.5 lanes=3.9 ddraw=4.3 pts=4
  vs Random: 105W/1L/0D | score=11.6±20.8 inv=2.0 played=15.9 lanes=4.4 ddraw=1.0 pts=12
  Self-play: 42W/63L/1D | score=3.1±17.3 inv=1.3 played=12.2 lanes=3.6 ddraw=2.2 pts=3
Step: 14008320  SPS: 4627  ε=0.050  ret=-1.000  score=-0.4  buf=100%  updates=109362
  vs FROZEN-PPO: 25W/75L/0D  win=25% | score=4.0 inv=1.6 played=12.5 ddraw=2.2
  vs Heur:   33W/69L/2D | score=-3.0±20.8 inv=1.8 played=13.3 lanes=3.9 ddraw=4.2 pts=-3
  vs Random: 101W/0L/0D | score=8.3±17.2 inv=1.9 played=14.8 lanes=4.2 ddraw=0.9 pts=8
  Self-play: 49W/55L/2D | score=1.8±22.1 inv=1.5 played=12.3 lanes=3.6 ddraw=2.5 pts=2
Step: 14090240  SPS: 4627  ε=0.050  ret=-0.813  score=2.2  buf=100%  updates=110002
  vs FROZEN-PPO: 31W/72L/2D  win=30% | score=4.3 inv=1.4 played=12.7 ddraw=2.7
  vs Heur:   49W/50L/2D | score=4.5±17.6 inv=1.4 played=13.3 lanes=3.9 ddraw=4.1 pts=4
  vs Random: 100W/1L/0D | score=12.0±16.7 inv=1.6 played=15.1 lanes=4.2 ddraw=0.9 pts=12
  Self-play: 46W/62L/2D | score=0.8±20.6 inv=1.5 played=11.8 lanes=3.4 ddraw=2.4 pts=1
Step: 14172160  SPS: 4628  ε=0.050  ret=-0.807  score=1.8  buf=100%  updates=110642
  vs FROZEN-PPO: 29W/70L/1D  win=29% | score=7.2 inv=1.6 played=13.4 ddraw=2.5
  vs Heur:   35W/69L/1D | score=3.6±18.2 inv=1.6 played=13.0 lanes=3.7 ddraw=4.2 pts=4
  vs Random: 111W/0L/0D | score=10.6±17.1 inv=1.6 played=14.8 lanes=4.1 ddraw=1.1 pts=11
  Self-play: 50W/54L/2D | score=3.3±25.4 inv=1.6 played=12.5 lanes=3.5 ddraw=2.5 pts=3
Step: 14254080  SPS: 4627  ε=0.050  ret=-0.967  score=-1.9  buf=100%  updates=111282
  vs FROZEN-PPO: 26W/70L/4D  win=26% | score=3.9 inv=1.5 played=13.3 ddraw=2.6
  vs Heur:   25W/75L/1D | score=-0.3±19.2 inv=1.6 played=13.4 lanes=3.9 ddraw=4.0 pts=-0
  vs Random: 106W/0L/0D | score=11.9±21.4 inv=1.9 played=15.8 lanes=4.3 ddraw=1.2 pts=12
  Self-play: 48W/58L/0D | score=2.9±20.5 inv=1.4 played=12.9 lanes=3.7 ddraw=2.7 pts=3
Step: 14336000  SPS: 4628  ε=0.050  ret=-1.026  score=-0.1  buf=100%  updates=111922
  vs FROZEN-PPO: 24W/77L/1D  win=24% | score=4.1 inv=1.5 played=12.6 ddraw=2.1
  vs Heur:   35W/71L/2D | score=1.5±16.3 inv=1.4 played=12.9 lanes=3.7 ddraw=4.2 pts=2
  vs Random: 100W/0L/0D | score=8.0±20.3 inv=1.8 played=15.1 lanes=4.2 ddraw=1.1 pts=8
  Self-play: 40W/59L/1D | score=3.7±20.0 inv=1.5 played=12.4 lanes=3.5 ddraw=2.5 pts=4
Step: 14417920  SPS: 4628  ε=0.050  ret=-0.825  score=2.9  buf=100%  updates=112562
  vs FROZEN-PPO: 38W/69L/1D  win=35% | score=4.1 inv=1.5 played=12.9 ddraw=2.4
  vs Heur:   35W/68L/0D | score=5.6±16.9 inv=1.5 played=12.9 lanes=3.6 ddraw=3.9 pts=6
  vs Random: 105W/1L/0D | score=10.0±20.2 inv=2.0 played=15.4 lanes=4.3 ddraw=0.9 pts=10
  Self-play: 60W/47L/0D | score=7.7±20.8 inv=1.3 played=12.9 lanes=3.6 ddraw=2.4 pts=8
Step: 14499840  SPS: 4628  ε=0.050  ret=-0.974  score=1.1  buf=100%  updates=113202
  vs FROZEN-PPO: 32W/68L/0D  win=32% | score=5.4 inv=1.8 played=13.7 ddraw=2.6
  vs Heur:   29W/77L/1D | score=0.6±18.0 inv=1.6 played=13.1 lanes=3.9 ddraw=4.3 pts=1
  vs Random: 103W/2L/0D | score=9.7±18.5 inv=2.0 played=15.7 lanes=4.4 ddraw=1.2 pts=10
  Self-play: 49W/52L/2D | score=2.1±19.3 inv=1.5 played=12.9 lanes=3.7 ddraw=2.6 pts=2
Step: 14581760  SPS: 4628  ε=0.050  ret=-1.048  score=-1.1  buf=100%  updates=113842
  vs FROZEN-PPO: 28W/73L/0D  win=28% | score=6.7 inv=1.8 played=13.5 ddraw=2.8
  vs Heur:   32W/68L/3D | score=-0.6±23.2 inv=2.0 played=14.1 lanes=4.1 ddraw=4.4 pts=-1
  vs Random: 108W/2L/0D | score=5.7±18.9 inv=1.9 played=14.6 lanes=4.2 ddraw=1.4 pts=6
  Self-play: 53W/45L/3D | score=3.9±21.7 inv=1.7 played=13.5 lanes=3.8 ddraw=2.6 pts=4
Step: 14663680  SPS: 4628  ε=0.050  ret=-0.779  score=3.3  buf=100%  updates=114482
  vs FROZEN-PPO: 35W/63L/2D  win=35% | score=9.8 inv=2.0 played=14.6 ddraw=2.9
  vs Heur:   31W/73L/0D | score=-2.0±24.2 inv=1.8 played=14.0 lanes=4.0 ddraw=4.3 pts=-2
  vs Random: 102W/0L/0D | score=12.3±16.9 inv=2.0 played=15.7 lanes=4.2 ddraw=1.2 pts=12
  Self-play: 56W/47L/1D | score=4.4±20.2 inv=1.7 played=13.7 lanes=3.8 ddraw=2.3 pts=4
Step: 14745600  SPS: 4628  ε=0.050  ret=-0.993  score=0.5  buf=100%  updates=115122
  vs FROZEN-PPO: 29W/76L/0D  win=28% | score=4.3 inv=1.6 played=13.4 ddraw=2.6
  vs Heur:   37W/69L/3D | score=0.7±20.6 inv=1.8 played=12.8 lanes=3.7 ddraw=4.3 pts=1
  vs Random: 104W/1L/0D | score=13.6±21.7 inv=1.8 played=15.8 lanes=4.3 ddraw=1.2 pts=14
  Self-play: 50W/51L/3D | score=3.8±16.0 inv=1.6 played=13.3 lanes=3.8 ddraw=2.5 pts=4
Step: 14827520  SPS: 4628  ε=0.050  ret=-0.934  score=3.0  buf=100%  updates=115762
  vs FROZEN-PPO: 25W/76L/0D  win=25% | score=2.0 inv=1.9 played=13.5 ddraw=2.7
  vs Heur:   30W/75L/1D | score=-1.9±21.5 inv=1.9 played=13.9 lanes=4.0 ddraw=4.3 pts=-2
  vs Random: 101W/1L/0D | score=15.2±21.4 inv=1.9 played=16.1 lanes=4.3 ddraw=1.3 pts=15
  Self-play: 51W/58L/1D | score=1.0±19.5 inv=2.2 played=13.7 lanes=3.7 ddraw=2.4 pts=1
Step: 14909440  SPS: 4629  ε=0.050  ret=-0.935  score=1.8  buf=100%  updates=116402
  vs FROZEN-PPO: 25W/78L/1D  win=24% | score=3.6 inv=1.7 played=12.6 ddraw=2.2
  vs Heur:   32W/67L/1D | score=-1.7±19.3 inv=1.4 played=12.3 lanes=3.6 ddraw=4.2 pts=-2
  vs Random: 106W/2L/0D | score=9.0±19.6 inv=1.7 played=15.1 lanes=4.1 ddraw=1.2 pts=9
  Self-play: 50W/57L/2D | score=4.3±20.6 inv=1.7 played=12.4 lanes=3.4 ddraw=2.7 pts=4
Step: 14991360  SPS: 4630  ε=0.050  ret=-0.918  score=0.3  buf=100%  updates=117042
  vs FROZEN-PPO: 33W/71L/0D  win=32% | score=4.6 inv=1.8 played=14.0 ddraw=1.9
  vs Heur:   29W/74L/1D | score=-3.5±19.7 inv=1.8 played=13.1 lanes=3.9 ddraw=4.3 pts=-3
  vs Random: 108W/0L/0D | score=13.3±20.4 inv=1.9 played=15.7 lanes=4.3 ddraw=1.3 pts=13
  Self-play: 52W/53L/3D | score=6.3±19.7 inv=1.5 played=13.2 lanes=3.7 ddraw=2.4 pts=6
Step: 15073280  SPS: 4630  ε=0.050  ret=-0.994  score=-3.7  buf=100%  updates=117682
  vs FROZEN-PPO: 25W/77L/1D  win=24% | score=5.8 inv=1.8 played=13.8 ddraw=2.0
  vs Heur:   30W/74L/1D | score=-3.6±21.3 inv=2.1 played=13.2 lanes=3.8 ddraw=4.2 pts=-4
  vs Random: 108W/0L/0D | score=11.0±19.6 inv=1.9 played=16.1 lanes=4.4 ddraw=1.3 pts=11
  Self-play: 45W/53L/3D | score=3.7±20.1 inv=1.7 played=13.3 lanes=3.8 ddraw=2.5 pts=4
Step: 15155200  SPS: 4631  ε=0.050  ret=-0.903  score=-1.9  buf=100%  updates=118322
  vs FROZEN-PPO: 31W/69L/1D  win=31% | score=5.6 inv=1.8 played=13.3 ddraw=2.7
  vs Heur:   35W/63L/3D | score=1.4±23.9 inv=1.8 played=13.1 lanes=3.7 ddraw=4.0 pts=1
  vs Random: 107W/1L/0D | score=9.0±20.4 inv=2.0 played=15.4 lanes=4.2 ddraw=1.3 pts=9
  Self-play: 57W/52L/2D | score=6.0±19.9 inv=1.7 played=13.0 lanes=3.6 ddraw=2.1 pts=6
Step: 15237120  SPS: 4632  ε=0.050  ret=-0.810  score=5.5  buf=100%  updates=118962
  vs FROZEN-PPO: 36W/71L/0D  win=34% | score=7.0 inv=1.8 played=13.9 ddraw=1.8
  vs Heur:   35W/72L/1D | score=2.6±20.4 inv=1.8 played=13.6 lanes=3.8 ddraw=4.1 pts=3
  vs Random: 105W/0L/0D | score=11.4±19.1 inv=2.4 played=15.8 lanes=4.2 ddraw=1.5 pts=11
  Self-play: 52W/52L/1D | score=4.6±23.0 inv=1.7 played=12.5 lanes=3.5 ddraw=2.3 pts=5
Step: 15319040  SPS: 4632  ε=0.050  ret=-0.825  score=2.7  buf=100%  updates=119602
  vs FROZEN-PPO: 32W/70L/1D  win=31% | score=6.0 inv=2.0 played=14.0 ddraw=2.4
  vs Heur:   32W/66L/2D | score=-0.3±22.5 inv=1.8 played=13.1 lanes=3.7 ddraw=4.3 pts=-0
  vs Random: 106W/1L/1D | score=12.3±20.3 inv=1.9 played=15.7 lanes=4.2 ddraw=1.5 pts=12
  Self-play: 51W/54L/1D | score=8.5±19.4 inv=1.6 played=13.5 lanes=3.7 ddraw=2.6 pts=8
Step: 15400960  SPS: 4632  ε=0.050  ret=-0.977  score=1.5  buf=100%  updates=120242
  vs FROZEN-PPO: 28W/74L/0D  win=27% | score=5.5 inv=2.0 played=14.8 ddraw=2.3
  vs Heur:   40W/61L/1D | score=3.2±21.6 inv=1.7 played=13.7 lanes=3.9 ddraw=4.1 pts=3
  vs Random: 106W/0L/0D | score=9.5±17.1 inv=1.8 played=15.3 lanes=4.1 ddraw=1.0 pts=10
  Self-play: 60W/50L/0D | score=5.0±22.4 inv=1.8 played=13.5 lanes=3.8 ddraw=2.5 pts=5
Step: 15482880  SPS: 4633  ε=0.050  ret=-0.942  score=1.8  buf=100%  updates=120882
  vs FROZEN-PPO: 29W/71L/1D  win=29% | score=7.9 inv=1.7 played=13.3 ddraw=2.4
  vs Heur:   42W/59L/1D | score=3.1±20.3 inv=2.0 played=13.7 lanes=3.8 ddraw=4.0 pts=3
  vs Random: 109W/1L/1D | score=10.8±19.8 inv=2.1 played=15.6 lanes=4.1 ddraw=1.1 pts=11
  Self-play: 59W/42L/1D | score=5.8±18.9 inv=1.6 played=13.7 lanes=3.8 ddraw=2.5 pts=6
Step: 15564800  SPS: 4632  ε=0.050  ret=-0.739  score=0.6  buf=100%  updates=121522
  vs FROZEN-PPO: 26W/73L/1D  win=26% | score=5.6 inv=1.9 played=14.2 ddraw=2.7
  vs Heur:   38W/69L/0D | score=-0.1±20.9 inv=2.0 played=13.6 lanes=3.8 ddraw=4.0 pts=-0
  vs Random: 110W/0L/1D | score=13.5±18.9 inv=2.2 played=16.4 lanes=4.3 ddraw=1.3 pts=14
  Self-play: 64W/39L/1D | score=8.8±21.5 inv=1.9 played=13.3 lanes=3.6 ddraw=2.4 pts=9
Step: 15646720  SPS: 4633  ε=0.050  ret=-0.956  score=1.0  buf=100%  updates=122162
  vs FROZEN-PPO: 27W/71L/3D  win=27% | score=4.9 inv=2.0 played=13.3 ddraw=2.1
  vs Heur:   37W/73L/0D | score=3.8±19.3 inv=1.7 played=13.3 lanes=3.7 ddraw=4.1 pts=4
  vs Random: 105W/0L/0D | score=14.8±20.2 inv=2.1 played=16.1 lanes=4.2 ddraw=1.2 pts=15
  Self-play: 48W/50L/2D | score=4.9±20.4 inv=1.9 played=12.9 lanes=3.5 ddraw=2.5 pts=5
Step: 15728640  SPS: 4633  ε=0.050  ret=-0.904  score=3.2  buf=100%  updates=122802
  vs FROZEN-PPO: 29W/72L/1D  win=28% | score=7.2 inv=1.8 played=14.2 ddraw=2.3
  vs Heur:   35W/68L/4D | score=0.6±22.4 inv=1.8 played=13.2 lanes=3.8 ddraw=4.3 pts=1
  vs Random: 107W/0L/0D | score=11.8±17.0 inv=1.9 played=15.8 lanes=4.3 ddraw=1.7 pts=12
  Self-play: 49W/51L/1D | score=4.4±20.3 inv=1.7 played=13.5 lanes=3.7 ddraw=2.7 pts=4
Step: 15810560  SPS: 4633  ε=0.050  ret=-1.210  score=-1.2  buf=100%  updates=123442
  vs FROZEN-PPO: 33W/66L/1D  win=33% | score=7.3 inv=2.2 played=15.1 ddraw=2.5
  vs Heur:   32W/65L/3D | score=2.0±21.8 inv=2.0 played=14.3 lanes=4.1 ddraw=4.2 pts=2
  vs Random: 104W/1L/0D | score=13.2±21.8 inv=2.2 played=17.2 lanes=4.6 ddraw=1.8 pts=13
  Self-play: 42W/57L/2D | score=3.0±22.4 inv=2.1 played=15.0 lanes=4.1 ddraw=2.3 pts=3
Step: 15892480  SPS: 4633  ε=0.050  ret=-0.797  score=3.9  buf=100%  updates=124082
  vs FROZEN-PPO: 30W/72L/2D  win=29% | score=6.8 inv=1.7 played=14.4 ddraw=2.2
  vs Heur:   35W/72L/1D | score=1.1±20.1 inv=1.6 played=13.4 lanes=3.9 ddraw=4.1 pts=1
  vs Random: 106W/1L/0D | score=8.1±20.2 inv=1.9 played=16.4 lanes=4.5 ddraw=1.5 pts=8
  Self-play: 50W/48L/3D | score=8.7±19.5 inv=1.6 played=14.0 lanes=3.8 ddraw=2.1 pts=9
Step: 15974400  SPS: 4633  ε=0.050  ret=-0.834  score=4.6  buf=100%  updates=124722
  vs FROZEN-PPO: 33W/71L/0D  win=32% | score=4.6 inv=2.2 played=15.1 ddraw=1.9
  vs Heur:   33W/71L/0D | score=-3.1±21.5 inv=2.0 played=13.9 lanes=4.0 ddraw=4.1 pts=-3
  vs Random: 104W/1L/0D | score=12.7±19.3 inv=2.2 played=16.6 lanes=4.4 ddraw=1.7 pts=13
  Self-play: 44W/56L/0D | score=4.6±21.5 inv=2.0 played=14.3 lanes=3.9 ddraw=2.3 pts=5
Step: 16056320  SPS: 4633  ε=0.050  ret=-0.913  score=-1.2  buf=100%  updates=125362
  vs FROZEN-PPO: 28W/74L/1D  win=27% | score=4.8 inv=2.1 played=14.6 ddraw=2.6
  vs Heur:   31W/72L/4D | score=1.4±18.6 inv=1.9 played=14.1 lanes=4.0 ddraw=4.2 pts=1
  vs Random: 105W/1L/0D | score=10.7±20.8 inv=2.2 played=16.6 lanes=4.5 ddraw=1.7 pts=11
  Self-play: 51W/53L/5D | score=3.4±21.1 inv=2.1 played=14.1 lanes=3.9 ddraw=2.3 pts=3
Step: 16138240  SPS: 4633  ε=0.050  ret=-1.144  score=-0.8  buf=100%  updates=126002
  vs FROZEN-PPO: 31W/68L/1D  win=31% | score=8.7 inv=2.0 played=14.5 ddraw=2.9
  vs Heur:   29W/69L/2D | score=-1.2±21.5 inv=2.1 played=13.7 lanes=3.8 ddraw=4.3 pts=-1
  vs Random: 102W/1L/0D | score=8.6±17.9 inv=2.1 played=16.0 lanes=4.3 ddraw=1.8 pts=9
  Self-play: 48W/63L/2D | score=7.5±22.8 inv=2.1 played=14.4 lanes=3.8 ddraw=2.3 pts=7
Step: 16220160  SPS: 4634  ε=0.050  ret=-0.974  score=0.3  buf=100%  updates=126642
  vs FROZEN-PPO: 32W/68L/1D  win=32% | score=6.8 inv=2.0 played=14.3 ddraw=2.6
  vs Heur:   33W/72L/0D | score=0.3±22.5 inv=1.9 played=13.6 lanes=3.8 ddraw=4.0 pts=0
  vs Random: 105W/0L/0D | score=11.9±19.4 inv=2.0 played=16.3 lanes=4.4 ddraw=1.6 pts=12
  Self-play: 54W/53L/1D | score=6.1±21.8 inv=2.0 played=14.1 lanes=3.9 ddraw=2.5 pts=6
Step: 16302080  SPS: 4634  ε=0.050  ret=-0.951  score=-0.8  buf=100%  updates=127282
  vs FROZEN-PPO: 21W/83L/0D  win=20% | score=4.1 inv=1.8 played=13.3 ddraw=2.3
  vs Heur:   31W/78L/2D | score=-0.0±21.0 inv=2.1 played=13.2 lanes=3.8 ddraw=4.0 pts=-0
  vs Random: 101W/2L/0D | score=9.4±19.6 inv=2.0 played=15.2 lanes=4.2 ddraw=1.4 pts=9
  Self-play: 47W/53L/0D | score=5.5±23.1 inv=2.0 played=13.5 lanes=3.7 ddraw=2.6 pts=5
Step: 16384000  SPS: 4634  ε=0.050  ret=-0.934  score=1.7  buf=100%  updates=127922
  vs FROZEN-PPO: 28W/72L/0D  win=28% | score=8.1 inv=1.7 played=13.2 ddraw=3.0
  vs Heur:   33W/69L/2D | score=1.5±21.3 inv=1.9 played=13.6 lanes=3.8 ddraw=4.3 pts=2
  vs Random: 105W/1L/0D | score=9.0±24.1 inv=1.8 played=15.2 lanes=4.1 ddraw=1.4 pts=9
  Self-play: 49W/51L/1D | score=4.8±20.4 inv=1.8 played=13.5 lanes=3.8 ddraw=2.5 pts=5
Step: 16465920  SPS: 4634  ε=0.050  ret=-0.927  score=1.7  buf=100%  updates=128562
  vs FROZEN-PPO: 31W/70L/0D  win=31% | score=4.0 inv=2.2 played=13.4 ddraw=3.3
  vs Heur:   29W/71L/0D | score=1.0±22.6 inv=2.2 played=13.8 lanes=3.8 ddraw=4.3 pts=1
  vs Random: 109W/0L/0D | score=9.2±17.8 inv=1.9 played=15.6 lanes=4.3 ddraw=1.4 pts=9
  Self-play: 55W/47L/3D | score=5.2±19.7 inv=2.0 played=13.7 lanes=3.8 ddraw=2.5 pts=5
Step: 16547840  SPS: 4634  ε=0.050  ret=-1.092  score=1.0  buf=100%  updates=129202
  vs FROZEN-PPO: 22W/82L/2D  win=21% | score=2.6 inv=1.5 played=13.0 ddraw=2.6
  vs Heur:   31W/66L/3D | score=1.7±19.5 inv=1.8 played=13.3 lanes=3.7 ddraw=4.2 pts=2
  vs Random: 103W/0L/0D | score=10.5±20.8 inv=1.9 played=15.2 lanes=4.2 ddraw=1.4 pts=11
  Self-play: 47W/58L/0D | score=5.1±19.6 inv=1.4 played=12.9 lanes=3.7 ddraw=2.4 pts=5
Step: 16629760  SPS: 4634  ε=0.050  ret=-0.957  score=1.2  buf=100%  updates=129842
  vs FROZEN-PPO: 27W/71L/2D  win=27% | score=5.0 inv=2.0 played=13.5 ddraw=2.4
  vs Heur:   37W/63L/1D | score=4.5±18.2 inv=1.7 played=12.8 lanes=3.6 ddraw=3.9 pts=4
  vs Random: 103W/1L/0D | score=11.0±20.2 inv=2.0 played=15.3 lanes=4.1 ddraw=1.4 pts=11
  Self-play: 49W/49L/2D | score=4.1±19.4 inv=1.9 played=12.7 lanes=3.5 ddraw=2.5 pts=4
Step: 16711680  SPS: 4635  ε=0.050  ret=-0.953  score=1.2  buf=100%  updates=130482
  vs FROZEN-PPO: 25W/76L/1D  win=25% | score=0.8 inv=2.0 played=12.7 ddraw=2.9
  vs Heur:   29W/78L/0D | score=2.1±22.1 inv=1.8 played=13.0 lanes=3.7 ddraw=4.0 pts=2
  vs Random: 107W/0L/0D | score=7.1±18.8 inv=2.0 played=15.3 lanes=4.2 ddraw=1.3 pts=7
  Self-play: 48W/56L/1D | score=3.5±18.4 inv=1.8 played=13.3 lanes=3.7 ddraw=2.4 pts=4
Step: 16793600  SPS: 4636  ε=0.050  ret=-0.954  score=0.3  buf=100%  updates=131122
  vs FROZEN-PPO: 33W/68L/0D  win=33% | score=5.6 inv=1.8 played=13.1 ddraw=2.2
  vs Heur:   31W/76L/0D | score=1.3±16.9 inv=1.6 played=12.4 lanes=3.6 ddraw=4.2 pts=1
  vs Random: 106W/0L/0D | score=9.9±17.3 inv=1.9 played=14.7 lanes=3.9 ddraw=1.3 pts=10
  Self-play: 49W/58L/1D | score=4.1±22.4 inv=1.3 played=11.4 lanes=3.3 ddraw=2.5 pts=4
Step: 16875520  SPS: 4636  ε=0.050  ret=-0.732  score=4.1  buf=100%  updates=131762
  vs FROZEN-PPO: 30W/70L/0D  win=30% | score=8.4 inv=1.7 played=12.5 ddraw=3.0
  vs Heur:   27W/75L/1D | score=-0.0±20.5 inv=1.6 played=12.4 lanes=3.6 ddraw=4.0 pts=-0
  vs Random: 102W/0L/0D | score=13.0±20.4 inv=2.0 played=15.1 lanes=4.0 ddraw=1.4 pts=13
  Self-play: 45W/59L/3D | score=1.6±19.6 inv=1.4 played=11.4 lanes=3.3 ddraw=2.5 pts=2
Step: 16957440  SPS: 4637  ε=0.050  ret=-0.993  score=1.8  buf=100%  updates=132402
  vs FROZEN-PPO: 22W/78L/1D  win=22% | score=4.5 inv=1.9 played=13.3 ddraw=2.0
  vs Heur:   33W/68L/2D | score=3.9±21.8 inv=1.7 played=12.7 lanes=3.6 ddraw=4.1 pts=4
  vs Random: 104W/0L/0D | score=14.1±20.5 inv=2.2 played=15.5 lanes=4.1 ddraw=1.2 pts=14
  Self-play: 52W/58L/2D | score=5.1±18.0 inv=1.6 played=12.6 lanes=3.5 ddraw=2.3 pts=5
Step: 17039360  SPS: 4637  ε=0.050  ret=-0.764  score=5.8  buf=100%  updates=133042
  vs FROZEN-PPO: 28W/71L/4D  win=27% | score=5.4 inv=1.6 played=12.3 ddraw=2.1
  vs Heur:   30W/82L/0D | score=1.5±18.2 inv=1.7 played=13.0 lanes=3.8 ddraw=3.9 pts=2
  vs Random: 105W/1L/0D | score=12.5±19.3 inv=1.9 played=14.9 lanes=4.0 ddraw=1.2 pts=13
  Self-play: 53W/50L/0D | score=5.1±23.4 inv=1.8 played=12.8 lanes=3.6 ddraw=2.5 pts=5
Step: 17121280  SPS: 4637  ε=0.050  ret=-0.956  score=2.2  buf=100%  updates=133682
  vs FROZEN-PPO: 34W/65L/3D  win=33% | score=7.2 inv=1.6 played=12.3 ddraw=1.9
  vs Heur:   36W/68L/1D | score=3.2±16.1 inv=1.4 played=12.4 lanes=3.6 ddraw=3.8 pts=3
  vs Random: 112W/0L/0D | score=7.2±19.9 inv=1.7 played=13.9 lanes=3.9 ddraw=0.9 pts=7
  Self-play: 49W/47L/4D | score=4.1±19.0 inv=1.6 played=12.2 lanes=3.5 ddraw=2.5 pts=4
Step: 17203200  SPS: 4638  ε=0.050  ret=-0.766  score=2.7  buf=100%  updates=134322
  vs FROZEN-PPO: 34W/69L/0D  win=33% | score=7.9 inv=1.6 played=13.2 ddraw=2.3
  vs Heur:   41W/61L/0D | score=4.1±22.1 inv=1.7 played=13.6 lanes=3.9 ddraw=4.1 pts=4
  vs Random: 108W/0L/0D | score=9.1±19.3 inv=1.8 played=15.5 lanes=4.3 ddraw=1.2 pts=9
  Self-play: 46W/53L/1D | score=5.9±20.3 inv=1.4 played=12.6 lanes=3.6 ddraw=2.6 pts=6
Step: 17285120  SPS: 4638  ε=0.050  ret=-0.965  score=-2.2  buf=100%  updates=134962
  vs FROZEN-PPO: 30W/70L/0D  win=30% | score=7.6 inv=1.4 played=12.2 ddraw=2.5
  vs Heur:   32W/67L/2D | score=2.2±17.4 inv=1.4 played=12.6 lanes=3.7 ddraw=4.2 pts=2
  vs Random: 105W/0L/1D | score=12.0±18.1 inv=1.6 played=15.1 lanes=4.2 ddraw=1.2 pts=12
  Self-play: 54W/49L/2D | score=7.6±17.2 inv=1.3 played=12.5 lanes=3.6 ddraw=2.3 pts=8
Step: 17367040  SPS: 4638  ε=0.050  ret=-0.922  score=4.6  buf=100%  updates=135602
  vs FROZEN-PPO: 27W/75L/0D  win=26% | score=4.3 inv=1.7 played=13.0 ddraw=2.6
  vs Heur:   41W/62L/3D | score=6.5±20.8 inv=1.5 played=11.9 lanes=3.3 ddraw=4.1 pts=6
  vs Random: 99W/1L/0D | score=13.2±17.6 inv=1.7 played=15.2 lanes=4.0 ddraw=1.2 pts=13
  Self-play: 53W/58L/0D | score=5.4±16.5 inv=1.4 played=12.1 lanes=3.5 ddraw=2.4 pts=5
Step: 17448960  SPS: 4637  ε=0.050  ret=-1.106  score=-0.9  buf=100%  updates=136242
  vs FROZEN-PPO: 33W/64L/3D  win=33% | score=9.4 inv=1.4 played=13.2 ddraw=2.4
  vs Heur:   37W/63L/2D | score=7.2±21.0 inv=1.5 played=13.2 lanes=3.7 ddraw=3.9 pts=7
  vs Random: 111W/0L/0D | score=12.1±16.7 inv=1.8 played=15.0 lanes=4.1 ddraw=1.2 pts=12
  Self-play: 52W/48L/2D | score=10.4±16.9 inv=1.3 played=12.4 lanes=3.3 ddraw=2.3 pts=10
Step: 17530880  SPS: 4637  ε=0.050  ret=-0.875  score=0.7  buf=100%  updates=136882
  vs FROZEN-PPO: 29W/71L/1D  win=29% | score=5.9 inv=1.5 played=12.9 ddraw=2.1
  vs Heur:   38W/68L/3D | score=4.1±19.0 inv=1.8 played=13.4 lanes=3.8 ddraw=4.1 pts=4
  vs Random: 106W/0L/0D | score=12.3±17.2 inv=1.4 played=14.3 lanes=3.9 ddraw=1.3 pts=12
  Self-play: 39W/60L/2D | score=4.2±19.1 inv=1.1 played=12.3 lanes=3.6 ddraw=2.3 pts=4
Step: 17612800  SPS: 4637  ε=0.050  ret=-0.967  score=1.9  buf=100%  updates=137522
  vs FROZEN-PPO: 32W/69L/1D  win=31% | score=4.4 inv=1.5 played=12.2 ddraw=2.4
  vs Heur:   34W/67L/0D | score=2.6±17.9 inv=1.5 played=12.6 lanes=3.6 ddraw=3.9 pts=3
  vs Random: 106W/0L/0D | score=12.6±17.0 inv=1.6 played=14.7 lanes=4.0 ddraw=1.2 pts=13
  Self-play: 43W/56L/1D | score=5.2±18.8 inv=1.6 played=13.3 lanes=3.7 ddraw=2.7 pts=5
Step: 17694720  SPS: 4637  ε=0.050  ret=-1.006  score=2.8  buf=100%  updates=138162
  vs FROZEN-PPO: 25W/75L/2D  win=25% | score=7.5 inv=1.2 played=12.7 ddraw=2.2
  vs Heur:   31W/70L/0D | score=3.9±17.3 inv=1.2 played=12.0 lanes=3.4 ddraw=3.9 pts=4
  vs Random: 107W/0L/0D | score=14.2±18.2 inv=1.4 played=14.3 lanes=4.0 ddraw=0.9 pts=14
  Self-play: 46W/56L/1D | score=4.5±20.5 inv=1.2 played=11.8 lanes=3.4 ddraw=2.3 pts=5
Step: 17776640  SPS: 4637  ε=0.050  ret=-0.816  score=2.1  buf=100%  updates=138802
  vs FROZEN-PPO: 33W/71L/0D  win=32% | score=6.5 inv=1.4 played=13.0 ddraw=2.2
  vs Heur:   18W/79L/3D | score=-3.7±15.6 inv=1.2 played=11.4 lanes=3.5 ddraw=3.9 pts=-4
  vs Random: 100W/0L/0D | score=8.9±18.1 inv=1.4 played=14.2 lanes=4.0 ddraw=1.4 pts=9
  Self-play: 50W/49L/2D | score=5.3±17.7 inv=1.2 played=11.5 lanes=3.3 ddraw=2.5 pts=5
Step: 17858560  SPS: 4637  ε=0.050  ret=-0.636  score=4.3  buf=100%  updates=139442
  vs FROZEN-PPO: 30W/70L/2D  win=29% | score=5.9 inv=1.4 played=12.3 ddraw=2.0
  vs Heur:   36W/74L/0D | score=6.3±18.2 inv=1.3 played=11.7 lanes=3.3 ddraw=4.0 pts=6
  vs Random: 101W/0L/0D | score=11.5±19.7 inv=1.7 played=14.5 lanes=4.0 ddraw=1.2 pts=11
  Self-play: 45W/58L/1D | score=2.7±19.4 inv=1.2 played=11.3 lanes=3.2 ddraw=2.5 pts=3
Step: 17940480  SPS: 4636  ε=0.050  ret=-0.922  score=1.1  buf=100%  updates=140082
  vs FROZEN-PPO: 30W/70L/2D  win=29% | score=2.3 inv=1.7 played=14.2 ddraw=2.4
  vs Heur:   37W/65L/1D | score=1.7±15.8 inv=1.5 played=12.6 lanes=3.6 ddraw=4.2 pts=2
  vs Random: 102W/0L/0D | score=10.0±19.0 inv=1.8 played=15.2 lanes=4.2 ddraw=1.3 pts=10
  Self-play: 57W/42L/2D | score=9.5±21.1 inv=1.3 played=13.4 lanes=3.8 ddraw=2.3 pts=10
Step: 18022400  SPS: 4637  ε=0.050  ret=-0.752  score=4.7  buf=100%  updates=140722
  vs FROZEN-PPO: 30W/71L/0D  win=30% | score=4.8 inv=1.9 played=13.8 ddraw=2.5
  vs Heur:   42W/59L/0D | score=3.2±20.6 inv=1.6 played=12.8 lanes=3.6 ddraw=4.1 pts=3
  vs Random: 103W/1L/0D | score=12.1±25.0 inv=1.8 played=15.0 lanes=4.1 ddraw=1.2 pts=12
  Self-play: 44W/54L/2D | score=5.8±17.7 inv=1.3 played=12.6 lanes=3.5 ddraw=2.4 pts=6
Step: 18104320  SPS: 4637  ε=0.050  ret=-0.850  score=5.2  buf=100%  updates=141362
  vs FROZEN-PPO: 25W/76L/0D  win=25% | score=5.3 inv=1.8 played=14.7 ddraw=2.6
  vs Heur:   47W/60L/1D | score=5.9±18.6 inv=1.6 played=13.3 lanes=3.7 ddraw=4.2 pts=6
  vs Random: 107W/0L/0D | score=11.1±19.8 inv=1.8 played=15.2 lanes=4.1 ddraw=1.3 pts=11
  Self-play: 43W/54L/3D | score=6.3±22.0 inv=1.8 played=12.9 lanes=3.6 ddraw=2.4 pts=6
Step: 18186240  SPS: 4637  ε=0.050  ret=-0.580  score=5.7  buf=100%  updates=142002
  vs FROZEN-PPO: 28W/76L/0D  win=27% | score=7.7 inv=1.9 played=14.4 ddraw=2.7
  vs Heur:   31W/75L/2D | score=-1.2±21.7 inv=1.9 played=13.3 lanes=3.8 ddraw=4.2 pts=-1
  vs Random: 102W/1L/0D | score=9.9±19.3 inv=1.9 played=15.1 lanes=4.1 ddraw=1.2 pts=10
  Self-play: 49W/56L/1D | score=7.5±21.3 inv=1.6 played=13.6 lanes=3.7 ddraw=2.7 pts=7
Step: 18268160  SPS: 4637  ε=0.050  ret=-0.815  score=2.8  buf=100%  updates=142642
  vs FROZEN-PPO: 33W/67L/1D  win=33% | score=7.8 inv=1.7 played=13.8 ddraw=2.0
  vs Heur:   34W/67L/1D | score=0.5±19.8 inv=1.7 played=12.6 lanes=3.6 ddraw=3.7 pts=0
  vs Random: 104W/1L/0D | score=7.4±19.9 inv=1.8 played=14.9 lanes=4.1 ddraw=1.4 pts=7
  Self-play: 57W/41L/2D | score=7.8±18.6 inv=1.7 played=13.5 lanes=3.7 ddraw=2.5 pts=8
Step: 18350080  SPS: 4637  ε=0.050  ret=-0.949  score=0.4  buf=100%  updates=143282
  vs FROZEN-PPO: 34W/66L/1D  win=34% | score=5.4 inv=2.0 played=14.7 ddraw=1.8
  vs Heur:   45W/56L/4D | score=7.8±18.7 inv=1.8 played=13.3 lanes=3.6 ddraw=3.8 pts=8
  vs Random: 110W/0L/0D | score=12.1±18.5 inv=2.1 played=15.6 lanes=4.1 ddraw=1.4 pts=12
  Self-play: 56W/48L/1D | score=8.6±20.8 inv=1.9 played=14.3 lanes=3.8 ddraw=2.1 pts=9
Step: 18432000  SPS: 4637  ε=0.050  ret=-0.809  score=3.1  buf=100%  updates=143922
  vs FROZEN-PPO: 33W/68L/2D  win=32% | score=10.9 inv=2.0 played=15.2 ddraw=2.0
  vs Heur:   42W/55L/4D | score=7.0±22.9 inv=1.7 played=13.6 lanes=3.7 ddraw=3.8 pts=7
  vs Random: 102W/1L/0D | score=16.2±21.8 inv=2.2 played=16.5 lanes=4.3 ddraw=1.2 pts=16
  Self-play: 51W/50L/1D | score=7.0±20.9 inv=1.9 played=14.6 lanes=3.9 ddraw=2.1 pts=7
Step: 18513920  SPS: 4637  ε=0.050  ret=-0.739  score=3.9  buf=100%  updates=144562
  vs FROZEN-PPO: 22W/76L/2D  win=22% | score=6.2 inv=1.7 played=13.7 ddraw=2.4
  vs Heur:   33W/64L/4D | score=1.3±20.4 inv=2.0 played=13.0 lanes=3.6 ddraw=4.0 pts=1
  vs Random: 102W/0L/0D | score=9.4±20.0 inv=1.9 played=15.1 lanes=4.1 ddraw=1.3 pts=9
  Self-play: 59W/40L/3D | score=10.4±17.8 inv=1.5 played=13.5 lanes=3.7 ddraw=2.4 pts=10
Step: 18595840  SPS: 4637  ε=0.050  ret=-0.590  score=7.2  buf=100%  updates=145202
  vs FROZEN-PPO: 36W/65L/0D  win=36% | score=9.7 inv=1.9 played=14.5 ddraw=2.9
  vs Heur:   32W/66L/2D | score=0.9±17.9 inv=1.9 played=13.6 lanes=3.9 ddraw=4.4 pts=1
  vs Random: 104W/1L/0D | score=10.9±20.4 inv=2.1 played=16.1 lanes=4.3 ddraw=1.5 pts=11
  Self-play: 46W/55L/2D | score=4.7±22.1 inv=2.1 played=14.6 lanes=3.9 ddraw=2.4 pts=5
Step: 18677760  SPS: 4637  ε=0.050  ret=-1.032  score=4.0  buf=100%  updates=145842
  vs FROZEN-PPO: 36W/69L/0D  win=34% | score=4.6 inv=1.6 played=13.1 ddraw=1.9
  vs Heur:   42W/56L/2D | score=5.5±21.4 inv=1.6 played=12.4 lanes=3.5 ddraw=3.7 pts=6
  vs Random: 104W/0L/0D | score=13.4±16.4 inv=1.5 played=14.2 lanes=3.8 ddraw=1.3 pts=13
  Self-play: 47W/53L/0D | score=7.3±17.8 inv=1.5 played=12.6 lanes=3.4 ddraw=2.5 pts=7
Step: 18759680  SPS: 4637  ε=0.050  ret=-0.838  score=2.4  buf=100%  updates=146482
  vs FROZEN-PPO: 30W/69L/1D  win=30% | score=8.5 inv=1.9 played=13.9 ddraw=2.1
  vs Heur:   41W/61L/2D | score=7.0±18.8 inv=1.6 played=13.4 lanes=3.7 ddraw=3.7 pts=7
  vs Random: 108W/0L/0D | score=14.7±17.5 inv=1.9 played=15.9 lanes=4.3 ddraw=1.0 pts=15
  Self-play: 47W/53L/0D | score=3.1±24.2 inv=2.0 played=13.5 lanes=3.7 ddraw=2.2 pts=3
Step: 18841600  SPS: 4637  ε=0.050  ret=-0.714  score=6.1  buf=100%  updates=147122
  vs FROZEN-PPO: 37W/71L/0D  win=34% | score=6.3 inv=1.9 played=13.8 ddraw=2.6
  vs Heur:   28W/72L/2D | score=1.0±21.0 inv=1.7 played=12.8 lanes=3.7 ddraw=4.1 pts=1
  vs Random: 100W/0L/0D | score=14.2±19.4 inv=2.2 played=15.9 lanes=4.2 ddraw=1.4 pts=14
  Self-play: 56W/44L/0D | score=8.9±17.0 inv=1.9 played=13.7 lanes=3.7 ddraw=2.5 pts=9
Step: 18923520  SPS: 4638  ε=0.050  ret=-0.752  score=4.1  buf=100%  updates=147762
  vs FROZEN-PPO: 22W/77L/1D  win=22% | score=5.6 inv=1.9 played=13.3 ddraw=2.6
  vs Heur:   35W/70L/1D | score=-0.2±17.9 inv=1.6 played=11.8 lanes=3.4 ddraw=4.0 pts=-0
  vs Random: 109W/0L/1D | score=10.8±19.0 inv=1.9 played=14.2 lanes=3.8 ddraw=1.2 pts=11
  Self-play: 47W/62L/1D | score=4.1±20.7 inv=1.8 played=12.9 lanes=3.5 ddraw=2.6 pts=4
Step: 19005440  SPS: 4638  ε=0.050  ret=-0.792  score=6.5  buf=100%  updates=148402
  vs FROZEN-PPO: 28W/72L/0D  win=28% | score=5.3 inv=1.9 played=13.6 ddraw=2.5
  vs Heur:   29W/71L/1D | score=3.5±19.4 inv=1.6 played=12.8 lanes=3.6 ddraw=3.9 pts=3
  vs Random: 102W/0L/0D | score=13.0±18.3 inv=2.1 played=15.0 lanes=4.0 ddraw=1.2 pts=13
  Self-play: 47W/53L/0D | score=6.5±22.6 inv=1.9 played=13.9 lanes=3.7 ddraw=2.6 pts=7
Step: 19087360  SPS: 4639  ε=0.050  ret=-0.753  score=3.0  buf=100%  updates=149042
  vs FROZEN-PPO: 38W/65L/0D  win=37% | score=9.0 inv=1.8 played=14.0 ddraw=2.4
  vs Heur:   33W/64L/3D | score=5.4±17.4 inv=1.6 played=12.5 lanes=3.5 ddraw=4.0 pts=5
  vs Random: 101W/1L/0D | score=13.1±18.8 inv=2.0 played=15.3 lanes=4.0 ddraw=1.3 pts=13
  Self-play: 56W/44L/3D | score=2.9±21.0 inv=1.7 played=13.0 lanes=3.6 ddraw=2.3 pts=3
Step: 19169280  SPS: 4639  ε=0.050  ret=-0.877  score=4.2  buf=100%  updates=149682
  vs FROZEN-PPO: 38W/62L/0D  win=38% | score=8.7 inv=1.9 played=14.7 ddraw=2.3
  vs Heur:   38W/67L/2D | score=8.2±22.4 inv=2.2 played=14.2 lanes=3.7 ddraw=4.0 pts=8
  vs Random: 109W/0L/0D | score=13.9±19.4 inv=2.2 played=16.0 lanes=4.2 ddraw=1.2 pts=14
  Self-play: 45W/59L/1D | score=4.8±23.5 inv=2.1 played=14.6 lanes=3.9 ddraw=2.5 pts=5
Step: 19251200  SPS: 4639  ε=0.050  ret=-0.874  score=1.6  buf=100%  updates=150322
  vs FROZEN-PPO: 25W/75L/5D  win=24% | score=6.1 inv=1.9 played=14.0 ddraw=3.0
  vs Heur:   29W/69L/3D | score=-1.6±21.2 inv=1.7 played=12.9 lanes=3.8 ddraw=4.2 pts=-2
  vs Random: 101W/1L/0D | score=7.8±19.1 inv=1.9 played=15.1 lanes=4.2 ddraw=1.2 pts=8
  Self-play: 51W/55L/0D | score=4.3±19.3 inv=1.7 played=13.1 lanes=3.6 ddraw=2.4 pts=4
Step: 19333120  SPS: 4639  ε=0.050  ret=-0.770  score=4.8  buf=100%  updates=150962
  vs FROZEN-PPO: 33W/71L/1D  win=31% | score=10.3 inv=2.1 played=14.2 ddraw=2.4
  vs Heur:   33W/74L/3D | score=0.7±24.5 inv=1.7 played=12.3 lanes=3.6 ddraw=3.8 pts=1
  vs Random: 106W/0L/0D | score=13.3±18.9 inv=2.0 played=14.5 lanes=3.8 ddraw=1.4 pts=13
  Self-play: 50W/54L/1D | score=4.0±20.0 inv=1.7 played=12.7 lanes=3.5 ddraw=2.4 pts=4
Step: 19415040  SPS: 4639  ε=0.050  ret=-0.881  score=4.0  buf=100%  updates=151602
  vs FROZEN-PPO: 38W/67L/0D  win=36% | score=8.7 inv=1.9 played=13.8 ddraw=2.8
  vs Heur:   33W/73L/3D | score=1.0±18.2 inv=1.7 played=12.0 lanes=3.5 ddraw=4.1 pts=1
  vs Random: 105W/1L/0D | score=13.7±23.5 inv=2.2 played=14.9 lanes=3.9 ddraw=1.2 pts=14
  Self-play: 40W/63L/1D | score=0.7±22.6 inv=1.8 played=12.7 lanes=3.6 ddraw=2.6 pts=1
Step: 19496960  SPS: 4639  ε=0.050  ret=-0.892  score=4.1  buf=100%  updates=152242
  vs FROZEN-PPO: 43W/61L/1D  win=41% | score=7.7 inv=1.9 played=13.6 ddraw=2.3
  vs Heur:   40W/60L/2D | score=4.8±19.5 inv=1.7 played=12.4 lanes=3.5 ddraw=4.0 pts=5
  vs Random: 106W/0L/0D | score=14.1±20.2 inv=1.9 played=15.3 lanes=4.1 ddraw=1.2 pts=14
  Self-play: 66W/39L/0D | score=10.3±19.8 inv=1.8 played=13.5 lanes=3.6 ddraw=2.4 pts=10
Step: 19578880  SPS: 4640  ε=0.050  ret=-1.038  score=1.5  buf=100%  updates=152882
  vs FROZEN-PPO: 29W/73L/1D  win=28% | score=5.2 inv=2.0 played=13.5 ddraw=2.9
  vs Heur:   29W/79L/1D | score=0.1±21.3 inv=1.9 played=12.3 lanes=3.5 ddraw=4.1 pts=0
  vs Random: 108W/3L/0D | score=12.2±18.1 inv=2.1 played=15.6 lanes=4.2 ddraw=1.4 pts=12
  Self-play: 37W/65L/1D | score=2.9±19.5 inv=1.9 played=12.9 lanes=3.6 ddraw=2.5 pts=3
Step: 19660800  SPS: 4640  ε=0.050  ret=-0.778  score=3.0  buf=100%  updates=153522
  vs FROZEN-PPO: 21W/78L/1D  win=21% | score=3.6 inv=1.6 played=13.6 ddraw=3.0
  vs Heur:   39W/57L/5D | score=5.1±18.3 inv=1.5 played=13.5 lanes=3.8 ddraw=4.1 pts=5
  vs Random: 113W/0L/0D | score=13.6±17.8 inv=1.9 played=15.1 lanes=4.0 ddraw=1.0 pts=14
  Self-play: 48W/55L/0D | score=5.1±19.7 inv=1.6 played=13.0 lanes=3.6 ddraw=2.6 pts=5
Step: 19742720  SPS: 4640  ε=0.050  ret=-0.788  score=2.1  buf=100%  updates=154162
  vs FROZEN-PPO: 30W/70L/2D  win=29% | score=7.6 inv=1.9 played=14.2 ddraw=2.7
  vs Heur:   30W/71L/1D | score=0.9±19.5 inv=2.0 played=13.5 lanes=3.8 ddraw=4.0 pts=1
  vs Random: 107W/0L/0D | score=15.4±22.7 inv=1.9 played=15.6 lanes=4.1 ddraw=1.2 pts=15
  Self-play: 50W/52L/1D | score=7.4±19.3 inv=1.8 played=14.2 lanes=3.8 ddraw=2.5 pts=7
Step: 19824640  SPS: 4641  ε=0.050  ret=-0.821  score=3.7  buf=100%  updates=154802
  vs FROZEN-PPO: 31W/74L/1D  win=29% | score=8.1 inv=1.7 played=13.5 ddraw=3.0
  vs Heur:   34W/63L/3D | score=4.2±20.8 inv=1.5 played=12.3 lanes=3.5 ddraw=4.0 pts=4
  vs Random: 107W/0L/0D | score=11.7±22.5 inv=1.9 played=15.0 lanes=4.1 ddraw=1.0 pts=12
  Self-play: 43W/61L/1D | score=5.2±17.2 inv=1.4 played=12.0 lanes=3.3 ddraw=2.7 pts=5
Step: 19906560  SPS: 4641  ε=0.050  ret=-0.816  score=0.8  buf=100%  updates=155442
  vs FROZEN-PPO: 32W/67L/1D  win=32% | score=9.9 inv=1.9 played=13.5 ddraw=2.6
  vs Heur:   41W/63L/2D | score=1.8±22.2 inv=1.9 played=13.2 lanes=3.8 ddraw=4.2 pts=2
  vs Random: 99W/0L/1D | score=13.5±20.5 inv=1.8 played=14.8 lanes=3.9 ddraw=1.0 pts=14
  Self-play: 53W/52L/0D | score=6.0±19.6 inv=1.5 played=12.6 lanes=3.5 ddraw=2.5 pts=6
Step: 19988480  SPS: 4641  ε=0.050  ret=-0.843  score=0.1  buf=100%  updates=156082
  vs FROZEN-PPO: 35W/64L/1D  win=35% | score=9.2 inv=1.8 played=14.0 ddraw=2.2
  vs Heur:   28W/77L/2D | score=2.3±19.5 inv=1.9 played=13.1 lanes=3.7 ddraw=4.3 pts=2
  vs Random: 103W/0L/0D | score=9.5±19.0 inv=1.7 played=14.5 lanes=4.0 ddraw=1.0 pts=10
  Self-play: 43W/57L/2D | score=4.7±21.5 inv=1.7 played=13.5 lanes=3.7 ddraw=2.4 pts=5
Step: 20070400  SPS: 4641  ε=0.050  ret=-0.971  score=1.4  buf=100%  updates=156722
  vs FROZEN-PPO: 37W/63L/1D  win=37% | score=8.0 inv=1.9 played=13.8 ddraw=2.4
  vs Heur:   42W/65L/1D | score=5.5±19.9 inv=1.9 played=13.6 lanes=3.7 ddraw=4.3 pts=5
  vs Random: 110W/0L/0D | score=16.4±21.8 inv=2.0 played=15.2 lanes=4.0 ddraw=1.3 pts=16
  Self-play: 45W/56L/1D | score=7.4±22.2 inv=1.8 played=12.5 lanes=3.3 ddraw=2.3 pts=7
Step: 20152320  SPS: 4641  ε=0.050  ret=-0.830  score=4.3  buf=100%  updates=157362
  vs FROZEN-PPO: 32W/73L/2D  win=30% | score=7.4 inv=1.7 played=12.2 ddraw=2.1
  vs Heur:   39W/60L/2D | score=4.3±20.2 inv=1.8 played=13.0 lanes=3.6 ddraw=4.2 pts=4
  vs Random: 110W/1L/0D | score=11.2±19.3 inv=1.7 played=14.6 lanes=4.1 ddraw=1.0 pts=11
  Self-play: 48W/50L/2D | score=3.8±17.9 inv=1.5 played=12.3 lanes=3.5 ddraw=2.5 pts=4
Step: 20234240  SPS: 4641  ε=0.050  ret=-0.912  score=2.8  buf=100%  updates=158002
  vs FROZEN-PPO: 31W/69L/1D  win=31% | score=8.7 inv=1.9 played=13.6 ddraw=2.0
  vs Heur:   50W/50L/1D | score=6.0±20.0 inv=2.0 played=13.8 lanes=3.8 ddraw=3.9 pts=6
  vs Random: 106W/0L/0D | score=10.6±18.8 inv=2.2 played=15.4 lanes=4.1 ddraw=1.1 pts=11
  Self-play: 49W/57L/1D | score=5.7±21.6 inv=1.8 played=13.1 lanes=3.6 ddraw=2.6 pts=6
Step: 20316160  SPS: 4641  ε=0.050  ret=-1.015  score=-0.5  buf=100%  updates=158642
  vs FROZEN-PPO: 25W/74L/1D  win=25% | score=3.2 inv=1.8 played=13.5 ddraw=2.9
  vs Heur:   34W/66L/4D | score=-0.1±19.0 inv=2.2 played=13.7 lanes=3.8 ddraw=4.2 pts=-0
  vs Random: 102W/0L/0D | score=14.0±18.5 inv=2.1 played=15.0 lanes=3.9 ddraw=1.3 pts=14
  Self-play: 43W/63L/0D | score=4.0±16.9 inv=2.0 played=13.5 lanes=3.7 ddraw=2.8 pts=4
Step: 20398080  SPS: 4641  ε=0.050  ret=-0.632  score=4.7  buf=100%  updates=159282
  vs FROZEN-PPO: 28W/72L/1D  win=28% | score=5.8 inv=2.2 played=14.3 ddraw=1.7
  vs Heur:   45W/52L/3D | score=7.2±20.3 inv=2.1 played=14.4 lanes=3.9 ddraw=4.0 pts=7
  vs Random: 99W/1L/0D | score=14.1±22.0 inv=2.0 played=15.3 lanes=4.1 ddraw=1.4 pts=14
  Self-play: 51W/53L/1D | score=7.6±21.8 inv=2.2 played=14.6 lanes=3.8 ddraw=2.5 pts=8
Step: 20480000  SPS: 4641  ε=0.050  ret=-1.006  score=1.8  buf=100%  updates=159922
  vs FROZEN-PPO: 30W/72L/1D  win=29% | score=4.4 inv=1.8 played=13.7 ddraw=2.2
  vs Heur:   40W/59L/1D | score=2.9±22.1 inv=1.8 played=14.1 lanes=3.9 ddraw=4.2 pts=3
  vs Random: 105W/1L/0D | score=13.0±21.5 inv=1.9 played=15.4 lanes=4.1 ddraw=1.3 pts=13
  Self-play: 48W/53L/1D | score=7.5±19.4 inv=1.6 played=13.6 lanes=3.8 ddraw=2.4 pts=7
Step: 20561920  SPS: 4640  ε=0.050  ret=-0.612  score=5.4  buf=100%  updates=160562
  vs FROZEN-PPO: 23W/75L/3D  win=23% | score=4.3 inv=2.0 played=14.0 ddraw=2.6
  vs Heur:   30W/71L/1D | score=-1.3±20.8 inv=2.0 played=13.5 lanes=3.8 ddraw=4.4 pts=-1
  vs Random: 107W/2L/0D | score=14.8±21.5 inv=2.1 played=15.6 lanes=4.1 ddraw=1.4 pts=15
  Self-play: 46W/55L/0D | score=7.6±22.7 inv=1.9 played=13.9 lanes=3.8 ddraw=2.6 pts=8
Step: 20643840  SPS: 4640  ε=0.050  ret=-0.895  score=2.3  buf=100%  updates=161202
  vs FROZEN-PPO: 33W/66L/1D  win=33% | score=4.3 inv=1.9 played=13.2 ddraw=2.4
  vs Heur:   31W/68L/1D | score=1.6±20.5 inv=2.0 played=13.4 lanes=3.6 ddraw=4.3 pts=2
  vs Random: 104W/0L/0D | score=11.8±21.2 inv=2.1 played=14.8 lanes=3.9 ddraw=1.4 pts=12
  Self-play: 55W/53L/1D | score=9.7±20.0 inv=1.7 played=13.0 lanes=3.5 ddraw=2.7 pts=10
Step: 20725760  SPS: 4640  ε=0.050  ret=-0.857  score=4.5  buf=100%  updates=161842
  vs FROZEN-PPO: 36W/64L/0D  win=36% | score=8.8 inv=1.9 played=15.2 ddraw=2.6
  vs Heur:   43W/68L/1D | score=3.9±22.0 inv=2.0 played=13.9 lanes=3.8 ddraw=4.3 pts=4
  vs Random: 100W/1L/0D | score=12.0±18.8 inv=2.0 played=15.2 lanes=3.9 ddraw=1.6 pts=12
  Self-play: 48W/58L/0D | score=6.4±21.7 inv=1.9 played=13.7 lanes=3.7 ddraw=2.1 pts=6
Step: 20807680  SPS: 4640  ε=0.050  ret=-0.981  score=-2.0  buf=100%  updates=162482
  vs FROZEN-PPO: 41W/59L/1D  win=41% | score=10.4 inv=2.1 played=14.9 ddraw=2.4
  vs Heur:   42W/61L/2D | score=4.5±21.9 inv=2.2 played=13.8 lanes=3.8 ddraw=4.3 pts=5
  vs Random: 106W/2L/0D | score=10.6±22.2 inv=2.3 played=15.5 lanes=4.1 ddraw=1.5 pts=11
  Self-play: 53W/54L/1D | score=5.9±20.3 inv=1.9 played=13.4 lanes=3.6 ddraw=2.4 pts=6
Step: 20889600  SPS: 4641  ε=0.050  ret=-0.651  score=2.3  buf=100%  updates=163122
  vs FROZEN-PPO: 27W/75L/0D  win=26% | score=5.7 inv=1.7 played=13.0 ddraw=2.2
  vs Heur:   40W/61L/1D | score=3.8±22.0 inv=2.0 played=13.5 lanes=3.7 ddraw=4.3 pts=4
  vs Random: 107W/2L/0D | score=12.1±21.6 inv=2.3 played=15.7 lanes=4.1 ddraw=1.4 pts=12
  Self-play: 41W/57L/2D | score=3.9±20.7 inv=2.0 played=13.7 lanes=3.7 ddraw=2.6 pts=4
Step: 20971520  SPS: 4640  ε=0.050  ret=-0.845  score=2.2  buf=100%  updates=163762
  vs FROZEN-PPO: 23W/77L/1D  win=23% | score=4.7 inv=1.8 played=13.3 ddraw=2.7
  vs Heur:   35W/73L/0D | score=3.2±21.5 inv=1.7 played=13.1 lanes=3.6 ddraw=3.9 pts=3
  vs Random: 106W/1L/0D | score=12.1±18.7 inv=1.9 played=15.5 lanes=4.0 ddraw=1.1 pts=12
  Self-play: 47W/55L/3D | score=8.0±19.7 inv=1.8 played=13.5 lanes=3.7 ddraw=2.5 pts=8
Step: 21053440  SPS: 4641  ε=0.050  ret=-0.767  score=7.6  buf=100%  updates=164402
  vs FROZEN-PPO: 32W/72L/0D  win=31% | score=10.5 inv=1.8 played=13.7 ddraw=2.4
  vs Heur:   30W/73L/2D | score=3.6±19.4 inv=1.8 played=12.9 lanes=3.5 ddraw=4.2 pts=4
  vs Random: 106W/0L/0D | score=14.5±18.3 inv=1.9 played=15.3 lanes=3.9 ddraw=1.5 pts=14
  Self-play: 61W/45L/2D | score=9.2±21.9 inv=1.5 played=13.3 lanes=3.6 ddraw=2.4 pts=9
Step: 21135360  SPS: 4641  ε=0.050  ret=-0.672  score=7.3  buf=100%  updates=165042
  vs FROZEN-PPO: 32W/67L/4D  win=31% | score=7.2 inv=2.1 played=13.5 ddraw=2.3
  vs Heur:   35W/66L/1D | score=5.5±19.1 inv=1.7 played=13.0 lanes=3.5 ddraw=4.0 pts=6
  vs Random: 111W/0L/0D | score=13.6±19.7 inv=2.0 played=14.5 lanes=3.8 ddraw=1.3 pts=14
  Self-play: 62W/48L/0D | score=8.6±21.4 inv=1.8 played=13.3 lanes=3.5 ddraw=2.4 pts=9
Step: 21217280  SPS: 4641  ε=0.050  ret=-0.812  score=3.8  buf=100%  updates=165682
  vs FROZEN-PPO: 27W/74L/0D  win=27% | score=5.3 inv=2.0 played=13.9 ddraw=2.1
  vs Heur:   32W/70L/3D | score=0.4±20.2 inv=1.6 played=12.4 lanes=3.5 ddraw=4.0 pts=0
  vs Random: 105W/0L/0D | score=14.1±18.0 inv=2.1 played=15.1 lanes=3.8 ddraw=1.1 pts=14
  Self-play: 53W/49L/0D | score=6.9±24.3 inv=1.9 played=14.4 lanes=3.9 ddraw=2.7 pts=7
Step: 21299200  SPS: 4640  ε=0.050  ret=-0.642  score=5.0  buf=100%  updates=166322
  vs FROZEN-PPO: 37W/62L/2D  win=37% | score=10.7 inv=1.7 played=14.7 ddraw=2.3
  vs Heur:   32W/69L/0D | score=2.5±19.1 inv=1.9 played=13.8 lanes=3.9 ddraw=4.0 pts=3
  vs Random: 109W/0L/0D | score=17.2±20.1 inv=2.2 played=16.4 lanes=4.3 ddraw=1.5 pts=17
  Self-play: 56W/47L/4D | score=12.0±21.1 inv=1.7 played=14.0 lanes=3.7 ddraw=2.3 pts=12
Step: 21381120  SPS: 4640  ε=0.050  ret=-0.704  score=4.7  buf=100%  updates=166962
  vs FROZEN-PPO: 31W/71L/0D  win=30% | score=8.9 inv=1.9 played=13.6 ddraw=2.2
  vs Heur:   33W/69L/2D | score=2.8±18.7 inv=1.8 played=12.6 lanes=3.6 ddraw=4.0 pts=3
  vs Random: 106W/0L/0D | score=14.0±15.9 inv=1.5 played=15.0 lanes=4.0 ddraw=1.0 pts=14
  Self-play: 46W/51L/3D | score=6.0±20.1 inv=1.6 played=11.5 lanes=3.2 ddraw=2.1 pts=6
Step: 21463040  SPS: 4640  ε=0.050  ret=-0.986  score=0.3  buf=100%  updates=167602
  vs FROZEN-PPO: 28W/73L/2D  win=27% | score=7.3 inv=2.0 played=14.6 ddraw=2.6
  vs Heur:   38W/62L/2D | score=5.1±22.9 inv=1.7 played=14.3 lanes=3.9 ddraw=4.2 pts=5
  vs Random: 102W/1L/0D | score=11.8±20.5 inv=2.2 played=15.8 lanes=4.2 ddraw=1.0 pts=12
  Self-play: 41W/61L/3D | score=6.8±21.5 inv=1.9 played=14.0 lanes=3.8 ddraw=2.4 pts=7
Step: 21544960  SPS: 4640  ε=0.050  ret=-0.810  score=4.5  buf=100%  updates=168242
  vs FROZEN-PPO: 39W/58L/3D  win=39% | score=9.3 inv=2.3 played=16.0 ddraw=2.4
  vs Heur:   31W/78L/0D | score=1.7±22.2 inv=2.4 played=14.7 lanes=4.0 ddraw=3.9 pts=2
  vs Random: 109W/0L/0D | score=15.8±19.2 inv=2.6 played=17.0 lanes=4.3 ddraw=1.2 pts=16
  Self-play: 35W/65L/1D | score=5.9±23.0 inv=2.4 played=15.3 lanes=4.0 ddraw=2.4 pts=6
Step: 21626880  SPS: 4640  ε=0.050  ret=-0.884  score=1.4  buf=100%  updates=168882
  vs FROZEN-PPO: 24W/80L/1D  win=23% | score=6.8 inv=2.1 played=15.5 ddraw=2.7
  vs Heur:   47W/58L/0D | score=6.3±21.5 inv=2.3 played=14.8 lanes=4.0 ddraw=4.2 pts=6
  vs Random: 105W/0L/0D | score=13.8±23.0 inv=2.2 played=16.8 lanes=4.4 ddraw=1.1 pts=14
  Self-play: 50W/52L/1D | score=8.1±23.3 inv=2.2 played=15.3 lanes=4.0 ddraw=2.1 pts=8
Step: 21708800  SPS: 4640  ε=0.050  ret=-0.826  score=5.7  buf=100%  updates=169522
  vs FROZEN-PPO: 32W/69L/1D  win=31% | score=7.6 inv=2.1 played=14.5 ddraw=2.4
  vs Heur:   29W/69L/3D | score=4.8±20.3 inv=2.4 played=14.9 lanes=4.0 ddraw=4.2 pts=5
  vs Random: 99W/1L/0D | score=14.6±21.0 inv=2.4 played=16.5 lanes=4.2 ddraw=1.0 pts=15
  Self-play: 52W/45L/4D | score=11.3±23.7 inv=2.1 played=15.1 lanes=4.0 ddraw=2.4 pts=11
Step: 21790720  SPS: 4640  ε=0.050  ret=-0.846  score=1.5  buf=100%  updates=170162
  vs FROZEN-PPO: 32W/69L/0D  win=32% | score=8.8 inv=2.2 played=15.7 ddraw=2.4
  vs Heur:   37W/64L/0D | score=2.5±20.8 inv=2.2 played=14.2 lanes=3.8 ddraw=4.1 pts=3
  vs Random: 105W/0L/0D | score=16.1±22.2 inv=2.6 played=16.7 lanes=4.2 ddraw=1.3 pts=16
  Self-play: 48W/54L/0D | score=11.0±23.7 inv=2.2 played=15.0 lanes=3.9 ddraw=2.5 pts=11
Step: 21872640  SPS: 4639  ε=0.050  ret=-0.823  score=4.7  buf=100%  updates=170802
  vs FROZEN-PPO: 38W/62L/4D  win=37% | score=8.4 inv=2.2 played=14.8 ddraw=2.5
  vs Heur:   42W/62L/1D | score=6.5±21.2 inv=1.9 played=13.5 lanes=3.7 ddraw=4.0 pts=6
  vs Random: 107W/0L/0D | score=12.9±18.6 inv=2.5 played=16.4 lanes=4.2 ddraw=1.3 pts=13
  Self-play: 45W/53L/2D | score=9.9±17.5 inv=1.8 played=14.8 lanes=3.9 ddraw=2.1 pts=10
Step: 21954560  SPS: 4639  ε=0.050  ret=-0.831  score=3.0  buf=100%  updates=171442
  vs FROZEN-PPO: 31W/69L/0D  win=31% | score=10.1 inv=2.1 played=15.1 ddraw=2.5
  vs Heur:   42W/55L/3D | score=7.5±20.2 inv=2.2 played=15.0 lanes=4.0 ddraw=4.2 pts=8
  vs Random: 105W/2L/0D | score=13.6±22.5 inv=2.4 played=16.6 lanes=4.3 ddraw=1.2 pts=14
  Self-play: 53W/45L/2D | score=10.0±23.3 inv=2.2 played=15.0 lanes=3.9 ddraw=2.3 pts=10
Step: 22036480  SPS: 4639  ε=0.050  ret=-0.668  score=3.8  buf=100%  updates=172082
  vs FROZEN-PPO: 41W/61L/0D  win=40% | score=11.4 inv=2.2 played=16.1 ddraw=2.7
  vs Heur:   47W/53L/2D | score=9.4±23.0 inv=2.3 played=15.3 lanes=4.0 ddraw=4.2 pts=9
  vs Random: 104W/0L/1D | score=15.4±23.2 inv=2.6 played=16.6 lanes=4.2 ddraw=1.2 pts=15
  Self-play: 55W/47L/1D | score=14.7±23.3 inv=2.1 played=15.2 lanes=3.9 ddraw=2.3 pts=15
Step: 22118400  SPS: 4640  ε=0.050  ret=-0.635  score=4.6  buf=100%  updates=172722
  vs FROZEN-PPO: 33W/68L/0D  win=33% | score=6.0 inv=2.3 played=14.5 ddraw=2.2
  vs Heur:   46W/61L/2D | score=4.0±22.0 inv=2.3 played=13.9 lanes=3.7 ddraw=4.2 pts=4
  vs Random: 108W/0L/0D | score=9.9±20.8 inv=2.7 played=16.1 lanes=4.1 ddraw=1.3 pts=10
  Self-play: 44W/58L/0D | score=6.2±20.9 inv=2.3 played=14.9 lanes=3.9 ddraw=2.5 pts=6
Step: 22200320  SPS: 4640  ε=0.050  ret=-0.644  score=7.1  buf=100%  updates=173362
  vs FROZEN-PPO: 38W/60L/4D  win=37% | score=9.9 inv=2.2 played=16.3 ddraw=2.2
  vs Heur:   44W/59L/0D | score=4.2±25.0 inv=2.3 played=14.9 lanes=4.0 ddraw=4.1 pts=4
  vs Random: 100W/1L/0D | score=16.2±21.8 inv=2.3 played=17.2 lanes=4.4 ddraw=1.2 pts=16
  Self-play: 50W/55L/1D | score=9.8±24.1 inv=2.3 played=16.0 lanes=4.2 ddraw=2.2 pts=10
Step: 22282240  SPS: 4640  ε=0.050  ret=-0.775  score=7.8  buf=100%  updates=174002
  vs FROZEN-PPO: 37W/65L/0D  win=36% | score=9.9 inv=2.1 played=15.5 ddraw=2.7
  vs Heur:   48W/50L/2D | score=8.5±24.9 inv=2.3 played=15.1 lanes=3.9 ddraw=4.3 pts=8
  vs Random: 104W/0L/0D | score=13.2±20.8 inv=2.4 played=17.0 lanes=4.3 ddraw=1.5 pts=13
  Self-play: 46W/55L/1D | score=10.0±21.4 inv=2.5 played=15.9 lanes=4.2 ddraw=2.0 pts=10
Step: 22364160  SPS: 4640  ε=0.050  ret=-0.630  score=6.8  buf=100%  updates=174642
  vs FROZEN-PPO: 31W/69L/0D  win=31% | score=5.7 inv=2.3 played=15.8 ddraw=2.3
  vs Heur:   40W/58L/3D | score=6.9±24.9 inv=2.3 played=15.4 lanes=4.1 ddraw=4.2 pts=7
  vs Random: 105W/0L/0D | score=18.6±22.2 inv=2.6 played=17.8 lanes=4.5 ddraw=1.2 pts=19
  Self-play: 50W/54L/1D | score=10.9±23.7 inv=2.5 played=16.3 lanes=4.2 ddraw=2.6 pts=11
Step: 22446080  SPS: 4639  ε=0.050  ret=-0.790  score=2.9  buf=100%  updates=175282
  vs FROZEN-PPO: 32W/70L/0D  win=31% | score=6.3 inv=2.4 played=14.9 ddraw=2.5
  vs Heur:   33W/63L/4D | score=-1.4±20.6 inv=2.3 played=14.5 lanes=4.0 ddraw=4.1 pts=-1
  vs Random: 105W/0L/0D | score=18.4±22.5 inv=2.4 played=16.6 lanes=4.1 ddraw=1.3 pts=18
  Self-play: 53W/46L/1D | score=9.5±19.5 inv=2.4 played=15.6 lanes=4.1 ddraw=2.2 pts=10
Step: 22528000  SPS: 4639  ε=0.050  ret=-0.686  score=7.5  buf=100%  updates=175922
  vs FROZEN-PPO: 33W/64L/3D  win=33% | score=10.3 inv=2.1 played=15.2 ddraw=2.5
  vs Heur:   43W/59L/0D | score=8.1±21.3 inv=2.1 played=14.7 lanes=3.9 ddraw=4.0 pts=8
  vs Random: 106W/0L/0D | score=18.7±22.5 inv=2.4 played=16.8 lanes=4.2 ddraw=1.5 pts=19
  Self-play: 57W/43L/0D | score=15.5±21.6 inv=2.4 played=15.6 lanes=3.9 ddraw=2.3 pts=16
Step: 22609920  SPS: 4639  ε=0.050  ret=-0.718  score=3.8  buf=100%  updates=176562
  vs FROZEN-PPO: 29W/70L/1D  win=29% | score=7.9 inv=2.2 played=15.0 ddraw=2.5
  vs Heur:   36W/63L/2D | score=5.6±21.5 inv=2.2 played=14.2 lanes=3.8 ddraw=4.1 pts=6
  vs Random: 104W/1L/0D | score=15.3±20.8 inv=2.4 played=16.3 lanes=4.2 ddraw=1.3 pts=15
  Self-play: 39W/63L/0D | score=6.7±22.5 inv=2.1 played=14.3 lanes=3.8 ddraw=2.3 pts=7
Step: 22691840  SPS: 4640  ε=0.050  ret=-0.740  score=3.3  buf=100%  updates=177202
  vs FROZEN-PPO: 37W/67L/1D  win=35% | score=8.9 inv=2.6 played=16.0 ddraw=2.2
  vs Heur:   40W/62L/0D | score=5.4±22.7 inv=2.7 played=14.9 lanes=3.8 ddraw=4.1 pts=5
  vs Random: 102W/0L/0D | score=14.5±19.4 inv=2.4 played=16.3 lanes=4.2 ddraw=1.3 pts=14
  Self-play: 39W/65L/2D | score=2.9±23.0 inv=2.5 played=15.3 lanes=4.0 ddraw=2.4 pts=3
Step: 22773760  SPS: 4640  ε=0.050  ret=-0.595  score=7.7  buf=100%  updates=177842
  vs FROZEN-PPO: 36W/66L/0D  win=35% | score=8.7 inv=2.4 played=15.5 ddraw=2.0
  vs Heur:   41W/58L/4D | score=5.2±21.1 inv=2.4 played=15.0 lanes=3.9 ddraw=4.1 pts=5
  vs Random: 99W/1L/0D | score=14.2±22.6 inv=2.5 played=16.0 lanes=4.0 ddraw=1.4 pts=14
  Self-play: 46W/61L/1D | score=6.0±20.9 inv=2.1 played=14.6 lanes=3.9 ddraw=2.4 pts=6
Step: 22855680  SPS: 4640  ε=0.050  ret=-0.685  score=5.5  buf=100%  updates=178482
  vs FROZEN-PPO: 30W/72L/0D  win=29% | score=9.8 inv=2.1 played=14.1 ddraw=2.4
  vs Heur:   37W/69L/3D | score=3.7±20.6 inv=2.3 played=13.9 lanes=3.7 ddraw=4.3 pts=4
  vs Random: 101W/1L/0D | score=11.0±19.7 inv=2.4 played=15.7 lanes=4.0 ddraw=1.4 pts=11
  Self-play: 49W/50L/1D | score=6.5±20.2 inv=2.1 played=13.7 lanes=3.6 ddraw=2.2 pts=7
Step: 22937600  SPS: 4640  ε=0.050  ret=-0.875  score=1.7  buf=100%  updates=179122
  vs FROZEN-PPO: 28W/73L/2D  win=27% | score=6.8 inv=2.2 played=14.8 ddraw=2.2
  vs Heur:   47W/59L/0D | score=3.9±21.4 inv=2.2 played=14.1 lanes=3.8 ddraw=4.2 pts=4
  vs Random: 108W/1L/0D | score=13.9±23.9 inv=2.4 played=15.9 lanes=4.1 ddraw=1.2 pts=14
  Self-play: 54W/47L/1D | score=8.9±22.7 inv=2.2 played=15.1 lanes=3.9 ddraw=2.4 pts=9
Step: 23019520  SPS: 4640  ε=0.050  ret=-0.713  score=6.2  buf=100%  updates=179762
  vs FROZEN-PPO: 29W/70L/1D  win=29% | score=5.2 inv=2.1 played=13.8 ddraw=3.0
  vs Heur:   37W/67L/1D | score=4.0±20.9 inv=2.2 played=13.3 lanes=3.5 ddraw=4.1 pts=4
  vs Random: 100W/2L/0D | score=13.8±24.3 inv=2.4 played=15.4 lanes=3.9 ddraw=1.3 pts=14
  Self-play: 51W/50L/0D | score=6.6±19.4 inv=2.0 played=14.5 lanes=3.8 ddraw=2.1 pts=7
Step: 23101440  SPS: 4640  ε=0.050  ret=-0.799  score=3.2  buf=100%  updates=180402
  vs FROZEN-PPO: 27W/76L/1D  win=26% | score=6.3 inv=1.9 played=13.9 ddraw=2.3
  vs Heur:   49W/52L/3D | score=8.3±21.0 inv=2.0 played=14.5 lanes=3.8 ddraw=3.9 pts=8
  vs Random: 99W/1L/0D | score=14.7±21.1 inv=2.5 played=15.7 lanes=4.0 ddraw=1.4 pts=15
  Self-play: 45W/55L/0D | score=9.5±20.8 inv=1.9 played=14.2 lanes=3.7 ddraw=2.6 pts=10
Step: 23183360  SPS: 4640  ε=0.050  ret=-0.764  score=4.8  buf=100%  updates=181042
  vs FROZEN-PPO: 27W/72L/1D  win=27% | score=5.3 inv=2.1 played=14.1 ddraw=2.1
  vs Heur:   33W/72L/0D | score=2.7±21.7 inv=1.9 played=13.8 lanes=3.8 ddraw=3.8 pts=3
  vs Random: 102W/1L/0D | score=12.7±18.2 inv=2.1 played=15.6 lanes=4.1 ddraw=1.3 pts=13
  Self-play: 49W/50L/3D | score=10.8±21.1 inv=2.1 played=14.3 lanes=3.7 ddraw=2.5 pts=11
Step: 23265280  SPS: 4640  ε=0.050  ret=-0.757  score=3.5  buf=100%  updates=181682
  vs FROZEN-PPO: 33W/67L/0D  win=33% | score=6.4 inv=2.2 played=14.6 ddraw=1.9
  vs Heur:   33W/69L/0D | score=4.5±22.6 inv=2.0 played=14.2 lanes=3.8 ddraw=3.7 pts=4
  vs Random: 108W/0L/0D | score=12.8±21.7 inv=2.4 played=15.8 lanes=4.1 ddraw=1.4 pts=13
  Self-play: 52W/51L/3D | score=9.9±18.9 inv=2.2 played=14.5 lanes=3.7 ddraw=2.1 pts=10
Step: 23347200  SPS: 4640  ε=0.050  ret=-0.825  score=2.4  buf=100%  updates=182322
  vs FROZEN-PPO: 26W/72L/3D  win=26% | score=7.0 inv=1.9 played=14.5 ddraw=2.8
  vs Heur:   34W/67L/1D | score=4.5±20.1 inv=1.8 played=13.5 lanes=3.7 ddraw=4.1 pts=5
  vs Random: 98W/2L/0D | score=10.6±19.7 inv=2.8 played=15.9 lanes=4.0 ddraw=1.2 pts=11
  Self-play: 50W/48L/3D | score=9.0±18.2 inv=2.1 played=14.7 lanes=3.8 ddraw=2.3 pts=9
Step: 23429120  SPS: 4640  ε=0.050  ret=-0.945  score=3.2  buf=100%  updates=182962
  vs FROZEN-PPO: 34W/66L/2D  win=33% | score=9.5 inv=2.1 played=14.4 ddraw=2.5
  vs Heur:   32W/66L/2D | score=0.9±19.9 inv=1.8 played=12.7 lanes=3.5 ddraw=3.8 pts=1
  vs Random: 103W/0L/0D | score=17.7±21.8 inv=2.3 played=15.9 lanes=4.0 ddraw=1.4 pts=18
  Self-play: 40W/62L/3D | score=3.5±25.0 inv=2.1 played=13.7 lanes=3.7 ddraw=2.6 pts=4
Step: 23511040  SPS: 4640  ε=0.050  ret=-0.797  score=8.4  buf=100%  updates=183602
  vs FROZEN-PPO: 31W/72L/0D  win=30% | score=11.8 inv=2.0 played=14.3 ddraw=2.9
  vs Heur:   44W/57L/0D | score=3.5±22.2 inv=2.0 played=13.6 lanes=3.7 ddraw=4.3 pts=3
  vs Random: 104W/0L/0D | score=12.5±18.4 inv=2.0 played=15.6 lanes=4.1 ddraw=1.6 pts=13
  Self-play: 53W/50L/0D | score=10.2±21.6 inv=1.9 played=14.3 lanes=3.7 ddraw=2.3 pts=10
Step: 23592960  SPS: 4640  ε=0.050  ret=-0.902  score=2.0  buf=100%  updates=184242
  vs FROZEN-PPO: 36W/67L/1D  win=35% | score=7.8 inv=2.0 played=13.8 ddraw=2.5
  vs Heur:   32W/64L/4D | score=4.0±23.4 inv=1.9 played=12.9 lanes=3.6 ddraw=4.1 pts=4
  vs Random: 107W/0L/0D | score=11.3±18.5 inv=1.9 played=14.8 lanes=4.0 ddraw=1.3 pts=11
  Self-play: 41W/61L/0D | score=2.9±22.4 inv=2.1 played=13.5 lanes=3.6 ddraw=2.5 pts=3
Step: 23674880  SPS: 4640  ε=0.050  ret=-0.938  score=2.9  buf=100%  updates=184882
  vs FROZEN-PPO: 30W/70L/0D  win=30% | score=10.4 inv=1.9 played=14.1 ddraw=2.3
  vs Heur:   42W/63L/2D | score=5.6±20.8 inv=1.8 played=13.5 lanes=3.6 ddraw=4.3 pts=6
  vs Random: 111W/0L/0D | score=15.3±22.2 inv=2.2 played=15.1 lanes=3.8 ddraw=1.4 pts=15
  Self-play: 42W/56L/2D | score=5.5±17.2 inv=2.0 played=13.2 lanes=3.5 ddraw=2.7 pts=5
Step: 23756800  SPS: 4639  ε=0.050  ret=-0.696  score=5.7  buf=100%  updates=185522
  vs FROZEN-PPO: 30W/70L/0D  win=30% | score=9.3 inv=2.3 played=14.1 ddraw=2.0
  vs Heur:   41W/62L/3D | score=7.9±19.8 inv=1.8 played=13.4 lanes=3.7 ddraw=4.1 pts=8
  vs Random: 105W/0L/0D | score=15.6±22.5 inv=2.2 played=16.7 lanes=4.4 ddraw=1.4 pts=16
  Self-play: 56W/44L/1D | score=9.5±21.2 inv=1.9 played=14.0 lanes=3.7 ddraw=2.4 pts=9
Step: 23838720  SPS: 4639  ε=0.050  ret=-0.693  score=7.0  buf=100%  updates=186162
  vs FROZEN-PPO: 29W/74L/2D  win=28% | score=4.0 inv=1.9 played=13.9 ddraw=2.5
  vs Heur:   46W/51L/3D | score=5.6±20.8 inv=1.9 played=13.0 lanes=3.5 ddraw=4.0 pts=6
  vs Random: 100W/0L/0D | score=15.6±17.8 inv=2.1 played=15.3 lanes=4.0 ddraw=1.5 pts=16
  Self-play: 47W/53L/0D | score=7.4±19.5 inv=1.8 played=13.3 lanes=3.5 ddraw=2.5 pts=7
Step: 23920640  SPS: 4639  ε=0.050  ret=-0.865  score=3.3  buf=100%  updates=186802
  vs FROZEN-PPO: 27W/70L/3D  win=27% | score=7.3 inv=1.9 played=13.4 ddraw=2.0
  vs Heur:   35W/63L/3D | score=3.0±20.1 inv=1.7 played=11.8 lanes=3.3 ddraw=4.0 pts=3
  vs Random: 99W/1L/0D | score=15.1±18.1 inv=1.8 played=14.1 lanes=3.6 ddraw=1.2 pts=15
  Self-play: 49W/52L/3D | score=7.7±21.7 inv=1.7 played=12.4 lanes=3.3 ddraw=2.6 pts=8
Step: 24002560  SPS: 4639  ε=0.050  ret=-0.937  score=2.3  buf=100%  updates=187442
  vs FROZEN-PPO: 34W/66L/0D  win=34% | score=7.4 inv=1.8 played=13.9 ddraw=1.8
  vs Heur:   39W/61L/4D | score=5.5±19.5 inv=1.7 played=13.1 lanes=3.6 ddraw=3.8 pts=5
  vs Random: 109W/0L/0D | score=17.0±19.3 inv=1.9 played=15.1 lanes=3.9 ddraw=1.5 pts=17
  Self-play: 46W/53L/2D | score=8.1±23.1 inv=1.7 played=12.7 lanes=3.5 ddraw=2.3 pts=8
Step: 24084480  SPS: 4639  ε=0.050  ret=-0.898  score=2.9  buf=100%  updates=188082
  vs FROZEN-PPO: 37W/66L/1D  win=36% | score=8.8 inv=1.9 played=13.7 ddraw=2.3
  vs Heur:   34W/65L/3D | score=4.8±16.7 inv=1.7 played=12.3 lanes=3.4 ddraw=4.1 pts=5
  vs Random: 108W/0L/0D | score=18.6±21.8 inv=1.8 played=14.6 lanes=3.8 ddraw=1.3 pts=19
  Self-play: 45W/59L/0D | score=7.5±19.6 inv=1.5 played=12.2 lanes=3.3 ddraw=2.6 pts=7
Step: 24166400  SPS: 4639  ε=0.050  ret=-0.681  score=7.9  buf=100%  updates=188722
  vs FROZEN-PPO: 38W/60L/2D  win=38% | score=12.6 inv=1.6 played=14.2 ddraw=1.4
  vs Heur:   37W/62L/1D | score=8.1±15.7 inv=1.6 played=12.5 lanes=3.4 ddraw=3.5 pts=8
  vs Random: 107W/1L/0D | score=12.5±23.7 inv=2.0 played=15.1 lanes=4.0 ddraw=1.3 pts=12
  Self-play: 52W/47L/4D | score=8.2±19.8 inv=1.6 played=13.0 lanes=3.5 ddraw=2.2 pts=8
Step: 24248320  SPS: 4639  ε=0.050  ret=-0.970  score=3.0  buf=100%  updates=189362
  vs FROZEN-PPO: 33W/66L/1D  win=33% | score=9.4 inv=1.9 played=14.4 ddraw=2.2
  vs Heur:   46W/58L/1D | score=5.1±19.5 inv=2.0 played=14.0 lanes=3.9 ddraw=4.2 pts=5
  vs Random: 108W/1L/0D | score=16.4±22.4 inv=2.0 played=15.8 lanes=4.2 ddraw=1.6 pts=16
  Self-play: 52W/49L/1D | score=11.4±22.0 inv=1.8 played=14.8 lanes=4.0 ddraw=2.6 pts=11
Step: 24330240  SPS: 4639  ε=0.050  ret=-0.832  score=3.4  buf=100%  updates=190002
  vs FROZEN-PPO: 26W/75L/2D  win=25% | score=7.1 inv=2.0 played=14.1 ddraw=2.2
  vs Heur:   38W/64L/1D | score=4.9±21.9 inv=1.7 played=12.7 lanes=3.5 ddraw=4.3 pts=5
  vs Random: 107W/0L/0D | score=12.7±20.3 inv=1.9 played=14.8 lanes=3.9 ddraw=1.5 pts=13
  Self-play: 49W/63L/0D | score=4.8±20.6 inv=1.9 played=13.2 lanes=3.6 ddraw=2.6 pts=5
Step: 24412160  SPS: 4638  ε=0.050  ret=-0.818  score=3.9  buf=100%  updates=190642
  vs FROZEN-PPO: 30W/71L/1D  win=29% | score=7.3 inv=1.9 played=14.0 ddraw=2.2
  vs Heur:   38W/65L/2D | score=7.5±18.8 inv=1.7 played=12.6 lanes=3.4 ddraw=4.1 pts=8
  vs Random: 101W/0L/0D | score=9.7±16.6 inv=1.9 played=14.9 lanes=4.0 ddraw=1.6 pts=10
  Self-play: 46W/56L/1D | score=4.6±20.2 inv=1.7 played=13.3 lanes=3.6 ddraw=2.6 pts=5
Step: 24494080  SPS: 4638  ε=0.050  ret=-0.866  score=3.3  buf=100%  updates=191282
  vs FROZEN-PPO: 30W/69L/2D  win=30% | score=6.8 inv=1.8 played=12.9 ddraw=2.4
  vs Heur:   37W/59L/5D | score=4.5±18.9 inv=1.7 played=12.1 lanes=3.3 ddraw=4.2 pts=4
  vs Random: 103W/2L/0D | score=10.7±21.1 inv=2.1 played=14.2 lanes=3.8 ddraw=1.4 pts=11
  Self-play: 45W/61L/3D | score=6.8±19.7 inv=1.5 played=11.5 lanes=3.1 ddraw=2.4 pts=7
Step: 24576000  SPS: 4638  ε=0.050  ret=-0.839  score=3.0  buf=100%  updates=191922
  vs FROZEN-PPO: 35W/64L/1D  win=35% | score=9.3 inv=1.9 played=14.3 ddraw=2.6
  vs Heur:   41W/59L/1D | score=6.6±18.4 inv=2.1 played=13.1 lanes=3.4 ddraw=4.1 pts=7
  vs Random: 100W/0L/0D | score=12.0±18.6 inv=2.0 played=15.1 lanes=3.9 ddraw=1.6 pts=12
  Self-play: 49W/49L/2D | score=8.7±23.3 inv=1.9 played=13.4 lanes=3.5 ddraw=2.6 pts=9
Step: 24657920  SPS: 4638  ε=0.050  ret=-0.687  score=5.6  buf=100%  updates=192562
  vs FROZEN-PPO: 34W/67L/1D  win=33% | score=10.7 inv=2.0 played=13.9 ddraw=2.6
  vs Heur:   43W/62L/1D | score=6.0±22.6 inv=1.9 played=13.3 lanes=3.6 ddraw=4.3 pts=6
  vs Random: 98W/2L/0D | score=13.9±20.1 inv=2.0 played=15.7 lanes=4.1 ddraw=1.7 pts=14
  Self-play: 45W/54L/1D | score=8.2±20.1 inv=1.9 played=13.7 lanes=3.6 ddraw=2.3 pts=8
Step: 24739840  SPS: 4639  ε=0.050  ret=-0.724  score=5.5  buf=100%  updates=193202
  vs FROZEN-PPO: 38W/62L/3D  win=37% | score=11.5 inv=2.0 played=14.2 ddraw=2.4
  vs Heur:   37W/69L/2D | score=5.2±17.9 inv=1.7 played=13.2 lanes=3.6 ddraw=4.2 pts=5
  vs Random: 112W/0L/0D | score=11.0±17.5 inv=1.9 played=14.6 lanes=3.9 ddraw=1.3 pts=11
  Self-play: 41W/59L/1D | score=4.1±19.0 inv=1.5 played=12.3 lanes=3.4 ddraw=2.5 pts=4
Step: 24821760  SPS: 4639  ε=0.050  ret=-0.763  score=3.7  buf=100%  updates=193842
  vs FROZEN-PPO: 31W/67L/3D  win=31% | score=9.3 inv=1.9 played=15.1 ddraw=2.3
  vs Heur:   36W/64L/2D | score=5.9±21.4 inv=1.9 played=13.7 lanes=3.7 ddraw=4.1 pts=6
  vs Random: 109W/0L/0D | score=12.0±20.0 inv=2.2 played=16.0 lanes=4.2 ddraw=1.5 pts=12
  Self-play: 53W/47L/2D | score=9.8±16.4 inv=1.5 played=13.5 lanes=3.6 ddraw=2.6 pts=10
Step: 24903680  SPS: 4639  ε=0.050  ret=-0.780  score=2.4  buf=100%  updates=194482
  vs FROZEN-PPO: 32W/70L/0D  win=31% | score=8.1 inv=1.9 played=13.9 ddraw=2.2
  vs Heur:   41W/60L/3D | score=6.4±20.6 inv=1.7 played=13.4 lanes=3.7 ddraw=4.3 pts=6
  vs Random: 107W/1L/0D | score=16.5±23.1 inv=2.4 played=15.8 lanes=4.1 ddraw=1.7 pts=16
  Self-play: 57W/42L/1D | score=9.4±18.8 inv=1.9 played=13.7 lanes=3.7 ddraw=2.2 pts=9
Step: 24985600  SPS: 4639  ε=0.050  ret=-0.868  score=2.9  buf=100%  updates=195122
  vs FROZEN-PPO: 37W/65L/4D  win=35% | score=6.2 inv=2.0 played=15.2 ddraw=2.8
  vs Heur:   42W/59L/0D | score=8.3±21.0 inv=2.2 played=14.5 lanes=3.8 ddraw=4.2 pts=8
  vs Random: 100W/1L/0D | score=20.3±20.5 inv=2.4 played=16.7 lanes=4.2 ddraw=1.6 pts=20
  Self-play: 45W/57L/0D | score=7.5±22.2 inv=1.8 played=14.2 lanes=3.9 ddraw=2.1 pts=7
Step: 25067520  SPS: 4640  ε=0.050  ret=-0.712  score=3.8  buf=100%  updates=195762
  vs FROZEN-PPO: 34W/71L/1D  win=32% | score=7.4 inv=1.9 played=14.3 ddraw=2.8
  vs Heur:   37W/65L/2D | score=4.1±23.4 inv=2.1 played=14.1 lanes=3.8 ddraw=4.5 pts=4
  vs Random: 101W/0L/0D | score=19.0±19.7 inv=2.2 played=15.9 lanes=4.1 ddraw=1.3 pts=19
  Self-play: 54W/47L/1D | score=10.4±26.0 inv=1.9 played=13.9 lanes=3.7 ddraw=2.4 pts=10
Step: 25149440  SPS: 4640  ε=0.050  ret=-0.786  score=4.3  buf=100%  updates=196402
  vs FROZEN-PPO: 24W/74L/2D  win=24% | score=5.8 inv=1.9 played=13.7 ddraw=3.0
  vs Heur:   40W/63L/2D | score=4.8±19.0 inv=2.0 played=13.6 lanes=3.7 ddraw=4.3 pts=5
  vs Random: 100W/1L/0D | score=16.3±23.2 inv=2.3 played=16.0 lanes=4.1 ddraw=1.7 pts=16
  Self-play: 45W/59L/2D | score=7.3±21.3 inv=1.9 played=14.1 lanes=3.9 ddraw=2.7 pts=7
Step: 25231360  SPS: 4640  ε=0.050  ret=-0.671  score=7.3  buf=100%  updates=197042
  vs FROZEN-PPO: 34W/68L/2D  win=33% | score=12.4 inv=2.0 played=15.6 ddraw=2.7
  vs Heur:   41W/57L/2D | score=8.7±21.4 inv=1.8 played=13.5 lanes=3.5 ddraw=4.2 pts=9
  vs Random: 102W/0L/0D | score=14.5±20.4 inv=2.1 played=15.7 lanes=4.0 ddraw=1.4 pts=14
  Self-play: 48W/52L/0D | score=7.6±24.1 inv=2.1 played=13.8 lanes=3.6 ddraw=2.4 pts=8
Step: 25313280  SPS: 4640  ε=0.050  ret=-0.721  score=2.7  buf=100%  updates=197682
  vs FROZEN-PPO: 32W/72L/1D  win=30% | score=11.6 inv=2.3 played=15.4 ddraw=2.6
  vs Heur:   40W/73L/0D | score=3.8±20.1 inv=1.9 played=14.1 lanes=3.9 ddraw=4.2 pts=4
  vs Random: 108W/0L/0D | score=13.0±18.8 inv=2.5 played=16.5 lanes=4.3 ddraw=1.5 pts=13
  Self-play: 43W/59L/0D | score=7.4±19.9 inv=1.9 played=13.9 lanes=3.8 ddraw=2.5 pts=7
Step: 25395200  SPS: 4640  ε=0.050  ret=-0.789  score=5.8  buf=100%  updates=198322
  vs FROZEN-PPO: 40W/62L/2D  win=38% | score=7.7 inv=2.2 played=14.5 ddraw=2.6
  vs Heur:   48W/54L/1D | score=6.8±23.0 inv=2.0 played=13.2 lanes=3.5 ddraw=4.1 pts=7
  vs Random: 108W/0L/0D | score=16.4±17.2 inv=2.0 played=15.8 lanes=4.1 ddraw=1.5 pts=16
  Self-play: 51W/49L/1D | score=9.5±25.1 inv=2.0 played=13.4 lanes=3.5 ddraw=2.2 pts=10
Step: 25477120  SPS: 4640  ε=0.050  ret=-0.692  score=7.5  buf=100%  updates=198962
  vs FROZEN-PPO: 27W/73L/0D  win=27% | score=6.7 inv=2.0 played=14.4 ddraw=2.4
  vs Heur:   39W/65L/0D | score=3.9±19.8 inv=1.9 played=14.1 lanes=4.0 ddraw=4.0 pts=4
  vs Random: 103W/0L/0D | score=12.2±18.2 inv=2.3 played=16.3 lanes=4.3 ddraw=1.3 pts=12
  Self-play: 46W/53L/2D | score=8.0±20.0 inv=2.0 played=14.1 lanes=3.8 ddraw=2.5 pts=8
Step: 25559040  SPS: 4640  ε=0.050  ret=-0.588  score=5.8  buf=100%  updates=199602
  vs FROZEN-PPO: 33W/65L/3D  win=33% | score=10.1 inv=1.9 played=14.7 ddraw=2.5
  vs Heur:   45W/52L/3D | score=8.4±21.5 inv=1.9 played=14.4 lanes=3.9 ddraw=4.3 pts=8
  vs Random: 108W/1L/0D | score=14.8±25.4 inv=2.3 played=16.5 lanes=4.3 ddraw=1.6 pts=15
  Self-play: 51W/54L/3D | score=7.9±21.6 inv=1.8 played=14.2 lanes=3.9 ddraw=2.5 pts=8
Step: 25640960  SPS: 4640  ε=0.050  ret=-0.814  score=3.6  buf=100%  updates=200242
  vs FROZEN-PPO: 37W/61L/3D  win=37% | score=10.2 inv=1.7 played=13.9 ddraw=2.4
  vs Heur:   34W/66L/2D | score=3.6±19.1 inv=1.7 played=13.9 lanes=3.9 ddraw=4.0 pts=4
  vs Random: 106W/1L/0D | score=11.3±20.3 inv=2.3 played=15.8 lanes=4.1 ddraw=1.4 pts=11
  Self-play: 54W/43L/3D | score=11.1±21.3 inv=2.0 played=14.2 lanes=3.7 ddraw=2.1 pts=11
Step: 25722880  SPS: 4639  ε=0.050  ret=-0.900  score=3.8  buf=100%  updates=200882
  vs FROZEN-PPO: 29W/73L/0D  win=28% | score=10.9 inv=1.6 played=13.7 ddraw=2.5
  vs Heur:   45W/51L/5D | score=7.4±20.3 inv=1.6 played=13.5 lanes=3.8 ddraw=4.1 pts=7
  vs Random: 105W/0L/0D | score=12.6±18.5 inv=1.7 played=15.4 lanes=4.1 ddraw=1.1 pts=13
  Self-play: 50W/55L/1D | score=6.7±18.9 inv=1.7 played=13.2 lanes=3.6 ddraw=2.4 pts=7
Step: 25804800  SPS: 4640  ε=0.050  ret=-0.737  score=5.2  buf=100%  updates=201522
  vs FROZEN-PPO: 36W/63L/1D  win=36% | score=7.6 inv=2.1 played=14.7 ddraw=2.3
  vs Heur:   32W/70L/2D | score=4.8±24.6 inv=2.1 played=13.9 lanes=3.7 ddraw=4.2 pts=5
  vs Random: 100W/0L/0D | score=14.3±21.6 inv=2.2 played=16.2 lanes=4.2 ddraw=1.3 pts=14
  Self-play: 54W/45L/1D | score=10.8±21.6 inv=1.9 played=14.2 lanes=3.7 ddraw=2.5 pts=11
Step: 25886720  SPS: 4640  ε=0.050  ret=-0.656  score=6.4  buf=100%  updates=202162
  vs FROZEN-PPO: 38W/62L/1D  win=38% | score=13.1 inv=2.2 played=15.1 ddraw=2.2
  vs Heur:   42W/58L/0D | score=7.0±23.1 inv=1.9 played=14.2 lanes=3.9 ddraw=3.9 pts=7
  vs Random: 99W/1L/0D | score=16.9±22.9 inv=2.2 played=16.1 lanes=4.2 ddraw=1.4 pts=17
  Self-play: 58W/46L/1D | score=12.0±17.2 inv=1.7 played=14.7 lanes=3.9 ddraw=2.2 pts=12
Step: 25968640  SPS: 4640  ε=0.050  ret=-0.692  score=6.3  buf=100%  updates=202802
  vs FROZEN-PPO: 27W/71L/3D  win=27% | score=5.3 inv=2.1 played=14.8 ddraw=2.4
  vs Heur:   38W/61L/2D | score=6.3±20.1 inv=1.7 played=13.9 lanes=3.8 ddraw=4.0 pts=6
  vs Random: 106W/1L/0D | score=16.4±21.3 inv=2.5 played=16.4 lanes=4.2 ddraw=1.3 pts=16
  Self-play: 50W/57L/2D | score=8.7±24.5 inv=2.1 played=14.9 lanes=4.0 ddraw=2.5 pts=9
Step: 26050560  SPS: 4640  ε=0.050  ret=-0.795  score=4.3  buf=100%  updates=203442
  vs FROZEN-PPO: 31W/70L/0D  win=31% | score=9.8 inv=2.0 played=15.1 ddraw=2.4
  vs Heur:   49W/62L/2D | score=6.8±17.6 inv=2.0 played=14.7 lanes=3.9 ddraw=4.1 pts=7
  vs Random: 102W/2L/0D | score=11.6±22.0 inv=2.3 played=15.9 lanes=4.1 ddraw=1.4 pts=12
  Self-play: 48W/54L/0D | score=8.6±22.5 inv=2.0 played=14.1 lanes=3.8 ddraw=2.5 pts=9
Step: 26132480  SPS: 4639  ε=0.050  ret=-0.668  score=8.8  buf=100%  updates=204082
  vs FROZEN-PPO: 38W/61L/2D  win=38% | score=12.3 inv=2.1 played=15.8 ddraw=2.1
  vs Heur:   56W/57L/2D | score=10.3±22.1 inv=2.3 played=14.3 lanes=3.7 ddraw=4.1 pts=10
  vs Random: 105W/2L/0D | score=14.9±22.2 inv=2.3 played=16.3 lanes=4.2 ddraw=1.2 pts=15
  Self-play: 49W/55L/1D | score=7.8±18.3 inv=2.1 played=14.7 lanes=3.8 ddraw=2.3 pts=8
Step: 26214400  SPS: 4639  ε=0.050  ret=-0.749  score=7.8  buf=100%  updates=204722
  vs FROZEN-PPO: 36W/63L/2D  win=36% | score=10.3 inv=2.2 played=15.4 ddraw=2.6
  vs Heur:   42W/63L/3D | score=5.8±20.3 inv=1.9 played=14.5 lanes=3.9 ddraw=4.0 pts=6
  vs Random: 101W/0L/0D | score=14.3±18.6 inv=2.2 played=15.7 lanes=4.0 ddraw=1.4 pts=14
  Self-play: 54W/52L/1D | score=12.2±22.2 inv=1.9 played=14.0 lanes=3.7 ddraw=2.7 pts=12
Step: 26296320  SPS: 4639  ε=0.050  ret=-0.848  score=2.9  buf=100%  updates=205362
  vs FROZEN-PPO: 37W/64L/2D  win=36% | score=11.5 inv=2.2 played=15.3 ddraw=2.1
  vs Heur:   42W/64L/0D | score=8.6±19.1 inv=2.1 played=15.1 lanes=4.0 ddraw=3.7 pts=9
  vs Random: 105W/0L/0D | score=18.0±24.3 inv=2.2 played=16.7 lanes=4.3 ddraw=1.5 pts=18
  Self-play: 42W/59L/0D | score=4.9±19.6 inv=1.8 played=14.8 lanes=4.1 ddraw=2.6 pts=5
Step: 26378240  SPS: 4640  ε=0.050  ret=-0.559  score=7.1  buf=100%  updates=206002
  vs FROZEN-PPO: 36W/65L/0D  win=36% | score=9.3 inv=2.1 played=15.2 ddraw=2.6
  vs Heur:   43W/59L/1D | score=4.8±22.0 inv=2.3 played=15.2 lanes=4.0 ddraw=4.3 pts=5
  vs Random: 103W/1L/0D | score=15.6±21.5 inv=2.4 played=17.2 lanes=4.4 ddraw=1.5 pts=16
  Self-play: 52W/50L/1D | score=13.0±26.6 inv=2.0 played=15.2 lanes=4.0 ddraw=1.9 pts=13
Step: 26460160  SPS: 4640  ε=0.050  ret=-0.600  score=6.9  buf=100%  updates=206642
  vs FROZEN-PPO: 33W/67L/0D  win=33% | score=9.8 inv=2.5 played=16.0 ddraw=2.8
  vs Heur:   34W/65L/1D | score=4.3±24.1 inv=2.5 played=15.9 lanes=4.2 ddraw=4.1 pts=4
  vs Random: 105W/0L/0D | score=18.7±19.8 inv=3.0 played=18.3 lanes=4.5 ddraw=1.5 pts=19
  Self-play: 57W/47L/1D | score=12.5±22.5 inv=2.2 played=15.8 lanes=4.1 ddraw=2.2 pts=12
Step: 26542080  SPS: 4640  ε=0.050  ret=-0.735  score=7.0  buf=100%  updates=207282
  vs FROZEN-PPO: 39W/60L/2D  win=39% | score=11.2 inv=2.3 played=16.0 ddraw=2.8
  vs Heur:   34W/61L/6D | score=1.8±18.2 inv=2.4 played=15.7 lanes=4.3 ddraw=4.1 pts=2
  vs Random: 106W/0L/0D | score=20.8±20.6 inv=2.4 played=17.6 lanes=4.3 ddraw=1.5 pts=21
  Self-play: 52W/51L/2D | score=7.8±25.4 inv=2.3 played=15.6 lanes=4.1 ddraw=2.4 pts=8
Step: 26624000  SPS: 4640  ε=0.050  ret=-0.832  score=3.1  buf=100%  updates=207922
  vs FROZEN-PPO: 34W/66L/0D  win=34% | score=7.5 inv=2.5 played=16.1 ddraw=2.3
  vs Heur:   48W/53L/2D | score=8.8±22.7 inv=2.6 played=16.1 lanes=4.1 ddraw=4.1 pts=9
  vs Random: 100W/0L/0D | score=17.6±21.8 inv=2.4 played=17.9 lanes=4.5 ddraw=1.6 pts=18
  Self-play: 56W/44L/1D | score=14.2±19.8 inv=2.1 played=15.5 lanes=4.0 ddraw=2.1 pts=14
Step: 26705920  SPS: 4640  ε=0.050  ret=-0.691  score=6.5  buf=100%  updates=208562
  vs FROZEN-PPO: 40W/62L/0D  win=39% | score=9.9 inv=2.3 played=15.7 ddraw=2.0
  vs Heur:   48W/53L/2D | score=10.0±20.9 inv=2.4 played=15.9 lanes=4.1 ddraw=4.0 pts=10
  vs Random: 105W/0L/0D | score=11.4±22.2 inv=2.6 played=17.1 lanes=4.5 ddraw=1.7 pts=11
  Self-play: 42W/58L/2D | score=8.9±19.4 inv=2.0 played=15.4 lanes=4.0 ddraw=2.0 pts=9
Step: 26787840  SPS: 4641  ε=0.050  ret=-0.693  score=5.6  buf=100%  updates=209202
  vs FROZEN-PPO: 30W/70L/1D  win=30% | score=9.6 inv=2.2 played=15.9 ddraw=2.3
  vs Heur:   40W/59L/1D | score=7.0±26.8 inv=2.7 played=16.4 lanes=4.3 ddraw=4.2 pts=7
  vs Random: 103W/0L/0D | score=18.0±20.0 inv=2.6 played=17.6 lanes=4.5 ddraw=1.6 pts=18
  Self-play: 52W/50L/1D | score=13.8±21.5 inv=2.2 played=15.9 lanes=4.1 ddraw=2.3 pts=14
Step: 26869760  SPS: 4641  ε=0.050  ret=-0.909  score=2.4  buf=100%  updates=209842
  vs FROZEN-PPO: 35W/67L/0D  win=34% | score=6.0 inv=2.4 played=15.1 ddraw=2.2
  vs Heur:   37W/59L/5D | score=5.0±21.6 inv=2.6 played=15.1 lanes=4.0 ddraw=4.2 pts=5
  vs Random: 114W/0L/0D | score=19.3±19.1 inv=2.4 played=17.1 lanes=4.3 ddraw=1.5 pts=19
  Self-play: 59W/45L/0D | score=12.2±21.3 inv=2.3 played=15.8 lanes=4.1 ddraw=2.5 pts=12
Step: 26951680  SPS: 4641  ε=0.050  ret=-0.652  score=5.2  buf=100%  updates=210482
  vs FROZEN-PPO: 35W/66L/2D  win=34% | score=11.0 inv=2.3 played=15.7 ddraw=2.5
  vs Heur:   45W/62L/3D | score=7.7±23.9 inv=2.7 played=16.3 lanes=4.2 ddraw=4.1 pts=8
  vs Random: 109W/0L/0D | score=16.3±22.8 inv=2.7 played=17.3 lanes=4.3 ddraw=1.7 pts=16
  Self-play: 49W/52L/1D | score=9.4±22.7 inv=2.3 played=15.2 lanes=3.9 ddraw=2.4 pts=9
Step: 27033600  SPS: 4642  ε=0.050  ret=-0.585  score=10.2  buf=100%  updates=211122
  vs FROZEN-PPO: 44W/58L/4D  win=42% | score=15.1 inv=2.4 played=16.2 ddraw=1.8
  vs Heur:   44W/53L/3D | score=6.4±21.4 inv=2.1 played=15.4 lanes=4.1 ddraw=4.2 pts=6
  vs Random: 108W/1L/0D | score=10.8±23.0 inv=2.6 played=17.5 lanes=4.5 ddraw=1.5 pts=11
  Self-play: 47W/52L/2D | score=11.6±21.8 inv=2.2 played=16.0 lanes=4.1 ddraw=2.1 pts=12
Step: 27115520  SPS: 4642  ε=0.050  ret=-0.676  score=6.7  buf=100%  updates=211762
  vs FROZEN-PPO: 37W/62L/1D  win=37% | score=12.9 inv=2.5 played=16.0 ddraw=1.8
  vs Heur:   43W/55L/2D | score=6.8±21.5 inv=2.5 played=15.6 lanes=4.0 ddraw=4.1 pts=7
  vs Random: 107W/0L/0D | score=15.7±20.8 inv=2.8 played=17.4 lanes=4.4 ddraw=1.7 pts=16
  Self-play: 49W/49L/2D | score=13.6±26.5 inv=2.3 played=15.7 lanes=4.0 ddraw=2.0 pts=14
Step: 27197440  SPS: 4643  ε=0.050  ret=-0.686  score=6.5  buf=100%  updates=212402
  vs FROZEN-PPO: 43W/57L/1D  win=43% | score=11.4 inv=2.3 played=15.8 ddraw=2.4
  vs Heur:   38W/61L/1D | score=3.5±24.1 inv=2.4 played=15.4 lanes=4.0 ddraw=4.0 pts=4
  vs Random: 102W/1L/0D | score=15.3±27.3 inv=2.6 played=16.7 lanes=4.2 ddraw=1.9 pts=15
  Self-play: 50W/51L/2D | score=10.3±20.2 inv=2.3 played=15.6 lanes=4.0 ddraw=2.2 pts=10
Step: 27279360  SPS: 4643  ε=0.050  ret=-0.799  score=2.8  buf=100%  updates=213042
  vs FROZEN-PPO: 42W/60L/1D  win=41% | score=12.0 inv=2.5 played=15.7 ddraw=2.4
  vs Heur:   45W/59L/5D | score=6.8±18.6 inv=2.5 played=16.2 lanes=4.2 ddraw=4.2 pts=7
  vs Random: 104W/1L/0D | score=15.8±19.8 inv=2.4 played=16.7 lanes=4.3 ddraw=1.5 pts=16
  Self-play: 56W/43L/1D | score=11.3±22.5 inv=2.0 played=15.5 lanes=4.0 ddraw=1.9 pts=11
Step: 27361280  SPS: 4643  ε=0.050  ret=-0.538  score=8.8  buf=100%  updates=213682
  vs FROZEN-PPO: 38W/62L/1D  win=38% | score=11.3 inv=2.1 played=15.0 ddraw=1.9
  vs Heur:   43W/60L/1D | score=8.2±20.7 inv=2.3 played=15.1 lanes=3.9 ddraw=3.9 pts=8
  vs Random: 104W/0L/0D | score=11.2±20.0 inv=2.2 played=16.4 lanes=4.3 ddraw=1.4 pts=11
  Self-play: 47W/55L/7D | score=12.3±18.8 inv=2.0 played=14.9 lanes=3.8 ddraw=2.2 pts=12
Step: 27443200  SPS: 4643  ε=0.050  ret=-0.612  score=9.0  buf=100%  updates=214322
  vs FROZEN-PPO: 37W/63L/2D  win=36% | score=10.7 inv=2.1 played=14.8 ddraw=1.7
  vs Heur:   54W/53L/0D | score=12.8±19.9 inv=2.0 played=14.6 lanes=3.8 ddraw=4.0 pts=13
  vs Random: 108W/0L/0D | score=14.4±19.3 inv=2.8 played=17.2 lanes=4.2 ddraw=1.8 pts=14
  Self-play: 49W/54L/0D | score=8.4±21.0 inv=2.2 played=14.4 lanes=3.7 ddraw=2.0 pts=8
Step: 27525120  SPS: 4643  ε=0.050  ret=-0.582  score=10.4  buf=100%  updates=214962
  vs FROZEN-PPO: 31W/70L/1D  win=30% | score=12.1 inv=2.1 played=15.4 ddraw=2.0
  vs Heur:   41W/57L/2D | score=6.8±22.1 inv=2.2 played=15.2 lanes=4.1 ddraw=3.9 pts=7
  vs Random: 105W/0L/0D | score=20.8±21.3 inv=2.2 played=16.5 lanes=4.1 ddraw=1.6 pts=21
  Self-play: 48W/53L/1D | score=15.9±20.9 inv=2.2 played=16.1 lanes=4.1 ddraw=2.4 pts=16
Step: 27607040  SPS: 4643  ε=0.050  ret=-0.834  score=8.1  buf=100%  updates=215602
  vs FROZEN-PPO: 23W/76L/1D  win=23% | score=4.5 inv=2.4 played=15.8 ddraw=2.8
  vs Heur:   41W/61L/1D | score=5.7±24.9 inv=2.4 played=15.5 lanes=4.1 ddraw=4.2 pts=6
  vs Random: 108W/0L/0D | score=16.6±21.8 inv=2.2 played=16.4 lanes=4.2 ddraw=1.6 pts=17
  Self-play: 49W/54L/0D | score=8.4±22.2 inv=2.4 played=15.8 lanes=4.1 ddraw=2.3 pts=8
Step: 27688960  SPS: 4643  ε=0.050  ret=-0.760  score=5.4  buf=100%  updates=216242
  vs FROZEN-PPO: 37W/67L/0D  win=36% | score=13.7 inv=2.3 played=15.9 ddraw=2.1
  vs Heur:   43W/58L/1D | score=5.2±17.8 inv=2.1 played=14.5 lanes=3.9 ddraw=4.2 pts=5
  vs Random: 101W/0L/0D | score=22.7±19.8 inv=2.1 played=16.8 lanes=4.2 ddraw=1.8 pts=23
  Self-play: 48W/59L/1D | score=8.3±21.7 inv=2.1 played=14.9 lanes=4.0 ddraw=2.4 pts=8
Step: 27770880  SPS: 4643  ε=0.050  ret=-0.766  score=3.8  buf=100%  updates=216882
  vs FROZEN-PPO: 43W/67L/1D  win=39% | score=15.5 inv=2.1 played=15.2 ddraw=2.1
  vs Heur:   42W/58L/2D | score=5.4±22.6 inv=2.2 played=14.9 lanes=4.0 ddraw=4.1 pts=5
  vs Random: 106W/1L/0D | score=14.6±21.4 inv=2.2 played=16.2 lanes=4.2 ddraw=1.8 pts=15
  Self-play: 41W/63L/1D | score=8.5±18.6 inv=2.0 played=14.6 lanes=3.8 ddraw=2.2 pts=8
Step: 27852800  SPS: 4643  ε=0.050  ret=-0.660  score=8.1  buf=100%  updates=217522
  vs FROZEN-PPO: 37W/68L/1D  win=35% | score=10.3 inv=2.3 played=15.0 ddraw=2.3
  vs Heur:   45W/61L/2D | score=6.1±20.7 inv=2.3 played=14.9 lanes=4.1 ddraw=4.2 pts=6
  vs Random: 108W/1L/0D | score=12.2±22.3 inv=2.3 played=16.3 lanes=4.3 ddraw=1.6 pts=12
  Self-play: 48W/46L/6D | score=8.6±19.2 inv=2.1 played=15.1 lanes=4.0 ddraw=2.4 pts=9
Step: 27934720  SPS: 4643  ε=0.050  ret=-0.676  score=9.2  buf=100%  updates=218162
  vs FROZEN-PPO: 39W/66L/0D  win=37% | score=11.0 inv=2.0 played=16.0 ddraw=2.7
  vs Heur:   47W/56L/1D | score=7.8±20.4 inv=2.3 played=15.1 lanes=4.0 ddraw=4.1 pts=8
  vs Random: 103W/2L/0D | score=19.3±20.7 inv=2.1 played=16.7 lanes=4.3 ddraw=1.5 pts=19
  Self-play: 49W/52L/0D | score=13.2±21.8 inv=2.0 played=15.3 lanes=4.0 ddraw=2.4 pts=13
Step: 28016640  SPS: 4643  ε=0.050  ret=-0.487  score=9.4  buf=100%  updates=218802
  vs FROZEN-PPO: 41W/62L/2D  win=39% | score=14.7 inv=2.3 played=15.7 ddraw=2.9
  vs Heur:   48W/57L/2D | score=8.7±18.4 inv=1.9 played=14.9 lanes=4.1 ddraw=4.1 pts=9
  vs Random: 113W/0L/0D | score=18.2±24.2 inv=2.5 played=17.1 lanes=4.4 ddraw=1.5 pts=18
  Self-play: 37W/64L/2D | score=6.6±23.9 inv=2.5 played=15.5 lanes=4.1 ddraw=2.6 pts=7
Step: 28098560  SPS: 4644  ε=0.050  ret=-0.790  score=3.4  buf=100%  updates=219442
  vs FROZEN-PPO: 40W/60L/1D  win=40% | score=11.9 inv=2.3 played=15.6 ddraw=2.2
  vs Heur:   49W/51L/3D | score=9.8±24.6 inv=2.0 played=15.1 lanes=4.0 ddraw=4.0 pts=10
  vs Random: 107W/1L/0D | score=16.2±20.4 inv=2.3 played=16.9 lanes=4.3 ddraw=1.2 pts=16
  Self-play: 42W/61L/0D | score=12.4±20.6 inv=2.2 played=15.6 lanes=4.0 ddraw=2.3 pts=12
Step: 28180480  SPS: 4644  ε=0.050  ret=-0.788  score=8.3  buf=100%  updates=220082
  vs FROZEN-PPO: 37W/67L/0D  win=36% | score=8.8 inv=2.2 played=14.5 ddraw=2.8
  vs Heur:   45W/54L/1D | score=5.4±23.6 inv=2.5 played=14.9 lanes=3.8 ddraw=4.1 pts=5
  vs Random: 111W/1L/0D | score=16.7±21.3 inv=2.5 played=16.9 lanes=4.3 ddraw=1.4 pts=17
  Self-play: 51W/49L/1D | score=9.4±19.5 inv=2.2 played=15.2 lanes=3.9 ddraw=2.4 pts=9
Step: 28262400  SPS: 4644  ε=0.050  ret=-0.821  score=8.8  buf=100%  updates=220722
  vs FROZEN-PPO: 41W/57L/2D  win=41% | score=16.8 inv=2.1 played=16.1 ddraw=2.4
  vs Heur:   42W/57L/3D | score=8.6±20.0 inv=2.1 played=14.6 lanes=3.9 ddraw=4.2 pts=9
  vs Random: 102W/0L/0D | score=14.8±19.3 inv=2.4 played=16.8 lanes=4.3 ddraw=1.1 pts=15
  Self-play: 54W/46L/1D | score=12.3±21.7 inv=2.1 played=15.7 lanes=4.0 ddraw=2.6 pts=12
Step: 28344320  SPS: 4644  ε=0.050  ret=-0.692  score=6.8  buf=100%  updates=221362
  vs FROZEN-PPO: 44W/60L/0D  win=42% | score=15.3 inv=2.1 played=15.2 ddraw=1.5
  vs Heur:   54W/48L/2D | score=9.1±23.2 inv=2.3 played=14.8 lanes=3.9 ddraw=3.9 pts=9
  vs Random: 105W/1L/0D | score=13.5±22.6 inv=2.2 played=16.1 lanes=4.2 ddraw=1.0 pts=13
  Self-play: 49W/50L/1D | score=11.4±23.2 inv=2.2 played=14.5 lanes=3.8 ddraw=2.1 pts=11
Step: 28426240  SPS: 4644  ε=0.050  ret=-0.773  score=5.5  buf=100%  updates=222002
  vs FROZEN-PPO: 33W/71L/0D  win=32% | score=10.2 inv=2.1 played=15.2 ddraw=1.8
  vs Heur:   57W/50L/2D | score=10.9±18.7 inv=2.2 played=14.4 lanes=3.8 ddraw=4.1 pts=11
  vs Random: 106W/0L/0D | score=18.4±23.9 inv=2.3 played=16.8 lanes=4.3 ddraw=1.4 pts=18
  Self-play: 50W/49L/1D | score=10.6±21.5 inv=2.0 played=14.7 lanes=3.8 ddraw=2.2 pts=11
Step: 28508160  SPS: 4644  ε=0.050  ret=-0.713  score=5.2  buf=100%  updates=222642
  vs FROZEN-PPO: 48W/50L/3D  win=48% | score=14.9 inv=2.4 played=15.5 ddraw=2.4
  vs Heur:   47W/52L/1D | score=9.5±24.5 inv=2.5 played=15.2 lanes=3.9 ddraw=4.0 pts=10
  vs Random: 112W/0L/0D | score=22.3±23.2 inv=2.6 played=17.2 lanes=4.2 ddraw=1.5 pts=22
  Self-play: 51W/49L/1D | score=12.4±23.9 inv=2.0 played=15.4 lanes=4.0 ddraw=2.0 pts=12
Step: 28590080  SPS: 4644  ε=0.050  ret=-0.609  score=8.4  buf=100%  updates=223282
  vs FROZEN-PPO: 42W/57L/2D  win=42% | score=10.5 inv=2.2 played=15.9 ddraw=2.1
  vs Heur:   40W/64L/0D | score=6.1±25.1 inv=2.4 played=15.4 lanes=4.0 ddraw=4.1 pts=6
  vs Random: 108W/0L/0D | score=17.5±21.2 inv=2.3 played=16.6 lanes=4.2 ddraw=1.8 pts=17
  Self-play: 50W/47L/4D | score=11.7±22.0 inv=2.3 played=15.9 lanes=4.1 ddraw=2.4 pts=12
Step: 28672000  SPS: 4645  ε=0.050  ret=-0.758  score=5.0  buf=100%  updates=223922
  vs FROZEN-PPO: 35W/64L/2D  win=35% | score=10.2 inv=2.0 played=15.3 ddraw=2.1
  vs Heur:   39W/62L/1D | score=5.1±21.3 inv=2.1 played=15.2 lanes=4.1 ddraw=4.0 pts=5
  vs Random: 107W/1L/0D | score=19.2±21.2 inv=2.3 played=17.0 lanes=4.3 ddraw=1.3 pts=19
  Self-play: 53W/48L/0D | score=14.4±21.5 inv=2.1 played=15.6 lanes=4.0 ddraw=2.1 pts=14
Step: 28753920  SPS: 4645  ε=0.050  ret=-0.600  score=7.8  buf=100%  updates=224562
  vs FROZEN-PPO: 40W/59L/1D  win=40% | score=14.5 inv=2.4 played=15.4 ddraw=2.6
  vs Heur:   47W/57L/0D | score=5.2±26.5 inv=2.4 played=14.7 lanes=3.9 ddraw=4.1 pts=5
  vs Random: 106W/0L/0D | score=16.9±21.9 inv=2.3 played=16.2 lanes=4.1 ddraw=1.5 pts=17
  Self-play: 51W/49L/0D | score=11.0±20.8 inv=2.0 played=15.3 lanes=4.0 ddraw=2.4 pts=11
Step: 28835840  SPS: 4645  ε=0.050  ret=-0.857  score=5.3  buf=100%  updates=225202
  vs FROZEN-PPO: 32W/66L/2D  win=32% | score=13.6 inv=2.2 played=15.4 ddraw=2.5
  vs Heur:   54W/51L/0D | score=11.5±19.6 inv=2.0 played=14.9 lanes=4.0 ddraw=4.3 pts=12
  vs Random: 104W/0L/0D | score=23.5±21.3 inv=2.4 played=17.0 lanes=4.2 ddraw=1.7 pts=24
  Self-play: 54W/50L/0D | score=14.3±21.0 inv=2.3 played=15.9 lanes=4.0 ddraw=2.5 pts=14
Step: 28917760  SPS: 4645  ε=0.050  ret=-0.589  score=8.4  buf=100%  updates=225842
  vs FROZEN-PPO: 41W/59L/0D  win=41% | score=14.2 inv=2.3 played=15.8 ddraw=1.9
  vs Heur:   40W/68L/1D | score=9.2±24.2 inv=2.4 played=15.8 lanes=4.1 ddraw=4.0 pts=9
  vs Random: 108W/1L/0D | score=19.2±22.7 inv=2.7 played=17.3 lanes=4.2 ddraw=1.5 pts=19
  Self-play: 50W/51L/0D | score=12.3±24.9 inv=2.4 played=16.7 lanes=4.3 ddraw=2.2 pts=12
Step: 28999680  SPS: 4646  ε=0.050  ret=-0.780  score=5.2  buf=100%  updates=226482
  vs FROZEN-PPO: 43W/56L/1D  win=43% | score=12.8 inv=2.0 played=15.7 ddraw=1.9
  vs Heur:   52W/47L/1D | score=12.0±20.9 inv=2.0 played=15.3 lanes=4.0 ddraw=4.2 pts=12
  vs Random: 109W/0L/0D | score=19.9±21.2 inv=2.6 played=17.4 lanes=4.4 ddraw=1.4 pts=20
  Self-play: 53W/47L/1D | score=13.4±20.3 inv=2.1 played=15.4 lanes=4.0 ddraw=2.4 pts=13
Step: 29081600  SPS: 4647  ε=0.050  ret=-0.869  score=6.6  buf=100%  updates=227122
  vs FROZEN-PPO: 41W/59L/0D  win=41% | score=15.0 inv=2.2 played=15.4 ddraw=2.1
  vs Heur:   44W/55L/2D | score=8.5±19.7 inv=1.9 played=14.5 lanes=3.9 ddraw=3.9 pts=9
  vs Random: 105W/0L/0D | score=15.4±20.0 inv=2.3 played=17.0 lanes=4.4 ddraw=1.4 pts=15
  Self-play: 58W/43L/0D | score=14.0±22.0 inv=1.9 played=15.4 lanes=4.0 ddraw=2.3 pts=14
Step: 29163520  SPS: 4647  ε=0.050  ret=-0.793  score=5.9  buf=100%  updates=227762
  vs FROZEN-PPO: 41W/57L/2D  win=41% | score=13.4 inv=1.9 played=14.7 ddraw=1.9
  vs Heur:   52W/60L/0D | score=8.0±22.9 inv=2.1 played=14.8 lanes=4.0 ddraw=4.1 pts=8
  vs Random: 104W/0L/0D | score=16.4±21.8 inv=2.3 played=15.8 lanes=4.0 ddraw=1.4 pts=16
  Self-play: 45W/55L/1D | score=8.0±21.1 inv=2.0 played=14.8 lanes=4.0 ddraw=2.6 pts=8
Step: 29245440  SPS: 4647  ε=0.050  ret=-0.571  score=7.8  buf=100%  updates=228402
  vs FROZEN-PPO: 31W/71L/1D  win=30% | score=11.9 inv=2.1 played=14.6 ddraw=2.6
  vs Heur:   44W/57L/2D | score=10.2±22.0 inv=1.9 played=14.9 lanes=4.0 ddraw=4.1 pts=10
  vs Random: 105W/0L/0D | score=14.1±18.2 inv=2.2 played=16.5 lanes=4.2 ddraw=1.3 pts=14
  Self-play: 52W/48L/0D | score=12.2±19.6 inv=1.9 played=14.6 lanes=3.8 ddraw=2.3 pts=12
Step: 29327360  SPS: 4647  ε=0.050  ret=-0.462  score=10.0  buf=100%  updates=229042
  vs FROZEN-PPO: 33W/66L/1D  win=33% | score=11.8 inv=2.0 played=15.1 ddraw=1.7
  vs Heur:   43W/60L/2D | score=4.2±21.7 inv=2.1 played=14.8 lanes=4.1 ddraw=4.0 pts=4
  vs Random: 106W/0L/0D | score=12.9±18.0 inv=2.3 played=16.2 lanes=4.2 ddraw=1.6 pts=13
  Self-play: 56W/43L/2D | score=15.0±20.1 inv=1.8 played=14.9 lanes=3.9 ddraw=2.4 pts=15
Step: 29409280  SPS: 4647  ε=0.050  ret=-0.702  score=7.3  buf=100%  updates=229682
  vs FROZEN-PPO: 41W/59L/0D  win=41% | score=14.9 inv=2.2 played=15.0 ddraw=2.4
  vs Heur:   38W/64L/0D | score=4.9±23.9 inv=2.6 played=14.8 lanes=4.0 ddraw=4.2 pts=5
  vs Random: 101W/2L/0D | score=16.6±22.6 inv=2.7 played=17.0 lanes=4.3 ddraw=1.6 pts=17
  Self-play: 57W/52L/1D | score=11.9±23.6 inv=2.1 played=14.2 lanes=3.7 ddraw=2.6 pts=12
Step: 29491200  SPS: 4647  ε=0.050  ret=-0.853  score=3.6  buf=100%  updates=230322
  vs FROZEN-PPO: 38W/62L/1D  win=38% | score=11.1 inv=2.0 played=14.7 ddraw=2.2
  vs Heur:   36W/67L/0D | score=5.4±21.3 inv=2.2 played=14.8 lanes=4.1 ddraw=4.0 pts=5
  vs Random: 106W/1L/0D | score=17.7±22.3 inv=2.5 played=16.8 lanes=4.2 ddraw=1.7 pts=18
  Self-play: 50W/48L/5D | score=12.5±25.3 inv=2.1 played=15.5 lanes=4.0 ddraw=2.0 pts=13
Step: 29573120  SPS: 4647  ε=0.050  ret=-0.875  score=3.1  buf=100%  updates=230962
  vs FROZEN-PPO: 36W/63L/2D  win=36% | score=10.4 inv=2.5 played=15.3 ddraw=2.0
  vs Heur:   44W/52L/5D | score=10.0±23.8 inv=2.0 played=15.2 lanes=4.0 ddraw=3.9 pts=10
  vs Random: 105W/1L/0D | score=17.6±21.5 inv=2.4 played=16.5 lanes=4.3 ddraw=1.5 pts=18
  Self-play: 46W/57L/0D | score=11.9±18.9 inv=2.1 played=15.2 lanes=3.9 ddraw=2.2 pts=12
Step: 29655040  SPS: 4647  ε=0.050  ret=-0.848  score=4.7  buf=100%  updates=231602
  vs FROZEN-PPO: 42W/59L/0D  win=42% | score=14.1 inv=2.3 played=16.1 ddraw=2.3
  vs Heur:   41W/60L/3D | score=9.3±22.9 inv=2.3 played=15.4 lanes=4.1 ddraw=3.9 pts=9
  vs Random: 107W/1L/0D | score=20.4±21.3 inv=2.2 played=16.7 lanes=4.3 ddraw=1.6 pts=20
  Self-play: 43W/56L/2D | score=10.5±19.7 inv=2.0 played=15.7 lanes=4.1 ddraw=2.2 pts=10
Step: 29736960  SPS: 4647  ε=0.050  ret=-0.597  score=9.4  buf=100%  updates=232242
  vs FROZEN-PPO: 30W/70L/0D  win=30% | score=9.0 inv=2.2 played=15.7 ddraw=2.1
  vs Heur:   58W/45L/1D | score=12.8±19.5 inv=2.2 played=16.0 lanes=4.2 ddraw=4.1 pts=13
  vs Random: 109W/0L/0D | score=20.7±21.8 inv=2.6 played=17.1 lanes=4.3 ddraw=1.5 pts=21
  Self-play: 57W/43L/0D | score=12.1±24.5 inv=2.2 played=16.1 lanes=4.3 ddraw=2.3 pts=12
Step: 29818880  SPS: 4648  ε=0.050  ret=-0.743  score=5.6  buf=100%  updates=232882
  vs FROZEN-PPO: 37W/65L/0D  win=36% | score=10.9 inv=2.1 played=16.4 ddraw=2.2
  vs Heur:   45W/57L/0D | score=7.6±23.8 inv=2.8 played=16.1 lanes=4.1 ddraw=4.1 pts=8
  vs Random: 106W/0L/0D | score=23.4±21.6 inv=2.2 played=17.1 lanes=4.3 ddraw=1.5 pts=23
  Self-play: 45W/56L/0D | score=13.1±25.5 inv=2.4 played=16.4 lanes=4.2 ddraw=2.4 pts=13
Step: 29900800  SPS: 4648  ε=0.050  ret=-0.629  score=10.8  buf=100%  updates=233522
  vs FROZEN-PPO: 47W/50L/3D  win=47% | score=16.7 inv=2.1 played=15.6 ddraw=2.1
  vs Heur:   49W/49L/2D | score=9.1±24.0 inv=2.2 played=15.4 lanes=4.0 ddraw=4.1 pts=9
  vs Random: 102W/2L/0D | score=14.5±21.7 inv=2.5 played=16.6 lanes=4.4 ddraw=1.6 pts=14
  Self-play: 53W/50L/0D | score=13.4±22.1 inv=2.1 played=15.2 lanes=3.9 ddraw=2.3 pts=13
Step: 29982720  SPS: 4648  ε=0.050  ret=-0.715  score=6.9  buf=100%  updates=234162
  vs FROZEN-PPO: 39W/62L/1D  win=38% | score=12.3 inv=2.3 played=16.3 ddraw=2.7
  vs Heur:   39W/63L/0D | score=4.4±23.1 inv=2.6 played=15.2 lanes=3.9 ddraw=4.2 pts=4
  vs Random: 105W/0L/0D | score=17.8±22.0 inv=2.4 played=16.9 lanes=4.2 ddraw=2.0 pts=18
  Self-play: 44W/61L/2D | score=12.4±21.1 inv=2.2 played=15.6 lanes=4.0 ddraw=2.1 pts=12
Step: 30064640  SPS: 4648  ε=0.050  ret=-0.644  score=8.7  buf=100%  updates=234802
  vs FROZEN-PPO: 40W/61L/0D  win=40% | score=12.5 inv=2.5 played=15.5 ddraw=2.3
  vs Heur:   44W/54L/2D | score=6.1±25.1 inv=2.4 played=15.5 lanes=4.1 ddraw=4.3 pts=6
  vs Random: 104W/1L/0D | score=18.8±24.5 inv=2.6 played=17.4 lanes=4.4 ddraw=1.7 pts=19
  Self-play: 50W/52L/2D | score=10.7±20.3 inv=2.2 played=15.7 lanes=4.0 ddraw=2.2 pts=11
Step: 30146560  SPS: 4648  ε=0.050  ret=-0.606  score=7.5  buf=100%  updates=235442
  vs FROZEN-PPO: 41W/61L/1D  win=40% | score=13.7 inv=2.3 played=15.7 ddraw=2.0
  vs Heur:   49W/51L/3D | score=10.0±20.7 inv=2.3 played=15.2 lanes=3.9 ddraw=4.1 pts=10
  vs Random: 106W/1L/0D | score=12.8±24.0 inv=2.5 played=16.8 lanes=4.3 ddraw=1.5 pts=13
  Self-play: 55W/44L/1D | score=11.7±21.0 inv=2.1 played=14.8 lanes=3.8 ddraw=2.1 pts=12
Step: 30228480  SPS: 4649  ε=0.050  ret=-0.665  score=7.5  buf=100%  updates=236082
  vs FROZEN-PPO: 34W/64L/2D  win=34% | score=11.8 inv=2.6 played=16.2 ddraw=2.3
  vs Heur:   47W/51L/2D | score=9.3±25.6 inv=2.6 played=16.5 lanes=4.3 ddraw=4.3 pts=9
  vs Random: 103W/0L/0D | score=20.4±19.0 inv=2.5 played=17.4 lanes=4.4 ddraw=2.0 pts=20
  Self-play: 49W/51L/1D | score=11.3±24.1 inv=2.5 played=16.2 lanes=4.1 ddraw=2.3 pts=11
Step: 30310400  SPS: 4649  ε=0.050  ret=-0.590  score=9.7  buf=100%  updates=236722
  vs FROZEN-PPO: 38W/63L/1D  win=37% | score=14.2 inv=2.5 played=16.5 ddraw=2.3
  vs Heur:   60W/40L/0D | score=13.9±22.4 inv=2.2 played=16.6 lanes=4.3 ddraw=3.9 pts=14
  vs Random: 101W/1L/0D | score=21.3±24.4 inv=2.6 played=18.1 lanes=4.5 ddraw=1.5 pts=21
  Self-play: 42W/55L/3D | score=11.8±23.9 inv=2.3 played=16.3 lanes=4.2 ddraw=2.6 pts=12
Step: 30392320  SPS: 4649  ε=0.050  ret=-0.399  score=8.5  buf=100%  updates=237362
  vs FROZEN-PPO: 46W/57L/3D  win=43% | score=14.3 inv=2.6 played=16.6 ddraw=2.5
  vs Heur:   51W/56L/1D | score=7.1±21.1 inv=2.4 played=16.1 lanes=4.4 ddraw=4.2 pts=7
  vs Random: 101W/2L/0D | score=18.2±22.4 inv=2.5 played=17.7 lanes=4.5 ddraw=1.8 pts=18
  Self-play: 43W/56L/3D | score=8.8±20.4 inv=2.4 played=16.5 lanes=4.3 ddraw=2.5 pts=9
Step: 30474240  SPS: 4650  ε=0.050  ret=-0.692  score=7.5  buf=100%  updates=238002
  vs FROZEN-PPO: 34W/64L/3D  win=34% | score=12.9 inv=2.5 played=15.9 ddraw=2.3
  vs Heur:   46W/56L/1D | score=8.4±25.8 inv=2.7 played=16.1 lanes=4.2 ddraw=4.0 pts=8
  vs Random: 101W/0L/0D | score=20.1±21.9 inv=2.5 played=17.2 lanes=4.3 ddraw=1.7 pts=20
  Self-play: 43W/55L/3D | score=12.9±25.7 inv=2.3 played=15.7 lanes=4.0 ddraw=2.2 pts=13
Step: 30556160  SPS: 4650  ε=0.050  ret=-0.506  score=8.7  buf=100%  updates=238642
  vs FROZEN-PPO: 37W/62L/3D  win=36% | score=14.4 inv=2.2 played=15.9 ddraw=2.3
  vs Heur:   46W/52L/3D | score=6.5±20.4 inv=2.2 played=15.5 lanes=4.1 ddraw=4.1 pts=7
  vs Random: 106W/0L/0D | score=17.7±19.5 inv=2.5 played=17.4 lanes=4.4 ddraw=1.9 pts=18
  Self-play: 65W/39L/2D | score=13.5±24.1 inv=2.4 played=16.2 lanes=4.2 ddraw=2.4 pts=14
Step: 30638080  SPS: 4650  ε=0.050  ret=-0.758  score=4.3  buf=100%  updates=239282
  vs FROZEN-PPO: 34W/65L/1D  win=34% | score=12.3 inv=2.5 played=16.5 ddraw=2.3
  vs Heur:   41W/58L/1D | score=7.2±22.0 inv=2.5 played=15.7 lanes=4.1 ddraw=3.9 pts=7
  vs Random: 100W/0L/0D | score=17.1±22.0 inv=2.4 played=17.6 lanes=4.5 ddraw=1.9 pts=17
  Self-play: 47W/51L/2D | score=12.7±19.0 inv=2.2 played=16.3 lanes=4.2 ddraw=2.1 pts=13
Step: 30720000  SPS: 4650  ε=0.050  ret=-0.607  score=9.4  buf=100%  updates=239922
  vs FROZEN-PPO: 43W/58L/1D  win=42% | score=15.0 inv=2.6 played=16.9 ddraw=2.5
  vs Heur:   40W/64L/1D | score=7.8±25.5 inv=2.6 played=16.1 lanes=4.1 ddraw=3.8 pts=8
  vs Random: 104W/0L/0D | score=17.3±19.8 inv=2.5 played=17.5 lanes=4.4 ddraw=1.9 pts=17
  Self-play: 51W/46L/3D | score=16.9±20.8 inv=2.4 played=16.6 lanes=4.2 ddraw=2.7 pts=17
Step: 30801920  SPS: 4650  ε=0.050  ret=-0.399  score=12.6  buf=100%  updates=240562
  vs FROZEN-PPO: 46W/55L/0D  win=46% | score=15.2 inv=2.5 played=16.6 ddraw=2.0
  vs Heur:   48W/54L/1D | score=7.9±19.9 inv=2.1 played=15.2 lanes=4.0 ddraw=4.0 pts=8
  vs Random: 102W/0L/0D | score=22.4±25.3 inv=2.7 played=17.5 lanes=4.4 ddraw=1.7 pts=22
  Self-play: 51W/48L/3D | score=13.1±21.0 inv=2.4 played=16.2 lanes=4.1 ddraw=2.0 pts=13
Step: 30883840  SPS: 4650  ε=0.050  ret=-0.706  score=2.6  buf=100%  updates=241202
  vs FROZEN-PPO: 30W/70L/2D  win=29% | score=11.6 inv=2.4 played=16.1 ddraw=1.9
  vs Heur:   42W/57L/2D | score=11.3±26.1 inv=2.7 played=15.6 lanes=4.0 ddraw=3.9 pts=11
  vs Random: 104W/0L/0D | score=10.6±20.2 inv=2.7 played=16.7 lanes=4.3 ddraw=1.5 pts=11
  Self-play: 49W/51L/1D | score=12.1±19.5 inv=2.0 played=15.7 lanes=4.1 ddraw=2.0 pts=12
Step: 30965760  SPS: 4650  ε=0.050  ret=-0.613  score=6.2  buf=100%  updates=241842
  vs FROZEN-PPO: 42W/58L/0D  win=42% | score=15.6 inv=2.5 played=15.9 ddraw=2.4
  vs Heur:   48W/52L/1D | score=10.0±20.6 inv=2.3 played=15.6 lanes=4.1 ddraw=3.9 pts=10
  vs Random: 100W/0L/0D | score=18.1±21.9 inv=2.8 played=17.5 lanes=4.4 ddraw=1.8 pts=18
  Self-play: 47W/55L/1D | score=8.1±24.0 inv=2.4 played=15.8 lanes=4.1 ddraw=2.2 pts=8
Step: 31047680  SPS: 4650  ε=0.050  ret=-0.560  score=9.2  buf=100%  updates=242482
  vs FROZEN-PPO: 41W/62L/0D  win=40% | score=15.9 inv=2.4 played=16.9 ddraw=2.0
  vs Heur:   44W/57L/1D | score=8.2±26.2 inv=2.2 played=15.8 lanes=4.2 ddraw=3.9 pts=8
  vs Random: 105W/1L/0D | score=18.7±23.7 inv=2.8 played=17.2 lanes=4.3 ddraw=1.8 pts=19
  Self-play: 50W/46L/4D | score=12.6±20.7 inv=2.1 played=16.0 lanes=4.1 ddraw=2.0 pts=13
Step: 31129600  SPS: 4650  ε=0.050  ret=-0.708  score=7.3  buf=100%  updates=243122
  vs FROZEN-PPO: 32W/65L/3D  win=32% | score=10.3 inv=2.5 played=16.2 ddraw=1.9
  vs Heur:   43W/58L/1D | score=5.1±26.2 inv=2.7 played=15.1 lanes=3.9 ddraw=4.0 pts=5
  vs Random: 104W/0L/0D | score=21.2±22.7 inv=2.3 played=16.4 lanes=4.1 ddraw=1.5 pts=21
  Self-play: 49W/52L/0D | score=11.1±21.0 inv=2.5 played=15.3 lanes=3.9 ddraw=2.2 pts=11
Step: 31211520  SPS: 4650  ε=0.050  ret=-0.721  score=5.7  buf=100%  updates=243762
  vs FROZEN-PPO: 34W/65L/1D  win=34% | score=12.3 inv=2.7 played=15.8 ddraw=1.8
  vs Heur:   42W/58L/1D | score=5.2±22.8 inv=2.3 played=15.7 lanes=4.1 ddraw=4.0 pts=5
  vs Random: 107W/2L/0D | score=15.8±27.0 inv=2.6 played=17.4 lanes=4.4 ddraw=1.5 pts=16
  Self-play: 58W/41L/2D | score=14.5±24.6 inv=2.5 played=16.5 lanes=4.2 ddraw=1.8 pts=15
Step: 31293440  SPS: 4650  ε=0.050  ret=-0.781  score=5.0  buf=100%  updates=244402
  vs FROZEN-PPO: 40W/61L/2D  win=39% | score=12.4 inv=2.6 played=16.0 ddraw=2.5
  vs Heur:   52W/49L/0D | score=11.7±22.6 inv=2.3 played=16.2 lanes=4.2 ddraw=3.8 pts=12
  vs Random: 100W/1L/0D | score=15.8±22.4 inv=2.7 played=17.5 lanes=4.4 ddraw=1.6 pts=16
  Self-play: 55W/49L/0D | score=12.8±19.6 inv=2.4 played=16.7 lanes=4.2 ddraw=2.3 pts=13
Step: 31375360  SPS: 4650  ε=0.050  ret=-0.781  score=5.2  buf=100%  updates=245042
  vs FROZEN-PPO: 37W/64L/1D  win=36% | score=11.2 inv=2.7 played=16.2 ddraw=2.9
  vs Heur:   45W/54L/3D | score=9.9±20.6 inv=2.2 played=15.1 lanes=3.9 ddraw=3.7 pts=10
  vs Random: 104W/0L/0D | score=17.2±20.5 inv=2.5 played=16.9 lanes=4.2 ddraw=1.5 pts=17
  Self-play: 56W/45L/1D | score=14.1±22.6 inv=2.3 played=15.9 lanes=4.1 ddraw=2.4 pts=14
Step: 31457280  SPS: 4650  ε=0.050  ret=-0.617  score=9.8  buf=100%  updates=245682
  vs FROZEN-PPO: 40W/64L/0D  win=38% | score=14.4 inv=2.6 played=16.4 ddraw=2.6
  vs Heur:   49W/53L/0D | score=11.8±23.7 inv=2.7 played=17.0 lanes=4.4 ddraw=4.1 pts=12
  vs Random: 104W/3L/1D | score=16.6±25.0 inv=2.8 played=17.4 lanes=4.3 ddraw=1.5 pts=17
  Self-play: 44W/53L/4D | score=10.8±25.2 inv=2.4 played=16.4 lanes=4.2 ddraw=2.5 pts=11
Step: 31539200  SPS: 4651  ε=0.050  ret=-0.685  score=4.5  buf=100%  updates=246322
  vs FROZEN-PPO: 39W/62L/0D  win=39% | score=8.6 inv=2.8 played=15.9 ddraw=2.6
  vs Heur:   53W/49L/2D | score=10.5±25.0 inv=2.7 played=15.9 lanes=4.1 ddraw=4.2 pts=10
  vs Random: 102W/2L/0D | score=17.8±21.7 inv=2.6 played=16.9 lanes=4.2 ddraw=1.7 pts=18
  Self-play: 55W/47L/0D | score=14.4±22.7 inv=2.6 played=16.0 lanes=4.0 ddraw=2.5 pts=14
Step: 31621120  SPS: 4644  ε=0.050  ret=-0.859  score=9.6  buf=100%  updates=246962
  vs FROZEN-PPO: 40W/60L/0D  win=40% | score=12.7 inv=2.9 played=16.9 ddraw=2.5
  vs Heur:   54W/52L/1D | score=15.0±23.4 inv=2.7 played=16.3 lanes=4.1 ddraw=4.2 pts=15
  vs Random: 99W/1L/0D | score=22.6±24.4 inv=2.5 played=17.6 lanes=4.3 ddraw=1.8 pts=23
  Self-play: 41W/56L/4D | score=11.3±22.8 inv=2.5 played=15.9 lanes=4.0 ddraw=2.4 pts=11
Step: 31703040  SPS: 4636  ε=0.050  ret=-0.731  score=8.4  buf=100%  updates=247602
  vs FROZEN-PPO: 40W/63L/1D  win=38% | score=11.7 inv=2.7 played=16.3 ddraw=3.1
  vs Heur:   41W/55L/4D | score=8.7±22.0 inv=2.4 played=16.0 lanes=4.1 ddraw=4.1 pts=9
  vs Random: 107W/1L/0D | score=18.9±23.8 inv=2.8 played=17.7 lanes=4.4 ddraw=1.4 pts=19
  Self-play: 47W/56L/0D | score=11.5±23.8 inv=2.5 played=16.5 lanes=4.2 ddraw=2.6 pts=11
Step: 31784960  SPS: 4634  ε=0.050  ret=-0.631  score=6.1  buf=100%  updates=248242
  vs FROZEN-PPO: 32W/68L/2D  win=31% | score=14.4 inv=2.4 played=16.0 ddraw=2.5
  vs Heur:   60W/43L/2D | score=15.2±24.2 inv=2.6 played=16.5 lanes=4.1 ddraw=3.8 pts=15
  vs Random: 103W/1L/0D | score=19.6±22.8 inv=2.6 played=17.6 lanes=4.4 ddraw=1.3 pts=20
  Self-play: 53W/48L/1D | score=14.9±20.8 inv=2.4 played=16.7 lanes=4.2 ddraw=1.9 pts=15
Step: 31866880  SPS: 4634  ε=0.050  ret=-0.593  score=7.2  buf=100%  updates=248882
  vs FROZEN-PPO: 36W/67L/3D  win=34% | score=11.5 inv=2.5 played=15.4 ddraw=2.7
  vs Heur:   57W/43L/1D | score=12.8±22.3 inv=2.5 played=15.2 lanes=3.9 ddraw=4.0 pts=13
  vs Random: 99W/1L/0D | score=19.8±25.6 inv=2.9 played=17.3 lanes=4.2 ddraw=1.4 pts=20
  Self-play: 58W/50L/0D | score=11.9±20.8 inv=2.4 played=15.5 lanes=4.0 ddraw=2.4 pts=12
Step: 31948800  SPS: 4634  ε=0.050  ret=-0.566  score=11.8  buf=100%  updates=249522
  vs FROZEN-PPO: 37W/64L/3D  win=36% | score=11.3 inv=2.6 played=15.9 ddraw=2.7
  vs Heur:   54W/52L/0D | score=9.3±24.0 inv=2.5 played=15.7 lanes=4.1 ddraw=4.2 pts=9
  vs Random: 108W/0L/0D | score=19.1±20.8 inv=2.8 played=17.1 lanes=4.2 ddraw=1.7 pts=19
  Self-play: 48W/52L/0D | score=10.3±23.7 inv=2.4 played=15.6 lanes=4.0 ddraw=2.4 pts=10
Step: 32030720  SPS: 4634  ε=0.050  ret=-0.604  score=8.1  buf=100%  updates=250162
  vs FROZEN-PPO: 36W/65L/0D  win=36% | score=13.2 inv=2.7 played=15.8 ddraw=2.3
  vs Heur:   43W/54L/3D | score=12.1±23.6 inv=2.5 played=15.7 lanes=4.0 ddraw=3.9 pts=12
  vs Random: 102W/1L/0D | score=20.2±22.2 inv=2.8 played=17.7 lanes=4.3 ddraw=1.7 pts=20
  Self-play: 54W/47L/1D | score=17.0±20.7 inv=2.3 played=16.0 lanes=4.0 ddraw=2.4 pts=17
Step: 32112640  SPS: 4635  ε=0.050  ret=-0.811  score=4.4  buf=100%  updates=250802
  vs FROZEN-PPO: 35W/63L/2D  win=35% | score=10.6 inv=2.7 played=15.9 ddraw=2.5
  vs Heur:   49W/51L/1D | score=11.6±21.4 inv=2.3 played=15.3 lanes=3.9 ddraw=4.0 pts=12
  vs Random: 103W/0L/0D | score=23.4±21.7 inv=2.4 played=17.5 lanes=4.2 ddraw=1.4 pts=23
  Self-play: 52W/49L/2D | score=14.4±21.5 inv=2.7 played=16.1 lanes=4.0 ddraw=2.4 pts=14
Step: 32194560  SPS: 4635  ε=0.050  ret=-0.469  score=9.3  buf=100%  updates=251442
  vs FROZEN-PPO: 48W/52L/0D  win=48% | score=15.7 inv=2.3 played=15.6 ddraw=2.1
  vs Heur:   43W/58L/3D | score=9.1±24.2 inv=2.6 played=15.2 lanes=3.9 ddraw=3.6 pts=9
  vs Random: 108W/0L/0D | score=18.4±22.0 inv=2.6 played=16.4 lanes=4.1 ddraw=1.6 pts=18
  Self-play: 47W/61L/2D | score=8.8±22.2 inv=2.2 played=14.9 lanes=3.9 ddraw=2.5 pts=9
Step: 32276480  SPS: 4635  ε=0.050  ret=-0.513  score=9.0  buf=100%  updates=252082
  vs FROZEN-PPO: 48W/52L/0D  win=48% | score=14.4 inv=2.3 played=15.7 ddraw=1.9
  vs Heur:   55W/48L/0D | score=13.0±24.1 inv=2.4 played=15.1 lanes=3.8 ddraw=3.8 pts=13
  vs Random: 106W/1L/0D | score=19.0±22.8 inv=2.5 played=17.1 lanes=4.3 ddraw=1.7 pts=19
  Self-play: 53W/47L/1D | score=13.6±22.0 inv=2.1 played=15.7 lanes=4.0 ddraw=2.3 pts=14
Step: 32358400  SPS: 4635  ε=0.050  ret=-0.766  score=3.8  buf=100%  updates=252722
  vs FROZEN-PPO: 37W/67L/1D  win=35% | score=9.7 inv=2.4 played=15.7 ddraw=3.3
  vs Heur:   50W/49L/1D | score=10.9±22.8 inv=2.5 played=15.3 lanes=3.9 ddraw=3.9 pts=11
  vs Random: 104W/1L/0D | score=19.0±23.8 inv=2.6 played=17.3 lanes=4.3 ddraw=1.8 pts=19
  Self-play: 56W/45L/0D | score=14.6±20.2 inv=2.2 played=15.9 lanes=4.1 ddraw=2.5 pts=15
Step: 32440320  SPS: 4635  ε=0.050  ret=-0.697  score=7.7  buf=100%  updates=253362
  vs FROZEN-PPO: 31W/75L/1D  win=29% | score=7.9 inv=2.6 played=15.4 ddraw=2.7
  vs Heur:   44W/58L/2D | score=10.9±21.4 inv=2.2 played=15.1 lanes=3.9 ddraw=4.1 pts=11
  vs Random: 109W/0L/0D | score=20.5±22.3 inv=2.2 played=16.2 lanes=4.1 ddraw=1.4 pts=20
  Self-play: 49W/49L/2D | score=11.8±19.2 inv=2.2 played=15.0 lanes=3.8 ddraw=2.7 pts=12
Step: 32522240  SPS: 4635  ε=0.050  ret=-0.667  score=7.1  buf=100%  updates=254002
  vs FROZEN-PPO: 40W/66L/1D  win=37% | score=13.0 inv=2.6 played=15.8 ddraw=2.5
  vs Heur:   44W/58L/0D | score=7.9±18.6 inv=2.2 played=14.9 lanes=3.9 ddraw=4.1 pts=8
  vs Random: 102W/1L/0D | score=18.2±24.4 inv=2.8 played=17.3 lanes=4.3 ddraw=1.4 pts=18
  Self-play: 46W/56L/1D | score=12.6±16.7 inv=2.1 played=15.6 lanes=4.0 ddraw=2.4 pts=13
Step: 32604160  SPS: 4635  ε=0.050  ret=-0.741  score=8.7  buf=100%  updates=254642
  vs FROZEN-PPO: 35W/65L/0D  win=35% | score=7.8 inv=2.1 played=15.1 ddraw=2.8
  vs Heur:   45W/55L/0D | score=8.9±23.3 inv=2.4 played=15.3 lanes=3.9 ddraw=4.2 pts=9
  vs Random: 99W/1L/0D | score=15.5±23.1 inv=2.5 played=15.9 lanes=4.0 ddraw=1.8 pts=15
  Self-play: 45W/53L/3D | score=11.5±21.0 inv=2.4 played=15.3 lanes=3.9 ddraw=2.4 pts=11
Step: 32686080  SPS: 4635  ε=0.050  ret=-0.501  score=10.0  buf=100%  updates=255282
  vs FROZEN-PPO: 36W/65L/1D  win=35% | score=12.4 inv=2.5 played=15.8 ddraw=2.7
  vs Heur:   52W/53L/0D | score=12.7±21.4 inv=2.4 played=14.4 lanes=3.6 ddraw=4.0 pts=13
  vs Random: 107W/1L/0D | score=17.5±23.8 inv=2.6 played=16.5 lanes=4.1 ddraw=1.7 pts=18
  Self-play: 56W/44L/1D | score=12.1±19.6 inv=2.1 played=15.0 lanes=3.9 ddraw=2.5 pts=12
Step: 32768000  SPS: 4636  ε=0.050  ret=-0.757  score=5.5  buf=100%  updates=255922
  vs FROZEN-PPO: 33W/68L/0D  win=33% | score=11.3 inv=2.1 played=15.5 ddraw=2.1
  vs Heur:   50W/53L/1D | score=7.7±21.4 inv=2.3 played=14.9 lanes=3.9 ddraw=3.8 pts=8
  vs Random: 103W/0L/0D | score=19.6±21.7 inv=2.4 played=16.3 lanes=4.1 ddraw=1.6 pts=20
  Self-play: 46W/52L/2D | score=11.9±21.5 inv=1.8 played=14.5 lanes=3.9 ddraw=2.2 pts=12
Step: 32849920  SPS: 4636  ε=0.050  ret=-0.413  score=12.0  buf=100%  updates=256562
  vs FROZEN-PPO: 40W/60L/1D  win=40% | score=14.4 inv=2.1 played=15.6 ddraw=2.6
  vs Heur:   42W/64L/0D | score=8.4±20.4 inv=2.3 played=14.9 lanes=3.9 ddraw=4.3 pts=8
  vs Random: 103W/0L/0D | score=16.2±22.6 inv=2.5 played=16.2 lanes=4.1 ddraw=1.7 pts=16
  Self-play: 47W/59L/1D | score=12.8±21.8 inv=2.0 played=15.1 lanes=3.9 ddraw=2.6 pts=13
Step: 32931840  SPS: 4636  ε=0.050  ret=-0.620  score=11.0  buf=100%  updates=257202
  vs FROZEN-PPO: 35W/63L/3D  win=35% | score=13.8 inv=2.2 played=15.2 ddraw=2.5
  vs Heur:   40W/60L/1D | score=7.1±25.1 inv=2.4 played=14.7 lanes=3.9 ddraw=4.1 pts=7
  vs Random: 110W/0L/0D | score=16.5±21.6 inv=2.5 played=16.1 lanes=4.1 ddraw=1.5 pts=17
  Self-play: 54W/49L/2D | score=12.9±21.2 inv=2.0 played=14.9 lanes=3.8 ddraw=2.1 pts=13
Step: 33013760  SPS: 4636  ε=0.050  ret=-0.737  score=4.5  buf=100%  updates=257842
  vs FROZEN-PPO: 36W/64L/3D  win=35% | score=13.3 inv=2.2 played=15.0 ddraw=2.0
  vs Heur:   51W/51L/0D | score=10.3±21.7 inv=2.4 played=14.8 lanes=3.8 ddraw=4.2 pts=10
  vs Random: 99W/1L/0D | score=21.0±21.8 inv=2.3 played=16.4 lanes=4.1 ddraw=1.5 pts=21
  Self-play: 40W/59L/1D | score=11.9±21.3 inv=2.1 played=15.0 lanes=3.9 ddraw=2.1 pts=12
Step: 33095680  SPS: 4636  ε=0.050  ret=-0.561  score=8.3  buf=100%  updates=258482
  vs FROZEN-PPO: 33W/69L/0D  win=32% | score=11.5 inv=2.6 played=15.8 ddraw=2.5
  vs Heur:   52W/52L/2D | score=9.6±22.2 inv=2.4 played=15.2 lanes=3.9 ddraw=4.1 pts=10
  vs Random: 108W/1L/0D | score=20.4±24.3 inv=2.5 played=16.7 lanes=4.1 ddraw=1.7 pts=20
  Self-play: 50W/51L/2D | score=14.6±20.1 inv=2.3 played=15.9 lanes=4.1 ddraw=2.3 pts=15
Step: 33177600  SPS: 4636  ε=0.050  ret=-0.693  score=8.0  buf=100%  updates=259122
  vs FROZEN-PPO: 33W/64L/4D  win=33% | score=12.9 inv=2.0 played=15.5 ddraw=2.4
  vs Heur:   46W/58L/1D | score=8.6±26.4 inv=2.3 played=15.2 lanes=4.0 ddraw=3.9 pts=9
  vs Random: 105W/0L/0D | score=21.0±22.6 inv=2.3 played=16.5 lanes=4.1 ddraw=1.4 pts=21
  Self-play: 56W/45L/3D | score=11.0±21.3 inv=2.0 played=14.7 lanes=3.9 ddraw=2.5 pts=11
Step: 33259520  SPS: 4636  ε=0.050  ret=-0.695  score=6.5  buf=100%  updates=259762
  vs FROZEN-PPO: 41W/65L/0D  win=39% | score=14.6 inv=2.3 played=16.1 ddraw=2.3
  vs Heur:   50W/53L/0D | score=7.7±22.5 inv=2.5 played=16.2 lanes=4.2 ddraw=4.1 pts=8
  vs Random: 109W/1L/0D | score=17.8±25.5 inv=2.5 played=16.6 lanes=4.2 ddraw=1.5 pts=18
  Self-play: 51W/48L/1D | score=12.0±17.1 inv=2.1 played=15.9 lanes=4.2 ddraw=2.2 pts=12
Step: 33341440  SPS: 4636  ε=0.050  ret=-0.510  score=10.2  buf=100%  updates=260402
  vs FROZEN-PPO: 37W/63L/0D  win=37% | score=10.1 inv=2.5 played=15.7 ddraw=2.6
  vs Heur:   48W/53L/0D | score=8.2±20.8 inv=2.2 played=14.7 lanes=3.9 ddraw=4.0 pts=8
  vs Random: 104W/0L/0D | score=17.9±20.8 inv=2.6 played=17.3 lanes=4.3 ddraw=1.5 pts=18
  Self-play: 48W/51L/1D | score=12.2±22.6 inv=2.4 played=16.2 lanes=4.2 ddraw=2.3 pts=12
Step: 33423360  SPS: 4636  ε=0.050  ret=-0.701  score=9.2  buf=100%  updates=261042
  vs FROZEN-PPO: 47W/52L/2D  win=47% | score=12.4 inv=2.7 played=16.9 ddraw=2.7
  vs Heur:   49W/51L/1D | score=10.0±21.2 inv=2.4 played=15.8 lanes=4.1 ddraw=4.1 pts=10
  vs Random: 103W/1L/1D | score=20.5±23.9 inv=2.4 played=16.7 lanes=4.1 ddraw=1.5 pts=20
  Self-play: 51W/50L/2D | score=14.0±20.0 inv=2.6 played=16.8 lanes=4.2 ddraw=2.5 pts=14
Step: 33505280  SPS: 4636  ε=0.050  ret=-0.788  score=7.8  buf=100%  updates=261682
  vs FROZEN-PPO: 41W/57L/3D  win=41% | score=13.8 inv=2.3 played=15.9 ddraw=2.2
  vs Heur:   56W/46L/0D | score=10.5±21.8 inv=2.5 played=15.8 lanes=4.0 ddraw=4.0 pts=11
  vs Random: 105W/1L/0D | score=18.4±21.6 inv=2.4 played=16.5 lanes=4.1 ddraw=1.5 pts=18
  Self-play: 51W/50L/1D | score=13.8±21.3 inv=2.3 played=15.5 lanes=4.0 ddraw=2.3 pts=14
Step: 33587200  SPS: 4636  ε=0.050  ret=-0.509  score=8.6  buf=100%  updates=262322
  vs FROZEN-PPO: 50W/54L/2D  win=47% | score=14.6 inv=2.2 played=14.9 ddraw=2.8
  vs Heur:   49W/50L/1D | score=10.0±21.5 inv=2.5 played=14.6 lanes=3.7 ddraw=4.0 pts=10
  vs Random: 104W/0L/0D | score=18.2±21.4 inv=2.5 played=16.5 lanes=4.1 ddraw=1.7 pts=18
  Self-play: 45W/58L/0D | score=7.9±24.1 inv=2.4 played=15.3 lanes=4.0 ddraw=2.5 pts=8
Step: 33669120  SPS: 4636  ε=0.050  ret=-0.795  score=7.4  buf=100%  updates=262962
  vs FROZEN-PPO: 31W/68L/2D  win=31% | score=7.1 inv=2.1 played=15.0 ddraw=2.6
  vs Heur:   50W/49L/1D | score=11.1±21.9 inv=2.4 played=14.9 lanes=3.9 ddraw=4.3 pts=11
  vs Random: 106W/0L/0D | score=20.5±20.1 inv=2.2 played=15.7 lanes=3.9 ddraw=1.7 pts=20
  Self-play: 58W/42L/2D | score=15.2±20.7 inv=2.1 played=15.6 lanes=4.0 ddraw=2.3 pts=15
Step: 33751040  SPS: 4636  ε=0.050  ret=-0.550  score=8.2  buf=100%  updates=263602
  vs FROZEN-PPO: 47W/54L/1D  win=46% | score=14.5 inv=2.2 played=15.8 ddraw=2.4
  vs Heur:   55W/50L/0D | score=12.0±21.3 inv=2.2 played=15.5 lanes=4.0 ddraw=4.1 pts=12
  vs Random: 105W/1L/0D | score=19.5±23.4 inv=2.2 played=16.1 lanes=4.1 ddraw=1.5 pts=19
  Self-play: 50W/51L/1D | score=15.9±20.4 inv=2.1 played=15.7 lanes=3.9 ddraw=2.3 pts=16
Step: 33832960  SPS: 4637  ε=0.050  ret=-0.600  score=10.9  buf=100%  updates=264242
  vs FROZEN-PPO: 39W/63L/1D  win=38% | score=10.5 inv=2.3 played=16.2 ddraw=2.5
  vs Heur:   49W/51L/3D | score=10.3±20.0 inv=2.1 played=14.9 lanes=3.8 ddraw=4.1 pts=10
  vs Random: 100W/0L/0D | score=21.0±20.3 inv=2.3 played=16.4 lanes=4.2 ddraw=1.6 pts=21
  Self-play: 43W/61L/0D | score=13.7±23.1 inv=2.2 played=15.9 lanes=4.1 ddraw=2.1 pts=14
Step: 33914880  SPS: 4637  ε=0.050  ret=-0.624  score=5.9  buf=100%  updates=264882
  vs FROZEN-PPO: 34W/66L/0D  win=34% | score=10.6 inv=2.1 played=15.8 ddraw=2.1
  vs Heur:   43W/55L/3D | score=10.6±21.8 inv=2.2 played=14.9 lanes=3.9 ddraw=3.9 pts=11
  vs Random: 107W/0L/0D | score=18.5±21.0 inv=2.4 played=16.2 lanes=4.1 ddraw=1.7 pts=19
  Self-play: 48W/54L/0D | score=11.8±21.6 inv=1.9 played=15.1 lanes=3.9 ddraw=2.1 pts=12
Step: 33996800  SPS: 4637  ε=0.050  ret=-0.516  score=11.0  buf=100%  updates=265522
  vs FROZEN-PPO: 41W/59L/0D  win=41% | score=17.2 inv=2.3 played=16.0 ddraw=2.5
  vs Heur:   50W/49L/2D | score=7.8±21.6 inv=2.4 played=15.6 lanes=4.0 ddraw=4.0 pts=8
  vs Random: 109W/2L/0D | score=20.1±23.4 inv=2.8 played=16.9 lanes=4.1 ddraw=2.0 pts=20
  Self-play: 55W/44L/1D | score=15.2±18.7 inv=2.1 played=15.7 lanes=4.0 ddraw=2.2 pts=15
Step: 34078720  SPS: 4637  ε=0.050  ret=-0.829  score=4.1  buf=100%  updates=266162
  vs FROZEN-PPO: 39W/62L/0D  win=39% | score=16.2 inv=2.3 played=16.4 ddraw=2.7
  vs Heur:   48W/51L/1D | score=12.7±25.4 inv=2.4 played=16.0 lanes=4.0 ddraw=4.1 pts=13
  vs Random: 102W/1L/0D | score=20.0±22.8 inv=1.9 played=16.7 lanes=4.3 ddraw=1.9 pts=20
  Self-play: 50W/49L/1D | score=10.1±21.2 inv=2.3 played=15.9 lanes=4.1 ddraw=2.6 pts=10
Step: 34160640  SPS: 4637  ε=0.050  ret=-0.708  score=7.6  buf=100%  updates=266802
  vs FROZEN-PPO: 30W/69L/1D  win=30% | score=9.2 inv=2.5 played=16.3 ddraw=2.7
  vs Heur:   63W/49L/5D | score=14.6±24.7 inv=2.8 played=16.1 lanes=4.0 ddraw=4.2 pts=15
  vs Random: 107W/0L/0D | score=19.3±20.0 inv=2.4 played=17.0 lanes=4.2 ddraw=2.1 pts=19
  Self-play: 50W/52L/0D | score=11.2±21.1 inv=2.5 played=16.2 lanes=4.1 ddraw=2.5 pts=11
Step: 34242560  SPS: 4637  ε=0.050  ret=-0.336  score=12.5  buf=100%  updates=267442
  vs FROZEN-PPO: 40W/59L/1D  win=40% | score=12.8 inv=2.4 played=16.4 ddraw=2.6
  vs Heur:   45W/54L/1D | score=9.5±22.0 inv=2.4 played=16.1 lanes=4.2 ddraw=4.1 pts=10
  vs Random: 113W/0L/0D | score=23.5±20.1 inv=2.4 played=16.8 lanes=4.1 ddraw=1.8 pts=23
  Self-play: 43W/54L/4D | score=12.1±21.4 inv=2.4 played=16.3 lanes=4.2 ddraw=2.1 pts=12
Step: 34324480  SPS: 4637  ε=0.050  ret=-0.642  score=10.6  buf=100%  updates=268082
  vs FROZEN-PPO: 33W/65L/2D  win=33% | score=8.3 inv=2.6 played=16.2 ddraw=3.5
  vs Heur:   54W/52L/0D | score=10.1±25.9 inv=2.5 played=16.2 lanes=4.1 ddraw=4.2 pts=10
  vs Random: 104W/0L/0D | score=18.9±20.0 inv=2.2 played=16.8 lanes=4.3 ddraw=1.7 pts=19
  Self-play: 52W/47L/1D | score=11.0±21.1 inv=2.3 played=16.2 lanes=4.2 ddraw=2.5 pts=11
Step: 34406400  SPS: 4637  ε=0.050  ret=-0.467  score=9.2  buf=100%  updates=268722
  vs FROZEN-PPO: 32W/69L/1D  win=31% | score=11.6 inv=2.7 played=16.0 ddraw=2.5
  vs Heur:   45W/59L/1D | score=9.3±23.1 inv=2.7 played=15.7 lanes=4.0 ddraw=3.8 pts=9
  vs Random: 107W/0L/0D | score=19.7±20.3 inv=2.6 played=17.0 lanes=4.2 ddraw=1.6 pts=20
  Self-play: 44W/57L/2D | score=13.5±23.2 inv=2.3 played=16.1 lanes=4.1 ddraw=2.4 pts=13
Step: 34488320  SPS: 4637  ε=0.050  ret=-0.706  score=4.8  buf=100%  updates=269362
  vs FROZEN-PPO: 40W/62L/0D  win=39% | score=11.5 inv=2.4 played=15.8 ddraw=2.6
  vs Heur:   40W/64L/1D | score=6.4±25.0 inv=2.6 played=15.8 lanes=4.1 ddraw=4.2 pts=6
  vs Random: 111W/0L/0D | score=19.2±22.4 inv=2.4 played=17.0 lanes=4.3 ddraw=1.9 pts=19
  Self-play: 42W/57L/2D | score=12.5±22.4 inv=2.5 played=16.1 lanes=4.1 ddraw=2.4 pts=12
Step: 34570240  SPS: 4637  ε=0.050  ret=-0.692  score=4.8  buf=100%  updates=270002
  vs FROZEN-PPO: 45W/57L/1D  win=44% | score=14.2 inv=2.6 played=17.4 ddraw=2.6
  vs Heur:   48W/56L/2D | score=8.9±21.9 inv=2.6 played=15.9 lanes=4.1 ddraw=4.1 pts=9
  vs Random: 105W/1L/0D | score=20.0±25.0 inv=2.7 played=17.5 lanes=4.3 ddraw=1.9 pts=20
  Self-play: 62W/39L/2D | score=13.9±22.1 inv=2.2 played=15.6 lanes=4.0 ddraw=2.4 pts=14
Step: 34652160  SPS: 4637  ε=0.050  ret=-0.432  score=10.2  buf=100%  updates=270642
  vs FROZEN-PPO: 42W/59L/0D  win=42% | score=10.0 inv=2.4 played=16.4 ddraw=2.4
  vs Heur:   55W/51L/2D | score=12.8±23.7 inv=2.4 played=16.7 lanes=4.3 ddraw=4.2 pts=13
  vs Random: 110W/0L/0D | score=19.4±19.7 inv=2.4 played=17.2 lanes=4.3 ddraw=1.8 pts=19
  Self-play: 48W/57L/2D | score=11.3±24.0 inv=2.4 played=16.2 lanes=4.2 ddraw=2.2 pts=11
Step: 34734080  SPS: 4636  ε=0.050  ret=-0.498  score=11.7  buf=100%  updates=271282
  vs FROZEN-PPO: 42W/64L/0D  win=40% | score=13.8 inv=2.4 played=16.2 ddraw=1.9
  vs Heur:   46W/58L/0D | score=8.2±23.3 inv=2.6 played=15.5 lanes=4.0 ddraw=4.2 pts=8
  vs Random: 107W/0L/0D | score=19.0±20.2 inv=2.2 played=16.6 lanes=4.2 ddraw=1.8 pts=19
  Self-play: 54W/48L/2D | score=13.4±21.7 inv=2.3 played=15.7 lanes=4.0 ddraw=2.2 pts=13
Step: 34816000  SPS: 4636  ε=0.050  ret=-0.537  score=9.6  buf=100%  updates=271922
  vs FROZEN-PPO: 35W/64L/2D  win=35% | score=9.9 inv=2.0 played=15.4 ddraw=2.3
  vs Heur:   44W/57L/1D | score=8.5±28.7 inv=2.6 played=16.1 lanes=4.1 ddraw=4.0 pts=8
  vs Random: 100W/3L/0D | score=19.9±21.9 inv=2.3 played=17.2 lanes=4.3 ddraw=1.6 pts=20
  Self-play: 48W/54L/1D | score=11.5±25.9 inv=2.3 played=16.1 lanes=4.2 ddraw=2.6 pts=11
Step: 34897920  SPS: 4636  ε=0.050  ret=-0.551  score=11.1  buf=100%  updates=272562
  vs FROZEN-PPO: 31W/71L/1D  win=30% | score=12.1 inv=2.5 played=15.9 ddraw=2.2
  vs Heur:   46W/56L/1D | score=6.9±22.2 inv=2.4 played=16.0 lanes=4.2 ddraw=4.1 pts=7
  vs Random: 107W/1L/0D | score=16.1±19.7 inv=2.5 played=16.9 lanes=4.3 ddraw=1.7 pts=16
  Self-play: 42W/58L/3D | score=6.9±20.1 inv=2.1 played=15.5 lanes=4.2 ddraw=2.2 pts=7
Step: 34979840  SPS: 4636  ε=0.050  ret=-0.756  score=6.3  buf=100%  updates=273202
  vs FROZEN-PPO: 32W/69L/1D  win=31% | score=12.1 inv=2.4 played=16.2 ddraw=2.8
  vs Heur:   51W/51L/1D | score=13.2±26.3 inv=2.7 played=15.9 lanes=4.0 ddraw=4.1 pts=13
  vs Random: 104W/0L/0D | score=21.9±20.5 inv=2.3 played=17.0 lanes=4.2 ddraw=1.6 pts=22
  Self-play: 56W/44L/0D | score=15.8±19.2 inv=2.1 played=15.7 lanes=4.0 ddraw=2.3 pts=16
Step: 35061760  SPS: 4637  ε=0.050  ret=-0.543  score=8.0  buf=100%  updates=273842
  vs FROZEN-PPO: 41W/61L/1D  win=40% | score=12.1 inv=2.6 played=16.6 ddraw=2.0
  vs Heur:   48W/52L/0D | score=10.3±22.4 inv=2.5 played=16.0 lanes=4.1 ddraw=3.8 pts=10
  vs Random: 105W/0L/0D | score=19.5±21.7 inv=2.5 played=17.4 lanes=4.4 ddraw=1.6 pts=20
  Self-play: 45W/55L/3D | score=11.2±23.2 inv=2.4 played=15.9 lanes=4.1 ddraw=1.9 pts=11
Step: 35143680  SPS: 4637  ε=0.050  ret=-0.700  score=6.5  buf=100%  updates=274482
  vs FROZEN-PPO: 27W/74L/2D  win=26% | score=11.4 inv=2.2 played=15.4 ddraw=1.5
  vs Heur:   46W/53L/1D | score=15.2±25.6 inv=2.2 played=15.7 lanes=4.0 ddraw=3.8 pts=15
  vs Random: 105W/0L/0D | score=20.7±20.3 inv=2.6 played=16.9 lanes=4.2 ddraw=1.5 pts=21
  Self-play: 44W/58L/1D | score=9.8±20.5 inv=2.1 played=14.5 lanes=3.8 ddraw=2.0 pts=10
Step: 35225600  SPS: 4637  ε=0.050  ret=-0.816  score=8.8  buf=100%  updates=275122
  vs FROZEN-PPO: 35W/67L/2D  win=34% | score=10.5 inv=2.0 played=15.4 ddraw=2.4
  vs Heur:   61W/47L/0D | score=12.0±24.8 inv=2.5 played=15.8 lanes=4.1 ddraw=3.9 pts=12
  vs Random: 106W/1L/0D | score=20.9±21.3 inv=2.4 played=16.8 lanes=4.2 ddraw=1.4 pts=21
  Self-play: 42W/57L/1D | score=10.8±19.8 inv=1.7 played=15.1 lanes=4.0 ddraw=2.4 pts=11
Step: 35307520  SPS: 4637  ε=0.050  ret=-0.685  score=8.3  buf=100%  updates=275762
  vs FROZEN-PPO: 45W/53L/2D  win=45% | score=15.8 inv=2.2 played=15.4 ddraw=1.8
  vs Heur:   45W/56L/1D | score=11.3±25.0 inv=2.3 played=15.1 lanes=4.0 ddraw=3.9 pts=11
  vs Random: 108W/0L/0D | score=17.4±20.1 inv=2.2 played=16.4 lanes=4.1 ddraw=1.4 pts=17
  Self-play: 50W/54L/0D | score=14.8±22.6 inv=2.0 played=14.7 lanes=3.8 ddraw=2.2 pts=15
