[big] BC (h1024 d4) from model/lc_dqn_vs_random_dense_dd5/final.pt  2026-06-10 18:47:38
Loaded DQN from model/lc_dqn_vs_random_dense_dd5/final.pt
PPO agent params: 16,708,197
Epoch 1/50  loss=3.5346  actor=2.6622  critic=1.7448  acc=0.141  (124672 transitions, dqn_score=39.9)
Epoch 2/50  loss=2.7895  actor=2.5269  critic=0.5253  acc=0.180  (124672 transitions, dqn_score=40.3)
Epoch 3/50  loss=2.6144  actor=2.4267  critic=0.3754  acc=0.211  (124800 transitions, dqn_score=40.2)
Epoch 4/50  loss=2.5147  actor=2.3765  critic=0.2765  acc=0.232  (124928 transitions, dqn_score=40.2)
Epoch 5/50  loss=2.4789  actor=2.3531  critic=0.2515  acc=0.241  (124800 transitions, dqn_score=39.8)
Epoch 6/50  loss=2.3242  actor=2.2297  critic=0.1890  acc=0.284  (124928 transitions, dqn_score=40.7)
Epoch 7/50  loss=2.2350  actor=2.1360  critic=0.1979  acc=0.323  (124800 transitions, dqn_score=39.8)
Epoch 8/50  loss=2.1434  actor=2.0478  critic=0.1912  acc=0.347  (124800 transitions, dqn_score=39.7)
Epoch 9/50  loss=2.0039  actor=1.9247  critic=0.1585  acc=0.386  (124928 transitions, dqn_score=40.7)
Epoch 10/50  loss=1.9157  actor=1.8439  critic=0.1436  acc=0.406  (124800 transitions, dqn_score=40.1)
  vs_random: 172W/28L/1D  score=-24.5  total_points=-24.5  num_investment=2.2  num_played=10.3  open_lanes=3.7  cards_in_hand=8.0  discard_draws=2.5
  self_play: 94W/105L/2D  score=-22.9  total_points=-22.9  num_investment=2.3  num_played=10.7  open_lanes=3.8  cards_in_hand=8.0  discard_draws=2.5
Epoch 11/50  loss=1.8200  actor=1.7494  critic=0.1411  acc=0.433  (124928 transitions, dqn_score=40.2)
Epoch 12/50  loss=1.7365  actor=1.6720  critic=0.1291  acc=0.456  (124672 transitions, dqn_score=39.6)
Epoch 13/50  loss=1.7112  actor=1.6491  critic=0.1244  acc=0.462  (124928 transitions, dqn_score=40.9)
Epoch 14/50  loss=1.6365  actor=1.5809  critic=0.1111  acc=0.481  (124672 transitions, dqn_score=40.1)
Epoch 15/50  loss=1.5879  actor=1.5379  critic=0.1000  acc=0.494  (124800 transitions, dqn_score=40.0)
Epoch 16/50  loss=1.5438  actor=1.4945  critic=0.0986  acc=0.507  (124800 transitions, dqn_score=39.9)
Epoch 17/50  loss=1.5362  actor=1.4693  critic=0.1338  acc=0.509  (124800 transitions, dqn_score=40.6)
Epoch 18/50  loss=1.4611  actor=1.4139  critic=0.0944  acc=0.525  (124800 transitions, dqn_score=40.7)
Epoch 19/50  loss=1.4501  actor=1.3995  critic=0.1012  acc=0.532  (124800 transitions, dqn_score=40.8)
Epoch 20/50  loss=1.4220  actor=1.3773  critic=0.0894  acc=0.537  (124928 transitions, dqn_score=40.4)
  vs_random: 199W/2L/0D  score=13.3  total_points=13.3  num_investment=2.5  num_played=11.5  open_lanes=2.9  cards_in_hand=8.0  discard_draws=2.3
  self_play: 85W/114L/2D  score=16.1  total_points=16.1  num_investment=2.5  num_played=11.7  open_lanes=2.8  cards_in_hand=8.0  discard_draws=2.5
Epoch 21/50  loss=1.4070  actor=1.3655  critic=0.0830  acc=0.541  (124800 transitions, dqn_score=40.7)
Epoch 22/50  loss=1.3929  actor=1.3499  critic=0.0860  acc=0.545  (124928 transitions, dqn_score=40.2)
Epoch 23/50  loss=1.3911  actor=1.3404  critic=0.1015  acc=0.545  (124672 transitions, dqn_score=40.3)
Epoch 24/50  loss=1.3767  actor=1.3329  critic=0.0876  acc=0.548  (124800 transitions, dqn_score=39.6)
Epoch 25/50  loss=1.3547  actor=1.3053  critic=0.0987  acc=0.554  (124672 transitions, dqn_score=40.2)
Epoch 26/50  loss=1.3366  actor=1.2955  critic=0.0821  acc=0.561  (124672 transitions, dqn_score=40.7)
Epoch 27/50  loss=1.3315  actor=1.2859  critic=0.0911  acc=0.563  (124800 transitions, dqn_score=40.2)
Epoch 28/50  loss=1.3168  actor=1.2778  critic=0.0780  acc=0.564  (124800 transitions, dqn_score=40.6)
Epoch 29/50  loss=1.3161  actor=1.2772  critic=0.0779  acc=0.565  (124800 transitions, dqn_score=40.4)
Epoch 30/50  loss=1.2940  actor=1.2563  critic=0.0754  acc=0.573  (124800 transitions, dqn_score=41.1)
  vs_random: 198W/3L/0D  score=20.9  total_points=20.9  num_investment=2.5  num_played=11.8  open_lanes=2.6  cards_in_hand=8.0  discard_draws=2.2
  self_play: 97W/103L/1D  score=25.2  total_points=25.2  num_investment=2.5  num_played=12.3  open_lanes=2.8  cards_in_hand=8.0  discard_draws=2.5
Epoch 31/50  loss=1.2961  actor=1.2561  critic=0.0799  acc=0.569  (124800 transitions, dqn_score=40.1)
Epoch 32/50  loss=1.2835  actor=1.2443  critic=0.0784  acc=0.572  (124800 transitions, dqn_score=39.9)
Epoch 33/50  loss=1.2866  actor=1.2509  critic=0.0713  acc=0.575  (124672 transitions, dqn_score=39.9)
Epoch 34/50  loss=1.2765  actor=1.2356  critic=0.0818  acc=0.578  (124800 transitions, dqn_score=40.1)
Epoch 35/50  loss=1.2628  actor=1.2253  critic=0.0751  acc=0.580  (124928 transitions, dqn_score=40.4)
Epoch 36/50  loss=1.2470  actor=1.2120  critic=0.0699  acc=0.583  (124800 transitions, dqn_score=40.6)
Epoch 37/50  loss=1.2420  actor=1.2068  critic=0.0704  acc=0.585  (124800 transitions, dqn_score=40.5)
Epoch 38/50  loss=1.2485  actor=1.2147  critic=0.0676  acc=0.583  (124672 transitions, dqn_score=40.1)
Epoch 39/50  loss=1.2428  actor=1.2035  critic=0.0786  acc=0.584  (124928 transitions, dqn_score=40.4)
Epoch 40/50  loss=1.2424  actor=1.2088  critic=0.0671  acc=0.585  (124672 transitions, dqn_score=39.6)
  vs_random: 198W/2L/1D  score=21.6  total_points=21.6  num_investment=2.6  num_played=11.9  open_lanes=2.7  cards_in_hand=8.0  discard_draws=2.3
  self_play: 107W/91L/3D  score=32.8  total_points=32.8  num_investment=2.5  num_played=12.4  open_lanes=2.7  cards_in_hand=8.0  discard_draws=2.5
Epoch 41/50  loss=1.2338  actor=1.2022  critic=0.0633  acc=0.586  (124672 transitions, dqn_score=40.1)
Epoch 42/50  loss=1.2375  actor=1.2004  critic=0.0742  acc=0.586  (124800 transitions, dqn_score=40.0)
Epoch 43/50  loss=1.2232  actor=1.1880  critic=0.0703  acc=0.588  (124928 transitions, dqn_score=40.2)
Epoch 44/50  loss=1.2246  actor=1.1933  critic=0.0627  acc=0.590  (124800 transitions, dqn_score=40.3)
Epoch 45/50  loss=1.2255  actor=1.1860  critic=0.0788  acc=0.590  (124800 transitions, dqn_score=40.3)
Epoch 46/50  loss=1.2020  actor=1.1663  critic=0.0713  acc=0.596  (124800 transitions, dqn_score=39.9)
Epoch 47/50  loss=1.2030  actor=1.1722  critic=0.0616  acc=0.595  (124800 transitions, dqn_score=40.0)
Epoch 48/50  loss=1.2094  actor=1.1770  critic=0.0649  acc=0.594  (124800 transitions, dqn_score=40.0)
Epoch 49/50  loss=1.2000  actor=1.1689  critic=0.0621  acc=0.597  (124800 transitions, dqn_score=40.0)
Epoch 50/50  loss=1.1936  actor=1.1643  critic=0.0585  acc=0.597  (124928 transitions, dqn_score=40.8)
  vs_random: 200W/1L/0D  score=29.4  total_points=29.4  num_investment=2.6  num_played=12.4  open_lanes=2.7  cards_in_hand=8.0  discard_draws=2.5
  self_play: 92W/106L/3D  score=27.6  total_points=27.6  num_investment=2.6  num_played=12.4  open_lanes=2.7  cards_in_hand=8.0  discard_draws=2.5

Final benchmark:
  vs_random: 200W/1L/0D  score=26.0  total_points=26.0  num_investment=2.6  num_played=12.2  open_lanes=2.7  cards_in_hand=8.0  discard_draws=2.4
  self_play: 94W/102L/5D  score=30.8  total_points=30.8  num_investment=2.7  num_played=12.6  open_lanes=2.7  cards_in_hand=8.0  discard_draws=2.5

Saved pretrained PPO to model/lc_ppo_dqninit_big/pretrained.pkt
[big] PPO finetune (h1024 d4)  2026-06-10 18:55:38
wandb: [wandb.login()] Loaded credentials for https://api.wandb.ai from /home/zzhang18/.netrc.
wandb: Currently logged in as: nchen3 (ningcong-chen) to https://api.wandb.ai. Use `wandb login --relogin` to force relogin
wandb: setting up run 3zh691xg
wandb: Tracking run with wandb version 0.25.1
wandb: Run data is saved locally in /home/zzhang18/nchen3/eco/wandb/run-20260610_185541-3zh691xg
wandb: Run `wandb offline` to turn off syncing.
wandb: Syncing run lc__lc_ppo_dqninit_big__1__1781132141
wandb: ⭐️ View project at https://wandb.ai/ningcong-chen/ppo-eco
wandb: 🚀 View run at https://wandb.ai/ningcong-chen/ppo-eco/runs/3zh691xg
Agent params: 16,708,197
Loaded pretrained model from model/lc_ppo_dqninit_big/pretrained.pkt
Frozen opponent (sync every 50 iters)
Step: 4096 SPS: 2713  ev=-0.157  ent=1.139  grad=0.81/0.50  h=0.3 c=0.9  kl=0.1870  vl=1.8833
Step: 8192 SPS: 3125  ev=0.269  ent=1.224  grad=0.96/0.50  h=0.3 c=1.6  kl=0.1518  vl=1.3041
Step: 12288 SPS: 3242  ev=0.037  ent=1.249  grad=1.02/0.50  h=0.1 c=1.2  kl=0.1383  vl=1.1230
Step: 16384 SPS: 3317  ev=0.107  ent=1.169  grad=1.26/0.50  h=0.4 c=2.1  kl=0.1115  vl=1.1600
Step: 20480 SPS: 3418  ev=0.252  ent=1.186  grad=2.05/0.50  h=0.2 c=1.1  kl=0.1139  vl=1.2919
Step: 24576 SPS: 3441  ev=0.016  ent=1.216  grad=1.51/0.50  h=0.1 c=0.9  kl=0.1087  vl=0.7283
Step: 28672 SPS: 3452  ev=0.218  ent=1.120  grad=2.11/0.50  h=0.4 c=1.7  kl=0.1475  vl=0.9034
Step: 32768 SPS: 3490  ev=0.372  ent=1.308  grad=2.36/0.50  h=0.3 c=1.3  kl=0.1321  vl=0.4439
Step: 36864 SPS: 3522  ev=0.339  ent=1.190  grad=1.68/0.50  h=0.2 c=1.5  kl=0.1645  vl=0.3121
Step: 40960 SPS: 3529  ev=0.253  ent=1.120  grad=2.39/0.50  h=0.2 c=2.0  kl=0.2054  vl=0.4825
Step: 45056 SPS: 3563  ev=0.294  ent=1.137  grad=1.37/0.50  h=0.4 c=3.4  kl=0.0620  vl=0.2591
Step: 49152 SPS: 3564  ev=0.382  ent=1.208  grad=0.94/0.50  h=0.3 c=3.9  kl=0.0906  vl=0.2301
Step: 53248 SPS: 3554  ev=0.454  ent=1.166  grad=1.22/0.50  h=0.1 c=3.6  kl=0.1323  vl=0.3792
Step: 57344 SPS: 3560  ev=0.299  ent=1.122  grad=1.05/0.50  h=0.4 c=3.6  kl=0.1286  vl=0.1881
Step: 61440 SPS: 3555  ev=0.430  ent=1.244  grad=2.17/0.50  h=0.3 c=3.2  kl=0.1105  vl=0.2825
Step: 65536 SPS: 3555  ev=0.458  ent=1.195  grad=1.76/0.50  h=0.1 c=3.2  kl=0.0707  vl=0.3856
Step: 69632 SPS: 3536  ev=0.374  ent=1.167  grad=1.20/0.50  h=0.4 c=2.5  kl=0.1204  vl=0.3370
Step: 73728 SPS: 3537  ev=0.461  ent=1.186  grad=2.35/0.50  h=0.4 c=2.3  kl=0.1475  vl=0.2846
Step: 77824 SPS: 3531  ev=0.477  ent=1.176  grad=1.06/0.50  h=0.2 c=2.0  kl=0.1031  vl=0.3080
  vs Heur:   34W/72L/2D | score=-0.3±32.8 inv=2.4 played=10.4 lanes=2.9 ddraw=4.6 pts=-0
  vs Random: 97W/3L/0D | score=8.2±27.0 inv=2.2 played=10.3 lanes=2.8 ddraw=2.4 pts=8
  Self-play: 52W/50L/1D | score=5.7±27.0 inv=1.9 played=9.7 lanes=2.7 ddraw=2.4 pts=6
Step: 81920 SPS: 3518  ev=0.434  ent=1.112  grad=1.48/0.50  h=0.3 c=1.5  kl=0.1645  vl=0.2673
Step: 86016 SPS: 3515  ev=0.449  ent=1.089  grad=0.88/0.50  h=0.4 c=1.7  kl=0.1753  vl=0.1877
Step: 90112 SPS: 3515  ev=0.407  ent=1.172  grad=1.59/0.50  h=0.1 c=1.4  kl=0.1439  vl=0.2463
Step: 94208 SPS: 3512  ev=0.420  ent=1.104  grad=1.60/0.50  h=0.2 c=1.9  kl=0.1790  vl=0.2173
Step: 98304 SPS: 3501  ev=0.389  ent=1.160  grad=0.77/0.50  h=0.4 c=3.4  kl=0.1440  vl=0.2563
Step: 102400 SPS: 3496  ev=0.492  ent=1.142  grad=0.58/0.50  h=0.3 c=4.1  kl=0.1110  vl=0.2493
Step: 106496 SPS: 3487  ev=0.513  ent=1.138  grad=0.61/0.50  h=0.2 c=4.4  kl=0.1161  vl=0.1931
Step: 110592 SPS: 3487  ev=0.470  ent=1.101  grad=1.07/0.50  h=0.4 c=5.9  kl=0.0917  vl=0.2597
Step: 114688 SPS: 3488  ev=0.327  ent=1.126  grad=3.52/0.50  h=0.4 c=5.0  kl=0.1359  vl=0.2555
Step: 118784 SPS: 3488  ev=0.421  ent=1.086  grad=0.69/0.50  h=0.1 c=3.7  kl=0.0895  vl=0.2707
Step: 122880 SPS: 3492  ev=0.418  ent=1.112  grad=1.11/0.50  h=0.3 c=2.5  kl=0.1605  vl=0.2997
Step: 126976 SPS: 3505  ev=0.497  ent=1.063  grad=3.38/0.50  h=0.4 c=3.3  kl=0.0860  vl=0.2057
Step: 131072 SPS: 3509  ev=0.483  ent=1.090  grad=0.74/0.50  h=0.2 c=3.5  kl=0.1390  vl=0.1881
Step: 135168 SPS: 3502  ev=0.441  ent=1.051  grad=3.04/0.50  h=0.3 c=3.8  kl=0.1608  vl=0.3309
Step: 139264 SPS: 3498  ev=0.380  ent=1.064  grad=0.71/0.50  h=0.5 c=5.3  kl=0.1361  vl=0.1796
Step: 143360 SPS: 3501  ev=0.479  ent=1.103  grad=0.86/0.50  h=0.3 c=5.7  kl=0.1988  vl=0.1790
Step: 147456 SPS: 3495  ev=0.438  ent=1.070  grad=1.28/0.50  h=0.2 c=6.0  kl=0.1398  vl=0.1941
Step: 151552 SPS: 3487  ev=0.452  ent=1.122  grad=3.02/0.50  h=0.4 c=6.0  kl=0.1302  vl=0.2215
Step: 155648 SPS: 3485  ev=0.451  ent=1.053  grad=3.86/0.50  h=0.3 c=5.0  kl=0.0916  vl=0.2515
Step: 159744 SPS: 3483  ev=0.479  ent=1.019  grad=1.02/0.50  h=0.2 c=4.8  kl=0.1423  vl=0.2135
  vs Heur:   34W/70L/2D | score=-3.1±27.4 inv=2.1 played=9.8 lanes=2.9 ddraw=4.7 pts=-3
  vs Random: 101W/2L/1D | score=3.9±24.1 inv=1.6 played=9.6 lanes=2.7 ddraw=2.5 pts=4
  Self-play: 59W/43L/1D | score=10.1±28.5 inv=1.7 played=10.2 lanes=2.8 ddraw=2.4 pts=10
Step: 163840 SPS: 3479  ev=0.440  ent=1.025  grad=1.60/0.50  h=0.4 c=4.8  kl=0.1156  vl=0.1850
Step: 167936 SPS: 3477  ev=0.383  ent=1.067  grad=0.73/0.50  h=0.4 c=3.3  kl=0.1295  vl=0.1932
Step: 172032 SPS: 3473  ev=0.461  ent=0.978  grad=1.96/0.50  h=0.2 c=3.2  kl=0.1187  vl=0.3018
Step: 176128 SPS: 3471  ev=0.465  ent=1.052  grad=1.61/0.50  h=0.3 c=3.6  kl=0.1503  vl=0.1806
Step: 180224 SPS: 3470  ev=0.459  ent=0.980  grad=1.41/0.50  h=0.4 c=4.1  kl=0.1712  vl=0.1752
Step: 184320 SPS: 3466  ev=0.465  ent=1.015  grad=1.20/0.50  h=0.2 c=3.9  kl=0.0983  vl=0.2533
Step: 188416 SPS: 3461  ev=0.461  ent=0.960  grad=2.31/0.50  h=0.3 c=3.4  kl=0.0832  vl=0.2187
Step: 192512 SPS: 3458  ev=0.360  ent=1.018  grad=2.79/0.50  h=0.4 c=2.8  kl=0.1249  vl=0.2377
Step: 196608 SPS: 3453  ev=0.448  ent=1.042  grad=1.73/0.50  h=0.3 c=2.5  kl=0.1502  vl=0.2088
Step: 200704 SPS: 3456  ev=0.485  ent=1.089  grad=0.93/0.50  h=0.2 c=2.1  kl=0.1108  vl=0.1863
Step: 204800 SPS: 3451  ev=0.412  ent=0.966  grad=1.11/0.50  h=0.3 c=2.2  kl=0.1386  vl=0.1685
Step: 208896 SPS: 3450  ev=0.446  ent=1.036  grad=1.89/0.50  h=0.2 c=2.0  kl=0.0492  vl=0.2395
Step: 212992 SPS: 3446  ev=0.489  ent=1.012  grad=5.02/0.50  h=0.2 c=1.8  kl=0.1077  vl=0.3614
Step: 217088 SPS: 3438  ev=0.503  ent=1.012  grad=3.24/0.50  h=0.3 c=2.3  kl=0.1186  vl=0.2005
Step: 221184 SPS: 3438  ev=0.469  ent=1.050  grad=0.68/0.50  h=0.3 c=2.8  kl=0.1591  vl=0.1574
Step: 225280 SPS: 3429  ev=0.483  ent=1.072  grad=2.01/0.50  h=0.2 c=3.3  kl=0.1674  vl=0.1616
Step: 229376 SPS: 3425  ev=0.452  ent=0.990  grad=1.98/0.50  h=0.3 c=3.9  kl=0.1666  vl=0.2198
Step: 233472 SPS: 3421  ev=0.430  ent=1.000  grad=0.81/0.50  h=0.4 c=3.3  kl=0.1509  vl=0.1598
Step: 237568 SPS: 3419  ev=0.551  ent=0.964  grad=1.33/0.50  h=0.3 c=3.6  kl=0.1402  vl=0.1943
Step: 241664 SPS: 3416  ev=0.483  ent=0.965  grad=2.55/0.50  h=0.3 c=2.9  kl=0.0831  vl=0.1862
  vs Heur:   26W/75L/0D | score=-4.3±25.9 inv=2.2 played=10.4 lanes=3.1 ddraw=4.5 pts=-4
  vs Random: 99W/1L/1D | score=7.0±27.7 inv=1.8 played=9.7 lanes=2.7 ddraw=2.2 pts=7
  Self-play: 53W/48L/1D | score=5.4±25.7 inv=1.8 played=10.0 lanes=2.8 ddraw=2.4 pts=5
Step: 245760 SPS: 3410  ev=0.411  ent=0.975  grad=1.20/0.50  h=0.5 c=3.0  kl=0.1292  vl=0.1762
Step: 249856 SPS: 3407  ev=0.439  ent=1.016  grad=1.94/0.50  h=0.5 c=3.5  kl=0.1035  vl=0.2010
Step: 253952 SPS: 3404  ev=0.497  ent=0.937  grad=2.00/0.50  h=0.4 c=4.3  kl=0.1801  vl=0.2852
Step: 258048 SPS: 3400  ev=0.438  ent=0.934  grad=1.96/0.50  h=0.4 c=4.8  kl=0.1379  vl=0.1989
Step: 262144 SPS: 3397  ev=0.457  ent=1.009  grad=1.42/0.50  h=0.5 c=4.6  kl=0.1014  vl=0.1772
Step: 266240 SPS: 3397  ev=0.501  ent=0.959  grad=0.72/0.50  h=0.3 c=5.4  kl=0.0954  vl=0.2406
Step: 270336 SPS: 3395  ev=0.373  ent=1.040  grad=1.56/0.50  h=0.4 c=6.0  kl=0.1055  vl=0.2379
Step: 274432 SPS: 3401  ev=0.453  ent=1.005  grad=1.72/0.50  h=0.4 c=4.6  kl=0.3712  vl=0.2061
Step: 278528 SPS: 3398  ev=0.542  ent=0.985  grad=1.50/0.50  h=0.4 c=3.5  kl=0.1133  vl=0.2308
Step: 282624 SPS: 3397  ev=0.454  ent=0.963  grad=0.82/0.50  h=0.4 c=4.2  kl=0.1458  vl=0.2107
Step: 286720 SPS: 3397  ev=0.417  ent=0.978  grad=1.13/0.50  h=0.5 c=5.1  kl=0.1215  vl=0.2020
Step: 290816 SPS: 3394  ev=0.531  ent=0.995  grad=0.96/0.50  h=0.4 c=4.8  kl=0.1242  vl=0.1683
Step: 294912 SPS: 3394  ev=0.477  ent=0.965  grad=1.63/0.50  h=0.4 c=4.9  kl=0.1322  vl=0.2642
Step: 299008 SPS: 3394  ev=0.482  ent=0.952  grad=1.67/0.50  h=0.5 c=5.7  kl=0.1586  vl=0.2453
Step: 303104 SPS: 3396  ev=0.553  ent=0.953  grad=1.11/0.50  h=0.4 c=6.5  kl=0.1239  vl=0.2024
Step: 307200 SPS: 3395  ev=0.495  ent=0.974  grad=2.14/0.50  h=0.4 c=6.2  kl=0.0881  vl=0.3038
Step: 311296 SPS: 3393  ev=0.456  ent=0.953  grad=2.37/0.50  h=0.6 c=6.4  kl=0.1289  vl=0.1878
Step: 315392 SPS: 3391  ev=0.445  ent=0.989  grad=2.69/0.50  h=0.5 c=6.9  kl=0.1466  vl=0.2716
Step: 319488 SPS: 3388  ev=0.516  ent=0.980  grad=1.25/0.50  h=0.4 c=6.6  kl=0.0563  vl=0.1400
Step: 323584 SPS: 3389  ev=0.460  ent=0.941  grad=0.99/0.50  h=0.5 c=7.4  kl=0.2139  vl=0.1916
  vs Heur:   36W/72L/2D | score=-2.0±27.1 inv=1.8 played=10.5 lanes=3.3 ddraw=4.5 pts=-2
  vs Random: 106W/2L/0D | score=4.8±26.1 inv=1.6 played=10.1 lanes=3.0 ddraw=2.4 pts=5
  Self-play: 59W/49L/1D | score=8.9±26.7 inv=1.6 played=10.3 lanes=3.1 ddraw=2.5 pts=9
Step: 327680 SPS: 3388  ev=0.459  ent=0.979  grad=0.69/0.50  h=0.5 c=7.2  kl=0.1437  vl=0.1812
Step: 331776 SPS: 3387  ev=0.497  ent=0.964  grad=1.18/0.50  h=0.3 c=6.9  kl=0.1618  vl=0.1621
Step: 335872 SPS: 3384  ev=0.519  ent=0.919  grad=0.75/0.50  h=0.4 c=7.0  kl=0.1006  vl=0.1864
Step: 339968 SPS: 3383  ev=0.408  ent=0.983  grad=2.23/0.50  h=0.5 c=7.2  kl=0.1450  vl=0.2650
Step: 344064 SPS: 3383  ev=0.493  ent=0.973  grad=2.23/0.50  h=0.4 c=6.6  kl=0.1395  vl=0.2302
Step: 348160 SPS: 3385  ev=0.519  ent=0.966  grad=0.85/0.50  h=0.4 c=6.9  kl=0.0928  vl=0.2151
Step: 352256 SPS: 3387  ev=0.486  ent=0.945  grad=1.19/0.50  h=0.5 c=6.6  kl=0.1148  vl=0.1722
Step: 356352 SPS: 3389  ev=0.524  ent=0.977  grad=0.98/0.50  h=0.5 c=5.9  kl=0.1512  vl=0.1573
Step: 360448 SPS: 3387  ev=0.532  ent=0.970  grad=1.74/0.50  h=0.4 c=7.2  kl=0.1410  vl=0.1511
Step: 364544 SPS: 3383  ev=0.479  ent=0.919  grad=0.86/0.50  h=0.5 c=8.9  kl=0.1696  vl=0.2090
Step: 368640 SPS: 3383  ev=0.464  ent=0.963  grad=1.14/0.50  h=0.5 c=9.2  kl=0.1501  vl=0.3000
Step: 372736 SPS: 3380  ev=0.439  ent=0.906  grad=1.54/0.50  h=0.4 c=8.8  kl=0.1362  vl=0.1945
Step: 376832 SPS: 3376  ev=0.535  ent=0.962  grad=0.54/0.50  h=0.5 c=8.9  kl=0.1119  vl=0.1521
Step: 380928 SPS: 3372  ev=0.514  ent=0.924  grad=0.81/0.50  h=0.6 c=8.4  kl=0.1711  vl=0.1262
Step: 385024 SPS: 3371  ev=0.509  ent=0.965  grad=0.87/0.50  h=0.5 c=7.7  kl=0.1225  vl=0.1748
Step: 389120 SPS: 3367  ev=0.489  ent=0.964  grad=1.82/0.50  h=0.5 c=6.3  kl=0.0925  vl=0.3122
Step: 393216 SPS: 3366  ev=0.480  ent=0.913  grad=1.79/0.50  h=0.5 c=6.8  kl=0.1738  vl=0.1723
Step: 397312 SPS: 3366  ev=0.478  ent=0.936  grad=0.69/0.50  h=0.6 c=6.5  kl=0.1029  vl=0.1999
Step: 401408 SPS: 3364  ev=0.518  ent=0.944  grad=1.50/0.50  h=0.4 c=5.9  kl=0.1755  vl=0.2724
Step: 405504 SPS: 3360  ev=0.475  ent=0.905  grad=1.38/0.50  h=0.5 c=6.4  kl=0.0844  vl=0.1573
  vs Heur:   31W/75L/2D | score=0.5±23.5 inv=1.8 played=10.6 lanes=3.2 ddraw=4.5 pts=0
  vs Random: 106W/0L/1D | score=9.1±22.8 inv=1.4 played=10.7 lanes=3.2 ddraw=2.1 pts=9
  Self-play: 57W/49L/1D | score=11.0±27.4 inv=1.5 played=11.2 lanes=3.2 ddraw=2.5 pts=11
Step: 409600 SPS: 3356  ev=0.468  ent=0.951  grad=1.50/0.50  h=0.5 c=7.2  kl=0.1095  vl=0.1479
Step: 413696 SPS: 3355  ev=0.510  ent=0.922  grad=2.21/0.50  h=0.4 c=7.0  kl=0.1436  vl=0.1841
Step: 417792 SPS: 3355  ev=0.448  ent=0.959  grad=1.49/0.50  h=0.4 c=7.8  kl=0.1259  vl=0.1845
Step: 421888 SPS: 3358  ev=0.496  ent=0.995  grad=1.09/0.50  h=0.5 c=8.3  kl=0.1196  vl=0.1586
Step: 425984 SPS: 3356  ev=0.559  ent=1.005  grad=0.61/0.50  h=0.4 c=8.5  kl=0.1391  vl=0.2079
Step: 430080 SPS: 3355  ev=0.559  ent=0.965  grad=2.44/0.50  h=0.4 c=10.8  kl=0.0843  vl=0.1887
Step: 434176 SPS: 3354  ev=0.493  ent=0.904  grad=1.34/0.50  h=0.5 c=11.9  kl=0.1413  vl=0.1683
Step: 438272 SPS: 3352  ev=0.512  ent=0.967  grad=0.73/0.50  h=0.4 c=12.4  kl=0.1361  vl=0.1219
Step: 442368 SPS: 3349  ev=0.501  ent=0.993  grad=0.53/0.50  h=0.4 c=14.1  kl=0.1708  vl=0.1529
Step: 446464 SPS: 3347  ev=0.515  ent=0.964  grad=2.00/0.50  h=0.5 c=15.7  kl=0.1074  vl=0.1791
Step: 450560 SPS: 3346  ev=0.543  ent=0.995  grad=0.89/0.50  h=0.4 c=18.9  kl=0.1725  vl=0.1553
Step: 454656 SPS: 3343  ev=0.606  ent=0.953  grad=0.52/0.50  h=0.4 c=19.8  kl=0.0933  vl=0.1401
Step: 458752 SPS: 3339  ev=0.448  ent=0.970  grad=0.60/0.50  h=0.5 c=18.1  kl=0.1396  vl=0.1472
Step: 462848 SPS: 3339  ev=0.555  ent=0.946  grad=1.03/0.50  h=0.5 c=17.0  kl=0.1277  vl=0.2080
Step: 466944 SPS: 3338  ev=0.528  ent=0.942  grad=0.86/0.50  h=0.5 c=17.3  kl=0.1405  vl=0.1560
Step: 471040 SPS: 3336  ev=0.506  ent=1.014  grad=0.83/0.50  h=0.6 c=14.2  kl=0.1195  vl=0.1596
Step: 475136 SPS: 3335  ev=0.430  ent=1.005  grad=0.79/0.50  h=0.6 c=12.1  kl=0.1340  vl=0.1374
Step: 479232 SPS: 3331  ev=0.467  ent=0.978  grad=1.24/0.50  h=0.6 c=9.4  kl=0.0855  vl=0.1438
Step: 483328 SPS: 3330  ev=0.531  ent=0.933  grad=1.43/0.50  h=0.5 c=6.3  kl=0.1223  vl=0.1614
Step: 487424 SPS: 3329  ev=0.553  ent=0.972  grad=0.64/0.50  h=0.6 c=5.9  kl=0.1233  vl=0.1901
  vs Heur:   36W/67L/1D | score=-0.1±27.6 inv=1.7 played=10.7 lanes=3.3 ddraw=4.6 pts=-0
  vs Random: 104W/2L/0D | score=7.0±27.7 inv=1.7 played=11.1 lanes=3.3 ddraw=2.2 pts=7
  Self-play: 57W/52L/1D | score=4.2±21.5 inv=1.5 played=10.7 lanes=3.1 ddraw=2.5 pts=4
Step: 491520 SPS: 3327  ev=0.427  ent=0.931  grad=0.87/0.50  h=0.5 c=4.9  kl=0.1103  vl=0.1781
Step: 495616 SPS: 3327  ev=0.526  ent=0.921  grad=0.76/0.50  h=0.5 c=5.1  kl=0.1425  vl=0.1492
Step: 499712 SPS: 3325  ev=0.508  ent=0.933  grad=0.79/0.50  h=0.6 c=5.4  kl=0.1149  vl=0.1685
Step: 503808 SPS: 3323  ev=0.505  ent=0.956  grad=0.86/0.50  h=0.5 c=5.4  kl=0.0879  vl=0.1411
Step: 507904 SPS: 3322  ev=0.512  ent=0.941  grad=1.78/0.50  h=0.5 c=5.9  kl=0.2503  vl=0.1808
Step: 512000 SPS: 3321  ev=0.512  ent=0.933  grad=1.35/0.50  h=0.6 c=6.2  kl=0.0747  vl=0.1483
Step: 516096 SPS: 3321  ev=0.514  ent=0.963  grad=0.98/0.50  h=0.6 c=8.3  kl=0.1472  vl=0.1382
Step: 520192 SPS: 3320  ev=0.488  ent=0.953  grad=2.05/0.50  h=0.5 c=8.1  kl=0.1931  vl=0.2028
Step: 524288 SPS: 3321  ev=0.538  ent=0.973  grad=0.69/0.50  h=0.5 c=8.3  kl=0.1280  vl=0.1880
Step: 528384 SPS: 3319  ev=0.516  ent=1.008  grad=1.39/0.50  h=0.6 c=8.6  kl=0.1380  vl=0.1152
Step: 532480 SPS: 3319  ev=0.556  ent=0.958  grad=1.94/0.50  h=0.5 c=5.4  kl=0.1324  vl=0.1885
Step: 536576 SPS: 3319  ev=0.547  ent=0.966  grad=2.79/0.50  h=0.6 c=5.4  kl=0.1443  vl=0.2015
Step: 540672 SPS: 3316  ev=0.551  ent=0.931  grad=0.60/0.50  h=0.6 c=4.4  kl=0.2512  vl=0.2223
Step: 544768 SPS: 3317  ev=0.452  ent=0.927  grad=0.62/0.50  h=0.4 c=3.6  kl=0.1440  vl=0.1622
Step: 548864 SPS: 3316  ev=0.468  ent=0.901  grad=1.09/0.50  h=0.5 c=2.7  kl=0.1246  vl=0.1350
Step: 552960 SPS: 3314  ev=0.488  ent=0.906  grad=0.74/0.50  h=0.4 c=2.3  kl=0.1221  vl=0.1131
Step: 557056 SPS: 3312  ev=0.561  ent=0.991  grad=2.22/0.50  h=0.5 c=2.3  kl=0.1845  vl=0.1252
Step: 561152 SPS: 3310  ev=0.526  ent=0.954  grad=1.15/0.50  h=0.4 c=2.9  kl=0.1631  vl=0.1765
Step: 565248 SPS: 3309  ev=0.527  ent=0.926  grad=0.51/0.50  h=0.4 c=2.8  kl=0.1121  vl=0.1970
Step: 569344 SPS: 3308  ev=0.440  ent=0.960  grad=1.51/0.50  h=0.5 c=2.5  kl=0.1121  vl=0.2562
  vs Heur:   39W/61L/0D | score=1.7±33.7 inv=1.9 played=10.1 lanes=3.0 ddraw=4.5 pts=2
  vs Random: 109W/0L/0D | score=6.4±22.4 inv=1.2 played=8.5 lanes=2.4 ddraw=1.9 pts=6
  Self-play: 45W/57L/0D | score=4.6±23.0 inv=1.4 played=9.6 lanes=2.8 ddraw=2.5 pts=5
Step: 573440 SPS: 3308  ev=0.494  ent=0.922  grad=0.80/0.50  h=0.4 c=2.9  kl=0.1253  vl=0.1240
Step: 577536 SPS: 3306  ev=0.490  ent=0.960  grad=1.19/0.50  h=0.4 c=2.2  kl=0.1849  vl=0.2169
Step: 581632 SPS: 3304  ev=0.501  ent=0.928  grad=1.03/0.50  h=0.5 c=2.0  kl=0.0959  vl=0.1109
Step: 585728 SPS: 3303  ev=0.499  ent=0.883  grad=2.70/0.50  h=0.5 c=2.9  kl=0.1264  vl=0.1781
Step: 589824 SPS: 3301  ev=0.530  ent=0.897  grad=0.73/0.50  h=0.5 c=3.2  kl=0.0740  vl=0.1897
Step: 593920 SPS: 3300  ev=0.503  ent=0.911  grad=1.36/0.50  h=0.5 c=3.3  kl=0.1304  vl=0.1651
Step: 598016 SPS: 3300  ev=0.545  ent=0.920  grad=1.75/0.50  h=0.6 c=3.0  kl=0.1039  vl=0.1735
Step: 602112 SPS: 3301  ev=0.577  ent=0.908  grad=0.55/0.50  h=0.6 c=3.5  kl=0.1285  vl=0.1718
Step: 606208 SPS: 3300  ev=0.550  ent=0.889  grad=1.80/0.50  h=0.6 c=4.3  kl=0.1203  vl=0.2144
Step: 610304 SPS: 3299  ev=0.547  ent=0.933  grad=0.81/0.50  h=0.6 c=3.8  kl=0.1182  vl=0.1615
Step: 614400 SPS: 3296  ev=0.528  ent=0.883  grad=1.39/0.50  h=0.5 c=3.7  kl=0.1239  vl=0.1849
Step: 618496 SPS: 3295  ev=0.479  ent=0.882  grad=3.12/0.50  h=0.6 c=4.6  kl=0.1131  vl=0.2496
Step: 622592 SPS: 3294  ev=0.460  ent=0.879  grad=0.66/0.50  h=0.6 c=4.8  kl=0.0554  vl=0.1312
Step: 626688 SPS: 3291  ev=0.484  ent=0.891  grad=1.09/0.50  h=0.6 c=5.4  kl=0.1392  vl=0.2389
Step: 630784 SPS: 3291  ev=0.495  ent=0.940  grad=0.84/0.50  h=0.6 c=5.8  kl=0.1188  vl=0.2613
Step: 634880 SPS: 3290  ev=0.532  ent=0.929  grad=0.81/0.50  h=0.5 c=6.1  kl=0.1120  vl=0.1525
Step: 638976 SPS: 3289  ev=0.511  ent=0.872  grad=1.18/0.50  h=0.6 c=5.7  kl=0.0801  vl=0.1900
Step: 643072 SPS: 3289  ev=0.560  ent=0.899  grad=1.00/0.50  h=0.6 c=6.9  kl=0.1428  vl=0.1976
Step: 647168 SPS: 3288  ev=0.514  ent=0.894  grad=1.25/0.50  h=0.7 c=7.9  kl=0.1139  vl=0.1234
Step: 651264 SPS: 3288  ev=0.537  ent=0.878  grad=0.59/0.50  h=0.6 c=7.9  kl=0.1212  vl=0.1618
  vs Heur:   33W/73L/4D | score=2.6±28.2 inv=1.9 played=9.1 lanes=2.6 ddraw=4.4 pts=3
  vs Random: 102W/1L/0D | score=7.1±21.9 inv=1.1 played=8.4 lanes=2.5 ddraw=1.9 pts=7
  Self-play: 49W/63L/0D | score=7.8±25.0 inv=1.3 played=9.1 lanes=2.7 ddraw=2.5 pts=8
Step: 655360 SPS: 3290  ev=0.545  ent=0.890  grad=1.66/0.50  h=0.6 c=7.2  kl=0.1265  vl=0.1997
Step: 659456 SPS: 3288  ev=0.500  ent=0.875  grad=0.83/0.50  h=0.6 c=7.0  kl=0.0844  vl=0.2082
Step: 663552 SPS: 3288  ev=0.549  ent=0.883  grad=0.85/0.50  h=0.5 c=7.0  kl=0.1157  vl=0.1252
Step: 667648 SPS: 3286  ev=0.521  ent=0.849  grad=0.75/0.50  h=0.4 c=6.7  kl=0.1688  vl=0.1704
Step: 671744 SPS: 3285  ev=0.559  ent=0.903  grad=3.30/0.50  h=0.5 c=7.1  kl=0.1393  vl=0.2602
Step: 675840 SPS: 3284  ev=0.526  ent=0.889  grad=1.45/0.50  h=0.4 c=7.6  kl=0.1015  vl=0.1919
Step: 679936 SPS: 3284  ev=0.525  ent=0.831  grad=1.90/0.50  h=0.4 c=7.7  kl=0.0840  vl=0.1527
Step: 684032 SPS: 3284  ev=0.531  ent=0.914  grad=0.81/0.50  h=0.5 c=8.1  kl=0.1525  vl=0.2207
Step: 688128 SPS: 3283  ev=0.537  ent=0.867  grad=1.96/0.50  h=0.5 c=8.0  kl=0.1589  vl=0.1885
Step: 692224 SPS: 3283  ev=0.565  ent=0.876  grad=0.77/0.50  h=0.5 c=5.7  kl=1.9089  vl=0.1531
Step: 696320 SPS: 3282  ev=0.537  ent=0.865  grad=0.80/0.50  h=0.5 c=5.7  kl=0.1082  vl=0.2126
Step: 700416 SPS: 3283  ev=0.511  ent=0.842  grad=1.04/0.50  h=0.4 c=5.3  kl=0.1021  vl=0.2404
Step: 704512 SPS: 3283  ev=0.551  ent=0.859  grad=0.59/0.50  h=0.4 c=3.7  kl=0.1394  vl=0.1447
Step: 708608 SPS: 3282  ev=0.522  ent=0.890  grad=0.55/0.50  h=0.5 c=3.0  kl=0.1087  vl=0.1736
Step: 712704 SPS: 3283  ev=0.527  ent=0.891  grad=0.52/0.50  h=0.4 c=2.5  kl=0.1273  vl=0.1284
Step: 716800 SPS: 3283  ev=0.549  ent=0.919  grad=1.24/0.50  h=0.5 c=2.8  kl=0.0813  vl=0.1341
Step: 720896 SPS: 3283  ev=0.531  ent=0.879  grad=1.29/0.50  h=0.4 c=2.8  kl=0.0894  vl=0.1940
Step: 724992 SPS: 3281  ev=0.570  ent=0.826  grad=0.74/0.50  h=0.4 c=3.1  kl=0.1367  vl=0.1899
Step: 729088 SPS: 3283  ev=0.462  ent=0.865  grad=0.88/0.50  h=0.4 c=3.5  kl=0.1116  vl=0.1846
Step: 733184 SPS: 3282  ev=0.517  ent=0.869  grad=0.59/0.50  h=0.3 c=2.3  kl=0.1009  vl=0.1559
  vs Heur:   33W/69L/1D | score=1.9±27.9 inv=1.7 played=8.9 lanes=2.7 ddraw=4.3 pts=2
  vs Random: 100W/0L/0D | score=3.2±20.4 inv=1.1 played=7.9 lanes=2.3 ddraw=1.7 pts=3
  Self-play: 57W/49L/2D | score=8.5±26.2 inv=1.5 played=8.6 lanes=2.4 ddraw=2.5 pts=8
Step: 737280 SPS: 3283  ev=0.511  ent=0.831  grad=0.57/0.50  h=0.3 c=2.9  kl=0.1823  vl=0.1533
Step: 741376 SPS: 3281  ev=0.516  ent=0.829  grad=2.75/0.50  h=0.3 c=3.7  kl=0.1677  vl=0.1761
Step: 745472 SPS: 3279  ev=0.524  ent=0.851  grad=0.51/0.50  h=0.3 c=3.1  kl=0.1365  vl=0.1562
Step: 749568 SPS: 3279  ev=0.469  ent=0.870  grad=0.67/0.50  h=0.3 c=3.7  kl=0.1063  vl=0.1432
Step: 753664 SPS: 3278  ev=0.523  ent=0.843  grad=0.97/0.50  h=0.4 c=3.3  kl=0.0949  vl=0.1510
Step: 757760 SPS: 3278  ev=0.553  ent=0.907  grad=0.68/0.50  h=0.4 c=4.3  kl=0.0853  vl=0.1798
Step: 761856 SPS: 3277  ev=0.512  ent=0.845  grad=1.36/0.50  h=0.3 c=4.8  kl=0.0949  vl=0.1691
Step: 765952 SPS: 3276  ev=0.490  ent=0.884  grad=2.45/0.50  h=0.4 c=4.1  kl=0.1021  vl=0.2436
Step: 770048 SPS: 3276  ev=0.423  ent=0.899  grad=1.90/0.50  h=0.4 c=3.5  kl=0.0785  vl=0.2155
Step: 774144 SPS: 3275  ev=0.452  ent=0.866  grad=0.67/0.50  h=0.3 c=3.9  kl=0.0851  vl=0.2273
Step: 778240 SPS: 3274  ev=0.518  ent=0.872  grad=1.40/0.50  h=0.4 c=3.5  kl=0.1174  vl=0.1434
Step: 782336 SPS: 3271  ev=0.501  ent=0.873  grad=1.37/0.50  h=0.3 c=4.4  kl=0.0923  vl=0.1460
Step: 786432 SPS: 3271  ev=0.527  ent=0.868  grad=1.05/0.50  h=0.4 c=4.0  kl=0.1973  vl=0.1601
Step: 790528 SPS: 3269  ev=0.548  ent=0.876  grad=1.54/0.50  h=0.3 c=3.8  kl=0.1436  vl=0.1354
Step: 794624 SPS: 3269  ev=0.503  ent=0.904  grad=0.97/0.50  h=0.3 c=3.9  kl=0.0866  vl=0.1169
Step: 798720 SPS: 3269  ev=0.522  ent=0.894  grad=0.92/0.50  h=0.4 c=4.7  kl=0.0970  vl=0.2156
Step: 802816 SPS: 3268  ev=0.522  ent=0.853  grad=1.13/0.50  h=0.4 c=4.4  kl=0.0689  vl=0.1423
Step: 806912 SPS: 3267  ev=0.485  ent=0.890  grad=0.64/0.50  h=0.4 c=3.3  kl=0.0740  vl=0.1423
Step: 811008 SPS: 3266  ev=0.539  ent=0.931  grad=1.72/0.50  h=0.4 c=2.9  kl=0.1003  vl=0.1612
Step: 815104 SPS: 3266  ev=0.516  ent=0.874  grad=1.15/0.50  h=0.4 c=3.0  kl=0.0804  vl=0.1414
  vs Heur:   40W/66L/0D | score=2.0±25.4 inv=1.5 played=8.6 lanes=2.5 ddraw=4.3 pts=2
  vs Random: 99W/1L/0D | score=9.0±23.2 inv=1.1 played=8.4 lanes=2.4 ddraw=1.7 pts=9
  Self-play: 52W/51L/0D | score=3.9±23.9 inv=1.2 played=8.8 lanes=2.6 ddraw=2.5 pts=4
Step: 819200 SPS: 3265  ev=0.517  ent=0.936  grad=1.21/0.50  h=0.3 c=2.6  kl=0.1639  vl=0.1718
Step: 823296 SPS: 3263  ev=0.525  ent=0.905  grad=2.79/0.50  h=0.3 c=2.6  kl=0.1373  vl=0.1676
Step: 827392 SPS: 3262  ev=0.595  ent=0.948  grad=0.79/0.50  h=0.2 c=2.1  kl=0.0958  vl=0.1401
Step: 831488 SPS: 3261  ev=0.599  ent=0.927  grad=2.56/0.50  h=0.3 c=2.9  kl=0.0779  vl=0.2129
Step: 835584 SPS: 3260  ev=0.543  ent=0.975  grad=1.09/0.50  h=0.3 c=3.3  kl=0.1080  vl=0.1422
Step: 839680 SPS: 3260  ev=0.554  ent=0.955  grad=0.81/0.50  h=0.3 c=3.8  kl=0.1345  vl=0.1857
Step: 843776 SPS: 3259  ev=0.603  ent=0.930  grad=1.80/0.50  h=0.4 c=3.3  kl=0.0966  vl=0.1253
Step: 847872 SPS: 3261  ev=0.610  ent=1.005  grad=0.91/0.50  h=0.3 c=3.4  kl=0.1152  vl=0.1201
Step: 851968 SPS: 3261  ev=0.574  ent=0.973  grad=0.68/0.50  h=0.4 c=3.3  kl=0.1439  vl=0.1476
Step: 856064 SPS: 3261  ev=0.607  ent=0.957  grad=0.99/0.50  h=0.4 c=3.1  kl=0.1455  vl=0.1408
Step: 860160 SPS: 3260  ev=0.559  ent=0.958  grad=1.00/0.50  h=0.4 c=4.8  kl=0.0711  vl=0.1488
Step: 864256 SPS: 3260  ev=0.578  ent=0.979  grad=2.28/0.50  h=0.4 c=5.2  kl=0.1433  vl=0.1416
Step: 868352 SPS: 3260  ev=0.570  ent=0.942  grad=0.50/0.50  h=0.4 c=3.7  kl=0.1067  vl=0.2092
Step: 872448 SPS: 3262  ev=0.638  ent=0.912  grad=1.03/0.50  h=0.4 c=2.8  kl=0.0780  vl=0.1574
Step: 876544 SPS: 3262  ev=0.582  ent=0.946  grad=0.64/0.50  h=0.4 c=3.0  kl=0.1151  vl=0.1898
Step: 880640 SPS: 3262  ev=0.580  ent=0.926  grad=1.75/0.50  h=0.4 c=2.6  kl=0.1592  vl=0.1625
Step: 884736 SPS: 3262  ev=0.579  ent=0.986  grad=1.97/0.50  h=0.4 c=2.5  kl=0.1631  vl=0.1440
Step: 888832 SPS: 3262  ev=0.537  ent=0.939  grad=1.95/0.50  h=0.4 c=2.3  kl=0.0760  vl=0.1472
Step: 892928 SPS: 3263  ev=0.572  ent=0.907  grad=0.97/0.50  h=0.3 c=1.5  kl=0.1195  vl=0.1752
Step: 897024 SPS: 3262  ev=0.581  ent=0.920  grad=0.47/0.47  h=0.4 c=1.8  kl=0.0744  vl=0.1864
  vs Heur:   27W/76L/3D | score=-1.7±22.5 inv=1.6 played=9.2 lanes=2.7 ddraw=4.1 pts=-2
  vs Random: 102W/2L/0D | score=7.0±27.5 inv=1.4 played=9.4 lanes=2.8 ddraw=1.5 pts=7
  Self-play: 60W/46L/1D | score=1.1±25.1 inv=1.2 played=9.1 lanes=2.9 ddraw=2.7 pts=1
Step: 901120 SPS: 3260  ev=0.594  ent=0.901  grad=1.76/0.50  h=0.4 c=2.0  kl=0.0798  vl=0.1671
Step: 905216 SPS: 3260  ev=0.598  ent=0.959  grad=0.90/0.50  h=0.4 c=2.1  kl=0.0967  vl=0.1900
Step: 909312 SPS: 3260  ev=0.604  ent=0.932  grad=1.42/0.50  h=0.4 c=2.3  kl=0.0803  vl=0.1383
Step: 913408 SPS: 3259  ev=0.611  ent=0.949  grad=1.96/0.50  h=0.4 c=2.2  kl=0.1193  vl=0.2704
Step: 917504 SPS: 3258  ev=0.636  ent=0.940  grad=0.90/0.50  h=0.4 c=2.4  kl=0.0848  vl=0.1454
Step: 921600 SPS: 3258  ev=0.620  ent=0.999  grad=1.17/0.50  h=0.4 c=1.9  kl=0.1342  vl=0.1262
Step: 925696 SPS: 3256  ev=0.614  ent=0.908  grad=0.56/0.50  h=0.4 c=1.4  kl=0.1006  vl=0.2158
Step: 929792 SPS: 3256  ev=0.654  ent=0.923  grad=0.49/0.49  h=0.4 c=1.3  kl=0.1318  vl=0.1419
Step: 933888 SPS: 3256  ev=0.573  ent=0.867  grad=1.67/0.50  h=0.4 c=1.6  kl=0.2749  vl=0.1672
Step: 937984 SPS: 3256  ev=0.559  ent=0.932  grad=1.06/0.50  h=0.3 c=1.2  kl=0.0985  vl=0.1484
Step: 942080 SPS: 3257  ev=0.608  ent=0.916  grad=0.79/0.50  h=0.3 c=1.1  kl=0.1245  vl=0.1541
Step: 946176 SPS: 3258  ev=0.578  ent=0.925  grad=0.87/0.50  h=0.3 c=2.0  kl=0.0949  vl=0.2013
Step: 950272 SPS: 3258  ev=0.565  ent=0.910  grad=0.83/0.50  h=0.3 c=1.6  kl=0.0988  vl=0.1568
Step: 954368 SPS: 3257  ev=0.573  ent=0.953  grad=0.55/0.50  h=0.3 c=2.1  kl=0.1428  vl=0.1763
Step: 958464 SPS: 3256  ev=0.631  ent=0.915  grad=1.25/0.50  h=0.4 c=2.3  kl=0.1201  vl=0.1909
Step: 962560 SPS: 3256  ev=0.613  ent=0.909  grad=1.58/0.50  h=0.3 c=1.0  kl=0.0561  vl=0.2076
Step: 966656 SPS: 3255  ev=0.614  ent=0.911  grad=1.47/0.50  h=0.4 c=1.6  kl=0.0872  vl=0.1808
Step: 970752 SPS: 3255  ev=0.659  ent=0.928  grad=2.32/0.50  h=0.3 c=1.6  kl=0.0887  vl=0.1650
Step: 974848 SPS: 3254  ev=0.586  ent=0.919  grad=1.23/0.50  h=0.3 c=1.3  kl=0.0725  vl=0.1413
Step: 978944 SPS: 3254  ev=0.603  ent=0.923  grad=1.74/0.50  h=0.3 c=1.2  kl=0.1119  vl=0.1925
  vs Heur:   38W/66L/1D | score=5.1±29.4 inv=1.5 played=8.7 lanes=2.4 ddraw=4.0 pts=5
  vs Random: 102W/1L/0D | score=10.0±22.1 inv=1.3 played=8.7 lanes=2.3 ddraw=1.4 pts=10
  Self-play: 59W/47L/2D | score=6.5±22.9 inv=1.2 played=8.5 lanes=2.4 ddraw=2.3 pts=6
Step: 983040 SPS: 3253  ev=0.618  ent=0.898  grad=0.67/0.50  h=0.3 c=0.9  kl=0.0642  vl=0.1416
Step: 987136 SPS: 3254  ev=0.518  ent=0.886  grad=0.84/0.50  h=0.3 c=1.3  kl=0.0650  vl=0.1562
Step: 991232 SPS: 3254  ev=0.625  ent=0.878  grad=1.17/0.50  h=0.2 c=0.9  kl=0.0901  vl=0.1574
Step: 995328 SPS: 3254  ev=0.573  ent=0.848  grad=0.74/0.50  h=0.3 c=1.1  kl=0.1345  vl=0.1724
Step: 999424 SPS: 3254  ev=0.559  ent=0.882  grad=1.20/0.50  h=0.3 c=0.9  kl=0.2108  vl=0.1350
Step: 1003520 SPS: 3254  ev=0.567  ent=0.819  grad=2.79/0.50  h=0.2 c=1.4  kl=0.1171  vl=0.2191
Step: 1007616 SPS: 3254  ev=0.614  ent=0.918  grad=1.78/0.50  h=0.2 c=1.3  kl=0.0946  vl=0.1687
Step: 1011712 SPS: 3254  ev=0.548  ent=0.844  grad=1.27/0.50  h=0.3 c=1.7  kl=0.1408  vl=0.1735
Step: 1015808 SPS: 3256  ev=0.554  ent=0.811  grad=0.83/0.50  h=0.3 c=1.1  kl=0.0717  vl=0.1994
Step: 1019904 SPS: 3256  ev=0.585  ent=0.800  grad=1.44/0.50  h=0.2 c=1.1  kl=0.0976  vl=0.2060
Step: 1024000 SPS: 3256  ev=0.614  ent=0.854  grad=1.17/0.50  h=0.2 c=1.3  kl=0.1001  vl=0.1662
Step: 1028096 SPS: 3256  ev=0.590  ent=0.882  grad=0.91/0.50  h=0.2 c=1.5  kl=0.0790  vl=0.1628
Step: 1032192 SPS: 3255  ev=0.579  ent=0.858  grad=0.66/0.50  h=0.2 c=1.7  kl=0.0675  vl=0.1434
Step: 1036288 SPS: 3254  ev=0.649  ent=0.897  grad=2.47/0.50  h=0.2 c=1.6  kl=0.0697  vl=0.1470
Step: 1040384 SPS: 3253  ev=0.631  ent=0.875  grad=2.69/0.50  h=0.3 c=1.0  kl=0.0814  vl=0.2178
Step: 1044480 SPS: 3252  ev=0.489  ent=0.874  grad=2.85/0.50  h=0.3 c=1.4  kl=0.0949  vl=0.2676
Step: 1048576 SPS: 3252  ev=0.523  ent=0.858  grad=2.82/0.50  h=0.4 c=1.8  kl=0.0789  vl=0.2098
Step: 1052672 SPS: 3252  ev=0.588  ent=0.906  grad=1.59/0.50  h=0.4 c=1.8  kl=0.0930  vl=0.1268
Step: 1056768 SPS: 3252  ev=0.582  ent=0.823  grad=0.68/0.50  h=0.4 c=2.2  kl=0.0935  vl=0.1503
Step: 1060864 SPS: 3252  ev=0.552  ent=0.822  grad=0.58/0.50  h=0.4 c=2.5  kl=0.1436  vl=0.2228
  vs Heur:   35W/63L/2D | score=9.9±29.1 inv=1.7 played=8.0 lanes=1.9 ddraw=3.8 pts=10
  vs Random: 105W/0L/0D | score=13.9±23.8 inv=1.4 played=7.5 lanes=1.7 ddraw=1.2 pts=14
  Self-play: 39W/64L/4D | score=4.6±22.9 inv=1.3 played=7.5 lanes=1.9 ddraw=2.5 pts=5
Step: 1064960 SPS: 3252  ev=0.488  ent=0.814  grad=1.74/0.50  h=0.4 c=3.6  kl=0.1279  vl=0.2182
Step: 1069056 SPS: 3251  ev=0.544  ent=0.837  grad=0.54/0.50  h=0.5 c=3.0  kl=0.0850  vl=0.1663
Step: 1073152 SPS: 3251  ev=0.555  ent=0.840  grad=0.79/0.50  h=0.5 c=3.0  kl=0.1153  vl=0.1686
Step: 1077248 SPS: 3250  ev=0.521  ent=0.847  grad=0.62/0.50  h=0.5 c=2.8  kl=0.0879  vl=0.1702
Step: 1081344 SPS: 3251  ev=0.581  ent=0.823  grad=0.88/0.50  h=0.6 c=3.9  kl=0.1147  vl=0.1723
Step: 1085440 SPS: 3251  ev=0.561  ent=0.822  grad=0.97/0.50  h=0.5 c=4.7  kl=0.0969  vl=0.1124
Step: 1089536 SPS: 3251  ev=0.572  ent=0.841  grad=1.09/0.50  h=0.6 c=6.1  kl=0.1107  vl=0.2462
Step: 1093632 SPS: 3251  ev=0.541  ent=0.826  grad=1.42/0.50  h=0.5 c=5.8  kl=0.1155  vl=0.1961
Step: 1097728 SPS: 3250  ev=0.597  ent=0.824  grad=0.68/0.50  h=0.5 c=5.0  kl=0.1077  vl=0.1203
Step: 1101824 SPS: 3249  ev=0.565  ent=0.840  grad=1.58/0.50  h=0.4 c=5.2  kl=0.0701  vl=0.2024
Step: 1105920 SPS: 3249  ev=0.539  ent=0.799  grad=0.79/0.50  h=0.5 c=5.6  kl=0.0460  vl=0.1939
Step: 1110016 SPS: 3249  ev=0.546  ent=0.805  grad=2.12/0.50  h=0.5 c=5.9  kl=0.0522  vl=0.1984
Step: 1114112 SPS: 3248  ev=0.608  ent=0.816  grad=0.77/0.50  h=0.5 c=7.1  kl=0.1165  vl=0.1479
Step: 1118208 SPS: 3248  ev=0.602  ent=0.807  grad=2.26/0.50  h=0.6 c=7.2  kl=0.0605  vl=0.1970
Step: 1122304 SPS: 3248  ev=0.597  ent=0.777  grad=2.63/0.50  h=0.5 c=5.6  kl=0.0842  vl=0.1821
Step: 1126400 SPS: 3247  ev=0.569  ent=0.836  grad=2.67/0.50  h=0.5 c=5.7  kl=0.1009  vl=0.1666
Step: 1130496 SPS: 3247  ev=0.602  ent=0.809  grad=1.88/0.50  h=0.6 c=6.2  kl=0.0617  vl=0.2140
Step: 1134592 SPS: 3246  ev=0.460  ent=0.826  grad=1.05/0.50  h=0.5 c=5.0  kl=0.0793  vl=0.1070
Step: 1138688 SPS: 3245  ev=0.579  ent=0.821  grad=2.25/0.50  h=0.5 c=4.6  kl=0.0712  vl=0.2161
Step: 1142784 SPS: 3245  ev=0.636  ent=0.779  grad=0.49/0.49  h=0.4 c=5.6  kl=0.0855  vl=0.1990
  vs Heur:   41W/66L/1D | score=10.5±30.4 inv=1.7 played=7.5 lanes=1.7 ddraw=3.9 pts=10
  vs Random: 106W/1L/0D | score=11.2±22.7 inv=1.4 played=7.1 lanes=1.6 ddraw=1.3 pts=11
  Self-play: 58W/44L/0D | score=11.3±21.4 inv=1.4 played=7.3 lanes=1.7 ddraw=2.5 pts=11
Step: 1146880 SPS: 3245  ev=0.592  ent=0.803  grad=0.70/0.50  h=0.5 c=5.3  kl=0.0668  vl=0.1386
Step: 1150976 SPS: 3245  ev=0.595  ent=0.785  grad=1.60/0.50  h=0.5 c=6.5  kl=0.0969  vl=0.2390
Step: 1155072 SPS: 3245  ev=0.573  ent=0.837  grad=1.91/0.50  h=0.5 c=6.6  kl=0.0558  vl=0.1546
Step: 1159168 SPS: 3246  ev=0.536  ent=0.831  grad=0.68/0.50  h=0.5 c=5.6  kl=0.0865  vl=0.2418
Step: 1163264 SPS: 3246  ev=0.617  ent=0.849  grad=0.80/0.50  h=0.5 c=6.1  kl=0.0701  vl=0.1775
Step: 1167360 SPS: 3246  ev=0.566  ent=0.788  grad=1.56/0.50  h=0.4 c=4.5  kl=0.2359  vl=0.2125
Step: 1171456 SPS: 3245  ev=0.604  ent=0.837  grad=0.49/0.49  h=0.4 c=4.7  kl=0.0794  vl=0.1617
Step: 1175552 SPS: 3245  ev=0.603  ent=0.866  grad=2.57/0.50  h=0.5 c=6.0  kl=0.0632  vl=0.2258
Step: 1179648 SPS: 3244  ev=0.605  ent=0.830  grad=0.86/0.50  h=0.4 c=5.7  kl=0.0778  vl=0.2398
Step: 1183744 SPS: 3245  ev=0.526  ent=0.872  grad=1.10/0.50  h=0.5 c=4.9  kl=0.0957  vl=0.1575
Step: 1187840 SPS: 3245  ev=0.598  ent=0.836  grad=0.90/0.50  h=0.4 c=5.7  kl=0.0581  vl=0.1866
Step: 1191936 SPS: 3245  ev=0.586  ent=0.854  grad=1.35/0.50  h=0.5 c=5.6  kl=0.0544  vl=0.1524
Step: 1196032 SPS: 3245  ev=0.622  ent=0.863  grad=2.42/0.50  h=0.6 c=5.2  kl=0.0958  vl=0.1788
Step: 1200128 SPS: 3244  ev=0.577  ent=0.848  grad=0.80/0.50  h=0.6 c=4.7  kl=0.1069  vl=0.1629
Step: 1204224 SPS: 3244  ev=0.642  ent=0.855  grad=1.12/0.50  h=0.5 c=5.4  kl=0.0404  vl=0.1730
Step: 1208320 SPS: 3244  ev=0.571  ent=0.870  grad=0.88/0.50  h=0.5 c=6.0  kl=0.0947  vl=0.2234
Step: 1212416 SPS: 3244  ev=0.575  ent=0.842  grad=1.25/0.50  h=0.5 c=4.5  kl=0.0604  vl=0.2016
Step: 1216512 SPS: 3243  ev=0.557  ent=0.847  grad=0.79/0.50  h=0.5 c=4.3  kl=0.0761  vl=0.1701
Step: 1220608 SPS: 3242  ev=0.602  ent=0.887  grad=1.88/0.50  h=0.5 c=3.7  kl=0.0791  vl=0.1735
Step: 1224704 SPS: 3242  ev=0.578  ent=0.841  grad=0.69/0.50  h=0.5 c=4.0  kl=0.0744  vl=0.2074
  vs Heur:   42W/63L/2D | score=10.9±22.9 inv=1.5 played=7.2 lanes=1.7 ddraw=3.6 pts=11
  vs Random: 108W/0L/0D | score=16.5±22.9 inv=1.3 played=7.6 lanes=1.7 ddraw=1.4 pts=16
  Self-play: 57W/43L/0D | score=10.2±24.5 inv=1.1 played=6.9 lanes=1.7 ddraw=2.4 pts=10
Step: 1228800 SPS: 3242  ev=0.599  ent=0.800  grad=1.16/0.50  h=0.5 c=3.7  kl=0.0747  vl=0.1765
Step: 1232896 SPS: 3243  ev=0.610  ent=0.839  grad=1.90/0.50  h=0.6 c=4.3  kl=0.0750  vl=0.1768
Step: 1236992 SPS: 3243  ev=0.574  ent=0.847  grad=2.54/0.50  h=0.5 c=4.7  kl=0.0953  vl=0.1800
Step: 1241088 SPS: 3242  ev=0.617  ent=0.854  grad=1.37/0.50  h=0.5 c=4.7  kl=0.1276  vl=0.1263
Step: 1245184 SPS: 3241  ev=0.613  ent=0.849  grad=1.74/0.50  h=0.5 c=4.0  kl=0.0610  vl=0.1493
Step: 1249280 SPS: 3241  ev=0.636  ent=0.860  grad=0.47/0.47  h=0.4 c=3.9  kl=0.0819  vl=0.1619
Step: 1253376 SPS: 3241  ev=0.556  ent=0.811  grad=0.75/0.50  h=0.5 c=4.7  kl=0.0847  vl=0.1234
Step: 1257472 SPS: 3240  ev=0.632  ent=0.833  grad=1.36/0.50  h=0.4 c=3.7  kl=0.0636  vl=0.1469
Step: 1261568 SPS: 3241  ev=0.654  ent=0.827  grad=0.76/0.50  h=0.5 c=3.4  kl=0.2732  vl=0.1160
Step: 1265664 SPS: 3237  ev=0.590  ent=0.861  grad=1.72/0.50  h=0.5 c=2.8  kl=0.0590  vl=0.1788
Step: 1269760 SPS: 3233  ev=0.596  ent=0.812  grad=1.38/0.50  h=0.4 c=1.9  kl=0.0546  vl=0.1715
Step: 1273856 SPS: 3229  ev=0.618  ent=0.831  grad=2.91/0.50  h=0.4 c=2.6  kl=0.0817  vl=0.2343
Step: 1277952 SPS: 3224  ev=0.638  ent=0.833  grad=1.33/0.50  h=0.5 c=3.0  kl=0.0789  vl=0.1363
Step: 1282048 SPS: 3221  ev=0.669  ent=0.816  grad=1.87/0.50  h=0.4 c=3.2  kl=0.1320  vl=0.2015
Step: 1286144 SPS: 3216  ev=0.585  ent=0.796  grad=0.68/0.50  h=0.5 c=4.5  kl=0.1241  vl=0.2042
Step: 1290240 SPS: 3215  ev=0.612  ent=0.852  grad=0.81/0.50  h=0.4 c=4.0  kl=0.0898  vl=0.1626
Step: 1294336 SPS: 3215  ev=0.599  ent=0.825  grad=0.62/0.50  h=0.5 c=3.1  kl=0.1396  vl=0.1548
Step: 1298432 SPS: 3215  ev=0.643  ent=0.832  grad=2.21/0.50  h=0.4 c=3.8  kl=0.0760  vl=0.1438
Step: 1302528 SPS: 3214  ev=0.617  ent=0.832  grad=1.21/0.50  h=0.5 c=3.8  kl=0.0814  vl=0.1277
Step: 1306624 SPS: 3213  ev=0.597  ent=0.846  grad=0.61/0.50  h=0.5 c=4.0  kl=0.1014  vl=0.1515
  vs Heur:   38W/62L/2D | score=9.5±23.5 inv=1.1 played=7.3 lanes=1.9 ddraw=3.6 pts=10
  vs Random: 104W/0L/0D | score=13.0±18.1 inv=1.0 played=7.5 lanes=1.8 ddraw=1.1 pts=13
  Self-play: 64W/44L/0D | score=11.8±21.3 inv=1.0 played=7.6 lanes=1.9 ddraw=2.2 pts=12
Step: 1310720 SPS: 3213  ev=0.639  ent=0.867  grad=1.15/0.50  h=0.6 c=3.7  kl=0.0834  vl=0.1032
Step: 1314816 SPS: 3214  ev=0.594  ent=0.874  grad=2.85/0.50  h=0.5 c=3.6  kl=0.1428  vl=0.1406
Step: 1318912 SPS: 3214  ev=0.632  ent=0.802  grad=1.87/0.50  h=0.5 c=4.5  kl=0.3974  vl=0.1542
Step: 1323008 SPS: 3214  ev=0.595  ent=0.850  grad=0.51/0.50  h=0.6 c=5.0  kl=0.0792  vl=0.1421
Step: 1327104 SPS: 3214  ev=0.668  ent=0.803  grad=0.98/0.50  h=0.6 c=4.4  kl=0.0924  vl=0.1481
Step: 1331200 SPS: 3214  ev=0.609  ent=0.886  grad=0.51/0.50  h=0.6 c=5.3  kl=0.1095  vl=0.1425
Step: 1335296 SPS: 3214  ev=0.611  ent=0.816  grad=0.53/0.50  h=0.6 c=5.3  kl=0.1045  vl=0.1349
Step: 1339392 SPS: 3214  ev=0.648  ent=0.826  grad=1.30/0.50  h=0.6 c=5.3  kl=0.0899  vl=0.1166
Step: 1343488 SPS: 3213  ev=0.650  ent=0.850  grad=0.55/0.50  h=0.6 c=5.3  kl=0.1206  vl=0.1092
Step: 1347584 SPS: 3212  ev=0.589  ent=0.861  grad=3.15/0.50  h=0.6 c=4.9  kl=0.2091  vl=0.1847
Step: 1351680 SPS: 3212  ev=0.681  ent=0.896  grad=1.18/0.50  h=0.6 c=4.1  kl=0.1037  vl=0.1542
Step: 1355776 SPS: 3212  ev=0.611  ent=0.859  grad=0.72/0.50  h=0.6 c=4.7  kl=0.0500  vl=0.1281
Step: 1359872 SPS: 3212  ev=0.661  ent=0.866  grad=1.03/0.50  h=0.6 c=5.2  kl=0.0722  vl=0.1066
Step: 1363968 SPS: 3212  ev=0.662  ent=0.870  grad=1.92/0.50  h=0.7 c=5.3  kl=0.1166  vl=0.1768
Step: 1368064 SPS: 3212  ev=0.650  ent=0.858  grad=1.21/0.50  h=0.6 c=4.8  kl=0.0701  vl=0.1375
Step: 1372160 SPS: 3212  ev=0.641  ent=0.855  grad=0.79/0.50  h=0.6 c=5.3  kl=0.1392  vl=0.1804
Step: 1376256 SPS: 3212  ev=0.671  ent=0.842  grad=2.78/0.50  h=0.6 c=3.8  kl=0.0953  vl=0.2204
Step: 1380352 SPS: 3212  ev=0.657  ent=0.843  grad=1.69/0.50  h=0.6 c=4.2  kl=0.1248  vl=0.1310
Step: 1384448 SPS: 3212  ev=0.605  ent=0.850  grad=2.60/0.50  h=0.5 c=3.5  kl=0.1030  vl=0.1841
Step: 1388544 SPS: 3212  ev=0.567  ent=0.857  grad=0.82/0.50  h=0.6 c=4.3  kl=0.0785  vl=0.1555
  vs Heur:   39W/65L/3D | score=6.2±23.3 inv=1.0 played=7.2 lanes=1.9 ddraw=3.6 pts=6
  vs Random: 101W/0L/0D | score=12.9±18.9 inv=1.0 played=8.2 lanes=2.0 ddraw=1.3 pts=13
  Self-play: 55W/47L/4D | score=6.3±17.7 inv=1.0 played=7.7 lanes=2.0 ddraw=2.3 pts=6
Step: 1392640 SPS: 3213  ev=0.591  ent=0.883  grad=0.77/0.50  h=0.6 c=4.6  kl=0.0935  vl=0.1034
Step: 1396736 SPS: 3213  ev=0.601  ent=0.817  grad=2.26/0.50  h=0.6 c=4.6  kl=0.0645  vl=0.1460
Step: 1400832 SPS: 3212  ev=0.609  ent=0.816  grad=0.65/0.50  h=0.6 c=4.2  kl=0.0759  vl=0.0859
Step: 1404928 SPS: 3212  ev=0.567  ent=0.809  grad=0.55/0.50  h=0.6 c=5.7  kl=0.0623  vl=0.1532
Step: 1409024 SPS: 3211  ev=0.611  ent=0.824  grad=0.59/0.50  h=0.6 c=5.8  kl=0.1248  vl=0.1329
Step: 1413120 SPS: 3212  ev=0.617  ent=0.839  grad=0.74/0.50  h=0.6 c=5.8  kl=0.0848  vl=0.1569
Step: 1417216 SPS: 3211  ev=0.610  ent=0.856  grad=1.39/0.50  h=0.6 c=5.1  kl=0.0834  vl=0.1393
Step: 1421312 SPS: 3212  ev=0.606  ent=0.847  grad=0.95/0.50  h=0.6 c=6.1  kl=0.0726  vl=0.1254
Step: 1425408 SPS: 3212  ev=0.633  ent=0.855  grad=0.46/0.46  h=0.6 c=5.0  kl=0.0745  vl=0.1145
Step: 1429504 SPS: 3212  ev=0.608  ent=0.832  grad=1.58/0.50  h=0.6 c=5.7  kl=0.0627  vl=0.1181
Step: 1433600 SPS: 3212  ev=0.624  ent=0.837  grad=0.81/0.50  h=0.5 c=6.6  kl=0.1092  vl=0.1319
Step: 1437696 SPS: 3212  ev=0.633  ent=0.818  grad=0.74/0.50  h=0.7 c=6.6  kl=0.0782  vl=0.1181
Step: 1441792 SPS: 3211  ev=0.635  ent=0.867  grad=0.68/0.50  h=0.6 c=6.7  kl=0.1026  vl=0.1388
Step: 1445888 SPS: 3211  ev=0.612  ent=0.902  grad=1.07/0.50  h=0.7 c=8.3  kl=0.0595  vl=0.1135
Step: 1449984 SPS: 3211  ev=0.648  ent=0.899  grad=1.24/0.50  h=0.6 c=8.8  kl=0.0526  vl=0.1109
Step: 1454080 SPS: 3211  ev=0.673  ent=0.903  grad=1.12/0.50  h=0.7 c=9.0  kl=0.0670  vl=0.1126
Step: 1458176 SPS: 3211  ev=0.657  ent=0.919  grad=1.08/0.50  h=0.7 c=10.0  kl=0.1090  vl=0.0673
Step: 1462272 SPS: 3211  ev=0.596  ent=0.869  grad=0.89/0.50  h=0.7 c=9.9  kl=0.1126  vl=0.0952
Step: 1466368 SPS: 3212  ev=0.649  ent=0.885  grad=1.56/0.50  h=0.6 c=11.0  kl=0.0726  vl=0.0983
Step: 1470464 SPS: 3212  ev=0.629  ent=0.839  grad=1.28/0.50  h=0.5 c=7.7  kl=0.0884  vl=0.1043
  vs Heur:   36W/67L/2D | score=8.4±22.2 inv=1.2 played=8.0 lanes=2.0 ddraw=3.4 pts=8
  vs Random: 102W/0L/0D | score=13.2±18.4 inv=1.1 played=8.2 lanes=2.0 ddraw=1.2 pts=13
  Self-play: 50W/56L/2D | score=8.9±19.7 inv=0.9 played=7.7 lanes=2.0 ddraw=2.6 pts=9
Step: 1474560 SPS: 3212  ev=0.615  ent=0.870  grad=0.52/0.50  h=0.5 c=6.1  kl=0.1078  vl=0.1220
Step: 1478656 SPS: 3212  ev=0.630  ent=0.883  grad=0.57/0.50  h=0.5 c=5.1  kl=0.0774  vl=0.1129
Step: 1482752 SPS: 3212  ev=0.663  ent=0.905  grad=1.16/0.50  h=0.5 c=5.8  kl=0.1492  vl=0.1115
Step: 1486848 SPS: 3213  ev=0.635  ent=0.867  grad=0.99/0.50  h=0.5 c=5.0  kl=0.0619  vl=0.1030
Step: 1490944 SPS: 3212  ev=0.627  ent=0.841  grad=2.15/0.50  h=0.5 c=5.3  kl=0.0481  vl=0.2160
Step: 1495040 SPS: 3212  ev=0.627  ent=0.874  grad=0.74/0.50  h=0.5 c=5.0  kl=0.0730  vl=0.1098
Step: 1499136 SPS: 3212  ev=0.639  ent=0.892  grad=0.55/0.50  h=0.5 c=5.6  kl=0.1090  vl=0.1021
Step: 1503232 SPS: 3212  ev=0.646  ent=0.847  grad=1.19/0.50  h=0.4 c=5.2  kl=0.0876  vl=0.1025
Step: 1507328 SPS: 3212  ev=0.688  ent=0.829  grad=1.29/0.50  h=0.6 c=5.9  kl=0.0463  vl=0.1410
Step: 1511424 SPS: 3212  ev=0.657  ent=0.880  grad=0.69/0.50  h=0.6 c=6.4  kl=0.0626  vl=0.1129
Step: 1515520 SPS: 3211  ev=0.655  ent=0.820  grad=0.62/0.50  h=0.5 c=7.3  kl=0.0658  vl=0.0960
Step: 1519616 SPS: 3211  ev=0.710  ent=0.831  grad=0.55/0.50  h=0.5 c=8.8  kl=0.0996  vl=0.1132
Step: 1523712 SPS: 3210  ev=0.631  ent=0.803  grad=0.77/0.50  h=0.6 c=10.0  kl=0.0944  vl=0.1358
Step: 1527808 SPS: 3210  ev=0.685  ent=0.817  grad=1.74/0.50  h=0.5 c=9.7  kl=0.0654  vl=0.1491
Step: 1531904 SPS: 3210  ev=0.661  ent=0.844  grad=2.33/0.50  h=0.6 c=9.3  kl=0.0645  vl=0.1692
Step: 1536000 SPS: 3211  ev=0.642  ent=0.839  grad=0.76/0.50  h=0.5 c=9.4  kl=0.0668  vl=0.0909
Step: 1540096 SPS: 3211  ev=0.632  ent=0.839  grad=0.92/0.50  h=0.5 c=9.5  kl=0.0539  vl=0.1352
Step: 1544192 SPS: 3211  ev=0.639  ent=0.823  grad=0.56/0.50  h=0.5 c=11.3  kl=0.0760  vl=0.1068
Step: 1548288 SPS: 3210  ev=0.660  ent=0.763  grad=1.81/0.50  h=0.5 c=9.9  kl=0.0718  vl=0.1480
Step: 1552384 SPS: 3210  ev=0.676  ent=0.781  grad=1.38/0.50  h=0.6 c=9.4  kl=0.1683  vl=0.0910
  vs Heur:   50W/51L/3D | score=12.1±25.0 inv=1.4 played=8.1 lanes=2.0 ddraw=3.6 pts=12
  vs Random: 105W/0L/0D | score=20.8±21.5 inv=1.0 played=7.9 lanes=1.8 ddraw=1.1 pts=21
  Self-play: 54W/53L/2D | score=6.9±22.4 inv=1.0 played=7.8 lanes=2.1 ddraw=2.3 pts=7
Step: 1556480 SPS: 3209  ev=0.650  ent=0.827  grad=0.65/0.50  h=0.5 c=8.6  kl=0.0642  vl=0.0778
Step: 1560576 SPS: 3209  ev=0.638  ent=0.813  grad=0.48/0.48  h=0.6 c=9.5  kl=0.1133  vl=0.0900
Step: 1564672 SPS: 3209  ev=0.603  ent=0.768  grad=1.40/0.50  h=0.5 c=9.2  kl=0.0836  vl=0.1374
Step: 1568768 SPS: 3209  ev=0.618  ent=0.792  grad=0.54/0.50  h=0.5 c=11.0  kl=0.0750  vl=0.1308
Step: 1572864 SPS: 3209  ev=0.686  ent=0.784  grad=0.89/0.50  h=0.6 c=11.4  kl=0.0917  vl=0.1210
Step: 1576960 SPS: 3208  ev=0.667  ent=0.792  grad=1.04/0.50  h=0.6 c=12.4  kl=0.0757  vl=0.1126
Step: 1581056 SPS: 3208  ev=0.674  ent=0.787  grad=0.82/0.50  h=0.6 c=12.7  kl=0.0830  vl=0.1088
Step: 1585152 SPS: 3208  ev=0.634  ent=0.761  grad=0.78/0.50  h=0.6 c=12.1  kl=0.0694  vl=0.1058
Step: 1589248 SPS: 3208  ev=0.629  ent=0.793  grad=1.03/0.50  h=0.6 c=12.9  kl=0.0623  vl=0.1414
Step: 1593344 SPS: 3208  ev=0.612  ent=0.739  grad=0.94/0.50  h=0.6 c=12.5  kl=0.0819  vl=0.1267
Step: 1597440 SPS: 3207  ev=0.619  ent=0.757  grad=0.73/0.50  h=0.7 c=13.4  kl=0.0931  vl=0.0879
Step: 1601536 SPS: 3207  ev=0.648  ent=0.754  grad=1.17/0.50  h=0.7 c=11.8  kl=0.0716  vl=0.1081
Step: 1605632 SPS: 3207  ev=0.623  ent=0.736  grad=1.25/0.50  h=0.7 c=12.1  kl=0.1262  vl=0.1218
Step: 1609728 SPS: 3208  ev=0.620  ent=0.751  grad=0.42/0.42  h=0.6 c=9.3  kl=0.0856  vl=0.1444
Step: 1613824 SPS: 3208  ev=0.634  ent=0.793  grad=0.74/0.50  h=0.7 c=10.7  kl=0.0735  vl=0.1076
Step: 1617920 SPS: 3208  ev=0.633  ent=0.778  grad=1.04/0.50  h=0.7 c=12.4  kl=0.0748  vl=0.1104
Step: 1622016 SPS: 3207  ev=0.634  ent=0.790  grad=0.50/0.50  h=0.7 c=13.4  kl=0.0771  vl=0.1189
Step: 1626112 SPS: 3208  ev=0.624  ent=0.752  grad=1.01/0.50  h=0.6 c=11.2  kl=0.1368  vl=0.1319
Step: 1630208 SPS: 3207  ev=0.635  ent=0.760  grad=1.51/0.50  h=0.6 c=10.1  kl=0.0845  vl=0.1409
Step: 1634304 SPS: 3207  ev=0.663  ent=0.787  grad=1.09/0.50  h=0.5 c=10.8  kl=0.0974  vl=0.1248
  vs Heur:   49W/62L/2D | score=12.8±26.0 inv=1.2 played=8.3 lanes=2.1 ddraw=3.3 pts=13
  vs Random: 106W/0L/0D | score=15.3±22.4 inv=1.1 played=8.5 lanes=2.0 ddraw=0.9 pts=15
  Self-play: 59W/41L/2D | score=14.4±20.7 inv=1.2 played=8.4 lanes=2.0 ddraw=2.5 pts=14
Step: 1638400 SPS: 3206  ev=0.625  ent=0.752  grad=0.76/0.50  h=0.6 c=9.0  kl=0.0786  vl=0.1145
Step: 1642496 SPS: 3206  ev=0.633  ent=0.755  grad=1.11/0.50  h=0.6 c=7.4  kl=0.1060  vl=0.1331
Step: 1646592 SPS: 3206  ev=0.624  ent=0.700  grad=1.18/0.50  h=0.6 c=9.0  kl=0.0555  vl=0.1819
Step: 1650688 SPS: 3205  ev=0.618  ent=0.741  grad=1.95/0.50  h=0.5 c=9.3  kl=0.0918  vl=0.2515
Step: 1654784 SPS: 3205  ev=0.649  ent=0.764  grad=2.34/0.50  h=0.5 c=7.6  kl=0.1120  vl=0.2253
Step: 1658880 SPS: 3204  ev=0.616  ent=0.738  grad=0.87/0.50  h=0.6 c=7.4  kl=0.0633  vl=0.1406
Step: 1662976 SPS: 3204  ev=0.675  ent=0.772  grad=1.32/0.50  h=0.6 c=6.7  kl=0.0660  vl=0.1172
Step: 1667072 SPS: 3204  ev=0.642  ent=0.728  grad=1.37/0.50  h=0.6 c=6.2  kl=0.0868  vl=0.1614
Step: 1671168 SPS: 3204  ev=0.657  ent=0.766  grad=1.26/0.50  h=0.5 c=5.3  kl=0.0825  vl=0.1383
Step: 1675264 SPS: 3204  ev=0.620  ent=0.759  grad=0.54/0.50  h=0.6 c=5.8  kl=0.0888  vl=0.1219
Step: 1679360 SPS: 3204  ev=0.667  ent=0.758  grad=0.51/0.50  h=0.6 c=7.0  kl=0.0841  vl=0.1340
Step: 1683456 SPS: 3205  ev=0.642  ent=0.716  grad=1.73/0.50  h=0.5 c=7.0  kl=0.1244  vl=0.1975
Step: 1687552 SPS: 3205  ev=0.605  ent=0.779  grad=1.51/0.50  h=0.5 c=7.7  kl=0.0971  vl=0.1367
Step: 1691648 SPS: 3205  ev=0.634  ent=0.727  grad=1.07/0.50  h=0.6 c=7.0  kl=0.1206  vl=0.1268
Step: 1695744 SPS: 3205  ev=0.646  ent=0.732  grad=1.37/0.50  h=0.6 c=7.1  kl=0.0977  vl=0.1573
Step: 1699840 SPS: 3205  ev=0.670  ent=0.730  grad=2.78/0.50  h=0.5 c=7.8  kl=0.0725  vl=0.1533
Step: 1703936 SPS: 3205  ev=0.695  ent=0.735  grad=2.31/0.50  h=0.5 c=8.2  kl=0.1228  vl=0.2005
Step: 1708032 SPS: 3205  ev=0.613  ent=0.800  grad=0.50/0.50  h=0.6 c=8.4  kl=0.0565  vl=0.1507
Step: 1712128 SPS: 3205  ev=0.641  ent=0.750  grad=1.43/0.50  h=0.6 c=8.1  kl=0.0660  vl=0.1246
Step: 1716224 SPS: 3204  ev=0.618  ent=0.740  grad=0.55/0.50  h=0.4 c=7.3  kl=0.1067  vl=0.1771
  vs Heur:   31W/73L/0D | score=3.9±27.1 inv=1.5 played=8.8 lanes=2.3 ddraw=3.6 pts=4
  vs Random: 104W/0L/0D | score=13.5±20.8 inv=1.3 played=8.8 lanes=2.2 ddraw=1.0 pts=13
  Self-play: 51W/49L/0D | score=8.3±23.0 inv=1.1 played=8.6 lanes=2.3 ddraw=2.6 pts=8
Step: 1720320 SPS: 3204  ev=0.672  ent=0.728  grad=1.71/0.50  h=0.5 c=8.0  kl=0.0920  vl=0.1590
Step: 1724416 SPS: 3204  ev=0.666  ent=0.749  grad=1.54/0.50  h=0.5 c=8.4  kl=0.0935  vl=0.1417
Step: 1728512 SPS: 3204  ev=0.616  ent=0.753  grad=0.93/0.50  h=0.5 c=7.7  kl=0.1285  vl=0.1459
Step: 1732608 SPS: 3204  ev=0.641  ent=0.707  grad=0.85/0.50  h=0.5 c=6.7  kl=0.0705  vl=0.1822
Step: 1736704 SPS: 3204  ev=0.627  ent=0.749  grad=0.59/0.50  h=0.5 c=8.0  kl=0.0741  vl=0.1389
Step: 1740800 SPS: 3204  ev=0.611  ent=0.730  grad=0.45/0.45  h=0.5 c=7.7  kl=0.0840  vl=0.1091
Step: 1744896 SPS: 3204  ev=0.619  ent=0.694  grad=0.88/0.50  h=0.5 c=7.5  kl=0.0911  vl=0.1307
Step: 1748992 SPS: 3204  ev=0.617  ent=0.689  grad=0.73/0.50  h=0.4 c=6.3  kl=0.0640  vl=0.1061
Step: 1753088 SPS: 3204  ev=0.675  ent=0.678  grad=1.01/0.50  h=0.5 c=7.0  kl=0.0643  vl=0.1298
Step: 1757184 SPS: 3204  ev=0.577  ent=0.727  grad=0.64/0.50  h=0.5 c=7.3  kl=0.0708  vl=0.1083
Step: 1761280 SPS: 3204  ev=0.692  ent=0.737  grad=0.76/0.50  h=0.5 c=7.4  kl=0.1035  vl=0.1276
Step: 1765376 SPS: 3204  ev=0.649  ent=0.687  grad=3.92/0.50  h=0.5 c=6.6  kl=0.0917  vl=0.2566
Step: 1769472 SPS: 3205  ev=0.635  ent=0.704  grad=2.06/0.50  h=0.5 c=6.5  kl=0.0798  vl=0.1265
Step: 1773568 SPS: 3205  ev=0.611  ent=0.689  grad=1.29/0.50  h=0.5 c=6.9  kl=0.0945  vl=0.1304
Step: 1777664 SPS: 3204  ev=0.630  ent=0.712  grad=1.07/0.50  h=0.5 c=8.4  kl=0.1234  vl=0.1383
Step: 1781760 SPS: 3204  ev=0.637  ent=0.680  grad=1.54/0.50  h=0.4 c=9.6  kl=0.0978  vl=0.1250
Step: 1785856 SPS: 3204  ev=0.666  ent=0.677  grad=2.03/0.50  h=0.4 c=10.5  kl=0.0642  vl=0.1544
Step: 1789952 SPS: 3204  ev=0.639  ent=0.726  grad=0.51/0.50  h=0.4 c=10.8  kl=0.0451  vl=0.1954
Step: 1794048 SPS: 3204  ev=0.601  ent=0.675  grad=1.05/0.50  h=0.4 c=9.6  kl=0.0548  vl=0.1622
Step: 1798144 SPS: 3204  ev=0.622  ent=0.730  grad=2.32/0.50  h=0.5 c=10.1  kl=0.0969  vl=0.1221
  vs Heur:   35W/65L/1D | score=7.1±23.0 inv=1.4 played=8.4 lanes=2.2 ddraw=3.4 pts=7
  vs Random: 108W/0L/0D | score=13.9±22.6 inv=1.1 played=8.6 lanes=2.2 ddraw=1.0 pts=14
  Self-play: 52W/48L/0D | score=12.6±22.3 inv=1.0 played=8.6 lanes=2.2 ddraw=2.3 pts=13
Step: 1802240 SPS: 3203  ev=0.598  ent=0.720  grad=0.75/0.50  h=0.5 c=9.5  kl=0.0740  vl=0.1801
Step: 1806336 SPS: 3203  ev=0.638  ent=0.706  grad=0.85/0.50  h=0.5 c=9.6  kl=0.1219  vl=0.1522
Step: 1810432 SPS: 3202  ev=0.571  ent=0.719  grad=0.76/0.50  h=0.5 c=11.6  kl=0.1105  vl=0.2408
Step: 1814528 SPS: 3202  ev=0.638  ent=0.668  grad=1.02/0.50  h=0.5 c=10.9  kl=0.1142  vl=0.1204
Step: 1818624 SPS: 3202  ev=0.657  ent=0.669  grad=0.85/0.50  h=0.5 c=10.2  kl=0.1129  vl=0.1668
Step: 1822720 SPS: 3203  ev=0.645  ent=0.716  grad=2.00/0.50  h=0.4 c=9.4  kl=0.1425  vl=0.1669
Step: 1826816 SPS: 3203  ev=0.660  ent=0.715  grad=2.02/0.50  h=0.5 c=7.5  kl=0.1320  vl=0.2112
Step: 1830912 SPS: 3204  ev=0.639  ent=0.762  grad=1.06/0.50  h=0.5 c=7.7  kl=0.1540  vl=0.2103
Step: 1835008 SPS: 3204  ev=0.627  ent=0.705  grad=0.87/0.50  h=0.5 c=8.7  kl=0.0956  vl=0.1505
Step: 1839104 SPS: 3204  ev=0.618  ent=0.671  grad=0.70/0.50  h=0.5 c=9.5  kl=0.0792  vl=0.1616
Step: 1843200 SPS: 3204  ev=0.620  ent=0.669  grad=1.56/0.50  h=0.5 c=9.2  kl=0.0710  vl=0.1143
Step: 1847296 SPS: 3204  ev=0.597  ent=0.722  grad=0.73/0.50  h=0.6 c=9.4  kl=0.0732  vl=0.2123
Step: 1851392 SPS: 3204  ev=0.613  ent=0.690  grad=2.18/0.50  h=0.5 c=10.8  kl=0.1089  vl=0.1613
Step: 1855488 SPS: 3203  ev=0.651  ent=0.685  grad=2.37/0.50  h=0.5 c=8.8  kl=0.0721  vl=0.1869
Step: 1859584 SPS: 3203  ev=0.639  ent=0.743  grad=0.50/0.50  h=0.5 c=9.6  kl=0.0858  vl=0.1904
Step: 1863680 SPS: 3202  ev=0.602  ent=0.710  grad=0.98/0.50  h=0.5 c=10.7  kl=0.1154  vl=0.1519
Step: 1867776 SPS: 3202  ev=0.562  ent=0.756  grad=0.58/0.50  h=0.5 c=9.0  kl=0.0828  vl=0.1837
Step: 1871872 SPS: 3202  ev=0.577  ent=0.742  grad=1.09/0.50  h=0.5 c=9.2  kl=0.1243  vl=0.1394
Step: 1875968 SPS: 3202  ev=0.599  ent=0.740  grad=0.89/0.50  h=0.5 c=8.3  kl=0.1054  vl=0.1156
Step: 1880064 SPS: 3202  ev=0.514  ent=0.818  grad=0.48/0.48  h=0.5 c=8.5  kl=0.0710  vl=0.1044
  vs Heur:   38W/61L/1D | score=9.3±26.6 inv=1.9 played=9.2 lanes=2.3 ddraw=3.5 pts=9
  vs Random: 102W/0L/0D | score=15.1±21.7 inv=1.3 played=8.8 lanes=2.1 ddraw=1.2 pts=15
  Self-play: 49W/53L/3D | score=12.8±22.7 inv=1.3 played=8.8 lanes=2.2 ddraw=2.4 pts=13
Step: 1884160 SPS: 3202  ev=0.614  ent=0.752  grad=1.81/0.50  h=0.6 c=11.1  kl=0.2413  vl=0.1713
Step: 1888256 SPS: 3202  ev=0.606  ent=0.741  grad=1.84/0.50  h=0.6 c=9.7  kl=0.0711  vl=0.1242
Step: 1892352 SPS: 3202  ev=0.613  ent=0.741  grad=0.74/0.50  h=0.5 c=9.6  kl=0.1003  vl=0.1625
Step: 1896448 SPS: 3202  ev=0.604  ent=0.809  grad=1.12/0.50  h=0.4 c=10.4  kl=0.1375  vl=0.1831
Step: 1900544 SPS: 3203  ev=0.616  ent=0.740  grad=0.46/0.46  h=0.5 c=10.8  kl=0.1791  vl=0.1606
Step: 1904640 SPS: 3203  ev=0.601  ent=0.739  grad=0.67/0.50  h=0.5 c=11.5  kl=0.0968  vl=0.1932
Step: 1908736 SPS: 3203  ev=0.549  ent=0.820  grad=1.22/0.50  h=0.5 c=11.3  kl=0.0695  vl=0.1315
Step: 1912832 SPS: 3202  ev=0.615  ent=0.798  grad=0.69/0.50  h=0.5 c=11.4  kl=0.0892  vl=0.2040
Step: 1916928 SPS: 3202  ev=0.589  ent=0.774  grad=0.94/0.50  h=0.5 c=12.5  kl=0.0763  vl=0.1401
Step: 1921024 SPS: 3202  ev=0.656  ent=0.754  grad=1.03/0.50  h=0.5 c=13.4  kl=0.0576  vl=0.1813
Step: 1925120 SPS: 3202  ev=0.624  ent=0.731  grad=0.63/0.50  h=0.5 c=11.6  kl=0.0833  vl=0.1467
Step: 1929216 SPS: 3202  ev=0.613  ent=0.792  grad=1.66/0.50  h=0.5 c=12.7  kl=0.1262  vl=0.1721
Step: 1933312 SPS: 3202  ev=0.594  ent=0.802  grad=2.28/0.50  h=0.5 c=13.1  kl=0.0684  vl=0.2470
Step: 1937408 SPS: 3202  ev=0.576  ent=0.766  grad=1.98/0.50  h=0.5 c=13.4  kl=0.1209  vl=0.2334
Step: 1941504 SPS: 3202  ev=0.582  ent=0.770  grad=1.48/0.50  h=0.5 c=13.5  kl=0.0681  vl=0.2181
Step: 1945600 SPS: 3202  ev=0.583  ent=0.781  grad=1.04/0.50  h=0.6 c=14.7  kl=0.0659  vl=0.2065
Step: 1949696 SPS: 3203  ev=0.596  ent=0.762  grad=0.91/0.50  h=0.5 c=16.4  kl=0.1127  vl=0.1619
Step: 1953792 SPS: 3202  ev=0.601  ent=0.712  grad=2.15/0.50  h=0.5 c=17.2  kl=0.2121  vl=0.1993
Step: 1957888 SPS: 3202  ev=0.572  ent=0.739  grad=1.40/0.50  h=0.5 c=17.0  kl=0.0525  vl=0.2057
Step: 1961984 SPS: 3202  ev=0.557  ent=0.775  grad=0.71/0.50  h=0.5 c=16.0  kl=0.0830  vl=0.1723
  vs Heur:   42W/63L/0D | score=11.3±27.4 inv=1.7 played=9.1 lanes=2.2 ddraw=3.8 pts=11
  vs Random: 106W/0L/0D | score=17.0±21.6 inv=1.2 played=9.6 lanes=2.3 ddraw=1.2 pts=17
  Self-play: 51W/50L/1D | score=11.9±29.8 inv=1.5 played=9.6 lanes=2.4 ddraw=2.4 pts=12
Step: 1966080 SPS: 3203  ev=0.556  ent=0.785  grad=1.04/0.50  h=0.5 c=15.9  kl=0.1023  vl=0.4372
Step: 1970176 SPS: 3203  ev=0.588  ent=0.726  grad=0.60/0.50  h=0.5 c=15.8  kl=0.0675  vl=0.2109
Step: 1974272 SPS: 3203  ev=0.540  ent=0.714  grad=1.40/0.50  h=0.6 c=16.0  kl=0.0810  vl=0.1952
Step: 1978368 SPS: 3203  ev=0.587  ent=0.717  grad=0.55/0.50  h=0.5 c=16.0  kl=0.0685  vl=0.1880
Step: 1982464 SPS: 3203  ev=0.582  ent=0.729  grad=1.10/0.50  h=0.6 c=13.5  kl=0.1333  vl=0.2205
Step: 1986560 SPS: 3203  ev=0.596  ent=0.728  grad=0.83/0.50  h=0.5 c=14.6  kl=0.0751  vl=0.2123
Step: 1990656 SPS: 3203  ev=0.522  ent=0.752  grad=1.66/0.50  h=0.4 c=15.0  kl=0.0593  vl=0.1927
Step: 1994752 SPS: 3203  ev=0.611  ent=0.720  grad=0.78/0.50  h=0.5 c=15.6  kl=0.0735  vl=0.1214
Step: 1998848 SPS: 3202  ev=0.599  ent=0.743  grad=0.82/0.50  h=0.5 c=16.7  kl=0.0492  vl=0.2085
Step: 2002944 SPS: 3202  ev=0.627  ent=0.742  grad=2.28/0.50  h=0.4 c=17.5  kl=0.0654  vl=0.2255
Step: 2007040 SPS: 3202  ev=0.595  ent=0.733  grad=1.36/0.50  h=0.5 c=18.0  kl=0.0580  vl=0.1819
Step: 2011136 SPS: 3201  ev=0.617  ent=0.739  grad=1.01/0.50  h=0.5 c=18.0  kl=0.0808  vl=0.1877
Step: 2015232 SPS: 3200  ev=0.520  ent=0.730  grad=0.44/0.44  h=0.5 c=17.6  kl=0.0563  vl=0.1621
Step: 2019328 SPS: 3200  ev=0.564  ent=0.705  grad=1.13/0.50  h=0.5 c=16.2  kl=0.0784  vl=0.1273
Step: 2023424 SPS: 3200  ev=0.565  ent=0.752  grad=1.77/0.50  h=0.5 c=14.3  kl=0.0558  vl=0.1631
Step: 2027520 SPS: 3199  ev=0.581  ent=0.678  grad=0.95/0.50  h=0.5 c=14.8  kl=0.0933  vl=0.1693
Step: 2031616 SPS: 3199  ev=0.557  ent=0.760  grad=1.36/0.50  h=0.5 c=14.2  kl=0.0956  vl=0.1802
Step: 2035712 SPS: 3198  ev=0.617  ent=0.692  grad=2.83/0.50  h=0.5 c=13.3  kl=0.0799  vl=0.2026
Step: 2039808 SPS: 3198  ev=0.645  ent=0.702  grad=0.67/0.50  h=0.5 c=11.2  kl=0.0658  vl=0.2074
Step: 2043904 SPS: 3198  ev=0.612  ent=0.726  grad=1.63/0.50  h=0.5 c=11.7  kl=0.0610  vl=0.2516
  vs Heur:   35W/64L/1D | score=6.0±27.7 inv=1.7 played=9.0 lanes=2.5 ddraw=3.6 pts=6
  vs Random: 108W/1L/0D | score=11.0±22.6 inv=1.4 played=9.2 lanes=2.5 ddraw=1.3 pts=11
  Self-play: 54W/51L/1D | score=10.3±23.7 inv=1.2 played=9.0 lanes=2.5 ddraw=2.3 pts=10
Step: 2048000 SPS: 3197  ev=0.585  ent=0.707  grad=0.97/0.50  h=0.4 c=12.3  kl=0.0810  vl=0.2221
Step: 2052096 SPS: 3197  ev=0.551  ent=0.762  grad=0.63/0.50  h=0.5 c=12.2  kl=0.0675  vl=0.1449
Step: 2056192 SPS: 3197  ev=0.569  ent=0.768  grad=0.57/0.50  h=0.5 c=13.0  kl=0.1113  vl=0.1665
Step: 2060288 SPS: 3197  ev=0.502  ent=0.730  grad=0.91/0.50  h=0.5 c=11.5  kl=0.0944  vl=0.1315
Step: 2064384 SPS: 3198  ev=0.572  ent=0.720  grad=1.20/0.50  h=0.4 c=9.7  kl=0.1603  vl=0.1671
Step: 2068480 SPS: 3197  ev=0.547  ent=0.759  grad=0.69/0.50  h=0.4 c=6.7  kl=0.0861  vl=0.1512
Step: 2072576 SPS: 3197  ev=0.581  ent=0.751  grad=0.74/0.50  h=0.4 c=6.1  kl=0.1037  vl=0.2010
Step: 2076672 SPS: 3197  ev=0.607  ent=0.735  grad=1.40/0.50  h=0.4 c=6.5  kl=0.0980  vl=0.1663
Step: 2080768 SPS: 3197  ev=0.556  ent=0.749  grad=1.62/0.50  h=0.5 c=5.8  kl=0.0668  vl=0.2262
Step: 2084864 SPS: 3197  ev=0.613  ent=0.801  grad=0.55/0.50  h=0.3 c=6.9  kl=0.0858  vl=0.1332
Step: 2088960 SPS: 3196  ev=0.616  ent=0.758  grad=0.73/0.50  h=0.4 c=6.6  kl=0.1170  vl=0.1680
Step: 2093056 SPS: 3196  ev=0.548  ent=0.726  grad=0.77/0.50  h=0.4 c=6.6  kl=0.0833  vl=0.2155
Step: 2097152 SPS: 3196  ev=0.572  ent=0.748  grad=0.44/0.44  h=0.3 c=4.9  kl=0.0620  vl=0.1463
Step: 2101248 SPS: 3196  ev=0.576  ent=0.731  grad=0.82/0.50  h=0.2 c=4.9  kl=0.0683  vl=0.1430
Step: 2105344 SPS: 3196  ev=0.581  ent=0.709  grad=1.16/0.50  h=0.2 c=5.1  kl=0.0620  vl=0.1372
Step: 2109440 SPS: 3197  ev=0.577  ent=0.696  grad=1.39/0.50  h=0.3 c=5.3  kl=0.0483  vl=0.1504
Step: 2113536 SPS: 3196  ev=0.605  ent=0.718  grad=0.95/0.50  h=0.2 c=4.8  kl=0.0622  vl=0.1440
Step: 2117632 SPS: 3197  ev=0.605  ent=0.723  grad=0.81/0.50  h=0.3 c=4.2  kl=0.0568  vl=0.2309
Step: 2121728 SPS: 3197  ev=0.547  ent=0.744  grad=1.13/0.50  h=0.2 c=4.7  kl=0.1176  vl=0.1670
Step: 2125824 SPS: 3197  ev=0.547  ent=0.737  grad=1.16/0.50  h=0.3 c=4.8  kl=0.1062  vl=0.1418
  vs Heur:   37W/71L/1D | score=8.3±29.2 inv=1.7 played=9.3 lanes=2.4 ddraw=3.7 pts=8
  vs Random: 102W/1L/0D | score=12.5±21.9 inv=1.3 played=9.6 lanes=2.5 ddraw=1.1 pts=12
  Self-play: 55W/43L/4D | score=8.5±22.7 inv=1.2 played=9.6 lanes=2.5 ddraw=2.5 pts=8
Step: 2129920 SPS: 3197  ev=0.609  ent=0.746  grad=1.53/0.50  h=0.3 c=4.3  kl=0.0896  vl=0.1417
Step: 2134016 SPS: 3197  ev=0.568  ent=0.717  grad=1.97/0.50  h=0.3 c=4.7  kl=0.0887  vl=0.1463
Step: 2138112 SPS: 3197  ev=0.580  ent=0.710  grad=1.77/0.50  h=0.3 c=5.2  kl=0.1003  vl=0.1727
Step: 2142208 SPS: 3197  ev=0.542  ent=0.754  grad=1.35/0.50  h=0.3 c=5.4  kl=0.0476  vl=0.1560
Step: 2146304 SPS: 3197  ev=0.581  ent=0.723  grad=0.69/0.50  h=0.3 c=5.2  kl=0.0786  vl=0.1212
Step: 2150400 SPS: 3197  ev=0.552  ent=0.734  grad=0.92/0.50  h=0.2 c=6.1  kl=0.0756  vl=0.1643
Step: 2154496 SPS: 3196  ev=0.563  ent=0.740  grad=1.07/0.50  h=0.2 c=5.3  kl=0.0726  vl=0.1190
Step: 2158592 SPS: 3196  ev=0.543  ent=0.748  grad=1.44/0.50  h=0.4 c=6.9  kl=0.1002  vl=0.1884
Step: 2162688 SPS: 3195  ev=0.559  ent=0.729  grad=0.68/0.50  h=0.4 c=7.8  kl=0.0692  vl=0.1890
Step: 2166784 SPS: 3195  ev=0.607  ent=0.681  grad=0.77/0.50  h=0.3 c=9.5  kl=0.1038  vl=0.1504
Step: 2170880 SPS: 3195  ev=0.631  ent=0.690  grad=0.63/0.50  h=0.3 c=7.3  kl=0.0752  vl=0.1711
Step: 2174976 SPS: 3195  ev=0.614  ent=0.728  grad=0.46/0.46  h=0.3 c=6.5  kl=0.1172  vl=0.1133
Step: 2179072 SPS: 3195  ev=0.621  ent=0.671  grad=1.68/0.50  h=0.3 c=7.1  kl=0.0700  vl=0.1883
Step: 2183168 SPS: 3195  ev=0.552  ent=0.702  grad=0.74/0.50  h=0.3 c=8.0  kl=0.0983  vl=0.1671
Step: 2187264 SPS: 3195  ev=0.584  ent=0.671  grad=1.60/0.50  h=0.4 c=9.3  kl=0.0722  vl=0.1805
Step: 2191360 SPS: 3195  ev=0.554  ent=0.726  grad=0.63/0.50  h=0.3 c=7.6  kl=0.0645  vl=0.1811
Step: 2195456 SPS: 3194  ev=0.634  ent=0.721  grad=0.51/0.50  h=0.3 c=7.8  kl=0.0831  vl=0.2035
Step: 2199552 SPS: 3194  ev=0.567  ent=0.707  grad=0.43/0.43  h=0.3 c=6.8  kl=0.0706  vl=0.1396
Step: 2203648 SPS: 3195  ev=0.618  ent=0.676  grad=1.40/0.50  h=0.4 c=7.1  kl=0.0780  vl=0.1587
Step: 2207744 SPS: 3195  ev=0.621  ent=0.714  grad=0.50/0.50  h=0.4 c=6.7  kl=0.0467  vl=0.1546
  vs Heur:   37W/64L/0D | score=7.8±25.0 inv=1.7 played=9.3 lanes=2.4 ddraw=3.6 pts=8
  vs Random: 103W/0L/0D | score=20.0±21.4 inv=1.4 played=10.2 lanes=2.5 ddraw=1.0 pts=20
  Self-play: 53W/46L/1D | score=12.5±24.8 inv=1.4 played=9.9 lanes=2.5 ddraw=2.3 pts=13
Step: 2211840 SPS: 3195  ev=0.604  ent=0.718  grad=1.73/0.50  h=0.4 c=7.8  kl=0.1181  vl=0.1765
Step: 2215936 SPS: 3195  ev=0.616  ent=0.734  grad=1.68/0.50  h=0.4 c=9.1  kl=0.0865  vl=0.2038
Step: 2220032 SPS: 3195  ev=0.585  ent=0.694  grad=0.60/0.50  h=0.3 c=7.5  kl=0.0539  vl=0.1635
Step: 2224128 SPS: 3195  ev=0.601  ent=0.718  grad=0.85/0.50  h=0.4 c=5.7  kl=0.0758  vl=0.1104
Step: 2228224 SPS: 3195  ev=0.600  ent=0.716  grad=0.53/0.50  h=0.4 c=5.7  kl=0.0566  vl=0.1502
Step: 2232320 SPS: 3195  ev=0.593  ent=0.742  grad=0.57/0.50  h=0.4 c=6.6  kl=0.0768  vl=0.1579
Step: 2236416 SPS: 3195  ev=0.606  ent=0.681  grad=3.04/0.50  h=0.3 c=6.2  kl=0.4013  vl=0.2049
Step: 2240512 SPS: 3195  ev=0.542  ent=0.665  grad=0.58/0.50  h=0.4 c=6.5  kl=0.0641  vl=0.1474
Step: 2244608 SPS: 3195  ev=0.571  ent=0.694  grad=2.42/0.50  h=0.3 c=5.3  kl=0.0729  vl=0.1845
Step: 2248704 SPS: 3195  ev=0.545  ent=0.705  grad=0.60/0.50  h=0.4 c=5.0  kl=0.0789  vl=0.1271
Step: 2252800 SPS: 3195  ev=0.584  ent=0.722  grad=1.22/0.50  h=0.4 c=5.5  kl=0.1057  vl=0.1996
Step: 2256896 SPS: 3195  ev=0.573  ent=0.739  grad=0.79/0.50  h=0.4 c=4.2  kl=0.0653  vl=0.1584
Step: 2260992 SPS: 3194  ev=0.610  ent=0.721  grad=0.51/0.50  h=0.4 c=4.8  kl=0.1061  vl=0.1619
Step: 2265088 SPS: 3194  ev=0.603  ent=0.724  grad=0.49/0.49  h=0.3 c=4.3  kl=0.0748  vl=0.1473
Step: 2269184 SPS: 3194  ev=0.637  ent=0.744  grad=0.62/0.50  h=0.4 c=4.5  kl=0.1068  vl=0.1592
Step: 2273280 SPS: 3194  ev=0.638  ent=0.729  grad=1.69/0.50  h=0.4 c=4.2  kl=0.1088  vl=0.1493
Step: 2277376 SPS: 3194  ev=0.563  ent=0.745  grad=0.83/0.50  h=0.2 c=3.1  kl=0.0752  vl=0.1312
Step: 2281472 SPS: 3195  ev=0.577  ent=0.730  grad=1.48/0.50  h=0.3 c=3.3  kl=0.1304  vl=0.1329
Step: 2285568 SPS: 3195  ev=0.633  ent=0.742  grad=0.92/0.50  h=0.2 c=3.1  kl=0.0866  vl=0.1494
Step: 2289664 SPS: 3194  ev=0.597  ent=0.679  grad=0.97/0.50  h=0.2 c=2.6  kl=0.1054  vl=0.1394
  vs Heur:   36W/69L/2D | score=10.1±27.5 inv=1.5 played=9.8 lanes=2.7 ddraw=3.8 pts=10
  vs Random: 105W/2L/0D | score=11.4±21.6 inv=1.4 played=10.1 lanes=2.8 ddraw=1.1 pts=11
  Self-play: 56W/57L/2D | score=7.2±17.0 inv=1.1 played=9.5 lanes=2.7 ddraw=2.5 pts=7
Step: 2293760 SPS: 3194  ev=0.615  ent=0.729  grad=1.00/0.50  h=0.4 c=3.3  kl=0.0762  vl=0.1181
Step: 2297856 SPS: 3194  ev=0.582  ent=0.692  grad=0.77/0.50  h=0.3 c=4.0  kl=0.0629  vl=0.1242
Step: 2301952 SPS: 3194  ev=0.660  ent=0.724  grad=0.68/0.50  h=0.3 c=3.8  kl=0.1606  vl=0.1593
Step: 2306048 SPS: 3194  ev=0.615  ent=0.695  grad=0.49/0.49  h=0.3 c=3.3  kl=0.0644  vl=0.1610
Step: 2310144 SPS: 3195  ev=0.636  ent=0.697  grad=0.54/0.50  h=0.4 c=3.5  kl=0.0519  vl=0.1140
Step: 2314240 SPS: 3195  ev=0.613  ent=0.685  grad=0.63/0.50  h=0.3 c=2.8  kl=0.0969  vl=0.1919
Step: 2318336 SPS: 3195  ev=0.638  ent=0.754  grad=0.66/0.50  h=0.4 c=3.0  kl=0.0476  vl=0.1658
Step: 2322432 SPS: 3194  ev=0.600  ent=0.724  grad=0.77/0.50  h=0.4 c=4.0  kl=0.1075  vl=0.1162
Step: 2326528 SPS: 3194  ev=0.618  ent=0.715  grad=0.50/0.50  h=0.4 c=3.4  kl=0.0711  vl=0.1540
Step: 2330624 SPS: 3194  ev=0.571  ent=0.725  grad=0.90/0.50  h=0.4 c=3.2  kl=0.0789  vl=0.1516
Step: 2334720 SPS: 3194  ev=0.664  ent=0.712  grad=0.45/0.45  h=0.5 c=4.4  kl=0.0819  vl=0.1225
Step: 2338816 SPS: 3194  ev=0.554  ent=0.732  grad=1.53/0.50  h=0.5 c=4.6  kl=0.0774  vl=0.1602
Step: 2342912 SPS: 3194  ev=0.629  ent=0.748  grad=0.47/0.47  h=0.4 c=4.6  kl=0.0682  vl=0.1415
Step: 2347008 SPS: 3195  ev=0.650  ent=0.700  grad=0.73/0.50  h=0.4 c=3.7  kl=0.0817  vl=0.1354
Step: 2351104 SPS: 3195  ev=0.619  ent=0.712  grad=0.79/0.50  h=0.4 c=3.9  kl=0.0880  vl=0.1515
Step: 2355200 SPS: 3195  ev=0.577  ent=0.713  grad=0.54/0.50  h=0.5 c=4.8  kl=0.0669  vl=0.1394
Step: 2359296 SPS: 3196  ev=0.571  ent=0.687  grad=2.13/0.50  h=0.4 c=4.8  kl=0.0827  vl=0.1463
Step: 2363392 SPS: 3195  ev=0.612  ent=0.714  grad=1.07/0.50  h=0.4 c=3.9  kl=0.0761  vl=0.2120
Step: 2367488 SPS: 3195  ev=0.653  ent=0.730  grad=0.93/0.50  h=0.4 c=3.7  kl=0.0754  vl=0.1444
Step: 2371584 SPS: 3195  ev=0.633  ent=0.724  grad=0.77/0.50  h=0.4 c=3.5  kl=0.0886  vl=0.1384
  vs Heur:   43W/59L/0D | score=15.5±32.3 inv=1.9 played=10.3 lanes=2.7 ddraw=3.3 pts=15
  vs Random: 102W/1L/0D | score=16.6±28.9 inv=1.7 played=10.9 lanes=2.8 ddraw=0.9 pts=17
  Self-play: 55W/50L/3D | score=11.4±25.0 inv=1.3 played=10.5 lanes=2.8 ddraw=2.3 pts=11
Step: 2375680 SPS: 3195  ev=0.614  ent=0.708  grad=2.04/0.50  h=0.4 c=4.5  kl=0.0622  vl=0.1916
Step: 2379776 SPS: 3195  ev=0.649  ent=0.786  grad=1.05/0.50  h=0.5 c=4.7  kl=0.0523  vl=0.2083
Step: 2383872 SPS: 3195  ev=0.583  ent=0.738  grad=1.50/0.50  h=0.5 c=5.0  kl=0.0765  vl=0.1684
Step: 2387968 SPS: 3195  ev=0.624  ent=0.690  grad=0.70/0.50  h=0.5 c=6.3  kl=0.0344  vl=0.1589
Step: 2392064 SPS: 3195  ev=0.651  ent=0.711  grad=0.60/0.50  h=0.4 c=4.7  kl=0.0499  vl=0.1518
Step: 2396160 SPS: 3195  ev=0.593  ent=0.681  grad=0.42/0.42  h=0.4 c=4.5  kl=0.0497  vl=0.1612
Step: 2400256 SPS: 3196  ev=0.610  ent=0.729  grad=1.20/0.50  h=0.4 c=5.0  kl=0.0674  vl=0.1467
Step: 2404352 SPS: 3196  ev=0.627  ent=0.724  grad=0.82/0.50  h=0.4 c=3.0  kl=0.0419  vl=0.1613
Step: 2408448 SPS: 3196  ev=0.581  ent=0.705  grad=0.52/0.50  h=0.5 c=3.7  kl=0.0600  vl=0.1103
Step: 2412544 SPS: 3195  ev=0.602  ent=0.675  grad=0.62/0.50  h=0.5 c=3.9  kl=0.0489  vl=0.1573
Step: 2416640 SPS: 3195  ev=0.639  ent=0.698  grad=1.26/0.50  h=0.4 c=3.8  kl=0.0596  vl=0.1599
Step: 2420736 SPS: 3196  ev=0.633  ent=0.650  grad=1.33/0.50  h=0.4 c=2.9  kl=0.0376  vl=0.1298
Step: 2424832 SPS: 3196  ev=0.621  ent=0.719  grad=0.81/0.50  h=0.4 c=2.4  kl=0.0513  vl=0.1268
Step: 2428928 SPS: 3196  ev=0.615  ent=0.687  grad=0.93/0.50  h=0.4 c=2.6  kl=0.0571  vl=0.1486
Step: 2433024 SPS: 3196  ev=0.634  ent=0.712  grad=2.99/0.50  h=0.4 c=2.8  kl=0.0495  vl=0.1941
Step: 2437120 SPS: 3196  ev=0.601  ent=0.699  grad=0.42/0.42  h=0.3 c=2.6  kl=0.0664  vl=0.1848
Step: 2441216 SPS: 3196  ev=0.617  ent=0.683  grad=1.83/0.50  h=0.3 c=2.3  kl=0.0526  vl=0.2008
Step: 2445312 SPS: 3197  ev=0.597  ent=0.706  grad=1.91/0.50  h=0.3 c=2.1  kl=0.0610  vl=0.1840
Step: 2449408 SPS: 3196  ev=0.624  ent=0.673  grad=1.24/0.50  h=0.3 c=1.9  kl=0.0770  vl=0.1323
Step: 2453504 SPS: 3196  ev=0.645  ent=0.702  grad=1.23/0.50  h=0.5 c=2.1  kl=0.0426  vl=0.1495
  vs Heur:   46W/58L/3D | score=12.8±28.3 inv=1.8 played=10.1 lanes=2.6 ddraw=3.5 pts=13
  vs Random: 105W/1L/0D | score=18.0±24.9 inv=1.6 played=10.4 lanes=2.5 ddraw=0.9 pts=18
  Self-play: 43W/58L/0D | score=8.3±22.9 inv=1.5 played=10.6 lanes=2.8 ddraw=2.5 pts=8
Step: 2457600 SPS: 3196  ev=0.636  ent=0.666  grad=1.76/0.50  h=0.3 c=2.5  kl=0.0677  vl=0.1373
Step: 2461696 SPS: 3196  ev=0.642  ent=0.661  grad=0.64/0.50  h=0.4 c=1.7  kl=0.0746  vl=0.1538
Step: 2465792 SPS: 3196  ev=0.634  ent=0.765  grad=1.31/0.50  h=0.3 c=1.6  kl=0.0685  vl=0.1622
Step: 2469888 SPS: 3196  ev=0.657  ent=0.686  grad=1.08/0.50  h=0.3 c=1.6  kl=0.0639  vl=0.1778
Step: 2473984 SPS: 3196  ev=0.663  ent=0.675  grad=0.81/0.50  h=0.3 c=2.0  kl=0.0593  vl=0.2229
Step: 2478080 SPS: 3197  ev=0.621  ent=0.709  grad=0.90/0.50  h=0.3 c=1.8  kl=0.0738  vl=0.1779
Step: 2482176 SPS: 3196  ev=0.624  ent=0.734  grad=1.82/0.50  h=0.3 c=1.9  kl=0.0681  vl=0.2030
Step: 2486272 SPS: 3196  ev=0.662  ent=0.687  grad=1.60/0.50  h=0.3 c=1.9  kl=0.0772  vl=0.1728
Step: 2490368 SPS: 3197  ev=0.642  ent=0.714  grad=1.62/0.50  h=0.2 c=1.9  kl=0.0385  vl=0.2057
Step: 2494464 SPS: 3197  ev=0.624  ent=0.669  grad=2.60/0.50  h=0.2 c=1.5  kl=0.0534  vl=0.2482
Step: 2498560 SPS: 3197  ev=0.620  ent=0.665  grad=0.98/0.50  h=0.2 c=1.4  kl=0.0872  vl=0.1899
Step: 2502656 SPS: 3198  ev=0.682  ent=0.677  grad=0.55/0.50  h=0.2 c=1.4  kl=0.0629  vl=0.2299
Step: 2506752 SPS: 3198  ev=0.650  ent=0.728  grad=1.32/0.50  h=0.3 c=2.0  kl=0.1158  vl=0.2099
Step: 2510848 SPS: 3198  ev=0.679  ent=0.694  grad=1.13/0.50  h=0.3 c=1.8  kl=0.0900  vl=0.1666
Step: 2514944 SPS: 3198  ev=0.654  ent=0.692  grad=0.63/0.50  h=0.3 c=1.7  kl=0.0885  vl=0.2187
Step: 2519040 SPS: 3198  ev=0.687  ent=0.730  grad=0.81/0.50  h=0.2 c=2.2  kl=0.0748  vl=0.1806
Step: 2523136 SPS: 3198  ev=0.660  ent=0.678  grad=1.46/0.50  h=0.3 c=1.8  kl=0.0470  vl=0.1955
Step: 2527232 SPS: 3198  ev=0.698  ent=0.684  grad=1.58/0.50  h=0.2 c=1.3  kl=0.0412  vl=0.1817
Step: 2531328 SPS: 3198  ev=0.632  ent=0.676  grad=0.50/0.50  h=0.2 c=1.6  kl=0.0751  vl=0.1681
Step: 2535424 SPS: 3198  ev=0.598  ent=0.674  grad=1.01/0.50  h=0.3 c=1.9  kl=0.0483  vl=0.1874
  vs Heur:   50W/50L/1D | score=14.8±30.0 inv=1.9 played=10.9 lanes=2.7 ddraw=3.3 pts=15
  vs Random: 104W/0L/0D | score=15.8±22.6 inv=1.9 played=11.2 lanes=2.7 ddraw=1.0 pts=16
  Self-play: 49W/53L/1D | score=6.8±22.6 inv=1.4 played=10.6 lanes=2.9 ddraw=2.0 pts=7
Step: 2539520 SPS: 3198  ev=0.609  ent=0.655  grad=1.15/0.50  h=0.3 c=1.8  kl=0.0568  vl=0.1518
Step: 2543616 SPS: 3198  ev=0.628  ent=0.673  grad=0.53/0.50  h=0.2 c=1.2  kl=0.0606  vl=0.1310
Step: 2547712 SPS: 3198  ev=0.626  ent=0.689  grad=0.96/0.50  h=0.3 c=1.6  kl=0.0606  vl=0.2228
Step: 2551808 SPS: 3197  ev=0.642  ent=0.600  grad=1.97/0.50  h=0.2 c=1.4  kl=0.0578  vl=0.1853
Step: 2555904 SPS: 3197  ev=0.574  ent=0.680  grad=1.15/0.50  h=0.3 c=1.7  kl=0.0845  vl=0.2129
Step: 2560000 SPS: 3197  ev=0.615  ent=0.651  grad=0.59/0.50  h=0.3 c=1.2  kl=0.1045  vl=0.1728
Step: 2564096 SPS: 3197  ev=0.653  ent=0.670  grad=0.58/0.50  h=0.3 c=1.6  kl=0.0800  vl=0.1588
Step: 2568192 SPS: 3197  ev=0.681  ent=0.712  grad=0.58/0.50  h=0.2 c=1.5  kl=0.0804  vl=0.1469
Step: 2572288 SPS: 3197  ev=0.641  ent=0.713  grad=1.22/0.50  h=0.2 c=1.6  kl=0.0600  vl=0.1788
Step: 2576384 SPS: 3197  ev=0.625  ent=0.667  grad=2.24/0.50  h=0.3 c=2.0  kl=0.0594  vl=0.1817
Step: 2580480 SPS: 3197  ev=0.651  ent=0.643  grad=0.51/0.50  h=0.3 c=2.0  kl=0.0692  vl=0.1454
Step: 2584576 SPS: 3197  ev=0.623  ent=0.676  grad=1.44/0.50  h=0.3 c=2.0  kl=0.0709  vl=0.1759
Step: 2588672 SPS: 3197  ev=0.630  ent=0.664  grad=1.78/0.50  h=0.3 c=2.4  kl=0.0635  vl=0.1508
Step: 2592768 SPS: 3196  ev=0.623  ent=0.686  grad=0.49/0.49  h=0.3 c=2.7  kl=0.0792  vl=0.1754
Step: 2596864 SPS: 3196  ev=0.634  ent=0.650  grad=0.74/0.50  h=0.3 c=2.9  kl=0.0928  vl=0.1561
Step: 2600960 SPS: 3196  ev=0.572  ent=0.687  grad=0.45/0.45  h=0.3 c=2.2  kl=0.0526  vl=0.2241
Step: 2605056 SPS: 3196  ev=0.595  ent=0.722  grad=0.50/0.50  h=0.4 c=2.5  kl=0.1862  vl=0.1585
Step: 2609152 SPS: 3195  ev=0.644  ent=0.660  grad=1.47/0.50  h=0.4 c=3.4  kl=0.1128  vl=0.2051
Step: 2613248 SPS: 3195  ev=0.602  ent=0.651  grad=1.68/0.50  h=0.3 c=2.6  kl=0.0644  vl=0.1791
Step: 2617344 SPS: 3195  ev=0.584  ent=0.669  grad=0.58/0.50  h=0.4 c=3.3  kl=0.0772  vl=0.1834
  vs Heur:   47W/52L/1D | score=17.6±31.9 inv=1.8 played=10.9 lanes=2.7 ddraw=3.2 pts=18
  vs Random: 100W/3L/0D | score=11.4±27.1 inv=1.6 played=11.1 lanes=2.8 ddraw=0.8 pts=11
  Self-play: 45W/59L/2D | score=3.8±25.3 inv=1.4 played=9.8 lanes=2.7 ddraw=2.2 pts=4
Step: 2621440 SPS: 3195  ev=0.668  ent=0.701  grad=1.15/0.50  h=0.3 c=3.8  kl=0.0581  vl=0.1066
Step: 2625536 SPS: 3195  ev=0.594  ent=0.678  grad=1.17/0.50  h=0.4 c=4.2  kl=0.0810  vl=0.1466
Step: 2629632 SPS: 3194  ev=0.635  ent=0.698  grad=0.77/0.50  h=0.3 c=3.4  kl=0.0824  vl=0.1513
Step: 2633728 SPS: 3194  ev=0.634  ent=0.710  grad=0.53/0.50  h=0.4 c=2.7  kl=0.0621  vl=0.1384
Step: 2637824 SPS: 3194  ev=0.622  ent=0.670  grad=0.60/0.50  h=0.4 c=2.8  kl=0.1276  vl=0.1503
Step: 2641920 SPS: 3195  ev=0.608  ent=0.709  grad=0.90/0.50  h=0.4 c=3.3  kl=0.0604  vl=0.0979
Step: 2646016 SPS: 3195  ev=0.629  ent=0.672  grad=0.52/0.50  h=0.4 c=3.3  kl=0.0819  vl=0.1535
Step: 2650112 SPS: 3196  ev=0.632  ent=0.696  grad=0.93/0.50  h=0.4 c=4.4  kl=0.0792  vl=0.1722
Step: 2654208 SPS: 3196  ev=0.646  ent=0.709  grad=0.75/0.50  h=0.4 c=3.9  kl=0.0836  vl=0.2088
Step: 2658304 SPS: 3195  ev=0.643  ent=0.679  grad=0.96/0.50  h=0.4 c=3.6  kl=0.0435  vl=0.1591
Step: 2662400 SPS: 3195  ev=0.665  ent=0.707  grad=1.32/0.50  h=0.3 c=3.1  kl=0.0865  vl=0.1721
Step: 2666496 SPS: 3195  ev=0.557  ent=0.657  grad=1.25/0.50  h=0.3 c=3.2  kl=0.0785  vl=0.1671
Step: 2670592 SPS: 3195  ev=0.569  ent=0.684  grad=1.88/0.50  h=0.3 c=2.9  kl=0.0674  vl=0.1775
Step: 2674688 SPS: 3194  ev=0.588  ent=0.683  grad=1.13/0.50  h=0.4 c=3.6  kl=0.0470  vl=0.1322
Step: 2678784 SPS: 3194  ev=0.629  ent=0.704  grad=0.50/0.50  h=0.4 c=3.2  kl=0.0594  vl=0.1317
Step: 2682880 SPS: 3194  ev=0.625  ent=0.706  grad=0.71/0.50  h=0.3 c=2.5  kl=0.0832  vl=0.1694
Step: 2686976 SPS: 3194  ev=0.622  ent=0.705  grad=0.93/0.50  h=0.3 c=2.9  kl=0.0666  vl=0.1617
Step: 2691072 SPS: 3194  ev=0.604  ent=0.693  grad=0.82/0.50  h=0.3 c=3.6  kl=0.1605  vl=0.1550
Step: 2695168 SPS: 3194  ev=0.571  ent=0.706  grad=2.11/0.50  h=0.3 c=3.8  kl=0.0769  vl=0.1796
Step: 2699264 SPS: 3194  ev=0.601  ent=0.695  grad=1.45/0.50  h=0.4 c=3.5  kl=0.0704  vl=0.1883
  vs Heur:   51W/50L/1D | score=17.7±29.9 inv=2.0 played=11.1 lanes=2.7 ddraw=3.1 pts=18
  vs Random: 104W/0L/0D | score=17.5±24.3 inv=1.5 played=10.6 lanes=2.7 ddraw=0.8 pts=17
  Self-play: 39W/60L/2D | score=7.5±25.5 inv=1.2 played=9.1 lanes=2.5 ddraw=2.3 pts=7
Step: 2703360 SPS: 3194  ev=0.635  ent=0.671  grad=1.67/0.50  h=0.3 c=4.5  kl=0.0717  vl=0.1700
Step: 2707456 SPS: 3193  ev=0.614  ent=0.700  grad=0.50/0.50  h=0.3 c=4.4  kl=0.0507  vl=0.1715
Step: 2711552 SPS: 3194  ev=0.644  ent=0.678  grad=0.86/0.50  h=0.3 c=4.0  kl=0.0775  vl=0.1537
Step: 2715648 SPS: 3194  ev=0.621  ent=0.699  grad=0.78/0.50  h=0.4 c=3.3  kl=0.0875  vl=0.1840
Step: 2719744 SPS: 3194  ev=0.607  ent=0.676  grad=1.00/0.50  h=0.4 c=3.8  kl=0.0746  vl=0.1915
Step: 2723840 SPS: 3194  ev=0.550  ent=0.701  grad=0.50/0.50  h=0.4 c=3.0  kl=0.0570  vl=0.1518
Step: 2727936 SPS: 3194  ev=0.532  ent=0.672  grad=1.33/0.50  h=0.4 c=3.4  kl=0.0631  vl=0.2196
Step: 2732032 SPS: 3194  ev=0.605  ent=0.673  grad=1.14/0.50  h=0.4 c=3.6  kl=0.0688  vl=0.1585
Step: 2736128 SPS: 3194  ev=0.605  ent=0.671  grad=0.46/0.46  h=0.4 c=4.1  kl=0.1092  vl=0.1859
Step: 2740224 SPS: 3193  ev=0.588  ent=0.719  grad=0.84/0.50  h=0.3 c=3.0  kl=0.0420  vl=0.1036
Step: 2744320 SPS: 3193  ev=0.605  ent=0.675  grad=0.55/0.50  h=0.4 c=3.2  kl=0.0580  vl=0.1661
Step: 2748416 SPS: 3193  ev=0.636  ent=0.724  grad=1.17/0.50  h=0.3 c=3.4  kl=0.0914  vl=0.1344
Step: 2752512 SPS: 3192  ev=0.578  ent=0.712  grad=0.99/0.50  h=0.4 c=3.9  kl=0.0824  vl=0.1709
Step: 2756608 SPS: 3192  ev=0.631  ent=0.659  grad=0.59/0.50  h=0.3 c=2.8  kl=0.0672  vl=0.1624
Step: 2760704 SPS: 3192  ev=0.552  ent=0.758  grad=0.51/0.50  h=0.3 c=3.1  kl=0.0560  vl=0.1657
Step: 2764800 SPS: 3192  ev=0.606  ent=0.640  grad=0.77/0.50  h=0.4 c=2.7  kl=0.1955  vl=0.1297
Step: 2768896 SPS: 3192  ev=0.610  ent=0.693  grad=0.50/0.50  h=0.2 c=2.2  kl=0.0531  vl=0.1634
Step: 2772992 SPS: 3192  ev=0.611  ent=0.681  grad=0.46/0.46  h=0.3 c=2.7  kl=0.0721  vl=0.1757
Step: 2777088 SPS: 3192  ev=0.649  ent=0.697  grad=0.76/0.50  h=0.3 c=2.7  kl=0.0715  vl=0.1929
Step: 2781184 SPS: 3192  ev=0.608  ent=0.710  grad=2.07/0.50  h=0.3 c=2.8  kl=0.0766  vl=0.2163
  vs Heur:   36W/64L/0D | score=11.9±28.7 inv=1.8 played=10.4 lanes=2.7 ddraw=3.2 pts=12
  vs Random: 109W/1L/0D | score=18.1±27.1 inv=1.5 played=10.5 lanes=2.7 ddraw=0.8 pts=18
  Self-play: 46W/54L/1D | score=7.6±24.3 inv=1.4 played=9.4 lanes=2.5 ddraw=2.1 pts=8
Step: 2785280 SPS: 3191  ev=0.624  ent=0.721  grad=0.80/0.50  h=0.3 c=2.6  kl=0.0618  vl=0.1248
Step: 2789376 SPS: 3192  ev=0.645  ent=0.762  grad=1.43/0.50  h=0.4 c=2.4  kl=0.0581  vl=0.1696
Step: 2793472 SPS: 3192  ev=0.669  ent=0.712  grad=0.43/0.43  h=0.3 c=2.3  kl=0.0853  vl=0.1760
Step: 2797568 SPS: 3192  ev=0.643  ent=0.669  grad=1.75/0.50  h=0.3 c=2.7  kl=0.0755  vl=0.2290
Step: 2801664 SPS: 3192  ev=0.669  ent=0.678  grad=1.82/0.50  h=0.4 c=2.5  kl=0.0795  vl=0.2136
Step: 2805760 SPS: 3192  ev=0.609  ent=0.675  grad=0.60/0.50  h=0.4 c=3.3  kl=0.0616  vl=0.1426
Step: 2809856 SPS: 3192  ev=0.654  ent=0.706  grad=1.31/0.50  h=0.4 c=2.4  kl=0.0649  vl=0.1478
Step: 2813952 SPS: 3192  ev=0.653  ent=0.703  grad=0.62/0.50  h=0.3 c=2.3  kl=0.1096  vl=0.1847
Step: 2818048 SPS: 3191  ev=0.533  ent=0.753  grad=0.75/0.50  h=0.3 c=2.1  kl=0.0926  vl=0.1837
Step: 2822144 SPS: 3191  ev=0.653  ent=0.682  grad=0.67/0.50  h=0.3 c=1.8  kl=0.0651  vl=0.2139
Step: 2826240 SPS: 3191  ev=0.624  ent=0.635  grad=1.79/0.50  h=0.3 c=2.1  kl=0.0927  vl=0.1979
Step: 2830336 SPS: 3191  ev=0.628  ent=0.697  grad=2.12/0.50  h=0.3 c=2.3  kl=0.0653  vl=0.1339
Step: 2834432 SPS: 3191  ev=0.618  ent=0.735  grad=1.12/0.50  h=0.3 c=1.6  kl=0.0488  vl=0.1411
Step: 2838528 SPS: 3191  ev=0.633  ent=0.747  grad=1.14/0.50  h=0.2 c=1.3  kl=0.0474  vl=0.1370
Step: 2842624 SPS: 3191  ev=0.636  ent=0.696  grad=0.58/0.50  h=0.2 c=1.2  kl=0.0553  vl=0.2216
Step: 2846720 SPS: 3191  ev=0.633  ent=0.667  grad=1.04/0.50  h=0.3 c=1.1  kl=0.0738  vl=0.1909
Step: 2850816 SPS: 3191  ev=0.621  ent=0.718  grad=0.79/0.50  h=0.2 c=1.1  kl=0.0750  vl=0.1533
Step: 2854912 SPS: 3191  ev=0.601  ent=0.713  grad=0.46/0.46  h=0.2 c=0.9  kl=0.0320  vl=0.1594
Step: 2859008 SPS: 3191  ev=0.658  ent=0.729  grad=0.47/0.47  h=0.2 c=1.0  kl=0.0503  vl=0.1634
Step: 2863104 SPS: 3191  ev=0.654  ent=0.713  grad=0.63/0.50  h=0.2 c=0.8  kl=0.0423  vl=0.1333
  vs Heur:   40W/62L/1D | score=11.1±27.5 inv=1.8 played=10.5 lanes=2.7 ddraw=3.0 pts=11
  vs Random: 102W/0L/0D | score=16.3±25.1 inv=1.5 played=10.8 lanes=2.7 ddraw=0.9 pts=16
  Self-play: 47W/53L/3D | score=8.1±18.5 inv=1.4 played=10.0 lanes=2.7 ddraw=1.8 pts=8
Step: 2867200 SPS: 3191  ev=0.607  ent=0.723  grad=2.60/0.50  h=0.2 c=1.1  kl=0.0731  vl=0.1892
Step: 2871296 SPS: 3191  ev=0.654  ent=0.704  grad=1.57/0.50  h=0.3 c=0.9  kl=0.0710  vl=0.1828
Step: 2875392 SPS: 3190  ev=0.639  ent=0.717  grad=1.03/0.50  h=0.2 c=1.4  kl=0.0662  vl=0.1376
Step: 2879488 SPS: 3190  ev=0.617  ent=0.704  grad=0.72/0.50  h=0.2 c=1.3  kl=0.0472  vl=0.1662
Step: 2883584 SPS: 3190  ev=0.653  ent=0.697  grad=1.19/0.50  h=0.1 c=0.9  kl=0.0703  vl=0.1715
Step: 2887680 SPS: 3190  ev=0.685  ent=0.661  grad=0.38/0.38  h=0.2 c=0.9  kl=0.0694  vl=0.1116
Step: 2891776 SPS: 3190  ev=0.623  ent=0.687  grad=0.60/0.50  h=0.2 c=1.3  kl=0.0692  vl=0.1472
Step: 2895872 SPS: 3190  ev=0.600  ent=0.689  grad=1.30/0.50  h=0.2 c=1.5  kl=0.0586  vl=0.2113
Step: 2899968 SPS: 3190  ev=0.619  ent=0.619  grad=2.07/0.50  h=0.2 c=1.4  kl=0.0486  vl=0.2137
Step: 2904064 SPS: 3190  ev=0.597  ent=0.679  grad=0.74/0.50  h=0.2 c=1.4  kl=0.0705  vl=0.1713
Step: 2908160 SPS: 3191  ev=0.632  ent=0.725  grad=1.42/0.50  h=0.3 c=1.2  kl=0.0796  vl=0.1723
Step: 2912256 SPS: 3190  ev=0.626  ent=0.713  grad=0.48/0.48  h=0.2 c=1.3  kl=0.0793  vl=0.2065
Step: 2916352 SPS: 3190  ev=0.642  ent=0.658  grad=0.88/0.50  h=0.2 c=1.4  kl=0.0376  vl=0.1060
Step: 2920448 SPS: 3190  ev=0.647  ent=0.655  grad=0.61/0.50  h=0.2 c=1.3  kl=0.0637  vl=0.1632
Step: 2924544 SPS: 3190  ev=0.627  ent=0.684  grad=1.27/0.50  h=0.1 c=1.0  kl=0.0432  vl=0.1879
Step: 2928640 SPS: 3190  ev=0.652  ent=0.646  grad=0.64/0.50  h=0.2 c=1.0  kl=0.0613  vl=0.1557
Step: 2932736 SPS: 3190  ev=0.612  ent=0.667  grad=0.61/0.50  h=0.1 c=1.0  kl=0.0609  vl=0.1821
Step: 2936832 SPS: 3190  ev=0.648  ent=0.637  grad=2.10/0.50  h=0.2 c=1.4  kl=0.0419  vl=0.1631
Step: 2940928 SPS: 3190  ev=0.648  ent=0.654  grad=0.65/0.50  h=0.3 c=1.3  kl=0.0754  vl=0.1760
Step: 2945024 SPS: 3190  ev=0.666  ent=0.664  grad=0.75/0.50  h=0.3 c=1.4  kl=0.0473  vl=0.1376
  vs Heur:   41W/60L/1D | score=14.1±27.7 inv=1.7 played=11.0 lanes=2.8 ddraw=2.5 pts=14
  vs Random: 103W/1L/1D | score=11.5±24.8 inv=1.6 played=10.9 lanes=2.8 ddraw=0.8 pts=12
  Self-play: 47W/48L/6D | score=5.3±22.2 inv=1.5 played=10.1 lanes=2.8 ddraw=1.5 pts=5
Step: 2949120 SPS: 3191  ev=0.663  ent=0.648  grad=1.39/0.50  h=0.3 c=1.5  kl=0.0975  vl=0.1742
Step: 2953216 SPS: 3191  ev=0.641  ent=0.670  grad=0.80/0.50  h=0.3 c=1.6  kl=0.0442  vl=0.1487
Step: 2957312 SPS: 3191  ev=0.617  ent=0.686  grad=1.51/0.50  h=0.3 c=1.9  kl=0.0601  vl=0.1868
Step: 2961408 SPS: 3191  ev=0.643  ent=0.673  grad=0.65/0.50  h=0.3 c=1.5  kl=0.0599  vl=0.1347
Step: 2965504 SPS: 3191  ev=0.698  ent=0.671  grad=1.23/0.50  h=0.2 c=1.4  kl=0.0637  vl=0.1445
Step: 2969600 SPS: 3192  ev=0.614  ent=0.705  grad=1.85/0.50  h=0.3 c=1.4  kl=0.0554  vl=0.1647
Step: 2973696 SPS: 3191  ev=0.641  ent=0.678  grad=0.63/0.50  h=0.2 c=1.3  kl=0.0554  vl=0.2212
Step: 2977792 SPS: 3191  ev=0.662  ent=0.659  grad=1.07/0.50  h=0.2 c=1.3  kl=0.0507  vl=0.1852
Step: 2981888 SPS: 3191  ev=0.589  ent=0.722  grad=0.66/0.50  h=0.2 c=1.6  kl=0.0715  vl=0.1874
Step: 2985984 SPS: 3191  ev=0.607  ent=0.695  grad=1.78/0.50  h=0.2 c=1.7  kl=0.0573  vl=0.1587
Step: 2990080 SPS: 3191  ev=0.624  ent=0.683  grad=0.71/0.50  h=0.2 c=1.3  kl=0.0425  vl=0.1312
Step: 2994176 SPS: 3191  ev=0.669  ent=0.665  grad=0.50/0.50  h=0.2 c=1.4  kl=0.0577  vl=0.1475
Step: 2998272 SPS: 3191  ev=0.686  ent=0.684  grad=1.51/0.50  h=0.3 c=1.2  kl=0.0680  vl=0.1788
Step: 3002368 SPS: 3191  ev=0.627  ent=0.661  grad=0.57/0.50  h=0.3 c=1.0  kl=0.0597  vl=0.1710
Step: 3006464 SPS: 3191  ev=0.672  ent=0.748  grad=0.96/0.50  h=0.3 c=1.1  kl=0.1018  vl=0.1345
Step: 3010560 SPS: 3191  ev=0.676  ent=0.670  grad=0.56/0.50  h=0.3 c=1.4  kl=0.0584  vl=0.1771
Step: 3014656 SPS: 3191  ev=0.686  ent=0.743  grad=0.92/0.50  h=0.3 c=1.5  kl=0.0713  vl=0.1486
Step: 3018752 SPS: 3191  ev=0.631  ent=0.686  grad=0.45/0.45  h=0.4 c=1.4  kl=0.0690  vl=0.1518
Step: 3022848 SPS: 3192  ev=0.661  ent=0.675  grad=1.22/0.50  h=0.3 c=1.3  kl=0.0687  vl=0.1850
Step: 3026944 SPS: 3192  ev=0.639  ent=0.646  grad=0.69/0.50  h=0.3 c=1.5  kl=0.0525  vl=0.1314
  vs Heur:   52W/51L/0D | score=19.7±29.1 inv=1.7 played=11.2 lanes=2.8 ddraw=2.6 pts=20
  vs Random: 105W/1L/0D | score=17.3±22.7 inv=1.5 played=11.3 lanes=2.9 ddraw=0.6 pts=17
  Self-play: 41W/62L/1D | score=2.3±22.3 inv=1.2 played=9.2 lanes=2.6 ddraw=1.6 pts=2
Step: 3031040 SPS: 3192  ev=0.599  ent=0.659  grad=1.00/0.50  h=0.2 c=1.4  kl=0.0452  vl=0.1967
Step: 3035136 SPS: 3192  ev=0.672  ent=0.661  grad=1.91/0.50  h=0.3 c=1.5  kl=0.0664  vl=0.1393
Step: 3039232 SPS: 3192  ev=0.698  ent=0.660  grad=1.98/0.50  h=0.2 c=1.4  kl=0.0391  vl=0.2076
Step: 3043328 SPS: 3191  ev=0.665  ent=0.645  grad=0.66/0.50  h=0.3 c=1.2  kl=0.0633  vl=0.2057
Step: 3047424 SPS: 3191  ev=0.626  ent=0.656  grad=0.62/0.50  h=0.3 c=1.2  kl=0.0573  vl=0.1783
Step: 3051520 SPS: 3192  ev=0.664  ent=0.645  grad=0.59/0.50  h=0.2 c=1.2  kl=0.0714  vl=0.2170
Step: 3055616 SPS: 3192  ev=0.628  ent=0.687  grad=0.70/0.50  h=0.3 c=1.1  kl=0.0933  vl=0.1805
Step: 3059712 SPS: 3192  ev=0.595  ent=0.653  grad=1.35/0.50  h=0.4 c=1.7  kl=0.0348  vl=0.1915
Step: 3063808 SPS: 3191  ev=0.656  ent=0.636  grad=0.95/0.50  h=0.3 c=1.5  kl=0.0506  vl=0.1747
Step: 3067904 SPS: 3191  ev=0.553  ent=0.676  grad=0.97/0.50  h=0.3 c=1.4  kl=0.0569  vl=0.1628
Step: 3072000 SPS: 3191  ev=0.584  ent=0.655  grad=0.59/0.50  h=0.2 c=1.3  kl=0.0693  vl=0.1632
Step: 3076096 SPS: 3191  ev=0.558  ent=0.673  grad=1.53/0.50  h=0.2 c=1.1  kl=0.0605  vl=0.2051
Step: 3080192 SPS: 3191  ev=0.592  ent=0.628  grad=1.18/0.50  h=0.3 c=1.1  kl=0.0479  vl=0.1679
Step: 3084288 SPS: 3191  ev=0.599  ent=0.665  grad=0.62/0.50  h=0.3 c=0.9  kl=0.0814  vl=0.1380
Step: 3088384 SPS: 3191  ev=0.593  ent=0.651  grad=2.42/0.50  h=0.3 c=1.2  kl=0.0666  vl=0.2215
Step: 3092480 SPS: 3191  ev=0.611  ent=0.644  grad=0.87/0.50  h=0.3 c=1.2  kl=0.0428  vl=0.1300
Step: 3096576 SPS: 3191  ev=0.569  ent=0.633  grad=0.96/0.50  h=0.3 c=1.7  kl=0.0692  vl=0.1616
Step: 3100672 SPS: 3191  ev=0.596  ent=0.615  grad=0.78/0.50  h=0.3 c=1.2  kl=0.1027  vl=0.1995
Step: 3104768 SPS: 3191  ev=0.635  ent=0.648  grad=0.73/0.50  h=0.3 c=1.0  kl=0.0609  vl=0.1242
Step: 3108864 SPS: 3191  ev=0.591  ent=0.615  grad=0.54/0.50  h=0.3 c=1.5  kl=0.0483  vl=0.1531
  vs Heur:   56W/50L/1D | score=19.9±29.8 inv=1.7 played=11.3 lanes=2.8 ddraw=2.3 pts=20
  vs Random: 101W/0L/0D | score=16.6±26.5 inv=1.5 played=11.0 lanes=2.8 ddraw=0.6 pts=17
  Self-play: 55W/44L/1D | score=8.2±22.4 inv=1.2 played=10.1 lanes=2.7 ddraw=1.2 pts=8
Step: 3112960 SPS: 3191  ev=0.652  ent=0.607  grad=0.52/0.50  h=0.3 c=1.6  kl=0.0634  vl=0.1606
Step: 3117056 SPS: 3192  ev=0.615  ent=0.622  grad=0.81/0.50  h=0.4 c=2.2  kl=0.0707  vl=0.1148
Step: 3121152 SPS: 3192  ev=0.650  ent=0.589  grad=0.79/0.50  h=0.4 c=1.9  kl=0.0505  vl=0.1089
Step: 3125248 SPS: 3192  ev=0.559  ent=0.638  grad=1.41/0.50  h=0.4 c=2.0  kl=0.1072  vl=0.1852
Step: 3129344 SPS: 3191  ev=0.592  ent=0.618  grad=0.71/0.50  h=0.5 c=2.0  kl=0.0583  vl=0.1408
Step: 3133440 SPS: 3191  ev=0.588  ent=0.609  grad=1.18/0.50  h=0.5 c=2.1  kl=0.0596  vl=0.1555
Step: 3137536 SPS: 3191  ev=0.606  ent=0.644  grad=0.38/0.38  h=0.5 c=2.4  kl=0.0658  vl=0.1412
Step: 3141632 SPS: 3191  ev=0.625  ent=0.624  grad=1.31/0.50  h=0.4 c=3.1  kl=0.0463  vl=0.1749
Step: 3145728 SPS: 3191  ev=0.582  ent=0.620  grad=1.61/0.50  h=0.5 c=2.6  kl=0.1419  vl=0.1701
Step: 3149824 SPS: 3191  ev=0.596  ent=0.627  grad=1.73/0.50  h=0.5 c=2.6  kl=0.0869  vl=0.2023
Step: 3153920 SPS: 3191  ev=0.657  ent=0.592  grad=2.09/0.50  h=0.5 c=3.2  kl=0.0913  vl=0.1632
Step: 3158016 SPS: 3191  ev=0.664  ent=0.634  grad=0.68/0.50  h=0.5 c=3.3  kl=0.0484  vl=0.1494
Step: 3162112 SPS: 3191  ev=0.609  ent=0.619  grad=1.21/0.50  h=0.5 c=2.8  kl=0.0796  vl=0.1574
Step: 3166208 SPS: 3191  ev=0.645  ent=0.605  grad=1.28/0.50  h=0.5 c=3.6  kl=0.1277  vl=0.1462
Step: 3170304 SPS: 3192  ev=0.635  ent=0.584  grad=1.14/0.50  h=0.5 c=2.1  kl=0.0847  vl=0.1856
Step: 3174400 SPS: 3192  ev=0.675  ent=0.594  grad=0.69/0.50  h=0.4 c=2.2  kl=0.0972  vl=0.1388
Step: 3178496 SPS: 3192  ev=0.642  ent=0.595  grad=0.72/0.50  h=0.4 c=2.3  kl=0.0856  vl=0.1325
Step: 3182592 SPS: 3192  ev=0.652  ent=0.645  grad=1.71/0.50  h=0.5 c=2.0  kl=0.0776  vl=0.1773
Step: 3186688 SPS: 3192  ev=0.580  ent=0.601  grad=0.74/0.50  h=0.5 c=2.5  kl=0.0809  vl=0.1582
Step: 3190784 SPS: 3192  ev=0.605  ent=0.639  grad=2.26/0.50  h=0.5 c=3.0  kl=0.0958  vl=0.1835
  vs Heur:   50W/51L/0D | score=20.0±29.7 inv=1.8 played=11.3 lanes=2.7 ddraw=2.6 pts=20
  vs Random: 100W/0L/0D | score=19.9±22.4 inv=1.6 played=11.5 lanes=2.9 ddraw=0.8 pts=20
  Self-play: 41W/58L/1D | score=7.8±23.1 inv=1.4 played=10.4 lanes=2.8 ddraw=1.6 pts=8
Step: 3194880 SPS: 3192  ev=0.591  ent=0.579  grad=1.44/0.50  h=0.4 c=2.2  kl=0.0425  vl=0.1711
Step: 3198976 SPS: 3192  ev=0.616  ent=0.583  grad=0.76/0.50  h=0.4 c=2.0  kl=0.1175  vl=0.1413
Step: 3203072 SPS: 3192  ev=0.614  ent=0.597  grad=0.70/0.50  h=0.4 c=2.6  kl=0.0919  vl=0.1588
Step: 3207168 SPS: 3192  ev=0.611  ent=0.563  grad=1.13/0.50  h=0.4 c=1.9  kl=0.0996  vl=0.1430
Step: 3211264 SPS: 3191  ev=0.583  ent=0.556  grad=1.75/0.50  h=0.4 c=2.4  kl=0.0715  vl=0.1802
Step: 3215360 SPS: 3191  ev=0.627  ent=0.614  grad=0.42/0.42  h=0.4 c=1.8  kl=0.0592  vl=0.1657
Step: 3219456 SPS: 3191  ev=0.636  ent=0.591  grad=0.62/0.50  h=0.4 c=3.0  kl=0.0680  vl=0.1871
Step: 3223552 SPS: 3191  ev=0.549  ent=0.587  grad=1.82/0.50  h=0.4 c=2.1  kl=0.0398  vl=0.1456
Step: 3227648 SPS: 3191  ev=0.599  ent=0.595  grad=0.50/0.50  h=0.4 c=2.5  kl=0.0529  vl=0.1575
Step: 3231744 SPS: 3191  ev=0.637  ent=0.598  grad=1.86/0.50  h=0.5 c=2.6  kl=0.0730  vl=0.2172
Step: 3235840 SPS: 3191  ev=0.643  ent=0.629  grad=0.76/0.50  h=0.5 c=2.3  kl=0.0761  vl=0.1767
Step: 3239936 SPS: 3191  ev=0.565  ent=0.642  grad=0.66/0.50  h=0.5 c=2.6  kl=0.0809  vl=0.1695
Step: 3244032 SPS: 3191  ev=0.607  ent=0.602  grad=0.89/0.50  h=0.4 c=2.4  kl=0.0733  vl=0.2182
Step: 3248128 SPS: 3191  ev=0.623  ent=0.601  grad=0.44/0.44  h=0.5 c=2.5  kl=0.0731  vl=0.1818
Step: 3252224 SPS: 3191  ev=0.589  ent=0.605  grad=0.70/0.50  h=0.4 c=2.3  kl=0.0714  vl=0.1753
Step: 3256320 SPS: 3191  ev=0.636  ent=0.592  grad=0.77/0.50  h=0.5 c=2.6  kl=0.0694  vl=0.2156
Step: 3260416 SPS: 3191  ev=0.635  ent=0.620  grad=1.32/0.50  h=0.5 c=2.1  kl=0.0820  vl=0.1596
Step: 3264512 SPS: 3191  ev=0.609  ent=0.647  grad=1.10/0.50  h=0.5 c=2.6  kl=0.0921  vl=0.1583
Step: 3268608 SPS: 3191  ev=0.637  ent=0.638  grad=0.79/0.50  h=0.5 c=2.6  kl=0.0603  vl=0.1401
Step: 3272704 SPS: 3191  ev=0.588  ent=0.617  grad=0.55/0.50  h=0.5 c=2.7  kl=0.1243  vl=0.1731
  vs Heur:   42W/59L/1D | score=11.0±28.5 inv=1.7 played=10.0 lanes=2.7 ddraw=1.9 pts=11
  vs Random: 103W/0L/0D | score=14.0±23.7 inv=1.4 played=10.5 lanes=2.8 ddraw=0.6 pts=14
  Self-play: 55W/48L/1D | score=10.3±24.1 inv=1.4 played=10.2 lanes=2.7 ddraw=1.2 pts=10
Step: 3276800 SPS: 3192  ev=0.695  ent=0.581  grad=0.48/0.48  h=0.5 c=2.4  kl=0.1000  vl=0.1590
Step: 3280896 SPS: 3192  ev=0.647  ent=0.604  grad=2.70/0.50  h=0.4 c=1.9  kl=0.0727  vl=0.2244
Step: 3284992 SPS: 3191  ev=0.622  ent=0.589  grad=2.06/0.50  h=0.4 c=1.7  kl=0.2099  vl=0.1590
Step: 3289088 SPS: 3191  ev=0.647  ent=0.610  grad=0.64/0.50  h=0.5 c=2.1  kl=0.0463  vl=0.1396
Step: 3293184 SPS: 3192  ev=0.602  ent=0.612  grad=0.75/0.50  h=0.4 c=2.1  kl=0.0949  vl=0.1206
Step: 3297280 SPS: 3191  ev=0.651  ent=0.587  grad=0.69/0.50  h=0.4 c=1.9  kl=0.0949  vl=0.1291
Step: 3301376 SPS: 3191  ev=0.653  ent=0.620  grad=0.52/0.50  h=0.5 c=2.2  kl=0.0782  vl=0.1711
Step: 3305472 SPS: 3191  ev=0.635  ent=0.592  grad=1.62/0.50  h=0.4 c=2.5  kl=0.0731  vl=0.1479
Step: 3309568 SPS: 3191  ev=0.677  ent=0.576  grad=3.61/0.50  h=0.4 c=1.6  kl=0.0766  vl=0.2139
Step: 3313664 SPS: 3191  ev=0.643  ent=0.602  grad=1.18/0.50  h=0.5 c=2.0  kl=0.0747  vl=0.1567
Step: 3317760 SPS: 3191  ev=0.646  ent=0.577  grad=0.96/0.50  h=0.5 c=2.0  kl=0.0710  vl=0.1460
Step: 3321856 SPS: 3191  ev=0.638  ent=0.566  grad=0.81/0.50  h=0.4 c=2.2  kl=0.0563  vl=0.1596
Step: 3325952 SPS: 3191  ev=0.648  ent=0.633  grad=0.56/0.50  h=0.5 c=2.4  kl=0.0877  vl=0.1679
Step: 3330048 SPS: 3191  ev=0.596  ent=0.627  grad=0.80/0.50  h=0.4 c=2.0  kl=0.1169  vl=0.1528
Step: 3334144 SPS: 3191  ev=0.608  ent=0.623  grad=0.87/0.50  h=0.4 c=2.1  kl=0.0940  vl=0.1663
Step: 3338240 SPS: 3190  ev=0.671  ent=0.577  grad=1.09/0.50  h=0.4 c=2.2  kl=0.0514  vl=0.1646
Step: 3342336 SPS: 3190  ev=0.574  ent=0.620  grad=0.97/0.50  h=0.5 c=2.3  kl=0.0882  vl=0.1048
Step: 3346432 SPS: 3190  ev=0.641  ent=0.557  grad=0.60/0.50  h=0.5 c=1.9  kl=0.1052  vl=0.1284
Step: 3350528 SPS: 3190  ev=0.633  ent=0.557  grad=1.08/0.50  h=0.4 c=2.0  kl=0.0945  vl=0.2125
Step: 3354624 SPS: 3190  ev=0.650  ent=0.641  grad=1.04/0.50  h=0.4 c=1.8  kl=0.0481  vl=0.1565
  vs Heur:   41W/60L/0D | score=10.7±25.7 inv=1.8 played=10.5 lanes=2.7 ddraw=1.9 pts=11
  vs Random: 104W/1L/0D | score=14.3±26.9 inv=1.7 played=10.9 lanes=2.8 ddraw=0.6 pts=14
  Self-play: 48W/58L/0D | score=9.2±27.0 inv=1.7 played=10.8 lanes=2.8 ddraw=0.9 pts=9
Step: 3358720 SPS: 3190  ev=0.648  ent=0.584  grad=1.06/0.50  h=0.4 c=2.2  kl=0.0891  vl=0.1417
Step: 3362816 SPS: 3190  ev=0.672  ent=0.582  grad=0.52/0.50  h=0.4 c=2.0  kl=0.0422  vl=0.1934
Step: 3366912 SPS: 3190  ev=0.689  ent=0.615  grad=1.46/0.50  h=0.4 c=2.0  kl=0.0456  vl=0.1663
Step: 3371008 SPS: 3190  ev=0.673  ent=0.580  grad=0.72/0.50  h=0.4 c=2.3  kl=0.0702  vl=0.2078
Step: 3375104 SPS: 3190  ev=0.601  ent=0.573  grad=1.00/0.50  h=0.4 c=2.2  kl=0.0976  vl=0.1641
Step: 3379200 SPS: 3190  ev=0.694  ent=0.592  grad=1.07/0.50  h=0.5 c=2.2  kl=0.0970  vl=0.1607
Step: 3383296 SPS: 3190  ev=0.640  ent=0.620  grad=0.38/0.38  h=0.5 c=2.3  kl=0.0776  vl=0.1812
Step: 3387392 SPS: 3191  ev=0.669  ent=0.580  grad=2.22/0.50  h=0.4 c=1.6  kl=0.2061  vl=0.2325
Step: 3391488 SPS: 3190  ev=0.688  ent=0.580  grad=1.46/0.50  h=0.5 c=2.4  kl=0.1361  vl=0.1950
Step: 3395584 SPS: 3190  ev=0.646  ent=0.584  grad=0.83/0.50  h=0.4 c=2.2  kl=0.0830  vl=0.1468
Step: 3399680 SPS: 3190  ev=0.624  ent=0.594  grad=1.04/0.50  h=0.4 c=2.6  kl=0.0573  vl=0.1638
Step: 3403776 SPS: 3190  ev=0.679  ent=0.559  grad=0.71/0.50  h=0.4 c=1.6  kl=0.1023  vl=0.1726
Step: 3407872 SPS: 3190  ev=0.653  ent=0.567  grad=0.78/0.50  h=0.4 c=2.0  kl=0.0771  vl=0.1809
Step: 3411968 SPS: 3190  ev=0.621  ent=0.580  grad=0.53/0.50  h=0.4 c=2.0  kl=0.0691  vl=0.1773
Step: 3416064 SPS: 3190  ev=0.678  ent=0.588  grad=1.12/0.50  h=0.5 c=1.9  kl=0.0639  vl=0.1903
Step: 3420160 SPS: 3190  ev=0.672  ent=0.617  grad=0.52/0.50  h=0.4 c=1.7  kl=0.0641  vl=0.1772
Step: 3424256 SPS: 3190  ev=0.611  ent=0.606  grad=1.39/0.50  h=0.5 c=2.5  kl=0.0609  vl=0.2008
Step: 3428352 SPS: 3190  ev=0.621  ent=0.611  grad=1.56/0.50  h=0.5 c=2.9  kl=0.0796  vl=0.1975
Step: 3432448 SPS: 3190  ev=0.660  ent=0.602  grad=0.60/0.50  h=0.4 c=2.3  kl=0.0682  vl=0.1419
Step: 3436544 SPS: 3190  ev=0.645  ent=0.624  grad=0.63/0.50  h=0.4 c=2.1  kl=0.0881  vl=0.1397
  vs Heur:   43W/59L/2D | score=15.1±27.7 inv=1.8 played=10.7 lanes=2.7 ddraw=2.3 pts=15
  vs Random: 104W/0L/0D | score=17.6±27.4 inv=1.6 played=11.0 lanes=2.7 ddraw=0.8 pts=18
  Self-play: 51W/49L/1D | score=10.8±21.1 inv=1.4 played=9.6 lanes=2.5 ddraw=1.2 pts=11
Step: 3440640 SPS: 3189  ev=0.678  ent=0.577  grad=0.98/0.50  h=0.4 c=1.9  kl=0.0680  vl=0.1939
Step: 3444736 SPS: 3189  ev=0.676  ent=0.618  grad=1.23/0.50  h=0.4 c=2.9  kl=0.0536  vl=0.1764
Step: 3448832 SPS: 3189  ev=0.636  ent=0.644  grad=0.95/0.50  h=0.4 c=2.4  kl=0.0649  vl=0.2144
Step: 3452928 SPS: 3189  ev=0.666  ent=0.565  grad=0.62/0.50  h=0.5 c=3.3  kl=0.0515  vl=0.1578
Step: 3457024 SPS: 3189  ev=0.621  ent=0.617  grad=0.70/0.50  h=0.3 c=2.0  kl=0.0486  vl=0.1491
Step: 3461120 SPS: 3190  ev=0.645  ent=0.604  grad=0.43/0.43  h=0.3 c=1.9  kl=0.0660  vl=0.1259
Step: 3465216 SPS: 3190  ev=0.659  ent=0.634  grad=1.01/0.50  h=0.4 c=2.3  kl=0.0724  vl=0.1366
Step: 3469312 SPS: 3190  ev=0.681  ent=0.606  grad=0.74/0.50  h=0.4 c=2.2  kl=0.0610  vl=0.1251
Step: 3473408 SPS: 3189  ev=0.613  ent=0.639  grad=0.57/0.50  h=0.3 c=1.5  kl=0.0648  vl=0.2116
Step: 3477504 SPS: 3189  ev=0.621  ent=0.584  grad=0.43/0.43  h=0.3 c=1.7  kl=0.0922  vl=0.1735
Step: 3481600 SPS: 3189  ev=0.648  ent=0.641  grad=0.89/0.50  h=0.4 c=1.7  kl=0.0344  vl=0.1212
Step: 3485696 SPS: 3189  ev=0.653  ent=0.636  grad=2.96/0.50  h=0.3 c=1.6  kl=0.1419  vl=0.2132
Step: 3489792 SPS: 3189  ev=0.648  ent=0.620  grad=0.51/0.50  h=0.3 c=1.8  kl=0.0680  vl=0.1120
Step: 3493888 SPS: 3189  ev=0.627  ent=0.595  grad=0.42/0.42  h=0.3 c=1.7  kl=0.0599  vl=0.1863
Step: 3497984 SPS: 3189  ev=0.675  ent=0.664  grad=0.74/0.50  h=0.3 c=1.9  kl=0.0694  vl=0.1899
Step: 3502080 SPS: 3189  ev=0.638  ent=0.628  grad=0.68/0.50  h=0.3 c=1.3  kl=0.0477  vl=0.1614
Step: 3506176 SPS: 3189  ev=0.622  ent=0.624  grad=1.98/0.50  h=0.3 c=2.6  kl=0.0535  vl=0.1835
Step: 3510272 SPS: 3189  ev=0.652  ent=0.612  grad=1.88/0.50  h=0.3 c=2.8  kl=0.0327  vl=0.1561
Step: 3514368 SPS: 3189  ev=0.682  ent=0.637  grad=0.56/0.50  h=0.3 c=1.6  kl=0.0455  vl=0.1812
Step: 3518464 SPS: 3189  ev=0.667  ent=0.618  grad=1.07/0.50  h=0.3 c=2.1  kl=0.0566  vl=0.1543
  vs Heur:   45W/55L/0D | score=18.1±30.8 inv=1.7 played=10.1 lanes=2.6 ddraw=2.4 pts=18
  vs Random: 105W/1L/0D | score=21.1±27.4 inv=1.6 played=11.4 lanes=2.8 ddraw=0.8 pts=21
  Self-play: 57W/43L/1D | score=10.1±20.2 inv=1.3 played=10.4 lanes=2.7 ddraw=1.1 pts=10
Step: 3522560 SPS: 3189  ev=0.631  ent=0.611  grad=0.54/0.50  h=0.3 c=2.0  kl=0.0373  vl=0.1473
Step: 3526656 SPS: 3189  ev=0.616  ent=0.637  grad=1.15/0.50  h=0.3 c=1.8  kl=0.0806  vl=0.2307
Step: 3530752 SPS: 3189  ev=0.603  ent=0.615  grad=0.53/0.50  h=0.3 c=2.1  kl=0.0537  vl=0.1721
Step: 3534848 SPS: 3189  ev=0.647  ent=0.615  grad=0.65/0.50  h=0.3 c=2.0  kl=0.0535  vl=0.1683
Step: 3538944 SPS: 3189  ev=0.655  ent=0.638  grad=0.63/0.50  h=0.4 c=1.9  kl=0.0660  vl=0.2058
Step: 3543040 SPS: 3189  ev=0.665  ent=0.600  grad=1.02/0.50  h=0.4 c=2.1  kl=0.0973  vl=0.1257
Step: 3547136 SPS: 3189  ev=0.644  ent=0.610  grad=1.89/0.50  h=0.4 c=2.0  kl=0.0503  vl=0.1773
Step: 3551232 SPS: 3189  ev=0.613  ent=0.626  grad=0.91/0.50  h=0.4 c=2.0  kl=0.0430  vl=0.1464
Step: 3555328 SPS: 3188  ev=0.631  ent=0.629  grad=0.80/0.50  h=0.3 c=2.0  kl=0.0807  vl=0.1364
Step: 3559424 SPS: 3188  ev=0.557  ent=0.620  grad=0.43/0.43  h=0.3 c=2.1  kl=0.0456  vl=0.1434
Step: 3563520 SPS: 3188  ev=0.629  ent=0.622  grad=0.77/0.50  h=0.3 c=2.0  kl=0.0850  vl=0.1306
Step: 3567616 SPS: 3188  ev=0.576  ent=0.584  grad=0.49/0.49  h=0.3 c=2.2  kl=0.0513  vl=0.1469
Step: 3571712 SPS: 3188  ev=0.640  ent=0.614  grad=0.78/0.50  h=0.3 c=2.2  kl=0.0646  vl=0.1478
Step: 3575808 SPS: 3188  ev=0.567  ent=0.621  grad=0.56/0.50  h=0.3 c=2.4  kl=0.0571  vl=0.1307
Step: 3579904 SPS: 3188  ev=0.604  ent=0.627  grad=1.20/0.50  h=0.3 c=2.4  kl=0.0735  vl=0.1655
Step: 3584000 SPS: 3188  ev=0.631  ent=0.619  grad=0.51/0.50  h=0.3 c=2.8  kl=0.0907  vl=0.1535
Step: 3588096 SPS: 3188  ev=0.639  ent=0.654  grad=0.56/0.50  h=0.4 c=2.5  kl=0.0645  vl=0.1482
Step: 3592192 SPS: 3188  ev=0.707  ent=0.605  grad=0.98/0.50  h=0.4 c=2.8  kl=0.0725  vl=0.1666
Step: 3596288 SPS: 3188  ev=0.637  ent=0.609  grad=0.56/0.50  h=0.4 c=2.8  kl=0.1125  vl=0.1969
Step: 3600384 SPS: 3188  ev=0.639  ent=0.641  grad=1.78/0.50  h=0.4 c=2.6  kl=0.0610  vl=0.1468
  vs Heur:   49W/52L/1D | score=18.5±28.6 inv=1.8 played=10.2 lanes=2.6 ddraw=2.6 pts=19
  vs Random: 107W/0L/0D | score=16.9±25.1 inv=1.6 played=10.7 lanes=2.7 ddraw=0.8 pts=17
  Self-play: 47W/53L/1D | score=8.4±25.8 inv=1.4 played=9.7 lanes=2.6 ddraw=1.9 pts=8
Step: 3604480 SPS: 3188  ev=0.632  ent=0.607  grad=2.47/0.50  h=0.4 c=2.5  kl=0.0750  vl=0.2040
Step: 3608576 SPS: 3188  ev=0.604  ent=0.624  grad=0.41/0.41  h=0.4 c=3.2  kl=0.0648  vl=0.1735
Step: 3612672 SPS: 3188  ev=0.659  ent=0.600  grad=0.42/0.42  h=0.4 c=2.3  kl=0.0990  vl=0.1819
Step: 3616768 SPS: 3188  ev=0.650  ent=0.614  grad=0.47/0.47  h=0.4 c=3.1  kl=0.0570  vl=0.1235
Step: 3620864 SPS: 3187  ev=0.625  ent=0.584  grad=1.23/0.50  h=0.5 c=2.8  kl=0.0949  vl=0.1792
Step: 3624960 SPS: 3187  ev=0.652  ent=0.622  grad=0.86/0.50  h=0.5 c=2.5  kl=0.0672  vl=0.1355
Step: 3629056 SPS: 3187  ev=0.638  ent=0.594  grad=0.48/0.48  h=0.4 c=2.5  kl=0.0905  vl=0.1795
Step: 3633152 SPS: 3187  ev=0.608  ent=0.552  grad=0.58/0.50  h=0.5 c=2.6  kl=0.0534  vl=0.1382
Step: 3637248 SPS: 3187  ev=0.584  ent=0.598  grad=0.40/0.40  h=0.4 c=2.6  kl=0.0864  vl=0.1904
Step: 3641344 SPS: 3187  ev=0.641  ent=0.631  grad=0.42/0.42  h=0.4 c=2.2  kl=0.1123  vl=0.1733
Step: 3645440 SPS: 3187  ev=0.638  ent=0.644  grad=0.37/0.37  h=0.4 c=2.3  kl=0.0816  vl=0.2181
Step: 3649536 SPS: 3187  ev=0.664  ent=0.590  grad=0.74/0.50  h=0.4 c=2.6  kl=0.0940  vl=0.1374
Step: 3653632 SPS: 3187  ev=0.652  ent=0.584  grad=0.97/0.50  h=0.4 c=2.8  kl=0.1120  vl=0.1949
Step: 3657728 SPS: 3187  ev=0.625  ent=0.638  grad=1.23/0.50  h=0.4 c=2.3  kl=0.0672  vl=0.1675
Step: 3661824 SPS: 3187  ev=0.618  ent=0.661  grad=0.48/0.48  h=0.5 c=2.0  kl=0.0612  vl=0.0975
Step: 3665920 SPS: 3187  ev=0.601  ent=0.642  grad=0.44/0.44  h=0.5 c=2.6  kl=0.1084  vl=0.1931
Step: 3670016 SPS: 3187  ev=0.636  ent=0.623  grad=1.51/0.50  h=0.5 c=3.0  kl=0.0472  vl=0.1952
Step: 3674112 SPS: 3187  ev=0.655  ent=0.639  grad=0.85/0.50  h=0.4 c=2.2  kl=0.0700  vl=0.1550
Step: 3678208 SPS: 3186  ev=0.680  ent=0.633  grad=0.71/0.50  h=0.4 c=2.3  kl=0.0891  vl=0.1475
Step: 3682304 SPS: 3186  ev=0.640  ent=0.689  grad=1.08/0.50  h=0.5 c=2.7  kl=0.0825  vl=0.1453
  vs Heur:   44W/56L/1D | score=11.9±23.6 inv=1.6 played=10.4 lanes=2.7 ddraw=2.9 pts=12
  vs Random: 108W/0L/0D | score=19.2±23.3 inv=1.3 played=11.0 lanes=2.8 ddraw=0.7 pts=19
  Self-play: 56W/48L/3D | score=10.6±21.3 inv=1.3 played=10.4 lanes=2.8 ddraw=1.9 pts=11
Step: 3686400 SPS: 3186  ev=0.634  ent=0.636  grad=1.30/0.50  h=0.5 c=2.4  kl=0.0461  vl=0.1708
Step: 3690496 SPS: 3186  ev=0.654  ent=0.615  grad=0.44/0.44  h=0.5 c=2.7  kl=0.0763  vl=0.1565
Step: 3694592 SPS: 3186  ev=0.635  ent=0.658  grad=0.62/0.50  h=0.4 c=1.7  kl=0.0840  vl=0.1424
Step: 3698688 SPS: 3186  ev=0.688  ent=0.634  grad=0.82/0.50  h=0.4 c=1.6  kl=0.0499  vl=0.1297
Step: 3702784 SPS: 3187  ev=0.686  ent=0.645  grad=1.04/0.50  h=0.4 c=2.3  kl=0.0720  vl=0.1535
Step: 3706880 SPS: 3187  ev=0.644  ent=0.644  grad=0.70/0.50  h=0.4 c=1.9  kl=0.0366  vl=0.1637
Step: 3710976 SPS: 3187  ev=0.683  ent=0.667  grad=1.02/0.50  h=0.4 c=2.1  kl=0.0619  vl=0.1910
Step: 3715072 SPS: 3187  ev=0.657  ent=0.666  grad=1.71/0.50  h=0.5 c=2.2  kl=0.0649  vl=0.1835
Step: 3719168 SPS: 3187  ev=0.667  ent=0.653  grad=0.66/0.50  h=0.4 c=2.1  kl=0.0586  vl=0.1737
Step: 3723264 SPS: 3187  ev=0.686  ent=0.664  grad=0.47/0.47  h=0.4 c=1.8  kl=0.0549  vl=0.1517
Step: 3727360 SPS: 3187  ev=0.660  ent=0.632  grad=1.22/0.50  h=0.4 c=1.6  kl=0.0921  vl=0.1359
Step: 3731456 SPS: 3186  ev=0.676  ent=0.653  grad=0.61/0.50  h=0.4 c=1.6  kl=0.0480  vl=0.1147
Step: 3735552 SPS: 3186  ev=0.690  ent=0.685  grad=0.44/0.44  h=0.4 c=1.6  kl=0.0642  vl=0.1197
Step: 3739648 SPS: 3186  ev=0.695  ent=0.578  grad=2.08/0.50  h=0.4 c=1.8  kl=0.0589  vl=0.1830
Step: 3743744 SPS: 3187  ev=0.659  ent=0.647  grad=0.56/0.50  h=0.3 c=1.6  kl=0.0703  vl=0.1336
Step: 3747840 SPS: 3187  ev=0.677  ent=0.681  grad=0.51/0.50  h=0.3 c=1.3  kl=0.0335  vl=0.1366
Step: 3751936 SPS: 3186  ev=0.647  ent=0.665  grad=0.49/0.49  h=0.3 c=1.2  kl=0.0547  vl=0.1991
Step: 3756032 SPS: 3187  ev=0.699  ent=0.673  grad=1.22/0.50  h=0.3 c=1.6  kl=0.0582  vl=0.1623
Step: 3760128 SPS: 3187  ev=0.703  ent=0.685  grad=0.84/0.50  h=0.3 c=1.5  kl=0.0801  vl=0.1809
Step: 3764224 SPS: 3187  ev=0.695  ent=0.673  grad=0.52/0.50  h=0.3 c=1.5  kl=0.0288  vl=0.1201
  vs Heur:   48W/50L/5D | score=18.9±29.2 inv=1.6 played=11.1 lanes=2.8 ddraw=2.7 pts=19
  vs Random: 102W/1L/0D | score=19.6±22.4 inv=1.5 played=11.1 lanes=2.8 ddraw=0.6 pts=20
  Self-play: 55W/44L/1D | score=13.6±23.3 inv=1.2 played=10.4 lanes=2.7 ddraw=1.7 pts=14
Step: 3768320 SPS: 3187  ev=0.662  ent=0.610  grad=1.72/0.50  h=0.3 c=1.3  kl=0.0679  vl=0.1818
Step: 3772416 SPS: 3187  ev=0.671  ent=0.626  grad=0.44/0.44  h=0.3 c=1.4  kl=0.1078  vl=0.1255
Step: 3776512 SPS: 3187  ev=0.660  ent=0.669  grad=0.54/0.50  h=0.2 c=1.2  kl=0.0506  vl=0.1422
Step: 3780608 SPS: 3186  ev=0.636  ent=0.644  grad=1.23/0.50  h=0.2 c=1.0  kl=0.0618  vl=0.1507
Step: 3784704 SPS: 3186  ev=0.654  ent=0.627  grad=0.82/0.50  h=0.2 c=1.1  kl=0.0500  vl=0.1333
Step: 3788800 SPS: 3186  ev=0.703  ent=0.671  grad=0.69/0.50  h=0.3 c=1.3  kl=0.0654  vl=0.2072
Step: 3792896 SPS: 3186  ev=0.675  ent=0.626  grad=1.08/0.50  h=0.3 c=1.1  kl=0.0489  vl=0.1195
Step: 3796992 SPS: 3186  ev=0.673  ent=0.676  grad=0.85/0.50  h=0.3 c=1.6  kl=0.0639  vl=0.1655
Step: 3801088 SPS: 3186  ev=0.681  ent=0.653  grad=0.72/0.50  h=0.4 c=1.6  kl=0.0861  vl=0.1544
Step: 3805184 SPS: 3186  ev=0.682  ent=0.629  grad=1.53/0.50  h=0.3 c=1.1  kl=0.0674  vl=0.1508
Step: 3809280 SPS: 3186  ev=0.655  ent=0.664  grad=0.83/0.50  h=0.2 c=0.9  kl=0.0428  vl=0.1622
Step: 3813376 SPS: 3186  ev=0.666  ent=0.658  grad=0.87/0.50  h=0.3 c=1.2  kl=0.0746  vl=0.1334
Step: 3817472 SPS: 3186  ev=0.667  ent=0.651  grad=0.52/0.50  h=0.2 c=0.9  kl=0.0856  vl=0.1233
Step: 3821568 SPS: 3186  ev=0.710  ent=0.660  grad=0.50/0.50  h=0.3 c=1.2  kl=0.0481  vl=0.0960
Step: 3825664 SPS: 3186  ev=0.668  ent=0.595  grad=0.89/0.50  h=0.3 c=1.0  kl=0.0613  vl=0.1364
Step: 3829760 SPS: 3186  ev=0.685  ent=0.617  grad=0.45/0.45  h=0.3 c=1.5  kl=0.0405  vl=0.1853
Step: 3833856 SPS: 3186  ev=0.654  ent=0.640  grad=0.87/0.50  h=0.3 c=1.1  kl=0.0638  vl=0.1619
Step: 3837952 SPS: 3186  ev=0.622  ent=0.673  grad=1.78/0.50  h=0.3 c=1.0  kl=0.0865  vl=0.1567
Step: 3842048 SPS: 3187  ev=0.676  ent=0.630  grad=0.85/0.50  h=0.3 c=1.7  kl=0.0564  vl=0.1758
Step: 3846144 SPS: 3187  ev=0.625  ent=0.667  grad=0.63/0.50  h=0.3 c=1.4  kl=0.0683  vl=0.1751
  vs Heur:   49W/52L/2D | score=16.6±27.9 inv=1.7 played=10.8 lanes=2.7 ddraw=2.7 pts=17
  vs Random: 99W/1L/0D | score=18.1±26.9 inv=1.3 played=11.2 lanes=2.8 ddraw=0.7 pts=18
  Self-play: 49W/52L/1D | score=15.9±21.6 inv=1.3 played=10.6 lanes=2.6 ddraw=1.6 pts=16
Step: 3850240 SPS: 3187  ev=0.649  ent=0.641  grad=1.04/0.50  h=0.3 c=1.1  kl=0.0358  vl=0.2638
Step: 3854336 SPS: 3187  ev=0.658  ent=0.673  grad=0.65/0.50  h=0.4 c=1.6  kl=0.0619  vl=0.1309
Step: 3858432 SPS: 3186  ev=0.646  ent=0.615  grad=0.49/0.49  h=0.3 c=0.7  kl=0.0380  vl=0.1823
Step: 3862528 SPS: 3186  ev=0.701  ent=0.639  grad=1.15/0.50  h=0.3 c=1.1  kl=0.1018  vl=0.1563
Step: 3866624 SPS: 3186  ev=0.719  ent=0.605  grad=0.65/0.50  h=0.4 c=1.2  kl=0.0691  vl=0.1586
Step: 3870720 SPS: 3186  ev=0.641  ent=0.569  grad=2.67/0.50  h=0.3 c=1.0  kl=0.0432  vl=0.1585
Step: 3874816 SPS: 3186  ev=0.620  ent=0.626  grad=0.57/0.50  h=0.3 c=0.9  kl=0.0535  vl=0.2090
Step: 3878912 SPS: 3186  ev=0.633  ent=0.583  grad=0.58/0.50  h=0.3 c=1.2  kl=0.0683  vl=0.1069
Step: 3883008 SPS: 3186  ev=0.613  ent=0.592  grad=0.90/0.50  h=0.3 c=0.9  kl=0.0509  vl=0.1254
Step: 3887104 SPS: 3186  ev=0.616  ent=0.595  grad=1.23/0.50  h=0.3 c=1.3  kl=0.0615  vl=0.2128
Step: 3891200 SPS: 3186  ev=0.663  ent=0.618  grad=0.89/0.50  h=0.3 c=1.1  kl=0.0678  vl=0.1617
Step: 3895296 SPS: 3186  ev=0.614  ent=0.644  grad=1.19/0.50  h=0.4 c=1.5  kl=0.0583  vl=0.1640
Step: 3899392 SPS: 3185  ev=0.621  ent=0.603  grad=0.78/0.50  h=0.3 c=1.2  kl=0.0506  vl=0.1259
Step: 3903488 SPS: 3186  ev=0.600  ent=0.632  grad=0.38/0.38  h=0.4 c=1.2  kl=0.0604  vl=0.1160
Step: 3907584 SPS: 3186  ev=0.608  ent=0.641  grad=0.69/0.50  h=0.4 c=1.6  kl=0.1043  vl=0.1190
Step: 3911680 SPS: 3186  ev=0.580  ent=0.633  grad=1.50/0.50  h=0.4 c=1.6  kl=0.0924  vl=0.1910
Step: 3915776 SPS: 3186  ev=0.620  ent=0.622  grad=1.08/0.50  h=0.4 c=1.6  kl=0.0601  vl=0.1162
Step: 3919872 SPS: 3186  ev=0.652  ent=0.596  grad=1.33/0.50  h=0.4 c=1.2  kl=0.0618  vl=0.1669
Step: 3923968 SPS: 3186  ev=0.664  ent=0.600  grad=0.51/0.50  h=0.3 c=1.1  kl=0.0527  vl=0.1175
Step: 3928064 SPS: 3186  ev=0.662  ent=0.623  grad=1.45/0.50  h=0.4 c=1.7  kl=0.0744  vl=0.1922
  vs Heur:   46W/56L/1D | score=17.4±28.2 inv=1.6 played=10.9 lanes=2.8 ddraw=2.5 pts=17
  vs Random: 105W/1L/0D | score=15.1±21.6 inv=1.4 played=11.1 lanes=2.8 ddraw=0.7 pts=15
  Self-play: 52W/47L/2D | score=13.1±24.6 inv=1.2 played=10.8 lanes=2.8 ddraw=1.6 pts=13
Step: 3932160 SPS: 3186  ev=0.670  ent=0.622  grad=1.17/0.50  h=0.4 c=2.0  kl=0.0855  vl=0.1347
Step: 3936256 SPS: 3187  ev=0.633  ent=0.630  grad=0.84/0.50  h=0.4 c=1.7  kl=0.0528  vl=0.1549
Step: 3940352 SPS: 3186  ev=0.622  ent=0.623  grad=0.82/0.50  h=0.4 c=1.4  kl=0.0404  vl=0.1826
Step: 3944448 SPS: 3186  ev=0.642  ent=0.640  grad=0.44/0.44  h=0.3 c=1.0  kl=0.0913  vl=0.2246
Step: 3948544 SPS: 3186  ev=0.646  ent=0.647  grad=0.79/0.50  h=0.4 c=1.6  kl=0.0693  vl=0.1474
Step: 3952640 SPS: 3186  ev=0.614  ent=0.649  grad=1.33/0.50  h=0.4 c=1.4  kl=0.0527  vl=0.1290
Step: 3956736 SPS: 3186  ev=0.619  ent=0.640  grad=0.75/0.50  h=0.3 c=1.6  kl=0.0453  vl=0.1543
Step: 3960832 SPS: 3186  ev=0.653  ent=0.670  grad=1.46/0.50  h=0.4 c=1.2  kl=0.0640  vl=0.1408
Step: 3964928 SPS: 3186  ev=0.588  ent=0.616  grad=0.38/0.38  h=0.4 c=2.0  kl=0.0520  vl=0.1885
Step: 3969024 SPS: 3186  ev=0.621  ent=0.590  grad=0.47/0.47  h=0.3 c=1.6  kl=0.0727  vl=0.1413
Step: 3973120 SPS: 3186  ev=0.649  ent=0.621  grad=0.86/0.50  h=0.3 c=1.7  kl=0.0597  vl=0.1115
Step: 3977216 SPS: 3186  ev=0.621  ent=0.638  grad=0.63/0.50  h=0.4 c=1.4  kl=0.1093  vl=0.1098
Step: 3981312 SPS: 3186  ev=0.653  ent=0.601  grad=0.54/0.50  h=0.4 c=1.8  kl=0.0371  vl=0.1111
Step: 3985408 SPS: 3186  ev=0.582  ent=0.586  grad=1.04/0.50  h=0.3 c=1.5  kl=0.0539  vl=0.1250
Step: 3989504 SPS: 3186  ev=0.653  ent=0.571  grad=0.58/0.50  h=0.4 c=1.8  kl=0.0446  vl=0.1371
Step: 3993600 SPS: 3186  ev=0.631  ent=0.570  grad=1.10/0.50  h=0.4 c=1.4  kl=0.0422  vl=0.1711
Step: 3997696 SPS: 3186  ev=0.606  ent=0.607  grad=1.68/0.50  h=0.3 c=1.1  kl=0.0374  vl=0.1401
Step: 4001792 SPS: 3186  ev=0.613  ent=0.596  grad=0.85/0.50  h=0.4 c=1.6  kl=0.0764  vl=0.1712
Step: 4005888 SPS: 3186  ev=0.681  ent=0.583  grad=0.63/0.50  h=0.3 c=1.5  kl=0.0457  vl=0.1281
Step: 4009984 SPS: 3186  ev=0.641  ent=0.625  grad=0.56/0.50  h=0.4 c=1.5  kl=0.0713  vl=0.1497
  vs Heur:   40W/59L/2D | score=13.1±23.6 inv=1.4 played=9.9 lanes=2.7 ddraw=2.4 pts=13
  vs Random: 103W/2L/0D | score=16.1±22.0 inv=1.5 played=10.7 lanes=2.7 ddraw=0.7 pts=16
  Self-play: 53W/48L/0D | score=12.9±27.0 inv=1.3 played=10.0 lanes=2.6 ddraw=1.3 pts=13
Step: 4014080 SPS: 3185  ev=0.624  ent=0.579  grad=0.54/0.50  h=0.4 c=1.6  kl=0.0612  vl=0.1554
Step: 4018176 SPS: 3185  ev=0.629  ent=0.599  grad=0.60/0.50  h=0.4 c=1.7  kl=0.0645  vl=0.1324
Step: 4022272 SPS: 3185  ev=0.639  ent=0.604  grad=0.58/0.50  h=0.4 c=2.0  kl=0.0765  vl=0.1226
Step: 4026368 SPS: 3185  ev=0.657  ent=0.685  grad=1.20/0.50  h=0.4 c=2.2  kl=0.0557  vl=0.1434
Step: 4030464 SPS: 3185  ev=0.662  ent=0.605  grad=0.44/0.44  h=0.4 c=1.9  kl=0.0505  vl=0.1661
Step: 4034560 SPS: 3185  ev=0.673  ent=0.590  grad=0.72/0.50  h=0.4 c=1.5  kl=0.0537  vl=0.1260
Step: 4038656 SPS: 3185  ev=0.650  ent=0.560  grad=0.66/0.50  h=0.4 c=1.9  kl=0.0556  vl=0.1539
Step: 4042752 SPS: 3185  ev=0.647  ent=0.620  grad=0.85/0.50  h=0.4 c=1.9  kl=0.0910  vl=0.1347
Step: 4046848 SPS: 3185  ev=0.653  ent=0.614  grad=1.02/0.50  h=0.4 c=1.8  kl=0.0357  vl=0.2162
Step: 4050944 SPS: 3185  ev=0.612  ent=0.619  grad=0.88/0.50  h=0.4 c=2.9  kl=0.0527  vl=0.1543
Step: 4055040 SPS: 3185  ev=0.604  ent=0.611  grad=0.42/0.42  h=0.4 c=1.9  kl=0.0919  vl=0.1456
Step: 4059136 SPS: 3186  ev=0.612  ent=0.638  grad=0.95/0.50  h=0.4 c=1.6  kl=0.0553  vl=0.1769
Step: 4063232 SPS: 3186  ev=0.607  ent=0.631  grad=1.34/0.50  h=0.4 c=1.8  kl=0.0380  vl=0.1298
Step: 4067328 SPS: 3186  ev=0.581  ent=0.609  grad=1.46/0.50  h=0.4 c=2.2  kl=0.0646  vl=0.1924
Step: 4071424 SPS: 3185  ev=0.647  ent=0.593  grad=1.58/0.50  h=0.5 c=2.8  kl=0.1278  vl=0.1347
Step: 4075520 SPS: 3185  ev=0.619  ent=0.601  grad=0.52/0.50  h=0.4 c=2.0  kl=0.0651  vl=0.1003
Step: 4079616 SPS: 3185  ev=0.644  ent=0.573  grad=0.70/0.50  h=0.4 c=2.4  kl=0.0550  vl=0.1778
Step: 4083712 SPS: 3185  ev=0.668  ent=0.589  grad=1.24/0.50  h=0.4 c=1.6  kl=0.0967  vl=0.2122
Step: 4087808 SPS: 3185  ev=0.633  ent=0.570  grad=0.44/0.44  h=0.3 c=1.8  kl=0.1224  vl=0.1821
Step: 4091904 SPS: 3185  ev=0.641  ent=0.598  grad=0.74/0.50  h=0.4 c=2.1  kl=0.0873  vl=0.1659
  vs Heur:   37W/63L/2D | score=13.3±24.0 inv=1.5 played=10.1 lanes=2.7 ddraw=2.5 pts=13
  vs Random: 105W/2L/0D | score=18.1±22.6 inv=1.4 played=11.1 lanes=2.9 ddraw=0.5 pts=18
  Self-play: 48W/55L/1D | score=11.8±21.6 inv=1.3 played=10.3 lanes=2.7 ddraw=1.6 pts=12
Step: 4096000 SPS: 3185  ev=0.640  ent=0.591  grad=0.75/0.50  h=0.4 c=1.8  kl=0.0486  vl=0.1799
Step: 4100096 SPS: 3185  ev=0.637  ent=0.557  grad=0.44/0.44  h=0.4 c=1.4  kl=0.0468  vl=0.1420
Step: 4104192 SPS: 3185  ev=0.659  ent=0.594  grad=1.50/0.50  h=0.3 c=1.4  kl=0.1133  vl=0.1245
Step: 4108288 SPS: 3185  ev=0.652  ent=0.541  grad=1.98/0.50  h=0.4 c=1.7  kl=0.0736  vl=0.2120
Step: 4112384 SPS: 3185  ev=0.638  ent=0.602  grad=1.61/0.50  h=0.3 c=1.6  kl=0.0548  vl=0.1588
Step: 4116480 SPS: 3185  ev=0.642  ent=0.597  grad=1.37/0.50  h=0.5 c=2.9  kl=0.0873  vl=0.1570
Step: 4120576 SPS: 3185  ev=0.671  ent=0.607  grad=1.82/0.50  h=0.4 c=2.2  kl=0.0702  vl=0.1892
Step: 4124672 SPS: 3185  ev=0.632  ent=0.636  grad=0.60/0.50  h=0.4 c=1.8  kl=0.0908  vl=0.0976
Step: 4128768 SPS: 3185  ev=0.611  ent=0.627  grad=1.09/0.50  h=0.4 c=2.1  kl=0.0914  vl=0.1253
Step: 4132864 SPS: 3186  ev=0.620  ent=0.576  grad=0.43/0.43  h=0.4 c=2.6  kl=0.0673  vl=0.1926
Step: 4136960 SPS: 3186  ev=0.641  ent=0.606  grad=0.95/0.50  h=0.4 c=2.1  kl=0.0559  vl=0.1119
Step: 4141056 SPS: 3186  ev=0.624  ent=0.577  grad=0.85/0.50  h=0.3 c=2.1  kl=0.0597  vl=0.1898
Step: 4145152 SPS: 3186  ev=0.644  ent=0.605  grad=0.41/0.41  h=0.4 c=2.2  kl=0.0556  vl=0.1832
Step: 4149248 SPS: 3185  ev=0.567  ent=0.623  grad=0.60/0.50  h=0.3 c=1.6  kl=0.0941  vl=0.1765
Step: 4153344 SPS: 3185  ev=0.624  ent=0.605  grad=1.87/0.50  h=0.4 c=2.4  kl=0.0594  vl=0.1819
Step: 4157440 SPS: 3185  ev=0.620  ent=0.572  grad=0.95/0.50  h=0.4 c=2.1  kl=0.1142  vl=0.1296
Step: 4161536 SPS: 3185  ev=0.617  ent=0.598  grad=1.11/0.50  h=0.3 c=1.3  kl=0.1201  vl=0.1809
Step: 4165632 SPS: 3185  ev=0.610  ent=0.591  grad=0.86/0.50  h=0.4 c=1.8  kl=0.0915  vl=0.1482
Step: 4169728 SPS: 3185  ev=0.637  ent=0.605  grad=0.39/0.39  h=0.4 c=2.0  kl=0.0818  vl=0.1680
Step: 4173824 SPS: 3185  ev=0.659  ent=0.634  grad=0.55/0.50  h=0.3 c=1.5  kl=0.0902  vl=0.1486
  vs Heur:   43W/60L/1D | score=14.6±26.7 inv=1.7 played=10.2 lanes=2.6 ddraw=2.9 pts=15
  vs Random: 103W/0L/0D | score=19.2±25.7 inv=1.4 played=11.3 lanes=2.9 ddraw=0.7 pts=19
  Self-play: 48W/48L/4D | score=11.5±21.0 inv=1.3 played=9.9 lanes=2.6 ddraw=1.7 pts=12
Step: 4177920 SPS: 3185  ev=0.633  ent=0.615  grad=0.44/0.44  h=0.4 c=1.7  kl=0.0543  vl=0.1598
Step: 4182016 SPS: 3185  ev=0.672  ent=0.619  grad=0.50/0.50  h=0.3 c=1.6  kl=0.0837  vl=0.1362
Step: 4186112 SPS: 3185  ev=0.634  ent=0.541  grad=0.67/0.50  h=0.4 c=1.6  kl=0.0737  vl=0.1646
Step: 4190208 SPS: 3185  ev=0.668  ent=0.618  grad=0.93/0.50  h=0.4 c=1.6  kl=0.0594  vl=0.1530
Step: 4194304 SPS: 3185  ev=0.663  ent=0.600  grad=0.60/0.50  h=0.3 c=1.3  kl=0.0688  vl=0.2116
Step: 4198400 SPS: 3185  ev=0.646  ent=0.621  grad=1.28/0.50  h=0.4 c=1.6  kl=0.0770  vl=0.1334
Step: 4202496 SPS: 3185  ev=0.653  ent=0.643  grad=1.19/0.50  h=0.4 c=1.5  kl=0.0605  vl=0.2205
Step: 4206592 SPS: 3185  ev=0.603  ent=0.597  grad=0.45/0.45  h=0.4 c=1.2  kl=0.0721  vl=0.1540
Step: 4210688 SPS: 3185  ev=0.680  ent=0.669  grad=0.55/0.50  h=0.4 c=1.8  kl=0.0625  vl=0.1250
Step: 4214784 SPS: 3186  ev=0.675  ent=0.590  grad=0.68/0.50  h=0.4 c=1.2  kl=0.0426  vl=0.1353
Step: 4218880 SPS: 3185  ev=0.674  ent=0.620  grad=1.19/0.50  h=0.3 c=1.2  kl=0.0599  vl=0.1668
Step: 4222976 SPS: 3185  ev=0.625  ent=0.625  grad=0.73/0.50  h=0.4 c=1.3  kl=0.0947  vl=0.1754
Step: 4227072 SPS: 3185  ev=0.668  ent=0.647  grad=1.30/0.50  h=0.3 c=1.2  kl=0.0577  vl=0.1388
Step: 4231168 SPS: 3185  ev=0.604  ent=0.622  grad=1.31/0.50  h=0.4 c=1.2  kl=0.0526  vl=0.1950
Step: 4235264 SPS: 3185  ev=0.627  ent=0.641  grad=1.56/0.50  h=0.4 c=1.6  kl=0.0579  vl=0.1729
Step: 4239360 SPS: 3185  ev=0.645  ent=0.628  grad=1.05/0.50  h=0.3 c=0.9  kl=0.1731  vl=0.1535
Step: 4243456 SPS: 3185  ev=0.693  ent=0.599  grad=1.74/0.50  h=0.2 c=0.7  kl=0.0621  vl=0.1945
Step: 4247552 SPS: 3185  ev=0.662  ent=0.625  grad=0.51/0.50  h=0.3 c=0.8  kl=0.0632  vl=0.1529
Step: 4251648 SPS: 3185  ev=0.662  ent=0.623  grad=0.96/0.50  h=0.3 c=1.0  kl=0.0703  vl=0.1671
Step: 4255744 SPS: 3185  ev=0.682  ent=0.598  grad=1.29/0.50  h=0.2 c=0.8  kl=0.0625  vl=0.1454
  vs Heur:   48W/55L/0D | score=16.2±24.9 inv=1.7 played=10.4 lanes=2.7 ddraw=2.5 pts=16
  vs Random: 102W/0L/0D | score=16.5±20.4 inv=1.2 played=10.5 lanes=2.7 ddraw=0.6 pts=17
  Self-play: 46W/57L/0D | score=7.8±19.1 inv=1.2 played=10.0 lanes=2.7 ddraw=1.5 pts=8
Step: 4259840 SPS: 3185  ev=0.635  ent=0.621  grad=0.70/0.50  h=0.3 c=1.2  kl=0.0487  vl=0.1143
Step: 4263936 SPS: 3185  ev=0.649  ent=0.633  grad=0.70/0.50  h=0.2 c=1.0  kl=0.0455  vl=0.1184
Step: 4268032 SPS: 3185  ev=0.672  ent=0.665  grad=1.53/0.50  h=0.3 c=1.3  kl=0.0714  vl=0.1332
Step: 4272128 SPS: 3185  ev=0.682  ent=0.622  grad=1.23/0.50  h=0.2 c=0.7  kl=0.0739  vl=0.1251
Step: 4276224 SPS: 3185  ev=0.637  ent=0.576  grad=0.44/0.44  h=0.3 c=0.7  kl=0.0680  vl=0.1558
Step: 4280320 SPS: 3185  ev=0.639  ent=0.565  grad=0.77/0.50  h=0.3 c=1.3  kl=0.0522  vl=0.1487
Step: 4284416 SPS: 3184  ev=0.670  ent=0.587  grad=0.60/0.50  h=0.2 c=0.9  kl=0.0966  vl=0.1446
Step: 4288512 SPS: 3185  ev=0.673  ent=0.563  grad=0.80/0.50  h=0.3 c=0.9  kl=0.0602  vl=0.1202
Step: 4292608 SPS: 3184  ev=0.654  ent=0.589  grad=0.57/0.50  h=0.2 c=0.6  kl=0.0401  vl=0.1328
Step: 4296704 SPS: 3184  ev=0.662  ent=0.573  grad=0.40/0.40  h=0.2 c=0.5  kl=0.0444  vl=0.1748
Step: 4300800 SPS: 3184  ev=0.670  ent=0.587  grad=0.41/0.41  h=0.2 c=0.8  kl=0.0483  vl=0.1779
Step: 4304896 SPS: 3184  ev=0.658  ent=0.549  grad=0.90/0.50  h=0.2 c=0.6  kl=0.0532  vl=0.1292
Step: 4308992 SPS: 3184  ev=0.680  ent=0.614  grad=0.87/0.50  h=0.3 c=0.6  kl=0.0744  vl=0.1704
Step: 4313088 SPS: 3184  ev=0.627  ent=0.622  grad=0.56/0.50  h=0.3 c=0.8  kl=0.0586  vl=0.1889
Step: 4317184 SPS: 3184  ev=0.657  ent=0.603  grad=0.96/0.50  h=0.2 c=0.8  kl=0.1518  vl=0.1417
Step: 4321280 SPS: 3184  ev=0.663  ent=0.633  grad=1.17/0.50  h=0.3 c=1.0  kl=0.0555  vl=0.1285
Step: 4325376 SPS: 3184  ev=0.632  ent=0.615  grad=0.50/0.50  h=0.3 c=0.9  kl=0.0408  vl=0.1231
Step: 4329472 SPS: 3184  ev=0.698  ent=0.604  grad=0.97/0.50  h=0.3 c=1.3  kl=0.0563  vl=0.1732
Step: 4333568 SPS: 3184  ev=0.658  ent=0.636  grad=0.71/0.50  h=0.3 c=0.9  kl=0.0484  vl=0.1999
Step: 4337664 SPS: 3184  ev=0.679  ent=0.594  grad=0.73/0.50  h=0.4 c=1.4  kl=0.0719  vl=0.1134
  vs Heur:   44W/56L/0D | score=12.3±28.6 inv=1.6 played=9.9 lanes=2.6 ddraw=2.2 pts=12
  vs Random: 101W/0L/0D | score=16.8±23.0 inv=1.2 played=10.7 lanes=2.8 ddraw=0.5 pts=17
  Self-play: 49W/52L/1D | score=8.2±21.2 inv=1.1 played=9.7 lanes=2.7 ddraw=1.1 pts=8
Step: 4341760 SPS: 3184  ev=0.637  ent=0.608  grad=0.62/0.50  h=0.3 c=1.3  kl=0.0807  vl=0.1902
Step: 4345856 SPS: 3184  ev=0.663  ent=0.631  grad=0.47/0.47  h=0.4 c=1.1  kl=0.0458  vl=0.1397
Step: 4349952 SPS: 3184  ev=0.668  ent=0.602  grad=0.51/0.50  h=0.3 c=0.9  kl=0.1120  vl=0.1708
Step: 4354048 SPS: 3184  ev=0.653  ent=0.613  grad=0.70/0.50  h=0.3 c=1.2  kl=0.0474  vl=0.1351
Step: 4358144 SPS: 3184  ev=0.667  ent=0.593  grad=0.52/0.50  h=0.3 c=1.0  kl=0.0699  vl=0.1268
Step: 4362240 SPS: 3184  ev=0.624  ent=0.602  grad=0.62/0.50  h=0.3 c=1.0  kl=0.0593  vl=0.2029
Step: 4366336 SPS: 3184  ev=0.641  ent=0.611  grad=0.53/0.50  h=0.4 c=1.4  kl=0.0645  vl=0.1377
Step: 4370432 SPS: 3184  ev=0.683  ent=0.577  grad=0.46/0.46  h=0.3 c=1.7  kl=0.0602  vl=0.1569
Step: 4374528 SPS: 3184  ev=0.648  ent=0.587  grad=0.50/0.50  h=0.3 c=1.0  kl=0.0561  vl=0.1840
Step: 4378624 SPS: 3184  ev=0.633  ent=0.570  grad=0.89/0.50  h=0.4 c=1.4  kl=0.0793  vl=0.1817
Step: 4382720 SPS: 3184  ev=0.643  ent=0.614  grad=0.63/0.50  h=0.3 c=1.4  kl=0.0728  vl=0.1723
Step: 4386816 SPS: 3184  ev=0.636  ent=0.591  grad=1.87/0.50  h=0.4 c=1.9  kl=0.0419  vl=0.1615
Step: 4390912 SPS: 3184  ev=0.646  ent=0.588  grad=0.65/0.50  h=0.3 c=1.6  kl=0.1485  vl=0.1383
Step: 4395008 SPS: 3184  ev=0.622  ent=0.625  grad=0.55/0.50  h=0.4 c=1.7  kl=0.0580  vl=0.1227
Step: 4399104 SPS: 3184  ev=0.662  ent=0.596  grad=0.87/0.50  h=0.3 c=1.2  kl=0.0454  vl=0.1694
Step: 4403200 SPS: 3184  ev=0.715  ent=0.554  grad=0.60/0.50  h=0.4 c=1.5  kl=0.0721  vl=0.1460
Step: 4407296 SPS: 3184  ev=0.637  ent=0.591  grad=0.44/0.44  h=0.4 c=1.9  kl=0.0449  vl=0.1657
Step: 4411392 SPS: 3184  ev=0.662  ent=0.624  grad=0.53/0.50  h=0.3 c=1.5  kl=0.0504  vl=0.1626
Step: 4415488 SPS: 3184  ev=0.660  ent=0.615  grad=1.08/0.50  h=0.4 c=1.8  kl=0.0527  vl=0.1485
Step: 4419584 SPS: 3183  ev=0.630  ent=0.600  grad=0.73/0.50  h=0.3 c=1.1  kl=0.0460  vl=0.1674
  vs Heur:   41W/57L/2D | score=16.8±28.7 inv=1.5 played=10.1 lanes=2.6 ddraw=2.1 pts=17
  vs Random: 101W/0L/0D | score=15.6±22.9 inv=1.3 played=10.5 lanes=2.7 ddraw=0.7 pts=16
  Self-play: 48W/53L/1D | score=13.1±20.4 inv=1.2 played=9.4 lanes=2.4 ddraw=1.2 pts=13
Step: 4423680 SPS: 3183  ev=0.601  ent=0.637  grad=1.04/0.50  h=0.3 c=1.8  kl=0.0451  vl=0.1156
Step: 4427776 SPS: 3183  ev=0.672  ent=0.681  grad=0.72/0.50  h=0.3 c=1.2  kl=0.0503  vl=0.1488
Step: 4431872 SPS: 3183  ev=0.633  ent=0.645  grad=0.81/0.50  h=0.4 c=1.5  kl=0.0516  vl=0.1769
Step: 4435968 SPS: 3183  ev=0.605  ent=0.573  grad=0.83/0.50  h=0.3 c=1.4  kl=0.0497  vl=0.1629
Step: 4440064 SPS: 3183  ev=0.670  ent=0.612  grad=0.84/0.50  h=0.4 c=1.6  kl=0.0703  vl=0.1679
Step: 4444160 SPS: 3183  ev=0.639  ent=0.575  grad=0.59/0.50  h=0.4 c=1.7  kl=0.0533  vl=0.1612
Step: 4448256 SPS: 3183  ev=0.627  ent=0.564  grad=0.40/0.40  h=0.3 c=1.4  kl=0.0556  vl=0.1737
Step: 4452352 SPS: 3183  ev=0.620  ent=0.555  grad=0.51/0.50  h=0.4 c=1.9  kl=0.0683  vl=0.1322
Step: 4456448 SPS: 3183  ev=0.678  ent=0.573  grad=0.81/0.50  h=0.4 c=1.4  kl=0.0746  vl=0.1199
Step: 4460544 SPS: 3182  ev=0.628  ent=0.573  grad=0.52/0.50  h=0.4 c=1.5  kl=0.0452  vl=0.1899
Step: 4464640 SPS: 3182  ev=0.691  ent=0.583  grad=0.73/0.50  h=0.3 c=1.3  kl=0.0590  vl=0.1729
Step: 4468736 SPS: 3182  ev=0.588  ent=0.606  grad=0.60/0.50  h=0.4 c=1.2  kl=0.0916  vl=0.1758
Step: 4472832 SPS: 3182  ev=0.680  ent=0.586  grad=0.50/0.50  h=0.4 c=1.3  kl=0.0735  vl=0.1811
Step: 4476928 SPS: 3182  ev=0.686  ent=0.551  grad=1.37/0.50  h=0.3 c=1.5  kl=0.0579  vl=0.1406
Step: 4481024 SPS: 3182  ev=0.657  ent=0.544  grad=0.99/0.50  h=0.4 c=1.5  kl=0.0315  vl=0.1289
Step: 4485120 SPS: 3182  ev=0.656  ent=0.545  grad=0.49/0.49  h=0.3 c=1.5  kl=0.0292  vl=0.1664
Step: 4489216 SPS: 3181  ev=0.644  ent=0.579  grad=1.29/0.50  h=0.3 c=1.4  kl=0.0633  vl=0.1984
Step: 4493312 SPS: 3181  ev=0.618  ent=0.594  grad=0.45/0.45  h=0.4 c=1.9  kl=0.0653  vl=0.1339
Step: 4497408 SPS: 3181  ev=0.672  ent=0.562  grad=0.49/0.49  h=0.3 c=1.7  kl=0.0567  vl=0.1485
Step: 4501504 SPS: 3182  ev=0.626  ent=0.533  grad=1.19/0.50  h=0.3 c=1.3  kl=0.0515  vl=0.1554
  vs Heur:   51W/51L/1D | score=18.9±28.7 inv=1.7 played=10.6 lanes=2.7 ddraw=2.0 pts=19
  vs Random: 100W/0L/0D | score=17.7±24.0 inv=1.2 played=10.5 lanes=2.6 ddraw=0.6 pts=18
  Self-play: 56W/49L/1D | score=9.5±22.4 inv=1.2 played=9.8 lanes=2.6 ddraw=1.0 pts=9
Step: 4505600 SPS: 3182  ev=0.584  ent=0.544  grad=1.63/0.50  h=0.2 c=1.5  kl=0.0744  vl=0.1675
Step: 4509696 SPS: 3182  ev=0.634  ent=0.561  grad=0.46/0.46  h=0.2 c=1.3  kl=0.0599  vl=0.1409
Step: 4513792 SPS: 3182  ev=0.642  ent=0.558  grad=0.47/0.47  h=0.4 c=1.6  kl=0.0724  vl=0.1185
Step: 4517888 SPS: 3182  ev=0.611  ent=0.556  grad=1.50/0.50  h=0.3 c=1.5  kl=0.0565  vl=0.1579
Step: 4521984 SPS: 3182  ev=0.651  ent=0.505  grad=1.59/0.50  h=0.4 c=1.7  kl=0.0756  vl=0.1407
Step: 4526080 SPS: 3182  ev=0.661  ent=0.570  grad=0.63/0.50  h=0.4 c=1.8  kl=0.0485  vl=0.1647
Step: 4530176 SPS: 3182  ev=0.656  ent=0.572  grad=0.58/0.50  h=0.3 c=1.8  kl=0.0308  vl=0.1528
Step: 4534272 SPS: 3182  ev=0.646  ent=0.558  grad=0.54/0.50  h=0.4 c=1.5  kl=0.0439  vl=0.1871
Step: 4538368 SPS: 3182  ev=0.645  ent=0.560  grad=0.85/0.50  h=0.3 c=1.4  kl=0.0525  vl=0.1086
Step: 4542464 SPS: 3182  ev=0.674  ent=0.574  grad=0.86/0.50  h=0.3 c=1.3  kl=0.0583  vl=0.1316
Step: 4546560 SPS: 3182  ev=0.603  ent=0.525  grad=0.49/0.49  h=0.3 c=1.3  kl=0.0635  vl=0.2169
Step: 4550656 SPS: 3182  ev=0.657  ent=0.524  grad=0.40/0.40  h=0.4 c=1.5  kl=0.0468  vl=0.1377
Step: 4554752 SPS: 3182  ev=0.594  ent=0.577  grad=2.03/0.50  h=0.4 c=1.4  kl=0.0632  vl=0.1956
Step: 4558848 SPS: 3182  ev=0.632  ent=0.513  grad=1.52/0.50  h=0.4 c=1.6  kl=0.0437  vl=0.1555
Step: 4562944 SPS: 3182  ev=0.614  ent=0.519  grad=1.45/0.50  h=0.4 c=1.3  kl=0.0568  vl=0.1836
Step: 4567040 SPS: 3182  ev=0.613  ent=0.520  grad=0.43/0.43  h=0.4 c=1.4  kl=0.0800  vl=0.1555
Step: 4571136 SPS: 3182  ev=0.679  ent=0.542  grad=0.85/0.50  h=0.3 c=1.5  kl=0.0729  vl=0.1148
Step: 4575232 SPS: 3182  ev=0.638  ent=0.526  grad=0.51/0.50  h=0.3 c=1.6  kl=0.0464  vl=0.1818
Step: 4579328 SPS: 3182  ev=0.625  ent=0.542  grad=0.76/0.50  h=0.3 c=1.9  kl=0.0458  vl=0.1476
Step: 4583424 SPS: 3182  ev=0.673  ent=0.510  grad=1.12/0.50  h=0.4 c=1.6  kl=0.0644  vl=0.1276
  vs Heur:   46W/55L/1D | score=17.8±31.3 inv=1.6 played=10.7 lanes=2.7 ddraw=2.4 pts=18
  vs Random: 105W/0L/0D | score=18.1±24.9 inv=1.1 played=10.1 lanes=2.6 ddraw=0.6 pts=18
  Self-play: 49W/51L/0D | score=9.0±23.7 inv=1.3 played=9.4 lanes=2.6 ddraw=1.0 pts=9
Step: 4587520 SPS: 3182  ev=0.570  ent=0.558  grad=0.86/0.50  h=0.4 c=2.1  kl=0.0409  vl=0.1288
Step: 4591616 SPS: 3182  ev=0.573  ent=0.607  grad=0.49/0.49  h=0.4 c=1.3  kl=0.0760  vl=0.1731
Step: 4595712 SPS: 3182  ev=0.637  ent=0.534  grad=0.83/0.50  h=0.4 c=1.5  kl=0.0516  vl=0.1182
Step: 4599808 SPS: 3182  ev=0.662  ent=0.577  grad=0.78/0.50  h=0.3 c=1.5  kl=0.0581  vl=0.1159
Step: 4603904 SPS: 3182  ev=0.596  ent=0.526  grad=2.35/0.50  h=0.4 c=1.5  kl=0.0323  vl=0.1690
Step: 4608000 SPS: 3182  ev=0.575  ent=0.552  grad=0.41/0.41  h=0.3 c=1.1  kl=0.0671  vl=0.1018
Step: 4612096 SPS: 3182  ev=0.595  ent=0.558  grad=1.01/0.50  h=0.3 c=1.3  kl=0.0903  vl=0.1272
Step: 4616192 SPS: 3182  ev=0.622  ent=0.521  grad=2.68/0.50  h=0.3 c=1.4  kl=0.0532  vl=0.1683
Step: 4620288 SPS: 3182  ev=0.652  ent=0.522  grad=0.37/0.37  h=0.4 c=1.5  kl=0.0492  vl=0.1247
Step: 4624384 SPS: 3182  ev=0.539  ent=0.509  grad=1.09/0.50  h=0.3 c=1.4  kl=0.0536  vl=0.1206
Step: 4628480 SPS: 3182  ev=0.646  ent=0.556  grad=0.43/0.43  h=0.5 c=2.3  kl=0.0492  vl=0.1099
Step: 4632576 SPS: 3182  ev=0.638  ent=0.585  grad=0.70/0.50  h=0.4 c=2.0  kl=0.0683  vl=0.1686
Step: 4636672 SPS: 3182  ev=0.637  ent=0.547  grad=0.38/0.38  h=0.4 c=1.3  kl=0.0456  vl=0.1244
Step: 4640768 SPS: 3182  ev=0.631  ent=0.517  grad=1.32/0.50  h=0.3 c=1.2  kl=0.0413  vl=0.1324
Step: 4644864 SPS: 3182  ev=0.605  ent=0.511  grad=0.47/0.47  h=0.4 c=1.2  kl=0.0609  vl=0.1194
Step: 4648960 SPS: 3182  ev=0.608  ent=0.503  grad=1.92/0.50  h=0.3 c=1.3  kl=0.0603  vl=0.1826
Step: 4653056 SPS: 3182  ev=0.630  ent=0.486  grad=1.20/0.50  h=0.3 c=1.4  kl=0.0595  vl=0.1563
Step: 4657152 SPS: 3182  ev=0.609  ent=0.495  grad=1.24/0.50  h=0.4 c=1.7  kl=0.0542  vl=0.1739
Step: 4661248 SPS: 3182  ev=0.666  ent=0.510  grad=0.90/0.50  h=0.4 c=1.6  kl=0.0783  vl=0.1273
Step: 4665344 SPS: 3182  ev=0.601  ent=0.562  grad=1.11/0.50  h=0.4 c=1.2  kl=0.0443  vl=0.1991
  vs Heur:   49W/50L/1D | score=17.7±27.7 inv=1.7 played=10.9 lanes=2.8 ddraw=2.2 pts=18
  vs Random: 110W/0L/0D | score=17.1±28.7 inv=1.6 played=10.7 lanes=2.7 ddraw=0.5 pts=17
  Self-play: 52W/50L/0D | score=10.5±29.0 inv=1.3 played=10.0 lanes=2.7 ddraw=1.2 pts=11
Step: 4669440 SPS: 3182  ev=0.614  ent=0.501  grad=1.24/0.50  h=0.3 c=1.0  kl=0.0466  vl=0.2110
Step: 4673536 SPS: 3182  ev=0.664  ent=0.526  grad=0.51/0.50  h=0.3 c=1.0  kl=0.0604  vl=0.1447
Step: 4677632 SPS: 3182  ev=0.655  ent=0.537  grad=0.58/0.50  h=0.4 c=1.2  kl=0.0407  vl=0.1121
Step: 4681728 SPS: 3182  ev=0.691  ent=0.550  grad=0.77/0.50  h=0.2 c=0.9  kl=0.0604  vl=0.1329
Step: 4685824 SPS: 3182  ev=0.612  ent=0.551  grad=0.63/0.50  h=0.3 c=0.9  kl=0.0831  vl=0.1676
Step: 4689920 SPS: 3182  ev=0.643  ent=0.524  grad=0.44/0.44  h=0.3 c=1.0  kl=0.0788  vl=0.1829
Step: 4694016 SPS: 3182  ev=0.624  ent=0.524  grad=0.44/0.44  h=0.3 c=0.9  kl=0.0814  vl=0.1530
Step: 4698112 SPS: 3182  ev=0.666  ent=0.510  grad=0.74/0.50  h=0.3 c=1.1  kl=0.0920  vl=0.1284
Step: 4702208 SPS: 3182  ev=0.604  ent=0.538  grad=1.45/0.50  h=0.4 c=1.6  kl=0.0673  vl=0.1198
Step: 4706304 SPS: 3182  ev=0.630  ent=0.506  grad=0.39/0.39  h=0.3 c=1.1  kl=0.1122  vl=0.1562
Step: 4710400 SPS: 3181  ev=0.604  ent=0.514  grad=1.06/0.50  h=0.3 c=1.1  kl=0.0814  vl=0.1591
Step: 4714496 SPS: 3182  ev=0.556  ent=0.527  grad=0.93/0.50  h=0.4 c=1.1  kl=0.0777  vl=0.1347
Step: 4718592 SPS: 3182  ev=0.657  ent=0.500  grad=1.50/0.50  h=0.3 c=1.0  kl=0.0662  vl=0.1328
Step: 4722688 SPS: 3182  ev=0.598  ent=0.505  grad=0.48/0.48  h=0.2 c=0.8  kl=0.0539  vl=0.1879
Step: 4726784 SPS: 3182  ev=0.648  ent=0.523  grad=0.30/0.30  h=0.3 c=0.9  kl=0.0622  vl=0.1637
Step: 4730880 SPS: 3182  ev=0.643  ent=0.525  grad=1.62/0.50  h=0.3 c=0.8  kl=0.0833  vl=0.1530
Step: 4734976 SPS: 3182  ev=0.649  ent=0.508  grad=0.62/0.50  h=0.3 c=0.9  kl=0.0954  vl=0.1481
Step: 4739072 SPS: 3182  ev=0.621  ent=0.548  grad=0.67/0.50  h=0.3 c=0.9  kl=0.0720  vl=0.1563
Step: 4743168 SPS: 3182  ev=0.616  ent=0.558  grad=0.44/0.44  h=0.3 c=0.9  kl=0.0834  vl=0.1593
Step: 4747264 SPS: 3182  ev=0.607  ent=0.558  grad=1.85/0.50  h=0.3 c=0.8  kl=0.0738  vl=0.1832
  vs Heur:   52W/49L/1D | score=21.1±32.5 inv=1.4 played=10.0 lanes=2.6 ddraw=2.0 pts=21
  vs Random: 106W/0L/0D | score=15.5±24.9 inv=1.2 played=9.8 lanes=2.5 ddraw=0.5 pts=16
  Self-play: 46W/58L/1D | score=8.4±22.9 inv=1.0 played=8.9 lanes=2.5 ddraw=1.1 pts=8
Step: 4751360 SPS: 3182  ev=0.611  ent=0.531  grad=0.45/0.45  h=0.3 c=0.9  kl=0.0660  vl=0.1473
Step: 4755456 SPS: 3182  ev=0.650  ent=0.569  grad=0.75/0.50  h=0.3 c=1.1  kl=0.0687  vl=0.2004
Step: 4759552 SPS: 3182  ev=0.625  ent=0.553  grad=0.74/0.50  h=0.3 c=0.9  kl=0.1090  vl=0.1453
Step: 4763648 SPS: 3182  ev=0.658  ent=0.529  grad=1.39/0.50  h=0.3 c=1.1  kl=0.0952  vl=0.1671
Step: 4767744 SPS: 3182  ev=0.638  ent=0.519  grad=1.27/0.50  h=0.2 c=1.1  kl=0.1014  vl=0.1867
Step: 4771840 SPS: 3181  ev=0.602  ent=0.541  grad=0.45/0.45  h=0.3 c=1.0  kl=0.0977  vl=0.1826
Step: 4775936 SPS: 3181  ev=0.680  ent=0.555  grad=0.57/0.50  h=0.3 c=0.9  kl=0.0446  vl=0.1524
Step: 4780032 SPS: 3181  ev=0.628  ent=0.572  grad=0.54/0.50  h=0.3 c=1.1  kl=0.0578  vl=0.2372
Step: 4784128 SPS: 3181  ev=0.626  ent=0.509  grad=0.50/0.50  h=0.2 c=0.7  kl=0.0697  vl=0.1570
Step: 4788224 SPS: 3181  ev=0.667  ent=0.517  grad=1.66/0.50  h=0.2 c=1.3  kl=0.0383  vl=0.1592
Step: 4792320 SPS: 3181  ev=0.670  ent=0.517  grad=1.42/0.50  h=0.2 c=1.0  kl=0.0559  vl=0.1979
Step: 4796416 SPS: 3181  ev=0.597  ent=0.521  grad=1.24/0.50  h=0.1 c=0.9  kl=0.0979  vl=0.2020
Step: 4800512 SPS: 3181  ev=0.660  ent=0.538  grad=1.52/0.50  h=0.2 c=1.0  kl=0.0633  vl=0.1692
Step: 4804608 SPS: 3181  ev=0.619  ent=0.523  grad=0.54/0.50  h=0.2 c=0.9  kl=0.0912  vl=0.1517
Step: 4808704 SPS: 3181  ev=0.640  ent=0.502  grad=0.92/0.50  h=0.2 c=1.5  kl=0.0535  vl=0.1993
Step: 4812800 SPS: 3181  ev=0.603  ent=0.516  grad=0.93/0.50  h=0.3 c=1.1  kl=0.0498  vl=0.1593
Step: 4816896 SPS: 3181  ev=0.653  ent=0.495  grad=0.39/0.39  h=0.2 c=1.4  kl=0.0599  vl=0.2134
Step: 4820992 SPS: 3181  ev=0.628  ent=0.518  grad=0.38/0.38  h=0.2 c=1.0  kl=0.0611  vl=0.1745
Step: 4825088 SPS: 3181  ev=0.637  ent=0.510  grad=0.62/0.50  h=0.2 c=1.1  kl=0.0704  vl=0.1919
Step: 4829184 SPS: 3181  ev=0.638  ent=0.536  grad=0.80/0.50  h=0.3 c=1.1  kl=0.0908  vl=0.1388
  vs Heur:   44W/55L/1D | score=17.1±31.0 inv=1.8 played=10.8 lanes=2.7 ddraw=2.1 pts=17
  vs Random: 108W/1L/0D | score=15.3±24.5 inv=1.4 played=10.8 lanes=2.8 ddraw=0.6 pts=15
  Self-play: 52W/51L/0D | score=7.0±29.8 inv=1.7 played=10.3 lanes=2.7 ddraw=1.2 pts=7
Step: 4833280 SPS: 3180  ev=0.694  ent=0.543  grad=0.74/0.50  h=0.3 c=1.3  kl=0.0465  vl=0.2046
Step: 4837376 SPS: 3181  ev=0.627  ent=0.487  grad=0.51/0.50  h=0.3 c=1.2  kl=0.0631  vl=0.2217
Step: 4841472 SPS: 3181  ev=0.645  ent=0.481  grad=1.44/0.50  h=0.2 c=1.2  kl=0.0620  vl=0.1625
Step: 4845568 SPS: 3181  ev=0.564  ent=0.532  grad=0.52/0.50  h=0.3 c=1.0  kl=0.0285  vl=0.1718
Step: 4849664 SPS: 3181  ev=0.554  ent=0.492  grad=1.03/0.50  h=0.2 c=1.2  kl=0.0742  vl=0.1858
Step: 4853760 SPS: 3181  ev=0.599  ent=0.502  grad=0.77/0.50  h=0.2 c=1.3  kl=0.0513  vl=0.1678
Step: 4857856 SPS: 3181  ev=0.652  ent=0.519  grad=0.55/0.50  h=0.2 c=1.0  kl=0.0401  vl=0.1734
Step: 4861952 SPS: 3181  ev=0.603  ent=0.520  grad=1.79/0.50  h=0.3 c=1.1  kl=0.0588  vl=0.1743
Step: 4866048 SPS: 3181  ev=0.651  ent=0.518  grad=0.41/0.41  h=0.3 c=1.1  kl=0.0534  vl=0.1294
Step: 4870144 SPS: 3181  ev=0.612  ent=0.510  grad=0.49/0.49  h=0.2 c=0.8  kl=0.0614  vl=0.1137
Step: 4874240 SPS: 3181  ev=0.597  ent=0.489  grad=0.74/0.50  h=0.2 c=1.0  kl=0.0595  vl=0.1814
Step: 4878336 SPS: 3181  ev=0.651  ent=0.485  grad=0.59/0.50  h=0.2 c=1.0  kl=0.0336  vl=0.2005
Step: 4882432 SPS: 3181  ev=0.615  ent=0.512  grad=0.45/0.45  h=0.2 c=0.9  kl=0.0970  vl=0.1879
Step: 4886528 SPS: 3181  ev=0.623  ent=0.526  grad=1.84/0.50  h=0.2 c=0.9  kl=0.0411  vl=0.2127
Step: 4890624 SPS: 3181  ev=0.699  ent=0.557  grad=1.60/0.50  h=0.2 c=0.7  kl=0.0597  vl=0.2054
Step: 4894720 SPS: 3181  ev=0.655  ent=0.501  grad=0.71/0.50  h=0.1 c=0.9  kl=0.0540  vl=0.1443
Step: 4898816 SPS: 3181  ev=0.658  ent=0.540  grad=0.68/0.50  h=0.2 c=1.3  kl=0.1028  vl=0.2495
Step: 4902912 SPS: 3181  ev=0.672  ent=0.539  grad=0.48/0.48  h=0.2 c=1.0  kl=0.0596  vl=0.2404
Step: 4907008 SPS: 3181  ev=0.681  ent=0.539  grad=0.66/0.50  h=0.2 c=1.0  kl=0.0578  vl=0.1759
Step: 4911104 SPS: 3181  ev=0.637  ent=0.494  grad=0.32/0.32  h=0.3 c=1.5  kl=0.0812  vl=0.2048
  vs Heur:   52W/53L/1D | score=17.4±28.2 inv=1.8 played=11.0 lanes=2.7 ddraw=2.3 pts=17
  vs Random: 107W/0L/0D | score=18.2±26.1 inv=1.4 played=11.2 lanes=2.8 ddraw=0.6 pts=18
  Self-play: 45W/56L/1D | score=10.6±23.8 inv=1.5 played=10.0 lanes=2.6 ddraw=0.9 pts=11
Step: 4915200 SPS: 3181  ev=0.648  ent=0.501  grad=1.83/0.50  h=0.3 c=1.3  kl=0.0390  vl=0.2175
Step: 4919296 SPS: 3181  ev=0.654  ent=0.541  grad=0.72/0.50  h=0.3 c=1.5  kl=0.0671  vl=0.2126
Step: 4923392 SPS: 3181  ev=0.647  ent=0.545  grad=0.97/0.50  h=0.3 c=1.9  kl=0.0775  vl=0.1467
Step: 4927488 SPS: 3181  ev=0.665  ent=0.537  grad=0.97/0.50  h=0.3 c=1.4  kl=0.0596  vl=0.0995
Step: 4931584 SPS: 3181  ev=0.660  ent=0.534  grad=0.92/0.50  h=0.4 c=1.6  kl=0.0340  vl=0.1501
Step: 4935680 SPS: 3182  ev=0.639  ent=0.539  grad=0.42/0.42  h=0.3 c=1.0  kl=0.0361  vl=0.1302
Step: 4939776 SPS: 3182  ev=0.694  ent=0.547  grad=0.62/0.50  h=0.3 c=1.3  kl=0.0502  vl=0.2343
Step: 4943872 SPS: 3182  ev=0.703  ent=0.551  grad=1.38/0.50  h=0.3 c=1.1  kl=0.0587  vl=0.1562
Step: 4947968 SPS: 3182  ev=0.663  ent=0.509  grad=1.48/0.50  h=0.2 c=1.0  kl=0.0509  vl=0.1678
Step: 4952064 SPS: 3182  ev=0.673  ent=0.530  grad=1.33/0.50  h=0.3 c=1.6  kl=0.0536  vl=0.1953
Step: 4956160 SPS: 3182  ev=0.689  ent=0.535  grad=0.62/0.50  h=0.3 c=1.6  kl=0.0386  vl=0.1492
Step: 4960256 SPS: 3182  ev=0.654  ent=0.541  grad=0.52/0.50  h=0.3 c=1.2  kl=0.0528  vl=0.1813
Step: 4964352 SPS: 3182  ev=0.627  ent=0.503  grad=0.42/0.42  h=0.2 c=0.9  kl=0.0787  vl=0.2520
Step: 4968448 SPS: 3182  ev=0.688  ent=0.499  grad=0.43/0.43  h=0.2 c=1.7  kl=0.1332  vl=0.1967
Step: 4972544 SPS: 3182  ev=0.621  ent=0.539  grad=0.81/0.50  h=0.3 c=0.9  kl=0.0412  vl=0.1265
Step: 4976640 SPS: 3181  ev=0.566  ent=0.478  grad=1.33/0.50  h=0.3 c=1.1  kl=0.0880  vl=0.1645
Step: 4980736 SPS: 3181  ev=0.663  ent=0.501  grad=1.12/0.50  h=0.4 c=1.3  kl=0.0304  vl=0.1333
Step: 4984832 SPS: 3181  ev=0.639  ent=0.478  grad=0.79/0.50  h=0.3 c=1.6  kl=0.0441  vl=0.2046
Step: 4988928 SPS: 3181  ev=0.635  ent=0.531  grad=0.99/0.50  h=0.2 c=1.0  kl=0.0643  vl=0.1799
Step: 4993024 SPS: 3181  ev=0.608  ent=0.473  grad=1.47/0.50  h=0.3 c=1.1  kl=0.0411  vl=0.2045
  vs Heur:   37W/62L/1D | score=12.9±29.6 inv=2.0 played=10.6 lanes=2.8 ddraw=1.8 pts=13
  vs Random: 103W/0L/0D | score=20.6±24.8 inv=1.5 played=11.1 lanes=2.8 ddraw=0.6 pts=21
  Self-play: 46W/55L/1D | score=11.4±26.2 inv=1.5 played=10.2 lanes=2.6 ddraw=0.9 pts=11
Step: 4997120 SPS: 3181  ev=0.660  ent=0.495  grad=0.99/0.50  h=0.2 c=1.1  kl=0.0370  vl=0.1954
Step: 5001216 SPS: 3181  ev=0.648  ent=0.481  grad=0.66/0.50  h=0.3 c=1.6  kl=0.0587  vl=0.1897
Step: 5005312 SPS: 3181  ev=0.658  ent=0.504  grad=0.40/0.40  h=0.3 c=2.0  kl=0.0399  vl=0.1743
Step: 5009408 SPS: 3182  ev=0.645  ent=0.501  grad=0.55/0.50  h=0.4 c=2.0  kl=0.0629  vl=0.1437
Step: 5013504 SPS: 3182  ev=0.672  ent=0.541  grad=1.53/0.50  h=0.3 c=1.5  kl=0.0538  vl=0.1912
Step: 5017600 SPS: 3182  ev=0.718  ent=0.528  grad=0.75/0.50  h=0.3 c=1.4  kl=0.0517  vl=0.1400
Step: 5021696 SPS: 3182  ev=0.656  ent=0.516  grad=1.83/0.50  h=0.3 c=1.8  kl=0.0507  vl=0.1673
Step: 5025792 SPS: 3182  ev=0.641  ent=0.573  grad=0.55/0.50  h=0.4 c=1.5  kl=0.0561  vl=0.2160
Step: 5029888 SPS: 3182  ev=0.648  ent=0.499  grad=1.06/0.50  h=0.3 c=1.3  kl=0.0767  vl=0.1361
Step: 5033984 SPS: 3182  ev=0.633  ent=0.508  grad=0.64/0.50  h=0.3 c=1.4  kl=0.0397  vl=0.0963
Step: 5038080 SPS: 3182  ev=0.680  ent=0.523  grad=0.51/0.50  h=0.4 c=1.5  kl=0.0492  vl=0.1756
Step: 5042176 SPS: 3183  ev=0.686  ent=0.544  grad=1.16/0.50  h=0.3 c=1.7  kl=0.0466  vl=0.1411
Step: 5046272 SPS: 3182  ev=0.660  ent=0.539  grad=0.65/0.50  h=0.4 c=1.4  kl=0.0804  vl=0.1346
Step: 5050368 SPS: 3182  ev=0.627  ent=0.565  grad=1.27/0.50  h=0.4 c=1.4  kl=0.0810  vl=0.1767
Step: 5054464 SPS: 3182  ev=0.662  ent=0.565  grad=0.45/0.45  h=0.4 c=1.4  kl=0.0372  vl=0.1828
Step: 5058560 SPS: 3182  ev=0.648  ent=0.581  grad=0.40/0.40  h=0.3 c=1.9  kl=0.0563  vl=0.1618
Step: 5062656 SPS: 3183  ev=0.666  ent=0.575  grad=0.63/0.50  h=0.3 c=1.5  kl=0.0421  vl=0.1630
Step: 5066752 SPS: 3183  ev=0.639  ent=0.576  grad=1.12/0.50  h=0.4 c=2.0  kl=0.0871  vl=0.1522
Step: 5070848 SPS: 3182  ev=0.649  ent=0.535  grad=0.65/0.50  h=0.4 c=1.1  kl=0.0710  vl=0.2546
Step: 5074944 SPS: 3183  ev=0.669  ent=0.549  grad=0.83/0.50  h=0.3 c=1.2  kl=0.0652  vl=0.1749
  vs Heur:   43W/57L/0D | score=17.3±32.9 inv=2.0 played=10.8 lanes=2.6 ddraw=1.9 pts=17
  vs Random: 106W/0L/0D | score=18.9±26.8 inv=1.6 played=10.8 lanes=2.7 ddraw=0.6 pts=19
  Self-play: 57W/48L/1D | score=13.2±21.8 inv=1.3 played=10.3 lanes=2.6 ddraw=0.7 pts=13
Step: 5079040 SPS: 3183  ev=0.649  ent=0.522  grad=1.23/0.50  h=0.3 c=1.0  kl=0.0442  vl=0.1938
Step: 5083136 SPS: 3183  ev=0.662  ent=0.546  grad=0.40/0.40  h=0.3 c=0.9  kl=0.0559  vl=0.1878
Step: 5087232 SPS: 3183  ev=0.608  ent=0.559  grad=0.59/0.50  h=0.3 c=0.9  kl=0.0663  vl=0.1964
Step: 5091328 SPS: 3183  ev=0.603  ent=0.566  grad=0.45/0.45  h=0.3 c=0.9  kl=0.0501  vl=0.1550
Step: 5095424 SPS: 3183  ev=0.643  ent=0.563  grad=1.25/0.50  h=0.3 c=1.1  kl=0.0706  vl=0.1837
Step: 5099520 SPS: 3183  ev=0.671  ent=0.539  grad=0.42/0.42  h=0.3 c=1.2  kl=0.0586  vl=0.1548
Step: 5103616 SPS: 3183  ev=0.691  ent=0.589  grad=0.51/0.50  h=0.3 c=1.2  kl=0.0741  vl=0.1459
Step: 5107712 SPS: 3183  ev=0.684  ent=0.570  grad=1.39/0.50  h=0.3 c=1.4  kl=0.0584  vl=0.1444
Step: 5111808 SPS: 3183  ev=0.621  ent=0.550  grad=1.06/0.50  h=0.3 c=1.3  kl=0.0870  vl=0.1781
Step: 5115904 SPS: 3183  ev=0.658  ent=0.513  grad=0.52/0.50  h=0.3 c=1.7  kl=0.0896  vl=0.1775
Step: 5120000 SPS: 3183  ev=0.685  ent=0.615  grad=0.51/0.50  h=0.3 c=1.0  kl=0.0765  vl=0.1947
Step: 5124096 SPS: 3183  ev=0.678  ent=0.540  grad=0.58/0.50  h=0.3 c=1.0  kl=0.0466  vl=0.1374
Step: 5128192 SPS: 3182  ev=0.661  ent=0.580  grad=0.58/0.50  h=0.3 c=1.1  kl=0.0561  vl=0.1548
Step: 5132288 SPS: 3182  ev=0.680  ent=0.569  grad=1.15/0.50  h=0.3 c=0.8  kl=0.0702  vl=0.1595
Step: 5136384 SPS: 3182  ev=0.640  ent=0.564  grad=0.49/0.49  h=0.4 c=0.8  kl=0.0756  vl=0.1967
Step: 5140480 SPS: 3182  ev=0.651  ent=0.571  grad=0.69/0.50  h=0.3 c=1.1  kl=0.0631  vl=0.1461
Step: 5144576 SPS: 3182  ev=0.591  ent=0.554  grad=0.98/0.50  h=0.3 c=1.9  kl=0.0460  vl=0.1697
Step: 5148672 SPS: 3182  ev=0.585  ent=0.573  grad=1.73/0.50  h=0.4 c=0.9  kl=0.0789  vl=0.2342
Step: 5152768 SPS: 3182  ev=0.652  ent=0.586  grad=0.55/0.50  h=0.4 c=1.0  kl=0.1566  vl=0.1638
Step: 5156864 SPS: 3182  ev=0.659  ent=0.561  grad=1.15/0.50  h=0.4 c=0.7  kl=0.0649  vl=0.1696
  vs Heur:   44W/57L/1D | score=11.8±27.3 inv=1.6 played=9.8 lanes=2.5 ddraw=1.5 pts=12
  vs Random: 102W/1L/1D | score=15.4±25.5 inv=1.5 played=10.6 lanes=2.7 ddraw=0.5 pts=15
  Self-play: 54W/50L/2D | score=9.0±20.3 inv=1.4 played=9.6 lanes=2.5 ddraw=0.6 pts=9
Step: 5160960 SPS: 3182  ev=0.656  ent=0.507  grad=1.20/0.50  h=0.3 c=1.2  kl=0.0763  vl=0.1661
Step: 5165056 SPS: 3182  ev=0.669  ent=0.579  grad=0.71/0.50  h=0.3 c=1.4  kl=0.0528  vl=0.2006
Step: 5169152 SPS: 3182  ev=0.647  ent=0.565  grad=0.40/0.40  h=0.4 c=1.3  kl=0.0633  vl=0.1897
Step: 5173248 SPS: 3182  ev=0.647  ent=0.548  grad=1.37/0.50  h=0.3 c=1.0  kl=0.0495  vl=0.1713
Step: 5177344 SPS: 3182  ev=0.637  ent=0.571  grad=0.50/0.50  h=0.3 c=1.1  kl=0.0278  vl=0.1501
Step: 5181440 SPS: 3182  ev=0.621  ent=0.581  grad=0.73/0.50  h=0.3 c=1.2  kl=0.0586  vl=0.1741
Step: 5185536 SPS: 3182  ev=0.627  ent=0.562  grad=0.59/0.50  h=0.4 c=1.4  kl=0.0732  vl=0.1711
Step: 5189632 SPS: 3182  ev=0.632  ent=0.589  grad=0.46/0.46  h=0.3 c=1.3  kl=0.0669  vl=0.1607
Step: 5193728 SPS: 3182  ev=0.595  ent=0.603  grad=1.74/0.50  h=0.3 c=0.9  kl=0.0290  vl=0.1798
Step: 5197824 SPS: 3182  ev=0.660  ent=0.601  grad=0.46/0.46  h=0.3 c=1.0  kl=0.0386  vl=0.1566
Step: 5201920 SPS: 3182  ev=0.649  ent=0.561  grad=0.50/0.50  h=0.3 c=0.8  kl=0.1177  vl=0.1425
Step: 5206016 SPS: 3182  ev=0.615  ent=0.574  grad=1.11/0.50  h=0.3 c=0.8  kl=0.0604  vl=0.1737
Step: 5210112 SPS: 3182  ev=0.652  ent=0.579  grad=0.58/0.50  h=0.3 c=1.1  kl=0.0637  vl=0.1645
Step: 5214208 SPS: 3182  ev=0.654  ent=0.612  grad=2.34/0.50  h=0.3 c=0.9  kl=0.0339  vl=0.1541
Step: 5218304 SPS: 3182  ev=0.630  ent=0.563  grad=0.45/0.45  h=0.2 c=0.8  kl=0.0874  vl=0.1528
Step: 5222400 SPS: 3182  ev=0.661  ent=0.580  grad=0.65/0.50  h=0.3 c=1.4  kl=0.0513  vl=0.1700
Step: 5226496 SPS: 3182  ev=0.684  ent=0.630  grad=1.41/0.50  h=0.3 c=0.7  kl=0.0360  vl=0.1432
Step: 5230592 SPS: 3182  ev=0.671  ent=0.604  grad=0.60/0.50  h=0.3 c=1.0  kl=0.0339  vl=0.1982
Step: 5234688 SPS: 3182  ev=0.650  ent=0.583  grad=0.52/0.50  h=0.3 c=1.1  kl=0.0653  vl=0.2585
Step: 5238784 SPS: 3182  ev=0.633  ent=0.540  grad=0.77/0.50  h=0.2 c=0.9  kl=0.1005  vl=0.1950
  vs Heur:   39W/60L/2D | score=14.4±30.0 inv=1.7 played=10.6 lanes=2.7 ddraw=2.0 pts=14
  vs Random: 104W/0L/0D | score=16.9±26.4 inv=1.5 played=10.4 lanes=2.6 ddraw=0.6 pts=17
  Self-play: 45W/56L/1D | score=8.1±19.8 inv=1.4 played=9.8 lanes=2.6 ddraw=0.5 pts=8
Step: 5242880 SPS: 3182  ev=0.661  ent=0.561  grad=1.26/0.50  h=0.3 c=1.4  kl=0.0280  vl=0.1651
Step: 5246976 SPS: 3182  ev=0.664  ent=0.587  grad=0.67/0.50  h=0.3 c=1.4  kl=0.0333  vl=0.1452
Step: 5251072 SPS: 3182  ev=0.703  ent=0.580  grad=1.46/0.50  h=0.3 c=1.7  kl=0.0690  vl=0.1735
Step: 5255168 SPS: 3182  ev=0.674  ent=0.562  grad=1.23/0.50  h=0.3 c=1.6  kl=0.0656  vl=0.1494
Step: 5259264 SPS: 3182  ev=0.658  ent=0.586  grad=0.62/0.50  h=0.4 c=1.7  kl=0.0398  vl=0.2034
Step: 5263360 SPS: 3182  ev=0.694  ent=0.563  grad=1.26/0.50  h=0.3 c=1.7  kl=0.0359  vl=0.1627
Step: 5267456 SPS: 3182  ev=0.666  ent=0.550  grad=0.98/0.50  h=0.3 c=1.1  kl=0.0582  vl=0.1419
Step: 5271552 SPS: 3182  ev=0.613  ent=0.540  grad=0.73/0.50  h=0.3 c=1.1  kl=0.0515  vl=0.2097
Step: 5275648 SPS: 3182  ev=0.654  ent=0.600  grad=1.23/0.50  h=0.4 c=1.1  kl=0.0365  vl=0.1573
Step: 5279744 SPS: 3182  ev=0.651  ent=0.605  grad=0.69/0.50  h=0.4 c=1.2  kl=0.0704  vl=0.1850
Step: 5283840 SPS: 3183  ev=0.674  ent=0.603  grad=1.34/0.50  h=0.4 c=1.0  kl=0.0389  vl=0.1974
Step: 5287936 SPS: 3182  ev=0.658  ent=0.583  grad=1.03/0.50  h=0.4 c=1.2  kl=0.0921  vl=0.1559
Step: 5292032 SPS: 3182  ev=0.636  ent=0.571  grad=0.74/0.50  h=0.4 c=1.0  kl=0.0602  vl=0.2156
Step: 5296128 SPS: 3182  ev=0.681  ent=0.585  grad=1.47/0.50  h=0.3 c=0.9  kl=0.1628  vl=0.1876
Step: 5300224 SPS: 3182  ev=0.718  ent=0.553  grad=0.86/0.50  h=0.3 c=1.5  kl=0.0644  vl=0.1810
Step: 5304320 SPS: 3182  ev=0.669  ent=0.560  grad=0.54/0.50  h=0.3 c=1.3  kl=0.0431  vl=0.1738
Step: 5308416 SPS: 3182  ev=0.664  ent=0.559  grad=0.75/0.50  h=0.3 c=1.1  kl=0.0573  vl=0.1541
Step: 5312512 SPS: 3182  ev=0.627  ent=0.520  grad=1.50/0.50  h=0.4 c=1.7  kl=0.0437  vl=0.1832
Step: 5316608 SPS: 3183  ev=0.623  ent=0.578  grad=0.44/0.44  h=0.4 c=1.4  kl=0.0762  vl=0.1726
Step: 5320704 SPS: 3182  ev=0.694  ent=0.529  grad=1.46/0.50  h=0.4 c=1.0  kl=0.0457  vl=0.1710
  vs Heur:   43W/56L/2D | score=14.7±30.7 inv=1.7 played=10.6 lanes=2.7 ddraw=2.0 pts=15
  vs Random: 99W/1L/0D | score=17.1±25.4 inv=1.5 played=10.8 lanes=2.8 ddraw=0.7 pts=17
  Self-play: 50W/49L/1D | score=12.5±23.3 inv=1.3 played=9.8 lanes=2.5 ddraw=0.7 pts=12
Step: 5324800 SPS: 3182  ev=0.643  ent=0.562  grad=0.83/0.50  h=0.4 c=1.5  kl=0.0787  vl=0.2018
Step: 5328896 SPS: 3182  ev=0.655  ent=0.516  grad=2.18/0.50  h=0.4 c=1.4  kl=0.0683  vl=0.2385
Step: 5332992 SPS: 3182  ev=0.692  ent=0.547  grad=0.59/0.50  h=0.4 c=1.4  kl=0.0417  vl=0.1572
Step: 5337088 SPS: 3183  ev=0.703  ent=0.556  grad=0.44/0.44  h=0.3 c=1.3  kl=0.0560  vl=0.1184
Step: 5341184 SPS: 3183  ev=0.629  ent=0.519  grad=0.48/0.48  h=0.4 c=1.3  kl=0.0501  vl=0.2371
Step: 5345280 SPS: 3183  ev=0.669  ent=0.539  grad=0.47/0.47  h=0.4 c=1.2  kl=0.0637  vl=0.1594
Step: 5349376 SPS: 3183  ev=0.650  ent=0.548  grad=0.61/0.50  h=0.3 c=1.2  kl=0.0368  vl=0.1922
Step: 5353472 SPS: 3183  ev=0.676  ent=0.539  grad=2.31/0.50  h=0.4 c=1.3  kl=0.0783  vl=0.2001
Step: 5357568 SPS: 3183  ev=0.636  ent=0.577  grad=0.53/0.50  h=0.3 c=1.6  kl=0.0638  vl=0.1505
Step: 5361664 SPS: 3183  ev=0.638  ent=0.553  grad=0.66/0.50  h=0.3 c=1.3  kl=0.0564  vl=0.1339
Step: 5365760 SPS: 3183  ev=0.609  ent=0.567  grad=0.60/0.50  h=0.4 c=1.2  kl=0.0442  vl=0.1530
Step: 5369856 SPS: 3183  ev=0.650  ent=0.545  grad=0.96/0.50  h=0.4 c=1.4  kl=0.0464  vl=0.1791
Step: 5373952 SPS: 3183  ev=0.686  ent=0.611  grad=0.98/0.50  h=0.3 c=1.1  kl=0.1103  vl=0.1500
Step: 5378048 SPS: 3183  ev=0.687  ent=0.598  grad=0.95/0.50  h=0.4 c=1.4  kl=0.0612  vl=0.1468
Step: 5382144 SPS: 3183  ev=0.677  ent=0.545  grad=0.72/0.50  h=0.4 c=1.6  kl=0.0550  vl=0.1859
Step: 5386240 SPS: 3183  ev=0.609  ent=0.574  grad=0.76/0.50  h=0.4 c=1.8  kl=0.0773  vl=0.1734
Step: 5390336 SPS: 3183  ev=0.662  ent=0.553  grad=0.78/0.50  h=0.3 c=1.5  kl=0.0981  vl=0.1823
Step: 5394432 SPS: 3183  ev=0.684  ent=0.579  grad=0.62/0.50  h=0.4 c=1.6  kl=0.0686  vl=0.1287
Step: 5398528 SPS: 3183  ev=0.693  ent=0.628  grad=0.84/0.50  h=0.3 c=1.0  kl=0.0398  vl=0.1271
Step: 5402624 SPS: 3183  ev=0.660  ent=0.569  grad=1.24/0.50  h=0.4 c=1.3  kl=0.0634  vl=0.1612
  vs Heur:   50W/46L/4D | score=15.5±25.4 inv=1.6 played=10.8 lanes=2.7 ddraw=2.1 pts=15
  vs Random: 109W/0L/0D | score=18.7±26.4 inv=1.2 played=10.5 lanes=2.7 ddraw=0.6 pts=19
  Self-play: 46W/52L/2D | score=10.9±25.9 inv=1.1 played=9.6 lanes=2.6 ddraw=1.1 pts=11
Step: 5406720 SPS: 3183  ev=0.607  ent=0.569  grad=0.62/0.50  h=0.3 c=1.3  kl=0.0499  vl=0.1478
Step: 5410816 SPS: 3183  ev=0.672  ent=0.621  grad=1.19/0.50  h=0.3 c=1.2  kl=0.0586  vl=0.1603
Step: 5414912 SPS: 3183  ev=0.669  ent=0.637  grad=0.64/0.50  h=0.3 c=1.2  kl=0.0571  vl=0.2064
Step: 5419008 SPS: 3183  ev=0.643  ent=0.554  grad=0.45/0.45  h=0.3 c=1.3  kl=0.0624  vl=0.1664
Step: 5423104 SPS: 3183  ev=0.715  ent=0.640  grad=1.24/0.50  h=0.4 c=1.6  kl=0.0476  vl=0.1042
Step: 5427200 SPS: 3183  ev=0.672  ent=0.572  grad=0.55/0.50  h=0.4 c=1.2  kl=0.0383  vl=0.1995
Step: 5431296 SPS: 3183  ev=0.666  ent=0.594  grad=0.68/0.50  h=0.3 c=0.8  kl=0.0331  vl=0.1327
Step: 5435392 SPS: 3183  ev=0.676  ent=0.592  grad=0.64/0.50  h=0.4 c=1.5  kl=0.0521  vl=0.1299
Step: 5439488 SPS: 3183  ev=0.672  ent=0.517  grad=1.01/0.50  h=0.3 c=1.5  kl=0.0619  vl=0.1838
Step: 5443584 SPS: 3183  ev=0.629  ent=0.617  grad=1.10/0.50  h=0.3 c=1.5  kl=0.0642  vl=0.2264
Step: 5447680 SPS: 3183  ev=0.643  ent=0.590  grad=1.22/0.50  h=0.3 c=1.0  kl=0.0596  vl=0.1586
Step: 5451776 SPS: 3183  ev=0.674  ent=0.560  grad=0.74/0.50  h=0.3 c=1.4  kl=0.0407  vl=0.1698
Step: 5455872 SPS: 3183  ev=0.630  ent=0.586  grad=0.75/0.50  h=0.3 c=1.5  kl=0.0588  vl=0.1989
Step: 5459968 SPS: 3183  ev=0.694  ent=0.597  grad=0.70/0.50  h=0.3 c=1.3  kl=0.0535  vl=0.1938
Step: 5464064 SPS: 3183  ev=0.628  ent=0.559  grad=0.50/0.50  h=0.3 c=1.7  kl=0.0579  vl=0.1724
Step: 5468160 SPS: 3183  ev=0.677  ent=0.548  grad=0.68/0.50  h=0.3 c=1.4  kl=0.0425  vl=0.1525
Step: 5472256 SPS: 3183  ev=0.668  ent=0.533  grad=0.59/0.50  h=0.4 c=1.3  kl=0.0287  vl=0.1213
Step: 5476352 SPS: 3183  ev=0.675  ent=0.536  grad=0.45/0.45  h=0.2 c=0.7  kl=0.0484  vl=0.1458
Step: 5480448 SPS: 3183  ev=0.678  ent=0.616  grad=0.40/0.40  h=0.2 c=0.8  kl=0.0557  vl=0.1725
Step: 5484544 SPS: 3183  ev=0.676  ent=0.553  grad=0.58/0.50  h=0.2 c=0.9  kl=0.0452  vl=0.1587
  vs Heur:   41W/58L/1D | score=15.0±27.0 inv=1.8 played=10.9 lanes=2.8 ddraw=1.8 pts=15
  vs Random: 108W/2L/0D | score=18.5±23.2 inv=1.4 played=10.5 lanes=2.6 ddraw=0.7 pts=18
  Self-play: 53W/47L/1D | score=10.2±17.8 inv=1.4 played=9.6 lanes=2.4 ddraw=0.9 pts=10
Step: 5488640 SPS: 3183  ev=0.646  ent=0.572  grad=0.77/0.50  h=0.2 c=0.6  kl=0.0599  vl=0.1407
Step: 5492736 SPS: 3183  ev=0.640  ent=0.577  grad=1.19/0.50  h=0.3 c=0.7  kl=0.0575  vl=0.1328
Step: 5496832 SPS: 3183  ev=0.655  ent=0.605  grad=0.79/0.50  h=0.3 c=1.2  kl=0.0542  vl=0.1739
Step: 5500928 SPS: 3183  ev=0.667  ent=0.558  grad=0.50/0.50  h=0.3 c=1.0  kl=0.0343  vl=0.1452
Step: 5505024 SPS: 3183  ev=0.672  ent=0.552  grad=0.54/0.50  h=0.3 c=1.1  kl=0.0399  vl=0.1443
Step: 5509120 SPS: 3183  ev=0.626  ent=0.563  grad=0.91/0.50  h=0.3 c=0.9  kl=0.0758  vl=0.1937
Step: 5513216 SPS: 3183  ev=0.658  ent=0.546  grad=0.49/0.49  h=0.3 c=1.2  kl=0.0464  vl=0.1658
Step: 5517312 SPS: 3182  ev=0.670  ent=0.561  grad=1.35/0.50  h=0.3 c=1.3  kl=0.0498  vl=0.1772
Step: 5521408 SPS: 3182  ev=0.645  ent=0.542  grad=0.34/0.34  h=0.3 c=1.0  kl=0.0497  vl=0.1896
Step: 5525504 SPS: 3182  ev=0.653  ent=0.567  grad=1.14/0.50  h=0.2 c=1.4  kl=0.0679  vl=0.2006
Step: 5529600 SPS: 3183  ev=0.684  ent=0.556  grad=0.83/0.50  h=0.2 c=0.9  kl=0.0988  vl=0.1990
Step: 5533696 SPS: 3183  ev=0.706  ent=0.569  grad=0.47/0.47  h=0.3 c=1.4  kl=0.0601  vl=0.1551
Step: 5537792 SPS: 3183  ev=0.697  ent=0.593  grad=0.45/0.45  h=0.1 c=0.4  kl=0.0591  vl=0.1170
Step: 5541888 SPS: 3183  ev=0.654  ent=0.558  grad=0.85/0.50  h=0.2 c=0.5  kl=0.0665  vl=0.1369
Step: 5545984 SPS: 3183  ev=0.657  ent=0.550  grad=0.65/0.50  h=0.1 c=1.0  kl=0.0526  vl=0.1549
Step: 5550080 SPS: 3182  ev=0.614  ent=0.581  grad=0.63/0.50  h=0.2 c=0.7  kl=0.0716  vl=0.1560
Step: 5554176 SPS: 3182  ev=0.675  ent=0.598  grad=0.49/0.49  h=0.2 c=0.5  kl=0.0609  vl=0.1685
Step: 5558272 SPS: 3182  ev=0.668  ent=0.532  grad=0.76/0.50  h=0.1 c=0.5  kl=0.0740  vl=0.1697
Step: 5562368 SPS: 3182  ev=0.659  ent=0.590  grad=0.64/0.50  h=0.2 c=0.5  kl=0.0510  vl=0.1868
Step: 5566464 SPS: 3182  ev=0.661  ent=0.585  grad=0.44/0.44  h=0.2 c=0.4  kl=0.0525  vl=0.1682
  vs Heur:   54W/48L/1D | score=19.3±32.1 inv=1.7 played=10.8 lanes=2.7 ddraw=2.0 pts=19
  vs Random: 110W/0L/0D | score=17.2±21.1 inv=1.2 played=10.5 lanes=2.7 ddraw=0.6 pts=17
  Self-play: 50W/55L/0D | score=14.7±23.5 inv=1.2 played=9.9 lanes=2.5 ddraw=0.9 pts=15
Step: 5570560 SPS: 3182  ev=0.653  ent=0.588  grad=0.46/0.46  h=0.2 c=0.5  kl=0.0833  vl=0.1347
Step: 5574656 SPS: 3182  ev=0.644  ent=0.572  grad=0.72/0.50  h=0.1 c=0.6  kl=0.0608  vl=0.1223
Step: 5578752 SPS: 3182  ev=0.685  ent=0.575  grad=0.60/0.50  h=0.2 c=0.5  kl=0.0437  vl=0.1494
Step: 5582848 SPS: 3182  ev=0.614  ent=0.528  grad=1.49/0.50  h=0.2 c=0.6  kl=0.0437  vl=0.1517
Step: 5586944 SPS: 3182  ev=0.637  ent=0.510  grad=0.61/0.50  h=0.1 c=0.8  kl=0.0713  vl=0.1543
Step: 5591040 SPS: 3182  ev=0.673  ent=0.553  grad=0.46/0.46  h=0.1 c=0.7  kl=0.0373  vl=0.1572
Step: 5595136 SPS: 3182  ev=0.670  ent=0.555  grad=1.31/0.50  h=0.2 c=0.8  kl=0.0629  vl=0.1519
Step: 5599232 SPS: 3182  ev=0.688  ent=0.574  grad=0.54/0.50  h=0.2 c=1.1  kl=0.0335  vl=0.1371
Step: 5603328 SPS: 3182  ev=0.646  ent=0.567  grad=1.23/0.50  h=0.2 c=0.6  kl=0.0694  vl=0.1643
Step: 5607424 SPS: 3182  ev=0.694  ent=0.565  grad=0.86/0.50  h=0.2 c=0.8  kl=0.0453  vl=0.1682
Step: 5611520 SPS: 3182  ev=0.632  ent=0.558  grad=0.95/0.50  h=0.2 c=0.7  kl=0.0382  vl=0.1515
Step: 5615616 SPS: 3182  ev=0.668  ent=0.569  grad=0.74/0.50  h=0.3 c=0.8  kl=0.0565  vl=0.1513
Step: 5619712 SPS: 3182  ev=0.679  ent=0.588  grad=1.68/0.50  h=0.2 c=0.6  kl=0.0651  vl=0.1604
Step: 5623808 SPS: 3182  ev=0.652  ent=0.561  grad=1.08/0.50  h=0.2 c=0.9  kl=0.0585  vl=0.1392
Step: 5627904 SPS: 3182  ev=0.679  ent=0.591  grad=1.27/0.50  h=0.3 c=0.8  kl=0.0908  vl=0.1958
Step: 5632000 SPS: 3182  ev=0.676  ent=0.584  grad=0.62/0.50  h=0.1 c=0.8  kl=0.0373  vl=0.1336
Step: 5636096 SPS: 3182  ev=0.669  ent=0.605  grad=0.54/0.50  h=0.2 c=0.8  kl=0.0729  vl=0.1448
Step: 5640192 SPS: 3182  ev=0.692  ent=0.573  grad=0.45/0.45  h=0.2 c=0.8  kl=0.0723  vl=0.1971
Step: 5644288 SPS: 3182  ev=0.634  ent=0.581  grad=0.57/0.50  h=0.2 c=0.7  kl=0.0721  vl=0.1625
Step: 5648384 SPS: 3182  ev=0.657  ent=0.597  grad=0.78/0.50  h=0.2 c=0.5  kl=0.0570  vl=0.1789
  vs Heur:   44W/60L/0D | score=12.5±25.5 inv=1.5 played=10.6 lanes=2.8 ddraw=2.2 pts=12
  vs Random: 109W/0L/0D | score=19.3±24.6 inv=1.3 played=10.7 lanes=2.7 ddraw=0.5 pts=19
  Self-play: 48W/51L/2D | score=10.5±21.2 inv=1.2 played=10.1 lanes=2.7 ddraw=1.2 pts=10
Step: 5652480 SPS: 3182  ev=0.689  ent=0.605  grad=0.63/0.50  h=0.2 c=0.6  kl=0.0715  vl=0.1704
Step: 5656576 SPS: 3182  ev=0.642  ent=0.561  grad=0.48/0.48  h=0.1 c=0.8  kl=0.0768  vl=0.1598
Step: 5660672 SPS: 3182  ev=0.679  ent=0.566  grad=0.41/0.41  h=0.2 c=0.7  kl=0.0418  vl=0.1465
Step: 5664768 SPS: 3182  ev=0.703  ent=0.553  grad=0.49/0.49  h=0.2 c=0.6  kl=0.0742  vl=0.1373
Step: 5668864 SPS: 3182  ev=0.660  ent=0.593  grad=0.45/0.45  h=0.1 c=0.5  kl=0.0838  vl=0.1909
Step: 5672960 SPS: 3182  ev=0.647  ent=0.562  grad=1.30/0.50  h=0.2 c=0.6  kl=0.0964  vl=0.1774
Step: 5677056 SPS: 3182  ev=0.665  ent=0.601  grad=0.45/0.45  h=0.1 c=0.8  kl=0.0449  vl=0.1237
Step: 5681152 SPS: 3182  ev=0.658  ent=0.588  grad=0.69/0.50  h=0.1 c=0.7  kl=0.0698  vl=0.1395
Step: 5685248 SPS: 3182  ev=0.670  ent=0.588  grad=1.36/0.50  h=0.1 c=0.7  kl=0.0541  vl=0.1490
Step: 5689344 SPS: 3182  ev=0.697  ent=0.612  grad=0.52/0.50  h=0.1 c=0.6  kl=0.0586  vl=0.1390
Step: 5693440 SPS: 3182  ev=0.693  ent=0.620  grad=0.49/0.49  h=0.2 c=1.2  kl=0.0597  vl=0.1566
Step: 5697536 SPS: 3182  ev=0.660  ent=0.588  grad=0.98/0.50  h=0.2 c=1.0  kl=0.0551  vl=0.1976
Step: 5701632 SPS: 3182  ev=0.687  ent=0.573  grad=0.75/0.50  h=0.2 c=0.9  kl=0.0478  vl=0.2017
Step: 5705728 SPS: 3182  ev=0.671  ent=0.622  grad=0.44/0.44  h=0.2 c=1.6  kl=0.0524  vl=0.1782
Step: 5709824 SPS: 3182  ev=0.637  ent=0.576  grad=0.43/0.43  h=0.2 c=1.4  kl=0.0500  vl=0.1514
Step: 5713920 SPS: 3182  ev=0.678  ent=0.575  grad=0.57/0.50  h=0.2 c=1.1  kl=0.0555  vl=0.1125
Step: 5718016 SPS: 3182  ev=0.646  ent=0.596  grad=0.72/0.50  h=0.2 c=1.5  kl=0.0691  vl=0.1786
Step: 5722112 SPS: 3182  ev=0.650  ent=0.582  grad=0.91/0.50  h=0.2 c=0.7  kl=0.0435  vl=0.1659
Step: 5726208 SPS: 3182  ev=0.655  ent=0.571  grad=0.66/0.50  h=0.2 c=0.9  kl=0.0385  vl=0.1820
Step: 5730304 SPS: 3182  ev=0.690  ent=0.566  grad=0.68/0.50  h=0.2 c=1.0  kl=0.0419  vl=0.1482
  vs Heur:   42W/59L/0D | score=13.5±27.5 inv=1.3 played=10.1 lanes=2.6 ddraw=2.0 pts=13
  vs Random: 105W/0L/0D | score=18.9±23.1 inv=1.2 played=10.3 lanes=2.6 ddraw=0.4 pts=19
  Self-play: 52W/48L/2D | score=12.7±22.2 inv=1.3 played=10.3 lanes=2.7 ddraw=1.3 pts=13
Step: 5734400 SPS: 3182  ev=0.689  ent=0.574  grad=0.59/0.50  h=0.2 c=1.1  kl=0.0552  vl=0.1166
Step: 5738496 SPS: 3182  ev=0.658  ent=0.624  grad=0.72/0.50  h=0.2 c=1.2  kl=0.0510  vl=0.1517
Step: 5742592 SPS: 3182  ev=0.680  ent=0.544  grad=1.03/0.50  h=0.1 c=0.9  kl=0.0414  vl=0.1347
Step: 5746688 SPS: 3182  ev=0.666  ent=0.547  grad=0.64/0.50  h=0.2 c=0.9  kl=0.0514  vl=0.1364
Step: 5750784 SPS: 3182  ev=0.674  ent=0.563  grad=0.78/0.50  h=0.2 c=0.8  kl=0.0416  vl=0.1609
Step: 5754880 SPS: 3182  ev=0.668  ent=0.629  grad=0.82/0.50  h=0.2 c=1.1  kl=0.1535  vl=0.1536
Step: 5758976 SPS: 3182  ev=0.674  ent=0.587  grad=0.43/0.43  h=0.2 c=0.8  kl=0.0546  vl=0.1866
Step: 5763072 SPS: 3182  ev=0.671  ent=0.596  grad=0.42/0.42  h=0.2 c=1.3  kl=0.0615  vl=0.1395
Step: 5767168 SPS: 3182  ev=0.669  ent=0.562  grad=0.36/0.36  h=0.2 c=1.2  kl=0.0634  vl=0.1635
Step: 5771264 SPS: 3182  ev=0.693  ent=0.628  grad=0.66/0.50  h=0.2 c=1.1  kl=0.0527  vl=0.1117
Step: 5775360 SPS: 3182  ev=0.687  ent=0.564  grad=0.56/0.50  h=0.2 c=1.0  kl=0.0376  vl=0.1175
Step: 5779456 SPS: 3182  ev=0.680  ent=0.563  grad=1.02/0.50  h=0.2 c=1.2  kl=0.0568  vl=0.1521
Step: 5783552 SPS: 3182  ev=0.609  ent=0.602  grad=0.70/0.50  h=0.2 c=0.9  kl=0.0435  vl=0.1915
Step: 5787648 SPS: 3182  ev=0.624  ent=0.560  grad=0.80/0.50  h=0.2 c=0.9  kl=0.0403  vl=0.1337
Step: 5791744 SPS: 3182  ev=0.659  ent=0.575  grad=0.48/0.48  h=0.3 c=0.8  kl=0.0777  vl=0.1259
Step: 5795840 SPS: 3182  ev=0.674  ent=0.601  grad=0.93/0.50  h=0.2 c=0.8  kl=0.0950  vl=0.1739
Step: 5799936 SPS: 3182  ev=0.685  ent=0.540  grad=0.51/0.50  h=0.2 c=1.2  kl=0.0456  vl=0.1479
Step: 5804032 SPS: 3182  ev=0.711  ent=0.577  grad=1.37/0.50  h=0.2 c=1.0  kl=0.0616  vl=0.1328
Step: 5808128 SPS: 3182  ev=0.698  ent=0.548  grad=1.35/0.50  h=0.3 c=1.3  kl=0.0617  vl=0.1689
Step: 5812224 SPS: 3182  ev=0.674  ent=0.607  grad=0.61/0.50  h=0.3 c=1.2  kl=0.0463  vl=0.1987
  vs Heur:   39W/61L/0D | score=12.8±28.9 inv=1.4 played=10.3 lanes=2.7 ddraw=1.9 pts=13
  vs Random: 107W/0L/0D | score=18.0±20.2 inv=1.0 played=10.5 lanes=2.7 ddraw=0.6 pts=18
  Self-play: 58W/44L/1D | score=11.3±20.9 inv=1.2 played=10.0 lanes=2.7 ddraw=1.3 pts=11
Step: 5816320 SPS: 3182  ev=0.671  ent=0.591  grad=0.37/0.37  h=0.3 c=1.4  kl=0.0366  vl=0.1948
Step: 5820416 SPS: 3182  ev=0.671  ent=0.577  grad=0.47/0.47  h=0.2 c=1.8  kl=0.0695  vl=0.2009
Step: 5824512 SPS: 3182  ev=0.609  ent=0.554  grad=0.64/0.50  h=0.3 c=1.4  kl=0.0462  vl=0.1442
Step: 5828608 SPS: 3182  ev=0.694  ent=0.592  grad=0.64/0.50  h=0.3 c=1.2  kl=0.0704  vl=0.1293
Step: 5832704 SPS: 3182  ev=0.697  ent=0.609  grad=0.74/0.50  h=0.2 c=1.4  kl=0.0398  vl=0.2108
Step: 5836800 SPS: 3182  ev=0.712  ent=0.578  grad=0.98/0.50  h=0.3 c=1.6  kl=0.0632  vl=0.1820
Step: 5840896 SPS: 3182  ev=0.638  ent=0.590  grad=0.49/0.49  h=0.2 c=1.5  kl=0.0395  vl=0.1739
Step: 5844992 SPS: 3183  ev=0.700  ent=0.544  grad=1.42/0.50  h=0.2 c=1.4  kl=0.0469  vl=0.1899
Step: 5849088 SPS: 3183  ev=0.635  ent=0.605  grad=0.73/0.50  h=0.3 c=1.7  kl=0.0829  vl=0.1745
Step: 5853184 SPS: 3183  ev=0.674  ent=0.598  grad=0.52/0.50  h=0.2 c=1.4  kl=0.0481  vl=0.1329
Step: 5857280 SPS: 3183  ev=0.674  ent=0.591  grad=0.47/0.47  h=0.2 c=1.5  kl=0.0528  vl=0.1697
Step: 5861376 SPS: 3183  ev=0.654  ent=0.579  grad=0.51/0.50  h=0.2 c=1.4  kl=0.0972  vl=0.2221
Step: 5865472 SPS: 3183  ev=0.659  ent=0.565  grad=1.41/0.50  h=0.2 c=1.1  kl=0.0850  vl=0.1216
Step: 5869568 SPS: 3183  ev=0.646  ent=0.553  grad=0.33/0.33  h=0.2 c=1.1  kl=0.0490  vl=0.1478
Step: 5873664 SPS: 3182  ev=0.679  ent=0.555  grad=1.63/0.50  h=0.1 c=1.2  kl=0.0666  vl=0.1564
Step: 5877760 SPS: 3183  ev=0.707  ent=0.530  grad=0.51/0.50  h=0.1 c=0.9  kl=0.0480  vl=0.1848
Step: 5881856 SPS: 3183  ev=0.624  ent=0.553  grad=0.60/0.50  h=0.2 c=1.1  kl=0.0799  vl=0.1979
Step: 5885952 SPS: 3183  ev=0.666  ent=0.537  grad=0.42/0.42  h=0.2 c=1.4  kl=0.0602  vl=0.1530
Step: 5890048 SPS: 3183  ev=0.677  ent=0.524  grad=0.93/0.50  h=0.1 c=1.1  kl=0.0737  vl=0.1660
Step: 5894144 SPS: 3183  ev=0.700  ent=0.546  grad=0.89/0.50  h=0.2 c=1.1  kl=0.0581  vl=0.1830
  vs Heur:   50W/50L/0D | score=18.8±28.4 inv=1.5 played=10.7 lanes=2.7 ddraw=2.0 pts=19
  vs Random: 107W/0L/0D | score=13.6±22.8 inv=1.3 played=10.7 lanes=2.8 ddraw=0.5 pts=14
  Self-play: 53W/49L/1D | score=12.9±25.5 inv=1.4 played=10.9 lanes=2.8 ddraw=1.5 pts=13
Step: 5898240 SPS: 3183  ev=0.632  ent=0.517  grad=1.18/0.50  h=0.1 c=0.9  kl=0.0546  vl=0.1708
Step: 5902336 SPS: 3183  ev=0.651  ent=0.531  grad=0.89/0.50  h=0.1 c=1.1  kl=0.0449  vl=0.1894
Step: 5906432 SPS: 3183  ev=0.706  ent=0.513  grad=0.56/0.50  h=0.2 c=1.2  kl=0.0283  vl=0.1158
Step: 5910528 SPS: 3183  ev=0.592  ent=0.516  grad=1.23/0.50  h=0.1 c=1.3  kl=0.0720  vl=0.2348
Step: 5914624 SPS: 3183  ev=0.700  ent=0.574  grad=0.53/0.50  h=0.2 c=1.2  kl=0.0646  vl=0.1466
Step: 5918720 SPS: 3183  ev=0.678  ent=0.545  grad=0.44/0.44  h=0.2 c=1.5  kl=0.0432  vl=0.1487
Step: 5922816 SPS: 3183  ev=0.671  ent=0.575  grad=0.63/0.50  h=0.2 c=1.3  kl=0.0460  vl=0.1986
Step: 5926912 SPS: 3183  ev=0.685  ent=0.573  grad=0.56/0.50  h=0.2 c=1.4  kl=0.0629  vl=0.1581
Step: 5931008 SPS: 3183  ev=0.620  ent=0.558  grad=0.50/0.50  h=0.2 c=1.4  kl=0.0571  vl=0.1393
Step: 5935104 SPS: 3183  ev=0.656  ent=0.561  grad=1.11/0.50  h=0.3 c=1.6  kl=0.0436  vl=0.1404
Step: 5939200 SPS: 3182  ev=0.685  ent=0.519  grad=0.81/0.50  h=0.2 c=1.8  kl=0.0270  vl=0.1228
Step: 5943296 SPS: 3182  ev=0.637  ent=0.565  grad=0.66/0.50  h=0.2 c=1.9  kl=0.0747  vl=0.1464
Step: 5947392 SPS: 3182  ev=0.653  ent=0.532  grad=0.42/0.42  h=0.2 c=1.5  kl=0.0902  vl=0.1382
Step: 5951488 SPS: 3182  ev=0.658  ent=0.520  grad=0.57/0.50  h=0.2 c=1.5  kl=0.0907  vl=0.1553
Step: 5955584 SPS: 3183  ev=0.664  ent=0.546  grad=1.12/0.50  h=0.2 c=1.2  kl=0.0730  vl=0.1320
Step: 5959680 SPS: 3183  ev=0.660  ent=0.560  grad=0.89/0.50  h=0.2 c=1.2  kl=0.0407  vl=0.1169
Step: 5963776 SPS: 3182  ev=0.629  ent=0.583  grad=0.77/0.50  h=0.1 c=1.0  kl=0.0546  vl=0.1106
Step: 5967872 SPS: 3182  ev=0.658  ent=0.549  grad=0.94/0.50  h=0.1 c=1.0  kl=0.0774  vl=0.1856
Step: 5971968 SPS: 3182  ev=0.670  ent=0.533  grad=0.56/0.50  h=0.2 c=1.3  kl=0.0371  vl=0.1363
Step: 5976064 SPS: 3182  ev=0.681  ent=0.590  grad=0.65/0.50  h=0.2 c=1.6  kl=0.0496  vl=0.1537
  vs Heur:   48W/56L/1D | score=19.7±30.9 inv=1.7 played=11.0 lanes=2.8 ddraw=2.2 pts=20
  vs Random: 99W/1L/0D | score=18.4±25.5 inv=1.6 played=11.3 lanes=2.8 ddraw=0.5 pts=18
  Self-play: 60W/39L/1D | score=13.4±20.7 inv=1.4 played=11.2 lanes=2.8 ddraw=1.1 pts=13
Step: 5980160 SPS: 3182  ev=0.607  ent=0.540  grad=0.91/0.50  h=0.1 c=0.8  kl=0.0522  vl=0.1932
Step: 5984256 SPS: 3182  ev=0.668  ent=0.503  grad=0.71/0.50  h=0.2 c=1.3  kl=0.0705  vl=0.1792
Step: 5988352 SPS: 3182  ev=0.628  ent=0.517  grad=0.87/0.50  h=0.1 c=1.4  kl=0.0517  vl=0.1879
Step: 5992448 SPS: 3182  ev=0.633  ent=0.560  grad=0.87/0.50  h=0.2 c=1.1  kl=0.0646  vl=0.1191
Step: 5996544 SPS: 3182  ev=0.697  ent=0.572  grad=0.49/0.49  h=0.1 c=1.5  kl=0.0777  vl=0.1561
Step: 6000640 SPS: 3182  ev=0.654  ent=0.568  grad=0.98/0.50  h=0.2 c=1.6  kl=0.0400  vl=0.1650
Step: 6004736 SPS: 3182  ev=0.677  ent=0.547  grad=0.76/0.50  h=0.2 c=1.2  kl=0.0596  vl=0.1487
Step: 6008832 SPS: 3182  ev=0.679  ent=0.595  grad=0.93/0.50  h=0.1 c=0.8  kl=0.0687  vl=0.1575
Step: 6012928 SPS: 3182  ev=0.654  ent=0.571  grad=0.92/0.50  h=0.2 c=1.0  kl=0.0674  vl=0.1806
Step: 6017024 SPS: 3181  ev=0.632  ent=0.543  grad=1.11/0.50  h=0.2 c=1.1  kl=0.0474  vl=0.1585
Step: 6021120 SPS: 3181  ev=0.681  ent=0.594  grad=0.83/0.50  h=0.1 c=0.9  kl=0.0548  vl=0.1480
Step: 6025216 SPS: 3181  ev=0.674  ent=0.525  grad=0.72/0.50  h=0.2 c=1.0  kl=0.0540  vl=0.1559
Step: 6029312 SPS: 3181  ev=0.598  ent=0.552  grad=0.76/0.50  h=0.1 c=0.8  kl=0.0519  vl=0.1593
Step: 6033408 SPS: 3181  ev=0.631  ent=0.554  grad=0.51/0.50  h=0.1 c=1.1  kl=0.0611  vl=0.1987
Step: 6037504 SPS: 3181  ev=0.667  ent=0.562  grad=0.82/0.50  h=0.1 c=0.9  kl=0.0487  vl=0.1254
Step: 6041600 SPS: 3181  ev=0.616  ent=0.568  grad=0.45/0.45  h=0.1 c=0.9  kl=0.0480  vl=0.2191
Step: 6045696 SPS: 3181  ev=0.618  ent=0.552  grad=0.57/0.50  h=0.2 c=1.0  kl=0.0461  vl=0.1549
Step: 6049792 SPS: 3181  ev=0.598  ent=0.574  grad=0.42/0.42  h=0.2 c=0.9  kl=0.0591  vl=0.1577
Step: 6053888 SPS: 3181  ev=0.671  ent=0.555  grad=0.49/0.49  h=0.1 c=1.0  kl=0.0653  vl=0.1507
Step: 6057984 SPS: 3181  ev=0.622  ent=0.552  grad=0.83/0.50  h=0.2 c=1.0  kl=0.0468  vl=0.1442
  vs Heur:   54W/48L/0D | score=19.6±27.3 inv=1.9 played=11.7 lanes=2.8 ddraw=2.3 pts=20
  vs Random: 99W/1L/0D | score=19.7±24.5 inv=1.7 played=11.7 lanes=2.8 ddraw=0.6 pts=20
  Self-play: 52W/51L/1D | score=10.3±21.8 inv=1.2 played=10.4 lanes=2.7 ddraw=1.2 pts=10
Step: 6062080 SPS: 3182  ev=0.657  ent=0.600  grad=0.87/0.50  h=0.2 c=0.8  kl=0.0621  vl=0.2227
Step: 6066176 SPS: 3181  ev=0.617  ent=0.559  grad=0.48/0.48  h=0.2 c=1.2  kl=0.0545  vl=0.1810
Step: 6070272 SPS: 3182  ev=0.696  ent=0.518  grad=0.57/0.50  h=0.1 c=1.0  kl=0.0405  vl=0.1055
Step: 6074368 SPS: 3182  ev=0.649  ent=0.570  grad=0.48/0.48  h=0.2 c=1.1  kl=0.0666  vl=0.2087
Step: 6078464 SPS: 3182  ev=0.626  ent=0.573  grad=0.52/0.50  h=0.1 c=0.9  kl=0.0516  vl=0.1411
Step: 6082560 SPS: 3182  ev=0.627  ent=0.594  grad=1.08/0.50  h=0.2 c=1.0  kl=0.0429  vl=0.1919
Step: 6086656 SPS: 3182  ev=0.670  ent=0.522  grad=0.36/0.36  h=0.1 c=1.1  kl=0.0462  vl=0.1436
Step: 6090752 SPS: 3182  ev=0.639  ent=0.582  grad=0.94/0.50  h=0.1 c=1.0  kl=0.0543  vl=0.1448
Step: 6094848 SPS: 3182  ev=0.673  ent=0.514  grad=0.82/0.50  h=0.2 c=0.9  kl=0.0455  vl=0.1734
Step: 6098944 SPS: 3182  ev=0.618  ent=0.599  grad=1.00/0.50  h=0.1 c=0.7  kl=0.0719  vl=0.2040
Step: 6103040 SPS: 3182  ev=0.647  ent=0.575  grad=0.45/0.45  h=0.1 c=1.2  kl=0.0443  vl=0.1372
Step: 6107136 SPS: 3182  ev=0.653  ent=0.559  grad=0.42/0.42  h=0.1 c=0.8  kl=0.0568  vl=0.1256
Step: 6111232 SPS: 3181  ev=0.636  ent=0.552  grad=0.48/0.48  h=0.1 c=0.8  kl=0.0685  vl=0.1437
Step: 6115328 SPS: 3181  ev=0.656  ent=0.575  grad=0.52/0.50  h=0.2 c=0.9  kl=0.0456  vl=0.1751
Step: 6119424 SPS: 3181  ev=0.657  ent=0.588  grad=1.23/0.50  h=0.1 c=0.7  kl=0.0467  vl=0.1394
Step: 6123520 SPS: 3181  ev=0.654  ent=0.565  grad=0.42/0.42  h=0.1 c=0.5  kl=0.0573  vl=0.1490
Step: 6127616 SPS: 3181  ev=0.625  ent=0.583  grad=0.41/0.41  h=0.1 c=0.7  kl=0.0639  vl=0.1550
Step: 6131712 SPS: 3182  ev=0.630  ent=0.598  grad=0.77/0.50  h=0.1 c=0.5  kl=0.0442  vl=0.2083
Step: 6135808 SPS: 3182  ev=0.658  ent=0.583  grad=0.76/0.50  h=0.1 c=0.6  kl=0.0602  vl=0.1550
Step: 6139904 SPS: 3182  ev=0.622  ent=0.567  grad=0.47/0.47  h=0.1 c=0.6  kl=0.0750  vl=0.1940
  vs Heur:   51W/48L/2D | score=19.3±34.0 inv=1.7 played=10.9 lanes=2.7 ddraw=2.1 pts=19
  vs Random: 111W/0L/0D | score=20.0±21.6 inv=1.5 played=11.7 lanes=2.8 ddraw=0.5 pts=20
  Self-play: 46W/53L/2D | score=9.4±22.0 inv=1.5 played=10.4 lanes=2.8 ddraw=1.5 pts=9
Step: 6144000 SPS: 3182  ev=0.697  ent=0.560  grad=1.20/0.50  h=0.1 c=0.5  kl=0.0492  vl=0.1719
Step: 6148096 SPS: 3182  ev=0.634  ent=0.571  grad=0.72/0.50  h=0.2 c=0.6  kl=0.0858  vl=0.2152
Step: 6152192 SPS: 3182  ev=0.634  ent=0.546  grad=0.60/0.50  h=0.2 c=0.6  kl=0.0522  vl=0.1631
Step: 6156288 SPS: 3182  ev=0.674  ent=0.582  grad=0.56/0.50  h=0.0 c=0.6  kl=0.0722  vl=0.1513
Step: 6160384 SPS: 3182  ev=0.648  ent=0.570  grad=1.07/0.50  h=0.2 c=0.9  kl=0.0573  vl=0.1612
Step: 6164480 SPS: 3182  ev=0.640  ent=0.558  grad=0.73/0.50  h=0.1 c=0.7  kl=0.0354  vl=0.1519
Step: 6168576 SPS: 3182  ev=0.630  ent=0.545  grad=0.39/0.39  h=0.1 c=0.6  kl=0.0566  vl=0.1391
Step: 6172672 SPS: 3182  ev=0.662  ent=0.540  grad=0.78/0.50  h=0.1 c=0.5  kl=0.0529  vl=0.1448
Step: 6176768 SPS: 3182  ev=0.630  ent=0.514  grad=0.50/0.50  h=0.1 c=0.4  kl=0.0460  vl=0.1853
Step: 6180864 SPS: 3182  ev=0.671  ent=0.572  grad=0.45/0.45  h=0.2 c=0.6  kl=0.0776  vl=0.1512
Step: 6184960 SPS: 3182  ev=0.651  ent=0.544  grad=0.65/0.50  h=0.0 c=0.3  kl=0.0386  vl=0.1594
Step: 6189056 SPS: 3182  ev=0.666  ent=0.571  grad=0.64/0.50  h=0.1 c=0.3  kl=0.0567  vl=0.1384
Step: 6193152 SPS: 3182  ev=0.669  ent=0.505  grad=0.62/0.50  h=0.1 c=0.5  kl=0.0670  vl=0.1337
Step: 6197248 SPS: 3182  ev=0.614  ent=0.532  grad=0.40/0.40  h=0.1 c=0.4  kl=0.0826  vl=0.1963
Step: 6201344 SPS: 3182  ev=0.657  ent=0.548  grad=0.76/0.50  h=0.2 c=0.4  kl=0.0602  vl=0.1666
Step: 6205440 SPS: 3182  ev=0.633  ent=0.517  grad=0.60/0.50  h=0.1 c=0.3  kl=0.0376  vl=0.1350
Step: 6209536 SPS: 3182  ev=0.704  ent=0.547  grad=0.90/0.50  h=0.1 c=0.3  kl=0.0414  vl=0.1398
Step: 6213632 SPS: 3182  ev=0.636  ent=0.580  grad=1.03/0.50  h=0.1 c=0.4  kl=0.0836  vl=0.2264
Step: 6217728 SPS: 3182  ev=0.676  ent=0.560  grad=0.96/0.50  h=0.1 c=0.3  kl=0.0678  vl=0.1386
Step: 6221824 SPS: 3182  ev=0.645  ent=0.543  grad=0.59/0.50  h=0.1 c=0.3  kl=0.1064  vl=0.1747
  vs Heur:   54W/49L/1D | score=18.8±31.5 inv=1.8 played=11.7 lanes=2.9 ddraw=2.6 pts=19
  vs Random: 102W/0L/0D | score=19.1±24.4 inv=1.6 played=11.5 lanes=2.8 ddraw=0.6 pts=19
  Self-play: 57W/50L/0D | score=12.9±22.4 inv=1.4 played=10.7 lanes=2.7 ddraw=1.2 pts=13
Step: 6225920 SPS: 3182  ev=0.659  ent=0.588  grad=0.49/0.49  h=0.2 c=0.4  kl=0.0620  vl=0.2096
Step: 6230016 SPS: 3182  ev=0.619  ent=0.567  grad=0.57/0.50  h=0.2 c=0.4  kl=0.0550  vl=0.1311
Step: 6234112 SPS: 3182  ev=0.663  ent=0.536  grad=0.36/0.36  h=0.2 c=0.4  kl=0.0577  vl=0.1414
Step: 6238208 SPS: 3182  ev=0.680  ent=0.495  grad=0.59/0.50  h=0.1 c=0.3  kl=0.0480  vl=0.1634
Step: 6242304 SPS: 3182  ev=0.630  ent=0.513  grad=0.54/0.50  h=0.2 c=0.6  kl=0.0721  vl=0.1513
Step: 6246400 SPS: 3182  ev=0.673  ent=0.560  grad=1.79/0.50  h=0.1 c=0.5  kl=0.0424  vl=0.1836
Step: 6250496 SPS: 3182  ev=0.684  ent=0.546  grad=0.64/0.50  h=0.2 c=0.5  kl=0.0839  vl=0.1265
Step: 6254592 SPS: 3182  ev=0.670  ent=0.559  grad=1.61/0.50  h=0.2 c=0.4  kl=0.0516  vl=0.1778
Step: 6258688 SPS: 3182  ev=0.647  ent=0.555  grad=0.75/0.50  h=0.2 c=0.5  kl=0.0339  vl=0.1611
Step: 6262784 SPS: 3182  ev=0.642  ent=0.532  grad=0.94/0.50  h=0.2 c=0.5  kl=0.0746  vl=0.1978
Step: 6266880 SPS: 3182  ev=0.657  ent=0.548  grad=0.48/0.48  h=0.1 c=0.5  kl=0.0463  vl=0.2058
Step: 6270976 SPS: 3182  ev=0.669  ent=0.573  grad=0.59/0.50  h=0.2 c=0.5  kl=0.0694  vl=0.1498
Step: 6275072 SPS: 3182  ev=0.654  ent=0.591  grad=0.33/0.33  h=0.2 c=0.4  kl=0.0898  vl=0.1798
Step: 6279168 SPS: 3182  ev=0.649  ent=0.566  grad=1.11/0.50  h=0.2 c=0.4  kl=0.0856  vl=0.1765
Step: 6283264 SPS: 3182  ev=0.656  ent=0.560  grad=0.48/0.48  h=0.2 c=0.4  kl=0.0718  vl=0.2054
Step: 6287360 SPS: 3182  ev=0.659  ent=0.549  grad=1.59/0.50  h=0.2 c=0.6  kl=0.0653  vl=0.1830
Step: 6291456 SPS: 3182  ev=0.667  ent=0.592  grad=1.16/0.50  h=0.1 c=0.4  kl=0.0598  vl=0.1573
Step: 6295552 SPS: 3182  ev=0.646  ent=0.581  grad=0.54/0.50  h=0.2 c=0.6  kl=0.0746  vl=0.1340
Step: 6299648 SPS: 3182  ev=0.665  ent=0.517  grad=0.57/0.50  h=0.2 c=0.8  kl=0.0762  vl=0.1480
Step: 6303744 SPS: 3181  ev=0.683  ent=0.542  grad=0.86/0.50  h=0.2 c=0.5  kl=0.1318  vl=0.1274
  vs Heur:   47W/55L/1D | score=13.7±29.1 inv=1.8 played=11.3 lanes=2.8 ddraw=1.9 pts=14
  vs Random: 105W/0L/0D | score=23.9±28.0 inv=1.5 played=11.6 lanes=2.7 ddraw=0.6 pts=24
  Self-play: 65W/41L/2D | score=15.5±25.1 inv=1.7 played=10.4 lanes=2.6 ddraw=0.9 pts=16
Step: 6307840 SPS: 3181  ev=0.641  ent=0.520  grad=1.07/0.50  h=0.2 c=0.6  kl=0.0499  vl=0.1943
Step: 6311936 SPS: 3181  ev=0.643  ent=0.548  grad=0.99/0.50  h=0.2 c=0.8  kl=0.0472  vl=0.1482
Step: 6316032 SPS: 3181  ev=0.646  ent=0.547  grad=0.49/0.49  h=0.2 c=0.7  kl=0.0583  vl=0.2263
Step: 6320128 SPS: 3181  ev=0.630  ent=0.533  grad=0.58/0.50  h=0.3 c=0.9  kl=0.0624  vl=0.1709
Step: 6324224 SPS: 3181  ev=0.680  ent=0.547  grad=0.49/0.49  h=0.2 c=0.8  kl=0.0587  vl=0.1502
Step: 6328320 SPS: 3181  ev=0.616  ent=0.516  grad=0.92/0.50  h=0.2 c=0.7  kl=0.0597  vl=0.1867
Step: 6332416 SPS: 3181  ev=0.662  ent=0.528  grad=0.69/0.50  h=0.2 c=0.8  kl=0.0399  vl=0.1143
Step: 6336512 SPS: 3181  ev=0.603  ent=0.516  grad=0.56/0.50  h=0.2 c=0.6  kl=0.0485  vl=0.1433
Step: 6340608 SPS: 3181  ev=0.664  ent=0.519  grad=0.85/0.50  h=0.2 c=0.7  kl=0.0847  vl=0.1995
Step: 6344704 SPS: 3181  ev=0.655  ent=0.509  grad=0.91/0.50  h=0.2 c=0.6  kl=0.0585  vl=0.1825
Step: 6348800 SPS: 3181  ev=0.624  ent=0.530  grad=0.62/0.50  h=0.2 c=0.8  kl=0.1363  vl=0.2335
Step: 6352896 SPS: 3181  ev=0.634  ent=0.509  grad=0.59/0.50  h=0.2 c=0.7  kl=0.0548  vl=0.1670
Step: 6356992 SPS: 3181  ev=0.625  ent=0.509  grad=1.03/0.50  h=0.2 c=0.8  kl=0.0375  vl=0.1427
Step: 6361088 SPS: 3181  ev=0.655  ent=0.506  grad=0.89/0.50  h=0.3 c=1.1  kl=0.0643  vl=0.1449
Step: 6365184 SPS: 3181  ev=0.642  ent=0.490  grad=1.06/0.50  h=0.3 c=0.9  kl=0.0446  vl=0.1704
Step: 6369280 SPS: 3182  ev=0.635  ent=0.548  grad=0.94/0.50  h=0.3 c=0.9  kl=0.0541  vl=0.1615
Step: 6373376 SPS: 3182  ev=0.615  ent=0.523  grad=0.72/0.50  h=0.3 c=1.0  kl=0.0840  vl=0.1596
Step: 6377472 SPS: 3182  ev=0.679  ent=0.520  grad=1.05/0.50  h=0.2 c=0.7  kl=0.0540  vl=0.2004
Step: 6381568 SPS: 3181  ev=0.647  ent=0.476  grad=0.57/0.50  h=0.3 c=1.2  kl=0.0808  vl=0.2100
Step: 6385664 SPS: 3181  ev=0.663  ent=0.492  grad=0.73/0.50  h=0.3 c=1.1  kl=0.0467  vl=0.1355
  vs Heur:   50W/50L/3D | score=16.3±22.9 inv=1.8 played=11.3 lanes=2.7 ddraw=1.9 pts=16
  vs Random: 104W/0L/0D | score=19.1±26.3 inv=1.5 played=11.2 lanes=2.7 ddraw=0.6 pts=19
  Self-play: 47W/50L/4D | score=10.7±21.7 inv=1.4 played=10.3 lanes=2.6 ddraw=0.7 pts=11
Step: 6389760 SPS: 3181  ev=0.631  ent=0.526  grad=0.41/0.41  h=0.2 c=0.6  kl=0.0616  vl=0.1545
Step: 6393856 SPS: 3181  ev=0.664  ent=0.549  grad=0.40/0.40  h=0.3 c=0.9  kl=0.0775  vl=0.1858
Step: 6397952 SPS: 3181  ev=0.657  ent=0.498  grad=0.66/0.50  h=0.3 c=0.7  kl=0.0701  vl=0.1725
Step: 6402048 SPS: 3181  ev=0.659  ent=0.532  grad=0.74/0.50  h=0.3 c=0.8  kl=0.0438  vl=0.1326
Step: 6406144 SPS: 3181  ev=0.638  ent=0.536  grad=0.44/0.44  h=0.2 c=0.7  kl=0.0415  vl=0.1433
Step: 6410240 SPS: 3181  ev=0.665  ent=0.539  grad=0.44/0.44  h=0.2 c=0.8  kl=0.0457  vl=0.1594
Step: 6414336 SPS: 3181  ev=0.604  ent=0.545  grad=0.48/0.48  h=0.3 c=0.7  kl=0.0493  vl=0.1821
Step: 6418432 SPS: 3181  ev=0.651  ent=0.535  grad=1.04/0.50  h=0.3 c=0.8  kl=0.0519  vl=0.1395
Step: 6422528 SPS: 3181  ev=0.643  ent=0.497  grad=1.17/0.50  h=0.3 c=0.8  kl=0.0602  vl=0.1616
Step: 6426624 SPS: 3182  ev=0.625  ent=0.543  grad=0.50/0.50  h=0.2 c=0.8  kl=0.0567  vl=0.1248
Step: 6430720 SPS: 3182  ev=0.636  ent=0.527  grad=0.90/0.50  h=0.2 c=0.7  kl=0.0395  vl=0.1353
Step: 6434816 SPS: 3182  ev=0.680  ent=0.541  grad=0.46/0.46  h=0.3 c=0.7  kl=0.0498  vl=0.1303
Step: 6438912 SPS: 3182  ev=0.575  ent=0.519  grad=1.09/0.50  h=0.3 c=0.7  kl=0.0636  vl=0.1702
Step: 6443008 SPS: 3182  ev=0.649  ent=0.520  grad=0.44/0.44  h=0.3 c=0.8  kl=0.0470  vl=0.1214
Step: 6447104 SPS: 3182  ev=0.659  ent=0.524  grad=0.76/0.50  h=0.2 c=0.5  kl=0.0498  vl=0.1607
Step: 6451200 SPS: 3182  ev=0.665  ent=0.489  grad=0.63/0.50  h=0.3 c=0.6  kl=0.0452  vl=0.1237
Step: 6455296 SPS: 3182  ev=0.651  ent=0.550  grad=1.61/0.50  h=0.2 c=0.5  kl=0.0568  vl=0.1941
Step: 6459392 SPS: 3182  ev=0.628  ent=0.486  grad=1.03/0.50  h=0.2 c=0.7  kl=0.0246  vl=0.1798
Step: 6463488 SPS: 3182  ev=0.602  ent=0.505  grad=0.82/0.50  h=0.2 c=0.6  kl=0.0433  vl=0.1375
Step: 6467584 SPS: 3182  ev=0.662  ent=0.498  grad=0.87/0.50  h=0.2 c=0.5  kl=0.4927  vl=0.1543
  vs Heur:   53W/46L/2D | score=17.1±26.7 inv=1.7 played=10.5 lanes=2.5 ddraw=1.5 pts=17
  vs Random: 103W/1L/0D | score=24.8±25.1 inv=1.6 played=11.6 lanes=2.7 ddraw=0.5 pts=25
  Self-play: 46W/56L/2D | score=10.5±23.4 inv=1.5 played=9.9 lanes=2.5 ddraw=0.8 pts=11
Step: 6471680 SPS: 3182  ev=0.614  ent=0.486  grad=0.41/0.41  h=0.2 c=0.6  kl=0.0424  vl=0.1746
Step: 6475776 SPS: 3182  ev=0.624  ent=0.509  grad=0.44/0.44  h=0.2 c=0.6  kl=0.0489  vl=0.1666
Step: 6479872 SPS: 3182  ev=0.627  ent=0.512  grad=0.48/0.48  h=0.2 c=0.5  kl=0.0604  vl=0.1569
Step: 6483968 SPS: 3182  ev=0.628  ent=0.557  grad=1.25/0.50  h=0.3 c=0.5  kl=0.0816  vl=0.2141
Step: 6488064 SPS: 3182  ev=0.638  ent=0.464  grad=0.60/0.50  h=0.2 c=0.5  kl=0.0698  vl=0.1407
Step: 6492160 SPS: 3182  ev=0.634  ent=0.524  grad=0.35/0.35  h=0.2 c=0.4  kl=0.0488  vl=0.1598
Step: 6496256 SPS: 3182  ev=0.630  ent=0.521  grad=0.86/0.50  h=0.3 c=0.5  kl=0.1414  vl=0.1393
Step: 6500352 SPS: 3182  ev=0.622  ent=0.557  grad=0.45/0.45  h=0.2 c=0.4  kl=0.0637  vl=0.1100
Step: 6504448 SPS: 3182  ev=0.656  ent=0.523  grad=0.75/0.50  h=0.2 c=0.4  kl=0.0689  vl=0.1512
Step: 6508544 SPS: 3182  ev=0.656  ent=0.498  grad=0.66/0.50  h=0.2 c=0.5  kl=0.0755  vl=0.1849
Step: 6512640 SPS: 3182  ev=0.612  ent=0.466  grad=0.58/0.50  h=0.2 c=0.5  kl=0.0395  vl=0.1620
Step: 6516736 SPS: 3182  ev=0.628  ent=0.479  grad=0.49/0.49  h=0.2 c=0.6  kl=0.0585  vl=0.1342
Step: 6520832 SPS: 3182  ev=0.627  ent=0.484  grad=0.79/0.50  h=0.2 c=0.5  kl=0.0690  vl=0.1778
Step: 6524928 SPS: 3181  ev=0.659  ent=0.504  grad=1.38/0.50  h=0.2 c=0.6  kl=0.0617  vl=0.2094
Step: 6529024 SPS: 3181  ev=0.660  ent=0.493  grad=0.45/0.45  h=0.2 c=0.5  kl=0.0475  vl=0.1587
Step: 6533120 SPS: 3182  ev=0.682  ent=0.533  grad=0.60/0.50  h=0.2 c=0.5  kl=0.0581  vl=0.1519
Step: 6537216 SPS: 3182  ev=0.641  ent=0.481  grad=0.63/0.50  h=0.2 c=0.6  kl=0.1347  vl=0.1932
Step: 6541312 SPS: 3181  ev=0.617  ent=0.517  grad=0.66/0.50  h=0.2 c=0.6  kl=0.0491  vl=0.1767
Step: 6545408 SPS: 3182  ev=0.669  ent=0.489  grad=0.46/0.46  h=0.2 c=0.7  kl=0.0460  vl=0.1572
Step: 6549504 SPS: 3182  ev=0.646  ent=0.503  grad=0.77/0.50  h=0.3 c=0.9  kl=0.0306  vl=0.1171
  vs Heur:   39W/63L/2D | score=10.6±23.1 inv=2.0 played=11.0 lanes=2.7 ddraw=1.6 pts=11
  vs Random: 102W/0L/0D | score=17.7±21.6 inv=1.7 played=10.8 lanes=2.6 ddraw=0.5 pts=18
  Self-play: 50W/52L/2D | score=8.2±19.4 inv=1.4 played=9.3 lanes=2.4 ddraw=0.5 pts=8
Step: 6553600 SPS: 3182  ev=0.624  ent=0.515  grad=0.83/0.50  h=0.2 c=0.7  kl=0.0558  vl=0.1876
Step: 6557696 SPS: 3182  ev=0.583  ent=0.499  grad=0.56/0.50  h=0.2 c=0.7  kl=0.0443  vl=0.1145
Step: 6561792 SPS: 3182  ev=0.622  ent=0.509  grad=1.28/0.50  h=0.2 c=0.7  kl=0.0423  vl=0.1389
Step: 6565888 SPS: 3182  ev=0.659  ent=0.507  grad=0.57/0.50  h=0.2 c=0.6  kl=0.0521  vl=0.1392
Step: 6569984 SPS: 3182  ev=0.620  ent=0.518  grad=0.41/0.41  h=0.2 c=0.7  kl=0.0584  vl=0.1419
Step: 6574080 SPS: 3182  ev=0.625  ent=0.522  grad=0.51/0.50  h=0.2 c=0.6  kl=0.0498  vl=0.1405
Step: 6578176 SPS: 3182  ev=0.632  ent=0.549  grad=0.50/0.50  h=0.2 c=0.7  kl=0.0444  vl=0.1675
Step: 6582272 SPS: 3182  ev=0.630  ent=0.517  grad=0.83/0.50  h=0.2 c=0.8  kl=0.0531  vl=0.1317
Step: 6586368 SPS: 3182  ev=0.629  ent=0.526  grad=0.50/0.50  h=0.2 c=0.7  kl=0.0683  vl=0.1358
Step: 6590464 SPS: 3182  ev=0.675  ent=0.483  grad=1.06/0.50  h=0.2 c=0.6  kl=0.0337  vl=0.1396
Step: 6594560 SPS: 3182  ev=0.632  ent=0.503  grad=0.78/0.50  h=0.2 c=0.8  kl=0.0444  vl=0.1451
Step: 6598656 SPS: 3182  ev=0.661  ent=0.508  grad=1.38/0.50  h=0.2 c=0.6  kl=0.0401  vl=0.1705
Step: 6602752 SPS: 3182  ev=0.651  ent=0.493  grad=0.69/0.50  h=0.2 c=0.8  kl=0.0533  vl=0.1350
Step: 6606848 SPS: 3182  ev=0.598  ent=0.534  grad=1.48/0.50  h=0.2 c=0.6  kl=0.0376  vl=0.1461
Step: 6610944 SPS: 3182  ev=0.659  ent=0.480  grad=0.75/0.50  h=0.2 c=0.8  kl=0.0524  vl=0.1410
Step: 6615040 SPS: 3182  ev=0.630  ent=0.528  grad=0.69/0.50  h=0.2 c=0.6  kl=0.0398  vl=0.1392
Step: 6619136 SPS: 3182  ev=0.645  ent=0.519  grad=0.48/0.48  h=0.2 c=0.7  kl=0.0735  vl=0.1312
Step: 6623232 SPS: 3182  ev=0.672  ent=0.511  grad=0.33/0.33  h=0.2 c=0.8  kl=0.0640  vl=0.1111
Step: 6627328 SPS: 3182  ev=0.667  ent=0.485  grad=0.42/0.42  h=0.2 c=0.8  kl=0.0664  vl=0.1307
Step: 6631424 SPS: 3182  ev=0.618  ent=0.506  grad=1.11/0.50  h=0.2 c=0.7  kl=0.0655  vl=0.1287
  vs Heur:   49W/52L/1D | score=19.8±29.5 inv=1.8 played=11.2 lanes=2.7 ddraw=1.9 pts=20
  vs Random: 112W/0L/0D | score=14.8±19.4 inv=1.8 played=10.9 lanes=2.6 ddraw=0.5 pts=15
  Self-play: 50W/48L/2D | score=12.7±17.5 inv=1.3 played=10.1 lanes=2.5 ddraw=1.0 pts=13
Step: 6635520 SPS: 3182  ev=0.646  ent=0.472  grad=0.74/0.50  h=0.2 c=0.7  kl=0.0423  vl=0.1604
Step: 6639616 SPS: 3182  ev=0.627  ent=0.490  grad=0.47/0.47  h=0.2 c=0.7  kl=0.0783  vl=0.1685
Step: 6643712 SPS: 3182  ev=0.659  ent=0.501  grad=0.64/0.50  h=0.2 c=0.6  kl=0.0615  vl=0.1189
Step: 6647808 SPS: 3182  ev=0.664  ent=0.500  grad=0.59/0.50  h=0.2 c=0.5  kl=0.0568  vl=0.1880
Step: 6651904 SPS: 3182  ev=0.671  ent=0.485  grad=0.39/0.39  h=0.2 c=0.6  kl=0.0774  vl=0.1765
Step: 6656000 SPS: 3182  ev=0.635  ent=0.526  grad=1.37/0.50  h=0.2 c=0.6  kl=0.0567  vl=0.1741
Step: 6660096 SPS: 3182  ev=0.625  ent=0.515  grad=0.83/0.50  h=0.2 c=0.6  kl=0.0716  vl=0.2030
Step: 6664192 SPS: 3182  ev=0.709  ent=0.494  grad=0.65/0.50  h=0.1 c=0.5  kl=0.0498  vl=0.1377
Step: 6668288 SPS: 3182  ev=0.607  ent=0.527  grad=0.53/0.50  h=0.2 c=0.5  kl=0.0494  vl=0.1684
Step: 6672384 SPS: 3182  ev=0.659  ent=0.514  grad=1.53/0.50  h=0.1 c=0.4  kl=0.0507  vl=0.2448
Step: 6676480 SPS: 3182  ev=0.645  ent=0.482  grad=0.85/0.50  h=0.1 c=0.5  kl=0.0666  vl=0.1787
Step: 6680576 SPS: 3182  ev=0.668  ent=0.493  grad=0.51/0.50  h=0.2 c=0.7  kl=0.0656  vl=0.1476
Step: 6684672 SPS: 3182  ev=0.663  ent=0.493  grad=0.76/0.50  h=0.1 c=0.3  kl=0.0684  vl=0.1689
Step: 6688768 SPS: 3182  ev=0.617  ent=0.507  grad=0.41/0.41  h=0.2 c=0.5  kl=0.0376  vl=0.1501
Step: 6692864 SPS: 3182  ev=0.634  ent=0.481  grad=1.01/0.50  h=0.1 c=0.5  kl=0.0553  vl=0.1813
Step: 6696960 SPS: 3182  ev=0.615  ent=0.478  grad=5.95/0.50  h=0.1 c=0.6  kl=0.0777  vl=0.1642
Step: 6701056 SPS: 3181  ev=0.642  ent=0.489  grad=0.54/0.50  h=0.2 c=0.7  kl=0.0475  vl=0.2200
Step: 6705152 SPS: 3182  ev=0.626  ent=0.496  grad=1.33/0.50  h=0.1 c=0.5  kl=0.0375  vl=0.1365
Step: 6709248 SPS: 3181  ev=0.660  ent=0.535  grad=0.81/0.50  h=0.1 c=0.6  kl=0.0529  vl=0.1757
Step: 6713344 SPS: 3181  ev=0.598  ent=0.472  grad=0.39/0.39  h=0.2 c=0.5  kl=0.0465  vl=0.1906
  vs Heur:   44W/57L/0D | score=13.7±26.0 inv=1.9 played=10.9 lanes=2.6 ddraw=1.4 pts=14
  vs Random: 104W/1L/0D | score=15.7±24.3 inv=1.8 played=11.0 lanes=2.7 ddraw=0.5 pts=16
  Self-play: 44W/56L/2D | score=9.5±27.9 inv=1.3 played=9.7 lanes=2.5 ddraw=0.8 pts=9
Step: 6717440 SPS: 3181  ev=0.661  ent=0.505  grad=0.44/0.44  h=0.1 c=0.6  kl=0.0435  vl=0.1468
Step: 6721536 SPS: 3181  ev=0.629  ent=0.496  grad=0.80/0.50  h=0.2 c=0.6  kl=0.0677  vl=0.1637
Step: 6725632 SPS: 3181  ev=0.643  ent=0.515  grad=0.84/0.50  h=0.2 c=0.6  kl=0.0494  vl=0.1355
Step: 6729728 SPS: 3181  ev=0.650  ent=0.483  grad=0.96/0.50  h=0.1 c=0.6  kl=0.0573  vl=0.1621
Step: 6733824 SPS: 3181  ev=0.649  ent=0.479  grad=0.73/0.50  h=0.1 c=0.5  kl=0.0601  vl=0.1516
Step: 6737920 SPS: 3181  ev=0.617  ent=0.509  grad=0.40/0.40  h=0.2 c=0.6  kl=0.0501  vl=0.1202
Step: 6742016 SPS: 3181  ev=0.657  ent=0.493  grad=1.54/0.50  h=0.2 c=0.7  kl=0.0368  vl=0.1619
Step: 6746112 SPS: 3181  ev=0.620  ent=0.544  grad=0.66/0.50  h=0.1 c=0.5  kl=0.0564  vl=0.1615
Step: 6750208 SPS: 3181  ev=0.632  ent=0.488  grad=1.36/0.50  h=0.2 c=0.6  kl=0.0371  vl=0.1695
Step: 6754304 SPS: 3181  ev=0.603  ent=0.517  grad=0.97/0.50  h=0.2 c=0.5  kl=0.0403  vl=0.1539
Step: 6758400 SPS: 3181  ev=0.659  ent=0.480  grad=0.53/0.50  h=0.2 c=0.8  kl=0.0470  vl=0.1142
Step: 6762496 SPS: 3181  ev=0.642  ent=0.495  grad=0.81/0.50  h=0.2 c=0.6  kl=0.0640  vl=0.1612
Step: 6766592 SPS: 3181  ev=0.652  ent=0.514  grad=0.37/0.37  h=0.1 c=0.6  kl=0.0540  vl=0.1996
Step: 6770688 SPS: 3181  ev=0.671  ent=0.532  grad=0.53/0.50  h=0.2 c=0.6  kl=0.0439  vl=0.1252
Step: 6774784 SPS: 3181  ev=0.652  ent=0.536  grad=0.62/0.50  h=0.2 c=0.5  kl=0.0518  vl=0.1560
Step: 6778880 SPS: 3181  ev=0.629  ent=0.559  grad=1.47/0.50  h=0.2 c=0.5  kl=0.0520  vl=0.2082
Step: 6782976 SPS: 3181  ev=0.660  ent=0.539  grad=1.13/0.50  h=0.2 c=0.8  kl=0.0385  vl=0.1784
Step: 6787072 SPS: 3181  ev=0.663  ent=0.518  grad=0.57/0.50  h=0.2 c=0.6  kl=0.0637  vl=0.1557
Step: 6791168 SPS: 3181  ev=0.652  ent=0.514  grad=0.67/0.50  h=0.1 c=0.6  kl=0.0973  vl=0.1631
Step: 6795264 SPS: 3181  ev=0.670  ent=0.516  grad=0.78/0.50  h=0.2 c=0.7  kl=0.0404  vl=0.1473
  vs Heur:   48W/53L/0D | score=20.3±30.2 inv=1.8 played=11.2 lanes=2.7 ddraw=1.9 pts=20
  vs Random: 107W/0L/0D | score=22.4±23.9 inv=1.6 played=11.4 lanes=2.8 ddraw=0.5 pts=22
  Self-play: 51W/49L/1D | score=10.9±20.2 inv=1.3 played=10.4 lanes=2.6 ddraw=1.0 pts=11
Step: 6799360 SPS: 3181  ev=0.657  ent=0.554  grad=1.03/0.50  h=0.2 c=0.7  kl=0.0437  vl=0.1393
Step: 6803456 SPS: 3181  ev=0.652  ent=0.521  grad=0.58/0.50  h=0.2 c=0.7  kl=0.0605  vl=0.2167
Step: 6807552 SPS: 3181  ev=0.637  ent=0.518  grad=0.37/0.37  h=0.2 c=0.5  kl=0.0455  vl=0.1381
Step: 6811648 SPS: 3181  ev=0.630  ent=0.513  grad=0.51/0.50  h=0.2 c=0.5  kl=0.0817  vl=0.2471
Step: 6815744 SPS: 3181  ev=0.693  ent=0.510  grad=0.79/0.50  h=0.2 c=0.5  kl=0.1016  vl=0.1526
Step: 6819840 SPS: 3181  ev=0.625  ent=0.481  grad=1.27/0.50  h=0.2 c=0.7  kl=0.0511  vl=0.1865
Step: 6823936 SPS: 3181  ev=0.608  ent=0.519  grad=0.62/0.50  h=0.2 c=0.5  kl=0.0340  vl=0.1670
Step: 6828032 SPS: 3181  ev=0.638  ent=0.506  grad=0.38/0.38  h=0.2 c=0.6  kl=0.0397  vl=0.1131
Step: 6832128 SPS: 3181  ev=0.563  ent=0.492  grad=1.54/0.50  h=0.2 c=0.6  kl=0.0308  vl=0.1631
Step: 6836224 SPS: 3181  ev=0.654  ent=0.540  grad=0.50/0.50  h=0.2 c=0.5  kl=0.0403  vl=0.1132
Step: 6840320 SPS: 3181  ev=0.623  ent=0.543  grad=0.36/0.36  h=0.1 c=0.4  kl=0.0348  vl=0.2140
Step: 6844416 SPS: 3181  ev=0.649  ent=0.518  grad=0.58/0.50  h=0.2 c=0.6  kl=0.0327  vl=0.1544
Step: 6848512 SPS: 3181  ev=0.626  ent=0.515  grad=0.44/0.44  h=0.2 c=0.6  kl=0.0892  vl=0.1647
Step: 6852608 SPS: 3181  ev=0.671  ent=0.511  grad=0.56/0.50  h=0.1 c=0.3  kl=0.0515  vl=0.1080
Step: 6856704 SPS: 3181  ev=0.629  ent=0.495  grad=0.40/0.40  h=0.1 c=0.4  kl=0.0638  vl=0.1551
Step: 6860800 SPS: 3181  ev=0.669  ent=0.498  grad=0.38/0.38  h=0.2 c=0.6  kl=0.0474  vl=0.1799
Step: 6864896 SPS: 3181  ev=0.647  ent=0.532  grad=0.53/0.50  h=0.2 c=0.7  kl=0.0389  vl=0.1709
Step: 6868992 SPS: 3181  ev=0.662  ent=0.529  grad=0.80/0.50  h=0.2 c=0.6  kl=0.0455  vl=0.1229
Step: 6873088 SPS: 3181  ev=0.620  ent=0.536  grad=0.93/0.50  h=0.1 c=0.3  kl=0.0415  vl=0.1689
Step: 6877184 SPS: 3181  ev=0.661  ent=0.557  grad=0.44/0.44  h=0.2 c=0.5  kl=0.0665  vl=0.1133
  vs Heur:   55W/48L/1D | score=18.2±30.0 inv=2.0 played=11.4 lanes=2.7 ddraw=1.7 pts=18
  vs Random: 109W/0L/0D | score=19.8±23.6 inv=1.7 played=10.8 lanes=2.6 ddraw=0.3 pts=20
  Self-play: 56W/48L/0D | score=12.2±19.9 inv=1.5 played=10.3 lanes=2.6 ddraw=0.8 pts=12
Step: 6881280 SPS: 3181  ev=0.667  ent=0.498  grad=0.37/0.37  h=0.2 c=0.6  kl=0.0601  vl=0.1813
Step: 6885376 SPS: 3181  ev=0.679  ent=0.541  grad=0.86/0.50  h=0.2 c=0.6  kl=0.0555  vl=0.1353
Step: 6889472 SPS: 3181  ev=0.633  ent=0.527  grad=1.87/0.50  h=0.2 c=0.5  kl=0.0591  vl=0.2126
Step: 6893568 SPS: 3181  ev=0.668  ent=0.523  grad=1.12/0.50  h=0.2 c=0.7  kl=0.0658  vl=0.1772
Step: 6897664 SPS: 3181  ev=0.652  ent=0.501  grad=0.91/0.50  h=0.3 c=0.8  kl=0.0516  vl=0.1654
Step: 6901760 SPS: 3181  ev=0.668  ent=0.547  grad=0.91/0.50  h=0.1 c=0.8  kl=0.0748  vl=0.1585
Step: 6905856 SPS: 3181  ev=0.694  ent=0.508  grad=1.79/0.50  h=0.2 c=0.9  kl=0.0767  vl=0.1846
Step: 6909952 SPS: 3181  ev=0.642  ent=0.567  grad=0.95/0.50  h=0.2 c=0.7  kl=0.0519  vl=0.1342
Step: 6914048 SPS: 3181  ev=0.586  ent=0.541  grad=1.48/0.50  h=0.2 c=0.8  kl=0.0962  vl=0.1567
Step: 6918144 SPS: 3180  ev=0.665  ent=0.544  grad=0.52/0.50  h=0.2 c=1.0  kl=0.0780  vl=0.2004
Step: 6922240 SPS: 3180  ev=0.606  ent=0.537  grad=0.95/0.50  h=0.2 c=0.7  kl=0.0475  vl=0.1538
Step: 6926336 SPS: 3180  ev=0.643  ent=0.571  grad=0.53/0.50  h=0.1 c=0.9  kl=0.0885  vl=0.1724
Step: 6930432 SPS: 3180  ev=0.655  ent=0.538  grad=0.76/0.50  h=0.1 c=0.6  kl=0.0560  vl=0.1183
Step: 6934528 SPS: 3180  ev=0.668  ent=0.561  grad=1.21/0.50  h=0.2 c=0.8  kl=0.0420  vl=0.1971
Step: 6938624 SPS: 3180  ev=0.695  ent=0.547  grad=0.68/0.50  h=0.2 c=0.9  kl=0.0900  vl=0.1592
Step: 6942720 SPS: 3181  ev=0.696  ent=0.547  grad=0.39/0.39  h=0.1 c=0.5  kl=0.0514  vl=0.1007
Step: 6946816 SPS: 3181  ev=0.601  ent=0.521  grad=0.80/0.50  h=0.2 c=0.6  kl=0.0376  vl=0.1129
Step: 6950912 SPS: 3181  ev=0.664  ent=0.591  grad=1.01/0.50  h=0.2 c=1.0  kl=0.0496  vl=0.1413
Step: 6955008 SPS: 3181  ev=0.641  ent=0.593  grad=0.47/0.47  h=0.1 c=0.5  kl=0.0771  vl=0.1337
Step: 6959104 SPS: 3181  ev=0.614  ent=0.553  grad=0.47/0.47  h=0.1 c=0.7  kl=0.0506  vl=0.1313
  vs Heur:   52W/51L/1D | score=16.7±26.8 inv=1.8 played=10.9 lanes=2.6 ddraw=1.9 pts=17
  vs Random: 104W/0L/0D | score=16.7±25.9 inv=1.5 played=10.6 lanes=2.6 ddraw=0.4 pts=17
  Self-play: 50W/51L/2D | score=10.6±22.9 inv=1.4 played=10.0 lanes=2.6 ddraw=0.9 pts=11
Step: 6963200 SPS: 3181  ev=0.641  ent=0.510  grad=0.71/0.50  h=0.1 c=0.6  kl=0.0540  vl=0.1515
Step: 6967296 SPS: 3181  ev=0.660  ent=0.591  grad=0.45/0.45  h=0.2 c=1.0  kl=0.0703  vl=0.1083
Step: 6971392 SPS: 3181  ev=0.675  ent=0.563  grad=0.50/0.50  h=0.2 c=1.2  kl=0.0531  vl=0.1434
Step: 6975488 SPS: 3181  ev=0.667  ent=0.585  grad=0.57/0.50  h=0.1 c=0.9  kl=0.0671  vl=0.1715
Step: 6979584 SPS: 3181  ev=0.610  ent=0.553  grad=0.74/0.50  h=0.1 c=0.8  kl=0.0394  vl=0.1960
Step: 6983680 SPS: 3181  ev=0.629  ent=0.559  grad=0.75/0.50  h=0.1 c=0.5  kl=0.0453  vl=0.2574
Step: 6987776 SPS: 3181  ev=0.648  ent=0.541  grad=0.89/0.50  h=0.3 c=0.8  kl=0.0905  vl=0.1974
Step: 6991872 SPS: 3181  ev=0.669  ent=0.518  grad=0.51/0.50  h=0.2 c=1.0  kl=0.0627  vl=0.1252
Step: 6995968 SPS: 3181  ev=0.651  ent=0.579  grad=0.60/0.50  h=0.2 c=0.7  kl=0.0452  vl=0.1479
Step: 7000064 SPS: 3181  ev=0.699  ent=0.555  grad=0.48/0.48  h=0.2 c=0.7  kl=0.0580  vl=0.1228
Step: 7004160 SPS: 3181  ev=0.680  ent=0.548  grad=0.92/0.50  h=0.2 c=0.7  kl=0.0778  vl=0.1519
Step: 7008256 SPS: 3181  ev=0.654  ent=0.546  grad=0.58/0.50  h=0.2 c=0.9  kl=0.0574  vl=0.1947
Step: 7012352 SPS: 3181  ev=0.648  ent=0.539  grad=0.80/0.50  h=0.3 c=0.9  kl=0.0400  vl=0.1615
Step: 7016448 SPS: 3181  ev=0.672  ent=0.549  grad=0.63/0.50  h=0.2 c=0.7  kl=0.0678  vl=0.1828
Step: 7020544 SPS: 3181  ev=0.649  ent=0.546  grad=0.49/0.49  h=0.2 c=0.8  kl=0.0519  vl=0.2352
Step: 7024640 SPS: 3181  ev=0.659  ent=0.592  grad=0.76/0.50  h=0.2 c=0.8  kl=0.0671  vl=0.1872
Step: 7028736 SPS: 3181  ev=0.702  ent=0.578  grad=0.63/0.50  h=0.2 c=0.8  kl=0.0501  vl=0.1726
Step: 7032832 SPS: 3181  ev=0.676  ent=0.575  grad=0.79/0.50  h=0.2 c=1.1  kl=0.0484  vl=0.1491
Step: 7036928 SPS: 3181  ev=0.699  ent=0.566  grad=0.43/0.43  h=0.2 c=1.1  kl=0.0244  vl=0.1646
Step: 7041024 SPS: 3181  ev=0.633  ent=0.592  grad=0.45/0.45  h=0.3 c=0.8  kl=0.0588  vl=0.1315
  vs Heur:   54W/48L/2D | score=19.3±29.5 inv=2.0 played=11.5 lanes=2.8 ddraw=2.4 pts=19
  vs Random: 107W/0L/0D | score=15.0±21.1 inv=1.6 played=10.7 lanes=2.6 ddraw=0.4 pts=15
  Self-play: 65W/36L/2D | score=10.9±19.0 inv=1.3 played=10.3 lanes=2.6 ddraw=1.4 pts=11
Step: 7045120 SPS: 3181  ev=0.691  ent=0.615  grad=0.98/0.50  h=0.3 c=0.9  kl=0.0414  vl=0.1662
Step: 7049216 SPS: 3181  ev=0.676  ent=0.605  grad=1.22/0.50  h=0.2 c=1.2  kl=0.0624  vl=0.2102
Step: 7053312 SPS: 3181  ev=0.715  ent=0.537  grad=0.95/0.50  h=0.2 c=0.9  kl=0.0414  vl=0.1577
Step: 7057408 SPS: 3181  ev=0.661  ent=0.613  grad=0.52/0.50  h=0.2 c=1.1  kl=0.0470  vl=0.1375
Step: 7061504 SPS: 3181  ev=0.666  ent=0.630  grad=0.46/0.46  h=0.2 c=0.9  kl=0.0441  vl=0.1344
Step: 7065600 SPS: 3181  ev=0.693  ent=0.630  grad=0.49/0.49  h=0.2 c=0.8  kl=0.0515  vl=0.1765
Step: 7069696 SPS: 3181  ev=0.661  ent=0.611  grad=0.87/0.50  h=0.2 c=0.7  kl=0.0384  vl=0.1498
Step: 7073792 SPS: 3181  ev=0.644  ent=0.637  grad=0.53/0.50  h=0.1 c=0.6  kl=0.0399  vl=0.1769
Step: 7077888 SPS: 3181  ev=0.707  ent=0.603  grad=0.51/0.50  h=0.2 c=0.8  kl=0.0682  vl=0.1254
Step: 7081984 SPS: 3181  ev=0.698  ent=0.592  grad=1.03/0.50  h=0.2 c=0.7  kl=0.0644  vl=0.1616
Step: 7086080 SPS: 3181  ev=0.679  ent=0.617  grad=1.16/0.50  h=0.2 c=0.8  kl=0.0521  vl=0.1444
Step: 7090176 SPS: 3181  ev=0.670  ent=0.601  grad=0.66/0.50  h=0.2 c=0.8  kl=0.0730  vl=0.1441
Step: 7094272 SPS: 3181  ev=0.640  ent=0.596  grad=1.13/0.50  h=0.2 c=0.8  kl=0.0409  vl=0.2415
Step: 7098368 SPS: 3181  ev=0.695  ent=0.642  grad=0.53/0.50  h=0.2 c=0.6  kl=0.0363  vl=0.2037
Step: 7102464 SPS: 3181  ev=0.650  ent=0.617  grad=0.51/0.50  h=0.2 c=0.6  kl=0.0525  vl=0.1915
Step: 7106560 SPS: 3181  ev=0.653  ent=0.587  grad=0.99/0.50  h=0.2 c=0.6  kl=0.0381  vl=0.1677
Step: 7110656 SPS: 3181  ev=0.630  ent=0.619  grad=1.17/0.50  h=0.2 c=0.8  kl=0.0750  vl=0.1777
Step: 7114752 SPS: 3181  ev=0.681  ent=0.549  grad=0.53/0.50  h=0.2 c=0.9  kl=0.0548  vl=0.2099
Step: 7118848 SPS: 3181  ev=0.683  ent=0.620  grad=0.58/0.50  h=0.2 c=0.5  kl=0.0836  vl=0.1228
Step: 7122944 SPS: 3181  ev=0.710  ent=0.578  grad=0.47/0.47  h=0.2 c=0.8  kl=0.0389  vl=0.1731
  vs Heur:   47W/56L/1D | score=15.3±23.9 inv=1.6 played=11.0 lanes=2.7 ddraw=1.9 pts=15
  vs Random: 107W/0L/0D | score=18.7±25.9 inv=1.8 played=11.3 lanes=2.7 ddraw=0.3 pts=19
  Self-play: 43W/58L/4D | score=10.1±22.9 inv=1.4 played=10.1 lanes=2.6 ddraw=1.2 pts=10
Step: 7127040 SPS: 3181  ev=0.637  ent=0.545  grad=0.95/0.50  h=0.1 c=0.6  kl=0.0728  vl=0.1782
Step: 7131136 SPS: 3181  ev=0.662  ent=0.584  grad=1.38/0.50  h=0.2 c=0.6  kl=0.0250  vl=0.1539
Step: 7135232 SPS: 3181  ev=0.612  ent=0.567  grad=1.63/0.50  h=0.2 c=0.6  kl=0.0420  vl=0.1931
Step: 7139328 SPS: 3181  ev=0.647  ent=0.559  grad=0.94/0.50  h=0.2 c=0.8  kl=0.0674  vl=0.1593
Step: 7143424 SPS: 3181  ev=0.663  ent=0.561  grad=0.91/0.50  h=0.1 c=0.6  kl=0.0705  vl=0.1769
Step: 7147520 SPS: 3181  ev=0.642  ent=0.592  grad=0.43/0.43  h=0.2 c=0.4  kl=0.1046  vl=0.1458
Step: 7151616 SPS: 3180  ev=0.671  ent=0.589  grad=1.94/0.50  h=0.2 c=0.4  kl=0.0762  vl=0.1803
Step: 7155712 SPS: 3181  ev=0.641  ent=0.566  grad=0.40/0.40  h=0.1 c=0.6  kl=0.0399  vl=0.1394
Step: 7159808 SPS: 3181  ev=0.705  ent=0.566  grad=1.16/0.50  h=0.2 c=0.4  kl=0.0386  vl=0.1589
Step: 7163904 SPS: 3181  ev=0.645  ent=0.569  grad=0.45/0.45  h=0.1 c=0.4  kl=0.0324  vl=0.1128
Step: 7168000 SPS: 3181  ev=0.621  ent=0.545  grad=0.52/0.50  h=0.2 c=0.5  kl=0.0356  vl=0.1495
Step: 7172096 SPS: 3181  ev=0.665  ent=0.525  grad=0.46/0.46  h=0.2 c=0.4  kl=0.0812  vl=0.1501
Step: 7176192 SPS: 3181  ev=0.662  ent=0.555  grad=0.43/0.43  h=0.1 c=0.6  kl=0.0563  vl=0.1788
Step: 7180288 SPS: 3181  ev=0.641  ent=0.569  grad=0.52/0.50  h=0.2 c=0.7  kl=0.0467  vl=0.1718
Step: 7184384 SPS: 3181  ev=0.673  ent=0.565  grad=0.78/0.50  h=0.2 c=0.6  kl=0.0501  vl=0.1518
Step: 7188480 SPS: 3181  ev=0.655  ent=0.529  grad=0.55/0.50  h=0.3 c=0.5  kl=0.0494  vl=0.1398
Step: 7192576 SPS: 3181  ev=0.645  ent=0.507  grad=0.58/0.50  h=0.3 c=0.7  kl=0.0297  vl=0.1035
Step: 7196672 SPS: 3181  ev=0.611  ent=0.565  grad=0.55/0.50  h=0.2 c=0.5  kl=0.0566  vl=0.1218
Step: 7200768 SPS: 3181  ev=0.675  ent=0.545  grad=0.86/0.50  h=0.2 c=0.5  kl=0.0438  vl=0.1227
Step: 7204864 SPS: 3181  ev=0.656  ent=0.561  grad=0.45/0.45  h=0.2 c=0.7  kl=0.0441  vl=0.1562
  vs Heur:   45W/56L/0D | score=15.1±27.0 inv=1.7 played=11.2 lanes=2.8 ddraw=1.8 pts=15
  vs Random: 104W/0L/0D | score=16.9±23.3 inv=1.7 played=11.6 lanes=2.8 ddraw=0.3 pts=17
  Self-play: 56W/46L/0D | score=11.6±18.9 inv=1.3 played=10.3 lanes=2.6 ddraw=0.6 pts=12
Step: 7208960 SPS: 3181  ev=0.678  ent=0.508  grad=1.23/0.50  h=0.2 c=0.5  kl=0.0798  vl=0.1677
Step: 7213056 SPS: 3181  ev=0.655  ent=0.561  grad=0.97/0.50  h=0.2 c=0.4  kl=0.0698  vl=0.1533
Step: 7217152 SPS: 3181  ev=0.682  ent=0.590  grad=0.67/0.50  h=0.2 c=0.4  kl=0.0492  vl=0.1588
Step: 7221248 SPS: 3181  ev=0.656  ent=0.569  grad=0.67/0.50  h=0.2 c=0.5  kl=0.0509  vl=0.1620
Step: 7225344 SPS: 3181  ev=0.700  ent=0.538  grad=0.88/0.50  h=0.2 c=0.5  kl=0.0388  vl=0.1344
Step: 7229440 SPS: 3181  ev=0.693  ent=0.580  grad=0.54/0.50  h=0.2 c=0.7  kl=0.0447  vl=0.1549
Step: 7233536 SPS: 3181  ev=0.699  ent=0.565  grad=1.77/0.50  h=0.2 c=0.8  kl=0.0663  vl=0.1709
Step: 7237632 SPS: 3181  ev=0.689  ent=0.599  grad=0.48/0.48  h=0.2 c=0.6  kl=0.0802  vl=0.1824
Step: 7241728 SPS: 3181  ev=0.614  ent=0.547  grad=0.54/0.50  h=0.3 c=0.6  kl=0.0814  vl=0.2089
Step: 7245824 SPS: 3181  ev=0.640  ent=0.546  grad=0.60/0.50  h=0.3 c=0.6  kl=0.0635  vl=0.1574
Step: 7249920 SPS: 3181  ev=0.665  ent=0.546  grad=0.94/0.50  h=0.3 c=0.8  kl=0.0634  vl=0.2237
Step: 7254016 SPS: 3181  ev=0.670  ent=0.506  grad=0.40/0.40  h=0.2 c=0.4  kl=0.0914  vl=0.1563
Step: 7258112 SPS: 3181  ev=0.700  ent=0.557  grad=0.83/0.50  h=0.3 c=0.5  kl=0.0562  vl=0.1511
Step: 7262208 SPS: 3181  ev=0.672  ent=0.533  grad=1.19/0.50  h=0.3 c=0.6  kl=0.0466  vl=0.1571
Step: 7266304 SPS: 3181  ev=0.690  ent=0.549  grad=0.52/0.50  h=0.3 c=0.9  kl=0.0430  vl=0.1419
Step: 7270400 SPS: 3181  ev=0.669  ent=0.556  grad=0.79/0.50  h=0.3 c=0.6  kl=0.0409  vl=0.1223
Step: 7274496 SPS: 3181  ev=0.601  ent=0.543  grad=0.73/0.50  h=0.2 c=0.5  kl=0.0335  vl=0.1566
Step: 7278592 SPS: 3181  ev=0.679  ent=0.552  grad=0.42/0.42  h=0.2 c=0.6  kl=0.0286  vl=0.1423
Step: 7282688 SPS: 3181  ev=0.699  ent=0.541  grad=0.35/0.35  h=0.3 c=0.6  kl=0.1299  vl=0.1284
Step: 7286784 SPS: 3181  ev=0.697  ent=0.572  grad=0.41/0.41  h=0.2 c=0.5  kl=0.0720  vl=0.1416
  vs Heur:   55W/49L/0D | score=20.0±30.2 inv=1.9 played=11.2 lanes=2.7 ddraw=1.9 pts=20
  vs Random: 107W/0L/0D | score=17.3±23.1 inv=1.5 played=11.2 lanes=2.7 ddraw=0.4 pts=17
  Self-play: 54W/52L/0D | score=14.4±25.8 inv=1.2 played=10.1 lanes=2.6 ddraw=0.8 pts=14
Step: 7290880 SPS: 3181  ev=0.633  ent=0.547  grad=0.56/0.50  h=0.3 c=0.6  kl=0.0525  vl=0.1671
Step: 7294976 SPS: 3181  ev=0.681  ent=0.527  grad=0.88/0.50  h=0.3 c=0.9  kl=0.0669  vl=0.1425
Step: 7299072 SPS: 3181  ev=0.665  ent=0.527  grad=0.72/0.50  h=0.3 c=0.5  kl=0.0493  vl=0.1400
Step: 7303168 SPS: 3181  ev=0.647  ent=0.543  grad=0.84/0.50  h=0.3 c=0.7  kl=0.0437  vl=0.1580
Step: 7307264 SPS: 3181  ev=0.638  ent=0.514  grad=0.52/0.50  h=0.3 c=0.7  kl=0.0329  vl=0.1880
Step: 7311360 SPS: 3181  ev=0.676  ent=0.510  grad=0.58/0.50  h=0.2 c=0.5  kl=0.0619  vl=0.1530
Step: 7315456 SPS: 3181  ev=0.680  ent=0.506  grad=0.45/0.45  h=0.3 c=0.7  kl=0.0372  vl=0.1502
Step: 7319552 SPS: 3181  ev=0.654  ent=0.506  grad=0.54/0.50  h=0.2 c=0.5  kl=0.0538  vl=0.1937
Step: 7323648 SPS: 3181  ev=0.693  ent=0.515  grad=0.69/0.50  h=0.3 c=0.6  kl=0.0439  vl=0.1168
Step: 7327744 SPS: 3181  ev=0.613  ent=0.521  grad=0.48/0.48  h=0.2 c=0.7  kl=0.0496  vl=0.1646
Step: 7331840 SPS: 3181  ev=0.686  ent=0.530  grad=0.83/0.50  h=0.2 c=0.7  kl=0.0633  vl=0.2241
Step: 7335936 SPS: 3181  ev=0.687  ent=0.520  grad=0.63/0.50  h=0.3 c=0.7  kl=0.0904  vl=0.1350
Step: 7340032 SPS: 3181  ev=0.639  ent=0.516  grad=0.54/0.50  h=0.2 c=0.9  kl=0.0590  vl=0.1803
Step: 7344128 SPS: 3181  ev=0.636  ent=0.510  grad=0.41/0.41  h=0.3 c=0.8  kl=0.0499  vl=0.1484
Step: 7348224 SPS: 3181  ev=0.650  ent=0.502  grad=0.95/0.50  h=0.3 c=0.9  kl=0.0506  vl=0.1286
Step: 7352320 SPS: 3181  ev=0.646  ent=0.496  grad=0.74/0.50  h=0.2 c=0.5  kl=0.0566  vl=0.1921
Step: 7356416 SPS: 3181  ev=0.688  ent=0.474  grad=0.41/0.41  h=0.3 c=0.8  kl=0.0545  vl=0.1765
Step: 7360512 SPS: 3181  ev=0.684  ent=0.489  grad=1.47/0.50  h=0.3 c=0.6  kl=0.0472  vl=0.1740
Step: 7364608 SPS: 3181  ev=0.638  ent=0.528  grad=0.93/0.50  h=0.3 c=0.8  kl=0.0403  vl=0.1393
Step: 7368704 SPS: 3181  ev=0.652  ent=0.462  grad=0.59/0.50  h=0.3 c=0.9  kl=0.0688  vl=0.1406
  vs Heur:   48W/54L/0D | score=18.8±30.2 inv=2.0 played=11.1 lanes=2.7 ddraw=1.7 pts=19
  vs Random: 105W/0L/0D | score=22.7±28.4 inv=1.8 played=11.6 lanes=2.7 ddraw=0.4 pts=23
  Self-play: 45W/55L/2D | score=13.1±22.5 inv=1.5 played=10.0 lanes=2.4 ddraw=0.5 pts=13
Step: 7372800 SPS: 3181  ev=0.692  ent=0.466  grad=0.36/0.36  h=0.3 c=0.8  kl=0.0473  vl=0.1440
Step: 7376896 SPS: 3181  ev=0.598  ent=0.449  grad=1.83/0.50  h=0.3 c=0.9  kl=0.0291  vl=0.2461
Step: 7380992 SPS: 3181  ev=0.656  ent=0.523  grad=0.51/0.50  h=0.2 c=0.5  kl=0.0647  vl=0.1577
Step: 7385088 SPS: 3181  ev=0.665  ent=0.504  grad=0.39/0.39  h=0.2 c=0.4  kl=0.0403  vl=0.1543
Step: 7389184 SPS: 3181  ev=0.655  ent=0.501  grad=0.99/0.50  h=0.2 c=0.4  kl=0.0361  vl=0.1148
Step: 7393280 SPS: 3181  ev=0.652  ent=0.508  grad=0.53/0.50  h=0.2 c=0.3  kl=0.0659  vl=0.1176
Step: 7397376 SPS: 3181  ev=0.645  ent=0.524  grad=0.63/0.50  h=0.2 c=0.5  kl=0.0753  vl=0.1601
Step: 7401472 SPS: 3181  ev=0.642  ent=0.497  grad=1.55/0.50  h=0.1 c=0.2  kl=0.0570  vl=0.2218
Step: 7405568 SPS: 3181  ev=0.661  ent=0.531  grad=0.54/0.50  h=0.2 c=0.5  kl=0.0657  vl=0.1042
Step: 7409664 SPS: 3181  ev=0.617  ent=0.493  grad=0.60/0.50  h=0.2 c=0.4  kl=0.0510  vl=0.2034
Step: 7413760 SPS: 3181  ev=0.646  ent=0.507  grad=0.39/0.39  h=0.2 c=0.4  kl=0.0420  vl=0.1733
Step: 7417856 SPS: 3181  ev=0.683  ent=0.477  grad=0.90/0.50  h=0.2 c=0.7  kl=0.0550  vl=0.1674
Step: 7421952 SPS: 3181  ev=0.688  ent=0.483  grad=0.43/0.43  h=0.2 c=0.6  kl=0.0375  vl=0.1414
Step: 7426048 SPS: 3181  ev=0.672  ent=0.488  grad=0.87/0.50  h=0.2 c=0.4  kl=0.0577  vl=0.1525
Step: 7430144 SPS: 3181  ev=0.677  ent=0.477  grad=0.74/0.50  h=0.2 c=0.7  kl=0.0529  vl=0.1456
Step: 7434240 SPS: 3181  ev=0.657  ent=0.461  grad=1.05/0.50  h=0.2 c=0.5  kl=0.0484  vl=0.1927
Step: 7438336 SPS: 3181  ev=0.659  ent=0.494  grad=0.71/0.50  h=0.3 c=0.8  kl=0.0512  vl=0.1928
Step: 7442432 SPS: 3181  ev=0.667  ent=0.510  grad=0.55/0.50  h=0.2 c=0.5  kl=0.0567  vl=0.1663
Step: 7446528 SPS: 3181  ev=0.710  ent=0.506  grad=0.61/0.50  h=0.2 c=0.6  kl=0.0462  vl=0.1394
Step: 7450624 SPS: 3181  ev=0.665  ent=0.446  grad=0.37/0.37  h=0.2 c=0.6  kl=0.0652  vl=0.1570
  vs Heur:   56W/49L/2D | score=15.9±24.8 inv=1.8 played=11.2 lanes=2.7 ddraw=1.9 pts=16
  vs Random: 108W/0L/0D | score=18.3±21.2 inv=1.9 played=11.3 lanes=2.7 ddraw=0.5 pts=18
  Self-play: 62W/49L/3D | score=14.3±22.4 inv=1.5 played=11.0 lanes=2.6 ddraw=0.8 pts=14
Step: 7454720 SPS: 3181  ev=0.655  ent=0.473  grad=0.50/0.50  h=0.2 c=0.4  kl=0.0564  vl=0.1800
Step: 7458816 SPS: 3181  ev=0.664  ent=0.454  grad=1.45/0.50  h=0.2 c=0.7  kl=0.0544  vl=0.2097
Step: 7462912 SPS: 3181  ev=0.663  ent=0.443  grad=0.39/0.39  h=0.1 c=0.2  kl=0.0409  vl=0.1958
Step: 7467008 SPS: 3181  ev=0.657  ent=0.503  grad=0.54/0.50  h=0.2 c=0.3  kl=0.0600  vl=0.1563
Step: 7471104 SPS: 3181  ev=0.658  ent=0.460  grad=1.09/0.50  h=0.2 c=0.6  kl=0.0463  vl=0.1593
Step: 7475200 SPS: 3181  ev=0.656  ent=0.497  grad=0.79/0.50  h=0.2 c=0.5  kl=0.0760  vl=0.1757
Step: 7479296 SPS: 3181  ev=0.661  ent=0.417  grad=0.76/0.50  h=0.2 c=0.6  kl=0.0535  vl=0.1752
Step: 7483392 SPS: 3181  ev=0.603  ent=0.463  grad=0.86/0.50  h=0.2 c=0.5  kl=0.0725  vl=0.1370
Step: 7487488 SPS: 3181  ev=0.669  ent=0.477  grad=0.51/0.50  h=0.2 c=0.5  kl=0.0526  vl=0.1557
Step: 7491584 SPS: 3181  ev=0.626  ent=0.458  grad=0.57/0.50  h=0.3 c=0.6  kl=0.0709  vl=0.1185
Step: 7495680 SPS: 3181  ev=0.605  ent=0.512  grad=0.40/0.40  h=0.2 c=0.7  kl=0.0548  vl=0.1246
Step: 7499776 SPS: 3181  ev=0.646  ent=0.443  grad=0.83/0.50  h=0.3 c=0.7  kl=0.0576  vl=0.1609
Step: 7503872 SPS: 3181  ev=0.651  ent=0.477  grad=0.43/0.43  h=0.3 c=0.7  kl=0.0445  vl=0.1763
Step: 7507968 SPS: 3181  ev=0.663  ent=0.465  grad=0.63/0.50  h=0.2 c=0.9  kl=0.1074  vl=0.2207
Step: 7512064 SPS: 3181  ev=0.601  ent=0.526  grad=0.44/0.44  h=0.3 c=0.6  kl=0.0568  vl=0.1800
Step: 7516160 SPS: 3181  ev=0.628  ent=0.468  grad=1.10/0.50  h=0.2 c=0.6  kl=0.0457  vl=0.1683
Step: 7520256 SPS: 3181  ev=0.664  ent=0.455  grad=1.41/0.50  h=0.2 c=0.9  kl=0.0523  vl=0.1450
Step: 7524352 SPS: 3180  ev=0.665  ent=0.488  grad=0.64/0.50  h=0.2 c=0.8  kl=0.0445  vl=0.1787
Step: 7528448 SPS: 3180  ev=0.667  ent=0.496  grad=0.90/0.50  h=0.3 c=0.7  kl=0.0494  vl=0.1362
Step: 7532544 SPS: 3180  ev=0.646  ent=0.438  grad=0.54/0.50  h=0.3 c=0.8  kl=0.0598  vl=0.1588
  vs Heur:   53W/49L/2D | score=17.8±30.6 inv=1.8 played=10.7 lanes=2.6 ddraw=1.8 pts=18
  vs Random: 106W/0L/0D | score=19.0±18.2 inv=1.6 played=11.1 lanes=2.6 ddraw=0.5 pts=19
  Self-play: 47W/63L/0D | score=11.3±20.6 inv=1.5 played=9.8 lanes=2.4 ddraw=0.8 pts=11
Step: 7536640 SPS: 3180  ev=0.619  ent=0.439  grad=0.79/0.50  h=0.2 c=0.7  kl=0.0634  vl=0.1141
Step: 7540736 SPS: 3180  ev=0.667  ent=0.466  grad=1.36/0.50  h=0.3 c=0.7  kl=0.0359  vl=0.1549
Step: 7544832 SPS: 3180  ev=0.689  ent=0.414  grad=0.42/0.42  h=0.3 c=0.8  kl=0.0414  vl=0.1492
Step: 7548928 SPS: 3180  ev=0.644  ent=0.479  grad=0.82/0.50  h=0.3 c=0.8  kl=0.0779  vl=0.1876
Step: 7553024 SPS: 3180  ev=0.673  ent=0.428  grad=0.41/0.41  h=0.3 c=0.9  kl=0.0452  vl=0.1516
Step: 7557120 SPS: 3180  ev=0.649  ent=0.490  grad=1.19/0.50  h=0.3 c=0.9  kl=0.0685  vl=0.1703
Step: 7561216 SPS: 3180  ev=0.657  ent=0.448  grad=0.40/0.40  h=0.3 c=0.8  kl=0.0307  vl=0.1582
Step: 7565312 SPS: 3180  ev=0.635  ent=0.458  grad=0.66/0.50  h=0.3 c=1.2  kl=0.0421  vl=0.1570
Step: 7569408 SPS: 3180  ev=0.639  ent=0.472  grad=0.44/0.44  h=0.3 c=1.1  kl=0.0549  vl=0.1757
Step: 7573504 SPS: 3180  ev=0.634  ent=0.475  grad=0.33/0.33  h=0.3 c=1.2  kl=0.0465  vl=0.1686
Step: 7577600 SPS: 3181  ev=0.648  ent=0.510  grad=0.39/0.39  h=0.3 c=1.2  kl=0.0568  vl=0.1883
Step: 7581696 SPS: 3181  ev=0.590  ent=0.459  grad=0.42/0.42  h=0.3 c=1.4  kl=0.0590  vl=0.1825
Step: 7585792 SPS: 3180  ev=0.625  ent=0.505  grad=0.36/0.36  h=0.4 c=1.8  kl=0.0461  vl=0.1728
Step: 7589888 SPS: 3180  ev=0.666  ent=0.474  grad=0.44/0.44  h=0.4 c=1.8  kl=0.0497  vl=0.1834
Step: 7593984 SPS: 3180  ev=0.594  ent=0.465  grad=1.53/0.50  h=0.3 c=1.4  kl=0.0427  vl=0.2003
Step: 7598080 SPS: 3180  ev=0.612  ent=0.478  grad=1.07/0.50  h=0.4 c=1.7  kl=0.0445  vl=0.1546
Step: 7602176 SPS: 3180  ev=0.657  ent=0.450  grad=0.34/0.34  h=0.4 c=1.8  kl=0.0364  vl=0.1263
Step: 7606272 SPS: 3180  ev=0.621  ent=0.451  grad=0.47/0.47  h=0.4 c=1.8  kl=0.0547  vl=0.1716
Step: 7610368 SPS: 3180  ev=0.606  ent=0.441  grad=0.84/0.50  h=0.4 c=1.8  kl=0.0673  vl=0.1695
Step: 7614464 SPS: 3180  ev=0.641  ent=0.448  grad=0.38/0.38  h=0.4 c=2.1  kl=0.0501  vl=0.1503
  vs Heur:   48W/52L/0D | score=17.5±27.9 inv=1.8 played=10.9 lanes=2.7 ddraw=2.1 pts=18
  vs Random: 107W/0L/0D | score=20.2±23.9 inv=1.5 played=11.0 lanes=2.6 ddraw=0.4 pts=20
  Self-play: 50W/55L/2D | score=11.2±20.5 inv=1.4 played=10.1 lanes=2.6 ddraw=0.7 pts=11
Step: 7618560 SPS: 3181  ev=0.597  ent=0.466  grad=0.85/0.50  h=0.3 c=1.8  kl=0.0455  vl=0.1685
Step: 7622656 SPS: 3181  ev=0.630  ent=0.426  grad=1.03/0.50  h=0.4 c=1.6  kl=0.0478  vl=0.2011
Step: 7626752 SPS: 3181  ev=0.594  ent=0.490  grad=0.47/0.47  h=0.3 c=1.4  kl=0.0689  vl=0.1475
Step: 7630848 SPS: 3181  ev=0.635  ent=0.457  grad=0.67/0.50  h=0.4 c=1.4  kl=0.0457  vl=0.1488
Step: 7634944 SPS: 3181  ev=0.652  ent=0.458  grad=0.67/0.50  h=0.4 c=1.6  kl=0.0375  vl=0.1211
Step: 7639040 SPS: 3181  ev=0.645  ent=0.468  grad=0.60/0.50  h=0.4 c=1.7  kl=0.0417  vl=0.1504
Step: 7643136 SPS: 3181  ev=0.669  ent=0.474  grad=0.36/0.36  h=0.4 c=1.6  kl=0.0675  vl=0.1480
Step: 7647232 SPS: 3181  ev=0.716  ent=0.444  grad=1.09/0.50  h=0.4 c=1.8  kl=0.0362  vl=0.1425
Step: 7651328 SPS: 3181  ev=0.664  ent=0.430  grad=0.40/0.40  h=0.4 c=1.1  kl=0.0387  vl=0.1224
Step: 7655424 SPS: 3181  ev=0.630  ent=0.453  grad=0.44/0.44  h=0.4 c=1.5  kl=0.0393  vl=0.1523
Step: 7659520 SPS: 3181  ev=0.635  ent=0.445  grad=0.60/0.50  h=0.3 c=1.1  kl=0.0564  vl=0.1269
Step: 7663616 SPS: 3181  ev=0.650  ent=0.457  grad=0.65/0.50  h=0.3 c=1.1  kl=0.0532  vl=0.1737
Step: 7667712 SPS: 3181  ev=0.632  ent=0.462  grad=0.62/0.50  h=0.3 c=1.1  kl=0.0337  vl=0.1537
Step: 7671808 SPS: 3181  ev=0.670  ent=0.413  grad=0.67/0.50  h=0.3 c=0.9  kl=0.0402  vl=0.2062
Step: 7675904 SPS: 3181  ev=0.622  ent=0.449  grad=0.60/0.50  h=0.3 c=1.0  kl=0.0384  vl=0.1818
Step: 7680000 SPS: 3181  ev=0.656  ent=0.514  grad=0.42/0.42  h=0.3 c=0.9  kl=0.0686  vl=0.1461
Step: 7684096 SPS: 3181  ev=0.657  ent=0.443  grad=0.54/0.50  h=0.3 c=0.9  kl=0.0762  vl=0.1575
Step: 7688192 SPS: 3181  ev=0.672  ent=0.453  grad=1.60/0.50  h=0.3 c=0.7  kl=0.0479  vl=0.1502
Step: 7692288 SPS: 3181  ev=0.637  ent=0.439  grad=0.42/0.42  h=0.3 c=0.9  kl=0.0441  vl=0.1783
Step: 7696384 SPS: 3181  ev=0.683  ent=0.444  grad=0.64/0.50  h=0.3 c=0.9  kl=0.0546  vl=0.1334
  vs Heur:   45W/63L/0D | score=12.0±31.5 inv=1.7 played=10.3 lanes=2.7 ddraw=2.1 pts=12
  vs Random: 107W/2L/0D | score=18.1±22.0 inv=1.6 played=11.5 lanes=2.7 ddraw=0.4 pts=18
  Self-play: 61W/39L/1D | score=16.5±20.1 inv=1.4 played=10.3 lanes=2.6 ddraw=0.8 pts=16
Step: 7700480 SPS: 3181  ev=0.645  ent=0.386  grad=1.20/0.50  h=0.2 c=0.6  kl=0.0511  vl=0.2370
Step: 7704576 SPS: 3181  ev=0.628  ent=0.452  grad=0.54/0.50  h=0.2 c=0.8  kl=0.0510  vl=0.1788
Step: 7708672 SPS: 3181  ev=0.590  ent=0.442  grad=0.38/0.38  h=0.3 c=1.0  kl=0.0463  vl=0.1737
Step: 7712768 SPS: 3181  ev=0.579  ent=0.407  grad=0.59/0.50  h=0.3 c=1.1  kl=0.0440  vl=0.1529
Step: 7716864 SPS: 3181  ev=0.645  ent=0.464  grad=0.51/0.50  h=0.3 c=0.9  kl=0.0451  vl=0.1377
Step: 7720960 SPS: 3181  ev=0.612  ent=0.467  grad=0.43/0.43  h=0.3 c=0.8  kl=0.0493  vl=0.1634
Step: 7725056 SPS: 3181  ev=0.634  ent=0.416  grad=0.39/0.39  h=0.4 c=1.1  kl=0.0501  vl=0.1448
Step: 7729152 SPS: 3181  ev=0.674  ent=0.434  grad=0.58/0.50  h=0.3 c=0.8  kl=0.0548  vl=0.1636
Step: 7733248 SPS: 3181  ev=0.678  ent=0.451  grad=0.43/0.43  h=0.3 c=1.0  kl=0.0519  vl=0.1884
Step: 7737344 SPS: 3180  ev=0.596  ent=0.437  grad=0.97/0.50  h=0.3 c=0.8  kl=0.0361  vl=0.1985
Step: 7741440 SPS: 3180  ev=0.680  ent=0.454  grad=0.83/0.50  h=0.4 c=0.9  kl=0.0279  vl=0.2341
Step: 7745536 SPS: 3180  ev=0.632  ent=0.427  grad=0.47/0.47  h=0.3 c=1.0  kl=0.0695  vl=0.1562
Step: 7749632 SPS: 3180  ev=0.675  ent=0.411  grad=0.41/0.41  h=0.4 c=0.9  kl=0.0451  vl=0.1235
Step: 7753728 SPS: 3180  ev=0.578  ent=0.443  grad=0.86/0.50  h=0.3 c=0.6  kl=0.0508  vl=0.1311
Step: 7757824 SPS: 3180  ev=0.648  ent=0.433  grad=0.78/0.50  h=0.3 c=0.7  kl=0.0349  vl=0.1594
Step: 7761920 SPS: 3181  ev=0.629  ent=0.437  grad=0.36/0.36  h=0.2 c=0.5  kl=0.0340  vl=0.1084
Step: 7766016 SPS: 3181  ev=0.663  ent=0.457  grad=0.40/0.40  h=0.3 c=0.7  kl=0.0541  vl=0.1596
Step: 7770112 SPS: 3181  ev=0.658  ent=0.408  grad=0.43/0.43  h=0.2 c=0.7  kl=0.0356  vl=0.1109
Step: 7774208 SPS: 3181  ev=0.606  ent=0.429  grad=0.31/0.31  h=0.2 c=0.7  kl=0.0448  vl=0.1447
Step: 7778304 SPS: 3181  ev=0.592  ent=0.468  grad=0.66/0.50  h=0.3 c=0.7  kl=0.0547  vl=0.1702
  vs Heur:   61W/39L/2D | score=24.1±31.2 inv=2.0 played=12.0 lanes=2.8 ddraw=2.0 pts=24
  vs Random: 107W/1L/0D | score=23.9±24.0 inv=1.7 played=11.7 lanes=2.7 ddraw=0.5 pts=24
  Self-play: 50W/50L/1D | score=10.3±22.9 inv=1.6 played=10.6 lanes=2.7 ddraw=0.8 pts=10
Step: 7782400 SPS: 3181  ev=0.642  ent=0.400  grad=0.99/0.50  h=0.3 c=0.8  kl=0.0502  vl=0.1652
Step: 7786496 SPS: 3180  ev=0.604  ent=0.420  grad=0.37/0.37  h=0.3 c=0.8  kl=0.0433  vl=0.1520
Step: 7790592 SPS: 3180  ev=0.629  ent=0.431  grad=0.66/0.50  h=0.3 c=1.1  kl=0.1229  vl=0.2088
Step: 7794688 SPS: 3180  ev=0.615  ent=0.383  grad=0.37/0.37  h=0.3 c=0.8  kl=0.0541  vl=0.1708
Step: 7798784 SPS: 3180  ev=0.564  ent=0.409  grad=0.83/0.50  h=0.3 c=0.7  kl=0.0472  vl=0.1833
Step: 7802880 SPS: 3180  ev=0.608  ent=0.414  grad=0.71/0.50  h=0.3 c=0.8  kl=0.0619  vl=0.1671
Step: 7806976 SPS: 3180  ev=0.671  ent=0.422  grad=0.64/0.50  h=0.3 c=1.0  kl=0.0540  vl=0.1718
Step: 7811072 SPS: 3180  ev=0.594  ent=0.423  grad=0.48/0.48  h=0.2 c=1.0  kl=0.0492  vl=0.1331
Step: 7815168 SPS: 3180  ev=0.632  ent=0.374  grad=0.48/0.48  h=0.3 c=1.1  kl=0.0223  vl=0.1410
Step: 7819264 SPS: 3180  ev=0.671  ent=0.408  grad=0.43/0.43  h=0.3 c=1.3  kl=0.0401  vl=0.1106
Step: 7823360 SPS: 3180  ev=0.612  ent=0.397  grad=0.41/0.41  h=0.3 c=1.2  kl=0.0812  vl=0.1599
Step: 7827456 SPS: 3180  ev=0.617  ent=0.449  grad=1.27/0.50  h=0.4 c=1.2  kl=0.0516  vl=0.1987
Step: 7831552 SPS: 3180  ev=0.579  ent=0.449  grad=1.20/0.50  h=0.3 c=1.0  kl=0.0877  vl=0.1478
Step: 7835648 SPS: 3180  ev=0.643  ent=0.416  grad=0.47/0.47  h=0.3 c=1.0  kl=0.0464  vl=0.1945
Step: 7839744 SPS: 3180  ev=0.655  ent=0.409  grad=0.38/0.38  h=0.2 c=0.6  kl=0.0405  vl=0.1339
Step: 7843840 SPS: 3180  ev=0.687  ent=0.411  grad=0.55/0.50  h=0.3 c=0.6  kl=0.0776  vl=0.1481
Step: 7847936 SPS: 3180  ev=0.674  ent=0.396  grad=0.45/0.45  h=0.3 c=0.8  kl=0.0260  vl=0.1586
Step: 7852032 SPS: 3180  ev=0.619  ent=0.410  grad=0.57/0.50  h=0.2 c=0.8  kl=0.0528  vl=0.1821
Step: 7856128 SPS: 3180  ev=0.634  ent=0.431  grad=0.45/0.45  h=0.3 c=0.9  kl=0.1541  vl=0.1859
Step: 7860224 SPS: 3180  ev=0.644  ent=0.419  grad=0.51/0.50  h=0.3 c=1.0  kl=0.0599  vl=0.1896
  vs Heur:   52W/47L/1D | score=17.2±32.7 inv=2.2 played=11.5 lanes=2.8 ddraw=2.0 pts=17
  vs Random: 104W/0L/0D | score=25.5±22.5 inv=1.9 played=11.8 lanes=2.7 ddraw=0.4 pts=26
  Self-play: 53W/48L/0D | score=13.5±21.9 inv=1.6 played=10.7 lanes=2.7 ddraw=0.6 pts=14
Step: 7864320 SPS: 3180  ev=0.670  ent=0.410  grad=0.33/0.33  h=0.4 c=1.1  kl=0.0623  vl=0.1508
Step: 7868416 SPS: 3180  ev=0.606  ent=0.408  grad=0.71/0.50  h=0.3 c=1.0  kl=0.0658  vl=0.2043
Step: 7872512 SPS: 3180  ev=0.614  ent=0.396  grad=0.58/0.50  h=0.3 c=0.9  kl=0.0744  vl=0.1500
Step: 7876608 SPS: 3180  ev=0.602  ent=0.388  grad=1.05/0.50  h=0.3 c=0.8  kl=0.0416  vl=0.1745
Step: 7880704 SPS: 3180  ev=0.598  ent=0.429  grad=1.23/0.50  h=0.4 c=1.0  kl=0.0431  vl=0.1465
Step: 7884800 SPS: 3180  ev=0.644  ent=0.421  grad=1.04/0.50  h=0.3 c=1.2  kl=0.0628  vl=0.1452
Step: 7888896 SPS: 3180  ev=0.609  ent=0.413  grad=0.58/0.50  h=0.3 c=1.1  kl=0.0280  vl=0.1502
Step: 7892992 SPS: 3180  ev=0.666  ent=0.411  grad=1.04/0.50  h=0.3 c=0.9  kl=0.0504  vl=0.2018
Step: 7897088 SPS: 3180  ev=0.621  ent=0.411  grad=0.48/0.48  h=0.3 c=1.3  kl=0.0436  vl=0.1647
Step: 7901184 SPS: 3180  ev=0.624  ent=0.400  grad=0.35/0.35  h=0.3 c=1.1  kl=0.0519  vl=0.1367
Step: 7905280 SPS: 3180  ev=0.624  ent=0.399  grad=0.70/0.50  h=0.3 c=0.9  kl=0.0310  vl=0.1126
Step: 7909376 SPS: 3180  ev=0.598  ent=0.409  grad=0.54/0.50  h=0.3 c=0.8  kl=0.0248  vl=0.1294
Step: 7913472 SPS: 3180  ev=0.634  ent=0.417  grad=1.01/0.50  h=0.3 c=0.8  kl=0.0623  vl=0.1733
Step: 7917568 SPS: 3180  ev=0.638  ent=0.411  grad=1.20/0.50  h=0.3 c=0.8  kl=0.0427  vl=0.1416
Step: 7921664 SPS: 3180  ev=0.599  ent=0.399  grad=0.91/0.50  h=0.3 c=0.8  kl=0.0456  vl=0.1852
Step: 7925760 SPS: 3180  ev=0.605  ent=0.431  grad=0.49/0.49  h=0.3 c=0.8  kl=0.0491  vl=0.1223
Step: 7929856 SPS: 3180  ev=0.613  ent=0.423  grad=1.01/0.50  h=0.3 c=0.9  kl=0.0418  vl=0.1204
Step: 7933952 SPS: 3180  ev=0.633  ent=0.424  grad=0.40/0.40  h=0.3 c=0.7  kl=0.0854  vl=0.1727
Step: 7938048 SPS: 3180  ev=0.660  ent=0.436  grad=0.53/0.50  h=0.3 c=0.8  kl=0.0397  vl=0.1093
Step: 7942144 SPS: 3180  ev=0.646  ent=0.396  grad=0.49/0.49  h=0.3 c=0.8  kl=0.0368  vl=0.1130
  vs Heur:   55W/45L/1D | score=20.6±28.7 inv=1.7 played=10.8 lanes=2.6 ddraw=1.6 pts=21
  vs Random: 106W/1L/0D | score=11.9±19.9 inv=1.7 played=10.7 lanes=2.6 ddraw=0.4 pts=12
  Self-play: 44W/59L/1D | score=10.6±23.7 inv=1.6 played=10.3 lanes=2.6 ddraw=0.6 pts=11
Step: 7946240 SPS: 3180  ev=0.594  ent=0.404  grad=1.50/0.50  h=0.2 c=0.8  kl=0.0506  vl=0.1596
Step: 7950336 SPS: 3180  ev=0.599  ent=0.409  grad=0.73/0.50  h=0.2 c=0.9  kl=0.0380  vl=0.2035
Step: 7954432 SPS: 3180  ev=0.648  ent=0.410  grad=0.61/0.50  h=0.2 c=0.7  kl=0.0763  vl=0.1367
Step: 7958528 SPS: 3180  ev=0.625  ent=0.420  grad=0.73/0.50  h=0.3 c=1.0  kl=0.0591  vl=0.1361
Step: 7962624 SPS: 3180  ev=0.611  ent=0.395  grad=1.01/0.50  h=0.3 c=1.1  kl=0.0586  vl=0.1570
Step: 7966720 SPS: 3180  ev=0.645  ent=0.414  grad=0.60/0.50  h=0.3 c=0.9  kl=0.0634  vl=0.1636
Step: 7970816 SPS: 3180  ev=0.663  ent=0.401  grad=0.48/0.48  h=0.3 c=1.0  kl=0.0343  vl=0.1530
Step: 7974912 SPS: 3180  ev=0.634  ent=0.403  grad=1.26/0.50  h=0.2 c=0.8  kl=0.0681  vl=0.1279
Step: 7979008 SPS: 3180  ev=0.693  ent=0.396  grad=0.36/0.36  h=0.3 c=0.9  kl=0.0620  vl=0.1712
Step: 7983104 SPS: 3180  ev=0.633  ent=0.399  grad=0.61/0.50  h=0.3 c=1.1  kl=0.0394  vl=0.1691
Step: 7987200 SPS: 3181  ev=0.589  ent=0.413  grad=0.92/0.50  h=0.2 c=1.0  kl=0.0509  vl=0.1663
Step: 7991296 SPS: 3181  ev=0.589  ent=0.441  grad=1.63/0.50  h=0.3 c=1.1  kl=0.0400  vl=0.1952
Step: 7995392 SPS: 3181  ev=0.645  ent=0.418  grad=0.46/0.46  h=0.3 c=0.9  kl=0.0489  vl=0.1838
Step: 7999488 SPS: 3181  ev=0.663  ent=0.417  grad=0.64/0.50  h=0.3 c=0.7  kl=0.0486  vl=0.1129
Step: 8003584 SPS: 3181  ev=0.619  ent=0.409  grad=1.25/0.50  h=0.3 c=0.8  kl=0.0253  vl=0.1585
Step: 8007680 SPS: 3181  ev=0.658  ent=0.420  grad=0.62/0.50  h=0.3 c=0.9  kl=0.0447  vl=0.1317
Step: 8011776 SPS: 3180  ev=0.562  ent=0.400  grad=0.42/0.42  h=0.2 c=0.8  kl=0.0630  vl=0.1565
Step: 8015872 SPS: 3180  ev=0.609  ent=0.399  grad=0.35/0.35  h=0.3 c=0.9  kl=0.0422  vl=0.1392
Step: 8019968 SPS: 3180  ev=0.643  ent=0.432  grad=0.47/0.47  h=0.3 c=0.9  kl=0.0456  vl=0.1227
Step: 8024064 SPS: 3180  ev=0.595  ent=0.427  grad=0.41/0.41  h=0.2 c=0.7  kl=0.0410  vl=0.1448
  vs Heur:   52W/46L/2D | score=18.4±26.9 inv=2.0 played=10.7 lanes=2.6 ddraw=1.6 pts=18
  vs Random: 108W/1L/0D | score=23.8±25.0 inv=1.7 played=11.7 lanes=2.7 ddraw=0.4 pts=24
  Self-play: 52W/46L/2D | score=12.5±20.8 inv=1.4 played=10.5 lanes=2.6 ddraw=0.7 pts=12
Step: 8028160 SPS: 3180  ev=0.671  ent=0.407  grad=0.91/0.50  h=0.3 c=1.0  kl=0.0371  vl=0.1811
Step: 8032256 SPS: 3180  ev=0.652  ent=0.396  grad=0.56/0.50  h=0.3 c=0.9  kl=0.0457  vl=0.1029
Step: 8036352 SPS: 3180  ev=0.630  ent=0.451  grad=0.92/0.50  h=0.3 c=0.7  kl=0.1140  vl=0.1532
Step: 8040448 SPS: 3180  ev=0.641  ent=0.424  grad=1.40/0.50  h=0.2 c=0.5  kl=0.0598  vl=0.1194
Step: 8044544 SPS: 3180  ev=0.619  ent=0.451  grad=0.68/0.50  h=0.2 c=0.7  kl=0.0586  vl=0.1847
Step: 8048640 SPS: 3180  ev=0.659  ent=0.388  grad=1.09/0.50  h=0.2 c=0.6  kl=0.0323  vl=0.1518
Step: 8052736 SPS: 3180  ev=0.658  ent=0.455  grad=0.63/0.50  h=0.3 c=0.8  kl=0.0481  vl=0.1453
Step: 8056832 SPS: 3180  ev=0.617  ent=0.452  grad=0.85/0.50  h=0.2 c=0.7  kl=0.0382  vl=0.1324
Step: 8060928 SPS: 3180  ev=0.660  ent=0.460  grad=1.38/0.50  h=0.3 c=0.7  kl=0.0864  vl=0.1563
Step: 8065024 SPS: 3180  ev=0.626  ent=0.452  grad=0.84/0.50  h=0.3 c=0.9  kl=0.0601  vl=0.1799
Step: 8069120 SPS: 3179  ev=0.649  ent=0.418  grad=0.40/0.40  h=0.2 c=0.6  kl=0.0598  vl=0.1694
Step: 8073216 SPS: 3178  ev=0.645  ent=0.412  grad=0.66/0.50  h=0.3 c=0.8  kl=0.0344  vl=0.1643
Step: 8077312 SPS: 3178  ev=0.645  ent=0.409  grad=0.67/0.50  h=0.2 c=0.6  kl=0.0339  vl=0.1541
Step: 8081408 SPS: 3177  ev=0.643  ent=0.429  grad=0.29/0.29  h=0.3 c=0.8  kl=0.0465  vl=0.1565
Step: 8085504 SPS: 3177  ev=0.648  ent=0.366  grad=0.35/0.35  h=0.2 c=0.6  kl=0.0191  vl=0.1302
Step: 8089600 SPS: 3176  ev=0.614  ent=0.436  grad=0.51/0.50  h=0.3 c=0.6  kl=0.0526  vl=0.1597
Step: 8093696 SPS: 3175  ev=0.629  ent=0.403  grad=0.35/0.35  h=0.2 c=0.5  kl=0.0393  vl=0.1433
Step: 8097792 SPS: 3175  ev=0.671  ent=0.405  grad=0.54/0.50  h=0.2 c=0.5  kl=0.0492  vl=0.1210
Step: 8101888 SPS: 3175  ev=0.624  ent=0.428  grad=1.25/0.50  h=0.3 c=0.7  kl=0.0364  vl=0.1492
Step: 8105984 SPS: 3175  ev=0.623  ent=0.423  grad=0.97/0.50  h=0.2 c=0.7  kl=0.0267  vl=0.1338
  vs Heur:   48W/52L/1D | score=20.4±25.8 inv=2.0 played=11.1 lanes=2.6 ddraw=1.9 pts=20
  vs Random: 105W/0L/0D | score=23.0±23.2 inv=1.6 played=11.5 lanes=2.8 ddraw=0.4 pts=23
  Self-play: 57W/41L/4D | score=14.7±19.0 inv=1.3 played=10.1 lanes=2.5 ddraw=0.8 pts=15
Step: 8110080 SPS: 3175  ev=0.656  ent=0.427  grad=0.98/0.50  h=0.2 c=0.7  kl=0.0402  vl=0.1862
Step: 8114176 SPS: 3175  ev=0.623  ent=0.415  grad=0.72/0.50  h=0.3 c=0.7  kl=0.0361  vl=0.1444
Step: 8118272 SPS: 3174  ev=0.590  ent=0.425  grad=0.55/0.50  h=0.3 c=0.8  kl=0.0313  vl=0.1340
Step: 8122368 SPS: 3174  ev=0.649  ent=0.406  grad=0.67/0.50  h=0.3 c=0.9  kl=0.0500  vl=0.1215
Step: 8126464 SPS: 3173  ev=0.655  ent=0.417  grad=0.80/0.50  h=0.3 c=1.0  kl=0.0339  vl=0.1593
Step: 8130560 SPS: 3173  ev=0.657  ent=0.425  grad=0.44/0.44  h=0.4 c=1.2  kl=0.0316  vl=0.1435
Step: 8134656 SPS: 3172  ev=0.623  ent=0.435  grad=0.79/0.50  h=0.4 c=1.2  kl=0.0619  vl=0.1672
Step: 8138752 SPS: 3172  ev=0.648  ent=0.387  grad=0.61/0.50  h=0.3 c=1.1  kl=0.0380  vl=0.1394
Step: 8142848 SPS: 3171  ev=0.621  ent=0.417  grad=0.72/0.50  h=0.3 c=1.1  kl=0.0750  vl=0.1318
Step: 8146944 SPS: 3171  ev=0.637  ent=0.375  grad=0.33/0.33  h=0.4 c=1.2  kl=0.0323  vl=0.1142
Step: 8151040 SPS: 3171  ev=0.646  ent=0.439  grad=0.39/0.39  h=0.3 c=1.2  kl=0.0501  vl=0.1687
Step: 8155136 SPS: 3171  ev=0.613  ent=0.385  grad=0.98/0.50  h=0.3 c=1.0  kl=0.0412  vl=0.1479
Step: 8159232 SPS: 3171  ev=0.601  ent=0.428  grad=1.32/0.50  h=0.3 c=0.7  kl=0.0378  vl=0.1630
Step: 8163328 SPS: 3170  ev=0.617  ent=0.414  grad=0.48/0.48  h=0.3 c=0.8  kl=0.0299  vl=0.2132
Step: 8167424 SPS: 3170  ev=0.646  ent=0.408  grad=0.67/0.50  h=0.3 c=0.8  kl=0.0564  vl=0.1741
Step: 8171520 SPS: 3170  ev=0.671  ent=0.406  grad=0.59/0.50  h=0.3 c=1.2  kl=0.0363  vl=0.1231
Step: 8175616 SPS: 3170  ev=0.668  ent=0.437  grad=0.70/0.50  h=0.3 c=1.1  kl=0.0599  vl=0.1634
Step: 8179712 SPS: 3170  ev=0.673  ent=0.401  grad=0.62/0.50  h=0.3 c=0.9  kl=0.0424  vl=0.0994
Step: 8183808 SPS: 3170  ev=0.654  ent=0.426  grad=0.55/0.50  h=0.2 c=0.6  kl=0.0658  vl=0.1755
Step: 8187904 SPS: 3170  ev=0.592  ent=0.415  grad=1.50/0.50  h=0.2 c=0.6  kl=0.0801  vl=0.2092
  vs Heur:   53W/53L/2D | score=22.0±30.7 inv=1.9 played=11.2 lanes=2.6 ddraw=1.7 pts=22
  vs Random: 107W/0L/0D | score=22.2±22.4 inv=1.5 played=11.5 lanes=2.7 ddraw=0.3 pts=22
  Self-play: 49W/45L/6D | score=12.2±20.7 inv=1.6 played=10.6 lanes=2.6 ddraw=0.5 pts=12
Step: 8192000 SPS: 3170  ev=0.626  ent=0.400  grad=0.71/0.50  h=0.2 c=0.4  kl=0.0298  vl=0.1505
Step: 8196096 SPS: 3170  ev=0.660  ent=0.406  grad=0.30/0.30  h=0.2 c=0.6  kl=0.0387  vl=0.1808
Step: 8200192 SPS: 3170  ev=0.617  ent=0.374  grad=1.19/0.50  h=0.2 c=0.8  kl=0.0276  vl=0.1461
Step: 8204288 SPS: 3170  ev=0.612  ent=0.415  grad=0.51/0.50  h=0.3 c=0.9  kl=0.0579  vl=0.1316
Step: 8208384 SPS: 3170  ev=0.615  ent=0.423  grad=0.36/0.36  h=0.2 c=0.9  kl=0.0407  vl=0.1406
Step: 8212480 SPS: 3170  ev=0.629  ent=0.411  grad=0.75/0.50  h=0.3 c=1.2  kl=0.0444  vl=0.1697
Step: 8216576 SPS: 3170  ev=0.606  ent=0.418  grad=0.87/0.50  h=0.2 c=1.0  kl=0.0368  vl=0.1902
Step: 8220672 SPS: 3170  ev=0.654  ent=0.400  grad=0.41/0.41  h=0.2 c=0.8  kl=0.0409  vl=0.2185
Step: 8224768 SPS: 3170  ev=0.684  ent=0.414  grad=0.46/0.46  h=0.3 c=0.9  kl=0.0411  vl=0.1708
Step: 8228864 SPS: 3170  ev=0.662  ent=0.387  grad=0.40/0.40  h=0.3 c=0.8  kl=0.0974  vl=0.1819
Step: 8232960 SPS: 3170  ev=0.610  ent=0.409  grad=0.42/0.42  h=0.2 c=0.7  kl=0.0260  vl=0.1377
Step: 8237056 SPS: 3170  ev=0.613  ent=0.427  grad=0.39/0.39  h=0.2 c=0.7  kl=0.0386  vl=0.2110
Step: 8241152 SPS: 3170  ev=0.626  ent=0.416  grad=0.43/0.43  h=0.2 c=0.7  kl=0.0631  vl=0.1369
Step: 8245248 SPS: 3170  ev=0.595  ent=0.394  grad=0.70/0.50  h=0.3 c=0.7  kl=0.0705  vl=0.1693
Step: 8249344 SPS: 3170  ev=0.656  ent=0.443  grad=1.81/0.50  h=0.2 c=0.6  kl=0.0532  vl=0.1697
Step: 8253440 SPS: 3170  ev=0.645  ent=0.415  grad=0.74/0.50  h=0.2 c=0.6  kl=0.0615  vl=0.1671
Step: 8257536 SPS: 3170  ev=0.614  ent=0.419  grad=0.48/0.48  h=0.2 c=0.6  kl=0.0638  vl=0.1441
Step: 8261632 SPS: 3170  ev=0.577  ent=0.396  grad=0.53/0.50  h=0.2 c=0.7  kl=0.0375  vl=0.1573
Step: 8265728 SPS: 3170  ev=0.633  ent=0.413  grad=0.41/0.41  h=0.2 c=0.8  kl=0.0478  vl=0.1372
Step: 8269824 SPS: 3170  ev=0.602  ent=0.418  grad=0.35/0.35  h=0.2 c=0.8  kl=0.0563  vl=0.1461
  vs Heur:   49W/51L/1D | score=15.7±24.8 inv=1.9 played=10.5 lanes=2.5 ddraw=1.4 pts=16
  vs Random: 100W/0L/0D | score=20.2±25.2 inv=1.5 played=11.0 lanes=2.6 ddraw=0.3 pts=20
  Self-play: 44W/59L/1D | score=12.8±24.2 inv=1.5 played=10.2 lanes=2.5 ddraw=0.4 pts=13
Step: 8273920 SPS: 3170  ev=0.615  ent=0.419  grad=0.50/0.50  h=0.3 c=0.7  kl=0.0396  vl=0.1223
Step: 8278016 SPS: 3170  ev=0.634  ent=0.395  grad=0.63/0.50  h=0.2 c=0.8  kl=0.0494  vl=0.1505
Step: 8282112 SPS: 3170  ev=0.638  ent=0.432  grad=0.35/0.35  h=0.2 c=0.8  kl=0.0440  vl=0.1651
Step: 8286208 SPS: 3170  ev=0.639  ent=0.426  grad=0.40/0.40  h=0.2 c=0.8  kl=0.0514  vl=0.1558
Step: 8290304 SPS: 3170  ev=0.638  ent=0.414  grad=0.54/0.50  h=0.3 c=1.0  kl=0.0466  vl=0.1662
Step: 8294400 SPS: 3170  ev=0.650  ent=0.418  grad=1.04/0.50  h=0.2 c=0.9  kl=0.0323  vl=0.1260
Step: 8298496 SPS: 3170  ev=0.601  ent=0.401  grad=0.89/0.50  h=0.3 c=0.9  kl=0.0678  vl=0.1414
Step: 8302592 SPS: 3170  ev=0.612  ent=0.418  grad=0.90/0.50  h=0.2 c=0.9  kl=0.0710  vl=0.1927
Step: 8306688 SPS: 3170  ev=0.607  ent=0.425  grad=1.24/0.50  h=0.3 c=1.2  kl=0.0512  vl=0.1770
Step: 8310784 SPS: 3170  ev=0.649  ent=0.428  grad=0.35/0.35  h=0.3 c=0.9  kl=0.0620  vl=0.1690
Step: 8314880 SPS: 3170  ev=0.633  ent=0.394  grad=0.40/0.40  h=0.2 c=1.1  kl=0.0298  vl=0.1387
Step: 8318976 SPS: 3170  ev=0.645  ent=0.442  grad=1.12/0.50  h=0.2 c=0.6  kl=0.0415  vl=0.1842
Step: 8323072 SPS: 3170  ev=0.634  ent=0.389  grad=0.81/0.50  h=0.1 c=0.5  kl=0.0880  vl=0.1348
Step: 8327168 SPS: 3170  ev=0.645  ent=0.413  grad=0.52/0.50  h=0.2 c=0.5  kl=0.0403  vl=0.1493
Step: 8331264 SPS: 3170  ev=0.604  ent=0.406  grad=0.53/0.50  h=0.2 c=0.5  kl=0.0262  vl=0.1514
Step: 8335360 SPS: 3170  ev=0.634  ent=0.417  grad=0.58/0.50  h=0.2 c=0.6  kl=0.0674  vl=0.1645
Step: 8339456 SPS: 3170  ev=0.671  ent=0.432  grad=0.40/0.40  h=0.2 c=0.4  kl=0.0645  vl=0.1639
Step: 8343552 SPS: 3170  ev=0.658  ent=0.412  grad=0.51/0.50  h=0.2 c=0.5  kl=0.0318  vl=0.1666
Step: 8347648 SPS: 3170  ev=0.656  ent=0.385  grad=0.56/0.50  h=0.2 c=0.5  kl=0.0480  vl=0.1316
Step: 8351744 SPS: 3170  ev=0.634  ent=0.397  grad=0.43/0.43  h=0.2 c=0.6  kl=0.0465  vl=0.1219
  vs Heur:   53W/46L/1D | score=20.0±24.4 inv=1.8 played=10.9 lanes=2.6 ddraw=1.5 pts=20
  vs Random: 104W/1L/0D | score=21.1±27.2 inv=1.6 played=10.8 lanes=2.5 ddraw=0.5 pts=21
  Self-play: 60W/45L/2D | score=15.1±19.1 inv=1.5 played=10.3 lanes=2.5 ddraw=0.5 pts=15
Step: 8355840 SPS: 3170  ev=0.669  ent=0.421  grad=0.74/0.50  h=0.3 c=0.8  kl=0.0465  vl=0.1380
Step: 8359936 SPS: 3170  ev=0.685  ent=0.416  grad=0.39/0.39  h=0.3 c=0.8  kl=0.0734  vl=0.1165
Step: 8364032 SPS: 3170  ev=0.637  ent=0.392  grad=0.41/0.41  h=0.2 c=0.7  kl=0.0428  vl=0.1689
Step: 8368128 SPS: 3170  ev=0.667  ent=0.442  grad=0.36/0.36  h=0.3 c=0.8  kl=0.0297  vl=0.1383
Step: 8372224 SPS: 3170  ev=0.608  ent=0.445  grad=1.22/0.50  h=0.3 c=0.7  kl=0.0486  vl=0.1803
Step: 8376320 SPS: 3170  ev=0.662  ent=0.417  grad=0.37/0.37  h=0.2 c=0.7  kl=0.0671  vl=0.1471
Step: 8380416 SPS: 3170  ev=0.634  ent=0.400  grad=0.50/0.50  h=0.3 c=0.9  kl=0.0528  vl=0.1877
Step: 8384512 SPS: 3170  ev=0.674  ent=0.402  grad=1.27/0.50  h=0.2 c=1.0  kl=0.0379  vl=0.1910
Step: 8388608 SPS: 3170  ev=0.617  ent=0.397  grad=0.32/0.32  h=0.2 c=0.7  kl=0.0594  vl=0.2087
Step: 8392704 SPS: 3170  ev=0.669  ent=0.408  grad=0.88/0.50  h=0.2 c=0.8  kl=0.0373  vl=0.1013
Step: 8396800 SPS: 3170  ev=0.599  ent=0.422  grad=0.55/0.50  h=0.2 c=0.9  kl=0.0769  vl=0.1501
Step: 8400896 SPS: 3170  ev=0.643  ent=0.406  grad=0.51/0.50  h=0.2 c=0.9  kl=0.0681  vl=0.1805
Step: 8404992 SPS: 3170  ev=0.632  ent=0.396  grad=0.53/0.50  h=0.3 c=1.3  kl=0.0532  vl=0.2039
Step: 8409088 SPS: 3170  ev=0.652  ent=0.426  grad=0.37/0.37  h=0.3 c=1.1  kl=0.0505  vl=0.1379
Step: 8413184 SPS: 3170  ev=0.554  ent=0.388  grad=0.42/0.42  h=0.4 c=1.3  kl=0.0469  vl=0.1588
Step: 8417280 SPS: 3170  ev=0.630  ent=0.399  grad=0.49/0.49  h=0.3 c=1.5  kl=0.1355  vl=0.2331
Step: 8421376 SPS: 3170  ev=0.643  ent=0.394  grad=0.68/0.50  h=0.4 c=1.5  kl=0.0495  vl=0.1719
Step: 8425472 SPS: 3170  ev=0.652  ent=0.394  grad=0.47/0.47  h=0.4 c=1.5  kl=0.0296  vl=0.1663
Step: 8429568 SPS: 3170  ev=0.671  ent=0.393  grad=1.00/0.50  h=0.3 c=1.3  kl=0.0770  vl=0.1856
Step: 8433664 SPS: 3170  ev=0.622  ent=0.399  grad=1.43/0.50  h=0.4 c=1.3  kl=0.0305  vl=0.1596
  vs Heur:   53W/47L/1D | score=21.8±29.3 inv=2.0 played=11.2 lanes=2.6 ddraw=1.7 pts=22
  vs Random: 103W/1L/0D | score=17.1±21.3 inv=1.5 played=10.1 lanes=2.4 ddraw=0.3 pts=17
  Self-play: 54W/51L/2D | score=17.4±24.2 inv=1.5 played=10.0 lanes=2.4 ddraw=0.5 pts=17
Step: 8437760 SPS: 3170  ev=0.646  ent=0.404  grad=1.02/0.50  h=0.4 c=1.4  kl=0.0531  vl=0.1412
Step: 8441856 SPS: 3170  ev=0.638  ent=0.394  grad=0.59/0.50  h=0.4 c=1.3  kl=0.0714  vl=0.1403
Step: 8445952 SPS: 3170  ev=0.596  ent=0.395  grad=1.29/0.50  h=0.3 c=1.0  kl=0.0478  vl=0.1876
Step: 8450048 SPS: 3170  ev=0.624  ent=0.408  grad=0.45/0.45  h=0.2 c=0.7  kl=0.0312  vl=0.1607
Step: 8454144 SPS: 3170  ev=0.608  ent=0.391  grad=1.31/0.50  h=0.2 c=0.5  kl=0.0348  vl=0.1135
Step: 8458240 SPS: 3170  ev=0.649  ent=0.417  grad=1.55/0.50  h=0.2 c=1.2  kl=0.0776  vl=0.1770
Step: 8462336 SPS: 3170  ev=0.600  ent=0.413  grad=0.30/0.30  h=0.2 c=1.1  kl=0.0573  vl=0.1975
Step: 8466432 SPS: 3170  ev=0.630  ent=0.417  grad=1.13/0.50  h=0.3 c=1.1  kl=0.0353  vl=0.1575
Step: 8470528 SPS: 3170  ev=0.585  ent=0.436  grad=0.65/0.50  h=0.3 c=0.7  kl=0.0473  vl=0.1859
Step: 8474624 SPS: 3170  ev=0.630  ent=0.411  grad=0.83/0.50  h=0.3 c=0.7  kl=0.0299  vl=0.1555
Step: 8478720 SPS: 3169  ev=0.616  ent=0.414  grad=0.57/0.50  h=0.2 c=0.8  kl=0.0594  vl=0.1513
Step: 8482816 SPS: 3169  ev=0.660  ent=0.423  grad=0.42/0.42  h=0.2 c=0.7  kl=0.0367  vl=0.1030
Step: 8486912 SPS: 3169  ev=0.616  ent=0.446  grad=0.37/0.37  h=0.2 c=0.6  kl=0.0383  vl=0.1725
Step: 8491008 SPS: 3169  ev=0.651  ent=0.418  grad=0.77/0.50  h=0.2 c=0.6  kl=0.0292  vl=0.1995
Step: 8495104 SPS: 3169  ev=0.700  ent=0.405  grad=0.55/0.50  h=0.2 c=0.6  kl=0.0398  vl=0.1454
Step: 8499200 SPS: 3169  ev=0.609  ent=0.411  grad=0.54/0.50  h=0.3 c=0.8  kl=0.0383  vl=0.1699
Step: 8503296 SPS: 3169  ev=0.642  ent=0.403  grad=0.36/0.36  h=0.2 c=0.8  kl=0.0384  vl=0.1241
Step: 8507392 SPS: 3170  ev=0.635  ent=0.426  grad=0.40/0.40  h=0.2 c=0.8  kl=0.0446  vl=0.2345
Step: 8511488 SPS: 3170  ev=0.648  ent=0.420  grad=0.62/0.50  h=0.2 c=0.6  kl=0.0445  vl=0.1598
Step: 8515584 SPS: 3170  ev=0.665  ent=0.423  grad=0.83/0.50  h=0.2 c=0.5  kl=0.0619  vl=0.1813
  vs Heur:   50W/50L/1D | score=21.1±28.6 inv=1.8 played=10.7 lanes=2.5 ddraw=1.7 pts=21
  vs Random: 102W/0L/0D | score=21.0±24.4 inv=1.5 played=10.7 lanes=2.6 ddraw=0.4 pts=21
  Self-play: 57W/52L/0D | score=14.0±21.0 inv=1.4 played=9.8 lanes=2.4 ddraw=0.8 pts=14
Step: 8519680 SPS: 3170  ev=0.650  ent=0.409  grad=1.63/0.50  h=0.2 c=0.9  kl=0.0471  vl=0.2161
Step: 8523776 SPS: 3170  ev=0.711  ent=0.402  grad=0.97/0.50  h=0.2 c=0.7  kl=0.0647  vl=0.1208
Step: 8527872 SPS: 3170  ev=0.643  ent=0.438  grad=1.30/0.50  h=0.2 c=0.6  kl=0.0618  vl=0.1733
Step: 8531968 SPS: 3170  ev=0.672  ent=0.441  grad=0.59/0.50  h=0.2 c=0.5  kl=0.0393  vl=0.1459
Step: 8536064 SPS: 3170  ev=0.672  ent=0.418  grad=0.71/0.50  h=0.1 c=0.5  kl=0.0312  vl=0.1718
Step: 8540160 SPS: 3170  ev=0.658  ent=0.427  grad=0.43/0.43  h=0.1 c=0.6  kl=0.0327  vl=0.1704
Step: 8544256 SPS: 3170  ev=0.671  ent=0.422  grad=0.53/0.50  h=0.1 c=0.3  kl=0.0336  vl=0.1651
Step: 8548352 SPS: 3170  ev=0.670  ent=0.442  grad=0.71/0.50  h=0.1 c=0.5  kl=0.0327  vl=0.1538
Step: 8552448 SPS: 3170  ev=0.607  ent=0.462  grad=0.46/0.46  h=0.1 c=0.3  kl=0.0322  vl=0.1286
Step: 8556544 SPS: 3170  ev=0.678  ent=0.428  grad=0.68/0.50  h=0.2 c=0.4  kl=0.0606  vl=0.1437
Step: 8560640 SPS: 3170  ev=0.590  ent=0.422  grad=1.00/0.50  h=0.2 c=0.6  kl=0.0699  vl=0.1974
Step: 8564736 SPS: 3170  ev=0.597  ent=0.400  grad=0.43/0.43  h=0.1 c=0.4  kl=0.0593  vl=0.1653
Step: 8568832 SPS: 3170  ev=0.626  ent=0.428  grad=0.41/0.41  h=0.1 c=0.4  kl=0.0564  vl=0.1164
Step: 8572928 SPS: 3170  ev=0.574  ent=0.420  grad=0.72/0.50  h=0.2 c=0.7  kl=0.0946  vl=0.1285
Step: 8577024 SPS: 3170  ev=0.650  ent=0.431  grad=0.71/0.50  h=0.2 c=0.5  kl=0.0341  vl=0.1213
Step: 8581120 SPS: 3170  ev=0.648  ent=0.414  grad=1.22/0.50  h=0.2 c=0.7  kl=0.0371  vl=0.1357
Step: 8585216 SPS: 3170  ev=0.614  ent=0.425  grad=0.63/0.50  h=0.2 c=1.0  kl=0.0417  vl=0.1766
Step: 8589312 SPS: 3170  ev=0.674  ent=0.411  grad=0.57/0.50  h=0.2 c=0.7  kl=0.0635  vl=0.1496
Step: 8593408 SPS: 3170  ev=0.596  ent=0.420  grad=0.71/0.50  h=0.2 c=0.8  kl=0.0367  vl=0.1171
Step: 8597504 SPS: 3170  ev=0.652  ent=0.428  grad=0.38/0.38  h=0.3 c=0.9  kl=0.0202  vl=0.1510
  vs Heur:   50W/49L/2D | score=20.2±27.6 inv=1.6 played=10.3 lanes=2.5 ddraw=1.5 pts=20
  vs Random: 102W/1L/0D | score=17.8±29.3 inv=1.5 played=10.2 lanes=2.5 ddraw=0.3 pts=18
  Self-play: 46W/56L/1D | score=14.7±26.9 inv=1.3 played=9.8 lanes=2.4 ddraw=0.8 pts=15
Step: 8601600 SPS: 3170  ev=0.663  ent=0.425  grad=0.77/0.50  h=0.3 c=0.9  kl=0.0258  vl=0.1340
Step: 8605696 SPS: 3170  ev=0.648  ent=0.416  grad=0.40/0.40  h=0.2 c=0.9  kl=0.0473  vl=0.1563
Step: 8609792 SPS: 3170  ev=0.631  ent=0.421  grad=0.47/0.47  h=0.2 c=0.8  kl=0.0334  vl=0.1427
Step: 8613888 SPS: 3170  ev=0.655  ent=0.454  grad=1.38/0.50  h=0.2 c=0.9  kl=0.0536  vl=0.2041
Step: 8617984 SPS: 3170  ev=0.574  ent=0.389  grad=0.68/0.50  h=0.1 c=0.9  kl=0.0307  vl=0.1776
Step: 8622080 SPS: 3170  ev=0.609  ent=0.404  grad=0.69/0.50  h=0.3 c=1.0  kl=0.0584  vl=0.1541
Step: 8626176 SPS: 3170  ev=0.582  ent=0.408  grad=1.08/0.50  h=0.2 c=0.7  kl=0.0400  vl=0.1666
Step: 8630272 SPS: 3170  ev=0.665  ent=0.413  grad=0.35/0.35  h=0.2 c=0.9  kl=0.0251  vl=0.1648
Step: 8634368 SPS: 3170  ev=0.619  ent=0.473  grad=0.47/0.47  h=0.3 c=1.1  kl=0.0405  vl=0.1704
Step: 8638464 SPS: 3170  ev=0.619  ent=0.419  grad=0.63/0.50  h=0.3 c=1.2  kl=0.0479  vl=0.2335
Step: 8642560 SPS: 3170  ev=0.633  ent=0.400  grad=0.54/0.50  h=0.3 c=1.3  kl=0.0398  vl=0.1600
Step: 8646656 SPS: 3170  ev=0.633  ent=0.427  grad=1.49/0.50  h=0.3 c=1.1  kl=0.0523  vl=0.1967
Step: 8650752 SPS: 3170  ev=0.638  ent=0.406  grad=0.65/0.50  h=0.2 c=1.3  kl=0.0471  vl=0.2153
Step: 8654848 SPS: 3170  ev=0.657  ent=0.415  grad=0.34/0.34  h=0.2 c=0.9  kl=0.0489  vl=0.1806
Step: 8658944 SPS: 3170  ev=0.601  ent=0.425  grad=0.51/0.50  h=0.2 c=1.0  kl=0.0799  vl=0.1468
Step: 8663040 SPS: 3170  ev=0.634  ent=0.393  grad=0.33/0.33  h=0.2 c=0.9  kl=0.0456  vl=0.1525
Step: 8667136 SPS: 3170  ev=0.560  ent=0.438  grad=0.55/0.50  h=0.3 c=1.0  kl=0.0577  vl=0.2774
Step: 8671232 SPS: 3170  ev=0.619  ent=0.412  grad=0.44/0.44  h=0.3 c=1.0  kl=0.0924  vl=0.1533
Step: 8675328 SPS: 3170  ev=0.614  ent=0.406  grad=0.68/0.50  h=0.3 c=1.3  kl=0.0311  vl=0.1770
Step: 8679424 SPS: 3170  ev=0.571  ent=0.419  grad=1.04/0.50  h=0.2 c=0.7  kl=0.0658  vl=0.1635
  vs Heur:   54W/44L/2D | score=19.3±25.6 inv=2.0 played=10.9 lanes=2.6 ddraw=1.9 pts=19
  vs Random: 107W/0L/0D | score=7.4±19.8 inv=1.5 played=9.8 lanes=2.6 ddraw=0.4 pts=7
  Self-play: 51W/50L/2D | score=11.0±23.0 inv=1.3 played=9.5 lanes=2.5 ddraw=0.9 pts=11
Step: 8683520 SPS: 3170  ev=0.647  ent=0.437  grad=0.90/0.50  h=0.2 c=0.9  kl=0.0563  vl=0.1366
Step: 8687616 SPS: 3170  ev=0.665  ent=0.441  grad=0.62/0.50  h=0.2 c=0.7  kl=0.0728  vl=0.1128
Step: 8691712 SPS: 3170  ev=0.522  ent=0.411  grad=0.53/0.50  h=0.2 c=0.8  kl=0.0487  vl=0.1267
Step: 8695808 SPS: 3170  ev=0.632  ent=0.444  grad=0.42/0.42  h=0.2 c=1.2  kl=0.0560  vl=0.1316
Step: 8699904 SPS: 3170  ev=0.642  ent=0.437  grad=0.73/0.50  h=0.2 c=1.4  kl=0.0298  vl=0.1458
Step: 8704000 SPS: 3170  ev=0.628  ent=0.423  grad=1.09/0.50  h=0.2 c=1.5  kl=0.0589  vl=0.1525
Step: 8708096 SPS: 3170  ev=0.606  ent=0.437  grad=0.46/0.46  h=0.3 c=1.2  kl=0.0424  vl=0.1611
Step: 8712192 SPS: 3170  ev=0.617  ent=0.452  grad=0.37/0.37  h=0.3 c=1.4  kl=0.0480  vl=0.1375
Step: 8716288 SPS: 3170  ev=0.582  ent=0.423  grad=0.51/0.50  h=0.2 c=1.3  kl=0.0471  vl=0.2322
Step: 8720384 SPS: 3170  ev=0.602  ent=0.425  grad=0.34/0.34  h=0.3 c=1.1  kl=0.0348  vl=0.1523
Step: 8724480 SPS: 3170  ev=0.628  ent=0.384  grad=0.82/0.50  h=0.2 c=0.9  kl=0.0346  vl=0.1833
Step: 8728576 SPS: 3170  ev=0.629  ent=0.474  grad=0.40/0.40  h=0.2 c=0.7  kl=0.0279  vl=0.1076
Step: 8732672 SPS: 3170  ev=0.653  ent=0.426  grad=0.81/0.50  h=0.2 c=0.7  kl=0.0468  vl=0.1724
Step: 8736768 SPS: 3170  ev=0.634  ent=0.435  grad=0.59/0.50  h=0.2 c=1.3  kl=0.0381  vl=0.1412
Step: 8740864 SPS: 3170  ev=0.638  ent=0.401  grad=1.11/0.50  h=0.2 c=1.0  kl=0.0408  vl=0.1533
Step: 8744960 SPS: 3170  ev=0.673  ent=0.451  grad=0.43/0.43  h=0.2 c=0.7  kl=0.0411  vl=0.1596
Step: 8749056 SPS: 3170  ev=0.626  ent=0.400  grad=0.39/0.39  h=0.2 c=0.8  kl=0.0443  vl=0.1434
Step: 8753152 SPS: 3170  ev=0.649  ent=0.406  grad=0.49/0.49  h=0.2 c=0.7  kl=0.0365  vl=0.1675
Step: 8757248 SPS: 3170  ev=0.657  ent=0.384  grad=0.57/0.50  h=0.1 c=0.4  kl=0.0444  vl=0.1989
Step: 8761344 SPS: 3170  ev=0.660  ent=0.401  grad=0.65/0.50  h=0.1 c=0.5  kl=0.0466  vl=0.1427
  vs Heur:   47W/52L/1D | score=20.7±31.2 inv=2.0 played=11.1 lanes=2.6 ddraw=1.8 pts=21
  vs Random: 107W/0L/0D | score=20.3±25.0 inv=1.6 played=11.0 lanes=2.5 ddraw=0.5 pts=20
  Self-play: 51W/48L/2D | score=13.0±23.2 inv=1.4 played=9.7 lanes=2.5 ddraw=0.6 pts=13
Step: 8765440 SPS: 3170  ev=0.627  ent=0.396  grad=0.52/0.50  h=0.2 c=0.7  kl=0.0426  vl=0.1225
Step: 8769536 SPS: 3170  ev=0.675  ent=0.411  grad=0.41/0.41  h=0.2 c=0.5  kl=0.0524  vl=0.1601
Step: 8773632 SPS: 3170  ev=0.654  ent=0.423  grad=0.65/0.50  h=0.2 c=0.6  kl=0.0560  vl=0.1328
Step: 8777728 SPS: 3170  ev=0.665  ent=0.418  grad=0.79/0.50  h=0.2 c=0.7  kl=0.0379  vl=0.1980
Step: 8781824 SPS: 3170  ev=0.545  ent=0.421  grad=0.59/0.50  h=0.2 c=0.3  kl=0.0651  vl=0.2082
Step: 8785920 SPS: 3170  ev=0.657  ent=0.402  grad=0.37/0.37  h=0.1 c=0.7  kl=0.0460  vl=0.1970
Step: 8790016 SPS: 3170  ev=0.653  ent=0.423  grad=1.06/0.50  h=0.2 c=0.9  kl=0.0494  vl=0.1870
Step: 8794112 SPS: 3170  ev=0.615  ent=0.413  grad=0.67/0.50  h=0.2 c=1.3  kl=0.0398  vl=0.1526
Step: 8798208 SPS: 3170  ev=0.613  ent=0.389  grad=0.36/0.36  h=0.2 c=1.0  kl=0.0779  vl=0.1986
Step: 8802304 SPS: 3170  ev=0.530  ent=0.408  grad=0.79/0.50  h=0.2 c=1.2  kl=0.0719  vl=0.1531
Step: 8806400 SPS: 3170  ev=0.662  ent=0.391  grad=0.40/0.40  h=0.2 c=1.7  kl=0.0413  vl=0.2132
Step: 8810496 SPS: 3170  ev=0.631  ent=0.426  grad=0.34/0.34  h=0.2 c=1.4  kl=0.0501  vl=0.1496
Step: 8814592 SPS: 3170  ev=0.603  ent=0.397  grad=0.55/0.50  h=0.2 c=1.2  kl=0.0391  vl=0.1629
Step: 8818688 SPS: 3170  ev=0.631  ent=0.394  grad=0.36/0.36  h=0.2 c=1.0  kl=0.0893  vl=0.1888
Step: 8822784 SPS: 3170  ev=0.642  ent=0.416  grad=1.21/0.50  h=0.3 c=1.1  kl=0.0439  vl=0.2403
Step: 8826880 SPS: 3170  ev=0.622  ent=0.412  grad=0.74/0.50  h=0.3 c=0.8  kl=0.0350  vl=0.1739
Step: 8830976 SPS: 3170  ev=0.635  ent=0.403  grad=0.80/0.50  h=0.2 c=0.8  kl=0.0369  vl=0.1684
Step: 8835072 SPS: 3170  ev=0.631  ent=0.374  grad=1.38/0.50  h=0.2 c=0.6  kl=0.0603  vl=0.1675
Step: 8839168 SPS: 3170  ev=0.632  ent=0.368  grad=0.52/0.50  h=0.2 c=0.7  kl=0.0997  vl=0.1734
Step: 8843264 SPS: 3170  ev=0.615  ent=0.405  grad=0.39/0.39  h=0.2 c=0.8  kl=0.0293  vl=0.1529
  vs Heur:   51W/46L/3D | score=19.9±29.5 inv=2.1 played=11.1 lanes=2.6 ddraw=2.0 pts=20
  vs Random: 104W/0L/0D | score=24.4±24.2 inv=1.7 played=11.6 lanes=2.7 ddraw=0.5 pts=24
  Self-play: 55W/49L/1D | score=12.1±24.1 inv=1.6 played=10.6 lanes=2.6 ddraw=0.8 pts=12
Step: 8847360 SPS: 3170  ev=0.621  ent=0.422  grad=0.69/0.50  h=0.3 c=0.9  kl=0.0759  vl=0.1970
Step: 8851456 SPS: 3170  ev=0.643  ent=0.399  grad=0.47/0.47  h=0.3 c=0.8  kl=0.0261  vl=0.1388
Step: 8855552 SPS: 3170  ev=0.592  ent=0.402  grad=0.45/0.45  h=0.2 c=0.9  kl=0.0845  vl=0.2174
Step: 8859648 SPS: 3170  ev=0.627  ent=0.414  grad=0.33/0.33  h=0.3 c=1.3  kl=0.0732  vl=0.1925
Step: 8863744 SPS: 3170  ev=0.646  ent=0.393  grad=0.72/0.50  h=0.3 c=1.1  kl=0.0503  vl=0.1942
Step: 8867840 SPS: 3170  ev=0.601  ent=0.382  grad=0.33/0.33  h=0.2 c=0.9  kl=0.0485  vl=0.1801
Step: 8871936 SPS: 3170  ev=0.602  ent=0.403  grad=0.81/0.50  h=0.2 c=0.8  kl=0.0470  vl=0.1859
Step: 8876032 SPS: 3170  ev=0.647  ent=0.401  grad=0.56/0.50  h=0.2 c=0.9  kl=0.0342  vl=0.1942
Step: 8880128 SPS: 3170  ev=0.635  ent=0.398  grad=0.79/0.50  h=0.2 c=1.0  kl=0.1084  vl=0.1693
Step: 8884224 SPS: 3170  ev=0.633  ent=0.415  grad=0.81/0.50  h=0.2 c=0.5  kl=0.0482  vl=0.1956
Step: 8888320 SPS: 3170  ev=0.582  ent=0.422  grad=0.72/0.50  h=0.3 c=0.6  kl=0.0332  vl=0.1579
Step: 8892416 SPS: 3170  ev=0.620  ent=0.386  grad=0.51/0.50  h=0.2 c=0.8  kl=0.0316  vl=0.1281
Step: 8896512 SPS: 3170  ev=0.662  ent=0.408  grad=0.44/0.44  h=0.2 c=0.9  kl=0.0310  vl=0.1472
Step: 8900608 SPS: 3170  ev=0.631  ent=0.422  grad=1.43/0.50  h=0.3 c=0.7  kl=0.0393  vl=0.1918
Step: 8904704 SPS: 3170  ev=0.612  ent=0.409  grad=0.65/0.50  h=0.3 c=0.9  kl=0.1329  vl=0.2077
Step: 8908800 SPS: 3170  ev=0.610  ent=0.354  grad=1.56/0.50  h=0.3 c=0.8  kl=0.0333  vl=0.1972
Step: 8912896 SPS: 3170  ev=0.592  ent=0.395  grad=1.54/0.50  h=0.3 c=0.9  kl=0.0367  vl=0.1835
Step: 8916992 SPS: 3170  ev=0.620  ent=0.384  grad=0.46/0.46  h=0.2 c=0.7  kl=0.0463  vl=0.1231
Step: 8921088 SPS: 3170  ev=0.570  ent=0.409  grad=0.43/0.43  h=0.3 c=0.9  kl=0.0312  vl=0.1459
Step: 8925184 SPS: 3170  ev=0.597  ent=0.387  grad=1.19/0.50  h=0.2 c=0.8  kl=0.0484  vl=0.2046
  vs Heur:   59W/50L/0D | score=24.7±28.5 inv=2.0 played=11.5 lanes=2.7 ddraw=1.7 pts=25
  vs Random: 105W/0L/0D | score=21.5±26.9 inv=1.7 played=10.8 lanes=2.5 ddraw=0.5 pts=21
  Self-play: 53W/49L/0D | score=13.2±20.1 inv=1.6 played=10.5 lanes=2.5 ddraw=0.5 pts=13
Step: 8929280 SPS: 3170  ev=0.608  ent=0.398  grad=0.47/0.47  h=0.3 c=0.8  kl=0.0293  vl=0.1648
Step: 8933376 SPS: 3170  ev=0.641  ent=0.413  grad=1.18/0.50  h=0.3 c=0.8  kl=0.0406  vl=0.1668
Step: 8937472 SPS: 3170  ev=0.682  ent=0.411  grad=0.64/0.50  h=0.3 c=0.7  kl=0.2039  vl=0.2032
Step: 8941568 SPS: 3170  ev=0.657  ent=0.393  grad=0.64/0.50  h=0.2 c=0.8  kl=0.0345  vl=0.1813
Step: 8945664 SPS: 3170  ev=0.605  ent=0.381  grad=1.18/0.50  h=0.2 c=1.0  kl=0.0650  vl=0.2059
Step: 8949760 SPS: 3170  ev=0.595  ent=0.372  grad=0.45/0.45  h=0.2 c=0.7  kl=0.0650  vl=0.2282
Step: 8953856 SPS: 3170  ev=0.611  ent=0.383  grad=0.46/0.46  h=0.3 c=0.7  kl=0.0589  vl=0.1994
Step: 8957952 SPS: 3170  ev=0.654  ent=0.389  grad=0.93/0.50  h=0.3 c=0.7  kl=0.0288  vl=0.1670
Step: 8962048 SPS: 3170  ev=0.565  ent=0.377  grad=0.58/0.50  h=0.3 c=0.9  kl=0.0313  vl=0.1467
Step: 8966144 SPS: 3170  ev=0.562  ent=0.377  grad=0.55/0.50  h=0.3 c=1.0  kl=0.0496  vl=0.1701
Step: 8970240 SPS: 3170  ev=0.583  ent=0.400  grad=0.58/0.50  h=0.3 c=1.0  kl=0.0514  vl=0.1995
Step: 8974336 SPS: 3170  ev=0.595  ent=0.400  grad=0.57/0.50  h=0.2 c=0.9  kl=0.0483  vl=0.1709
Step: 8978432 SPS: 3170  ev=0.603  ent=0.388  grad=0.59/0.50  h=0.2 c=1.0  kl=0.0479  vl=0.1539
Step: 8982528 SPS: 3170  ev=0.650  ent=0.410  grad=0.69/0.50  h=0.2 c=1.0  kl=0.0437  vl=0.1435
Step: 8986624 SPS: 3170  ev=0.592  ent=0.409  grad=0.43/0.43  h=0.3 c=1.1  kl=0.0449  vl=0.1817
Step: 8990720 SPS: 3170  ev=0.642  ent=0.378  grad=0.34/0.34  h=0.2 c=0.9  kl=0.0880  vl=0.2066
Step: 8994816 SPS: 3170  ev=0.594  ent=0.389  grad=0.86/0.50  h=0.2 c=1.1  kl=0.0362  vl=0.1765
Step: 8998912 SPS: 3170  ev=0.548  ent=0.398  grad=1.04/0.50  h=0.3 c=1.2  kl=0.0617  vl=0.2210
Step: 9003008 SPS: 3170  ev=0.638  ent=0.410  grad=0.43/0.43  h=0.2 c=1.1  kl=0.0409  vl=0.1566
Step: 9007104 SPS: 3170  ev=0.622  ent=0.446  grad=0.89/0.50  h=0.2 c=0.9  kl=0.0446  vl=0.1887
  vs Heur:   56W/46L/1D | score=24.7±33.4 inv=1.8 played=11.3 lanes=2.7 ddraw=1.9 pts=25
  vs Random: 102W/2L/0D | score=20.1±24.8 inv=1.8 played=11.2 lanes=2.6 ddraw=0.3 pts=20
  Self-play: 52W/47L/1D | score=11.6±24.1 inv=1.6 played=10.9 lanes=2.7 ddraw=1.0 pts=12
Step: 9011200 SPS: 3170  ev=0.638  ent=0.402  grad=0.44/0.44  h=0.2 c=0.7  kl=0.0293  vl=0.1585
Step: 9015296 SPS: 3170  ev=0.652  ent=0.398  grad=0.48/0.48  h=0.3 c=1.0  kl=0.0807  vl=0.1330
Step: 9019392 SPS: 3170  ev=0.616  ent=0.398  grad=0.58/0.50  h=0.2 c=0.8  kl=0.0479  vl=0.1934
Step: 9023488 SPS: 3170  ev=0.678  ent=0.423  grad=0.61/0.50  h=0.2 c=0.6  kl=0.0613  vl=0.1929
Step: 9027584 SPS: 3170  ev=0.585  ent=0.416  grad=0.55/0.50  h=0.2 c=0.7  kl=0.0482  vl=0.1195
Step: 9031680 SPS: 3170  ev=0.621  ent=0.415  grad=0.61/0.50  h=0.2 c=1.0  kl=0.0356  vl=0.1595
Step: 9035776 SPS: 3170  ev=0.603  ent=0.432  grad=0.65/0.50  h=0.2 c=0.8  kl=0.0602  vl=0.1599
Step: 9039872 SPS: 3170  ev=0.609  ent=0.394  grad=1.02/0.50  h=0.2 c=0.9  kl=0.0271  vl=0.1502
Step: 9043968 SPS: 3170  ev=0.630  ent=0.427  grad=0.76/0.50  h=0.2 c=0.8  kl=0.0551  vl=0.1348
Step: 9048064 SPS: 3170  ev=0.585  ent=0.407  grad=0.44/0.44  h=0.2 c=0.8  kl=0.0348  vl=0.1616
Step: 9052160 SPS: 3170  ev=0.662  ent=0.411  grad=0.82/0.50  h=0.2 c=0.7  kl=0.0472  vl=0.1899
Step: 9056256 SPS: 3170  ev=0.645  ent=0.406  grad=0.40/0.40  h=0.2 c=0.7  kl=0.0558  vl=0.1507
Step: 9060352 SPS: 3170  ev=0.625  ent=0.399  grad=0.83/0.50  h=0.2 c=0.6  kl=0.0448  vl=0.1662
Step: 9064448 SPS: 3170  ev=0.598  ent=0.387  grad=0.90/0.50  h=0.2 c=0.6  kl=0.0662  vl=0.1360
Step: 9068544 SPS: 3170  ev=0.652  ent=0.418  grad=0.58/0.50  h=0.2 c=0.7  kl=0.0428  vl=0.1610
Step: 9072640 SPS: 3170  ev=0.615  ent=0.405  grad=0.58/0.50  h=0.2 c=0.7  kl=0.0325  vl=0.1746
Step: 9076736 SPS: 3170  ev=0.652  ent=0.419  grad=0.70/0.50  h=0.2 c=0.8  kl=0.0601  vl=0.1602
Step: 9080832 SPS: 3170  ev=0.604  ent=0.401  grad=0.60/0.50  h=0.2 c=0.7  kl=0.0348  vl=0.1631
Step: 9084928 SPS: 3170  ev=0.629  ent=0.411  grad=0.89/0.50  h=0.2 c=0.8  kl=0.0332  vl=0.1849
Step: 9089024 SPS: 3170  ev=0.651  ent=0.417  grad=0.99/0.50  h=0.2 c=0.9  kl=0.0559  vl=0.1472
  vs Heur:   49W/50L/2D | score=18.5±29.6 inv=1.8 played=10.7 lanes=2.6 ddraw=1.4 pts=19
  vs Random: 104W/1L/0D | score=19.0±25.4 inv=1.5 played=11.0 lanes=2.7 ddraw=0.3 pts=19
  Self-play: 54W/46L/2D | score=16.7±21.0 inv=1.4 played=10.2 lanes=2.5 ddraw=0.9 pts=17
Step: 9093120 SPS: 3170  ev=0.636  ent=0.396  grad=1.45/0.50  h=0.2 c=0.7  kl=0.0271  vl=0.1963
Step: 9097216 SPS: 3170  ev=0.640  ent=0.413  grad=0.59/0.50  h=0.2 c=0.9  kl=0.0377  vl=0.1318
Step: 9101312 SPS: 3170  ev=0.653  ent=0.442  grad=1.17/0.50  h=0.2 c=0.9  kl=0.0516  vl=0.1798
Step: 9105408 SPS: 3170  ev=0.592  ent=0.403  grad=0.41/0.41  h=0.2 c=0.7  kl=0.0395  vl=0.1735
Step: 9109504 SPS: 3170  ev=0.569  ent=0.404  grad=0.31/0.31  h=0.2 c=0.5  kl=0.0378  vl=0.1571
Step: 9113600 SPS: 3170  ev=0.627  ent=0.426  grad=0.84/0.50  h=0.2 c=0.6  kl=0.0380  vl=0.1385
Step: 9117696 SPS: 3170  ev=0.634  ent=0.376  grad=0.38/0.38  h=0.2 c=0.9  kl=0.0387  vl=0.1307
Step: 9121792 SPS: 3170  ev=0.655  ent=0.405  grad=0.39/0.39  h=0.2 c=0.8  kl=0.0426  vl=0.1686
Step: 9125888 SPS: 3170  ev=0.663  ent=0.417  grad=0.43/0.43  h=0.2 c=0.9  kl=0.0438  vl=0.1532
Step: 9129984 SPS: 3170  ev=0.613  ent=0.407  grad=0.42/0.42  h=0.2 c=0.6  kl=0.0378  vl=0.1586
Step: 9134080 SPS: 3170  ev=0.604  ent=0.376  grad=1.02/0.50  h=0.3 c=1.0  kl=0.0617  vl=0.1249
Step: 9138176 SPS: 3170  ev=0.632  ent=0.409  grad=0.45/0.45  h=0.3 c=1.0  kl=0.0373  vl=0.1716
Step: 9142272 SPS: 3170  ev=0.654  ent=0.409  grad=0.76/0.50  h=0.2 c=0.7  kl=0.0359  vl=0.1846
Step: 9146368 SPS: 3170  ev=0.624  ent=0.427  grad=0.45/0.45  h=0.2 c=0.8  kl=0.0574  vl=0.1236
Step: 9150464 SPS: 3170  ev=0.619  ent=0.396  grad=0.39/0.39  h=0.2 c=0.8  kl=0.0347  vl=0.1217
Step: 9154560 SPS: 3170  ev=0.586  ent=0.418  grad=0.58/0.50  h=0.2 c=0.8  kl=0.0868  vl=0.1655
Step: 9158656 SPS: 3170  ev=0.598  ent=0.381  grad=0.31/0.31  h=0.2 c=0.8  kl=0.0416  vl=0.1527
Step: 9162752 SPS: 3170  ev=0.653  ent=0.420  grad=0.33/0.33  h=0.3 c=0.9  kl=0.0439  vl=0.1410
Step: 9166848 SPS: 3170  ev=0.626  ent=0.379  grad=0.89/0.50  h=0.2 c=0.8  kl=0.0540  vl=0.1410
Step: 9170944 SPS: 3170  ev=0.632  ent=0.423  grad=0.36/0.36  h=0.2 c=0.5  kl=0.0389  vl=0.1285
  vs Heur:   47W/53L/1D | score=19.7±31.5 inv=1.6 played=10.6 lanes=2.6 ddraw=2.1 pts=20
  vs Random: 101W/1L/0D | score=14.6±20.5 inv=1.7 played=11.1 lanes=2.7 ddraw=0.3 pts=15
  Self-play: 47W/53L/2D | score=13.1±21.8 inv=1.5 played=10.7 lanes=2.6 ddraw=1.0 pts=13
Step: 9175040 SPS: 3170  ev=0.621  ent=0.455  grad=0.55/0.50  h=0.2 c=0.5  kl=0.0491  vl=0.1458
Step: 9179136 SPS: 3170  ev=0.648  ent=0.435  grad=0.39/0.39  h=0.2 c=0.5  kl=0.0625  vl=0.1538
Step: 9183232 SPS: 3170  ev=0.598  ent=0.395  grad=0.52/0.50  h=0.2 c=0.6  kl=0.0383  vl=0.1487
Step: 9187328 SPS: 3170  ev=0.653  ent=0.430  grad=0.50/0.50  h=0.2 c=0.5  kl=0.1400  vl=0.1252
Step: 9191424 SPS: 3170  ev=0.571  ent=0.424  grad=0.48/0.48  h=0.2 c=0.6  kl=0.0662  vl=0.1531
Step: 9195520 SPS: 3170  ev=0.587  ent=0.432  grad=0.88/0.50  h=0.2 c=0.9  kl=0.0431  vl=0.1445
Step: 9199616 SPS: 3170  ev=0.595  ent=0.406  grad=0.53/0.50  h=0.2 c=0.6  kl=0.0615  vl=0.1567
Step: 9203712 SPS: 3170  ev=0.640  ent=0.433  grad=0.39/0.39  h=0.2 c=0.5  kl=0.0348  vl=0.1054
Step: 9207808 SPS: 3170  ev=0.603  ent=0.417  grad=0.58/0.50  h=0.1 c=0.5  kl=0.0447  vl=0.1160
Step: 9211904 SPS: 3170  ev=0.634  ent=0.431  grad=0.37/0.37  h=0.1 c=0.5  kl=0.0408  vl=0.1485
Step: 9216000 SPS: 3170  ev=0.613  ent=0.450  grad=0.78/0.50  h=0.2 c=0.7  kl=0.0520  vl=0.1465
Step: 9220096 SPS: 3170  ev=0.627  ent=0.433  grad=0.86/0.50  h=0.2 c=0.6  kl=0.0589  vl=0.1414
Step: 9224192 SPS: 3170  ev=0.655  ent=0.394  grad=0.60/0.50  h=0.2 c=0.5  kl=0.0265  vl=0.1225
Step: 9228288 SPS: 3170  ev=0.594  ent=0.423  grad=0.49/0.49  h=0.2 c=0.5  kl=0.0626  vl=0.2056
Step: 9232384 SPS: 3170  ev=0.642  ent=0.444  grad=1.20/0.50  h=0.2 c=0.5  kl=0.0365  vl=0.1640
Step: 9236480 SPS: 3170  ev=0.600  ent=0.468  grad=0.60/0.50  h=0.1 c=0.5  kl=0.0418  vl=0.1640
Step: 9240576 SPS: 3170  ev=0.629  ent=0.419  grad=1.15/0.50  h=0.2 c=0.6  kl=0.0436  vl=0.2098
Step: 9244672 SPS: 3170  ev=0.664  ent=0.402  grad=0.39/0.39  h=0.2 c=0.5  kl=0.0415  vl=0.1174
Step: 9248768 SPS: 3170  ev=0.641  ent=0.424  grad=0.67/0.50  h=0.2 c=0.6  kl=0.0575  vl=0.2284
Step: 9252864 SPS: 3170  ev=0.621  ent=0.434  grad=0.75/0.50  h=0.3 c=0.5  kl=0.0371  vl=0.1370
  vs Heur:   55W/47L/1D | score=22.7±30.2 inv=2.0 played=11.2 lanes=2.6 ddraw=1.8 pts=23
  vs Random: 100W/2L/0D | score=21.7±31.2 inv=1.7 played=11.5 lanes=2.7 ddraw=0.4 pts=22
  Self-play: 64W/35L/2D | score=15.5±21.7 inv=1.6 played=11.1 lanes=2.7 ddraw=0.7 pts=16
Step: 9256960 SPS: 3170  ev=0.647  ent=0.409  grad=0.53/0.50  h=0.2 c=0.5  kl=0.0352  vl=0.1693
Step: 9261056 SPS: 3170  ev=0.614  ent=0.454  grad=1.01/0.50  h=0.1 c=0.5  kl=0.0815  vl=0.1637
Step: 9265152 SPS: 3170  ev=0.654  ent=0.457  grad=0.61/0.50  h=0.2 c=0.5  kl=0.0606  vl=0.1578
Step: 9269248 SPS: 3170  ev=0.622  ent=0.421  grad=0.42/0.42  h=0.2 c=0.4  kl=0.0384  vl=0.1653
Step: 9273344 SPS: 3170  ev=0.675  ent=0.426  grad=0.45/0.45  h=0.1 c=0.4  kl=0.0417  vl=0.1312
Step: 9277440 SPS: 3170  ev=0.578  ent=0.448  grad=0.51/0.50  h=0.2 c=0.7  kl=0.0400  vl=0.1347
Step: 9281536 SPS: 3170  ev=0.614  ent=0.419  grad=0.57/0.50  h=0.2 c=0.6  kl=0.0277  vl=0.1506
Step: 9285632 SPS: 3171  ev=0.594  ent=0.430  grad=0.51/0.50  h=0.2 c=0.7  kl=0.0528  vl=0.1620
Step: 9289728 SPS: 3171  ev=0.647  ent=0.436  grad=0.92/0.50  h=0.2 c=0.5  kl=0.0779  vl=0.1742
Step: 9293824 SPS: 3171  ev=0.663  ent=0.470  grad=1.37/0.50  h=0.2 c=0.6  kl=0.0373  vl=0.2307
Step: 9297920 SPS: 3171  ev=0.651  ent=0.455  grad=0.37/0.37  h=0.2 c=0.7  kl=0.0353  vl=0.1793
Step: 9302016 SPS: 3171  ev=0.631  ent=0.427  grad=0.65/0.50  h=0.2 c=0.8  kl=0.0354  vl=0.1588
Step: 9306112 SPS: 3171  ev=0.670  ent=0.413  grad=1.47/0.50  h=0.2 c=0.2  kl=0.0388  vl=0.1817
Step: 9310208 SPS: 3171  ev=0.630  ent=0.426  grad=0.73/0.50  h=0.1 c=0.2  kl=0.0411  vl=0.1737
Step: 9314304 SPS: 3171  ev=0.624  ent=0.437  grad=0.43/0.43  h=0.2 c=0.5  kl=0.0545  vl=0.1948
Step: 9318400 SPS: 3171  ev=0.613  ent=0.425  grad=0.58/0.50  h=0.1 c=0.3  kl=0.0673  vl=0.1458
Step: 9322496 SPS: 3171  ev=0.624  ent=0.420  grad=0.40/0.40  h=0.2 c=0.5  kl=0.0309  vl=0.2101
Step: 9326592 SPS: 3171  ev=0.631  ent=0.476  grad=0.45/0.45  h=0.1 c=0.4  kl=0.0311  vl=0.1489
Step: 9330688 SPS: 3171  ev=0.600  ent=0.436  grad=0.49/0.49  h=0.1 c=0.5  kl=0.0523  vl=0.1457
Step: 9334784 SPS: 3171  ev=0.577  ent=0.444  grad=0.72/0.50  h=0.1 c=0.3  kl=0.0371  vl=0.1925
  vs Heur:   50W/47L/3D | score=23.6±30.5 inv=2.2 played=11.7 lanes=2.7 ddraw=2.1 pts=24
  vs Random: 99W/1L/0D | score=25.2±27.4 inv=1.9 played=12.1 lanes=2.8 ddraw=0.3 pts=25
  Self-play: 47W/55L/2D | score=9.1±19.4 inv=1.4 played=10.2 lanes=2.7 ddraw=0.9 pts=9
Step: 9338880 SPS: 3171  ev=0.658  ent=0.440  grad=0.45/0.45  h=0.1 c=0.4  kl=0.0405  vl=0.1715
Step: 9342976 SPS: 3171  ev=0.634  ent=0.435  grad=0.47/0.47  h=0.1 c=0.5  kl=0.0429  vl=0.1894
Step: 9347072 SPS: 3171  ev=0.634  ent=0.430  grad=0.37/0.37  h=0.1 c=0.4  kl=0.0584  vl=0.1553
Step: 9351168 SPS: 3171  ev=0.637  ent=0.442  grad=0.68/0.50  h=0.1 c=0.4  kl=0.0377  vl=0.1594
Step: 9355264 SPS: 3171  ev=0.570  ent=0.420  grad=0.93/0.50  h=0.1 c=0.4  kl=0.0601  vl=0.1532
Step: 9359360 SPS: 3171  ev=0.649  ent=0.449  grad=1.11/0.50  h=0.2 c=0.5  kl=0.0446  vl=0.1647
Step: 9363456 SPS: 3171  ev=0.646  ent=0.441  grad=0.48/0.48  h=0.1 c=0.6  kl=0.0489  vl=0.1873
Step: 9367552 SPS: 3171  ev=0.649  ent=0.457  grad=0.49/0.49  h=0.1 c=0.6  kl=0.0476  vl=0.1849
Step: 9371648 SPS: 3171  ev=0.651  ent=0.434  grad=0.55/0.50  h=0.2 c=0.4  kl=0.1083  vl=0.1571
Step: 9375744 SPS: 3171  ev=0.674  ent=0.457  grad=1.03/0.50  h=0.2 c=0.5  kl=0.0637  vl=0.1540
Step: 9379840 SPS: 3171  ev=0.599  ent=0.429  grad=0.56/0.50  h=0.1 c=0.4  kl=0.0343  vl=0.1510
Step: 9383936 SPS: 3171  ev=0.604  ent=0.432  grad=0.53/0.50  h=0.1 c=0.4  kl=0.0290  vl=0.1854
Step: 9388032 SPS: 3171  ev=0.638  ent=0.383  grad=0.47/0.47  h=0.1 c=0.5  kl=0.0427  vl=0.1587
Step: 9392128 SPS: 3171  ev=0.630  ent=0.421  grad=0.66/0.50  h=0.1 c=0.3  kl=0.0594  vl=0.1431
Step: 9396224 SPS: 3171  ev=0.607  ent=0.404  grad=0.39/0.39  h=0.2 c=0.4  kl=0.0245  vl=0.1542
Step: 9400320 SPS: 3171  ev=0.660  ent=0.454  grad=0.78/0.50  h=0.2 c=0.6  kl=0.0679  vl=0.1896
Step: 9404416 SPS: 3171  ev=0.648  ent=0.457  grad=0.43/0.43  h=0.1 c=0.2  kl=0.0397  vl=0.1710
Step: 9408512 SPS: 3170  ev=0.640  ent=0.435  grad=0.53/0.50  h=0.1 c=0.3  kl=0.0405  vl=0.1483
Step: 9412608 SPS: 3171  ev=0.614  ent=0.416  grad=0.46/0.46  h=0.1 c=0.4  kl=0.0320  vl=0.1589
Step: 9416704 SPS: 3171  ev=0.618  ent=0.424  grad=0.48/0.48  h=0.1 c=0.4  kl=0.0449  vl=0.1729
  vs Heur:   60W/39L/3D | score=26.3±29.4 inv=2.1 played=11.3 lanes=2.6 ddraw=1.5 pts=26
  vs Random: 106W/0L/0D | score=19.4±24.5 inv=1.7 played=11.2 lanes=2.6 ddraw=0.3 pts=19
  Self-play: 56W/43L/3D | score=13.4±20.6 inv=1.6 played=10.8 lanes=2.7 ddraw=0.8 pts=13
Step: 9420800 SPS: 3171  ev=0.689  ent=0.452  grad=0.38/0.38  h=0.2 c=0.4  kl=0.0622  vl=0.1434
Step: 9424896 SPS: 3170  ev=0.610  ent=0.415  grad=0.39/0.39  h=0.2 c=0.5  kl=0.0372  vl=0.1596
Step: 9428992 SPS: 3171  ev=0.559  ent=0.402  grad=2.40/0.50  h=0.2 c=0.5  kl=0.0566  vl=0.1857
Step: 9433088 SPS: 3170  ev=0.551  ent=0.434  grad=1.03/0.50  h=0.1 c=0.3  kl=0.0365  vl=0.1868
Step: 9437184 SPS: 3170  ev=0.598  ent=0.416  grad=0.88/0.50  h=0.1 c=0.7  kl=0.0298  vl=0.1847
Step: 9441280 SPS: 3171  ev=0.668  ent=0.464  grad=0.87/0.50  h=0.1 c=0.2  kl=0.0399  vl=0.1237
Step: 9445376 SPS: 3171  ev=0.644  ent=0.462  grad=0.67/0.50  h=0.1 c=0.4  kl=0.0376  vl=0.1622
Step: 9449472 SPS: 3171  ev=0.632  ent=0.404  grad=0.90/0.50  h=0.1 c=0.2  kl=0.0478  vl=0.1220
Step: 9453568 SPS: 3171  ev=0.639  ent=0.451  grad=0.92/0.50  h=0.1 c=0.3  kl=0.0711  vl=0.1653
Step: 9457664 SPS: 3171  ev=0.577  ent=0.448  grad=0.81/0.50  h=0.1 c=0.4  kl=0.0545  vl=0.1505
Step: 9461760 SPS: 3171  ev=0.546  ent=0.416  grad=0.36/0.36  h=0.1 c=0.3  kl=0.0805  vl=0.1714
Step: 9465856 SPS: 3171  ev=0.630  ent=0.415  grad=0.41/0.41  h=0.0 c=0.4  kl=0.0254  vl=0.1788
Step: 9469952 SPS: 3171  ev=0.585  ent=0.413  grad=0.55/0.50  h=0.1 c=0.2  kl=0.0456  vl=0.1279
Step: 9474048 SPS: 3171  ev=0.595  ent=0.457  grad=0.55/0.50  h=0.1 c=0.6  kl=0.0906  vl=0.1258
Step: 9478144 SPS: 3171  ev=0.623  ent=0.413  grad=0.68/0.50  h=0.1 c=0.4  kl=0.0565  vl=0.1173
Step: 9482240 SPS: 3171  ev=0.611  ent=0.430  grad=0.36/0.36  h=0.1 c=0.4  kl=0.0605  vl=0.1378
Step: 9486336 SPS: 3171  ev=0.623  ent=0.462  grad=0.49/0.49  h=0.1 c=0.4  kl=0.0600  vl=0.1623
Step: 9490432 SPS: 3171  ev=0.622  ent=0.393  grad=1.07/0.50  h=0.1 c=0.6  kl=0.0499  vl=0.1464
Step: 9494528 SPS: 3171  ev=0.631  ent=0.422  grad=0.63/0.50  h=0.1 c=0.3  kl=0.0458  vl=0.1556
Step: 9498624 SPS: 3171  ev=0.618  ent=0.430  grad=0.37/0.37  h=0.2 c=0.6  kl=0.0676  vl=0.2042
  vs Heur:   49W/50L/2D | score=17.1±28.4 inv=2.0 played=11.2 lanes=2.7 ddraw=1.7 pts=17
  vs Random: 109W/0L/0D | score=19.9±25.1 inv=2.0 played=11.5 lanes=2.8 ddraw=0.4 pts=20
  Self-play: 48W/59L/0D | score=8.1±21.0 inv=1.4 played=10.1 lanes=2.6 ddraw=0.9 pts=8
Step: 9502720 SPS: 3171  ev=0.603  ent=0.392  grad=0.38/0.38  h=0.2 c=0.6  kl=0.0430  vl=0.1307
Step: 9506816 SPS: 3171  ev=0.609  ent=0.425  grad=0.46/0.46  h=0.1 c=0.3  kl=0.0575  vl=0.1310
Step: 9510912 SPS: 3171  ev=0.633  ent=0.429  grad=1.32/0.50  h=0.1 c=0.2  kl=0.0481  vl=0.1385
Step: 9515008 SPS: 3171  ev=0.637  ent=0.452  grad=1.00/0.50  h=0.1 c=0.2  kl=0.0530  vl=0.1658
Step: 9519104 SPS: 3171  ev=0.647  ent=0.445  grad=0.80/0.50  h=0.1 c=0.7  kl=0.1047  vl=0.1830
Step: 9523200 SPS: 3171  ev=0.664  ent=0.440  grad=0.74/0.50  h=0.1 c=0.3  kl=0.0644  vl=0.1263
Step: 9527296 SPS: 3171  ev=0.601  ent=0.465  grad=1.33/0.50  h=0.1 c=0.3  kl=0.0820  vl=0.1906
Step: 9531392 SPS: 3171  ev=0.592  ent=0.438  grad=1.13/0.50  h=0.1 c=0.2  kl=0.0630  vl=0.1783
Step: 9535488 SPS: 3171  ev=0.661  ent=0.416  grad=1.55/0.50  h=0.1 c=0.2  kl=0.0419  vl=0.1640
Step: 9539584 SPS: 3171  ev=0.625  ent=0.431  grad=0.39/0.39  h=0.1 c=0.4  kl=0.0648  vl=0.2280
Step: 9543680 SPS: 3171  ev=0.655  ent=0.418  grad=0.61/0.50  h=0.1 c=0.2  kl=0.0904  vl=0.1452
Step: 9547776 SPS: 3171  ev=0.542  ent=0.420  grad=0.64/0.50  h=0.1 c=0.3  kl=0.0392  vl=0.1283
Step: 9551872 SPS: 3171  ev=0.630  ent=0.437  grad=0.42/0.42  h=0.2 c=0.4  kl=0.0651  vl=0.1549
Step: 9555968 SPS: 3171  ev=0.627  ent=0.386  grad=0.59/0.50  h=0.1 c=0.5  kl=0.0606  vl=0.2290
Step: 9560064 SPS: 3171  ev=0.670  ent=0.425  grad=0.35/0.35  h=0.1 c=0.5  kl=0.0478  vl=0.1654
Step: 9564160 SPS: 3171  ev=0.628  ent=0.399  grad=0.75/0.50  h=0.1 c=0.5  kl=0.0503  vl=0.1895
Step: 9568256 SPS: 3171  ev=0.685  ent=0.381  grad=0.88/0.50  h=0.1 c=0.6  kl=0.0501  vl=0.2040
Step: 9572352 SPS: 3171  ev=0.665  ent=0.423  grad=1.04/0.50  h=0.2 c=0.5  kl=0.0810  vl=0.1654
Step: 9576448 SPS: 3171  ev=0.617  ent=0.430  grad=0.36/0.36  h=0.1 c=0.2  kl=0.0616  vl=0.1661
Step: 9580544 SPS: 3171  ev=0.603  ent=0.421  grad=0.62/0.50  h=0.1 c=0.3  kl=0.0747  vl=0.1751
  vs Heur:   50W/50L/2D | score=18.5±27.8 inv=2.0 played=11.2 lanes=2.7 ddraw=1.7 pts=18
  vs Random: 104W/0L/0D | score=18.4±21.2 inv=1.6 played=11.0 lanes=2.6 ddraw=0.4 pts=18
  Self-play: 46W/55L/1D | score=12.7±23.5 inv=1.5 played=10.5 lanes=2.6 ddraw=0.6 pts=13
Step: 9584640 SPS: 3171  ev=0.651  ent=0.450  grad=0.81/0.50  h=0.1 c=0.2  kl=0.0889  vl=0.2098
Step: 9588736 SPS: 3171  ev=0.636  ent=0.369  grad=1.73/0.50  h=0.1 c=0.3  kl=0.0402  vl=0.1841
Step: 9592832 SPS: 3171  ev=0.589  ent=0.389  grad=0.59/0.50  h=0.1 c=0.3  kl=0.0532  vl=0.2096
Step: 9596928 SPS: 3171  ev=0.629  ent=0.474  grad=0.66/0.50  h=0.1 c=0.2  kl=0.0400  vl=0.1263
Step: 9601024 SPS: 3171  ev=0.616  ent=0.431  grad=0.70/0.50  h=0.1 c=0.4  kl=0.0534  vl=0.1712
Step: 9605120 SPS: 3171  ev=0.679  ent=0.426  grad=0.34/0.34  h=0.1 c=0.5  kl=0.0482  vl=0.1485
Step: 9609216 SPS: 3171  ev=0.654  ent=0.461  grad=0.50/0.50  h=0.1 c=0.3  kl=0.0484  vl=0.1792
Step: 9613312 SPS: 3172  ev=0.619  ent=0.452  grad=0.39/0.39  h=0.1 c=0.7  kl=0.0456  vl=0.1769
Step: 9617408 SPS: 3172  ev=0.644  ent=0.410  grad=0.95/0.50  h=0.1 c=0.5  kl=0.0404  vl=0.1354
Step: 9621504 SPS: 3172  ev=0.604  ent=0.455  grad=0.51/0.50  h=0.1 c=0.2  kl=0.0562  vl=0.1389
Step: 9625600 SPS: 3172  ev=0.628  ent=0.440  grad=0.45/0.45  h=0.2 c=0.4  kl=0.0525  vl=0.1206
Step: 9629696 SPS: 3172  ev=0.619  ent=0.448  grad=0.66/0.50  h=0.1 c=0.3  kl=0.0615  vl=0.1928
Step: 9633792 SPS: 3172  ev=0.623  ent=0.394  grad=0.47/0.47  h=0.1 c=0.4  kl=0.0504  vl=0.1666
Step: 9637888 SPS: 3171  ev=0.632  ent=0.420  grad=1.05/0.50  h=0.1 c=0.4  kl=0.0634  vl=0.2007
Step: 9641984 SPS: 3172  ev=0.680  ent=0.422  grad=0.55/0.50  h=0.1 c=0.3  kl=0.0749  vl=0.1745
Step: 9646080 SPS: 3171  ev=0.684  ent=0.430  grad=0.45/0.45  h=0.1 c=0.4  kl=0.0649  vl=0.1654
Step: 9650176 SPS: 3171  ev=0.655  ent=0.430  grad=0.33/0.33  h=0.1 c=0.6  kl=0.0431  vl=0.2134
Step: 9654272 SPS: 3172  ev=0.655  ent=0.426  grad=0.63/0.50  h=0.1 c=0.2  kl=0.0384  vl=0.1853
Step: 9658368 SPS: 3172  ev=0.634  ent=0.431  grad=0.45/0.45  h=0.1 c=0.2  kl=0.0824  vl=0.1812
Step: 9662464 SPS: 3171  ev=0.641  ent=0.437  grad=0.55/0.50  h=0.1 c=0.4  kl=0.0299  vl=0.2014
  vs Heur:   56W/45L/1D | score=22.2±30.8 inv=2.0 played=11.3 lanes=2.7 ddraw=1.8 pts=22
  vs Random: 107W/0L/0D | score=23.3±27.2 inv=1.6 played=11.6 lanes=2.7 ddraw=0.4 pts=23
  Self-play: 56W/48L/1D | score=13.6±20.3 inv=1.5 played=10.8 lanes=2.7 ddraw=0.8 pts=14
Step: 9666560 SPS: 3171  ev=0.599  ent=0.404  grad=0.36/0.36  h=0.1 c=0.3  kl=0.0450  vl=0.1503
Step: 9670656 SPS: 3171  ev=0.682  ent=0.430  grad=0.72/0.50  h=0.1 c=0.2  kl=0.0401  vl=0.1695
Step: 9674752 SPS: 3171  ev=0.686  ent=0.420  grad=0.51/0.50  h=0.1 c=0.2  kl=0.0463  vl=0.1393
Step: 9678848 SPS: 3171  ev=0.639  ent=0.420  grad=0.65/0.50  h=0.1 c=0.2  kl=0.0358  vl=0.1754
Step: 9682944 SPS: 3171  ev=0.639  ent=0.424  grad=0.43/0.43  h=0.1 c=0.2  kl=0.0452  vl=0.1898
Step: 9687040 SPS: 3172  ev=0.607  ent=0.400  grad=0.39/0.39  h=0.1 c=0.2  kl=0.0453  vl=0.1639
Step: 9691136 SPS: 3172  ev=0.690  ent=0.427  grad=0.77/0.50  h=0.1 c=0.3  kl=0.0267  vl=0.1378
Step: 9695232 SPS: 3172  ev=0.671  ent=0.411  grad=0.44/0.44  h=0.1 c=0.2  kl=0.0547  vl=0.1413
Step: 9699328 SPS: 3172  ev=0.642  ent=0.417  grad=0.32/0.32  h=0.1 c=0.3  kl=0.0429  vl=0.1819
Step: 9703424 SPS: 3172  ev=0.656  ent=0.427  grad=0.76/0.50  h=0.1 c=0.2  kl=0.0283  vl=0.1179
Step: 9707520 SPS: 3172  ev=0.635  ent=0.399  grad=0.70/0.50  h=0.1 c=0.1  kl=0.0525  vl=0.1562
Step: 9711616 SPS: 3172  ev=0.633  ent=0.411  grad=1.25/0.50  h=0.0 c=0.1  kl=0.0742  vl=0.1551
Step: 9715712 SPS: 3172  ev=0.647  ent=0.433  grad=0.43/0.43  h=0.1 c=0.2  kl=0.0386  vl=0.1849
Step: 9719808 SPS: 3172  ev=0.659  ent=0.430  grad=0.53/0.50  h=0.0 c=0.1  kl=0.0336  vl=0.1865
Step: 9723904 SPS: 3172  ev=0.665  ent=0.406  grad=0.41/0.41  h=0.0 c=0.1  kl=0.0429  vl=0.1956
Step: 9728000 SPS: 3172  ev=0.654  ent=0.401  grad=0.95/0.50  h=0.0 c=0.2  kl=0.0323  vl=0.2009
Step: 9732096 SPS: 3172  ev=0.674  ent=0.439  grad=0.36/0.36  h=0.1 c=0.1  kl=0.0325  vl=0.1628
Step: 9736192 SPS: 3172  ev=0.643  ent=0.398  grad=0.45/0.45  h=0.1 c=0.4  kl=0.0457  vl=0.1917
Step: 9740288 SPS: 3172  ev=0.658  ent=0.443  grad=0.48/0.48  h=0.1 c=0.1  kl=0.0373  vl=0.1368
Step: 9744384 SPS: 3172  ev=0.638  ent=0.426  grad=0.45/0.45  h=0.1 c=0.3  kl=0.0492  vl=0.1521
  vs Heur:   50W/47L/4D | score=20.6±29.6 inv=2.2 played=12.3 lanes=2.9 ddraw=2.3 pts=21
  vs Random: 102W/1L/0D | score=19.3±28.4 inv=1.9 played=11.7 lanes=2.8 ddraw=0.4 pts=19
  Self-play: 54W/51L/1D | score=11.4±21.0 inv=1.5 played=11.0 lanes=2.7 ddraw=0.8 pts=11
Step: 9748480 SPS: 3172  ev=0.676  ent=0.406  grad=0.38/0.38  h=0.1 c=0.1  kl=0.0537  vl=0.2146
Step: 9752576 SPS: 3172  ev=0.641  ent=0.413  grad=0.83/0.50  h=0.1 c=0.2  kl=0.0360  vl=0.2432
Step: 9756672 SPS: 3172  ev=0.647  ent=0.406  grad=0.60/0.50  h=0.1 c=0.2  kl=0.0474  vl=0.1567
Step: 9760768 SPS: 3172  ev=0.625  ent=0.402  grad=0.71/0.50  h=0.1 c=0.2  kl=0.0421  vl=0.1727
Step: 9764864 SPS: 3172  ev=0.646  ent=0.411  grad=0.77/0.50  h=0.1 c=0.1  kl=0.0550  vl=0.1830
Step: 9768960 SPS: 3172  ev=0.610  ent=0.407  grad=0.69/0.50  h=0.1 c=0.2  kl=0.0580  vl=0.1531
Step: 9773056 SPS: 3172  ev=0.629  ent=0.389  grad=0.94/0.50  h=0.1 c=0.3  kl=0.0473  vl=0.1539
Step: 9777152 SPS: 3172  ev=0.680  ent=0.414  grad=0.58/0.50  h=0.1 c=0.2  kl=0.0684  vl=0.1453
Step: 9781248 SPS: 3172  ev=0.650  ent=0.443  grad=0.41/0.41  h=0.1 c=0.2  kl=0.0790  vl=0.1883
Step: 9785344 SPS: 3172  ev=0.648  ent=0.370  grad=0.37/0.37  h=0.1 c=0.2  kl=0.0625  vl=0.1611
Step: 9789440 SPS: 3172  ev=0.644  ent=0.411  grad=0.53/0.50  h=0.1 c=0.1  kl=0.0527  vl=0.1365
Step: 9793536 SPS: 3172  ev=0.618  ent=0.345  grad=0.69/0.50  h=0.0 c=0.2  kl=0.0432  vl=0.1212
Step: 9797632 SPS: 3172  ev=0.682  ent=0.399  grad=0.59/0.50  h=0.1 c=0.3  kl=0.0611  vl=0.1771
Step: 9801728 SPS: 3172  ev=0.624  ent=0.375  grad=1.00/0.50  h=0.1 c=0.2  kl=0.0493  vl=0.2298
Step: 9805824 SPS: 3172  ev=0.646  ent=0.406  grad=0.54/0.50  h=0.1 c=0.3  kl=0.0520  vl=0.1367
Step: 9809920 SPS: 3172  ev=0.604  ent=0.372  grad=0.62/0.50  h=0.1 c=0.3  kl=0.0479  vl=0.1581
Step: 9814016 SPS: 3172  ev=0.651  ent=0.411  grad=0.80/0.50  h=0.1 c=0.5  kl=0.0722  vl=0.1674
Step: 9818112 SPS: 3172  ev=0.646  ent=0.417  grad=0.37/0.37  h=0.1 c=0.4  kl=0.0397  vl=0.2109
Step: 9822208 SPS: 3172  ev=0.644  ent=0.417  grad=1.17/0.50  h=0.1 c=0.4  kl=0.0324  vl=0.1974
Step: 9826304 SPS: 3172  ev=0.646  ent=0.422  grad=0.73/0.50  h=0.1 c=0.2  kl=0.0652  vl=0.1535
  vs Heur:   56W/46L/0D | score=22.2±31.6 inv=2.0 played=11.7 lanes=2.8 ddraw=2.3 pts=22
  vs Random: 107W/0L/0D | score=21.0±22.3 inv=1.7 played=11.4 lanes=2.7 ddraw=0.5 pts=21
  Self-play: 43W/59L/1D | score=10.0±18.7 inv=1.6 played=10.7 lanes=2.7 ddraw=1.0 pts=10
Step: 9830400 SPS: 3172  ev=0.656  ent=0.411  grad=0.66/0.50  h=0.1 c=0.5  kl=0.0717  vl=0.1518
Step: 9834496 SPS: 3172  ev=0.647  ent=0.402  grad=0.39/0.39  h=0.1 c=0.4  kl=0.0385  vl=0.1763
Step: 9838592 SPS: 3172  ev=0.642  ent=0.445  grad=0.35/0.35  h=0.1 c=0.3  kl=0.0494  vl=0.1443
Step: 9842688 SPS: 3172  ev=0.656  ent=0.392  grad=1.05/0.50  h=0.1 c=0.4  kl=0.0563  vl=0.1457
Step: 9846784 SPS: 3172  ev=0.637  ent=0.378  grad=0.83/0.50  h=0.2 c=0.4  kl=0.0268  vl=0.1909
Step: 9850880 SPS: 3172  ev=0.607  ent=0.421  grad=0.71/0.50  h=0.1 c=0.4  kl=0.0322  vl=0.2048
Step: 9854976 SPS: 3172  ev=0.618  ent=0.428  grad=0.33/0.33  h=0.1 c=0.2  kl=0.0396  vl=0.1738
Step: 9859072 SPS: 3172  ev=0.620  ent=0.389  grad=0.32/0.32  h=0.1 c=0.5  kl=0.0369  vl=0.1884
Step: 9863168 SPS: 3172  ev=0.627  ent=0.403  grad=1.21/0.50  h=0.1 c=0.4  kl=0.0322  vl=0.2236
Step: 9867264 SPS: 3172  ev=0.563  ent=0.366  grad=0.35/0.35  h=0.1 c=0.4  kl=0.0561  vl=0.1748
Step: 9871360 SPS: 3172  ev=0.580  ent=0.414  grad=0.40/0.40  h=0.1 c=0.5  kl=0.0504  vl=0.1831
Step: 9875456 SPS: 3172  ev=0.625  ent=0.383  grad=0.52/0.50  h=0.1 c=0.4  kl=0.0431  vl=0.2016
Step: 9879552 SPS: 3172  ev=0.608  ent=0.367  grad=0.39/0.39  h=0.1 c=0.3  kl=0.0384  vl=0.2512
Step: 9883648 SPS: 3172  ev=0.657  ent=0.416  grad=1.14/0.50  h=0.1 c=0.5  kl=0.1747  vl=0.1819
Step: 9887744 SPS: 3172  ev=0.667  ent=0.392  grad=0.87/0.50  h=0.2 c=0.4  kl=0.0752  vl=0.1622
Step: 9891840 SPS: 3172  ev=0.665  ent=0.386  grad=0.60/0.50  h=0.1 c=0.3  kl=0.0422  vl=0.1789
Step: 9895936 SPS: 3172  ev=0.620  ent=0.398  grad=0.58/0.50  h=0.1 c=0.4  kl=0.0476  vl=0.1585
Step: 9900032 SPS: 3172  ev=0.641  ent=0.418  grad=0.57/0.50  h=0.1 c=0.5  kl=0.0412  vl=0.1642
Step: 9904128 SPS: 3172  ev=0.634  ent=0.382  grad=0.49/0.49  h=0.1 c=0.4  kl=0.0329  vl=0.2047
Step: 9908224 SPS: 3172  ev=0.644  ent=0.401  grad=0.34/0.34  h=0.1 c=0.3  kl=0.0291  vl=0.1754
  vs Heur:   45W/55L/0D | score=17.7±30.5 inv=1.9 played=11.7 lanes=2.8 ddraw=1.8 pts=18
  vs Random: 105W/0L/0D | score=23.2±27.0 inv=2.2 played=12.6 lanes=3.0 ddraw=0.5 pts=23
  Self-play: 50W/57L/1D | score=8.8±24.3 inv=1.8 played=11.2 lanes=2.8 ddraw=0.6 pts=9
Step: 9912320 SPS: 3172  ev=0.634  ent=0.397  grad=0.27/0.27  h=0.1 c=0.4  kl=0.0382  vl=0.2251
Step: 9916416 SPS: 3172  ev=0.676  ent=0.363  grad=0.41/0.41  h=0.1 c=0.4  kl=0.0462  vl=0.1398
Step: 9920512 SPS: 3172  ev=0.631  ent=0.356  grad=1.16/0.50  h=0.0 c=0.2  kl=0.0620  vl=0.1874
Step: 9924608 SPS: 3172  ev=0.593  ent=0.396  grad=0.67/0.50  h=0.1 c=0.3  kl=0.0762  vl=0.1684
Step: 9928704 SPS: 3172  ev=0.675  ent=0.400  grad=0.57/0.50  h=0.1 c=0.3  kl=0.0506  vl=0.2527
Step: 9932800 SPS: 3172  ev=0.685  ent=0.388  grad=0.79/0.50  h=0.1 c=0.4  kl=0.0553  vl=0.1780
Step: 9936896 SPS: 3172  ev=0.618  ent=0.385  grad=1.00/0.50  h=0.1 c=0.3  kl=0.0288  vl=0.2153
Step: 9940992 SPS: 3172  ev=0.653  ent=0.385  grad=0.61/0.50  h=0.1 c=0.5  kl=0.0274  vl=0.1744
Step: 9945088 SPS: 3172  ev=0.602  ent=0.387  grad=0.57/0.50  h=0.1 c=0.4  kl=0.0611  vl=0.2032
Step: 9949184 SPS: 3172  ev=0.594  ent=0.399  grad=1.70/0.50  h=0.1 c=0.3  kl=0.0636  vl=0.2530
Step: 9953280 SPS: 3172  ev=0.633  ent=0.382  grad=1.24/0.50  h=0.1 c=0.3  kl=0.0439  vl=0.2302
Step: 9957376 SPS: 3172  ev=0.624  ent=0.375  grad=0.72/0.50  h=0.1 c=0.5  kl=0.0413  vl=0.1373
Step: 9961472 SPS: 3172  ev=0.621  ent=0.383  grad=0.46/0.46  h=0.2 c=0.6  kl=0.0386  vl=0.2213
Step: 9965568 SPS: 3172  ev=0.616  ent=0.414  grad=0.77/0.50  h=0.1 c=0.4  kl=0.0332  vl=0.1552
Step: 9969664 SPS: 3172  ev=0.632  ent=0.402  grad=1.41/0.50  h=0.1 c=0.4  kl=0.0641  vl=0.1868
Step: 9973760 SPS: 3172  ev=0.663  ent=0.398  grad=1.11/0.50  h=0.2 c=0.3  kl=0.0326  vl=0.1793
Step: 9977856 SPS: 3172  ev=0.650  ent=0.379  grad=0.46/0.46  h=0.1 c=0.3  kl=0.0271  vl=0.1473
Step: 9981952 SPS: 3172  ev=0.627  ent=0.389  grad=1.00/0.50  h=0.1 c=0.4  kl=0.0568  vl=0.1934
Step: 9986048 SPS: 3172  ev=0.671  ent=0.449  grad=0.78/0.50  h=0.1 c=0.7  kl=0.0492  vl=0.1176
Step: 9990144 SPS: 3172  ev=0.601  ent=0.414  grad=0.67/0.50  h=0.1 c=0.5  kl=0.0380  vl=0.1572
  vs Heur:   48W/52L/2D | score=19.2±30.9 inv=2.2 played=11.5 lanes=2.7 ddraw=2.1 pts=19
  vs Random: 107W/0L/0D | score=24.3±25.3 inv=1.9 played=12.5 lanes=2.9 ddraw=0.4 pts=24
  Self-play: 54W/49L/2D | score=14.1±25.0 inv=1.8 played=10.8 lanes=2.6 ddraw=0.8 pts=14
Step: 9994240 SPS: 3172  ev=0.638  ent=0.416  grad=0.47/0.47  h=0.1 c=0.7  kl=0.0531  vl=0.2181
Step: 9998336 SPS: 3172  ev=0.614  ent=0.414  grad=0.33/0.33  h=0.1 c=0.4  kl=0.0240  vl=0.2035
Step: 10002432 SPS: 3172  ev=0.608  ent=0.428  grad=0.45/0.45  h=0.1 c=0.4  kl=0.0371  vl=0.1697
Step: 10006528 SPS: 3172  ev=0.671  ent=0.427  grad=0.63/0.50  h=0.1 c=0.4  kl=0.0474  vl=0.1439
Step: 10010624 SPS: 3172  ev=0.600  ent=0.370  grad=0.52/0.50  h=0.1 c=0.4  kl=0.0599  vl=0.1479
Step: 10014720 SPS: 3172  ev=0.642  ent=0.413  grad=0.43/0.43  h=0.1 c=0.4  kl=0.0500  vl=0.1515
Step: 10018816 SPS: 3172  ev=0.627  ent=0.421  grad=0.31/0.31  h=0.2 c=0.5  kl=0.0314  vl=0.1775
Step: 10022912 SPS: 3172  ev=0.602  ent=0.398  grad=0.63/0.50  h=0.1 c=0.4  kl=0.0690  vl=0.1411
Step: 10027008 SPS: 3172  ev=0.615  ent=0.376  grad=0.58/0.50  h=0.1 c=0.3  kl=0.0405  vl=0.1348
Step: 10031104 SPS: 3172  ev=0.655  ent=0.399  grad=0.65/0.50  h=0.1 c=0.4  kl=0.0329  vl=0.1435
Step: 10035200 SPS: 3172  ev=0.622  ent=0.376  grad=0.61/0.50  h=0.1 c=0.4  kl=0.0287  vl=0.1321
Step: 10039296 SPS: 3172  ev=0.640  ent=0.399  grad=0.96/0.50  h=0.1 c=0.4  kl=0.0582  vl=0.1810
Step: 10043392 SPS: 3172  ev=0.658  ent=0.431  grad=0.58/0.50  h=0.1 c=0.2  kl=0.0562  vl=0.1312
Step: 10047488 SPS: 3172  ev=0.618  ent=0.437  grad=0.76/0.50  h=0.1 c=0.3  kl=0.0289  vl=0.1967
Step: 10051584 SPS: 3172  ev=0.615  ent=0.378  grad=0.56/0.50  h=0.1 c=0.3  kl=0.0389  vl=0.1852
Step: 10055680 SPS: 3172  ev=0.656  ent=0.376  grad=0.41/0.41  h=0.1 c=0.3  kl=0.0292  vl=0.1269
Step: 10059776 SPS: 3172  ev=0.661  ent=0.391  grad=0.47/0.47  h=0.1 c=0.3  kl=0.0861  vl=0.1644
Step: 10063872 SPS: 3172  ev=0.676  ent=0.393  grad=0.41/0.41  h=0.1 c=0.3  kl=0.0327  vl=0.1654
Step: 10067968 SPS: 3172  ev=0.649  ent=0.442  grad=0.42/0.42  h=0.1 c=0.5  kl=0.0412  vl=0.2053
Step: 10072064 SPS: 3172  ev=0.658  ent=0.394  grad=0.37/0.37  h=0.1 c=0.3  kl=0.0324  vl=0.2068
  vs Heur:   46W/54L/0D | score=20.1±27.5 inv=2.1 played=11.3 lanes=2.7 ddraw=1.7 pts=20
  vs Random: 107W/1L/0D | score=21.1±25.6 inv=2.0 played=12.5 lanes=2.9 ddraw=0.4 pts=21
  Self-play: 58W/48L/1D | score=13.3±22.3 inv=1.6 played=10.7 lanes=2.6 ddraw=0.6 pts=13
Step: 10076160 SPS: 3172  ev=0.645  ent=0.404  grad=0.90/0.50  h=0.1 c=0.3  kl=0.0452  vl=0.1592
Step: 10080256 SPS: 3172  ev=0.622  ent=0.394  grad=0.50/0.50  h=0.1 c=0.4  kl=0.0339  vl=0.1985
Step: 10084352 SPS: 3172  ev=0.679  ent=0.417  grad=0.48/0.48  h=0.1 c=0.2  kl=0.0598  vl=0.1405
Step: 10088448 SPS: 3172  ev=0.630  ent=0.403  grad=0.30/0.30  h=0.2 c=0.4  kl=0.0454  vl=0.1437
Step: 10092544 SPS: 3172  ev=0.629  ent=0.417  grad=1.35/0.50  h=0.1 c=0.2  kl=0.0566  vl=0.1971
Step: 10096640 SPS: 3172  ev=0.689  ent=0.368  grad=0.42/0.42  h=0.1 c=0.3  kl=0.0457  vl=0.1631
Step: 10100736 SPS: 3172  ev=0.620  ent=0.367  grad=0.99/0.50  h=0.1 c=0.3  kl=0.0350  vl=0.1159
Step: 10104832 SPS: 3172  ev=0.674  ent=0.402  grad=0.35/0.35  h=0.1 c=0.3  kl=0.0498  vl=0.1547
Step: 10108928 SPS: 3172  ev=0.594  ent=0.392  grad=0.67/0.50  h=0.0 c=0.2  kl=0.0262  vl=0.2380
Step: 10113024 SPS: 3173  ev=0.657  ent=0.422  grad=0.75/0.50  h=0.1 c=0.3  kl=0.0622  vl=0.1565
Step: 10117120 SPS: 3173  ev=0.633  ent=0.412  grad=0.41/0.41  h=0.1 c=0.3  kl=0.0365  vl=0.1663
Step: 10121216 SPS: 3173  ev=0.677  ent=0.436  grad=0.39/0.39  h=0.1 c=0.4  kl=0.0561  vl=0.1317
Step: 10125312 SPS: 3173  ev=0.630  ent=0.409  grad=0.36/0.36  h=0.1 c=0.3  kl=0.0932  vl=0.1706
Step: 10129408 SPS: 3173  ev=0.637  ent=0.406  grad=0.37/0.37  h=0.1 c=0.3  kl=0.0550  vl=0.1714
Step: 10133504 SPS: 3173  ev=0.639  ent=0.411  grad=0.59/0.50  h=0.2 c=0.4  kl=0.0469  vl=0.1360
Step: 10137600 SPS: 3173  ev=0.641  ent=0.421  grad=1.12/0.50  h=0.1 c=0.3  kl=0.0449  vl=0.2058
Step: 10141696 SPS: 3173  ev=0.579  ent=0.412  grad=0.68/0.50  h=0.1 c=0.4  kl=0.0414  vl=0.1702
Step: 10145792 SPS: 3173  ev=0.666  ent=0.388  grad=0.49/0.49  h=0.2 c=0.4  kl=0.0483  vl=0.1619
Step: 10149888 SPS: 3173  ev=0.672  ent=0.385  grad=0.47/0.47  h=0.1 c=0.3  kl=0.0393  vl=0.1385
Step: 10153984 SPS: 3173  ev=0.652  ent=0.433  grad=0.72/0.50  h=0.2 c=0.4  kl=0.0351  vl=0.1480
  vs Heur:   50W/49L/1D | score=24.0±32.1 inv=2.2 played=11.2 lanes=2.6 ddraw=1.8 pts=24
  vs Random: 104W/0L/0D | score=21.5±24.8 inv=1.6 played=11.7 lanes=2.7 ddraw=0.5 pts=22
  Self-play: 50W/49L/2D | score=13.5±24.8 inv=1.6 played=10.8 lanes=2.6 ddraw=0.7 pts=13
Step: 10158080 SPS: 3173  ev=0.688  ent=0.420  grad=1.17/0.50  h=0.2 c=0.3  kl=0.0341  vl=0.1531
Step: 10162176 SPS: 3173  ev=0.690  ent=0.404  grad=0.61/0.50  h=0.1 c=0.3  kl=0.0271  vl=0.1565
Step: 10166272 SPS: 3173  ev=0.692  ent=0.430  grad=0.65/0.50  h=0.2 c=0.3  kl=0.0721  vl=0.1710
Step: 10170368 SPS: 3173  ev=0.658  ent=0.371  grad=0.37/0.37  h=0.1 c=0.4  kl=0.0497  vl=0.1689
Step: 10174464 SPS: 3173  ev=0.656  ent=0.384  grad=0.31/0.31  h=0.2 c=0.3  kl=0.0358  vl=0.1914
Step: 10178560 SPS: 3173  ev=0.636  ent=0.392  grad=0.87/0.50  h=0.1 c=0.3  kl=0.0445  vl=0.2468
Step: 10182656 SPS: 3173  ev=0.655  ent=0.422  grad=1.16/0.50  h=0.1 c=0.4  kl=0.0477  vl=0.1800
Step: 10186752 SPS: 3173  ev=0.623  ent=0.394  grad=0.64/0.50  h=0.1 c=0.3  kl=0.0429  vl=0.1463
Step: 10190848 SPS: 3173  ev=0.582  ent=0.392  grad=1.11/0.50  h=0.1 c=0.3  kl=0.0397  vl=0.1801
Step: 10194944 SPS: 3173  ev=0.640  ent=0.423  grad=0.48/0.48  h=0.1 c=0.3  kl=0.0569  vl=0.1596
Step: 10199040 SPS: 3173  ev=0.637  ent=0.404  grad=0.87/0.50  h=0.1 c=0.3  kl=0.0447  vl=0.2362
Step: 10203136 SPS: 3173  ev=0.624  ent=0.385  grad=0.69/0.50  h=0.2 c=0.3  kl=0.0292  vl=0.2120
Step: 10207232 SPS: 3173  ev=0.638  ent=0.388  grad=1.07/0.50  h=0.1 c=0.4  kl=0.0369  vl=0.1767
Step: 10211328 SPS: 3173  ev=0.620  ent=0.417  grad=0.82/0.50  h=0.1 c=0.3  kl=0.0350  vl=0.1515
Step: 10215424 SPS: 3173  ev=0.659  ent=0.380  grad=0.45/0.45  h=0.0 c=0.2  kl=0.0433  vl=0.1636
Step: 10219520 SPS: 3173  ev=0.654  ent=0.380  grad=0.40/0.40  h=0.1 c=0.4  kl=0.0435  vl=0.2096
Step: 10223616 SPS: 3173  ev=0.644  ent=0.414  grad=1.38/0.50  h=0.0 c=0.1  kl=0.0383  vl=0.1833
Step: 10227712 SPS: 3173  ev=0.688  ent=0.424  grad=0.54/0.50  h=0.0 c=0.1  kl=0.0474  vl=0.1449
Step: 10231808 SPS: 3173  ev=0.676  ent=0.389  grad=0.53/0.50  h=0.0 c=0.1  kl=0.0560  vl=0.1843
Step: 10235904 SPS: 3173  ev=0.651  ent=0.418  grad=1.17/0.50  h=0.1 c=0.3  kl=0.0499  vl=0.1850
  vs Heur:   47W/53L/0D | score=16.7±25.7 inv=1.8 played=10.7 lanes=2.5 ddraw=1.9 pts=17
  vs Random: 105W/0L/0D | score=18.3±27.0 inv=1.7 played=11.5 lanes=2.8 ddraw=0.5 pts=18
  Self-play: 50W/51L/0D | score=13.3±20.6 inv=1.6 played=11.0 lanes=2.7 ddraw=0.7 pts=13
Step: 10240000 SPS: 3173  ev=0.673  ent=0.385  grad=0.74/0.50  h=0.1 c=0.3  kl=0.0821  vl=0.1288
Step: 10244096 SPS: 3173  ev=0.615  ent=0.406  grad=0.39/0.39  h=0.1 c=0.4  kl=0.0511  vl=0.1583
Step: 10248192 SPS: 3173  ev=0.638  ent=0.413  grad=0.68/0.50  h=0.1 c=0.2  kl=0.0334  vl=0.2368
Step: 10252288 SPS: 3173  ev=0.684  ent=0.362  grad=0.72/0.50  h=0.1 c=0.3  kl=0.0305  vl=0.1766
Step: 10256384 SPS: 3173  ev=0.628  ent=0.407  grad=0.35/0.35  h=0.0 c=0.2  kl=0.0578  vl=0.1406
Step: 10260480 SPS: 3173  ev=0.587  ent=0.398  grad=0.66/0.50  h=0.0 c=0.2  kl=0.0444  vl=0.1457
Step: 10264576 SPS: 3173  ev=0.633  ent=0.398  grad=0.48/0.48  h=0.1 c=0.4  kl=0.0276  vl=0.1601
Step: 10268672 SPS: 3173  ev=0.694  ent=0.394  grad=0.52/0.50  h=0.0 c=0.3  kl=0.0478  vl=0.1672
Step: 10272768 SPS: 3173  ev=0.656  ent=0.394  grad=0.42/0.42  h=0.1 c=0.3  kl=0.0431  vl=0.1765
Step: 10276864 SPS: 3173  ev=0.639  ent=0.382  grad=0.46/0.46  h=0.1 c=0.2  kl=0.0614  vl=0.1951
Step: 10280960 SPS: 3173  ev=0.633  ent=0.395  grad=0.62/0.50  h=0.1 c=0.2  kl=0.0401  vl=0.1663
Step: 10285056 SPS: 3173  ev=0.652  ent=0.376  grad=0.46/0.46  h=0.1 c=0.2  kl=0.0500  vl=0.1912
Step: 10289152 SPS: 3173  ev=0.648  ent=0.359  grad=0.50/0.50  h=0.1 c=0.3  kl=0.0514  vl=0.1349
Step: 10293248 SPS: 3173  ev=0.671  ent=0.407  grad=0.64/0.50  h=0.1 c=0.2  kl=0.0564  vl=0.1573
Step: 10297344 SPS: 3173  ev=0.630  ent=0.403  grad=0.74/0.50  h=0.1 c=0.1  kl=0.0453  vl=0.1685
Step: 10301440 SPS: 3173  ev=0.644  ent=0.371  grad=0.45/0.45  h=0.1 c=0.2  kl=0.0449  vl=0.2168
Step: 10305536 SPS: 3172  ev=0.670  ent=0.381  grad=0.41/0.41  h=0.0 c=0.1  kl=0.0374  vl=0.1461
Step: 10309632 SPS: 3172  ev=0.672  ent=0.400  grad=0.63/0.50  h=0.0 c=0.1  kl=0.0414  vl=0.1633
Step: 10313728 SPS: 3171  ev=0.627  ent=0.379  grad=0.48/0.48  h=0.1 c=0.3  kl=0.0323  vl=0.1978
Step: 10317824 SPS: 3170  ev=0.679  ent=0.379  grad=0.71/0.50  h=0.1 c=0.2  kl=0.0414  vl=0.1295
  vs Heur:   56W/47L/1D | score=23.5±30.6 inv=2.1 played=11.3 lanes=2.7 ddraw=1.9 pts=23
  vs Random: 106W/0L/0D | score=24.1±23.3 inv=1.8 played=12.3 lanes=2.9 ddraw=0.6 pts=24
  Self-play: 50W/51L/1D | score=11.0±20.9 inv=1.7 played=11.0 lanes=2.8 ddraw=0.6 pts=11
Step: 10321920 SPS: 3170  ev=0.672  ent=0.378  grad=0.39/0.39  h=0.1 c=0.1  kl=0.0634  vl=0.1839
Step: 10326016 SPS: 3170  ev=0.661  ent=0.362  grad=0.51/0.50  h=0.1 c=0.1  kl=0.0525  vl=0.1416
Step: 10330112 SPS: 3169  ev=0.643  ent=0.364  grad=0.56/0.50  h=0.0 c=0.1  kl=0.0355  vl=0.1954
Step: 10334208 SPS: 3169  ev=0.666  ent=0.391  grad=0.49/0.49  h=0.0 c=0.1  kl=0.0555  vl=0.1460
Step: 10338304 SPS: 3168  ev=0.632  ent=0.365  grad=0.36/0.36  h=0.1 c=0.3  kl=0.0430  vl=0.1328
Step: 10342400 SPS: 3167  ev=0.631  ent=0.381  grad=0.35/0.35  h=0.1 c=0.1  kl=0.0411  vl=0.1821
Step: 10346496 SPS: 3167  ev=0.605  ent=0.371  grad=0.40/0.40  h=0.1 c=0.3  kl=0.0328  vl=0.1626
Step: 10350592 SPS: 3167  ev=0.646  ent=0.400  grad=0.48/0.48  h=0.1 c=0.5  kl=0.0514  vl=0.1273
Step: 10354688 SPS: 3167  ev=0.673  ent=0.386  grad=0.53/0.50  h=0.1 c=0.3  kl=0.0324  vl=0.1398
Step: 10358784 SPS: 3167  ev=0.645  ent=0.408  grad=0.60/0.50  h=0.1 c=0.2  kl=0.0271  vl=0.1373
Step: 10362880 SPS: 3167  ev=0.663  ent=0.425  grad=0.83/0.50  h=0.0 c=0.1  kl=0.0382  vl=0.1572
Step: 10366976 SPS: 3167  ev=0.644  ent=0.402  grad=0.98/0.50  h=0.1 c=0.4  kl=0.0367  vl=0.1658
Step: 10371072 SPS: 3167  ev=0.675  ent=0.415  grad=0.40/0.40  h=0.1 c=0.5  kl=0.0305  vl=0.1145
Step: 10375168 SPS: 3166  ev=0.634  ent=0.416  grad=0.39/0.39  h=0.1 c=0.4  kl=0.0362  vl=0.1653
Step: 10379264 SPS: 3166  ev=0.574  ent=0.402  grad=0.57/0.50  h=0.1 c=0.2  kl=0.0480  vl=0.1409
Step: 10383360 SPS: 3165  ev=0.635  ent=0.443  grad=0.42/0.42  h=0.1 c=0.2  kl=0.0403  vl=0.1562
Step: 10387456 SPS: 3165  ev=0.614  ent=0.413  grad=0.72/0.50  h=0.1 c=0.1  kl=0.0297  vl=0.1678
Step: 10391552 SPS: 3165  ev=0.610  ent=0.378  grad=0.48/0.48  h=0.0 c=0.4  kl=0.0332  vl=0.1840
Step: 10395648 SPS: 3164  ev=0.649  ent=0.429  grad=0.92/0.50  h=0.0 c=0.2  kl=0.0633  vl=0.1753
Step: 10399744 SPS: 3164  ev=0.670  ent=0.407  grad=0.64/0.50  h=0.1 c=0.4  kl=0.0292  vl=0.1471
  vs Heur:   44W/57L/2D | score=15.5±27.9 inv=1.8 played=10.9 lanes=2.7 ddraw=1.9 pts=15
  vs Random: 103W/0L/0D | score=22.7±24.4 inv=2.0 played=12.5 lanes=2.9 ddraw=0.4 pts=23
  Self-play: 57W/44L/1D | score=15.6±21.6 inv=1.5 played=11.2 lanes=2.8 ddraw=1.2 pts=16
Step: 10403840 SPS: 3164  ev=0.631  ent=0.401  grad=1.09/0.50  h=0.1 c=0.6  kl=0.0671  vl=0.1419
Step: 10407936 SPS: 3163  ev=0.689  ent=0.414  grad=0.85/0.50  h=0.1 c=0.4  kl=0.0562  vl=0.1962
Step: 10412032 SPS: 3163  ev=0.603  ent=0.425  grad=0.79/0.50  h=0.1 c=0.4  kl=0.1385  vl=0.1722
Step: 10416128 SPS: 3163  ev=0.625  ent=0.421  grad=0.49/0.49  h=0.1 c=0.5  kl=0.0542  vl=0.1468
Step: 10420224 SPS: 3163  ev=0.661  ent=0.409  grad=0.44/0.44  h=0.1 c=0.2  kl=0.0446  vl=0.1251
Step: 10424320 SPS: 3163  ev=0.649  ent=0.435  grad=0.49/0.49  h=0.1 c=0.5  kl=0.0506  vl=0.1327
Step: 10428416 SPS: 3163  ev=0.640  ent=0.429  grad=0.41/0.41  h=0.1 c=0.5  kl=0.0551  vl=0.1394
Step: 10432512 SPS: 3163  ev=0.645  ent=0.400  grad=0.71/0.50  h=0.1 c=0.3  kl=0.0448  vl=0.2133
Step: 10436608 SPS: 3163  ev=0.631  ent=0.415  grad=0.50/0.50  h=0.1 c=0.6  kl=0.0342  vl=0.2237
Step: 10440704 SPS: 3163  ev=0.659  ent=0.394  grad=0.55/0.50  h=0.0 c=0.2  kl=0.0653  vl=0.1731
Step: 10444800 SPS: 3163  ev=0.645  ent=0.380  grad=0.53/0.50  h=0.0 c=0.2  kl=0.0252  vl=0.1809
Step: 10448896 SPS: 3163  ev=0.613  ent=0.448  grad=0.35/0.35  h=0.1 c=0.3  kl=0.0396  vl=0.1442
Step: 10452992 SPS: 3163  ev=0.627  ent=0.408  grad=0.80/0.50  h=0.0 c=0.1  kl=0.0407  vl=0.1923
Step: 10457088 SPS: 3163  ev=0.667  ent=0.425  grad=0.68/0.50  h=0.0 c=0.4  kl=0.0518  vl=0.1462
Step: 10461184 SPS: 3163  ev=0.646  ent=0.405  grad=0.35/0.35  h=0.1 c=0.3  kl=0.0462  vl=0.1395
Step: 10465280 SPS: 3163  ev=0.690  ent=0.441  grad=0.65/0.50  h=0.0 c=0.3  kl=0.0418  vl=0.1748
Step: 10469376 SPS: 3163  ev=0.651  ent=0.414  grad=0.31/0.31  h=0.1 c=0.2  kl=0.0499  vl=0.1387
Step: 10473472 SPS: 3163  ev=0.677  ent=0.390  grad=0.80/0.50  h=0.1 c=0.2  kl=0.0571  vl=0.1747
Step: 10477568 SPS: 3163  ev=0.640  ent=0.437  grad=0.36/0.36  h=0.1 c=0.3  kl=0.0305  vl=0.1381
Step: 10481664 SPS: 3163  ev=0.628  ent=0.398  grad=0.34/0.34  h=0.1 c=0.2  kl=0.0573  vl=0.2064
  vs Heur:   47W/53L/1D | score=17.0±23.8 inv=2.0 played=10.6 lanes=2.6 ddraw=1.8 pts=17
  vs Random: 104W/1L/0D | score=25.3±27.5 inv=1.9 played=11.6 lanes=2.7 ddraw=0.5 pts=25
  Self-play: 45W/52L/3D | score=13.8±22.2 inv=1.5 played=10.4 lanes=2.6 ddraw=0.8 pts=14
Step: 10485760 SPS: 3163  ev=0.654  ent=0.414  grad=0.60/0.50  h=0.1 c=0.4  kl=0.0640  vl=0.1769
Step: 10489856 SPS: 3163  ev=0.650  ent=0.427  grad=0.80/0.50  h=0.1 c=0.5  kl=0.0289  vl=0.1723
Step: 10493952 SPS: 3163  ev=0.629  ent=0.422  grad=0.55/0.50  h=0.1 c=0.4  kl=0.0444  vl=0.1558
Step: 10498048 SPS: 3163  ev=0.641  ent=0.404  grad=0.58/0.50  h=0.1 c=0.1  kl=0.0323  vl=0.1144
Step: 10502144 SPS: 3163  ev=0.667  ent=0.424  grad=0.69/0.50  h=0.1 c=0.5  kl=0.0455  vl=0.1441
Step: 10506240 SPS: 3163  ev=0.662  ent=0.452  grad=0.46/0.46  h=0.1 c=0.4  kl=0.0407  vl=0.1836
Step: 10510336 SPS: 3163  ev=0.683  ent=0.445  grad=0.33/0.33  h=0.0 c=0.3  kl=0.0296  vl=0.1502
Step: 10514432 SPS: 3163  ev=0.658  ent=0.428  grad=0.66/0.50  h=0.2 c=0.5  kl=0.0360  vl=0.1247
Step: 10518528 SPS: 3163  ev=0.684  ent=0.431  grad=0.75/0.50  h=0.1 c=0.2  kl=0.0400  vl=0.1279
Step: 10522624 SPS: 3163  ev=0.633  ent=0.406  grad=0.34/0.34  h=0.0 c=0.3  kl=0.0450  vl=0.1100
Step: 10526720 SPS: 3163  ev=0.672  ent=0.468  grad=0.71/0.50  h=0.1 c=0.1  kl=0.0456  vl=0.1420
Step: 10530816 SPS: 3163  ev=0.633  ent=0.402  grad=0.82/0.50  h=0.0 c=0.1  kl=0.0420  vl=0.1418
Step: 10534912 SPS: 3163  ev=0.668  ent=0.440  grad=0.46/0.46  h=0.1 c=0.2  kl=0.0504  vl=0.1374
Step: 10539008 SPS: 3163  ev=0.665  ent=0.433  grad=0.65/0.50  h=0.0 c=0.1  kl=0.0544  vl=0.1521
Step: 10543104 SPS: 3163  ev=0.655  ent=0.443  grad=0.61/0.50  h=0.1 c=0.1  kl=0.0473  vl=0.1256
Step: 10547200 SPS: 3163  ev=0.633  ent=0.413  grad=0.65/0.50  h=0.1 c=0.3  kl=0.0395  vl=0.1455
Step: 10551296 SPS: 3163  ev=0.668  ent=0.447  grad=0.94/0.50  h=0.0 c=0.1  kl=0.0559  vl=0.1909
Step: 10555392 SPS: 3163  ev=0.694  ent=0.437  grad=0.64/0.50  h=0.0 c=0.1  kl=0.0293  vl=0.1388
Step: 10559488 SPS: 3163  ev=0.649  ent=0.463  grad=0.68/0.50  h=0.0 c=0.2  kl=0.0367  vl=0.2023
Step: 10563584 SPS: 3163  ev=0.629  ent=0.424  grad=0.81/0.50  h=0.1 c=0.1  kl=0.0615  vl=0.1751
  vs Heur:   51W/49L/0D | score=20.9±27.3 inv=2.0 played=11.4 lanes=2.8 ddraw=2.0 pts=21
  vs Random: 106W/0L/0D | score=21.0±23.3 inv=1.8 played=11.9 lanes=2.8 ddraw=0.4 pts=21
  Self-play: 62W/41L/0D | score=16.5±22.4 inv=1.7 played=11.5 lanes=2.8 ddraw=0.8 pts=17
Step: 10567680 SPS: 3163  ev=0.669  ent=0.409  grad=0.50/0.50  h=0.0 c=0.2  kl=0.1132  vl=0.1362
Step: 10571776 SPS: 3163  ev=0.668  ent=0.411  grad=0.58/0.50  h=0.1 c=0.3  kl=0.0494  vl=0.1514
Step: 10575872 SPS: 3163  ev=0.689  ent=0.378  grad=0.37/0.37  h=0.1 c=0.4  kl=0.0331  vl=0.1422
Step: 10579968 SPS: 3163  ev=0.614  ent=0.422  grad=0.53/0.50  h=0.1 c=0.4  kl=0.0270  vl=0.1508
Step: 10584064 SPS: 3163  ev=0.670  ent=0.462  grad=0.41/0.41  h=0.1 c=0.2  kl=0.0391  vl=0.1179
Step: 10588160 SPS: 3163  ev=0.619  ent=0.431  grad=0.59/0.50  h=0.1 c=0.2  kl=0.0524  vl=0.1876
Step: 10592256 SPS: 3163  ev=0.650  ent=0.417  grad=0.55/0.50  h=0.0 c=0.1  kl=0.0358  vl=0.1456
Step: 10596352 SPS: 3163  ev=0.680  ent=0.404  grad=0.76/0.50  h=0.1 c=0.3  kl=0.0398  vl=0.1525
Step: 10600448 SPS: 3163  ev=0.569  ent=0.411  grad=0.72/0.50  h=0.1 c=0.3  kl=0.0402  vl=0.1385
Step: 10604544 SPS: 3163  ev=0.619  ent=0.415  grad=0.42/0.42  h=0.1 c=0.5  kl=0.0727  vl=0.1538
Step: 10608640 SPS: 3163  ev=0.619  ent=0.439  grad=0.56/0.50  h=0.1 c=0.3  kl=0.0753  vl=0.1592
Step: 10612736 SPS: 3163  ev=0.684  ent=0.403  grad=0.45/0.45  h=0.1 c=0.3  kl=0.0406  vl=0.1426
Step: 10616832 SPS: 3163  ev=0.655  ent=0.401  grad=0.39/0.39  h=0.2 c=0.5  kl=0.0614  vl=0.1330
Step: 10620928 SPS: 3163  ev=0.633  ent=0.409  grad=1.00/0.50  h=0.1 c=0.5  kl=0.0919  vl=0.2610
Step: 10625024 SPS: 3163  ev=0.672  ent=0.410  grad=0.41/0.41  h=0.1 c=0.6  kl=0.0286  vl=0.1377
Step: 10629120 SPS: 3163  ev=0.640  ent=0.409  grad=0.77/0.50  h=0.1 c=0.3  kl=0.0156  vl=0.1633
Step: 10633216 SPS: 3163  ev=0.674  ent=0.419  grad=0.72/0.50  h=0.1 c=0.5  kl=0.0330  vl=0.1445
Step: 10637312 SPS: 3163  ev=0.707  ent=0.385  grad=0.38/0.38  h=0.1 c=0.6  kl=0.0490  vl=0.1500
Step: 10641408 SPS: 3163  ev=0.660  ent=0.407  grad=0.48/0.48  h=0.1 c=0.3  kl=0.0826  vl=0.1463
Step: 10645504 SPS: 3163  ev=0.679  ent=0.404  grad=0.58/0.50  h=0.1 c=0.4  kl=0.0424  vl=0.1170
  vs Heur:   45W/58L/0D | score=15.6±24.0 inv=2.0 played=11.5 lanes=2.8 ddraw=1.9 pts=16
  vs Random: 100W/0L/0D | score=22.1±24.5 inv=1.8 played=12.2 lanes=2.9 ddraw=0.5 pts=22
  Self-play: 49W/51L/1D | score=11.1±20.6 inv=1.5 played=10.2 lanes=2.6 ddraw=0.4 pts=11
Step: 10649600 SPS: 3163  ev=0.648  ent=0.398  grad=1.01/0.50  h=0.1 c=0.3  kl=0.0498  vl=0.1993
Step: 10653696 SPS: 3163  ev=0.591  ent=0.433  grad=0.84/0.50  h=0.1 c=0.3  kl=0.0407  vl=0.1653
Step: 10657792 SPS: 3163  ev=0.688  ent=0.429  grad=0.39/0.39  h=0.1 c=0.3  kl=0.0402  vl=0.1633
Step: 10661888 SPS: 3163  ev=0.631  ent=0.454  grad=0.44/0.44  h=0.1 c=0.3  kl=0.0508  vl=0.1234
Step: 10665984 SPS: 3163  ev=0.641  ent=0.415  grad=0.58/0.50  h=0.1 c=0.5  kl=0.0223  vl=0.1280
Step: 10670080 SPS: 3163  ev=0.661  ent=0.432  grad=0.77/0.50  h=0.1 c=0.4  kl=0.0761  vl=0.1629
Step: 10674176 SPS: 3163  ev=0.641  ent=0.427  grad=0.40/0.40  h=0.1 c=0.3  kl=0.0633  vl=0.1731
Step: 10678272 SPS: 3163  ev=0.655  ent=0.469  grad=0.78/0.50  h=0.1 c=0.4  kl=0.0264  vl=0.1225
Step: 10682368 SPS: 3163  ev=0.662  ent=0.450  grad=0.63/0.50  h=0.1 c=0.7  kl=0.0567  vl=0.1355
Step: 10686464 SPS: 3163  ev=0.704  ent=0.444  grad=0.74/0.50  h=0.1 c=0.3  kl=0.0678  vl=0.1321
Step: 10690560 SPS: 3163  ev=0.630  ent=0.416  grad=0.38/0.38  h=0.1 c=0.2  kl=0.0498  vl=0.1689
Step: 10694656 SPS: 3163  ev=0.651  ent=0.396  grad=0.31/0.31  h=0.1 c=0.5  kl=0.0412  vl=0.1354
Step: 10698752 SPS: 3163  ev=0.659  ent=0.416  grad=0.38/0.38  h=0.2 c=0.6  kl=0.0459  vl=0.1491
Step: 10702848 SPS: 3163  ev=0.700  ent=0.401  grad=0.65/0.50  h=0.2 c=0.5  kl=0.0840  vl=0.1479
Step: 10706944 SPS: 3163  ev=0.669  ent=0.438  grad=0.39/0.39  h=0.2 c=0.5  kl=0.0266  vl=0.1535
Step: 10711040 SPS: 3163  ev=0.667  ent=0.416  grad=0.58/0.50  h=0.2 c=0.3  kl=0.0639  vl=0.1685
Step: 10715136 SPS: 3163  ev=0.683  ent=0.452  grad=0.39/0.39  h=0.1 c=0.4  kl=0.0471  vl=0.1514
Step: 10719232 SPS: 3163  ev=0.672  ent=0.411  grad=0.65/0.50  h=0.2 c=0.6  kl=0.0576  vl=0.2136
Step: 10723328 SPS: 3163  ev=0.655  ent=0.402  grad=1.47/0.50  h=0.1 c=0.3  kl=0.0673  vl=0.1597
Step: 10727424 SPS: 3163  ev=0.693  ent=0.389  grad=0.37/0.37  h=0.1 c=0.6  kl=0.0528  vl=0.1192
  vs Heur:   54W/49L/0D | score=18.9±21.3 inv=1.9 played=11.6 lanes=2.8 ddraw=1.7 pts=19
  vs Random: 104W/0L/0D | score=20.1±22.7 inv=1.7 played=11.9 lanes=2.9 ddraw=0.4 pts=20
  Self-play: 48W/56L/2D | score=12.7±25.6 inv=1.5 played=10.7 lanes=2.7 ddraw=0.6 pts=13
Step: 10731520 SPS: 3163  ev=0.672  ent=0.408  grad=0.61/0.50  h=0.1 c=0.7  kl=0.0440  vl=0.1509
Step: 10735616 SPS: 3163  ev=0.629  ent=0.434  grad=0.34/0.34  h=0.1 c=0.5  kl=0.0436  vl=0.1437
Step: 10739712 SPS: 3163  ev=0.628  ent=0.417  grad=0.51/0.50  h=0.2 c=0.4  kl=0.0631  vl=0.1513
Step: 10743808 SPS: 3163  ev=0.685  ent=0.430  grad=0.57/0.50  h=0.0 c=0.3  kl=0.0578  vl=0.1685
Step: 10747904 SPS: 3163  ev=0.629  ent=0.399  grad=0.62/0.50  h=0.2 c=0.8  kl=0.0524  vl=0.1312
Step: 10752000 SPS: 3163  ev=0.661  ent=0.401  grad=0.52/0.50  h=0.2 c=0.6  kl=0.0428  vl=0.1419
Step: 10756096 SPS: 3163  ev=0.635  ent=0.400  grad=0.70/0.50  h=0.2 c=0.7  kl=0.0534  vl=0.1425
Step: 10760192 SPS: 3163  ev=0.668  ent=0.397  grad=1.02/0.50  h=0.2 c=0.8  kl=0.0356  vl=0.1206
Step: 10764288 SPS: 3163  ev=0.655  ent=0.414  grad=0.38/0.38  h=0.0 c=0.3  kl=0.0375  vl=0.1895
Step: 10768384 SPS: 3163  ev=0.654  ent=0.404  grad=0.69/0.50  h=0.2 c=0.6  kl=0.0313  vl=0.1802
Step: 10772480 SPS: 3163  ev=0.644  ent=0.450  grad=0.47/0.47  h=0.2 c=0.7  kl=0.0382  vl=0.1448
Step: 10776576 SPS: 3163  ev=0.666  ent=0.388  grad=0.40/0.40  h=0.2 c=0.8  kl=0.0727  vl=0.1434
Step: 10780672 SPS: 3163  ev=0.667  ent=0.429  grad=0.60/0.50  h=0.2 c=0.9  kl=0.0281  vl=0.1373
Step: 10784768 SPS: 3163  ev=0.621  ent=0.391  grad=0.53/0.50  h=0.1 c=0.3  kl=0.0549  vl=0.1390
Step: 10788864 SPS: 3163  ev=0.642  ent=0.414  grad=0.65/0.50  h=0.1 c=0.6  kl=0.0341  vl=0.1082
Step: 10792960 SPS: 3163  ev=0.662  ent=0.455  grad=0.58/0.50  h=0.1 c=0.4  kl=0.0470  vl=0.1407
Step: 10797056 SPS: 3163  ev=0.680  ent=0.459  grad=0.40/0.40  h=0.1 c=0.6  kl=0.2346  vl=0.1079
Step: 10801152 SPS: 3163  ev=0.639  ent=0.436  grad=0.90/0.50  h=0.1 c=0.5  kl=0.0553  vl=0.1362
Step: 10805248 SPS: 3163  ev=0.672  ent=0.415  grad=0.45/0.45  h=0.1 c=0.5  kl=0.0350  vl=0.1713
Step: 10809344 SPS: 3163  ev=0.645  ent=0.433  grad=0.87/0.50  h=0.2 c=0.7  kl=0.0455  vl=0.1686
  vs Heur:   51W/50L/2D | score=23.2±28.3 inv=2.0 played=11.4 lanes=2.7 ddraw=1.9 pts=23
  vs Random: 108W/0L/0D | score=25.4±25.0 inv=1.8 played=12.3 lanes=2.9 ddraw=0.4 pts=25
  Self-play: 52W/50L/0D | score=13.6±23.0 inv=1.4 played=10.6 lanes=2.7 ddraw=0.5 pts=14
Step: 10813440 SPS: 3163  ev=0.616  ent=0.422  grad=0.58/0.50  h=0.1 c=0.6  kl=0.0215  vl=0.1540
Step: 10817536 SPS: 3163  ev=0.679  ent=0.428  grad=0.72/0.50  h=0.1 c=0.6  kl=0.0243  vl=0.1448
Step: 10821632 SPS: 3163  ev=0.655  ent=0.436  grad=0.97/0.50  h=0.1 c=0.4  kl=0.0536  vl=0.1435
Step: 10825728 SPS: 3163  ev=0.650  ent=0.416  grad=0.49/0.49  h=0.1 c=0.4  kl=0.0342  vl=0.1031
Step: 10829824 SPS: 3163  ev=0.647  ent=0.403  grad=0.33/0.33  h=0.1 c=0.5  kl=0.0381  vl=0.1645
Step: 10833920 SPS: 3163  ev=0.652  ent=0.421  grad=0.53/0.50  h=0.1 c=0.3  kl=0.0379  vl=0.0932
Step: 10838016 SPS: 3163  ev=0.668  ent=0.394  grad=0.43/0.43  h=0.1 c=0.3  kl=0.0362  vl=0.1352
Step: 10842112 SPS: 3163  ev=0.630  ent=0.405  grad=0.62/0.50  h=0.1 c=0.2  kl=0.0439  vl=0.1505
Step: 10846208 SPS: 3163  ev=0.638  ent=0.408  grad=0.33/0.33  h=0.2 c=0.7  kl=0.0463  vl=0.1495
Step: 10850304 SPS: 3163  ev=0.676  ent=0.421  grad=0.44/0.44  h=0.1 c=0.3  kl=0.0417  vl=0.1296
Step: 10854400 SPS: 3163  ev=0.622  ent=0.398  grad=0.61/0.50  h=0.2 c=0.4  kl=0.0626  vl=0.1648
Step: 10858496 SPS: 3163  ev=0.656  ent=0.389  grad=0.30/0.30  h=0.1 c=0.5  kl=0.0372  vl=0.1207
Step: 10862592 SPS: 3163  ev=0.622  ent=0.407  grad=0.45/0.45  h=0.0 c=0.4  kl=0.0482  vl=0.1496
Step: 10866688 SPS: 3163  ev=0.693  ent=0.391  grad=0.32/0.32  h=0.2 c=0.4  kl=0.0293  vl=0.1435
Step: 10870784 SPS: 3163  ev=0.604  ent=0.383  grad=0.35/0.35  h=0.1 c=0.3  kl=0.0659  vl=0.1220
Step: 10874880 SPS: 3163  ev=0.692  ent=0.395  grad=0.59/0.50  h=0.1 c=0.3  kl=0.0218  vl=0.1223
Step: 10878976 SPS: 3163  ev=0.634  ent=0.390  grad=0.51/0.50  h=0.1 c=0.5  kl=0.0521  vl=0.1598
Step: 10883072 SPS: 3163  ev=0.689  ent=0.404  grad=0.55/0.50  h=0.1 c=0.4  kl=0.0261  vl=0.1371
Step: 10887168 SPS: 3163  ev=0.649  ent=0.389  grad=0.57/0.50  h=0.0 c=0.5  kl=0.0336  vl=0.1641
Step: 10891264 SPS: 3163  ev=0.631  ent=0.390  grad=0.67/0.50  h=0.1 c=0.5  kl=0.0293  vl=0.1195
  vs Heur:   62W/39L/2D | score=26.8±30.9 inv=2.3 played=12.0 lanes=2.7 ddraw=2.3 pts=27
  vs Random: 105W/1L/0D | score=29.3±25.7 inv=1.8 played=12.7 lanes=2.9 ddraw=0.5 pts=29
  Self-play: 60W/50L/0D | score=15.1±19.6 inv=1.4 played=10.9 lanes=2.7 ddraw=0.5 pts=15
Step: 10895360 SPS: 3163  ev=0.697  ent=0.419  grad=0.91/0.50  h=0.1 c=0.2  kl=0.0561  vl=0.1720
Step: 10899456 SPS: 3163  ev=0.619  ent=0.407  grad=0.65/0.50  h=0.1 c=0.5  kl=0.0410  vl=0.1306
Step: 10903552 SPS: 3163  ev=0.665  ent=0.402  grad=1.38/0.50  h=0.1 c=0.2  kl=0.0580  vl=0.1640
Step: 10907648 SPS: 3163  ev=0.632  ent=0.361  grad=0.51/0.50  h=0.2 c=0.3  kl=0.0222  vl=0.1325
Step: 10911744 SPS: 3163  ev=0.655  ent=0.377  grad=0.39/0.39  h=0.1 c=0.3  kl=0.0337  vl=0.1841
Step: 10915840 SPS: 3163  ev=0.640  ent=0.414  grad=1.07/0.50  h=0.1 c=0.5  kl=0.0386  vl=0.1501
Step: 10919936 SPS: 3163  ev=0.672  ent=0.389  grad=0.42/0.42  h=0.2 c=0.4  kl=0.0342  vl=0.1371
Step: 10924032 SPS: 3163  ev=0.713  ent=0.429  grad=0.49/0.49  h=0.1 c=0.3  kl=0.0567  vl=0.1326
Step: 10928128 SPS: 3163  ev=0.660  ent=0.394  grad=0.53/0.50  h=0.1 c=0.1  kl=0.0461  vl=0.1146
Step: 10932224 SPS: 3163  ev=0.636  ent=0.394  grad=0.44/0.44  h=0.1 c=0.5  kl=0.0373  vl=0.1194
Step: 10936320 SPS: 3163  ev=0.632  ent=0.404  grad=0.63/0.50  h=0.1 c=0.4  kl=0.0608  vl=0.1796
Step: 10940416 SPS: 3163  ev=0.681  ent=0.400  grad=0.72/0.50  h=0.1 c=0.6  kl=0.0313  vl=0.1617
Step: 10944512 SPS: 3163  ev=0.679  ent=0.387  grad=0.51/0.50  h=0.1 c=0.2  kl=0.0341  vl=0.1474
Step: 10948608 SPS: 3163  ev=0.681  ent=0.386  grad=0.53/0.50  h=0.1 c=0.4  kl=0.0238  vl=0.1391
Step: 10952704 SPS: 3163  ev=0.653  ent=0.341  grad=1.15/0.50  h=0.1 c=0.6  kl=0.0274  vl=0.1943
Step: 10956800 SPS: 3163  ev=0.666  ent=0.383  grad=0.57/0.50  h=0.1 c=0.6  kl=0.0256  vl=0.1453
Step: 10960896 SPS: 3163  ev=0.608  ent=0.383  grad=0.96/0.50  h=0.0 c=0.3  kl=0.0375  vl=0.1621
Step: 10964992 SPS: 3163  ev=0.638  ent=0.380  grad=0.37/0.37  h=0.1 c=0.5  kl=0.0525  vl=0.1373
Step: 10969088 SPS: 3163  ev=0.580  ent=0.387  grad=0.30/0.30  h=0.1 c=0.3  kl=0.0391  vl=0.1180
Step: 10973184 SPS: 3163  ev=0.624  ent=0.397  grad=0.60/0.50  h=0.1 c=0.8  kl=0.0293  vl=0.1563
  vs Heur:   54W/48L/0D | score=20.4±27.7 inv=2.0 played=11.2 lanes=2.6 ddraw=1.9 pts=20
  vs Random: 108W/0L/0D | score=19.8±22.8 inv=1.6 played=11.6 lanes=2.8 ddraw=0.5 pts=20
  Self-play: 46W/52L/2D | score=9.9±21.8 inv=1.6 played=10.6 lanes=2.7 ddraw=0.6 pts=10
Step: 10977280 SPS: 3163  ev=0.636  ent=0.368  grad=0.64/0.50  h=0.1 c=0.3  kl=0.0291  vl=0.1604
Step: 10981376 SPS: 3163  ev=0.612  ent=0.408  grad=0.47/0.47  h=0.1 c=0.7  kl=0.0634  vl=0.1716
Step: 10985472 SPS: 3162  ev=0.620  ent=0.375  grad=0.61/0.50  h=0.2 c=0.5  kl=0.0270  vl=0.0974
Step: 10989568 SPS: 3162  ev=0.682  ent=0.365  grad=0.47/0.47  h=0.2 c=0.4  kl=0.0485  vl=0.1396
Step: 10993664 SPS: 3161  ev=0.624  ent=0.389  grad=0.70/0.50  h=0.1 c=0.7  kl=0.0394  vl=0.1223
Step: 10997760 SPS: 3161  ev=0.644  ent=0.403  grad=0.43/0.43  h=0.0 c=0.1  kl=0.0363  vl=0.1588
Step: 11001856 SPS: 3161  ev=0.679  ent=0.372  grad=0.36/0.36  h=0.2 c=0.7  kl=0.0331  vl=0.1343
Step: 11005952 SPS: 3160  ev=0.649  ent=0.420  grad=0.42/0.42  h=0.0 c=0.2  kl=0.0337  vl=0.1258
Step: 11010048 SPS: 3160  ev=0.637  ent=0.407  grad=0.33/0.33  h=0.1 c=0.3  kl=0.0329  vl=0.1430
Step: 11014144 SPS: 3159  ev=0.621  ent=0.370  grad=0.63/0.50  h=0.2 c=0.6  kl=0.0451  vl=0.1306
Step: 11018240 SPS: 3159  ev=0.640  ent=0.376  grad=1.27/0.50  h=0.1 c=0.2  kl=0.0541  vl=0.1738
Step: 11022336 SPS: 3159  ev=0.667  ent=0.378  grad=0.98/0.50  h=0.1 c=0.6  kl=0.0678  vl=0.1185
Step: 11026432 SPS: 3159  ev=0.621  ent=0.385  grad=0.73/0.50  h=0.1 c=0.4  kl=0.0554  vl=0.1121
Step: 11030528 SPS: 3159  ev=0.632  ent=0.373  grad=0.83/0.50  h=0.1 c=0.3  kl=0.0551  vl=0.1980
Step: 11034624 SPS: 3159  ev=0.636  ent=0.396  grad=0.44/0.44  h=0.1 c=0.5  kl=0.0311  vl=0.1682
Step: 11038720 SPS: 3159  ev=0.630  ent=0.337  grad=1.63/0.50  h=0.1 c=0.4  kl=0.0429  vl=0.1777
Step: 11042816 SPS: 3158  ev=0.682  ent=0.393  grad=0.63/0.50  h=0.2 c=0.8  kl=0.0342  vl=0.1550
Step: 11046912 SPS: 3158  ev=0.615  ent=0.388  grad=0.34/0.34  h=0.1 c=0.3  kl=0.0296  vl=0.1868
Step: 11051008 SPS: 3158  ev=0.632  ent=0.391  grad=0.53/0.50  h=0.2 c=1.1  kl=0.0390  vl=0.1947
Step: 11055104 SPS: 3157  ev=0.661  ent=0.396  grad=0.95/0.50  h=0.1 c=0.4  kl=0.0766  vl=0.1775
  vs Heur:   53W/46L/4D | score=17.3±26.1 inv=1.9 played=11.2 lanes=2.7 ddraw=1.7 pts=17
  vs Random: 104W/1L/0D | score=25.7±28.5 inv=2.0 played=12.4 lanes=2.8 ddraw=0.4 pts=26
  Self-play: 51W/48L/2D | score=13.4±24.8 inv=1.4 played=10.3 lanes=2.5 ddraw=0.5 pts=13
Step: 11059200 SPS: 3157  ev=0.629  ent=0.383  grad=0.68/0.50  h=0.1 c=0.7  kl=0.0755  vl=0.1727
Step: 11063296 SPS: 3157  ev=0.626  ent=0.414  grad=0.81/0.50  h=0.2 c=0.7  kl=0.0564  vl=0.1352
Step: 11067392 SPS: 3156  ev=0.648  ent=0.375  grad=0.42/0.42  h=0.2 c=0.6  kl=0.0488  vl=0.1872
Step: 11071488 SPS: 3156  ev=0.631  ent=0.362  grad=0.36/0.36  h=0.2 c=0.9  kl=0.0548  vl=0.1160
Step: 11075584 SPS: 3156  ev=0.667  ent=0.416  grad=0.75/0.50  h=0.2 c=0.5  kl=0.0373  vl=0.1732
Step: 11079680 SPS: 3156  ev=0.636  ent=0.373  grad=0.49/0.49  h=0.1 c=0.5  kl=0.0561  vl=0.1294
Step: 11083776 SPS: 3156  ev=0.593  ent=0.345  grad=0.43/0.43  h=0.1 c=0.6  kl=0.0533  vl=0.1566
Step: 11087872 SPS: 3156  ev=0.624  ent=0.351  grad=0.42/0.42  h=0.1 c=0.5  kl=0.0482  vl=0.1277
Step: 11091968 SPS: 3156  ev=0.650  ent=0.345  grad=1.15/0.50  h=0.2 c=0.7  kl=0.0309  vl=0.2068
Step: 11096064 SPS: 3156  ev=0.612  ent=0.392  grad=0.57/0.50  h=0.2 c=0.5  kl=0.0282  vl=0.1161
Step: 11100160 SPS: 3156  ev=0.621  ent=0.400  grad=0.45/0.45  h=0.2 c=0.8  kl=0.0345  vl=0.1398
Step: 11104256 SPS: 3156  ev=0.639  ent=0.379  grad=0.40/0.40  h=0.2 c=0.7  kl=0.0513  vl=0.1145
Step: 11108352 SPS: 3156  ev=0.585  ent=0.368  grad=0.80/0.50  h=0.2 c=0.5  kl=0.0378  vl=0.1751
Step: 11112448 SPS: 3156  ev=0.622  ent=0.391  grad=0.29/0.29  h=0.2 c=0.8  kl=0.0263  vl=0.1327
Step: 11116544 SPS: 3156  ev=0.593  ent=0.369  grad=0.37/0.37  h=0.2 c=0.7  kl=0.0344  vl=0.1440
Step: 11120640 SPS: 3156  ev=0.562  ent=0.389  grad=0.42/0.42  h=0.2 c=0.3  kl=0.0600  vl=0.1660
Step: 11124736 SPS: 3156  ev=0.638  ent=0.354  grad=0.32/0.32  h=0.1 c=0.5  kl=0.0415  vl=0.0965
Step: 11128832 SPS: 3156  ev=0.634  ent=0.393  grad=0.54/0.50  h=0.2 c=0.6  kl=0.0358  vl=0.0981
Step: 11132928 SPS: 3156  ev=0.639  ent=0.383  grad=0.41/0.41  h=0.2 c=0.5  kl=0.0298  vl=0.1553
Step: 11137024 SPS: 3156  ev=0.661  ent=0.391  grad=0.52/0.50  h=0.1 c=0.4  kl=0.0527  vl=0.1675
  vs Heur:   51W/47L/4D | score=20.7±26.0 inv=2.0 played=11.0 lanes=2.6 ddraw=2.0 pts=21
  vs Random: 100W/0L/0D | score=18.6±22.1 inv=1.6 played=10.9 lanes=2.6 ddraw=0.5 pts=19
  Self-play: 50W/57L/0D | score=8.9±20.6 inv=1.2 played=9.4 lanes=2.4 ddraw=0.7 pts=9
Step: 11141120 SPS: 3156  ev=0.666  ent=0.409  grad=0.85/0.50  h=0.1 c=0.5  kl=0.0596  vl=0.1863
Step: 11145216 SPS: 3156  ev=0.640  ent=0.419  grad=0.46/0.46  h=0.1 c=0.2  kl=0.0386  vl=0.1407
Step: 11149312 SPS: 3156  ev=0.638  ent=0.435  grad=0.57/0.50  h=0.2 c=0.7  kl=0.0371  vl=0.1999
Step: 11153408 SPS: 3156  ev=0.656  ent=0.396  grad=1.00/0.50  h=0.1 c=0.4  kl=0.0290  vl=0.1487
Step: 11157504 SPS: 3156  ev=0.638  ent=0.412  grad=0.96/0.50  h=0.1 c=0.2  kl=0.0283  vl=0.1654
Step: 11161600 SPS: 3156  ev=0.664  ent=0.399  grad=0.42/0.42  h=0.1 c=0.5  kl=0.0390  vl=0.1835
Step: 11165696 SPS: 3156  ev=0.655  ent=0.401  grad=0.63/0.50  h=0.1 c=0.4  kl=0.0574  vl=0.1257
Step: 11169792 SPS: 3155  ev=0.675  ent=0.402  grad=0.69/0.50  h=0.2 c=0.6  kl=0.0353  vl=0.1806
Step: 11173888 SPS: 3155  ev=0.646  ent=0.400  grad=0.50/0.50  h=0.2 c=0.4  kl=0.0341  vl=0.1624
Step: 11177984 SPS: 3155  ev=0.645  ent=0.403  grad=0.33/0.33  h=0.1 c=0.5  kl=0.0189  vl=0.1481
Step: 11182080 SPS: 3156  ev=0.637  ent=0.399  grad=0.45/0.45  h=0.1 c=0.4  kl=0.0333  vl=0.1672
Step: 11186176 SPS: 3156  ev=0.619  ent=0.419  grad=0.72/0.50  h=0.1 c=0.7  kl=0.0548  vl=0.1648
Step: 11190272 SPS: 3156  ev=0.679  ent=0.404  grad=0.66/0.50  h=0.2 c=0.7  kl=0.0448  vl=0.1004
Step: 11194368 SPS: 3156  ev=0.644  ent=0.393  grad=0.68/0.50  h=0.2 c=0.6  kl=0.0455  vl=0.1687
Step: 11198464 SPS: 3156  ev=0.627  ent=0.426  grad=0.85/0.50  h=0.1 c=0.5  kl=0.0491  vl=0.1244
Step: 11202560 SPS: 3156  ev=0.641  ent=0.381  grad=0.38/0.38  h=0.2 c=0.6  kl=0.0316  vl=0.1610
Step: 11206656 SPS: 3156  ev=0.632  ent=0.397  grad=0.67/0.50  h=0.1 c=0.4  kl=0.0381  vl=0.2030
Step: 11210752 SPS: 3156  ev=0.611  ent=0.385  grad=0.44/0.44  h=0.1 c=0.3  kl=0.0576  vl=0.1164
Step: 11214848 SPS: 3156  ev=0.630  ent=0.397  grad=0.38/0.38  h=0.2 c=0.6  kl=0.0472  vl=0.1611
Step: 11218944 SPS: 3155  ev=0.649  ent=0.406  grad=0.56/0.50  h=0.2 c=0.6  kl=0.0376  vl=0.1590
  vs Heur:   47W/54L/0D | score=18.1±29.2 inv=2.0 played=11.0 lanes=2.6 ddraw=1.8 pts=18
  vs Random: 108W/0L/0D | score=19.2±22.1 inv=1.8 played=11.4 lanes=2.7 ddraw=0.5 pts=19
  Self-play: 58W/46L/2D | score=14.4±22.8 inv=1.6 played=10.3 lanes=2.5 ddraw=0.5 pts=14
Step: 11223040 SPS: 3156  ev=0.663  ent=0.388  grad=0.43/0.43  h=0.2 c=0.5  kl=0.0413  vl=0.1527
Step: 11227136 SPS: 3156  ev=0.629  ent=0.401  grad=0.34/0.34  h=0.1 c=0.6  kl=0.0500  vl=0.1187
Step: 11231232 SPS: 3156  ev=0.642  ent=0.397  grad=0.39/0.39  h=0.1 c=0.7  kl=0.0416  vl=0.1440
Step: 11235328 SPS: 3156  ev=0.658  ent=0.369  grad=1.66/0.50  h=0.2 c=0.7  kl=0.0321  vl=0.1757
Step: 11239424 SPS: 3155  ev=0.638  ent=0.391  grad=0.56/0.50  h=0.1 c=0.8  kl=0.0485  vl=0.1262
Step: 11243520 SPS: 3155  ev=0.645  ent=0.404  grad=0.59/0.50  h=0.0 c=0.3  kl=0.0292  vl=0.1225
Step: 11247616 SPS: 3155  ev=0.657  ent=0.383  grad=0.56/0.50  h=0.1 c=0.5  kl=0.0631  vl=0.1119
Step: 11251712 SPS: 3155  ev=0.667  ent=0.397  grad=0.78/0.50  h=0.2 c=0.5  kl=0.0417  vl=0.1868
Step: 11255808 SPS: 3155  ev=0.661  ent=0.375  grad=0.73/0.50  h=0.1 c=0.4  kl=0.0203  vl=0.1632
Step: 11259904 SPS: 3156  ev=0.666  ent=0.386  grad=0.56/0.50  h=0.2 c=0.6  kl=0.0303  vl=0.1683
Step: 11264000 SPS: 3156  ev=0.666  ent=0.387  grad=0.45/0.45  h=0.1 c=0.5  kl=0.0588  vl=0.1805
Step: 11268096 SPS: 3156  ev=0.656  ent=0.381  grad=0.58/0.50  h=0.1 c=0.6  kl=0.0381  vl=0.1535
Step: 11272192 SPS: 3156  ev=0.667  ent=0.411  grad=0.63/0.50  h=0.1 c=0.4  kl=0.0745  vl=0.1689
Step: 11276288 SPS: 3155  ev=0.614  ent=0.390  grad=0.80/0.50  h=0.1 c=0.4  kl=0.0403  vl=0.1621
Step: 11280384 SPS: 3155  ev=0.602  ent=0.368  grad=0.78/0.50  h=0.2 c=0.5  kl=0.0376  vl=0.1266
Step: 11284480 SPS: 3155  ev=0.675  ent=0.388  grad=0.34/0.34  h=0.2 c=0.4  kl=0.0429  vl=0.1602
Step: 11288576 SPS: 3155  ev=0.645  ent=0.389  grad=0.46/0.46  h=0.2 c=0.5  kl=0.0420  vl=0.1648
Step: 11292672 SPS: 3155  ev=0.650  ent=0.388  grad=0.68/0.50  h=0.2 c=0.6  kl=0.0277  vl=0.1415
Step: 11296768 SPS: 3155  ev=0.612  ent=0.346  grad=0.29/0.29  h=0.1 c=0.3  kl=0.0440  vl=0.1899
Step: 11300864 SPS: 3155  ev=0.636  ent=0.397  grad=0.31/0.31  h=0.1 c=0.6  kl=0.0507  vl=0.1693
  vs Heur:   59W/43L/1D | score=24.1±28.6 inv=1.9 played=11.6 lanes=2.7 ddraw=1.7 pts=24
  vs Random: 103W/0L/0D | score=22.7±24.0 inv=1.7 played=11.6 lanes=2.7 ddraw=0.5 pts=23
  Self-play: 45W/58L/1D | score=13.7±21.8 inv=1.4 played=9.9 lanes=2.5 ddraw=0.4 pts=14
Step: 11304960 SPS: 3155  ev=0.660  ent=0.413  grad=0.59/0.50  h=0.3 c=1.1  kl=0.0261  vl=0.1714
Step: 11309056 SPS: 3155  ev=0.675  ent=0.409  grad=0.73/0.50  h=0.2 c=0.6  kl=0.0424  vl=0.1277
Step: 11313152 SPS: 3155  ev=0.658  ent=0.404  grad=0.52/0.50  h=0.3 c=0.8  kl=0.0331  vl=0.2107
Step: 11317248 SPS: 3155  ev=0.640  ent=0.397  grad=0.52/0.50  h=0.2 c=0.9  kl=0.0477  vl=0.1436
Step: 11321344 SPS: 3155  ev=0.678  ent=0.395  grad=0.47/0.47  h=0.2 c=0.6  kl=0.0617  vl=0.1226
Step: 11325440 SPS: 3155  ev=0.640  ent=0.394  grad=0.57/0.50  h=0.2 c=0.8  kl=0.0316  vl=0.1675
Step: 11329536 SPS: 3156  ev=0.669  ent=0.384  grad=0.35/0.35  h=0.2 c=0.6  kl=0.0434  vl=0.1787
Step: 11333632 SPS: 3156  ev=0.651  ent=0.406  grad=0.57/0.50  h=0.1 c=0.4  kl=0.0312  vl=0.1047
Step: 11337728 SPS: 3156  ev=0.684  ent=0.399  grad=0.55/0.50  h=0.2 c=0.7  kl=0.0420  vl=0.1480
Step: 11341824 SPS: 3156  ev=0.660  ent=0.384  grad=0.53/0.50  h=0.2 c=0.9  kl=0.0638  vl=0.1262
Step: 11345920 SPS: 3156  ev=0.674  ent=0.415  grad=0.58/0.50  h=0.2 c=0.8  kl=0.0572  vl=0.1555
Step: 11350016 SPS: 3156  ev=0.611  ent=0.393  grad=1.29/0.50  h=0.1 c=0.5  kl=0.0503  vl=0.1515
Step: 11354112 SPS: 3156  ev=0.612  ent=0.386  grad=1.29/0.50  h=0.2 c=0.7  kl=0.0337  vl=0.1535
Step: 11358208 SPS: 3155  ev=0.617  ent=0.432  grad=0.57/0.50  h=0.2 c=0.5  kl=0.0385  vl=0.1728
Step: 11362304 SPS: 3155  ev=0.642  ent=0.411  grad=0.42/0.42  h=0.1 c=0.7  kl=0.0323  vl=0.1505
Step: 11366400 SPS: 3155  ev=0.635  ent=0.360  grad=0.47/0.47  h=0.3 c=1.0  kl=0.0482  vl=0.1664
Step: 11370496 SPS: 3155  ev=0.645  ent=0.386  grad=0.78/0.50  h=0.2 c=1.0  kl=0.0505  vl=0.1915
Step: 11374592 SPS: 3155  ev=0.657  ent=0.367  grad=0.45/0.45  h=0.2 c=1.0  kl=0.0295  vl=0.2093
Step: 11378688 SPS: 3155  ev=0.693  ent=0.374  grad=0.48/0.48  h=0.2 c=0.9  kl=0.0410  vl=0.1519
Step: 11382784 SPS: 3155  ev=0.681  ent=0.398  grad=0.53/0.50  h=0.2 c=0.8  kl=0.0519  vl=0.1298
  vs Heur:   53W/46L/2D | score=22.2±28.5 inv=2.0 played=11.7 lanes=2.7 ddraw=1.7 pts=22
  vs Random: 104W/0L/0D | score=27.0±27.2 inv=1.9 played=12.4 lanes=2.8 ddraw=0.5 pts=27
  Self-play: 63W/37L/0D | score=16.9±19.0 inv=1.5 played=11.0 lanes=2.7 ddraw=0.6 pts=17
Step: 11386880 SPS: 3155  ev=0.641  ent=0.397  grad=0.48/0.48  h=0.2 c=0.7  kl=0.0254  vl=0.1115
Step: 11390976 SPS: 3155  ev=0.659  ent=0.392  grad=0.41/0.41  h=0.2 c=1.0  kl=0.0432  vl=0.1328
Step: 11395072 SPS: 3156  ev=0.635  ent=0.433  grad=0.60/0.50  h=0.1 c=1.0  kl=0.0459  vl=0.1378
Step: 11399168 SPS: 3156  ev=0.682  ent=0.404  grad=0.40/0.40  h=0.2 c=1.0  kl=0.0429  vl=0.1603
Step: 11403264 SPS: 3156  ev=0.682  ent=0.397  grad=0.50/0.50  h=0.2 c=0.8  kl=0.0338  vl=0.1642
Step: 11407360 SPS: 3156  ev=0.674  ent=0.406  grad=0.57/0.50  h=0.2 c=0.9  kl=0.1047  vl=0.1606
Step: 11411456 SPS: 3156  ev=0.676  ent=0.399  grad=0.30/0.30  h=0.2 c=0.9  kl=0.0268  vl=0.1853
Step: 11415552 SPS: 3156  ev=0.659  ent=0.426  grad=0.52/0.50  h=0.2 c=0.5  kl=0.0546  vl=0.1440
Step: 11419648 SPS: 3156  ev=0.684  ent=0.403  grad=0.68/0.50  h=0.2 c=0.6  kl=0.0581  vl=0.1463
Step: 11423744 SPS: 3156  ev=0.639  ent=0.427  grad=0.85/0.50  h=0.1 c=0.5  kl=0.0649  vl=0.1490
Step: 11427840 SPS: 3156  ev=0.665  ent=0.415  grad=0.59/0.50  h=0.1 c=1.2  kl=0.0515  vl=0.1700
Step: 11431936 SPS: 3156  ev=0.605  ent=0.394  grad=0.85/0.50  h=0.1 c=0.7  kl=0.0445  vl=0.1365
Step: 11436032 SPS: 3156  ev=0.657  ent=0.424  grad=0.36/0.36  h=0.1 c=0.9  kl=0.0206  vl=0.1700
Step: 11440128 SPS: 3156  ev=0.642  ent=0.385  grad=0.35/0.35  h=0.2 c=1.0  kl=0.0317  vl=0.1686
Step: 11444224 SPS: 3156  ev=0.630  ent=0.377  grad=0.58/0.50  h=0.1 c=0.7  kl=0.0279  vl=0.1281
Step: 11448320 SPS: 3156  ev=0.630  ent=0.382  grad=0.58/0.50  h=0.2 c=0.7  kl=0.0615  vl=0.1443
Step: 11452416 SPS: 3156  ev=0.661  ent=0.404  grad=0.38/0.38  h=0.1 c=0.7  kl=0.0712  vl=0.1562
Step: 11456512 SPS: 3156  ev=0.635  ent=0.412  grad=0.60/0.50  h=0.1 c=0.8  kl=0.0357  vl=0.1262
Step: 11460608 SPS: 3155  ev=0.652  ent=0.411  grad=0.41/0.41  h=0.2 c=0.5  kl=0.0522  vl=0.0985
Step: 11464704 SPS: 3155  ev=0.678  ent=0.392  grad=0.34/0.34  h=0.1 c=0.5  kl=0.0791  vl=0.1395
  vs Heur:   40W/59L/2D | score=14.8±30.5 inv=2.0 played=10.9 lanes=2.7 ddraw=2.1 pts=15
  vs Random: 104W/0L/0D | score=24.9±28.8 inv=1.9 played=11.9 lanes=2.7 ddraw=0.5 pts=25
  Self-play: 49W/54L/2D | score=15.0±23.4 inv=1.5 played=10.6 lanes=2.6 ddraw=0.7 pts=15
Step: 11468800 SPS: 3155  ev=0.686  ent=0.425  grad=0.54/0.50  h=0.1 c=0.4  kl=0.0781  vl=0.1933
Step: 11472896 SPS: 3156  ev=0.659  ent=0.418  grad=0.43/0.43  h=0.1 c=0.6  kl=0.0654  vl=0.1593
Step: 11476992 SPS: 3156  ev=0.685  ent=0.388  grad=0.67/0.50  h=0.1 c=0.3  kl=0.0672  vl=0.1459
Step: 11481088 SPS: 3156  ev=0.681  ent=0.414  grad=0.36/0.36  h=0.2 c=0.7  kl=0.0376  vl=0.1815
Step: 11485184 SPS: 3156  ev=0.692  ent=0.380  grad=0.43/0.43  h=0.2 c=0.8  kl=0.0863  vl=0.1893
Step: 11489280 SPS: 3156  ev=0.650  ent=0.424  grad=0.39/0.39  h=0.1 c=0.4  kl=0.0491  vl=0.2252
Step: 11493376 SPS: 3156  ev=0.688  ent=0.385  grad=0.69/0.50  h=0.1 c=0.7  kl=0.0381  vl=0.1989
Step: 11497472 SPS: 3156  ev=0.681  ent=0.361  grad=0.38/0.38  h=0.1 c=0.4  kl=0.0351  vl=0.1503
Step: 11501568 SPS: 3156  ev=0.677  ent=0.414  grad=0.72/0.50  h=0.1 c=0.6  kl=0.0316  vl=0.1516
Step: 11505664 SPS: 3156  ev=0.680  ent=0.400  grad=0.77/0.50  h=0.1 c=0.6  kl=0.0420  vl=0.1841
Step: 11509760 SPS: 3156  ev=0.682  ent=0.400  grad=0.31/0.31  h=0.2 c=0.8  kl=0.0479  vl=0.1345
Step: 11513856 SPS: 3156  ev=0.683  ent=0.359  grad=1.37/0.50  h=0.1 c=0.7  kl=0.0606  vl=0.2244
Step: 11517952 SPS: 3156  ev=0.711  ent=0.380  grad=0.39/0.39  h=0.1 c=0.6  kl=0.0241  vl=0.1428
Step: 11522048 SPS: 3156  ev=0.649  ent=0.386  grad=0.29/0.29  h=0.1 c=0.3  kl=0.0267  vl=0.1636
Step: 11526144 SPS: 3156  ev=0.657  ent=0.388  grad=0.36/0.36  h=0.1 c=0.4  kl=0.0353  vl=0.1244
Step: 11530240 SPS: 3156  ev=0.651  ent=0.437  grad=1.24/0.50  h=0.1 c=0.4  kl=0.0488  vl=0.1323
Step: 11534336 SPS: 3156  ev=0.679  ent=0.375  grad=0.54/0.50  h=0.1 c=0.5  kl=0.0267  vl=0.1171
Step: 11538432 SPS: 3156  ev=0.663  ent=0.407  grad=0.41/0.41  h=0.1 c=0.6  kl=0.0433  vl=0.1569
Step: 11542528 SPS: 3156  ev=0.696  ent=0.403  grad=0.37/0.37  h=0.1 c=0.7  kl=0.0435  vl=0.1690
Step: 11546624 SPS: 3156  ev=0.709  ent=0.388  grad=0.34/0.34  h=0.2 c=0.6  kl=0.0405  vl=0.1543
  vs Heur:   44W/59L/0D | score=15.0±27.7 inv=1.7 played=10.3 lanes=2.6 ddraw=1.7 pts=15
  vs Random: 99W/1L/0D | score=17.2±23.3 inv=1.6 played=11.1 lanes=2.7 ddraw=0.4 pts=17
  Self-play: 52W/53L/1D | score=10.9±21.3 inv=1.4 played=10.2 lanes=2.5 ddraw=0.6 pts=11
Step: 11550720 SPS: 3155  ev=0.680  ent=0.421  grad=0.29/0.29  h=0.2 c=0.9  kl=0.0724  vl=0.1532
Step: 11554816 SPS: 3155  ev=0.652  ent=0.382  grad=0.28/0.28  h=0.1 c=0.6  kl=0.0414  vl=0.1835
Step: 11558912 SPS: 3156  ev=0.663  ent=0.403  grad=0.45/0.45  h=0.1 c=0.6  kl=0.0482  vl=0.1839
Step: 11563008 SPS: 3156  ev=0.626  ent=0.419  grad=0.40/0.40  h=0.2 c=0.5  kl=0.0375  vl=0.1536
Step: 11567104 SPS: 3156  ev=0.691  ent=0.405  grad=0.78/0.50  h=0.2 c=0.9  kl=0.0515  vl=0.1740
Step: 11571200 SPS: 3156  ev=0.668  ent=0.389  grad=0.65/0.50  h=0.1 c=0.6  kl=0.0533  vl=0.1265
Step: 11575296 SPS: 3156  ev=0.618  ent=0.420  grad=0.45/0.45  h=0.1 c=0.8  kl=0.0367  vl=0.1284
Step: 11579392 SPS: 3156  ev=0.673  ent=0.423  grad=0.42/0.42  h=0.1 c=0.4  kl=0.0708  vl=0.1533
Step: 11583488 SPS: 3156  ev=0.652  ent=0.374  grad=0.38/0.38  h=0.1 c=0.7  kl=0.0457  vl=0.1389
Step: 11587584 SPS: 3156  ev=0.677  ent=0.393  grad=0.34/0.34  h=0.1 c=0.6  kl=0.0378  vl=0.1728
Step: 11591680 SPS: 3155  ev=0.590  ent=0.371  grad=1.24/0.50  h=0.1 c=0.7  kl=0.0491  vl=0.1682
Step: 11595776 SPS: 3155  ev=0.667  ent=0.361  grad=1.45/0.50  h=0.2 c=0.8  kl=0.0298  vl=0.1941
Step: 11599872 SPS: 3155  ev=0.666  ent=0.377  grad=0.32/0.32  h=0.2 c=0.6  kl=0.0246  vl=0.1951
Step: 11603968 SPS: 3155  ev=0.631  ent=0.375  grad=0.71/0.50  h=0.1 c=0.7  kl=0.0368  vl=0.1536
Step: 11608064 SPS: 3155  ev=0.653  ent=0.388  grad=0.51/0.50  h=0.1 c=0.7  kl=0.0512  vl=0.1788
Step: 11612160 SPS: 3155  ev=0.690  ent=0.382  grad=0.51/0.50  h=0.2 c=1.0  kl=0.0443  vl=0.1204
Step: 11616256 SPS: 3155  ev=0.648  ent=0.384  grad=0.75/0.50  h=0.2 c=0.8  kl=0.0294  vl=0.1443
Step: 11620352 SPS: 3155  ev=0.656  ent=0.395  grad=0.47/0.47  h=0.2 c=1.0  kl=0.0399  vl=0.1317
Step: 11624448 SPS: 3155  ev=0.609  ent=0.345  grad=0.86/0.50  h=0.2 c=0.9  kl=0.0329  vl=0.1624
Step: 11628544 SPS: 3155  ev=0.689  ent=0.405  grad=0.36/0.36  h=0.2 c=0.5  kl=0.0310  vl=0.1563
  vs Heur:   55W/46L/2D | score=20.0±27.2 inv=2.2 played=11.5 lanes=2.7 ddraw=1.5 pts=20
  vs Random: 106W/1L/0D | score=18.0±21.6 inv=1.8 played=11.0 lanes=2.6 ddraw=0.4 pts=18
  Self-play: 50W/50L/1D | score=13.6±23.4 inv=1.6 played=10.5 lanes=2.5 ddraw=0.5 pts=14
Step: 11632640 SPS: 3155  ev=0.628  ent=0.364  grad=0.39/0.39  h=0.2 c=0.9  kl=0.0338  vl=0.1768
Step: 11636736 SPS: 3156  ev=0.676  ent=0.361  grad=0.58/0.50  h=0.2 c=0.9  kl=0.0443  vl=0.1429
Step: 11640832 SPS: 3155  ev=0.657  ent=0.387  grad=0.36/0.36  h=0.1 c=0.4  kl=0.0322  vl=0.1355
Step: 11644928 SPS: 3155  ev=0.646  ent=0.382  grad=0.44/0.44  h=0.1 c=0.5  kl=0.0401  vl=0.1694
Step: 11649024 SPS: 3155  ev=0.675  ent=0.385  grad=0.52/0.50  h=0.1 c=0.6  kl=0.0465  vl=0.1210
Step: 11653120 SPS: 3155  ev=0.657  ent=0.367  grad=0.74/0.50  h=0.2 c=1.1  kl=0.0253  vl=0.1553
Step: 11657216 SPS: 3155  ev=0.656  ent=0.375  grad=0.82/0.50  h=0.1 c=0.7  kl=0.0887  vl=0.1766
Step: 11661312 SPS: 3155  ev=0.626  ent=0.366  grad=0.82/0.50  h=0.1 c=0.8  kl=0.0385  vl=0.2500
Step: 11665408 SPS: 3156  ev=0.702  ent=0.373  grad=0.37/0.37  h=0.2 c=1.0  kl=0.0268  vl=0.1092
Step: 11669504 SPS: 3156  ev=0.656  ent=0.392  grad=0.33/0.33  h=0.1 c=0.6  kl=0.0404  vl=0.2201
Step: 11673600 SPS: 3155  ev=0.640  ent=0.389  grad=0.53/0.50  h=0.2 c=1.0  kl=0.0517  vl=0.1476
Step: 11677696 SPS: 3155  ev=0.670  ent=0.387  grad=0.56/0.50  h=0.1 c=0.8  kl=0.0661  vl=0.1657
Step: 11681792 SPS: 3155  ev=0.658  ent=0.429  grad=0.33/0.33  h=0.1 c=0.7  kl=0.0281  vl=0.1417
Step: 11685888 SPS: 3155  ev=0.665  ent=0.421  grad=0.73/0.50  h=0.2 c=0.6  kl=0.0524  vl=0.1429
Step: 11689984 SPS: 3155  ev=0.639  ent=0.409  grad=0.66/0.50  h=0.1 c=0.5  kl=0.0487  vl=0.1542
Step: 11694080 SPS: 3156  ev=0.617  ent=0.386  grad=0.80/0.50  h=0.1 c=0.7  kl=0.0338  vl=0.1860
Step: 11698176 SPS: 3156  ev=0.662  ent=0.392  grad=1.04/0.50  h=0.1 c=0.8  kl=0.0397  vl=0.1392
Step: 11702272 SPS: 3156  ev=0.648  ent=0.402  grad=0.55/0.50  h=0.1 c=0.4  kl=0.0415  vl=0.1288
Step: 11706368 SPS: 3156  ev=0.659  ent=0.409  grad=0.35/0.35  h=0.1 c=0.8  kl=0.0309  vl=0.2179
Step: 11710464 SPS: 3156  ev=0.644  ent=0.361  grad=0.34/0.34  h=0.1 c=0.2  kl=0.0448  vl=0.1706
  vs Heur:   60W/41L/2D | score=23.3±29.2 inv=2.0 played=11.3 lanes=2.7 ddraw=1.6 pts=23
  vs Random: 106W/0L/0D | score=16.2±24.3 inv=1.5 played=10.9 lanes=2.6 ddraw=0.4 pts=16
  Self-play: 49W/59L/1D | score=12.2±23.3 inv=1.3 played=9.9 lanes=2.5 ddraw=0.4 pts=12
Step: 11714560 SPS: 3156  ev=0.656  ent=0.367  grad=0.43/0.43  h=0.1 c=1.0  kl=0.0617  vl=0.1959
Step: 11718656 SPS: 3156  ev=0.651  ent=0.345  grad=0.39/0.39  h=0.1 c=0.7  kl=0.0305  vl=0.1292
Step: 11722752 SPS: 3156  ev=0.654  ent=0.403  grad=0.49/0.49  h=0.1 c=0.9  kl=0.0759  vl=0.1607
Step: 11726848 SPS: 3156  ev=0.606  ent=0.367  grad=0.68/0.50  h=0.2 c=0.6  kl=0.0414  vl=0.2076
Step: 11730944 SPS: 3156  ev=0.596  ent=0.377  grad=0.49/0.49  h=0.1 c=0.6  kl=0.0287  vl=0.1358
Step: 11735040 SPS: 3156  ev=0.645  ent=0.399  grad=0.66/0.50  h=0.1 c=0.5  kl=0.0395  vl=0.1395
Step: 11739136 SPS: 3156  ev=0.643  ent=0.368  grad=0.89/0.50  h=0.1 c=0.6  kl=0.0219  vl=0.1540
Step: 11743232 SPS: 3156  ev=0.680  ent=0.377  grad=0.69/0.50  h=0.2 c=0.6  kl=0.0533  vl=0.1243
Step: 11747328 SPS: 3156  ev=0.670  ent=0.339  grad=1.35/0.50  h=0.1 c=0.7  kl=0.0205  vl=0.1942
Step: 11751424 SPS: 3156  ev=0.661  ent=0.371  grad=0.46/0.46  h=0.1 c=0.4  kl=0.0608  vl=0.1493
Step: 11755520 SPS: 3156  ev=0.667  ent=0.397  grad=0.60/0.50  h=0.2 c=0.6  kl=0.0504  vl=0.1959
Step: 11759616 SPS: 3156  ev=0.655  ent=0.382  grad=0.39/0.39  h=0.2 c=0.7  kl=0.0424  vl=0.1613
Step: 11763712 SPS: 3156  ev=0.671  ent=0.362  grad=0.56/0.50  h=0.1 c=0.4  kl=0.0302  vl=0.2105
Step: 11767808 SPS: 3156  ev=0.665  ent=0.364  grad=0.50/0.50  h=0.2 c=0.5  kl=0.0467  vl=0.1674
Step: 11771904 SPS: 3156  ev=0.620  ent=0.370  grad=0.72/0.50  h=0.1 c=0.4  kl=0.0358  vl=0.1611
Step: 11776000 SPS: 3156  ev=0.623  ent=0.379  grad=0.34/0.34  h=0.1 c=0.4  kl=0.0418  vl=0.1416
Step: 11780096 SPS: 3156  ev=0.628  ent=0.334  grad=1.21/0.50  h=0.1 c=0.7  kl=0.0428  vl=0.1995
Step: 11784192 SPS: 3156  ev=0.675  ent=0.344  grad=0.69/0.50  h=0.1 c=0.5  kl=0.0358  vl=0.1548
Step: 11788288 SPS: 3156  ev=0.666  ent=0.339  grad=0.55/0.50  h=0.1 c=0.3  kl=0.0353  vl=0.1373
Step: 11792384 SPS: 3156  ev=0.646  ent=0.353  grad=0.64/0.50  h=0.0 c=0.2  kl=0.0753  vl=0.1641
  vs Heur:   62W/39L/2D | score=23.8±28.3 inv=1.8 played=11.1 lanes=2.6 ddraw=1.6 pts=24
  vs Random: 105W/1L/0D | score=18.4±21.5 inv=1.4 played=10.6 lanes=2.5 ddraw=0.3 pts=18
  Self-play: 38W/60L/2D | score=9.5±19.5 inv=1.4 played=10.2 lanes=2.6 ddraw=0.4 pts=10
Step: 11796480 SPS: 3156  ev=0.655  ent=0.396  grad=0.71/0.50  h=0.1 c=0.4  kl=0.0321  vl=0.1667
Step: 11800576 SPS: 3156  ev=0.669  ent=0.346  grad=0.49/0.49  h=0.1 c=0.4  kl=0.0190  vl=0.1893
Step: 11804672 SPS: 3156  ev=0.662  ent=0.380  grad=0.41/0.41  h=0.1 c=0.4  kl=0.0435  vl=0.2035
Step: 11808768 SPS: 3156  ev=0.650  ent=0.366  grad=0.48/0.48  h=0.0 c=0.5  kl=0.0497  vl=0.1748
Step: 11812864 SPS: 3156  ev=0.634  ent=0.385  grad=1.09/0.50  h=0.1 c=0.2  kl=0.0390  vl=0.1253
Step: 11816960 SPS: 3156  ev=0.604  ent=0.395  grad=0.66/0.50  h=0.0 c=0.2  kl=0.0325  vl=0.1518
Step: 11821056 SPS: 3156  ev=0.648  ent=0.356  grad=0.44/0.44  h=0.0 c=0.6  kl=0.0417  vl=0.1299
Step: 11825152 SPS: 3156  ev=0.632  ent=0.385  grad=0.74/0.50  h=0.1 c=0.2  kl=0.0429  vl=0.1299
Step: 11829248 SPS: 3156  ev=0.623  ent=0.361  grad=0.29/0.29  h=0.1 c=0.4  kl=0.0512  vl=0.1899
Step: 11833344 SPS: 3156  ev=0.651  ent=0.391  grad=0.40/0.40  h=0.1 c=0.3  kl=0.0254  vl=0.1964
Step: 11837440 SPS: 3156  ev=0.644  ent=0.362  grad=0.46/0.46  h=0.1 c=0.2  kl=0.0455  vl=0.2163
Step: 11841536 SPS: 3156  ev=0.664  ent=0.395  grad=0.39/0.39  h=0.1 c=0.5  kl=0.0521  vl=0.1624
Step: 11845632 SPS: 3156  ev=0.624  ent=0.363  grad=0.29/0.29  h=0.1 c=0.4  kl=0.0367  vl=0.1731
Step: 11849728 SPS: 3156  ev=0.672  ent=0.380  grad=0.45/0.45  h=0.0 c=0.3  kl=0.0438  vl=0.1377
Step: 11853824 SPS: 3156  ev=0.682  ent=0.377  grad=0.47/0.47  h=0.2 c=0.7  kl=0.0387  vl=0.1299
Step: 11857920 SPS: 3156  ev=0.651  ent=0.374  grad=0.35/0.35  h=0.1 c=0.4  kl=0.0390  vl=0.1514
Step: 11862016 SPS: 3156  ev=0.655  ent=0.338  grad=0.42/0.42  h=0.1 c=0.3  kl=0.0647  vl=0.1609
Step: 11866112 SPS: 3156  ev=0.687  ent=0.338  grad=0.48/0.48  h=0.1 c=0.2  kl=0.0340  vl=0.1309
Step: 11870208 SPS: 3156  ev=0.710  ent=0.381  grad=0.49/0.49  h=0.0 c=0.2  kl=0.0246  vl=0.1379
Step: 11874304 SPS: 3156  ev=0.654  ent=0.345  grad=0.42/0.42  h=0.1 c=0.4  kl=0.0286  vl=0.1586
  vs Heur:   59W/41L/1D | score=26.0±26.6 inv=1.9 played=11.6 lanes=2.6 ddraw=1.5 pts=26
  vs Random: 105W/0L/0D | score=21.2±22.7 inv=1.7 played=11.5 lanes=2.7 ddraw=0.4 pts=21
  Self-play: 50W/53L/5D | score=12.0±18.8 inv=1.5 played=10.3 lanes=2.5 ddraw=0.6 pts=12
Step: 11878400 SPS: 3156  ev=0.666  ent=0.365  grad=0.37/0.37  h=0.1 c=0.4  kl=0.0403  vl=0.1193
Step: 11882496 SPS: 3156  ev=0.625  ent=0.341  grad=0.50/0.50  h=0.1 c=0.5  kl=0.0460  vl=0.1560
Step: 11886592 SPS: 3156  ev=0.630  ent=0.349  grad=0.48/0.48  h=0.1 c=0.4  kl=0.0343  vl=0.1859
Step: 11890688 SPS: 3156  ev=0.639  ent=0.364  grad=0.49/0.49  h=0.1 c=0.4  kl=0.0696  vl=0.1361
Step: 11894784 SPS: 3156  ev=0.669  ent=0.376  grad=0.36/0.36  h=0.1 c=0.1  kl=0.0290  vl=0.1221
Step: 11898880 SPS: 3156  ev=0.638  ent=0.381  grad=0.64/0.50  h=0.1 c=0.3  kl=0.0380  vl=0.1577
Step: 11902976 SPS: 3156  ev=0.658  ent=0.364  grad=0.33/0.33  h=0.1 c=0.1  kl=0.0397  vl=0.1342
Step: 11907072 SPS: 3156  ev=0.655  ent=0.369  grad=0.34/0.34  h=0.1 c=0.5  kl=0.0410  vl=0.1395
Step: 11911168 SPS: 3156  ev=0.675  ent=0.372  grad=0.47/0.47  h=0.1 c=0.6  kl=0.0374  vl=0.1349
Step: 11915264 SPS: 3156  ev=0.601  ent=0.384  grad=0.45/0.45  h=0.0 c=0.3  kl=0.0627  vl=0.1558
Step: 11919360 SPS: 3156  ev=0.641  ent=0.378  grad=0.42/0.42  h=0.1 c=0.4  kl=0.0444  vl=0.1426
Step: 11923456 SPS: 3156  ev=0.655  ent=0.401  grad=0.51/0.50  h=0.0 c=0.5  kl=0.0441  vl=0.1229
Step: 11927552 SPS: 3156  ev=0.660  ent=0.359  grad=0.36/0.36  h=0.1 c=0.2  kl=0.0216  vl=0.1699
Step: 11931648 SPS: 3156  ev=0.642  ent=0.413  grad=0.28/0.28  h=0.0 c=0.1  kl=0.0348  vl=0.1158
Step: 11935744 SPS: 3156  ev=0.630  ent=0.398  grad=0.42/0.42  h=0.0 c=0.3  kl=0.0403  vl=0.2026
Step: 11939840 SPS: 3156  ev=0.638  ent=0.405  grad=0.87/0.50  h=0.1 c=0.3  kl=0.0414  vl=0.1396
Step: 11943936 SPS: 3156  ev=0.680  ent=0.342  grad=0.40/0.40  h=0.1 c=0.3  kl=0.0474  vl=0.1719
Step: 11948032 SPS: 3156  ev=0.649  ent=0.365  grad=0.38/0.38  h=0.0 c=0.1  kl=0.0498  vl=0.1457
Step: 11952128 SPS: 3156  ev=0.609  ent=0.387  grad=1.06/0.50  h=0.1 c=0.2  kl=0.0467  vl=0.1653
Step: 11956224 SPS: 3156  ev=0.659  ent=0.361  grad=1.04/0.50  h=0.1 c=0.3  kl=0.0278  vl=0.1826
  vs Heur:   54W/44L/2D | score=24.3±29.4 inv=2.0 played=11.7 lanes=2.7 ddraw=2.0 pts=24
  vs Random: 105W/0L/0D | score=21.5±24.9 inv=1.8 played=11.5 lanes=2.7 ddraw=0.4 pts=22
  Self-play: 53W/44L/4D | score=15.2±18.1 inv=1.6 played=10.1 lanes=2.5 ddraw=0.5 pts=15
Step: 11960320 SPS: 3156  ev=0.643  ent=0.360  grad=0.59/0.50  h=0.0 c=0.2  kl=0.0240  vl=0.1705
Step: 11964416 SPS: 3156  ev=0.666  ent=0.389  grad=1.01/0.50  h=0.1 c=0.1  kl=0.0433  vl=0.1334
Step: 11968512 SPS: 3156  ev=0.667  ent=0.384  grad=0.47/0.47  h=0.0 c=0.1  kl=0.0348  vl=0.2125
Step: 11972608 SPS: 3156  ev=0.655  ent=0.368  grad=0.40/0.40  h=0.0 c=0.2  kl=0.0404  vl=0.1618
Step: 11976704 SPS: 3156  ev=0.627  ent=0.359  grad=0.73/0.50  h=0.0 c=0.0  kl=0.0381  vl=0.1731
Step: 11980800 SPS: 3156  ev=0.649  ent=0.379  grad=0.60/0.50  h=0.0 c=0.2  kl=0.0328  vl=0.1974
Step: 11984896 SPS: 3156  ev=0.631  ent=0.377  grad=0.35/0.35  h=0.0 c=0.1  kl=0.0813  vl=0.1686
Step: 11988992 SPS: 3156  ev=0.641  ent=0.385  grad=0.40/0.40  h=0.1 c=0.4  kl=0.0268  vl=0.1359
Step: 11993088 SPS: 3156  ev=0.679  ent=0.401  grad=0.85/0.50  h=0.1 c=0.4  kl=0.0324  vl=0.1689
Step: 11997184 SPS: 3156  ev=0.627  ent=0.378  grad=0.98/0.50  h=0.0 c=0.1  kl=0.0298  vl=0.2076
Step: 12001280 SPS: 3156  ev=0.677  ent=0.389  grad=0.36/0.36  h=0.0 c=0.2  kl=0.0480  vl=0.1908
Step: 12005376 SPS: 3156  ev=0.609  ent=0.356  grad=0.97/0.50  h=0.0 c=0.2  kl=0.0378  vl=0.1462
Step: 12009472 SPS: 3156  ev=0.644  ent=0.388  grad=0.38/0.38  h=0.0 c=0.2  kl=0.0321  vl=0.1474
Step: 12013568 SPS: 3156  ev=0.632  ent=0.365  grad=0.36/0.36  h=0.0 c=0.2  kl=0.0460  vl=0.2037
Step: 12017664 SPS: 3156  ev=0.646  ent=0.365  grad=0.34/0.34  h=0.1 c=0.3  kl=0.0284  vl=0.1770
Step: 12021760 SPS: 3156  ev=0.640  ent=0.338  grad=0.89/0.50  h=0.0 c=0.5  kl=0.0552  vl=0.1848
Step: 12025856 SPS: 3156  ev=0.645  ent=0.370  grad=0.58/0.50  h=0.1 c=0.3  kl=0.0366  vl=0.1428
Step: 12029952 SPS: 3156  ev=0.647  ent=0.366  grad=1.00/0.50  h=0.1 c=0.3  kl=0.0435  vl=0.1763
Step: 12034048 SPS: 3156  ev=0.631  ent=0.375  grad=0.61/0.50  h=0.0 c=0.3  kl=0.0939  vl=0.1662
Step: 12038144 SPS: 3156  ev=0.667  ent=0.373  grad=0.41/0.41  h=0.1 c=0.4  kl=0.0448  vl=0.1606
  vs Heur:   58W/45L/2D | score=22.7±31.0 inv=1.9 played=11.4 lanes=2.7 ddraw=1.9 pts=23
  vs Random: 108W/0L/0D | score=21.4±24.6 inv=1.7 played=11.8 lanes=2.8 ddraw=0.4 pts=21
  Self-play: 55W/45L/2D | score=15.8±20.0 inv=1.5 played=11.0 lanes=2.7 ddraw=0.8 pts=16
Step: 12042240 SPS: 3156  ev=0.665  ent=0.356  grad=0.34/0.34  h=0.1 c=0.4  kl=0.0688  vl=0.1873
Step: 12046336 SPS: 3156  ev=0.658  ent=0.349  grad=0.65/0.50  h=0.1 c=0.6  kl=0.0371  vl=0.1610
Step: 12050432 SPS: 3156  ev=0.653  ent=0.360  grad=0.64/0.50  h=0.1 c=0.4  kl=0.0293  vl=0.2028
Step: 12054528 SPS: 3156  ev=0.647  ent=0.336  grad=0.78/0.50  h=0.1 c=0.3  kl=0.0427  vl=0.1794
Step: 12058624 SPS: 3156  ev=0.676  ent=0.364  grad=0.53/0.50  h=0.1 c=0.5  kl=0.0392  vl=0.1197
Step: 12062720 SPS: 3156  ev=0.649  ent=0.358  grad=0.50/0.50  h=0.0 c=0.2  kl=0.0356  vl=0.1843
Step: 12066816 SPS: 3156  ev=0.668  ent=0.380  grad=0.47/0.47  h=0.1 c=0.3  kl=0.0484  vl=0.1457
Step: 12070912 SPS: 3156  ev=0.640  ent=0.419  grad=0.25/0.25  h=0.0 c=0.5  kl=0.0456  vl=0.2434
Step: 12075008 SPS: 3156  ev=0.682  ent=0.391  grad=0.46/0.46  h=0.0 c=0.4  kl=0.0421  vl=0.1704
Step: 12079104 SPS: 3156  ev=0.623  ent=0.379  grad=0.80/0.50  h=0.1 c=0.4  kl=0.0520  vl=0.1902
Step: 12083200 SPS: 3156  ev=0.612  ent=0.368  grad=1.02/0.50  h=0.0 c=0.3  kl=0.0500  vl=0.1807
Step: 12087296 SPS: 3156  ev=0.676  ent=0.356  grad=0.87/0.50  h=0.0 c=0.5  kl=0.0396  vl=0.1963
Step: 12091392 SPS: 3156  ev=0.574  ent=0.392  grad=0.67/0.50  h=0.1 c=0.4  kl=0.0784  vl=0.1567
Step: 12095488 SPS: 3156  ev=0.635  ent=0.399  grad=0.99/0.50  h=0.1 c=0.6  kl=0.0650  vl=0.1614
Step: 12099584 SPS: 3156  ev=0.610  ent=0.384  grad=0.69/0.50  h=0.0 c=0.2  kl=0.0418  vl=0.1500
Step: 12103680 SPS: 3156  ev=0.659  ent=0.371  grad=0.35/0.35  h=0.1 c=0.2  kl=0.0319  vl=0.1358
Step: 12107776 SPS: 3156  ev=0.662  ent=0.356  grad=0.64/0.50  h=0.1 c=0.5  kl=0.0565  vl=0.1299
Step: 12111872 SPS: 3156  ev=0.610  ent=0.378  grad=0.52/0.50  h=0.1 c=0.5  kl=0.0395  vl=0.1516
Step: 12115968 SPS: 3156  ev=0.622  ent=0.366  grad=1.50/0.50  h=0.0 c=0.6  kl=0.0210  vl=0.1779
Step: 12120064 SPS: 3156  ev=0.614  ent=0.366  grad=0.35/0.35  h=0.1 c=0.8  kl=0.0201  vl=0.1464
  vs Heur:   52W/48L/0D | score=25.6±34.5 inv=2.0 played=11.6 lanes=2.8 ddraw=1.9 pts=26
  vs Random: 110W/0L/0D | score=22.8±24.0 inv=1.6 played=11.3 lanes=2.7 ddraw=0.5 pts=23
  Self-play: 48W/54L/0D | score=11.6±21.2 inv=1.3 played=10.2 lanes=2.6 ddraw=0.8 pts=12
Step: 12124160 SPS: 3156  ev=0.646  ent=0.399  grad=0.34/0.34  h=0.1 c=0.8  kl=0.0483  vl=0.1191
Step: 12128256 SPS: 3156  ev=0.659  ent=0.386  grad=0.39/0.39  h=0.1 c=0.6  kl=0.0809  vl=0.1152
Step: 12132352 SPS: 3156  ev=0.662  ent=0.356  grad=0.36/0.36  h=0.1 c=0.2  kl=0.0530  vl=0.1375
Step: 12136448 SPS: 3156  ev=0.665  ent=0.369  grad=1.07/0.50  h=0.0 c=0.4  kl=0.0362  vl=0.1454
Step: 12140544 SPS: 3156  ev=0.694  ent=0.356  grad=0.59/0.50  h=0.1 c=0.6  kl=0.0315  vl=0.1583
Step: 12144640 SPS: 3156  ev=0.619  ent=0.393  grad=0.35/0.35  h=0.0 c=0.3  kl=0.9292  vl=0.1854
Step: 12148736 SPS: 3156  ev=0.669  ent=0.410  grad=0.39/0.39  h=0.1 c=0.4  kl=0.0428  vl=0.1453
Step: 12152832 SPS: 3156  ev=0.674  ent=0.407  grad=0.49/0.49  h=0.0 c=0.4  kl=0.0441  vl=0.1742
Step: 12156928 SPS: 3156  ev=0.667  ent=0.381  grad=0.47/0.47  h=0.0 c=0.1  kl=0.0415  vl=0.1527
Step: 12161024 SPS: 3156  ev=0.632  ent=0.386  grad=0.71/0.50  h=0.1 c=0.6  kl=0.0344  vl=0.1765
Step: 12165120 SPS: 3156  ev=0.664  ent=0.386  grad=0.47/0.47  h=0.2 c=0.5  kl=0.0509  vl=0.1271
Step: 12169216 SPS: 3156  ev=0.639  ent=0.397  grad=0.44/0.44  h=0.1 c=0.8  kl=0.0364  vl=0.1606
Step: 12173312 SPS: 3156  ev=0.657  ent=0.388  grad=0.40/0.40  h=0.0 c=0.6  kl=0.0460  vl=0.1272
Step: 12177408 SPS: 3156  ev=0.666  ent=0.402  grad=0.39/0.39  h=0.1 c=0.6  kl=0.0737  vl=0.1058
Step: 12181504 SPS: 3156  ev=0.691  ent=0.425  grad=0.65/0.50  h=0.1 c=0.9  kl=0.0469  vl=0.1164
Step: 12185600 SPS: 3156  ev=0.659  ent=0.412  grad=0.41/0.41  h=0.1 c=0.7  kl=0.0282  vl=0.1129
Step: 12189696 SPS: 3156  ev=0.622  ent=0.407  grad=0.68/0.50  h=0.1 c=0.7  kl=0.0388  vl=0.1024
Step: 12193792 SPS: 3156  ev=0.689  ent=0.422  grad=0.43/0.43  h=0.1 c=0.6  kl=0.0322  vl=0.1355
Step: 12197888 SPS: 3156  ev=0.662  ent=0.406  grad=0.67/0.50  h=0.1 c=0.7  kl=0.0256  vl=0.1240
Step: 12201984 SPS: 3156  ev=0.623  ent=0.476  grad=0.84/0.50  h=0.1 c=0.5  kl=0.0527  vl=0.1265
  vs Heur:   60W/41L/1D | score=21.8±25.2 inv=1.9 played=11.7 lanes=2.7 ddraw=1.9 pts=22
  vs Random: 107W/0L/0D | score=20.1±21.1 inv=1.7 played=11.3 lanes=2.7 ddraw=0.4 pts=20
  Self-play: 48W/52L/0D | score=13.7±26.2 inv=1.5 played=10.4 lanes=2.6 ddraw=0.9 pts=14
Step: 12206080 SPS: 3156  ev=0.611  ent=0.407  grad=0.58/0.50  h=0.1 c=0.7  kl=0.0319  vl=0.1311
Step: 12210176 SPS: 3156  ev=0.634  ent=0.425  grad=0.38/0.38  h=0.1 c=0.8  kl=0.0403  vl=0.1254
Step: 12214272 SPS: 3156  ev=0.621  ent=0.413  grad=0.36/0.36  h=0.1 c=0.8  kl=0.0433  vl=0.2102
Step: 12218368 SPS: 3156  ev=0.640  ent=0.405  grad=0.40/0.40  h=0.0 c=0.8  kl=0.0361  vl=0.1648
Step: 12222464 SPS: 3156  ev=0.661  ent=0.413  grad=0.39/0.39  h=0.0 c=0.2  kl=0.0355  vl=0.1335
Step: 12226560 SPS: 3156  ev=0.654  ent=0.397  grad=0.56/0.50  h=0.1 c=0.6  kl=0.0668  vl=0.1636
Step: 12230656 SPS: 3156  ev=0.649  ent=0.401  grad=0.36/0.36  h=0.1 c=0.6  kl=0.0531  vl=0.1373
Step: 12234752 SPS: 3156  ev=0.622  ent=0.389  grad=0.31/0.31  h=0.0 c=0.6  kl=0.0751  vl=0.1589
Step: 12238848 SPS: 3156  ev=0.634  ent=0.407  grad=0.35/0.35  h=0.1 c=0.6  kl=0.0410  vl=0.1684
Step: 12242944 SPS: 3156  ev=0.641  ent=0.416  grad=0.47/0.47  h=0.1 c=0.6  kl=0.0354  vl=0.1274
Step: 12247040 SPS: 3156  ev=0.614  ent=0.372  grad=0.62/0.50  h=0.0 c=0.4  kl=0.0261  vl=0.1195
Step: 12251136 SPS: 3156  ev=0.618  ent=0.405  grad=0.96/0.50  h=0.0 c=0.3  kl=0.0478  vl=0.1274
Step: 12255232 SPS: 3156  ev=0.630  ent=0.387  grad=0.50/0.50  h=0.1 c=0.4  kl=0.0267  vl=0.1607
Step: 12259328 SPS: 3156  ev=0.633  ent=0.404  grad=0.50/0.50  h=0.1 c=0.4  kl=0.0583  vl=0.1481
Step: 12263424 SPS: 3156  ev=0.624  ent=0.395  grad=0.43/0.43  h=0.0 c=0.3  kl=0.0357  vl=0.1542
Step: 12267520 SPS: 3156  ev=0.635  ent=0.384  grad=0.43/0.43  h=0.0 c=0.2  kl=0.0332  vl=0.1277
Step: 12271616 SPS: 3156  ev=0.661  ent=0.424  grad=0.56/0.50  h=0.0 c=0.2  kl=0.0391  vl=0.1483
Step: 12275712 SPS: 3156  ev=0.696  ent=0.390  grad=0.57/0.50  h=0.1 c=0.6  kl=0.0406  vl=0.1323
Step: 12279808 SPS: 3156  ev=0.654  ent=0.419  grad=0.37/0.37  h=0.1 c=0.3  kl=0.0342  vl=0.1515
Step: 12283904 SPS: 3156  ev=0.688  ent=0.432  grad=0.79/0.50  h=0.0 c=0.1  kl=0.0184  vl=0.1263
  vs Heur:   57W/44L/0D | score=20.4±28.8 inv=1.9 played=11.3 lanes=2.7 ddraw=2.3 pts=20
  vs Random: 110W/0L/0D | score=25.3±26.0 inv=1.7 played=12.2 lanes=2.8 ddraw=0.5 pts=25
  Self-play: 44W/57L/1D | score=12.3±20.1 inv=1.7 played=10.8 lanes=2.7 ddraw=1.0 pts=12
Step: 12288000 SPS: 3156  ev=0.658  ent=0.434  grad=0.38/0.38  h=0.1 c=0.1  kl=0.0416  vl=0.1717
Step: 12292096 SPS: 3156  ev=0.643  ent=0.399  grad=0.68/0.50  h=0.0 c=0.5  kl=0.0330  vl=0.1386
Step: 12296192 SPS: 3156  ev=0.646  ent=0.412  grad=0.38/0.38  h=0.1 c=0.6  kl=0.0491  vl=0.1291
Step: 12300288 SPS: 3156  ev=0.656  ent=0.419  grad=0.44/0.44  h=0.0 c=0.4  kl=0.0385  vl=0.1677
Step: 12304384 SPS: 3156  ev=0.680  ent=0.423  grad=0.40/0.40  h=0.0 c=0.7  kl=0.0299  vl=0.1781
Step: 12308480 SPS: 3156  ev=0.665  ent=0.426  grad=0.41/0.41  h=0.1 c=0.4  kl=0.0392  vl=0.1690
Step: 12312576 SPS: 3156  ev=0.658  ent=0.409  grad=0.64/0.50  h=0.1 c=0.5  kl=0.0936  vl=0.1846
Step: 12316672 SPS: 3156  ev=0.607  ent=0.387  grad=0.36/0.36  h=0.1 c=0.5  kl=0.0518  vl=0.1505
Step: 12320768 SPS: 3156  ev=0.672  ent=0.416  grad=0.86/0.50  h=0.1 c=0.6  kl=0.0565  vl=0.1303
Step: 12324864 SPS: 3156  ev=0.634  ent=0.432  grad=0.95/0.50  h=0.0 c=0.2  kl=0.0276  vl=0.1733
Step: 12328960 SPS: 3156  ev=0.636  ent=0.419  grad=0.45/0.45  h=0.0 c=0.3  kl=0.0306  vl=0.2215
Step: 12333056 SPS: 3156  ev=0.634  ent=0.410  grad=1.03/0.50  h=0.1 c=0.3  kl=0.0475  vl=0.1627
Step: 12337152 SPS: 3156  ev=0.646  ent=0.397  grad=0.58/0.50  h=0.1 c=0.6  kl=0.0272  vl=0.2013
Step: 12341248 SPS: 3156  ev=0.677  ent=0.405  grad=0.42/0.42  h=0.1 c=0.3  kl=0.0308  vl=0.1670
Step: 12345344 SPS: 3156  ev=0.697  ent=0.444  grad=0.38/0.38  h=0.1 c=0.2  kl=0.0520  vl=0.1491
Step: 12349440 SPS: 3156  ev=0.618  ent=0.398  grad=1.06/0.50  h=0.1 c=0.7  kl=0.0485  vl=0.1899
Step: 12353536 SPS: 3156  ev=0.608  ent=0.420  grad=0.76/0.50  h=0.1 c=0.4  kl=0.0345  vl=0.1223
Step: 12357632 SPS: 3156  ev=0.683  ent=0.413  grad=0.30/0.30  h=0.0 c=0.4  kl=0.0341  vl=0.1019
Step: 12361728 SPS: 3156  ev=0.675  ent=0.411  grad=0.40/0.40  h=0.1 c=0.3  kl=0.0405  vl=0.1332
Step: 12365824 SPS: 3156  ev=0.623  ent=0.408  grad=0.82/0.50  h=0.0 c=0.4  kl=0.0760  vl=0.1422
  vs Heur:   57W/45L/2D | score=23.4±29.4 inv=1.9 played=11.5 lanes=2.7 ddraw=1.9 pts=23
  vs Random: 102W/0L/0D | score=22.4±23.4 inv=1.5 played=11.4 lanes=2.8 ddraw=0.5 pts=22
  Self-play: 54W/47L/2D | score=12.9±19.0 inv=1.3 played=10.8 lanes=2.7 ddraw=0.9 pts=13
Step: 12369920 SPS: 3156  ev=0.676  ent=0.388  grad=0.84/0.50  h=0.1 c=0.3  kl=0.0291  vl=0.1540
Step: 12374016 SPS: 3156  ev=0.652  ent=0.433  grad=0.44/0.44  h=0.1 c=0.2  kl=0.0468  vl=0.1273
Step: 12378112 SPS: 3156  ev=0.658  ent=0.416  grad=0.44/0.44  h=0.0 c=0.1  kl=0.0458  vl=0.1789
Step: 12382208 SPS: 3156  ev=0.700  ent=0.390  grad=0.35/0.35  h=0.0 c=0.2  kl=0.0451  vl=0.1428
Step: 12386304 SPS: 3156  ev=0.675  ent=0.406  grad=1.15/0.50  h=0.0 c=0.3  kl=0.0286  vl=0.1755
Step: 12390400 SPS: 3156  ev=0.642  ent=0.431  grad=0.93/0.50  h=0.1 c=0.6  kl=0.0614  vl=0.1803
Step: 12394496 SPS: 3156  ev=0.619  ent=0.431  grad=0.71/0.50  h=0.0 c=0.2  kl=0.0315  vl=0.1557
Step: 12398592 SPS: 3156  ev=0.609  ent=0.407  grad=0.40/0.40  h=0.1 c=0.4  kl=0.0255  vl=0.1297
Step: 12402688 SPS: 3156  ev=0.663  ent=0.437  grad=1.04/0.50  h=0.1 c=0.3  kl=0.0275  vl=0.1475
Step: 12406784 SPS: 3156  ev=0.641  ent=0.402  grad=0.49/0.49  h=0.0 c=0.6  kl=0.0295  vl=0.1497
Step: 12410880 SPS: 3156  ev=0.646  ent=0.425  grad=0.67/0.50  h=0.1 c=0.3  kl=0.0385  vl=0.1586
Step: 12414976 SPS: 3157  ev=0.623  ent=0.408  grad=0.41/0.41  h=0.1 c=0.2  kl=0.0470  vl=0.1307
Step: 12419072 SPS: 3157  ev=0.634  ent=0.409  grad=0.45/0.45  h=0.0 c=0.3  kl=0.0555  vl=0.1417
Step: 12423168 SPS: 3157  ev=0.658  ent=0.409  grad=0.43/0.43  h=0.0 c=0.3  kl=0.0272  vl=0.1618
Step: 12427264 SPS: 3157  ev=0.661  ent=0.457  grad=0.65/0.50  h=0.0 c=0.3  kl=0.0372  vl=0.1259
Step: 12431360 SPS: 3157  ev=0.617  ent=0.371  grad=1.04/0.50  h=0.1 c=0.3  kl=0.0332  vl=0.1440
Step: 12435456 SPS: 3157  ev=0.638  ent=0.378  grad=0.47/0.47  h=0.1 c=0.1  kl=0.0297  vl=0.1301
Step: 12439552 SPS: 3157  ev=0.546  ent=0.398  grad=0.59/0.50  h=0.1 c=0.3  kl=0.0390  vl=0.1339
Step: 12443648 SPS: 3157  ev=0.666  ent=0.402  grad=0.59/0.50  h=0.1 c=0.3  kl=0.0286  vl=0.1451
Step: 12447744 SPS: 3157  ev=0.599  ent=0.409  grad=0.40/0.40  h=0.1 c=0.9  kl=0.0556  vl=0.1806
  vs Heur:   47W/54L/0D | score=16.3±29.1 inv=2.0 played=10.9 lanes=2.7 ddraw=2.0 pts=16
  vs Random: 103W/0L/0D | score=20.2±23.9 inv=1.8 played=11.8 lanes=2.8 ddraw=0.4 pts=20
  Self-play: 56W/44L/2D | score=12.2±17.2 inv=1.4 played=10.4 lanes=2.6 ddraw=0.5 pts=12
Step: 12451840 SPS: 3157  ev=0.678  ent=0.400  grad=0.84/0.50  h=0.2 c=0.7  kl=0.0376  vl=0.1845
Step: 12455936 SPS: 3157  ev=0.649  ent=0.432  grad=0.48/0.48  h=0.1 c=0.4  kl=0.0478  vl=0.1647
Step: 12460032 SPS: 3157  ev=0.651  ent=0.417  grad=0.46/0.46  h=0.1 c=0.3  kl=0.0345  vl=0.1685
Step: 12464128 SPS: 3157  ev=0.613  ent=0.420  grad=0.68/0.50  h=0.0 c=0.2  kl=0.0531  vl=0.1782
Step: 12468224 SPS: 3157  ev=0.586  ent=0.386  grad=0.89/0.50  h=0.0 c=0.1  kl=0.0446  vl=0.1338
Step: 12472320 SPS: 3157  ev=0.639  ent=0.388  grad=0.66/0.50  h=0.2 c=0.7  kl=0.0548  vl=0.1900
Step: 12476416 SPS: 3157  ev=0.672  ent=0.407  grad=0.87/0.50  h=0.1 c=0.7  kl=0.0333  vl=0.1113
Step: 12480512 SPS: 3157  ev=0.639  ent=0.433  grad=0.55/0.50  h=0.1 c=0.6  kl=0.0506  vl=0.1175
Step: 12484608 SPS: 3157  ev=0.625  ent=0.403  grad=0.44/0.44  h=0.2 c=0.5  kl=0.0385  vl=0.1386
Step: 12488704 SPS: 3157  ev=0.667  ent=0.416  grad=0.35/0.35  h=0.1 c=0.5  kl=0.0361  vl=0.1247
Step: 12492800 SPS: 3157  ev=0.656  ent=0.382  grad=0.48/0.48  h=0.1 c=0.3  kl=0.0275  vl=0.1660
Step: 12496896 SPS: 3157  ev=0.613  ent=0.407  grad=0.40/0.40  h=0.0 c=0.4  kl=0.0676  vl=0.1736
Step: 12500992 SPS: 3157  ev=0.638  ent=0.428  grad=0.83/0.50  h=0.1 c=0.6  kl=0.0239  vl=0.1356
Step: 12505088 SPS: 3157  ev=0.663  ent=0.380  grad=0.72/0.50  h=0.1 c=0.2  kl=0.0568  vl=0.1767
Step: 12509184 SPS: 3157  ev=0.680  ent=0.375  grad=0.35/0.35  h=0.1 c=0.1  kl=0.0228  vl=0.1478
Step: 12513280 SPS: 3157  ev=0.623  ent=0.415  grad=0.64/0.50  h=0.1 c=0.3  kl=0.0372  vl=0.1497
Step: 12517376 SPS: 3157  ev=0.621  ent=0.396  grad=0.50/0.50  h=0.0 c=0.5  kl=0.0538  vl=0.1718
Step: 12521472 SPS: 3157  ev=0.696  ent=0.405  grad=0.54/0.50  h=0.1 c=0.2  kl=0.0538  vl=0.1291
Step: 12525568 SPS: 3157  ev=0.629  ent=0.403  grad=0.56/0.50  h=0.0 c=0.3  kl=0.0453  vl=0.1008
Step: 12529664 SPS: 3157  ev=0.650  ent=0.390  grad=0.42/0.42  h=0.0 c=0.1  kl=0.0366  vl=0.1137
  vs Heur:   53W/47L/0D | score=22.6±29.1 inv=1.8 played=11.5 lanes=2.7 ddraw=1.9 pts=23
  vs Random: 105W/1L/0D | score=20.8±24.7 inv=1.7 played=11.7 lanes=2.8 ddraw=0.4 pts=21
  Self-play: 51W/52L/0D | score=12.3±23.7 inv=1.3 played=10.0 lanes=2.5 ddraw=0.6 pts=12
Step: 12533760 SPS: 3157  ev=0.640  ent=0.420  grad=0.42/0.42  h=0.1 c=0.2  kl=0.0432  vl=0.1142
Step: 12537856 SPS: 3157  ev=0.649  ent=0.403  grad=0.48/0.48  h=0.1 c=0.2  kl=0.0289  vl=0.1400
Step: 12541952 SPS: 3157  ev=0.628  ent=0.398  grad=0.53/0.50  h=0.1 c=0.2  kl=0.0354  vl=0.1703
Step: 12546048 SPS: 3157  ev=0.638  ent=0.410  grad=0.39/0.39  h=0.1 c=0.3  kl=0.0312  vl=0.1305
Step: 12550144 SPS: 3157  ev=0.637  ent=0.385  grad=0.47/0.47  h=0.0 c=0.1  kl=0.0360  vl=0.1394
Step: 12554240 SPS: 3157  ev=0.649  ent=0.393  grad=0.34/0.34  h=0.1 c=0.6  kl=0.0342  vl=0.1123
Step: 12558336 SPS: 3157  ev=0.653  ent=0.411  grad=0.50/0.50  h=0.1 c=0.4  kl=0.0359  vl=0.1148
Step: 12562432 SPS: 3157  ev=0.615  ent=0.402  grad=0.45/0.45  h=0.1 c=0.4  kl=0.0329  vl=0.1252
Step: 12566528 SPS: 3157  ev=0.657  ent=0.400  grad=0.42/0.42  h=0.1 c=0.5  kl=0.0207  vl=0.1246
Step: 12570624 SPS: 3157  ev=0.614  ent=0.422  grad=0.59/0.50  h=0.1 c=0.2  kl=0.0342  vl=0.1802
Step: 12574720 SPS: 3157  ev=0.651  ent=0.393  grad=0.39/0.39  h=0.2 c=1.0  kl=0.0243  vl=0.1415
Step: 12578816 SPS: 3157  ev=0.654  ent=0.399  grad=0.65/0.50  h=0.1 c=0.6  kl=0.0466  vl=0.1407
Step: 12582912 SPS: 3157  ev=0.689  ent=0.389  grad=0.77/0.50  h=0.1 c=0.6  kl=0.0350  vl=0.1054
Step: 12587008 SPS: 3157  ev=0.705  ent=0.407  grad=0.54/0.50  h=0.0 c=0.3  kl=0.0340  vl=0.1053
Step: 12591104 SPS: 3157  ev=0.664  ent=0.394  grad=0.32/0.32  h=0.1 c=0.4  kl=0.0259  vl=0.1366
Step: 12595200 SPS: 3157  ev=0.691  ent=0.395  grad=0.29/0.29  h=0.0 c=0.4  kl=0.0300  vl=0.1338
Step: 12599296 SPS: 3157  ev=0.646  ent=0.389  grad=0.53/0.50  h=0.1 c=0.4  kl=0.0458  vl=0.1860
Step: 12603392 SPS: 3157  ev=0.615  ent=0.408  grad=0.34/0.34  h=0.2 c=0.7  kl=0.0306  vl=0.1478
Step: 12607488 SPS: 3157  ev=0.662  ent=0.410  grad=0.39/0.39  h=0.1 c=0.5  kl=0.0401  vl=0.1844
Step: 12611584 SPS: 3157  ev=0.709  ent=0.423  grad=0.46/0.46  h=0.2 c=0.6  kl=0.0555  vl=0.1393
  vs Heur:   42W/58L/1D | score=17.2±25.2 inv=1.9 played=11.1 lanes=2.7 ddraw=1.6 pts=17
  vs Random: 104W/0L/0D | score=22.9±25.1 inv=1.8 played=11.6 lanes=2.7 ddraw=0.4 pts=23
  Self-play: 55W/49L/2D | score=12.3±19.7 inv=1.4 played=10.1 lanes=2.6 ddraw=0.5 pts=12
Step: 12615680 SPS: 3157  ev=0.632  ent=0.390  grad=0.44/0.44  h=0.1 c=0.3  kl=0.0297  vl=0.1212
Step: 12619776 SPS: 3157  ev=0.651  ent=0.401  grad=0.43/0.43  h=0.1 c=0.3  kl=0.0522  vl=0.1773
Step: 12623872 SPS: 3157  ev=0.702  ent=0.398  grad=0.55/0.50  h=0.1 c=0.7  kl=0.0892  vl=0.1179
Step: 12627968 SPS: 3157  ev=0.643  ent=0.375  grad=0.47/0.47  h=0.1 c=0.6  kl=0.0404  vl=0.1184
Step: 12632064 SPS: 3157  ev=0.669  ent=0.417  grad=0.53/0.50  h=0.2 c=0.6  kl=0.0255  vl=0.2001
Step: 12636160 SPS: 3157  ev=0.681  ent=0.409  grad=0.70/0.50  h=0.1 c=0.4  kl=0.0448  vl=0.1238
Step: 12640256 SPS: 3157  ev=0.675  ent=0.378  grad=0.39/0.39  h=0.1 c=0.5  kl=0.0484  vl=0.1330
Step: 12644352 SPS: 3157  ev=0.644  ent=0.396  grad=0.43/0.43  h=0.1 c=0.2  kl=0.0238  vl=0.1261
Step: 12648448 SPS: 3157  ev=0.670  ent=0.387  grad=0.64/0.50  h=0.0 c=0.4  kl=0.0288  vl=0.2158
Step: 12652544 SPS: 3157  ev=0.650  ent=0.398  grad=0.29/0.29  h=0.1 c=0.5  kl=0.0339  vl=0.1350
Step: 12656640 SPS: 3157  ev=0.647  ent=0.385  grad=0.32/0.32  h=0.1 c=0.6  kl=0.0270  vl=0.1301
Step: 12660736 SPS: 3157  ev=0.658  ent=0.395  grad=0.66/0.50  h=0.1 c=0.5  kl=0.0375  vl=0.1255
Step: 12664832 SPS: 3157  ev=0.674  ent=0.412  grad=0.69/0.50  h=0.1 c=0.3  kl=0.0308  vl=0.1447
Step: 12668928 SPS: 3157  ev=0.657  ent=0.390  grad=0.91/0.50  h=0.1 c=0.3  kl=0.0297  vl=0.1370
Step: 12673024 SPS: 3157  ev=0.650  ent=0.382  grad=0.39/0.39  h=0.1 c=0.1  kl=0.0374  vl=0.1230
Step: 12677120 SPS: 3157  ev=0.624  ent=0.397  grad=0.39/0.39  h=0.1 c=0.4  kl=0.0473  vl=0.1341
Step: 12681216 SPS: 3157  ev=0.666  ent=0.397  grad=0.41/0.41  h=0.1 c=0.2  kl=0.0295  vl=0.1943
Step: 12685312 SPS: 3157  ev=0.595  ent=0.399  grad=0.41/0.41  h=0.1 c=0.4  kl=0.0273  vl=0.1088
Step: 12689408 SPS: 3157  ev=0.632  ent=0.385  grad=0.91/0.50  h=0.1 c=0.4  kl=0.0301  vl=0.1270
Step: 12693504 SPS: 3157  ev=0.677  ent=0.432  grad=0.53/0.50  h=0.1 c=0.7  kl=0.0311  vl=0.1428
  vs Heur:   49W/48L/4D | score=24.5±29.1 inv=1.7 played=11.1 lanes=2.6 ddraw=1.9 pts=25
  vs Random: 100W/0L/0D | score=20.3±26.1 inv=1.5 played=11.1 lanes=2.6 ddraw=0.5 pts=20
  Self-play: 49W/55L/0D | score=12.6±22.3 inv=1.4 played=10.3 lanes=2.6 ddraw=0.5 pts=13
Step: 12697600 SPS: 3157  ev=0.668  ent=0.377  grad=0.63/0.50  h=0.1 c=0.7  kl=0.0301  vl=0.1799
Step: 12701696 SPS: 3157  ev=0.682  ent=0.380  grad=0.87/0.50  h=0.1 c=0.4  kl=0.0354  vl=0.1301
Step: 12705792 SPS: 3157  ev=0.678  ent=0.399  grad=0.37/0.37  h=0.1 c=0.5  kl=0.0385  vl=0.1406
Step: 12709888 SPS: 3157  ev=0.656  ent=0.376  grad=0.31/0.31  h=0.1 c=0.2  kl=0.0373  vl=0.1124
Step: 12713984 SPS: 3157  ev=0.620  ent=0.373  grad=0.55/0.50  h=0.1 c=0.6  kl=0.0510  vl=0.1378
Step: 12718080 SPS: 3157  ev=0.677  ent=0.402  grad=0.32/0.32  h=0.1 c=0.5  kl=0.0260  vl=0.1300
Step: 12722176 SPS: 3157  ev=0.696  ent=0.392  grad=0.47/0.47  h=0.1 c=0.6  kl=0.0375  vl=0.0995
Step: 12726272 SPS: 3157  ev=0.611  ent=0.366  grad=0.55/0.50  h=0.1 c=0.7  kl=0.0678  vl=0.1515
Step: 12730368 SPS: 3157  ev=0.628  ent=0.345  grad=1.55/0.50  h=0.1 c=0.6  kl=0.0619  vl=0.2298
Step: 12734464 SPS: 3157  ev=0.661  ent=0.379  grad=0.55/0.50  h=0.1 c=0.6  kl=0.0398  vl=0.1512
Step: 12738560 SPS: 3157  ev=0.660  ent=0.390  grad=0.54/0.50  h=0.1 c=0.8  kl=0.0353  vl=0.0913
Step: 12742656 SPS: 3157  ev=0.675  ent=0.408  grad=0.46/0.46  h=0.0 c=0.5  kl=0.0552  vl=0.1647
Step: 12746752 SPS: 3157  ev=0.633  ent=0.368  grad=0.94/0.50  h=0.1 c=0.2  kl=0.0282  vl=0.1438
Step: 12750848 SPS: 3157  ev=0.630  ent=0.365  grad=0.27/0.27  h=0.1 c=0.8  kl=0.0279  vl=0.1670
Step: 12754944 SPS: 3157  ev=0.626  ent=0.381  grad=0.84/0.50  h=0.1 c=0.2  kl=0.0270  vl=0.1347
Step: 12759040 SPS: 3157  ev=0.674  ent=0.377  grad=0.38/0.38  h=0.1 c=0.6  kl=0.0250  vl=0.1244
Step: 12763136 SPS: 3157  ev=0.681  ent=0.366  grad=0.38/0.38  h=0.1 c=0.3  kl=0.0376  vl=0.1356
Step: 12767232 SPS: 3157  ev=0.629  ent=0.373  grad=0.40/0.40  h=0.1 c=0.5  kl=0.0432  vl=0.1693
Step: 12771328 SPS: 3157  ev=0.649  ent=0.388  grad=0.35/0.35  h=0.1 c=0.3  kl=0.0425  vl=0.1467
Step: 12775424 SPS: 3157  ev=0.626  ent=0.352  grad=0.45/0.45  h=0.1 c=0.6  kl=0.0266  vl=0.1210
  vs Heur:   57W/44L/2D | score=23.8±23.9 inv=1.8 played=11.4 lanes=2.7 ddraw=1.7 pts=24
  vs Random: 110W/0L/0D | score=18.3±22.9 inv=1.6 played=11.0 lanes=2.6 ddraw=0.5 pts=18
  Self-play: 44W/56L/1D | score=11.8±21.7 inv=1.2 played=9.9 lanes=2.5 ddraw=0.5 pts=12
Step: 12779520 SPS: 3157  ev=0.650  ent=0.401  grad=0.42/0.42  h=0.1 c=0.6  kl=0.0435  vl=0.1271
Step: 12783616 SPS: 3157  ev=0.672  ent=0.386  grad=0.90/0.50  h=0.1 c=0.9  kl=0.0319  vl=0.1636
Step: 12787712 SPS: 3157  ev=0.671  ent=0.375  grad=0.74/0.50  h=0.1 c=0.3  kl=0.0239  vl=0.1512
Step: 12791808 SPS: 3157  ev=0.672  ent=0.348  grad=0.60/0.50  h=0.1 c=0.6  kl=0.0425  vl=0.1405
Step: 12795904 SPS: 3157  ev=0.656  ent=0.356  grad=0.70/0.50  h=0.1 c=0.4  kl=0.0190  vl=0.1403
Step: 12800000 SPS: 3157  ev=0.683  ent=0.378  grad=0.43/0.43  h=0.1 c=0.2  kl=0.0232  vl=0.1328
Step: 12804096 SPS: 3157  ev=0.643  ent=0.411  grad=0.43/0.43  h=0.1 c=0.4  kl=0.0252  vl=0.1274
Step: 12808192 SPS: 3157  ev=0.656  ent=0.391  grad=0.45/0.45  h=0.0 c=0.3  kl=0.0174  vl=0.1232
Step: 12812288 SPS: 3157  ev=0.621  ent=0.363  grad=0.76/0.50  h=0.1 c=0.7  kl=0.0419  vl=0.1545
Step: 12816384 SPS: 3157  ev=0.674  ent=0.346  grad=0.81/0.50  h=0.1 c=0.4  kl=0.0484  vl=0.1280
Step: 12820480 SPS: 3157  ev=0.648  ent=0.370  grad=0.55/0.50  h=0.1 c=0.6  kl=0.0291  vl=0.1302
Step: 12824576 SPS: 3157  ev=0.608  ent=0.373  grad=0.39/0.39  h=0.1 c=0.6  kl=0.0483  vl=0.1678
Step: 12828672 SPS: 3157  ev=0.612  ent=0.364  grad=0.32/0.32  h=0.2 c=0.9  kl=0.0749  vl=0.1190
Step: 12832768 SPS: 3157  ev=0.653  ent=0.400  grad=0.56/0.50  h=0.1 c=0.9  kl=0.0347  vl=0.1516
Step: 12836864 SPS: 3157  ev=0.647  ent=0.372  grad=0.56/0.50  h=0.2 c=1.0  kl=0.0256  vl=0.1136
Step: 12840960 SPS: 3157  ev=0.691  ent=0.390  grad=0.52/0.50  h=0.1 c=0.8  kl=0.0299  vl=0.1139
Step: 12845056 SPS: 3157  ev=0.691  ent=0.397  grad=0.38/0.38  h=0.1 c=1.0  kl=0.0408  vl=0.1301
Step: 12849152 SPS: 3157  ev=0.636  ent=0.382  grad=1.25/0.50  h=0.2 c=0.9  kl=0.0305  vl=0.1097
Step: 12853248 SPS: 3157  ev=0.651  ent=0.360  grad=0.46/0.46  h=0.1 c=0.5  kl=0.0470  vl=0.1383
Step: 12857344 SPS: 3157  ev=0.685  ent=0.387  grad=0.36/0.36  h=0.1 c=0.7  kl=0.0447  vl=0.1073
  vs Heur:   49W/53L/2D | score=19.5±28.5 inv=1.6 played=11.2 lanes=2.7 ddraw=1.7 pts=20
  vs Random: 107W/0L/0D | score=20.0±22.9 inv=1.5 played=11.3 lanes=2.7 ddraw=0.4 pts=20
  Self-play: 58W/50L/1D | score=14.2±21.9 inv=1.1 played=10.3 lanes=2.6 ddraw=0.4 pts=14
Step: 12861440 SPS: 3157  ev=0.690  ent=0.395  grad=0.34/0.34  h=0.2 c=0.7  kl=0.0352  vl=0.1367
Step: 12865536 SPS: 3157  ev=0.636  ent=0.374  grad=0.36/0.36  h=0.2 c=0.5  kl=0.0290  vl=0.0940
Step: 12869632 SPS: 3157  ev=0.655  ent=0.394  grad=0.93/0.50  h=0.1 c=0.6  kl=0.0438  vl=0.1121
Step: 12873728 SPS: 3157  ev=0.634  ent=0.402  grad=0.42/0.42  h=0.2 c=0.5  kl=0.0540  vl=0.1438
Step: 12877824 SPS: 3157  ev=0.662  ent=0.398  grad=0.43/0.43  h=0.2 c=0.9  kl=0.0408  vl=0.1241
Step: 12881920 SPS: 3157  ev=0.651  ent=0.405  grad=0.41/0.41  h=0.2 c=0.7  kl=0.0872  vl=0.1132
Step: 12886016 SPS: 3157  ev=0.637  ent=0.373  grad=0.50/0.50  h=0.1 c=0.5  kl=0.0357  vl=0.1253
Step: 12890112 SPS: 3157  ev=0.627  ent=0.363  grad=0.50/0.50  h=0.1 c=0.4  kl=0.0252  vl=0.1639
Step: 12894208 SPS: 3157  ev=0.628  ent=0.419  grad=0.62/0.50  h=0.1 c=0.5  kl=0.0486  vl=0.1748
Step: 12898304 SPS: 3157  ev=0.621  ent=0.358  grad=0.57/0.50  h=0.2 c=0.9  kl=0.0553  vl=0.1610
Step: 12902400 SPS: 3157  ev=0.694  ent=0.382  grad=0.55/0.50  h=0.2 c=0.6  kl=0.0360  vl=0.1885
Step: 12906496 SPS: 3157  ev=0.635  ent=0.361  grad=0.70/0.50  h=0.2 c=0.6  kl=0.0372  vl=0.1258
Step: 12910592 SPS: 3157  ev=0.662  ent=0.379  grad=0.42/0.42  h=0.2 c=0.6  kl=0.0242  vl=0.1198
Step: 12914688 SPS: 3157  ev=0.629  ent=0.406  grad=0.40/0.40  h=0.2 c=0.9  kl=0.0447  vl=0.1306
Step: 12918784 SPS: 3157  ev=0.666  ent=0.391  grad=0.35/0.35  h=0.2 c=0.6  kl=0.0466  vl=0.1743
Step: 12922880 SPS: 3157  ev=0.651  ent=0.389  grad=0.51/0.50  h=0.2 c=0.6  kl=0.0559  vl=0.1458
Step: 12926976 SPS: 3157  ev=0.649  ent=0.353  grad=0.37/0.37  h=0.2 c=0.7  kl=0.0326  vl=0.1694
Step: 12931072 SPS: 3157  ev=0.668  ent=0.391  grad=0.53/0.50  h=0.2 c=0.9  kl=0.0217  vl=0.1101
Step: 12935168 SPS: 3157  ev=0.631  ent=0.385  grad=0.34/0.34  h=0.2 c=0.8  kl=0.0578  vl=0.1308
Step: 12939264 SPS: 3157  ev=0.659  ent=0.412  grad=0.36/0.36  h=0.2 c=0.5  kl=0.0260  vl=0.1424
  vs Heur:   59W/46L/0D | score=19.6±24.3 inv=1.5 played=11.0 lanes=2.6 ddraw=1.3 pts=20
  vs Random: 108W/0L/0D | score=22.2±25.9 inv=1.5 played=10.9 lanes=2.6 ddraw=0.3 pts=22
  Self-play: 53W/52L/3D | score=15.7±21.4 inv=1.3 played=10.3 lanes=2.6 ddraw=0.4 pts=16
Step: 12943360 SPS: 3157  ev=0.634  ent=0.375  grad=0.38/0.38  h=0.1 c=0.3  kl=0.0416  vl=0.1226
Step: 12947456 SPS: 3157  ev=0.655  ent=0.392  grad=0.36/0.36  h=0.1 c=0.4  kl=0.0661  vl=0.1210
Step: 12951552 SPS: 3157  ev=0.647  ent=0.412  grad=0.97/0.50  h=0.2 c=0.7  kl=0.0253  vl=0.1117
Step: 12955648 SPS: 3157  ev=0.648  ent=0.418  grad=0.39/0.39  h=0.1 c=0.2  kl=0.0508  vl=0.1216
Step: 12959744 SPS: 3157  ev=0.647  ent=0.349  grad=0.40/0.40  h=0.2 c=0.5  kl=0.0279  vl=0.1338
Step: 12963840 SPS: 3157  ev=0.607  ent=0.397  grad=0.84/0.50  h=0.2 c=0.4  kl=0.0382  vl=0.1295
Step: 12967936 SPS: 3157  ev=0.629  ent=0.369  grad=0.56/0.50  h=0.2 c=0.7  kl=0.0363  vl=0.1313
Step: 12972032 SPS: 3157  ev=0.639  ent=0.382  grad=0.34/0.34  h=0.2 c=0.6  kl=0.0231  vl=0.1106
Step: 12976128 SPS: 3157  ev=0.615  ent=0.395  grad=0.34/0.34  h=0.2 c=0.6  kl=0.0460  vl=0.1571
Step: 12980224 SPS: 3157  ev=0.643  ent=0.393  grad=0.85/0.50  h=0.2 c=0.5  kl=0.0314  vl=0.1294
Step: 12984320 SPS: 3157  ev=0.677  ent=0.402  grad=0.47/0.47  h=0.1 c=0.6  kl=0.0276  vl=0.1610
Step: 12988416 SPS: 3157  ev=0.636  ent=0.361  grad=0.59/0.50  h=0.1 c=0.3  kl=0.0389  vl=0.1195
Step: 12992512 SPS: 3157  ev=0.640  ent=0.392  grad=0.41/0.41  h=0.1 c=0.6  kl=0.0345  vl=0.0961
Step: 12996608 SPS: 3157  ev=0.657  ent=0.399  grad=0.34/0.34  h=0.2 c=0.6  kl=0.0342  vl=0.1245
Step: 13000704 SPS: 3157  ev=0.638  ent=0.425  grad=0.45/0.45  h=0.2 c=0.7  kl=0.0408  vl=0.1173
Step: 13004800 SPS: 3157  ev=0.631  ent=0.410  grad=0.46/0.46  h=0.1 c=0.2  kl=0.0440  vl=0.0893
Step: 13008896 SPS: 3157  ev=0.657  ent=0.437  grad=0.68/0.50  h=0.1 c=0.5  kl=0.0300  vl=0.0959
Step: 13012992 SPS: 3157  ev=0.639  ent=0.443  grad=0.46/0.46  h=0.0 c=0.2  kl=0.0375  vl=0.1031
Step: 13017088 SPS: 3157  ev=0.642  ent=0.396  grad=0.39/0.39  h=0.1 c=0.2  kl=0.0323  vl=0.1568
Step: 13021184 SPS: 3157  ev=0.636  ent=0.409  grad=0.92/0.50  h=0.1 c=0.4  kl=0.0307  vl=0.1526
  vs Heur:   52W/48L/0D | score=17.0±27.3 inv=1.8 played=11.2 lanes=2.7 ddraw=1.8 pts=17
  vs Random: 105W/0L/0D | score=19.9±23.7 inv=1.6 played=11.0 lanes=2.7 ddraw=0.3 pts=20
  Self-play: 48W/54L/1D | score=10.3±21.5 inv=1.3 played=10.6 lanes=2.7 ddraw=0.6 pts=10
Step: 13025280 SPS: 3157  ev=0.621  ent=0.410  grad=0.78/0.50  h=0.1 c=0.3  kl=0.0357  vl=0.1705
Step: 13029376 SPS: 3157  ev=0.656  ent=0.398  grad=0.36/0.36  h=0.1 c=0.4  kl=0.0409  vl=0.1513
Step: 13033472 SPS: 3157  ev=0.625  ent=0.411  grad=0.42/0.42  h=0.1 c=0.6  kl=0.0423  vl=0.1652
Step: 13037568 SPS: 3157  ev=0.621  ent=0.428  grad=0.43/0.43  h=0.1 c=0.3  kl=0.0675  vl=0.1255
Step: 13041664 SPS: 3157  ev=0.622  ent=0.400  grad=0.32/0.32  h=0.1 c=0.5  kl=0.0303  vl=0.1350
Step: 13045760 SPS: 3157  ev=0.637  ent=0.425  grad=0.37/0.37  h=0.1 c=0.3  kl=0.0316  vl=0.0912
Step: 13049856 SPS: 3157  ev=0.642  ent=0.424  grad=0.56/0.50  h=0.1 c=0.3  kl=0.0266  vl=0.1281
Step: 13053952 SPS: 3157  ev=0.660  ent=0.400  grad=0.36/0.36  h=0.1 c=0.3  kl=0.0287  vl=0.1396
Step: 13058048 SPS: 3157  ev=0.629  ent=0.386  grad=0.54/0.50  h=0.1 c=0.5  kl=0.0381  vl=0.1453
Step: 13062144 SPS: 3157  ev=0.672  ent=0.417  grad=0.49/0.49  h=0.1 c=0.6  kl=0.0590  vl=0.1481
Step: 13066240 SPS: 3157  ev=0.627  ent=0.403  grad=0.44/0.44  h=0.1 c=0.5  kl=0.0538  vl=0.1476
Step: 13070336 SPS: 3157  ev=0.657  ent=0.366  grad=0.42/0.42  h=0.1 c=0.6  kl=0.0317  vl=0.1464
Step: 13074432 SPS: 3157  ev=0.621  ent=0.382  grad=0.76/0.50  h=0.1 c=0.6  kl=0.0389  vl=0.1843
Step: 13078528 SPS: 3157  ev=0.615  ent=0.413  grad=0.51/0.50  h=0.2 c=1.1  kl=0.0331  vl=0.1555
Step: 13082624 SPS: 3157  ev=0.572  ent=0.370  grad=0.77/0.50  h=0.2 c=0.8  kl=0.0595  vl=0.1741
Step: 13086720 SPS: 3157  ev=0.634  ent=0.389  grad=0.51/0.50  h=0.2 c=0.6  kl=0.0365  vl=0.1178
Step: 13090816 SPS: 3157  ev=0.535  ent=0.401  grad=0.37/0.37  h=0.1 c=0.7  kl=0.0527  vl=0.0993
Step: 13094912 SPS: 3157  ev=0.643  ent=0.405  grad=0.69/0.50  h=0.1 c=0.8  kl=0.0542  vl=0.1394
Step: 13099008 SPS: 3157  ev=0.635  ent=0.400  grad=0.44/0.44  h=0.1 c=0.9  kl=0.0339  vl=0.1131
Step: 13103104 SPS: 3157  ev=0.670  ent=0.425  grad=0.54/0.50  h=0.1 c=0.7  kl=0.0412  vl=0.1073
  vs Heur:   51W/48L/2D | score=19.1±26.7 inv=1.7 played=11.1 lanes=2.6 ddraw=1.6 pts=19
  vs Random: 109W/0L/0D | score=27.3±24.3 inv=1.8 played=11.6 lanes=2.6 ddraw=0.4 pts=27
  Self-play: 54W/48L/0D | score=14.7±21.5 inv=1.4 played=10.6 lanes=2.6 ddraw=0.4 pts=15
Step: 13107200 SPS: 3157  ev=0.617  ent=0.384  grad=0.32/0.32  h=0.1 c=0.9  kl=0.0260  vl=0.1234
Step: 13111296 SPS: 3157  ev=0.666  ent=0.377  grad=0.40/0.40  h=0.2 c=0.8  kl=0.0392  vl=0.1108
Step: 13115392 SPS: 3157  ev=0.643  ent=0.383  grad=0.49/0.49  h=0.1 c=0.5  kl=0.0376  vl=0.1389
Step: 13119488 SPS: 3158  ev=0.581  ent=0.368  grad=0.61/0.50  h=0.1 c=0.3  kl=0.0298  vl=0.1794
Step: 13123584 SPS: 3158  ev=0.651  ent=0.372  grad=0.50/0.50  h=0.1 c=0.4  kl=0.0424  vl=0.1367
Step: 13127680 SPS: 3158  ev=0.693  ent=0.390  grad=0.56/0.50  h=0.1 c=0.5  kl=0.0377  vl=0.1290
Step: 13131776 SPS: 3158  ev=0.639  ent=0.359  grad=0.31/0.31  h=0.1 c=0.3  kl=0.0438  vl=0.1654
Step: 13135872 SPS: 3158  ev=0.629  ent=0.383  grad=0.54/0.50  h=0.1 c=0.8  kl=0.0763  vl=0.1703
Step: 13139968 SPS: 3158  ev=0.611  ent=0.353  grad=0.43/0.43  h=0.1 c=0.5  kl=0.0368  vl=0.1345
Step: 13144064 SPS: 3158  ev=0.664  ent=0.368  grad=0.75/0.50  h=0.1 c=0.4  kl=0.0268  vl=0.1378
Step: 13148160 SPS: 3158  ev=0.678  ent=0.353  grad=0.64/0.50  h=0.1 c=0.4  kl=0.0450  vl=0.1633
Step: 13152256 SPS: 3157  ev=0.601  ent=0.361  grad=0.51/0.50  h=0.1 c=0.4  kl=0.0177  vl=0.1985
Step: 13156352 SPS: 3157  ev=0.654  ent=0.375  grad=0.37/0.37  h=0.1 c=0.4  kl=0.0317  vl=0.1744
Step: 13160448 SPS: 3157  ev=0.665  ent=0.356  grad=0.51/0.50  h=0.1 c=0.5  kl=0.0256  vl=0.1697
Step: 13164544 SPS: 3157  ev=0.678  ent=0.366  grad=0.73/0.50  h=0.1 c=0.6  kl=0.0823  vl=0.1606
Step: 13168640 SPS: 3157  ev=0.617  ent=0.357  grad=0.61/0.50  h=0.1 c=0.3  kl=0.0171  vl=0.1204
Step: 13172736 SPS: 3157  ev=0.664  ent=0.358  grad=0.51/0.50  h=0.1 c=0.3  kl=0.0208  vl=0.1542
Step: 13176832 SPS: 3157  ev=0.638  ent=0.335  grad=0.84/0.50  h=0.0 c=0.3  kl=0.0363  vl=0.1879
Step: 13180928 SPS: 3157  ev=0.645  ent=0.347  grad=0.57/0.50  h=0.1 c=0.5  kl=0.0395  vl=0.1593
Step: 13185024 SPS: 3157  ev=0.613  ent=0.383  grad=0.47/0.47  h=0.1 c=0.5  kl=0.0920  vl=0.1565
  vs Heur:   55W/50L/3D | score=17.7±24.3 inv=1.9 played=11.1 lanes=2.6 ddraw=1.5 pts=18
  vs Random: 106W/0L/0D | score=25.2±23.9 inv=1.7 played=11.8 lanes=2.7 ddraw=0.4 pts=25
  Self-play: 57W/44L/1D | score=14.1±20.8 inv=1.5 played=10.8 lanes=2.7 ddraw=0.4 pts=14
Step: 13189120 SPS: 3157  ev=0.642  ent=0.378  grad=0.43/0.43  h=0.2 c=0.9  kl=0.0434  vl=0.1523
Step: 13193216 SPS: 3157  ev=0.674  ent=0.363  grad=0.65/0.50  h=0.1 c=0.4  kl=0.0186  vl=0.1189
Step: 13197312 SPS: 3157  ev=0.610  ent=0.392  grad=0.52/0.50  h=0.1 c=0.5  kl=0.0323  vl=0.1558
Step: 13201408 SPS: 3157  ev=0.670  ent=0.402  grad=0.37/0.37  h=0.1 c=0.1  kl=0.0288  vl=0.1238
Step: 13205504 SPS: 3157  ev=0.638  ent=0.368  grad=0.36/0.36  h=0.1 c=0.4  kl=0.0237  vl=0.1426
Step: 13209600 SPS: 3157  ev=0.649  ent=0.347  grad=0.35/0.35  h=0.1 c=0.5  kl=0.0318  vl=0.1626
Step: 13213696 SPS: 3157  ev=0.621  ent=0.351  grad=0.51/0.50  h=0.1 c=0.3  kl=0.0261  vl=0.1435
Step: 13217792 SPS: 3158  ev=0.697  ent=0.351  grad=0.59/0.50  h=0.1 c=0.6  kl=0.0364  vl=0.1216
Step: 13221888 SPS: 3158  ev=0.609  ent=0.394  grad=0.37/0.37  h=0.1 c=0.4  kl=0.0249  vl=0.1290
Step: 13225984 SPS: 3158  ev=0.638  ent=0.373  grad=0.42/0.42  h=0.2 c=0.8  kl=0.0349  vl=0.1730
Step: 13230080 SPS: 3158  ev=0.685  ent=0.368  grad=0.44/0.44  h=0.1 c=0.3  kl=0.0303  vl=0.1341
Step: 13234176 SPS: 3158  ev=0.655  ent=0.397  grad=0.49/0.49  h=0.1 c=0.5  kl=0.0363  vl=0.1124
Step: 13238272 SPS: 3158  ev=0.669  ent=0.383  grad=0.34/0.34  h=0.1 c=0.3  kl=0.0162  vl=0.1523
Step: 13242368 SPS: 3158  ev=0.618  ent=0.413  grad=0.67/0.50  h=0.0 c=0.1  kl=0.0329  vl=0.1336
Step: 13246464 SPS: 3158  ev=0.650  ent=0.389  grad=0.34/0.34  h=0.0 c=0.2  kl=0.0494  vl=0.1471
Step: 13250560 SPS: 3158  ev=0.637  ent=0.380  grad=0.55/0.50  h=0.1 c=0.3  kl=0.0361  vl=0.1613
Step: 13254656 SPS: 3158  ev=0.673  ent=0.396  grad=0.50/0.50  h=0.1 c=0.5  kl=0.0257  vl=0.1246
Step: 13258752 SPS: 3158  ev=0.647  ent=0.366  grad=0.30/0.30  h=0.1 c=0.4  kl=0.0223  vl=0.1388
Step: 13262848 SPS: 3158  ev=0.662  ent=0.393  grad=0.58/0.50  h=0.1 c=0.5  kl=0.0334  vl=0.1074
Step: 13266944 SPS: 3158  ev=0.658  ent=0.368  grad=0.47/0.47  h=0.2 c=0.5  kl=0.0541  vl=0.1198
  vs Heur:   48W/49L/5D | score=17.9±26.7 inv=1.6 played=11.1 lanes=2.6 ddraw=1.5 pts=18
  vs Random: 101W/1L/0D | score=17.8±25.5 inv=1.6 played=11.0 lanes=2.6 ddraw=0.4 pts=18
  Self-play: 54W/54L/0D | score=13.4±19.7 inv=1.5 played=10.8 lanes=2.6 ddraw=0.3 pts=13
Step: 13271040 SPS: 3158  ev=0.641  ent=0.371  grad=0.60/0.50  h=0.1 c=0.3  kl=0.0212  vl=0.1760
Step: 13275136 SPS: 3158  ev=0.652  ent=0.382  grad=0.52/0.50  h=0.1 c=0.8  kl=0.0285  vl=0.2091
Step: 13279232 SPS: 3158  ev=0.664  ent=0.382  grad=0.66/0.50  h=0.2 c=0.8  kl=0.0258  vl=0.1594
Step: 13283328 SPS: 3158  ev=0.670  ent=0.381  grad=0.39/0.39  h=0.1 c=0.7  kl=0.0294  vl=0.1256
Step: 13287424 SPS: 3158  ev=0.652  ent=0.378  grad=0.39/0.39  h=0.1 c=0.3  kl=0.0301  vl=0.1399
Step: 13291520 SPS: 3158  ev=0.638  ent=0.358  grad=0.46/0.46  h=0.1 c=0.4  kl=0.0547  vl=0.1450
Step: 13295616 SPS: 3158  ev=0.674  ent=0.400  grad=0.49/0.49  h=0.1 c=0.3  kl=0.0339  vl=0.1199
Step: 13299712 SPS: 3158  ev=0.619  ent=0.395  grad=0.82/0.50  h=0.1 c=0.6  kl=0.0385  vl=0.1350
Step: 13303808 SPS: 3158  ev=0.626  ent=0.335  grad=0.82/0.50  h=0.1 c=0.6  kl=0.0353  vl=0.1817
Step: 13307904 SPS: 3158  ev=0.647  ent=0.387  grad=0.46/0.46  h=0.1 c=0.6  kl=0.0323  vl=0.1307
Step: 13312000 SPS: 3158  ev=0.673  ent=0.389  grad=0.39/0.39  h=0.1 c=0.3  kl=0.0473  vl=0.1601
Step: 13316096 SPS: 3158  ev=0.636  ent=0.324  grad=1.41/0.50  h=0.1 c=0.3  kl=0.0215  vl=0.1852
Step: 13320192 SPS: 3158  ev=0.612  ent=0.393  grad=0.56/0.50  h=0.1 c=0.2  kl=0.0317  vl=0.1430
Step: 13324288 SPS: 3158  ev=0.674  ent=0.376  grad=0.40/0.40  h=0.1 c=0.7  kl=0.0314  vl=0.1584
Step: 13328384 SPS: 3158  ev=0.629  ent=0.360  grad=0.63/0.50  h=0.1 c=0.7  kl=0.0369  vl=0.1641
Step: 13332480 SPS: 3158  ev=0.636  ent=0.363  grad=0.31/0.31  h=0.2 c=0.7  kl=0.0307  vl=0.1792
Step: 13336576 SPS: 3158  ev=0.574  ent=0.347  grad=0.39/0.39  h=0.1 c=0.5  kl=0.0223  vl=0.1508
Step: 13340672 SPS: 3158  ev=0.600  ent=0.361  grad=0.73/0.50  h=0.2 c=0.3  kl=0.0424  vl=0.1474
Step: 13344768 SPS: 3158  ev=0.653  ent=0.349  grad=0.94/0.50  h=0.1 c=0.7  kl=0.0448  vl=0.1617
Step: 13348864 SPS: 3158  ev=0.679  ent=0.366  grad=0.35/0.35  h=0.1 c=0.5  kl=0.0342  vl=0.1636
  vs Heur:   53W/46L/2D | score=20.3±28.1 inv=1.9 played=11.7 lanes=2.8 ddraw=1.9 pts=20
  vs Random: 103W/0L/0D | score=18.3±24.3 inv=1.5 played=10.9 lanes=2.6 ddraw=0.4 pts=18
  Self-play: 49W/55L/1D | score=12.8±21.0 inv=1.3 played=10.5 lanes=2.6 ddraw=0.6 pts=13
Step: 13352960 SPS: 3158  ev=0.631  ent=0.363  grad=0.45/0.45  h=0.1 c=0.2  kl=0.0314  vl=0.1348
Step: 13357056 SPS: 3158  ev=0.657  ent=0.366  grad=0.35/0.35  h=0.1 c=0.7  kl=0.0298  vl=0.1340
Step: 13361152 SPS: 3158  ev=0.646  ent=0.331  grad=0.63/0.50  h=0.2 c=0.8  kl=0.0289  vl=0.1959
Step: 13365248 SPS: 3158  ev=0.648  ent=0.341  grad=1.10/0.50  h=0.2 c=0.6  kl=0.0270  vl=0.1704
Step: 13369344 SPS: 3158  ev=0.633  ent=0.375  grad=0.36/0.36  h=0.1 c=0.4  kl=0.0285  vl=0.1696
Step: 13373440 SPS: 3158  ev=0.643  ent=0.333  grad=0.39/0.39  h=0.1 c=0.2  kl=0.0465  vl=0.1568
Step: 13377536 SPS: 3158  ev=0.631  ent=0.379  grad=0.63/0.50  h=0.1 c=0.4  kl=0.0387  vl=0.1822
Step: 13381632 SPS: 3158  ev=0.664  ent=0.359  grad=0.58/0.50  h=0.1 c=0.8  kl=0.0325  vl=0.1729
Step: 13385728 SPS: 3158  ev=0.596  ent=0.411  grad=0.78/0.50  h=0.2 c=0.6  kl=0.0330  vl=0.1557
Step: 13389824 SPS: 3158  ev=0.624  ent=0.363  grad=0.47/0.47  h=0.1 c=0.3  kl=0.0211  vl=0.1805
Step: 13393920 SPS: 3158  ev=0.655  ent=0.346  grad=0.51/0.50  h=0.1 c=0.6  kl=0.0354  vl=0.1768
Step: 13398016 SPS: 3158  ev=0.628  ent=0.360  grad=0.56/0.50  h=0.1 c=0.6  kl=0.0480  vl=0.1386
Step: 13402112 SPS: 3158  ev=0.667  ent=0.368  grad=0.38/0.38  h=0.1 c=0.5  kl=0.0255  vl=0.1457
Step: 13406208 SPS: 3158  ev=0.608  ent=0.359  grad=0.38/0.38  h=0.1 c=0.8  kl=0.0312  vl=0.1623
Step: 13410304 SPS: 3158  ev=0.657  ent=0.355  grad=0.66/0.50  h=0.2 c=0.7  kl=0.0327  vl=0.1449
Step: 13414400 SPS: 3158  ev=0.633  ent=0.357  grad=0.59/0.50  h=0.1 c=0.7  kl=0.0537  vl=0.1917
Step: 13418496 SPS: 3158  ev=0.649  ent=0.365  grad=0.36/0.36  h=0.2 c=0.7  kl=0.0398  vl=0.1642
Step: 13422592 SPS: 3158  ev=0.631  ent=0.380  grad=0.41/0.41  h=0.1 c=0.7  kl=0.0426  vl=0.1387
Step: 13426688 SPS: 3158  ev=0.613  ent=0.356  grad=0.36/0.36  h=0.2 c=1.0  kl=0.0301  vl=0.1046
Step: 13430784 SPS: 3158  ev=0.605  ent=0.358  grad=0.46/0.46  h=0.1 c=0.6  kl=0.0314  vl=0.1559
  vs Heur:   55W/43L/2D | score=24.8±30.3 inv=2.2 played=12.2 lanes=2.8 ddraw=1.7 pts=25
  vs Random: 106W/0L/0D | score=25.1±22.9 inv=1.8 played=12.1 lanes=2.7 ddraw=0.5 pts=25
  Self-play: 45W/59L/3D | score=13.9±22.1 inv=1.6 played=10.8 lanes=2.6 ddraw=0.5 pts=14
Step: 13434880 SPS: 3158  ev=0.631  ent=0.375  grad=0.45/0.45  h=0.2 c=0.6  kl=0.0266  vl=0.1382
Step: 13438976 SPS: 3158  ev=0.633  ent=0.388  grad=0.63/0.50  h=0.2 c=0.7  kl=0.0305  vl=0.1264
Step: 13443072 SPS: 3158  ev=0.668  ent=0.350  grad=0.33/0.33  h=0.2 c=0.7  kl=0.0449  vl=0.1943
Step: 13447168 SPS: 3158  ev=0.663  ent=0.374  grad=0.49/0.49  h=0.1 c=0.8  kl=0.0408  vl=0.1597
Step: 13451264 SPS: 3158  ev=0.649  ent=0.342  grad=1.05/0.50  h=0.1 c=0.7  kl=0.0342  vl=0.2142
Step: 13455360 SPS: 3158  ev=0.674  ent=0.361  grad=0.36/0.36  h=0.1 c=0.4  kl=0.0530  vl=0.1449
Step: 13459456 SPS: 3158  ev=0.628  ent=0.357  grad=0.33/0.33  h=0.1 c=0.4  kl=0.0672  vl=0.1712
Step: 13463552 SPS: 3158  ev=0.664  ent=0.393  grad=0.46/0.46  h=0.1 c=0.2  kl=0.0465  vl=0.1224
Step: 13467648 SPS: 3158  ev=0.648  ent=0.365  grad=0.44/0.44  h=0.1 c=0.6  kl=0.0309  vl=0.1121
Step: 13471744 SPS: 3158  ev=0.659  ent=0.352  grad=0.36/0.36  h=0.1 c=0.8  kl=0.0204  vl=0.1336
Step: 13475840 SPS: 3158  ev=0.621  ent=0.384  grad=0.58/0.50  h=0.1 c=0.9  kl=0.0246  vl=0.1368
Step: 13479936 SPS: 3158  ev=0.671  ent=0.377  grad=0.39/0.39  h=0.2 c=0.9  kl=0.0294  vl=0.1070
Step: 13484032 SPS: 3158  ev=0.640  ent=0.372  grad=0.36/0.36  h=0.2 c=0.7  kl=0.0404  vl=0.1380
Step: 13488128 SPS: 3158  ev=0.617  ent=0.397  grad=0.41/0.41  h=0.2 c=0.7  kl=0.0305  vl=0.1135
Step: 13492224 SPS: 3158  ev=0.630  ent=0.375  grad=0.51/0.50  h=0.2 c=0.5  kl=0.0521  vl=0.1601
Step: 13496320 SPS: 3158  ev=0.588  ent=0.360  grad=0.61/0.50  h=0.1 c=0.3  kl=0.0428  vl=0.1338
Step: 13500416 SPS: 3158  ev=0.648  ent=0.395  grad=0.36/0.36  h=0.1 c=0.3  kl=0.0308  vl=0.1706
Step: 13504512 SPS: 3158  ev=0.637  ent=0.406  grad=0.41/0.41  h=0.1 c=0.5  kl=0.0342  vl=0.1100
Step: 13508608 SPS: 3158  ev=0.618  ent=0.387  grad=0.50/0.50  h=0.1 c=0.8  kl=0.0232  vl=0.1445
Step: 13512704 SPS: 3158  ev=0.618  ent=0.375  grad=0.41/0.41  h=0.1 c=0.7  kl=0.0284  vl=0.1124
  vs Heur:   68W/29L/4D | score=22.1±25.2 inv=2.0 played=11.8 lanes=2.7 ddraw=1.9 pts=22
  vs Random: 106W/2L/0D | score=15.3±22.8 inv=1.9 played=11.8 lanes=2.8 ddraw=0.4 pts=15
  Self-play: 53W/45L/3D | score=17.2±21.7 inv=1.7 played=11.2 lanes=2.7 ddraw=0.5 pts=17
Step: 13516800 SPS: 3158  ev=0.641  ent=0.383  grad=0.41/0.41  h=0.1 c=0.5  kl=0.0451  vl=0.1406
Step: 13520896 SPS: 3158  ev=0.641  ent=0.385  grad=0.40/0.40  h=0.1 c=0.5  kl=0.0274  vl=0.1231
Step: 13524992 SPS: 3158  ev=0.684  ent=0.391  grad=0.82/0.50  h=0.1 c=0.7  kl=0.0498  vl=0.1450
Step: 13529088 SPS: 3158  ev=0.669  ent=0.375  grad=0.48/0.48  h=0.1 c=0.4  kl=0.0283  vl=0.1301
Step: 13533184 SPS: 3158  ev=0.670  ent=0.362  grad=0.44/0.44  h=0.0 c=0.6  kl=0.0345  vl=0.1351
Step: 13537280 SPS: 3158  ev=0.596  ent=0.393  grad=0.46/0.46  h=0.0 c=0.5  kl=0.0646  vl=0.1732
Step: 13541376 SPS: 3158  ev=0.654  ent=0.392  grad=0.37/0.37  h=0.1 c=0.3  kl=0.0374  vl=0.1705
Step: 13545472 SPS: 3158  ev=0.648  ent=0.403  grad=0.72/0.50  h=0.1 c=0.6  kl=0.0227  vl=0.1145
Step: 13549568 SPS: 3158  ev=0.653  ent=0.402  grad=0.35/0.35  h=0.1 c=0.4  kl=0.0225  vl=0.1197
Step: 13553664 SPS: 3158  ev=0.658  ent=0.373  grad=0.43/0.43  h=0.2 c=0.5  kl=0.0254  vl=0.1162
Step: 13557760 SPS: 3158  ev=0.629  ent=0.395  grad=0.75/0.50  h=0.1 c=0.3  kl=0.0423  vl=0.1386
Step: 13561856 SPS: 3158  ev=0.616  ent=0.383  grad=0.62/0.50  h=0.1 c=0.4  kl=0.0492  vl=0.1791
Step: 13565952 SPS: 3158  ev=0.665  ent=0.379  grad=0.76/0.50  h=0.2 c=0.6  kl=0.0271  vl=0.1177
Step: 13570048 SPS: 3158  ev=0.659  ent=0.389  grad=0.63/0.50  h=0.1 c=0.7  kl=0.0282  vl=0.1326
Step: 13574144 SPS: 3158  ev=0.658  ent=0.385  grad=0.37/0.37  h=0.1 c=0.6  kl=0.0325  vl=0.1276
Step: 13578240 SPS: 3158  ev=0.644  ent=0.403  grad=0.40/0.40  h=0.1 c=1.0  kl=0.0350  vl=0.1683
Step: 13582336 SPS: 3158  ev=0.625  ent=0.362  grad=0.59/0.50  h=0.1 c=1.1  kl=0.0287  vl=0.1229
Step: 13586432 SPS: 3158  ev=0.642  ent=0.397  grad=0.50/0.50  h=0.2 c=1.0  kl=0.0285  vl=0.1492
Step: 13590528 SPS: 3158  ev=0.585  ent=0.386  grad=0.36/0.36  h=0.2 c=0.6  kl=0.0327  vl=0.1572
Step: 13594624 SPS: 3158  ev=0.666  ent=0.382  grad=0.43/0.43  h=0.2 c=0.8  kl=0.0608  vl=0.1462
  vs Heur:   56W/43L/2D | score=20.3±24.7 inv=2.0 played=11.3 lanes=2.7 ddraw=1.6 pts=20
  vs Random: 100W/0L/0D | score=24.1±26.5 inv=1.6 played=11.7 lanes=2.7 ddraw=0.3 pts=24
  Self-play: 56W/52L/1D | score=15.8±20.8 inv=1.6 played=10.7 lanes=2.6 ddraw=0.3 pts=16
Step: 13598720 SPS: 3158  ev=0.652  ent=0.397  grad=0.43/0.43  h=0.1 c=0.5  kl=0.0327  vl=0.1468
Step: 13602816 SPS: 3158  ev=0.674  ent=0.376  grad=0.66/0.50  h=0.2 c=0.6  kl=0.0362  vl=0.1293
Step: 13606912 SPS: 3158  ev=0.653  ent=0.405  grad=0.41/0.41  h=0.1 c=0.5  kl=0.0214  vl=0.1065
Step: 13611008 SPS: 3158  ev=0.654  ent=0.395  grad=0.39/0.39  h=0.2 c=0.8  kl=0.0256  vl=0.1554
Step: 13615104 SPS: 3158  ev=0.643  ent=0.405  grad=0.60/0.50  h=0.1 c=0.5  kl=0.1003  vl=0.1280
Step: 13619200 SPS: 3158  ev=0.631  ent=0.450  grad=0.53/0.50  h=0.2 c=0.6  kl=0.0366  vl=0.1290
Step: 13623296 SPS: 3158  ev=0.629  ent=0.397  grad=0.57/0.50  h=0.1 c=0.6  kl=0.0169  vl=0.1372
Step: 13627392 SPS: 3158  ev=0.670  ent=0.402  grad=0.49/0.49  h=0.2 c=0.7  kl=0.0349  vl=0.1209
Step: 13631488 SPS: 3158  ev=0.587  ent=0.393  grad=0.46/0.46  h=0.2 c=0.7  kl=0.0361  vl=0.1303
Step: 13635584 SPS: 3158  ev=0.640  ent=0.451  grad=0.55/0.50  h=0.2 c=0.6  kl=0.0305  vl=0.1356
Step: 13639680 SPS: 3158  ev=0.639  ent=0.391  grad=0.50/0.50  h=0.2 c=0.8  kl=0.0303  vl=0.1289
Step: 13643776 SPS: 3158  ev=0.679  ent=0.375  grad=0.40/0.40  h=0.2 c=0.7  kl=0.0301  vl=0.1559
Step: 13647872 SPS: 3158  ev=0.641  ent=0.404  grad=0.79/0.50  h=0.2 c=0.6  kl=0.0413  vl=0.1367
Step: 13651968 SPS: 3158  ev=0.646  ent=0.372  grad=0.43/0.43  h=0.2 c=0.8  kl=0.0465  vl=0.1187
Step: 13656064 SPS: 3158  ev=0.631  ent=0.396  grad=0.34/0.34  h=0.2 c=0.5  kl=0.0200  vl=0.1547
Step: 13660160 SPS: 3158  ev=0.643  ent=0.402  grad=0.43/0.43  h=0.2 c=1.0  kl=0.0325  vl=0.1333
Step: 13664256 SPS: 3158  ev=0.669  ent=0.394  grad=0.48/0.48  h=0.2 c=0.8  kl=0.0277  vl=0.1370
Step: 13668352 SPS: 3158  ev=0.665  ent=0.409  grad=0.56/0.50  h=0.2 c=0.9  kl=0.0502  vl=0.1570
Step: 13672448 SPS: 3158  ev=0.637  ent=0.385  grad=0.47/0.47  h=0.2 c=1.0  kl=0.0141  vl=0.1737
Step: 13676544 SPS: 3158  ev=0.660  ent=0.378  grad=0.79/0.50  h=0.2 c=0.9  kl=0.0263  vl=0.1258
  vs Heur:   63W/37L/2D | score=23.0±30.0 inv=2.0 played=11.9 lanes=2.8 ddraw=2.0 pts=23
  vs Random: 104W/0L/0D | score=22.5±23.3 inv=1.9 played=12.2 lanes=2.8 ddraw=0.4 pts=23
  Self-play: 38W/61L/2D | score=11.9±19.5 inv=1.2 played=10.4 lanes=2.6 ddraw=0.6 pts=12
Step: 13680640 SPS: 3158  ev=0.634  ent=0.369  grad=0.73/0.50  h=0.2 c=0.8  kl=0.0520  vl=0.1804
Step: 13684736 SPS: 3158  ev=0.635  ent=0.407  grad=0.40/0.40  h=0.2 c=0.9  kl=0.0240  vl=0.1193
Step: 13688832 SPS: 3158  ev=0.637  ent=0.404  grad=0.45/0.45  h=0.2 c=1.0  kl=0.0660  vl=0.1415
Step: 13692928 SPS: 3158  ev=0.655  ent=0.418  grad=0.38/0.38  h=0.2 c=1.0  kl=0.0619  vl=0.1375
Step: 13697024 SPS: 3158  ev=0.618  ent=0.399  grad=0.62/0.50  h=0.2 c=0.7  kl=0.0271  vl=0.1381
Step: 13701120 SPS: 3158  ev=0.655  ent=0.391  grad=0.53/0.50  h=0.2 c=0.9  kl=0.0432  vl=0.1491
Step: 13705216 SPS: 3158  ev=0.624  ent=0.392  grad=0.46/0.46  h=0.2 c=0.6  kl=0.0367  vl=0.1367
Step: 13709312 SPS: 3158  ev=0.658  ent=0.382  grad=0.42/0.42  h=0.2 c=0.7  kl=0.0500  vl=0.1458
Step: 13713408 SPS: 3158  ev=0.673  ent=0.397  grad=0.39/0.39  h=0.2 c=0.7  kl=0.0320  vl=0.1144
Step: 13717504 SPS: 3158  ev=0.628  ent=0.418  grad=0.56/0.50  h=0.2 c=0.7  kl=0.0422  vl=0.1471
Step: 13721600 SPS: 3158  ev=0.650  ent=0.391  grad=0.50/0.50  h=0.2 c=1.0  kl=0.0517  vl=0.1502
Step: 13725696 SPS: 3158  ev=0.667  ent=0.436  grad=0.49/0.49  h=0.2 c=0.9  kl=0.0312  vl=0.1151
Step: 13729792 SPS: 3158  ev=0.648  ent=0.378  grad=0.50/0.50  h=0.2 c=1.0  kl=0.0490  vl=0.1833
Step: 13733888 SPS: 3158  ev=0.639  ent=0.401  grad=0.57/0.50  h=0.2 c=0.5  kl=0.0459  vl=0.1396
Step: 13737984 SPS: 3158  ev=0.680  ent=0.409  grad=0.39/0.39  h=0.2 c=0.5  kl=0.0327  vl=0.1495
Step: 13742080 SPS: 3158  ev=0.686  ent=0.372  grad=0.54/0.50  h=0.2 c=0.6  kl=0.0210  vl=0.1472
Step: 13746176 SPS: 3158  ev=0.680  ent=0.444  grad=0.58/0.50  h=0.2 c=0.8  kl=0.0287  vl=0.1250
Step: 13750272 SPS: 3158  ev=0.658  ent=0.371  grad=0.41/0.41  h=0.2 c=0.7  kl=0.0268  vl=0.2136
Step: 13754368 SPS: 3158  ev=0.659  ent=0.401  grad=0.42/0.42  h=0.2 c=0.6  kl=0.0418  vl=0.1462
Step: 13758464 SPS: 3158  ev=0.679  ent=0.405  grad=0.89/0.50  h=0.2 c=0.6  kl=0.0303  vl=0.1098
  vs Heur:   44W/58L/1D | score=11.8±19.7 inv=1.5 played=10.9 lanes=2.7 ddraw=1.2 pts=12
  vs Random: 101W/1L/0D | score=24.6±25.2 inv=1.6 played=12.0 lanes=2.8 ddraw=0.3 pts=25
  Self-play: 56W/47L/2D | score=14.8±19.3 inv=1.3 played=10.5 lanes=2.6 ddraw=0.4 pts=15
Step: 13762560 SPS: 3158  ev=0.616  ent=0.396  grad=0.53/0.50  h=0.2 c=0.6  kl=0.0377  vl=0.1332
Step: 13766656 SPS: 3158  ev=0.689  ent=0.374  grad=0.50/0.50  h=0.1 c=0.7  kl=0.0281  vl=0.1187
Step: 13770752 SPS: 3158  ev=0.671  ent=0.363  grad=0.69/0.50  h=0.2 c=0.4  kl=0.0375  vl=0.1568
Step: 13774848 SPS: 3158  ev=0.658  ent=0.375  grad=0.44/0.44  h=0.2 c=0.5  kl=0.0648  vl=0.1880
Step: 13778944 SPS: 3158  ev=0.699  ent=0.383  grad=0.65/0.50  h=0.2 c=0.7  kl=0.0457  vl=0.1802
Step: 13783040 SPS: 3158  ev=0.680  ent=0.420  grad=0.60/0.50  h=0.2 c=0.8  kl=0.0300  vl=0.1591
Step: 13787136 SPS: 3158  ev=0.662  ent=0.367  grad=0.87/0.50  h=0.2 c=0.6  kl=0.0348  vl=0.1348
Step: 13791232 SPS: 3158  ev=0.702  ent=0.360  grad=0.40/0.40  h=0.1 c=0.4  kl=0.0563  vl=0.1442
Step: 13795328 SPS: 3158  ev=0.641  ent=0.391  grad=0.43/0.43  h=0.2 c=0.3  kl=0.0212  vl=0.1658
Step: 13799424 SPS: 3158  ev=0.672  ent=0.372  grad=0.43/0.43  h=0.1 c=0.4  kl=0.0474  vl=0.1159
Step: 13803520 SPS: 3158  ev=0.645  ent=0.383  grad=0.45/0.45  h=0.1 c=0.5  kl=0.0228  vl=0.1419
Step: 13807616 SPS: 3158  ev=0.652  ent=0.378  grad=0.47/0.47  h=0.1 c=0.4  kl=0.0419  vl=0.1167
Step: 13811712 SPS: 3158  ev=0.635  ent=0.400  grad=0.51/0.50  h=0.2 c=0.6  kl=0.0924  vl=0.1330
Step: 13815808 SPS: 3158  ev=0.667  ent=0.419  grad=0.61/0.50  h=0.2 c=0.7  kl=0.0328  vl=0.1542
Step: 13819904 SPS: 3158  ev=0.634  ent=0.391  grad=0.45/0.45  h=0.2 c=0.7  kl=0.0649  vl=0.1797
Step: 13824000 SPS: 3158  ev=0.658  ent=0.402  grad=0.39/0.39  h=0.1 c=0.8  kl=0.0440  vl=0.1616
Step: 13828096 SPS: 3158  ev=0.698  ent=0.383  grad=0.59/0.50  h=0.2 c=0.7  kl=0.0448  vl=0.1319
Step: 13832192 SPS: 3158  ev=0.651  ent=0.374  grad=0.66/0.50  h=0.1 c=0.8  kl=0.0284  vl=0.1157
Step: 13836288 SPS: 3158  ev=0.659  ent=0.386  grad=0.41/0.41  h=0.2 c=0.5  kl=0.0230  vl=0.1433
Step: 13840384 SPS: 3158  ev=0.677  ent=0.365  grad=0.57/0.50  h=0.1 c=0.7  kl=0.0568  vl=0.1456
  vs Heur:   46W/56L/0D | score=19.1±28.3 inv=2.0 played=11.4 lanes=2.8 ddraw=1.6 pts=19
  vs Random: 107W/0L/0D | score=26.5±26.6 inv=1.7 played=12.2 lanes=2.8 ddraw=0.3 pts=26
  Self-play: 49W/54L/2D | score=12.4±21.9 inv=1.4 played=10.6 lanes=2.7 ddraw=0.7 pts=12
Step: 13844480 SPS: 3158  ev=0.668  ent=0.396  grad=0.84/0.50  h=0.1 c=0.5  kl=0.0415  vl=0.1647
Step: 13848576 SPS: 3158  ev=0.653  ent=0.379  grad=0.50/0.50  h=0.1 c=0.4  kl=0.0455  vl=0.1723
