[force_scratch:ent01] force_prob=0.5 gpu=0 start 2026-06-10 14:32:20
wandb: [wandb.login()] Loaded credentials for https://api.wandb.ai from /home/zzhang18/.netrc.
wandb: Currently logged in as: nchen3 (ningcong-chen) to https://api.wandb.ai. Use `wandb login --relogin` to force relogin
wandb: setting up run eqnixgur
wandb: Tracking run with wandb version 0.25.1
wandb: Run data is saved locally in /home/zzhang18/nchen3/eco/wandb/run-20260610_143223-eqnixgur
wandb: Run `wandb offline` to turn off syncing.
wandb: Syncing run lc__lc_ppo_force_scratch_ent01__1__1781116343
wandb: ⭐️ View project at https://wandb.ai/ningcong-chen/ppo-eco
wandb: 🚀 View run at https://wandb.ai/ningcong-chen/ppo-eco/runs/eqnixgur
Agent params: 2,312,805
Frozen opponent (sync every 50 iters)
/home/zzhang18/nchen3/eco/game/lc/batch_stepper.py:144: NumbaTypeSafetyWarning: [1m[1m[1munsafe cast from uint64 to int64. Precision may be lost.[0m[0m[0m
  s = states[i]
Step: 4096 SPS: 272  ev=-0.139  ent=2.800  grad=3.59/0.50  h=0.0 c=1.8  kl=0.0160  vl=0.2676
Step: 8192 SPS: 514  ev=0.073  ent=2.623  grad=2.04/0.50  h=0.2 c=1.7  kl=0.0167  vl=0.3173
Step: 12288 SPS: 739  ev=0.144  ent=2.576  grad=2.32/0.50  h=0.2 c=2.4  kl=0.0139  vl=0.1497
Step: 16384 SPS: 925  ev=0.241  ent=2.669  grad=3.50/0.50  h=0.1 c=2.5  kl=0.0175  vl=0.4641
Step: 20480 SPS: 1096  ev=0.325  ent=2.575  grad=1.73/0.50  h=0.2 c=3.2  kl=0.0176  vl=0.1512
Step: 24576 SPS: 1249  ev=0.406  ent=2.424  grad=0.39/0.39  h=0.2 c=3.3  kl=0.0175  vl=0.1422
Step: 28672 SPS: 1383  ev=0.438  ent=2.477  grad=3.79/0.50  h=0.1 c=2.4  kl=0.0109  vl=0.2844
Step: 32768 SPS: 1509  ev=0.458  ent=2.548  grad=0.54/0.50  h=0.2 c=2.4  kl=0.0171  vl=0.1518
Step: 36864 SPS: 1629  ev=0.542  ent=2.385  grad=0.99/0.50  h=0.2 c=3.1  kl=0.0193  vl=0.1106
Step: 40960 SPS: 1731  ev=0.557  ent=2.305  grad=1.45/0.50  h=0.2 c=3.0  kl=0.0204  vl=0.1449
Step: 45056 SPS: 1824  ev=0.558  ent=2.443  grad=0.71/0.50  h=0.1 c=3.8  kl=0.0228  vl=0.1633
Step: 49152 SPS: 1917  ev=0.609  ent=2.199  grad=1.74/0.50  h=0.2 c=4.0  kl=0.0186  vl=0.1344
Step: 53248 SPS: 1994  ev=0.601  ent=2.154  grad=1.49/0.50  h=0.2 c=2.6  kl=0.0163  vl=0.2006
Step: 57344 SPS: 2067  ev=0.553  ent=2.222  grad=0.44/0.44  h=0.0 c=2.8  kl=0.0283  vl=0.1570
Step: 61440 SPS: 2134  ev=0.561  ent=2.112  grad=2.56/0.50  h=0.1 c=3.8  kl=0.0114  vl=0.1928
Step: 65536 SPS: 2188  ev=0.555  ent=2.002  grad=1.46/0.50  h=0.2 c=3.9  kl=0.0189  vl=0.1372
Step: 69632 SPS: 2239  ev=0.598  ent=2.002  grad=0.55/0.50  h=0.1 c=3.1  kl=0.0259  vl=0.1547
Step: 73728 SPS: 2298  ev=0.641  ent=1.943  grad=2.19/0.50  h=0.2 c=3.5  kl=0.0219  vl=0.1423
Step: 77824 SPS: 2347  ev=0.607  ent=1.944  grad=0.73/0.50  h=0.2 c=2.3  kl=0.0221  vl=0.1291
  vs Heur:   0W/108L/0D | score=-38.6±18.2 inv=1.0 played=11.0 lanes=5.0 ddraw=4.7 pts=-39
  vs Random: 93W/4L/3D | score=-23.2±14.0 inv=0.4 played=11.2 lanes=5.0 ddraw=2.2 pts=-23
  Self-play: 55W/46L/2D | score=-25.9±15.5 inv=0.4 played=10.9 lanes=5.0 ddraw=2.4 pts=-26
Step: 81920 SPS: 2391  ev=0.601  ent=1.995  grad=2.37/0.50  h=0.1 c=3.4  kl=0.0237  vl=0.1602
Step: 86016 SPS: 2433  ev=0.544  ent=1.999  grad=0.64/0.50  h=0.2 c=4.4  kl=0.0209  vl=0.1318
Step: 90112 SPS: 2484  ev=0.595  ent=1.935  grad=0.93/0.50  h=0.2 c=3.6  kl=0.0194  vl=0.1328
Step: 94208 SPS: 2525  ev=0.556  ent=1.955  grad=0.61/0.50  h=0.1 c=4.0  kl=0.0193  vl=0.1367
Step: 98304 SPS: 2572  ev=0.616  ent=2.033  grad=2.18/0.50  h=0.1 c=3.8  kl=0.0279  vl=0.1971
Step: 102400 SPS: 2621  ev=0.594  ent=1.957  grad=1.32/0.50  h=0.1 c=3.9  kl=0.0151  vl=0.1385
Step: 106496 SPS: 2657  ev=0.597  ent=1.887  grad=1.56/0.50  h=0.2 c=3.0  kl=0.0248  vl=0.1629
Step: 110592 SPS: 2688  ev=0.528  ent=2.049  grad=1.20/0.50  h=0.0 c=3.5  kl=0.0276  vl=0.1986
Step: 114688 SPS: 2718  ev=0.598  ent=1.989  grad=1.24/0.50  h=0.1 c=3.8  kl=0.0225  vl=0.1399
Step: 118784 SPS: 2740  ev=0.622  ent=1.919  grad=1.06/0.50  h=0.1 c=4.1  kl=0.0263  vl=0.1217
Step: 122880 SPS: 2761  ev=0.623  ent=1.993  grad=0.58/0.50  h=0.0 c=3.5  kl=0.0172  vl=0.1739
Step: 126976 SPS: 2791  ev=0.602  ent=2.009  grad=0.87/0.50  h=0.1 c=2.6  kl=0.0242  vl=0.1095
Step: 131072 SPS: 2813  ev=0.618  ent=1.866  grad=1.57/0.50  h=0.1 c=2.6  kl=0.0197  vl=0.1482
Step: 135168 SPS: 2832  ev=0.601  ent=1.894  grad=0.91/0.50  h=0.1 c=2.4  kl=0.0188  vl=0.1391
Step: 139264 SPS: 2851  ev=0.603  ent=1.979  grad=1.52/0.50  h=0.1 c=3.1  kl=0.0304  vl=0.1117
Step: 143360 SPS: 2872  ev=0.682  ent=1.850  grad=0.54/0.50  h=0.1 c=3.4  kl=0.0209  vl=0.1098
Step: 147456 SPS: 2889  ev=0.685  ent=1.851  grad=1.58/0.50  h=0.1 c=4.5  kl=0.0300  vl=0.1524
Step: 151552 SPS: 2905  ev=0.596  ent=1.890  grad=0.60/0.50  h=0.1 c=2.5  kl=0.0162  vl=0.1010
Step: 155648 SPS: 2921  ev=0.575  ent=1.815  grad=0.78/0.50  h=0.1 c=3.7  kl=0.0247  vl=0.1674
Step: 159744 SPS: 2935  ev=0.616  ent=1.801  grad=0.72/0.50  h=0.2 c=3.8  kl=0.0182  vl=0.1525
  vs Heur:   1W/105L/0D | score=-29.0±14.5 inv=0.4 played=10.8 lanes=5.0 ddraw=4.8 pts=-29
  vs Random: 101W/2L/1D | score=-19.4±14.9 inv=0.2 played=11.6 lanes=5.0 ddraw=2.1 pts=-19
  Self-play: 51W/51L/1D | score=-20.9±15.6 inv=0.3 played=11.3 lanes=5.0 ddraw=2.5 pts=-21
Step: 163840 SPS: 2943  ev=0.616  ent=1.861  grad=1.18/0.50  h=0.0 c=3.3  kl=0.0280  vl=0.1038
Step: 167936 SPS: 2961  ev=0.656  ent=1.817  grad=1.14/0.50  h=0.1 c=3.0  kl=0.0223  vl=0.1464
Step: 172032 SPS: 2979  ev=0.646  ent=1.781  grad=0.98/0.50  h=0.1 c=3.5  kl=0.0245  vl=0.1454
Step: 176128 SPS: 2993  ev=0.617  ent=1.838  grad=1.36/0.50  h=0.0 c=3.0  kl=0.0225  vl=0.1301
Step: 180224 SPS: 3005  ev=0.588  ent=1.806  grad=0.71/0.50  h=0.1 c=3.8  kl=0.0187  vl=0.1719
Step: 184320 SPS: 3029  ev=0.638  ent=1.756  grad=1.21/0.50  h=0.1 c=3.3  kl=0.0210  vl=0.1053
Step: 188416 SPS: 3046  ev=0.621  ent=1.796  grad=2.34/0.50  h=0.0 c=2.5  kl=0.0203  vl=0.1714
Step: 192512 SPS: 3057  ev=0.598  ent=1.785  grad=1.42/0.50  h=0.1 c=2.2  kl=0.0291  vl=0.1221
Step: 196608 SPS: 3073  ev=0.658  ent=1.732  grad=1.93/0.50  h=0.2 c=3.2  kl=0.0228  vl=0.1644
Step: 200704 SPS: 3083  ev=0.645  ent=1.700  grad=1.46/0.50  h=0.2 c=2.1  kl=0.0308  vl=0.1904
Step: 204800 SPS: 3091  ev=0.629  ent=1.792  grad=1.40/0.50  h=0.2 c=3.0  kl=0.0250  vl=0.1546
Step: 208896 SPS: 3101  ev=0.576  ent=1.698  grad=0.92/0.50  h=0.2 c=6.2  kl=0.0215  vl=0.1712
Step: 212992 SPS: 3115  ev=0.488  ent=1.645  grad=0.80/0.50  h=0.1 c=6.2  kl=0.0242  vl=0.1213
Step: 217088 SPS: 3128  ev=0.580  ent=1.659  grad=2.15/0.50  h=0.3 c=4.1  kl=0.0225  vl=0.1422
Step: 221184 SPS: 3137  ev=0.568  ent=1.692  grad=1.38/0.50  h=0.2 c=5.1  kl=0.0204  vl=0.1295
Step: 225280 SPS: 3149  ev=0.619  ent=1.651  grad=1.11/0.50  h=0.1 c=4.9  kl=0.0252  vl=0.1100
Step: 229376 SPS: 3157  ev=0.602  ent=1.624  grad=1.47/0.50  h=0.1 c=3.3  kl=0.0203  vl=0.0993
Step: 233472 SPS: 3168  ev=0.569  ent=1.619  grad=2.93/0.50  h=0.2 c=3.7  kl=0.0303  vl=0.1136
Step: 237568 SPS: 3175  ev=0.610  ent=1.586  grad=0.61/0.50  h=0.1 c=2.9  kl=0.0265  vl=0.1273
Step: 241664 SPS: 3181  ev=0.632  ent=1.531  grad=0.85/0.50  h=0.1 c=2.4  kl=0.0292  vl=0.1275
  vs Heur:   4W/97L/0D | score=-25.2±14.5 inv=0.3 played=11.3 lanes=5.0 ddraw=4.7 pts=-25
  vs Random: 100W/1L/0D | score=-10.6±14.2 inv=0.2 played=12.7 lanes=5.0 ddraw=1.3 pts=-11
  Self-play: 54W/48L/0D | score=-15.8±14.9 inv=0.2 played=11.9 lanes=5.0 ddraw=2.5 pts=-16
Step: 245760 SPS: 3189  ev=0.551  ent=1.588  grad=0.83/0.50  h=0.2 c=1.6  kl=0.0275  vl=0.1242
Step: 249856 SPS: 3198  ev=0.545  ent=1.500  grad=0.69/0.50  h=0.1 c=2.2  kl=0.0304  vl=0.1317
Step: 253952 SPS: 3207  ev=0.665  ent=1.486  grad=0.81/0.50  h=0.1 c=2.8  kl=0.0274  vl=0.1061
Step: 258048 SPS: 3212  ev=0.603  ent=1.513  grad=1.67/0.50  h=0.2 c=2.1  kl=0.0240  vl=0.1112
Step: 262144 SPS: 3220  ev=0.564  ent=1.499  grad=1.52/0.50  h=0.2 c=2.5  kl=0.0347  vl=0.1175
Step: 266240 SPS: 3231  ev=0.619  ent=1.417  grad=0.79/0.50  h=0.3 c=3.5  kl=0.0252  vl=0.1121
Step: 270336 SPS: 3242  ev=0.645  ent=1.447  grad=0.89/0.50  h=0.4 c=2.9  kl=0.0302  vl=0.1483
Step: 274432 SPS: 3256  ev=0.629  ent=1.410  grad=0.73/0.50  h=0.3 c=2.3  kl=0.0346  vl=0.1134
Step: 278528 SPS: 3265  ev=0.600  ent=1.508  grad=1.31/0.50  h=0.3 c=3.1  kl=0.0282  vl=0.1320
Step: 282624 SPS: 3270  ev=0.666  ent=1.517  grad=1.60/0.50  h=0.4 c=2.7  kl=0.0258  vl=0.1131
Step: 286720 SPS: 3272  ev=0.576  ent=1.535  grad=1.29/0.50  h=0.4 c=2.9  kl=0.0200  vl=0.1005
Step: 290816 SPS: 3277  ev=0.661  ent=1.477  grad=0.91/0.50  h=0.3 c=2.3  kl=0.0260  vl=0.1039
Step: 294912 SPS: 3280  ev=0.608  ent=1.449  grad=0.79/0.50  h=0.4 c=2.9  kl=0.0336  vl=0.1611
Step: 299008 SPS: 3285  ev=0.608  ent=1.459  grad=1.13/0.50  h=0.3 c=2.8  kl=0.0279  vl=0.1376
Step: 303104 SPS: 3288  ev=0.643  ent=1.439  grad=0.72/0.50  h=0.4 c=2.1  kl=0.0343  vl=0.1149
Step: 307200 SPS: 3291  ev=0.617  ent=1.402  grad=0.79/0.50  h=0.3 c=1.9  kl=0.0192  vl=0.1194
Step: 311296 SPS: 3290  ev=0.641  ent=1.415  grad=1.21/0.50  h=0.3 c=1.9  kl=0.0238  vl=0.1230
Step: 315392 SPS: 3297  ev=0.607  ent=1.459  grad=2.38/0.50  h=0.3 c=1.6  kl=0.0297  vl=0.1286
Step: 319488 SPS: 3298  ev=0.607  ent=1.389  grad=1.76/0.50  h=0.2 c=2.0  kl=0.0304  vl=0.1442
Step: 323584 SPS: 3301  ev=0.599  ent=1.391  grad=0.91/0.50  h=0.2 c=2.1  kl=0.0347  vl=0.1343
  vs Heur:   7W/103L/0D | score=-18.0±13.3 inv=0.2 played=12.2 lanes=5.0 ddraw=4.4 pts=-18
  vs Random: 106W/2L/0D | score=-10.1±13.6 inv=0.0 played=12.9 lanes=5.0 ddraw=0.7 pts=-10
  Self-play: 58W/47L/4D | score=-12.5±15.4 inv=0.1 played=12.6 lanes=5.0 ddraw=2.4 pts=-13
Step: 327680 SPS: 3305  ev=0.647  ent=1.384  grad=0.84/0.50  h=0.2 c=2.1  kl=0.0244  vl=0.0937
Step: 331776 SPS: 3309  ev=0.618  ent=1.376  grad=0.90/0.50  h=0.3 c=3.0  kl=0.0264  vl=0.1003
Step: 335872 SPS: 3311  ev=0.581  ent=1.349  grad=1.13/0.50  h=0.2 c=1.4  kl=0.0361  vl=0.1406
Step: 339968 SPS: 3314  ev=0.602  ent=1.322  grad=1.43/0.50  h=0.3 c=1.8  kl=0.0223  vl=0.1042
Step: 344064 SPS: 3325  ev=0.635  ent=1.328  grad=0.97/0.50  h=0.3 c=3.3  kl=0.0237  vl=0.1208
Step: 348160 SPS: 3331  ev=0.596  ent=1.272  grad=1.06/0.50  h=0.2 c=3.0  kl=0.0275  vl=0.1403
Step: 352256 SPS: 3333  ev=0.541  ent=1.281  grad=1.74/0.50  h=0.2 c=2.2  kl=0.0293  vl=0.1288
Step: 356352 SPS: 3334  ev=0.651  ent=1.344  grad=1.34/0.50  h=0.2 c=2.8  kl=0.0263  vl=0.1280
Step: 360448 SPS: 3336  ev=0.606  ent=1.284  grad=0.65/0.50  h=0.2 c=2.4  kl=0.0190  vl=0.0943
Step: 364544 SPS: 3338  ev=0.640  ent=1.256  grad=2.83/0.50  h=0.2 c=1.8  kl=0.0350  vl=0.1143
Step: 368640 SPS: 3339  ev=0.578  ent=1.297  grad=0.86/0.50  h=0.2 c=1.4  kl=0.0329  vl=0.0799
Step: 372736 SPS: 3338  ev=0.600  ent=1.243  grad=0.99/0.50  h=0.2 c=1.8  kl=0.0237  vl=0.1194
Step: 376832 SPS: 3339  ev=0.611  ent=1.240  grad=1.01/0.50  h=0.1 c=2.4  kl=0.0365  vl=0.1501
Step: 380928 SPS: 3341  ev=0.555  ent=1.175  grad=0.90/0.50  h=0.2 c=2.4  kl=0.0421  vl=0.0937
Step: 385024 SPS: 3343  ev=0.581  ent=1.213  grad=1.75/0.50  h=0.2 c=2.0  kl=0.0319  vl=0.1293
Step: 389120 SPS: 3348  ev=0.614  ent=1.199  grad=1.00/0.50  h=0.2 c=2.1  kl=0.0231  vl=0.1224
Step: 393216 SPS: 3351  ev=0.574  ent=1.219  grad=0.90/0.50  h=0.3 c=2.0  kl=0.0282  vl=0.0945
Step: 397312 SPS: 3353  ev=0.629  ent=1.159  grad=1.83/0.50  h=0.2 c=2.2  kl=0.0294  vl=0.1220
Step: 401408 SPS: 3356  ev=0.605  ent=1.147  grad=1.96/0.50  h=0.2 c=1.7  kl=0.0207  vl=0.1366
Step: 405504 SPS: 3358  ev=0.588  ent=1.107  grad=0.84/0.50  h=0.2 c=1.4  kl=0.0278  vl=0.1031
  vs Heur:   14W/97L/0D | score=-11.1±15.0 inv=0.2 played=13.5 lanes=5.0 ddraw=4.3 pts=-11
  vs Random: 107W/0L/0D | score=0.0±14.5 inv=0.0 played=14.8 lanes=5.0 ddraw=0.4 pts=0
  Self-play: 51W/50L/6D | score=-6.0±14.1 inv=0.2 played=14.0 lanes=5.0 ddraw=2.4 pts=-6
Step: 409600 SPS: 3356  ev=0.625  ent=1.150  grad=0.78/0.50  h=0.3 c=1.8  kl=0.0247  vl=0.0994
Step: 413696 SPS: 3359  ev=0.549  ent=1.309  grad=1.03/0.50  h=0.3 c=2.9  kl=0.0210  vl=0.1583
Step: 417792 SPS: 3363  ev=0.547  ent=1.367  grad=1.71/0.50  h=0.2 c=1.8  kl=0.0272  vl=0.1718
Step: 421888 SPS: 3368  ev=0.600  ent=1.400  grad=2.76/0.50  h=0.3 c=2.1  kl=0.0314  vl=0.1033
Step: 425984 SPS: 3368  ev=0.571  ent=1.408  grad=1.14/0.50  h=0.3 c=2.2  kl=0.0325  vl=0.1297
Step: 430080 SPS: 3368  ev=0.590  ent=1.425  grad=0.85/0.50  h=0.3 c=2.1  kl=0.0213  vl=0.1286
Step: 434176 SPS: 3366  ev=0.561  ent=1.373  grad=1.08/0.50  h=0.3 c=1.8  kl=0.0313  vl=0.1607
Step: 438272 SPS: 3366  ev=0.613  ent=1.388  grad=1.93/0.50  h=0.3 c=3.0  kl=0.0298  vl=0.1314
Step: 442368 SPS: 3368  ev=0.608  ent=1.302  grad=0.68/0.50  h=0.2 c=2.1  kl=0.0304  vl=0.1218
Step: 446464 SPS: 3370  ev=0.541  ent=1.367  grad=0.79/0.50  h=0.3 c=1.7  kl=0.0275  vl=0.1444
Step: 450560 SPS: 3372  ev=0.585  ent=1.365  grad=1.28/0.50  h=0.2 c=2.5  kl=0.0268  vl=0.1187
Step: 454656 SPS: 3372  ev=0.605  ent=1.263  grad=0.81/0.50  h=0.2 c=1.8  kl=0.0344  vl=0.1038
Step: 458752 SPS: 3374  ev=0.504  ent=1.300  grad=2.03/0.50  h=0.4 c=2.1  kl=0.0397  vl=0.1185
Step: 462848 SPS: 3377  ev=0.539  ent=1.360  grad=1.07/0.50  h=0.3 c=2.0  kl=0.0309  vl=0.1589
Step: 466944 SPS: 3377  ev=0.571  ent=1.342  grad=2.29/0.50  h=0.1 c=2.2  kl=0.0363  vl=0.1234
Step: 471040 SPS: 3375  ev=0.558  ent=1.264  grad=1.70/0.50  h=0.2 c=1.9  kl=0.0318  vl=0.1007
Step: 475136 SPS: 3377  ev=0.594  ent=1.348  grad=1.32/0.50  h=0.2 c=2.2  kl=0.0329  vl=0.1238
Step: 479232 SPS: 3377  ev=0.555  ent=1.304  grad=1.19/0.50  h=0.1 c=2.9  kl=0.0320  vl=0.1083
Step: 483328 SPS: 3380  ev=0.592  ent=1.279  grad=1.08/0.50  h=0.1 c=1.9  kl=0.0418  vl=0.0924
Step: 487424 SPS: 3381  ev=0.538  ent=1.276  grad=0.92/0.50  h=0.2 c=2.5  kl=0.0339  vl=0.1167
  vs Heur:   21W/83L/1D | score=-11.8±22.1 inv=1.9 played=15.9 lanes=5.0 ddraw=3.9 pts=-12
  vs Random: 105W/0L/1D | score=-3.2±15.4 inv=1.1 played=15.7 lanes=5.0 ddraw=0.5 pts=-3
  Self-play: 58W/52L/2D | score=-8.9±20.0 inv=1.2 played=15.2 lanes=5.0 ddraw=2.5 pts=-9
Step: 491520 SPS: 3383  ev=0.580  ent=1.236  grad=0.75/0.50  h=0.2 c=2.6  kl=0.1000  vl=0.1267
Step: 495616 SPS: 3386  ev=0.534  ent=1.209  grad=1.64/0.50  h=0.2 c=2.6  kl=0.0338  vl=0.1512
Step: 499712 SPS: 3386  ev=0.443  ent=1.197  grad=1.02/0.50  h=0.2 c=2.4  kl=0.0398  vl=0.1269
Step: 503808 SPS: 3387  ev=0.563  ent=1.216  grad=1.26/0.50  h=0.2 c=3.6  kl=0.0390  vl=0.1281
Step: 507904 SPS: 3386  ev=0.582  ent=1.193  grad=1.84/0.50  h=0.2 c=2.7  kl=0.0281  vl=0.1218
Step: 512000 SPS: 3386  ev=0.529  ent=1.199  grad=1.00/0.50  h=0.1 c=3.1  kl=0.0315  vl=0.1308
Step: 516096 SPS: 3387  ev=0.587  ent=1.242  grad=0.66/0.50  h=0.1 c=3.5  kl=0.0352  vl=0.1129
Step: 520192 SPS: 3389  ev=0.582  ent=1.234  grad=0.87/0.50  h=0.1 c=4.5  kl=0.0302  vl=0.1542
Step: 524288 SPS: 3390  ev=0.533  ent=1.223  grad=1.04/0.50  h=0.1 c=3.7  kl=0.0525  vl=0.1399
Step: 528384 SPS: 3392  ev=0.559  ent=1.210  grad=0.84/0.50  h=0.0 c=3.3  kl=0.0312  vl=0.1593
Step: 532480 SPS: 3394  ev=0.599  ent=1.210  grad=0.84/0.50  h=0.1 c=3.6  kl=0.0210  vl=0.1248
Step: 536576 SPS: 3395  ev=0.570  ent=1.215  grad=0.99/0.50  h=0.1 c=2.2  kl=0.0287  vl=0.1520
Step: 540672 SPS: 3398  ev=0.517  ent=1.139  grad=0.71/0.50  h=0.2 c=2.8  kl=0.0256  vl=0.1138
Step: 544768 SPS: 3399  ev=0.551  ent=1.167  grad=0.50/0.50  h=0.1 c=3.6  kl=0.0255  vl=0.1499
Step: 548864 SPS: 3401  ev=0.564  ent=1.107  grad=0.53/0.50  h=0.1 c=2.8  kl=0.0351  vl=0.1458
Step: 552960 SPS: 3402  ev=0.565  ent=1.190  grad=1.22/0.50  h=0.1 c=3.0  kl=0.0402  vl=0.1786
Step: 557056 SPS: 3403  ev=0.559  ent=1.105  grad=0.82/0.50  h=0.1 c=4.0  kl=0.0387  vl=0.1498
Step: 561152 SPS: 3402  ev=0.528  ent=1.120  grad=1.58/0.50  h=0.1 c=3.1  kl=0.0281  vl=0.1706
Step: 565248 SPS: 3403  ev=0.554  ent=1.058  grad=0.88/0.50  h=0.1 c=2.9  kl=0.0340  vl=0.1708
Step: 569344 SPS: 3403  ev=0.597  ent=1.137  grad=0.90/0.50  h=0.2 c=2.8  kl=0.0322  vl=0.1616
  vs Heur:   30W/73L/3D | score=-8.4±26.5 inv=3.2 played=17.9 lanes=5.0 ddraw=3.2 pts=-8
  vs Random: 107W/2L/0D | score=0.4±23.2 inv=2.9 played=18.2 lanes=5.0 ddraw=0.3 pts=0
  Self-play: 49W/50L/1D | score=-6.8±21.0 inv=2.2 played=16.9 lanes=5.0 ddraw=2.3 pts=-7
Step: 573440 SPS: 3404  ev=0.556  ent=1.097  grad=1.19/0.50  h=0.1 c=4.3  kl=0.0280  vl=0.1411
Step: 577536 SPS: 3404  ev=0.596  ent=1.087  grad=0.79/0.50  h=0.2 c=2.7  kl=0.0189  vl=0.1468
Step: 581632 SPS: 3404  ev=0.587  ent=1.076  grad=0.77/0.50  h=0.1 c=2.6  kl=0.0223  vl=0.1907
Step: 585728 SPS: 3406  ev=0.537  ent=1.117  grad=0.82/0.50  h=0.1 c=3.1  kl=0.0350  vl=0.1655
Step: 589824 SPS: 3405  ev=0.511  ent=1.084  grad=1.16/0.50  h=0.2 c=2.9  kl=0.0251  vl=0.1192
Step: 593920 SPS: 3404  ev=0.538  ent=1.060  grad=1.54/0.50  h=0.1 c=3.9  kl=0.0307  vl=0.1497
Step: 598016 SPS: 3405  ev=0.456  ent=1.062  grad=0.79/0.50  h=0.0 c=3.3  kl=0.0152  vl=0.1799
Step: 602112 SPS: 3406  ev=0.554  ent=0.997  grad=0.69/0.50  h=0.0 c=3.4  kl=0.0309  vl=0.1430
Step: 606208 SPS: 3406  ev=0.527  ent=1.026  grad=0.65/0.50  h=0.2 c=3.0  kl=0.0311  vl=0.1557
Step: 610304 SPS: 3407  ev=0.465  ent=1.022  grad=0.58/0.50  h=0.1 c=3.1  kl=0.0346  vl=0.1393
Step: 614400 SPS: 3407  ev=0.551  ent=0.989  grad=0.43/0.43  h=0.1 c=3.6  kl=0.0195  vl=0.1018
Step: 618496 SPS: 3408  ev=0.471  ent=1.021  grad=1.00/0.50  h=0.1 c=2.5  kl=0.0207  vl=0.1796
Step: 622592 SPS: 3409  ev=0.482  ent=1.086  grad=0.67/0.50  h=0.1 c=2.4  kl=0.0231  vl=0.2078
Step: 626688 SPS: 3407  ev=0.444  ent=1.056  grad=1.10/0.50  h=0.1 c=2.3  kl=0.0303  vl=0.1397
Step: 630784 SPS: 3408  ev=0.521  ent=1.003  grad=0.64/0.50  h=0.0 c=2.0  kl=0.0310  vl=0.1225
Step: 634880 SPS: 3408  ev=0.511  ent=1.034  grad=1.18/0.50  h=0.1 c=2.1  kl=0.0294  vl=0.1766
Step: 638976 SPS: 3408  ev=0.507  ent=1.067  grad=0.52/0.50  h=0.2 c=1.9  kl=0.0366  vl=0.2272
Step: 643072 SPS: 3409  ev=0.442  ent=1.012  grad=0.50/0.50  h=0.1 c=2.5  kl=0.0344  vl=0.1312
Step: 647168 SPS: 3410  ev=0.512  ent=0.978  grad=0.88/0.50  h=0.1 c=2.4  kl=0.0203  vl=0.1456
Step: 651264 SPS: 3413  ev=0.517  ent=1.073  grad=0.58/0.50  h=0.1 c=2.1  kl=0.0289  vl=0.1383
  vs Heur:   31W/68L/1D | score=-4.1±25.3 inv=3.1 played=18.3 lanes=5.0 ddraw=3.1 pts=-4
  vs Random: 103W/0L/0D | score=11.1±23.2 inv=3.4 played=19.6 lanes=5.0 ddraw=0.1 pts=11
  Self-play: 52W/51L/0D | score=-3.3±24.9 inv=2.7 played=17.8 lanes=5.0 ddraw=1.9 pts=-3
Step: 655360 SPS: 3416  ev=0.497  ent=1.030  grad=0.72/0.50  h=0.2 c=2.1  kl=0.0262  vl=0.1977
Step: 659456 SPS: 3416  ev=0.525  ent=1.078  grad=1.37/0.50  h=0.1 c=2.1  kl=0.0292  vl=0.1695
Step: 663552 SPS: 3417  ev=0.513  ent=0.953  grad=0.97/0.50  h=0.2 c=2.2  kl=0.0276  vl=0.2129
Step: 667648 SPS: 3419  ev=0.503  ent=0.968  grad=2.79/0.50  h=0.2 c=2.7  kl=0.0363  vl=0.2599
Step: 671744 SPS: 3420  ev=0.536  ent=0.983  grad=0.60/0.50  h=0.1 c=2.4  kl=0.0243  vl=0.1888
Step: 675840 SPS: 3422  ev=0.510  ent=0.991  grad=2.22/0.50  h=0.1 c=2.4  kl=0.0266  vl=0.2502
Step: 679936 SPS: 3422  ev=0.495  ent=0.934  grad=3.03/0.50  h=0.1 c=2.3  kl=0.0246  vl=0.2354
Step: 684032 SPS: 3421  ev=0.531  ent=0.980  grad=0.78/0.50  h=0.1 c=2.7  kl=0.0174  vl=0.1735
Step: 688128 SPS: 3423  ev=0.533  ent=0.942  grad=1.10/0.50  h=0.1 c=2.2  kl=0.0300  vl=0.1848
Step: 692224 SPS: 3422  ev=0.506  ent=0.964  grad=0.57/0.50  h=0.2 c=3.1  kl=0.0262  vl=0.1570
Step: 696320 SPS: 3422  ev=0.541  ent=0.978  grad=0.64/0.50  h=0.2 c=2.4  kl=0.0312  vl=0.1775
Step: 700416 SPS: 3423  ev=0.515  ent=0.929  grad=2.41/0.50  h=0.2 c=1.7  kl=0.0324  vl=0.2456
Step: 704512 SPS: 3423  ev=0.495  ent=0.920  grad=0.63/0.50  h=0.1 c=2.6  kl=0.0217  vl=0.1637
Step: 708608 SPS: 3425  ev=0.473  ent=0.938  grad=1.37/0.50  h=0.1 c=2.2  kl=0.0255  vl=0.1640
Step: 712704 SPS: 3426  ev=0.430  ent=0.961  grad=0.53/0.50  h=0.1 c=1.5  kl=0.0293  vl=0.1749
Step: 716800 SPS: 3427  ev=0.494  ent=0.950  grad=0.52/0.50  h=0.2 c=2.1  kl=0.0254  vl=0.1460
Step: 720896 SPS: 3428  ev=0.525  ent=0.924  grad=0.95/0.50  h=0.2 c=1.8  kl=0.0305  vl=0.1568
Step: 724992 SPS: 3429  ev=0.511  ent=0.884  grad=1.19/0.50  h=0.1 c=1.8  kl=0.0321  vl=0.1602
Step: 729088 SPS: 3432  ev=0.423  ent=0.942  grad=1.26/0.50  h=0.1 c=1.9  kl=0.0276  vl=0.1484
Step: 733184 SPS: 3434  ev=0.497  ent=0.965  grad=0.45/0.45  h=0.1 c=1.5  kl=0.0298  vl=0.1653
  vs Heur:   28W/72L/0D | score=-2.6±22.3 inv=3.0 played=18.1 lanes=5.0 ddraw=2.2 pts=-3
  vs Random: 97W/3L/0D | score=2.7±23.7 inv=3.1 played=18.7 lanes=5.0 ddraw=0.2 pts=3
  Self-play: 49W/48L/5D | score=-12.6±25.7 inv=3.4 played=18.2 lanes=5.0 ddraw=1.1 pts=-13
Step: 737280 SPS: 3434  ev=0.504  ent=0.914  grad=0.98/0.50  h=0.1 c=1.6  kl=0.0216  vl=0.1482
Step: 741376 SPS: 3435  ev=0.519  ent=0.951  grad=1.05/0.50  h=0.2 c=1.6  kl=0.0219  vl=0.1866
Step: 745472 SPS: 3436  ev=0.544  ent=0.959  grad=0.42/0.42  h=0.2 c=2.0  kl=0.0277  vl=0.1610
Step: 749568 SPS: 3437  ev=0.521  ent=0.918  grad=0.62/0.50  h=0.2 c=2.0  kl=0.0259  vl=0.1788
Step: 753664 SPS: 3439  ev=0.514  ent=0.878  grad=1.18/0.50  h=0.1 c=1.2  kl=0.0226  vl=0.1678
Step: 757760 SPS: 3440  ev=0.554  ent=0.938  grad=0.58/0.50  h=0.2 c=1.9  kl=0.0225  vl=0.1592
Step: 761856 SPS: 3441  ev=0.524  ent=0.911  grad=1.09/0.50  h=0.1 c=1.6  kl=0.0337  vl=0.1732
Step: 765952 SPS: 3441  ev=0.582  ent=0.904  grad=0.51/0.50  h=0.1 c=2.0  kl=0.0351  vl=0.1988
Step: 770048 SPS: 3440  ev=0.561  ent=0.938  grad=1.55/0.50  h=0.2 c=1.7  kl=0.0256  vl=0.1796
Step: 774144 SPS: 3440  ev=0.492  ent=0.905  grad=1.07/0.50  h=0.2 c=1.4  kl=0.0235  vl=0.1938
Step: 778240 SPS: 3440  ev=0.543  ent=0.933  grad=0.65/0.50  h=0.2 c=2.0  kl=0.0221  vl=0.1843
Step: 782336 SPS: 3440  ev=0.563  ent=0.896  grad=0.66/0.50  h=0.2 c=1.7  kl=0.0201  vl=0.1621
Step: 786432 SPS: 3442  ev=0.516  ent=0.927  grad=0.67/0.50  h=0.2 c=1.7  kl=0.0309  vl=0.1661
Step: 790528 SPS: 3443  ev=0.530  ent=0.900  grad=0.52/0.50  h=0.2 c=1.6  kl=0.0302  vl=0.1425
Step: 794624 SPS: 3443  ev=0.475  ent=0.853  grad=0.58/0.50  h=0.2 c=1.7  kl=0.0277  vl=0.1894
Step: 798720 SPS: 3444  ev=0.541  ent=0.876  grad=0.58/0.50  h=0.2 c=1.9  kl=0.0300  vl=0.2043
Step: 802816 SPS: 3445  ev=0.522  ent=0.857  grad=0.73/0.50  h=0.2 c=1.5  kl=0.0313  vl=0.1604
Step: 806912 SPS: 3448  ev=0.518  ent=0.849  grad=0.96/0.50  h=0.2 c=2.0  kl=0.0275  vl=0.2225
Step: 811008 SPS: 3450  ev=0.509  ent=0.841  grad=1.22/0.50  h=0.2 c=2.4  kl=0.0268  vl=0.1943
Step: 815104 SPS: 3449  ev=0.528  ent=0.888  grad=0.66/0.50  h=0.2 c=2.9  kl=0.0226  vl=0.1663
  vs Heur:   26W/71L/5D | score=-8.2±26.0 inv=3.3 played=18.4 lanes=5.0 ddraw=2.6 pts=-8
  vs Random: 98W/2L/0D | score=15.8±28.7 inv=3.5 played=19.9 lanes=5.0 ddraw=0.2 pts=16
  Self-play: 52W/47L/2D | score=-3.6±26.0 inv=3.4 played=18.9 lanes=5.0 ddraw=0.9 pts=-4
Step: 819200 SPS: 3449  ev=0.505  ent=0.855  grad=0.99/0.50  h=0.1 c=2.5  kl=0.0268  vl=0.1610
Step: 823296 SPS: 3449  ev=0.529  ent=0.823  grad=0.55/0.50  h=0.1 c=1.8  kl=0.0226  vl=0.2273
Step: 827392 SPS: 3450  ev=0.543  ent=0.874  grad=1.27/0.50  h=0.1 c=2.3  kl=0.0190  vl=0.2806
Step: 831488 SPS: 3450  ev=0.497  ent=0.850  grad=0.53/0.50  h=0.2 c=2.5  kl=0.0187  vl=0.1566
Step: 835584 SPS: 3451  ev=0.578  ent=0.881  grad=0.56/0.50  h=0.2 c=2.9  kl=0.0160  vl=0.1706
Step: 839680 SPS: 3450  ev=0.565  ent=0.822  grad=0.54/0.50  h=0.2 c=3.0  kl=0.0324  vl=0.1863
Step: 843776 SPS: 3450  ev=0.581  ent=0.839  grad=0.70/0.50  h=0.2 c=2.3  kl=0.0249  vl=0.1615
Step: 847872 SPS: 3449  ev=0.554  ent=0.829  grad=1.29/0.50  h=0.2 c=2.4  kl=0.0371  vl=0.2353
Step: 851968 SPS: 3450  ev=0.555  ent=0.829  grad=0.46/0.46  h=0.2 c=2.7  kl=0.0275  vl=0.1606
Step: 856064 SPS: 3450  ev=0.590  ent=0.821  grad=0.70/0.50  h=0.3 c=1.8  kl=0.0135  vl=0.1765
Step: 860160 SPS: 3451  ev=0.581  ent=0.798  grad=1.62/0.50  h=0.2 c=2.2  kl=0.0244  vl=0.1772
Step: 864256 SPS: 3450  ev=0.584  ent=0.806  grad=0.54/0.50  h=0.2 c=2.3  kl=0.0270  vl=0.1943
Step: 868352 SPS: 3450  ev=0.549  ent=0.856  grad=0.81/0.50  h=0.2 c=1.8  kl=0.0303  vl=0.1905
Step: 872448 SPS: 3449  ev=0.555  ent=0.787  grad=0.76/0.50  h=0.2 c=2.2  kl=0.0279  vl=0.2627
Step: 876544 SPS: 3451  ev=0.593  ent=0.797  grad=1.21/0.50  h=0.2 c=2.3  kl=0.0189  vl=0.2342
Step: 880640 SPS: 3453  ev=0.568  ent=0.855  grad=0.90/0.50  h=0.2 c=2.2  kl=0.0187  vl=0.1807
Step: 884736 SPS: 3456  ev=0.575  ent=0.797  grad=0.90/0.50  h=0.2 c=2.1  kl=0.0198  vl=0.2203
Step: 888832 SPS: 3458  ev=0.597  ent=0.832  grad=0.55/0.50  h=0.1 c=2.9  kl=0.0209  vl=0.2387
Step: 892928 SPS: 3459  ev=0.555  ent=0.834  grad=1.13/0.50  h=0.0 c=2.7  kl=0.0290  vl=0.1622
Step: 897024 SPS: 3459  ev=0.566  ent=0.791  grad=0.50/0.50  h=0.2 c=2.2  kl=0.0240  vl=0.1855
  vs Heur:   39W/62L/0D | score=0.5±22.4 inv=3.3 played=18.5 lanes=5.0 ddraw=2.4 pts=0
  vs Random: 101W/3L/0D | score=13.7±25.6 inv=3.5 played=19.8 lanes=5.0 ddraw=0.3 pts=14
  Self-play: 55W/46L/0D | score=-3.9±21.7 inv=3.3 played=18.8 lanes=5.0 ddraw=1.1 pts=-4
Step: 901120 SPS: 3460  ev=0.582  ent=0.825  grad=0.61/0.50  h=0.2 c=2.9  kl=0.0255  vl=0.2116
Step: 905216 SPS: 3461  ev=0.517  ent=0.827  grad=0.56/0.50  h=0.2 c=2.6  kl=0.0323  vl=0.1672
Step: 909312 SPS: 3462  ev=0.550  ent=0.810  grad=0.56/0.50  h=0.2 c=3.6  kl=0.0209  vl=0.1560
Step: 913408 SPS: 3462  ev=0.602  ent=0.830  grad=0.48/0.48  h=0.2 c=3.1  kl=0.0224  vl=0.1917
Step: 917504 SPS: 3463  ev=0.541  ent=0.759  grad=0.89/0.50  h=0.2 c=2.9  kl=0.0297  vl=0.2544
Step: 921600 SPS: 3464  ev=0.568  ent=0.798  grad=0.54/0.50  h=0.2 c=2.8  kl=0.0222  vl=0.2653
Step: 925696 SPS: 3464  ev=0.578  ent=0.821  grad=0.49/0.49  h=0.2 c=2.4  kl=0.0306  vl=0.1915
Step: 929792 SPS: 3464  ev=0.603  ent=0.754  grad=0.65/0.50  h=0.2 c=1.9  kl=0.0210  vl=0.1743
Step: 933888 SPS: 3465  ev=0.555  ent=0.760  grad=0.79/0.50  h=0.1 c=2.3  kl=0.0279  vl=0.2176
Step: 937984 SPS: 3462  ev=0.545  ent=0.772  grad=0.50/0.50  h=0.2 c=2.4  kl=0.0224  vl=0.2222
Step: 942080 SPS: 3462  ev=0.618  ent=0.796  grad=1.15/0.50  h=0.1 c=2.2  kl=0.0241  vl=0.1601
Step: 946176 SPS: 3463  ev=0.627  ent=0.774  grad=0.46/0.46  h=0.1 c=2.8  kl=0.0239  vl=0.2177
Step: 950272 SPS: 3463  ev=0.580  ent=0.778  grad=1.08/0.50  h=0.2 c=2.3  kl=0.0240  vl=0.2127
Step: 954368 SPS: 3464  ev=0.576  ent=0.772  grad=0.61/0.50  h=0.2 c=2.8  kl=0.0225  vl=0.1992
Step: 958464 SPS: 3466  ev=0.601  ent=0.789  grad=1.43/0.50  h=0.1 c=2.3  kl=0.0240  vl=0.1882
Step: 962560 SPS: 3469  ev=0.553  ent=0.796  grad=2.04/0.50  h=0.2 c=3.3  kl=0.0326  vl=0.2196
Step: 966656 SPS: 3470  ev=0.585  ent=0.782  grad=0.47/0.47  h=0.1 c=2.3  kl=0.0226  vl=0.1887
Step: 970752 SPS: 3471  ev=0.594  ent=0.757  grad=0.93/0.50  h=0.1 c=2.7  kl=0.0480  vl=0.2722
Step: 974848 SPS: 3472  ev=0.542  ent=0.733  grad=0.69/0.50  h=0.1 c=2.3  kl=0.0270  vl=0.1792
Step: 978944 SPS: 3472  ev=0.611  ent=0.773  grad=0.98/0.50  h=0.1 c=2.5  kl=0.0328  vl=0.1733
  vs Heur:   40W/60L/1D | score=0.5±29.4 inv=3.3 played=18.8 lanes=5.0 ddraw=2.0 pts=0
  vs Random: 101W/1L/1D | score=7.2±22.3 inv=3.3 played=19.6 lanes=5.0 ddraw=0.3 pts=7
  Self-play: 56W/48L/2D | score=-1.2±22.9 inv=3.4 played=18.8 lanes=5.0 ddraw=0.9 pts=-1
Step: 983040 SPS: 3472  ev=0.510  ent=0.804  grad=0.52/0.50  h=0.1 c=2.3  kl=0.0410  vl=0.1763
Step: 987136 SPS: 3472  ev=0.559  ent=0.786  grad=0.38/0.38  h=0.2 c=2.1  kl=0.0295  vl=0.2505
Step: 991232 SPS: 3473  ev=0.555  ent=0.722  grad=0.39/0.39  h=0.1 c=2.4  kl=0.0441  vl=0.1768
Step: 995328 SPS: 3473  ev=0.530  ent=0.815  grad=0.76/0.50  h=0.2 c=3.5  kl=0.0338  vl=0.1825
Step: 999424 SPS: 3473  ev=0.571  ent=0.754  grad=1.12/0.50  h=0.2 c=2.8  kl=0.0384  vl=0.2024
Step: 1003520 SPS: 3474  ev=0.558  ent=0.734  grad=1.60/0.50  h=0.2 c=2.2  kl=0.0325  vl=0.2573
Step: 1007616 SPS: 3475  ev=0.562  ent=0.778  grad=0.55/0.50  h=0.2 c=2.0  kl=0.0303  vl=0.1699
Step: 1011712 SPS: 3475  ev=0.591  ent=0.703  grad=1.69/0.50  h=0.2 c=2.0  kl=0.0376  vl=0.2031
Step: 1015808 SPS: 3476  ev=0.575  ent=0.717  grad=1.73/0.50  h=0.2 c=1.9  kl=0.0386  vl=0.1605
Step: 1019904 SPS: 3476  ev=0.536  ent=0.746  grad=0.50/0.50  h=0.2 c=2.0  kl=0.0300  vl=0.1810
Step: 1024000 SPS: 3477  ev=0.580  ent=0.755  grad=0.88/0.50  h=0.1 c=2.1  kl=0.0313  vl=0.2026
Step: 1028096 SPS: 3477  ev=0.556  ent=0.740  grad=0.57/0.50  h=0.1 c=2.4  kl=0.0196  vl=0.1829
Step: 1032192 SPS: 3478  ev=0.579  ent=0.717  grad=1.31/0.50  h=0.2 c=2.4  kl=0.0267  vl=0.2249
Step: 1036288 SPS: 3479  ev=0.617  ent=0.754  grad=0.55/0.50  h=0.2 c=2.5  kl=0.0261  vl=0.1568
Step: 1040384 SPS: 3482  ev=0.617  ent=0.729  grad=1.01/0.50  h=0.2 c=2.7  kl=0.0227  vl=0.1644
Step: 1044480 SPS: 3482  ev=0.580  ent=0.761  grad=0.65/0.50  h=0.2 c=2.9  kl=0.0344  vl=0.1524
Step: 1048576 SPS: 3483  ev=0.592  ent=0.760  grad=0.97/0.50  h=0.1 c=2.8  kl=0.0247  vl=0.1780
Step: 1052672 SPS: 3484  ev=0.546  ent=0.741  grad=0.74/0.50  h=0.1 c=2.3  kl=0.0278  vl=0.1824
Step: 1056768 SPS: 3484  ev=0.524  ent=0.734  grad=0.97/0.50  h=0.1 c=3.2  kl=0.0388  vl=0.1771
Step: 1060864 SPS: 3485  ev=0.614  ent=0.718  grad=1.59/0.50  h=0.1 c=2.2  kl=0.0341  vl=0.2284
  vs Heur:   39W/60L/1D | score=2.1±23.7 inv=3.1 played=18.7 lanes=5.0 ddraw=1.9 pts=2
  vs Random: 104W/1L/0D | score=6.8±24.2 inv=3.1 played=19.6 lanes=5.0 ddraw=0.5 pts=7
  Self-play: 55W/49L/1D | score=-1.2±25.6 inv=3.2 played=18.7 lanes=5.0 ddraw=0.9 pts=-1
Step: 1064960 SPS: 3485  ev=0.568  ent=0.724  grad=1.03/0.50  h=0.2 c=1.8  kl=0.0260  vl=0.1571
Step: 1069056 SPS: 3484  ev=0.579  ent=0.730  grad=0.95/0.50  h=0.2 c=2.9  kl=0.0289  vl=0.1666
Step: 1073152 SPS: 3484  ev=0.571  ent=0.724  grad=0.56/0.50  h=0.1 c=2.8  kl=0.0252  vl=0.1725
Step: 1077248 SPS: 3485  ev=0.575  ent=0.728  grad=1.29/0.50  h=0.2 c=3.4  kl=0.0266  vl=0.1293
Step: 1081344 SPS: 3484  ev=0.605  ent=0.749  grad=0.72/0.50  h=0.2 c=2.8  kl=0.0212  vl=0.1647
Step: 1085440 SPS: 3484  ev=0.560  ent=0.691  grad=0.62/0.50  h=0.1 c=3.1  kl=0.0207  vl=0.1705
Step: 1089536 SPS: 3485  ev=0.618  ent=0.696  grad=0.43/0.43  h=0.2 c=3.0  kl=0.0318  vl=0.2297
Step: 1093632 SPS: 3486  ev=0.561  ent=0.708  grad=0.79/0.50  h=0.2 c=2.5  kl=0.0218  vl=0.2088
Step: 1097728 SPS: 3486  ev=0.603  ent=0.755  grad=1.46/0.50  h=0.2 c=2.5  kl=0.0271  vl=0.1701
Step: 1101824 SPS: 3487  ev=0.522  ent=0.742  grad=1.06/0.50  h=0.2 c=2.3  kl=0.0339  vl=0.1852
Step: 1105920 SPS: 3487  ev=0.556  ent=0.700  grad=0.78/0.50  h=0.2 c=2.6  kl=0.0374  vl=0.1875
Step: 1110016 SPS: 3487  ev=0.611  ent=0.713  grad=1.01/0.50  h=0.1 c=3.1  kl=0.0227  vl=0.2156
Step: 1114112 SPS: 3488  ev=0.609  ent=0.703  grad=1.14/0.50  h=0.1 c=3.0  kl=0.0274  vl=0.1291
Step: 1118208 SPS: 3490  ev=0.595  ent=0.679  grad=0.47/0.47  h=0.1 c=2.2  kl=0.0217  vl=0.2126
Step: 1122304 SPS: 3491  ev=0.599  ent=0.676  grad=0.63/0.50  h=0.2 c=2.2  kl=0.0632  vl=0.1615
Step: 1126400 SPS: 3491  ev=0.595  ent=0.672  grad=0.89/0.50  h=0.1 c=3.7  kl=0.0277  vl=0.1986
Step: 1130496 SPS: 3490  ev=0.539  ent=0.700  grad=1.01/0.50  h=0.2 c=2.7  kl=0.0270  vl=0.2509
Step: 1134592 SPS: 3489  ev=0.572  ent=0.661  grad=1.19/0.50  h=0.1 c=2.2  kl=0.0236  vl=0.1595
Step: 1138688 SPS: 3489  ev=0.475  ent=0.678  grad=0.51/0.50  h=0.2 c=2.9  kl=0.0275  vl=0.1650
Step: 1142784 SPS: 3489  ev=0.577  ent=0.692  grad=1.37/0.50  h=0.1 c=1.9  kl=0.0300  vl=0.1778
  vs Heur:   36W/65L/3D | score=0.7±22.2 inv=3.4 played=19.1 lanes=5.0 ddraw=1.4 pts=1
  vs Random: 107W/0L/0D | score=6.9±21.3 inv=3.5 played=19.7 lanes=5.0 ddraw=0.5 pts=7
  Self-play: 51W/51L/1D | score=-1.3±24.5 inv=3.3 played=19.1 lanes=5.0 ddraw=0.7 pts=-1
Step: 1146880 SPS: 3489  ev=0.568  ent=0.626  grad=0.51/0.50  h=0.2 c=2.9  kl=0.0205  vl=0.1567
Step: 1150976 SPS: 3489  ev=0.574  ent=0.644  grad=1.15/0.50  h=0.2 c=2.6  kl=0.0280  vl=0.1633
Step: 1155072 SPS: 3488  ev=0.618  ent=0.670  grad=0.71/0.50  h=0.2 c=3.1  kl=0.0293  vl=0.2044
Step: 1159168 SPS: 3488  ev=0.628  ent=0.701  grad=0.59/0.50  h=0.2 c=3.2  kl=0.0400  vl=0.1606
Step: 1163264 SPS: 3489  ev=0.601  ent=0.665  grad=0.50/0.50  h=0.2 c=3.1  kl=0.0334  vl=0.1688
Step: 1167360 SPS: 3489  ev=0.570  ent=0.612  grad=1.75/0.50  h=0.2 c=3.0  kl=0.0248  vl=0.1684
Step: 1171456 SPS: 3489  ev=0.559  ent=0.704  grad=0.85/0.50  h=0.2 c=2.8  kl=0.0307  vl=0.2436
Step: 1175552 SPS: 3489  ev=0.558  ent=0.640  grad=0.53/0.50  h=0.3 c=2.5  kl=0.0220  vl=0.1769
Step: 1179648 SPS: 3488  ev=0.504  ent=0.644  grad=0.73/0.50  h=0.2 c=3.1  kl=0.0242  vl=0.1730
Step: 1183744 SPS: 3488  ev=0.582  ent=0.610  grad=1.16/0.50  h=0.3 c=3.2  kl=0.0198  vl=0.1437
Step: 1187840 SPS: 3489  ev=0.601  ent=0.655  grad=0.70/0.50  h=0.3 c=3.8  kl=0.0174  vl=0.1598
Step: 1191936 SPS: 3491  ev=0.594  ent=0.631  grad=0.66/0.50  h=0.1 c=2.8  kl=0.0307  vl=0.1377
Step: 1196032 SPS: 3491  ev=0.588  ent=0.666  grad=1.11/0.50  h=0.1 c=3.6  kl=0.0255  vl=0.1746
Step: 1200128 SPS: 3491  ev=0.597  ent=0.691  grad=0.81/0.50  h=0.1 c=3.5  kl=0.0223  vl=0.1847
Step: 1204224 SPS: 3491  ev=0.557  ent=0.640  grad=1.58/0.50  h=0.1 c=3.3  kl=0.0287  vl=0.2479
Step: 1208320 SPS: 3491  ev=0.567  ent=0.623  grad=0.42/0.42  h=0.1 c=3.1  kl=0.0264  vl=0.1695
Step: 1212416 SPS: 3490  ev=0.516  ent=0.629  grad=0.39/0.39  h=0.1 c=2.6  kl=0.0194  vl=0.1660
Step: 1216512 SPS: 3489  ev=0.573  ent=0.615  grad=0.96/0.50  h=0.1 c=2.4  kl=0.0302  vl=0.1336
Step: 1220608 SPS: 3490  ev=0.543  ent=0.645  grad=1.15/0.50  h=0.1 c=2.5  kl=0.0303  vl=0.1979
Step: 1224704 SPS: 3491  ev=0.525  ent=0.623  grad=0.75/0.50  h=0.2 c=2.6  kl=0.0193  vl=0.1977
  vs Heur:   45W/55L/3D | score=2.3±26.8 inv=3.5 played=19.0 lanes=5.0 ddraw=1.0 pts=2
  vs Random: 107W/1L/0D | score=9.9±25.4 inv=3.5 played=20.0 lanes=5.0 ddraw=0.2 pts=10
  Self-play: 48W/50L/4D | score=4.1±25.0 inv=3.4 played=19.5 lanes=5.0 ddraw=0.5 pts=4
Step: 1228800 SPS: 3491  ev=0.543  ent=0.658  grad=1.92/0.50  h=0.1 c=3.2  kl=0.0286  vl=0.2556
Step: 1232896 SPS: 3491  ev=0.586  ent=0.673  grad=0.95/0.50  h=0.1 c=2.7  kl=0.0236  vl=0.1633
Step: 1236992 SPS: 3491  ev=0.583  ent=0.637  grad=1.43/0.50  h=0.0 c=2.7  kl=0.0265  vl=0.2660
Step: 1241088 SPS: 3492  ev=0.606  ent=0.647  grad=1.10/0.50  h=0.0 c=2.3  kl=0.0186  vl=0.1893
Step: 1245184 SPS: 3493  ev=0.596  ent=0.624  grad=0.41/0.41  h=0.1 c=2.9  kl=0.0213  vl=0.2260
Step: 1249280 SPS: 3494  ev=0.632  ent=0.615  grad=0.93/0.50  h=0.0 c=2.7  kl=0.0208  vl=0.1458
Step: 1253376 SPS: 3495  ev=0.589  ent=0.667  grad=0.51/0.50  h=0.1 c=2.8  kl=0.0215  vl=0.1630
Step: 1257472 SPS: 3495  ev=0.597  ent=0.624  grad=0.55/0.50  h=0.1 c=2.4  kl=0.0251  vl=0.1665
Step: 1261568 SPS: 3495  ev=0.625  ent=0.632  grad=0.63/0.50  h=0.2 c=3.3  kl=0.0206  vl=0.2063
Step: 1265664 SPS: 3496  ev=0.567  ent=0.598  grad=0.39/0.39  h=0.1 c=3.0  kl=0.0372  vl=0.2070
Step: 1269760 SPS: 3498  ev=0.621  ent=0.613  grad=0.37/0.37  h=0.1 c=2.5  kl=0.0210  vl=0.2011
Step: 1273856 SPS: 3497  ev=0.595  ent=0.625  grad=0.85/0.50  h=0.1 c=1.8  kl=0.0293  vl=0.1778
Step: 1277952 SPS: 3496  ev=0.610  ent=0.624  grad=0.50/0.50  h=0.1 c=3.2  kl=0.0154  vl=0.1762
Step: 1282048 SPS: 3497  ev=0.606  ent=0.587  grad=1.19/0.50  h=0.0 c=2.1  kl=0.0219  vl=0.1783
Step: 1286144 SPS: 3497  ev=0.569  ent=0.612  grad=0.55/0.50  h=0.0 c=2.7  kl=0.0233  vl=0.2089
Step: 1290240 SPS: 3497  ev=0.593  ent=0.620  grad=0.79/0.50  h=0.1 c=3.0  kl=0.0198  vl=0.1408
Step: 1294336 SPS: 3497  ev=0.550  ent=0.628  grad=0.86/0.50  h=0.1 c=2.6  kl=0.0178  vl=0.2145
Step: 1298432 SPS: 3498  ev=0.559  ent=0.643  grad=1.87/0.50  h=0.1 c=2.3  kl=0.0225  vl=0.1699
Step: 1302528 SPS: 3498  ev=0.630  ent=0.629  grad=0.50/0.50  h=0.0 c=2.6  kl=0.0283  vl=0.2000
Step: 1306624 SPS: 3498  ev=0.613  ent=0.645  grad=0.64/0.50  h=0.1 c=2.3  kl=0.0339  vl=0.2130
  vs Heur:   41W/56L/4D | score=5.6±19.7 inv=3.1 played=18.9 lanes=5.0 ddraw=1.3 pts=6
  vs Random: 103W/1L/0D | score=14.9±26.2 inv=3.2 played=19.8 lanes=5.0 ddraw=0.2 pts=15
  Self-play: 56W/45L/1D | score=5.7±22.1 inv=3.2 played=19.3 lanes=5.0 ddraw=0.4 pts=6
Step: 1310720 SPS: 3498  ev=0.600  ent=0.594  grad=0.50/0.50  h=0.1 c=2.8  kl=0.0135  vl=0.1981
Step: 1314816 SPS: 3498  ev=0.599  ent=0.625  grad=0.43/0.43  h=0.1 c=2.4  kl=0.0223  vl=0.1870
Step: 1318912 SPS: 3499  ev=0.591  ent=0.598  grad=0.57/0.50  h=0.1 c=2.6  kl=0.0219  vl=0.1503
Step: 1323008 SPS: 3499  ev=0.591  ent=0.642  grad=0.39/0.39  h=0.1 c=2.0  kl=0.0183  vl=0.1961
Step: 1327104 SPS: 3500  ev=0.571  ent=0.620  grad=0.42/0.42  h=0.0 c=2.1  kl=0.0315  vl=0.1957
Step: 1331200 SPS: 3501  ev=0.604  ent=0.592  grad=1.82/0.50  h=0.1 c=2.0  kl=0.0162  vl=0.2022
Step: 1335296 SPS: 3502  ev=0.584  ent=0.624  grad=0.69/0.50  h=0.1 c=2.4  kl=0.0200  vl=0.1682
Step: 1339392 SPS: 3503  ev=0.629  ent=0.656  grad=1.50/0.50  h=0.0 c=2.2  kl=0.0211  vl=0.1858
Step: 1343488 SPS: 3503  ev=0.592  ent=0.633  grad=1.15/0.50  h=0.0 c=2.1  kl=0.0243  vl=0.2758
Step: 1347584 SPS: 3505  ev=0.581  ent=0.642  grad=1.13/0.50  h=0.0 c=2.1  kl=0.0315  vl=0.1663
Step: 1351680 SPS: 3505  ev=0.531  ent=0.689  grad=1.00/0.50  h=0.0 c=2.0  kl=0.0348  vl=0.1617
Step: 1355776 SPS: 3505  ev=0.587  ent=0.589  grad=0.42/0.42  h=0.0 c=2.4  kl=0.0212  vl=0.1589
Step: 1359872 SPS: 3505  ev=0.653  ent=0.648  grad=0.40/0.40  h=0.0 c=2.0  kl=0.0225  vl=0.1645
Step: 1363968 SPS: 3504  ev=0.604  ent=0.641  grad=0.52/0.50  h=0.0 c=2.3  kl=0.0276  vl=0.2089
Step: 1368064 SPS: 3504  ev=0.521  ent=0.665  grad=0.54/0.50  h=0.0 c=2.4  kl=0.0385  vl=0.2216
Step: 1372160 SPS: 3504  ev=0.628  ent=0.611  grad=1.33/0.50  h=0.0 c=2.6  kl=0.0382  vl=0.2042
Step: 1376256 SPS: 3504  ev=0.573  ent=0.671  grad=0.57/0.50  h=0.0 c=2.0  kl=0.0360  vl=0.1826
Step: 1380352 SPS: 3504  ev=0.560  ent=0.650  grad=0.64/0.50  h=0.0 c=1.9  kl=0.0285  vl=0.1755
Step: 1384448 SPS: 3504  ev=0.617  ent=0.662  grad=0.88/0.50  h=0.0 c=2.3  kl=0.0335  vl=0.1902
Step: 1388544 SPS: 3504  ev=0.624  ent=0.667  grad=0.43/0.43  h=0.0 c=2.3  kl=0.0196  vl=0.1587
  vs Heur:   29W/69L/4D | score=-2.0±25.1 inv=3.4 played=18.9 lanes=5.0 ddraw=1.3 pts=-2
  vs Random: 100W/1L/0D | score=2.9±24.1 inv=3.6 played=19.6 lanes=5.0 ddraw=0.4 pts=3
  Self-play: 51W/53L/1D | score=3.7±27.0 inv=3.2 played=19.5 lanes=5.0 ddraw=0.4 pts=4
Step: 1392640 SPS: 3503  ev=0.563  ent=0.604  grad=1.06/0.50  h=0.0 c=1.9  kl=0.0277  vl=0.1661
Step: 1396736 SPS: 3503  ev=0.577  ent=0.666  grad=0.71/0.50  h=0.0 c=2.4  kl=0.0295  vl=0.1965
Step: 1400832 SPS: 3503  ev=0.541  ent=0.647  grad=0.63/0.50  h=0.0 c=2.0  kl=0.0584  vl=0.1790
Step: 1404928 SPS: 3502  ev=0.601  ent=0.615  grad=0.52/0.50  h=0.0 c=2.8  kl=0.0206  vl=0.1853
Step: 1409024 SPS: 3503  ev=0.585  ent=0.646  grad=1.47/0.50  h=0.0 c=2.8  kl=0.0332  vl=0.2092
Step: 1413120 SPS: 3503  ev=0.601  ent=0.644  grad=0.73/0.50  h=0.0 c=2.5  kl=0.0253  vl=0.1939
Step: 1417216 SPS: 3503  ev=0.671  ent=0.647  grad=0.53/0.50  h=0.0 c=2.7  kl=0.0453  vl=0.1703
Step: 1421312 SPS: 3504  ev=0.622  ent=0.669  grad=0.46/0.46  h=0.0 c=2.9  kl=0.0270  vl=0.1721
Step: 1425408 SPS: 3503  ev=0.613  ent=0.644  grad=0.55/0.50  h=0.1 c=2.7  kl=0.0217  vl=0.2381
Step: 1429504 SPS: 3503  ev=0.558  ent=0.683  grad=0.78/0.50  h=0.0 c=2.2  kl=0.0376  vl=0.1870
Step: 1433600 SPS: 3503  ev=0.576  ent=0.620  grad=1.50/0.50  h=0.0 c=3.3  kl=0.0297  vl=0.2644
Step: 1437696 SPS: 3503  ev=0.572  ent=0.638  grad=1.37/0.50  h=0.0 c=2.6  kl=0.0281  vl=0.1937
Step: 1441792 SPS: 3503  ev=0.538  ent=0.699  grad=0.60/0.50  h=0.0 c=2.1  kl=0.0244  vl=0.1933
Step: 1445888 SPS: 3504  ev=0.586  ent=0.705  grad=0.79/0.50  h=0.1 c=2.5  kl=0.0271  vl=0.1767
Step: 1449984 SPS: 3504  ev=0.562  ent=0.686  grad=1.02/0.50  h=0.0 c=2.4  kl=0.0317  vl=0.1988
Step: 1454080 SPS: 3505  ev=0.577  ent=0.619  grad=1.27/0.50  h=0.0 c=3.0  kl=0.0268  vl=0.1886
Step: 1458176 SPS: 3505  ev=0.617  ent=0.665  grad=0.51/0.50  h=0.0 c=2.4  kl=0.0339  vl=0.2062
Step: 1462272 SPS: 3505  ev=0.557  ent=0.650  grad=1.92/0.50  h=0.1 c=2.7  kl=0.0246  vl=0.1796
Step: 1466368 SPS: 3504  ev=0.616  ent=0.693  grad=0.92/0.50  h=0.0 c=2.3  kl=0.0325  vl=0.2029
Step: 1470464 SPS: 3504  ev=0.575  ent=0.662  grad=0.90/0.50  h=0.0 c=2.3  kl=0.0272  vl=0.1600
  vs Heur:   39W/59L/2D | score=1.0±21.9 inv=3.2 played=18.8 lanes=5.0 ddraw=1.3 pts=1
  vs Random: 100W/2L/0D | score=2.4±27.8 inv=3.3 played=19.3 lanes=5.0 ddraw=0.2 pts=2
  Self-play: 50W/51L/1D | score=-1.0±24.2 inv=3.4 played=19.1 lanes=5.0 ddraw=0.8 pts=-1
Step: 1474560 SPS: 3504  ev=0.545  ent=0.638  grad=0.56/0.50  h=0.0 c=1.8  kl=0.0244  vl=0.1836
Step: 1478656 SPS: 3503  ev=0.489  ent=0.666  grad=0.65/0.50  h=0.0 c=2.2  kl=0.0273  vl=0.1794
Step: 1482752 SPS: 3504  ev=0.585  ent=0.664  grad=0.54/0.50  h=0.0 c=2.8  kl=0.0392  vl=0.1409
Step: 1486848 SPS: 3504  ev=0.577  ent=0.636  grad=0.93/0.50  h=0.0 c=1.9  kl=0.0304  vl=0.1990
Step: 1490944 SPS: 3504  ev=0.520  ent=0.629  grad=0.67/0.50  h=0.0 c=1.7  kl=0.0169  vl=0.1778
Step: 1495040 SPS: 3505  ev=0.510  ent=0.649  grad=0.59/0.50  h=0.0 c=1.7  kl=0.0176  vl=0.1462
Step: 1499136 SPS: 3506  ev=0.502  ent=0.665  grad=0.61/0.50  h=0.0 c=1.6  kl=0.0258  vl=0.1568
Step: 1503232 SPS: 3506  ev=0.573  ent=0.663  grad=0.62/0.50  h=0.0 c=1.7  kl=0.0609  vl=0.2252
Step: 1507328 SPS: 3506  ev=0.565  ent=0.642  grad=0.91/0.50  h=0.0 c=1.2  kl=0.0469  vl=0.1833
Step: 1511424 SPS: 3507  ev=0.550  ent=0.662  grad=0.92/0.50  h=0.0 c=1.9  kl=0.0192  vl=0.2001
Step: 1515520 SPS: 3507  ev=0.577  ent=0.652  grad=1.41/0.50  h=0.0 c=1.8  kl=0.0241  vl=0.1577
Step: 1519616 SPS: 3508  ev=0.545  ent=0.673  grad=0.41/0.41  h=0.0 c=2.0  kl=0.0207  vl=0.1720
Step: 1523712 SPS: 3507  ev=0.556  ent=0.683  grad=1.04/0.50  h=0.0 c=1.7  kl=0.0480  vl=0.1396
Step: 1527808 SPS: 3507  ev=0.515  ent=0.602  grad=1.04/0.50  h=0.0 c=1.8  kl=0.0342  vl=0.2420
Step: 1531904 SPS: 3507  ev=0.517  ent=0.647  grad=0.70/0.50  h=0.0 c=2.1  kl=0.0234  vl=0.1881
Step: 1536000 SPS: 3507  ev=0.522  ent=0.602  grad=0.33/0.33  h=0.0 c=2.4  kl=0.0145  vl=0.1763
Step: 1540096 SPS: 3508  ev=0.516  ent=0.614  grad=1.20/0.50  h=0.0 c=1.8  kl=0.0254  vl=0.1831
Step: 1544192 SPS: 3508  ev=0.583  ent=0.595  grad=1.08/0.50  h=0.0 c=2.3  kl=0.0301  vl=0.2419
Step: 1548288 SPS: 3508  ev=0.521  ent=0.617  grad=0.45/0.45  h=0.0 c=2.2  kl=0.0214  vl=0.1817
Step: 1552384 SPS: 3508  ev=0.521  ent=0.589  grad=0.80/0.50  h=0.0 c=2.4  kl=0.0234  vl=0.2066
  vs Heur:   48W/51L/1D | score=4.6±27.1 inv=3.1 played=18.9 lanes=5.0 ddraw=1.1 pts=5
  vs Random: 103W/2L/0D | score=4.9±24.4 inv=3.5 played=19.4 lanes=5.0 ddraw=0.3 pts=5
  Self-play: 59W/42L/4D | score=5.0±22.3 inv=3.0 played=18.9 lanes=5.0 ddraw=0.5 pts=5
Step: 1556480 SPS: 3508  ev=0.468  ent=0.631  grad=0.78/0.50  h=0.0 c=2.0  kl=0.0471  vl=0.1884
Step: 1560576 SPS: 3509  ev=0.524  ent=0.643  grad=0.69/0.50  h=0.0 c=2.2  kl=0.0297  vl=0.1701
Step: 1564672 SPS: 3509  ev=0.528  ent=0.639  grad=0.78/0.50  h=0.0 c=2.2  kl=0.0357  vl=0.1608
Step: 1568768 SPS: 3509  ev=0.540  ent=0.684  grad=0.46/0.46  h=0.0 c=2.7  kl=0.0195  vl=0.1342
Step: 1572864 SPS: 3511  ev=0.570  ent=0.584  grad=0.54/0.50  h=0.0 c=2.3  kl=0.0224  vl=0.1796
Step: 1576960 SPS: 3511  ev=0.514  ent=0.637  grad=0.82/0.50  h=0.0 c=2.2  kl=0.0265  vl=0.2086
Step: 1581056 SPS: 3511  ev=0.586  ent=0.630  grad=1.24/0.50  h=0.0 c=2.4  kl=0.0291  vl=0.1798
Step: 1585152 SPS: 3511  ev=0.535  ent=0.618  grad=0.49/0.49  h=0.0 c=2.4  kl=0.0276  vl=0.2069
Step: 1589248 SPS: 3511  ev=0.564  ent=0.624  grad=0.99/0.50  h=0.0 c=2.4  kl=0.0330  vl=0.2220
Step: 1593344 SPS: 3512  ev=0.576  ent=0.652  grad=0.72/0.50  h=0.0 c=2.2  kl=0.0299  vl=0.1891
Step: 1597440 SPS: 3512  ev=0.481  ent=0.687  grad=0.56/0.50  h=0.0 c=2.3  kl=0.0251  vl=0.1723
Step: 1601536 SPS: 3512  ev=0.614  ent=0.621  grad=0.51/0.50  h=0.0 c=2.2  kl=0.0182  vl=0.1685
Step: 1605632 SPS: 3512  ev=0.502  ent=0.689  grad=0.58/0.50  h=0.0 c=2.2  kl=0.0268  vl=0.2727
Step: 1609728 SPS: 3511  ev=0.537  ent=0.643  grad=1.45/0.50  h=0.0 c=2.0  kl=0.0362  vl=0.1747
Step: 1613824 SPS: 3511  ev=0.555  ent=0.620  grad=0.66/0.50  h=0.1 c=2.0  kl=0.0215  vl=0.1813
Step: 1617920 SPS: 3510  ev=0.541  ent=0.608  grad=1.12/0.50  h=0.0 c=1.8  kl=0.0242  vl=0.1663
Step: 1622016 SPS: 3510  ev=0.541  ent=0.618  grad=0.50/0.50  h=0.0 c=1.4  kl=0.0366  vl=0.1656
Step: 1626112 SPS: 3510  ev=0.593  ent=0.593  grad=0.56/0.50  h=0.0 c=2.0  kl=0.0218  vl=0.1560
Step: 1630208 SPS: 3510  ev=0.577  ent=0.562  grad=0.31/0.31  h=0.0 c=1.9  kl=0.0237  vl=0.1913
Step: 1634304 SPS: 3509  ev=0.540  ent=0.619  grad=1.52/0.50  h=0.0 c=2.2  kl=0.0244  vl=0.2164
  vs Heur:   39W/62L/2D | score=0.0±25.3 inv=3.2 played=18.8 lanes=5.0 ddraw=0.8 pts=0
  vs Random: 103W/3L/0D | score=2.6±26.1 inv=3.5 played=19.7 lanes=5.0 ddraw=0.4 pts=3
  Self-play: 49W/57L/3D | score=0.3±22.1 inv=3.2 played=18.9 lanes=5.0 ddraw=0.6 pts=0
Step: 1638400 SPS: 3509  ev=0.530  ent=0.606  grad=1.16/0.50  h=0.0 c=2.3  kl=0.0161  vl=0.1820
Step: 1642496 SPS: 3509  ev=0.544  ent=0.611  grad=0.55/0.50  h=0.0 c=1.9  kl=0.0245  vl=0.1873
Step: 1646592 SPS: 3510  ev=0.581  ent=0.647  grad=0.49/0.49  h=0.1 c=2.8  kl=0.0252  vl=0.1516
Step: 1650688 SPS: 3511  ev=0.531  ent=0.626  grad=0.60/0.50  h=0.0 c=2.2  kl=0.0180  vl=0.1790
Step: 1654784 SPS: 3511  ev=0.523  ent=0.606  grad=0.43/0.43  h=0.0 c=2.7  kl=0.0353  vl=0.2228
Step: 1658880 SPS: 3512  ev=0.503  ent=0.638  grad=1.68/0.50  h=0.0 c=2.0  kl=0.0253  vl=0.2613
Step: 1662976 SPS: 3511  ev=0.569  ent=0.591  grad=1.38/0.50  h=0.0 c=2.0  kl=0.0204  vl=0.1732
Step: 1667072 SPS: 3511  ev=0.501  ent=0.617  grad=1.11/0.50  h=0.0 c=2.1  kl=0.0435  vl=0.1746
Step: 1671168 SPS: 3511  ev=0.583  ent=0.637  grad=0.91/0.50  h=0.0 c=1.9  kl=0.0265  vl=0.1697
Step: 1675264 SPS: 3511  ev=0.524  ent=0.631  grad=0.90/0.50  h=0.1 c=3.0  kl=0.0293  vl=0.1860
Step: 1679360 SPS: 3510  ev=0.558  ent=0.632  grad=0.52/0.50  h=0.0 c=2.1  kl=0.0415  vl=0.1342
Step: 1683456 SPS: 3510  ev=0.569  ent=0.593  grad=0.73/0.50  h=0.0 c=2.3  kl=0.0247  vl=0.1776
Step: 1687552 SPS: 3510  ev=0.521  ent=0.647  grad=0.81/0.50  h=0.0 c=2.4  kl=0.0186  vl=0.2394
Step: 1691648 SPS: 3510  ev=0.610  ent=0.633  grad=0.90/0.50  h=0.1 c=2.4  kl=0.0325  vl=0.1625
Step: 1695744 SPS: 3510  ev=0.567  ent=0.615  grad=0.57/0.50  h=0.0 c=2.6  kl=0.0237  vl=0.1746
Step: 1699840 SPS: 3509  ev=0.581  ent=0.619  grad=0.72/0.50  h=0.0 c=2.5  kl=0.0282  vl=0.2210
Step: 1703936 SPS: 3509  ev=0.593  ent=0.598  grad=0.55/0.50  h=0.0 c=2.5  kl=0.0233  vl=0.1382
Step: 1708032 SPS: 3509  ev=0.475  ent=0.618  grad=1.12/0.50  h=0.0 c=2.2  kl=0.0331  vl=0.1707
Step: 1712128 SPS: 3508  ev=0.534  ent=0.592  grad=1.35/0.50  h=0.0 c=2.7  kl=0.0240  vl=0.2213
Step: 1716224 SPS: 3508  ev=0.562  ent=0.615  grad=0.43/0.43  h=0.0 c=2.3  kl=0.0301  vl=0.1939
  vs Heur:   32W/74L/1D | score=-3.1±25.1 inv=3.6 played=19.1 lanes=5.0 ddraw=0.9 pts=-3
  vs Random: 102W/2L/0D | score=6.6±25.0 inv=3.3 played=19.4 lanes=5.0 ddraw=0.7 pts=7
  Self-play: 54W/46L/2D | score=4.1±23.4 inv=3.5 played=19.5 lanes=5.0 ddraw=0.7 pts=4
Step: 1720320 SPS: 3508  ev=0.588  ent=0.602  grad=0.57/0.50  h=0.1 c=2.2  kl=0.0219  vl=0.2030
Step: 1724416 SPS: 3508  ev=0.565  ent=0.609  grad=0.44/0.44  h=0.0 c=1.7  kl=0.0251  vl=0.1932
Step: 1728512 SPS: 3509  ev=0.562  ent=0.622  grad=1.23/0.50  h=0.1 c=2.7  kl=0.0328  vl=0.1595
Step: 1732608 SPS: 3508  ev=0.514  ent=0.623  grad=0.58/0.50  h=0.1 c=2.5  kl=0.0252  vl=0.1897
Step: 1736704 SPS: 3508  ev=0.578  ent=0.602  grad=0.63/0.50  h=0.0 c=2.3  kl=0.0264  vl=0.1507
Step: 1740800 SPS: 3508  ev=0.513  ent=0.643  grad=0.73/0.50  h=0.0 c=2.1  kl=0.0236  vl=0.1733
Step: 1744896 SPS: 3509  ev=0.527  ent=0.613  grad=0.51/0.50  h=0.0 c=2.4  kl=0.0243  vl=0.2421
Step: 1748992 SPS: 3509  ev=0.593  ent=0.642  grad=0.74/0.50  h=0.0 c=2.0  kl=0.0333  vl=0.2337
Step: 1753088 SPS: 3509  ev=0.578  ent=0.577  grad=0.56/0.50  h=0.1 c=2.1  kl=0.0304  vl=0.1695
Step: 1757184 SPS: 3509  ev=0.554  ent=0.614  grad=0.57/0.50  h=0.0 c=2.1  kl=0.0307  vl=0.1531
Step: 1761280 SPS: 3509  ev=0.565  ent=0.589  grad=1.16/0.50  h=0.0 c=1.9  kl=0.0423  vl=0.2067
Step: 1765376 SPS: 3510  ev=0.532  ent=0.592  grad=0.55/0.50  h=0.1 c=1.7  kl=0.0415  vl=0.2036
Step: 1769472 SPS: 3510  ev=0.479  ent=0.594  grad=0.37/0.37  h=0.0 c=2.1  kl=0.0262  vl=0.1582
Step: 1773568 SPS: 3510  ev=0.585  ent=0.595  grad=0.79/0.50  h=0.0 c=1.9  kl=0.0268  vl=0.2015
Step: 1777664 SPS: 3509  ev=0.610  ent=0.629  grad=0.48/0.48  h=0.0 c=1.7  kl=0.0215  vl=0.1903
Step: 1781760 SPS: 3509  ev=0.511  ent=0.594  grad=1.34/0.50  h=0.0 c=2.1  kl=0.0226  vl=0.1580
Step: 1785856 SPS: 3509  ev=0.537  ent=0.584  grad=0.52/0.50  h=0.0 c=3.3  kl=0.0270  vl=0.1733
Step: 1789952 SPS: 3509  ev=0.530  ent=0.629  grad=0.68/0.50  h=0.0 c=2.5  kl=0.0175  vl=0.1330
Step: 1794048 SPS: 3509  ev=0.554  ent=0.567  grad=0.86/0.50  h=0.0 c=2.2  kl=0.0205  vl=0.1745
Step: 1798144 SPS: 3509  ev=0.497  ent=0.598  grad=0.56/0.50  h=0.0 c=2.4  kl=0.0180  vl=0.1485
  vs Heur:   40W/59L/1D | score=0.3±24.5 inv=3.6 played=19.2 lanes=5.0 ddraw=0.9 pts=0
  vs Random: 105W/3L/0D | score=5.1±28.0 inv=3.5 played=19.5 lanes=5.0 ddraw=0.4 pts=5
  Self-play: 48W/52L/0D | score=-0.4±20.9 inv=3.1 played=19.1 lanes=5.0 ddraw=0.5 pts=-0
Step: 1802240 SPS: 3509  ev=0.549  ent=0.573  grad=1.33/0.50  h=0.0 c=2.6  kl=0.0233  vl=0.2032
Step: 1806336 SPS: 3509  ev=0.534  ent=0.561  grad=0.61/0.50  h=0.1 c=3.0  kl=0.0170  vl=0.1640
Step: 1810432 SPS: 3509  ev=0.549  ent=0.535  grad=0.35/0.35  h=0.0 c=2.4  kl=0.0222  vl=0.1550
Step: 1814528 SPS: 3509  ev=0.622  ent=0.569  grad=0.39/0.39  h=0.0 c=2.8  kl=0.0421  vl=0.1861
Step: 1818624 SPS: 3509  ev=0.607  ent=0.571  grad=0.61/0.50  h=0.0 c=2.7  kl=0.0211  vl=0.1745
Step: 1822720 SPS: 3509  ev=0.485  ent=0.618  grad=0.84/0.50  h=0.0 c=2.8  kl=0.0289  vl=0.2086
Step: 1826816 SPS: 3509  ev=0.604  ent=0.620  grad=0.82/0.50  h=0.0 c=2.8  kl=0.0329  vl=0.1956
Step: 1830912 SPS: 3508  ev=0.584  ent=0.603  grad=0.82/0.50  h=0.0 c=2.6  kl=0.0254  vl=0.1896
Step: 1835008 SPS: 3509  ev=0.599  ent=0.625  grad=0.46/0.46  h=0.1 c=2.6  kl=0.0299  vl=0.1593
Step: 1839104 SPS: 3509  ev=0.506  ent=0.573  grad=0.70/0.50  h=0.0 c=2.5  kl=0.0418  vl=0.1583
Step: 1843200 SPS: 3509  ev=0.564  ent=0.578  grad=1.32/0.50  h=0.0 c=3.3  kl=0.0272  vl=0.2233
Step: 1847296 SPS: 3509  ev=0.579  ent=0.673  grad=0.62/0.50  h=0.0 c=2.9  kl=0.0260  vl=0.1618
Step: 1851392 SPS: 3508  ev=0.531  ent=0.588  grad=1.00/0.50  h=0.0 c=2.0  kl=0.0191  vl=0.1968
Step: 1855488 SPS: 3508  ev=0.571  ent=0.629  grad=0.68/0.50  h=0.0 c=2.5  kl=0.0184  vl=0.1337
Step: 1859584 SPS: 3508  ev=0.550  ent=0.594  grad=0.81/0.50  h=0.0 c=2.4  kl=0.0328  vl=0.1309
Step: 1863680 SPS: 3508  ev=0.575  ent=0.614  grad=0.88/0.50  h=0.0 c=3.3  kl=0.0279  vl=0.1675
Step: 1867776 SPS: 3508  ev=0.541  ent=0.588  grad=0.37/0.37  h=0.0 c=2.4  kl=0.0219  vl=0.1889
Step: 1871872 SPS: 3508  ev=0.587  ent=0.618  grad=0.59/0.50  h=0.0 c=1.8  kl=0.0221  vl=0.2149
Step: 1875968 SPS: 3508  ev=0.542  ent=0.616  grad=1.17/0.50  h=0.0 c=2.4  kl=0.0445  vl=0.1993
Step: 1880064 SPS: 3509  ev=0.583  ent=0.616  grad=0.60/0.50  h=0.0 c=2.7  kl=0.0224  vl=0.1545
  vs Heur:   40W/58L/2D | score=0.3±23.0 inv=3.2 played=18.9 lanes=5.0 ddraw=1.5 pts=0
  vs Random: 100W/2L/0D | score=2.2±27.7 inv=3.2 played=19.2 lanes=5.0 ddraw=0.3 pts=2
  Self-play: 48W/57L/2D | score=0.6±23.9 inv=3.1 played=19.1 lanes=5.0 ddraw=0.7 pts=1
Step: 1884160 SPS: 3510  ev=0.609  ent=0.634  grad=0.47/0.47  h=0.0 c=2.4  kl=0.0439  vl=0.1898
Step: 1888256 SPS: 3511  ev=0.548  ent=0.573  grad=0.92/0.50  h=0.0 c=2.2  kl=0.0310  vl=0.1792
Step: 1892352 SPS: 3511  ev=0.554  ent=0.579  grad=1.25/0.50  h=0.0 c=2.2  kl=0.0344  vl=0.1920
Step: 1896448 SPS: 3511  ev=0.613  ent=0.637  grad=0.83/0.50  h=0.0 c=2.7  kl=0.0259  vl=0.1451
Step: 1900544 SPS: 3510  ev=0.576  ent=0.607  grad=0.36/0.36  h=0.0 c=2.4  kl=0.0343  vl=0.1546
Step: 1904640 SPS: 3511  ev=0.588  ent=0.620  grad=0.81/0.50  h=0.0 c=2.4  kl=0.0403  vl=0.1664
Step: 1908736 SPS: 3511  ev=0.557  ent=0.593  grad=0.63/0.50  h=0.0 c=1.9  kl=0.0393  vl=0.1606
Step: 1912832 SPS: 3512  ev=0.560  ent=0.614  grad=0.58/0.50  h=0.0 c=1.9  kl=0.0429  vl=0.1606
Step: 1916928 SPS: 3512  ev=0.514  ent=0.571  grad=0.62/0.50  h=0.0 c=2.3  kl=0.0246  vl=0.2141
Step: 1921024 SPS: 3512  ev=0.615  ent=0.601  grad=1.60/0.50  h=0.0 c=1.8  kl=0.0185  vl=0.1961
Step: 1925120 SPS: 3511  ev=0.517  ent=0.578  grad=0.55/0.50  h=0.0 c=2.3  kl=0.0270  vl=0.1616
Step: 1929216 SPS: 3511  ev=0.551  ent=0.605  grad=0.47/0.47  h=0.1 c=2.0  kl=0.0368  vl=0.2111
Step: 1933312 SPS: 3511  ev=0.540  ent=0.636  grad=1.74/0.50  h=0.0 c=2.2  kl=0.0233  vl=0.2219
Step: 1937408 SPS: 3511  ev=0.567  ent=0.629  grad=0.54/0.50  h=0.1 c=2.0  kl=0.0220  vl=0.1909
Step: 1941504 SPS: 3511  ev=0.561  ent=0.616  grad=1.65/0.50  h=0.1 c=2.3  kl=0.0243  vl=0.2006
Step: 1945600 SPS: 3511  ev=0.567  ent=0.612  grad=1.23/0.50  h=0.1 c=2.1  kl=0.0260  vl=0.1653
Step: 1949696 SPS: 3512  ev=0.551  ent=0.595  grad=0.58/0.50  h=0.1 c=2.2  kl=0.0183  vl=0.1521
Step: 1953792 SPS: 3512  ev=0.589  ent=0.647  grad=0.73/0.50  h=0.1 c=2.0  kl=0.0275  vl=0.1344
Step: 1957888 SPS: 3513  ev=0.604  ent=0.645  grad=0.49/0.49  h=0.1 c=2.1  kl=0.0270  vl=0.2152
Step: 1961984 SPS: 3513  ev=0.573  ent=0.619  grad=0.98/0.50  h=0.1 c=2.5  kl=0.0245  vl=0.1713
  vs Heur:   45W/57L/0D | score=2.1±27.1 inv=3.1 played=18.6 lanes=5.0 ddraw=1.4 pts=2
  vs Random: 105W/1L/0D | score=8.0±25.4 inv=3.2 played=19.7 lanes=5.0 ddraw=0.3 pts=8
  Self-play: 50W/50L/1D | score=1.7±24.0 inv=3.3 played=19.1 lanes=5.0 ddraw=0.5 pts=2
Step: 1966080 SPS: 3513  ev=0.620  ent=0.577  grad=0.68/0.50  h=0.1 c=2.5  kl=0.0184  vl=0.1356
Step: 1970176 SPS: 3513  ev=0.562  ent=0.600  grad=1.37/0.50  h=0.1 c=2.1  kl=0.0132  vl=0.1930
Step: 1974272 SPS: 3512  ev=0.585  ent=0.586  grad=2.29/0.50  h=0.0 c=1.8  kl=0.0378  vl=0.2276
Step: 1978368 SPS: 3512  ev=0.599  ent=0.646  grad=1.31/0.50  h=0.1 c=2.0  kl=0.0355  vl=0.2094
Step: 1982464 SPS: 3512  ev=0.630  ent=0.623  grad=0.91/0.50  h=0.1 c=1.7  kl=0.0222  vl=0.1724
Step: 1986560 SPS: 3512  ev=0.584  ent=0.575  grad=0.43/0.43  h=0.1 c=1.6  kl=0.0255  vl=0.2072
Step: 1990656 SPS: 3512  ev=0.606  ent=0.571  grad=0.52/0.50  h=0.1 c=1.8  kl=0.0289  vl=0.1793
Step: 1994752 SPS: 3512  ev=0.570  ent=0.586  grad=0.38/0.38  h=0.0 c=1.6  kl=0.0343  vl=0.2219
Step: 1998848 SPS: 3512  ev=0.538  ent=0.580  grad=1.35/0.50  h=0.1 c=1.7  kl=0.0264  vl=0.2146
Step: 2002944 SPS: 3513  ev=0.572  ent=0.590  grad=0.61/0.50  h=0.1 c=1.9  kl=0.0280  vl=0.1760
Step: 2007040 SPS: 3513  ev=0.545  ent=0.584  grad=1.39/0.50  h=0.1 c=1.6  kl=0.0329  vl=0.2332
Step: 2011136 SPS: 3514  ev=0.561  ent=0.602  grad=1.31/0.50  h=0.1 c=1.7  kl=0.0377  vl=0.2103
Step: 2015232 SPS: 3514  ev=0.588  ent=0.583  grad=1.16/0.50  h=0.1 c=1.6  kl=0.0239  vl=0.1982
Step: 2019328 SPS: 3514  ev=0.604  ent=0.591  grad=0.82/0.50  h=0.1 c=1.6  kl=0.0301  vl=0.1835
Step: 2023424 SPS: 3514  ev=0.550  ent=0.587  grad=0.99/0.50  h=0.1 c=1.4  kl=0.0275  vl=0.1722
Step: 2027520 SPS: 3514  ev=0.535  ent=0.570  grad=0.63/0.50  h=0.1 c=2.0  kl=0.0226  vl=0.1684
Step: 2031616 SPS: 3515  ev=0.612  ent=0.546  grad=0.58/0.50  h=0.1 c=1.7  kl=0.0236  vl=0.1647
Step: 2035712 SPS: 3516  ev=0.582  ent=0.579  grad=1.13/0.50  h=0.1 c=1.4  kl=0.0209  vl=0.2284
Step: 2039808 SPS: 3516  ev=0.597  ent=0.551  grad=0.49/0.49  h=0.1 c=1.7  kl=0.0311  vl=0.1744
Step: 2043904 SPS: 3517  ev=0.618  ent=0.574  grad=1.04/0.50  h=0.2 c=1.7  kl=0.0299  vl=0.2002
  vs Heur:   41W/59L/0D | score=0.1±30.2 inv=3.2 played=18.8 lanes=5.0 ddraw=1.2 pts=0
  vs Random: 108W/1L/0D | score=4.8±25.3 inv=3.3 played=19.7 lanes=5.0 ddraw=0.4 pts=5
  Self-play: 56W/48L/3D | score=7.7±24.8 inv=3.2 played=19.5 lanes=5.0 ddraw=0.5 pts=8
Step: 2048000 SPS: 3516  ev=0.521  ent=0.548  grad=0.77/0.50  h=0.1 c=1.9  kl=0.0164  vl=0.1535
Step: 2052096 SPS: 3516  ev=0.587  ent=0.549  grad=0.70/0.50  h=0.1 c=1.8  kl=0.0196  vl=0.2303
Step: 2056192 SPS: 3517  ev=0.604  ent=0.570  grad=0.58/0.50  h=0.1 c=1.7  kl=0.0252  vl=0.1702
Step: 2060288 SPS: 3517  ev=0.566  ent=0.560  grad=0.47/0.47  h=0.1 c=2.2  kl=0.0338  vl=0.1518
Step: 2064384 SPS: 3517  ev=0.616  ent=0.558  grad=1.14/0.50  h=0.1 c=1.9  kl=0.0258  vl=0.1851
Step: 2068480 SPS: 3517  ev=0.609  ent=0.558  grad=0.54/0.50  h=0.1 c=2.2  kl=0.0252  vl=0.1750
Step: 2072576 SPS: 3517  ev=0.593  ent=0.559  grad=0.81/0.50  h=0.1 c=1.9  kl=0.0194  vl=0.1961
Step: 2076672 SPS: 3516  ev=0.578  ent=0.501  grad=0.54/0.50  h=0.1 c=1.8  kl=0.0203  vl=0.1633
Step: 2080768 SPS: 3516  ev=0.600  ent=0.546  grad=0.53/0.50  h=0.1 c=1.9  kl=0.0283  vl=0.2251
Step: 2084864 SPS: 3516  ev=0.558  ent=0.518  grad=0.51/0.50  h=0.1 c=1.4  kl=0.0352  vl=0.1844
Step: 2088960 SPS: 3516  ev=0.461  ent=0.545  grad=0.82/0.50  h=0.1 c=2.0  kl=0.0240  vl=0.2362
Step: 2093056 SPS: 3516  ev=0.602  ent=0.563  grad=0.83/0.50  h=0.1 c=1.6  kl=0.0358  vl=0.1603
Step: 2097152 SPS: 3516  ev=0.550  ent=0.544  grad=0.49/0.49  h=0.1 c=1.8  kl=0.0188  vl=0.1461
Step: 2101248 SPS: 3516  ev=0.614  ent=0.536  grad=0.56/0.50  h=0.0 c=1.9  kl=0.0204  vl=0.1563
Step: 2105344 SPS: 3516  ev=0.600  ent=0.534  grad=0.39/0.39  h=0.0 c=1.6  kl=0.0234  vl=0.1464
Step: 2109440 SPS: 3517  ev=0.594  ent=0.565  grad=0.45/0.45  h=0.0 c=1.8  kl=0.0338  vl=0.1889
Step: 2113536 SPS: 3518  ev=0.514  ent=0.502  grad=1.16/0.50  h=0.0 c=1.7  kl=0.0167  vl=0.2562
Step: 2117632 SPS: 3518  ev=0.604  ent=0.565  grad=0.95/0.50  h=0.0 c=2.5  kl=0.0366  vl=0.1988
Step: 2121728 SPS: 3518  ev=0.542  ent=0.534  grad=0.45/0.45  h=0.0 c=1.7  kl=0.0237  vl=0.1563
Step: 2125824 SPS: 3517  ev=0.590  ent=0.536  grad=0.90/0.50  h=0.0 c=2.2  kl=0.0193  vl=0.1943
  vs Heur:   47W/57L/0D | score=2.1±26.7 inv=3.2 played=19.2 lanes=5.0 ddraw=1.0 pts=2
  vs Random: 101W/2L/0D | score=4.7±25.5 inv=3.2 played=19.3 lanes=5.0 ddraw=0.4 pts=5
  Self-play: 44W/61L/1D | score=-1.4±30.8 inv=3.3 played=19.3 lanes=5.0 ddraw=0.6 pts=-1
Step: 2129920 SPS: 3517  ev=0.585  ent=0.511  grad=1.64/0.50  h=0.0 c=1.7  kl=0.0344  vl=0.3369
Step: 2134016 SPS: 3517  ev=0.561  ent=0.562  grad=0.41/0.41  h=0.1 c=1.6  kl=0.0295  vl=0.2242
Step: 2138112 SPS: 3518  ev=0.590  ent=0.557  grad=0.75/0.50  h=0.0 c=2.5  kl=0.0300  vl=0.1914
Step: 2142208 SPS: 3517  ev=0.561  ent=0.528  grad=2.03/0.50  h=0.1 c=1.8  kl=0.0243  vl=0.2463
Step: 2146304 SPS: 3517  ev=0.588  ent=0.515  grad=0.62/0.50  h=0.1 c=2.4  kl=0.0222  vl=0.2189
Step: 2150400 SPS: 3517  ev=0.594  ent=0.518  grad=0.42/0.42  h=0.1 c=1.6  kl=0.0284  vl=0.1887
Step: 2154496 SPS: 3517  ev=0.559  ent=0.546  grad=0.84/0.50  h=0.1 c=2.0  kl=0.0271  vl=0.1832
Step: 2158592 SPS: 3517  ev=0.587  ent=0.531  grad=0.83/0.50  h=0.1 c=1.8  kl=0.0267  vl=0.1878
Step: 2162688 SPS: 3516  ev=0.592  ent=0.544  grad=0.96/0.50  h=0.0 c=1.8  kl=0.0258  vl=0.1701
Step: 2166784 SPS: 3516  ev=0.620  ent=0.504  grad=1.14/0.50  h=0.0 c=1.8  kl=0.0246  vl=0.2183
Step: 2170880 SPS: 3515  ev=0.611  ent=0.551  grad=0.40/0.40  h=0.1 c=1.8  kl=0.0371  vl=0.1525
Step: 2174976 SPS: 3515  ev=0.643  ent=0.522  grad=0.60/0.50  h=0.1 c=1.7  kl=0.0360  vl=0.1569
Step: 2179072 SPS: 3515  ev=0.624  ent=0.518  grad=0.58/0.50  h=0.1 c=1.3  kl=0.0292  vl=0.1988
Step: 2183168 SPS: 3516  ev=0.643  ent=0.547  grad=0.70/0.50  h=0.0 c=1.5  kl=0.0381  vl=0.1709
Step: 2187264 SPS: 3517  ev=0.633  ent=0.549  grad=1.23/0.50  h=0.1 c=1.6  kl=0.0314  vl=0.2044
Step: 2191360 SPS: 3517  ev=0.562  ent=0.542  grad=1.14/0.50  h=0.1 c=1.7  kl=0.0293  vl=0.2192
Step: 2195456 SPS: 3517  ev=0.615  ent=0.526  grad=0.68/0.50  h=0.0 c=1.8  kl=0.0258  vl=0.2351
Step: 2199552 SPS: 3517  ev=0.586  ent=0.530  grad=0.51/0.50  h=0.1 c=1.9  kl=0.0232  vl=0.1618
Step: 2203648 SPS: 3517  ev=0.592  ent=0.548  grad=0.51/0.50  h=0.1 c=1.8  kl=0.0376  vl=0.2415
Step: 2207744 SPS: 3517  ev=0.601  ent=0.557  grad=1.40/0.50  h=0.1 c=1.7  kl=0.0483  vl=0.1973
  vs Heur:   42W/56L/2D | score=4.2±24.4 inv=3.3 played=19.1 lanes=5.0 ddraw=0.8 pts=4
  vs Random: 102W/1L/0D | score=8.9±23.0 inv=3.3 played=19.3 lanes=5.0 ddraw=0.3 pts=9
  Self-play: 52W/47L/2D | score=4.9±23.5 inv=3.2 played=19.2 lanes=5.0 ddraw=0.3 pts=5
Step: 2211840 SPS: 3517  ev=0.532  ent=0.542  grad=1.45/0.50  h=0.1 c=1.8  kl=0.0408  vl=0.1661
Step: 2215936 SPS: 3517  ev=0.512  ent=0.584  grad=0.41/0.41  h=0.1 c=1.8  kl=0.0404  vl=0.1601
Step: 2220032 SPS: 3518  ev=0.543  ent=0.539  grad=0.79/0.50  h=0.1 c=2.4  kl=0.0250  vl=0.1527
Step: 2224128 SPS: 3518  ev=0.561  ent=0.552  grad=0.74/0.50  h=0.1 c=3.0  kl=0.0361  vl=0.1489
Step: 2228224 SPS: 3518  ev=0.574  ent=0.556  grad=0.66/0.50  h=0.1 c=1.6  kl=0.0378  vl=0.2212
Step: 2232320 SPS: 3518  ev=0.504  ent=0.512  grad=1.07/0.50  h=0.1 c=1.7  kl=0.0492  vl=0.2199
Step: 2236416 SPS: 3518  ev=0.649  ent=0.538  grad=0.76/0.50  h=0.1 c=1.3  kl=0.0361  vl=0.1796
Step: 2240512 SPS: 3518  ev=0.598  ent=0.544  grad=0.44/0.44  h=0.0 c=1.7  kl=0.0206  vl=0.1973
Step: 2244608 SPS: 3517  ev=0.614  ent=0.571  grad=0.56/0.50  h=0.0 c=1.6  kl=0.0324  vl=0.2415
Step: 2248704 SPS: 3517  ev=0.596  ent=0.537  grad=0.66/0.50  h=0.0 c=1.8  kl=0.0140  vl=0.1699
Step: 2252800 SPS: 3518  ev=0.535  ent=0.529  grad=0.80/0.50  h=0.0 c=2.0  kl=0.0321  vl=0.1603
Step: 2256896 SPS: 3518  ev=0.562  ent=0.524  grad=0.44/0.44  h=0.0 c=1.5  kl=0.0287  vl=0.1354
Step: 2260992 SPS: 3518  ev=0.583  ent=0.560  grad=1.16/0.50  h=0.0 c=2.1  kl=0.0283  vl=0.1846
Step: 2265088 SPS: 3520  ev=0.587  ent=0.543  grad=0.50/0.50  h=0.0 c=1.3  kl=0.0213  vl=0.1650
Step: 2269184 SPS: 3519  ev=0.511  ent=0.541  grad=0.65/0.50  h=0.0 c=1.3  kl=0.0224  vl=0.1396
Step: 2273280 SPS: 3520  ev=0.666  ent=0.551  grad=0.43/0.43  h=0.0 c=1.3  kl=0.0446  vl=0.1409
Step: 2277376 SPS: 3520  ev=0.601  ent=0.511  grad=0.35/0.35  h=0.0 c=1.3  kl=0.0265  vl=0.1617
Step: 2281472 SPS: 3520  ev=0.605  ent=0.582  grad=0.75/0.50  h=0.0 c=1.4  kl=0.0218  vl=0.1265
Step: 2285568 SPS: 3520  ev=0.593  ent=0.554  grad=0.88/0.50  h=0.0 c=1.2  kl=0.0249  vl=0.1590
Step: 2289664 SPS: 3520  ev=0.628  ent=0.539  grad=0.77/0.50  h=0.0 c=1.2  kl=0.0299  vl=0.1773
  vs Heur:   30W/66L/4D | score=-2.9±23.6 inv=3.1 played=18.5 lanes=5.0 ddraw=1.1 pts=-3
  vs Random: 103W/4L/0D | score=-8.3±27.4 inv=3.2 played=18.7 lanes=5.0 ddraw=0.3 pts=-8
  Self-play: 55W/45L/2D | score=3.7±23.7 inv=3.1 played=19.0 lanes=5.0 ddraw=0.5 pts=4
Step: 2293760 SPS: 3519  ev=0.573  ent=0.552  grad=0.54/0.50  h=0.1 c=1.4  kl=0.0240  vl=0.1376
Step: 2297856 SPS: 3519  ev=0.569  ent=0.543  grad=1.31/0.50  h=0.0 c=1.4  kl=0.0281  vl=0.1444
Step: 2301952 SPS: 3519  ev=0.630  ent=0.527  grad=0.54/0.50  h=0.0 c=1.2  kl=0.0389  vl=0.1772
Step: 2306048 SPS: 3519  ev=0.584  ent=0.565  grad=0.49/0.49  h=0.0 c=1.2  kl=0.0257  vl=0.1594
Step: 2310144 SPS: 3519  ev=0.626  ent=0.550  grad=0.93/0.50  h=0.0 c=1.3  kl=0.0331  vl=0.1879
Step: 2314240 SPS: 3519  ev=0.593  ent=0.553  grad=0.39/0.39  h=0.0 c=1.3  kl=0.0228  vl=0.1865
Step: 2318336 SPS: 3519  ev=0.637  ent=0.548  grad=0.46/0.46  h=0.0 c=1.5  kl=0.0365  vl=0.1410
Step: 2322432 SPS: 3520  ev=0.584  ent=0.579  grad=0.56/0.50  h=0.0 c=1.1  kl=0.0306  vl=0.1863
Step: 2326528 SPS: 3520  ev=0.624  ent=0.573  grad=0.46/0.46  h=0.0 c=1.1  kl=0.0289  vl=0.1583
Step: 2330624 SPS: 3520  ev=0.573  ent=0.586  grad=0.45/0.45  h=0.0 c=1.1  kl=0.0374  vl=0.1473
Step: 2334720 SPS: 3520  ev=0.579  ent=0.560  grad=0.84/0.50  h=0.0 c=1.2  kl=0.0264  vl=0.2089
Step: 2338816 SPS: 3521  ev=0.624  ent=0.569  grad=0.65/0.50  h=0.0 c=1.3  kl=0.0207  vl=0.1740
Step: 2342912 SPS: 3522  ev=0.595  ent=0.538  grad=0.40/0.40  h=0.0 c=1.1  kl=0.0237  vl=0.1730
Step: 2347008 SPS: 3522  ev=0.602  ent=0.554  grad=0.96/0.50  h=0.0 c=1.0  kl=0.0277  vl=0.1603
Step: 2351104 SPS: 3523  ev=0.585  ent=0.557  grad=0.71/0.50  h=0.0 c=1.0  kl=0.0277  vl=0.1467
Step: 2355200 SPS: 3522  ev=0.570  ent=0.586  grad=0.48/0.48  h=0.0 c=0.9  kl=0.0329  vl=0.1425
Step: 2359296 SPS: 3522  ev=0.555  ent=0.529  grad=0.87/0.50  h=0.0 c=0.9  kl=0.0145  vl=0.1848
Step: 2363392 SPS: 3522  ev=0.635  ent=0.540  grad=0.38/0.38  h=0.0 c=1.0  kl=0.0235  vl=0.1552
Step: 2367488 SPS: 3521  ev=0.624  ent=0.558  grad=0.49/0.49  h=0.0 c=0.9  kl=0.0244  vl=0.2059
Step: 2371584 SPS: 3521  ev=0.597  ent=0.549  grad=0.67/0.50  h=0.0 c=0.9  kl=0.0223  vl=0.1575
  vs Heur:   45W/61L/3D | score=6.2±20.4 inv=3.2 played=19.2 lanes=5.0 ddraw=0.6 pts=6
  vs Random: 100W/3L/0D | score=7.4±29.7 inv=3.1 played=19.5 lanes=5.0 ddraw=0.3 pts=7
  Self-play: 47W/52L/3D | score=3.8±23.2 inv=3.3 played=19.2 lanes=5.0 ddraw=0.4 pts=4
Step: 2375680 SPS: 3521  ev=0.614  ent=0.566  grad=0.48/0.48  h=0.0 c=1.1  kl=0.0165  vl=0.2003
Step: 2379776 SPS: 3520  ev=0.656  ent=0.557  grad=0.48/0.48  h=0.0 c=1.0  kl=0.0255  vl=0.1569
Step: 2383872 SPS: 3521  ev=0.581  ent=0.562  grad=1.49/0.50  h=0.0 c=1.0  kl=0.0345  vl=0.2078
Step: 2387968 SPS: 3521  ev=0.577  ent=0.523  grad=0.39/0.39  h=0.0 c=0.9  kl=0.0259  vl=0.1970
Step: 2392064 SPS: 3520  ev=0.550  ent=0.522  grad=0.45/0.45  h=0.1 c=1.0  kl=0.0231  vl=0.1851
Step: 2396160 SPS: 3520  ev=0.597  ent=0.555  grad=0.61/0.50  h=0.1 c=1.1  kl=0.0340  vl=0.1940
Step: 2400256 SPS: 3521  ev=0.616  ent=0.549  grad=0.71/0.50  h=0.0 c=0.9  kl=0.0171  vl=0.1531
Step: 2404352 SPS: 3520  ev=0.597  ent=0.555  grad=0.68/0.50  h=0.0 c=1.0  kl=0.0271  vl=0.1900
Step: 2408448 SPS: 3521  ev=0.639  ent=0.538  grad=0.56/0.50  h=0.0 c=0.9  kl=0.0268  vl=0.1659
Step: 2412544 SPS: 3521  ev=0.622  ent=0.543  grad=1.56/0.50  h=0.0 c=0.9  kl=0.0274  vl=0.1824
Step: 2416640 SPS: 3522  ev=0.579  ent=0.525  grad=0.40/0.40  h=0.0 c=0.9  kl=0.0262  vl=0.1772
Step: 2420736 SPS: 3522  ev=0.587  ent=0.532  grad=0.94/0.50  h=0.0 c=0.9  kl=0.0315  vl=0.1856
Step: 2424832 SPS: 3523  ev=0.576  ent=0.519  grad=1.38/0.50  h=0.0 c=0.9  kl=0.0253  vl=0.2037
Step: 2428928 SPS: 3523  ev=0.629  ent=0.540  grad=0.43/0.43  h=0.0 c=0.9  kl=0.0273  vl=0.1568
Step: 2433024 SPS: 3523  ev=0.628  ent=0.493  grad=0.55/0.50  h=0.0 c=0.9  kl=0.0256  vl=0.1852
Step: 2437120 SPS: 3524  ev=0.607  ent=0.507  grad=0.60/0.50  h=0.0 c=0.9  kl=0.0250  vl=0.1230
Step: 2441216 SPS: 3524  ev=0.632  ent=0.557  grad=0.54/0.50  h=0.0 c=0.9  kl=0.0301  vl=0.1653
Step: 2445312 SPS: 3524  ev=0.606  ent=0.531  grad=0.42/0.42  h=0.0 c=0.9  kl=0.0154  vl=0.1775
Step: 2449408 SPS: 3524  ev=0.604  ent=0.544  grad=0.45/0.45  h=0.0 c=1.0  kl=0.0299  vl=0.1669
Step: 2453504 SPS: 3524  ev=0.605  ent=0.550  grad=0.62/0.50  h=0.0 c=1.0  kl=0.0275  vl=0.1754
  vs Heur:   38W/63L/1D | score=-0.2±22.8 inv=3.3 played=18.8 lanes=5.0 ddraw=1.0 pts=-0
  vs Random: 101W/5L/0D | score=-5.6±29.4 inv=3.4 played=19.0 lanes=5.0 ddraw=0.4 pts=-6
  Self-play: 53W/48L/1D | score=3.9±23.0 inv=3.5 played=19.5 lanes=5.0 ddraw=0.4 pts=4
Step: 2457600 SPS: 3523  ev=0.594  ent=0.538  grad=0.53/0.50  h=0.0 c=1.0  kl=0.0222  vl=0.1865
Step: 2461696 SPS: 3523  ev=0.660  ent=0.515  grad=1.00/0.50  h=0.0 c=0.9  kl=0.0242  vl=0.1513
Step: 2465792 SPS: 3523  ev=0.587  ent=0.514  grad=0.38/0.38  h=0.0 c=1.0  kl=0.0267  vl=0.1730
Step: 2469888 SPS: 3523  ev=0.629  ent=0.535  grad=0.64/0.50  h=0.1 c=1.0  kl=0.0382  vl=0.1232
Step: 2473984 SPS: 3523  ev=0.545  ent=0.515  grad=1.30/0.50  h=0.0 c=1.0  kl=0.0255  vl=0.2213
Step: 2478080 SPS: 3522  ev=0.558  ent=0.528  grad=0.50/0.50  h=0.0 c=0.9  kl=0.0349  vl=0.1595
Step: 2482176 SPS: 3522  ev=0.598  ent=0.509  grad=0.46/0.46  h=0.0 c=1.3  kl=0.0310  vl=0.1328
Step: 2486272 SPS: 3522  ev=0.538  ent=0.505  grad=0.99/0.50  h=0.0 c=0.9  kl=0.0286  vl=0.2001
Step: 2490368 SPS: 3523  ev=0.546  ent=0.484  grad=0.51/0.50  h=0.0 c=1.0  kl=0.0196  vl=0.1281
Step: 2494464 SPS: 3524  ev=0.558  ent=0.530  grad=0.76/0.50  h=0.0 c=0.9  kl=0.0265  vl=0.1716
Step: 2498560 SPS: 3524  ev=0.591  ent=0.544  grad=0.97/0.50  h=0.0 c=1.0  kl=0.0287  vl=0.1377
Step: 2502656 SPS: 3524  ev=0.605  ent=0.522  grad=0.77/0.50  h=0.0 c=1.0  kl=0.0246  vl=0.1483
Step: 2506752 SPS: 3524  ev=0.573  ent=0.490  grad=0.56/0.50  h=0.0 c=1.0  kl=0.0283  vl=0.1581
Step: 2510848 SPS: 3525  ev=0.543  ent=0.504  grad=0.75/0.50  h=0.0 c=1.0  kl=0.0265  vl=0.2005
Step: 2514944 SPS: 3524  ev=0.657  ent=0.523  grad=1.11/0.50  h=0.0 c=1.0  kl=0.0180  vl=0.1401
Step: 2519040 SPS: 3524  ev=0.564  ent=0.528  grad=0.72/0.50  h=0.0 c=1.0  kl=0.0290  vl=0.1777
Step: 2523136 SPS: 3524  ev=0.626  ent=0.524  grad=0.50/0.50  h=0.0 c=1.3  kl=0.0265  vl=0.1711
Step: 2527232 SPS: 3523  ev=0.528  ent=0.516  grad=0.77/0.50  h=0.0 c=1.0  kl=0.0290  vl=0.1844
Step: 2531328 SPS: 3523  ev=0.545  ent=0.538  grad=0.52/0.50  h=0.0 c=1.0  kl=0.0179  vl=0.1575
Step: 2535424 SPS: 3523  ev=0.605  ent=0.541  grad=1.08/0.50  h=0.0 c=1.2  kl=0.0214  vl=0.1966
  vs Heur:   32W/64L/4D | score=1.7±27.1 inv=3.5 played=19.4 lanes=5.0 ddraw=1.2 pts=2
  vs Random: 101W/2L/1D | score=-6.1±27.5 inv=3.4 played=18.8 lanes=5.0 ddraw=0.5 pts=-6
  Self-play: 46W/53L/3D | score=0.8±19.6 inv=3.0 played=19.0 lanes=5.0 ddraw=0.6 pts=1
Step: 2539520 SPS: 3523  ev=0.610  ent=0.555  grad=0.63/0.50  h=0.1 c=1.0  kl=0.0386  vl=0.1568
Step: 2543616 SPS: 3523  ev=0.511  ent=0.500  grad=0.51/0.50  h=0.0 c=1.0  kl=0.0313  vl=0.1693
Step: 2547712 SPS: 3523  ev=0.619  ent=0.504  grad=0.50/0.50  h=0.0 c=1.6  kl=0.0306  vl=0.1301
Step: 2551808 SPS: 3523  ev=0.570  ent=0.555  grad=1.04/0.50  h=0.1 c=1.0  kl=0.0348  vl=0.1527
Step: 2555904 SPS: 3523  ev=0.630  ent=0.569  grad=1.25/0.50  h=0.0 c=1.0  kl=0.0299  vl=0.1135
Step: 2560000 SPS: 3523  ev=0.590  ent=0.523  grad=0.77/0.50  h=0.0 c=0.9  kl=0.0210  vl=0.1494
Step: 2564096 SPS: 3523  ev=0.580  ent=0.542  grad=0.51/0.50  h=0.0 c=1.0  kl=0.0328  vl=0.1621
Step: 2568192 SPS: 3525  ev=0.524  ent=0.549  grad=0.61/0.50  h=0.0 c=0.9  kl=0.0422  vl=0.1164
Step: 2572288 SPS: 3525  ev=0.551  ent=0.508  grad=0.39/0.39  h=0.0 c=0.9  kl=0.0266  vl=0.1295
Step: 2576384 SPS: 3525  ev=0.559  ent=0.502  grad=0.54/0.50  h=0.0 c=0.9  kl=0.0357  vl=0.1766
Step: 2580480 SPS: 3525  ev=0.570  ent=0.495  grad=0.61/0.50  h=0.0 c=0.9  kl=0.0269  vl=0.1698
Step: 2584576 SPS: 3525  ev=0.624  ent=0.555  grad=0.49/0.49  h=0.0 c=1.0  kl=0.0336  vl=0.1863
Step: 2588672 SPS: 3525  ev=0.601  ent=0.515  grad=0.45/0.45  h=0.0 c=1.0  kl=0.0195  vl=0.1515
Step: 2592768 SPS: 3525  ev=0.551  ent=0.490  grad=0.54/0.50  h=0.0 c=0.9  kl=0.0227  vl=0.1800
Step: 2596864 SPS: 3526  ev=0.570  ent=0.516  grad=0.91/0.50  h=0.0 c=1.0  kl=0.0278  vl=0.2045
Step: 2600960 SPS: 3525  ev=0.580  ent=0.526  grad=0.44/0.44  h=0.0 c=0.9  kl=0.0373  vl=0.1856
Step: 2605056 SPS: 3525  ev=0.622  ent=0.494  grad=0.37/0.37  h=0.0 c=0.9  kl=0.0199  vl=0.1395
Step: 2609152 SPS: 3526  ev=0.558  ent=0.530  grad=0.95/0.50  h=0.0 c=0.9  kl=0.0251  vl=0.1661
Step: 2613248 SPS: 3526  ev=0.583  ent=0.529  grad=1.10/0.50  h=0.0 c=0.9  kl=0.0311  vl=0.2142
Step: 2617344 SPS: 3526  ev=0.575  ent=0.535  grad=0.55/0.50  h=0.0 c=1.2  kl=0.0302  vl=0.1413
  vs Heur:   38W/61L/1D | score=1.1±25.6 inv=3.2 played=19.2 lanes=5.0 ddraw=0.8 pts=1
  vs Random: 98W/5L/0D | score=-5.8±25.4 inv=3.4 played=18.9 lanes=5.0 ddraw=0.3 pts=-6
  Self-play: 47W/56L/2D | score=0.3±22.3 inv=3.2 played=18.7 lanes=5.0 ddraw=0.5 pts=0
Step: 2621440 SPS: 3526  ev=0.629  ent=0.501  grad=0.47/0.47  h=0.0 c=1.0  kl=0.0268  vl=0.1510
Step: 2625536 SPS: 3525  ev=0.596  ent=0.544  grad=0.69/0.50  h=0.1 c=1.0  kl=0.0396  vl=0.1610
Step: 2629632 SPS: 3525  ev=0.612  ent=0.515  grad=0.56/0.50  h=0.0 c=1.0  kl=0.0352  vl=0.1362
Step: 2633728 SPS: 3525  ev=0.584  ent=0.510  grad=0.59/0.50  h=0.0 c=1.1  kl=0.0246  vl=0.1554
Step: 2637824 SPS: 3526  ev=0.605  ent=0.503  grad=0.85/0.50  h=0.1 c=1.0  kl=0.0212  vl=0.1630
Step: 2641920 SPS: 3526  ev=0.563  ent=0.514  grad=0.70/0.50  h=0.0 c=1.3  kl=0.0223  vl=0.2050
Step: 2646016 SPS: 3527  ev=0.591  ent=0.494  grad=0.45/0.45  h=0.0 c=1.1  kl=0.0286  vl=0.1976
Step: 2650112 SPS: 3527  ev=0.578  ent=0.530  grad=1.05/0.50  h=0.1 c=1.1  kl=0.0256  vl=0.1641
Step: 2654208 SPS: 3527  ev=0.621  ent=0.535  grad=1.71/0.50  h=0.0 c=1.0  kl=0.0263  vl=0.1721
Step: 2658304 SPS: 3527  ev=0.606  ent=0.515  grad=0.95/0.50  h=0.0 c=1.1  kl=0.0284  vl=0.1549
Step: 2662400 SPS: 3527  ev=0.615  ent=0.548  grad=0.46/0.46  h=0.1 c=1.2  kl=0.0292  vl=0.1564
Step: 2666496 SPS: 3527  ev=0.635  ent=0.503  grad=0.47/0.47  h=0.0 c=1.3  kl=0.0163  vl=0.1824
Step: 2670592 SPS: 3527  ev=0.599  ent=0.528  grad=0.50/0.50  h=0.1 c=1.4  kl=0.0244  vl=0.1387
Step: 2674688 SPS: 3527  ev=0.642  ent=0.499  grad=0.58/0.50  h=0.0 c=1.3  kl=0.0214  vl=0.1685
Step: 2678784 SPS: 3526  ev=0.622  ent=0.545  grad=1.49/0.50  h=0.1 c=1.2  kl=0.0218  vl=0.2035
Step: 2682880 SPS: 3527  ev=0.608  ent=0.532  grad=0.54/0.50  h=0.0 c=1.5  kl=0.0318  vl=0.1654
Step: 2686976 SPS: 3527  ev=0.523  ent=0.512  grad=0.37/0.37  h=0.1 c=1.4  kl=0.0251  vl=0.1453
Step: 2691072 SPS: 3527  ev=0.617  ent=0.511  grad=1.23/0.50  h=0.1 c=1.1  kl=0.0372  vl=0.1642
Step: 2695168 SPS: 3527  ev=0.621  ent=0.512  grad=0.72/0.50  h=0.0 c=1.5  kl=0.0249  vl=0.1852
Step: 2699264 SPS: 3527  ev=0.631  ent=0.528  grad=0.78/0.50  h=0.1 c=1.9  kl=0.0303  vl=0.2045
  vs Heur:   34W/70L/0D | score=-5.0±26.9 inv=3.4 played=18.8 lanes=5.0 ddraw=1.1 pts=-5
  vs Random: 102W/2L/0D | score=-5.2±23.2 inv=3.7 played=19.3 lanes=5.0 ddraw=0.4 pts=-5
  Self-play: 59W/43L/2D | score=-0.8±23.6 inv=3.5 played=19.4 lanes=5.0 ddraw=0.7 pts=-1
Step: 2703360 SPS: 3527  ev=0.581  ent=0.532  grad=1.21/0.50  h=0.1 c=1.9  kl=0.0259  vl=0.1765
Step: 2707456 SPS: 3527  ev=0.579  ent=0.506  grad=0.71/0.50  h=0.0 c=1.2  kl=0.0281  vl=0.1609
Step: 2711552 SPS: 3528  ev=0.584  ent=0.517  grad=0.60/0.50  h=0.0 c=1.7  kl=0.0372  vl=0.2186
Step: 2715648 SPS: 3528  ev=0.573  ent=0.486  grad=1.09/0.50  h=0.1 c=2.0  kl=0.0546  vl=0.1505
Step: 2719744 SPS: 3529  ev=0.638  ent=0.514  grad=1.32/0.50  h=0.1 c=1.3  kl=0.0225  vl=0.2277
Step: 2723840 SPS: 3529  ev=0.608  ent=0.532  grad=0.78/0.50  h=0.0 c=1.3  kl=0.0260  vl=0.1764
Step: 2727936 SPS: 3529  ev=0.594  ent=0.507  grad=0.43/0.43  h=0.0 c=1.6  kl=0.0278  vl=0.1647
Step: 2732032 SPS: 3529  ev=0.583  ent=0.532  grad=1.35/0.50  h=0.0 c=1.1  kl=0.0159  vl=0.1809
Step: 2736128 SPS: 3528  ev=0.536  ent=0.498  grad=0.71/0.50  h=0.0 c=1.2  kl=0.0258  vl=0.1548
Step: 2740224 SPS: 3528  ev=0.599  ent=0.569  grad=0.51/0.50  h=0.0 c=1.2  kl=0.0291  vl=0.1588
Step: 2744320 SPS: 3529  ev=0.608  ent=0.556  grad=0.48/0.48  h=0.0 c=1.2  kl=0.0278  vl=0.1416
Step: 2748416 SPS: 3528  ev=0.554  ent=0.512  grad=1.07/0.50  h=0.1 c=1.0  kl=0.0256  vl=0.1793
Step: 2752512 SPS: 3528  ev=0.595  ent=0.513  grad=0.43/0.43  h=0.0 c=1.0  kl=0.0300  vl=0.1288
Step: 2756608 SPS: 3528  ev=0.580  ent=0.520  grad=0.40/0.40  h=0.1 c=1.1  kl=0.0249  vl=0.1300
Step: 2760704 SPS: 3529  ev=0.606  ent=0.518  grad=0.96/0.50  h=0.0 c=1.1  kl=0.0257  vl=0.1311
Step: 2764800 SPS: 3529  ev=0.556  ent=0.516  grad=0.71/0.50  h=0.0 c=1.1  kl=0.0223  vl=0.1191
Step: 2768896 SPS: 3529  ev=0.569  ent=0.529  grad=0.45/0.45  h=0.0 c=1.2  kl=0.0285  vl=0.1558
Step: 2772992 SPS: 3529  ev=0.613  ent=0.498  grad=0.55/0.50  h=0.0 c=1.1  kl=0.0238  vl=0.1427
Step: 2777088 SPS: 3529  ev=0.632  ent=0.494  grad=0.50/0.50  h=0.0 c=1.2  kl=0.0201  vl=0.1719
Step: 2781184 SPS: 3529  ev=0.536  ent=0.531  grad=0.58/0.50  h=0.0 c=1.3  kl=0.0265  vl=0.1309
  vs Heur:   43W/55L/3D | score=4.0±25.0 inv=3.0 played=18.9 lanes=5.0 ddraw=1.2 pts=4
  vs Random: 108W/2L/0D | score=-5.0±23.8 inv=3.5 played=19.1 lanes=5.0 ddraw=0.3 pts=-5
  Self-play: 52W/54L/1D | score=1.8±24.1 inv=3.3 played=19.0 lanes=5.0 ddraw=0.6 pts=2
Step: 2785280 SPS: 3529  ev=0.587  ent=0.521  grad=1.44/0.50  h=0.1 c=1.3  kl=0.0330  vl=0.2286
Step: 2789376 SPS: 3529  ev=0.627  ent=0.531  grad=0.42/0.42  h=0.1 c=1.4  kl=0.0346  vl=0.1643
Step: 2793472 SPS: 3529  ev=0.542  ent=0.494  grad=0.94/0.50  h=0.0 c=1.1  kl=0.0191  vl=0.1418
Step: 2797568 SPS: 3530  ev=0.577  ent=0.504  grad=0.79/0.50  h=0.0 c=1.4  kl=0.0282  vl=0.1350
Step: 2801664 SPS: 3530  ev=0.557  ent=0.518  grad=0.61/0.50  h=0.1 c=1.4  kl=0.0311  vl=0.1399
Step: 2805760 SPS: 3530  ev=0.625  ent=0.506  grad=0.64/0.50  h=0.1 c=1.7  kl=0.0251  vl=0.1412
Step: 2809856 SPS: 3530  ev=0.554  ent=0.507  grad=0.98/0.50  h=0.0 c=1.7  kl=0.0257  vl=0.1726
Step: 2813952 SPS: 3530  ev=0.568  ent=0.488  grad=0.80/0.50  h=0.1 c=1.6  kl=0.0179  vl=0.1152
Step: 2818048 SPS: 3530  ev=0.600  ent=0.508  grad=0.51/0.50  h=0.1 c=1.8  kl=0.0245  vl=0.1338
Step: 2822144 SPS: 3530  ev=0.567  ent=0.535  grad=0.50/0.50  h=0.1 c=1.4  kl=0.0256  vl=0.1194
Step: 2826240 SPS: 3530  ev=0.552  ent=0.489  grad=0.43/0.43  h=0.1 c=1.5  kl=0.0217  vl=0.1337
Step: 2830336 SPS: 3530  ev=0.576  ent=0.485  grad=0.35/0.35  h=0.0 c=1.5  kl=0.0297  vl=0.1267
Step: 2834432 SPS: 3531  ev=0.573  ent=0.503  grad=0.65/0.50  h=0.0 c=2.0  kl=0.0155  vl=0.1451
Step: 2838528 SPS: 3531  ev=0.566  ent=0.523  grad=0.58/0.50  h=0.0 c=1.9  kl=0.0364  vl=0.1695
Step: 2842624 SPS: 3530  ev=0.515  ent=0.518  grad=0.48/0.48  h=0.0 c=1.7  kl=0.0361  vl=0.1072
Step: 2846720 SPS: 3530  ev=0.578  ent=0.523  grad=0.66/0.50  h=0.0 c=2.4  kl=0.0360  vl=0.1529
Step: 2850816 SPS: 3530  ev=0.548  ent=0.549  grad=0.63/0.50  h=0.1 c=1.8  kl=0.0273  vl=0.1241
Step: 2854912 SPS: 3530  ev=0.578  ent=0.527  grad=0.49/0.49  h=0.0 c=1.9  kl=0.0219  vl=0.1275
Step: 2859008 SPS: 3531  ev=0.570  ent=0.530  grad=0.45/0.45  h=0.0 c=1.6  kl=0.0454  vl=0.1342
Step: 2863104 SPS: 3531  ev=0.589  ent=0.515  grad=1.42/0.50  h=0.1 c=2.1  kl=0.0213  vl=0.1754
  vs Heur:   37W/65L/2D | score=-0.2±20.8 inv=3.2 played=18.9 lanes=5.0 ddraw=1.4 pts=-0
  vs Random: 99W/3L/0D | score=-4.4±26.3 inv=3.7 played=19.3 lanes=5.0 ddraw=0.3 pts=-4
  Self-play: 40W/60L/0D | score=-1.2±27.1 inv=3.5 played=19.3 lanes=5.0 ddraw=0.7 pts=-1
Step: 2867200 SPS: 3531  ev=0.578  ent=0.485  grad=0.92/0.50  h=0.0 c=2.3  kl=0.0377  vl=0.1963
Step: 2871296 SPS: 3531  ev=0.610  ent=0.519  grad=0.46/0.46  h=0.0 c=1.3  kl=0.0516  vl=0.1565
Step: 2875392 SPS: 3532  ev=0.587  ent=0.524  grad=0.65/0.50  h=0.0 c=2.8  kl=0.0254  vl=0.1648
Step: 2879488 SPS: 3532  ev=0.579  ent=0.538  grad=1.51/0.50  h=0.0 c=1.3  kl=0.0260  vl=0.1717
Step: 2883584 SPS: 3532  ev=0.587  ent=0.501  grad=0.57/0.50  h=0.1 c=2.1  kl=0.0224  vl=0.1594
Step: 2887680 SPS: 3532  ev=0.607  ent=0.487  grad=0.67/0.50  h=0.0 c=2.6  kl=0.0232  vl=0.1459
Step: 2891776 SPS: 3532  ev=0.590  ent=0.513  grad=0.72/0.50  h=0.0 c=1.8  kl=0.0338  vl=0.1779
Step: 2895872 SPS: 3532  ev=0.602  ent=0.494  grad=0.97/0.50  h=0.0 c=2.3  kl=0.0251  vl=0.1517
Step: 2899968 SPS: 3532  ev=0.604  ent=0.538  grad=0.66/0.50  h=0.0 c=1.8  kl=0.0267  vl=0.1647
Step: 2904064 SPS: 3532  ev=0.624  ent=0.526  grad=0.52/0.50  h=0.1 c=2.3  kl=0.0338  vl=0.1507
Step: 2908160 SPS: 3532  ev=0.606  ent=0.534  grad=0.54/0.50  h=0.0 c=2.0  kl=0.0380  vl=0.1610
Step: 2912256 SPS: 3532  ev=0.553  ent=0.515  grad=0.71/0.50  h=0.1 c=1.6  kl=0.0279  vl=0.2107
Step: 2916352 SPS: 3532  ev=0.588  ent=0.510  grad=0.80/0.50  h=0.1 c=1.6  kl=0.0257  vl=0.1965
Step: 2920448 SPS: 3531  ev=0.578  ent=0.521  grad=0.74/0.50  h=0.0 c=2.4  kl=0.0259  vl=0.1494
Step: 2924544 SPS: 3532  ev=0.591  ent=0.530  grad=0.50/0.50  h=0.0 c=1.3  kl=0.0562  vl=0.1811
Step: 2928640 SPS: 3532  ev=0.603  ent=0.513  grad=0.53/0.50  h=0.1 c=1.9  kl=0.0221  vl=0.1284
Step: 2932736 SPS: 3532  ev=0.546  ent=0.511  grad=0.52/0.50  h=0.0 c=1.4  kl=0.0302  vl=0.1797
Step: 2936832 SPS: 3533  ev=0.529  ent=0.522  grad=0.48/0.48  h=0.1 c=1.6  kl=0.0398  vl=0.1310
Step: 2940928 SPS: 3532  ev=0.562  ent=0.503  grad=0.64/0.50  h=0.1 c=1.4  kl=0.0304  vl=0.1480
Step: 2945024 SPS: 3533  ev=0.600  ent=0.516  grad=0.61/0.50  h=0.1 c=2.2  kl=0.0447  vl=0.1565
  vs Heur:   43W/59L/2D | score=8.3±21.3 inv=3.1 played=19.3 lanes=5.0 ddraw=0.7 pts=8
  vs Random: 101W/4L/0D | score=-1.4±27.3 inv=3.7 played=19.5 lanes=5.0 ddraw=0.4 pts=-1
  Self-play: 47W/62L/0D | score=0.3±23.8 inv=3.3 played=19.2 lanes=5.0 ddraw=0.3 pts=0
Step: 2949120 SPS: 3532  ev=0.591  ent=0.510  grad=0.56/0.50  h=0.1 c=1.8  kl=0.0360  vl=0.1463
Step: 2953216 SPS: 3533  ev=0.579  ent=0.490  grad=0.41/0.41  h=0.1 c=1.4  kl=0.0199  vl=0.1806
Step: 2957312 SPS: 3533  ev=0.577  ent=0.505  grad=1.35/0.50  h=0.2 c=1.4  kl=0.0219  vl=0.1157
Step: 2961408 SPS: 3533  ev=0.602  ent=0.532  grad=0.83/0.50  h=0.1 c=1.5  kl=0.0288  vl=0.1543
Step: 2965504 SPS: 3533  ev=0.625  ent=0.512  grad=0.35/0.35  h=0.2 c=1.7  kl=0.0310  vl=0.1705
Step: 2969600 SPS: 3533  ev=0.588  ent=0.484  grad=0.37/0.37  h=0.1 c=1.1  kl=0.0249  vl=0.1723
Step: 2973696 SPS: 3533  ev=0.531  ent=0.501  grad=0.77/0.50  h=0.1 c=1.5  kl=0.0344  vl=0.1619
Step: 2977792 SPS: 3532  ev=0.545  ent=0.521  grad=1.66/0.50  h=0.1 c=1.8  kl=0.0288  vl=0.1577
Step: 2981888 SPS: 3532  ev=0.589  ent=0.515  grad=1.14/0.50  h=0.1 c=1.4  kl=0.0383  vl=0.1659
Step: 2985984 SPS: 3532  ev=0.569  ent=0.507  grad=0.40/0.40  h=0.1 c=1.7  kl=0.0236  vl=0.1102
Step: 2990080 SPS: 3532  ev=0.550  ent=0.500  grad=1.01/0.50  h=0.1 c=1.3  kl=0.0286  vl=0.1681
Step: 2994176 SPS: 3532  ev=0.615  ent=0.500  grad=0.56/0.50  h=0.1 c=1.8  kl=0.0239  vl=0.1697
Step: 2998272 SPS: 3531  ev=0.557  ent=0.495  grad=0.73/0.50  h=0.1 c=2.2  kl=0.0231  vl=0.1469
Step: 3002368 SPS: 3531  ev=0.519  ent=0.496  grad=0.52/0.50  h=0.0 c=2.1  kl=0.0258  vl=0.1492
Step: 3006464 SPS: 3531  ev=0.581  ent=0.500  grad=0.44/0.44  h=0.0 c=2.1  kl=0.0425  vl=0.1815
Step: 3010560 SPS: 3531  ev=0.512  ent=0.508  grad=0.38/0.38  h=0.1 c=1.9  kl=0.0346  vl=0.1884
Step: 3014656 SPS: 3531  ev=0.600  ent=0.519  grad=1.03/0.50  h=0.0 c=1.4  kl=0.0385  vl=0.1770
Step: 3018752 SPS: 3531  ev=0.595  ent=0.507  grad=0.87/0.50  h=0.1 c=1.3  kl=0.0371  vl=0.1936
Step: 3022848 SPS: 3531  ev=0.588  ent=0.496  grad=0.42/0.42  h=0.1 c=1.5  kl=0.0296  vl=0.1787
Step: 3026944 SPS: 3531  ev=0.567  ent=0.530  grad=0.48/0.48  h=0.0 c=1.4  kl=0.0320  vl=0.1366
  vs Heur:   35W/67L/2D | score=-4.4±26.9 inv=3.4 played=18.8 lanes=5.0 ddraw=1.0 pts=-4
  vs Random: 99W/6L/1D | score=-9.0±26.8 inv=3.5 played=18.7 lanes=5.0 ddraw=0.3 pts=-9
  Self-play: 45W/49L/6D | score=1.9±23.8 inv=3.5 played=19.4 lanes=5.0 ddraw=0.5 pts=2
Step: 3031040 SPS: 3531  ev=0.517  ent=0.507  grad=0.47/0.47  h=0.0 c=1.4  kl=0.0294  vl=0.1653
Step: 3035136 SPS: 3531  ev=0.591  ent=0.507  grad=0.93/0.50  h=0.1 c=1.5  kl=0.0389  vl=0.1686
Step: 3039232 SPS: 3531  ev=0.613  ent=0.536  grad=0.48/0.48  h=0.1 c=1.3  kl=0.0290  vl=0.1600
Step: 3043328 SPS: 3531  ev=0.550  ent=0.520  grad=0.43/0.43  h=0.1 c=1.5  kl=0.0269  vl=0.1876
Step: 3047424 SPS: 3531  ev=0.588  ent=0.508  grad=0.51/0.50  h=0.1 c=1.7  kl=0.0254  vl=0.1576
Step: 3051520 SPS: 3531  ev=0.556  ent=0.531  grad=0.63/0.50  h=0.0 c=1.9  kl=0.0476  vl=0.2107
Step: 3055616 SPS: 3531  ev=0.597  ent=0.493  grad=0.90/0.50  h=0.0 c=1.7  kl=0.0247  vl=0.1707
Step: 3059712 SPS: 3532  ev=0.569  ent=0.509  grad=0.82/0.50  h=0.1 c=1.3  kl=0.0306  vl=0.1650
Step: 3063808 SPS: 3531  ev=0.609  ent=0.495  grad=1.06/0.50  h=0.1 c=1.6  kl=0.0451  vl=0.1333
Step: 3067904 SPS: 3531  ev=0.613  ent=0.507  grad=1.06/0.50  h=0.0 c=2.1  kl=0.0435  vl=0.1735
Step: 3072000 SPS: 3532  ev=0.553  ent=0.524  grad=0.95/0.50  h=0.1 c=1.9  kl=0.0388  vl=0.1751
Step: 3076096 SPS: 3532  ev=0.618  ent=0.513  grad=0.48/0.48  h=0.1 c=1.7  kl=0.0460  vl=0.1576
Step: 3080192 SPS: 3532  ev=0.597  ent=0.520  grad=0.36/0.36  h=0.1 c=1.9  kl=0.0288  vl=0.1592
Step: 3084288 SPS: 3532  ev=0.602  ent=0.498  grad=1.14/0.50  h=0.1 c=1.7  kl=0.0235  vl=0.1762
Step: 3088384 SPS: 3532  ev=0.568  ent=0.504  grad=0.69/0.50  h=0.0 c=1.9  kl=0.0264  vl=0.1962
Step: 3092480 SPS: 3532  ev=0.560  ent=0.528  grad=0.70/0.50  h=0.1 c=1.3  kl=0.0263  vl=0.1743
Step: 3096576 SPS: 3533  ev=0.592  ent=0.520  grad=1.59/0.50  h=0.0 c=1.5  kl=0.0587  vl=0.1864
Step: 3100672 SPS: 3533  ev=0.581  ent=0.525  grad=0.52/0.50  h=0.0 c=1.5  kl=0.0222  vl=0.1683
Step: 3104768 SPS: 3533  ev=0.565  ent=0.545  grad=0.38/0.38  h=0.1 c=1.5  kl=0.0334  vl=0.1870
Step: 3108864 SPS: 3534  ev=0.610  ent=0.509  grad=0.41/0.41  h=0.1 c=2.0  kl=0.0232  vl=0.1747
  vs Heur:   34W/69L/0D | score=-3.5±25.0 inv=3.2 played=18.5 lanes=5.0 ddraw=1.7 pts=-4
  vs Random: 98W/3L/0D | score=-5.4±28.5 inv=3.3 played=19.0 lanes=5.0 ddraw=0.2 pts=-5
  Self-play: 43W/53L/4D | score=0.3±21.4 inv=3.4 played=19.4 lanes=5.0 ddraw=0.7 pts=0
Step: 3112960 SPS: 3534  ev=0.565  ent=0.530  grad=0.87/0.50  h=0.1 c=1.3  kl=0.0313  vl=0.1754
Step: 3117056 SPS: 3534  ev=0.519  ent=0.506  grad=0.42/0.42  h=0.1 c=1.2  kl=0.0341  vl=0.1364
Step: 3121152 SPS: 3533  ev=0.572  ent=0.526  grad=0.93/0.50  h=0.1 c=1.6  kl=0.0314  vl=0.1293
Step: 3125248 SPS: 3533  ev=0.566  ent=0.539  grad=0.70/0.50  h=0.1 c=1.9  kl=0.0266  vl=0.1373
Step: 3129344 SPS: 3533  ev=0.587  ent=0.554  grad=0.59/0.50  h=0.2 c=2.0  kl=0.0275  vl=0.1575
Step: 3133440 SPS: 3533  ev=0.600  ent=0.546  grad=0.38/0.38  h=0.2 c=1.6  kl=0.0248  vl=0.1772
Step: 3137536 SPS: 3533  ev=0.623  ent=0.564  grad=0.48/0.48  h=0.1 c=1.9  kl=0.0299  vl=0.1536
Step: 3141632 SPS: 3533  ev=0.580  ent=0.559  grad=0.47/0.47  h=0.1 c=2.2  kl=0.0354  vl=0.1487
Step: 3145728 SPS: 3533  ev=0.603  ent=0.514  grad=0.79/0.50  h=0.0 c=2.0  kl=0.0214  vl=0.1407
Step: 3149824 SPS: 3533  ev=0.550  ent=0.508  grad=0.53/0.50  h=0.1 c=1.4  kl=0.0328  vl=0.1476
Step: 3153920 SPS: 3533  ev=0.603  ent=0.571  grad=1.30/0.50  h=0.1 c=1.9  kl=0.0430  vl=0.1622
Step: 3158016 SPS: 3534  ev=0.593  ent=0.523  grad=0.66/0.50  h=0.1 c=2.2  kl=0.0957  vl=0.1403
Step: 3162112 SPS: 3534  ev=0.554  ent=0.556  grad=1.25/0.50  h=0.0 c=2.1  kl=0.0258  vl=0.1689
Step: 3166208 SPS: 3534  ev=0.612  ent=0.529  grad=0.90/0.50  h=0.1 c=1.6  kl=0.0289  vl=0.1475
Step: 3170304 SPS: 3534  ev=0.557  ent=0.489  grad=0.41/0.41  h=0.1 c=2.5  kl=0.0343  vl=0.1691
Step: 3174400 SPS: 3535  ev=0.566  ent=0.494  grad=0.61/0.50  h=0.1 c=1.5  kl=0.0256  vl=0.1708
Step: 3178496 SPS: 3535  ev=0.539  ent=0.508  grad=1.18/0.50  h=0.1 c=1.4  kl=0.0318  vl=0.1470
Step: 3182592 SPS: 3534  ev=0.514  ent=0.526  grad=1.46/0.50  h=0.0 c=2.1  kl=0.0278  vl=0.1926
Step: 3186688 SPS: 3535  ev=0.605  ent=0.535  grad=1.51/0.50  h=0.1 c=1.9  kl=0.0341  vl=0.1184
Step: 3190784 SPS: 3535  ev=0.581  ent=0.524  grad=1.09/0.50  h=0.0 c=2.2  kl=0.0280  vl=0.1907
  vs Heur:   29W/69L/3D | score=0.7±21.9 inv=2.4 played=17.7 lanes=5.0 ddraw=1.7 pts=1
  vs Random: 98W/2L/0D | score=-9.8±23.4 inv=2.6 played=17.9 lanes=5.0 ddraw=0.2 pts=-10
  Self-play: 48W/51L/3D | score=2.8±20.4 inv=2.7 played=18.4 lanes=5.0 ddraw=0.9 pts=3
Step: 3194880 SPS: 3535  ev=0.550  ent=0.522  grad=0.89/0.50  h=0.0 c=2.3  kl=0.0250  vl=0.1760
Step: 3198976 SPS: 3535  ev=0.640  ent=0.533  grad=0.54/0.50  h=0.1 c=2.5  kl=0.0302  vl=0.1180
Step: 3203072 SPS: 3535  ev=0.592  ent=0.529  grad=0.75/0.50  h=0.0 c=2.3  kl=0.0464  vl=0.1931
Step: 3207168 SPS: 3535  ev=0.558  ent=0.493  grad=0.46/0.46  h=0.1 c=2.4  kl=0.0238  vl=0.1556
Step: 3211264 SPS: 3535  ev=0.610  ent=0.499  grad=1.20/0.50  h=0.1 c=2.5  kl=0.0426  vl=0.1852
Step: 3215360 SPS: 3536  ev=0.568  ent=0.497  grad=0.62/0.50  h=0.1 c=2.2  kl=0.0405  vl=0.1281
Step: 3219456 SPS: 3535  ev=0.561  ent=0.505  grad=0.74/0.50  h=0.1 c=2.4  kl=0.0384  vl=0.1729
Step: 3223552 SPS: 3535  ev=0.546  ent=0.528  grad=0.89/0.50  h=0.1 c=2.9  kl=0.0356  vl=0.1687
Step: 3227648 SPS: 3535  ev=0.531  ent=0.486  grad=0.42/0.42  h=0.1 c=2.3  kl=0.0347  vl=0.1778
Step: 3231744 SPS: 3535  ev=0.534  ent=0.502  grad=1.31/0.50  h=0.1 c=2.9  kl=0.0369  vl=0.1499
Step: 3235840 SPS: 3535  ev=0.628  ent=0.520  grad=1.12/0.50  h=0.2 c=1.9  kl=0.0313  vl=0.1799
Step: 3239936 SPS: 3535  ev=0.556  ent=0.499  grad=0.96/0.50  h=0.2 c=2.8  kl=0.0317  vl=0.1705
Step: 3244032 SPS: 3535  ev=0.614  ent=0.492  grad=0.69/0.50  h=0.1 c=2.9  kl=0.0360  vl=0.1226
Step: 3248128 SPS: 3535  ev=0.555  ent=0.506  grad=0.50/0.50  h=0.2 c=2.7  kl=0.0306  vl=0.1401
Step: 3252224 SPS: 3535  ev=0.550  ent=0.482  grad=0.58/0.50  h=0.1 c=2.7  kl=0.0308  vl=0.1339
Step: 3256320 SPS: 3535  ev=0.647  ent=0.514  grad=0.48/0.48  h=0.1 c=3.0  kl=0.0358  vl=0.1699
Step: 3260416 SPS: 3535  ev=0.595  ent=0.521  grad=0.46/0.46  h=0.1 c=2.8  kl=0.0236  vl=0.1353
Step: 3264512 SPS: 3535  ev=0.545  ent=0.467  grad=0.64/0.50  h=0.1 c=2.6  kl=0.0310  vl=0.1861
Step: 3268608 SPS: 3535  ev=0.598  ent=0.522  grad=0.38/0.38  h=0.2 c=2.5  kl=0.0311  vl=0.1492
Step: 3272704 SPS: 3535  ev=0.550  ent=0.468  grad=0.48/0.48  h=0.1 c=3.0  kl=0.0318  vl=0.1563
  vs Heur:   36W/65L/1D | score=-1.2±25.7 inv=2.7 played=18.2 lanes=5.0 ddraw=1.5 pts=-1
  vs Random: 103W/0L/0D | score=0.4±24.2 inv=2.8 played=18.9 lanes=5.0 ddraw=0.3 pts=0
  Self-play: 50W/55L/0D | score=3.5±26.5 inv=3.2 played=19.1 lanes=5.0 ddraw=0.6 pts=3
Step: 3276800 SPS: 3535  ev=0.626  ent=0.502  grad=0.45/0.45  h=0.1 c=2.6  kl=0.0332  vl=0.1219
Step: 3280896 SPS: 3535  ev=0.594  ent=0.491  grad=0.68/0.50  h=0.1 c=2.8  kl=0.0245  vl=0.1754
Step: 3284992 SPS: 3535  ev=0.621  ent=0.505  grad=1.98/0.50  h=0.1 c=2.9  kl=0.0229  vl=0.2069
Step: 3289088 SPS: 3535  ev=0.588  ent=0.498  grad=0.49/0.49  h=0.2 c=2.5  kl=0.0240  vl=0.1835
Step: 3293184 SPS: 3534  ev=0.645  ent=0.524  grad=1.39/0.50  h=0.2 c=3.1  kl=0.0169  vl=0.1695
Step: 3297280 SPS: 3534  ev=0.614  ent=0.527  grad=0.70/0.50  h=0.2 c=2.2  kl=0.0316  vl=0.1591
Step: 3301376 SPS: 3534  ev=0.619  ent=0.486  grad=0.66/0.50  h=0.2 c=3.2  kl=0.0302  vl=0.1537
Step: 3305472 SPS: 3534  ev=0.612  ent=0.510  grad=0.93/0.50  h=0.1 c=3.5  kl=0.0337  vl=0.1897
Step: 3309568 SPS: 3534  ev=0.559  ent=0.474  grad=0.48/0.48  h=0.1 c=2.9  kl=0.0249  vl=0.1579
Step: 3313664 SPS: 3534  ev=0.635  ent=0.505  grad=1.03/0.50  h=0.1 c=3.3  kl=0.0227  vl=0.1208
Step: 3317760 SPS: 3534  ev=0.645  ent=0.505  grad=0.59/0.50  h=0.2 c=2.7  kl=0.0234  vl=0.1665
Step: 3321856 SPS: 3534  ev=0.636  ent=0.551  grad=0.81/0.50  h=0.1 c=3.0  kl=0.0323  vl=0.1546
Step: 3325952 SPS: 3534  ev=0.637  ent=0.479  grad=1.03/0.50  h=0.1 c=3.3  kl=0.0280  vl=0.1387
Step: 3330048 SPS: 3534  ev=0.676  ent=0.475  grad=0.45/0.45  h=0.1 c=3.0  kl=0.0240  vl=0.1671
Step: 3334144 SPS: 3535  ev=0.601  ent=0.499  grad=0.38/0.38  h=0.1 c=2.2  kl=0.0276  vl=0.1694
Step: 3338240 SPS: 3535  ev=0.609  ent=0.501  grad=0.73/0.50  h=0.1 c=2.3  kl=0.0328  vl=0.1794
Step: 3342336 SPS: 3535  ev=0.641  ent=0.496  grad=0.90/0.50  h=0.1 c=2.8  kl=0.0258  vl=0.1693
Step: 3346432 SPS: 3535  ev=0.626  ent=0.496  grad=0.64/0.50  h=0.1 c=2.4  kl=0.0298  vl=0.1513
Step: 3350528 SPS: 3535  ev=0.598  ent=0.475  grad=0.57/0.50  h=0.0 c=2.6  kl=0.0304  vl=0.1837
Step: 3354624 SPS: 3535  ev=0.624  ent=0.528  grad=0.46/0.46  h=0.0 c=2.5  kl=0.0320  vl=0.2081
  vs Heur:   35W/66L/1D | score=1.5±25.0 inv=3.0 played=18.8 lanes=5.0 ddraw=1.3 pts=1
  vs Random: 100W/5L/0D | score=-5.7±25.3 inv=2.9 played=18.6 lanes=5.0 ddraw=0.3 pts=-6
  Self-play: 52W/46L/3D | score=5.0±23.4 inv=3.0 played=19.1 lanes=5.0 ddraw=0.5 pts=5
Step: 3358720 SPS: 3536  ev=0.613  ent=0.521  grad=0.98/0.50  h=0.1 c=3.2  kl=0.0294  vl=0.1589
Step: 3362816 SPS: 3536  ev=0.593  ent=0.500  grad=0.38/0.38  h=0.0 c=2.2  kl=0.0421  vl=0.1661
Step: 3366912 SPS: 3536  ev=0.569  ent=0.482  grad=1.31/0.50  h=0.1 c=3.1  kl=0.0232  vl=0.1578
Step: 3371008 SPS: 3536  ev=0.620  ent=0.469  grad=0.68/0.50  h=0.1 c=3.0  kl=0.0352  vl=0.1497
Step: 3375104 SPS: 3537  ev=0.649  ent=0.493  grad=0.69/0.50  h=0.1 c=3.1  kl=0.0281  vl=0.1428
Step: 3379200 SPS: 3537  ev=0.629  ent=0.480  grad=0.59/0.50  h=0.0 c=2.7  kl=0.0225  vl=0.1402
Step: 3383296 SPS: 3537  ev=0.624  ent=0.498  grad=0.45/0.45  h=0.1 c=2.7  kl=0.0263  vl=0.1608
Step: 3387392 SPS: 3537  ev=0.662  ent=0.498  grad=0.33/0.33  h=0.2 c=3.7  kl=0.0239  vl=0.1581
Step: 3391488 SPS: 3537  ev=0.608  ent=0.493  grad=0.64/0.50  h=0.1 c=3.6  kl=0.0250  vl=0.1428
Step: 3395584 SPS: 3537  ev=0.614  ent=0.527  grad=0.40/0.40  h=0.1 c=3.3  kl=0.0232  vl=0.1515
Step: 3399680 SPS: 3538  ev=0.613  ent=0.484  grad=1.09/0.50  h=0.0 c=4.0  kl=0.0240  vl=0.1819
Step: 3403776 SPS: 3538  ev=0.547  ent=0.494  grad=0.48/0.48  h=0.1 c=3.6  kl=0.0218  vl=0.2126
Step: 3407872 SPS: 3538  ev=0.637  ent=0.511  grad=0.50/0.50  h=0.1 c=3.0  kl=0.0354  vl=0.1737
Step: 3411968 SPS: 3538  ev=0.573  ent=0.501  grad=1.54/0.50  h=0.0 c=3.4  kl=0.0491  vl=0.2257
Step: 3416064 SPS: 3538  ev=0.572  ent=0.461  grad=0.42/0.42  h=0.1 c=3.4  kl=0.0210  vl=0.1621
Step: 3420160 SPS: 3539  ev=0.586  ent=0.479  grad=0.81/0.50  h=0.1 c=3.9  kl=0.0223  vl=0.1724
Step: 3424256 SPS: 3538  ev=0.563  ent=0.495  grad=0.32/0.32  h=0.0 c=2.7  kl=0.0311  vl=0.1812
Step: 3428352 SPS: 3538  ev=0.636  ent=0.492  grad=0.64/0.50  h=0.1 c=2.9  kl=0.0185  vl=0.1637
Step: 3432448 SPS: 3539  ev=0.584  ent=0.499  grad=0.57/0.50  h=0.1 c=3.2  kl=0.0311  vl=0.2164
Step: 3436544 SPS: 3539  ev=0.609  ent=0.501  grad=1.77/0.50  h=0.0 c=2.6  kl=0.0225  vl=0.2068
  vs Heur:   40W/61L/1D | score=-0.3±26.9 inv=3.3 played=19.0 lanes=5.0 ddraw=1.4 pts=-0
  vs Random: 97W/7L/0D | score=-6.2±27.7 inv=3.6 played=19.4 lanes=5.0 ddraw=0.2 pts=-6
  Self-play: 56W/44L/0D | score=5.0±24.1 inv=3.1 played=19.1 lanes=5.0 ddraw=0.8 pts=5
Step: 3440640 SPS: 3539  ev=0.601  ent=0.488  grad=0.48/0.48  h=0.1 c=2.4  kl=0.0237  vl=0.1800
Step: 3444736 SPS: 3539  ev=0.625  ent=0.475  grad=0.67/0.50  h=0.0 c=3.3  kl=0.0341  vl=0.1615
Step: 3448832 SPS: 3539  ev=0.618  ent=0.455  grad=0.97/0.50  h=0.1 c=2.6  kl=0.0362  vl=0.1714
Step: 3452928 SPS: 3539  ev=0.611  ent=0.475  grad=0.54/0.50  h=0.1 c=3.3  kl=0.0247  vl=0.1434
Step: 3457024 SPS: 3540  ev=0.578  ent=0.527  grad=1.00/0.50  h=0.1 c=3.1  kl=0.0206  vl=0.1439
Step: 3461120 SPS: 3540  ev=0.632  ent=0.501  grad=0.42/0.42  h=0.1 c=4.1  kl=0.0221  vl=0.1696
Step: 3465216 SPS: 3540  ev=0.620  ent=0.498  grad=0.47/0.47  h=0.1 c=2.9  kl=0.0283  vl=0.1314
Step: 3469312 SPS: 3540  ev=0.569  ent=0.450  grad=0.66/0.50  h=0.1 c=2.5  kl=0.0311  vl=0.1598
Step: 3473408 SPS: 3540  ev=0.600  ent=0.480  grad=0.40/0.40  h=0.1 c=3.1  kl=0.0357  vl=0.1184
Step: 3477504 SPS: 3540  ev=0.598  ent=0.495  grad=0.38/0.38  h=0.1 c=3.3  kl=0.0279  vl=0.1978
Step: 3481600 SPS: 3541  ev=0.619  ent=0.477  grad=1.06/0.50  h=0.1 c=3.4  kl=0.0304  vl=0.2013
Step: 3485696 SPS: 3541  ev=0.553  ent=0.530  grad=0.67/0.50  h=0.1 c=3.1  kl=0.0411  vl=0.1271
Step: 3489792 SPS: 3541  ev=0.547  ent=0.472  grad=0.71/0.50  h=0.1 c=2.8  kl=0.0237  vl=0.1097
Step: 3493888 SPS: 3541  ev=0.604  ent=0.484  grad=0.44/0.44  h=0.1 c=2.9  kl=0.0383  vl=0.1255
Step: 3497984 SPS: 3541  ev=0.560  ent=0.454  grad=0.80/0.50  h=0.1 c=3.2  kl=0.0400  vl=0.1416
Step: 3502080 SPS: 3541  ev=0.604  ent=0.502  grad=0.63/0.50  h=0.1 c=3.6  kl=0.0304  vl=0.1544
Step: 3506176 SPS: 3541  ev=0.607  ent=0.468  grad=0.32/0.32  h=0.1 c=2.9  kl=0.0314  vl=0.1355
Step: 3510272 SPS: 3541  ev=0.658  ent=0.491  grad=0.50/0.50  h=0.1 c=2.9  kl=0.0343  vl=0.1646
Step: 3514368 SPS: 3541  ev=0.575  ent=0.468  grad=0.68/0.50  h=0.1 c=2.4  kl=0.0275  vl=0.2022
Step: 3518464 SPS: 3542  ev=0.592  ent=0.495  grad=0.79/0.50  h=0.1 c=1.9  kl=0.0264  vl=0.1302
  vs Heur:   30W/69L/2D | score=-0.9±25.1 inv=3.5 played=19.3 lanes=5.0 ddraw=1.0 pts=-1
  vs Random: 106W/0L/0D | score=-2.3±25.8 inv=3.4 played=18.9 lanes=5.0 ddraw=0.3 pts=-2
  Self-play: 52W/47L/1D | score=-1.9±20.2 inv=3.2 played=18.9 lanes=5.0 ddraw=0.5 pts=-2
Step: 3522560 SPS: 3542  ev=0.574  ent=0.497  grad=0.81/0.50  h=0.1 c=2.3  kl=0.0486  vl=0.1420
Step: 3526656 SPS: 3542  ev=0.605  ent=0.488  grad=0.79/0.50  h=0.1 c=2.9  kl=0.0291  vl=0.1533
Step: 3530752 SPS: 3542  ev=0.549  ent=0.511  grad=0.59/0.50  h=0.1 c=2.6  kl=0.0583  vl=0.1237
Step: 3534848 SPS: 3542  ev=0.582  ent=0.501  grad=0.39/0.39  h=0.1 c=2.3  kl=0.0224  vl=0.1647
Step: 3538944 SPS: 3542  ev=0.594  ent=0.488  grad=0.70/0.50  h=0.1 c=2.6  kl=0.0492  vl=0.1994
Step: 3543040 SPS: 3542  ev=0.602  ent=0.485  grad=0.51/0.50  h=0.1 c=2.5  kl=0.0406  vl=0.1460
Step: 3547136 SPS: 3542  ev=0.638  ent=0.485  grad=0.75/0.50  h=0.1 c=2.7  kl=0.0303  vl=0.1550
Step: 3551232 SPS: 3542  ev=0.645  ent=0.492  grad=0.40/0.40  h=0.1 c=2.1  kl=0.0381  vl=0.1345
Step: 3555328 SPS: 3542  ev=0.582  ent=0.514  grad=1.23/0.50  h=0.2 c=2.1  kl=0.0351  vl=0.1716
Step: 3559424 SPS: 3542  ev=0.518  ent=0.498  grad=0.72/0.50  h=0.1 c=2.4  kl=0.0289  vl=0.1470
Step: 3563520 SPS: 3543  ev=0.545  ent=0.485  grad=0.50/0.50  h=0.1 c=2.8  kl=0.0294  vl=0.1370
Step: 3567616 SPS: 3543  ev=0.638  ent=0.498  grad=0.63/0.50  h=0.1 c=3.0  kl=0.0211  vl=0.1504
Step: 3571712 SPS: 3543  ev=0.610  ent=0.487  grad=0.59/0.50  h=0.2 c=3.7  kl=0.0344  vl=0.1601
Step: 3575808 SPS: 3543  ev=0.597  ent=0.486  grad=0.39/0.39  h=0.2 c=3.6  kl=0.0241  vl=0.1470
Step: 3579904 SPS: 3543  ev=0.586  ent=0.479  grad=0.95/0.50  h=0.2 c=2.4  kl=0.0234  vl=0.1543
Step: 3584000 SPS: 3543  ev=0.605  ent=0.458  grad=0.38/0.38  h=0.2 c=2.0  kl=0.0763  vl=0.1161
Step: 3588096 SPS: 3543  ev=0.552  ent=0.461  grad=0.98/0.50  h=0.1 c=2.2  kl=0.0245  vl=0.1629
Step: 3592192 SPS: 3543  ev=0.596  ent=0.429  grad=0.83/0.50  h=0.1 c=2.4  kl=0.0235  vl=0.2110
Step: 3596288 SPS: 3544  ev=0.563  ent=0.447  grad=1.15/0.50  h=0.1 c=2.8  kl=0.0222  vl=0.1170
Step: 3600384 SPS: 3544  ev=0.539  ent=0.485  grad=0.51/0.50  h=0.1 c=2.2  kl=0.0271  vl=0.1197
  vs Heur:   38W/58L/4D | score=4.2±26.3 inv=3.3 played=19.2 lanes=5.0 ddraw=1.1 pts=4
  vs Random: 105W/2L/0D | score=3.9±27.1 inv=3.4 played=19.6 lanes=5.0 ddraw=0.4 pts=4
  Self-play: 48W/50L/3D | score=0.7±22.7 inv=3.2 played=19.1 lanes=5.0 ddraw=0.7 pts=1
Step: 3604480 SPS: 3544  ev=0.627  ent=0.543  grad=0.70/0.50  h=0.1 c=1.9  kl=0.0465  vl=0.1176
Step: 3608576 SPS: 3544  ev=0.601  ent=0.470  grad=0.50/0.50  h=0.1 c=2.9  kl=0.0380  vl=0.1599
Step: 3612672 SPS: 3544  ev=0.576  ent=0.489  grad=0.72/0.50  h=0.2 c=2.5  kl=0.0363  vl=0.1365
Step: 3616768 SPS: 3544  ev=0.609  ent=0.468  grad=0.43/0.43  h=0.1 c=2.7  kl=0.0260  vl=0.1631
Step: 3620864 SPS: 3544  ev=0.601  ent=0.472  grad=1.24/0.50  h=0.2 c=2.6  kl=0.0207  vl=0.1708
Step: 3624960 SPS: 3544  ev=0.602  ent=0.451  grad=0.49/0.49  h=0.2 c=1.9  kl=0.0247  vl=0.1295
Step: 3629056 SPS: 3544  ev=0.611  ent=0.473  grad=0.46/0.46  h=0.1 c=1.9  kl=0.0317  vl=0.1144
Step: 3633152 SPS: 3544  ev=0.599  ent=0.499  grad=0.72/0.50  h=0.1 c=3.1  kl=0.0390  vl=0.1479
Step: 3637248 SPS: 3544  ev=0.594  ent=0.494  grad=0.37/0.37  h=0.2 c=3.0  kl=0.0230  vl=0.1600
Step: 3641344 SPS: 3545  ev=0.635  ent=0.482  grad=0.66/0.50  h=0.2 c=2.8  kl=0.0453  vl=0.1398
Step: 3645440 SPS: 3545  ev=0.570  ent=0.464  grad=0.46/0.46  h=0.1 c=2.1  kl=0.0336  vl=0.1445
Step: 3649536 SPS: 3545  ev=0.573  ent=0.464  grad=1.15/0.50  h=0.2 c=1.9  kl=0.0212  vl=0.1796
Step: 3653632 SPS: 3545  ev=0.600  ent=0.482  grad=1.21/0.50  h=0.2 c=2.0  kl=0.0245  vl=0.1694
Step: 3657728 SPS: 3545  ev=0.559  ent=0.503  grad=0.53/0.50  h=0.2 c=2.7  kl=0.0294  vl=0.1576
Step: 3661824 SPS: 3545  ev=0.550  ent=0.493  grad=0.71/0.50  h=0.2 c=1.8  kl=0.0287  vl=0.2032
Step: 3665920 SPS: 3545  ev=0.563  ent=0.468  grad=0.81/0.50  h=0.1 c=2.3  kl=0.0260  vl=0.1396
Step: 3670016 SPS: 3545  ev=0.585  ent=0.500  grad=0.52/0.50  h=0.2 c=2.3  kl=0.0274  vl=0.1399
Step: 3674112 SPS: 3546  ev=0.543  ent=0.438  grad=0.66/0.50  h=0.2 c=2.7  kl=0.0436  vl=0.1303
Step: 3678208 SPS: 3546  ev=0.545  ent=0.449  grad=1.40/0.50  h=0.1 c=2.2  kl=0.0357  vl=0.1260
Step: 3682304 SPS: 3546  ev=0.576  ent=0.447  grad=0.50/0.50  h=0.2 c=3.4  kl=0.0278  vl=0.1616
  vs Heur:   37W/64L/4D | score=-1.8±22.4 inv=3.2 played=18.6 lanes=5.0 ddraw=1.4 pts=-2
  vs Random: 103W/4L/1D | score=-1.3±28.1 inv=3.1 played=18.9 lanes=5.0 ddraw=0.4 pts=-1
  Self-play: 54W/47L/0D | score=1.9±25.8 inv=3.2 played=19.2 lanes=5.0 ddraw=0.4 pts=2
Step: 3686400 SPS: 3546  ev=0.621  ent=0.485  grad=0.77/0.50  h=0.1 c=2.7  kl=0.0276  vl=0.1236
Step: 3690496 SPS: 3546  ev=0.606  ent=0.468  grad=0.48/0.48  h=0.2 c=3.1  kl=0.0262  vl=0.1410
Step: 3694592 SPS: 3546  ev=0.550  ent=0.480  grad=1.15/0.50  h=0.1 c=3.4  kl=0.0253  vl=0.1641
Step: 3698688 SPS: 3545  ev=0.606  ent=0.478  grad=0.49/0.49  h=0.1 c=2.7  kl=0.0339  vl=0.1356
Step: 3702784 SPS: 3545  ev=0.625  ent=0.476  grad=1.06/0.50  h=0.1 c=3.0  kl=0.0265  vl=0.2083
Step: 3706880 SPS: 3546  ev=0.584  ent=0.477  grad=0.53/0.50  h=0.1 c=3.0  kl=0.0362  vl=0.2003
Step: 3710976 SPS: 3546  ev=0.565  ent=0.474  grad=0.85/0.50  h=0.1 c=3.8  kl=0.0357  vl=0.1928
Step: 3715072 SPS: 3546  ev=0.594  ent=0.461  grad=0.39/0.39  h=0.1 c=4.0  kl=0.0317  vl=0.1156
Step: 3719168 SPS: 3546  ev=0.553  ent=0.486  grad=0.55/0.50  h=0.2 c=4.3  kl=0.0366  vl=0.1706
Step: 3723264 SPS: 3545  ev=0.573  ent=0.474  grad=0.52/0.50  h=0.2 c=4.2  kl=0.0337  vl=0.1466
Step: 3727360 SPS: 3546  ev=0.612  ent=0.465  grad=0.75/0.50  h=0.1 c=3.9  kl=0.0447  vl=0.1315
Step: 3731456 SPS: 3545  ev=0.603  ent=0.474  grad=1.24/0.50  h=0.1 c=3.9  kl=0.0260  vl=0.1582
Step: 3735552 SPS: 3545  ev=0.572  ent=0.467  grad=0.91/0.50  h=0.1 c=4.2  kl=0.0220  vl=0.1691
Step: 3739648 SPS: 3545  ev=0.566  ent=0.481  grad=0.49/0.49  h=0.2 c=4.7  kl=0.0315  vl=0.1822
Step: 3743744 SPS: 3545  ev=0.620  ent=0.493  grad=0.52/0.50  h=0.2 c=5.0  kl=0.0292  vl=0.1501
Step: 3747840 SPS: 3545  ev=0.593  ent=0.487  grad=0.80/0.50  h=0.1 c=4.7  kl=0.0276  vl=0.1416
Step: 3751936 SPS: 3546  ev=0.596  ent=0.498  grad=0.73/0.50  h=0.1 c=5.9  kl=0.0352  vl=0.2203
Step: 3756032 SPS: 3546  ev=0.606  ent=0.479  grad=0.39/0.39  h=0.2 c=6.4  kl=0.0230  vl=0.1138
Step: 3760128 SPS: 3546  ev=0.650  ent=0.453  grad=0.73/0.50  h=0.2 c=6.6  kl=0.0176  vl=0.1335
Step: 3764224 SPS: 3546  ev=0.633  ent=0.480  grad=0.62/0.50  h=0.2 c=6.4  kl=0.0167  vl=0.1118
  vs Heur:   39W/59L/2D | score=2.1±27.8 inv=3.0 played=18.8 lanes=5.0 ddraw=1.5 pts=2
  vs Random: 103W/0L/0D | score=14.4±26.3 inv=3.3 played=20.0 lanes=5.0 ddraw=0.4 pts=14
  Self-play: 50W/51L/1D | score=1.0±18.7 inv=3.4 played=19.1 lanes=5.0 ddraw=0.7 pts=1
Step: 3768320 SPS: 3545  ev=0.619  ent=0.489  grad=0.42/0.42  h=0.1 c=6.5  kl=0.0244  vl=0.1373
Step: 3772416 SPS: 3545  ev=0.624  ent=0.480  grad=0.63/0.50  h=0.2 c=6.6  kl=0.0269  vl=0.1724
Step: 3776512 SPS: 3545  ev=0.531  ent=0.480  grad=0.35/0.35  h=0.2 c=6.6  kl=0.0176  vl=0.1551
Step: 3780608 SPS: 3545  ev=0.621  ent=0.511  grad=0.90/0.50  h=0.1 c=7.2  kl=0.0207  vl=0.1694
Step: 3784704 SPS: 3545  ev=0.602  ent=0.511  grad=0.73/0.50  h=0.1 c=7.0  kl=0.0206  vl=0.1661
Step: 3788800 SPS: 3545  ev=0.592  ent=0.488  grad=0.86/0.50  h=0.2 c=7.6  kl=0.0343  vl=0.1591
Step: 3792896 SPS: 3545  ev=0.629  ent=0.543  grad=0.76/0.50  h=0.2 c=6.2  kl=0.0251  vl=0.1591
Step: 3796992 SPS: 3545  ev=0.568  ent=0.500  grad=0.76/0.50  h=0.2 c=8.9  kl=0.0279  vl=0.1617
Step: 3801088 SPS: 3545  ev=0.617  ent=0.512  grad=0.71/0.50  h=0.1 c=7.6  kl=0.0360  vl=0.1663
Step: 3805184 SPS: 3545  ev=0.548  ent=0.502  grad=1.51/0.50  h=0.2 c=7.9  kl=0.0195  vl=0.2141
Step: 3809280 SPS: 3545  ev=0.626  ent=0.530  grad=1.19/0.50  h=0.1 c=6.6  kl=0.0417  vl=0.2099
Step: 3813376 SPS: 3545  ev=0.629  ent=0.495  grad=0.42/0.42  h=0.1 c=7.1  kl=0.0258  vl=0.1215
Step: 3817472 SPS: 3545  ev=0.592  ent=0.510  grad=0.64/0.50  h=0.1 c=8.6  kl=0.0258  vl=0.1456
Step: 3821568 SPS: 3545  ev=0.595  ent=0.500  grad=0.66/0.50  h=0.1 c=6.8  kl=0.0289  vl=0.1787
Step: 3825664 SPS: 3545  ev=0.622  ent=0.485  grad=0.33/0.33  h=0.1 c=7.9  kl=0.0321  vl=0.1815
Step: 3829760 SPS: 3545  ev=0.564  ent=0.469  grad=0.62/0.50  h=0.0 c=8.1  kl=0.0210  vl=0.1816
Step: 3833856 SPS: 3545  ev=0.612  ent=0.498  grad=1.16/0.50  h=0.2 c=7.8  kl=0.0411  vl=0.2069
Step: 3837952 SPS: 3545  ev=0.576  ent=0.513  grad=0.61/0.50  h=0.1 c=7.6  kl=0.0249  vl=0.1705
Step: 3842048 SPS: 3545  ev=0.611  ent=0.517  grad=0.71/0.50  h=0.0 c=5.6  kl=0.0323  vl=0.1472
Step: 3846144 SPS: 3545  ev=0.595  ent=0.497  grad=0.81/0.50  h=0.2 c=7.4  kl=0.0228  vl=0.1918
  vs Heur:   42W/54L/4D | score=7.1±22.3 inv=2.9 played=19.0 lanes=5.0 ddraw=1.2 pts=7
  vs Random: 98W/2L/0D | score=8.6±28.1 inv=3.2 played=19.8 lanes=5.0 ddraw=0.2 pts=9
  Self-play: 50W/53L/2D | score=3.7±21.7 inv=2.9 played=18.8 lanes=5.0 ddraw=0.8 pts=4
Step: 3850240 SPS: 3545  ev=0.611  ent=0.511  grad=0.57/0.50  h=0.2 c=6.0  kl=0.0376  vl=0.1528
Step: 3854336 SPS: 3545  ev=0.560  ent=0.473  grad=0.50/0.50  h=0.2 c=6.7  kl=0.0312  vl=0.1648
Step: 3858432 SPS: 3545  ev=0.589  ent=0.475  grad=0.78/0.50  h=0.2 c=7.6  kl=0.0262  vl=0.2028
Step: 3862528 SPS: 3545  ev=0.591  ent=0.471  grad=0.54/0.50  h=0.3 c=6.9  kl=0.0192  vl=0.1621
Step: 3866624 SPS: 3545  ev=0.627  ent=0.444  grad=0.99/0.50  h=0.2 c=7.3  kl=0.0223  vl=0.1284
Step: 3870720 SPS: 3545  ev=0.599  ent=0.486  grad=1.05/0.50  h=0.2 c=6.6  kl=0.0408  vl=0.1584
Step: 3874816 SPS: 3545  ev=0.617  ent=0.461  grad=0.71/0.50  h=0.2 c=7.1  kl=0.0289  vl=0.1321
Step: 3878912 SPS: 3545  ev=0.534  ent=0.471  grad=0.52/0.50  h=0.1 c=7.4  kl=0.0147  vl=0.1193
Step: 3883008 SPS: 3545  ev=0.644  ent=0.487  grad=0.38/0.38  h=0.2 c=7.5  kl=0.0472  vl=0.1487
Step: 3887104 SPS: 3545  ev=0.655  ent=0.458  grad=1.46/0.50  h=0.3 c=8.2  kl=0.0235  vl=0.1599
Step: 3891200 SPS: 3545  ev=0.616  ent=0.470  grad=0.72/0.50  h=0.2 c=6.9  kl=0.0268  vl=0.1635
Step: 3895296 SPS: 3545  ev=0.595  ent=0.466  grad=0.89/0.50  h=0.3 c=8.3  kl=0.0189  vl=0.1183
Step: 3899392 SPS: 3545  ev=0.625  ent=0.457  grad=0.44/0.44  h=0.2 c=7.2  kl=0.0468  vl=0.1623
Step: 3903488 SPS: 3545  ev=0.574  ent=0.532  grad=1.00/0.50  h=0.2 c=7.8  kl=0.0318  vl=0.1595
Step: 3907584 SPS: 3546  ev=0.609  ent=0.531  grad=1.10/0.50  h=0.3 c=8.3  kl=0.0354  vl=0.1749
Step: 3911680 SPS: 3545  ev=0.657  ent=0.494  grad=0.70/0.50  h=0.2 c=10.0  kl=0.0436  vl=0.1294
Step: 3915776 SPS: 3545  ev=0.618  ent=0.519  grad=1.43/0.50  h=0.2 c=9.2  kl=0.0276  vl=0.1127
Step: 3919872 SPS: 3546  ev=0.577  ent=0.514  grad=0.60/0.50  h=0.1 c=9.4  kl=0.0265  vl=0.1620
Step: 3923968 SPS: 3545  ev=0.621  ent=0.479  grad=0.70/0.50  h=0.2 c=8.0  kl=0.0231  vl=0.1268
Step: 3928064 SPS: 3545  ev=0.591  ent=0.486  grad=0.97/0.50  h=0.2 c=7.5  kl=0.0399  vl=0.1423
  vs Heur:   41W/57L/2D | score=4.8±23.2 inv=2.2 played=18.2 lanes=5.0 ddraw=1.1 pts=5
  vs Random: 106W/0L/0D | score=4.4±23.5 inv=2.3 played=18.4 lanes=5.0 ddraw=0.2 pts=4
  Self-play: 51W/51L/3D | score=6.4±19.1 inv=2.1 played=18.1 lanes=5.0 ddraw=0.6 pts=6
Step: 3932160 SPS: 3545  ev=0.631  ent=0.469  grad=0.52/0.50  h=0.1 c=6.3  kl=0.0288  vl=0.1568
Step: 3936256 SPS: 3545  ev=0.600  ent=0.478  grad=0.58/0.50  h=0.2 c=7.7  kl=0.0297  vl=0.1751
Step: 3940352 SPS: 3545  ev=0.605  ent=0.494  grad=0.69/0.50  h=0.2 c=7.3  kl=0.0236  vl=0.1849
Step: 3944448 SPS: 3545  ev=0.597  ent=0.473  grad=0.80/0.50  h=0.2 c=6.4  kl=0.0236  vl=0.2072
Step: 3948544 SPS: 3545  ev=0.640  ent=0.492  grad=0.79/0.50  h=0.1 c=6.0  kl=0.0311  vl=0.1490
Step: 3952640 SPS: 3545  ev=0.633  ent=0.467  grad=0.45/0.45  h=0.2 c=5.7  kl=0.0291  vl=0.1653
Step: 3956736 SPS: 3545  ev=0.610  ent=0.462  grad=0.55/0.50  h=0.2 c=6.5  kl=0.0415  vl=0.1275
Step: 3960832 SPS: 3545  ev=0.642  ent=0.484  grad=1.08/0.50  h=0.2 c=4.2  kl=0.0281  vl=0.1284
Step: 3964928 SPS: 3545  ev=0.575  ent=0.487  grad=0.79/0.50  h=0.2 c=5.1  kl=0.0288  vl=0.1545
Step: 3969024 SPS: 3546  ev=0.598  ent=0.447  grad=0.58/0.50  h=0.2 c=5.3  kl=0.0314  vl=0.1674
Step: 3973120 SPS: 3546  ev=0.611  ent=0.449  grad=0.47/0.47  h=0.1 c=5.3  kl=0.0226  vl=0.1412
Step: 3977216 SPS: 3546  ev=0.627  ent=0.457  grad=0.87/0.50  h=0.2 c=5.1  kl=0.0239  vl=0.1455
Step: 3981312 SPS: 3546  ev=0.618  ent=0.461  grad=0.82/0.50  h=0.1 c=4.3  kl=0.0232  vl=0.1530
Step: 3985408 SPS: 3546  ev=0.595  ent=0.473  grad=0.69/0.50  h=0.1 c=4.1  kl=0.0312  vl=0.1702
Step: 3989504 SPS: 3546  ev=0.594  ent=0.448  grad=0.87/0.50  h=0.1 c=4.3  kl=0.0222  vl=0.1201
Step: 3993600 SPS: 3547  ev=0.588  ent=0.436  grad=0.43/0.43  h=0.2 c=5.8  kl=0.0237  vl=0.1287
Step: 3997696 SPS: 3546  ev=0.660  ent=0.474  grad=1.23/0.50  h=0.2 c=6.9  kl=0.0235  vl=0.1535
Step: 4001792 SPS: 3546  ev=0.636  ent=0.467  grad=0.96/0.50  h=0.2 c=6.3  kl=0.0217  vl=0.1758
Step: 4005888 SPS: 3546  ev=0.556  ent=0.431  grad=1.56/0.50  h=0.2 c=5.5  kl=0.0276  vl=0.1661
Step: 4009984 SPS: 3546  ev=0.604  ent=0.426  grad=0.71/0.50  h=0.2 c=5.5  kl=0.0223  vl=0.1213
  vs Heur:   43W/58L/2D | score=3.3±23.4 inv=3.0 played=18.8 lanes=5.0 ddraw=0.8 pts=3
  vs Random: 103W/2L/0D | score=9.9±25.9 inv=2.9 played=19.3 lanes=5.0 ddraw=0.2 pts=10
  Self-play: 41W/58L/1D | score=1.7±20.0 inv=2.7 played=18.7 lanes=5.0 ddraw=0.3 pts=2
Step: 4014080 SPS: 3546  ev=0.608  ent=0.478  grad=0.45/0.45  h=0.2 c=5.7  kl=0.0249  vl=0.1381
Step: 4018176 SPS: 3546  ev=0.591  ent=0.511  grad=0.51/0.50  h=0.1 c=5.7  kl=0.0273  vl=0.1626
Step: 4022272 SPS: 3546  ev=0.651  ent=0.462  grad=1.26/0.50  h=0.2 c=5.7  kl=0.0212  vl=0.1642
Step: 4026368 SPS: 3546  ev=0.622  ent=0.495  grad=1.25/0.50  h=0.1 c=5.1  kl=0.0320  vl=0.1533
Step: 4030464 SPS: 3546  ev=0.631  ent=0.439  grad=0.90/0.50  h=0.1 c=4.9  kl=0.0190  vl=0.1457
Step: 4034560 SPS: 3547  ev=0.632  ent=0.495  grad=0.61/0.50  h=0.1 c=5.4  kl=0.0260  vl=0.1312
Step: 4038656 SPS: 3547  ev=0.594  ent=0.438  grad=0.61/0.50  h=0.1 c=5.8  kl=0.0272  vl=0.1255
Step: 4042752 SPS: 3547  ev=0.628  ent=0.441  grad=0.70/0.50  h=0.1 c=6.2  kl=0.0277  vl=0.1576
Step: 4046848 SPS: 3547  ev=0.650  ent=0.473  grad=0.80/0.50  h=0.2 c=7.5  kl=0.0222  vl=0.1362
Step: 4050944 SPS: 3547  ev=0.621  ent=0.452  grad=0.99/0.50  h=0.2 c=6.3  kl=0.0227  vl=0.1531
Step: 4055040 SPS: 3547  ev=0.642  ent=0.442  grad=0.87/0.50  h=0.1 c=6.5  kl=0.0214  vl=0.1530
Step: 4059136 SPS: 3548  ev=0.621  ent=0.452  grad=1.19/0.50  h=0.1 c=6.8  kl=0.0200  vl=0.2146
Step: 4063232 SPS: 3548  ev=0.645  ent=0.490  grad=0.67/0.50  h=0.2 c=5.0  kl=0.0174  vl=0.1388
Step: 4067328 SPS: 3548  ev=0.597  ent=0.474  grad=0.51/0.50  h=0.2 c=4.6  kl=0.0278  vl=0.1376
Step: 4071424 SPS: 3548  ev=0.636  ent=0.426  grad=0.36/0.36  h=0.1 c=4.6  kl=0.0274  vl=0.1048
Step: 4075520 SPS: 3548  ev=0.649  ent=0.472  grad=0.61/0.50  h=0.1 c=5.0  kl=0.0296  vl=0.1215
Step: 4079616 SPS: 3549  ev=0.635  ent=0.437  grad=0.47/0.47  h=0.2 c=5.1  kl=0.0269  vl=0.1687
Step: 4083712 SPS: 3549  ev=0.657  ent=0.474  grad=0.59/0.50  h=0.1 c=4.9  kl=0.0277  vl=0.1349
Step: 4087808 SPS: 3549  ev=0.619  ent=0.495  grad=0.60/0.50  h=0.1 c=4.4  kl=0.0280  vl=0.1406
Step: 4091904 SPS: 3549  ev=0.626  ent=0.486  grad=0.88/0.50  h=0.1 c=5.5  kl=0.0237  vl=0.1488
  vs Heur:   40W/64L/0D | score=3.7±23.3 inv=2.6 played=18.4 lanes=5.0 ddraw=0.7 pts=4
  vs Random: 105W/2L/0D | score=4.4±23.6 inv=2.7 played=19.0 lanes=5.0 ddraw=0.1 pts=4
  Self-play: 50W/54L/0D | score=1.9±21.9 inv=2.6 played=18.3 lanes=5.0 ddraw=0.4 pts=2
Step: 4096000 SPS: 3548  ev=0.635  ent=0.479  grad=0.76/0.50  h=0.2 c=4.6  kl=0.0317  vl=0.1718
Step: 4100096 SPS: 3548  ev=0.580  ent=0.461  grad=1.01/0.50  h=0.2 c=4.9  kl=0.0244  vl=0.1961
Step: 4104192 SPS: 3548  ev=0.588  ent=0.478  grad=0.46/0.46  h=0.1 c=3.7  kl=0.0182  vl=0.1471
Step: 4108288 SPS: 3548  ev=0.579  ent=0.436  grad=0.65/0.50  h=0.2 c=4.6  kl=0.0216  vl=0.1549
Step: 4112384 SPS: 3548  ev=0.586  ent=0.450  grad=0.48/0.48  h=0.1 c=4.3  kl=0.0242  vl=0.1129
Step: 4116480 SPS: 3548  ev=0.636  ent=0.449  grad=0.41/0.41  h=0.1 c=3.7  kl=0.0209  vl=0.1210
Step: 4120576 SPS: 3548  ev=0.614  ent=0.434  grad=0.77/0.50  h=0.1 c=4.7  kl=0.0297  vl=0.1347
Step: 4124672 SPS: 3548  ev=0.596  ent=0.462  grad=1.04/0.50  h=0.1 c=4.1  kl=0.0372  vl=0.1639
Step: 4128768 SPS: 3548  ev=0.655  ent=0.473  grad=0.68/0.50  h=0.1 c=3.9  kl=0.0362  vl=0.1461
Step: 4132864 SPS: 3548  ev=0.610  ent=0.459  grad=1.00/0.50  h=0.1 c=3.6  kl=0.0230  vl=0.1605
Step: 4136960 SPS: 3548  ev=0.614  ent=0.458  grad=0.57/0.50  h=0.1 c=3.1  kl=0.0222  vl=0.1243
Step: 4141056 SPS: 3549  ev=0.658  ent=0.494  grad=0.55/0.50  h=0.1 c=3.3  kl=0.0181  vl=0.1585
Step: 4145152 SPS: 3549  ev=0.644  ent=0.475  grad=0.81/0.50  h=0.1 c=2.5  kl=0.0452  vl=0.1387
Step: 4149248 SPS: 3549  ev=0.614  ent=0.461  grad=0.77/0.50  h=0.1 c=4.1  kl=0.0309  vl=0.1408
Step: 4153344 SPS: 3549  ev=0.605  ent=0.504  grad=0.51/0.50  h=0.1 c=2.9  kl=0.0264  vl=0.1225
Step: 4157440 SPS: 3549  ev=0.540  ent=0.463  grad=1.23/0.50  h=0.1 c=3.8  kl=0.0213  vl=0.1370
Step: 4161536 SPS: 3548  ev=0.603  ent=0.440  grad=0.55/0.50  h=0.0 c=3.2  kl=0.0230  vl=0.1397
Step: 4165632 SPS: 3548  ev=0.634  ent=0.479  grad=0.54/0.50  h=0.1 c=3.2  kl=0.0225  vl=0.1179
Step: 4169728 SPS: 3549  ev=0.604  ent=0.494  grad=1.53/0.50  h=0.0 c=3.2  kl=0.0231  vl=0.2091
Step: 4173824 SPS: 3549  ev=0.613  ent=0.468  grad=0.60/0.50  h=0.1 c=3.1  kl=0.0363  vl=0.1680
  vs Heur:   29W/71L/1D | score=0.4±20.6 inv=2.3 played=18.1 lanes=5.0 ddraw=0.8 pts=0
  vs Random: 102W/1L/0D | score=-2.4±26.6 inv=2.8 played=18.5 lanes=5.0 ddraw=0.2 pts=-2
  Self-play: 44W/56L/2D | score=-3.6±20.7 inv=2.4 played=17.8 lanes=5.0 ddraw=0.5 pts=-4
Step: 4177920 SPS: 3549  ev=0.647  ent=0.469  grad=0.97/0.50  h=0.0 c=3.3  kl=0.0257  vl=0.1283
Step: 4182016 SPS: 3549  ev=0.648  ent=0.467  grad=0.77/0.50  h=0.1 c=3.6  kl=0.0258  vl=0.1200
Step: 4186112 SPS: 3549  ev=0.605  ent=0.455  grad=0.70/0.50  h=0.0 c=3.5  kl=0.0207  vl=0.1061
Step: 4190208 SPS: 3549  ev=0.617  ent=0.481  grad=0.45/0.45  h=0.0 c=3.2  kl=0.0233  vl=0.1318
Step: 4194304 SPS: 3549  ev=0.597  ent=0.461  grad=1.01/0.50  h=0.1 c=3.1  kl=0.0340  vl=0.1643
Step: 4198400 SPS: 3549  ev=0.625  ent=0.443  grad=0.78/0.50  h=0.0 c=4.0  kl=0.0356  vl=0.1453
Step: 4202496 SPS: 3549  ev=0.638  ent=0.480  grad=0.38/0.38  h=0.0 c=3.0  kl=0.0279  vl=0.1485
Step: 4206592 SPS: 3549  ev=0.618  ent=0.506  grad=0.66/0.50  h=0.0 c=3.0  kl=0.0197  vl=0.1262
Step: 4210688 SPS: 3549  ev=0.624  ent=0.490  grad=0.66/0.50  h=0.0 c=3.0  kl=0.0221  vl=0.1619
Step: 4214784 SPS: 3550  ev=0.649  ent=0.465  grad=0.57/0.50  h=0.1 c=2.9  kl=0.0265  vl=0.1313
Step: 4218880 SPS: 3550  ev=0.552  ent=0.473  grad=0.45/0.45  h=0.1 c=3.4  kl=0.0219  vl=0.1457
Step: 4222976 SPS: 3550  ev=0.571  ent=0.475  grad=0.48/0.48  h=0.1 c=3.2  kl=0.0305  vl=0.1893
Step: 4227072 SPS: 3550  ev=0.609  ent=0.461  grad=0.44/0.44  h=0.0 c=2.3  kl=0.0189  vl=0.1395
Step: 4231168 SPS: 3550  ev=0.575  ent=0.441  grad=0.75/0.50  h=0.0 c=2.6  kl=0.0354  vl=0.1317
Step: 4235264 SPS: 3550  ev=0.638  ent=0.467  grad=0.44/0.44  h=0.1 c=3.4  kl=0.0266  vl=0.1227
Step: 4239360 SPS: 3550  ev=0.590  ent=0.469  grad=1.21/0.50  h=0.1 c=4.5  kl=0.0240  vl=0.1303
Step: 4243456 SPS: 3550  ev=0.663  ent=0.470  grad=1.05/0.50  h=0.1 c=3.2  kl=0.0291  vl=0.1541
Step: 4247552 SPS: 3550  ev=0.591  ent=0.447  grad=0.73/0.50  h=0.1 c=4.4  kl=0.0238  vl=0.1722
Step: 4251648 SPS: 3550  ev=0.614  ent=0.447  grad=0.51/0.50  h=0.1 c=3.8  kl=0.0436  vl=0.1436
Step: 4255744 SPS: 3550  ev=0.578  ent=0.437  grad=0.74/0.50  h=0.1 c=3.1  kl=0.0241  vl=0.1995
  vs Heur:   48W/53L/4D | score=10.3±21.8 inv=3.0 played=19.3 lanes=5.0 ddraw=0.8 pts=10
  vs Random: 101W/1L/0D | score=7.8±29.5 inv=3.2 played=19.5 lanes=5.0 ddraw=0.3 pts=8
  Self-play: 53W/56L/2D | score=2.6±21.0 inv=2.9 played=18.7 lanes=5.0 ddraw=0.6 pts=3
Step: 4259840 SPS: 3549  ev=0.565  ent=0.473  grad=0.49/0.49  h=0.1 c=2.9  kl=0.0283  vl=0.1410
Step: 4263936 SPS: 3550  ev=0.605  ent=0.451  grad=1.01/0.50  h=0.1 c=3.5  kl=0.0136  vl=0.1408
Step: 4268032 SPS: 3550  ev=0.632  ent=0.415  grad=0.74/0.50  h=0.1 c=3.7  kl=0.0157  vl=0.1859
Step: 4272128 SPS: 3550  ev=0.602  ent=0.458  grad=0.80/0.50  h=0.1 c=3.9  kl=0.0289  vl=0.1936
Step: 4276224 SPS: 3549  ev=0.640  ent=0.457  grad=0.99/0.50  h=0.1 c=4.3  kl=0.0307  vl=0.1307
Step: 4280320 SPS: 3550  ev=0.601  ent=0.453  grad=0.54/0.50  h=0.1 c=2.4  kl=0.0455  vl=0.1553
Step: 4284416 SPS: 3550  ev=0.584  ent=0.455  grad=0.81/0.50  h=0.0 c=3.8  kl=0.0269  vl=0.1492
Step: 4288512 SPS: 3550  ev=0.625  ent=0.480  grad=0.51/0.50  h=0.1 c=3.3  kl=0.0237  vl=0.1267
Step: 4292608 SPS: 3551  ev=0.626  ent=0.459  grad=0.55/0.50  h=0.1 c=4.2  kl=0.0297  vl=0.1892
Step: 4296704 SPS: 3550  ev=0.582  ent=0.427  grad=0.62/0.50  h=0.0 c=3.2  kl=0.0192  vl=0.1286
Step: 4300800 SPS: 3550  ev=0.567  ent=0.424  grad=0.39/0.39  h=0.1 c=3.9  kl=0.0284  vl=0.1375
Step: 4304896 SPS: 3550  ev=0.591  ent=0.471  grad=0.97/0.50  h=0.1 c=3.4  kl=0.0282  vl=0.1258
Step: 4308992 SPS: 3551  ev=0.533  ent=0.465  grad=0.53/0.50  h=0.1 c=4.9  kl=0.0277  vl=0.1485
Step: 4313088 SPS: 3551  ev=0.603  ent=0.461  grad=0.42/0.42  h=0.1 c=3.8  kl=0.0235  vl=0.1622
Step: 4317184 SPS: 3551  ev=0.586  ent=0.462  grad=0.42/0.42  h=0.0 c=3.7  kl=0.0227  vl=0.1294
Step: 4321280 SPS: 3551  ev=0.585  ent=0.457  grad=1.30/0.50  h=0.1 c=4.6  kl=0.0465  vl=0.1996
Step: 4325376 SPS: 3551  ev=0.621  ent=0.458  grad=0.45/0.45  h=0.1 c=3.9  kl=0.0208  vl=0.2051
Step: 4329472 SPS: 3551  ev=0.608  ent=0.463  grad=0.76/0.50  h=0.1 c=4.3  kl=0.0406  vl=0.1389
Step: 4333568 SPS: 3551  ev=0.583  ent=0.459  grad=0.72/0.50  h=0.1 c=4.3  kl=0.0188  vl=0.1496
Step: 4337664 SPS: 3551  ev=0.611  ent=0.471  grad=0.75/0.50  h=0.2 c=3.6  kl=0.0261  vl=0.1484
  vs Heur:   49W/51L/1D | score=8.9±24.6 inv=3.0 played=19.1 lanes=5.0 ddraw=0.8 pts=9
  vs Random: 98W/3L/0D | score=3.0±25.4 inv=3.5 played=19.6 lanes=5.0 ddraw=0.3 pts=3
  Self-play: 50W/55L/0D | score=1.5±24.0 inv=3.0 played=18.7 lanes=5.0 ddraw=0.5 pts=2
Step: 4341760 SPS: 3551  ev=0.613  ent=0.489  grad=0.95/0.50  h=0.1 c=4.1  kl=0.0231  vl=0.1717
Step: 4345856 SPS: 3551  ev=0.577  ent=0.468  grad=0.43/0.43  h=0.1 c=3.7  kl=0.0317  vl=0.1501
Step: 4349952 SPS: 3551  ev=0.604  ent=0.477  grad=0.47/0.47  h=0.1 c=4.3  kl=0.0226  vl=0.1385
Step: 4354048 SPS: 3550  ev=0.592  ent=0.454  grad=0.68/0.50  h=0.2 c=4.2  kl=0.0244  vl=0.1135
Step: 4358144 SPS: 3550  ev=0.634  ent=0.458  grad=0.65/0.50  h=0.2 c=3.4  kl=0.0307  vl=0.1243
Step: 4362240 SPS: 3551  ev=0.597  ent=0.460  grad=0.63/0.50  h=0.2 c=3.3  kl=0.0298  vl=0.1639
Step: 4366336 SPS: 3551  ev=0.636  ent=0.461  grad=0.68/0.50  h=0.2 c=3.6  kl=0.0315  vl=0.2275
Step: 4370432 SPS: 3551  ev=0.633  ent=0.454  grad=1.46/0.50  h=0.1 c=3.4  kl=0.0299  vl=0.1683
Step: 4374528 SPS: 3551  ev=0.559  ent=0.438  grad=0.39/0.39  h=0.1 c=3.6  kl=0.0283  vl=0.1999
Step: 4378624 SPS: 3551  ev=0.601  ent=0.435  grad=0.49/0.49  h=0.1 c=3.1  kl=0.0241  vl=0.1669
Step: 4382720 SPS: 3551  ev=0.604  ent=0.446  grad=0.42/0.42  h=0.2 c=3.2  kl=0.0237  vl=0.1399
Step: 4386816 SPS: 3551  ev=0.611  ent=0.464  grad=1.49/0.50  h=0.1 c=3.2  kl=0.0292  vl=0.1604
Step: 4390912 SPS: 3551  ev=0.619  ent=0.487  grad=2.22/0.50  h=0.1 c=2.6  kl=0.0266  vl=0.1653
Step: 4395008 SPS: 3551  ev=0.564  ent=0.469  grad=0.71/0.50  h=0.1 c=3.2  kl=0.0253  vl=0.1636
Step: 4399104 SPS: 3551  ev=0.637  ent=0.469  grad=0.59/0.50  h=0.1 c=2.9  kl=0.0329  vl=0.1482
Step: 4403200 SPS: 3552  ev=0.601  ent=0.458  grad=0.94/0.50  h=0.1 c=3.4  kl=0.0259  vl=0.1543
Step: 4407296 SPS: 3552  ev=0.581  ent=0.454  grad=0.62/0.50  h=0.1 c=3.5  kl=0.0519  vl=0.1616
Step: 4411392 SPS: 3552  ev=0.536  ent=0.476  grad=0.73/0.50  h=0.1 c=3.0  kl=0.0372  vl=0.1536
Step: 4415488 SPS: 3552  ev=0.540  ent=0.472  grad=0.71/0.50  h=0.0 c=3.4  kl=0.0300  vl=0.1556
Step: 4419584 SPS: 3552  ev=0.619  ent=0.489  grad=0.37/0.37  h=0.1 c=4.0  kl=0.0345  vl=0.1533
  vs Heur:   34W/69L/0D | score=-1.1±26.7 inv=2.9 played=18.6 lanes=5.0 ddraw=1.1 pts=-1
  vs Random: 100W/0L/1D | score=4.1±24.2 inv=2.8 played=18.9 lanes=5.0 ddraw=0.2 pts=4
  Self-play: 48W/56L/1D | score=0.9±20.6 inv=2.5 played=18.2 lanes=5.0 ddraw=0.6 pts=1
Step: 4423680 SPS: 3552  ev=0.632  ent=0.446  grad=0.66/0.50  h=0.1 c=4.6  kl=0.0277  vl=0.1949
Step: 4427776 SPS: 3552  ev=0.619  ent=0.422  grad=0.44/0.44  h=0.2 c=4.7  kl=0.0299  vl=0.1829
Step: 4431872 SPS: 3552  ev=0.609  ent=0.473  grad=0.84/0.50  h=0.1 c=4.5  kl=0.0305  vl=0.1639
Step: 4435968 SPS: 3552  ev=0.561  ent=0.465  grad=0.82/0.50  h=0.1 c=4.0  kl=0.0224  vl=0.1850
Step: 4440064 SPS: 3552  ev=0.621  ent=0.466  grad=1.00/0.50  h=0.1 c=3.3  kl=0.0239  vl=0.1493
Step: 4444160 SPS: 3552  ev=0.599  ent=0.455  grad=0.46/0.46  h=0.1 c=3.4  kl=0.0221  vl=0.1646
Step: 4448256 SPS: 3553  ev=0.646  ent=0.441  grad=0.47/0.47  h=0.1 c=4.4  kl=0.0445  vl=0.1491
Step: 4452352 SPS: 3553  ev=0.634  ent=0.459  grad=0.84/0.50  h=0.2 c=3.7  kl=0.0234  vl=0.1452
Step: 4456448 SPS: 3553  ev=0.580  ent=0.470  grad=0.62/0.50  h=0.1 c=4.2  kl=0.0279  vl=0.1446
Step: 4460544 SPS: 3553  ev=0.608  ent=0.448  grad=1.55/0.50  h=0.1 c=3.7  kl=0.0191  vl=0.1787
Step: 4464640 SPS: 3553  ev=0.627  ent=0.499  grad=0.67/0.50  h=0.1 c=3.6  kl=0.0207  vl=0.1465
Step: 4468736 SPS: 3553  ev=0.622  ent=0.478  grad=0.73/0.50  h=0.1 c=3.0  kl=0.0329  vl=0.1562
Step: 4472832 SPS: 3553  ev=0.580  ent=0.441  grad=0.63/0.50  h=0.2 c=4.0  kl=0.0196  vl=0.2029
Step: 4476928 SPS: 3553  ev=0.622  ent=0.489  grad=0.50/0.50  h=0.1 c=3.9  kl=0.0271  vl=0.1713
Step: 4481024 SPS: 3553  ev=0.650  ent=0.465  grad=0.49/0.49  h=0.1 c=3.7  kl=0.0426  vl=0.1325
Step: 4485120 SPS: 3553  ev=0.571  ent=0.441  grad=0.82/0.50  h=0.2 c=2.9  kl=0.0236  vl=0.1560
Step: 4489216 SPS: 3554  ev=0.641  ent=0.435  grad=0.37/0.37  h=0.1 c=3.3  kl=0.0224  vl=0.1706
Step: 4493312 SPS: 3554  ev=0.606  ent=0.443  grad=0.56/0.50  h=0.0 c=4.1  kl=0.0316  vl=0.1796
Step: 4497408 SPS: 3554  ev=0.572  ent=0.399  grad=0.71/0.50  h=0.0 c=3.4  kl=0.0264  vl=0.1674
Step: 4501504 SPS: 3554  ev=0.616  ent=0.438  grad=1.07/0.50  h=0.1 c=3.8  kl=0.0198  vl=0.1934
  vs Heur:   40W/62L/1D | score=4.8±23.0 inv=2.7 played=18.7 lanes=5.0 ddraw=0.8 pts=5
  vs Random: 98W/2L/0D | score=5.9±25.6 inv=3.0 played=19.5 lanes=5.0 ddraw=0.1 pts=6
  Self-play: 46W/54L/3D | score=3.7±20.9 inv=3.0 played=19.0 lanes=5.0 ddraw=0.4 pts=4
Step: 4505600 SPS: 3554  ev=0.620  ent=0.450  grad=1.00/0.50  h=0.1 c=3.9  kl=0.0176  vl=0.1795
Step: 4509696 SPS: 3554  ev=0.553  ent=0.416  grad=0.59/0.50  h=0.2 c=3.8  kl=0.0280  vl=0.1026
Step: 4513792 SPS: 3554  ev=0.563  ent=0.419  grad=3.02/0.50  h=0.2 c=4.5  kl=0.0358  vl=0.1715
Step: 4517888 SPS: 3554  ev=0.637  ent=0.435  grad=0.46/0.46  h=0.1 c=3.7  kl=0.0218  vl=0.1590
Step: 4521984 SPS: 3554  ev=0.618  ent=0.469  grad=0.78/0.50  h=0.1 c=4.2  kl=0.0267  vl=0.2122
Step: 4526080 SPS: 3555  ev=0.631  ent=0.475  grad=0.65/0.50  h=0.1 c=4.4  kl=0.0245  vl=0.1407
Step: 4530176 SPS: 3555  ev=0.570  ent=0.415  grad=1.08/0.50  h=0.1 c=4.9  kl=0.0306  vl=0.1740
Step: 4534272 SPS: 3555  ev=0.604  ent=0.429  grad=0.47/0.47  h=0.0 c=3.3  kl=0.0264  vl=0.1404
Step: 4538368 SPS: 3555  ev=0.557  ent=0.440  grad=0.56/0.50  h=0.1 c=4.0  kl=0.0126  vl=0.1768
Step: 4542464 SPS: 3556  ev=0.613  ent=0.431  grad=0.88/0.50  h=0.1 c=2.8  kl=0.0213  vl=0.1077
Step: 4546560 SPS: 3555  ev=0.617  ent=0.426  grad=0.94/0.50  h=0.1 c=3.3  kl=0.0311  vl=0.1467
Step: 4550656 SPS: 3555  ev=0.618  ent=0.475  grad=0.44/0.44  h=0.1 c=4.6  kl=0.0284  vl=0.1723
Step: 4554752 SPS: 3555  ev=0.590  ent=0.454  grad=0.42/0.42  h=0.1 c=3.4  kl=0.0155  vl=0.1433
Step: 4558848 SPS: 3555  ev=0.621  ent=0.456  grad=0.50/0.50  h=0.1 c=4.3  kl=0.0428  vl=0.1166
Step: 4562944 SPS: 3555  ev=0.578  ent=0.441  grad=1.34/0.50  h=0.1 c=3.8  kl=0.0267  vl=0.1851
Step: 4567040 SPS: 3555  ev=0.621  ent=0.443  grad=1.05/0.50  h=0.1 c=4.0  kl=0.0231  vl=0.1496
Step: 4571136 SPS: 3555  ev=0.610  ent=0.463  grad=0.86/0.50  h=0.1 c=4.6  kl=0.0370  vl=0.1387
Step: 4575232 SPS: 3555  ev=0.609  ent=0.451  grad=0.48/0.48  h=0.0 c=4.4  kl=0.0269  vl=0.1422
Step: 4579328 SPS: 3555  ev=0.624  ent=0.462  grad=0.62/0.50  h=0.1 c=4.4  kl=0.0243  vl=0.1482
Step: 4583424 SPS: 3555  ev=0.629  ent=0.478  grad=0.69/0.50  h=0.0 c=4.8  kl=0.0263  vl=0.2034
  vs Heur:   46W/53L/1D | score=6.6±26.9 inv=3.1 played=19.0 lanes=5.0 ddraw=1.0 pts=7
  vs Random: 104W/0L/1D | score=16.2±25.5 inv=3.6 played=20.4 lanes=5.0 ddraw=0.3 pts=16
  Self-play: 48W/52L/0D | score=0.4±25.5 inv=3.0 played=18.8 lanes=5.0 ddraw=0.7 pts=0
Step: 4587520 SPS: 3555  ev=0.606  ent=0.446  grad=0.77/0.50  h=0.1 c=5.0  kl=0.0230  vl=0.1809
Step: 4591616 SPS: 3555  ev=0.627  ent=0.437  grad=0.75/0.50  h=0.1 c=5.8  kl=0.0213  vl=0.2154
Step: 4595712 SPS: 3555  ev=0.593  ent=0.449  grad=1.26/0.50  h=0.0 c=5.4  kl=0.0215  vl=0.1913
Step: 4599808 SPS: 3555  ev=0.582  ent=0.448  grad=0.41/0.41  h=0.0 c=6.9  kl=0.0291  vl=0.1414
Step: 4603904 SPS: 3555  ev=0.606  ent=0.426  grad=0.65/0.50  h=0.0 c=5.7  kl=0.0301  vl=0.1719
Step: 4608000 SPS: 3556  ev=0.606  ent=0.470  grad=0.70/0.50  h=0.0 c=5.1  kl=0.0431  vl=0.1897
Step: 4612096 SPS: 3556  ev=0.612  ent=0.431  grad=0.66/0.50  h=0.1 c=4.7  kl=0.0220  vl=0.1358
Step: 4616192 SPS: 3556  ev=0.601  ent=0.432  grad=0.56/0.50  h=0.0 c=5.3  kl=0.0272  vl=0.1148
Step: 4620288 SPS: 3556  ev=0.637  ent=0.446  grad=0.92/0.50  h=0.1 c=3.9  kl=0.0212  vl=0.1367
Step: 4624384 SPS: 3557  ev=0.601  ent=0.434  grad=0.53/0.50  h=0.0 c=5.0  kl=0.0254  vl=0.1933
Step: 4628480 SPS: 3557  ev=0.570  ent=0.449  grad=0.70/0.50  h=0.1 c=5.7  kl=0.0328  vl=0.1873
Step: 4632576 SPS: 3557  ev=0.597  ent=0.444  grad=0.54/0.50  h=0.1 c=4.7  kl=0.0267  vl=0.1254
Step: 4636672 SPS: 3557  ev=0.637  ent=0.441  grad=0.36/0.36  h=0.1 c=5.6  kl=0.0174  vl=0.1544
Step: 4640768 SPS: 3557  ev=0.615  ent=0.437  grad=0.39/0.39  h=0.1 c=5.1  kl=0.0313  vl=0.1756
Step: 4644864 SPS: 3557  ev=0.630  ent=0.426  grad=0.57/0.50  h=0.1 c=4.8  kl=0.0270  vl=0.1532
Step: 4648960 SPS: 3557  ev=0.601  ent=0.407  grad=0.65/0.50  h=0.1 c=5.0  kl=0.0249  vl=0.1707
Step: 4653056 SPS: 3557  ev=0.612  ent=0.429  grad=0.80/0.50  h=0.0 c=5.4  kl=0.0169  vl=0.1403
Step: 4657152 SPS: 3558  ev=0.636  ent=0.437  grad=0.46/0.46  h=0.1 c=3.8  kl=0.0234  vl=0.1690
Step: 4661248 SPS: 3558  ev=0.658  ent=0.426  grad=0.64/0.50  h=0.1 c=4.3  kl=0.0996  vl=0.1282
Step: 4665344 SPS: 3558  ev=0.603  ent=0.448  grad=0.48/0.48  h=0.0 c=4.9  kl=0.0234  vl=0.1237
  vs Heur:   50W/56L/3D | score=7.8±23.0 inv=3.1 played=19.1 lanes=5.0 ddraw=1.2 pts=8
  vs Random: 107W/3L/0D | score=2.3±27.0 inv=3.4 played=19.4 lanes=5.0 ddraw=0.5 pts=2
  Self-play: 54W/54L/1D | score=4.5±23.1 inv=3.2 played=19.2 lanes=5.0 ddraw=0.5 pts=4
Step: 4669440 SPS: 3558  ev=0.649  ent=0.421  grad=0.63/0.50  h=0.1 c=4.9  kl=0.0366  vl=0.1305
Step: 4673536 SPS: 3557  ev=0.607  ent=0.435  grad=0.35/0.35  h=0.0 c=5.5  kl=0.0176  vl=0.2080
Step: 4677632 SPS: 3557  ev=0.634  ent=0.439  grad=1.03/0.50  h=0.0 c=4.9  kl=0.0262  vl=0.1426
Step: 4681728 SPS: 3557  ev=0.628  ent=0.445  grad=0.55/0.50  h=0.1 c=4.6  kl=0.0248  vl=0.2034
Step: 4685824 SPS: 3558  ev=0.621  ent=0.428  grad=0.41/0.41  h=0.1 c=5.1  kl=0.0240  vl=0.1659
Step: 4689920 SPS: 3558  ev=0.597  ent=0.433  grad=0.58/0.50  h=0.1 c=3.8  kl=0.0169  vl=0.1832
Step: 4694016 SPS: 3558  ev=0.590  ent=0.453  grad=0.64/0.50  h=0.1 c=3.9  kl=0.0276  vl=0.1715
Step: 4698112 SPS: 3558  ev=0.561  ent=0.444  grad=0.84/0.50  h=0.1 c=4.9  kl=0.0196  vl=0.1867
Step: 4702208 SPS: 3558  ev=0.585  ent=0.408  grad=0.50/0.50  h=0.0 c=5.1  kl=0.0277  vl=0.1863
Step: 4706304 SPS: 3558  ev=0.607  ent=0.386  grad=0.37/0.37  h=0.1 c=3.8  kl=0.0249  vl=0.1595
Step: 4710400 SPS: 3558  ev=0.609  ent=0.432  grad=0.74/0.50  h=0.1 c=5.4  kl=0.0163  vl=0.1930
Step: 4714496 SPS: 3558  ev=0.631  ent=0.408  grad=0.51/0.50  h=0.1 c=5.0  kl=0.0149  vl=0.1441
Step: 4718592 SPS: 3558  ev=0.624  ent=0.417  grad=0.56/0.50  h=0.1 c=4.8  kl=0.0380  vl=0.1804
Step: 4722688 SPS: 3557  ev=0.607  ent=0.402  grad=1.24/0.50  h=0.1 c=5.1  kl=0.0246  vl=0.2315
Step: 4726784 SPS: 3557  ev=0.621  ent=0.406  grad=0.52/0.50  h=0.0 c=6.7  kl=0.0213  vl=0.1653
Step: 4730880 SPS: 3557  ev=0.619  ent=0.399  grad=0.54/0.50  h=0.1 c=4.6  kl=0.0233  vl=0.1681
Step: 4734976 SPS: 3557  ev=0.588  ent=0.413  grad=0.47/0.47  h=0.1 c=6.2  kl=0.0281  vl=0.1941
Step: 4739072 SPS: 3557  ev=0.602  ent=0.439  grad=0.45/0.45  h=0.2 c=6.3  kl=0.0217  vl=0.1843
Step: 4743168 SPS: 3557  ev=0.585  ent=0.401  grad=0.83/0.50  h=0.1 c=6.8  kl=0.0153  vl=0.1735
Step: 4747264 SPS: 3557  ev=0.575  ent=0.417  grad=0.71/0.50  h=0.1 c=6.8  kl=0.0295  vl=0.1295
  vs Heur:   41W/56L/3D | score=6.3±24.0 inv=2.7 played=18.8 lanes=5.0 ddraw=1.0 pts=6
  vs Random: 104W/2L/0D | score=6.7±26.7 inv=3.2 played=19.4 lanes=5.0 ddraw=0.4 pts=7
  Self-play: 46W/54L/0D | score=5.4±23.0 inv=3.1 played=19.1 lanes=5.0 ddraw=0.7 pts=5
Step: 4751360 SPS: 3556  ev=0.633  ent=0.411  grad=0.44/0.44  h=0.1 c=7.3  kl=0.0304  vl=0.1320
Step: 4755456 SPS: 3557  ev=0.611  ent=0.439  grad=0.83/0.50  h=0.0 c=6.0  kl=0.0288  vl=0.1462
Step: 4759552 SPS: 3556  ev=0.608  ent=0.389  grad=0.90/0.50  h=0.0 c=6.7  kl=0.0260  vl=0.1441
Step: 4763648 SPS: 3557  ev=0.616  ent=0.420  grad=0.52/0.50  h=0.0 c=5.7  kl=0.0181  vl=0.1572
Step: 4767744 SPS: 3557  ev=0.627  ent=0.427  grad=0.61/0.50  h=0.1 c=6.9  kl=0.0219  vl=0.1344
Step: 4771840 SPS: 3557  ev=0.651  ent=0.385  grad=1.14/0.50  h=0.1 c=5.5  kl=0.0191  vl=0.1450
Step: 4775936 SPS: 3557  ev=0.560  ent=0.409  grad=1.24/0.50  h=0.0 c=5.7  kl=0.0227  vl=0.1588
Step: 4780032 SPS: 3557  ev=0.616  ent=0.399  grad=0.61/0.50  h=0.0 c=6.0  kl=0.0230  vl=0.1634
Step: 4784128 SPS: 3557  ev=0.581  ent=0.391  grad=0.60/0.50  h=0.1 c=5.5  kl=0.0162  vl=0.1445
Step: 4788224 SPS: 3557  ev=0.667  ent=0.397  grad=0.33/0.33  h=0.0 c=5.6  kl=0.0201  vl=0.1759
Step: 4792320 SPS: 3557  ev=0.643  ent=0.394  grad=0.60/0.50  h=0.1 c=5.0  kl=0.0207  vl=0.2169
Step: 4796416 SPS: 3557  ev=0.600  ent=0.418  grad=0.53/0.50  h=0.0 c=5.3  kl=0.0126  vl=0.1370
Step: 4800512 SPS: 3557  ev=0.629  ent=0.409  grad=2.08/0.50  h=0.0 c=4.7  kl=0.0152  vl=0.1454
Step: 4804608 SPS: 3556  ev=0.639  ent=0.429  grad=0.34/0.34  h=0.1 c=5.1  kl=0.0242  vl=0.1548
Step: 4808704 SPS: 3556  ev=0.630  ent=0.363  grad=0.38/0.38  h=0.1 c=5.4  kl=0.0257  vl=0.1579
Step: 4812800 SPS: 3557  ev=0.658  ent=0.378  grad=0.60/0.50  h=0.0 c=6.2  kl=0.0168  vl=0.1281
Step: 4816896 SPS: 3557  ev=0.620  ent=0.400  grad=0.62/0.50  h=0.1 c=5.6  kl=0.0252  vl=0.1792
Step: 4820992 SPS: 3557  ev=0.595  ent=0.376  grad=0.63/0.50  h=0.1 c=6.0  kl=0.0238  vl=0.1921
Step: 4825088 SPS: 3557  ev=0.594  ent=0.381  grad=0.50/0.50  h=0.1 c=6.5  kl=0.0193  vl=0.1494
Step: 4829184 SPS: 3557  ev=0.601  ent=0.393  grad=1.50/0.50  h=0.0 c=8.6  kl=0.0217  vl=0.1829
  vs Heur:   50W/48L/2D | score=7.8±24.3 inv=3.1 played=19.5 lanes=5.0 ddraw=0.6 pts=8
  vs Random: 109W/0L/0D | score=-1.0±24.0 inv=3.0 played=19.1 lanes=5.0 ddraw=0.5 pts=-1
  Self-play: 62W/48L/0D | score=6.9±21.3 inv=3.1 played=19.0 lanes=5.0 ddraw=0.5 pts=7
Step: 4833280 SPS: 3557  ev=0.594  ent=0.425  grad=0.41/0.41  h=0.1 c=9.1  kl=0.0228  vl=0.1953
Step: 4837376 SPS: 3557  ev=0.624  ent=0.422  grad=0.44/0.44  h=0.1 c=9.3  kl=0.0495  vl=0.1293
Step: 4841472 SPS: 3558  ev=0.611  ent=0.383  grad=0.43/0.43  h=0.1 c=8.3  kl=0.0185  vl=0.1705
Step: 4845568 SPS: 3558  ev=0.600  ent=0.384  grad=0.51/0.50  h=0.0 c=7.5  kl=0.0234  vl=0.1686
Step: 4849664 SPS: 3558  ev=0.623  ent=0.379  grad=0.66/0.50  h=0.0 c=7.7  kl=0.0290  vl=0.1471
Step: 4853760 SPS: 3558  ev=0.633  ent=0.418  grad=0.38/0.38  h=0.0 c=7.5  kl=0.0234  vl=0.2090
Step: 4857856 SPS: 3558  ev=0.561  ent=0.398  grad=0.54/0.50  h=0.0 c=9.3  kl=0.0201  vl=0.1209
Step: 4861952 SPS: 3558  ev=0.615  ent=0.391  grad=1.37/0.50  h=0.0 c=9.5  kl=0.0255  vl=0.2101
Step: 4866048 SPS: 3558  ev=0.612  ent=0.386  grad=0.81/0.50  h=0.0 c=7.6  kl=0.0156  vl=0.1505
Step: 4870144 SPS: 3558  ev=0.639  ent=0.406  grad=0.46/0.46  h=0.1 c=8.0  kl=0.0250  vl=0.1580
Step: 4874240 SPS: 3558  ev=0.583  ent=0.375  grad=0.71/0.50  h=0.0 c=8.2  kl=0.0390  vl=0.1476
Step: 4878336 SPS: 3558  ev=0.606  ent=0.408  grad=0.47/0.47  h=0.0 c=9.3  kl=0.0211  vl=0.1368
Step: 4882432 SPS: 3558  ev=0.603  ent=0.400  grad=0.76/0.50  h=0.0 c=9.7  kl=0.0267  vl=0.1327
Step: 4886528 SPS: 3558  ev=0.592  ent=0.366  grad=0.84/0.50  h=0.0 c=7.8  kl=0.0303  vl=0.1290
Step: 4890624 SPS: 3558  ev=0.562  ent=0.403  grad=0.83/0.50  h=0.1 c=10.0  kl=0.0219  vl=0.1085
Step: 4894720 SPS: 3558  ev=0.583  ent=0.400  grad=0.47/0.47  h=0.0 c=11.2  kl=0.0249  vl=0.1303
Step: 4898816 SPS: 3557  ev=0.625  ent=0.386  grad=0.36/0.36  h=0.0 c=12.3  kl=0.0229  vl=0.1745
Step: 4902912 SPS: 3558  ev=0.617  ent=0.397  grad=0.69/0.50  h=0.0 c=11.6  kl=0.0344  vl=0.1625
Step: 4907008 SPS: 3558  ev=0.625  ent=0.393  grad=0.82/0.50  h=0.0 c=12.1  kl=0.0258  vl=0.1740
Step: 4911104 SPS: 3558  ev=0.565  ent=0.406  grad=0.80/0.50  h=0.0 c=11.2  kl=0.0176  vl=0.1418
  vs Heur:   39W/61L/0D | score=-1.0±27.5 inv=3.3 played=19.0 lanes=5.0 ddraw=0.7 pts=-1
  vs Random: 103W/4L/0D | score=0.6±30.2 inv=3.3 played=19.5 lanes=5.0 ddraw=0.3 pts=1
  Self-play: 43W/55L/2D | score=2.2±27.0 inv=2.9 played=18.7 lanes=5.0 ddraw=0.6 pts=2
Step: 4915200 SPS: 3558  ev=0.604  ent=0.389  grad=0.37/0.37  h=0.0 c=11.5  kl=0.0238  vl=0.1206
Step: 4919296 SPS: 3558  ev=0.569  ent=0.412  grad=1.32/0.50  h=0.1 c=10.3  kl=0.0251  vl=0.1500
Step: 4923392 SPS: 3558  ev=0.557  ent=0.393  grad=0.42/0.42  h=0.0 c=9.8  kl=0.0172  vl=0.1274
Step: 4927488 SPS: 3558  ev=0.587  ent=0.392  grad=0.68/0.50  h=0.0 c=10.1  kl=0.0186  vl=0.1273
Step: 4931584 SPS: 3558  ev=0.621  ent=0.418  grad=0.53/0.50  h=0.1 c=9.4  kl=0.0312  vl=0.1071
Step: 4935680 SPS: 3558  ev=0.516  ent=0.424  grad=0.61/0.50  h=0.1 c=8.3  kl=0.0290  vl=0.1624
Step: 4939776 SPS: 3558  ev=0.623  ent=0.388  grad=0.55/0.50  h=0.0 c=8.9  kl=0.0217  vl=0.1731
Step: 4943872 SPS: 3559  ev=0.610  ent=0.399  grad=0.70/0.50  h=0.0 c=8.5  kl=0.0193  vl=0.1684
Step: 4947968 SPS: 3559  ev=0.596  ent=0.417  grad=0.56/0.50  h=0.0 c=8.6  kl=0.0191  vl=0.1617
Step: 4952064 SPS: 3559  ev=0.622  ent=0.381  grad=0.69/0.50  h=0.1 c=9.6  kl=0.0188  vl=0.1766
Step: 4956160 SPS: 3559  ev=0.654  ent=0.383  grad=0.62/0.50  h=0.0 c=9.0  kl=0.0150  vl=0.1761
Step: 4960256 SPS: 3558  ev=0.565  ent=0.415  grad=0.55/0.50  h=0.1 c=7.5  kl=0.0272  vl=0.1571
Step: 4964352 SPS: 3559  ev=0.542  ent=0.401  grad=0.43/0.43  h=0.0 c=9.5  kl=0.0332  vl=0.1761
Step: 4968448 SPS: 3559  ev=0.572  ent=0.405  grad=1.36/0.50  h=0.1 c=8.5  kl=0.0246  vl=0.1069
Step: 4972544 SPS: 3559  ev=0.580  ent=0.405  grad=0.87/0.50  h=0.1 c=8.9  kl=0.0242  vl=0.1664
Step: 4976640 SPS: 3559  ev=0.626  ent=0.401  grad=0.42/0.42  h=0.0 c=9.1  kl=0.0179  vl=0.1292
Step: 4980736 SPS: 3559  ev=0.583  ent=0.395  grad=0.48/0.48  h=0.1 c=7.7  kl=0.0232  vl=0.1748
Step: 4984832 SPS: 3559  ev=0.534  ent=0.408  grad=0.74/0.50  h=0.0 c=8.7  kl=0.0211  vl=0.1682
Step: 4988928 SPS: 3559  ev=0.596  ent=0.430  grad=0.70/0.50  h=0.1 c=8.4  kl=0.0451  vl=0.1223
Step: 4993024 SPS: 3559  ev=0.533  ent=0.393  grad=0.96/0.50  h=0.1 c=8.1  kl=0.0292  vl=0.1654
  vs Heur:   36W/63L/2D | score=-0.6±24.0 inv=2.9 played=18.7 lanes=5.0 ddraw=1.0 pts=-1
  vs Random: 100W/3L/0D | score=5.0±28.9 inv=3.3 played=19.2 lanes=5.0 ddraw=0.4 pts=5
  Self-play: 51W/48L/1D | score=5.7±21.9 inv=3.0 played=18.9 lanes=5.0 ddraw=0.4 pts=6
Step: 4997120 SPS: 3559  ev=0.583  ent=0.410  grad=0.64/0.50  h=0.1 c=7.7  kl=0.0250  vl=0.1921
Step: 5001216 SPS: 3559  ev=0.581  ent=0.420  grad=0.44/0.44  h=0.1 c=6.9  kl=0.0223  vl=0.1341
Step: 5005312 SPS: 3559  ev=0.563  ent=0.425  grad=0.86/0.50  h=0.1 c=6.1  kl=0.0137  vl=0.1674
Step: 5009408 SPS: 3559  ev=0.602  ent=0.443  grad=0.64/0.50  h=0.0 c=5.9  kl=0.0364  vl=0.1536
Step: 5013504 SPS: 3559  ev=0.570  ent=0.433  grad=0.89/0.50  h=0.0 c=6.4  kl=0.0222  vl=0.1731
Step: 5017600 SPS: 3559  ev=0.623  ent=0.418  grad=0.65/0.50  h=0.0 c=6.8  kl=0.0624  vl=0.1196
Step: 5021696 SPS: 3559  ev=0.598  ent=0.428  grad=1.25/0.50  h=0.1 c=5.3  kl=0.0302  vl=0.1494
Step: 5025792 SPS: 3559  ev=0.626  ent=0.415  grad=0.55/0.50  h=0.1 c=4.5  kl=0.0326  vl=0.1488
Step: 5029888 SPS: 3559  ev=0.559  ent=0.432  grad=1.11/0.50  h=0.1 c=4.1  kl=0.0298  vl=0.1460
Step: 5033984 SPS: 3559  ev=0.610  ent=0.409  grad=0.45/0.45  h=0.1 c=4.2  kl=0.0269  vl=0.1536
Step: 5038080 SPS: 3559  ev=0.585  ent=0.418  grad=1.17/0.50  h=0.0 c=4.3  kl=0.0311  vl=0.1403
Step: 5042176 SPS: 3559  ev=0.583  ent=0.456  grad=0.41/0.41  h=0.0 c=4.3  kl=0.0473  vl=0.1428
Step: 5046272 SPS: 3559  ev=0.557  ent=0.409  grad=0.88/0.50  h=0.0 c=4.5  kl=0.0201  vl=0.1403
Step: 5050368 SPS: 3559  ev=0.563  ent=0.410  grad=0.54/0.50  h=0.1 c=4.2  kl=0.0272  vl=0.1350
Step: 5054464 SPS: 3559  ev=0.599  ent=0.429  grad=0.36/0.36  h=0.1 c=4.1  kl=0.0288  vl=0.1840
Step: 5058560 SPS: 3559  ev=0.593  ent=0.411  grad=0.64/0.50  h=0.0 c=3.7  kl=0.0252  vl=0.1921
Step: 5062656 SPS: 3559  ev=0.605  ent=0.433  grad=0.52/0.50  h=0.1 c=3.3  kl=0.0231  vl=0.1706
Step: 5066752 SPS: 3559  ev=0.576  ent=0.415  grad=1.57/0.50  h=0.0 c=3.9  kl=0.0335  vl=0.1928
Step: 5070848 SPS: 3559  ev=0.454  ent=0.410  grad=0.49/0.49  h=0.1 c=4.6  kl=0.0352  vl=0.1615
Step: 5074944 SPS: 3558  ev=0.575  ent=0.423  grad=1.80/0.50  h=0.0 c=4.0  kl=0.0256  vl=0.1632
  vs Heur:   40W/62L/1D | score=2.5±26.4 inv=3.1 played=18.8 lanes=5.0 ddraw=0.9 pts=3
  vs Random: 102W/4L/0D | score=-1.0±26.9 inv=2.7 played=18.7 lanes=5.0 ddraw=0.7 pts=-1
  Self-play: 50W/54L/1D | score=1.6±24.8 inv=3.0 played=19.1 lanes=5.0 ddraw=0.5 pts=2
Step: 5079040 SPS: 3559  ev=0.587  ent=0.433  grad=0.64/0.50  h=0.0 c=4.1  kl=0.0329  vl=0.1476
Step: 5083136 SPS: 3559  ev=0.564  ent=0.410  grad=0.94/0.50  h=0.0 c=3.8  kl=0.0218  vl=0.1416
Step: 5087232 SPS: 3559  ev=0.597  ent=0.389  grad=0.56/0.50  h=0.1 c=2.5  kl=0.0302  vl=0.1335
Step: 5091328 SPS: 3558  ev=0.582  ent=0.410  grad=0.77/0.50  h=0.0 c=3.2  kl=0.0221  vl=0.1257
Step: 5095424 SPS: 3558  ev=0.591  ent=0.463  grad=0.46/0.46  h=0.0 c=3.0  kl=0.0212  vl=0.1957
Step: 5099520 SPS: 3558  ev=0.586  ent=0.402  grad=1.11/0.50  h=0.0 c=4.0  kl=0.0233  vl=0.1506
Step: 5103616 SPS: 3558  ev=0.635  ent=0.405  grad=0.56/0.50  h=0.1 c=3.6  kl=0.0256  vl=0.1710
Step: 5107712 SPS: 3558  ev=0.578  ent=0.426  grad=1.58/0.50  h=0.0 c=4.2  kl=0.0222  vl=0.1667
Step: 5111808 SPS: 3558  ev=0.566  ent=0.438  grad=0.57/0.50  h=0.0 c=4.0  kl=0.0244  vl=0.1616
Step: 5115904 SPS: 3559  ev=0.568  ent=0.428  grad=1.09/0.50  h=0.1 c=2.9  kl=0.0165  vl=0.1644
Step: 5120000 SPS: 3559  ev=0.594  ent=0.403  grad=0.46/0.46  h=0.0 c=2.4  kl=0.0232  vl=0.1729
Step: 5124096 SPS: 3559  ev=0.576  ent=0.409  grad=0.52/0.50  h=0.0 c=2.1  kl=0.0351  vl=0.1772
Step: 5128192 SPS: 3559  ev=0.553  ent=0.411  grad=1.04/0.50  h=0.0 c=3.1  kl=0.0253  vl=0.1800
Step: 5132288 SPS: 3559  ev=0.614  ent=0.404  grad=0.41/0.41  h=0.1 c=3.6  kl=0.0278  vl=0.1958
Step: 5136384 SPS: 3559  ev=0.610  ent=0.406  grad=0.77/0.50  h=0.0 c=2.8  kl=0.0201  vl=0.1623
Step: 5140480 SPS: 3559  ev=0.598  ent=0.381  grad=0.58/0.50  h=0.0 c=3.6  kl=0.0295  vl=0.1903
Step: 5144576 SPS: 3559  ev=0.563  ent=0.409  grad=0.70/0.50  h=0.1 c=3.7  kl=0.0227  vl=0.1647
Step: 5148672 SPS: 3559  ev=0.520  ent=0.413  grad=0.77/0.50  h=0.1 c=3.3  kl=0.0406  vl=0.1651
Step: 5152768 SPS: 3559  ev=0.539  ent=0.397  grad=0.59/0.50  h=0.1 c=3.7  kl=0.0368  vl=0.1427
Step: 5156864 SPS: 3559  ev=0.583  ent=0.394  grad=0.61/0.50  h=0.0 c=3.4  kl=0.0279  vl=0.1336
  vs Heur:   44W/56L/1D | score=6.5±24.0 inv=3.1 played=19.2 lanes=5.0 ddraw=1.0 pts=6
  vs Random: 102W/1L/1D | score=0.3±26.7 inv=3.2 played=19.4 lanes=5.0 ddraw=0.5 pts=0
  Self-play: 62W/46L/0D | score=6.5±24.3 inv=3.1 played=19.1 lanes=5.0 ddraw=0.6 pts=7
Step: 5160960 SPS: 3559  ev=0.590  ent=0.403  grad=1.25/0.50  h=0.0 c=2.1  kl=0.0232  vl=0.1599
Step: 5165056 SPS: 3559  ev=0.583  ent=0.407  grad=0.63/0.50  h=0.0 c=2.7  kl=0.0248  vl=0.1907
Step: 5169152 SPS: 3559  ev=0.580  ent=0.413  grad=0.42/0.42  h=0.0 c=2.9  kl=0.0208  vl=0.1273
Step: 5173248 SPS: 3559  ev=0.575  ent=0.420  grad=0.40/0.40  h=0.0 c=2.9  kl=0.0232  vl=0.1053
Step: 5177344 SPS: 3559  ev=0.596  ent=0.392  grad=0.69/0.50  h=0.1 c=2.6  kl=0.0232  vl=0.1467
Step: 5181440 SPS: 3559  ev=0.574  ent=0.450  grad=0.60/0.50  h=0.1 c=2.9  kl=0.0239  vl=0.1308
Step: 5185536 SPS: 3559  ev=0.608  ent=0.393  grad=0.61/0.50  h=0.0 c=3.4  kl=0.0334  vl=0.1871
Step: 5189632 SPS: 3559  ev=0.603  ent=0.403  grad=1.43/0.50  h=0.0 c=3.4  kl=0.0337  vl=0.1288
Step: 5193728 SPS: 3559  ev=0.614  ent=0.399  grad=0.66/0.50  h=0.1 c=2.4  kl=0.0665  vl=0.1024
Step: 5197824 SPS: 3559  ev=0.597  ent=0.462  grad=0.59/0.50  h=0.0 c=2.4  kl=0.0242  vl=0.2173
Step: 5201920 SPS: 3559  ev=0.610  ent=0.399  grad=0.44/0.44  h=0.1 c=1.9  kl=0.0191  vl=0.1379
Step: 5206016 SPS: 3559  ev=0.618  ent=0.399  grad=0.64/0.50  h=0.0 c=2.3  kl=0.0190  vl=0.1797
Step: 5210112 SPS: 3559  ev=0.506  ent=0.410  grad=0.52/0.50  h=0.1 c=2.4  kl=0.0363  vl=0.1348
Step: 5214208 SPS: 3559  ev=0.554  ent=0.422  grad=0.78/0.50  h=0.0 c=1.9  kl=0.0235  vl=0.1678
Step: 5218304 SPS: 3559  ev=0.594  ent=0.409  grad=0.73/0.50  h=0.0 c=2.6  kl=0.0279  vl=0.1620
Step: 5222400 SPS: 3559  ev=0.579  ent=0.394  grad=0.52/0.50  h=0.1 c=2.2  kl=0.0175  vl=0.1815
Step: 5226496 SPS: 3558  ev=0.589  ent=0.461  grad=0.56/0.50  h=0.0 c=2.0  kl=0.0213  vl=0.1471
Step: 5230592 SPS: 3559  ev=0.556  ent=0.481  grad=0.58/0.50  h=0.1 c=1.9  kl=0.0238  vl=0.1811
Step: 5234688 SPS: 3559  ev=0.593  ent=0.433  grad=0.73/0.50  h=0.1 c=3.1  kl=0.0310  vl=0.1672
Step: 5238784 SPS: 3559  ev=0.599  ent=0.411  grad=0.81/0.50  h=0.0 c=1.9  kl=0.0279  vl=0.1336
  vs Heur:   43W/57L/1D | score=2.0±26.7 inv=3.3 played=19.0 lanes=5.0 ddraw=1.0 pts=2
  vs Random: 102W/1L/1D | score=2.7±22.5 inv=3.4 played=19.7 lanes=5.0 ddraw=0.5 pts=3
  Self-play: 52W/48L/2D | score=6.1±22.1 inv=3.2 played=19.1 lanes=5.0 ddraw=0.5 pts=6
Step: 5242880 SPS: 3559  ev=0.597  ent=0.431  grad=0.53/0.50  h=0.0 c=2.6  kl=0.0338  vl=0.1422
Step: 5246976 SPS: 3559  ev=0.557  ent=0.429  grad=0.68/0.50  h=0.0 c=3.0  kl=0.0226  vl=0.1249
Step: 5251072 SPS: 3558  ev=0.578  ent=0.407  grad=0.65/0.50  h=0.0 c=3.0  kl=0.0324  vl=0.1642
Step: 5255168 SPS: 3558  ev=0.589  ent=0.426  grad=0.82/0.50  h=0.0 c=2.6  kl=0.0207  vl=0.1905
Step: 5259264 SPS: 3559  ev=0.620  ent=0.422  grad=0.48/0.48  h=0.1 c=2.5  kl=0.0399  vl=0.1710
Step: 5263360 SPS: 3558  ev=0.570  ent=0.395  grad=0.62/0.50  h=0.0 c=2.1  kl=0.0233  vl=0.1193
Step: 5267456 SPS: 3558  ev=0.661  ent=0.386  grad=0.90/0.50  h=0.0 c=1.7  kl=0.0257  vl=0.1549
Step: 5271552 SPS: 3558  ev=0.612  ent=0.404  grad=0.63/0.50  h=0.0 c=2.4  kl=0.0216  vl=0.1410
Step: 5275648 SPS: 3558  ev=0.558  ent=0.423  grad=1.09/0.50  h=0.0 c=2.1  kl=0.0178  vl=0.1318
Step: 5279744 SPS: 3558  ev=0.573  ent=0.409  grad=0.65/0.50  h=0.0 c=1.8  kl=0.0372  vl=0.1434
Step: 5283840 SPS: 3558  ev=0.630  ent=0.424  grad=0.43/0.43  h=0.0 c=2.3  kl=0.0379  vl=0.1598
Step: 5287936 SPS: 3558  ev=0.578  ent=0.393  grad=0.38/0.38  h=0.0 c=2.1  kl=0.0382  vl=0.1553
Step: 5292032 SPS: 3558  ev=0.610  ent=0.372  grad=0.72/0.50  h=0.0 c=1.6  kl=0.0231  vl=0.1642
Step: 5296128 SPS: 3557  ev=0.623  ent=0.404  grad=0.47/0.47  h=0.0 c=1.8  kl=0.0159  vl=0.1473
Step: 5300224 SPS: 3557  ev=0.561  ent=0.398  grad=0.59/0.50  h=0.0 c=1.9  kl=0.0208  vl=0.1544
Step: 5304320 SPS: 3557  ev=0.587  ent=0.402  grad=0.80/0.50  h=0.0 c=1.9  kl=0.0286  vl=0.1413
Step: 5308416 SPS: 3557  ev=0.645  ent=0.421  grad=0.68/0.50  h=0.0 c=1.8  kl=0.0350  vl=0.1243
Step: 5312512 SPS: 3558  ev=0.604  ent=0.389  grad=1.21/0.50  h=0.0 c=2.2  kl=0.0343  vl=0.1750
Step: 5316608 SPS: 3558  ev=0.550  ent=0.410  grad=1.22/0.50  h=0.0 c=1.9  kl=0.0471  vl=0.1554
Step: 5320704 SPS: 3558  ev=0.576  ent=0.390  grad=0.51/0.50  h=0.0 c=1.5  kl=0.0191  vl=0.1434
  vs Heur:   39W/63L/2D | score=3.1±25.7 inv=3.2 played=19.0 lanes=5.0 ddraw=0.9 pts=3
  vs Random: 96W/4L/0D | score=-2.9±25.4 inv=3.1 played=19.0 lanes=5.0 ddraw=0.5 pts=-3
  Self-play: 55W/53L/0D | score=7.2±22.4 inv=3.0 played=19.1 lanes=5.0 ddraw=0.5 pts=7
Step: 5324800 SPS: 3558  ev=0.599  ent=0.402  grad=0.79/0.50  h=0.0 c=2.4  kl=0.0467  vl=0.1608
Step: 5328896 SPS: 3558  ev=0.630  ent=0.433  grad=0.40/0.40  h=0.0 c=2.0  kl=0.0333  vl=0.1367
Step: 5332992 SPS: 3558  ev=0.637  ent=0.428  grad=0.36/0.36  h=0.0 c=2.2  kl=0.0196  vl=0.1125
Step: 5337088 SPS: 3558  ev=0.632  ent=0.449  grad=0.80/0.50  h=0.0 c=1.5  kl=0.0327  vl=0.1456
Step: 5341184 SPS: 3558  ev=0.626  ent=0.448  grad=1.26/0.50  h=0.1 c=1.9  kl=0.0316  vl=0.1580
Step: 5345280 SPS: 3557  ev=0.609  ent=0.435  grad=0.44/0.44  h=0.0 c=1.7  kl=0.0278  vl=0.1580
Step: 5349376 SPS: 3557  ev=0.581  ent=0.441  grad=0.52/0.50  h=0.0 c=2.0  kl=0.0279  vl=0.1565
Step: 5353472 SPS: 3557  ev=0.635  ent=0.433  grad=0.47/0.47  h=0.0 c=2.3  kl=0.0293  vl=0.1896
Step: 5357568 SPS: 3557  ev=0.622  ent=0.443  grad=0.87/0.50  h=0.0 c=2.1  kl=0.0344  vl=0.1816
Step: 5361664 SPS: 3557  ev=0.596  ent=0.445  grad=0.56/0.50  h=0.0 c=2.3  kl=0.0208  vl=0.1712
Step: 5365760 SPS: 3557  ev=0.620  ent=0.414  grad=0.52/0.50  h=0.0 c=2.2  kl=0.0195  vl=0.2036
Step: 5369856 SPS: 3557  ev=0.589  ent=0.412  grad=0.81/0.50  h=0.0 c=2.0  kl=0.0419  vl=0.1432
Step: 5373952 SPS: 3556  ev=0.574  ent=0.394  grad=0.48/0.48  h=0.0 c=2.7  kl=0.0255  vl=0.1311
Step: 5378048 SPS: 3556  ev=0.522  ent=0.427  grad=1.13/0.50  h=0.0 c=2.5  kl=0.0348  vl=0.1329
Step: 5382144 SPS: 3556  ev=0.552  ent=0.417  grad=0.79/0.50  h=0.0 c=1.8  kl=0.0402  vl=0.1155
Step: 5386240 SPS: 3556  ev=0.580  ent=0.378  grad=0.63/0.50  h=0.0 c=1.9  kl=0.0258  vl=0.1724
Step: 5390336 SPS: 3557  ev=0.581  ent=0.386  grad=0.95/0.50  h=0.0 c=1.8  kl=0.0189  vl=0.1525
Step: 5394432 SPS: 3557  ev=0.638  ent=0.407  grad=0.49/0.49  h=0.0 c=2.1  kl=0.0193  vl=0.1681
Step: 5398528 SPS: 3556  ev=0.552  ent=0.383  grad=0.70/0.50  h=0.0 c=2.3  kl=0.0201  vl=0.1409
Step: 5402624 SPS: 3557  ev=0.610  ent=0.404  grad=0.69/0.50  h=0.0 c=2.3  kl=0.0221  vl=0.1744
  vs Heur:   40W/63L/1D | score=3.5±22.5 inv=2.9 played=18.9 lanes=5.0 ddraw=0.6 pts=3
  vs Random: 105W/4L/0D | score=-2.4±26.1 inv=3.1 played=18.9 lanes=5.0 ddraw=0.1 pts=-2
  Self-play: 56W/45L/0D | score=8.8±21.6 inv=2.8 played=18.8 lanes=5.0 ddraw=0.4 pts=9
Step: 5406720 SPS: 3557  ev=0.626  ent=0.414  grad=0.55/0.50  h=0.0 c=1.8  kl=0.0288  vl=0.1405
Step: 5410816 SPS: 3557  ev=0.602  ent=0.402  grad=0.67/0.50  h=0.0 c=2.4  kl=0.0214  vl=0.1099
Step: 5414912 SPS: 3556  ev=0.595  ent=0.418  grad=0.81/0.50  h=0.0 c=2.4  kl=0.0215  vl=0.1357
Step: 5419008 SPS: 3557  ev=0.568  ent=0.410  grad=0.61/0.50  h=0.0 c=2.0  kl=0.0334  vl=0.1972
Step: 5423104 SPS: 3556  ev=0.576  ent=0.406  grad=0.85/0.50  h=0.0 c=2.1  kl=0.0210  vl=0.1277
Step: 5427200 SPS: 3556  ev=0.581  ent=0.384  grad=0.72/0.50  h=0.0 c=2.2  kl=0.0285  vl=0.1549
Step: 5431296 SPS: 3556  ev=0.569  ent=0.383  grad=0.58/0.50  h=0.1 c=1.9  kl=0.0162  vl=0.1520
Step: 5435392 SPS: 3556  ev=0.616  ent=0.419  grad=0.49/0.49  h=0.0 c=2.1  kl=0.0456  vl=0.1751
Step: 5439488 SPS: 3556  ev=0.607  ent=0.382  grad=0.40/0.40  h=0.0 c=2.1  kl=0.0371  vl=0.1916
Step: 5443584 SPS: 3556  ev=0.606  ent=0.403  grad=0.44/0.44  h=0.0 c=2.1  kl=0.0191  vl=0.1241
Step: 5447680 SPS: 3556  ev=0.550  ent=0.400  grad=1.00/0.50  h=0.0 c=1.6  kl=0.0273  vl=0.2083
Step: 5451776 SPS: 3556  ev=0.580  ent=0.383  grad=0.80/0.50  h=0.1 c=2.0  kl=0.0354  vl=0.1835
Step: 5455872 SPS: 3556  ev=0.615  ent=0.384  grad=0.50/0.50  h=0.0 c=2.2  kl=0.0249  vl=0.1542
Step: 5459968 SPS: 3556  ev=0.659  ent=0.396  grad=2.44/0.50  h=0.0 c=2.1  kl=0.0267  vl=0.1553
Step: 5464064 SPS: 3557  ev=0.623  ent=0.407  grad=0.99/0.50  h=0.0 c=2.1  kl=0.0464  vl=0.1846
Step: 5468160 SPS: 3557  ev=0.615  ent=0.398  grad=0.62/0.50  h=0.1 c=2.9  kl=0.0240  vl=0.1521
Step: 5472256 SPS: 3557  ev=0.647  ent=0.403  grad=0.80/0.50  h=0.0 c=2.7  kl=0.0281  vl=0.1524
Step: 5476352 SPS: 3557  ev=0.625  ent=0.409  grad=0.61/0.50  h=0.0 c=2.3  kl=0.0249  vl=0.1760
Step: 5480448 SPS: 3557  ev=0.584  ent=0.419  grad=0.63/0.50  h=0.0 c=2.1  kl=0.0277  vl=0.1767
Step: 5484544 SPS: 3557  ev=0.646  ent=0.391  grad=0.56/0.50  h=0.0 c=2.3  kl=0.0315  vl=0.1511
  vs Heur:   38W/65L/1D | score=3.8±24.6 inv=3.5 played=19.0 lanes=5.0 ddraw=0.7 pts=4
  vs Random: 110W/0L/0D | score=1.3±24.9 inv=3.0 played=18.8 lanes=5.0 ddraw=0.3 pts=1
  Self-play: 53W/51L/1D | score=8.5±28.6 inv=2.9 played=19.0 lanes=5.0 ddraw=0.3 pts=8
Step: 5488640 SPS: 3557  ev=0.605  ent=0.412  grad=0.82/0.50  h=0.1 c=1.8  kl=0.0192  vl=0.1713
Step: 5492736 SPS: 3557  ev=0.638  ent=0.393  grad=0.73/0.50  h=0.0 c=1.7  kl=0.0216  vl=0.1605
Step: 5496832 SPS: 3557  ev=0.652  ent=0.358  grad=0.63/0.50  h=0.0 c=2.4  kl=0.0724  vl=0.1387
Step: 5500928 SPS: 3557  ev=0.624  ent=0.390  grad=0.87/0.50  h=0.0 c=1.6  kl=0.0233  vl=0.1704
Step: 5505024 SPS: 3557  ev=0.621  ent=0.421  grad=0.91/0.50  h=0.0 c=1.9  kl=0.0275  vl=0.1822
Step: 5509120 SPS: 3557  ev=0.605  ent=0.433  grad=0.43/0.43  h=0.0 c=1.8  kl=0.0297  vl=0.1822
Step: 5513216 SPS: 3557  ev=0.609  ent=0.351  grad=0.47/0.47  h=0.1 c=1.6  kl=0.0226  vl=0.1347
Step: 5517312 SPS: 3557  ev=0.613  ent=0.388  grad=0.53/0.50  h=0.0 c=2.6  kl=0.0208  vl=0.1564
Step: 5521408 SPS: 3557  ev=0.627  ent=0.413  grad=0.47/0.47  h=0.1 c=1.8  kl=0.0196  vl=0.1691
Step: 5525504 SPS: 3557  ev=0.577  ent=0.396  grad=0.51/0.50  h=0.0 c=2.1  kl=0.0209  vl=0.1388
Step: 5529600 SPS: 3557  ev=0.618  ent=0.393  grad=0.34/0.34  h=0.0 c=2.2  kl=0.0184  vl=0.1346
Step: 5533696 SPS: 3557  ev=0.579  ent=0.379  grad=0.30/0.30  h=0.0 c=2.4  kl=0.0348  vl=0.1529
Step: 5537792 SPS: 3557  ev=0.584  ent=0.394  grad=0.72/0.50  h=0.0 c=1.8  kl=0.0280  vl=0.1410
Step: 5541888 SPS: 3557  ev=0.612  ent=0.392  grad=0.52/0.50  h=0.0 c=2.5  kl=0.0290  vl=0.1341
Step: 5545984 SPS: 3558  ev=0.657  ent=0.355  grad=0.97/0.50  h=0.0 c=2.5  kl=0.0257  vl=0.1412
Step: 5550080 SPS: 3558  ev=0.638  ent=0.409  grad=0.96/0.50  h=0.0 c=2.1  kl=0.0180  vl=0.1672
Step: 5554176 SPS: 3558  ev=0.593  ent=0.405  grad=1.14/0.50  h=0.0 c=2.7  kl=0.0310  vl=0.2062
Step: 5558272 SPS: 3558  ev=0.609  ent=0.378  grad=0.69/0.50  h=0.1 c=1.7  kl=0.0191  vl=0.1295
Step: 5562368 SPS: 3558  ev=0.617  ent=0.386  grad=0.42/0.42  h=0.0 c=2.1  kl=0.0218  vl=0.2140
Step: 5566464 SPS: 3558  ev=0.612  ent=0.404  grad=0.48/0.48  h=0.0 c=3.1  kl=0.0271  vl=0.1863
  vs Heur:   40W/60L/1D | score=4.1±25.6 inv=3.1 played=18.7 lanes=5.0 ddraw=1.0 pts=4
  vs Random: 106W/4L/0D | score=-5.7±20.9 inv=2.9 played=18.7 lanes=5.0 ddraw=0.4 pts=-6
  Self-play: 57W/52L/3D | score=7.8±23.1 inv=2.9 played=19.0 lanes=5.0 ddraw=0.4 pts=8
Step: 5570560 SPS: 3558  ev=0.650  ent=0.363  grad=0.45/0.45  h=0.0 c=2.3  kl=0.0156  vl=0.1894
Step: 5574656 SPS: 3558  ev=0.631  ent=0.388  grad=0.41/0.41  h=0.1 c=3.6  kl=0.0287  vl=0.1530
Step: 5578752 SPS: 3558  ev=0.603  ent=0.402  grad=0.55/0.50  h=0.1 c=2.8  kl=0.0240  vl=0.1475
Step: 5582848 SPS: 3558  ev=0.595  ent=0.363  grad=0.64/0.50  h=0.0 c=1.9  kl=0.0251  vl=0.1357
Step: 5586944 SPS: 3558  ev=0.599  ent=0.406  grad=0.67/0.50  h=0.1 c=1.9  kl=0.0229  vl=0.1476
Step: 5591040 SPS: 3558  ev=0.586  ent=0.360  grad=1.00/0.50  h=0.1 c=1.7  kl=0.0276  vl=0.1732
Step: 5595136 SPS: 3558  ev=0.649  ent=0.358  grad=0.59/0.50  h=0.0 c=1.9  kl=0.0194  vl=0.1416
Step: 5599232 SPS: 3558  ev=0.587  ent=0.376  grad=0.71/0.50  h=0.0 c=1.3  kl=0.0156  vl=0.1716
Step: 5603328 SPS: 3558  ev=0.595  ent=0.364  grad=0.47/0.47  h=0.0 c=1.7  kl=0.0219  vl=0.1416
Step: 5607424 SPS: 3558  ev=0.630  ent=0.413  grad=0.42/0.42  h=0.0 c=1.7  kl=0.0302  vl=0.1533
Step: 5611520 SPS: 3558  ev=0.626  ent=0.370  grad=0.80/0.50  h=0.0 c=1.5  kl=0.0240  vl=0.1441
Step: 5615616 SPS: 3558  ev=0.597  ent=0.363  grad=1.24/0.50  h=0.0 c=1.5  kl=0.0148  vl=0.1568
Step: 5619712 SPS: 3559  ev=0.655  ent=0.384  grad=0.50/0.50  h=0.0 c=1.3  kl=0.0204  vl=0.1669
Step: 5623808 SPS: 3559  ev=0.613  ent=0.399  grad=0.44/0.44  h=0.0 c=1.1  kl=0.0293  vl=0.1498
Step: 5627904 SPS: 3559  ev=0.586  ent=0.396  grad=0.72/0.50  h=0.0 c=1.6  kl=0.0242  vl=0.1786
Step: 5632000 SPS: 3559  ev=0.639  ent=0.384  grad=0.55/0.50  h=0.1 c=1.6  kl=0.0204  vl=0.1597
Step: 5636096 SPS: 3559  ev=0.663  ent=0.405  grad=0.56/0.50  h=0.1 c=1.4  kl=0.0261  vl=0.1170
Step: 5640192 SPS: 3559  ev=0.617  ent=0.413  grad=0.46/0.46  h=0.1 c=1.3  kl=0.0382  vl=0.1278
Step: 5644288 SPS: 3559  ev=0.595  ent=0.395  grad=0.84/0.50  h=0.1 c=1.5  kl=0.0237  vl=0.1261
Step: 5648384 SPS: 3559  ev=0.618  ent=0.394  grad=0.53/0.50  h=0.0 c=1.6  kl=0.0214  vl=0.1708
  vs Heur:   31W/68L/1D | score=0.1±25.2 inv=3.2 played=18.9 lanes=5.0 ddraw=0.8 pts=0
  vs Random: 106W/3L/0D | score=1.5±28.2 inv=3.1 played=19.0 lanes=5.0 ddraw=0.5 pts=2
  Self-play: 54W/54L/1D | score=4.3±22.9 inv=3.2 played=19.1 lanes=5.0 ddraw=0.5 pts=4
Step: 5652480 SPS: 3559  ev=0.600  ent=0.409  grad=0.62/0.50  h=0.0 c=1.5  kl=0.0388  vl=0.1554
Step: 5656576 SPS: 3559  ev=0.618  ent=0.360  grad=0.53/0.50  h=0.1 c=1.4  kl=0.0370  vl=0.2316
Step: 5660672 SPS: 3559  ev=0.582  ent=0.361  grad=0.76/0.50  h=0.1 c=1.7  kl=0.0494  vl=0.2469
Step: 5664768 SPS: 3559  ev=0.584  ent=0.394  grad=0.57/0.50  h=0.0 c=1.4  kl=0.0228  vl=0.1561
Step: 5668864 SPS: 3559  ev=0.630  ent=0.357  grad=0.46/0.46  h=0.0 c=1.8  kl=0.0184  vl=0.1569
Step: 5672960 SPS: 3559  ev=0.611  ent=0.363  grad=0.72/0.50  h=0.0 c=1.6  kl=0.0248  vl=0.1531
Step: 5677056 SPS: 3559  ev=0.615  ent=0.395  grad=0.44/0.44  h=0.1 c=2.3  kl=0.0219  vl=0.1268
Step: 5681152 SPS: 3559  ev=0.611  ent=0.395  grad=0.69/0.50  h=0.0 c=1.5  kl=0.0305  vl=0.1892
Step: 5685248 SPS: 3559  ev=0.577  ent=0.401  grad=0.91/0.50  h=0.0 c=1.6  kl=0.0483  vl=0.0994
Step: 5689344 SPS: 3559  ev=0.589  ent=0.392  grad=0.38/0.38  h=0.0 c=1.4  kl=0.0330  vl=0.1756
Step: 5693440 SPS: 3559  ev=0.638  ent=0.366  grad=0.57/0.50  h=0.1 c=1.7  kl=0.0329  vl=0.1417
Step: 5697536 SPS: 3560  ev=0.661  ent=0.388  grad=0.40/0.40  h=0.0 c=2.3  kl=0.0246  vl=0.1082
Step: 5701632 SPS: 3560  ev=0.580  ent=0.365  grad=0.64/0.50  h=0.1 c=2.3  kl=0.0220  vl=0.1609
Step: 5705728 SPS: 3560  ev=0.584  ent=0.365  grad=0.46/0.46  h=0.1 c=2.1  kl=0.0266  vl=0.1466
Step: 5709824 SPS: 3560  ev=0.629  ent=0.382  grad=0.71/0.50  h=0.0 c=1.9  kl=0.0845  vl=0.1317
Step: 5713920 SPS: 3560  ev=0.592  ent=0.359  grad=0.85/0.50  h=0.0 c=1.7  kl=0.0199  vl=0.1227
Step: 5718016 SPS: 3560  ev=0.582  ent=0.391  grad=0.36/0.36  h=0.0 c=2.3  kl=0.0329  vl=0.1318
Step: 5722112 SPS: 3560  ev=0.593  ent=0.391  grad=0.53/0.50  h=0.1 c=2.0  kl=0.0291  vl=0.1942
Step: 5726208 SPS: 3560  ev=0.664  ent=0.390  grad=1.30/0.50  h=0.1 c=1.8  kl=0.0307  vl=0.1887
Step: 5730304 SPS: 3560  ev=0.619  ent=0.399  grad=0.54/0.50  h=0.1 c=2.0  kl=0.0237  vl=0.1163
  vs Heur:   40W/62L/2D | score=0.4±23.0 inv=2.6 played=18.1 lanes=5.0 ddraw=1.0 pts=0
  vs Random: 101W/4L/0D | score=4.0±31.8 inv=3.1 played=19.2 lanes=5.0 ddraw=0.4 pts=4
  Self-play: 50W/51L/4D | score=6.5±21.5 inv=3.0 played=19.2 lanes=5.0 ddraw=0.3 pts=6
Step: 5734400 SPS: 3560  ev=0.591  ent=0.374  grad=0.95/0.50  h=0.1 c=2.4  kl=0.0306  vl=0.1403
Step: 5738496 SPS: 3560  ev=0.669  ent=0.377  grad=0.43/0.43  h=0.1 c=1.8  kl=0.0257  vl=0.1446
Step: 5742592 SPS: 3560  ev=0.622  ent=0.357  grad=1.00/0.50  h=0.0 c=2.2  kl=0.0336  vl=0.1561
Step: 5746688 SPS: 3560  ev=0.642  ent=0.384  grad=0.57/0.50  h=0.0 c=2.2  kl=0.0231  vl=0.1435
Step: 5750784 SPS: 3560  ev=0.613  ent=0.385  grad=0.78/0.50  h=0.1 c=2.8  kl=0.0431  vl=0.2092
Step: 5754880 SPS: 3560  ev=0.648  ent=0.375  grad=0.45/0.45  h=0.1 c=2.3  kl=0.0270  vl=0.1550
Step: 5758976 SPS: 3560  ev=0.617  ent=0.402  grad=0.37/0.37  h=0.1 c=2.0  kl=0.0261  vl=0.1632
Step: 5763072 SPS: 3560  ev=0.609  ent=0.353  grad=0.45/0.45  h=0.0 c=3.1  kl=0.0325  vl=0.1671
Step: 5767168 SPS: 3560  ev=0.555  ent=0.385  grad=0.55/0.50  h=0.1 c=2.7  kl=0.0342  vl=0.1394
Step: 5771264 SPS: 3560  ev=0.555  ent=0.393  grad=0.53/0.50  h=0.0 c=3.1  kl=0.0505  vl=0.1402
Step: 5775360 SPS: 3561  ev=0.598  ent=0.364  grad=0.60/0.50  h=0.0 c=3.9  kl=0.0311  vl=0.2207
Step: 5779456 SPS: 3561  ev=0.620  ent=0.394  grad=0.47/0.47  h=0.0 c=2.7  kl=0.0324  vl=0.1313
Step: 5783552 SPS: 3560  ev=0.669  ent=0.384  grad=1.12/0.50  h=0.1 c=2.2  kl=0.0370  vl=0.1626
Step: 5787648 SPS: 3560  ev=0.620  ent=0.391  grad=0.47/0.47  h=0.0 c=2.1  kl=0.0231  vl=0.1748
Step: 5791744 SPS: 3560  ev=0.608  ent=0.374  grad=0.68/0.50  h=0.1 c=2.1  kl=0.0175  vl=0.1572
Step: 5795840 SPS: 3560  ev=0.623  ent=0.379  grad=0.62/0.50  h=0.1 c=1.7  kl=0.0277  vl=0.1564
Step: 5799936 SPS: 3560  ev=0.613  ent=0.406  grad=0.32/0.32  h=0.1 c=2.0  kl=0.0329  vl=0.1611
Step: 5804032 SPS: 3560  ev=0.589  ent=0.388  grad=0.43/0.43  h=0.0 c=2.1  kl=0.0204  vl=0.1509
Step: 5808128 SPS: 3560  ev=0.586  ent=0.378  grad=0.57/0.50  h=0.1 c=2.4  kl=0.0387  vl=0.1753
Step: 5812224 SPS: 3560  ev=0.643  ent=0.368  grad=0.68/0.50  h=0.0 c=2.0  kl=0.0307  vl=0.1717
  vs Heur:   46W/56L/1D | score=7.0±20.0 inv=2.6 played=18.8 lanes=5.0 ddraw=0.9 pts=7
  vs Random: 106W/1L/0D | score=6.1±22.5 inv=2.7 played=19.1 lanes=5.0 ddraw=0.5 pts=6
  Self-play: 55W/49L/1D | score=7.0±22.2 inv=2.9 played=19.0 lanes=5.0 ddraw=0.3 pts=7
Step: 5816320 SPS: 3560  ev=0.546  ent=0.370  grad=0.64/0.50  h=0.0 c=2.2  kl=0.0321  vl=0.1688
Step: 5820416 SPS: 3559  ev=0.617  ent=0.357  grad=0.36/0.36  h=0.1 c=1.9  kl=0.0259  vl=0.1881
Step: 5824512 SPS: 3559  ev=0.589  ent=0.386  grad=0.84/0.50  h=0.0 c=2.1  kl=0.0299  vl=0.1709
Step: 5828608 SPS: 3559  ev=0.642  ent=0.383  grad=0.72/0.50  h=0.0 c=1.7  kl=0.0242  vl=0.1573
Step: 5832704 SPS: 3559  ev=0.614  ent=0.377  grad=0.50/0.50  h=0.0 c=1.9  kl=0.0174  vl=0.1610
Step: 5836800 SPS: 3559  ev=0.596  ent=0.361  grad=0.56/0.50  h=0.0 c=1.6  kl=0.0278  vl=0.1443
Step: 5840896 SPS: 3559  ev=0.661  ent=0.372  grad=0.50/0.50  h=0.0 c=2.0  kl=0.0266  vl=0.1615
Step: 5844992 SPS: 3559  ev=0.656  ent=0.365  grad=0.42/0.42  h=0.0 c=1.9  kl=0.0385  vl=0.1230
Step: 5849088 SPS: 3559  ev=0.613  ent=0.371  grad=0.98/0.50  h=0.0 c=1.7  kl=0.0486  vl=0.1646
Step: 5853184 SPS: 3560  ev=0.658  ent=0.369  grad=0.65/0.50  h=0.1 c=1.7  kl=0.0196  vl=0.1505
Step: 5857280 SPS: 3560  ev=0.626  ent=0.376  grad=0.97/0.50  h=0.1 c=1.5  kl=0.0239  vl=0.1345
Step: 5861376 SPS: 3560  ev=0.627  ent=0.386  grad=0.48/0.48  h=0.0 c=1.7  kl=0.0154  vl=0.1445
Step: 5865472 SPS: 3560  ev=0.628  ent=0.390  grad=0.76/0.50  h=0.0 c=2.4  kl=0.0244  vl=0.1394
Step: 5869568 SPS: 3560  ev=0.555  ent=0.385  grad=0.44/0.44  h=0.0 c=2.6  kl=0.0349  vl=0.1531
Step: 5873664 SPS: 3560  ev=0.593  ent=0.397  grad=0.44/0.44  h=0.0 c=3.1  kl=0.0341  vl=0.1114
Step: 5877760 SPS: 3560  ev=0.644  ent=0.401  grad=0.55/0.50  h=0.0 c=2.1  kl=0.0346  vl=0.1566
Step: 5881856 SPS: 3561  ev=0.622  ent=0.368  grad=0.49/0.49  h=0.1 c=2.1  kl=0.0297  vl=0.1915
Step: 5885952 SPS: 3561  ev=0.586  ent=0.373  grad=0.39/0.39  h=0.0 c=2.2  kl=0.0214  vl=0.1443
Step: 5890048 SPS: 3561  ev=0.614  ent=0.374  grad=0.69/0.50  h=0.0 c=2.0  kl=0.0196  vl=0.1571
Step: 5894144 SPS: 3561  ev=0.640  ent=0.384  grad=1.34/0.50  h=0.0 c=2.3  kl=0.0245  vl=0.1962
  vs Heur:   41W/58L/2D | score=-0.1±24.0 inv=2.9 played=18.6 lanes=5.0 ddraw=0.7 pts=-0
  vs Random: 107W/0L/0D | score=3.9±21.9 inv=2.6 played=18.8 lanes=5.0 ddraw=0.4 pts=4
  Self-play: 53W/48L/2D | score=5.9±20.1 inv=2.9 played=18.9 lanes=5.0 ddraw=0.3 pts=6
Step: 5898240 SPS: 3560  ev=0.645  ent=0.377  grad=0.76/0.50  h=0.1 c=2.0  kl=0.0274  vl=0.1668
Step: 5902336 SPS: 3560  ev=0.652  ent=0.386  grad=1.05/0.50  h=0.0 c=1.9  kl=0.0269  vl=0.1457
Step: 5906432 SPS: 3560  ev=0.603  ent=0.376  grad=0.54/0.50  h=0.0 c=2.2  kl=0.0320  vl=0.1282
Step: 5910528 SPS: 3560  ev=0.596  ent=0.401  grad=0.50/0.50  h=0.0 c=2.7  kl=0.0169  vl=0.1541
Step: 5914624 SPS: 3560  ev=0.596  ent=0.360  grad=0.83/0.50  h=0.0 c=2.4  kl=0.0312  vl=0.1497
Step: 5918720 SPS: 3560  ev=0.623  ent=0.372  grad=0.58/0.50  h=0.0 c=2.1  kl=0.0250  vl=0.1564
Step: 5922816 SPS: 3560  ev=0.594  ent=0.354  grad=0.32/0.32  h=0.0 c=3.1  kl=0.0184  vl=0.1493
Step: 5926912 SPS: 3560  ev=0.570  ent=0.370  grad=0.80/0.50  h=0.0 c=2.9  kl=0.0331  vl=0.1748
Step: 5931008 SPS: 3560  ev=0.573  ent=0.382  grad=0.56/0.50  h=0.0 c=3.1  kl=0.0190  vl=0.1721
Step: 5935104 SPS: 3560  ev=0.598  ent=0.375  grad=0.68/0.50  h=0.0 c=2.4  kl=0.0258  vl=0.1431
Step: 5939200 SPS: 3560  ev=0.640  ent=0.388  grad=0.40/0.40  h=0.0 c=2.2  kl=0.0239  vl=0.1647
Step: 5943296 SPS: 3561  ev=0.620  ent=0.384  grad=0.72/0.50  h=0.0 c=3.1  kl=0.0221  vl=0.1602
Step: 5947392 SPS: 3561  ev=0.621  ent=0.372  grad=0.61/0.50  h=0.0 c=2.7  kl=0.0390  vl=0.1370
Step: 5951488 SPS: 3561  ev=0.605  ent=0.386  grad=0.94/0.50  h=0.0 c=2.7  kl=0.0317  vl=0.1548
Step: 5955584 SPS: 3561  ev=0.621  ent=0.348  grad=2.84/0.50  h=0.0 c=2.7  kl=0.0214  vl=0.1424
Step: 5959680 SPS: 3561  ev=0.597  ent=0.387  grad=0.81/0.50  h=0.0 c=3.3  kl=0.0250  vl=0.1448
Step: 5963776 SPS: 3560  ev=0.603  ent=0.379  grad=0.67/0.50  h=0.0 c=3.4  kl=0.0343  vl=0.1658
Step: 5967872 SPS: 3560  ev=0.597  ent=0.374  grad=0.55/0.50  h=0.0 c=3.8  kl=0.0397  vl=0.1283
Step: 5971968 SPS: 3560  ev=0.608  ent=0.374  grad=0.44/0.44  h=0.0 c=3.5  kl=0.0242  vl=0.1580
Step: 5976064 SPS: 3560  ev=0.624  ent=0.356  grad=0.89/0.50  h=0.1 c=3.4  kl=0.0260  vl=0.0934
  vs Heur:   40W/59L/1D | score=3.8±21.8 inv=2.8 played=18.7 lanes=5.0 ddraw=0.5 pts=4
  vs Random: 97W/3L/0D | score=7.6±21.2 inv=2.9 played=19.6 lanes=5.0 ddraw=0.4 pts=8
  Self-play: 58W/48L/0D | score=8.8±23.2 inv=2.8 played=18.7 lanes=5.0 ddraw=0.4 pts=9
Step: 5980160 SPS: 3560  ev=0.593  ent=0.377  grad=0.48/0.48  h=0.0 c=3.7  kl=0.0206  vl=0.1697
Step: 5984256 SPS: 3560  ev=0.625  ent=0.353  grad=0.43/0.43  h=0.0 c=3.3  kl=0.0180  vl=0.1269
Step: 5988352 SPS: 3560  ev=0.567  ent=0.403  grad=0.58/0.50  h=0.0 c=3.5  kl=0.0287  vl=0.1387
Step: 5992448 SPS: 3560  ev=0.550  ent=0.379  grad=0.35/0.35  h=0.1 c=3.4  kl=0.0346  vl=0.1646
Step: 5996544 SPS: 3560  ev=0.612  ent=0.372  grad=0.87/0.50  h=0.0 c=3.4  kl=0.0230  vl=0.1529
Step: 6000640 SPS: 3560  ev=0.639  ent=0.367  grad=1.09/0.50  h=0.0 c=3.6  kl=0.0193  vl=0.1665
Step: 6004736 SPS: 3561  ev=0.596  ent=0.384  grad=0.57/0.50  h=0.1 c=3.9  kl=0.0271  vl=0.1766
Step: 6008832 SPS: 3561  ev=0.644  ent=0.364  grad=1.24/0.50  h=0.1 c=3.4  kl=0.0278  vl=0.1646
Step: 6012928 SPS: 3561  ev=0.595  ent=0.368  grad=0.61/0.50  h=0.0 c=3.4  kl=0.0184  vl=0.1893
Step: 6017024 SPS: 3561  ev=0.614  ent=0.374  grad=0.56/0.50  h=0.0 c=3.2  kl=0.0139  vl=0.1838
Step: 6021120 SPS: 3561  ev=0.654  ent=0.370  grad=0.79/0.50  h=0.1 c=3.8  kl=0.0213  vl=0.1701
Step: 6025216 SPS: 3561  ev=0.647  ent=0.344  grad=0.65/0.50  h=0.0 c=3.8  kl=0.0221  vl=0.1460
Step: 6029312 SPS: 3561  ev=0.612  ent=0.368  grad=0.98/0.50  h=0.0 c=3.9  kl=0.0253  vl=0.1749
Step: 6033408 SPS: 3562  ev=0.620  ent=0.332  grad=1.23/0.50  h=0.0 c=3.2  kl=0.0535  vl=0.2278
Step: 6037504 SPS: 3562  ev=0.624  ent=0.384  grad=0.44/0.44  h=0.0 c=3.3  kl=0.0191  vl=0.1929
Step: 6041600 SPS: 3562  ev=0.679  ent=0.374  grad=0.91/0.50  h=0.0 c=3.4  kl=0.0274  vl=0.1514
Step: 6045696 SPS: 3562  ev=0.625  ent=0.412  grad=0.70/0.50  h=0.0 c=3.8  kl=0.0381  vl=0.1484
Step: 6049792 SPS: 3562  ev=0.655  ent=0.378  grad=1.00/0.50  h=0.0 c=4.1  kl=0.0209  vl=0.1882
Step: 6053888 SPS: 3562  ev=0.615  ent=0.382  grad=1.85/0.50  h=0.0 c=3.6  kl=0.0333  vl=0.1467
Step: 6057984 SPS: 3562  ev=0.647  ent=0.354  grad=0.97/0.50  h=0.0 c=2.9  kl=0.0194  vl=0.1598
  vs Heur:   39W/62L/0D | score=5.0±26.4 inv=3.2 played=19.0 lanes=5.0 ddraw=1.0 pts=5
  vs Random: 97W/3L/0D | score=10.3±26.5 inv=3.2 played=19.9 lanes=5.0 ddraw=0.4 pts=10
  Self-play: 59W/43L/0D | score=8.7±25.2 inv=3.2 played=19.5 lanes=5.0 ddraw=0.4 pts=9
Step: 6062080 SPS: 3562  ev=0.624  ent=0.375  grad=0.85/0.50  h=0.0 c=3.7  kl=0.0364  vl=0.1606
Step: 6066176 SPS: 3561  ev=0.623  ent=0.366  grad=1.58/0.50  h=0.0 c=3.4  kl=0.0211  vl=0.1705
Step: 6070272 SPS: 3561  ev=0.628  ent=0.364  grad=0.57/0.50  h=0.0 c=2.9  kl=0.0218  vl=0.1151
Step: 6074368 SPS: 3561  ev=0.641  ent=0.365  grad=0.95/0.50  h=0.0 c=3.1  kl=0.0267  vl=0.1709
Step: 6078464 SPS: 3562  ev=0.634  ent=0.366  grad=0.41/0.41  h=0.0 c=3.2  kl=0.0202  vl=0.2247
Step: 6082560 SPS: 3562  ev=0.595  ent=0.397  grad=1.02/0.50  h=0.1 c=3.8  kl=0.0229  vl=0.1701
Step: 6086656 SPS: 3562  ev=0.591  ent=0.364  grad=1.38/0.50  h=0.0 c=3.4  kl=0.0260  vl=0.1644
Step: 6090752 SPS: 3562  ev=0.654  ent=0.371  grad=0.80/0.50  h=0.1 c=3.2  kl=0.0253  vl=0.1276
Step: 6094848 SPS: 3562  ev=0.641  ent=0.355  grad=0.73/0.50  h=0.0 c=2.6  kl=0.0190  vl=0.1450
Step: 6098944 SPS: 3562  ev=0.637  ent=0.367  grad=0.53/0.50  h=0.0 c=3.3  kl=0.0281  vl=0.1633
Step: 6103040 SPS: 3562  ev=0.621  ent=0.418  grad=0.56/0.50  h=0.1 c=2.7  kl=0.0385  vl=0.1315
Step: 6107136 SPS: 3562  ev=0.649  ent=0.382  grad=1.38/0.50  h=0.0 c=2.9  kl=0.0461  vl=0.1301
Step: 6111232 SPS: 3563  ev=0.627  ent=0.379  grad=0.59/0.50  h=0.1 c=2.3  kl=0.0283  vl=0.1312
Step: 6115328 SPS: 3563  ev=0.599  ent=0.380  grad=0.64/0.50  h=0.0 c=3.3  kl=0.0171  vl=0.2157
Step: 6119424 SPS: 3563  ev=0.515  ent=0.401  grad=0.38/0.38  h=0.1 c=3.2  kl=0.0237  vl=0.2154
Step: 6123520 SPS: 3563  ev=0.617  ent=0.383  grad=0.73/0.50  h=0.1 c=3.2  kl=0.0398  vl=0.1436
Step: 6127616 SPS: 3563  ev=0.581  ent=0.343  grad=0.43/0.43  h=0.0 c=4.1  kl=0.0232  vl=0.1513
Step: 6131712 SPS: 3563  ev=0.634  ent=0.376  grad=1.02/0.50  h=0.0 c=2.9  kl=0.0210  vl=0.1359
Step: 6135808 SPS: 3563  ev=0.648  ent=0.341  grad=0.42/0.42  h=0.1 c=3.7  kl=0.0471  vl=0.1665
Step: 6139904 SPS: 3563  ev=0.628  ent=0.359  grad=0.91/0.50  h=0.0 c=3.2  kl=0.0281  vl=0.2351
  vs Heur:   42W/60L/1D | score=7.0±28.4 inv=2.7 played=18.7 lanes=5.0 ddraw=1.1 pts=7
  vs Random: 111W/0L/0D | score=13.4±23.4 inv=2.9 played=19.8 lanes=5.0 ddraw=0.4 pts=13
  Self-play: 55W/47L/0D | score=8.1±23.1 inv=2.7 played=18.9 lanes=5.0 ddraw=0.4 pts=8
Step: 6144000 SPS: 3563  ev=0.660  ent=0.358  grad=0.82/0.50  h=0.1 c=3.1  kl=0.0225  vl=0.1807
Step: 6148096 SPS: 3563  ev=0.600  ent=0.363  grad=1.00/0.50  h=0.1 c=2.9  kl=0.0153  vl=0.1752
Step: 6152192 SPS: 3563  ev=0.626  ent=0.379  grad=0.40/0.40  h=0.0 c=4.1  kl=0.0295  vl=0.1794
Step: 6156288 SPS: 3563  ev=0.642  ent=0.322  grad=0.47/0.47  h=0.0 c=3.1  kl=0.0255  vl=0.1434
Step: 6160384 SPS: 3563  ev=0.633  ent=0.342  grad=0.66/0.50  h=0.0 c=3.5  kl=0.0278  vl=0.1781
Step: 6164480 SPS: 3563  ev=0.592  ent=0.376  grad=1.21/0.50  h=0.0 c=3.8  kl=0.0392  vl=0.1933
Step: 6168576 SPS: 3563  ev=0.628  ent=0.379  grad=0.39/0.39  h=0.1 c=3.1  kl=0.0280  vl=0.1178
Step: 6172672 SPS: 3563  ev=0.656  ent=0.344  grad=0.38/0.38  h=0.1 c=3.8  kl=0.0323  vl=0.1566
Step: 6176768 SPS: 3563  ev=0.632  ent=0.364  grad=0.42/0.42  h=0.0 c=4.0  kl=0.0277  vl=0.1545
Step: 6180864 SPS: 3563  ev=0.619  ent=0.379  grad=0.51/0.50  h=0.1 c=3.8  kl=0.0339  vl=0.1722
Step: 6184960 SPS: 3563  ev=0.613  ent=0.362  grad=1.37/0.50  h=0.1 c=3.8  kl=0.0194  vl=0.2022
Step: 6189056 SPS: 3563  ev=0.667  ent=0.384  grad=0.53/0.50  h=0.1 c=4.2  kl=0.0292  vl=0.1527
Step: 6193152 SPS: 3564  ev=0.599  ent=0.371  grad=0.38/0.38  h=0.0 c=4.4  kl=0.0224  vl=0.1930
Step: 6197248 SPS: 3564  ev=0.586  ent=0.349  grad=0.44/0.44  h=0.1 c=4.7  kl=0.0322  vl=0.1653
Step: 6201344 SPS: 3564  ev=0.663  ent=0.335  grad=2.68/0.50  h=0.1 c=4.8  kl=0.0258  vl=0.2330
Step: 6205440 SPS: 3564  ev=0.630  ent=0.357  grad=0.57/0.50  h=0.0 c=5.4  kl=0.0324  vl=0.1827
Step: 6209536 SPS: 3564  ev=0.681  ent=0.375  grad=0.95/0.50  h=0.1 c=4.2  kl=0.0258  vl=0.1946
Step: 6213632 SPS: 3564  ev=0.613  ent=0.343  grad=0.55/0.50  h=0.0 c=4.8  kl=0.0327  vl=0.1948
Step: 6217728 SPS: 3564  ev=0.619  ent=0.375  grad=0.71/0.50  h=0.0 c=5.0  kl=0.0327  vl=0.1628
Step: 6221824 SPS: 3564  ev=0.626  ent=0.361  grad=0.67/0.50  h=0.0 c=4.2  kl=0.0289  vl=0.1507
  vs Heur:   50W/47L/4D | score=8.6±26.6 inv=3.1 played=19.2 lanes=5.0 ddraw=0.7 pts=9
  vs Random: 101W/1L/0D | score=10.1±22.5 inv=3.0 played=19.8 lanes=5.0 ddraw=0.3 pts=10
  Self-play: 53W/47L/2D | score=7.2±23.8 inv=3.1 played=19.1 lanes=5.0 ddraw=0.3 pts=7
Step: 6225920 SPS: 3564  ev=0.700  ent=0.357  grad=0.57/0.50  h=0.1 c=4.1  kl=0.0133  vl=0.1245
Step: 6230016 SPS: 3564  ev=0.655  ent=0.366  grad=0.47/0.47  h=0.0 c=4.7  kl=0.0225  vl=0.2082
Step: 6234112 SPS: 3564  ev=0.658  ent=0.375  grad=0.47/0.47  h=0.1 c=3.5  kl=0.0229  vl=0.1893
Step: 6238208 SPS: 3564  ev=0.665  ent=0.346  grad=1.18/0.50  h=0.1 c=3.7  kl=0.0199  vl=0.2619
Step: 6242304 SPS: 3565  ev=0.596  ent=0.360  grad=1.68/0.50  h=0.1 c=3.6  kl=0.0234  vl=0.1655
Step: 6246400 SPS: 3565  ev=0.607  ent=0.373  grad=0.42/0.42  h=0.1 c=3.6  kl=0.0151  vl=0.1762
Step: 6250496 SPS: 3565  ev=0.648  ent=0.380  grad=0.47/0.47  h=0.1 c=3.4  kl=0.0244  vl=0.2075
Step: 6254592 SPS: 3565  ev=0.645  ent=0.377  grad=0.71/0.50  h=0.1 c=3.6  kl=0.0300  vl=0.1950
Step: 6258688 SPS: 3565  ev=0.656  ent=0.353  grad=0.51/0.50  h=0.1 c=3.8  kl=0.0248  vl=0.1387
Step: 6262784 SPS: 3565  ev=0.578  ent=0.366  grad=0.42/0.42  h=0.1 c=4.3  kl=0.0119  vl=0.1341
Step: 6266880 SPS: 3565  ev=0.656  ent=0.356  grad=0.48/0.48  h=0.0 c=3.7  kl=0.0259  vl=0.1567
Step: 6270976 SPS: 3566  ev=0.643  ent=0.343  grad=0.44/0.44  h=0.0 c=2.9  kl=0.0234  vl=0.2459
Step: 6275072 SPS: 3566  ev=0.607  ent=0.376  grad=0.48/0.48  h=0.0 c=2.7  kl=0.0461  vl=0.1917
Step: 6279168 SPS: 3566  ev=0.596  ent=0.370  grad=0.42/0.42  h=0.0 c=3.5  kl=0.0156  vl=0.1806
Step: 6283264 SPS: 3566  ev=0.657  ent=0.385  grad=0.56/0.50  h=0.1 c=3.8  kl=0.0307  vl=0.1577
Step: 6287360 SPS: 3566  ev=0.619  ent=0.357  grad=0.77/0.50  h=0.0 c=4.7  kl=0.0439  vl=0.1321
Step: 6291456 SPS: 3566  ev=0.661  ent=0.362  grad=0.54/0.50  h=0.0 c=3.6  kl=0.0166  vl=0.1731
Step: 6295552 SPS: 3566  ev=0.633  ent=0.397  grad=0.54/0.50  h=0.0 c=3.9  kl=0.0323  vl=0.2098
Step: 6299648 SPS: 3566  ev=0.601  ent=0.378  grad=nan/nan  h=0.0 c=4.3  kl=0.0288  vl=0.1906
/pytorch/aten/src/ATen/native/cuda/TensorCompare.cu:109: _assert_async_cuda_kernel: block: [0,0,0], thread: [0,0,0] Assertion `probability tensor contains either `inf`, `nan` or element < 0` failed.
Traceback (most recent call last):
  File "/home/zzhang18/programs/anaconda3/envs/minecraft/lib/python3.10/runpy.py", line 196, in _run_module_as_main
    return _run_code(code, main_globals, None,
  File "/home/zzhang18/programs/anaconda3/envs/minecraft/lib/python3.10/runpy.py", line 86, in _run_code
    exec(code, run_globals)
  File "/home/zzhang18/nchen3/eco/game/lc/train.py", line 300, in <module>
    main()
  File "/home/zzhang18/nchen3/eco/game/lc/train.py", line 296, in main
    trainer.train()
  File "/home/zzhang18/nchen3/eco/abstract/ppo_lstm.py", line 495, in train
    action, logprob, _, value, next_lstm_state = compiled_agent.get_action_and_value(
  File "/home/zzhang18/nchen3/eco/game/lc/agent.py", line 236, in get_action_and_value
    if illegal.any():
torch.AcceleratorError: CUDA error: device-side assert triggered
Search for `cudaErrorAssert' in https://docs.nvidia.com/cuda/cuda-runtime-api/group__CUDART__TYPES.html for more information.
CUDA kernel errors might be asynchronously reported at some other API call, so the stacktrace below might be incorrect.
For debugging consider passing CUDA_LAUNCH_BLOCKING=1
Compile with `TORCH_USE_CUDA_DSA` to enable device-side assertions.

Traceback (most recent call last):
  File "/home/zzhang18/programs/anaconda3/envs/minecraft/lib/python3.10/runpy.py", line 196, in _run_module_as_main
    return _run_code(code, main_globals, None,
  File "/home/zzhang18/programs/anaconda3/envs/minecraft/lib/python3.10/runpy.py", line 86, in _run_code
    exec(code, run_globals)
  File "/home/zzhang18/nchen3/eco/game/lc/train.py", line 300, in <module>
    main()
  File "/home/zzhang18/nchen3/eco/game/lc/train.py", line 296, in main
    trainer.train()
  File "/home/zzhang18/nchen3/eco/abstract/ppo_lstm.py", line 495, in train
    action, logprob, _, value, next_lstm_state = compiled_agent.get_action_and_value(
  File "/home/zzhang18/nchen3/eco/game/lc/agent.py", line 236, in get_action_and_value
    if illegal.any():
torch.AcceleratorError: CUDA error: device-side assert triggered
Search for `cudaErrorAssert' in https://docs.nvidia.com/cuda/cuda-runtime-api/group__CUDART__TYPES.html for more information.
CUDA kernel errors might be asynchronously reported at some other API call, so the stacktrace below might be incorrect.
For debugging consider passing CUDA_LAUNCH_BLOCKING=1
Compile with `TORCH_USE_CUDA_DSA` to enable device-side assertions.

[1;34mwandb[0m: 
[1;34mwandb[0m: 🚀 View run [33mlc__lc_ppo_force_scratch_ent01__1__1781116343[0m at: [34mhttps://wandb.ai/ningcong-chen/ppo-eco/runs/eqnixgur[0m
[1;34mwandb[0m: Find logs at: [1;35mwandb/run-20260610_143223-eqnixgur/logs[0m
[force_scratch:ent01] done 2026-06-10 15:05:38 exit=0
