wandb: [wandb.login()] Loaded credentials for https://api.wandb.ai from /home/zzhang18/.netrc.
wandb: Currently logged in as: nchen3 (ningcong-chen) to https://api.wandb.ai. Use `wandb login --relogin` to force relogin
wandb: setting up run 9bfjefvc
wandb: Tracking run with wandb version 0.25.1
wandb: Run data is saved locally in /home/zzhang18/nchen3/eco/wandb/run-20260610_125831-9bfjefvc
wandb: Run `wandb offline` to turn off syncing.
wandb: Syncing run lc__lc_ppo_selfplay_scratch_ent01__1__1781110710
wandb: ⭐️ View project at https://wandb.ai/ningcong-chen/ppo-eco
wandb: 🚀 View run at https://wandb.ai/ningcong-chen/ppo-eco/runs/9bfjefvc
Agent params: 2,312,805
Frozen opponent (sync every 50 iters)
/home/zzhang18/nchen3/eco/game/lc/batch_stepper.py:144: NumbaTypeSafetyWarning: [1m[1m[1munsafe cast from uint64 to int64. Precision may be lost.[0m[0m[0m
  s = states[i]
Step: 4096 SPS: 274  ev=-0.216  ent=2.693  grad=0.49/0.49  h=0.1 c=1.5  kl=0.0138  vl=0.1599
Step: 8192 SPS: 517  ev=0.029  ent=2.516  grad=0.48/0.48  h=0.2 c=1.7  kl=0.0148  vl=0.0839
Step: 12288 SPS: 741  ev=0.123  ent=2.477  grad=0.75/0.50  h=0.1 c=1.4  kl=0.0092  vl=0.1626
Step: 16384 SPS: 935  ev=0.231  ent=2.583  grad=0.65/0.50  h=0.1 c=1.3  kl=0.0125  vl=0.1455
Step: 20480 SPS: 1112  ev=0.303  ent=2.479  grad=2.95/0.50  h=0.2 c=1.4  kl=0.0100  vl=0.2249
Step: 24576 SPS: 1279  ev=0.362  ent=2.390  grad=0.43/0.43  h=0.1 c=1.9  kl=0.0135  vl=0.0971
Step: 28672 SPS: 1413  ev=0.384  ent=2.440  grad=0.64/0.50  h=0.1 c=1.3  kl=0.0147  vl=0.1854
Step: 32768 SPS: 1541  ev=0.439  ent=2.460  grad=0.46/0.46  h=0.2 c=1.7  kl=0.0138  vl=0.0886
Step: 36864 SPS: 1651  ev=0.463  ent=2.314  grad=0.40/0.40  h=0.1 c=2.0  kl=0.0169  vl=0.0700
Step: 40960 SPS: 1756  ev=0.476  ent=2.355  grad=1.62/0.50  h=0.0 c=1.7  kl=0.0155  vl=0.1199
Step: 45056 SPS: 1862  ev=0.437  ent=2.427  grad=1.41/0.50  h=0.1 c=2.0  kl=0.0162  vl=0.1343
Step: 49152 SPS: 1951  ev=0.540  ent=2.271  grad=1.08/0.50  h=0.2 c=2.1  kl=0.0130  vl=0.0887
Step: 53248 SPS: 2034  ev=0.549  ent=2.248  grad=0.57/0.50  h=0.2 c=1.6  kl=0.0140  vl=0.1043
Step: 57344 SPS: 2119  ev=0.542  ent=2.325  grad=0.55/0.50  h=0.2 c=1.8  kl=0.0177  vl=0.0765
Step: 61440 SPS: 2196  ev=0.520  ent=2.229  grad=1.01/0.50  h=0.2 c=1.7  kl=0.0171  vl=0.1017
Step: 65536 SPS: 2273  ev=0.570  ent=2.160  grad=0.60/0.50  h=0.2 c=1.6  kl=0.0137  vl=0.0911
Step: 69632 SPS: 2336  ev=0.546  ent=2.247  grad=0.86/0.50  h=0.1 c=1.8  kl=0.0181  vl=0.0792
Step: 73728 SPS: 2414  ev=0.567  ent=2.219  grad=0.79/0.50  h=0.3 c=3.2  kl=0.0215  vl=0.1050
Step: 77824 SPS: 2482  ev=0.560  ent=2.119  grad=0.78/0.50  h=0.2 c=2.3  kl=0.0120  vl=0.0778
  vs Heur:   0W/102L/0D | score=-51.5±19.6 inv=0.5 played=8.2 lanes=4.9 ddraw=26.2 pts=-52
  vs Random: 69W/29L/2D | score=-18.4±15.9 inv=0.3 played=11.4 lanes=5.0 ddraw=56.5 pts=-18
  Self-play: 48W/48L/4D | score=-22.5±14.5 inv=0.3 played=11.0 lanes=5.0 ddraw=73.0 pts=-23
Step: 81920 SPS: 2538  ev=0.582  ent=2.152  grad=0.73/0.50  h=0.3 c=2.1  kl=0.0180  vl=0.1129
Step: 86016 SPS: 2580  ev=0.578  ent=2.146  grad=2.68/0.50  h=0.3 c=2.5  kl=0.0168  vl=0.1450
Step: 90112 SPS: 2625  ev=0.557  ent=2.069  grad=2.36/0.50  h=0.3 c=2.0  kl=0.0134  vl=0.1266
Step: 94208 SPS: 2667  ev=0.529  ent=2.037  grad=1.17/0.50  h=0.2 c=2.3  kl=0.0136  vl=0.0937
Step: 98304 SPS: 2708  ev=0.567  ent=2.118  grad=1.41/0.50  h=0.3 c=2.9  kl=0.0208  vl=0.0935
Step: 102400 SPS: 2744  ev=0.575  ent=2.034  grad=1.03/0.50  h=0.2 c=2.7  kl=0.0233  vl=0.1079
Step: 106496 SPS: 2781  ev=0.598  ent=1.980  grad=1.14/0.50  h=0.1 c=2.2  kl=0.0217  vl=0.1327
Step: 110592 SPS: 2816  ev=0.604  ent=2.051  grad=2.65/0.50  h=0.1 c=2.3  kl=0.0249  vl=0.1238
Step: 114688 SPS: 2850  ev=0.570  ent=2.020  grad=0.48/0.48  h=0.2 c=2.7  kl=0.0222  vl=0.1210
Step: 118784 SPS: 2879  ev=0.590  ent=1.973  grad=0.81/0.50  h=0.1 c=3.4  kl=0.0187  vl=0.1112
Step: 122880 SPS: 2912  ev=0.547  ent=2.047  grad=1.33/0.50  h=0.0 c=4.1  kl=0.0234  vl=0.1292
Step: 126976 SPS: 2940  ev=0.537  ent=2.022  grad=0.96/0.50  h=0.1 c=6.2  kl=0.0194  vl=0.1261
Step: 131072 SPS: 2967  ev=0.602  ent=1.917  grad=1.09/0.50  h=0.1 c=6.0  kl=0.0261  vl=0.1068
Step: 135168 SPS: 2989  ev=0.583  ent=1.952  grad=0.96/0.50  h=0.0 c=6.2  kl=0.0249  vl=0.1107
Step: 139264 SPS: 3020  ev=0.596  ent=2.031  grad=1.20/0.50  h=0.1 c=5.8  kl=0.0218  vl=0.1106
Step: 143360 SPS: 3047  ev=0.607  ent=1.929  grad=1.40/0.50  h=0.1 c=5.0  kl=0.0204  vl=0.1063
Step: 147456 SPS: 3079  ev=0.650  ent=1.900  grad=1.04/0.50  h=0.1 c=4.2  kl=0.0229  vl=0.1397
Step: 151552 SPS: 3111  ev=0.550  ent=1.973  grad=0.78/0.50  h=0.1 c=4.5  kl=0.0224  vl=0.1066
Step: 155648 SPS: 3135  ev=0.606  ent=1.900  grad=0.74/0.50  h=0.1 c=3.7  kl=0.0235  vl=0.0900
Step: 159744 SPS: 3152  ev=0.596  ent=1.830  grad=1.09/0.50  h=0.1 c=3.0  kl=0.0242  vl=0.1080
  vs Heur:   0W/100L/0D | score=-44.6±14.4 inv=0.2 played=8.1 lanes=4.8 ddraw=25.7 pts=-45
  vs Random: 79W/22L/0D | score=-15.9±13.4 inv=0.1 played=11.3 lanes=5.0 ddraw=55.4 pts=-16
  Self-play: 51W/46L/3D | score=-17.5±12.8 inv=0.1 played=11.4 lanes=5.0 ddraw=79.4 pts=-17
Step: 163840 SPS: 3165  ev=0.563  ent=1.944  grad=0.86/0.50  h=0.1 c=3.7  kl=0.0203  vl=0.0973
Step: 167936 SPS: 3184  ev=0.583  ent=1.883  grad=1.08/0.50  h=0.1 c=5.0  kl=0.0280  vl=0.1089
Step: 172032 SPS: 3198  ev=0.612  ent=1.815  grad=0.45/0.45  h=0.0 c=3.2  kl=0.0294  vl=0.0907
Step: 176128 SPS: 3223  ev=0.578  ent=1.890  grad=0.50/0.50  h=0.0 c=3.8  kl=0.0254  vl=0.1055
Step: 180224 SPS: 3238  ev=0.587  ent=1.945  grad=0.59/0.50  h=0.1 c=3.3  kl=0.0356  vl=0.1123
Step: 184320 SPS: 3255  ev=0.627  ent=1.801  grad=2.02/0.50  h=0.1 c=3.6  kl=0.0289  vl=0.1652
Step: 188416 SPS: 3268  ev=0.599  ent=1.829  grad=0.63/0.50  h=0.0 c=3.8  kl=0.0248  vl=0.1254
Step: 192512 SPS: 3284  ev=0.582  ent=1.864  grad=0.48/0.48  h=0.0 c=4.9  kl=0.0274  vl=0.0936
Step: 196608 SPS: 3298  ev=0.636  ent=1.799  grad=0.86/0.50  h=0.1 c=3.2  kl=0.0311  vl=0.1231
Step: 200704 SPS: 3308  ev=0.631  ent=1.766  grad=0.54/0.50  h=0.0 c=3.2  kl=0.0316  vl=0.0780
Step: 204800 SPS: 3322  ev=0.608  ent=1.844  grad=0.76/0.50  h=0.1 c=3.0  kl=0.0307  vl=0.0879
Step: 208896 SPS: 3333  ev=0.344  ent=1.803  grad=0.59/0.50  h=0.0 c=5.9  kl=0.0211  vl=0.1678
Step: 212992 SPS: 3341  ev=0.460  ent=1.757  grad=0.55/0.50  h=0.0 c=5.3  kl=0.0184  vl=0.0725
Step: 217088 SPS: 3362  ev=0.438  ent=1.812  grad=1.29/0.50  h=0.0 c=4.9  kl=0.0257  vl=0.0777
Step: 221184 SPS: 3383  ev=0.466  ent=1.780  grad=0.59/0.50  h=0.0 c=5.7  kl=0.0206  vl=0.0578
Step: 225280 SPS: 3396  ev=0.472  ent=1.698  grad=1.04/0.50  h=0.0 c=4.8  kl=0.0275  vl=0.0644
Step: 229376 SPS: 3401  ev=0.497  ent=1.736  grad=0.66/0.50  h=0.0 c=3.7  kl=0.0368  vl=0.0516
Step: 233472 SPS: 3409  ev=0.437  ent=1.744  grad=0.57/0.50  h=0.0 c=4.0  kl=0.0333  vl=0.0439
Step: 237568 SPS: 3417  ev=0.544  ent=1.688  grad=0.52/0.50  h=0.0 c=4.1  kl=0.0299  vl=0.0437
Step: 241664 SPS: 3430  ev=0.525  ent=1.699  grad=0.68/0.50  h=0.1 c=2.7  kl=0.0329  vl=0.0515
  vs Heur:   0W/101L/0D | score=-37.5±14.2 inv=0.1 played=9.1 lanes=4.9 ddraw=23.2 pts=-37
  vs Random: 89W/11L/0D | score=-8.3±13.9 inv=0.0 played=12.1 lanes=5.0 ddraw=59.0 pts=-8
  Self-play: 45W/54L/1D | score=-15.6±14.6 inv=0.1 played=11.5 lanes=5.0 ddraw=79.1 pts=-16
Step: 245760 SPS: 3437  ev=0.505  ent=1.742  grad=0.44/0.44  h=0.1 c=3.0  kl=0.0384  vl=0.0530
Step: 249856 SPS: 3446  ev=0.524  ent=1.643  grad=0.66/0.50  h=0.0 c=2.6  kl=0.0412  vl=0.0683
Step: 253952 SPS: 3454  ev=0.555  ent=1.659  grad=0.63/0.50  h=0.0 c=2.7  kl=0.0342  vl=0.0556
Step: 258048 SPS: 3454  ev=0.555  ent=1.709  grad=0.95/0.50  h=0.2 c=3.2  kl=0.0305  vl=0.0697
Step: 262144 SPS: 3463  ev=0.596  ent=1.661  grad=0.79/0.50  h=0.1 c=3.3  kl=0.0310  vl=0.0552
Step: 266240 SPS: 3468  ev=0.594  ent=1.614  grad=0.67/0.50  h=0.1 c=3.0  kl=0.0361  vl=0.0576
Step: 270336 SPS: 3474  ev=0.556  ent=1.656  grad=0.93/0.50  h=0.1 c=3.6  kl=0.0342  vl=0.0655
Step: 274432 SPS: 3482  ev=0.584  ent=1.642  grad=0.70/0.50  h=0.2 c=5.6  kl=0.0381  vl=0.0669
Step: 278528 SPS: 3490  ev=0.565  ent=1.585  grad=0.51/0.50  h=0.2 c=4.7  kl=0.0362  vl=0.0493
Step: 282624 SPS: 3502  ev=0.553  ent=1.617  grad=1.32/0.50  h=0.1 c=4.6  kl=0.0266  vl=0.0572
Step: 286720 SPS: 3516  ev=0.541  ent=1.602  grad=0.61/0.50  h=0.2 c=4.3  kl=0.0467  vl=0.0549
Step: 290816 SPS: 3520  ev=0.599  ent=1.567  grad=0.66/0.50  h=0.2 c=4.4  kl=0.0332  vl=0.0451
Step: 294912 SPS: 3524  ev=0.551  ent=1.577  grad=0.47/0.47  h=0.1 c=2.8  kl=0.0324  vl=0.0502
Step: 299008 SPS: 3531  ev=0.477  ent=1.590  grad=0.83/0.50  h=0.2 c=3.6  kl=0.0404  vl=0.0480
Step: 303104 SPS: 3536  ev=0.563  ent=1.567  grad=0.48/0.48  h=0.3 c=5.0  kl=0.0332  vl=0.0504
Step: 307200 SPS: 3537  ev=0.594  ent=1.516  grad=0.48/0.48  h=0.1 c=5.9  kl=0.0352  vl=0.0598
Step: 311296 SPS: 3538  ev=0.588  ent=1.549  grad=1.16/0.50  h=0.1 c=4.0  kl=0.0478  vl=0.0726
Step: 315392 SPS: 3541  ev=0.617  ent=1.543  grad=0.57/0.50  h=0.2 c=4.1  kl=0.0326  vl=0.0528
Step: 319488 SPS: 3546  ev=0.579  ent=1.521  grad=0.43/0.43  h=0.1 c=5.1  kl=0.0315  vl=0.0585
Step: 323584 SPS: 3549  ev=0.532  ent=1.556  grad=0.51/0.50  h=0.2 c=4.1  kl=0.0363  vl=0.0618
  vs Heur:   1W/100L/0D | score=-34.3±15.7 inv=0.1 played=9.5 lanes=4.9 ddraw=21.4 pts=-34
  vs Random: 94W/6L/0D | score=-0.5±13.5 inv=0.1 played=13.5 lanes=5.0 ddraw=54.9 pts=-1
  Self-play: 53W/45L/2D | score=-9.8±14.1 inv=0.1 played=12.5 lanes=5.0 ddraw=76.4 pts=-10
Step: 327680 SPS: 3554  ev=0.564  ent=1.521  grad=0.76/0.50  h=0.2 c=4.1  kl=0.0385  vl=0.0526
Step: 331776 SPS: 3558  ev=0.578  ent=1.499  grad=0.61/0.50  h=0.2 c=4.3  kl=0.0343  vl=0.0552
Step: 335872 SPS: 3561  ev=0.577  ent=1.516  grad=0.55/0.50  h=0.1 c=3.1  kl=0.0383  vl=0.0582
Step: 339968 SPS: 3565  ev=0.557  ent=1.512  grad=0.58/0.50  h=0.2 c=4.6  kl=0.0366  vl=0.0534
Step: 344064 SPS: 3568  ev=0.598  ent=1.485  grad=0.49/0.49  h=0.2 c=3.7  kl=0.0481  vl=0.0709
Step: 348160 SPS: 3575  ev=0.607  ent=1.453  grad=0.63/0.50  h=0.2 c=4.0  kl=0.0326  vl=0.0595
Step: 352256 SPS: 3587  ev=0.568  ent=1.525  grad=0.60/0.50  h=0.2 c=5.5  kl=0.0416  vl=0.0412
Step: 356352 SPS: 3588  ev=0.551  ent=1.411  grad=0.68/0.50  h=0.3 c=5.7  kl=0.0480  vl=0.0688
Step: 360448 SPS: 3591  ev=0.616  ent=1.451  grad=0.81/0.50  h=0.2 c=5.6  kl=0.0453  vl=0.0712
Step: 364544 SPS: 3591  ev=0.587  ent=1.435  grad=0.63/0.50  h=0.2 c=4.9  kl=0.0359  vl=0.0596
Step: 368640 SPS: 3594  ev=0.548  ent=1.434  grad=0.43/0.43  h=0.3 c=6.3  kl=0.0486  vl=0.0795
Step: 372736 SPS: 3598  ev=0.578  ent=1.383  grad=1.03/0.50  h=0.2 c=4.8  kl=0.0416  vl=0.0538
Step: 376832 SPS: 3600  ev=0.573  ent=1.402  grad=1.63/0.50  h=0.3 c=4.3  kl=0.0457  vl=0.0681
Step: 380928 SPS: 3604  ev=0.575  ent=1.421  grad=0.54/0.50  h=0.2 c=5.2  kl=0.0405  vl=0.0625
Step: 385024 SPS: 3610  ev=0.559  ent=1.390  grad=0.55/0.50  h=0.2 c=4.6  kl=0.0343  vl=0.0441
Step: 389120 SPS: 3617  ev=0.560  ent=1.383  grad=0.61/0.50  h=0.3 c=2.9  kl=0.0341  vl=0.0611
Step: 393216 SPS: 3619  ev=0.590  ent=1.404  grad=0.51/0.50  h=0.1 c=3.6  kl=0.0342  vl=0.0697
Step: 397312 SPS: 3621  ev=0.559  ent=1.386  grad=0.49/0.49  h=0.2 c=4.1  kl=0.0400  vl=0.0654
Step: 401408 SPS: 3624  ev=0.583  ent=1.361  grad=0.70/0.50  h=0.2 c=4.4  kl=0.0344  vl=0.0491
Step: 405504 SPS: 3627  ev=0.609  ent=1.397  grad=1.13/0.50  h=0.2 c=4.2  kl=0.0484  vl=0.0548
  vs Heur:   0W/100L/0D | score=-29.7±15.2 inv=0.1 played=10.5 lanes=4.9 ddraw=20.1 pts=-30
  vs Random: 100W/0L/0D | score=4.6±14.8 inv=0.0 played=14.5 lanes=5.0 ddraw=46.6 pts=5
  Self-play: 42W/56L/2D | score=-9.4±15.0 inv=0.0 played=13.0 lanes=5.0 ddraw=67.7 pts=-9
Step: 409600 SPS: 3628  ev=0.600  ent=1.368  grad=1.35/0.50  h=0.2 c=3.6  kl=0.0442  vl=0.0697
Step: 413696 SPS: 3632  ev=0.607  ent=1.476  grad=0.95/0.50  h=0.2 c=5.0  kl=0.0362  vl=0.0665
Step: 417792 SPS: 3637  ev=0.632  ent=1.477  grad=0.64/0.50  h=0.1 c=3.8  kl=0.0395  vl=0.0641
Step: 421888 SPS: 3645  ev=0.670  ent=1.469  grad=0.90/0.50  h=0.2 c=4.1  kl=0.0504  vl=0.0660
Step: 425984 SPS: 3648  ev=0.613  ent=1.425  grad=0.73/0.50  h=0.2 c=3.7  kl=0.0364  vl=0.0763
Step: 430080 SPS: 3650  ev=0.609  ent=1.448  grad=1.13/0.50  h=0.2 c=2.9  kl=0.0374  vl=0.0683
Step: 434176 SPS: 3653  ev=0.606  ent=1.473  grad=0.73/0.50  h=0.2 c=2.8  kl=0.0381  vl=0.0591
Step: 438272 SPS: 3657  ev=0.665  ent=1.460  grad=1.49/0.50  h=0.2 c=2.7  kl=0.0437  vl=0.0787
Step: 442368 SPS: 3661  ev=0.649  ent=1.487  grad=1.00/0.50  h=0.1 c=2.3  kl=0.0391  vl=0.0751
Step: 446464 SPS: 3662  ev=0.605  ent=1.408  grad=0.57/0.50  h=0.2 c=2.5  kl=0.0445  vl=0.0813
Step: 450560 SPS: 3662  ev=0.644  ent=1.412  grad=0.49/0.49  h=0.2 c=3.4  kl=0.0364  vl=0.0587
Step: 454656 SPS: 3664  ev=0.619  ent=1.397  grad=0.77/0.50  h=0.1 c=2.3  kl=0.0499  vl=0.0658
Step: 458752 SPS: 3667  ev=0.635  ent=1.407  grad=0.47/0.47  h=0.2 c=2.4  kl=0.0378  vl=0.0548
Step: 462848 SPS: 3668  ev=0.665  ent=1.393  grad=0.86/0.50  h=0.2 c=2.6  kl=0.0379  vl=0.0631
Step: 466944 SPS: 3669  ev=0.625  ent=1.394  grad=0.47/0.47  h=0.1 c=2.6  kl=0.0443  vl=0.0853
Step: 471040 SPS: 3670  ev=0.609  ent=1.401  grad=1.17/0.50  h=0.2 c=2.5  kl=0.0420  vl=0.0719
Step: 475136 SPS: 3671  ev=0.559  ent=1.392  grad=1.54/0.50  h=0.1 c=3.2  kl=0.0362  vl=0.0774
Step: 479232 SPS: 3672  ev=0.675  ent=1.325  grad=0.62/0.50  h=0.1 c=3.1  kl=0.0464  vl=0.0637
Step: 483328 SPS: 3674  ev=0.630  ent=1.378  grad=0.60/0.50  h=0.2 c=2.6  kl=0.0505  vl=0.0702
Step: 487424 SPS: 3677  ev=0.622  ent=1.408  grad=0.55/0.50  h=0.1 c=2.4  kl=0.0400  vl=0.0530
  vs Heur:   5W/95L/0D | score=-25.6±16.9 inv=0.1 played=11.1 lanes=5.0 ddraw=17.9 pts=-26
  vs Random: 98W/2L/0D | score=8.4±14.2 inv=0.0 played=15.2 lanes=5.0 ddraw=43.9 pts=8
  Self-play: 60W/39L/1D | score=-4.1±17.0 inv=0.1 played=13.8 lanes=5.0 ddraw=62.9 pts=-4
Step: 491520 SPS: 3679  ev=0.604  ent=1.371  grad=0.61/0.50  h=0.1 c=2.2  kl=0.0368  vl=0.0526
Step: 495616 SPS: 3679  ev=0.649  ent=1.334  grad=0.73/0.50  h=0.1 c=2.2  kl=0.0435  vl=0.0777
Step: 499712 SPS: 3678  ev=0.615  ent=1.402  grad=0.85/0.50  h=0.1 c=2.2  kl=0.0445  vl=0.0814
Step: 503808 SPS: 3677  ev=0.635  ent=1.332  grad=0.62/0.50  h=0.1 c=2.6  kl=0.0446  vl=0.0661
Step: 507904 SPS: 3680  ev=0.641  ent=1.315  grad=0.57/0.50  h=0.1 c=2.3  kl=0.0373  vl=0.0847
Step: 512000 SPS: 3678  ev=0.617  ent=1.353  grad=0.92/0.50  h=0.1 c=2.2  kl=0.0391  vl=0.0564
Step: 516096 SPS: 3678  ev=0.620  ent=1.340  grad=0.87/0.50  h=0.1 c=3.1  kl=0.0414  vl=0.0682
Step: 520192 SPS: 3677  ev=0.643  ent=1.337  grad=1.08/0.50  h=0.1 c=3.0  kl=0.0374  vl=0.0669
Step: 524288 SPS: 3679  ev=0.622  ent=1.294  grad=0.51/0.50  h=0.2 c=2.7  kl=0.0381  vl=0.0795
Step: 528384 SPS: 3681  ev=0.618  ent=1.326  grad=0.90/0.50  h=0.1 c=3.0  kl=0.0452  vl=0.0762
Step: 532480 SPS: 3684  ev=0.614  ent=1.337  grad=1.07/0.50  h=0.1 c=3.6  kl=0.0351  vl=0.0806
Step: 536576 SPS: 3684  ev=0.621  ent=1.313  grad=0.81/0.50  h=0.1 c=2.7  kl=0.0426  vl=0.0814
Step: 540672 SPS: 3684  ev=0.653  ent=1.303  grad=0.82/0.50  h=0.1 c=2.8  kl=0.0509  vl=0.0791
Step: 544768 SPS: 3683  ev=0.614  ent=1.300  grad=1.08/0.50  h=0.1 c=2.1  kl=0.0453  vl=0.0549
Step: 548864 SPS: 3684  ev=0.633  ent=1.276  grad=0.73/0.50  h=0.1 c=2.5  kl=0.0390  vl=0.0641
Step: 552960 SPS: 3686  ev=0.623  ent=1.274  grad=0.88/0.50  h=0.0 c=3.4  kl=0.0452  vl=0.0746
Step: 557056 SPS: 3687  ev=0.655  ent=1.321  grad=1.09/0.50  h=0.1 c=4.1  kl=0.0319  vl=0.0781
Step: 561152 SPS: 3689  ev=0.647  ent=1.273  grad=0.78/0.50  h=0.0 c=3.8  kl=0.0380  vl=0.0748
Step: 565248 SPS: 3690  ev=0.664  ent=1.234  grad=0.71/0.50  h=0.1 c=4.9  kl=0.0420  vl=0.0954
Step: 569344 SPS: 3691  ev=0.617  ent=1.281  grad=0.67/0.50  h=0.0 c=4.0  kl=0.0375  vl=0.0647
  vs Heur:   7W/93L/1D | score=-18.3±16.1 inv=0.1 played=11.8 lanes=5.0 ddraw=14.3 pts=-18
  vs Random: 100W/0L/0D | score=11.0±13.2 inv=0.0 played=15.4 lanes=5.0 ddraw=36.0 pts=11
  Self-play: 42W/58L/0D | score=-6.9±16.2 inv=0.0 played=13.4 lanes=5.0 ddraw=45.6 pts=-7
Step: 573440 SPS: 3692  ev=0.646  ent=1.215  grad=0.51/0.50  h=0.1 c=4.8  kl=0.0346  vl=0.0704
Step: 577536 SPS: 3693  ev=0.622  ent=1.208  grad=0.49/0.49  h=0.1 c=4.0  kl=0.0388  vl=0.0654
Step: 581632 SPS: 3695  ev=0.642  ent=1.262  grad=0.63/0.50  h=0.2 c=4.1  kl=0.0395  vl=0.0572
Step: 585728 SPS: 3697  ev=0.649  ent=1.269  grad=0.69/0.50  h=0.2 c=4.1  kl=0.0452  vl=0.0668
Step: 589824 SPS: 3697  ev=0.630  ent=1.171  grad=0.53/0.50  h=0.1 c=3.0  kl=0.0340  vl=0.0731
Step: 593920 SPS: 3700  ev=0.646  ent=1.211  grad=0.59/0.50  h=0.0 c=4.6  kl=0.0422  vl=0.0783
Step: 598016 SPS: 3701  ev=0.650  ent=1.231  grad=0.95/0.50  h=0.1 c=5.5  kl=0.0364  vl=0.0718
Step: 602112 SPS: 3703  ev=0.643  ent=1.242  grad=0.49/0.49  h=0.0 c=5.6  kl=0.0426  vl=0.0537
Step: 606208 SPS: 3705  ev=0.632  ent=1.216  grad=0.81/0.50  h=0.1 c=3.8  kl=0.0404  vl=0.0728
Step: 610304 SPS: 3707  ev=0.594  ent=1.241  grad=0.49/0.49  h=0.1 c=5.0  kl=0.0516  vl=0.0830
Step: 614400 SPS: 3709  ev=0.644  ent=1.240  grad=0.69/0.50  h=0.1 c=6.9  kl=0.0361  vl=0.0510
Step: 618496 SPS: 3710  ev=0.620  ent=1.251  grad=0.61/0.50  h=0.0 c=7.9  kl=0.0404  vl=0.0888
Step: 622592 SPS: 3710  ev=0.626  ent=1.265  grad=0.74/0.50  h=0.1 c=7.6  kl=0.0493  vl=0.1049
Step: 626688 SPS: 3711  ev=0.666  ent=1.292  grad=0.56/0.50  h=0.1 c=8.8  kl=0.0405  vl=0.0564
Step: 630784 SPS: 3711  ev=0.657  ent=1.277  grad=0.57/0.50  h=0.1 c=6.3  kl=0.0444  vl=0.0725
Step: 634880 SPS: 3712  ev=0.630  ent=1.278  grad=0.78/0.50  h=0.1 c=6.4  kl=0.0487  vl=0.0737
Step: 638976 SPS: 3713  ev=0.629  ent=1.294  grad=0.62/0.50  h=0.1 c=5.6  kl=0.0399  vl=0.0741
Step: 643072 SPS: 3716  ev=0.653  ent=1.274  grad=0.53/0.50  h=0.1 c=6.7  kl=0.0403  vl=0.0725
Step: 647168 SPS: 3717  ev=0.565  ent=1.268  grad=0.53/0.50  h=0.1 c=5.9  kl=0.0569  vl=0.0891
Step: 651264 SPS: 3721  ev=0.589  ent=1.278  grad=0.52/0.50  h=0.1 c=4.4  kl=0.0519  vl=0.0958
  vs Heur:   5W/96L/0D | score=-17.7±13.3 inv=0.0 played=11.7 lanes=4.9 ddraw=13.4 pts=-18
  vs Random: 100W/1L/0D | score=12.5±14.4 inv=0.0 played=15.7 lanes=5.0 ddraw=26.1 pts=12
  Self-play: 45W/53L/2D | score=-4.2±16.8 inv=0.0 played=13.9 lanes=5.0 ddraw=31.5 pts=-4
Step: 655360 SPS: 3726  ev=0.652  ent=1.269  grad=0.64/0.50  h=0.0 c=3.7  kl=0.0345  vl=0.0685
Step: 659456 SPS: 3725  ev=0.642  ent=1.238  grad=0.44/0.44  h=0.1 c=3.7  kl=0.0435  vl=0.0639
Step: 663552 SPS: 3727  ev=0.683  ent=1.189  grad=0.53/0.50  h=0.1 c=4.8  kl=0.0500  vl=0.0739
Step: 667648 SPS: 3729  ev=0.678  ent=1.241  grad=1.53/0.50  h=0.0 c=3.5  kl=0.0298  vl=0.0765
Step: 671744 SPS: 3730  ev=0.619  ent=1.241  grad=0.91/0.50  h=0.0 c=4.1  kl=0.0413  vl=0.0748
Step: 675840 SPS: 3731  ev=0.600  ent=1.243  grad=0.51/0.50  h=0.1 c=3.6  kl=0.0400  vl=0.0657
Step: 679936 SPS: 3733  ev=0.651  ent=1.189  grad=1.08/0.50  h=0.0 c=3.8  kl=0.0389  vl=0.0773
Step: 684032 SPS: 3734  ev=0.659  ent=1.229  grad=0.78/0.50  h=0.1 c=3.4  kl=0.0623  vl=0.0896
Step: 688128 SPS: 3736  ev=0.672  ent=1.202  grad=0.67/0.50  h=0.0 c=3.6  kl=0.0410  vl=0.0906
Step: 692224 SPS: 3738  ev=0.639  ent=1.270  grad=0.69/0.50  h=0.1 c=3.5  kl=0.0438  vl=0.0856
Step: 696320 SPS: 3738  ev=0.612  ent=1.228  grad=0.50/0.50  h=0.0 c=2.9  kl=0.0508  vl=0.0957
Step: 700416 SPS: 3740  ev=0.605  ent=1.245  grad=0.90/0.50  h=0.1 c=2.3  kl=0.0368  vl=0.0683
Step: 704512 SPS: 3742  ev=0.627  ent=1.291  grad=1.04/0.50  h=0.1 c=2.3  kl=0.0577  vl=0.0849
Step: 708608 SPS: 3742  ev=0.634  ent=1.236  grad=0.54/0.50  h=0.1 c=2.5  kl=0.0445  vl=0.0545
Step: 712704 SPS: 3743  ev=0.630  ent=1.186  grad=0.54/0.50  h=0.0 c=2.6  kl=0.0368  vl=0.0670
Step: 716800 SPS: 3744  ev=0.641  ent=1.198  grad=0.82/0.50  h=0.1 c=3.0  kl=0.0448  vl=0.0680
Step: 720896 SPS: 3745  ev=0.626  ent=1.214  grad=0.48/0.48  h=0.1 c=3.9  kl=0.0455  vl=0.0822
Step: 724992 SPS: 3746  ev=0.585  ent=1.182  grad=1.15/0.50  h=0.1 c=2.8  kl=0.0436  vl=0.0648
Step: 729088 SPS: 3749  ev=0.647  ent=1.238  grad=0.60/0.50  h=0.1 c=2.8  kl=0.0383  vl=0.0678
Step: 733184 SPS: 3753  ev=0.643  ent=1.174  grad=1.04/0.50  h=0.1 c=4.3  kl=0.0455  vl=0.0726
  vs Heur:   15W/85L/1D | score=-11.1±15.8 inv=0.0 played=13.2 lanes=5.0 ddraw=9.1 pts=-11
  vs Random: 102W/0L/0D | score=16.3±12.1 inv=0.0 played=16.4 lanes=5.0 ddraw=20.4 pts=16
  Self-play: 50W/49L/2D | score=-2.3±16.2 inv=0.0 played=14.6 lanes=5.0 ddraw=15.8 pts=-2
Step: 737280 SPS: 3754  ev=0.648  ent=1.209  grad=0.62/0.50  h=0.0 c=2.9  kl=0.0442  vl=0.0626
Step: 741376 SPS: 3754  ev=0.620  ent=1.178  grad=0.85/0.50  h=0.2 c=3.0  kl=0.0414  vl=0.0696
Step: 745472 SPS: 3754  ev=0.633  ent=1.180  grad=1.04/0.50  h=0.0 c=3.2  kl=0.0531  vl=0.0666
Step: 749568 SPS: 3754  ev=0.656  ent=1.185  grad=0.73/0.50  h=0.1 c=2.7  kl=0.0368  vl=0.0535
Step: 753664 SPS: 3754  ev=0.640  ent=1.163  grad=0.59/0.50  h=0.0 c=2.9  kl=0.0555  vl=0.0802
Step: 757760 SPS: 3753  ev=0.624  ent=1.225  grad=1.08/0.50  h=0.1 c=2.4  kl=0.0468  vl=0.0846
Step: 761856 SPS: 3753  ev=0.639  ent=1.191  grad=0.72/0.50  h=0.1 c=3.1  kl=0.0392  vl=0.1077
Step: 765952 SPS: 3753  ev=0.646  ent=1.189  grad=0.59/0.50  h=0.1 c=2.7  kl=0.0351  vl=0.0655
Step: 770048 SPS: 3753  ev=0.633  ent=1.275  grad=0.70/0.50  h=0.0 c=2.3  kl=0.0529  vl=0.0514
Step: 774144 SPS: 3750  ev=0.599  ent=1.155  grad=1.11/0.50  h=0.1 c=2.9  kl=0.0402  vl=0.0641
Step: 778240 SPS: 3750  ev=0.670  ent=1.143  grad=1.61/0.50  h=0.1 c=3.1  kl=0.0327  vl=0.0855
Step: 782336 SPS: 3750  ev=0.629  ent=1.194  grad=0.78/0.50  h=0.1 c=3.0  kl=0.0328  vl=0.0633
Step: 786432 SPS: 3750  ev=0.652  ent=1.177  grad=0.49/0.49  h=0.1 c=2.7  kl=0.0390  vl=0.0720
Step: 790528 SPS: 3751  ev=0.607  ent=1.141  grad=0.52/0.50  h=0.1 c=1.9  kl=0.0394  vl=0.0803
Step: 794624 SPS: 3752  ev=0.588  ent=1.192  grad=0.71/0.50  h=0.1 c=2.0  kl=0.0443  vl=0.0569
Step: 798720 SPS: 3754  ev=0.635  ent=1.096  grad=0.51/0.50  h=0.1 c=2.2  kl=0.0375  vl=0.0671
Step: 802816 SPS: 3756  ev=0.611  ent=1.176  grad=0.62/0.50  h=0.1 c=2.6  kl=0.0427  vl=0.0698
Step: 806912 SPS: 3761  ev=0.604  ent=1.099  grad=0.48/0.48  h=0.1 c=2.5  kl=0.0539  vl=0.0626
Step: 811008 SPS: 3760  ev=0.587  ent=1.104  grad=0.66/0.50  h=0.1 c=2.4  kl=0.0409  vl=0.0715
Step: 815104 SPS: 3762  ev=0.578  ent=1.123  grad=1.03/0.50  h=0.1 c=2.2  kl=0.0833  vl=0.0693
  vs Heur:   11W/88L/1D | score=-8.7±14.6 inv=0.0 played=13.7 lanes=5.0 ddraw=7.0 pts=-9
  vs Random: 101W/0L/0D | score=20.1±16.4 inv=0.0 played=17.2 lanes=5.0 ddraw=16.3 pts=20
  Self-play: 49W/49L/2D | score=-0.2±16.5 inv=0.0 played=14.6 lanes=5.0 ddraw=10.1 pts=-0
Step: 819200 SPS: 3761  ev=0.649  ent=1.105  grad=0.56/0.50  h=0.1 c=2.9  kl=0.0458  vl=0.0735
Step: 823296 SPS: 3763  ev=0.607  ent=1.185  grad=0.51/0.50  h=0.1 c=3.1  kl=0.0450  vl=0.0675
Step: 827392 SPS: 3763  ev=0.588  ent=1.213  grad=0.69/0.50  h=0.1 c=2.6  kl=0.0515  vl=0.0677
Step: 831488 SPS: 3764  ev=0.572  ent=1.187  grad=0.66/0.50  h=0.1 c=2.9  kl=0.0384  vl=0.0680
Step: 835584 SPS: 3766  ev=0.521  ent=1.249  grad=0.74/0.50  h=0.0 c=2.5  kl=0.0520  vl=0.0689
Step: 839680 SPS: 3767  ev=0.599  ent=1.164  grad=0.58/0.50  h=0.0 c=3.0  kl=0.0378  vl=0.0449
Step: 843776 SPS: 3767  ev=0.601  ent=1.191  grad=0.58/0.50  h=0.0 c=2.7  kl=0.0465  vl=0.0719
Step: 847872 SPS: 3767  ev=0.601  ent=1.127  grad=0.86/0.50  h=0.1 c=3.4  kl=0.0498  vl=0.0790
Step: 851968 SPS: 3769  ev=0.611  ent=1.146  grad=0.71/0.50  h=0.1 c=3.0  kl=0.0483  vl=0.0725
Step: 856064 SPS: 3770  ev=0.572  ent=1.146  grad=0.74/0.50  h=0.2 c=3.1  kl=0.0353  vl=0.0562
Step: 860160 SPS: 3771  ev=0.597  ent=1.200  grad=0.79/0.50  h=0.2 c=2.7  kl=0.0487  vl=0.0652
Step: 864256 SPS: 3771  ev=0.609  ent=1.201  grad=0.66/0.50  h=0.1 c=2.6  kl=0.0452  vl=0.0593
Step: 868352 SPS: 3770  ev=0.597  ent=1.184  grad=0.81/0.50  h=0.1 c=2.7  kl=0.0419  vl=0.0531
Step: 872448 SPS: 3768  ev=0.606  ent=1.158  grad=0.98/0.50  h=0.2 c=2.9  kl=0.0405  vl=0.0680
Step: 876544 SPS: 3769  ev=0.655  ent=1.175  grad=0.95/0.50  h=0.1 c=3.0  kl=0.0436  vl=0.0658
Step: 880640 SPS: 3770  ev=0.631  ent=1.194  grad=0.84/0.50  h=0.2 c=2.9  kl=0.0442  vl=0.0637
Step: 884736 SPS: 3772  ev=0.599  ent=1.135  grad=0.64/0.50  h=0.1 c=2.7  kl=0.0544  vl=0.0745
Step: 888832 SPS: 3776  ev=0.540  ent=1.165  grad=1.11/0.50  h=0.1 c=2.6  kl=0.0405  vl=0.0860
Step: 892928 SPS: 3777  ev=0.612  ent=1.237  grad=0.66/0.50  h=0.1 c=3.3  kl=0.0371  vl=0.0827
Step: 897024 SPS: 3779  ev=0.599  ent=1.155  grad=0.50/0.50  h=0.1 c=2.8  kl=0.0440  vl=0.0533
  vs Heur:   21W/77L/2D | score=-4.5±14.3 inv=0.0 played=14.2 lanes=5.0 ddraw=5.9 pts=-5
  vs Random: 100W/0L/0D | score=21.2±15.6 inv=0.0 played=17.4 lanes=5.0 ddraw=12.8 pts=21
  Self-play: 57W/40L/3D | score=1.6±13.2 inv=0.0 played=15.2 lanes=5.0 ddraw=7.1 pts=2
Step: 901120 SPS: 3779  ev=0.614  ent=1.208  grad=0.48/0.48  h=0.1 c=2.7  kl=0.0493  vl=0.0663
Step: 905216 SPS: 3780  ev=0.587  ent=1.144  grad=0.86/0.50  h=0.1 c=2.3  kl=0.0363  vl=0.0647
Step: 909312 SPS: 3780  ev=0.596  ent=1.175  grad=0.51/0.50  h=0.2 c=2.4  kl=0.0541  vl=0.0725
Step: 913408 SPS: 3782  ev=0.598  ent=1.159  grad=1.03/0.50  h=0.1 c=3.0  kl=0.0355  vl=0.0582
Step: 917504 SPS: 3784  ev=0.613  ent=1.146  grad=0.54/0.50  h=0.0 c=3.3  kl=0.0357  vl=0.0666
Step: 921600 SPS: 3782  ev=0.616  ent=1.101  grad=0.48/0.48  h=0.1 c=3.8  kl=0.0375  vl=0.0670
Step: 925696 SPS: 3783  ev=0.618  ent=1.101  grad=0.73/0.50  h=0.1 c=3.9  kl=0.0349  vl=0.0868
Step: 929792 SPS: 3782  ev=0.633  ent=1.105  grad=0.61/0.50  h=0.0 c=3.5  kl=0.0441  vl=0.0614
Step: 933888 SPS: 3782  ev=0.624  ent=1.054  grad=0.60/0.50  h=0.1 c=4.5  kl=0.0424  vl=0.0563
Step: 937984 SPS: 3782  ev=0.606  ent=1.058  grad=0.77/0.50  h=0.2 c=4.1  kl=0.0480  vl=0.0744
Step: 942080 SPS: 3782  ev=0.553  ent=1.030  grad=0.93/0.50  h=0.1 c=3.1  kl=0.0537  vl=0.0490
Step: 946176 SPS: 3783  ev=0.620  ent=1.019  grad=1.26/0.50  h=0.1 c=3.5  kl=0.0381  vl=0.0543
Step: 950272 SPS: 3785  ev=0.597  ent=1.026  grad=0.95/0.50  h=0.2 c=3.6  kl=0.0545  vl=0.0805
Step: 954368 SPS: 3785  ev=0.630  ent=1.041  grad=0.74/0.50  h=0.1 c=4.0  kl=0.0392  vl=0.0831
Step: 958464 SPS: 3784  ev=0.635  ent=1.051  grad=0.75/0.50  h=0.1 c=3.6  kl=0.0336  vl=0.0616
Step: 962560 SPS: 3785  ev=0.647  ent=1.027  grad=0.78/0.50  h=0.1 c=3.6  kl=0.0299  vl=0.0889
Step: 966656 SPS: 3788  ev=0.618  ent=1.041  grad=0.72/0.50  h=0.1 c=2.8  kl=0.0494  vl=0.0617
Step: 970752 SPS: 3791  ev=0.567  ent=1.023  grad=0.63/0.50  h=0.1 c=2.7  kl=0.0375  vl=0.0702
Step: 974848 SPS: 3791  ev=0.644  ent=1.071  grad=0.59/0.50  h=0.1 c=3.0  kl=0.0463  vl=0.0615
Step: 978944 SPS: 3791  ev=0.648  ent=1.065  grad=0.50/0.50  h=0.1 c=2.5  kl=0.0324  vl=0.0682
  vs Heur:   13W/86L/2D | score=-6.7±13.8 inv=0.0 played=13.7 lanes=5.0 ddraw=6.2 pts=-7
  vs Random: 100W/0L/0D | score=24.2±13.4 inv=0.0 played=17.6 lanes=5.0 ddraw=12.5 pts=24
  Self-play: 52W/47L/1D | score=1.4±13.9 inv=0.0 played=15.0 lanes=5.0 ddraw=8.4 pts=1
Step: 983040 SPS: 3791  ev=0.606  ent=1.049  grad=0.86/0.50  h=0.1 c=2.6  kl=0.0543  vl=0.0776
Step: 987136 SPS: 3790  ev=0.612  ent=1.011  grad=0.79/0.50  h=0.1 c=2.3  kl=0.0430  vl=0.0973
Step: 991232 SPS: 3790  ev=0.679  ent=0.993  grad=0.46/0.46  h=0.1 c=2.4  kl=0.0289  vl=0.0591
Step: 995328 SPS: 3790  ev=0.636  ent=1.048  grad=1.37/0.50  h=0.1 c=2.7  kl=0.0418  vl=0.0897
Step: 999424 SPS: 3791  ev=0.583  ent=1.009  grad=0.42/0.42  h=0.1 c=2.7  kl=0.0421  vl=0.0667
Step: 1003520 SPS: 3791  ev=0.601  ent=1.025  grad=0.87/0.50  h=0.1 c=2.0  kl=0.0409  vl=0.0683
Step: 1007616 SPS: 3791  ev=0.610  ent=1.064  grad=0.62/0.50  h=0.1 c=1.4  kl=0.0392  vl=0.0598
Step: 1011712 SPS: 3791  ev=0.594  ent=1.032  grad=0.74/0.50  h=0.1 c=1.5  kl=0.0436  vl=0.0823
Step: 1015808 SPS: 3792  ev=0.604  ent=1.015  grad=0.80/0.50  h=0.1 c=2.2  kl=0.0373  vl=0.0748
Step: 1019904 SPS: 3793  ev=0.608  ent=1.023  grad=0.44/0.44  h=0.1 c=1.8  kl=0.0514  vl=0.0800
Step: 1024000 SPS: 3793  ev=0.637  ent=1.042  grad=0.70/0.50  h=0.2 c=1.8  kl=0.0381  vl=0.0620
Step: 1028096 SPS: 3792  ev=0.587  ent=1.009  grad=0.95/0.50  h=0.1 c=1.9  kl=0.0453  vl=0.0971
Step: 1032192 SPS: 3792  ev=0.574  ent=1.070  grad=0.79/0.50  h=0.1 c=2.0  kl=0.0407  vl=0.0769
Step: 1036288 SPS: 3792  ev=0.647  ent=1.086  grad=0.72/0.50  h=0.2 c=2.2  kl=0.0374  vl=0.0603
Step: 1040384 SPS: 3794  ev=0.636  ent=1.051  grad=0.82/0.50  h=0.1 c=2.0  kl=0.0444  vl=0.0789
Step: 1044480 SPS: 3794  ev=0.626  ent=1.054  grad=0.66/0.50  h=0.2 c=2.0  kl=0.0340  vl=0.0805
Step: 1048576 SPS: 3797  ev=0.658  ent=1.060  grad=0.51/0.50  h=0.1 c=2.1  kl=0.0370  vl=0.0770
Step: 1052672 SPS: 3799  ev=0.658  ent=1.108  grad=0.62/0.50  h=0.2 c=2.7  kl=0.0448  vl=0.0743
Step: 1056768 SPS: 3799  ev=0.674  ent=1.043  grad=0.60/0.50  h=0.1 c=2.2  kl=0.0332  vl=0.0634
Step: 1060864 SPS: 3800  ev=0.600  ent=1.024  grad=0.78/0.50  h=0.1 c=2.7  kl=0.0428  vl=0.0868
  vs Heur:   21W/80L/1D | score=-5.4±13.9 inv=0.0 played=14.1 lanes=5.0 ddraw=5.3 pts=-5
  vs Random: 100W/0L/0D | score=22.5±13.4 inv=0.0 played=17.4 lanes=5.0 ddraw=12.9 pts=23
  Self-play: 58W/43L/0D | score=1.8±13.2 inv=0.0 played=15.0 lanes=5.0 ddraw=5.2 pts=2
Step: 1064960 SPS: 3800  ev=0.626  ent=1.044  grad=0.68/0.50  h=0.2 c=2.9  kl=0.0488  vl=0.0862
Step: 1069056 SPS: 3800  ev=0.640  ent=1.037  grad=0.70/0.50  h=0.2 c=2.9  kl=0.0389  vl=0.0695
Step: 1073152 SPS: 3800  ev=0.609  ent=1.123  grad=0.77/0.50  h=0.2 c=3.3  kl=0.0441  vl=0.0691
Step: 1077248 SPS: 3800  ev=0.615  ent=1.086  grad=0.86/0.50  h=0.2 c=2.4  kl=0.0563  vl=0.0715
Step: 1081344 SPS: 3799  ev=0.628  ent=1.110  grad=0.53/0.50  h=0.1 c=2.8  kl=0.0408  vl=0.0638
Step: 1085440 SPS: 3799  ev=0.625  ent=1.132  grad=0.58/0.50  h=0.1 c=2.9  kl=0.0398  vl=0.0713
Step: 1089536 SPS: 3800  ev=0.633  ent=1.101  grad=0.57/0.50  h=0.1 c=2.5  kl=0.0522  vl=0.0691
Step: 1093632 SPS: 3801  ev=0.639  ent=1.053  grad=0.64/0.50  h=0.2 c=3.1  kl=0.0427  vl=0.0660
Step: 1097728 SPS: 3800  ev=0.660  ent=1.072  grad=0.90/0.50  h=0.2 c=3.9  kl=0.0367  vl=0.0594
Step: 1101824 SPS: 3800  ev=0.674  ent=1.166  grad=0.67/0.50  h=0.2 c=3.1  kl=0.0406  vl=0.0745
Step: 1105920 SPS: 3800  ev=0.650  ent=1.079  grad=0.49/0.49  h=0.1 c=4.1  kl=0.0550  vl=0.0763
Step: 1110016 SPS: 3799  ev=0.607  ent=1.056  grad=0.62/0.50  h=0.1 c=4.4  kl=0.0422  vl=0.0918
Step: 1114112 SPS: 3799  ev=0.660  ent=1.072  grad=1.30/0.50  h=0.1 c=3.3  kl=0.0454  vl=0.1145
Step: 1118208 SPS: 3799  ev=0.633  ent=1.021  grad=1.07/0.50  h=0.2 c=2.4  kl=0.0342  vl=0.0852
Step: 1122304 SPS: 3800  ev=0.623  ent=1.040  grad=0.93/0.50  h=0.1 c=3.2  kl=0.0330  vl=0.0642
Step: 1126400 SPS: 3800  ev=0.627  ent=1.091  grad=0.47/0.47  h=0.1 c=3.2  kl=0.0438  vl=0.0710
Step: 1130496 SPS: 3803  ev=0.622  ent=1.119  grad=0.69/0.50  h=0.2 c=3.2  kl=0.0501  vl=0.0657
Step: 1134592 SPS: 3803  ev=0.590  ent=1.079  grad=0.46/0.46  h=0.2 c=3.6  kl=0.0407  vl=0.0806
Step: 1138688 SPS: 3802  ev=0.629  ent=1.074  grad=0.68/0.50  h=0.2 c=3.1  kl=0.0425  vl=0.0826
Step: 1142784 SPS: 3802  ev=0.622  ent=1.041  grad=1.06/0.50  h=0.2 c=2.6  kl=0.0445  vl=0.0728
  vs Heur:   20W/79L/2D | score=-4.3±15.4 inv=0.0 played=14.2 lanes=5.0 ddraw=4.4 pts=-4
  vs Random: 100W/0L/0D | score=20.6±16.4 inv=0.0 played=17.4 lanes=5.0 ddraw=11.4 pts=21
  Self-play: 48W/51L/1D | score=1.3±15.8 inv=0.0 played=15.1 lanes=5.0 ddraw=3.8 pts=1
Step: 1146880 SPS: 3802  ev=0.626  ent=1.032  grad=0.50/0.50  h=0.2 c=2.5  kl=0.0402  vl=0.0812
Step: 1150976 SPS: 3802  ev=0.643  ent=1.032  grad=0.46/0.46  h=0.1 c=2.3  kl=0.0449  vl=0.0656
Step: 1155072 SPS: 3802  ev=0.622  ent=1.058  grad=0.49/0.49  h=0.2 c=2.3  kl=0.0510  vl=0.0670
Step: 1159168 SPS: 3802  ev=0.596  ent=1.093  grad=0.67/0.50  h=0.1 c=2.2  kl=0.0346  vl=0.0608
Step: 1163264 SPS: 3801  ev=0.607  ent=1.079  grad=0.49/0.49  h=0.2 c=2.4  kl=0.0333  vl=0.0724
Step: 1167360 SPS: 3801  ev=0.680  ent=1.061  grad=0.62/0.50  h=0.2 c=2.2  kl=0.0506  vl=0.0675
Step: 1171456 SPS: 3802  ev=0.609  ent=1.003  grad=0.63/0.50  h=0.2 c=2.5  kl=0.0409  vl=0.0665
Step: 1175552 SPS: 3802  ev=0.631  ent=1.037  grad=0.74/0.50  h=0.2 c=2.3  kl=0.0355  vl=0.0574
Step: 1179648 SPS: 3803  ev=0.576  ent=1.028  grad=0.65/0.50  h=0.3 c=2.3  kl=0.0534  vl=0.1025
Step: 1183744 SPS: 3803  ev=0.596  ent=1.076  grad=0.50/0.50  h=0.3 c=2.5  kl=0.0422  vl=0.0639
Step: 1187840 SPS: 3804  ev=0.653  ent=1.022  grad=0.58/0.50  h=0.3 c=2.3  kl=0.0398  vl=0.0641
Step: 1191936 SPS: 3804  ev=0.602  ent=0.981  grad=0.56/0.50  h=0.3 c=2.3  kl=0.0477  vl=0.0705
Step: 1196032 SPS: 3805  ev=0.627  ent=0.975  grad=0.84/0.50  h=0.2 c=2.1  kl=0.0521  vl=0.0697
Step: 1200128 SPS: 3805  ev=0.615  ent=0.961  grad=0.50/0.50  h=0.3 c=1.9  kl=0.0473  vl=0.0845
Step: 1204224 SPS: 3806  ev=0.671  ent=1.114  grad=0.48/0.48  h=0.3 c=1.9  kl=0.0392  vl=0.0744
Step: 1208320 SPS: 3807  ev=0.639  ent=1.075  grad=0.68/0.50  h=0.3 c=2.4  kl=0.0433  vl=0.0588
Step: 1212416 SPS: 3810  ev=0.600  ent=1.009  grad=0.60/0.50  h=0.3 c=2.4  kl=0.0418  vl=0.0812
Step: 1216512 SPS: 3810  ev=0.636  ent=1.013  grad=0.76/0.50  h=0.4 c=2.6  kl=0.0385  vl=0.0634
Step: 1220608 SPS: 3810  ev=0.663  ent=1.026  grad=0.59/0.50  h=0.3 c=2.7  kl=0.0277  vl=0.0559
Step: 1224704 SPS: 3811  ev=0.636  ent=0.987  grad=0.60/0.50  h=0.4 c=2.1  kl=0.0345  vl=0.0762
  vs Heur:   25W/75L/1D | score=-3.0±15.8 inv=0.0 played=14.5 lanes=5.0 ddraw=3.4 pts=-3
  vs Random: 101W/0L/0D | score=21.8±12.9 inv=0.0 played=17.4 lanes=5.0 ddraw=8.5 pts=22
  Self-play: 54W/48L/1D | score=1.7±13.1 inv=0.0 played=15.1 lanes=5.0 ddraw=1.9 pts=2
Step: 1228800 SPS: 3810  ev=0.645  ent=1.048  grad=0.54/0.50  h=0.3 c=3.9  kl=0.0400  vl=0.0643
Step: 1232896 SPS: 3810  ev=0.653  ent=1.040  grad=0.64/0.50  h=0.3 c=3.4  kl=0.0503  vl=0.0694
Step: 1236992 SPS: 3810  ev=0.648  ent=1.032  grad=0.64/0.50  h=0.3 c=3.3  kl=0.0412  vl=0.0733
Step: 1241088 SPS: 3810  ev=0.620  ent=1.023  grad=0.73/0.50  h=0.3 c=3.1  kl=0.0404  vl=0.0729
Step: 1245184 SPS: 3810  ev=0.649  ent=1.045  grad=0.94/0.50  h=0.3 c=3.4  kl=0.0507  vl=0.0658
Step: 1249280 SPS: 3810  ev=0.656  ent=0.946  grad=0.72/0.50  h=0.3 c=4.1  kl=0.0472  vl=0.0779
Step: 1253376 SPS: 3809  ev=0.656  ent=1.013  grad=0.87/0.50  h=0.2 c=3.8  kl=0.0434  vl=0.0645
Step: 1257472 SPS: 3810  ev=0.588  ent=0.912  grad=0.73/0.50  h=0.3 c=4.1  kl=0.0313  vl=0.0695
Step: 1261568 SPS: 3810  ev=0.619  ent=0.956  grad=0.50/0.50  h=0.1 c=3.9  kl=0.0465  vl=0.0754
Step: 1265664 SPS: 3809  ev=0.585  ent=0.971  grad=1.14/0.50  h=0.2 c=3.8  kl=0.0452  vl=0.0756
Step: 1269760 SPS: 3810  ev=0.602  ent=0.983  grad=1.13/0.50  h=0.2 c=5.4  kl=0.0509  vl=0.0726
Step: 1273856 SPS: 3809  ev=0.553  ent=0.920  grad=0.53/0.50  h=0.2 c=5.7  kl=0.0497  vl=0.0559
Step: 1277952 SPS: 3810  ev=0.657  ent=0.972  grad=0.71/0.50  h=0.2 c=6.0  kl=0.0410  vl=0.0494
Step: 1282048 SPS: 3810  ev=0.615  ent=0.955  grad=0.83/0.50  h=0.3 c=6.9  kl=0.0400  vl=0.0610
Step: 1286144 SPS: 3811  ev=0.648  ent=0.937  grad=1.01/0.50  h=0.3 c=7.6  kl=0.0404  vl=0.0809
Step: 1290240 SPS: 3811  ev=0.660  ent=0.971  grad=0.66/0.50  h=0.3 c=7.0  kl=0.0435  vl=0.0893
Step: 1294336 SPS: 3813  ev=0.610  ent=0.939  grad=0.65/0.50  h=0.3 c=5.3  kl=0.0410  vl=0.0658
Step: 1298432 SPS: 3814  ev=0.590  ent=0.941  grad=0.55/0.50  h=0.3 c=5.3  kl=0.0372  vl=0.0632
Step: 1302528 SPS: 3815  ev=0.628  ent=0.931  grad=0.59/0.50  h=0.3 c=5.8  kl=0.0462  vl=0.0644
Step: 1306624 SPS: 3814  ev=0.635  ent=0.914  grad=0.85/0.50  h=0.3 c=6.7  kl=0.0303  vl=0.0919
  vs Heur:   19W/80L/1D | score=-3.6±14.4 inv=0.0 played=14.3 lanes=5.0 ddraw=2.6 pts=-4
  vs Random: 100W/0L/0D | score=23.7±14.6 inv=0.0 played=17.7 lanes=5.0 ddraw=7.2 pts=24
  Self-play: 51W/53L/0D | score=-0.4±14.7 inv=0.0 played=15.1 lanes=5.0 ddraw=1.9 pts=-0
Step: 1310720 SPS: 3815  ev=0.573  ent=0.895  grad=0.54/0.50  h=0.3 c=7.0  kl=0.0450  vl=0.0678
Step: 1314816 SPS: 3815  ev=0.607  ent=0.936  grad=0.74/0.50  h=0.4 c=10.1  kl=0.0330  vl=0.0809
Step: 1318912 SPS: 3817  ev=0.626  ent=0.924  grad=1.01/0.50  h=0.3 c=8.3  kl=0.0392  vl=0.0649
Step: 1323008 SPS: 3817  ev=0.579  ent=0.865  grad=0.42/0.42  h=0.4 c=8.0  kl=0.0432  vl=0.0651
Step: 1327104 SPS: 3818  ev=0.621  ent=0.943  grad=1.24/0.50  h=0.4 c=6.4  kl=0.0460  vl=0.0906
Step: 1331200 SPS: 3818  ev=0.611  ent=0.952  grad=0.89/0.50  h=0.3 c=9.3  kl=0.0372  vl=0.0683
Step: 1335296 SPS: 3818  ev=0.637  ent=0.964  grad=0.48/0.48  h=0.3 c=9.6  kl=0.0451  vl=0.0713
Step: 1339392 SPS: 3817  ev=0.625  ent=0.959  grad=0.75/0.50  h=0.3 c=8.4  kl=0.0446  vl=0.0762
Step: 1343488 SPS: 3817  ev=0.566  ent=0.911  grad=0.66/0.50  h=0.3 c=8.6  kl=0.0396  vl=0.0862
Step: 1347584 SPS: 3817  ev=0.620  ent=0.978  grad=0.62/0.50  h=0.3 c=8.7  kl=0.0423  vl=0.0661
Step: 1351680 SPS: 3818  ev=0.602  ent=1.000  grad=0.66/0.50  h=0.3 c=7.9  kl=0.0406  vl=0.0713
Step: 1355776 SPS: 3818  ev=0.641  ent=0.950  grad=0.50/0.50  h=0.3 c=7.8  kl=0.0454  vl=0.0675
Step: 1359872 SPS: 3819  ev=0.624  ent=0.929  grad=0.49/0.49  h=0.3 c=8.3  kl=0.0413  vl=0.1085
Step: 1363968 SPS: 3819  ev=0.631  ent=0.959  grad=0.52/0.50  h=0.2 c=10.0  kl=0.0338  vl=0.0684
Step: 1368064 SPS: 3819  ev=0.610  ent=0.916  grad=0.86/0.50  h=0.3 c=13.1  kl=0.0385  vl=0.0554
Step: 1372160 SPS: 3820  ev=0.587  ent=0.941  grad=0.86/0.50  h=0.2 c=10.8  kl=0.0276  vl=0.0732
Step: 1376256 SPS: 3821  ev=0.653  ent=0.928  grad=1.51/0.50  h=0.2 c=6.7  kl=0.0422  vl=0.0912
Step: 1380352 SPS: 3823  ev=0.630  ent=0.874  grad=0.81/0.50  h=0.3 c=5.9  kl=0.0493  vl=0.0787
Step: 1384448 SPS: 3823  ev=0.561  ent=0.921  grad=0.68/0.50  h=0.4 c=5.3  kl=0.0381  vl=0.0493
Step: 1388544 SPS: 3823  ev=0.648  ent=0.953  grad=0.76/0.50  h=0.2 c=4.2  kl=0.0446  vl=0.0709
  vs Heur:   29W/70L/1D | score=-3.5±15.2 inv=0.0 played=14.3 lanes=5.0 ddraw=2.3 pts=-3
  vs Random: 100W/0L/0D | score=20.9±14.5 inv=0.0 played=17.3 lanes=5.0 ddraw=6.6 pts=21
  Self-play: 48W/53L/0D | score=0.8±14.0 inv=0.0 played=15.0 lanes=5.0 ddraw=1.7 pts=1
Step: 1392640 SPS: 3824  ev=0.633  ent=0.929  grad=1.21/0.50  h=0.2 c=4.7  kl=0.0307  vl=0.0757
Step: 1396736 SPS: 3823  ev=0.620  ent=0.957  grad=0.68/0.50  h=0.3 c=5.6  kl=0.0416  vl=0.0822
Step: 1400832 SPS: 3823  ev=0.612  ent=0.909  grad=0.61/0.50  h=0.3 c=6.1  kl=0.0579  vl=0.0898
Step: 1404928 SPS: 3823  ev=0.641  ent=0.874  grad=1.01/0.50  h=0.3 c=4.3  kl=0.0350  vl=0.0746
Step: 1409024 SPS: 3823  ev=0.620  ent=0.904  grad=0.51/0.50  h=0.2 c=6.2  kl=0.0301  vl=0.0948
Step: 1413120 SPS: 3823  ev=0.554  ent=0.900  grad=0.61/0.50  h=0.2 c=4.8  kl=0.0388  vl=0.0707
Step: 1417216 SPS: 3823  ev=0.600  ent=0.859  grad=0.57/0.50  h=0.3 c=7.4  kl=0.0419  vl=0.0837
Step: 1421312 SPS: 3823  ev=0.590  ent=0.900  grad=1.16/0.50  h=0.3 c=7.4  kl=0.0428  vl=0.0805
Step: 1425408 SPS: 3823  ev=0.594  ent=0.900  grad=0.71/0.50  h=0.3 c=6.5  kl=0.0276  vl=0.0688
Step: 1429504 SPS: 3824  ev=0.649  ent=0.886  grad=0.86/0.50  h=0.4 c=6.4  kl=0.0291  vl=0.0677
Step: 1433600 SPS: 3825  ev=0.623  ent=0.872  grad=1.12/0.50  h=0.4 c=5.7  kl=0.0284  vl=0.0683
Step: 1437696 SPS: 3825  ev=0.616  ent=0.918  grad=0.80/0.50  h=0.4 c=7.3  kl=0.0803  vl=0.0778
Step: 1441792 SPS: 3825  ev=0.626  ent=0.847  grad=1.25/0.50  h=0.4 c=7.4  kl=0.0348  vl=0.0721
Step: 1445888 SPS: 3825  ev=0.675  ent=0.935  grad=1.49/0.50  h=0.3 c=9.1  kl=0.0394  vl=0.0725
Step: 1449984 SPS: 3826  ev=0.624  ent=0.940  grad=0.58/0.50  h=0.4 c=7.9  kl=0.0275  vl=0.0653
Step: 1454080 SPS: 3826  ev=0.607  ent=0.976  grad=0.57/0.50  h=0.3 c=7.8  kl=0.0344  vl=0.0624
Step: 1458176 SPS: 3828  ev=0.578  ent=0.924  grad=0.58/0.50  h=0.3 c=6.8  kl=0.0408  vl=0.0760
Step: 1462272 SPS: 3830  ev=0.583  ent=0.873  grad=0.64/0.50  h=0.3 c=7.6  kl=0.0554  vl=0.0679
Step: 1466368 SPS: 3831  ev=0.640  ent=0.891  grad=0.68/0.50  h=0.3 c=7.7  kl=0.0408  vl=0.0615
Step: 1470464 SPS: 3831  ev=0.607  ent=0.912  grad=0.58/0.50  h=0.3 c=8.1  kl=0.0417  vl=0.0499
  vs Heur:   28W/74L/2D | score=-0.3±13.5 inv=0.0 played=14.7 lanes=5.0 ddraw=1.8 pts=-0
  vs Random: 100W/1L/0D | score=27.0±16.6 inv=0.0 played=18.1 lanes=5.0 ddraw=5.2 pts=27
  Self-play: 41W/63L/1D | score=-1.1±12.4 inv=0.0 played=14.8 lanes=5.0 ddraw=1.4 pts=-1
Step: 1474560 SPS: 3832  ev=0.610  ent=0.866  grad=1.03/0.50  h=0.4 c=7.7  kl=0.0353  vl=0.0740
Step: 1478656 SPS: 3832  ev=0.615  ent=0.883  grad=0.41/0.41  h=0.3 c=8.5  kl=0.0389  vl=0.0601
Step: 1482752 SPS: 3832  ev=0.666  ent=0.918  grad=0.48/0.48  h=0.4 c=8.6  kl=0.0351  vl=0.0629
Step: 1486848 SPS: 3833  ev=0.681  ent=0.887  grad=0.65/0.50  h=0.4 c=6.8  kl=0.0444  vl=0.0581
Step: 1490944 SPS: 3833  ev=0.628  ent=0.870  grad=0.69/0.50  h=0.4 c=7.8  kl=0.0429  vl=0.0772
Step: 1495040 SPS: 3834  ev=0.597  ent=0.935  grad=0.67/0.50  h=0.4 c=6.8  kl=0.0392  vl=0.0562
Step: 1499136 SPS: 3834  ev=0.648  ent=0.925  grad=0.39/0.39  h=0.3 c=7.4  kl=0.0407  vl=0.0544
Step: 1503232 SPS: 3834  ev=0.630  ent=0.964  grad=1.33/0.50  h=0.3 c=7.3  kl=0.0418  vl=0.0843
Step: 1507328 SPS: 3834  ev=0.609  ent=0.873  grad=0.73/0.50  h=0.4 c=7.3  kl=0.0410  vl=0.0690
Step: 1511424 SPS: 3834  ev=0.612  ent=0.911  grad=0.63/0.50  h=0.4 c=7.4  kl=0.0452  vl=0.0677
Step: 1515520 SPS: 3834  ev=0.608  ent=0.915  grad=1.08/0.50  h=0.3 c=7.7  kl=0.0459  vl=0.0706
Step: 1519616 SPS: 3832  ev=0.633  ent=0.852  grad=0.89/0.50  h=0.4 c=7.2  kl=0.0322  vl=0.0770
Step: 1523712 SPS: 3833  ev=0.634  ent=0.907  grad=1.07/0.50  h=0.4 c=8.0  kl=0.0328  vl=0.0738
Step: 1527808 SPS: 3833  ev=0.642  ent=0.853  grad=1.00/0.50  h=0.3 c=7.7  kl=0.0413  vl=0.0679
Step: 1531904 SPS: 3833  ev=0.614  ent=0.875  grad=0.91/0.50  h=0.3 c=8.5  kl=0.0564  vl=0.0740
Step: 1536000 SPS: 3833  ev=0.592  ent=0.934  grad=0.94/0.50  h=0.3 c=9.1  kl=0.0553  vl=0.0847
Step: 1540096 SPS: 3834  ev=0.598  ent=0.850  grad=0.63/0.50  h=0.3 c=10.3  kl=0.0401  vl=0.0503
Step: 1544192 SPS: 3836  ev=0.613  ent=0.888  grad=0.89/0.50  h=0.3 c=10.4  kl=0.0414  vl=0.0647
Step: 1548288 SPS: 3836  ev=0.619  ent=0.898  grad=0.58/0.50  h=0.4 c=9.4  kl=0.0462  vl=0.0576
Step: 1552384 SPS: 3835  ev=0.624  ent=0.885  grad=0.83/0.50  h=0.4 c=9.6  kl=0.0506  vl=0.0744
  vs Heur:   25W/77L/1D | score=-1.7±14.2 inv=0.0 played=14.5 lanes=5.0 ddraw=1.7 pts=-2
  vs Random: 100W/0L/0D | score=23.4±12.4 inv=0.0 played=17.8 lanes=5.0 ddraw=3.9 pts=23
  Self-play: 44W/56L/1D | score=-1.9±11.8 inv=0.0 played=14.9 lanes=5.0 ddraw=1.3 pts=-2
Step: 1556480 SPS: 3835  ev=0.606  ent=0.849  grad=0.70/0.50  h=0.4 c=8.5  kl=0.0386  vl=0.0770
Step: 1560576 SPS: 3835  ev=0.632  ent=0.889  grad=0.57/0.50  h=0.4 c=7.7  kl=0.0439  vl=0.0655
Step: 1564672 SPS: 3835  ev=0.643  ent=0.844  grad=0.65/0.50  h=0.4 c=8.0  kl=0.0438  vl=0.0553
Step: 1568768 SPS: 3836  ev=0.605  ent=0.854  grad=0.44/0.44  h=0.5 c=9.1  kl=0.0367  vl=0.0454
Step: 1572864 SPS: 3836  ev=0.600  ent=0.861  grad=0.45/0.45  h=0.3 c=6.7  kl=0.0524  vl=0.0708
Step: 1576960 SPS: 3837  ev=0.632  ent=0.835  grad=0.77/0.50  h=0.3 c=8.0  kl=0.0468  vl=0.0649
Step: 1581056 SPS: 3837  ev=0.594  ent=0.878  grad=0.84/0.50  h=0.4 c=7.3  kl=0.0450  vl=0.0643
Step: 1585152 SPS: 3836  ev=0.596  ent=0.829  grad=0.72/0.50  h=0.3 c=5.8  kl=0.0337  vl=0.0633
Step: 1589248 SPS: 3836  ev=0.614  ent=0.852  grad=0.59/0.50  h=0.3 c=6.8  kl=0.0384  vl=0.0546
Step: 1593344 SPS: 3836  ev=0.624  ent=0.839  grad=0.38/0.38  h=0.2 c=6.7  kl=0.0579  vl=0.0614
Step: 1597440 SPS: 3837  ev=0.625  ent=0.798  grad=0.39/0.39  h=0.3 c=6.2  kl=0.0412  vl=0.0577
Step: 1601536 SPS: 3837  ev=0.611  ent=0.831  grad=0.60/0.50  h=0.4 c=5.8  kl=0.0385  vl=0.0513
Step: 1605632 SPS: 3837  ev=0.618  ent=0.821  grad=0.78/0.50  h=0.4 c=7.9  kl=0.0491  vl=0.0690
Step: 1609728 SPS: 3838  ev=0.588  ent=0.770  grad=0.43/0.43  h=0.4 c=7.4  kl=0.0370  vl=0.0499
Step: 1613824 SPS: 3838  ev=0.625  ent=0.801  grad=0.79/0.50  h=0.4 c=7.7  kl=0.0420  vl=0.0658
Step: 1617920 SPS: 3838  ev=0.642  ent=0.799  grad=0.79/0.50  h=0.4 c=6.4  kl=0.0459  vl=0.0695
Step: 1622016 SPS: 3839  ev=0.623  ent=0.818  grad=0.91/0.50  h=0.4 c=6.2  kl=0.0329  vl=0.0725
Step: 1626112 SPS: 3842  ev=0.618  ent=0.818  grad=0.59/0.50  h=0.4 c=5.2  kl=0.0434  vl=0.0686
Step: 1630208 SPS: 3842  ev=0.580  ent=0.833  grad=0.53/0.50  h=0.4 c=4.9  kl=0.0326  vl=0.0601
Step: 1634304 SPS: 3842  ev=0.603  ent=0.819  grad=0.75/0.50  h=0.4 c=4.2  kl=0.0351  vl=0.0660
  vs Heur:   29W/74L/0D | score=-0.9±12.7 inv=0.0 played=14.8 lanes=5.0 ddraw=1.3 pts=-1
  vs Random: 100W/0L/0D | score=27.1±13.6 inv=0.0 played=18.2 lanes=5.0 ddraw=3.5 pts=27
  Self-play: 56W/47L/0D | score=-2.9±11.5 inv=0.0 played=14.9 lanes=5.0 ddraw=0.9 pts=-3
Step: 1638400 SPS: 3843  ev=0.612  ent=0.818  grad=0.63/0.50  h=0.3 c=3.9  kl=0.0463  vl=0.0779
Step: 1642496 SPS: 3844  ev=0.640  ent=0.822  grad=0.52/0.50  h=0.3 c=3.5  kl=0.0465  vl=0.0624
Step: 1646592 SPS: 3844  ev=0.586  ent=0.791  grad=0.50/0.50  h=0.3 c=4.2  kl=0.0369  vl=0.0444
Step: 1650688 SPS: 3843  ev=0.610  ent=0.823  grad=0.67/0.50  h=0.3 c=3.8  kl=0.0474  vl=0.0566
Step: 1654784 SPS: 3842  ev=0.587  ent=0.854  grad=0.57/0.50  h=0.3 c=3.9  kl=0.0424  vl=0.0481
Step: 1658880 SPS: 3840  ev=0.590  ent=0.836  grad=0.53/0.50  h=0.3 c=4.3  kl=0.0339  vl=0.0454
Step: 1662976 SPS: 3840  ev=0.599  ent=0.842  grad=0.66/0.50  h=0.3 c=4.3  kl=0.0421  vl=0.0545
Step: 1667072 SPS: 3840  ev=0.581  ent=0.792  grad=0.75/0.50  h=0.3 c=4.3  kl=0.0387  vl=0.0589
Step: 1671168 SPS: 3840  ev=0.639  ent=0.828  grad=0.56/0.50  h=0.2 c=4.4  kl=0.0470  vl=0.0735
Step: 1675264 SPS: 3840  ev=0.559  ent=0.822  grad=0.69/0.50  h=0.2 c=3.3  kl=0.0410  vl=0.0657
Step: 1679360 SPS: 3841  ev=0.633  ent=0.794  grad=0.54/0.50  h=0.2 c=4.1  kl=0.0370  vl=0.0556
Step: 1683456 SPS: 3840  ev=0.610  ent=0.783  grad=0.61/0.50  h=0.2 c=3.9  kl=0.0307  vl=0.0421
Step: 1687552 SPS: 3840  ev=0.605  ent=0.805  grad=0.75/0.50  h=0.2 c=3.5  kl=0.0417  vl=0.0476
Step: 1691648 SPS: 3841  ev=0.612  ent=0.865  grad=0.58/0.50  h=0.2 c=4.9  kl=0.0490  vl=0.0666
Step: 1695744 SPS: 3841  ev=0.606  ent=0.764  grad=0.54/0.50  h=0.2 c=4.9  kl=0.0407  vl=0.0778
Step: 1699840 SPS: 3842  ev=0.603  ent=0.773  grad=0.71/0.50  h=0.3 c=4.7  kl=0.0387  vl=0.0643
Step: 1703936 SPS: 3843  ev=0.613  ent=0.794  grad=1.07/0.50  h=0.2 c=5.2  kl=0.0455  vl=0.0632
Step: 1708032 SPS: 3845  ev=0.617  ent=0.811  grad=0.48/0.48  h=0.2 c=5.3  kl=0.0378  vl=0.0614
Step: 1712128 SPS: 3846  ev=0.641  ent=0.837  grad=0.40/0.40  h=0.2 c=4.1  kl=0.0465  vl=0.0730
Step: 1716224 SPS: 3845  ev=0.656  ent=0.794  grad=0.88/0.50  h=0.3 c=3.7  kl=0.0401  vl=0.0603
  vs Heur:   36W/63L/1D | score=0.4±14.2 inv=0.0 played=14.6 lanes=5.0 ddraw=1.2 pts=0
  vs Random: 101W/0L/0D | score=22.8±14.7 inv=0.0 played=17.6 lanes=5.0 ddraw=3.1 pts=23
  Self-play: 46W/56L/1D | score=-0.8±15.9 inv=0.0 played=15.0 lanes=5.0 ddraw=1.0 pts=-1
Step: 1720320 SPS: 3845  ev=0.643  ent=0.802  grad=0.63/0.50  h=0.2 c=4.1  kl=0.0435  vl=0.0626
Step: 1724416 SPS: 3844  ev=0.606  ent=0.826  grad=0.50/0.50  h=0.3 c=3.2  kl=0.0488  vl=0.0516
Step: 1728512 SPS: 3843  ev=0.634  ent=0.807  grad=0.47/0.47  h=0.3 c=4.0  kl=0.0306  vl=0.0464
Step: 1732608 SPS: 3842  ev=0.639  ent=0.825  grad=0.52/0.50  h=0.3 c=3.5  kl=0.0433  vl=0.0517
Step: 1736704 SPS: 3841  ev=0.650  ent=0.771  grad=0.57/0.50  h=0.2 c=3.1  kl=0.0399  vl=0.0619
Step: 1740800 SPS: 3841  ev=0.629  ent=0.776  grad=0.70/0.50  h=0.2 c=2.8  kl=0.0376  vl=0.0598
Step: 1744896 SPS: 3841  ev=0.646  ent=0.822  grad=0.61/0.50  h=0.1 c=2.7  kl=0.0503  vl=0.0586
Step: 1748992 SPS: 3841  ev=0.634  ent=0.806  grad=0.79/0.50  h=0.3 c=3.3  kl=0.0462  vl=0.0645
Step: 1753088 SPS: 3842  ev=0.665  ent=0.803  grad=0.54/0.50  h=0.2 c=3.5  kl=0.0294  vl=0.0707
Step: 1757184 SPS: 3841  ev=0.637  ent=0.805  grad=1.17/0.50  h=0.2 c=2.7  kl=0.0464  vl=0.0658
Step: 1761280 SPS: 3840  ev=0.615  ent=0.765  grad=0.41/0.41  h=0.2 c=2.8  kl=0.0412  vl=0.0678
Step: 1765376 SPS: 3841  ev=0.588  ent=0.753  grad=0.61/0.50  h=0.1 c=2.9  kl=0.0377  vl=0.0617
Step: 1769472 SPS: 3841  ev=0.636  ent=0.766  grad=0.53/0.50  h=0.2 c=3.5  kl=0.0449  vl=0.0570
Step: 1773568 SPS: 3841  ev=0.617  ent=0.722  grad=0.52/0.50  h=0.2 c=3.7  kl=0.0420  vl=0.0695
Step: 1777664 SPS: 3841  ev=0.593  ent=0.742  grad=0.48/0.48  h=0.3 c=4.3  kl=0.0328  vl=0.0490
Step: 1781760 SPS: 3842  ev=0.637  ent=0.734  grad=0.66/0.50  h=0.2 c=4.9  kl=0.0543  vl=0.0563
Step: 1785856 SPS: 3844  ev=0.602  ent=0.745  grad=0.87/0.50  h=0.3 c=4.1  kl=0.0574  vl=0.0758
Step: 1789952 SPS: 3844  ev=0.632  ent=0.748  grad=0.49/0.49  h=0.3 c=4.7  kl=0.0474  vl=0.0615
Step: 1794048 SPS: 3845  ev=0.676  ent=0.762  grad=0.64/0.50  h=0.3 c=4.7  kl=0.0400  vl=0.0481
Step: 1798144 SPS: 3845  ev=0.633  ent=0.750  grad=0.93/0.50  h=0.2 c=5.5  kl=0.0508  vl=0.0626
  vs Heur:   24W/79L/0D | score=-1.4±13.2 inv=0.0 played=14.5 lanes=5.0 ddraw=1.3 pts=-1
  vs Random: 100W/0L/0D | score=22.8±12.4 inv=0.0 played=17.8 lanes=5.0 ddraw=3.3 pts=23
  Self-play: 51W/49L/4D | score=-0.5±12.7 inv=0.0 played=15.0 lanes=5.0 ddraw=0.9 pts=-0
Step: 1802240 SPS: 3845  ev=0.597  ent=0.757  grad=0.92/0.50  h=0.3 c=4.8  kl=0.0417  vl=0.0701
Step: 1806336 SPS: 3845  ev=0.625  ent=0.758  grad=0.49/0.49  h=0.3 c=4.8  kl=0.0474  vl=0.0454
Step: 1810432 SPS: 3845  ev=0.641  ent=0.753  grad=0.83/0.50  h=0.4 c=5.6  kl=0.0395  vl=0.0593
Step: 1814528 SPS: 3844  ev=0.609  ent=0.693  grad=1.15/0.50  h=0.3 c=4.7  kl=0.0404  vl=0.0602
Step: 1818624 SPS: 3844  ev=0.615  ent=0.727  grad=0.80/0.50  h=0.3 c=4.2  kl=0.0429  vl=0.0722
Step: 1822720 SPS: 3844  ev=0.643  ent=0.732  grad=0.61/0.50  h=0.3 c=3.7  kl=0.0413  vl=0.0719
Step: 1826816 SPS: 3844  ev=0.653  ent=0.747  grad=0.56/0.50  h=0.3 c=5.5  kl=0.0344  vl=0.0533
Step: 1830912 SPS: 3843  ev=0.634  ent=0.689  grad=0.56/0.50  h=0.2 c=5.7  kl=0.0481  vl=0.0482
Step: 1835008 SPS: 3844  ev=0.645  ent=0.714  grad=0.59/0.50  h=0.3 c=5.9  kl=0.0337  vl=0.0566
Step: 1839104 SPS: 3844  ev=0.589  ent=0.726  grad=0.59/0.50  h=0.3 c=5.6  kl=0.0264  vl=0.0572
Step: 1843200 SPS: 3845  ev=0.615  ent=0.773  grad=0.52/0.50  h=0.3 c=7.2  kl=0.0364  vl=0.0596
Step: 1847296 SPS: 3845  ev=0.648  ent=0.740  grad=0.54/0.50  h=0.3 c=7.3  kl=0.0513  vl=0.0757
Step: 1851392 SPS: 3845  ev=0.606  ent=0.764  grad=0.49/0.49  h=0.2 c=6.6  kl=0.0338  vl=0.0606
Step: 1855488 SPS: 3845  ev=0.669  ent=0.751  grad=0.88/0.50  h=0.3 c=9.1  kl=0.0404  vl=0.0646
Step: 1859584 SPS: 3846  ev=0.630  ent=0.675  grad=0.48/0.48  h=0.3 c=10.5  kl=0.0297  vl=0.0403
Step: 1863680 SPS: 3846  ev=0.648  ent=0.738  grad=0.72/0.50  h=0.3 c=8.5  kl=0.0579  vl=0.0591
Step: 1867776 SPS: 3847  ev=0.683  ent=0.762  grad=0.81/0.50  h=0.3 c=7.1  kl=0.0264  vl=0.0573
Step: 1871872 SPS: 3849  ev=0.608  ent=0.733  grad=0.41/0.41  h=0.2 c=7.5  kl=0.0362  vl=0.0798
Step: 1875968 SPS: 3849  ev=0.672  ent=0.746  grad=0.75/0.50  h=0.3 c=8.0  kl=0.0568  vl=0.0761
Step: 1880064 SPS: 3850  ev=0.647  ent=0.722  grad=0.56/0.50  h=0.3 c=9.8  kl=0.0312  vl=0.0580
  vs Heur:   32W/72L/0D | score=1.0±13.2 inv=0.0 played=14.8 lanes=5.0 ddraw=1.5 pts=1
  vs Random: 100W/0L/0D | score=25.4±14.0 inv=0.0 played=18.2 lanes=5.0 ddraw=2.8 pts=25
  Self-play: 46W/54L/2D | score=0.4±11.4 inv=0.0 played=15.1 lanes=5.0 ddraw=1.0 pts=0
Step: 1884160 SPS: 3850  ev=0.631  ent=0.768  grad=0.63/0.50  h=0.2 c=10.9  kl=0.0438  vl=0.0806
Step: 1888256 SPS: 3850  ev=0.699  ent=0.789  grad=0.70/0.50  h=0.3 c=8.3  kl=0.0423  vl=0.0614
Step: 1892352 SPS: 3850  ev=0.686  ent=0.778  grad=0.44/0.44  h=0.2 c=9.2  kl=0.0478  vl=0.0724
Step: 1896448 SPS: 3850  ev=0.618  ent=0.814  grad=0.58/0.50  h=0.3 c=8.8  kl=0.0335  vl=0.0577
Step: 1900544 SPS: 3851  ev=0.595  ent=0.735  grad=0.60/0.50  h=0.3 c=8.0  kl=0.0419  vl=0.0582
Step: 1904640 SPS: 3851  ev=0.606  ent=0.766  grad=0.63/0.50  h=0.2 c=5.6  kl=0.0512  vl=0.0593
Step: 1908736 SPS: 3851  ev=0.631  ent=0.786  grad=0.82/0.50  h=0.3 c=4.8  kl=0.0454  vl=0.0626
Step: 1912832 SPS: 3851  ev=0.632  ent=0.748  grad=0.62/0.50  h=0.3 c=5.8  kl=0.0354  vl=0.0491
Step: 1916928 SPS: 3851  ev=0.625  ent=0.739  grad=0.92/0.50  h=0.4 c=6.0  kl=0.0416  vl=0.0599
Step: 1921024 SPS: 3851  ev=0.624  ent=0.734  grad=0.59/0.50  h=0.3 c=4.5  kl=0.0362  vl=0.0608
Step: 1925120 SPS: 3850  ev=0.606  ent=0.737  grad=0.63/0.50  h=0.2 c=3.7  kl=0.0372  vl=0.0669
Step: 1929216 SPS: 3849  ev=0.612  ent=0.778  grad=0.48/0.48  h=0.3 c=4.9  kl=0.0426  vl=0.0717
Step: 1933312 SPS: 3849  ev=0.635  ent=0.743  grad=0.59/0.50  h=0.3 c=5.4  kl=0.0411  vl=0.0520
Step: 1937408 SPS: 3849  ev=0.653  ent=0.704  grad=0.66/0.50  h=0.3 c=4.8  kl=0.0256  vl=0.0645
Step: 1941504 SPS: 3849  ev=0.635  ent=0.739  grad=0.60/0.50  h=0.3 c=5.8  kl=0.0413  vl=0.0571
Step: 1945600 SPS: 3849  ev=0.641  ent=0.713  grad=0.69/0.50  h=0.2 c=3.5  kl=0.0357  vl=0.0591
Step: 1949696 SPS: 3850  ev=0.666  ent=0.734  grad=0.63/0.50  h=0.2 c=3.4  kl=0.0398  vl=0.0610
Step: 1953792 SPS: 3852  ev=0.648  ent=0.700  grad=0.61/0.50  h=0.2 c=3.5  kl=0.0349  vl=0.0742
Step: 1957888 SPS: 3852  ev=0.647  ent=0.760  grad=0.78/0.50  h=0.2 c=3.3  kl=0.0360  vl=0.0592
Step: 1961984 SPS: 3852  ev=0.630  ent=0.792  grad=0.66/0.50  h=0.3 c=3.6  kl=0.0354  vl=0.0663
  vs Heur:   19W/78L/3D | score=-1.4±15.0 inv=0.0 played=14.7 lanes=5.0 ddraw=1.5 pts=-1
  vs Random: 101W/0L/0D | score=21.1±14.1 inv=0.0 played=17.7 lanes=5.0 ddraw=3.9 pts=21
  Self-play: 41W/57L/3D | score=-0.3±13.6 inv=0.0 played=15.0 lanes=5.0 ddraw=1.2 pts=-0
Step: 1966080 SPS: 3851  ev=0.630  ent=0.769  grad=0.47/0.47  h=0.2 c=4.7  kl=0.0346  vl=0.0583
Step: 1970176 SPS: 3851  ev=0.638  ent=0.793  grad=0.62/0.50  h=0.2 c=4.5  kl=0.0315  vl=0.0698
Step: 1974272 SPS: 3851  ev=0.616  ent=0.786  grad=0.42/0.42  h=0.3 c=5.1  kl=0.0307  vl=0.0559
Step: 1978368 SPS: 3851  ev=0.642  ent=0.795  grad=0.78/0.50  h=0.2 c=3.7  kl=0.0366  vl=0.0868
Step: 1982464 SPS: 3850  ev=0.645  ent=0.770  grad=0.46/0.46  h=0.2 c=3.7  kl=0.0356  vl=0.0565
Step: 1986560 SPS: 3850  ev=0.642  ent=0.697  grad=0.58/0.50  h=0.2 c=5.4  kl=0.0364  vl=0.0541
Step: 1990656 SPS: 3850  ev=0.628  ent=0.789  grad=0.45/0.45  h=0.2 c=4.0  kl=0.0279  vl=0.0593
Step: 1994752 SPS: 3850  ev=0.627  ent=0.797  grad=0.60/0.50  h=0.2 c=3.9  kl=0.0486  vl=0.0681
Step: 1998848 SPS: 3850  ev=0.658  ent=0.763  grad=0.93/0.50  h=0.2 c=3.9  kl=0.0391  vl=0.0804
Step: 2002944 SPS: 3850  ev=0.646  ent=0.762  grad=0.54/0.50  h=0.2 c=3.1  kl=0.0394  vl=0.0690
Step: 2007040 SPS: 3850  ev=0.630  ent=0.772  grad=0.64/0.50  h=0.1 c=2.9  kl=0.0290  vl=0.0638
Step: 2011136 SPS: 3849  ev=0.642  ent=0.710  grad=0.53/0.50  h=0.2 c=2.6  kl=0.0423  vl=0.0607
Step: 2015232 SPS: 3849  ev=0.628  ent=0.747  grad=0.78/0.50  h=0.1 c=2.3  kl=0.0469  vl=0.0504
Step: 2019328 SPS: 3850  ev=0.613  ent=0.764  grad=0.49/0.49  h=0.1 c=3.7  kl=0.0362  vl=0.0626
Step: 2023424 SPS: 3850  ev=0.597  ent=0.756  grad=0.78/0.50  h=0.1 c=3.3  kl=0.0328  vl=0.0710
Step: 2027520 SPS: 3850  ev=0.635  ent=0.774  grad=0.64/0.50  h=0.1 c=3.5  kl=0.0391  vl=0.0693
Step: 2031616 SPS: 3852  ev=0.631  ent=0.767  grad=0.49/0.49  h=0.1 c=3.6  kl=0.0349  vl=0.0505
Step: 2035712 SPS: 3851  ev=0.658  ent=0.770  grad=0.50/0.50  h=0.2 c=4.2  kl=0.0330  vl=0.0674
Step: 2039808 SPS: 3851  ev=0.655  ent=0.769  grad=0.40/0.40  h=0.2 c=4.4  kl=0.0451  vl=0.0664
Step: 2043904 SPS: 3850  ev=0.643  ent=0.721  grad=0.67/0.50  h=0.1 c=5.9  kl=0.0324  vl=0.0578
  vs Heur:   23W/77L/2D | score=-1.9±13.1 inv=0.0 played=14.7 lanes=5.0 ddraw=1.7 pts=-2
  vs Random: 100W/0L/0D | score=23.1±14.2 inv=0.0 played=18.1 lanes=5.0 ddraw=3.4 pts=23
  Self-play: 46W/54L/3D | score=0.1±11.8 inv=0.0 played=15.1 lanes=5.0 ddraw=1.2 pts=0
Step: 2048000 SPS: 3850  ev=0.606  ent=0.750  grad=0.47/0.47  h=0.2 c=4.9  kl=0.0399  vl=0.0597
Step: 2052096 SPS: 3850  ev=0.589  ent=0.720  grad=0.62/0.50  h=0.2 c=4.7  kl=0.0341  vl=0.0626
Step: 2056192 SPS: 3850  ev=0.606  ent=0.723  grad=0.47/0.47  h=0.2 c=3.5  kl=0.0462  vl=0.0593
Step: 2060288 SPS: 3849  ev=0.638  ent=0.738  grad=0.59/0.50  h=0.2 c=3.3  kl=0.0462  vl=0.0712
Step: 2064384 SPS: 3849  ev=0.633  ent=0.702  grad=0.66/0.50  h=0.2 c=3.4  kl=0.0378  vl=0.0667
Step: 2068480 SPS: 3849  ev=0.567  ent=0.716  grad=0.61/0.50  h=0.2 c=3.2  kl=0.0345  vl=0.0522
Step: 2072576 SPS: 3849  ev=0.633  ent=0.737  grad=0.77/0.50  h=0.3 c=3.6  kl=0.0416  vl=0.0631
Step: 2076672 SPS: 3850  ev=0.643  ent=0.689  grad=0.48/0.48  h=0.3 c=4.6  kl=0.0373  vl=0.0685
Step: 2080768 SPS: 3850  ev=0.625  ent=0.750  grad=1.14/0.50  h=0.2 c=4.3  kl=0.0367  vl=0.0673
Step: 2084864 SPS: 3850  ev=0.684  ent=0.715  grad=0.40/0.40  h=0.2 c=3.6  kl=0.0292  vl=0.0539
Step: 2088960 SPS: 3849  ev=0.653  ent=0.779  grad=0.45/0.45  h=0.2 c=4.6  kl=0.0404  vl=0.0754
Step: 2093056 SPS: 3849  ev=0.610  ent=0.788  grad=0.55/0.50  h=0.2 c=4.1  kl=0.0475  vl=0.0709
Step: 2097152 SPS: 3849  ev=0.595  ent=0.720  grad=0.50/0.50  h=0.2 c=3.3  kl=0.0294  vl=0.0493
Step: 2101248 SPS: 3849  ev=0.637  ent=0.726  grad=0.61/0.50  h=0.2 c=4.1  kl=0.0371  vl=0.0619
Step: 2105344 SPS: 3849  ev=0.623  ent=0.761  grad=0.59/0.50  h=0.2 c=2.8  kl=0.0383  vl=0.0471
Step: 2109440 SPS: 3850  ev=0.600  ent=0.744  grad=0.62/0.50  h=0.2 c=2.1  kl=0.0578  vl=0.0563
Step: 2113536 SPS: 3851  ev=0.607  ent=0.755  grad=0.68/0.50  h=0.2 c=2.5  kl=0.0286  vl=0.0582
Step: 2117632 SPS: 3852  ev=0.637  ent=0.695  grad=1.04/0.50  h=0.2 c=2.2  kl=0.0423  vl=0.0588
Step: 2121728 SPS: 3852  ev=0.673  ent=0.758  grad=0.58/0.50  h=0.1 c=2.2  kl=0.0399  vl=0.0461
Step: 2125824 SPS: 3853  ev=0.634  ent=0.696  grad=0.60/0.50  h=0.1 c=2.3  kl=0.0269  vl=0.0577
  vs Heur:   29W/75L/0D | score=1.2±13.9 inv=0.0 played=14.9 lanes=5.0 ddraw=1.3 pts=1
  vs Random: 100W/0L/0D | score=23.3±15.8 inv=0.0 played=18.0 lanes=5.0 ddraw=3.1 pts=23
  Self-play: 43W/57L/1D | score=-1.2±12.6 inv=0.0 played=14.9 lanes=5.0 ddraw=0.8 pts=-1
Step: 2129920 SPS: 3852  ev=0.635  ent=0.672  grad=0.61/0.50  h=0.2 c=2.3  kl=0.0305  vl=0.0512
Step: 2134016 SPS: 3852  ev=0.614  ent=0.767  grad=1.12/0.50  h=0.2 c=2.4  kl=0.0465  vl=0.0854
Step: 2138112 SPS: 3852  ev=0.590  ent=0.737  grad=0.38/0.38  h=0.2 c=2.1  kl=0.0445  vl=0.0548
Step: 2142208 SPS: 3852  ev=0.646  ent=0.731  grad=0.49/0.49  h=0.2 c=2.1  kl=0.0279  vl=0.0596
Step: 2146304 SPS: 3852  ev=0.595  ent=0.694  grad=0.68/0.50  h=0.2 c=2.6  kl=0.0443  vl=0.0742
Step: 2150400 SPS: 3851  ev=0.651  ent=0.710  grad=0.48/0.48  h=0.2 c=2.1  kl=0.0393  vl=0.0573
Step: 2154496 SPS: 3851  ev=0.637  ent=0.716  grad=0.90/0.50  h=0.2 c=1.9  kl=0.0430  vl=0.0539
Step: 2158592 SPS: 3851  ev=0.673  ent=0.773  grad=0.46/0.46  h=0.2 c=2.3  kl=0.0404  vl=0.0509
Step: 2162688 SPS: 3851  ev=0.633  ent=0.753  grad=0.66/0.50  h=0.2 c=2.2  kl=0.0460  vl=0.0442
Step: 2166784 SPS: 3850  ev=0.630  ent=0.764  grad=0.81/0.50  h=0.2 c=2.3  kl=0.0450  vl=0.0557
Step: 2170880 SPS: 3850  ev=0.666  ent=0.720  grad=0.76/0.50  h=0.1 c=2.3  kl=0.0317  vl=0.0572
Step: 2174976 SPS: 3850  ev=0.622  ent=0.784  grad=0.72/0.50  h=0.2 c=2.5  kl=0.0388  vl=0.0642
Step: 2179072 SPS: 3851  ev=0.668  ent=0.710  grad=0.43/0.43  h=0.3 c=2.1  kl=0.0281  vl=0.0502
Step: 2183168 SPS: 3851  ev=0.654  ent=0.725  grad=0.44/0.44  h=0.2 c=1.5  kl=0.0286  vl=0.0613
Step: 2187264 SPS: 3851  ev=0.648  ent=0.735  grad=0.53/0.50  h=0.2 c=1.4  kl=0.0390  vl=0.0684
Step: 2191360 SPS: 3852  ev=0.584  ent=0.740  grad=0.47/0.47  h=0.3 c=2.1  kl=0.0370  vl=0.0533
Step: 2195456 SPS: 3853  ev=0.640  ent=0.774  grad=0.54/0.50  h=0.2 c=1.7  kl=0.0517  vl=0.0555
Step: 2199552 SPS: 3854  ev=0.678  ent=0.758  grad=0.36/0.36  h=0.3 c=1.6  kl=0.0312  vl=0.0825
Step: 2203648 SPS: 3854  ev=0.634  ent=0.720  grad=0.51/0.50  h=0.3 c=1.6  kl=0.0357  vl=0.0425
Step: 2207744 SPS: 3854  ev=0.674  ent=0.735  grad=0.75/0.50  h=0.3 c=1.6  kl=0.0304  vl=0.0640
  vs Heur:   25W/76L/1D | score=-1.4±11.9 inv=0.0 played=14.4 lanes=5.0 ddraw=1.3 pts=-1
  vs Random: 101W/0L/0D | score=24.5±14.4 inv=0.0 played=18.1 lanes=5.0 ddraw=2.5 pts=25
  Self-play: 51W/46L/3D | score=2.0±13.6 inv=0.0 played=15.1 lanes=5.0 ddraw=0.9 pts=2
Step: 2211840 SPS: 3853  ev=0.584  ent=0.755  grad=0.76/0.50  h=0.3 c=1.4  kl=0.0417  vl=0.0873
Step: 2215936 SPS: 3853  ev=0.608  ent=0.715  grad=0.84/0.50  h=0.3 c=1.9  kl=0.0417  vl=0.0494
Step: 2220032 SPS: 3853  ev=0.641  ent=0.723  grad=0.50/0.50  h=0.2 c=1.6  kl=0.0408  vl=0.0510
Step: 2224128 SPS: 3853  ev=0.671  ent=0.723  grad=0.74/0.50  h=0.2 c=1.8  kl=0.0401  vl=0.0637
Step: 2228224 SPS: 3853  ev=0.609  ent=0.704  grad=0.98/0.50  h=0.2 c=2.0  kl=0.0364  vl=0.0666
Step: 2232320 SPS: 3852  ev=0.598  ent=0.682  grad=0.75/0.50  h=0.2 c=2.1  kl=0.0467  vl=0.0519
Step: 2236416 SPS: 3852  ev=0.589  ent=0.706  grad=0.51/0.50  h=0.2 c=2.2  kl=0.0513  vl=0.0619
Step: 2240512 SPS: 3852  ev=0.618  ent=0.749  grad=0.93/0.50  h=0.2 c=2.3  kl=0.0448  vl=0.0732
Step: 2244608 SPS: 3852  ev=0.619  ent=0.723  grad=0.64/0.50  h=0.2 c=2.2  kl=0.0401  vl=0.0634
Step: 2248704 SPS: 3852  ev=0.602  ent=0.687  grad=0.65/0.50  h=0.2 c=2.6  kl=0.0427  vl=0.0893
Step: 2252800 SPS: 3853  ev=0.609  ent=0.706  grad=0.34/0.34  h=0.2 c=1.9  kl=0.0406  vl=0.0578
Step: 2256896 SPS: 3853  ev=0.559  ent=0.758  grad=0.59/0.50  h=0.3 c=2.8  kl=0.0410  vl=0.0651
Step: 2260992 SPS: 3853  ev=0.654  ent=0.732  grad=0.49/0.49  h=0.2 c=2.4  kl=0.0320  vl=0.0478
Step: 2265088 SPS: 3852  ev=0.653  ent=0.752  grad=0.96/0.50  h=0.3 c=2.2  kl=0.0395  vl=0.0587
Step: 2269184 SPS: 3853  ev=0.633  ent=0.744  grad=0.84/0.50  h=0.3 c=2.2  kl=0.0439  vl=0.0675
Step: 2273280 SPS: 3853  ev=0.649  ent=0.746  grad=0.45/0.45  h=0.2 c=2.3  kl=0.0428  vl=0.0576
Step: 2277376 SPS: 3855  ev=0.618  ent=0.754  grad=0.56/0.50  h=0.2 c=2.6  kl=0.0526  vl=0.0568
Step: 2281472 SPS: 3855  ev=0.598  ent=0.751  grad=0.82/0.50  h=0.2 c=2.1  kl=0.0361  vl=0.0624
Step: 2285568 SPS: 3854  ev=0.665  ent=0.699  grad=0.56/0.50  h=0.2 c=1.7  kl=0.0358  vl=0.0692
Step: 2289664 SPS: 3854  ev=0.665  ent=0.763  grad=0.67/0.50  h=0.3 c=2.7  kl=0.0326  vl=0.0664
  vs Heur:   29W/74L/2D | score=-0.8±12.7 inv=0.0 played=14.7 lanes=5.0 ddraw=1.1 pts=-1
  vs Random: 105W/0L/0D | score=26.2±14.3 inv=0.0 played=18.0 lanes=5.0 ddraw=2.3 pts=26
  Self-play: 50W/54L/0D | score=0.2±12.0 inv=0.0 played=14.7 lanes=5.0 ddraw=1.1 pts=0
Step: 2293760 SPS: 3853  ev=0.605  ent=0.724  grad=0.72/0.50  h=0.3 c=2.4  kl=0.0416  vl=0.0738
Step: 2297856 SPS: 3853  ev=0.624  ent=0.748  grad=0.87/0.50  h=0.2 c=1.9  kl=0.0320  vl=0.0665
Step: 2301952 SPS: 3852  ev=0.611  ent=0.726  grad=0.53/0.50  h=0.2 c=1.9  kl=0.0307  vl=0.0603
Step: 2306048 SPS: 3853  ev=0.658  ent=0.722  grad=0.71/0.50  h=0.2 c=2.2  kl=0.0343  vl=0.0676
Step: 2310144 SPS: 3853  ev=0.622  ent=0.681  grad=0.47/0.47  h=0.1 c=2.2  kl=0.0330  vl=0.0612
Step: 2314240 SPS: 3853  ev=0.628  ent=0.735  grad=0.68/0.50  h=0.2 c=2.5  kl=0.0451  vl=0.0668
Step: 2318336 SPS: 3854  ev=0.643  ent=0.707  grad=0.38/0.38  h=0.1 c=1.9  kl=0.0376  vl=0.0522
Step: 2322432 SPS: 3854  ev=0.633  ent=0.739  grad=0.86/0.50  h=0.1 c=2.1  kl=0.0356  vl=0.0612
Step: 2326528 SPS: 3854  ev=0.546  ent=0.739  grad=0.57/0.50  h=0.2 c=2.6  kl=0.0359  vl=0.0612
Step: 2330624 SPS: 3853  ev=0.629  ent=0.716  grad=0.46/0.46  h=0.1 c=1.9  kl=0.0257  vl=0.0409
Step: 2334720 SPS: 3853  ev=0.615  ent=0.730  grad=0.82/0.50  h=0.1 c=1.7  kl=0.0297  vl=0.0479
Step: 2338816 SPS: 3853  ev=0.626  ent=0.759  grad=0.61/0.50  h=0.2 c=1.9  kl=0.0311  vl=0.0514
Step: 2342912 SPS: 3853  ev=0.630  ent=0.717  grad=0.72/0.50  h=0.2 c=2.0  kl=0.0404  vl=0.0647
Step: 2347008 SPS: 3853  ev=0.620  ent=0.707  grad=0.52/0.50  h=0.2 c=1.7  kl=0.0447  vl=0.0585
Step: 2351104 SPS: 3853  ev=0.630  ent=0.721  grad=0.64/0.50  h=0.2 c=1.5  kl=0.0463  vl=0.0590
Step: 2355200 SPS: 3854  ev=0.608  ent=0.756  grad=0.46/0.46  h=0.2 c=2.0  kl=0.0311  vl=0.0574
Step: 2359296 SPS: 3855  ev=0.665  ent=0.713  grad=0.63/0.50  h=0.2 c=1.7  kl=0.0418  vl=0.0549
Step: 2363392 SPS: 3856  ev=0.582  ent=0.682  grad=0.58/0.50  h=0.2 c=1.7  kl=0.0324  vl=0.0581
Step: 2367488 SPS: 3855  ev=0.653  ent=0.722  grad=0.47/0.47  h=0.2 c=2.1  kl=0.0485  vl=0.0536
Step: 2371584 SPS: 3855  ev=0.636  ent=0.743  grad=0.48/0.48  h=0.2 c=2.1  kl=0.0405  vl=0.0622
  vs Heur:   29W/73L/0D | score=0.2±12.4 inv=0.0 played=14.8 lanes=5.0 ddraw=0.9 pts=0
  vs Random: 101W/0L/0D | score=24.6±13.4 inv=0.0 played=18.1 lanes=5.0 ddraw=2.1 pts=25
  Self-play: 52W/47L/2D | score=-0.2±13.8 inv=0.0 played=14.8 lanes=5.0 ddraw=0.6 pts=-0
Step: 2375680 SPS: 3855  ev=0.629  ent=0.716  grad=0.73/0.50  h=0.2 c=1.6  kl=0.0367  vl=0.0815
Step: 2379776 SPS: 3855  ev=0.647  ent=0.750  grad=1.10/0.50  h=0.2 c=1.8  kl=0.0432  vl=0.0905
Step: 2383872 SPS: 3856  ev=0.667  ent=0.697  grad=0.58/0.50  h=0.1 c=1.6  kl=0.0361  vl=0.0703
Step: 2387968 SPS: 3856  ev=0.601  ent=0.741  grad=0.64/0.50  h=0.3 c=1.9  kl=0.0429  vl=0.0689
Step: 2392064 SPS: 3856  ev=0.659  ent=0.734  grad=0.57/0.50  h=0.1 c=2.4  kl=0.0355  vl=0.0573
Step: 2396160 SPS: 3856  ev=0.627  ent=0.748  grad=0.80/0.50  h=0.2 c=2.6  kl=0.0470  vl=0.0599
Step: 2400256 SPS: 3856  ev=0.636  ent=0.774  grad=0.77/0.50  h=0.1 c=2.7  kl=0.0363  vl=0.0587
Step: 2404352 SPS: 3856  ev=0.632  ent=0.736  grad=1.13/0.50  h=0.2 c=3.3  kl=0.0482  vl=0.0762
Step: 2408448 SPS: 3856  ev=0.627  ent=0.740  grad=0.38/0.38  h=0.2 c=3.1  kl=0.0390  vl=0.0563
Step: 2412544 SPS: 3856  ev=0.640  ent=0.714  grad=0.74/0.50  h=0.3 c=2.8  kl=0.0468  vl=0.0791
Step: 2416640 SPS: 3856  ev=0.648  ent=0.703  grad=0.43/0.43  h=0.1 c=3.1  kl=0.0374  vl=0.0673
Step: 2420736 SPS: 3856  ev=0.614  ent=0.743  grad=0.50/0.50  h=0.1 c=2.8  kl=0.0317  vl=0.0528
Step: 2424832 SPS: 3856  ev=0.594  ent=0.718  grad=1.49/0.50  h=0.2 c=2.9  kl=0.0460  vl=0.0674
Step: 2428928 SPS: 3856  ev=0.610  ent=0.735  grad=0.49/0.49  h=0.1 c=3.2  kl=0.0375  vl=0.0625
Step: 2433024 SPS: 3856  ev=0.617  ent=0.685  grad=0.44/0.44  h=0.1 c=3.1  kl=0.0337  vl=0.0545
Step: 2437120 SPS: 3857  ev=0.621  ent=0.739  grad=0.55/0.50  h=0.2 c=2.9  kl=0.0397  vl=0.0609
Step: 2441216 SPS: 3859  ev=0.622  ent=0.702  grad=0.63/0.50  h=0.2 c=2.5  kl=0.0392  vl=0.0681
Step: 2445312 SPS: 3859  ev=0.603  ent=0.755  grad=0.49/0.49  h=0.2 c=2.9  kl=0.0498  vl=0.0707
Step: 2449408 SPS: 3859  ev=0.551  ent=0.763  grad=0.67/0.50  h=0.1 c=2.7  kl=0.0643  vl=0.0590
Step: 2453504 SPS: 3858  ev=0.572  ent=0.725  grad=0.59/0.50  h=0.2 c=2.3  kl=0.0351  vl=0.0445
  vs Heur:   26W/70L/4D | score=0.2±11.1 inv=0.0 played=14.8 lanes=5.0 ddraw=0.8 pts=0
  vs Random: 100W/0L/0D | score=23.6±15.9 inv=0.0 played=17.9 lanes=5.0 ddraw=2.1 pts=24
  Self-play: 48W/53L/2D | score=-2.6±12.3 inv=0.0 played=14.5 lanes=5.0 ddraw=0.7 pts=-3
Step: 2457600 SPS: 3858  ev=0.611  ent=0.732  grad=0.60/0.50  h=0.2 c=3.6  kl=0.0435  vl=0.0560
Step: 2461696 SPS: 3858  ev=0.603  ent=0.681  grad=0.61/0.50  h=0.2 c=3.9  kl=0.0437  vl=0.0820
Step: 2465792 SPS: 3858  ev=0.673  ent=0.724  grad=0.54/0.50  h=0.2 c=5.0  kl=0.0470  vl=0.0611
Step: 2469888 SPS: 3858  ev=0.631  ent=0.751  grad=0.56/0.50  h=0.2 c=4.2  kl=0.0339  vl=0.0806
Step: 2473984 SPS: 3858  ev=0.636  ent=0.692  grad=0.62/0.50  h=0.1 c=3.9  kl=0.0386  vl=0.0682
Step: 2478080 SPS: 3858  ev=0.673  ent=0.714  grad=0.63/0.50  h=0.1 c=5.0  kl=0.0398  vl=0.0587
Step: 2482176 SPS: 3858  ev=0.643  ent=0.714  grad=0.50/0.50  h=0.2 c=5.5  kl=0.0373  vl=0.0797
Step: 2486272 SPS: 3859  ev=0.623  ent=0.724  grad=0.55/0.50  h=0.2 c=5.8  kl=0.0392  vl=0.0747
Step: 2490368 SPS: 3858  ev=0.616  ent=0.727  grad=0.59/0.50  h=0.2 c=6.1  kl=0.0400  vl=0.0763
Step: 2494464 SPS: 3858  ev=0.633  ent=0.705  grad=0.73/0.50  h=0.2 c=6.6  kl=0.0462  vl=0.0674
Step: 2498560 SPS: 3858  ev=0.666  ent=0.741  grad=0.99/0.50  h=0.1 c=6.6  kl=0.0731  vl=0.0617
Step: 2502656 SPS: 3858  ev=0.628  ent=0.678  grad=0.65/0.50  h=0.1 c=4.6  kl=0.0351  vl=0.0668
Step: 2506752 SPS: 3858  ev=0.650  ent=0.680  grad=0.41/0.41  h=0.2 c=5.2  kl=0.0373  vl=0.0566
Step: 2510848 SPS: 3858  ev=0.610  ent=0.680  grad=0.66/0.50  h=0.1 c=5.5  kl=0.0428  vl=0.0930
Step: 2514944 SPS: 3859  ev=0.619  ent=0.662  grad=0.54/0.50  h=0.2 c=4.3  kl=0.0568  vl=0.0755
Step: 2519040 SPS: 3859  ev=0.638  ent=0.699  grad=0.52/0.50  h=0.1 c=4.4  kl=0.0287  vl=0.0467
Step: 2523136 SPS: 3860  ev=0.628  ent=0.696  grad=0.36/0.36  h=0.2 c=4.8  kl=0.0329  vl=0.0719
Step: 2527232 SPS: 3860  ev=0.601  ent=0.731  grad=0.45/0.45  h=0.2 c=4.4  kl=0.0363  vl=0.0419
Step: 2531328 SPS: 3860  ev=0.646  ent=0.697  grad=1.00/0.50  h=0.2 c=3.1  kl=0.0372  vl=0.0648
Step: 2535424 SPS: 3860  ev=0.597  ent=0.683  grad=1.37/0.50  h=0.2 c=5.8  kl=0.0331  vl=0.0768
  vs Heur:   32W/73L/0D | score=0.7±14.7 inv=0.0 played=14.8 lanes=5.0 ddraw=0.7 pts=1
  vs Random: 102W/0L/0D | score=20.0±13.7 inv=0.0 played=17.5 lanes=5.0 ddraw=2.0 pts=20
  Self-play: 45W/57L/2D | score=0.1±11.7 inv=0.0 played=15.0 lanes=5.0 ddraw=0.5 pts=0
Step: 2539520 SPS: 3861  ev=0.610  ent=0.732  grad=0.80/0.50  h=0.2 c=5.4  kl=0.0349  vl=0.0453
Step: 2543616 SPS: 3861  ev=0.598  ent=0.771  grad=0.60/0.50  h=0.2 c=5.2  kl=0.0370  vl=0.0539
Step: 2547712 SPS: 3861  ev=0.606  ent=0.731  grad=0.53/0.50  h=0.3 c=4.3  kl=0.0418  vl=0.0504
Step: 2551808 SPS: 3860  ev=0.621  ent=0.696  grad=0.60/0.50  h=0.3 c=4.8  kl=0.0371  vl=0.0585
Step: 2555904 SPS: 3860  ev=0.635  ent=0.699  grad=0.94/0.50  h=0.3 c=5.3  kl=0.0352  vl=0.0675
Step: 2560000 SPS: 3859  ev=0.670  ent=0.664  grad=0.53/0.50  h=0.3 c=5.0  kl=0.0413  vl=0.0607
Step: 2564096 SPS: 3859  ev=0.653  ent=0.688  grad=0.42/0.42  h=0.3 c=6.1  kl=0.0412  vl=0.0604
Step: 2568192 SPS: 3859  ev=0.609  ent=0.678  grad=0.40/0.40  h=0.3 c=4.8  kl=0.0346  vl=0.0744
Step: 2572288 SPS: 3859  ev=0.620  ent=0.689  grad=0.77/0.50  h=0.3 c=4.8  kl=0.0344  vl=0.0541
Step: 2576384 SPS: 3859  ev=0.616  ent=0.687  grad=0.56/0.50  h=0.3 c=5.1  kl=0.0397  vl=0.0572
Step: 2580480 SPS: 3859  ev=0.612  ent=0.741  grad=0.61/0.50  h=0.3 c=4.5  kl=0.0387  vl=0.0646
Step: 2584576 SPS: 3859  ev=0.615  ent=0.654  grad=1.14/0.50  h=0.3 c=5.1  kl=0.0346  vl=0.0705
Step: 2588672 SPS: 3859  ev=0.628  ent=0.733  grad=0.84/0.50  h=0.2 c=4.4  kl=0.0347  vl=0.0770
Step: 2592768 SPS: 3859  ev=0.633  ent=0.701  grad=0.44/0.44  h=0.2 c=4.7  kl=0.0263  vl=0.0699
Step: 2596864 SPS: 3859  ev=0.638  ent=0.722  grad=0.49/0.49  h=0.3 c=4.2  kl=0.0441  vl=0.0689
Step: 2600960 SPS: 3859  ev=0.633  ent=0.693  grad=0.50/0.50  h=0.2 c=3.7  kl=0.0371  vl=0.0516
Step: 2605056 SPS: 3860  ev=0.595  ent=0.691  grad=0.65/0.50  h=0.2 c=4.3  kl=0.0409  vl=0.0566
Step: 2609152 SPS: 3860  ev=0.618  ent=0.739  grad=0.97/0.50  h=0.3 c=4.8  kl=0.0501  vl=0.0761
Step: 2613248 SPS: 3860  ev=0.632  ent=0.699  grad=0.67/0.50  h=0.3 c=4.6  kl=0.0446  vl=0.0491
Step: 2617344 SPS: 3860  ev=0.615  ent=0.691  grad=0.43/0.43  h=0.3 c=4.7  kl=0.0273  vl=0.0562
  vs Heur:   33W/70L/2D | score=1.4±13.8 inv=0.0 played=15.0 lanes=5.0 ddraw=0.8 pts=1
  vs Random: 101W/0L/0D | score=20.1±15.7 inv=0.0 played=17.7 lanes=5.0 ddraw=2.1 pts=20
  Self-play: 58W/47L/0D | score=0.4±15.2 inv=0.0 played=15.0 lanes=5.0 ddraw=0.7 pts=0
Step: 2621440 SPS: 3859  ev=0.669  ent=0.692  grad=0.59/0.50  h=0.3 c=4.2  kl=0.0336  vl=0.0845
Step: 2625536 SPS: 3859  ev=0.589  ent=0.714  grad=0.43/0.43  h=0.3 c=4.5  kl=0.0282  vl=0.0491
Step: 2629632 SPS: 3859  ev=0.630  ent=0.700  grad=0.63/0.50  h=0.3 c=4.1  kl=0.0429  vl=0.0596
Step: 2633728 SPS: 3859  ev=0.597  ent=0.731  grad=0.54/0.50  h=0.3 c=3.6  kl=0.0329  vl=0.0459
Step: 2637824 SPS: 3859  ev=0.607  ent=0.694  grad=0.52/0.50  h=0.3 c=4.2  kl=0.0286  vl=0.0718
Step: 2641920 SPS: 3859  ev=0.597  ent=0.725  grad=0.54/0.50  h=0.3 c=3.8  kl=0.0307  vl=0.0504
Step: 2646016 SPS: 3859  ev=0.641  ent=0.706  grad=0.70/0.50  h=0.3 c=4.2  kl=0.0316  vl=0.0631
Step: 2650112 SPS: 3859  ev=0.639  ent=0.741  grad=0.42/0.42  h=0.4 c=3.4  kl=0.0442  vl=0.0626
Step: 2654208 SPS: 3859  ev=0.625  ent=0.722  grad=0.83/0.50  h=0.4 c=4.0  kl=0.0383  vl=0.0750
Step: 2658304 SPS: 3858  ev=0.618  ent=0.698  grad=0.50/0.50  h=0.3 c=3.4  kl=0.0302  vl=0.0693
Step: 2662400 SPS: 3859  ev=0.580  ent=0.689  grad=0.64/0.50  h=0.3 c=3.6  kl=0.0346  vl=0.0625
Step: 2666496 SPS: 3858  ev=0.556  ent=0.715  grad=0.69/0.50  h=0.3 c=3.5  kl=0.0403  vl=0.0608
Step: 2670592 SPS: 3858  ev=0.629  ent=0.740  grad=0.62/0.50  h=0.4 c=4.0  kl=0.0414  vl=0.0723
Step: 2674688 SPS: 3858  ev=0.600  ent=0.693  grad=0.65/0.50  h=0.4 c=4.2  kl=0.0281  vl=0.0536
Step: 2678784 SPS: 3858  ev=0.663  ent=0.671  grad=0.78/0.50  h=0.4 c=6.1  kl=0.0295  vl=0.0752
Step: 2682880 SPS: 3859  ev=0.634  ent=0.728  grad=1.34/0.50  h=0.4 c=5.3  kl=0.0453  vl=0.0852
Step: 2686976 SPS: 3860  ev=0.610  ent=0.679  grad=0.53/0.50  h=0.4 c=4.7  kl=0.0309  vl=0.0533
Step: 2691072 SPS: 3860  ev=0.658  ent=0.734  grad=0.60/0.50  h=0.4 c=5.1  kl=0.0392  vl=0.0561
Step: 2695168 SPS: 3860  ev=0.641  ent=0.697  grad=0.96/0.50  h=0.4 c=6.8  kl=0.0355  vl=0.0600
Step: 2699264 SPS: 3860  ev=0.624  ent=0.726  grad=0.66/0.50  h=0.4 c=5.7  kl=0.0522  vl=0.0810
  vs Heur:   38W/64L/1D | score=1.4±12.8 inv=0.0 played=14.9 lanes=5.0 ddraw=0.8 pts=1
  vs Random: 101W/0L/0D | score=21.6±15.9 inv=0.0 played=17.8 lanes=5.0 ddraw=1.7 pts=22
  Self-play: 54W/52L/0D | score=1.8±12.6 inv=0.0 played=15.1 lanes=5.0 ddraw=0.5 pts=2
Step: 2703360 SPS: 3860  ev=0.610  ent=0.726  grad=0.57/0.50  h=0.4 c=5.7  kl=0.0436  vl=0.0873
Step: 2707456 SPS: 3860  ev=0.643  ent=0.714  grad=0.60/0.50  h=0.4 c=6.2  kl=0.0335  vl=0.0607
Step: 2711552 SPS: 3860  ev=0.618  ent=0.652  grad=0.70/0.50  h=0.3 c=6.3  kl=0.0638  vl=0.0600
Step: 2715648 SPS: 3860  ev=0.660  ent=0.741  grad=0.53/0.50  h=0.4 c=6.0  kl=0.0624  vl=0.0538
Step: 2719744 SPS: 3860  ev=0.633  ent=0.723  grad=0.44/0.44  h=0.4 c=5.7  kl=0.0417  vl=0.0563
Step: 2723840 SPS: 3860  ev=0.581  ent=0.697  grad=0.73/0.50  h=0.4 c=5.3  kl=0.0455  vl=0.0677
Step: 2727936 SPS: 3860  ev=0.651  ent=0.692  grad=0.50/0.50  h=0.4 c=5.1  kl=0.0352  vl=0.0521
Step: 2732032 SPS: 3860  ev=0.624  ent=0.657  grad=0.56/0.50  h=0.4 c=5.6  kl=0.0413  vl=0.0534
Step: 2736128 SPS: 3860  ev=0.626  ent=0.707  grad=0.48/0.48  h=0.3 c=5.4  kl=0.0504  vl=0.0528
Step: 2740224 SPS: 3860  ev=0.599  ent=0.665  grad=0.68/0.50  h=0.3 c=5.2  kl=0.0296  vl=0.0626
Step: 2744320 SPS: 3860  ev=0.641  ent=0.713  grad=1.04/0.50  h=0.3 c=6.7  kl=0.0331  vl=0.0756
Step: 2748416 SPS: 3860  ev=0.665  ent=0.662  grad=0.60/0.50  h=0.3 c=7.4  kl=0.0322  vl=0.0533
Step: 2752512 SPS: 3861  ev=0.594  ent=0.678  grad=0.49/0.49  h=0.3 c=6.8  kl=0.0382  vl=0.0411
Step: 2756608 SPS: 3860  ev=0.577  ent=0.650  grad=0.81/0.50  h=0.4 c=6.1  kl=0.0299  vl=0.0547
Step: 2760704 SPS: 3861  ev=0.648  ent=0.667  grad=0.66/0.50  h=0.4 c=7.0  kl=0.0411  vl=0.0609
Step: 2764800 SPS: 3861  ev=0.641  ent=0.632  grad=0.43/0.43  h=0.3 c=6.4  kl=0.0416  vl=0.0653
Step: 2768896 SPS: 3862  ev=0.647  ent=0.662  grad=0.56/0.50  h=0.4 c=5.7  kl=0.0248  vl=0.0619
Step: 2772992 SPS: 3862  ev=0.661  ent=0.693  grad=0.42/0.42  h=0.4 c=7.0  kl=0.0358  vl=0.0793
Step: 2777088 SPS: 3862  ev=0.583  ent=0.691  grad=0.93/0.50  h=0.4 c=7.0  kl=0.0427  vl=0.0628
Step: 2781184 SPS: 3863  ev=0.655  ent=0.666  grad=0.61/0.50  h=0.3 c=8.9  kl=0.0312  vl=0.0531
  vs Heur:   30W/69L/1D | score=0.9±13.8 inv=0.0 played=14.8 lanes=5.0 ddraw=0.7 pts=1
  vs Random: 101W/0L/0D | score=26.2±15.1 inv=0.0 played=18.4 lanes=5.0 ddraw=1.6 pts=26
  Self-play: 47W/58L/2D | score=0.8±12.1 inv=0.0 played=15.1 lanes=5.0 ddraw=0.5 pts=1
Step: 2785280 SPS: 3862  ev=0.669  ent=0.636  grad=0.66/0.50  h=0.4 c=9.7  kl=0.0281  vl=0.0474
Step: 2789376 SPS: 3862  ev=0.650  ent=0.693  grad=0.66/0.50  h=0.4 c=6.9  kl=0.0326  vl=0.0604
Step: 2793472 SPS: 3862  ev=0.658  ent=0.681  grad=0.67/0.50  h=0.4 c=7.3  kl=0.0269  vl=0.0672
Step: 2797568 SPS: 3862  ev=0.646  ent=0.666  grad=0.51/0.50  h=0.4 c=8.4  kl=0.0473  vl=0.0775
Step: 2801664 SPS: 3863  ev=0.649  ent=0.660  grad=0.83/0.50  h=0.5 c=7.2  kl=0.0415  vl=0.0633
Step: 2805760 SPS: 3863  ev=0.605  ent=0.620  grad=0.52/0.50  h=0.5 c=8.4  kl=0.0441  vl=0.0635
Step: 2809856 SPS: 3863  ev=0.647  ent=0.656  grad=0.56/0.50  h=0.5 c=9.8  kl=0.0340  vl=0.0520
Step: 2813952 SPS: 3863  ev=0.626  ent=0.680  grad=0.49/0.49  h=0.6 c=9.1  kl=0.0372  vl=0.0689
Step: 2818048 SPS: 3864  ev=0.650  ent=0.655  grad=0.47/0.47  h=0.6 c=10.2  kl=0.0391  vl=0.0680
Step: 2822144 SPS: 3864  ev=0.608  ent=0.672  grad=0.58/0.50  h=0.5 c=7.4  kl=0.0319  vl=0.0764
Step: 2826240 SPS: 3864  ev=0.655  ent=0.669  grad=0.35/0.35  h=0.6 c=8.3  kl=0.0620  vl=0.0715
Step: 2830336 SPS: 3865  ev=0.648  ent=0.677  grad=0.95/0.50  h=0.5 c=6.7  kl=0.0442  vl=0.0708
Step: 2834432 SPS: 3865  ev=0.654  ent=0.660  grad=0.51/0.50  h=0.6 c=7.1  kl=0.0567  vl=0.0704
Step: 2838528 SPS: 3865  ev=0.640  ent=0.676  grad=0.55/0.50  h=0.6 c=7.5  kl=0.0440  vl=0.0644
Step: 2842624 SPS: 3865  ev=0.593  ent=0.660  grad=0.58/0.50  h=0.5 c=7.8  kl=0.0363  vl=0.0602
Step: 2846720 SPS: 3866  ev=0.626  ent=0.648  grad=0.41/0.41  h=0.5 c=8.3  kl=0.0309  vl=0.0555
Step: 2850816 SPS: 3866  ev=0.624  ent=0.663  grad=0.76/0.50  h=0.4 c=7.4  kl=0.0420  vl=0.0700
Step: 2854912 SPS: 3867  ev=0.670  ent=0.697  grad=0.97/0.50  h=0.5 c=7.8  kl=0.0352  vl=0.0653
Step: 2859008 SPS: 3867  ev=0.570  ent=0.645  grad=0.34/0.34  h=0.5 c=6.2  kl=0.0449  vl=0.0624
Step: 2863104 SPS: 3867  ev=0.643  ent=0.694  grad=0.52/0.50  h=0.5 c=7.7  kl=0.0355  vl=0.0592
  vs Heur:   31W/69L/1D | score=0.6±13.0 inv=0.0 played=15.0 lanes=5.0 ddraw=0.8 pts=1
  vs Random: 100W/0L/0D | score=23.7±15.1 inv=0.0 played=18.3 lanes=5.0 ddraw=1.8 pts=24
  Self-play: 46W/54L/0D | score=-2.0±12.9 inv=0.0 played=14.8 lanes=5.0 ddraw=0.6 pts=-2
Step: 2867200 SPS: 3867  ev=0.664  ent=0.682  grad=0.96/0.50  h=0.5 c=8.3  kl=0.0316  vl=0.0558
Step: 2871296 SPS: 3867  ev=0.648  ent=0.682  grad=0.81/0.50  h=0.5 c=5.3  kl=0.0332  vl=0.0530
Step: 2875392 SPS: 3867  ev=0.601  ent=0.698  grad=0.40/0.40  h=0.5 c=5.3  kl=0.0402  vl=0.0667
Step: 2879488 SPS: 3867  ev=0.616  ent=0.656  grad=0.55/0.50  h=0.5 c=4.7  kl=0.0247  vl=0.0486
Step: 2883584 SPS: 3867  ev=0.653  ent=0.639  grad=0.48/0.48  h=0.5 c=3.9  kl=0.0356  vl=0.0531
Step: 2887680 SPS: 3867  ev=0.652  ent=0.670  grad=0.62/0.50  h=0.5 c=5.8  kl=0.0228  vl=0.0642
Step: 2891776 SPS: 3867  ev=0.647  ent=0.672  grad=0.43/0.43  h=0.6 c=4.5  kl=0.0638  vl=0.0529
Step: 2895872 SPS: 3867  ev=0.616  ent=0.679  grad=0.51/0.50  h=0.6 c=4.2  kl=0.0318  vl=0.0595
Step: 2899968 SPS: 3867  ev=0.660  ent=0.623  grad=0.59/0.50  h=0.5 c=4.0  kl=0.0322  vl=0.0565
Step: 2904064 SPS: 3867  ev=0.590  ent=0.641  grad=0.65/0.50  h=0.5 c=3.2  kl=0.0266  vl=0.0618
Step: 2908160 SPS: 3868  ev=0.613  ent=0.681  grad=0.56/0.50  h=0.5 c=3.0  kl=0.0311  vl=0.0556
Step: 2912256 SPS: 3867  ev=0.653  ent=0.652  grad=0.42/0.42  h=0.5 c=3.3  kl=0.0402  vl=0.0508
Step: 2916352 SPS: 3868  ev=0.605  ent=0.687  grad=0.70/0.50  h=0.5 c=4.2  kl=0.0369  vl=0.0584
Step: 2920448 SPS: 3867  ev=0.660  ent=0.681  grad=0.73/0.50  h=0.5 c=3.4  kl=0.0511  vl=0.0631
Step: 2924544 SPS: 3867  ev=0.613  ent=0.683  grad=0.73/0.50  h=0.5 c=3.7  kl=0.0319  vl=0.0517
Step: 2928640 SPS: 3867  ev=0.641  ent=0.671  grad=0.81/0.50  h=0.5 c=3.6  kl=0.0404  vl=0.0554
Step: 2932736 SPS: 3868  ev=0.642  ent=0.652  grad=0.51/0.50  h=0.5 c=3.6  kl=0.0275  vl=0.0579
Step: 2936832 SPS: 3869  ev=0.603  ent=0.704  grad=0.51/0.50  h=0.5 c=4.3  kl=0.0367  vl=0.0595
Step: 2940928 SPS: 3868  ev=0.566  ent=0.652  grad=0.35/0.35  h=0.6 c=5.0  kl=0.0394  vl=0.0680
Step: 2945024 SPS: 3869  ev=0.639  ent=0.676  grad=0.46/0.46  h=0.5 c=5.6  kl=0.0341  vl=0.0473
  vs Heur:   32W/70L/1D | score=1.7±15.1 inv=0.0 played=15.1 lanes=5.0 ddraw=1.0 pts=2
  vs Random: 100W/0L/0D | score=20.4±17.4 inv=0.0 played=17.7 lanes=5.0 ddraw=2.1 pts=20
  Self-play: 51W/46L/4D | score=3.1±11.1 inv=0.0 played=15.3 lanes=5.0 ddraw=0.4 pts=3
Step: 2949120 SPS: 3869  ev=0.593  ent=0.656  grad=0.43/0.43  h=0.5 c=5.4  kl=0.0306  vl=0.0738
Step: 2953216 SPS: 3869  ev=0.611  ent=0.695  grad=0.58/0.50  h=0.6 c=6.3  kl=0.0374  vl=0.0725
Step: 2957312 SPS: 3869  ev=0.640  ent=0.647  grad=0.79/0.50  h=0.5 c=6.7  kl=0.0332  vl=0.0618
Step: 2961408 SPS: 3869  ev=0.562  ent=0.689  grad=0.67/0.50  h=0.6 c=6.2  kl=0.0454  vl=0.0620
Step: 2965504 SPS: 3869  ev=0.616  ent=0.629  grad=0.49/0.49  h=0.6 c=7.3  kl=0.0356  vl=0.0655
Step: 2969600 SPS: 3869  ev=0.586  ent=0.666  grad=0.71/0.50  h=0.6 c=7.1  kl=0.0372  vl=0.0755
Step: 2973696 SPS: 3869  ev=0.661  ent=0.695  grad=0.45/0.45  h=0.6 c=5.8  kl=0.0402  vl=0.0551
Step: 2977792 SPS: 3869  ev=0.652  ent=0.653  grad=0.38/0.38  h=0.6 c=7.4  kl=0.0395  vl=0.0606
Step: 2981888 SPS: 3869  ev=0.583  ent=0.680  grad=0.80/0.50  h=0.7 c=8.3  kl=0.0300  vl=0.0672
Step: 2985984 SPS: 3869  ev=0.558  ent=0.653  grad=0.50/0.50  h=0.6 c=7.5  kl=0.0323  vl=0.0581
Step: 2990080 SPS: 3868  ev=0.620  ent=0.686  grad=0.49/0.49  h=0.6 c=6.6  kl=0.0315  vl=0.0608
Step: 2994176 SPS: 3868  ev=0.657  ent=0.673  grad=0.45/0.45  h=0.6 c=8.0  kl=0.0363  vl=0.0425
Step: 2998272 SPS: 3868  ev=0.675  ent=0.632  grad=0.48/0.48  h=0.6 c=8.4  kl=0.0373  vl=0.0538
Step: 3002368 SPS: 3868  ev=0.630  ent=0.668  grad=0.46/0.46  h=0.6 c=7.2  kl=0.0376  vl=0.0628
Step: 3006464 SPS: 3868  ev=0.648  ent=0.692  grad=0.41/0.41  h=0.6 c=7.2  kl=0.0424  vl=0.0647
Step: 3010560 SPS: 3868  ev=0.637  ent=0.649  grad=0.55/0.50  h=0.6 c=6.3  kl=0.0438  vl=0.0599
Step: 3014656 SPS: 3868  ev=0.592  ent=0.659  grad=0.72/0.50  h=0.6 c=7.2  kl=0.0507  vl=0.0690
Step: 3018752 SPS: 3870  ev=0.684  ent=0.667  grad=0.60/0.50  h=0.6 c=6.5  kl=0.0359  vl=0.0497
Step: 3022848 SPS: 3870  ev=0.650  ent=0.680  grad=0.51/0.50  h=0.6 c=5.1  kl=0.0346  vl=0.0675
Step: 3026944 SPS: 3870  ev=0.641  ent=0.677  grad=0.43/0.43  h=0.6 c=5.8  kl=0.0467  vl=0.0855
  vs Heur:   33W/75L/0D | score=1.0±13.7 inv=0.0 played=15.0 lanes=5.0 ddraw=1.1 pts=1
  vs Random: 101W/0L/0D | score=26.8±16.3 inv=0.0 played=18.3 lanes=5.0 ddraw=2.2 pts=27
  Self-play: 45W/53L/2D | score=1.1±12.3 inv=0.0 played=15.0 lanes=5.0 ddraw=1.0 pts=1
Step: 3031040 SPS: 3870  ev=0.635  ent=0.662  grad=0.68/0.50  h=0.6 c=5.5  kl=0.0398  vl=0.0706
Step: 3035136 SPS: 3870  ev=0.626  ent=0.689  grad=1.05/0.50  h=0.6 c=5.5  kl=0.0319  vl=0.0724
Step: 3039232 SPS: 3870  ev=0.659  ent=0.688  grad=1.03/0.50  h=0.6 c=5.1  kl=0.0456  vl=0.0810
Step: 3043328 SPS: 3870  ev=0.617  ent=0.719  grad=0.51/0.50  h=0.5 c=4.8  kl=0.0315  vl=0.0640
Step: 3047424 SPS: 3870  ev=0.643  ent=0.702  grad=0.47/0.47  h=0.5 c=5.7  kl=0.0283  vl=0.0591
Step: 3051520 SPS: 3870  ev=0.639  ent=0.694  grad=1.06/0.50  h=0.6 c=4.2  kl=0.0493  vl=0.0769
Step: 3055616 SPS: 3870  ev=0.637  ent=0.694  grad=1.04/0.50  h=0.6 c=5.1  kl=0.0498  vl=0.0795
Step: 3059712 SPS: 3870  ev=0.671  ent=0.627  grad=0.93/0.50  h=0.5 c=4.2  kl=0.0278  vl=0.0644
Step: 3063808 SPS: 3870  ev=0.630  ent=0.647  grad=0.63/0.50  h=0.6 c=4.4  kl=0.0314  vl=0.0648
Step: 3067904 SPS: 3870  ev=0.550  ent=0.663  grad=0.48/0.48  h=0.5 c=4.7  kl=0.0407  vl=0.0702
Step: 3072000 SPS: 3869  ev=0.623  ent=0.652  grad=0.56/0.50  h=0.5 c=3.4  kl=0.0255  vl=0.0565
Step: 3076096 SPS: 3870  ev=0.600  ent=0.698  grad=0.36/0.36  h=0.6 c=3.9  kl=0.0346  vl=0.0588
Step: 3080192 SPS: 3870  ev=0.617  ent=0.668  grad=0.33/0.33  h=0.5 c=4.2  kl=0.0387  vl=0.0587
Step: 3084288 SPS: 3870  ev=0.623  ent=0.690  grad=0.49/0.49  h=0.5 c=3.0  kl=0.0378  vl=0.0680
Step: 3088384 SPS: 3870  ev=0.609  ent=0.685  grad=0.46/0.46  h=0.4 c=4.3  kl=0.0364  vl=0.0586
Step: 3092480 SPS: 3870  ev=0.642  ent=0.712  grad=0.73/0.50  h=0.5 c=3.2  kl=0.0443  vl=0.0589
Step: 3096576 SPS: 3870  ev=0.648  ent=0.720  grad=0.67/0.50  h=0.4 c=3.9  kl=0.0326  vl=0.0601
Step: 3100672 SPS: 3871  ev=0.637  ent=0.707  grad=0.66/0.50  h=0.5 c=3.0  kl=0.0490  vl=0.0660
Step: 3104768 SPS: 3872  ev=0.625  ent=0.631  grad=0.59/0.50  h=0.5 c=3.3  kl=0.0215  vl=0.0520
Step: 3108864 SPS: 3872  ev=0.638  ent=0.675  grad=1.02/0.50  h=0.4 c=2.9  kl=0.0421  vl=0.0630
  vs Heur:   33W/63L/4D | score=2.2±14.5 inv=0.0 played=15.1 lanes=5.0 ddraw=1.1 pts=2
  vs Random: 101W/0L/0D | score=27.6±14.4 inv=0.0 played=18.6 lanes=5.0 ddraw=2.0 pts=28
  Self-play: 42W/57L/6D | score=0.8±12.7 inv=0.0 played=15.1 lanes=5.0 ddraw=1.0 pts=1
Step: 3112960 SPS: 3872  ev=0.645  ent=0.623  grad=0.37/0.37  h=0.5 c=3.9  kl=0.0290  vl=0.0642
Step: 3117056 SPS: 3873  ev=0.629  ent=0.650  grad=0.68/0.50  h=0.5 c=2.8  kl=0.0432  vl=0.0584
Step: 3121152 SPS: 3873  ev=0.663  ent=0.674  grad=0.46/0.46  h=0.5 c=3.5  kl=0.0331  vl=0.0641
Step: 3125248 SPS: 3873  ev=0.629  ent=0.647  grad=0.69/0.50  h=0.5 c=3.3  kl=0.0327  vl=0.0546
Step: 3129344 SPS: 3873  ev=0.619  ent=0.656  grad=0.45/0.45  h=0.5 c=3.0  kl=0.0377  vl=0.0812
Step: 3133440 SPS: 3872  ev=0.652  ent=0.634  grad=0.38/0.38  h=0.6 c=2.9  kl=0.0325  vl=0.0648
Step: 3137536 SPS: 3872  ev=0.646  ent=0.683  grad=1.31/0.50  h=0.6 c=2.5  kl=0.0372  vl=0.0846
Step: 3141632 SPS: 3873  ev=0.625  ent=0.662  grad=0.56/0.50  h=0.6 c=4.2  kl=0.0392  vl=0.0598
Step: 3145728 SPS: 3873  ev=0.613  ent=0.621  grad=0.55/0.50  h=0.5 c=3.7  kl=0.0357  vl=0.0827
Step: 3149824 SPS: 3873  ev=0.653  ent=0.672  grad=0.75/0.50  h=0.5 c=3.2  kl=0.0297  vl=0.0782
Step: 3153920 SPS: 3873  ev=0.607  ent=0.603  grad=0.76/0.50  h=0.5 c=3.8  kl=0.0339  vl=0.0609
Step: 3158016 SPS: 3873  ev=0.642  ent=0.671  grad=0.59/0.50  h=0.5 c=3.9  kl=0.0522  vl=0.0640
Step: 3162112 SPS: 3872  ev=0.598  ent=0.651  grad=0.48/0.48  h=0.6 c=4.1  kl=0.0431  vl=0.0787
Step: 3166208 SPS: 3872  ev=0.656  ent=0.681  grad=0.61/0.50  h=0.6 c=4.5  kl=0.0317  vl=0.0652
Step: 3170304 SPS: 3872  ev=0.667  ent=0.610  grad=0.54/0.50  h=0.5 c=4.4  kl=0.0640  vl=0.0640
Step: 3174400 SPS: 3872  ev=0.640  ent=0.626  grad=0.61/0.50  h=0.6 c=3.7  kl=0.0414  vl=0.0769
Step: 3178496 SPS: 3872  ev=0.622  ent=0.665  grad=0.50/0.50  h=0.6 c=3.9  kl=0.0395  vl=0.0558
Step: 3182592 SPS: 3873  ev=0.661  ent=0.607  grad=0.38/0.38  h=0.6 c=3.8  kl=0.0317  vl=0.0554
Step: 3186688 SPS: 3874  ev=0.658  ent=0.578  grad=0.49/0.49  h=0.5 c=3.4  kl=0.0283  vl=0.0630
Step: 3190784 SPS: 3874  ev=0.647  ent=0.607  grad=0.69/0.50  h=0.5 c=4.2  kl=0.0343  vl=0.0620
  vs Heur:   36W/66L/2D | score=3.8±12.8 inv=0.0 played=15.4 lanes=5.0 ddraw=0.9 pts=4
  vs Random: 100W/0L/0D | score=22.7±14.2 inv=0.0 played=18.5 lanes=5.0 ddraw=2.5 pts=23
  Self-play: 43W/58L/1D | score=0.5±12.0 inv=0.0 played=15.2 lanes=5.0 ddraw=0.9 pts=0
Step: 3194880 SPS: 3874  ev=0.627  ent=0.622  grad=0.71/0.50  h=0.5 c=3.3  kl=0.0317  vl=0.0573
Step: 3198976 SPS: 3874  ev=0.636  ent=0.596  grad=0.47/0.47  h=0.5 c=3.1  kl=0.0317  vl=0.0569
Step: 3203072 SPS: 3874  ev=0.627  ent=0.588  grad=0.50/0.50  h=0.5 c=3.4  kl=0.0379  vl=0.0399
Step: 3207168 SPS: 3874  ev=0.636  ent=0.636  grad=0.59/0.50  h=0.4 c=3.7  kl=0.0417  vl=0.0757
Step: 3211264 SPS: 3873  ev=0.639  ent=0.639  grad=0.48/0.48  h=0.4 c=4.1  kl=0.0409  vl=0.0515
Step: 3215360 SPS: 3873  ev=0.609  ent=0.611  grad=0.51/0.50  h=0.4 c=3.1  kl=0.0333  vl=0.0658
Step: 3219456 SPS: 3873  ev=0.593  ent=0.593  grad=0.67/0.50  h=0.4 c=3.5  kl=0.0394  vl=0.0563
Step: 3223552 SPS: 3873  ev=0.648  ent=0.584  grad=0.39/0.39  h=0.5 c=2.9  kl=0.0298  vl=0.0452
Step: 3227648 SPS: 3873  ev=0.593  ent=0.616  grad=0.68/0.50  h=0.4 c=2.7  kl=0.0319  vl=0.0773
Step: 3231744 SPS: 3873  ev=0.643  ent=0.658  grad=0.42/0.42  h=0.5 c=2.9  kl=0.0293  vl=0.0533
Step: 3235840 SPS: 3873  ev=0.638  ent=0.603  grad=0.39/0.39  h=0.4 c=3.0  kl=0.0301  vl=0.0746
Step: 3239936 SPS: 3873  ev=0.681  ent=0.590  grad=0.65/0.50  h=0.3 c=2.2  kl=0.0368  vl=0.0573
Step: 3244032 SPS: 3873  ev=0.629  ent=0.640  grad=0.45/0.45  h=0.5 c=2.4  kl=0.0226  vl=0.0575
Step: 3248128 SPS: 3873  ev=0.647  ent=0.628  grad=0.54/0.50  h=0.4 c=2.7  kl=0.0399  vl=0.0679
Step: 3252224 SPS: 3873  ev=0.593  ent=0.638  grad=0.46/0.46  h=0.4 c=2.1  kl=0.0307  vl=0.0535
Step: 3256320 SPS: 3873  ev=0.562  ent=0.647  grad=0.42/0.42  h=0.5 c=2.6  kl=0.0264  vl=0.0516
Step: 3260416 SPS: 3873  ev=0.634  ent=0.609  grad=0.50/0.50  h=0.5 c=1.9  kl=0.0353  vl=0.0525
Step: 3264512 SPS: 3873  ev=0.600  ent=0.615  grad=0.48/0.48  h=0.5 c=2.5  kl=0.0476  vl=0.0591
Step: 3268608 SPS: 3874  ev=0.670  ent=0.620  grad=0.54/0.50  h=0.5 c=3.0  kl=0.0217  vl=0.0470
Step: 3272704 SPS: 3874  ev=0.612  ent=0.630  grad=0.41/0.41  h=0.5 c=3.7  kl=0.0298  vl=0.0715
  vs Heur:   37W/65L/2D | score=2.6±12.6 inv=0.0 played=15.1 lanes=5.0 ddraw=0.9 pts=3
  vs Random: 100W/0L/0D | score=26.1±14.1 inv=0.0 played=18.7 lanes=5.0 ddraw=2.1 pts=26
  Self-play: 51W/50L/1D | score=1.5±12.6 inv=0.0 played=15.3 lanes=5.0 ddraw=0.5 pts=1
Step: 3276800 SPS: 3873  ev=0.663  ent=0.579  grad=0.67/0.50  h=0.4 c=3.6  kl=0.0341  vl=0.0564
Step: 3280896 SPS: 3873  ev=0.626  ent=0.617  grad=0.36/0.36  h=0.5 c=2.9  kl=0.0289  vl=0.0617
Step: 3284992 SPS: 3873  ev=0.617  ent=0.631  grad=0.69/0.50  h=0.5 c=2.7  kl=0.0293  vl=0.0609
Step: 3289088 SPS: 3872  ev=0.632  ent=0.622  grad=0.59/0.50  h=0.5 c=2.8  kl=0.0484  vl=0.0629
Step: 3293184 SPS: 3872  ev=0.640  ent=0.632  grad=0.94/0.50  h=0.6 c=3.5  kl=0.0315  vl=0.0573
Step: 3297280 SPS: 3872  ev=0.658  ent=0.641  grad=0.47/0.47  h=0.5 c=3.4  kl=0.0437  vl=0.0459
Step: 3301376 SPS: 3872  ev=0.641  ent=0.631  grad=0.70/0.50  h=0.6 c=3.5  kl=0.0388  vl=0.0584
Step: 3305472 SPS: 3872  ev=0.648  ent=0.591  grad=0.51/0.50  h=0.5 c=3.7  kl=0.0440  vl=0.0460
Step: 3309568 SPS: 3872  ev=0.620  ent=0.632  grad=0.64/0.50  h=0.5 c=3.4  kl=0.0375  vl=0.0717
Step: 3313664 SPS: 3872  ev=0.627  ent=0.588  grad=0.53/0.50  h=0.5 c=4.1  kl=0.0380  vl=0.0544
Step: 3317760 SPS: 3872  ev=0.669  ent=0.608  grad=0.76/0.50  h=0.5 c=3.4  kl=0.0380  vl=0.0444
Step: 3321856 SPS: 3872  ev=0.666  ent=0.630  grad=0.49/0.49  h=0.5 c=3.5  kl=0.0425  vl=0.0569
Step: 3325952 SPS: 3872  ev=0.592  ent=0.636  grad=0.53/0.50  h=0.5 c=3.5  kl=0.0427  vl=0.0530
Step: 3330048 SPS: 3873  ev=0.634  ent=0.591  grad=0.34/0.34  h=0.5 c=4.5  kl=0.0297  vl=0.0537
Step: 3334144 SPS: 3873  ev=0.660  ent=0.635  grad=0.63/0.50  h=0.5 c=3.8  kl=0.0461  vl=0.0583
Step: 3338240 SPS: 3873  ev=0.597  ent=0.575  grad=0.61/0.50  h=0.5 c=3.6  kl=0.0320  vl=0.0544
Step: 3342336 SPS: 3873  ev=0.672  ent=0.584  grad=0.70/0.50  h=0.4 c=3.6  kl=0.0502  vl=0.0598
Step: 3346432 SPS: 3873  ev=0.588  ent=0.582  grad=0.83/0.50  h=0.5 c=2.4  kl=0.0494  vl=0.0687
Step: 3350528 SPS: 3875  ev=0.637  ent=0.616  grad=0.59/0.50  h=0.4 c=2.8  kl=0.0427  vl=0.0489
Step: 3354624 SPS: 3875  ev=0.629  ent=0.602  grad=0.64/0.50  h=0.5 c=3.2  kl=0.0402  vl=0.0579
  vs Heur:   30W/63L/7D | score=1.2±12.8 inv=0.0 played=14.9 lanes=5.0 ddraw=1.2 pts=1
  vs Random: 100W/0L/0D | score=21.4±15.5 inv=0.0 played=17.8 lanes=5.0 ddraw=3.8 pts=21
  Self-play: 52W/47L/3D | score=0.1±11.7 inv=0.0 played=15.2 lanes=5.0 ddraw=1.0 pts=0
Step: 3358720 SPS: 3875  ev=0.584  ent=0.625  grad=0.79/0.50  h=0.4 c=2.1  kl=0.0350  vl=0.0632
Step: 3362816 SPS: 3875  ev=0.626  ent=0.583  grad=0.40/0.40  h=0.4 c=2.7  kl=0.0352  vl=0.0522
Step: 3366912 SPS: 3874  ev=0.690  ent=0.607  grad=0.76/0.50  h=0.4 c=2.9  kl=0.0581  vl=0.0434
Step: 3371008 SPS: 3874  ev=0.662  ent=0.650  grad=0.55/0.50  h=0.5 c=3.5  kl=0.0449  vl=0.0648
Step: 3375104 SPS: 3874  ev=0.646  ent=0.614  grad=0.73/0.50  h=0.4 c=3.0  kl=0.0475  vl=0.0569
Step: 3379200 SPS: 3874  ev=0.589  ent=0.611  grad=0.38/0.38  h=0.5 c=3.7  kl=0.0280  vl=0.0646
Step: 3383296 SPS: 3873  ev=0.646  ent=0.620  grad=0.70/0.50  h=0.4 c=3.7  kl=0.0481  vl=0.0597
Step: 3387392 SPS: 3873  ev=0.643  ent=0.635  grad=0.32/0.32  h=0.5 c=4.3  kl=0.0589  vl=0.0817
Step: 3391488 SPS: 3873  ev=0.660  ent=0.614  grad=0.46/0.46  h=0.4 c=4.4  kl=0.0377  vl=0.0638
Step: 3395584 SPS: 3873  ev=0.624  ent=0.608  grad=0.75/0.50  h=0.4 c=4.2  kl=0.0304  vl=0.0626
Step: 3399680 SPS: 3873  ev=0.598  ent=0.643  grad=0.81/0.50  h=0.4 c=3.4  kl=0.0254  vl=0.0439
Step: 3403776 SPS: 3873  ev=0.659  ent=0.655  grad=0.44/0.44  h=0.4 c=4.0  kl=0.0362  vl=0.0521
Step: 3407872 SPS: 3874  ev=0.545  ent=0.634  grad=0.71/0.50  h=0.5 c=2.9  kl=0.0410  vl=0.0623
Step: 3411968 SPS: 3873  ev=0.631  ent=0.581  grad=0.57/0.50  h=0.5 c=4.8  kl=0.0288  vl=0.0527
Step: 3416064 SPS: 3873  ev=0.615  ent=0.612  grad=0.94/0.50  h=0.4 c=3.3  kl=0.0274  vl=0.0461
Step: 3420160 SPS: 3873  ev=0.619  ent=0.628  grad=0.61/0.50  h=0.4 c=3.9  kl=0.0348  vl=0.0640
Step: 3424256 SPS: 3873  ev=0.643  ent=0.623  grad=0.45/0.45  h=0.4 c=4.4  kl=0.0349  vl=0.0491
Step: 3428352 SPS: 3873  ev=0.673  ent=0.630  grad=0.82/0.50  h=0.4 c=4.1  kl=0.0307  vl=0.0418
Step: 3432448 SPS: 3874  ev=0.652  ent=0.631  grad=0.70/0.50  h=0.5 c=5.0  kl=0.0291  vl=0.0587
Step: 3436544 SPS: 3874  ev=0.607  ent=0.643  grad=0.50/0.50  h=0.5 c=3.8  kl=0.0375  vl=0.0561
  vs Heur:   31W/70L/3D | score=0.7±12.2 inv=0.0 played=14.9 lanes=5.0 ddraw=0.9 pts=1
  vs Random: 100W/0L/0D | score=19.9±14.5 inv=0.0 played=18.1 lanes=5.0 ddraw=3.6 pts=20
  Self-play: 50W/55L/2D | score=1.7±12.4 inv=0.0 played=15.3 lanes=5.0 ddraw=1.0 pts=2
Step: 3440640 SPS: 3874  ev=0.654  ent=0.654  grad=0.58/0.50  h=0.5 c=4.6  kl=0.0284  vl=0.0578
Step: 3444736 SPS: 3874  ev=0.685  ent=0.636  grad=0.38/0.38  h=0.5 c=4.5  kl=0.0370  vl=0.0816
Step: 3448832 SPS: 3874  ev=0.665  ent=0.617  grad=0.47/0.47  h=0.6 c=4.4  kl=0.0302  vl=0.0513
Step: 3452928 SPS: 3874  ev=0.655  ent=0.662  grad=0.44/0.44  h=0.5 c=4.5  kl=0.0402  vl=0.0674
Step: 3457024 SPS: 3874  ev=0.640  ent=0.611  grad=0.61/0.50  h=0.5 c=3.2  kl=0.0318  vl=0.0637
Step: 3461120 SPS: 3873  ev=0.661  ent=0.646  grad=0.94/0.50  h=0.5 c=3.2  kl=0.0358  vl=0.0725
Step: 3465216 SPS: 3873  ev=0.648  ent=0.594  grad=0.60/0.50  h=0.5 c=3.8  kl=0.0373  vl=0.0481
Step: 3469312 SPS: 3873  ev=0.617  ent=0.657  grad=0.54/0.50  h=0.5 c=3.4  kl=0.0488  vl=0.0551
Step: 3473408 SPS: 3873  ev=0.623  ent=0.600  grad=0.51/0.50  h=0.4 c=3.8  kl=0.0377  vl=0.0559
Step: 3477504 SPS: 3873  ev=0.647  ent=0.633  grad=0.47/0.47  h=0.4 c=3.4  kl=0.0269  vl=0.0493
Step: 3481600 SPS: 3872  ev=0.652  ent=0.684  grad=0.61/0.50  h=0.4 c=4.0  kl=0.0394  vl=0.0645
Step: 3485696 SPS: 3873  ev=0.611  ent=0.634  grad=0.59/0.50  h=0.3 c=2.8  kl=0.0402  vl=0.0667
Step: 3489792 SPS: 3872  ev=0.642  ent=0.640  grad=1.12/0.50  h=0.4 c=2.4  kl=0.0497  vl=0.0601
Step: 3493888 SPS: 3872  ev=0.663  ent=0.662  grad=0.64/0.50  h=0.4 c=3.7  kl=0.0399  vl=0.0612
Step: 3497984 SPS: 3872  ev=0.618  ent=0.642  grad=0.95/0.50  h=0.4 c=3.2  kl=0.0305  vl=0.0575
Step: 3502080 SPS: 3872  ev=0.636  ent=0.651  grad=0.68/0.50  h=0.5 c=3.6  kl=0.0402  vl=0.0610
Step: 3506176 SPS: 3872  ev=0.606  ent=0.580  grad=0.60/0.50  h=0.5 c=3.6  kl=0.0426  vl=0.0784
Step: 3510272 SPS: 3872  ev=0.684  ent=0.617  grad=0.47/0.47  h=0.5 c=3.1  kl=0.0253  vl=0.0635
Step: 3514368 SPS: 3873  ev=0.617  ent=0.621  grad=0.46/0.46  h=0.5 c=3.2  kl=0.0411  vl=0.0526
Step: 3518464 SPS: 3874  ev=0.648  ent=0.608  grad=0.37/0.37  h=0.5 c=4.1  kl=0.0408  vl=0.0613
  vs Heur:   31W/68L/4D | score=2.7±12.6 inv=0.0 played=15.2 lanes=5.0 ddraw=1.0 pts=3
  vs Random: 100W/0L/0D | score=24.9±15.2 inv=0.0 played=18.3 lanes=5.0 ddraw=2.8 pts=25
  Self-play: 59W/42L/1D | score=0.4±11.8 inv=0.0 played=15.2 lanes=5.0 ddraw=0.8 pts=0
Step: 3522560 SPS: 3873  ev=0.656  ent=0.618  grad=0.55/0.50  h=0.5 c=2.6  kl=0.0323  vl=0.0629
Step: 3526656 SPS: 3874  ev=0.652  ent=0.625  grad=0.54/0.50  h=0.5 c=3.7  kl=0.0288  vl=0.0636
Step: 3530752 SPS: 3873  ev=0.615  ent=0.604  grad=0.56/0.50  h=0.5 c=3.0  kl=0.0303  vl=0.0488
Step: 3534848 SPS: 3874  ev=0.639  ent=0.617  grad=0.62/0.50  h=0.5 c=3.1  kl=0.0308  vl=0.0585
Step: 3538944 SPS: 3874  ev=0.664  ent=0.633  grad=0.96/0.50  h=0.5 c=3.4  kl=0.0303  vl=0.0670
Step: 3543040 SPS: 3874  ev=0.616  ent=0.631  grad=0.41/0.41  h=0.5 c=3.4  kl=0.0301  vl=0.0520
Step: 3547136 SPS: 3874  ev=0.645  ent=0.624  grad=0.51/0.50  h=0.4 c=3.6  kl=0.0312  vl=0.0535
Step: 3551232 SPS: 3874  ev=0.602  ent=0.625  grad=0.41/0.41  h=0.5 c=3.0  kl=0.0331  vl=0.0553
Step: 3555328 SPS: 3873  ev=0.646  ent=0.602  grad=0.57/0.50  h=0.5 c=3.0  kl=0.0310  vl=0.0821
Step: 3559424 SPS: 3873  ev=0.598  ent=0.616  grad=0.44/0.44  h=0.5 c=3.2  kl=0.0305  vl=0.0590
Step: 3563520 SPS: 3873  ev=0.634  ent=0.616  grad=0.73/0.50  h=0.4 c=2.6  kl=0.0332  vl=0.0645
Step: 3567616 SPS: 3873  ev=0.659  ent=0.630  grad=0.50/0.50  h=0.4 c=2.5  kl=0.0335  vl=0.0840
Step: 3571712 SPS: 3872  ev=0.601  ent=0.624  grad=0.42/0.42  h=0.4 c=2.9  kl=0.0408  vl=0.0728
Step: 3575808 SPS: 3872  ev=0.623  ent=0.653  grad=1.10/0.50  h=0.4 c=2.7  kl=0.0381  vl=0.0700
Step: 3579904 SPS: 3872  ev=0.663  ent=0.642  grad=0.61/0.50  h=0.4 c=2.1  kl=0.0319  vl=0.0536
Step: 3584000 SPS: 3872  ev=0.666  ent=0.615  grad=0.65/0.50  h=0.4 c=2.5  kl=0.0295  vl=0.0527
Step: 3588096 SPS: 3872  ev=0.679  ent=0.610  grad=0.82/0.50  h=0.3 c=2.3  kl=0.0379  vl=0.0529
Step: 3592192 SPS: 3872  ev=0.693  ent=0.641  grad=0.75/0.50  h=0.3 c=2.4  kl=0.0352  vl=0.0554
Step: 3596288 SPS: 3873  ev=0.638  ent=0.637  grad=0.57/0.50  h=0.3 c=2.3  kl=0.0393  vl=0.0500
Step: 3600384 SPS: 3874  ev=0.606  ent=0.612  grad=0.39/0.39  h=0.3 c=1.6  kl=0.0500  vl=0.0620
  vs Heur:   35W/73L/0D | score=0.9±13.2 inv=0.0 played=15.0 lanes=5.0 ddraw=0.8 pts=1
  vs Random: 100W/0L/0D | score=31.1±13.6 inv=0.0 played=19.0 lanes=5.0 ddraw=2.3 pts=31
  Self-play: 53W/48L/3D | score=-0.5±12.2 inv=0.0 played=15.0 lanes=5.0 ddraw=0.7 pts=-1
Step: 3604480 SPS: 3873  ev=0.636  ent=0.613  grad=0.43/0.43  h=0.2 c=2.0  kl=0.0363  vl=0.0615
Step: 3608576 SPS: 3874  ev=0.667  ent=0.603  grad=0.42/0.42  h=0.2 c=2.1  kl=0.0325  vl=0.0588
Step: 3612672 SPS: 3873  ev=0.628  ent=0.610  grad=0.96/0.50  h=0.3 c=2.6  kl=0.0264  vl=0.0555
Step: 3616768 SPS: 3873  ev=0.679  ent=0.635  grad=0.60/0.50  h=0.2 c=2.8  kl=0.0320  vl=0.0621
Step: 3620864 SPS: 3873  ev=0.669  ent=0.670  grad=0.55/0.50  h=0.2 c=2.2  kl=0.0383  vl=0.0697
Step: 3624960 SPS: 3873  ev=0.597  ent=0.624  grad=0.49/0.49  h=0.1 c=2.3  kl=0.0373  vl=0.0584
Step: 3629056 SPS: 3873  ev=0.647  ent=0.636  grad=0.76/0.50  h=0.2 c=2.6  kl=0.0498  vl=0.0660
Step: 3633152 SPS: 3873  ev=0.640  ent=0.660  grad=0.40/0.40  h=0.2 c=1.8  kl=0.0395  vl=0.0720
Step: 3637248 SPS: 3873  ev=0.639  ent=0.621  grad=0.60/0.50  h=0.2 c=2.6  kl=0.0415  vl=0.0650
Step: 3641344 SPS: 3873  ev=0.622  ent=0.632  grad=0.38/0.38  h=0.2 c=1.9  kl=0.0297  vl=0.0694
Step: 3645440 SPS: 3873  ev=0.659  ent=0.600  grad=0.38/0.38  h=0.2 c=2.1  kl=0.0432  vl=0.0696
Step: 3649536 SPS: 3873  ev=0.640  ent=0.626  grad=0.98/0.50  h=0.2 c=2.2  kl=0.0370  vl=0.0749
Step: 3653632 SPS: 3873  ev=0.643  ent=0.612  grad=0.51/0.50  h=0.2 c=1.8  kl=0.0341  vl=0.0650
Step: 3657728 SPS: 3873  ev=0.642  ent=0.649  grad=0.53/0.50  h=0.1 c=2.2  kl=0.0360  vl=0.0635
Step: 3661824 SPS: 3873  ev=0.607  ent=0.640  grad=0.62/0.50  h=0.2 c=1.6  kl=0.0415  vl=0.0677
Step: 3665920 SPS: 3874  ev=0.649  ent=0.663  grad=0.69/0.50  h=0.2 c=1.8  kl=0.0335  vl=0.0658
Step: 3670016 SPS: 3874  ev=0.622  ent=0.621  grad=0.56/0.50  h=0.2 c=2.1  kl=0.0360  vl=0.0648
Step: 3674112 SPS: 3874  ev=0.707  ent=0.645  grad=0.36/0.36  h=0.2 c=2.4  kl=0.0442  vl=0.0678
Step: 3678208 SPS: 3875  ev=0.662  ent=0.615  grad=0.36/0.36  h=0.2 c=2.4  kl=0.0387  vl=0.0803
Step: 3682304 SPS: 3875  ev=0.615  ent=0.606  grad=0.81/0.50  h=0.2 c=2.2  kl=0.0361  vl=0.0651
  vs Heur:   35W/73L/2D | score=0.7±14.1 inv=0.0 played=14.9 lanes=5.0 ddraw=0.7 pts=1
  vs Random: 100W/0L/0D | score=27.4±13.6 inv=0.0 played=18.3 lanes=5.0 ddraw=2.7 pts=27
  Self-play: 50W/54L/2D | score=1.5±11.7 inv=0.0 played=15.4 lanes=5.0 ddraw=0.5 pts=2
Step: 3686400 SPS: 3875  ev=0.620  ent=0.627  grad=0.99/0.50  h=0.2 c=2.4  kl=0.0457  vl=0.0798
Step: 3690496 SPS: 3875  ev=0.650  ent=0.612  grad=0.45/0.45  h=0.2 c=2.4  kl=0.0308  vl=0.0669
Step: 3694592 SPS: 3875  ev=0.593  ent=0.599  grad=0.77/0.50  h=0.2 c=2.7  kl=0.0297  vl=0.0671
Step: 3698688 SPS: 3875  ev=0.609  ent=0.600  grad=0.39/0.39  h=0.3 c=2.4  kl=0.0465  vl=0.0646
Step: 3702784 SPS: 3874  ev=0.634  ent=0.602  grad=0.90/0.50  h=0.2 c=2.5  kl=0.0416  vl=0.0707
Step: 3706880 SPS: 3874  ev=0.624  ent=0.627  grad=0.68/0.50  h=0.3 c=3.3  kl=0.0372  vl=0.0796
Step: 3710976 SPS: 3874  ev=0.604  ent=0.615  grad=0.45/0.45  h=0.2 c=3.3  kl=0.0486  vl=0.0616
Step: 3715072 SPS: 3874  ev=0.663  ent=0.639  grad=0.58/0.50  h=0.1 c=2.6  kl=0.0297  vl=0.0509
Step: 3719168 SPS: 3874  ev=0.633  ent=0.604  grad=0.51/0.50  h=0.3 c=3.1  kl=0.0337  vl=0.0570
Step: 3723264 SPS: 3874  ev=0.667  ent=0.626  grad=0.44/0.44  h=0.2 c=3.6  kl=0.0300  vl=0.0745
Step: 3727360 SPS: 3874  ev=0.603  ent=0.604  grad=0.54/0.50  h=0.2 c=3.7  kl=0.0309  vl=0.0649
Step: 3731456 SPS: 3874  ev=0.593  ent=0.616  grad=0.64/0.50  h=0.3 c=2.7  kl=0.0283  vl=0.0480
Step: 3735552 SPS: 3873  ev=0.655  ent=0.648  grad=0.41/0.41  h=0.3 c=3.2  kl=0.0479  vl=0.0662
Step: 3739648 SPS: 3873  ev=0.640  ent=0.613  grad=0.44/0.44  h=0.2 c=2.4  kl=0.0450  vl=0.0647
Step: 3743744 SPS: 3873  ev=0.637  ent=0.585  grad=0.44/0.44  h=0.3 c=3.4  kl=0.0400  vl=0.0490
Step: 3747840 SPS: 3873  ev=0.580  ent=0.605  grad=0.46/0.46  h=0.2 c=2.7  kl=0.0286  vl=0.0716
Step: 3751936 SPS: 3873  ev=0.636  ent=0.635  grad=0.42/0.42  h=0.2 c=2.7  kl=0.0457  vl=0.0625
Step: 3756032 SPS: 3873  ev=0.647  ent=0.581  grad=0.56/0.50  h=0.3 c=2.8  kl=0.0356  vl=0.0654
Step: 3760128 SPS: 3873  ev=0.661  ent=0.640  grad=0.55/0.50  h=0.3 c=2.8  kl=0.0506  vl=0.0702
Step: 3764224 SPS: 3874  ev=0.688  ent=0.629  grad=0.56/0.50  h=0.2 c=3.4  kl=0.0389  vl=0.0797
  vs Heur:   37W/69L/0D | score=0.1±14.7 inv=0.0 played=14.4 lanes=4.9 ddraw=0.9 pts=0
  vs Random: 101W/1L/0D | score=21.9±12.7 inv=0.0 played=17.8 lanes=5.0 ddraw=2.3 pts=22
  Self-play: 49W/48L/3D | score=-0.0±14.3 inv=0.0 played=14.8 lanes=5.0 ddraw=0.6 pts=-0
Step: 3768320 SPS: 3874  ev=0.626  ent=0.602  grad=0.49/0.49  h=0.3 c=3.6  kl=0.0360  vl=0.0597
Step: 3772416 SPS: 3874  ev=0.642  ent=0.620  grad=0.43/0.43  h=0.3 c=3.4  kl=0.0348  vl=0.0678
Step: 3776512 SPS: 3874  ev=0.649  ent=0.652  grad=0.66/0.50  h=0.3 c=4.0  kl=0.0354  vl=0.0629
Step: 3780608 SPS: 3873  ev=0.667  ent=0.689  grad=0.39/0.39  h=0.3 c=3.1  kl=0.0442  vl=0.0692
Step: 3784704 SPS: 3874  ev=0.659  ent=0.634  grad=0.96/0.50  h=0.2 c=2.8  kl=0.0486  vl=0.0739
Step: 3788800 SPS: 3874  ev=0.628  ent=0.632  grad=0.71/0.50  h=0.3 c=3.1  kl=0.0388  vl=0.0767
Step: 3792896 SPS: 3874  ev=0.651  ent=0.613  grad=0.93/0.50  h=0.2 c=2.5  kl=0.0384  vl=0.0628
Step: 3796992 SPS: 3874  ev=0.656  ent=0.605  grad=0.71/0.50  h=0.2 c=3.6  kl=0.0316  vl=0.0732
Step: 3801088 SPS: 3874  ev=0.630  ent=0.605  grad=0.95/0.50  h=0.3 c=3.2  kl=0.0322  vl=0.0625
Step: 3805184 SPS: 3874  ev=0.652  ent=0.678  grad=0.68/0.50  h=0.2 c=3.0  kl=0.0447  vl=0.0654
Step: 3809280 SPS: 3873  ev=0.680  ent=0.614  grad=0.87/0.50  h=0.2 c=2.8  kl=0.0646  vl=0.0575
Step: 3813376 SPS: 3873  ev=0.635  ent=0.630  grad=0.57/0.50  h=0.3 c=3.3  kl=0.0454  vl=0.0759
Step: 3817472 SPS: 3873  ev=0.639  ent=0.611  grad=0.43/0.43  h=0.3 c=3.7  kl=0.0402  vl=0.0515
Step: 3821568 SPS: 3873  ev=0.622  ent=0.601  grad=0.50/0.50  h=0.3 c=3.6  kl=0.0323  vl=0.0728
Step: 3825664 SPS: 3873  ev=0.694  ent=0.622  grad=0.39/0.39  h=0.2 c=2.8  kl=0.0432  vl=0.0930
Step: 3829760 SPS: 3873  ev=0.639  ent=0.593  grad=0.64/0.50  h=0.2 c=2.7  kl=0.0351  vl=0.0491
Step: 3833856 SPS: 3873  ev=0.625  ent=0.646  grad=0.84/0.50  h=0.3 c=3.0  kl=0.0418  vl=0.0830
Step: 3837952 SPS: 3873  ev=0.633  ent=0.607  grad=0.43/0.43  h=0.3 c=3.2  kl=0.0379  vl=0.0722
Step: 3842048 SPS: 3873  ev=0.640  ent=0.592  grad=0.43/0.43  h=0.2 c=3.3  kl=0.0340  vl=0.0592
Step: 3846144 SPS: 3874  ev=0.617  ent=0.599  grad=0.91/0.50  h=0.3 c=3.1  kl=0.0432  vl=0.0787
  vs Heur:   27W/72L/1D | score=-0.5±12.8 inv=0.0 played=14.4 lanes=5.0 ddraw=0.8 pts=-0
  vs Random: 100W/0L/0D | score=25.8±14.9 inv=0.0 played=18.1 lanes=5.0 ddraw=2.0 pts=26
  Self-play: 54W/53L/3D | score=1.4±12.4 inv=0.0 played=15.0 lanes=5.0 ddraw=0.5 pts=1
Step: 3850240 SPS: 3874  ev=0.673  ent=0.612  grad=0.56/0.50  h=0.3 c=3.5  kl=0.0377  vl=0.0591
Step: 3854336 SPS: 3874  ev=0.605  ent=0.615  grad=0.64/0.50  h=0.3 c=2.7  kl=0.0403  vl=0.0920
Step: 3858432 SPS: 3874  ev=0.665  ent=0.603  grad=0.41/0.41  h=0.3 c=2.7  kl=0.0333  vl=0.0620
Step: 3862528 SPS: 3874  ev=0.609  ent=0.622  grad=0.57/0.50  h=0.3 c=2.2  kl=0.0471  vl=0.0710
Step: 3866624 SPS: 3874  ev=0.672  ent=0.612  grad=0.48/0.48  h=0.3 c=1.9  kl=0.0447  vl=0.0714
Step: 3870720 SPS: 3874  ev=0.611  ent=0.622  grad=0.78/0.50  h=0.3 c=2.3  kl=0.0351  vl=0.0602
Step: 3874816 SPS: 3873  ev=0.691  ent=0.618  grad=0.52/0.50  h=0.2 c=2.3  kl=0.0397  vl=0.0618
Step: 3878912 SPS: 3874  ev=0.610  ent=0.625  grad=0.40/0.40  h=0.3 c=2.2  kl=0.0313  vl=0.0680
Step: 3883008 SPS: 3873  ev=0.660  ent=0.630  grad=0.52/0.50  h=0.3 c=2.2  kl=0.0330  vl=0.0581
Step: 3887104 SPS: 3873  ev=0.652  ent=0.576  grad=0.37/0.37  h=0.3 c=2.2  kl=0.0277  vl=0.0526
Step: 3891200 SPS: 3873  ev=0.609  ent=0.603  grad=0.40/0.40  h=0.3 c=2.5  kl=0.0290  vl=0.0587
Step: 3895296 SPS: 3873  ev=0.621  ent=0.575  grad=0.47/0.47  h=0.3 c=2.6  kl=0.0320  vl=0.0623
Step: 3899392 SPS: 3872  ev=0.616  ent=0.647  grad=1.00/0.50  h=0.3 c=2.3  kl=0.0295  vl=0.0872
Step: 3903488 SPS: 3872  ev=0.643  ent=0.595  grad=0.46/0.46  h=0.2 c=2.8  kl=0.0306  vl=0.0565
Step: 3907584 SPS: 3872  ev=0.607  ent=0.602  grad=0.82/0.50  h=0.2 c=1.9  kl=0.0456  vl=0.0789
Step: 3911680 SPS: 3872  ev=0.617  ent=0.584  grad=0.52/0.50  h=0.2 c=2.3  kl=0.0356  vl=0.0760
Step: 3915776 SPS: 3872  ev=0.685  ent=0.587  grad=0.44/0.44  h=0.3 c=2.2  kl=0.0419  vl=0.0767
Step: 3919872 SPS: 3872  ev=0.642  ent=0.602  grad=0.65/0.50  h=0.2 c=2.3  kl=0.0316  vl=0.0586
Step: 3923968 SPS: 3872  ev=0.682  ent=0.593  grad=0.68/0.50  h=0.3 c=2.5  kl=0.0322  vl=0.0790
Step: 3928064 SPS: 3873  ev=0.637  ent=0.580  grad=0.45/0.45  h=0.3 c=2.1  kl=0.0447  vl=0.0749
  vs Heur:   29W/74L/2D | score=-0.3±13.5 inv=0.0 played=14.7 lanes=5.0 ddraw=1.1 pts=-0
  vs Random: 100W/0L/0D | score=24.7±13.1 inv=0.0 played=18.0 lanes=5.0 ddraw=1.7 pts=25
  Self-play: 44W/54L/2D | score=0.1±12.3 inv=0.0 played=14.9 lanes=5.0 ddraw=0.5 pts=0
Step: 3932160 SPS: 3873  ev=0.586  ent=0.602  grad=0.66/0.50  h=0.2 c=2.5  kl=0.0361  vl=0.0536
Step: 3936256 SPS: 3873  ev=0.668  ent=0.556  grad=0.41/0.41  h=0.3 c=1.9  kl=0.0355  vl=0.0688
Step: 3940352 SPS: 3873  ev=0.659  ent=0.591  grad=0.51/0.50  h=0.2 c=2.7  kl=0.0366  vl=0.0649
Step: 3944448 SPS: 3873  ev=0.648  ent=0.612  grad=0.56/0.50  h=0.3 c=3.0  kl=0.0331  vl=0.0733
Step: 3948544 SPS: 3873  ev=0.629  ent=0.620  grad=0.85/0.50  h=0.3 c=2.7  kl=0.0413  vl=0.1018
Step: 3952640 SPS: 3873  ev=0.663  ent=0.524  grad=0.59/0.50  h=0.3 c=2.6  kl=0.0271  vl=0.0676
Step: 3956736 SPS: 3873  ev=0.659  ent=0.613  grad=0.66/0.50  h=0.4 c=2.8  kl=0.0394  vl=0.0494
Step: 3960832 SPS: 3873  ev=0.652  ent=0.601  grad=0.56/0.50  h=0.3 c=2.9  kl=0.0360  vl=0.0652
Step: 3964928 SPS: 3873  ev=0.630  ent=0.588  grad=0.43/0.43  h=0.2 c=2.3  kl=0.0267  vl=0.0604
Step: 3969024 SPS: 3872  ev=0.593  ent=0.586  grad=0.61/0.50  h=0.2 c=2.7  kl=0.0424  vl=0.0623
Step: 3973120 SPS: 3872  ev=0.615  ent=0.634  grad=0.42/0.42  h=0.3 c=2.9  kl=0.0301  vl=0.0636
Step: 3977216 SPS: 3872  ev=0.655  ent=0.607  grad=0.68/0.50  h=0.2 c=2.8  kl=0.0430  vl=0.0582
Step: 3981312 SPS: 3872  ev=0.662  ent=0.601  grad=0.75/0.50  h=0.3 c=3.4  kl=0.0378  vl=0.0703
Step: 3985408 SPS: 3872  ev=0.640  ent=0.623  grad=0.75/0.50  h=0.3 c=2.7  kl=0.0334  vl=0.0578
Step: 3989504 SPS: 3872  ev=0.651  ent=0.594  grad=0.42/0.42  h=0.3 c=2.9  kl=0.0354  vl=0.0740
Step: 3993600 SPS: 3873  ev=0.604  ent=0.610  grad=0.68/0.50  h=0.2 c=2.6  kl=0.0318  vl=0.0806
Step: 3997696 SPS: 3873  ev=0.679  ent=0.565  grad=0.42/0.42  h=0.2 c=2.5  kl=0.0364  vl=0.0611
Step: 4001792 SPS: 3873  ev=0.669  ent=0.595  grad=0.45/0.45  h=0.2 c=3.0  kl=0.0300  vl=0.0652
Step: 4005888 SPS: 3873  ev=0.581  ent=0.600  grad=0.49/0.49  h=0.3 c=2.7  kl=0.0301  vl=0.0670
Step: 4009984 SPS: 3874  ev=0.669  ent=0.582  grad=0.66/0.50  h=0.2 c=2.8  kl=0.0291  vl=0.0474
  vs Heur:   37W/60L/3D | score=1.9±14.0 inv=0.0 played=15.0 lanes=5.0 ddraw=0.9 pts=2
  vs Random: 100W/0L/0D | score=22.3±14.9 inv=0.0 played=17.9 lanes=5.0 ddraw=1.6 pts=22
  Self-play: 55W/51L/0D | score=0.3±14.1 inv=0.0 played=15.1 lanes=5.0 ddraw=0.5 pts=0
Step: 4014080 SPS: 3874  ev=0.636  ent=0.561  grad=0.52/0.50  h=0.2 c=3.0  kl=0.0297  vl=0.0544
Step: 4018176 SPS: 3873  ev=0.607  ent=0.617  grad=0.85/0.50  h=0.2 c=2.4  kl=0.0485  vl=0.0629
Step: 4022272 SPS: 3873  ev=0.642  ent=0.580  grad=0.40/0.40  h=0.2 c=2.9  kl=0.0374  vl=0.0616
Step: 4026368 SPS: 3873  ev=0.655  ent=0.560  grad=0.48/0.48  h=0.2 c=2.4  kl=0.0462  vl=0.0688
Step: 4030464 SPS: 3873  ev=0.648  ent=0.555  grad=0.54/0.50  h=0.2 c=2.5  kl=0.0307  vl=0.0531
Step: 4034560 SPS: 3873  ev=0.633  ent=0.586  grad=0.47/0.47  h=0.2 c=2.6  kl=0.0276  vl=0.0625
Step: 4038656 SPS: 3872  ev=0.668  ent=0.602  grad=0.53/0.50  h=0.2 c=3.0  kl=0.0473  vl=0.0596
Step: 4042752 SPS: 3872  ev=0.626  ent=0.549  grad=0.51/0.50  h=0.1 c=2.8  kl=0.0351  vl=0.0697
Step: 4046848 SPS: 3872  ev=0.662  ent=0.555  grad=0.44/0.44  h=0.2 c=3.4  kl=0.0318  vl=0.0561
Step: 4050944 SPS: 3872  ev=0.615  ent=0.588  grad=0.43/0.43  h=0.2 c=2.3  kl=0.0310  vl=0.0571
Step: 4055040 SPS: 3872  ev=0.592  ent=0.571  grad=0.54/0.50  h=0.2 c=2.5  kl=0.0546  vl=0.0700
Step: 4059136 SPS: 3872  ev=0.647  ent=0.575  grad=0.54/0.50  h=0.2 c=2.7  kl=0.0274  vl=0.0516
Step: 4063232 SPS: 3872  ev=0.572  ent=0.549  grad=0.42/0.42  h=0.2 c=3.2  kl=0.0242  vl=0.0548
Step: 4067328 SPS: 3872  ev=0.611  ent=0.551  grad=0.46/0.46  h=0.2 c=3.7  kl=0.0297  vl=0.0578
Step: 4071424 SPS: 3872  ev=0.585  ent=0.557  grad=0.43/0.43  h=0.2 c=3.2  kl=0.0271  vl=0.0416
Step: 4075520 SPS: 3872  ev=0.536  ent=0.564  grad=0.59/0.50  h=0.2 c=2.9  kl=0.0286  vl=0.0679
Step: 4079616 SPS: 3872  ev=0.655  ent=0.617  grad=0.51/0.50  h=0.1 c=3.0  kl=0.0420  vl=0.0671
Step: 4083712 SPS: 3872  ev=0.608  ent=0.609  grad=0.51/0.50  h=0.2 c=2.5  kl=0.0392  vl=0.0578
Step: 4087808 SPS: 3873  ev=0.633  ent=0.561  grad=0.65/0.50  h=0.2 c=2.7  kl=0.0451  vl=0.0572
Step: 4091904 SPS: 3873  ev=0.637  ent=0.594  grad=0.46/0.46  h=0.3 c=2.6  kl=0.0296  vl=0.0730
  vs Heur:   30W/71L/2D | score=2.0±14.4 inv=0.0 played=15.0 lanes=5.0 ddraw=1.0 pts=2
  vs Random: 101W/0L/0D | score=20.2±13.6 inv=0.0 played=17.9 lanes=5.0 ddraw=2.0 pts=20
  Self-play: 51W/50L/4D | score=2.5±12.2 inv=0.0 played=15.4 lanes=5.0 ddraw=0.6 pts=3
Step: 4096000 SPS: 3873  ev=0.635  ent=0.558  grad=0.49/0.49  h=0.2 c=2.9  kl=0.0470  vl=0.0724
Step: 4100096 SPS: 3873  ev=0.615  ent=0.570  grad=0.52/0.50  h=0.2 c=2.3  kl=0.0306  vl=0.0518
Step: 4104192 SPS: 3873  ev=0.598  ent=0.561  grad=0.75/0.50  h=0.2 c=3.1  kl=0.0403  vl=0.0544
Step: 4108288 SPS: 3873  ev=0.602  ent=0.558  grad=0.38/0.38  h=0.2 c=2.4  kl=0.0224  vl=0.0538
Step: 4112384 SPS: 3872  ev=0.649  ent=0.579  grad=0.83/0.50  h=0.2 c=2.7  kl=0.0351  vl=0.0645
Step: 4116480 SPS: 3872  ev=0.595  ent=0.551  grad=0.53/0.50  h=0.3 c=2.7  kl=0.0289  vl=0.0499
Step: 4120576 SPS: 3872  ev=0.632  ent=0.549  grad=0.54/0.50  h=0.3 c=2.6  kl=0.0393  vl=0.0454
Step: 4124672 SPS: 3872  ev=0.595  ent=0.550  grad=0.32/0.32  h=0.3 c=2.9  kl=0.0310  vl=0.0560
Step: 4128768 SPS: 3872  ev=0.660  ent=0.554  grad=0.45/0.45  h=0.3 c=3.0  kl=0.0452  vl=0.0499
Step: 4132864 SPS: 3871  ev=0.630  ent=0.598  grad=0.56/0.50  h=0.2 c=2.8  kl=0.0395  vl=0.0556
Step: 4136960 SPS: 3871  ev=0.637  ent=0.520  grad=0.39/0.39  h=0.3 c=2.9  kl=0.0292  vl=0.0592
Step: 4141056 SPS: 3871  ev=0.597  ent=0.562  grad=0.38/0.38  h=0.2 c=3.2  kl=0.0372  vl=0.0599
Step: 4145152 SPS: 3872  ev=0.590  ent=0.544  grad=0.65/0.50  h=0.2 c=2.7  kl=0.0278  vl=0.0427
Step: 4149248 SPS: 3871  ev=0.627  ent=0.552  grad=0.58/0.50  h=0.3 c=3.3  kl=0.0295  vl=0.0529
Step: 4153344 SPS: 3872  ev=0.647  ent=0.550  grad=0.50/0.50  h=0.2 c=2.7  kl=0.0343  vl=0.0517
Step: 4157440 SPS: 3872  ev=0.601  ent=0.548  grad=0.65/0.50  h=0.3 c=2.3  kl=0.0382  vl=0.0684
Step: 4161536 SPS: 3872  ev=0.630  ent=0.558  grad=0.44/0.44  h=0.3 c=2.1  kl=0.0317  vl=0.0626
Step: 4165632 SPS: 3872  ev=0.625  ent=0.553  grad=0.57/0.50  h=0.3 c=1.7  kl=0.0354  vl=0.0409
Step: 4169728 SPS: 3873  ev=0.670  ent=0.567  grad=0.61/0.50  h=0.2 c=2.8  kl=0.0378  vl=0.0594
Step: 4173824 SPS: 3873  ev=0.595  ent=0.584  grad=0.72/0.50  h=0.3 c=2.3  kl=0.0272  vl=0.0546
  vs Heur:   30W/74L/1D | score=0.4±12.0 inv=0.0 played=14.8 lanes=5.0 ddraw=0.6 pts=0
  vs Random: 102W/0L/0D | score=23.1±17.0 inv=0.0 played=18.1 lanes=5.0 ddraw=0.9 pts=23
  Self-play: 51W/55L/1D | score=1.5±13.4 inv=0.0 played=15.1 lanes=5.0 ddraw=0.3 pts=1
Step: 4177920 SPS: 3873  ev=0.608  ent=0.589  grad=0.43/0.43  h=0.3 c=2.6  kl=0.0425  vl=0.0604
Step: 4182016 SPS: 3873  ev=0.614  ent=0.551  grad=0.59/0.50  h=0.4 c=2.4  kl=0.0315  vl=0.0550
Step: 4186112 SPS: 3873  ev=0.649  ent=0.575  grad=0.52/0.50  h=0.3 c=2.3  kl=0.0344  vl=0.0751
Step: 4190208 SPS: 3873  ev=0.655  ent=0.585  grad=0.53/0.50  h=0.3 c=2.1  kl=0.0410  vl=0.0590
Step: 4194304 SPS: 3872  ev=0.678  ent=0.568  grad=0.49/0.49  h=0.3 c=2.3  kl=0.0425  vl=0.0615
Step: 4198400 SPS: 3872  ev=0.659  ent=0.572  grad=0.80/0.50  h=0.3 c=2.4  kl=0.0359  vl=0.0461
Step: 4202496 SPS: 3872  ev=0.644  ent=0.553  grad=0.51/0.50  h=0.4 c=2.8  kl=0.0322  vl=0.0552
Step: 4206592 SPS: 3872  ev=0.581  ent=0.541  grad=0.69/0.50  h=0.3 c=2.8  kl=0.0414  vl=0.0573
Step: 4210688 SPS: 3872  ev=0.583  ent=0.570  grad=0.70/0.50  h=0.3 c=2.8  kl=0.0521  vl=0.0561
Step: 4214784 SPS: 3872  ev=0.623  ent=0.605  grad=0.68/0.50  h=0.2 c=2.7  kl=0.0263  vl=0.0465
Step: 4218880 SPS: 3871  ev=0.637  ent=0.601  grad=0.40/0.40  h=0.2 c=2.9  kl=0.0364  vl=0.0545
Step: 4222976 SPS: 3872  ev=0.648  ent=0.621  grad=0.65/0.50  h=0.2 c=2.8  kl=0.0278  vl=0.0487
Step: 4227072 SPS: 3872  ev=0.621  ent=0.605  grad=0.34/0.34  h=0.3 c=3.3  kl=0.0243  vl=0.0539
Step: 4231168 SPS: 3872  ev=0.639  ent=0.608  grad=0.75/0.50  h=0.3 c=2.9  kl=0.0620  vl=0.0530
Step: 4235264 SPS: 3871  ev=0.654  ent=0.599  grad=0.78/0.50  h=0.2 c=3.3  kl=0.0293  vl=0.0654
Step: 4239360 SPS: 3872  ev=0.628  ent=0.612  grad=0.50/0.50  h=0.3 c=2.4  kl=0.0345  vl=0.0668
Step: 4243456 SPS: 3871  ev=0.621  ent=0.620  grad=0.64/0.50  h=0.2 c=3.5  kl=0.0284  vl=0.0589
Step: 4247552 SPS: 3872  ev=0.645  ent=0.603  grad=0.34/0.34  h=0.3 c=3.0  kl=0.0337  vl=0.0580
Step: 4251648 SPS: 3872  ev=0.632  ent=0.636  grad=0.53/0.50  h=0.3 c=3.3  kl=0.0367  vl=0.0575
Step: 4255744 SPS: 3872  ev=0.594  ent=0.623  grad=0.54/0.50  h=0.3 c=2.7  kl=0.0522  vl=0.0593
  vs Heur:   39W/58L/3D | score=1.9±12.4 inv=0.0 played=15.0 lanes=5.0 ddraw=0.7 pts=2
  vs Random: 100W/0L/0D | score=22.6±14.7 inv=0.0 played=18.0 lanes=5.0 ddraw=2.3 pts=23
  Self-play: 47W/56L/6D | score=1.4±12.4 inv=0.0 played=15.1 lanes=5.0 ddraw=0.5 pts=1
Step: 4259840 SPS: 3872  ev=0.620  ent=0.629  grad=0.79/0.50  h=0.3 c=3.0  kl=0.0300  vl=0.0560
Step: 4263936 SPS: 3871  ev=0.674  ent=0.627  grad=0.48/0.48  h=0.2 c=2.7  kl=0.0328  vl=0.0538
Step: 4268032 SPS: 3871  ev=0.655  ent=0.633  grad=0.81/0.50  h=0.2 c=2.9  kl=0.0386  vl=0.0657
Step: 4272128 SPS: 3871  ev=0.658  ent=0.659  grad=0.34/0.34  h=0.2 c=3.5  kl=0.0317  vl=0.0736
Step: 4276224 SPS: 3871  ev=0.675  ent=0.620  grad=0.40/0.40  h=0.2 c=3.8  kl=0.0429  vl=0.0514
Step: 4280320 SPS: 3871  ev=0.664  ent=0.622  grad=0.54/0.50  h=0.3 c=3.5  kl=0.0324  vl=0.0577
Step: 4284416 SPS: 3871  ev=0.644  ent=0.630  grad=0.54/0.50  h=0.3 c=3.9  kl=0.0323  vl=0.0391
Step: 4288512 SPS: 3871  ev=0.649  ent=0.611  grad=0.57/0.50  h=0.4 c=4.5  kl=0.0344  vl=0.0581
Step: 4292608 SPS: 3871  ev=0.611  ent=0.590  grad=0.54/0.50  h=0.3 c=4.1  kl=0.0376  vl=0.0675
Step: 4296704 SPS: 3871  ev=0.583  ent=0.609  grad=0.72/0.50  h=0.3 c=3.8  kl=0.0402  vl=0.0681
Step: 4300800 SPS: 3871  ev=0.606  ent=0.555  grad=0.55/0.50  h=0.3 c=4.0  kl=0.0339  vl=0.0561
Step: 4304896 SPS: 3871  ev=0.616  ent=0.586  grad=0.45/0.45  h=0.2 c=3.5  kl=0.0281  vl=0.0476
Step: 4308992 SPS: 3871  ev=0.605  ent=0.601  grad=0.56/0.50  h=0.3 c=3.1  kl=0.0334  vl=0.0662
Step: 4313088 SPS: 3871  ev=0.645  ent=0.591  grad=0.41/0.41  h=0.2 c=3.0  kl=0.0340  vl=0.0648
Step: 4317184 SPS: 3872  ev=0.640  ent=0.581  grad=0.81/0.50  h=0.3 c=3.1  kl=0.0333  vl=0.0567
Step: 4321280 SPS: 3872  ev=0.655  ent=0.615  grad=0.59/0.50  h=0.3 c=3.0  kl=0.0389  vl=0.0716
Step: 4325376 SPS: 3872  ev=0.606  ent=0.573  grad=0.43/0.43  h=0.3 c=2.6  kl=0.0301  vl=0.0550
Step: 4329472 SPS: 3873  ev=0.628  ent=0.637  grad=0.55/0.50  h=0.4 c=2.4  kl=0.0378  vl=0.0483
Step: 4333568 SPS: 3873  ev=0.669  ent=0.586  grad=0.53/0.50  h=0.3 c=3.0  kl=0.0396  vl=0.0634
Step: 4337664 SPS: 3873  ev=0.631  ent=0.593  grad=0.39/0.39  h=0.3 c=3.1  kl=0.0235  vl=0.0632
  vs Heur:   31W/70L/3D | score=-0.8±14.2 inv=0.0 played=14.9 lanes=5.0 ddraw=0.8 pts=-1
  vs Random: 100W/0L/0D | score=21.8±13.6 inv=0.0 played=18.1 lanes=5.0 ddraw=1.4 pts=22
  Self-play: 41W/59L/2D | score=-0.9±12.1 inv=0.0 played=15.0 lanes=5.0 ddraw=0.4 pts=-1
Step: 4341760 SPS: 3872  ev=0.659  ent=0.607  grad=0.48/0.48  h=0.3 c=3.0  kl=0.0274  vl=0.0560
Step: 4345856 SPS: 3873  ev=0.635  ent=0.612  grad=0.58/0.50  h=0.4 c=2.9  kl=0.0306  vl=0.0550
Step: 4349952 SPS: 3873  ev=0.644  ent=0.601  grad=0.57/0.50  h=0.4 c=2.5  kl=0.0508  vl=0.0620
Step: 4354048 SPS: 3872  ev=0.641  ent=0.590  grad=0.73/0.50  h=0.4 c=2.8  kl=0.0467  vl=0.0542
Step: 4358144 SPS: 3872  ev=0.639  ent=0.610  grad=0.45/0.45  h=0.4 c=2.6  kl=0.0267  vl=0.0586
Step: 4362240 SPS: 3872  ev=0.661  ent=0.613  grad=0.49/0.49  h=0.4 c=3.3  kl=0.0374  vl=0.0496
Step: 4366336 SPS: 3872  ev=0.661  ent=0.594  grad=0.46/0.46  h=0.4 c=2.8  kl=0.0244  vl=0.0443
Step: 4370432 SPS: 3872  ev=0.640  ent=0.596  grad=0.37/0.37  h=0.4 c=3.5  kl=0.0352  vl=0.0528
Step: 4374528 SPS: 3872  ev=0.657  ent=0.598  grad=0.41/0.41  h=0.4 c=3.2  kl=0.0356  vl=0.0461
Step: 4378624 SPS: 3871  ev=0.659  ent=0.570  grad=0.35/0.35  h=0.4 c=3.4  kl=0.0289  vl=0.0626
Step: 4382720 SPS: 3871  ev=0.656  ent=0.587  grad=0.41/0.41  h=0.4 c=3.6  kl=0.0299  vl=0.0672
Step: 4386816 SPS: 3871  ev=0.610  ent=0.587  grad=0.39/0.39  h=0.4 c=3.0  kl=0.0321  vl=0.0515
Step: 4390912 SPS: 3871  ev=0.637  ent=0.567  grad=0.51/0.50  h=0.4 c=3.1  kl=0.0403  vl=0.0575
Step: 4395008 SPS: 3871  ev=0.617  ent=0.572  grad=0.59/0.50  h=0.4 c=3.3  kl=0.0327  vl=0.0598
Step: 4399104 SPS: 3871  ev=0.642  ent=0.598  grad=0.71/0.50  h=0.4 c=3.5  kl=0.0307  vl=0.0638
Step: 4403200 SPS: 3871  ev=0.624  ent=0.536  grad=0.64/0.50  h=0.4 c=3.3  kl=0.0202  vl=0.0581
Step: 4407296 SPS: 3871  ev=0.692  ent=0.525  grad=0.34/0.34  h=0.4 c=2.6  kl=0.0252  vl=0.0509
Step: 4411392 SPS: 3872  ev=0.602  ent=0.565  grad=0.68/0.50  h=0.4 c=2.4  kl=0.0264  vl=0.0692
Step: 4415488 SPS: 3872  ev=0.636  ent=0.516  grad=0.41/0.41  h=0.4 c=2.8  kl=0.0185  vl=0.0408
Step: 4419584 SPS: 3873  ev=0.564  ent=0.556  grad=0.35/0.35  h=0.5 c=2.8  kl=0.0357  vl=0.0487
  vs Heur:   29W/71L/3D | score=0.6±13.4 inv=0.0 played=15.1 lanes=5.0 ddraw=0.7 pts=1
  vs Random: 100W/0L/0D | score=19.3±15.5 inv=0.0 played=18.0 lanes=5.0 ddraw=2.8 pts=19
  Self-play: 45W/62L/2D | score=-0.7±11.7 inv=0.0 played=15.0 lanes=4.9 ddraw=0.5 pts=-1
Step: 4423680 SPS: 3873  ev=0.578  ent=0.553  grad=0.78/0.50  h=0.4 c=2.5  kl=0.0325  vl=0.0524
Step: 4427776 SPS: 3873  ev=0.596  ent=0.534  grad=0.52/0.50  h=0.4 c=2.1  kl=0.0480  vl=0.0542
Step: 4431872 SPS: 3873  ev=0.618  ent=0.543  grad=0.39/0.39  h=0.4 c=2.1  kl=0.0342  vl=0.0655
Step: 4435968 SPS: 3873  ev=0.629  ent=0.503  grad=0.66/0.50  h=0.4 c=2.8  kl=0.0366  vl=0.0488
Step: 4440064 SPS: 3873  ev=0.603  ent=0.571  grad=0.64/0.50  h=0.4 c=2.4  kl=0.0289  vl=0.0494
Step: 4444160 SPS: 3873  ev=0.649  ent=0.538  grad=0.32/0.32  h=0.5 c=2.8  kl=0.0269  vl=0.0523
Step: 4448256 SPS: 3873  ev=0.676  ent=0.572  grad=0.59/0.50  h=0.5 c=2.7  kl=0.0420  vl=0.0637
Step: 4452352 SPS: 3873  ev=0.641  ent=0.552  grad=0.48/0.48  h=0.5 c=2.4  kl=0.0448  vl=0.0485
Step: 4456448 SPS: 3873  ev=0.609  ent=0.517  grad=0.52/0.50  h=0.4 c=2.1  kl=0.0339  vl=0.0616
Step: 4460544 SPS: 3873  ev=0.623  ent=0.581  grad=0.38/0.38  h=0.5 c=2.2  kl=0.0275  vl=0.0567
Step: 4464640 SPS: 3873  ev=0.628  ent=0.547  grad=0.65/0.50  h=0.5 c=2.3  kl=0.0322  vl=0.0554
Step: 4468736 SPS: 3873  ev=0.631  ent=0.548  grad=0.83/0.50  h=0.4 c=2.0  kl=0.0188  vl=0.0563
Step: 4472832 SPS: 3873  ev=0.687  ent=0.586  grad=0.40/0.40  h=0.5 c=2.5  kl=0.0272  vl=0.0551
Step: 4476928 SPS: 3872  ev=0.621  ent=0.544  grad=0.72/0.50  h=0.4 c=2.3  kl=0.0329  vl=0.0613
Step: 4481024 SPS: 3872  ev=0.611  ent=0.544  grad=0.61/0.50  h=0.4 c=2.3  kl=0.0232  vl=0.0442
Step: 4485120 SPS: 3873  ev=0.564  ent=0.588  grad=0.38/0.38  h=0.4 c=2.1  kl=0.0254  vl=0.0476
Step: 4489216 SPS: 3873  ev=0.604  ent=0.538  grad=0.73/0.50  h=0.5 c=2.5  kl=0.0295  vl=0.0491
Step: 4493312 SPS: 3873  ev=0.622  ent=0.577  grad=0.52/0.50  h=0.5 c=2.2  kl=0.0296  vl=0.0511
Step: 4497408 SPS: 3874  ev=0.595  ent=0.566  grad=0.46/0.46  h=0.4 c=1.9  kl=0.0311  vl=0.0562
Step: 4501504 SPS: 3874  ev=0.649  ent=0.558  grad=0.43/0.43  h=0.5 c=2.0  kl=0.0439  vl=0.0600
  vs Heur:   39W/60L/2D | score=3.8±10.9 inv=0.0 played=15.5 lanes=5.0 ddraw=0.6 pts=4
  vs Random: 103W/0L/0D | score=17.3±12.6 inv=0.0 played=17.5 lanes=5.0 ddraw=3.4 pts=17
  Self-play: 48W/56L/1D | score=2.3±11.6 inv=0.0 played=15.3 lanes=4.9 ddraw=0.7 pts=2
Step: 4505600 SPS: 3874  ev=0.638  ent=0.570  grad=0.83/0.50  h=0.5 c=1.6  kl=0.0423  vl=0.0611
Step: 4509696 SPS: 3874  ev=0.629  ent=0.557  grad=0.43/0.43  h=0.5 c=1.6  kl=0.0285  vl=0.0687
Step: 4513792 SPS: 3874  ev=0.649  ent=0.562  grad=0.78/0.50  h=0.4 c=2.1  kl=0.0292  vl=0.0608
Step: 4517888 SPS: 3874  ev=0.622  ent=0.558  grad=0.68/0.50  h=0.4 c=1.8  kl=0.0295  vl=0.0621
Step: 4521984 SPS: 3874  ev=0.631  ent=0.570  grad=0.51/0.50  h=0.3 c=2.1  kl=0.0197  vl=0.0542
Step: 4526080 SPS: 3874  ev=0.610  ent=0.572  grad=0.53/0.50  h=0.4 c=2.5  kl=0.0301  vl=0.0517
Step: 4530176 SPS: 3874  ev=0.559  ent=0.553  grad=0.73/0.50  h=0.5 c=2.5  kl=0.0459  vl=0.0499
Step: 4534272 SPS: 3874  ev=0.594  ent=0.573  grad=0.47/0.47  h=0.4 c=2.3  kl=0.0381  vl=0.0430
Step: 4538368 SPS: 3874  ev=0.612  ent=0.548  grad=0.67/0.50  h=0.4 c=2.9  kl=0.0272  vl=0.0499
Step: 4542464 SPS: 3873  ev=0.627  ent=0.607  grad=0.45/0.45  h=0.4 c=2.8  kl=0.0363  vl=0.0644
Step: 4546560 SPS: 3873  ev=0.571  ent=0.544  grad=0.55/0.50  h=0.4 c=2.1  kl=0.0335  vl=0.0559
Step: 4550656 SPS: 3873  ev=0.602  ent=0.536  grad=0.36/0.36  h=0.4 c=2.4  kl=0.0288  vl=0.0477
Step: 4554752 SPS: 3873  ev=0.621  ent=0.563  grad=0.41/0.41  h=0.4 c=2.4  kl=0.0368  vl=0.0462
Step: 4558848 SPS: 3872  ev=0.615  ent=0.559  grad=0.47/0.47  h=0.5 c=2.4  kl=0.0393  vl=0.0552
Step: 4562944 SPS: 3872  ev=0.552  ent=0.545  grad=0.86/0.50  h=0.4 c=2.5  kl=0.0290  vl=0.0460
Step: 4567040 SPS: 3872  ev=0.629  ent=0.559  grad=0.41/0.41  h=0.4 c=2.4  kl=0.0419  vl=0.0459
Step: 4571136 SPS: 3873  ev=0.654  ent=0.536  grad=0.38/0.38  h=0.4 c=2.4  kl=0.0236  vl=0.0603
Step: 4575232 SPS: 3874  ev=0.613  ent=0.533  grad=0.57/0.50  h=0.4 c=2.7  kl=0.0264  vl=0.0484
Step: 4579328 SPS: 3874  ev=0.596  ent=0.518  grad=0.58/0.50  h=0.4 c=2.5  kl=0.0329  vl=0.0402
Step: 4583424 SPS: 3874  ev=0.593  ent=0.540  grad=0.50/0.50  h=0.4 c=2.7  kl=0.0261  vl=0.0498
  vs Heur:   36W/60L/4D | score=4.8±11.5 inv=0.0 played=15.7 lanes=5.0 ddraw=0.7 pts=5
  vs Random: 100W/0L/0D | score=25.5±15.7 inv=0.0 played=18.6 lanes=5.0 ddraw=2.4 pts=26
  Self-play: 56W/44L/0D | score=2.9±10.7 inv=0.0 played=15.7 lanes=5.0 ddraw=0.5 pts=3
Step: 4587520 SPS: 3874  ev=0.619  ent=0.556  grad=0.59/0.50  h=0.4 c=2.4  kl=0.0281  vl=0.0504
Step: 4591616 SPS: 3874  ev=0.627  ent=0.539  grad=0.48/0.48  h=0.4 c=2.3  kl=0.0360  vl=0.0463
Step: 4595712 SPS: 3874  ev=0.651  ent=0.532  grad=0.45/0.45  h=0.4 c=2.4  kl=0.0301  vl=0.0485
Step: 4599808 SPS: 3874  ev=0.600  ent=0.547  grad=0.65/0.50  h=0.4 c=2.1  kl=0.0311  vl=0.0555
Step: 4603904 SPS: 3874  ev=0.617  ent=0.518  grad=0.58/0.50  h=0.4 c=2.4  kl=0.0267  vl=0.0562
Step: 4608000 SPS: 3874  ev=0.564  ent=0.555  grad=0.45/0.45  h=0.3 c=2.5  kl=0.0370  vl=0.0394
Step: 4612096 SPS: 3874  ev=0.613  ent=0.558  grad=0.58/0.50  h=0.3 c=2.3  kl=0.0363  vl=0.0691
Step: 4616192 SPS: 3874  ev=0.625  ent=0.563  grad=0.46/0.46  h=0.3 c=2.0  kl=0.0322  vl=0.0540
Step: 4620288 SPS: 3874  ev=0.573  ent=0.574  grad=0.42/0.42  h=0.3 c=1.9  kl=0.0379  vl=0.0618
Step: 4624384 SPS: 3874  ev=0.605  ent=0.551  grad=0.49/0.49  h=0.3 c=2.1  kl=0.0239  vl=0.0510
Step: 4628480 SPS: 3874  ev=0.643  ent=0.547  grad=0.47/0.47  h=0.3 c=2.0  kl=0.0339  vl=0.0551
Step: 4632576 SPS: 3874  ev=0.616  ent=0.513  grad=0.57/0.50  h=0.4 c=2.1  kl=0.0265  vl=0.0559
Step: 4636672 SPS: 3874  ev=0.584  ent=0.542  grad=0.41/0.41  h=0.3 c=1.9  kl=0.0328  vl=0.0693
Step: 4640768 SPS: 3874  ev=0.614  ent=0.530  grad=0.48/0.48  h=0.3 c=1.7  kl=0.0275  vl=0.0443
Step: 4644864 SPS: 3873  ev=0.636  ent=0.554  grad=0.58/0.50  h=0.3 c=1.8  kl=0.0423  vl=0.0514
Step: 4648960 SPS: 3873  ev=0.611  ent=0.476  grad=0.38/0.38  h=0.3 c=1.8  kl=0.0235  vl=0.0397
Step: 4653056 SPS: 3874  ev=0.613  ent=0.504  grad=0.49/0.49  h=0.3 c=2.5  kl=0.0293  vl=0.0569
Step: 4657152 SPS: 3874  ev=0.607  ent=0.522  grad=0.86/0.50  h=0.3 c=2.2  kl=0.0254  vl=0.0639
Step: 4661248 SPS: 3874  ev=0.591  ent=0.527  grad=0.43/0.43  h=0.3 c=2.0  kl=0.0182  vl=0.0662
Step: 4665344 SPS: 3874  ev=0.638  ent=0.534  grad=0.51/0.50  h=0.2 c=2.2  kl=0.0254  vl=0.0463
  vs Heur:   42W/58L/3D | score=2.6±13.3 inv=0.0 played=15.4 lanes=5.0 ddraw=0.8 pts=3
  vs Random: 101W/0L/0D | score=23.8±14.2 inv=0.0 played=18.6 lanes=5.0 ddraw=3.2 pts=24
  Self-play: 48W/58L/0D | score=-1.6±12.4 inv=0.0 played=15.2 lanes=5.0 ddraw=0.7 pts=-2
Step: 4669440 SPS: 3874  ev=0.659  ent=0.524  grad=0.29/0.29  h=0.3 c=1.8  kl=0.0317  vl=0.0358
Step: 4673536 SPS: 3874  ev=0.604  ent=0.541  grad=0.43/0.43  h=0.3 c=2.1  kl=0.0504  vl=0.0529
Step: 4677632 SPS: 3873  ev=0.639  ent=0.537  grad=0.44/0.44  h=0.3 c=1.9  kl=0.0366  vl=0.0342
Step: 4681728 SPS: 3873  ev=0.609  ent=0.527  grad=0.56/0.50  h=0.3 c=2.5  kl=0.0334  vl=0.0368
Step: 4685824 SPS: 3873  ev=0.613  ent=0.512  grad=0.37/0.37  h=0.3 c=2.7  kl=0.0230  vl=0.0573
Step: 4689920 SPS: 3873  ev=0.670  ent=0.518  grad=0.37/0.37  h=0.3 c=2.5  kl=0.0228  vl=0.0467
Step: 4694016 SPS: 3873  ev=0.594  ent=0.514  grad=0.75/0.50  h=0.3 c=2.3  kl=0.0400  vl=0.0435
Step: 4698112 SPS: 3873  ev=0.599  ent=0.484  grad=0.41/0.41  h=0.4 c=2.5  kl=0.0232  vl=0.0575
Step: 4702208 SPS: 3873  ev=0.618  ent=0.517  grad=0.72/0.50  h=0.4 c=2.7  kl=0.0274  vl=0.0559
Step: 4706304 SPS: 3872  ev=0.614  ent=0.521  grad=0.38/0.38  h=0.4 c=2.4  kl=0.0232  vl=0.0522
Step: 4710400 SPS: 3873  ev=0.623  ent=0.521  grad=0.47/0.47  h=0.4 c=2.1  kl=0.0332  vl=0.0521
Step: 4714496 SPS: 3872  ev=0.648  ent=0.511  grad=0.38/0.38  h=0.4 c=2.4  kl=0.0231  vl=0.0379
Step: 4718592 SPS: 3872  ev=0.659  ent=0.495  grad=0.40/0.40  h=0.4 c=2.3  kl=0.0273  vl=0.0561
Step: 4722688 SPS: 3871  ev=0.623  ent=0.549  grad=0.31/0.31  h=0.4 c=2.8  kl=0.0287  vl=0.0610
Step: 4726784 SPS: 3872  ev=0.599  ent=0.531  grad=0.51/0.50  h=0.4 c=2.6  kl=0.0335  vl=0.0502
Step: 4730880 SPS: 3872  ev=0.626  ent=0.554  grad=0.58/0.50  h=0.3 c=3.1  kl=0.0307  vl=0.0622
Step: 4734976 SPS: 3873  ev=0.640  ent=0.518  grad=0.51/0.50  h=0.4 c=2.8  kl=0.0338  vl=0.0415
Step: 4739072 SPS: 3873  ev=0.641  ent=0.540  grad=0.59/0.50  h=0.4 c=2.6  kl=0.0496  vl=0.0593
Step: 4743168 SPS: 3872  ev=0.614  ent=0.547  grad=0.50/0.50  h=0.3 c=3.4  kl=0.0352  vl=0.0399
Step: 4747264 SPS: 3872  ev=0.667  ent=0.530  grad=0.44/0.44  h=0.3 c=3.2  kl=0.0230  vl=0.0504
  vs Heur:   34W/64L/2D | score=2.5±12.8 inv=0.0 played=15.3 lanes=5.0 ddraw=0.6 pts=2
  vs Random: 100W/0L/0D | score=29.1±15.2 inv=0.0 played=18.9 lanes=5.0 ddraw=2.4 pts=29
  Self-play: 51W/48L/1D | score=2.4±12.2 inv=0.0 played=15.6 lanes=5.0 ddraw=0.5 pts=2
Step: 4751360 SPS: 3872  ev=0.605  ent=0.500  grad=0.46/0.46  h=0.4 c=2.8  kl=0.0236  vl=0.0591
Step: 4755456 SPS: 3872  ev=0.642  ent=0.493  grad=0.50/0.50  h=0.4 c=2.9  kl=0.0162  vl=0.0499
Step: 4759552 SPS: 3872  ev=0.644  ent=0.504  grad=0.47/0.47  h=0.4 c=3.4  kl=0.0223  vl=0.0364
Step: 4763648 SPS: 3872  ev=0.598  ent=0.502  grad=0.41/0.41  h=0.4 c=3.0  kl=0.0250  vl=0.0358
Step: 4767744 SPS: 3872  ev=0.663  ent=0.510  grad=0.41/0.41  h=0.4 c=2.7  kl=0.0318  vl=0.0508
Step: 4771840 SPS: 3872  ev=0.597  ent=0.523  grad=0.65/0.50  h=0.3 c=3.1  kl=0.0254  vl=0.0540
Step: 4775936 SPS: 3872  ev=0.587  ent=0.508  grad=0.50/0.50  h=0.4 c=3.2  kl=0.0286  vl=0.0402
Step: 4780032 SPS: 3872  ev=0.682  ent=0.502  grad=0.76/0.50  h=0.4 c=3.2  kl=0.0232  vl=0.0474
Step: 4784128 SPS: 3871  ev=0.646  ent=0.523  grad=0.50/0.50  h=0.3 c=2.9  kl=0.0247  vl=0.0495
Step: 4788224 SPS: 3871  ev=0.663  ent=0.506  grad=0.45/0.45  h=0.4 c=2.6  kl=0.0357  vl=0.0546
Step: 4792320 SPS: 3871  ev=0.633  ent=0.479  grad=0.60/0.50  h=0.3 c=2.6  kl=0.0225  vl=0.0490
Step: 4796416 SPS: 3871  ev=0.646  ent=0.481  grad=0.55/0.50  h=0.4 c=2.5  kl=0.0309  vl=0.0338
Step: 4800512 SPS: 3871  ev=0.687  ent=0.491  grad=0.57/0.50  h=0.3 c=2.7  kl=0.0272  vl=0.0488
Step: 4804608 SPS: 3871  ev=0.633  ent=0.499  grad=0.61/0.50  h=0.3 c=2.2  kl=0.0431  vl=0.0526
Step: 4808704 SPS: 3871  ev=0.649  ent=0.501  grad=0.40/0.40  h=0.3 c=2.7  kl=0.0313  vl=0.0539
Step: 4812800 SPS: 3872  ev=0.601  ent=0.506  grad=0.48/0.48  h=0.3 c=2.4  kl=0.0229  vl=0.0527
Step: 4816896 SPS: 3872  ev=0.627  ent=0.491  grad=0.41/0.41  h=0.4 c=2.3  kl=0.0209  vl=0.0428
Step: 4820992 SPS: 3872  ev=0.602  ent=0.515  grad=0.42/0.42  h=0.3 c=2.7  kl=0.0165  vl=0.0386
Step: 4825088 SPS: 3871  ev=0.647  ent=0.497  grad=0.58/0.50  h=0.3 c=2.6  kl=0.0291  vl=0.0440
Step: 4829184 SPS: 3872  ev=0.654  ent=0.501  grad=0.45/0.45  h=0.3 c=2.5  kl=0.0206  vl=0.0431
  vs Heur:   39W/60L/1D | score=3.0±12.9 inv=0.0 played=15.4 lanes=5.0 ddraw=0.6 pts=3
  vs Random: 101W/0L/0D | score=23.8±14.2 inv=0.0 played=18.5 lanes=5.0 ddraw=1.9 pts=24
  Self-play: 55W/49L/3D | score=4.7±12.2 inv=0.0 played=15.6 lanes=5.0 ddraw=0.4 pts=5
Step: 4833280 SPS: 3871  ev=0.624  ent=0.496  grad=0.48/0.48  h=0.3 c=2.5  kl=0.0230  vl=0.0438
Step: 4837376 SPS: 3871  ev=0.622  ent=0.525  grad=0.58/0.50  h=0.4 c=2.7  kl=0.0268  vl=0.0439
Step: 4841472 SPS: 3872  ev=0.612  ent=0.508  grad=0.32/0.32  h=0.3 c=2.7  kl=0.0252  vl=0.0493
Step: 4845568 SPS: 3871  ev=0.611  ent=0.475  grad=0.41/0.41  h=0.4 c=3.2  kl=0.0305  vl=0.0585
Step: 4849664 SPS: 3871  ev=0.579  ent=0.469  grad=0.43/0.43  h=0.3 c=2.9  kl=0.0329  vl=0.0542
Step: 4853760 SPS: 3871  ev=0.667  ent=0.474  grad=0.30/0.30  h=0.4 c=3.0  kl=0.0261  vl=0.0394
Step: 4857856 SPS: 3871  ev=0.615  ent=0.484  grad=0.38/0.38  h=0.3 c=2.7  kl=0.0201  vl=0.0577
Step: 4861952 SPS: 3871  ev=0.637  ent=0.503  grad=0.39/0.39  h=0.3 c=2.8  kl=0.0196  vl=0.0403
Step: 4866048 SPS: 3871  ev=0.628  ent=0.482  grad=0.39/0.39  h=0.4 c=3.2  kl=0.0308  vl=0.0460
Step: 4870144 SPS: 3871  ev=0.685  ent=0.489  grad=0.53/0.50  h=0.4 c=3.2  kl=0.0172  vl=0.0447
Step: 4874240 SPS: 3871  ev=0.616  ent=0.504  grad=0.43/0.43  h=0.4 c=3.0  kl=0.0271  vl=0.0744
Step: 4878336 SPS: 3871  ev=0.655  ent=0.477  grad=0.55/0.50  h=0.4 c=3.6  kl=0.0463  vl=0.0512
Step: 4882432 SPS: 3871  ev=0.670  ent=0.487  grad=0.52/0.50  h=0.4 c=3.9  kl=0.0393  vl=0.0597
Step: 4886528 SPS: 3871  ev=0.668  ent=0.492  grad=0.37/0.37  h=0.4 c=3.3  kl=0.0218  vl=0.0600
Step: 4890624 SPS: 3872  ev=0.605  ent=0.482  grad=0.43/0.43  h=0.4 c=3.2  kl=0.0378  vl=0.0612
Step: 4894720 SPS: 3872  ev=0.625  ent=0.480  grad=0.49/0.49  h=0.4 c=4.1  kl=0.0386  vl=0.0498
Step: 4898816 SPS: 3873  ev=0.633  ent=0.518  grad=0.50/0.50  h=0.3 c=4.0  kl=0.0287  vl=0.0549
Step: 4902912 SPS: 3873  ev=0.660  ent=0.497  grad=0.62/0.50  h=0.4 c=3.6  kl=0.0254  vl=0.0451
Step: 4907008 SPS: 3873  ev=0.610  ent=0.517  grad=0.59/0.50  h=0.3 c=3.6  kl=0.0291  vl=0.0627
Step: 4911104 SPS: 3872  ev=0.628  ent=0.487  grad=0.50/0.50  h=0.3 c=4.9  kl=0.0384  vl=0.0504
  vs Heur:   35W/68L/3D | score=1.6±14.1 inv=0.0 played=15.3 lanes=5.0 ddraw=0.5 pts=2
  vs Random: 104W/0L/0D | score=23.6±15.7 inv=0.0 played=18.5 lanes=5.0 ddraw=2.3 pts=24
  Self-play: 51W/55L/1D | score=3.3±11.4 inv=0.0 played=15.7 lanes=5.0 ddraw=0.5 pts=3
Step: 4915200 SPS: 3873  ev=0.565  ent=0.483  grad=0.52/0.50  h=0.4 c=3.4  kl=0.0261  vl=0.0545
Step: 4919296 SPS: 3873  ev=0.637  ent=0.542  grad=0.69/0.50  h=0.3 c=4.1  kl=0.0272  vl=0.0537
Step: 4923392 SPS: 3873  ev=0.655  ent=0.515  grad=0.45/0.45  h=0.3 c=3.8  kl=0.0264  vl=0.0533
Step: 4927488 SPS: 3873  ev=0.645  ent=0.489  grad=0.34/0.34  h=0.4 c=5.2  kl=0.0285  vl=0.0610
Step: 4931584 SPS: 3873  ev=0.658  ent=0.462  grad=0.80/0.50  h=0.4 c=5.2  kl=0.0270  vl=0.0517
Step: 4935680 SPS: 3873  ev=0.660  ent=0.507  grad=0.48/0.48  h=0.3 c=5.3  kl=0.0213  vl=0.0529
Step: 4939776 SPS: 3873  ev=0.663  ent=0.491  grad=0.51/0.50  h=0.4 c=5.4  kl=0.0250  vl=0.0577
Step: 4943872 SPS: 3873  ev=0.651  ent=0.506  grad=0.37/0.37  h=0.4 c=4.9  kl=0.0328  vl=0.0608
Step: 4947968 SPS: 3872  ev=0.684  ent=0.486  grad=0.46/0.46  h=0.4 c=4.8  kl=0.0409  vl=0.0645
Step: 4952064 SPS: 3872  ev=0.643  ent=0.463  grad=0.45/0.45  h=0.4 c=4.9  kl=0.0276  vl=0.0578
Step: 4956160 SPS: 3872  ev=0.660  ent=0.501  grad=0.65/0.50  h=0.4 c=5.2  kl=0.0236  vl=0.0598
Step: 4960256 SPS: 3873  ev=0.705  ent=0.495  grad=0.42/0.42  h=0.4 c=5.3  kl=0.0304  vl=0.0542
Step: 4964352 SPS: 3873  ev=0.644  ent=0.491  grad=0.51/0.50  h=0.4 c=6.0  kl=0.0215  vl=0.0568
Step: 4968448 SPS: 3873  ev=0.653  ent=0.471  grad=0.41/0.41  h=0.4 c=5.2  kl=0.0281  vl=0.0432
Step: 4972544 SPS: 3873  ev=0.618  ent=0.499  grad=0.43/0.43  h=0.4 c=6.7  kl=0.0337  vl=0.0587
Step: 4976640 SPS: 3874  ev=0.658  ent=0.478  grad=0.43/0.43  h=0.4 c=6.5  kl=0.0341  vl=0.0644
Step: 4980736 SPS: 3874  ev=0.647  ent=0.452  grad=0.52/0.50  h=0.4 c=6.6  kl=0.0236  vl=0.0387
Step: 4984832 SPS: 3874  ev=0.627  ent=0.473  grad=0.49/0.49  h=0.5 c=6.3  kl=0.0341  vl=0.0479
Step: 4988928 SPS: 3874  ev=0.669  ent=0.518  grad=0.49/0.49  h=0.4 c=5.4  kl=0.0255  vl=0.0561
Step: 4993024 SPS: 3874  ev=0.653  ent=0.488  grad=0.68/0.50  h=0.4 c=6.6  kl=0.0406  vl=0.0577
  vs Heur:   44W/64L/1D | score=4.1±12.9 inv=0.0 played=15.5 lanes=5.0 ddraw=0.6 pts=4
  vs Random: 100W/0L/0D | score=28.5±14.8 inv=0.0 played=19.2 lanes=5.0 ddraw=3.0 pts=29
  Self-play: 54W/51L/2D | score=3.4±12.1 inv=0.0 played=15.6 lanes=5.0 ddraw=0.7 pts=3
Step: 4997120 SPS: 3874  ev=0.644  ent=0.473  grad=0.67/0.50  h=0.5 c=6.3  kl=0.0240  vl=0.0491
Step: 5001216 SPS: 3874  ev=0.676  ent=0.487  grad=0.98/0.50  h=0.5 c=5.7  kl=0.0303  vl=0.0585
Step: 5005312 SPS: 3874  ev=0.651  ent=0.491  grad=0.57/0.50  h=0.5 c=5.3  kl=0.0190  vl=0.0684
Step: 5009408 SPS: 3874  ev=0.596  ent=0.488  grad=0.58/0.50  h=0.5 c=5.9  kl=0.0236  vl=0.0657
Step: 5013504 SPS: 3874  ev=0.652  ent=0.512  grad=0.71/0.50  h=0.5 c=6.6  kl=0.0321  vl=0.0468
Step: 5017600 SPS: 3874  ev=0.668  ent=0.494  grad=0.42/0.42  h=0.6 c=7.0  kl=0.0264  vl=0.0550
Step: 5021696 SPS: 3874  ev=0.633  ent=0.475  grad=0.64/0.50  h=0.5 c=6.9  kl=0.0273  vl=0.0546
Step: 5025792 SPS: 3874  ev=0.661  ent=0.522  grad=0.47/0.47  h=0.6 c=8.5  kl=0.0209  vl=0.0546
Step: 5029888 SPS: 3874  ev=0.655  ent=0.460  grad=0.46/0.46  h=0.5 c=9.0  kl=0.0252  vl=0.0672
Step: 5033984 SPS: 3874  ev=0.652  ent=0.519  grad=0.40/0.40  h=0.5 c=8.1  kl=0.0349  vl=0.0462
Step: 5038080 SPS: 3874  ev=0.633  ent=0.488  grad=0.40/0.40  h=0.5 c=6.9  kl=0.0233  vl=0.0352
Step: 5042176 SPS: 3874  ev=0.585  ent=0.496  grad=0.41/0.41  h=0.5 c=6.6  kl=0.0211  vl=0.0488
Step: 5046272 SPS: 3874  ev=0.644  ent=0.487  grad=0.60/0.50  h=0.5 c=6.3  kl=0.0347  vl=0.0650
Step: 5050368 SPS: 3874  ev=0.668  ent=0.497  grad=0.62/0.50  h=0.5 c=4.9  kl=0.0271  vl=0.0488
Step: 5054464 SPS: 3875  ev=0.654  ent=0.486  grad=0.50/0.50  h=0.5 c=4.9  kl=0.0259  vl=0.0526
Step: 5058560 SPS: 3875  ev=0.696  ent=0.466  grad=0.49/0.49  h=0.5 c=5.4  kl=0.0262  vl=0.0499
Step: 5062656 SPS: 3875  ev=0.689  ent=0.487  grad=0.36/0.36  h=0.5 c=4.4  kl=0.0267  vl=0.0453
Step: 5066752 SPS: 3875  ev=0.653  ent=0.494  grad=0.49/0.49  h=0.4 c=4.6  kl=0.0322  vl=0.0443
Step: 5070848 SPS: 3875  ev=0.633  ent=0.487  grad=0.46/0.46  h=0.5 c=5.6  kl=0.0330  vl=0.0494
Step: 5074944 SPS: 3876  ev=0.683  ent=0.450  grad=0.65/0.50  h=0.5 c=5.5  kl=0.0221  vl=0.0424
  vs Heur:   37W/68L/1D | score=3.9±12.0 inv=0.0 played=15.5 lanes=5.0 ddraw=0.6 pts=4
  vs Random: 101W/0L/0D | score=27.3±12.1 inv=0.0 played=19.0 lanes=5.0 ddraw=2.8 pts=27
  Self-play: 46W/49L/6D | score=3.4±11.3 inv=0.0 played=15.7 lanes=5.0 ddraw=0.6 pts=3
Step: 5079040 SPS: 3876  ev=0.654  ent=0.443  grad=0.51/0.50  h=0.5 c=4.6  kl=0.0167  vl=0.0440
Step: 5083136 SPS: 3876  ev=0.628  ent=0.459  grad=0.36/0.36  h=0.5 c=4.8  kl=0.0215  vl=0.0474
Step: 5087232 SPS: 3876  ev=0.647  ent=0.488  grad=0.38/0.38  h=0.5 c=4.0  kl=0.0284  vl=0.0437
Step: 5091328 SPS: 3875  ev=0.681  ent=0.446  grad=0.67/0.50  h=0.5 c=3.7  kl=0.0530  vl=0.0678
Step: 5095424 SPS: 3875  ev=0.630  ent=0.500  grad=0.63/0.50  h=0.4 c=3.8  kl=0.0454  vl=0.0698
Step: 5099520 SPS: 3875  ev=0.652  ent=0.481  grad=0.42/0.42  h=0.4 c=3.1  kl=0.0291  vl=0.0483
Step: 5103616 SPS: 3875  ev=0.654  ent=0.488  grad=0.64/0.50  h=0.4 c=3.0  kl=0.0335  vl=0.0605
Step: 5107712 SPS: 3875  ev=0.647  ent=0.447  grad=0.57/0.50  h=0.4 c=2.9  kl=0.0270  vl=0.0627
Step: 5111808 SPS: 3875  ev=0.656  ent=0.488  grad=0.43/0.43  h=0.4 c=3.1  kl=0.0327  vl=0.0470
Step: 5115904 SPS: 3874  ev=0.630  ent=0.450  grad=0.51/0.50  h=0.4 c=3.0  kl=0.0289  vl=0.0533
Step: 5120000 SPS: 3875  ev=0.603  ent=0.469  grad=0.39/0.39  h=0.4 c=2.9  kl=0.0338  vl=0.0575
Step: 5124096 SPS: 3874  ev=0.658  ent=0.499  grad=0.47/0.47  h=0.3 c=3.8  kl=0.0338  vl=0.0548
Step: 5128192 SPS: 3874  ev=0.618  ent=0.496  grad=0.44/0.44  h=0.4 c=2.9  kl=0.0278  vl=0.0447
Step: 5132288 SPS: 3874  ev=0.618  ent=0.542  grad=0.61/0.50  h=0.4 c=3.5  kl=0.0330  vl=0.0409
Step: 5136384 SPS: 3874  ev=0.647  ent=0.468  grad=0.60/0.50  h=0.3 c=4.0  kl=0.0249  vl=0.0655
Step: 5140480 SPS: 3875  ev=0.663  ent=0.482  grad=0.37/0.37  h=0.4 c=3.4  kl=0.0340  vl=0.0663
Step: 5144576 SPS: 3875  ev=0.623  ent=0.482  grad=0.50/0.50  h=0.4 c=3.3  kl=0.0344  vl=0.0662
Step: 5148672 SPS: 3875  ev=0.630  ent=0.514  grad=0.35/0.35  h=0.4 c=2.3  kl=0.0322  vl=0.0433
Step: 5152768 SPS: 3875  ev=0.618  ent=0.483  grad=0.32/0.32  h=0.3 c=2.8  kl=0.0450  vl=0.0614
Step: 5156864 SPS: 3876  ev=0.691  ent=0.510  grad=0.36/0.36  h=0.3 c=3.1  kl=0.0295  vl=0.0543
  vs Heur:   47W/58L/0D | score=4.4±14.9 inv=0.0 played=15.3 lanes=5.0 ddraw=0.7 pts=4
  vs Random: 101W/0L/0D | score=27.4±13.5 inv=0.0 played=18.7 lanes=5.0 ddraw=3.1 pts=27
  Self-play: 48W/50L/2D | score=1.7±12.7 inv=0.0 played=15.5 lanes=5.0 ddraw=0.5 pts=2
Step: 5160960 SPS: 3875  ev=0.666  ent=0.492  grad=0.40/0.40  h=0.2 c=3.4  kl=0.0330  vl=0.0600
Step: 5165056 SPS: 3876  ev=0.659  ent=0.457  grad=0.53/0.50  h=0.3 c=3.5  kl=0.0228  vl=0.0580
Step: 5169152 SPS: 3876  ev=0.681  ent=0.483  grad=0.37/0.37  h=0.3 c=3.8  kl=0.0244  vl=0.0539
Step: 5173248 SPS: 3876  ev=0.633  ent=0.459  grad=0.56/0.50  h=0.2 c=3.6  kl=0.0214  vl=0.0517
Step: 5177344 SPS: 3876  ev=0.639  ent=0.468  grad=0.33/0.33  h=0.2 c=3.4  kl=0.0296  vl=0.0621
Step: 5181440 SPS: 3876  ev=0.670  ent=0.513  grad=0.55/0.50  h=0.2 c=3.6  kl=0.0460  vl=0.0515
Step: 5185536 SPS: 3876  ev=0.627  ent=0.458  grad=0.52/0.50  h=0.2 c=4.6  kl=0.0244  vl=0.0562
Step: 5189632 SPS: 3876  ev=0.657  ent=0.505  grad=0.41/0.41  h=0.2 c=4.2  kl=0.0299  vl=0.0555
Step: 5193728 SPS: 3876  ev=0.679  ent=0.480  grad=0.44/0.44  h=0.2 c=3.8  kl=0.0312  vl=0.0576
Step: 5197824 SPS: 3876  ev=0.625  ent=0.487  grad=0.72/0.50  h=0.2 c=4.3  kl=0.0420  vl=0.0593
Step: 5201920 SPS: 3876  ev=0.623  ent=0.460  grad=0.50/0.50  h=0.1 c=4.2  kl=0.0179  vl=0.0417
Step: 5206016 SPS: 3876  ev=0.640  ent=0.462  grad=0.52/0.50  h=0.2 c=3.6  kl=0.0448  vl=0.0623
Step: 5210112 SPS: 3876  ev=0.659  ent=0.453  grad=0.42/0.42  h=0.2 c=3.7  kl=0.0569  vl=0.0550
Step: 5214208 SPS: 3876  ev=0.671  ent=0.451  grad=0.38/0.38  h=0.1 c=2.4  kl=0.0339  vl=0.0611
Step: 5218304 SPS: 3876  ev=0.631  ent=0.433  grad=0.47/0.47  h=0.2 c=2.6  kl=0.0246  vl=0.0497
Step: 5222400 SPS: 3876  ev=0.676  ent=0.457  grad=0.50/0.50  h=0.1 c=2.6  kl=0.0198  vl=0.0444
Step: 5226496 SPS: 3877  ev=0.635  ent=0.483  grad=0.41/0.41  h=0.2 c=2.2  kl=0.0279  vl=0.0556
Step: 5230592 SPS: 3877  ev=0.699  ent=0.504  grad=0.63/0.50  h=0.1 c=3.2  kl=0.0241  vl=0.0569
Step: 5234688 SPS: 3877  ev=0.625  ent=0.469  grad=0.46/0.46  h=0.1 c=3.0  kl=0.0351  vl=0.0573
Step: 5238784 SPS: 3877  ev=0.679  ent=0.462  grad=0.47/0.47  h=0.2 c=3.2  kl=0.0276  vl=0.0542
  vs Heur:   35W/71L/2D | score=4.4±12.2 inv=0.0 played=15.7 lanes=5.0 ddraw=0.6 pts=4
  vs Random: 100W/0L/0D | score=23.2±13.0 inv=0.0 played=18.3 lanes=5.0 ddraw=3.5 pts=23
  Self-play: 48W/50L/4D | score=3.4±12.6 inv=0.0 played=15.7 lanes=5.0 ddraw=0.7 pts=3
Step: 5242880 SPS: 3876  ev=0.674  ent=0.482  grad=0.34/0.34  h=0.1 c=2.8  kl=0.0322  vl=0.0527
Step: 5246976 SPS: 3876  ev=0.643  ent=0.500  grad=0.30/0.30  h=0.2 c=2.8  kl=0.0271  vl=0.0604
Step: 5251072 SPS: 3876  ev=0.641  ent=0.511  grad=0.79/0.50  h=0.1 c=2.7  kl=0.0324  vl=0.0577
Step: 5255168 SPS: 3877  ev=0.679  ent=0.473  grad=0.47/0.47  h=0.2 c=2.4  kl=0.0317  vl=0.0553
Step: 5259264 SPS: 3877  ev=0.641  ent=0.505  grad=0.43/0.43  h=0.2 c=3.2  kl=0.0264  vl=0.0649
Step: 5263360 SPS: 3877  ev=0.643  ent=0.480  grad=0.40/0.40  h=0.2 c=3.4  kl=0.0346  vl=0.0583
Step: 5267456 SPS: 3877  ev=0.690  ent=0.465  grad=0.30/0.30  h=0.2 c=3.1  kl=0.0425  vl=0.0501
Step: 5271552 SPS: 3876  ev=0.635  ent=0.495  grad=0.48/0.48  h=0.2 c=3.9  kl=0.0380  vl=0.0549
Step: 5275648 SPS: 3876  ev=0.650  ent=0.451  grad=0.66/0.50  h=0.2 c=4.4  kl=0.0220  vl=0.0604
Step: 5279744 SPS: 3876  ev=0.620  ent=0.453  grad=0.69/0.50  h=0.2 c=4.0  kl=0.0392  vl=0.0664
Step: 5283840 SPS: 3876  ev=0.703  ent=0.463  grad=0.53/0.50  h=0.1 c=3.7  kl=0.0378  vl=0.0429
Step: 5287936 SPS: 3876  ev=0.618  ent=0.474  grad=0.45/0.45  h=0.1 c=4.3  kl=0.0316  vl=0.0606
Step: 5292032 SPS: 3875  ev=0.632  ent=0.477  grad=0.57/0.50  h=0.2 c=3.6  kl=0.0243  vl=0.0424
Step: 5296128 SPS: 3876  ev=0.644  ent=0.472  grad=0.38/0.38  h=0.2 c=4.0  kl=0.0302  vl=0.0520
Step: 5300224 SPS: 3876  ev=0.641  ent=0.469  grad=0.81/0.50  h=0.2 c=3.2  kl=0.0366  vl=0.0528
Step: 5304320 SPS: 3876  ev=0.663  ent=0.469  grad=0.38/0.38  h=0.1 c=4.7  kl=0.0249  vl=0.0516
Step: 5308416 SPS: 3876  ev=0.591  ent=0.497  grad=0.39/0.39  h=0.2 c=3.5  kl=0.0411  vl=0.0616
Step: 5312512 SPS: 3876  ev=0.640  ent=0.454  grad=0.52/0.50  h=0.1 c=3.5  kl=0.0336  vl=0.0444
Step: 5316608 SPS: 3877  ev=0.631  ent=0.456  grad=0.45/0.45  h=0.2 c=4.5  kl=0.0310  vl=0.0532
Step: 5320704 SPS: 3876  ev=0.645  ent=0.488  grad=0.39/0.39  h=0.1 c=4.9  kl=0.0199  vl=0.0433
  vs Heur:   37W/66L/1D | score=3.0±12.3 inv=0.0 played=15.3 lanes=5.0 ddraw=0.5 pts=3
  vs Random: 100W/0L/0D | score=19.7±12.1 inv=0.0 played=18.2 lanes=5.0 ddraw=2.6 pts=20
  Self-play: 53W/51L/0D | score=3.3±12.0 inv=0.0 played=15.5 lanes=5.0 ddraw=0.5 pts=3
Step: 5324800 SPS: 3876  ev=0.623  ent=0.458  grad=0.49/0.49  h=0.2 c=3.2  kl=0.0182  vl=0.0465
Step: 5328896 SPS: 3876  ev=0.625  ent=0.439  grad=0.33/0.33  h=0.1 c=3.7  kl=0.0405  vl=0.0437
Step: 5332992 SPS: 3876  ev=0.583  ent=0.462  grad=0.32/0.32  h=0.1 c=4.5  kl=0.0231  vl=0.0390
Step: 5337088 SPS: 3876  ev=0.591  ent=0.490  grad=0.46/0.46  h=0.1 c=3.8  kl=0.0260  vl=0.0383
Step: 5341184 SPS: 3876  ev=0.664  ent=0.469  grad=0.40/0.40  h=0.2 c=5.1  kl=0.0273  vl=0.0394
Step: 5345280 SPS: 3876  ev=0.601  ent=0.471  grad=0.31/0.31  h=0.1 c=4.5  kl=0.0351  vl=0.0380
Step: 5349376 SPS: 3876  ev=0.628  ent=0.494  grad=0.75/0.50  h=0.1 c=4.8  kl=0.0178  vl=0.0448
Step: 5353472 SPS: 3875  ev=0.641  ent=0.475  grad=0.65/0.50  h=0.2 c=4.8  kl=0.0406  vl=0.0629
Step: 5357568 SPS: 3876  ev=0.573  ent=0.472  grad=0.50/0.50  h=0.2 c=5.0  kl=0.0271  vl=0.0407
Step: 5361664 SPS: 3876  ev=0.657  ent=0.510  grad=0.38/0.38  h=0.2 c=6.6  kl=0.0250  vl=0.0487
Step: 5365760 SPS: 3876  ev=0.598  ent=0.506  grad=0.47/0.47  h=0.3 c=6.6  kl=0.0348  vl=0.0481
Step: 5369856 SPS: 3875  ev=0.624  ent=0.477  grad=0.55/0.50  h=0.2 c=6.3  kl=0.0342  vl=0.0399
Step: 5373952 SPS: 3876  ev=0.649  ent=0.484  grad=0.36/0.36  h=0.3 c=6.4  kl=0.0279  vl=0.0420
Step: 5378048 SPS: 3876  ev=0.644  ent=0.476  grad=0.32/0.32  h=0.2 c=5.2  kl=0.0254  vl=0.0390
Step: 5382144 SPS: 3876  ev=0.629  ent=0.510  grad=0.53/0.50  h=0.2 c=7.0  kl=0.0374  vl=0.0476
Step: 5386240 SPS: 3877  ev=0.639  ent=0.497  grad=0.37/0.37  h=0.2 c=8.1  kl=0.0209  vl=0.0546
Step: 5390336 SPS: 3877  ev=0.694  ent=0.513  grad=0.42/0.42  h=0.2 c=8.5  kl=0.0417  vl=0.0500
Step: 5394432 SPS: 3877  ev=0.641  ent=0.487  grad=0.47/0.47  h=0.2 c=9.2  kl=0.0333  vl=0.0587
Step: 5398528 SPS: 3877  ev=0.590  ent=0.475  grad=0.58/0.50  h=0.1 c=6.7  kl=0.0240  vl=0.0550
Step: 5402624 SPS: 3876  ev=0.650  ent=0.501  grad=0.41/0.41  h=0.1 c=6.0  kl=0.0352  vl=0.0511
  vs Heur:   29W/68L/3D | score=2.1±13.7 inv=0.0 played=15.4 lanes=5.0 ddraw=0.5 pts=2
  vs Random: 101W/0L/0D | score=15.8±13.9 inv=0.0 played=17.8 lanes=5.0 ddraw=2.9 pts=16
  Self-play: 56W/46L/4D | score=2.6±11.0 inv=0.0 played=15.5 lanes=5.0 ddraw=0.4 pts=3
Step: 5406720 SPS: 3876  ev=0.637  ent=0.510  grad=0.63/0.50  h=0.2 c=6.2  kl=0.0335  vl=0.0630
Step: 5410816 SPS: 3876  ev=0.610  ent=0.476  grad=0.78/0.50  h=0.1 c=5.4  kl=0.0273  vl=0.0524
Step: 5414912 SPS: 3877  ev=0.645  ent=0.488  grad=0.44/0.44  h=0.1 c=4.9  kl=0.0209  vl=0.0372
Step: 5419008 SPS: 3877  ev=0.635  ent=0.476  grad=0.43/0.43  h=0.2 c=4.9  kl=0.0278  vl=0.0488
Step: 5423104 SPS: 3876  ev=0.571  ent=0.501  grad=0.38/0.38  h=0.1 c=4.1  kl=0.0278  vl=0.0477
Step: 5427200 SPS: 3876  ev=0.588  ent=0.495  grad=0.51/0.50  h=0.2 c=5.0  kl=0.0405  vl=0.0460
Step: 5431296 SPS: 3876  ev=0.638  ent=0.492  grad=0.49/0.49  h=0.2 c=3.6  kl=0.0320  vl=0.0449
Step: 5435392 SPS: 3876  ev=0.625  ent=0.499  grad=0.40/0.40  h=0.1 c=3.6  kl=0.0287  vl=0.0583
Step: 5439488 SPS: 3876  ev=0.700  ent=0.492  grad=0.31/0.31  h=0.2 c=3.6  kl=0.0681  vl=0.0465
Step: 5443584 SPS: 3876  ev=0.642  ent=0.496  grad=0.59/0.50  h=0.1 c=4.0  kl=0.0245  vl=0.0393
Step: 5447680 SPS: 3876  ev=0.646  ent=0.446  grad=0.44/0.44  h=0.2 c=4.1  kl=0.0254  vl=0.0562
Step: 5451776 SPS: 3876  ev=0.669  ent=0.482  grad=0.68/0.50  h=0.1 c=4.8  kl=0.0357  vl=0.0462
Step: 5455872 SPS: 3876  ev=0.643  ent=0.490  grad=0.61/0.50  h=0.1 c=4.1  kl=0.0299  vl=0.0550
Step: 5459968 SPS: 3876  ev=0.590  ent=0.474  grad=0.39/0.39  h=0.1 c=5.0  kl=0.0279  vl=0.0444
Step: 5464064 SPS: 3876  ev=0.626  ent=0.457  grad=0.49/0.49  h=0.1 c=4.2  kl=0.0360  vl=0.0589
Step: 5468160 SPS: 3877  ev=0.636  ent=0.472  grad=0.55/0.50  h=0.1 c=4.4  kl=0.0496  vl=0.0595
Step: 5472256 SPS: 3877  ev=0.648  ent=0.503  grad=0.59/0.50  h=0.0 c=5.3  kl=0.0325  vl=0.0610
Step: 5476352 SPS: 3877  ev=0.638  ent=0.495  grad=0.40/0.40  h=0.0 c=4.6  kl=0.0252  vl=0.0380
Step: 5480448 SPS: 3877  ev=0.658  ent=0.480  grad=0.37/0.37  h=0.1 c=4.8  kl=0.0342  vl=0.0601
Step: 5484544 SPS: 3877  ev=0.649  ent=0.476  grad=0.45/0.45  h=0.1 c=4.7  kl=0.0265  vl=0.0756
  vs Heur:   35W/63L/2D | score=0.4±12.5 inv=0.0 played=15.1 lanes=5.0 ddraw=0.6 pts=0
  vs Random: 100W/0L/0D | score=22.5±11.6 inv=0.0 played=18.3 lanes=5.0 ddraw=3.1 pts=22
  Self-play: 56W/49L/4D | score=3.7±9.8 inv=0.0 played=15.9 lanes=5.0 ddraw=0.4 pts=4
Step: 5488640 SPS: 3876  ev=0.619  ent=0.504  grad=0.52/0.50  h=0.2 c=5.2  kl=0.0349  vl=0.0662
Step: 5492736 SPS: 3876  ev=0.583  ent=0.479  grad=0.33/0.33  h=0.1 c=5.8  kl=0.0315  vl=0.0557
Step: 5496832 SPS: 3876  ev=0.644  ent=0.469  grad=0.44/0.44  h=0.2 c=5.7  kl=0.0253  vl=0.0431
Step: 5500928 SPS: 3876  ev=0.673  ent=0.482  grad=0.38/0.38  h=0.1 c=5.1  kl=0.0299  vl=0.0506
Step: 5505024 SPS: 3876  ev=0.585  ent=0.464  grad=0.57/0.50  h=0.1 c=5.4  kl=0.0407  vl=0.0525
Step: 5509120 SPS: 3876  ev=0.657  ent=0.503  grad=0.42/0.42  h=0.2 c=6.1  kl=0.0398  vl=0.0400
Step: 5513216 SPS: 3876  ev=0.598  ent=0.494  grad=0.65/0.50  h=0.2 c=5.9  kl=0.0261  vl=0.0584
Step: 5517312 SPS: 3876  ev=0.616  ent=0.481  grad=0.52/0.50  h=0.2 c=6.2  kl=0.0306  vl=0.0380
Step: 5521408 SPS: 3876  ev=0.642  ent=0.496  grad=0.51/0.50  h=0.1 c=5.8  kl=0.0309  vl=0.0597
Step: 5525504 SPS: 3875  ev=0.673  ent=0.551  grad=0.53/0.50  h=0.1 c=6.2  kl=0.0340  vl=0.0669
Step: 5529600 SPS: 3875  ev=0.691  ent=0.483  grad=0.59/0.50  h=0.1 c=7.7  kl=0.0252  vl=0.0579
Step: 5533696 SPS: 3875  ev=0.663  ent=0.519  grad=0.67/0.50  h=0.1 c=7.6  kl=0.0319  vl=0.0554
Step: 5537792 SPS: 3876  ev=0.645  ent=0.493  grad=0.42/0.42  h=0.1 c=6.8  kl=0.0216  vl=0.0531
Step: 5541888 SPS: 3876  ev=0.668  ent=0.500  grad=0.34/0.34  h=0.1 c=6.9  kl=0.0275  vl=0.0617
Step: 5545984 SPS: 3876  ev=0.627  ent=0.475  grad=0.56/0.50  h=0.2 c=7.6  kl=0.0296  vl=0.0520
Step: 5550080 SPS: 3876  ev=0.583  ent=0.513  grad=0.46/0.46  h=0.2 c=5.5  kl=0.0233  vl=0.0494
Step: 5554176 SPS: 3876  ev=0.608  ent=0.489  grad=0.66/0.50  h=0.2 c=6.2  kl=0.0359  vl=0.0492
Step: 5558272 SPS: 3876  ev=0.649  ent=0.516  grad=0.38/0.38  h=0.2 c=6.5  kl=0.0315  vl=0.0510
Step: 5562368 SPS: 3876  ev=0.608  ent=0.494  grad=0.48/0.48  h=0.2 c=5.8  kl=0.0256  vl=0.0631
Step: 5566464 SPS: 3877  ev=0.624  ent=0.515  grad=0.49/0.49  h=0.2 c=6.5  kl=0.0328  vl=0.0424
  vs Heur:   37W/69L/3D | score=2.4±12.3 inv=0.0 played=15.2 lanes=5.0 ddraw=0.6 pts=2
  vs Random: 100W/0L/0D | score=25.6±14.5 inv=0.0 played=18.7 lanes=5.0 ddraw=3.0 pts=26
  Self-play: 56W/44L/4D | score=5.7±9.7 inv=0.0 played=15.7 lanes=5.0 ddraw=0.6 pts=6
Step: 5570560 SPS: 3876  ev=0.659  ent=0.487  grad=0.41/0.41  h=0.1 c=7.9  kl=0.0244  vl=0.0430
Step: 5574656 SPS: 3876  ev=0.633  ent=0.470  grad=0.39/0.39  h=0.1 c=5.2  kl=0.0219  vl=0.0575
Step: 5578752 SPS: 3876  ev=0.653  ent=0.494  grad=0.32/0.32  h=0.0 c=6.1  kl=0.0322  vl=0.0521
Step: 5582848 SPS: 3876  ev=0.627  ent=0.506  grad=0.46/0.46  h=0.1 c=5.0  kl=0.0377  vl=0.0580
Step: 5586944 SPS: 3876  ev=0.618  ent=0.489  grad=0.38/0.38  h=0.1 c=6.8  kl=0.0213  vl=0.0586
Step: 5591040 SPS: 3876  ev=0.577  ent=0.510  grad=0.58/0.50  h=0.1 c=5.7  kl=0.0274  vl=0.0474
Step: 5595136 SPS: 3876  ev=0.627  ent=0.514  grad=0.48/0.48  h=0.1 c=3.9  kl=0.0396  vl=0.0558
Step: 5599232 SPS: 3876  ev=0.676  ent=0.526  grad=0.37/0.37  h=0.1 c=5.2  kl=0.0270  vl=0.0622
Step: 5603328 SPS: 3876  ev=0.647  ent=0.490  grad=0.79/0.50  h=0.1 c=5.1  kl=0.0263  vl=0.0743
Step: 5607424 SPS: 3876  ev=0.619  ent=0.509  grad=0.65/0.50  h=0.1 c=4.7  kl=0.0211  vl=0.0719
Step: 5611520 SPS: 3876  ev=0.623  ent=0.497  grad=0.52/0.50  h=0.1 c=4.8  kl=0.0257  vl=0.0577
Step: 5615616 SPS: 3876  ev=0.627  ent=0.502  grad=0.42/0.42  h=0.2 c=4.8  kl=0.0479  vl=0.0632
Step: 5619712 SPS: 3876  ev=0.648  ent=0.516  grad=0.43/0.43  h=0.1 c=4.3  kl=0.0253  vl=0.0554
Step: 5623808 SPS: 3876  ev=0.676  ent=0.497  grad=0.49/0.49  h=0.2 c=4.2  kl=0.0195  vl=0.0649
Step: 5627904 SPS: 3877  ev=0.627  ent=0.515  grad=0.64/0.50  h=0.1 c=4.2  kl=0.0439  vl=0.0730
Step: 5632000 SPS: 3877  ev=0.628  ent=0.501  grad=0.36/0.36  h=0.2 c=4.7  kl=0.0283  vl=0.0652
Step: 5636096 SPS: 3876  ev=0.626  ent=0.528  grad=0.62/0.50  h=0.1 c=4.3  kl=0.0306  vl=0.0579
Step: 5640192 SPS: 3876  ev=0.621  ent=0.532  grad=0.72/0.50  h=0.2 c=4.7  kl=0.0271  vl=0.0515
Step: 5644288 SPS: 3876  ev=0.603  ent=0.564  grad=0.69/0.50  h=0.2 c=4.1  kl=0.0273  vl=0.0595
Step: 5648384 SPS: 3876  ev=0.652  ent=0.511  grad=0.31/0.31  h=0.2 c=4.5  kl=0.0287  vl=0.0634
  vs Heur:   34W/69L/2D | score=1.1±12.4 inv=0.0 played=15.1 lanes=5.0 ddraw=0.9 pts=1
  vs Random: 100W/0L/0D | score=23.7±12.8 inv=0.0 played=18.4 lanes=5.0 ddraw=3.2 pts=24
  Self-play: 43W/54L/6D | score=3.9±13.2 inv=0.0 played=15.5 lanes=5.0 ddraw=0.5 pts=4
Step: 5652480 SPS: 3876  ev=0.619  ent=0.552  grad=0.42/0.42  h=0.2 c=4.0  kl=0.0298  vl=0.0637
Step: 5656576 SPS: 3876  ev=0.646  ent=0.566  grad=0.65/0.50  h=0.2 c=4.1  kl=0.0236  vl=0.0574
Step: 5660672 SPS: 3876  ev=0.643  ent=0.544  grad=0.41/0.41  h=0.2 c=4.0  kl=0.0312  vl=0.0598
Step: 5664768 SPS: 3876  ev=0.640  ent=0.524  grad=0.36/0.36  h=0.2 c=3.6  kl=0.0171  vl=0.0544
Step: 5668864 SPS: 3876  ev=0.622  ent=0.517  grad=0.52/0.50  h=0.3 c=4.1  kl=0.0330  vl=0.0599
Step: 5672960 SPS: 3876  ev=0.609  ent=0.532  grad=0.34/0.34  h=0.3 c=3.5  kl=0.0359  vl=0.0634
Step: 5677056 SPS: 3876  ev=0.694  ent=0.525  grad=0.43/0.43  h=0.2 c=3.7  kl=0.0281  vl=0.0434
Step: 5681152 SPS: 3875  ev=0.641  ent=0.540  grad=0.76/0.50  h=0.2 c=3.9  kl=0.0314  vl=0.0629
Step: 5685248 SPS: 3875  ev=0.626  ent=0.481  grad=0.45/0.45  h=0.3 c=4.2  kl=0.0322  vl=0.0534
Step: 5689344 SPS: 3875  ev=0.660  ent=0.524  grad=0.41/0.41  h=0.3 c=2.6  kl=0.0346  vl=0.0635
Step: 5693440 SPS: 3875  ev=0.603  ent=0.523  grad=0.47/0.47  h=0.3 c=4.3  kl=0.0245  vl=0.0454
Step: 5697536 SPS: 3876  ev=0.642  ent=0.513  grad=0.59/0.50  h=0.2 c=3.7  kl=0.0377  vl=0.0549
Step: 5701632 SPS: 3875  ev=0.640  ent=0.491  grad=0.32/0.32  h=0.2 c=3.5  kl=0.0366  vl=0.0574
Step: 5705728 SPS: 3876  ev=0.648  ent=0.515  grad=0.47/0.47  h=0.3 c=4.1  kl=0.0355  vl=0.0589
Step: 5709824 SPS: 3876  ev=0.598  ent=0.507  grad=0.32/0.32  h=0.3 c=3.7  kl=0.0308  vl=0.0536
Step: 5713920 SPS: 3876  ev=0.639  ent=0.535  grad=0.36/0.36  h=0.2 c=3.4  kl=0.0307  vl=0.0662
Step: 5718016 SPS: 3876  ev=0.597  ent=0.514  grad=0.72/0.50  h=0.3 c=4.6  kl=0.0349  vl=0.0682
Step: 5722112 SPS: 3876  ev=0.624  ent=0.538  grad=0.60/0.50  h=0.2 c=4.2  kl=0.0412  vl=0.0656
Step: 5726208 SPS: 3876  ev=0.610  ent=0.505  grad=0.39/0.39  h=0.2 c=4.5  kl=0.0213  vl=0.0430
Step: 5730304 SPS: 3876  ev=0.631  ent=0.520  grad=0.57/0.50  h=0.2 c=3.1  kl=0.0436  vl=0.0568
  vs Heur:   48W/55L/0D | score=4.0±11.7 inv=0.0 played=15.6 lanes=5.0 ddraw=0.5 pts=4
  vs Random: 100W/0L/0D | score=27.8±14.3 inv=0.0 played=19.0 lanes=5.0 ddraw=2.9 pts=28
  Self-play: 49W/50L/5D | score=4.1±12.8 inv=0.0 played=15.9 lanes=5.0 ddraw=0.5 pts=4
Step: 5734400 SPS: 3875  ev=0.620  ent=0.485  grad=0.45/0.45  h=0.2 c=3.4  kl=0.0179  vl=0.0438
Step: 5738496 SPS: 3875  ev=0.562  ent=0.500  grad=0.45/0.45  h=0.2 c=2.5  kl=0.0299  vl=0.0558
Step: 5742592 SPS: 3875  ev=0.637  ent=0.514  grad=0.34/0.34  h=0.2 c=3.2  kl=0.0199  vl=0.0450
Step: 5746688 SPS: 3875  ev=0.609  ent=0.470  grad=0.53/0.50  h=0.2 c=2.7  kl=0.0239  vl=0.0608
Step: 5750784 SPS: 3874  ev=0.617  ent=0.481  grad=0.50/0.50  h=0.2 c=3.4  kl=0.0261  vl=0.0579
Step: 5754880 SPS: 3874  ev=0.654  ent=0.485  grad=0.45/0.45  h=0.2 c=3.3  kl=0.0284  vl=0.0524
Step: 5758976 SPS: 3874  ev=0.612  ent=0.495  grad=0.47/0.47  h=0.2 c=3.2  kl=0.0201  vl=0.0589
Step: 5763072 SPS: 3874  ev=0.663  ent=0.530  grad=0.34/0.34  h=0.1 c=2.8  kl=0.0264  vl=0.0559
Step: 5767168 SPS: 3873  ev=0.672  ent=0.495  grad=0.54/0.50  h=0.2 c=3.2  kl=0.0248  vl=0.0624
Step: 5771264 SPS: 3873  ev=0.612  ent=0.516  grad=0.38/0.38  h=0.1 c=3.5  kl=0.0271  vl=0.0460
Step: 5775360 SPS: 3873  ev=0.571  ent=0.479  grad=0.35/0.35  h=0.2 c=2.7  kl=0.0256  vl=0.0469
Step: 5779456 SPS: 3874  ev=0.598  ent=0.492  grad=0.40/0.40  h=0.2 c=2.9  kl=0.0283  vl=0.0500
Step: 5783552 SPS: 3874  ev=0.637  ent=0.471  grad=0.35/0.35  h=0.1 c=3.2  kl=0.0314  vl=0.0727
Step: 5787648 SPS: 3874  ev=0.636  ent=0.532  grad=0.71/0.50  h=0.1 c=4.4  kl=0.0226  vl=0.0658
Step: 5791744 SPS: 3874  ev=0.607  ent=0.476  grad=0.57/0.50  h=0.2 c=2.8  kl=0.0241  vl=0.0469
Step: 5795840 SPS: 3874  ev=0.667  ent=0.511  grad=0.66/0.50  h=0.1 c=3.1  kl=0.0270  vl=0.0613
Step: 5799936 SPS: 3874  ev=0.650  ent=0.531  grad=0.84/0.50  h=0.2 c=3.9  kl=0.0228  vl=0.0633
Step: 5804032 SPS: 3874  ev=0.629  ent=0.489  grad=0.74/0.50  h=0.1 c=3.5  kl=0.0375  vl=0.0472
Step: 5808128 SPS: 3874  ev=0.648  ent=0.494  grad=0.39/0.39  h=0.1 c=4.0  kl=0.0226  vl=0.0497
Step: 5812224 SPS: 3874  ev=0.612  ent=0.498  grad=0.74/0.50  h=0.1 c=3.6  kl=0.0271  vl=0.0672
  vs Heur:   32W/69L/1D | score=2.0±11.4 inv=0.0 played=15.6 lanes=5.0 ddraw=0.6 pts=2
  vs Random: 102W/0L/0D | score=20.5±13.5 inv=0.0 played=18.2 lanes=5.0 ddraw=3.0 pts=21
  Self-play: 46W/54L/1D | score=1.6±12.5 inv=0.0 played=15.4 lanes=5.0 ddraw=0.5 pts=2
Step: 5816320 SPS: 3874  ev=0.599  ent=0.499  grad=0.64/0.50  h=0.2 c=3.3  kl=0.0348  vl=0.0553
Step: 5820416 SPS: 3874  ev=0.684  ent=0.535  grad=0.41/0.41  h=0.1 c=3.1  kl=0.0283  vl=0.0390
Step: 5824512 SPS: 3873  ev=0.619  ent=0.503  grad=0.60/0.50  h=0.1 c=3.4  kl=0.0290  vl=0.0527
Step: 5828608 SPS: 3873  ev=0.639  ent=0.477  grad=0.44/0.44  h=0.1 c=3.3  kl=0.0228  vl=0.0593
Step: 5832704 SPS: 3873  ev=0.633  ent=0.491  grad=0.39/0.39  h=0.2 c=3.0  kl=0.0232  vl=0.0429
Step: 5836800 SPS: 3873  ev=0.595  ent=0.498  grad=0.51/0.50  h=0.2 c=2.9  kl=0.0388  vl=0.0376
Step: 5840896 SPS: 3873  ev=0.625  ent=0.479  grad=0.51/0.50  h=0.2 c=3.3  kl=0.0311  vl=0.0400
Step: 5844992 SPS: 3873  ev=0.625  ent=0.459  grad=0.46/0.46  h=0.2 c=3.0  kl=0.0195  vl=0.0374
Step: 5849088 SPS: 3873  ev=0.632  ent=0.499  grad=0.39/0.39  h=0.2 c=3.1  kl=0.0287  vl=0.0499
Step: 5853184 SPS: 3874  ev=0.613  ent=0.486  grad=0.45/0.45  h=0.1 c=2.7  kl=0.0232  vl=0.0488
Step: 5857280 SPS: 3874  ev=0.636  ent=0.469  grad=0.71/0.50  h=0.1 c=2.4  kl=0.0255  vl=0.0502
Step: 5861376 SPS: 3874  ev=0.596  ent=0.486  grad=0.37/0.37  h=0.1 c=2.7  kl=0.0254  vl=0.0431
Step: 5865472 SPS: 3874  ev=0.609  ent=0.488  grad=0.41/0.41  h=0.2 c=3.0  kl=0.0213  vl=0.0446
Step: 5869568 SPS: 3875  ev=0.597  ent=0.472  grad=0.88/0.50  h=0.1 c=2.5  kl=0.0178  vl=0.0486
Step: 5873664 SPS: 3875  ev=0.660  ent=0.519  grad=0.61/0.50  h=0.2 c=3.0  kl=0.0368  vl=0.0549
Step: 5877760 SPS: 3874  ev=0.645  ent=0.508  grad=0.53/0.50  h=0.2 c=3.0  kl=0.0216  vl=0.0469
Step: 5881856 SPS: 3874  ev=0.632  ent=0.513  grad=0.78/0.50  h=0.1 c=2.6  kl=0.0310  vl=0.0618
Step: 5885952 SPS: 3874  ev=0.611  ent=0.490  grad=0.50/0.50  h=0.1 c=2.8  kl=0.0323  vl=0.0563
Step: 5890048 SPS: 3874  ev=0.628  ent=0.508  grad=0.58/0.50  h=0.1 c=3.1  kl=0.0198  vl=0.0518
Step: 5894144 SPS: 3874  ev=0.641  ent=0.499  grad=0.39/0.39  h=0.2 c=2.6  kl=0.0223  vl=0.0420
  vs Heur:   31W/68L/2D | score=2.7±12.2 inv=0.0 played=15.5 lanes=5.0 ddraw=0.6 pts=3
  vs Random: 100W/0L/0D | score=20.4±16.1 inv=0.0 played=18.2 lanes=5.0 ddraw=2.9 pts=20
  Self-play: 46W/58L/1D | score=1.7±11.5 inv=0.0 played=15.4 lanes=5.0 ddraw=0.6 pts=2
Step: 5898240 SPS: 3874  ev=0.600  ent=0.498  grad=0.78/0.50  h=0.2 c=3.0  kl=0.0376  vl=0.0530
Step: 5902336 SPS: 3874  ev=0.613  ent=0.510  grad=0.78/0.50  h=0.3 c=3.5  kl=0.0284  vl=0.0340
Step: 5906432 SPS: 3874  ev=0.648  ent=0.499  grad=0.58/0.50  h=0.2 c=3.9  kl=0.0184  vl=0.0481
Step: 5910528 SPS: 3874  ev=0.649  ent=0.489  grad=0.38/0.38  h=0.2 c=2.5  kl=0.0232  vl=0.0586
Step: 5914624 SPS: 3873  ev=0.547  ent=0.483  grad=0.48/0.48  h=0.2 c=2.3  kl=0.0342  vl=0.0645
Step: 5918720 SPS: 3873  ev=0.642  ent=0.492  grad=0.61/0.50  h=0.2 c=2.8  kl=0.0226  vl=0.0523
Step: 5922816 SPS: 3873  ev=0.651  ent=0.489  grad=0.39/0.39  h=0.2 c=2.9  kl=0.0360  vl=0.0475
Step: 5926912 SPS: 3873  ev=0.652  ent=0.478  grad=0.49/0.49  h=0.2 c=4.1  kl=0.0205  vl=0.0486
Step: 5931008 SPS: 3874  ev=0.606  ent=0.472  grad=0.44/0.44  h=0.2 c=3.6  kl=0.0229  vl=0.0434
Step: 5935104 SPS: 3874  ev=0.613  ent=0.498  grad=0.50/0.50  h=0.1 c=3.7  kl=0.0227  vl=0.0521
Step: 5939200 SPS: 3874  ev=0.622  ent=0.498  grad=0.68/0.50  h=0.2 c=4.3  kl=0.0250  vl=0.0402
Step: 5943296 SPS: 3874  ev=0.630  ent=0.511  grad=0.39/0.39  h=0.3 c=2.9  kl=0.0242  vl=0.0481
Step: 5947392 SPS: 3874  ev=0.566  ent=0.484  grad=0.36/0.36  h=0.2 c=4.8  kl=0.0430  vl=0.0531
Step: 5951488 SPS: 3874  ev=0.596  ent=0.503  grad=0.50/0.50  h=0.2 c=3.9  kl=0.0307  vl=0.0413
Step: 5955584 SPS: 3874  ev=0.611  ent=0.480  grad=0.42/0.42  h=0.2 c=3.8  kl=0.0237  vl=0.0491
Step: 5959680 SPS: 3874  ev=0.617  ent=0.492  grad=0.35/0.35  h=0.3 c=4.1  kl=0.0268  vl=0.0502
Step: 5963776 SPS: 3874  ev=0.636  ent=0.508  grad=0.46/0.46  h=0.3 c=3.9  kl=0.0256  vl=0.0478
Step: 5967872 SPS: 3874  ev=0.636  ent=0.494  grad=0.47/0.47  h=0.3 c=3.0  kl=0.0345  vl=0.0494
Step: 5971968 SPS: 3874  ev=0.634  ent=0.492  grad=0.88/0.50  h=0.2 c=4.5  kl=0.0258  vl=0.0581
Step: 5976064 SPS: 3874  ev=0.629  ent=0.494  grad=0.36/0.36  h=0.2 c=3.2  kl=0.0332  vl=0.0676
  vs Heur:   32W/64L/7D | score=3.3±13.6 inv=0.0 played=15.4 lanes=5.0 ddraw=0.5 pts=3
  vs Random: 100W/0L/0D | score=21.7±14.5 inv=0.0 played=18.3 lanes=5.0 ddraw=3.2 pts=22
  Self-play: 46W/54L/1D | score=1.5±11.2 inv=0.0 played=15.5 lanes=5.0 ddraw=0.5 pts=2
Step: 5980160 SPS: 3874  ev=0.652  ent=0.489  grad=0.90/0.50  h=0.2 c=3.9  kl=0.0223  vl=0.0518
Step: 5984256 SPS: 3874  ev=0.654  ent=0.489  grad=0.34/0.34  h=0.2 c=3.7  kl=0.0203  vl=0.0522
Step: 5988352 SPS: 3874  ev=0.622  ent=0.501  grad=0.39/0.39  h=0.2 c=3.9  kl=0.0244  vl=0.0466
Step: 5992448 SPS: 3874  ev=0.619  ent=0.488  grad=0.52/0.50  h=0.2 c=4.7  kl=0.0311  vl=0.0566
Step: 5996544 SPS: 3874  ev=0.620  ent=0.504  grad=0.37/0.37  h=0.2 c=4.9  kl=0.0274  vl=0.0530
Step: 6000640 SPS: 3874  ev=0.665  ent=0.470  grad=0.53/0.50  h=0.2 c=3.3  kl=0.0272  vl=0.0488
Step: 6004736 SPS: 3874  ev=0.684  ent=0.447  grad=0.48/0.48  h=0.2 c=4.1  kl=0.0201  vl=0.0507
Step: 6008832 SPS: 3874  ev=0.662  ent=0.488  grad=0.56/0.50  h=0.2 c=3.8  kl=0.0271  vl=0.0563
Step: 6012928 SPS: 3874  ev=0.559  ent=0.465  grad=0.31/0.31  h=0.3 c=3.7  kl=0.0284  vl=0.0536
Step: 6017024 SPS: 3874  ev=0.635  ent=0.456  grad=0.61/0.50  h=0.3 c=3.9  kl=0.0215  vl=0.0444
Step: 6021120 SPS: 3874  ev=0.605  ent=0.502  grad=0.40/0.40  h=0.2 c=4.5  kl=0.0234  vl=0.0566
Step: 6025216 SPS: 3875  ev=0.694  ent=0.470  grad=0.62/0.50  h=0.2 c=3.6  kl=0.0251  vl=0.0385
Step: 6029312 SPS: 3875  ev=0.634  ent=0.492  grad=0.62/0.50  h=0.2 c=3.4  kl=0.0258  vl=0.0496
Step: 6033408 SPS: 3875  ev=0.655  ent=0.523  grad=0.49/0.49  h=0.2 c=3.1  kl=0.0280  vl=0.0524
Step: 6037504 SPS: 3875  ev=0.627  ent=0.499  grad=0.55/0.50  h=0.2 c=3.5  kl=0.0211  vl=0.0716
Step: 6041600 SPS: 3875  ev=0.650  ent=0.510  grad=0.29/0.29  h=0.1 c=3.9  kl=0.0268  vl=0.0635
Step: 6045696 SPS: 3875  ev=0.716  ent=0.476  grad=0.48/0.48  h=0.1 c=3.0  kl=0.0316  vl=0.0637
Step: 6049792 SPS: 3875  ev=0.633  ent=0.479  grad=0.43/0.43  h=0.2 c=2.8  kl=0.0325  vl=0.0518
Step: 6053888 SPS: 3875  ev=0.631  ent=0.484  grad=0.54/0.50  h=0.2 c=3.5  kl=0.0241  vl=0.0428
Step: 6057984 SPS: 3875  ev=0.578  ent=0.459  grad=0.52/0.50  h=0.2 c=3.4  kl=0.0265  vl=0.0524
  vs Heur:   39W/67L/2D | score=1.9±13.0 inv=0.0 played=15.3 lanes=5.0 ddraw=0.6 pts=2
  vs Random: 100W/0L/0D | score=28.8±14.5 inv=0.0 played=18.9 lanes=5.0 ddraw=2.7 pts=29
  Self-play: 59W/48L/1D | score=3.8±11.8 inv=0.0 played=15.7 lanes=5.0 ddraw=0.4 pts=4
Step: 6062080 SPS: 3875  ev=0.667  ent=0.480  grad=0.32/0.32  h=0.1 c=3.2  kl=0.0355  vl=0.0610
Step: 6066176 SPS: 3875  ev=0.625  ent=0.474  grad=0.42/0.42  h=0.2 c=2.7  kl=0.0252  vl=0.0598
Step: 6070272 SPS: 3875  ev=0.587  ent=0.501  grad=0.54/0.50  h=0.2 c=3.3  kl=0.0307  vl=0.0504
Step: 6074368 SPS: 3875  ev=0.675  ent=0.495  grad=0.56/0.50  h=0.1 c=2.8  kl=0.0344  vl=0.0544
Step: 6078464 SPS: 3875  ev=0.668  ent=0.481  grad=0.61/0.50  h=0.2 c=2.4  kl=0.0200  vl=0.0472
Step: 6082560 SPS: 3875  ev=0.589  ent=0.472  grad=0.37/0.37  h=0.2 c=2.7  kl=0.0300  vl=0.0561
Step: 6086656 SPS: 3875  ev=0.639  ent=0.507  grad=0.51/0.50  h=0.1 c=2.4  kl=0.0253  vl=0.0498
Step: 6090752 SPS: 3875  ev=0.655  ent=0.448  grad=0.44/0.44  h=0.1 c=2.2  kl=0.0281  vl=0.0356
Step: 6094848 SPS: 3875  ev=0.654  ent=0.489  grad=0.28/0.28  h=0.2 c=1.9  kl=0.0296  vl=0.0486
Step: 6098944 SPS: 3875  ev=0.645  ent=0.474  grad=0.49/0.49  h=0.2 c=2.1  kl=0.0381  vl=0.0571
Step: 6103040 SPS: 3875  ev=0.641  ent=0.438  grad=0.33/0.33  h=0.1 c=1.9  kl=0.0353  vl=0.0560
Step: 6107136 SPS: 3876  ev=0.608  ent=0.445  grad=0.41/0.41  h=0.2 c=1.7  kl=0.0288  vl=0.0410
Step: 6111232 SPS: 3876  ev=0.653  ent=0.473  grad=0.42/0.42  h=0.2 c=1.7  kl=0.0248  vl=0.0505
Step: 6115328 SPS: 3876  ev=0.627  ent=0.481  grad=0.44/0.44  h=0.1 c=2.1  kl=0.0274  vl=0.0519
Step: 6119424 SPS: 3876  ev=0.617  ent=0.447  grad=0.43/0.43  h=0.2 c=2.1  kl=0.0219  vl=0.0637
Step: 6123520 SPS: 3875  ev=0.619  ent=0.491  grad=0.50/0.50  h=0.2 c=2.4  kl=0.0243  vl=0.0648
Step: 6127616 SPS: 3875  ev=0.625  ent=0.479  grad=0.68/0.50  h=0.1 c=1.7  kl=0.0320  vl=0.0635
Step: 6131712 SPS: 3875  ev=0.659  ent=0.426  grad=0.54/0.50  h=0.2 c=1.7  kl=0.0301  vl=0.0564
Step: 6135808 SPS: 3875  ev=0.649  ent=0.444  grad=0.56/0.50  h=0.2 c=2.3  kl=0.0335  vl=0.0526
Step: 6139904 SPS: 3875  ev=0.639  ent=0.475  grad=0.55/0.50  h=0.2 c=2.4  kl=0.0205  vl=0.0612
  vs Heur:   44W/70L/2D | score=4.6±13.1 inv=0.0 played=15.6 lanes=5.0 ddraw=0.5 pts=5
  vs Random: 103W/0L/0D | score=27.9±12.7 inv=0.0 played=19.1 lanes=5.0 ddraw=2.5 pts=28
  Self-play: 53W/48L/0D | score=5.4±11.7 inv=0.0 played=16.0 lanes=5.0 ddraw=0.5 pts=5
Step: 6144000 SPS: 3875  ev=0.590  ent=0.466  grad=0.43/0.43  h=0.2 c=1.5  kl=0.0272  vl=0.0651
Step: 6148096 SPS: 3875  ev=0.639  ent=0.458  grad=0.40/0.40  h=0.2 c=2.0  kl=0.0218  vl=0.0460
Step: 6152192 SPS: 3875  ev=0.656  ent=0.477  grad=0.30/0.30  h=0.2 c=2.1  kl=0.0205  vl=0.0526
Step: 6156288 SPS: 3875  ev=0.621  ent=0.482  grad=0.32/0.32  h=0.2 c=1.8  kl=0.0314  vl=0.0559
Step: 6160384 SPS: 3875  ev=0.619  ent=0.468  grad=0.36/0.36  h=0.2 c=1.8  kl=0.0205  vl=0.0438
Step: 6164480 SPS: 3875  ev=0.630  ent=0.483  grad=0.81/0.50  h=0.2 c=2.6  kl=0.0328  vl=0.0612
Step: 6168576 SPS: 3875  ev=0.652  ent=0.443  grad=0.56/0.50  h=0.3 c=1.8  kl=0.0161  vl=0.0483
Step: 6172672 SPS: 3875  ev=0.630  ent=0.452  grad=0.50/0.50  h=0.2 c=2.2  kl=0.0284  vl=0.0615
Step: 6176768 SPS: 3875  ev=0.602  ent=0.443  grad=0.48/0.48  h=0.3 c=1.8  kl=0.0328  vl=0.0528
Step: 6180864 SPS: 3875  ev=0.628  ent=0.452  grad=0.73/0.50  h=0.3 c=1.9  kl=0.0218  vl=0.0578
Step: 6184960 SPS: 3875  ev=0.581  ent=0.456  grad=0.55/0.50  h=0.3 c=2.1  kl=0.0288  vl=0.0587
Step: 6189056 SPS: 3876  ev=0.635  ent=0.460  grad=0.56/0.50  h=0.2 c=2.4  kl=0.0309  vl=0.0545
Step: 6193152 SPS: 3876  ev=0.598  ent=0.454  grad=0.60/0.50  h=0.2 c=2.1  kl=0.0423  vl=0.0576
Step: 6197248 SPS: 3876  ev=0.623  ent=0.485  grad=0.48/0.48  h=0.2 c=2.5  kl=0.0238  vl=0.0526
Step: 6201344 SPS: 3876  ev=0.661  ent=0.465  grad=0.46/0.46  h=0.2 c=2.1  kl=0.0223  vl=0.0498
Step: 6205440 SPS: 3875  ev=0.605  ent=0.461  grad=0.35/0.35  h=0.2 c=1.8  kl=0.0730  vl=0.0625
Step: 6209536 SPS: 3875  ev=0.628  ent=0.459  grad=0.37/0.37  h=0.2 c=1.9  kl=0.0231  vl=0.0408
Step: 6213632 SPS: 3875  ev=0.613  ent=0.483  grad=0.52/0.50  h=0.2 c=2.0  kl=0.0297  vl=0.0493
Step: 6217728 SPS: 3875  ev=0.605  ent=0.452  grad=0.66/0.50  h=0.3 c=2.3  kl=0.0268  vl=0.0557
Step: 6221824 SPS: 3875  ev=0.626  ent=0.476  grad=0.36/0.36  h=0.2 c=1.8  kl=0.0336  vl=0.0544
  vs Heur:   30W/69L/2D | score=1.7±12.2 inv=0.0 played=15.4 lanes=5.0 ddraw=0.6 pts=2
  vs Random: 100W/0L/0D | score=23.7±14.6 inv=0.0 played=18.5 lanes=5.0 ddraw=3.0 pts=24
  Self-play: 42W/57L/6D | score=3.2±11.2 inv=0.0 played=15.7 lanes=5.0 ddraw=0.5 pts=3
Step: 6225920 SPS: 3875  ev=0.609  ent=0.462  grad=0.63/0.50  h=0.3 c=2.4  kl=0.0245  vl=0.0558
Step: 6230016 SPS: 3875  ev=0.607  ent=0.471  grad=0.37/0.37  h=0.2 c=2.6  kl=0.0231  vl=0.0511
Step: 6234112 SPS: 3874  ev=0.627  ent=0.461  grad=0.30/0.30  h=0.2 c=2.2  kl=0.0308  vl=0.0561
Step: 6238208 SPS: 3874  ev=0.629  ent=0.463  grad=0.38/0.38  h=0.1 c=2.3  kl=0.0585  vl=0.0522
Step: 6242304 SPS: 3875  ev=0.620  ent=0.453  grad=0.57/0.50  h=0.1 c=2.3  kl=0.0375  vl=0.0512
Step: 6246400 SPS: 3874  ev=0.634  ent=0.465  grad=0.54/0.50  h=0.2 c=2.3  kl=0.0198  vl=0.0576
Step: 6250496 SPS: 3874  ev=0.663  ent=0.462  grad=0.69/0.50  h=0.2 c=2.2  kl=0.0676  vl=0.0544
Step: 6254592 SPS: 3874  ev=0.653  ent=0.472  grad=0.44/0.44  h=0.3 c=2.2  kl=0.0306  vl=0.0688
Step: 6258688 SPS: 3874  ev=0.680  ent=0.477  grad=0.42/0.42  h=0.2 c=3.2  kl=0.0296  vl=0.0485
Step: 6262784 SPS: 3875  ev=0.650  ent=0.476  grad=0.41/0.41  h=0.3 c=2.4  kl=0.0320  vl=0.0479
Step: 6266880 SPS: 3875  ev=0.636  ent=0.442  grad=0.73/0.50  h=0.3 c=2.7  kl=0.0269  vl=0.0447
Step: 6270976 SPS: 3875  ev=0.651  ent=0.474  grad=0.54/0.50  h=0.3 c=2.7  kl=0.0192  vl=0.0438
Step: 6275072 SPS: 3875  ev=0.620  ent=0.469  grad=0.35/0.35  h=0.4 c=2.6  kl=0.0268  vl=0.0403
Step: 6279168 SPS: 3875  ev=0.593  ent=0.473  grad=0.66/0.50  h=0.3 c=2.5  kl=0.0316  vl=0.0406
Step: 6283264 SPS: 3875  ev=0.646  ent=0.479  grad=0.66/0.50  h=0.3 c=2.0  kl=0.0286  vl=0.0513
Step: 6287360 SPS: 3875  ev=0.616  ent=0.467  grad=0.46/0.46  h=0.3 c=2.1  kl=0.0230  vl=0.0394
Step: 6291456 SPS: 3875  ev=0.582  ent=0.467  grad=0.77/0.50  h=0.2 c=2.0  kl=0.0335  vl=0.0680
Step: 6295552 SPS: 3875  ev=0.592  ent=0.469  grad=0.52/0.50  h=0.2 c=2.5  kl=0.0179  vl=0.0453
Step: 6299648 SPS: 3875  ev=0.604  ent=0.437  grad=0.51/0.50  h=0.2 c=2.3  kl=0.0332  vl=0.0489
Step: 6303744 SPS: 3875  ev=0.630  ent=0.450  grad=0.44/0.44  h=0.2 c=3.1  kl=0.0294  vl=0.0502
  vs Heur:   43W/64L/1D | score=3.7±12.7 inv=0.0 played=15.5 lanes=5.0 ddraw=0.6 pts=4
  vs Random: 100W/0L/0D | score=21.0±15.4 inv=0.0 played=18.2 lanes=5.0 ddraw=3.1 pts=21
  Self-play: 45W/55L/1D | score=3.2±12.2 inv=0.0 played=15.6 lanes=5.0 ddraw=0.6 pts=3
Step: 6307840 SPS: 3875  ev=0.615  ent=0.453  grad=0.43/0.43  h=0.2 c=2.9  kl=0.0221  vl=0.0614
Step: 6311936 SPS: 3875  ev=0.636  ent=0.466  grad=0.45/0.45  h=0.2 c=2.4  kl=0.0252  vl=0.0424
Step: 6316032 SPS: 3875  ev=0.618  ent=0.452  grad=0.66/0.50  h=0.2 c=2.8  kl=0.0215  vl=0.0489
Step: 6320128 SPS: 3876  ev=0.604  ent=0.487  grad=0.36/0.36  h=0.3 c=2.1  kl=0.0289  vl=0.0553
Step: 6324224 SPS: 3875  ev=0.625  ent=0.451  grad=0.62/0.50  h=0.3 c=2.3  kl=0.0282  vl=0.0414
Step: 6328320 SPS: 3875  ev=0.647  ent=0.438  grad=0.41/0.41  h=0.3 c=2.9  kl=0.0273  vl=0.0515
Step: 6332416 SPS: 3876  ev=0.565  ent=0.469  grad=0.56/0.50  h=0.3 c=2.5  kl=0.0358  vl=0.0645
Step: 6336512 SPS: 3876  ev=0.644  ent=0.460  grad=0.37/0.37  h=0.3 c=2.8  kl=0.0250  vl=0.0543
Step: 6340608 SPS: 3876  ev=0.656  ent=0.431  grad=0.48/0.48  h=0.3 c=2.3  kl=0.0246  vl=0.0449
Step: 6344704 SPS: 3876  ev=0.653  ent=0.453  grad=0.42/0.42  h=0.2 c=2.5  kl=0.0306  vl=0.0643
Step: 6348800 SPS: 3876  ev=0.649  ent=0.448  grad=0.47/0.47  h=0.2 c=2.3  kl=0.0265  vl=0.0710
Step: 6352896 SPS: 3876  ev=0.670  ent=0.445  grad=0.71/0.50  h=0.2 c=1.8  kl=0.0284  vl=0.0533
Step: 6356992 SPS: 3876  ev=0.619  ent=0.431  grad=0.37/0.37  h=0.3 c=1.7  kl=0.0246  vl=0.0449
Step: 6361088 SPS: 3876  ev=0.647  ent=0.463  grad=0.34/0.34  h=0.2 c=2.6  kl=0.0306  vl=0.0609
Step: 6365184 SPS: 3876  ev=0.635  ent=0.434  grad=0.30/0.30  h=0.3 c=1.8  kl=0.0295  vl=0.0476
Step: 6369280 SPS: 3876  ev=0.623  ent=0.458  grad=0.60/0.50  h=0.2 c=2.2  kl=0.0271  vl=0.0492
Step: 6373376 SPS: 3876  ev=0.635  ent=0.437  grad=0.59/0.50  h=0.3 c=2.2  kl=0.0272  vl=0.0505
Step: 6377472 SPS: 3876  ev=0.655  ent=0.463  grad=0.49/0.49  h=0.3 c=1.8  kl=0.0266  vl=0.0397
Step: 6381568 SPS: 3876  ev=0.592  ent=0.474  grad=0.58/0.50  h=0.3 c=1.7  kl=0.0273  vl=0.0595
Step: 6385664 SPS: 3876  ev=0.607  ent=0.470  grad=0.62/0.50  h=0.3 c=2.4  kl=0.0336  vl=0.0477
  vs Heur:   32W/72L/3D | score=1.2±11.6 inv=0.0 played=15.3 lanes=5.0 ddraw=0.7 pts=1
  vs Random: 100W/0L/0D | score=12.9±15.6 inv=0.0 played=17.5 lanes=5.0 ddraw=4.0 pts=13
  Self-play: 50W/48L/2D | score=2.1±11.1 inv=0.0 played=15.7 lanes=5.0 ddraw=0.6 pts=2
Step: 6389760 SPS: 3876  ev=0.613  ent=0.453  grad=0.50/0.50  h=0.2 c=2.2  kl=0.0477  vl=0.0326
Step: 6393856 SPS: 3876  ev=0.624  ent=0.473  grad=0.43/0.43  h=0.2 c=2.3  kl=0.0381  vl=0.0375
Step: 6397952 SPS: 3876  ev=0.648  ent=0.454  grad=0.53/0.50  h=0.2 c=2.1  kl=0.0272  vl=0.0388
Step: 6402048 SPS: 3876  ev=0.573  ent=0.441  grad=0.35/0.35  h=0.2 c=1.6  kl=0.0198  vl=0.0435
Step: 6406144 SPS: 3876  ev=0.632  ent=0.438  grad=0.51/0.50  h=0.3 c=2.2  kl=0.0237  vl=0.0486
Step: 6410240 SPS: 3876  ev=0.645  ent=0.455  grad=0.41/0.41  h=0.3 c=2.1  kl=0.0257  vl=0.0462
Step: 6414336 SPS: 3876  ev=0.636  ent=0.427  grad=0.40/0.40  h=0.2 c=2.0  kl=0.0257  vl=0.0446
Step: 6418432 SPS: 3876  ev=0.644  ent=0.445  grad=0.43/0.43  h=0.2 c=1.9  kl=0.0258  vl=0.0469
Step: 6422528 SPS: 3876  ev=0.648  ent=0.457  grad=0.43/0.43  h=0.2 c=1.7  kl=0.0435  vl=0.0384
Step: 6426624 SPS: 3876  ev=0.622  ent=0.450  grad=0.50/0.50  h=0.2 c=1.7  kl=0.0172  vl=0.0464
Step: 6430720 SPS: 3877  ev=0.654  ent=0.414  grad=0.39/0.39  h=0.2 c=1.6  kl=0.0193  vl=0.0406
Step: 6434816 SPS: 3877  ev=0.645  ent=0.450  grad=0.40/0.40  h=0.2 c=2.0  kl=0.0331  vl=0.0360
Step: 6438912 SPS: 3877  ev=0.592  ent=0.466  grad=0.39/0.39  h=0.3 c=1.9  kl=0.0269  vl=0.0547
Step: 6443008 SPS: 3877  ev=0.630  ent=0.481  grad=0.41/0.41  h=0.3 c=2.1  kl=0.0220  vl=0.0421
Step: 6447104 SPS: 3877  ev=0.651  ent=0.408  grad=0.33/0.33  h=0.2 c=2.3  kl=0.0294  vl=0.0517
Step: 6451200 SPS: 3877  ev=0.631  ent=0.490  grad=0.42/0.42  h=0.3 c=1.7  kl=0.0237  vl=0.0654
Step: 6455296 SPS: 3877  ev=0.618  ent=0.470  grad=0.53/0.50  h=0.2 c=2.4  kl=0.0353  vl=0.0393
Step: 6459392 SPS: 3877  ev=0.589  ent=0.456  grad=0.46/0.46  h=0.2 c=1.8  kl=0.0392  vl=0.0607
Step: 6463488 SPS: 3877  ev=0.637  ent=0.458  grad=0.37/0.37  h=0.3 c=1.8  kl=0.0325  vl=0.0472
Step: 6467584 SPS: 3877  ev=0.576  ent=0.439  grad=0.43/0.43  h=0.3 c=2.3  kl=0.0248  vl=0.0469
  vs Heur:   37W/63L/0D | score=2.2±13.2 inv=0.0 played=15.4 lanes=5.0 ddraw=0.8 pts=2
  vs Random: 101W/0L/0D | score=23.3±13.2 inv=0.0 played=18.5 lanes=5.0 ddraw=4.3 pts=23
  Self-play: 47W/55L/2D | score=1.5±11.1 inv=0.0 played=15.3 lanes=4.9 ddraw=0.7 pts=2
Step: 6471680 SPS: 3877  ev=0.591  ent=0.421  grad=0.51/0.50  h=0.2 c=1.6  kl=0.0224  vl=0.0518
Step: 6475776 SPS: 3877  ev=0.606  ent=0.501  grad=0.54/0.50  h=0.2 c=1.5  kl=0.0260  vl=0.0520
Step: 6479872 SPS: 3877  ev=0.642  ent=0.442  grad=0.30/0.30  h=0.3 c=1.7  kl=0.0388  vl=0.0486
Step: 6483968 SPS: 3876  ev=0.628  ent=0.455  grad=0.61/0.50  h=0.2 c=1.9  kl=0.0251  vl=0.0538
Step: 6488064 SPS: 3876  ev=0.647  ent=0.430  grad=0.44/0.44  h=0.2 c=1.4  kl=0.0262  vl=0.0564
Step: 6492160 SPS: 3876  ev=0.606  ent=0.414  grad=0.32/0.32  h=0.3 c=1.9  kl=0.0238  vl=0.0385
Step: 6496256 SPS: 3876  ev=0.603  ent=0.439  grad=0.34/0.34  h=0.2 c=1.7  kl=0.0465  vl=0.0542
Step: 6500352 SPS: 3876  ev=0.665  ent=0.409  grad=0.27/0.27  h=0.3 c=1.5  kl=0.0258  vl=0.0557
Step: 6504448 SPS: 3876  ev=0.591  ent=0.433  grad=0.33/0.33  h=0.2 c=1.8  kl=0.0296  vl=0.0750
Step: 6508544 SPS: 3877  ev=0.622  ent=0.432  grad=0.69/0.50  h=0.3 c=1.6  kl=0.0221  vl=0.0570
Step: 6512640 SPS: 3877  ev=0.592  ent=0.438  grad=0.35/0.35  h=0.3 c=1.9  kl=0.0340  vl=0.0426
Step: 6516736 SPS: 3877  ev=0.623  ent=0.465  grad=0.33/0.33  h=0.3 c=1.6  kl=0.0303  vl=0.0519
Step: 6520832 SPS: 3877  ev=0.606  ent=0.428  grad=0.59/0.50  h=0.3 c=1.7  kl=0.0222  vl=0.0468
Step: 6524928 SPS: 3877  ev=0.605  ent=0.431  grad=0.41/0.41  h=0.2 c=2.5  kl=0.0238  vl=0.0376
Step: 6529024 SPS: 3877  ev=0.612  ent=0.453  grad=0.46/0.46  h=0.2 c=1.9  kl=0.0263  vl=0.0517
Step: 6533120 SPS: 3877  ev=0.635  ent=0.445  grad=0.31/0.31  h=0.3 c=2.2  kl=0.0273  vl=0.0551
Step: 6537216 SPS: 3877  ev=0.596  ent=0.419  grad=0.42/0.42  h=0.3 c=2.4  kl=0.0170  vl=0.0390
Step: 6541312 SPS: 3877  ev=0.625  ent=0.438  grad=0.41/0.41  h=0.2 c=1.8  kl=0.0208  vl=0.0407
Step: 6545408 SPS: 3876  ev=0.634  ent=0.431  grad=0.37/0.37  h=0.2 c=2.1  kl=0.0335  vl=0.0510
Step: 6549504 SPS: 3876  ev=0.555  ent=0.422  grad=0.38/0.38  h=0.2 c=2.0  kl=0.0273  vl=0.0465
  vs Heur:   36W/65L/2D | score=1.8±10.6 inv=0.0 played=15.4 lanes=5.0 ddraw=0.7 pts=2
  vs Random: 100W/0L/0D | score=19.0±15.1 inv=0.0 played=18.1 lanes=5.0 ddraw=5.8 pts=19
  Self-play: 44W/53L/6D | score=2.1±9.7 inv=0.0 played=15.6 lanes=5.0 ddraw=0.7 pts=2
Step: 6553600 SPS: 3876  ev=0.634  ent=0.461  grad=0.48/0.48  h=0.2 c=2.3  kl=0.0292  vl=0.0465
Step: 6557696 SPS: 3876  ev=0.610  ent=0.447  grad=0.46/0.46  h=0.2 c=2.0  kl=0.0497  vl=0.0496
Step: 6561792 SPS: 3876  ev=0.635  ent=0.445  grad=0.65/0.50  h=0.2 c=2.2  kl=0.0310  vl=0.0399
Step: 6565888 SPS: 3876  ev=0.590  ent=0.428  grad=0.56/0.50  h=0.3 c=1.9  kl=0.0276  vl=0.0487
Step: 6569984 SPS: 3876  ev=0.659  ent=0.449  grad=0.44/0.44  h=0.2 c=2.2  kl=0.0266  vl=0.0441
Step: 6574080 SPS: 3876  ev=0.631  ent=0.459  grad=0.36/0.36  h=0.2 c=1.8  kl=0.0377  vl=0.0571
Step: 6578176 SPS: 3876  ev=0.606  ent=0.461  grad=0.56/0.50  h=0.2 c=2.1  kl=0.0284  vl=0.0411
Step: 6582272 SPS: 3876  ev=0.615  ent=0.397  grad=0.48/0.48  h=0.3 c=2.2  kl=0.0235  vl=0.0524
Step: 6586368 SPS: 3877  ev=0.569  ent=0.405  grad=0.45/0.45  h=0.3 c=2.1  kl=0.0437  vl=0.0463
Step: 6590464 SPS: 3877  ev=0.581  ent=0.444  grad=0.74/0.50  h=0.3 c=2.4  kl=0.0211  vl=0.0526
Step: 6594560 SPS: 3877  ev=0.620  ent=0.438  grad=0.38/0.38  h=0.3 c=2.0  kl=0.0221  vl=0.0507
Step: 6598656 SPS: 3877  ev=0.594  ent=0.430  grad=0.37/0.37  h=0.3 c=1.9  kl=0.0264  vl=0.0712
Step: 6602752 SPS: 3877  ev=0.639  ent=0.430  grad=0.33/0.33  h=0.2 c=2.0  kl=0.0275  vl=0.0381
Step: 6606848 SPS: 3877  ev=0.600  ent=0.438  grad=0.47/0.47  h=0.3 c=1.9  kl=0.0247  vl=0.0452
Step: 6610944 SPS: 3877  ev=0.622  ent=0.465  grad=0.61/0.50  h=0.3 c=2.0  kl=0.0331  vl=0.0370
Step: 6615040 SPS: 3877  ev=0.628  ent=0.435  grad=0.42/0.42  h=0.2 c=1.7  kl=0.0266  vl=0.0389
Step: 6619136 SPS: 3877  ev=0.600  ent=0.461  grad=0.44/0.44  h=0.3 c=1.9  kl=0.0292  vl=0.0523
Step: 6623232 SPS: 3877  ev=0.631  ent=0.444  grad=0.50/0.50  h=0.2 c=2.1  kl=0.0221  vl=0.0511
Step: 6627328 SPS: 3877  ev=0.609  ent=0.474  grad=0.65/0.50  h=0.2 c=1.8  kl=0.0384  vl=0.0607
Step: 6631424 SPS: 3877  ev=0.645  ent=0.441  grad=0.48/0.48  h=0.2 c=2.3  kl=0.0216  vl=0.0512
  vs Heur:   30W/66L/4D | score=2.9±12.5 inv=0.0 played=15.7 lanes=5.0 ddraw=0.7 pts=3
  vs Random: 101W/0L/0D | score=21.0±13.3 inv=0.0 played=18.3 lanes=5.0 ddraw=5.1 pts=21
  Self-play: 44W/59L/3D | score=2.9±10.9 inv=0.0 played=15.5 lanes=4.9 ddraw=0.5 pts=3
Step: 6635520 SPS: 3877  ev=0.643  ent=0.437  grad=0.45/0.45  h=0.2 c=2.3  kl=0.0180  vl=0.0401
Step: 6639616 SPS: 3877  ev=0.557  ent=0.429  grad=0.55/0.50  h=0.2 c=2.2  kl=0.0285  vl=0.0324
Step: 6643712 SPS: 3877  ev=0.599  ent=0.442  grad=0.35/0.35  h=0.2 c=2.6  kl=0.0195  vl=0.0335
Step: 6647808 SPS: 3877  ev=0.622  ent=0.459  grad=0.49/0.49  h=0.2 c=2.2  kl=0.0387  vl=0.0476
Step: 6651904 SPS: 3877  ev=0.600  ent=0.484  grad=0.49/0.49  h=0.2 c=2.7  kl=0.0489  vl=0.0519
Step: 6656000 SPS: 3877  ev=0.633  ent=0.449  grad=0.35/0.35  h=0.2 c=2.4  kl=0.0328  vl=0.0521
Step: 6660096 SPS: 3877  ev=0.605  ent=0.460  grad=0.64/0.50  h=0.2 c=2.6  kl=0.0261  vl=0.0498
Step: 6664192 SPS: 3877  ev=0.582  ent=0.461  grad=0.43/0.43  h=0.2 c=2.7  kl=0.0314  vl=0.0468
Step: 6668288 SPS: 3877  ev=0.612  ent=0.458  grad=0.43/0.43  h=0.2 c=2.6  kl=0.0272  vl=0.0395
Step: 6672384 SPS: 3878  ev=0.622  ent=0.447  grad=0.43/0.43  h=0.2 c=2.8  kl=0.0260  vl=0.0477
Step: 6676480 SPS: 3878  ev=0.565  ent=0.464  grad=0.61/0.50  h=0.3 c=2.6  kl=0.0199  vl=0.0448
Step: 6680576 SPS: 3878  ev=0.630  ent=0.448  grad=0.48/0.48  h=0.1 c=2.9  kl=0.0330  vl=0.0463
Step: 6684672 SPS: 3877  ev=0.579  ent=0.432  grad=0.51/0.50  h=0.2 c=2.0  kl=0.0311  vl=0.0387
Step: 6688768 SPS: 3877  ev=0.632  ent=0.458  grad=0.84/0.50  h=0.2 c=2.3  kl=0.0269  vl=0.0448
Step: 6692864 SPS: 3877  ev=0.680  ent=0.467  grad=0.56/0.50  h=0.1 c=2.1  kl=0.0266  vl=0.0393
Step: 6696960 SPS: 3877  ev=0.574  ent=0.460  grad=0.34/0.34  h=0.2 c=2.7  kl=0.0194  vl=0.0552
Step: 6701056 SPS: 3877  ev=0.599  ent=0.455  grad=0.64/0.50  h=0.2 c=2.5  kl=0.0138  vl=0.0416
Step: 6705152 SPS: 3877  ev=0.602  ent=0.445  grad=0.51/0.50  h=0.2 c=2.0  kl=0.0287  vl=0.0412
Step: 6709248 SPS: 3877  ev=0.612  ent=0.431  grad=0.42/0.42  h=0.2 c=2.8  kl=0.0269  vl=0.0506
Step: 6713344 SPS: 3877  ev=0.611  ent=0.424  grad=0.62/0.50  h=0.2 c=3.0  kl=0.0467  vl=0.0481
  vs Heur:   45W/52L/3D | score=6.3±12.6 inv=0.0 played=15.8 lanes=5.0 ddraw=0.7 pts=6
  vs Random: 100W/0L/0D | score=24.6±15.2 inv=0.0 played=19.0 lanes=5.0 ddraw=3.1 pts=25
  Self-play: 62W/46L/2D | score=5.1±11.2 inv=0.0 played=15.8 lanes=5.0 ddraw=0.5 pts=5
Step: 6717440 SPS: 3876  ev=0.648  ent=0.459  grad=0.42/0.42  h=0.2 c=2.4  kl=0.0341  vl=0.0526
Step: 6721536 SPS: 3876  ev=0.598  ent=0.442  grad=0.41/0.41  h=0.3 c=2.6  kl=0.0248  vl=0.0528
Step: 6725632 SPS: 3876  ev=0.558  ent=0.468  grad=0.33/0.33  h=0.3 c=2.6  kl=0.0189  vl=0.0540
Step: 6729728 SPS: 3876  ev=0.641  ent=0.438  grad=0.29/0.29  h=0.2 c=2.5  kl=0.0324  vl=0.0493
Step: 6733824 SPS: 3876  ev=0.569  ent=0.443  grad=0.32/0.32  h=0.2 c=3.2  kl=0.0185  vl=0.0502
Step: 6737920 SPS: 3877  ev=0.654  ent=0.428  grad=0.53/0.50  h=0.2 c=2.4  kl=0.0280  vl=0.0496
Step: 6742016 SPS: 3877  ev=0.567  ent=0.429  grad=0.32/0.32  h=0.2 c=3.3  kl=0.0361  vl=0.0475
Step: 6746112 SPS: 3877  ev=0.594  ent=0.442  grad=0.43/0.43  h=0.2 c=2.3  kl=0.0294  vl=0.0411
Step: 6750208 SPS: 3877  ev=0.598  ent=0.433  grad=0.35/0.35  h=0.2 c=2.8  kl=0.0234  vl=0.0440
Step: 6754304 SPS: 3878  ev=0.607  ent=0.443  grad=0.51/0.50  h=0.1 c=2.5  kl=0.0224  vl=0.0587
Step: 6758400 SPS: 3878  ev=0.598  ent=0.427  grad=0.53/0.50  h=0.1 c=2.4  kl=0.0262  vl=0.0455
Step: 6762496 SPS: 3878  ev=0.669  ent=0.463  grad=0.30/0.30  h=0.1 c=2.4  kl=0.0249  vl=0.0576
Step: 6766592 SPS: 3878  ev=0.609  ent=0.474  grad=0.55/0.50  h=0.2 c=2.9  kl=0.0355  vl=0.0610
Step: 6770688 SPS: 3878  ev=0.656  ent=0.447  grad=0.33/0.33  h=0.1 c=2.6  kl=0.0307  vl=0.0584
Step: 6774784 SPS: 3878  ev=0.625  ent=0.457  grad=0.64/0.50  h=0.2 c=2.5  kl=0.0228  vl=0.0582
Step: 6778880 SPS: 3878  ev=0.607  ent=0.436  grad=0.44/0.44  h=0.2 c=3.0  kl=0.0212  vl=0.0434
Step: 6782976 SPS: 3878  ev=0.617  ent=0.465  grad=0.49/0.49  h=0.2 c=2.2  kl=0.0321  vl=0.0450
Step: 6787072 SPS: 3878  ev=0.625  ent=0.460  grad=0.39/0.39  h=0.2 c=2.4  kl=0.0212  vl=0.0560
Step: 6791168 SPS: 3878  ev=0.607  ent=0.443  grad=0.44/0.44  h=0.2 c=2.6  kl=0.0341  vl=0.0556
Step: 6795264 SPS: 3878  ev=0.659  ent=0.460  grad=0.68/0.50  h=0.2 c=2.7  kl=0.0162  vl=0.0569
  vs Heur:   43W/57L/1D | score=3.1±10.8 inv=0.0 played=15.5 lanes=5.0 ddraw=0.6 pts=3
  vs Random: 100W/0L/0D | score=24.6±16.6 inv=0.0 played=18.6 lanes=5.0 ddraw=2.7 pts=25
  Self-play: 49W/58L/1D | score=2.5±12.3 inv=0.0 played=15.5 lanes=5.0 ddraw=0.4 pts=2
Step: 6799360 SPS: 3878  ev=0.617  ent=0.445  grad=0.44/0.44  h=0.2 c=2.7  kl=0.0290  vl=0.0602
Step: 6803456 SPS: 3878  ev=0.632  ent=0.454  grad=0.86/0.50  h=0.2 c=2.5  kl=0.0462  vl=0.0617
Step: 6807552 SPS: 3878  ev=0.642  ent=0.479  grad=0.59/0.50  h=0.2 c=2.4  kl=0.0366  vl=0.0584
Step: 6811648 SPS: 3878  ev=0.672  ent=0.437  grad=0.45/0.45  h=0.2 c=2.1  kl=0.0269  vl=0.0506
Step: 6815744 SPS: 3879  ev=0.654  ent=0.452  grad=0.35/0.35  h=0.2 c=2.3  kl=0.0332  vl=0.0552
Step: 6819840 SPS: 3879  ev=0.656  ent=0.447  grad=0.35/0.35  h=0.2 c=2.7  kl=0.0232  vl=0.0482
Step: 6823936 SPS: 3879  ev=0.607  ent=0.438  grad=0.29/0.29  h=0.2 c=1.9  kl=0.0176  vl=0.0509
Step: 6828032 SPS: 3878  ev=0.628  ent=0.449  grad=0.43/0.43  h=0.2 c=2.2  kl=0.0220  vl=0.0539
Step: 6832128 SPS: 3879  ev=0.606  ent=0.443  grad=0.42/0.42  h=0.2 c=2.1  kl=0.0219  vl=0.0519
Step: 6836224 SPS: 3879  ev=0.610  ent=0.439  grad=0.44/0.44  h=0.2 c=2.3  kl=0.0262  vl=0.0497
Step: 6840320 SPS: 3879  ev=0.616  ent=0.432  grad=0.51/0.50  h=0.2 c=2.1  kl=0.0301  vl=0.0451
Step: 6844416 SPS: 3879  ev=0.647  ent=0.431  grad=0.41/0.41  h=0.2 c=2.4  kl=0.0197  vl=0.0452
Step: 6848512 SPS: 3879  ev=0.639  ent=0.465  grad=0.39/0.39  h=0.2 c=1.6  kl=0.0247  vl=0.0469
Step: 6852608 SPS: 3879  ev=0.651  ent=0.455  grad=0.37/0.37  h=0.2 c=2.1  kl=0.0336  vl=0.0578
Step: 6856704 SPS: 3879  ev=0.603  ent=0.463  grad=0.35/0.35  h=0.2 c=2.6  kl=0.0310  vl=0.0669
Step: 6860800 SPS: 3879  ev=0.608  ent=0.469  grad=0.47/0.47  h=0.2 c=2.3  kl=0.0329  vl=0.0530
Step: 6864896 SPS: 3879  ev=0.616  ent=0.476  grad=0.40/0.40  h=0.2 c=2.4  kl=0.0385  vl=0.0513
Step: 6868992 SPS: 3879  ev=0.634  ent=0.445  grad=0.46/0.46  h=0.2 c=2.5  kl=0.0306  vl=0.0726
Step: 6873088 SPS: 3879  ev=0.658  ent=0.460  grad=0.37/0.37  h=0.2 c=2.1  kl=0.0228  vl=0.0547
Step: 6877184 SPS: 3879  ev=0.629  ent=0.474  grad=0.33/0.33  h=0.2 c=2.2  kl=0.0238  vl=0.0816
  vs Heur:   36W/63L/2D | score=1.4±13.2 inv=0.0 played=15.2 lanes=5.0 ddraw=0.7 pts=1
  vs Random: 100W/0L/0D | score=25.3±13.2 inv=0.0 played=18.6 lanes=5.0 ddraw=2.2 pts=25
  Self-play: 45W/62L/2D | score=3.7±11.3 inv=0.0 played=15.5 lanes=4.9 ddraw=0.4 pts=4
Step: 6881280 SPS: 3879  ev=0.666  ent=0.455  grad=0.39/0.39  h=0.2 c=2.2  kl=0.0460  vl=0.0515
Step: 6885376 SPS: 3879  ev=0.695  ent=0.426  grad=0.45/0.45  h=0.2 c=2.5  kl=0.0364  vl=0.0560
Step: 6889472 SPS: 3879  ev=0.633  ent=0.439  grad=0.74/0.50  h=0.2 c=2.0  kl=0.0280  vl=0.0629
Step: 6893568 SPS: 3879  ev=0.631  ent=0.454  grad=0.49/0.49  h=0.1 c=2.0  kl=0.0296  vl=0.0533
Step: 6897664 SPS: 3879  ev=0.595  ent=0.452  grad=0.72/0.50  h=0.2 c=1.8  kl=0.0215  vl=0.0529
Step: 6901760 SPS: 3879  ev=0.637  ent=0.445  grad=0.58/0.50  h=0.2 c=2.0  kl=0.0296  vl=0.0494
Step: 6905856 SPS: 3879  ev=0.655  ent=0.420  grad=0.40/0.40  h=0.2 c=2.0  kl=0.0150  vl=0.0374
Step: 6909952 SPS: 3879  ev=0.685  ent=0.432  grad=0.36/0.36  h=0.2 c=1.9  kl=0.0218  vl=0.0469
Step: 6914048 SPS: 3879  ev=0.624  ent=0.438  grad=0.43/0.43  h=0.2 c=2.1  kl=0.0224  vl=0.0553
Step: 6918144 SPS: 3880  ev=0.669  ent=0.444  grad=0.57/0.50  h=0.2 c=2.3  kl=0.0162  vl=0.0668
Step: 6922240 SPS: 3880  ev=0.640  ent=0.468  grad=0.27/0.27  h=0.1 c=1.9  kl=0.0217  vl=0.0548
Step: 6926336 SPS: 3880  ev=0.670  ent=0.442  grad=0.48/0.48  h=0.2 c=1.6  kl=0.0194  vl=0.0456
Step: 6930432 SPS: 3880  ev=0.671  ent=0.431  grad=0.42/0.42  h=0.2 c=1.9  kl=0.0184  vl=0.0477
Step: 6934528 SPS: 3880  ev=0.698  ent=0.427  grad=0.31/0.31  h=0.2 c=1.9  kl=0.0249  vl=0.0623
Step: 6938624 SPS: 3880  ev=0.629  ent=0.449  grad=0.46/0.46  h=0.2 c=2.0  kl=0.0234  vl=0.0496
Step: 6942720 SPS: 3880  ev=0.631  ent=0.435  grad=0.49/0.49  h=0.1 c=2.0  kl=0.0265  vl=0.0651
Step: 6946816 SPS: 3880  ev=0.579  ent=0.435  grad=0.51/0.50  h=0.2 c=1.9  kl=0.0170  vl=0.0581
Step: 6950912 SPS: 3880  ev=0.664  ent=0.441  grad=0.46/0.46  h=0.2 c=2.6  kl=0.0222  vl=0.0396
Step: 6955008 SPS: 3880  ev=0.651  ent=0.443  grad=0.34/0.34  h=0.2 c=2.3  kl=0.0288  vl=0.0518
Step: 6959104 SPS: 3880  ev=0.668  ent=0.438  grad=0.35/0.35  h=0.2 c=2.1  kl=0.0393  vl=0.0476
  vs Heur:   24W/77L/3D | score=0.5±11.0 inv=0.0 played=15.1 lanes=5.0 ddraw=0.5 pts=0
  vs Random: 101W/0L/0D | score=22.4±14.0 inv=0.0 played=18.6 lanes=5.0 ddraw=2.3 pts=22
  Self-play: 51W/51L/1D | score=2.2±11.0 inv=0.0 played=15.5 lanes=5.0 ddraw=0.4 pts=2
Step: 6963200 SPS: 3880  ev=0.638  ent=0.494  grad=0.37/0.37  h=0.2 c=2.1  kl=0.0282  vl=0.0492
Step: 6967296 SPS: 3880  ev=0.647  ent=0.409  grad=0.55/0.50  h=0.2 c=1.8  kl=0.0299  vl=0.0480
Step: 6971392 SPS: 3880  ev=0.648  ent=0.437  grad=0.29/0.29  h=0.2 c=1.7  kl=0.0318  vl=0.0515
Step: 6975488 SPS: 3880  ev=0.650  ent=0.440  grad=0.36/0.36  h=0.2 c=1.8  kl=0.0278  vl=0.0530
Step: 6979584 SPS: 3880  ev=0.668  ent=0.439  grad=0.44/0.44  h=0.2 c=2.0  kl=0.0242  vl=0.0544
Step: 6983680 SPS: 3880  ev=0.702  ent=0.441  grad=0.79/0.50  h=0.2 c=2.0  kl=0.0238  vl=0.0570
Step: 6987776 SPS: 3880  ev=0.628  ent=0.434  grad=0.37/0.37  h=0.2 c=1.8  kl=0.0217  vl=0.0499
Step: 6991872 SPS: 3880  ev=0.639  ent=0.434  grad=0.38/0.38  h=0.1 c=1.8  kl=0.0292  vl=0.0430
Step: 6995968 SPS: 3881  ev=0.671  ent=0.440  grad=0.40/0.40  h=0.2 c=1.8  kl=0.0236  vl=0.0579
Step: 7000064 SPS: 3881  ev=0.651  ent=0.426  grad=0.58/0.50  h=0.2 c=2.2  kl=0.0298  vl=0.0516
Step: 7004160 SPS: 3881  ev=0.625  ent=0.425  grad=0.36/0.36  h=0.2 c=2.5  kl=0.0203  vl=0.0364
Step: 7008256 SPS: 3881  ev=0.649  ent=0.435  grad=0.46/0.46  h=0.2 c=1.9  kl=0.0317  vl=0.0538
Step: 7012352 SPS: 3881  ev=0.657  ent=0.419  grad=0.60/0.50  h=0.2 c=1.7  kl=0.0242  vl=0.0517
Step: 7016448 SPS: 3881  ev=0.647  ent=0.443  grad=0.50/0.50  h=0.1 c=1.8  kl=0.0313  vl=0.0562
Step: 7020544 SPS: 3881  ev=0.651  ent=0.425  grad=0.34/0.34  h=0.1 c=1.8  kl=0.0318  vl=0.0411
Step: 7024640 SPS: 3881  ev=0.649  ent=0.449  grad=0.62/0.50  h=0.1 c=1.4  kl=0.0240  vl=0.0502
Step: 7028736 SPS: 3881  ev=0.667  ent=0.436  grad=0.52/0.50  h=0.2 c=1.6  kl=0.0266  vl=0.0598
Step: 7032832 SPS: 3881  ev=0.674  ent=0.441  grad=0.38/0.38  h=0.2 c=1.7  kl=0.0361  vl=0.0534
Step: 7036928 SPS: 3881  ev=0.686  ent=0.441  grad=0.44/0.44  h=0.2 c=1.6  kl=0.0252  vl=0.0491
Step: 7041024 SPS: 3882  ev=0.634  ent=0.445  grad=0.39/0.39  h=0.1 c=1.4  kl=0.0217  vl=0.0488
  vs Heur:   32W/79L/3D | score=1.4±12.5 inv=0.0 played=15.2 lanes=5.0 ddraw=0.4 pts=1
  vs Random: 100W/0L/0D | score=22.6±15.6 inv=0.0 played=18.3 lanes=5.0 ddraw=2.2 pts=23
  Self-play: 58W/43L/1D | score=3.9±12.6 inv=0.0 played=15.7 lanes=5.0 ddraw=0.3 pts=4
Step: 7045120 SPS: 3882  ev=0.662  ent=0.429  grad=0.32/0.32  h=0.1 c=1.4  kl=0.0236  vl=0.0490
Step: 7049216 SPS: 3882  ev=0.641  ent=0.419  grad=0.48/0.48  h=0.1 c=1.3  kl=0.0240  vl=0.0419
Step: 7053312 SPS: 3881  ev=0.656  ent=0.447  grad=0.32/0.32  h=0.2 c=1.5  kl=0.0262  vl=0.0625
Step: 7057408 SPS: 3881  ev=0.705  ent=0.462  grad=0.68/0.50  h=0.1 c=1.7  kl=0.0227  vl=0.0486
Step: 7061504 SPS: 3881  ev=0.635  ent=0.435  grad=0.35/0.35  h=0.2 c=1.7  kl=0.0192  vl=0.0575
Step: 7065600 SPS: 3881  ev=0.672  ent=0.455  grad=0.47/0.47  h=0.1 c=1.5  kl=0.0302  vl=0.0543
Step: 7069696 SPS: 3881  ev=0.615  ent=0.405  grad=0.57/0.50  h=0.1 c=1.4  kl=0.0312  vl=0.0509
Step: 7073792 SPS: 3881  ev=0.681  ent=0.470  grad=0.43/0.43  h=0.1 c=1.6  kl=0.0377  vl=0.0474
Step: 7077888 SPS: 3881  ev=0.645  ent=0.445  grad=0.37/0.37  h=0.1 c=1.7  kl=0.0315  vl=0.0503
Step: 7081984 SPS: 3882  ev=0.642  ent=0.493  grad=0.37/0.37  h=0.1 c=1.7  kl=0.0250  vl=0.0567
Step: 7086080 SPS: 3882  ev=0.652  ent=0.430  grad=0.41/0.41  h=0.1 c=1.5  kl=0.0275  vl=0.0510
Step: 7090176 SPS: 3882  ev=0.661  ent=0.448  grad=0.72/0.50  h=0.2 c=1.9  kl=0.0226  vl=0.0622
Step: 7094272 SPS: 3882  ev=0.642  ent=0.465  grad=0.60/0.50  h=0.1 c=2.0  kl=0.0560  vl=0.0428
Step: 7098368 SPS: 3882  ev=0.594  ent=0.444  grad=0.44/0.44  h=0.2 c=2.0  kl=0.0434  vl=0.0460
Step: 7102464 SPS: 3882  ev=0.654  ent=0.428  grad=0.36/0.36  h=0.1 c=1.9  kl=0.0225  vl=0.0510
Step: 7106560 SPS: 3882  ev=0.617  ent=0.443  grad=0.47/0.47  h=0.1 c=1.5  kl=0.0232  vl=0.0543
Step: 7110656 SPS: 3882  ev=0.672  ent=0.455  grad=0.58/0.50  h=0.2 c=2.0  kl=0.0694  vl=0.0502
Step: 7114752 SPS: 3882  ev=0.670  ent=0.471  grad=0.43/0.43  h=0.2 c=1.7  kl=0.0263  vl=0.0491
Step: 7118848 SPS: 3882  ev=0.627  ent=0.463  grad=0.45/0.45  h=0.1 c=1.7  kl=0.0225  vl=0.0572
Step: 7122944 SPS: 3882  ev=0.646  ent=0.447  grad=0.56/0.50  h=0.2 c=1.8  kl=0.0418  vl=0.0463
  vs Heur:   27W/72L/3D | score=0.9±12.4 inv=0.0 played=15.2 lanes=5.0 ddraw=0.6 pts=1
  vs Random: 100W/0L/0D | score=22.5±13.2 inv=0.0 played=18.7 lanes=5.0 ddraw=2.6 pts=22
  Self-play: 51W/46L/5D | score=3.9±12.4 inv=0.0 played=15.6 lanes=5.0 ddraw=0.4 pts=4
Step: 7127040 SPS: 3881  ev=0.674  ent=0.451  grad=0.48/0.48  h=0.1 c=2.1  kl=0.0261  vl=0.0477
Step: 7131136 SPS: 3881  ev=0.653  ent=0.432  grad=0.42/0.42  h=0.1 c=1.6  kl=0.0220  vl=0.0502
Step: 7135232 SPS: 3881  ev=0.642  ent=0.429  grad=0.75/0.50  h=0.1 c=1.6  kl=0.0272  vl=0.0570
Step: 7139328 SPS: 3881  ev=0.672  ent=0.454  grad=0.43/0.43  h=0.1 c=1.9  kl=0.0339  vl=0.0612
Step: 7143424 SPS: 3881  ev=0.683  ent=0.438  grad=0.36/0.36  h=0.1 c=1.8  kl=0.0300  vl=0.0603
Step: 7147520 SPS: 3881  ev=0.689  ent=0.420  grad=0.35/0.35  h=0.1 c=2.2  kl=0.0215  vl=0.0486
Step: 7151616 SPS: 3881  ev=0.636  ent=0.418  grad=0.62/0.50  h=0.1 c=1.8  kl=0.0260  vl=0.0492
Step: 7155712 SPS: 3881  ev=0.668  ent=0.434  grad=0.75/0.50  h=0.1 c=1.8  kl=0.0258  vl=0.0521
Step: 7159808 SPS: 3881  ev=0.715  ent=0.462  grad=0.37/0.37  h=0.1 c=2.0  kl=0.0257  vl=0.0475
Step: 7163904 SPS: 3882  ev=0.650  ent=0.385  grad=0.61/0.50  h=0.1 c=2.2  kl=0.0247  vl=0.0471
Step: 7168000 SPS: 3882  ev=0.663  ent=0.430  grad=0.64/0.50  h=0.1 c=2.6  kl=0.0319  vl=0.0466
Step: 7172096 SPS: 3882  ev=0.634  ent=0.458  grad=0.48/0.48  h=0.1 c=2.2  kl=0.0161  vl=0.0521
Step: 7176192 SPS: 3882  ev=0.640  ent=0.464  grad=0.50/0.50  h=0.1 c=2.2  kl=0.0185  vl=0.0490
Step: 7180288 SPS: 3882  ev=0.624  ent=0.435  grad=0.72/0.50  h=0.1 c=2.1  kl=0.0223  vl=0.0531
Step: 7184384 SPS: 3882  ev=0.655  ent=0.451  grad=0.56/0.50  h=0.1 c=1.6  kl=0.0317  vl=0.0489
Step: 7188480 SPS: 3882  ev=0.623  ent=0.424  grad=0.53/0.50  h=0.1 c=2.0  kl=0.0340  vl=0.0524
Step: 7192576 SPS: 3882  ev=0.659  ent=0.406  grad=0.58/0.50  h=0.1 c=1.6  kl=0.0224  vl=0.0541
Step: 7196672 SPS: 3882  ev=0.652  ent=0.440  grad=0.40/0.40  h=0.1 c=2.0  kl=0.0346  vl=0.0680
Step: 7200768 SPS: 3882  ev=0.645  ent=0.446  grad=0.51/0.50  h=0.1 c=2.0  kl=0.0393  vl=0.0514
Step: 7204864 SPS: 3882  ev=0.682  ent=0.430  grad=0.37/0.37  h=0.1 c=1.9  kl=0.0238  vl=0.0480
  vs Heur:   37W/63L/4D | score=-0.5±13.5 inv=0.0 played=15.0 lanes=5.0 ddraw=0.5 pts=-1
  vs Random: 100W/0L/0D | score=23.9±16.1 inv=0.0 played=18.5 lanes=5.0 ddraw=2.2 pts=24
  Self-play: 47W/49L/5D | score=1.9±9.9 inv=0.0 played=15.4 lanes=5.0 ddraw=0.4 pts=2
Step: 7208960 SPS: 3882  ev=0.660  ent=0.434  grad=0.47/0.47  h=0.1 c=1.8  kl=0.0345  vl=0.0561
Step: 7213056 SPS: 3882  ev=0.616  ent=0.415  grad=0.40/0.40  h=0.1 c=1.6  kl=0.0216  vl=0.0658
Step: 7217152 SPS: 3882  ev=0.669  ent=0.427  grad=0.44/0.44  h=0.1 c=1.7  kl=0.0251  vl=0.0611
Step: 7221248 SPS: 3882  ev=0.607  ent=0.436  grad=0.53/0.50  h=0.1 c=1.6  kl=0.0277  vl=0.0618
Step: 7225344 SPS: 3882  ev=0.681  ent=0.405  grad=0.33/0.33  h=0.1 c=2.2  kl=0.0230  vl=0.0459
Step: 7229440 SPS: 3882  ev=0.653  ent=0.426  grad=0.57/0.50  h=0.0 c=2.1  kl=0.0202  vl=0.0514
Step: 7233536 SPS: 3882  ev=0.633  ent=0.431  grad=0.63/0.50  h=0.1 c=2.0  kl=0.0178  vl=0.0459
Step: 7237632 SPS: 3882  ev=0.596  ent=0.435  grad=0.42/0.42  h=0.1 c=2.1  kl=0.0190  vl=0.0481
Step: 7241728 SPS: 3882  ev=0.662  ent=0.427  grad=0.40/0.40  h=0.1 c=2.1  kl=0.0238  vl=0.0480
Step: 7245824 SPS: 3882  ev=0.641  ent=0.436  grad=0.74/0.50  h=0.2 c=1.8  kl=0.0303  vl=0.0549
Step: 7249920 SPS: 3883  ev=0.655  ent=0.459  grad=0.39/0.39  h=0.1 c=1.7  kl=0.0233  vl=0.0542
Step: 7254016 SPS: 3883  ev=0.619  ent=0.449  grad=0.39/0.39  h=0.1 c=2.4  kl=0.0291  vl=0.0481
Step: 7258112 SPS: 3882  ev=0.585  ent=0.459  grad=0.32/0.32  h=0.1 c=1.9  kl=0.0297  vl=0.0658
Step: 7262208 SPS: 3882  ev=0.646  ent=0.433  grad=0.44/0.44  h=0.1 c=2.1  kl=0.0252  vl=0.0499
Step: 7266304 SPS: 3883  ev=0.679  ent=0.428  grad=0.31/0.31  h=0.1 c=2.2  kl=0.0196  vl=0.0513
Step: 7270400 SPS: 3882  ev=0.712  ent=0.484  grad=0.52/0.50  h=0.1 c=1.9  kl=0.0247  vl=0.0575
Step: 7274496 SPS: 3882  ev=0.588  ent=0.447  grad=0.36/0.36  h=0.1 c=2.2  kl=0.0256  vl=0.0621
Step: 7278592 SPS: 3882  ev=0.674  ent=0.415  grad=0.42/0.42  h=0.1 c=2.0  kl=0.0151  vl=0.0513
Step: 7282688 SPS: 3882  ev=0.634  ent=0.442  grad=0.43/0.43  h=0.2 c=1.9  kl=0.0242  vl=0.0495
Step: 7286784 SPS: 3882  ev=0.680  ent=0.423  grad=0.38/0.38  h=0.1 c=2.0  kl=0.0197  vl=0.0444
  vs Heur:   33W/69L/1D | score=1.3±13.0 inv=0.0 played=15.3 lanes=5.0 ddraw=0.4 pts=1
  vs Random: 101W/0L/0D | score=24.1±17.6 inv=0.0 played=18.7 lanes=5.0 ddraw=2.4 pts=24
  Self-play: 46W/50L/5D | score=3.1±9.4 inv=0.0 played=15.7 lanes=5.0 ddraw=0.3 pts=3
Step: 7290880 SPS: 3882  ev=0.641  ent=0.421  grad=0.36/0.36  h=0.1 c=2.4  kl=0.0191  vl=0.0469
Step: 7294976 SPS: 3882  ev=0.644  ent=0.457  grad=0.44/0.44  h=0.1 c=1.8  kl=0.0409  vl=0.0776
Step: 7299072 SPS: 3882  ev=0.611  ent=0.431  grad=0.30/0.30  h=0.1 c=2.1  kl=0.0212  vl=0.0496
Step: 7303168 SPS: 3882  ev=0.638  ent=0.425  grad=0.34/0.34  h=0.1 c=2.3  kl=0.0224  vl=0.0434
Step: 7307264 SPS: 3882  ev=0.620  ent=0.425  grad=0.39/0.39  h=0.1 c=2.0  kl=0.0264  vl=0.0576
Step: 7311360 SPS: 3882  ev=0.639  ent=0.461  grad=0.47/0.47  h=0.1 c=2.3  kl=0.0297  vl=0.0488
Step: 7315456 SPS: 3881  ev=0.681  ent=0.435  grad=0.51/0.50  h=0.1 c=1.8  kl=0.0234  vl=0.0477
Step: 7319552 SPS: 3882  ev=0.594  ent=0.456  grad=0.30/0.30  h=0.1 c=2.6  kl=0.0234  vl=0.0591
Step: 7323648 SPS: 3881  ev=0.608  ent=0.410  grad=0.44/0.44  h=0.1 c=2.1  kl=0.0201  vl=0.0371
Step: 7327744 SPS: 3882  ev=0.654  ent=0.436  grad=0.34/0.34  h=0.0 c=2.2  kl=0.0245  vl=0.0568
Step: 7331840 SPS: 3882  ev=0.653  ent=0.451  grad=0.69/0.50  h=0.1 c=2.3  kl=0.0266  vl=0.0457
Step: 7335936 SPS: 3882  ev=0.646  ent=0.452  grad=0.68/0.50  h=0.0 c=2.6  kl=0.0146  vl=0.0548
Step: 7340032 SPS: 3882  ev=0.666  ent=0.431  grad=0.54/0.50  h=0.0 c=2.4  kl=0.0239  vl=0.0420
Step: 7344128 SPS: 3882  ev=0.655  ent=0.435  grad=0.37/0.37  h=0.0 c=2.1  kl=0.0340  vl=0.0608
Step: 7348224 SPS: 3882  ev=0.617  ent=0.446  grad=0.42/0.42  h=0.1 c=2.6  kl=0.0276  vl=0.0566
Step: 7352320 SPS: 3882  ev=0.679  ent=0.418  grad=0.50/0.50  h=0.1 c=2.5  kl=0.0269  vl=0.0430
Step: 7356416 SPS: 3882  ev=0.636  ent=0.414  grad=0.55/0.50  h=0.1 c=2.4  kl=0.0274  vl=0.0514
Step: 7360512 SPS: 3881  ev=0.646  ent=0.423  grad=0.63/0.50  h=0.0 c=2.2  kl=0.0255  vl=0.0611
Step: 7364608 SPS: 3881  ev=0.672  ent=0.461  grad=0.41/0.41  h=0.1 c=2.6  kl=0.0261  vl=0.0511
Step: 7368704 SPS: 3881  ev=0.576  ent=0.416  grad=0.47/0.47  h=0.1 c=2.7  kl=0.0149  vl=0.0593
  vs Heur:   31W/75L/1D | score=1.7±12.3 inv=0.0 played=15.3 lanes=5.0 ddraw=0.5 pts=2
  vs Random: 100W/0L/0D | score=24.8±16.5 inv=0.0 played=18.4 lanes=5.0 ddraw=2.0 pts=25
  Self-play: 51W/52L/3D | score=4.6±12.7 inv=0.0 played=15.6 lanes=5.0 ddraw=0.3 pts=5
Step: 7372800 SPS: 3881  ev=0.655  ent=0.424  grad=0.40/0.40  h=0.1 c=1.8  kl=0.0235  vl=0.0518
Step: 7376896 SPS: 3881  ev=0.608  ent=0.421  grad=0.46/0.46  h=0.1 c=2.6  kl=0.0213  vl=0.0673
Step: 7380992 SPS: 3881  ev=0.658  ent=0.452  grad=0.68/0.50  h=0.1 c=2.5  kl=0.0225  vl=0.0624
Step: 7385088 SPS: 3881  ev=0.627  ent=0.419  grad=0.36/0.36  h=0.1 c=2.5  kl=0.0268  vl=0.0532
Step: 7389184 SPS: 3881  ev=0.607  ent=0.418  grad=0.39/0.39  h=0.1 c=2.6  kl=0.0199  vl=0.0525
Step: 7393280 SPS: 3881  ev=0.626  ent=0.445  grad=0.33/0.33  h=0.1 c=2.7  kl=0.0165  vl=0.0451
Step: 7397376 SPS: 3881  ev=0.600  ent=0.409  grad=0.73/0.50  h=0.1 c=2.7  kl=0.0302  vl=0.0479
Step: 7401472 SPS: 3881  ev=0.614  ent=0.428  grad=0.37/0.37  h=0.1 c=2.6  kl=0.0141  vl=0.0530
Step: 7405568 SPS: 3882  ev=0.638  ent=0.412  grad=0.36/0.36  h=0.1 c=3.1  kl=0.0256  vl=0.0490
Step: 7409664 SPS: 3882  ev=0.602  ent=0.464  grad=0.49/0.49  h=0.1 c=2.8  kl=0.0312  vl=0.0646
Step: 7413760 SPS: 3882  ev=0.624  ent=0.409  grad=0.65/0.50  h=0.1 c=3.6  kl=0.0174  vl=0.0592
Step: 7417856 SPS: 3882  ev=0.656  ent=0.438  grad=0.40/0.40  h=0.0 c=2.6  kl=0.0199  vl=0.0479
Step: 7421952 SPS: 3882  ev=0.632  ent=0.420  grad=0.35/0.35  h=0.0 c=2.7  kl=0.0211  vl=0.0640
Step: 7426048 SPS: 3882  ev=0.660  ent=0.462  grad=0.54/0.50  h=0.1 c=2.7  kl=0.0226  vl=0.0518
Step: 7430144 SPS: 3882  ev=0.676  ent=0.472  grad=0.47/0.47  h=0.0 c=3.0  kl=0.0243  vl=0.0584
Step: 7434240 SPS: 3882  ev=0.650  ent=0.460  grad=0.48/0.48  h=0.0 c=3.6  kl=0.0200  vl=0.0535
Step: 7438336 SPS: 3882  ev=0.585  ent=0.455  grad=0.54/0.50  h=0.1 c=2.4  kl=0.0281  vl=0.0566
Step: 7442432 SPS: 3882  ev=0.666  ent=0.436  grad=0.66/0.50  h=0.1 c=3.1  kl=0.0240  vl=0.0409
Step: 7446528 SPS: 3882  ev=0.632  ent=0.433  grad=0.72/0.50  h=0.0 c=2.8  kl=0.0168  vl=0.0627
Step: 7450624 SPS: 3882  ev=0.670  ent=0.419  grad=0.74/0.50  h=0.0 c=2.8  kl=0.0596  vl=0.0539
  vs Heur:   38W/66L/1D | score=3.0±14.2 inv=0.0 played=15.4 lanes=5.0 ddraw=0.5 pts=3
  vs Random: 100W/0L/0D | score=28.8±14.3 inv=0.0 played=19.2 lanes=5.0 ddraw=1.6 pts=29
  Self-play: 46W/55L/2D | score=1.3±12.5 inv=0.0 played=15.2 lanes=5.0 ddraw=0.2 pts=1
Step: 7454720 SPS: 3882  ev=0.631  ent=0.456  grad=0.34/0.34  h=0.1 c=3.5  kl=0.0231  vl=0.0639
Step: 7458816 SPS: 3882  ev=0.664  ent=0.413  grad=0.51/0.50  h=0.0 c=3.0  kl=0.0176  vl=0.0525
Step: 7462912 SPS: 3882  ev=0.644  ent=0.435  grad=0.47/0.47  h=0.1 c=3.5  kl=0.0354  vl=0.0790
Step: 7467008 SPS: 3882  ev=0.653  ent=0.452  grad=0.54/0.50  h=0.1 c=2.7  kl=0.0208  vl=0.0501
Step: 7471104 SPS: 3882  ev=0.591  ent=0.433  grad=0.32/0.32  h=0.1 c=2.9  kl=0.0269  vl=0.0635
Step: 7475200 SPS: 3882  ev=0.644  ent=0.451  grad=0.50/0.50  h=0.0 c=2.3  kl=0.0286  vl=0.0639
Step: 7479296 SPS: 3882  ev=0.631  ent=0.409  grad=0.49/0.49  h=0.1 c=2.5  kl=0.0193  vl=0.0470
Step: 7483392 SPS: 3882  ev=0.688  ent=0.449  grad=0.64/0.50  h=0.1 c=2.8  kl=0.0302  vl=0.0507
Step: 7487488 SPS: 3882  ev=0.635  ent=0.443  grad=0.47/0.47  h=0.0 c=2.7  kl=0.0180  vl=0.0534
Step: 7491584 SPS: 3882  ev=0.616  ent=0.477  grad=0.52/0.50  h=0.1 c=2.8  kl=0.0232  vl=0.0614
Step: 7495680 SPS: 3882  ev=0.674  ent=0.442  grad=0.44/0.44  h=0.0 c=2.4  kl=0.0236  vl=0.0571
Step: 7499776 SPS: 3882  ev=0.674  ent=0.413  grad=0.38/0.38  h=0.1 c=2.8  kl=0.0219  vl=0.0476
Step: 7503872 SPS: 3882  ev=0.654  ent=0.417  grad=0.46/0.46  h=0.1 c=2.2  kl=0.0220  vl=0.0583
Step: 7507968 SPS: 3882  ev=0.687  ent=0.473  grad=0.38/0.38  h=0.1 c=2.0  kl=0.0255  vl=0.0423
Step: 7512064 SPS: 3882  ev=0.638  ent=0.441  grad=0.34/0.34  h=0.1 c=2.8  kl=0.0202  vl=0.0523
Step: 7516160 SPS: 3882  ev=0.628  ent=0.421  grad=0.33/0.33  h=0.1 c=2.5  kl=0.0268  vl=0.0543
Step: 7520256 SPS: 3882  ev=0.627  ent=0.439  grad=0.54/0.50  h=0.1 c=2.4  kl=0.0308  vl=0.0462
Step: 7524352 SPS: 3882  ev=0.661  ent=0.426  grad=0.32/0.32  h=0.1 c=2.3  kl=0.0238  vl=0.0522
Step: 7528448 SPS: 3882  ev=0.643  ent=0.414  grad=0.61/0.50  h=0.1 c=2.5  kl=0.0305  vl=0.0501
Step: 7532544 SPS: 3882  ev=0.621  ent=0.455  grad=0.42/0.42  h=0.1 c=1.6  kl=0.0216  vl=0.0430
  vs Heur:   37W/65L/2D | score=2.6±11.7 inv=0.0 played=15.6 lanes=5.0 ddraw=0.2 pts=3
  vs Random: 101W/0L/0D | score=32.9±16.1 inv=0.0 played=19.3 lanes=5.0 ddraw=1.5 pts=33
  Self-play: 52W/53L/3D | score=4.1±12.0 inv=0.0 played=15.6 lanes=5.0 ddraw=0.2 pts=4
Step: 7536640 SPS: 3882  ev=0.650  ent=0.414  grad=0.40/0.40  h=0.1 c=2.1  kl=0.0153  vl=0.0490
Step: 7540736 SPS: 3882  ev=0.667  ent=0.416  grad=0.43/0.43  h=0.1 c=2.1  kl=0.0179  vl=0.0531
Step: 7544832 SPS: 3882  ev=0.631  ent=0.447  grad=0.29/0.29  h=0.1 c=2.1  kl=0.0211  vl=0.0479
Step: 7548928 SPS: 3882  ev=0.648  ent=0.449  grad=0.40/0.40  h=0.1 c=2.4  kl=0.0254  vl=0.0538
Step: 7553024 SPS: 3882  ev=0.656  ent=0.441  grad=0.37/0.37  h=0.1 c=1.9  kl=0.0284  vl=0.0558
Step: 7557120 SPS: 3882  ev=0.696  ent=0.442  grad=0.32/0.32  h=0.1 c=2.2  kl=0.0190  vl=0.0520
Step: 7561216 SPS: 3882  ev=0.631  ent=0.420  grad=0.48/0.48  h=0.1 c=1.8  kl=0.0217  vl=0.0679
Step: 7565312 SPS: 3882  ev=0.674  ent=0.429  grad=0.57/0.50  h=0.1 c=2.0  kl=0.0192  vl=0.0601
Step: 7569408 SPS: 3882  ev=0.668  ent=0.441  grad=0.58/0.50  h=0.1 c=2.1  kl=0.0285  vl=0.0692
Step: 7573504 SPS: 3882  ev=0.622  ent=0.449  grad=0.50/0.50  h=0.1 c=2.1  kl=0.0282  vl=0.0463
Step: 7577600 SPS: 3883  ev=0.676  ent=0.411  grad=0.58/0.50  h=0.1 c=2.4  kl=0.0253  vl=0.0621
Step: 7581696 SPS: 3882  ev=0.646  ent=0.409  grad=0.35/0.35  h=0.1 c=2.2  kl=0.0219  vl=0.0570
Step: 7585792 SPS: 3882  ev=0.689  ent=0.469  grad=0.58/0.50  h=0.2 c=2.7  kl=0.0297  vl=0.0700
Step: 7589888 SPS: 3882  ev=0.637  ent=0.439  grad=0.52/0.50  h=0.1 c=2.1  kl=0.0257  vl=0.0548
Step: 7593984 SPS: 3882  ev=0.667  ent=0.439  grad=0.38/0.38  h=0.1 c=2.4  kl=0.0272  vl=0.0490
Step: 7598080 SPS: 3882  ev=0.662  ent=0.434  grad=0.35/0.35  h=0.1 c=2.6  kl=0.0184  vl=0.0461
Step: 7602176 SPS: 3882  ev=0.643  ent=0.420  grad=0.41/0.41  h=0.1 c=2.4  kl=0.0293  vl=0.0487
Step: 7606272 SPS: 3882  ev=0.640  ent=0.441  grad=0.38/0.38  h=0.1 c=2.3  kl=0.0173  vl=0.0602
Step: 7610368 SPS: 3882  ev=0.675  ent=0.440  grad=0.30/0.30  h=0.2 c=2.5  kl=0.0300  vl=0.0550
Step: 7614464 SPS: 3882  ev=0.655  ent=0.467  grad=0.30/0.30  h=0.2 c=2.1  kl=0.0339  vl=0.0577
  vs Heur:   35W/74L/1D | score=3.4±11.9 inv=0.0 played=15.5 lanes=5.0 ddraw=0.4 pts=3
  vs Random: 102W/0L/0D | score=30.2±15.3 inv=0.0 played=19.0 lanes=5.0 ddraw=1.3 pts=30
  Self-play: 55W/51L/1D | score=3.0±11.7 inv=0.0 played=15.2 lanes=5.0 ddraw=0.3 pts=3
Step: 7618560 SPS: 3882  ev=0.619  ent=0.432  grad=0.31/0.31  h=0.1 c=2.3  kl=0.0208  vl=0.0561
Step: 7622656 SPS: 3882  ev=0.598  ent=0.481  grad=0.39/0.39  h=0.1 c=2.3  kl=0.0287  vl=0.0475
Step: 7626752 SPS: 3882  ev=0.647  ent=0.420  grad=0.37/0.37  h=0.1 c=2.6  kl=0.0216  vl=0.0373
Step: 7630848 SPS: 3882  ev=0.619  ent=0.460  grad=0.44/0.44  h=0.1 c=2.3  kl=0.0262  vl=0.0489
Step: 7634944 SPS: 3883  ev=0.683  ent=0.459  grad=0.40/0.40  h=0.1 c=2.1  kl=0.0226  vl=0.0505
Step: 7639040 SPS: 3882  ev=0.674  ent=0.444  grad=0.47/0.47  h=0.1 c=2.4  kl=0.0206  vl=0.0489
Step: 7643136 SPS: 3883  ev=0.654  ent=0.449  grad=0.58/0.50  h=0.1 c=2.4  kl=0.0232  vl=0.0573
Step: 7647232 SPS: 3883  ev=0.639  ent=0.454  grad=0.33/0.33  h=0.1 c=2.4  kl=0.0338  vl=0.0734
Step: 7651328 SPS: 3883  ev=0.701  ent=0.432  grad=0.31/0.31  h=0.1 c=2.4  kl=0.0353  vl=0.0575
Step: 7655424 SPS: 3883  ev=0.673  ent=0.398  grad=0.53/0.50  h=0.1 c=2.8  kl=0.0172  vl=0.0566
Step: 7659520 SPS: 3883  ev=0.630  ent=0.433  grad=0.48/0.48  h=0.2 c=2.0  kl=0.0249  vl=0.0482
Step: 7663616 SPS: 3883  ev=0.636  ent=0.445  grad=0.40/0.40  h=0.1 c=2.4  kl=0.0227  vl=0.0512
Step: 7667712 SPS: 3883  ev=0.661  ent=0.435  grad=0.38/0.38  h=0.2 c=2.2  kl=0.0274  vl=0.0549
Step: 7671808 SPS: 3883  ev=0.679  ent=0.434  grad=0.35/0.35  h=0.1 c=2.9  kl=0.0311  vl=0.0626
Step: 7675904 SPS: 3883  ev=0.626  ent=0.444  grad=0.41/0.41  h=0.0 c=1.5  kl=0.0205  vl=0.0475
Step: 7680000 SPS: 3883  ev=0.668  ent=0.441  grad=0.61/0.50  h=0.0 c=2.0  kl=0.0267  vl=0.0545
Step: 7684096 SPS: 3883  ev=0.644  ent=0.413  grad=0.92/0.50  h=0.1 c=1.6  kl=0.0152  vl=0.0665
Step: 7688192 SPS: 3883  ev=0.595  ent=0.431  grad=0.37/0.37  h=0.1 c=2.1  kl=0.0315  vl=0.0446
Step: 7692288 SPS: 3883  ev=0.654  ent=0.483  grad=0.82/0.50  h=0.1 c=2.3  kl=0.0259  vl=0.0596
Step: 7696384 SPS: 3883  ev=0.635  ent=0.458  grad=0.48/0.48  h=0.1 c=2.2  kl=0.0255  vl=0.0525
  vs Heur:   45W/58L/2D | score=4.1±13.0 inv=0.0 played=15.4 lanes=5.0 ddraw=0.5 pts=4
  vs Random: 100W/0L/0D | score=30.3±15.9 inv=0.0 played=19.0 lanes=5.0 ddraw=1.6 pts=30
  Self-play: 57W/52L/0D | score=2.6±12.2 inv=0.0 played=15.3 lanes=5.0 ddraw=0.3 pts=3
Step: 7700480 SPS: 3883  ev=0.690  ent=0.452  grad=0.49/0.49  h=0.1 c=2.1  kl=0.0255  vl=0.0539
Step: 7704576 SPS: 3883  ev=0.626  ent=0.433  grad=0.31/0.31  h=0.1 c=1.7  kl=0.0265  vl=0.0609
Step: 7708672 SPS: 3883  ev=0.679  ent=0.459  grad=0.46/0.46  h=0.1 c=2.4  kl=0.0281  vl=0.0630
Step: 7712768 SPS: 3882  ev=0.640  ent=0.464  grad=0.48/0.48  h=0.1 c=1.7  kl=0.0212  vl=0.0406
Step: 7716864 SPS: 3882  ev=0.666  ent=0.448  grad=0.43/0.43  h=0.0 c=2.3  kl=0.0154  vl=0.0465
Step: 7720960 SPS: 3882  ev=0.676  ent=0.429  grad=0.44/0.44  h=0.1 c=2.0  kl=0.0198  vl=0.0425
Step: 7725056 SPS: 3882  ev=0.672  ent=0.435  grad=0.65/0.50  h=0.1 c=2.0  kl=0.0518  vl=0.0563
Step: 7729152 SPS: 3882  ev=0.683  ent=0.442  grad=0.43/0.43  h=0.1 c=2.0  kl=0.0237  vl=0.0548
Step: 7733248 SPS: 3883  ev=0.626  ent=0.437  grad=0.27/0.27  h=0.2 c=1.9  kl=0.0261  vl=0.0523
Step: 7737344 SPS: 3883  ev=0.629  ent=0.440  grad=0.40/0.40  h=0.1 c=2.5  kl=0.0251  vl=0.0621
Step: 7741440 SPS: 3883  ev=0.644  ent=0.447  grad=0.38/0.38  h=0.1 c=2.0  kl=0.0228  vl=0.0492
Step: 7745536 SPS: 3883  ev=0.611  ent=0.442  grad=0.43/0.43  h=0.1 c=2.8  kl=0.0230  vl=0.0541
Step: 7749632 SPS: 3883  ev=0.620  ent=0.426  grad=0.34/0.34  h=0.1 c=2.4  kl=0.0363  vl=0.0489
Step: 7753728 SPS: 3883  ev=0.593  ent=0.420  grad=0.41/0.41  h=0.1 c=1.7  kl=0.0186  vl=0.0449
Step: 7757824 SPS: 3883  ev=0.648  ent=0.466  grad=0.53/0.50  h=0.1 c=3.0  kl=0.0274  vl=0.0404
Step: 7761920 SPS: 3883  ev=0.654  ent=0.450  grad=0.40/0.40  h=0.1 c=2.3  kl=0.0330  vl=0.0536
Step: 7766016 SPS: 3883  ev=0.650  ent=0.442  grad=0.42/0.42  h=0.1 c=2.9  kl=0.0208  vl=0.0556
Step: 7770112 SPS: 3883  ev=0.642  ent=0.431  grad=0.41/0.41  h=0.1 c=2.7  kl=0.0161  vl=0.0404
Step: 7774208 SPS: 3883  ev=0.689  ent=0.427  grad=0.45/0.45  h=0.0 c=2.3  kl=0.0221  vl=0.0553
Step: 7778304 SPS: 3883  ev=0.644  ent=0.442  grad=0.32/0.32  h=0.1 c=2.4  kl=0.0264  vl=0.0568
  vs Heur:   37W/64L/2D | score=1.2±11.8 inv=0.0 played=15.3 lanes=5.0 ddraw=0.4 pts=1
  vs Random: 100W/0L/0D | score=28.3±13.8 inv=0.0 played=19.1 lanes=5.0 ddraw=1.6 pts=28
  Self-play: 49W/54L/2D | score=3.4±11.6 inv=0.0 played=15.5 lanes=5.0 ddraw=0.2 pts=3
Step: 7782400 SPS: 3883  ev=0.622  ent=0.418  grad=0.49/0.49  h=0.1 c=2.8  kl=0.0160  vl=0.0418
Step: 7786496 SPS: 3883  ev=0.550  ent=0.441  grad=0.39/0.39  h=0.1 c=2.4  kl=0.0251  vl=0.0462
Step: 7790592 SPS: 3882  ev=0.592  ent=0.426  grad=0.42/0.42  h=0.1 c=2.2  kl=0.0261  vl=0.0535
Step: 7794688 SPS: 3882  ev=0.657  ent=0.440  grad=0.42/0.42  h=0.1 c=2.2  kl=0.0281  vl=0.0489
Step: 7798784 SPS: 3882  ev=0.650  ent=0.457  grad=0.64/0.50  h=0.1 c=2.2  kl=0.0311  vl=0.0522
Step: 7802880 SPS: 3882  ev=0.618  ent=0.445  grad=0.54/0.50  h=0.1 c=2.5  kl=0.0194  vl=0.0495
Step: 7806976 SPS: 3882  ev=0.629  ent=0.456  grad=0.47/0.47  h=0.1 c=2.4  kl=0.0220  vl=0.0572
Step: 7811072 SPS: 3882  ev=0.633  ent=0.470  grad=0.34/0.34  h=0.1 c=2.7  kl=0.0292  vl=0.0664
Step: 7815168 SPS: 3883  ev=0.651  ent=0.458  grad=0.38/0.38  h=0.2 c=3.6  kl=0.0273  vl=0.0505
Step: 7819264 SPS: 3883  ev=0.647  ent=0.432  grad=0.33/0.33  h=0.1 c=2.6  kl=0.0305  vl=0.0538
Step: 7823360 SPS: 3883  ev=0.636  ent=0.423  grad=0.35/0.35  h=0.1 c=2.6  kl=0.0193  vl=0.0562
Step: 7827456 SPS: 3883  ev=0.628  ent=0.441  grad=0.41/0.41  h=0.1 c=3.5  kl=0.0263  vl=0.0449
Step: 7831552 SPS: 3883  ev=0.617  ent=0.418  grad=0.43/0.43  h=0.2 c=3.0  kl=0.0247  vl=0.0414
Step: 7835648 SPS: 3883  ev=0.613  ent=0.436  grad=0.42/0.42  h=0.2 c=3.0  kl=0.0199  vl=0.0421
Step: 7839744 SPS: 3883  ev=0.672  ent=0.454  grad=0.44/0.44  h=0.2 c=3.2  kl=0.0268  vl=0.0529
Step: 7843840 SPS: 3883  ev=0.675  ent=0.439  grad=0.42/0.42  h=0.2 c=3.7  kl=0.0255  vl=0.0597
Step: 7847936 SPS: 3884  ev=0.680  ent=0.443  grad=0.53/0.50  h=0.2 c=3.4  kl=0.0161  vl=0.0491
Step: 7852032 SPS: 3883  ev=0.629  ent=0.426  grad=0.30/0.30  h=0.2 c=3.3  kl=0.0175  vl=0.0512
Step: 7856128 SPS: 3883  ev=0.636  ent=0.444  grad=0.35/0.35  h=0.2 c=3.3  kl=0.0225  vl=0.0503
Step: 7860224 SPS: 3883  ev=0.565  ent=0.440  grad=0.45/0.45  h=0.1 c=3.1  kl=0.0212  vl=0.0386
  vs Heur:   34W/63L/3D | score=4.8±11.7 inv=0.0 played=15.6 lanes=5.0 ddraw=0.3 pts=5
  vs Random: 100W/0L/0D | score=27.5±12.4 inv=0.0 played=18.8 lanes=5.0 ddraw=1.6 pts=27
  Self-play: 51W/53L/2D | score=2.7±12.5 inv=0.0 played=15.4 lanes=5.0 ddraw=0.2 pts=3
Step: 7864320 SPS: 3883  ev=0.634  ent=0.432  grad=0.37/0.37  h=0.2 c=3.1  kl=0.0165  vl=0.0461
Step: 7868416 SPS: 3883  ev=0.627  ent=0.451  grad=0.39/0.39  h=0.2 c=3.5  kl=0.0128  vl=0.0425
Step: 7872512 SPS: 3883  ev=0.654  ent=0.448  grad=0.48/0.48  h=0.2 c=3.3  kl=0.0201  vl=0.0516
Step: 7876608 SPS: 3883  ev=0.654  ent=0.448  grad=0.27/0.27  h=0.2 c=4.1  kl=0.0180  vl=0.0478
Step: 7880704 SPS: 3883  ev=0.603  ent=0.462  grad=0.43/0.43  h=0.2 c=3.1  kl=0.0211  vl=0.0517
Step: 7884800 SPS: 3883  ev=0.618  ent=0.443  grad=0.53/0.50  h=0.2 c=3.1  kl=0.0223  vl=0.0518
Step: 7888896 SPS: 3883  ev=0.678  ent=0.432  grad=0.51/0.50  h=0.2 c=3.6  kl=0.0215  vl=0.0481
Step: 7892992 SPS: 3883  ev=0.630  ent=0.444  grad=0.47/0.47  h=0.2 c=3.3  kl=0.0187  vl=0.0469
Step: 7897088 SPS: 3883  ev=0.614  ent=0.463  grad=0.46/0.46  h=0.2 c=3.3  kl=0.0401  vl=0.0554
Step: 7901184 SPS: 3884  ev=0.609  ent=0.457  grad=0.35/0.35  h=0.2 c=3.4  kl=0.0226  vl=0.0455
Step: 7905280 SPS: 3884  ev=0.624  ent=0.419  grad=0.45/0.45  h=0.3 c=3.5  kl=0.0285  vl=0.0543
Step: 7909376 SPS: 3884  ev=0.632  ent=0.448  grad=0.36/0.36  h=0.2 c=3.8  kl=0.0207  vl=0.0514
Step: 7913472 SPS: 3884  ev=0.640  ent=0.479  grad=0.39/0.39  h=0.3 c=3.7  kl=0.0432  vl=0.0473
Step: 7917568 SPS: 3884  ev=0.622  ent=0.452  grad=0.38/0.38  h=0.2 c=4.0  kl=0.0283  vl=0.0509
Step: 7921664 SPS: 3884  ev=0.643  ent=0.470  grad=0.47/0.47  h=0.3 c=3.8  kl=0.0239  vl=0.0509
Step: 7925760 SPS: 3884  ev=0.650  ent=0.456  grad=0.66/0.50  h=0.3 c=3.8  kl=0.0181  vl=0.0564
Step: 7929856 SPS: 3884  ev=0.649  ent=0.442  grad=0.44/0.44  h=0.3 c=3.6  kl=0.0164  vl=0.0407
Step: 7933952 SPS: 3884  ev=0.595  ent=0.437  grad=0.67/0.50  h=0.3 c=3.2  kl=0.0198  vl=0.0604
Step: 7938048 SPS: 3884  ev=0.662  ent=0.419  grad=0.37/0.37  h=0.2 c=3.2  kl=0.0158  vl=0.0545
Step: 7942144 SPS: 3884  ev=0.635  ent=0.450  grad=0.42/0.42  h=0.2 c=3.9  kl=0.0214  vl=0.0436
  vs Heur:   35W/68L/3D | score=2.8±12.3 inv=0.0 played=15.3 lanes=5.0 ddraw=0.4 pts=3
  vs Random: 100W/0L/0D | score=26.6±15.8 inv=0.0 played=18.7 lanes=5.0 ddraw=2.0 pts=27
  Self-play: 50W/52L/2D | score=3.6±11.1 inv=0.0 played=15.6 lanes=5.0 ddraw=0.3 pts=4
Step: 7946240 SPS: 3884  ev=0.631  ent=0.412  grad=0.50/0.50  h=0.2 c=2.8  kl=0.0169  vl=0.0617
Step: 7950336 SPS: 3884  ev=0.640  ent=0.424  grad=0.33/0.33  h=0.3 c=4.0  kl=0.0258  vl=0.0586
Step: 7954432 SPS: 3884  ev=0.667  ent=0.460  grad=0.46/0.46  h=0.2 c=3.5  kl=0.0391  vl=0.0721
Step: 7958528 SPS: 3884  ev=0.634  ent=0.465  grad=0.59/0.50  h=0.2 c=3.7  kl=0.0211  vl=0.0502
Step: 7962624 SPS: 3884  ev=0.640  ent=0.434  grad=0.64/0.50  h=0.2 c=3.8  kl=0.0286  vl=0.0569
Step: 7966720 SPS: 3884  ev=0.662  ent=0.459  grad=0.42/0.42  h=0.2 c=3.7  kl=0.0229  vl=0.0535
Step: 7970816 SPS: 3884  ev=0.687  ent=0.473  grad=0.31/0.31  h=0.2 c=3.7  kl=0.0241  vl=0.0482
Step: 7974912 SPS: 3884  ev=0.698  ent=0.431  grad=0.31/0.31  h=0.1 c=3.9  kl=0.0331  vl=0.0552
Step: 7979008 SPS: 3884  ev=0.631  ent=0.449  grad=0.52/0.50  h=0.2 c=3.5  kl=0.0245  vl=0.0461
Step: 7983104 SPS: 3885  ev=0.667  ent=0.443  grad=0.36/0.36  h=0.2 c=3.7  kl=0.0212  vl=0.0667
Step: 7987200 SPS: 3885  ev=0.602  ent=0.399  grad=0.45/0.45  h=0.2 c=3.7  kl=0.0249  vl=0.0625
Step: 7991296 SPS: 3885  ev=0.644  ent=0.440  grad=0.41/0.41  h=0.1 c=3.9  kl=0.0210  vl=0.0466
Step: 7995392 SPS: 3885  ev=0.633  ent=0.456  grad=0.43/0.43  h=0.2 c=4.8  kl=0.0169  vl=0.0582
Step: 7999488 SPS: 3885  ev=0.637  ent=0.431  grad=0.27/0.27  h=0.1 c=4.4  kl=0.0216  vl=0.0640
Step: 8003584 SPS: 3885  ev=0.635  ent=0.456  grad=0.46/0.46  h=0.2 c=4.5  kl=0.0235  vl=0.0393
Step: 8007680 SPS: 3885  ev=0.659  ent=0.430  grad=0.52/0.50  h=0.1 c=3.5  kl=0.0255  vl=0.0389
Step: 8011776 SPS: 3885  ev=0.636  ent=0.439  grad=0.58/0.50  h=0.2 c=4.2  kl=0.0257  vl=0.0496
Step: 8015872 SPS: 3885  ev=0.670  ent=0.443  grad=0.81/0.50  h=0.2 c=4.9  kl=0.0239  vl=0.0488
Step: 8019968 SPS: 3885  ev=0.643  ent=0.447  grad=0.32/0.32  h=0.1 c=4.1  kl=0.0221  vl=0.0542
Step: 8024064 SPS: 3885  ev=0.669  ent=0.408  grad=0.81/0.50  h=0.2 c=3.5  kl=0.0158  vl=0.0598
  vs Heur:   34W/69L/3D | score=3.6±11.5 inv=0.0 played=15.5 lanes=5.0 ddraw=0.3 pts=4
  vs Random: 101W/0L/0D | score=25.9±15.1 inv=0.0 played=18.8 lanes=5.0 ddraw=1.4 pts=26
  Self-play: 52W/51L/2D | score=3.3±13.4 inv=0.0 played=15.6 lanes=5.0 ddraw=0.2 pts=3
Step: 8028160 SPS: 3885  ev=0.646  ent=0.432  grad=0.55/0.50  h=0.2 c=4.2  kl=0.0240  vl=0.0653
Step: 8032256 SPS: 3885  ev=0.632  ent=0.453  grad=0.78/0.50  h=0.1 c=3.7  kl=0.0171  vl=0.0639
Step: 8036352 SPS: 3885  ev=0.649  ent=0.441  grad=0.39/0.39  h=0.2 c=4.1  kl=0.0227  vl=0.0399
Step: 8040448 SPS: 3884  ev=0.655  ent=0.406  grad=0.42/0.42  h=0.1 c=4.0  kl=0.0227  vl=0.0464
Step: 8044544 SPS: 3884  ev=0.631  ent=0.419  grad=0.60/0.50  h=0.2 c=4.1  kl=0.0144  vl=0.0504
Step: 8048640 SPS: 3884  ev=0.581  ent=0.444  grad=0.32/0.32  h=0.2 c=4.4  kl=0.0211  vl=0.0448
Step: 8052736 SPS: 3884  ev=0.656  ent=0.421  grad=0.77/0.50  h=0.2 c=4.2  kl=0.0183  vl=0.0446
Step: 8056832 SPS: 3884  ev=0.640  ent=0.488  grad=0.52/0.50  h=0.2 c=4.8  kl=0.0320  vl=0.0493
Step: 8060928 SPS: 3885  ev=0.678  ent=0.471  grad=0.49/0.49  h=0.1 c=4.4  kl=0.0274  vl=0.0472
Step: 8065024 SPS: 3885  ev=0.628  ent=0.424  grad=0.43/0.43  h=0.2 c=4.5  kl=0.0256  vl=0.0542
Step: 8069120 SPS: 3885  ev=0.636  ent=0.433  grad=0.43/0.43  h=0.1 c=4.5  kl=0.0302  vl=0.0483
Step: 8073216 SPS: 3885  ev=0.635  ent=0.438  grad=0.41/0.41  h=0.2 c=4.2  kl=0.0321  vl=0.0521
Step: 8077312 SPS: 3885  ev=0.657  ent=0.433  grad=0.48/0.48  h=0.2 c=5.1  kl=0.0210  vl=0.0451
Step: 8081408 SPS: 3885  ev=0.715  ent=0.438  grad=0.32/0.32  h=0.2 c=4.3  kl=0.0181  vl=0.0524
Step: 8085504 SPS: 3885  ev=0.675  ent=0.457  grad=0.54/0.50  h=0.2 c=5.1  kl=0.0287  vl=0.0674
Step: 8089600 SPS: 3885  ev=0.694  ent=0.427  grad=0.32/0.32  h=0.2 c=4.9  kl=0.0213  vl=0.0563
Step: 8093696 SPS: 3885  ev=0.706  ent=0.433  grad=0.41/0.41  h=0.2 c=4.2  kl=0.0294  vl=0.0542
Step: 8097792 SPS: 3885  ev=0.662  ent=0.442  grad=0.56/0.50  h=0.1 c=4.3  kl=0.0302  vl=0.0449
Step: 8101888 SPS: 3885  ev=0.656  ent=0.430  grad=0.29/0.29  h=0.2 c=3.7  kl=0.0240  vl=0.0578
Step: 8105984 SPS: 3884  ev=0.665  ent=0.443  grad=0.64/0.50  h=0.1 c=4.8  kl=0.0300  vl=0.0595
  vs Heur:   36W/67L/2D | score=2.7±12.7 inv=0.0 played=15.3 lanes=4.9 ddraw=0.4 pts=3
  vs Random: 102W/0L/0D | score=25.2±15.3 inv=0.0 played=18.7 lanes=5.0 ddraw=1.3 pts=25
  Self-play: 43W/60L/2D | score=0.8±12.3 inv=0.0 played=15.2 lanes=5.0 ddraw=0.2 pts=1
Step: 8110080 SPS: 3884  ev=0.680  ent=0.471  grad=0.55/0.50  h=0.2 c=4.0  kl=0.0201  vl=0.0460
Step: 8114176 SPS: 3884  ev=0.670  ent=0.439  grad=0.45/0.45  h=0.2 c=4.3  kl=0.0172  vl=0.0458
Step: 8118272 SPS: 3884  ev=0.700  ent=0.444  grad=0.66/0.50  h=0.2 c=3.6  kl=0.0211  vl=0.0508
Step: 8122368 SPS: 3884  ev=0.631  ent=0.458  grad=0.42/0.42  h=0.3 c=3.9  kl=0.0257  vl=0.0611
Step: 8126464 SPS: 3884  ev=0.658  ent=0.440  grad=0.37/0.37  h=0.1 c=4.6  kl=0.0386  vl=0.0583
Step: 8130560 SPS: 3884  ev=0.637  ent=0.452  grad=0.51/0.50  h=0.2 c=4.0  kl=0.0236  vl=0.0422
Step: 8134656 SPS: 3884  ev=0.655  ent=0.407  grad=0.40/0.40  h=0.2 c=3.6  kl=0.0248  vl=0.0578
Step: 8138752 SPS: 3884  ev=0.667  ent=0.428  grad=0.46/0.46  h=0.2 c=3.7  kl=0.0462  vl=0.0546
Step: 8142848 SPS: 3884  ev=0.640  ent=0.408  grad=0.43/0.43  h=0.2 c=4.0  kl=0.0159  vl=0.0540
Step: 8146944 SPS: 3884  ev=0.671  ent=0.409  grad=0.41/0.41  h=0.2 c=3.5  kl=0.0191  vl=0.0413
Step: 8151040 SPS: 3884  ev=0.655  ent=0.465  grad=0.33/0.33  h=0.2 c=3.3  kl=0.0203  vl=0.0412
Step: 8155136 SPS: 3884  ev=0.606  ent=0.414  grad=0.39/0.39  h=0.2 c=3.2  kl=0.0648  vl=0.0440
Step: 8159232 SPS: 3884  ev=0.626  ent=0.413  grad=0.31/0.31  h=0.3 c=3.4  kl=0.0184  vl=0.0640
Step: 8163328 SPS: 3884  ev=0.673  ent=0.411  grad=0.67/0.50  h=0.1 c=3.2  kl=0.0171  vl=0.0567
Step: 8167424 SPS: 3884  ev=0.600  ent=0.434  grad=0.46/0.46  h=0.2 c=3.0  kl=0.0258  vl=0.0419
Step: 8171520 SPS: 3884  ev=0.625  ent=0.438  grad=0.49/0.49  h=0.2 c=3.4  kl=0.0204  vl=0.0430
Step: 8175616 SPS: 3884  ev=0.595  ent=0.465  grad=0.59/0.50  h=0.2 c=3.4  kl=0.0208  vl=0.0366
Step: 8179712 SPS: 3884  ev=0.621  ent=0.434  grad=0.35/0.35  h=0.2 c=3.5  kl=0.0155  vl=0.0408
Step: 8183808 SPS: 3884  ev=0.693  ent=0.425  grad=0.39/0.39  h=0.1 c=4.2  kl=0.0344  vl=0.0442
Step: 8187904 SPS: 3884  ev=0.650  ent=0.443  grad=0.28/0.28  h=0.1 c=3.2  kl=0.0775  vl=0.0616
  vs Heur:   35W/67L/0D | score=3.3±12.3 inv=0.0 played=15.6 lanes=5.0 ddraw=0.3 pts=3
  vs Random: 100W/0L/0D | score=19.7±14.4 inv=0.0 played=18.2 lanes=5.0 ddraw=1.9 pts=20
  Self-play: 50W/56L/2D | score=3.3±11.1 inv=0.0 played=15.4 lanes=5.0 ddraw=0.2 pts=3
Step: 8192000 SPS: 3884  ev=0.686  ent=0.437  grad=0.36/0.36  h=0.2 c=3.4  kl=0.0262  vl=0.0530
Step: 8196096 SPS: 3884  ev=0.633  ent=0.412  grad=0.46/0.46  h=0.2 c=3.4  kl=0.0278  vl=0.0567
Step: 8200192 SPS: 3884  ev=0.637  ent=0.427  grad=0.61/0.50  h=0.3 c=3.1  kl=0.0306  vl=0.0440
Step: 8204288 SPS: 3884  ev=0.644  ent=0.463  grad=0.38/0.38  h=0.2 c=3.0  kl=0.0188  vl=0.0343
Step: 8208384 SPS: 3884  ev=0.593  ent=0.429  grad=0.47/0.47  h=0.2 c=3.2  kl=0.0198  vl=0.0417
Step: 8212480 SPS: 3884  ev=0.646  ent=0.452  grad=0.77/0.50  h=0.2 c=3.3  kl=0.0382  vl=0.0507
Step: 8216576 SPS: 3884  ev=0.684  ent=0.440  grad=0.67/0.50  h=0.2 c=3.5  kl=0.0238  vl=0.0499
Step: 8220672 SPS: 3885  ev=0.671  ent=0.408  grad=0.52/0.50  h=0.1 c=3.9  kl=0.0248  vl=0.0456
Step: 8224768 SPS: 3885  ev=0.656  ent=0.434  grad=0.38/0.38  h=0.3 c=3.6  kl=0.0173  vl=0.0436
Step: 8228864 SPS: 3885  ev=0.649  ent=0.421  grad=0.43/0.43  h=0.2 c=3.2  kl=0.0236  vl=0.0483
Step: 8232960 SPS: 3885  ev=0.688  ent=0.413  grad=0.48/0.48  h=0.2 c=3.8  kl=0.0326  vl=0.0399
Step: 8237056 SPS: 3885  ev=0.636  ent=0.407  grad=0.43/0.43  h=0.2 c=4.6  kl=0.0192  vl=0.0409
Step: 8241152 SPS: 3885  ev=0.648  ent=0.411  grad=0.37/0.37  h=0.2 c=4.8  kl=0.0205  vl=0.0346
Step: 8245248 SPS: 3885  ev=0.606  ent=0.433  grad=0.46/0.46  h=0.2 c=3.7  kl=0.0207  vl=0.0473
Step: 8249344 SPS: 3884  ev=0.639  ent=0.414  grad=0.47/0.47  h=0.2 c=5.1  kl=0.0149  vl=0.0398
Step: 8253440 SPS: 3884  ev=0.649  ent=0.419  grad=0.55/0.50  h=0.1 c=4.8  kl=0.0261  vl=0.0511
Step: 8257536 SPS: 3884  ev=0.673  ent=0.421  grad=0.37/0.37  h=0.2 c=5.2  kl=0.0383  vl=0.0512
Step: 8261632 SPS: 3884  ev=0.664  ent=0.430  grad=0.38/0.38  h=0.2 c=4.2  kl=0.0442  vl=0.0526
Step: 8265728 SPS: 3884  ev=0.657  ent=0.441  grad=0.64/0.50  h=0.2 c=3.7  kl=0.0263  vl=0.0540
Step: 8269824 SPS: 3884  ev=0.666  ent=0.434  grad=0.46/0.46  h=0.2 c=4.6  kl=0.0208  vl=0.0628
  vs Heur:   36W/68L/1D | score=2.6±12.4 inv=0.0 played=15.4 lanes=5.0 ddraw=0.3 pts=3
  vs Random: 100W/0L/0D | score=22.1±15.4 inv=0.0 played=18.2 lanes=5.0 ddraw=1.6 pts=22
  Self-play: 43W/58L/3D | score=2.6±11.3 inv=0.0 played=15.6 lanes=5.0 ddraw=0.3 pts=3
Step: 8273920 SPS: 3884  ev=0.685  ent=0.417  grad=0.44/0.44  h=0.2 c=4.5  kl=0.0213  vl=0.0466
Step: 8278016 SPS: 3884  ev=0.646  ent=0.432  grad=0.42/0.42  h=0.2 c=4.2  kl=0.0276  vl=0.0403
Step: 8282112 SPS: 3884  ev=0.626  ent=0.443  grad=0.32/0.32  h=0.2 c=3.6  kl=0.0208  vl=0.0430
Step: 8286208 SPS: 3884  ev=0.623  ent=0.427  grad=0.42/0.42  h=0.2 c=3.6  kl=0.0394  vl=0.0474
Step: 8290304 SPS: 3884  ev=0.622  ent=0.421  grad=0.52/0.50  h=0.2 c=3.7  kl=0.0201  vl=0.0565
Step: 8294400 SPS: 3884  ev=0.585  ent=0.427  grad=0.51/0.50  h=0.2 c=4.5  kl=0.0225  vl=0.0496
Step: 8298496 SPS: 3884  ev=0.614  ent=0.444  grad=0.42/0.42  h=0.2 c=4.2  kl=0.0508  vl=0.0481
Step: 8302592 SPS: 3884  ev=0.637  ent=0.424  grad=0.37/0.37  h=0.3 c=3.9  kl=0.0173  vl=0.0504
Step: 8306688 SPS: 3884  ev=0.645  ent=0.413  grad=0.43/0.43  h=0.2 c=4.4  kl=0.0272  vl=0.0424
Step: 8310784 SPS: 3884  ev=0.594  ent=0.413  grad=0.36/0.36  h=0.3 c=4.4  kl=0.0180  vl=0.0509
Step: 8314880 SPS: 3884  ev=0.617  ent=0.399  grad=0.54/0.50  h=0.3 c=3.8  kl=0.0240  vl=0.0378
Step: 8318976 SPS: 3884  ev=0.620  ent=0.411  grad=0.47/0.47  h=0.2 c=4.3  kl=0.0274  vl=0.0456
Step: 8323072 SPS: 3884  ev=0.612  ent=0.400  grad=0.33/0.33  h=0.2 c=4.5  kl=0.0282  vl=0.0494
Step: 8327168 SPS: 3884  ev=0.625  ent=0.401  grad=0.52/0.50  h=0.2 c=4.6  kl=0.0208  vl=0.0608
Step: 8331264 SPS: 3884  ev=0.594  ent=0.402  grad=0.43/0.43  h=0.2 c=4.0  kl=0.0233  vl=0.0415
Step: 8335360 SPS: 3884  ev=0.676  ent=0.409  grad=0.58/0.50  h=0.2 c=4.6  kl=0.0140  vl=0.0461
Step: 8339456 SPS: 3884  ev=0.664  ent=0.446  grad=0.34/0.34  h=0.2 c=3.9  kl=0.0270  vl=0.0519
Step: 8343552 SPS: 3884  ev=0.635  ent=0.403  grad=0.47/0.47  h=0.3 c=4.4  kl=0.0109  vl=0.0552
Step: 8347648 SPS: 3884  ev=0.664  ent=0.399  grad=0.37/0.37  h=0.3 c=3.7  kl=0.0228  vl=0.0609
Step: 8351744 SPS: 3883  ev=0.690  ent=0.419  grad=0.50/0.50  h=0.2 c=4.4  kl=0.0217  vl=0.0508
  vs Heur:   33W/70L/1D | score=2.4±12.9 inv=0.0 played=15.3 lanes=4.9 ddraw=0.3 pts=2
  vs Random: 100W/0L/0D | score=27.3±13.1 inv=0.0 played=18.6 lanes=5.0 ddraw=1.5 pts=27
  Self-play: 58W/42L/4D | score=4.6±11.8 inv=0.0 played=15.7 lanes=5.0 ddraw=0.3 pts=5
Step: 8355840 SPS: 3883  ev=0.712  ent=0.432  grad=0.39/0.39  h=0.2 c=4.9  kl=0.0176  vl=0.0374
Step: 8359936 SPS: 3883  ev=0.671  ent=0.412  grad=0.59/0.50  h=0.3 c=4.4  kl=0.0399  vl=0.0497
Step: 8364032 SPS: 3883  ev=0.632  ent=0.423  grad=0.30/0.30  h=0.2 c=3.6  kl=0.0288  vl=0.0473
Step: 8368128 SPS: 3883  ev=0.626  ent=0.412  grad=0.43/0.43  h=0.3 c=4.4  kl=0.0208  vl=0.0423
Step: 8372224 SPS: 3883  ev=0.653  ent=0.409  grad=0.46/0.46  h=0.2 c=4.0  kl=0.0394  vl=0.0511
Step: 8376320 SPS: 3883  ev=0.639  ent=0.408  grad=0.60/0.50  h=0.2 c=4.1  kl=0.0202  vl=0.0410
Step: 8380416 SPS: 3884  ev=0.590  ent=0.428  grad=0.74/0.50  h=0.3 c=3.3  kl=0.0333  vl=0.0668
Step: 8384512 SPS: 3884  ev=0.612  ent=0.405  grad=0.44/0.44  h=0.3 c=3.6  kl=0.0203  vl=0.0453
Step: 8388608 SPS: 3883  ev=0.671  ent=0.417  grad=0.30/0.30  h=0.3 c=3.9  kl=0.0360  vl=0.0496
Step: 8392704 SPS: 3883  ev=0.647  ent=0.392  grad=0.31/0.31  h=0.1 c=3.2  kl=0.0261  vl=0.0535
Step: 8396800 SPS: 3883  ev=0.594  ent=0.396  grad=0.55/0.50  h=0.2 c=2.8  kl=0.0274  vl=0.0439
Step: 8400896 SPS: 3883  ev=0.593  ent=0.407  grad=0.40/0.40  h=0.2 c=3.2  kl=0.0315  vl=0.0547
Step: 8404992 SPS: 3883  ev=0.640  ent=0.417  grad=0.62/0.50  h=0.2 c=2.8  kl=0.0262  vl=0.0535
Step: 8409088 SPS: 3883  ev=0.612  ent=0.424  grad=0.42/0.42  h=0.2 c=2.8  kl=0.0204  vl=0.0386
Step: 8413184 SPS: 3883  ev=0.634  ent=0.422  grad=0.68/0.50  h=0.2 c=2.9  kl=0.0304  vl=0.0469
Step: 8417280 SPS: 3883  ev=0.660  ent=0.423  grad=0.53/0.50  h=0.1 c=3.0  kl=0.0176  vl=0.0485
Step: 8421376 SPS: 3883  ev=0.636  ent=0.407  grad=0.33/0.33  h=0.2 c=2.5  kl=0.0233  vl=0.0514
Step: 8425472 SPS: 3883  ev=0.664  ent=0.407  grad=0.39/0.39  h=0.1 c=3.1  kl=0.0266  vl=0.0463
Step: 8429568 SPS: 3883  ev=0.639  ent=0.430  grad=0.44/0.44  h=0.2 c=2.4  kl=0.0264  vl=0.0525
Step: 8433664 SPS: 3883  ev=0.642  ent=0.428  grad=0.69/0.50  h=0.2 c=2.3  kl=0.0427  vl=0.0486
  vs Heur:   36W/63L/2D | score=2.5±12.8 inv=0.0 played=15.4 lanes=5.0 ddraw=0.4 pts=3
  vs Random: 101W/0L/0D | score=28.8±12.9 inv=0.0 played=19.0 lanes=5.0 ddraw=1.5 pts=29
  Self-play: 46W/60L/2D | score=2.3±13.0 inv=0.0 played=15.5 lanes=5.0 ddraw=0.2 pts=2
Step: 8437760 SPS: 3883  ev=0.611  ent=0.422  grad=0.59/0.50  h=0.2 c=2.8  kl=0.0203  vl=0.0448
Step: 8441856 SPS: 3883  ev=0.651  ent=0.448  grad=0.56/0.50  h=0.2 c=2.6  kl=0.0328  vl=0.0440
Step: 8445952 SPS: 3883  ev=0.622  ent=0.442  grad=0.36/0.36  h=0.2 c=2.7  kl=0.0412  vl=0.0514
Step: 8450048 SPS: 3883  ev=0.657  ent=0.381  grad=0.33/0.33  h=0.2 c=2.5  kl=0.0239  vl=0.0485
Step: 8454144 SPS: 3883  ev=0.665  ent=0.404  grad=0.51/0.50  h=0.2 c=2.6  kl=0.0208  vl=0.0540
Step: 8458240 SPS: 3884  ev=0.621  ent=0.418  grad=0.48/0.48  h=0.1 c=2.3  kl=0.0210  vl=0.0654
Step: 8462336 SPS: 3884  ev=0.658  ent=0.418  grad=0.41/0.41  h=0.2 c=2.5  kl=0.0214  vl=0.0422
Step: 8466432 SPS: 3884  ev=0.672  ent=0.458  grad=0.45/0.45  h=0.2 c=2.2  kl=0.0350  vl=0.0563
Step: 8470528 SPS: 3884  ev=0.612  ent=0.407  grad=0.54/0.50  h=0.2 c=2.6  kl=0.0254  vl=0.0695
Step: 8474624 SPS: 3884  ev=0.662  ent=0.434  grad=0.40/0.40  h=0.2 c=2.5  kl=0.0374  vl=0.0617
Step: 8478720 SPS: 3884  ev=0.674  ent=0.428  grad=0.46/0.46  h=0.2 c=2.4  kl=0.0283  vl=0.0463
Step: 8482816 SPS: 3884  ev=0.678  ent=0.395  grad=0.43/0.43  h=0.3 c=2.6  kl=0.0239  vl=0.0531
Step: 8486912 SPS: 3884  ev=0.662  ent=0.427  grad=0.49/0.49  h=0.2 c=2.1  kl=0.0171  vl=0.0572
Step: 8491008 SPS: 3884  ev=0.642  ent=0.450  grad=0.45/0.45  h=0.2 c=2.0  kl=0.0205  vl=0.0555
Step: 8495104 SPS: 3884  ev=0.588  ent=0.446  grad=0.47/0.47  h=0.3 c=2.0  kl=0.0430  vl=0.0501
Step: 8499200 SPS: 3884  ev=0.674  ent=0.440  grad=0.37/0.37  h=0.2 c=2.0  kl=0.0195  vl=0.0614
Step: 8503296 SPS: 3884  ev=0.651  ent=0.412  grad=0.41/0.41  h=0.2 c=2.0  kl=0.0192  vl=0.0511
Step: 8507392 SPS: 3884  ev=0.630  ent=0.433  grad=0.52/0.50  h=0.2 c=2.7  kl=0.0228  vl=0.0548
Step: 8511488 SPS: 3884  ev=0.643  ent=0.396  grad=0.35/0.35  h=0.2 c=2.2  kl=0.0174  vl=0.0672
Step: 8515584 SPS: 3884  ev=0.638  ent=0.414  grad=0.34/0.34  h=0.3 c=1.9  kl=0.0287  vl=0.0486
  vs Heur:   36W/70L/0D | score=3.7±12.6 inv=0.0 played=15.5 lanes=5.0 ddraw=0.3 pts=4
  vs Random: 100W/0L/0D | score=27.6±13.9 inv=0.0 played=18.8 lanes=5.0 ddraw=1.3 pts=28
  Self-play: 51W/51L/5D | score=4.1±12.0 inv=0.0 played=15.4 lanes=5.0 ddraw=0.2 pts=4
Step: 8519680 SPS: 3883  ev=0.636  ent=0.394  grad=0.58/0.50  h=0.2 c=2.1  kl=0.0179  vl=0.0558
Step: 8523776 SPS: 3883  ev=0.683  ent=0.415  grad=0.34/0.34  h=0.2 c=2.0  kl=0.0293  vl=0.0445
Step: 8527872 SPS: 3883  ev=0.659  ent=0.400  grad=0.34/0.34  h=0.1 c=2.1  kl=0.0228  vl=0.0419
Step: 8531968 SPS: 3884  ev=0.646  ent=0.407  grad=0.33/0.33  h=0.1 c=1.7  kl=0.0238  vl=0.0569
Step: 8536064 SPS: 3883  ev=0.614  ent=0.414  grad=0.39/0.39  h=0.2 c=2.4  kl=0.0266  vl=0.0659
Step: 8540160 SPS: 3884  ev=0.704  ent=0.418  grad=0.38/0.38  h=0.2 c=1.7  kl=0.0260  vl=0.0454
Step: 8544256 SPS: 3884  ev=0.677  ent=0.401  grad=0.45/0.45  h=0.2 c=2.0  kl=0.0329  vl=0.0470
Step: 8548352 SPS: 3884  ev=0.627  ent=0.455  grad=0.49/0.49  h=0.2 c=1.8  kl=0.0331  vl=0.0611
Step: 8552448 SPS: 3884  ev=0.672  ent=0.409  grad=0.43/0.43  h=0.1 c=1.6  kl=0.0205  vl=0.0439
Step: 8556544 SPS: 3884  ev=0.699  ent=0.431  grad=0.43/0.43  h=0.2 c=2.2  kl=0.0211  vl=0.0507
Step: 8560640 SPS: 3883  ev=0.689  ent=0.403  grad=0.52/0.50  h=0.2 c=1.7  kl=0.0232  vl=0.0454
Step: 8564736 SPS: 3883  ev=0.637  ent=0.427  grad=0.38/0.38  h=0.2 c=2.4  kl=0.0254  vl=0.0504
Step: 8568832 SPS: 3883  ev=0.641  ent=0.419  grad=0.38/0.38  h=0.2 c=1.9  kl=0.0353  vl=0.0578
Step: 8572928 SPS: 3883  ev=0.645  ent=0.460  grad=0.52/0.50  h=0.3 c=2.3  kl=0.0299  vl=0.0618
Step: 8577024 SPS: 3884  ev=0.655  ent=0.420  grad=0.53/0.50  h=0.2 c=1.7  kl=0.0227  vl=0.0603
Step: 8581120 SPS: 3884  ev=0.683  ent=0.434  grad=0.40/0.40  h=0.2 c=2.0  kl=0.0231  vl=0.0439
Step: 8585216 SPS: 3884  ev=0.646  ent=0.396  grad=0.39/0.39  h=0.1 c=1.9  kl=0.0193  vl=0.0588
Step: 8589312 SPS: 3884  ev=0.658  ent=0.396  grad=0.49/0.49  h=0.2 c=1.8  kl=0.0255  vl=0.0530
Step: 8593408 SPS: 3884  ev=0.706  ent=0.433  grad=0.34/0.34  h=0.2 c=1.8  kl=0.0274  vl=0.0448
Step: 8597504 SPS: 3884  ev=0.641  ent=0.396  grad=0.35/0.35  h=0.2 c=1.8  kl=0.0273  vl=0.0465
  vs Heur:   40W/59L/2D | score=4.9±11.1 inv=0.0 played=15.6 lanes=5.0 ddraw=0.4 pts=5
  vs Random: 100W/0L/0D | score=28.1±13.4 inv=0.0 played=18.9 lanes=5.0 ddraw=2.5 pts=28
  Self-play: 43W/55L/5D | score=1.8±10.8 inv=0.0 played=15.4 lanes=5.0 ddraw=0.3 pts=2
Step: 8601600 SPS: 3884  ev=0.642  ent=0.404  grad=0.35/0.35  h=0.2 c=2.0  kl=0.0258  vl=0.0476
Step: 8605696 SPS: 3884  ev=0.648  ent=0.406  grad=0.34/0.34  h=0.2 c=1.6  kl=0.0295  vl=0.0407
Step: 8609792 SPS: 3884  ev=0.661  ent=0.407  grad=0.45/0.45  h=0.2 c=2.0  kl=0.0277  vl=0.0571
Step: 8613888 SPS: 3884  ev=0.696  ent=0.403  grad=0.50/0.50  h=0.2 c=2.4  kl=0.0177  vl=0.0456
Step: 8617984 SPS: 3884  ev=0.663  ent=0.410  grad=0.51/0.50  h=0.2 c=1.4  kl=0.0276  vl=0.0533
Step: 8622080 SPS: 3884  ev=0.644  ent=0.383  grad=0.38/0.38  h=0.2 c=1.9  kl=0.0329  vl=0.0603
Step: 8626176 SPS: 3884  ev=0.665  ent=0.414  grad=0.40/0.40  h=0.2 c=1.5  kl=0.0220  vl=0.0465
Step: 8630272 SPS: 3885  ev=0.701  ent=0.421  grad=0.38/0.38  h=0.2 c=1.7  kl=0.0239  vl=0.0582
Step: 8634368 SPS: 3885  ev=0.642  ent=0.383  grad=0.55/0.50  h=0.2 c=1.6  kl=0.0228  vl=0.0680
Step: 8638464 SPS: 3885  ev=0.633  ent=0.392  grad=0.35/0.35  h=0.1 c=1.9  kl=0.0239  vl=0.0600
Step: 8642560 SPS: 3885  ev=0.680  ent=0.402  grad=0.56/0.50  h=0.2 c=1.9  kl=0.0192  vl=0.0555
Step: 8646656 SPS: 3885  ev=0.675  ent=0.389  grad=0.43/0.43  h=0.2 c=2.0  kl=0.0307  vl=0.0494
Step: 8650752 SPS: 3885  ev=0.651  ent=0.442  grad=0.48/0.48  h=0.2 c=1.8  kl=0.0196  vl=0.0439
Step: 8654848 SPS: 3885  ev=0.615  ent=0.454  grad=0.46/0.46  h=0.2 c=2.0  kl=0.0306  vl=0.0604
Step: 8658944 SPS: 3885  ev=0.674  ent=0.404  grad=0.51/0.50  h=0.1 c=1.9  kl=0.0214  vl=0.0547
Step: 8663040 SPS: 3885  ev=0.651  ent=0.404  grad=0.35/0.35  h=0.1 c=1.6  kl=0.0209  vl=0.0573
Step: 8667136 SPS: 3885  ev=0.649  ent=0.419  grad=0.41/0.41  h=0.1 c=2.1  kl=0.0220  vl=0.0568
Step: 8671232 SPS: 3885  ev=0.631  ent=0.416  grad=0.42/0.42  h=0.1 c=1.6  kl=0.0236  vl=0.0513
Step: 8675328 SPS: 3885  ev=0.680  ent=0.424  grad=0.39/0.39  h=0.1 c=2.1  kl=0.0209  vl=0.0506
Step: 8679424 SPS: 3885  ev=0.612  ent=0.398  grad=0.38/0.38  h=0.2 c=2.0  kl=0.0266  vl=0.0725
  vs Heur:   44W/54L/2D | score=4.2±10.3 inv=0.0 played=15.7 lanes=5.0 ddraw=0.4 pts=4
  vs Random: 100W/0L/0D | score=27.7±12.7 inv=0.0 played=19.0 lanes=5.0 ddraw=2.0 pts=28
  Self-play: 52W/48L/4D | score=3.6±11.7 inv=0.0 played=15.4 lanes=4.9 ddraw=0.3 pts=4
Step: 8683520 SPS: 3885  ev=0.604  ent=0.408  grad=0.38/0.38  h=0.2 c=2.1  kl=0.0264  vl=0.0502
Step: 8687616 SPS: 3885  ev=0.669  ent=0.433  grad=0.58/0.50  h=0.1 c=2.2  kl=0.0273  vl=0.0576
Step: 8691712 SPS: 3885  ev=0.638  ent=0.422  grad=0.34/0.34  h=0.2 c=1.8  kl=0.0290  vl=0.0609
Step: 8695808 SPS: 3885  ev=0.638  ent=0.434  grad=0.40/0.40  h=0.2 c=1.8  kl=0.0273  vl=0.0465
Step: 8699904 SPS: 3885  ev=0.659  ent=0.389  grad=0.34/0.34  h=0.2 c=1.9  kl=0.0285  vl=0.0507
Step: 8704000 SPS: 3885  ev=0.677  ent=0.406  grad=0.45/0.45  h=0.2 c=1.8  kl=0.0281  vl=0.0636
Step: 8708096 SPS: 3885  ev=0.674  ent=0.420  grad=0.43/0.43  h=0.2 c=2.0  kl=0.0245  vl=0.0388
Step: 8712192 SPS: 3885  ev=0.595  ent=0.449  grad=0.44/0.44  h=0.2 c=2.2  kl=0.0190  vl=0.0569
Step: 8716288 SPS: 3885  ev=0.657  ent=0.417  grad=0.47/0.47  h=0.2 c=1.9  kl=0.0205  vl=0.0558
Step: 8720384 SPS: 3885  ev=0.704  ent=0.408  grad=0.51/0.50  h=0.2 c=1.7  kl=0.0281  vl=0.0519
Step: 8724480 SPS: 3885  ev=0.682  ent=0.408  grad=0.55/0.50  h=0.1 c=2.3  kl=0.0259  vl=0.0587
Step: 8728576 SPS: 3885  ev=0.635  ent=0.415  grad=0.32/0.32  h=0.2 c=1.9  kl=0.0357  vl=0.0552
Step: 8732672 SPS: 3885  ev=0.687  ent=0.443  grad=0.39/0.39  h=0.2 c=1.7  kl=0.0281  vl=0.0636
Step: 8736768 SPS: 3885  ev=0.656  ent=0.452  grad=0.41/0.41  h=0.2 c=1.8  kl=0.0209  vl=0.0338
Step: 8740864 SPS: 3885  ev=0.607  ent=0.403  grad=0.33/0.33  h=0.1 c=2.3  kl=0.0335  vl=0.0574
Step: 8744960 SPS: 3885  ev=0.648  ent=0.400  grad=0.33/0.33  h=0.2 c=1.9  kl=0.0211  vl=0.0481
Step: 8749056 SPS: 3885  ev=0.672  ent=0.405  grad=0.41/0.41  h=0.3 c=1.9  kl=0.0275  vl=0.0500
Step: 8753152 SPS: 3885  ev=0.679  ent=0.449  grad=0.39/0.39  h=0.3 c=2.0  kl=0.0279  vl=0.0535
Step: 8757248 SPS: 3885  ev=0.648  ent=0.434  grad=0.81/0.50  h=0.2 c=1.9  kl=0.0298  vl=0.0622
Step: 8761344 SPS: 3885  ev=0.623  ent=0.412  grad=0.66/0.50  h=0.1 c=2.0  kl=0.0275  vl=0.0789
  vs Heur:   40W/63L/1D | score=2.0±12.9 inv=0.0 played=14.9 lanes=4.9 ddraw=0.4 pts=2
  vs Random: 100W/0L/0D | score=24.9±14.4 inv=0.0 played=18.5 lanes=5.0 ddraw=2.0 pts=25
  Self-play: 51W/48L/3D | score=4.4±10.8 inv=0.0 played=15.6 lanes=5.0 ddraw=0.5 pts=4
Step: 8765440 SPS: 3885  ev=0.690  ent=0.451  grad=0.29/0.29  h=0.2 c=2.4  kl=0.0440  vl=0.0510
Step: 8769536 SPS: 3885  ev=0.652  ent=0.413  grad=0.55/0.50  h=0.2 c=2.3  kl=0.0303  vl=0.0518
Step: 8773632 SPS: 3885  ev=0.615  ent=0.400  grad=0.41/0.41  h=0.3 c=2.1  kl=0.0256  vl=0.0562
Step: 8777728 SPS: 3885  ev=0.626  ent=0.430  grad=0.38/0.38  h=0.2 c=2.3  kl=0.0442  vl=0.0517
Step: 8781824 SPS: 3885  ev=0.667  ent=0.443  grad=0.65/0.50  h=0.2 c=2.1  kl=0.0345  vl=0.0529
Step: 8785920 SPS: 3885  ev=0.676  ent=0.406  grad=0.34/0.34  h=0.2 c=1.9  kl=0.0194  vl=0.0559
Step: 8790016 SPS: 3885  ev=0.642  ent=0.420  grad=0.46/0.46  h=0.2 c=1.9  kl=0.0241  vl=0.0475
Step: 8794112 SPS: 3885  ev=0.646  ent=0.429  grad=0.33/0.33  h=0.2 c=1.6  kl=0.0196  vl=0.0511
Step: 8798208 SPS: 3885  ev=0.667  ent=0.441  grad=0.43/0.43  h=0.2 c=2.0  kl=0.0403  vl=0.0668
Step: 8802304 SPS: 3885  ev=0.649  ent=0.451  grad=0.41/0.41  h=0.2 c=1.8  kl=0.0486  vl=0.0719
Step: 8806400 SPS: 3885  ev=0.653  ent=0.432  grad=0.35/0.35  h=0.2 c=2.0  kl=0.0288  vl=0.0537
Step: 8810496 SPS: 3885  ev=0.660  ent=0.411  grad=0.44/0.44  h=0.2 c=2.1  kl=0.0240  vl=0.0508
Step: 8814592 SPS: 3885  ev=0.688  ent=0.396  grad=0.50/0.50  h=0.2 c=2.3  kl=0.0390  vl=0.0467
Step: 8818688 SPS: 3885  ev=0.681  ent=0.402  grad=0.48/0.48  h=0.2 c=2.2  kl=0.0310  vl=0.0485
Step: 8822784 SPS: 3885  ev=0.638  ent=0.388  grad=0.44/0.44  h=0.2 c=1.9  kl=0.0164  vl=0.0468
Step: 8826880 SPS: 3885  ev=0.582  ent=0.396  grad=0.57/0.50  h=0.2 c=2.3  kl=0.0230  vl=0.0532
Step: 8830976 SPS: 3885  ev=0.665  ent=0.400  grad=0.37/0.37  h=0.2 c=2.2  kl=0.0240  vl=0.0402
Step: 8835072 SPS: 3885  ev=0.628  ent=0.397  grad=0.42/0.42  h=0.2 c=1.7  kl=0.0221  vl=0.0628
Step: 8839168 SPS: 3885  ev=0.653  ent=0.388  grad=0.38/0.38  h=0.2 c=2.3  kl=0.0293  vl=0.0728
Step: 8843264 SPS: 3885  ev=0.658  ent=0.426  grad=0.41/0.41  h=0.2 c=1.6  kl=0.0275  vl=0.0558
  vs Heur:   31W/71L/2D | score=0.5±13.6 inv=0.0 played=15.2 lanes=5.0 ddraw=0.4 pts=1
  vs Random: 100W/0L/0D | score=26.4±17.3 inv=0.0 played=18.7 lanes=5.0 ddraw=2.2 pts=26
  Self-play: 47W/51L/4D | score=2.8±12.5 inv=0.0 played=15.4 lanes=5.0 ddraw=0.4 pts=3
Step: 8847360 SPS: 3885  ev=0.661  ent=0.408  grad=0.43/0.43  h=0.2 c=2.1  kl=0.0247  vl=0.0592
Step: 8851456 SPS: 3885  ev=0.611  ent=0.431  grad=0.30/0.30  h=0.3 c=2.2  kl=0.0357  vl=0.0569
Step: 8855552 SPS: 3885  ev=0.596  ent=0.415  grad=0.46/0.46  h=0.2 c=2.3  kl=0.0284  vl=0.0540
Step: 8859648 SPS: 3885  ev=0.627  ent=0.415  grad=0.42/0.42  h=0.2 c=2.3  kl=0.0216  vl=0.0434
Step: 8863744 SPS: 3885  ev=0.672  ent=0.425  grad=0.34/0.34  h=0.3 c=2.4  kl=0.0266  vl=0.0483
Step: 8867840 SPS: 3885  ev=0.664  ent=0.434  grad=0.40/0.40  h=0.2 c=2.5  kl=0.0197  vl=0.0639
Step: 8871936 SPS: 3885  ev=0.695  ent=0.388  grad=0.45/0.45  h=0.2 c=2.3  kl=0.0178  vl=0.0508
Step: 8876032 SPS: 3885  ev=0.637  ent=0.412  grad=0.49/0.49  h=0.3 c=2.3  kl=0.0250  vl=0.0457
Step: 8880128 SPS: 3885  ev=0.643  ent=0.404  grad=0.68/0.50  h=0.3 c=2.7  kl=0.0244  vl=0.0674
Step: 8884224 SPS: 3886  ev=0.709  ent=0.398  grad=0.44/0.44  h=0.3 c=2.4  kl=0.0231  vl=0.0468
Step: 8888320 SPS: 3886  ev=0.637  ent=0.388  grad=0.47/0.47  h=0.3 c=2.6  kl=0.2920  vl=0.0686
Step: 8892416 SPS: 3886  ev=0.640  ent=0.369  grad=0.28/0.28  h=0.3 c=2.3  kl=0.0299  vl=0.0647
Step: 8896512 SPS: 3886  ev=0.657  ent=0.378  grad=0.35/0.35  h=0.3 c=1.9  kl=0.0305  vl=0.0600
Step: 8900608 SPS: 3886  ev=0.656  ent=0.386  grad=0.37/0.37  h=0.4 c=2.6  kl=0.0261  vl=0.0500
Step: 8904704 SPS: 3886  ev=0.612  ent=0.397  grad=0.52/0.50  h=0.3 c=2.5  kl=0.0149  vl=0.0578
Step: 8908800 SPS: 3886  ev=0.675  ent=0.416  grad=0.28/0.28  h=0.3 c=2.7  kl=0.0175  vl=0.0472
Step: 8912896 SPS: 3886  ev=0.701  ent=0.400  grad=0.43/0.43  h=0.2 c=2.5  kl=0.0237  vl=0.0478
Step: 8916992 SPS: 3886  ev=0.647  ent=0.401  grad=0.44/0.44  h=0.3 c=2.5  kl=0.0240  vl=0.0557
Step: 8921088 SPS: 3886  ev=0.631  ent=0.408  grad=0.31/0.31  h=0.3 c=2.8  kl=0.0179  vl=0.0708
Step: 8925184 SPS: 3886  ev=0.688  ent=0.412  grad=0.70/0.50  h=0.2 c=3.0  kl=0.0332  vl=0.0520
  vs Heur:   34W/69L/1D | score=2.2±12.1 inv=0.0 played=15.3 lanes=5.0 ddraw=0.4 pts=2
  vs Random: 102W/0L/0D | score=28.9±15.9 inv=0.0 played=19.0 lanes=5.0 ddraw=2.0 pts=29
  Self-play: 51W/49L/3D | score=3.7±10.4 inv=0.0 played=15.7 lanes=5.0 ddraw=0.3 pts=4
Step: 8929280 SPS: 3886  ev=0.596  ent=0.382  grad=0.34/0.34  h=0.3 c=2.4  kl=0.0271  vl=0.0480
Step: 8933376 SPS: 3886  ev=0.673  ent=0.424  grad=0.42/0.42  h=0.3 c=3.4  kl=0.0335  vl=0.0528
Step: 8937472 SPS: 3885  ev=0.623  ent=0.389  grad=0.37/0.37  h=0.2 c=3.0  kl=0.0213  vl=0.0510
Step: 8941568 SPS: 3886  ev=0.642  ent=0.394  grad=0.42/0.42  h=0.2 c=2.5  kl=0.0188  vl=0.0605
Step: 8945664 SPS: 3886  ev=0.658  ent=0.374  grad=0.36/0.36  h=0.2 c=2.7  kl=0.0213  vl=0.0473
Step: 8949760 SPS: 3886  ev=0.600  ent=0.386  grad=0.39/0.39  h=0.2 c=3.1  kl=0.0163  vl=0.0508
Step: 8953856 SPS: 3886  ev=0.629  ent=0.398  grad=0.28/0.28  h=0.3 c=3.3  kl=0.0255  vl=0.0429
Step: 8957952 SPS: 3886  ev=0.639  ent=0.411  grad=0.52/0.50  h=0.3 c=3.4  kl=0.0179  vl=0.0447
Step: 8962048 SPS: 3886  ev=0.618  ent=0.386  grad=0.40/0.40  h=0.2 c=3.7  kl=0.0170  vl=0.0494
Step: 8966144 SPS: 3886  ev=0.650  ent=0.360  grad=0.39/0.39  h=0.2 c=3.4  kl=0.0223  vl=0.0594
Step: 8970240 SPS: 3886  ev=0.673  ent=0.398  grad=0.33/0.33  h=0.3 c=3.7  kl=0.0167  vl=0.0512
Step: 8974336 SPS: 3886  ev=0.699  ent=0.422  grad=0.44/0.44  h=0.2 c=3.3  kl=0.0329  vl=0.0531
Step: 8978432 SPS: 3886  ev=0.671  ent=0.378  grad=0.41/0.41  h=0.2 c=3.9  kl=0.0200  vl=0.0464
Step: 8982528 SPS: 3886  ev=0.608  ent=0.398  grad=0.40/0.40  h=0.2 c=3.0  kl=0.0278  vl=0.0525
Step: 8986624 SPS: 3886  ev=0.654  ent=0.374  grad=0.37/0.37  h=0.2 c=4.1  kl=0.0207  vl=0.0478
Step: 8990720 SPS: 3886  ev=0.636  ent=0.387  grad=0.51/0.50  h=0.2 c=3.3  kl=0.0187  vl=0.0494
Step: 8994816 SPS: 3886  ev=0.609  ent=0.396  grad=0.39/0.39  h=0.2 c=3.6  kl=0.0215  vl=0.0522
Step: 8998912 SPS: 3886  ev=0.623  ent=0.411  grad=0.33/0.33  h=0.3 c=3.2  kl=0.0252  vl=0.0650
Step: 9003008 SPS: 3886  ev=0.635  ent=0.392  grad=0.34/0.34  h=0.3 c=3.1  kl=0.0261  vl=0.0619
Step: 9007104 SPS: 3886  ev=0.639  ent=0.398  grad=0.33/0.33  h=0.3 c=3.3  kl=0.0196  vl=0.0297
  vs Heur:   36W/64L/1D | score=0.7±12.9 inv=0.0 played=15.0 lanes=5.0 ddraw=0.6 pts=1
  vs Random: 101W/0L/0D | score=30.1±13.0 inv=0.0 played=19.1 lanes=5.0 ddraw=1.7 pts=30
  Self-play: 52W/49L/2D | score=3.0±11.0 inv=0.0 played=15.7 lanes=5.0 ddraw=0.3 pts=3
Step: 9011200 SPS: 3886  ev=0.656  ent=0.425  grad=0.47/0.47  h=0.1 c=3.3  kl=0.0228  vl=0.0561
Step: 9015296 SPS: 3886  ev=0.627  ent=0.425  grad=0.29/0.29  h=0.2 c=2.7  kl=0.0450  vl=0.0417
Step: 9019392 SPS: 3886  ev=0.656  ent=0.417  grad=0.58/0.50  h=0.2 c=3.2  kl=0.0229  vl=0.0673
Step: 9023488 SPS: 3886  ev=0.667  ent=0.406  grad=0.54/0.50  h=0.2 c=2.9  kl=0.0195  vl=0.0559
Step: 9027584 SPS: 3886  ev=0.650  ent=0.394  grad=0.36/0.36  h=0.2 c=2.8  kl=0.0229  vl=0.0520
Step: 9031680 SPS: 3886  ev=0.692  ent=0.390  grad=0.36/0.36  h=0.2 c=3.8  kl=0.0186  vl=0.0497
Step: 9035776 SPS: 3887  ev=0.661  ent=0.388  grad=0.68/0.50  h=0.2 c=2.8  kl=0.0273  vl=0.0634
Step: 9039872 SPS: 3887  ev=0.614  ent=0.398  grad=0.30/0.30  h=0.2 c=3.1  kl=0.0317  vl=0.0582
Step: 9043968 SPS: 3887  ev=0.621  ent=0.398  grad=0.58/0.50  h=0.2 c=3.7  kl=0.0264  vl=0.0660
Step: 9048064 SPS: 3886  ev=0.638  ent=0.402  grad=0.52/0.50  h=0.2 c=4.0  kl=0.0296  vl=0.0563
Step: 9052160 SPS: 3886  ev=0.627  ent=0.392  grad=0.64/0.50  h=0.2 c=4.3  kl=0.0280  vl=0.0525
Step: 9056256 SPS: 3886  ev=0.684  ent=0.405  grad=0.62/0.50  h=0.2 c=3.9  kl=0.0167  vl=0.0457
Step: 9060352 SPS: 3886  ev=0.647  ent=0.416  grad=0.61/0.50  h=0.1 c=4.0  kl=0.0266  vl=0.0503
Step: 9064448 SPS: 3886  ev=0.669  ent=0.373  grad=0.44/0.44  h=0.2 c=3.6  kl=0.0203  vl=0.0519
Step: 9068544 SPS: 3887  ev=0.664  ent=0.377  grad=0.47/0.47  h=0.1 c=3.3  kl=0.0485  vl=0.0488
Step: 9072640 SPS: 3887  ev=0.605  ent=0.373  grad=0.50/0.50  h=0.1 c=3.0  kl=0.0181  vl=0.0493
Step: 9076736 SPS: 3887  ev=0.641  ent=0.404  grad=0.37/0.37  h=0.2 c=2.9  kl=0.0200  vl=0.0452
Step: 9080832 SPS: 3887  ev=0.636  ent=0.399  grad=0.35/0.35  h=0.1 c=3.3  kl=0.0235  vl=0.0642
Step: 9084928 SPS: 3887  ev=0.686  ent=0.391  grad=0.44/0.44  h=0.1 c=3.4  kl=0.0185  vl=0.0480
Step: 9089024 SPS: 3887  ev=0.611  ent=0.417  grad=0.28/0.28  h=0.2 c=3.6  kl=0.0161  vl=0.0493
  vs Heur:   33W/68L/1D | score=4.1±13.0 inv=0.0 played=15.5 lanes=5.0 ddraw=0.4 pts=4
  vs Random: 100W/0L/0D | score=24.2±13.3 inv=0.0 played=18.6 lanes=5.0 ddraw=2.2 pts=24
  Self-play: 53W/44L/4D | score=3.4±10.6 inv=0.0 played=15.5 lanes=5.0 ddraw=0.5 pts=3
Step: 9093120 SPS: 3887  ev=0.645  ent=0.391  grad=0.38/0.38  h=0.2 c=3.6  kl=0.0234  vl=0.0637
Step: 9097216 SPS: 3887  ev=0.659  ent=0.362  grad=0.54/0.50  h=0.2 c=3.8  kl=0.0153  vl=0.0465
Step: 9101312 SPS: 3887  ev=0.669  ent=0.393  grad=0.35/0.35  h=0.2 c=3.3  kl=0.0188  vl=0.0568
Step: 9105408 SPS: 3887  ev=0.668  ent=0.418  grad=0.38/0.38  h=0.2 c=4.1  kl=0.0196  vl=0.0584
Step: 9109504 SPS: 3887  ev=0.679  ent=0.406  grad=0.39/0.39  h=0.1 c=3.3  kl=0.0141  vl=0.0544
Step: 9113600 SPS: 3887  ev=0.651  ent=0.392  grad=0.50/0.50  h=0.1 c=3.9  kl=0.0209  vl=0.0434
Step: 9117696 SPS: 3887  ev=0.630  ent=0.370  grad=0.38/0.38  h=0.1 c=3.4  kl=0.0223  vl=0.0424
Step: 9121792 SPS: 3887  ev=0.664  ent=0.390  grad=0.33/0.33  h=0.1 c=3.1  kl=0.0194  vl=0.0441
Step: 9125888 SPS: 3887  ev=0.627  ent=0.367  grad=0.33/0.33  h=0.2 c=4.1  kl=0.0173  vl=0.0501
Step: 9129984 SPS: 3887  ev=0.677  ent=0.425  grad=0.47/0.47  h=0.1 c=3.0  kl=0.0220  vl=0.0532
Step: 9134080 SPS: 3887  ev=0.659  ent=0.417  grad=0.48/0.48  h=0.2 c=3.4  kl=0.0220  vl=0.0556
Step: 9138176 SPS: 3887  ev=0.674  ent=0.384  grad=0.33/0.33  h=0.2 c=3.0  kl=0.0117  vl=0.0451
Step: 9142272 SPS: 3887  ev=0.691  ent=0.411  grad=0.64/0.50  h=0.1 c=3.0  kl=0.0312  vl=0.0454
Step: 9146368 SPS: 3887  ev=0.647  ent=0.378  grad=0.67/0.50  h=0.2 c=3.2  kl=0.0131  vl=0.0459
Step: 9150464 SPS: 3887  ev=0.650  ent=0.371  grad=0.52/0.50  h=0.2 c=3.2  kl=0.0226  vl=0.0522
Step: 9154560 SPS: 3887  ev=0.685  ent=0.378  grad=0.38/0.38  h=0.2 c=3.1  kl=0.0153  vl=0.0469
Step: 9158656 SPS: 3887  ev=0.628  ent=0.361  grad=0.33/0.33  h=0.1 c=3.4  kl=0.0160  vl=0.0420
Step: 9162752 SPS: 3887  ev=0.618  ent=0.392  grad=0.34/0.34  h=0.2 c=3.4  kl=0.0218  vl=0.0583
Step: 9166848 SPS: 3887  ev=0.673  ent=0.396  grad=0.39/0.39  h=0.1 c=3.3  kl=0.0262  vl=0.0533
Step: 9170944 SPS: 3887  ev=0.641  ent=0.407  grad=0.45/0.45  h=0.1 c=3.0  kl=0.0196  vl=0.0440
  vs Heur:   36W/65L/3D | score=3.7±12.5 inv=0.0 played=15.6 lanes=5.0 ddraw=0.3 pts=4
  vs Random: 101W/0L/0D | score=19.2±14.2 inv=0.0 played=18.1 lanes=5.0 ddraw=2.4 pts=19
  Self-play: 51W/49L/2D | score=2.6±10.1 inv=0.0 played=15.5 lanes=5.0 ddraw=0.4 pts=3
Step: 9175040 SPS: 3887  ev=0.631  ent=0.376  grad=0.90/0.50  h=0.1 c=2.8  kl=0.0178  vl=0.0553
Step: 9179136 SPS: 3887  ev=0.612  ent=0.389  grad=0.35/0.35  h=0.2 c=3.1  kl=0.0196  vl=0.0555
Step: 9183232 SPS: 3887  ev=0.694  ent=0.401  grad=0.57/0.50  h=0.1 c=3.6  kl=0.0204  vl=0.0419
Step: 9187328 SPS: 3887  ev=0.639  ent=0.394  grad=0.37/0.37  h=0.2 c=3.1  kl=0.0166  vl=0.0528
Step: 9191424 SPS: 3887  ev=0.682  ent=0.403  grad=0.39/0.39  h=0.1 c=3.3  kl=0.0174  vl=0.0463
Step: 9195520 SPS: 3887  ev=0.655  ent=0.380  grad=0.43/0.43  h=0.1 c=3.4  kl=0.0127  vl=0.0437
Step: 9199616 SPS: 3888  ev=0.606  ent=0.408  grad=0.37/0.37  h=0.1 c=3.0  kl=0.0154  vl=0.0490
Step: 9203712 SPS: 3888  ev=0.669  ent=0.407  grad=0.31/0.31  h=0.1 c=3.4  kl=0.0176  vl=0.0404
Step: 9207808 SPS: 3888  ev=0.632  ent=0.390  grad=0.32/0.32  h=0.1 c=3.1  kl=0.0181  vl=0.0666
Step: 9211904 SPS: 3888  ev=0.685  ent=0.420  grad=0.38/0.38  h=0.1 c=3.6  kl=0.0174  vl=0.0571
Step: 9216000 SPS: 3888  ev=0.687  ent=0.390  grad=0.67/0.50  h=0.2 c=2.9  kl=0.0147  vl=0.0417
Step: 9220096 SPS: 3887  ev=0.654  ent=0.387  grad=0.43/0.43  h=0.2 c=3.4  kl=0.0301  vl=0.0591
Step: 9224192 SPS: 3888  ev=0.637  ent=0.397  grad=0.33/0.33  h=0.1 c=2.9  kl=0.0315  vl=0.0584
Step: 9228288 SPS: 3888  ev=0.671  ent=0.371  grad=0.48/0.48  h=0.1 c=3.7  kl=0.0140  vl=0.0373
Step: 9232384 SPS: 3887  ev=0.623  ent=0.378  grad=0.28/0.28  h=0.1 c=3.1  kl=0.0178  vl=0.0489
Step: 9236480 SPS: 3888  ev=0.670  ent=0.363  grad=0.37/0.37  h=0.2 c=3.3  kl=0.0198  vl=0.0383
Step: 9240576 SPS: 3888  ev=0.693  ent=0.382  grad=0.61/0.50  h=0.2 c=2.7  kl=0.0195  vl=0.0513
Step: 9244672 SPS: 3888  ev=0.659  ent=0.396  grad=0.51/0.50  h=0.2 c=3.0  kl=0.0229  vl=0.0429
Step: 9248768 SPS: 3888  ev=0.620  ent=0.421  grad=0.35/0.35  h=0.2 c=3.9  kl=0.0258  vl=0.0535
Step: 9252864 SPS: 3888  ev=0.659  ent=0.405  grad=0.34/0.34  h=0.2 c=2.7  kl=0.0279  vl=0.0454
  vs Heur:   24W/79L/1D | score=0.8±12.6 inv=0.0 played=15.5 lanes=5.0 ddraw=0.5 pts=1
  vs Random: 101W/0L/0D | score=19.6±15.9 inv=0.0 played=18.2 lanes=5.0 ddraw=2.0 pts=20
  Self-play: 46W/54L/4D | score=2.3±10.4 inv=0.0 played=15.7 lanes=5.0 ddraw=0.2 pts=2
Step: 9256960 SPS: 3888  ev=0.651  ent=0.363  grad=0.33/0.33  h=0.2 c=4.3  kl=0.0143  vl=0.0583
Step: 9261056 SPS: 3888  ev=0.670  ent=0.389  grad=0.61/0.50  h=0.2 c=3.2  kl=0.0270  vl=0.0456
Step: 9265152 SPS: 3888  ev=0.658  ent=0.376  grad=0.39/0.39  h=0.2 c=3.8  kl=0.0185  vl=0.0482
Step: 9269248 SPS: 3888  ev=0.659  ent=0.379  grad=0.41/0.41  h=0.2 c=4.3  kl=0.0174  vl=0.0379
Step: 9273344 SPS: 3888  ev=0.676  ent=0.378  grad=0.40/0.40  h=0.2 c=4.3  kl=0.0216  vl=0.0442
Step: 9277440 SPS: 3888  ev=0.705  ent=0.391  grad=0.42/0.42  h=0.2 c=4.1  kl=0.0192  vl=0.0454
Step: 9281536 SPS: 3888  ev=0.624  ent=0.399  grad=0.33/0.33  h=0.1 c=3.0  kl=0.0259  vl=0.0515
Step: 9285632 SPS: 3888  ev=0.649  ent=0.366  grad=0.28/0.28  h=0.1 c=2.8  kl=0.0568  vl=0.0611
Step: 9289728 SPS: 3888  ev=0.629  ent=0.385  grad=0.39/0.39  h=0.1 c=3.0  kl=0.0155  vl=0.0474
Step: 9293824 SPS: 3888  ev=0.624  ent=0.409  grad=0.38/0.38  h=0.2 c=3.2  kl=0.0136  vl=0.0500
Step: 9297920 SPS: 3888  ev=0.697  ent=0.408  grad=0.38/0.38  h=0.2 c=2.6  kl=0.0199  vl=0.0494
Step: 9302016 SPS: 3888  ev=0.660  ent=0.425  grad=0.43/0.43  h=0.2 c=3.2  kl=0.0183  vl=0.0396
Step: 9306112 SPS: 3888  ev=0.697  ent=0.378  grad=0.48/0.48  h=0.1 c=2.7  kl=0.0272  vl=0.0429
Step: 9310208 SPS: 3888  ev=0.663  ent=0.385  grad=0.40/0.40  h=0.1 c=2.4  kl=0.0215  vl=0.0494
Step: 9314304 SPS: 3888  ev=0.655  ent=0.411  grad=0.36/0.36  h=0.1 c=2.5  kl=0.0248  vl=0.0467
Step: 9318400 SPS: 3888  ev=0.687  ent=0.422  grad=0.39/0.39  h=0.1 c=2.6  kl=0.0200  vl=0.0466
Step: 9322496 SPS: 3888  ev=0.683  ent=0.384  grad=0.35/0.35  h=0.1 c=3.2  kl=0.0271  vl=0.0473
Step: 9326592 SPS: 3888  ev=0.663  ent=0.403  grad=0.41/0.41  h=0.1 c=2.7  kl=0.0215  vl=0.0402
Step: 9330688 SPS: 3888  ev=0.639  ent=0.386  grad=0.48/0.48  h=0.1 c=2.8  kl=0.0243  vl=0.0416
Step: 9334784 SPS: 3888  ev=0.627  ent=0.385  grad=0.54/0.50  h=0.1 c=2.5  kl=0.0174  vl=0.0428
  vs Heur:   31W/69L/3D | score=0.8±14.5 inv=0.0 played=15.4 lanes=5.0 ddraw=0.5 pts=1
  vs Random: 100W/0L/0D | score=19.8±13.5 inv=0.0 played=18.2 lanes=5.0 ddraw=2.2 pts=20
  Self-play: 49W/51L/4D | score=3.2±11.3 inv=0.0 played=15.7 lanes=5.0 ddraw=0.4 pts=3
Step: 9338880 SPS: 3888  ev=0.633  ent=0.395  grad=0.38/0.38  h=0.2 c=2.5  kl=0.0191  vl=0.0519
Step: 9342976 SPS: 3888  ev=0.707  ent=0.388  grad=0.48/0.48  h=0.1 c=2.6  kl=0.0147  vl=0.0341
Step: 9347072 SPS: 3887  ev=0.694  ent=0.380  grad=0.34/0.34  h=0.1 c=2.5  kl=0.0187  vl=0.0440
Step: 9351168 SPS: 3887  ev=0.674  ent=0.408  grad=0.46/0.46  h=0.1 c=2.2  kl=0.0251  vl=0.0502
Step: 9355264 SPS: 3888  ev=0.643  ent=0.399  grad=0.58/0.50  h=0.2 c=2.6  kl=0.0296  vl=0.0613
Step: 9359360 SPS: 3888  ev=0.644  ent=0.368  grad=0.45/0.45  h=0.1 c=2.3  kl=0.0289  vl=0.0439
Step: 9363456 SPS: 3888  ev=0.628  ent=0.408  grad=0.74/0.50  h=0.1 c=2.3  kl=0.0190  vl=0.0676
Step: 9367552 SPS: 3888  ev=0.626  ent=0.364  grad=0.29/0.29  h=0.1 c=2.5  kl=0.0212  vl=0.0567
Step: 9371648 SPS: 3888  ev=0.628  ent=0.417  grad=0.40/0.40  h=0.1 c=2.4  kl=0.0266  vl=0.0563
Step: 9375744 SPS: 3888  ev=0.659  ent=0.379  grad=0.66/0.50  h=0.1 c=2.6  kl=0.0180  vl=0.0512
Step: 9379840 SPS: 3888  ev=0.600  ent=0.391  grad=0.41/0.41  h=0.2 c=2.4  kl=0.0211  vl=0.0534
Step: 9383936 SPS: 3888  ev=0.640  ent=0.395  grad=0.40/0.40  h=0.1 c=2.6  kl=0.0145  vl=0.0398
Step: 9388032 SPS: 3888  ev=0.675  ent=0.390  grad=0.62/0.50  h=0.2 c=2.3  kl=0.0206  vl=0.0565
Step: 9392128 SPS: 3888  ev=0.624  ent=0.395  grad=0.33/0.33  h=0.2 c=2.3  kl=0.0165  vl=0.0627
Step: 9396224 SPS: 3888  ev=0.651  ent=0.351  grad=0.36/0.36  h=0.2 c=2.6  kl=0.0228  vl=0.0515
Step: 9400320 SPS: 3888  ev=0.654  ent=0.376  grad=0.62/0.50  h=0.2 c=2.9  kl=0.0164  vl=0.0518
Step: 9404416 SPS: 3888  ev=0.632  ent=0.351  grad=0.34/0.34  h=0.2 c=2.9  kl=0.0273  vl=0.0444
Step: 9408512 SPS: 3888  ev=0.683  ent=0.365  grad=0.47/0.47  h=0.2 c=3.1  kl=0.0213  vl=0.0503
Step: 9412608 SPS: 3887  ev=0.650  ent=0.376  grad=0.45/0.45  h=0.2 c=2.9  kl=0.0246  vl=0.0622
Step: 9416704 SPS: 3887  ev=0.674  ent=0.395  grad=0.61/0.50  h=0.3 c=3.4  kl=0.0295  vl=0.0415
  vs Heur:   41W/62L/2D | score=4.4±11.8 inv=0.0 played=15.7 lanes=5.0 ddraw=0.2 pts=4
  vs Random: 101W/0L/0D | score=27.6±13.6 inv=0.0 played=18.9 lanes=5.0 ddraw=1.8 pts=28
  Self-play: 56W/48L/1D | score=3.1±10.6 inv=0.0 played=15.6 lanes=5.0 ddraw=0.4 pts=3
Step: 9420800 SPS: 3887  ev=0.677  ent=0.395  grad=0.43/0.43  h=0.2 c=3.0  kl=0.0294  vl=0.0530
Step: 9424896 SPS: 3887  ev=0.697  ent=0.375  grad=0.56/0.50  h=0.2 c=3.1  kl=0.0276  vl=0.0430
Step: 9428992 SPS: 3887  ev=0.685  ent=0.375  grad=0.39/0.39  h=0.2 c=3.6  kl=0.0188  vl=0.0454
Step: 9433088 SPS: 3887  ev=0.688  ent=0.364  grad=0.64/0.50  h=0.2 c=3.1  kl=0.0188  vl=0.0399
Step: 9437184 SPS: 3887  ev=0.697  ent=0.366  grad=0.37/0.37  h=0.2 c=3.7  kl=0.0412  vl=0.0520
Step: 9441280 SPS: 3888  ev=0.648  ent=0.359  grad=0.40/0.40  h=0.1 c=2.8  kl=0.0208  vl=0.0524
Step: 9445376 SPS: 3888  ev=0.651  ent=0.370  grad=0.63/0.50  h=0.1 c=3.9  kl=0.0187  vl=0.0504
Step: 9449472 SPS: 3888  ev=0.652  ent=0.349  grad=0.41/0.41  h=0.1 c=3.5  kl=0.0224  vl=0.0532
Step: 9453568 SPS: 3887  ev=0.671  ent=0.371  grad=0.31/0.31  h=0.1 c=3.5  kl=0.0216  vl=0.0485
Step: 9457664 SPS: 3888  ev=0.662  ent=0.351  grad=0.25/0.25  h=0.1 c=3.3  kl=0.0271  vl=0.0481
Step: 9461760 SPS: 3887  ev=0.667  ent=0.355  grad=0.36/0.36  h=0.1 c=3.6  kl=0.0228  vl=0.0561
Step: 9465856 SPS: 3887  ev=0.674  ent=0.346  grad=0.46/0.46  h=0.2 c=3.6  kl=0.0130  vl=0.0462
Step: 9469952 SPS: 3887  ev=0.693  ent=0.353  grad=0.34/0.34  h=0.2 c=3.6  kl=0.0109  vl=0.0401
Step: 9474048 SPS: 3887  ev=0.673  ent=0.384  grad=0.48/0.48  h=0.1 c=3.9  kl=0.0175  vl=0.0414
Step: 9478144 SPS: 3888  ev=0.697  ent=0.358  grad=0.41/0.41  h=0.1 c=3.4  kl=0.0194  vl=0.0460
Step: 9482240 SPS: 3887  ev=0.680  ent=0.351  grad=0.29/0.29  h=0.2 c=3.4  kl=0.0395  vl=0.0542
Step: 9486336 SPS: 3888  ev=0.690  ent=0.364  grad=0.52/0.50  h=0.1 c=3.6  kl=0.0199  vl=0.0412
Step: 9490432 SPS: 3888  ev=0.665  ent=0.365  grad=0.46/0.46  h=0.2 c=3.8  kl=0.0289  vl=0.0426
Step: 9494528 SPS: 3887  ev=0.678  ent=0.369  grad=0.61/0.50  h=0.2 c=3.8  kl=0.0179  vl=0.0517
Step: 9498624 SPS: 3888  ev=0.674  ent=0.364  grad=0.52/0.50  h=0.2 c=3.7  kl=0.0224  vl=0.0666
  vs Heur:   29W/74L/4D | score=1.8±13.0 inv=0.0 played=15.1 lanes=5.0 ddraw=0.3 pts=2
  vs Random: 100W/0L/0D | score=25.7±17.9 inv=0.0 played=18.7 lanes=5.0 ddraw=1.9 pts=26
  Self-play: 61W/44L/2D | score=3.4±10.7 inv=0.0 played=15.7 lanes=4.9 ddraw=0.2 pts=3
Step: 9502720 SPS: 3888  ev=0.711  ent=0.377  grad=0.44/0.44  h=0.1 c=4.4  kl=0.0210  vl=0.0499
Step: 9506816 SPS: 3888  ev=0.681  ent=0.375  grad=0.29/0.29  h=0.1 c=3.6  kl=0.0194  vl=0.0503
Step: 9510912 SPS: 3887  ev=0.683  ent=0.344  grad=0.39/0.39  h=0.2 c=4.1  kl=0.0140  vl=0.0391
Step: 9515008 SPS: 3888  ev=0.665  ent=0.343  grad=0.50/0.50  h=0.1 c=3.7  kl=0.0282  vl=0.0552
Step: 9519104 SPS: 3888  ev=0.675  ent=0.369  grad=0.37/0.37  h=0.1 c=4.1  kl=0.0298  vl=0.0386
Step: 9523200 SPS: 3888  ev=0.658  ent=0.360  grad=0.35/0.35  h=0.2 c=4.0  kl=0.0142  vl=0.0412
Step: 9527296 SPS: 3888  ev=0.664  ent=0.371  grad=0.34/0.34  h=0.2 c=4.2  kl=0.0265  vl=0.0360
Step: 9531392 SPS: 3888  ev=0.673  ent=0.383  grad=0.30/0.30  h=0.1 c=5.1  kl=0.0280  vl=0.0431
Step: 9535488 SPS: 3888  ev=0.698  ent=0.366  grad=0.57/0.50  h=0.1 c=4.6  kl=0.0338  vl=0.0377
Step: 9539584 SPS: 3888  ev=0.642  ent=0.374  grad=0.44/0.44  h=0.1 c=4.2  kl=0.0277  vl=0.0540
Step: 9543680 SPS: 3888  ev=0.652  ent=0.370  grad=0.48/0.48  h=0.1 c=4.1  kl=0.0215  vl=0.0419
Step: 9547776 SPS: 3887  ev=0.680  ent=0.356  grad=0.41/0.41  h=0.2 c=3.7  kl=0.0275  vl=0.0522
Step: 9551872 SPS: 3887  ev=0.660  ent=0.386  grad=0.58/0.50  h=0.1 c=3.6  kl=0.0183  vl=0.0541
Step: 9555968 SPS: 3888  ev=0.658  ent=0.351  grad=0.39/0.39  h=0.1 c=4.0  kl=0.0148  vl=0.0587
Step: 9560064 SPS: 3888  ev=0.640  ent=0.377  grad=0.64/0.50  h=0.1 c=3.5  kl=0.0160  vl=0.0543
Step: 9564160 SPS: 3888  ev=0.692  ent=0.371  grad=0.38/0.38  h=0.2 c=4.1  kl=0.0224  vl=0.0612
Step: 9568256 SPS: 3888  ev=0.712  ent=0.365  grad=0.58/0.50  h=0.1 c=4.9  kl=0.0157  vl=0.0508
Step: 9572352 SPS: 3888  ev=0.660  ent=0.350  grad=0.49/0.49  h=0.2 c=3.9  kl=0.0269  vl=0.0486
Step: 9576448 SPS: 3888  ev=0.651  ent=0.363  grad=0.32/0.32  h=0.1 c=3.6  kl=0.0200  vl=0.0462
Step: 9580544 SPS: 3888  ev=0.672  ent=0.368  grad=0.37/0.37  h=0.1 c=2.9  kl=0.0217  vl=0.0497
  vs Heur:   42W/62L/1D | score=2.6±12.8 inv=0.0 played=15.6 lanes=5.0 ddraw=0.3 pts=3
  vs Random: 101W/0L/0D | score=28.7±14.1 inv=0.0 played=19.0 lanes=5.0 ddraw=1.8 pts=29
  Self-play: 57W/49L/2D | score=3.5±11.9 inv=0.0 played=15.7 lanes=5.0 ddraw=0.2 pts=4
Step: 9584640 SPS: 3888  ev=0.617  ent=0.377  grad=0.43/0.43  h=0.1 c=3.8  kl=0.0230  vl=0.0429
Step: 9588736 SPS: 3888  ev=0.669  ent=0.377  grad=0.33/0.33  h=0.1 c=3.2  kl=0.0318  vl=0.0540
Step: 9592832 SPS: 3888  ev=0.639  ent=0.356  grad=0.31/0.31  h=0.1 c=3.6  kl=0.0185  vl=0.0540
Step: 9596928 SPS: 3888  ev=0.708  ent=0.355  grad=0.49/0.49  h=0.1 c=4.2  kl=0.0161  vl=0.0508
Step: 9601024 SPS: 3888  ev=0.729  ent=0.356  grad=0.45/0.45  h=0.1 c=3.8  kl=0.0217  vl=0.0553
Step: 9605120 SPS: 3888  ev=0.682  ent=0.390  grad=0.29/0.29  h=0.1 c=3.4  kl=0.0157  vl=0.0461
Step: 9609216 SPS: 3888  ev=0.628  ent=0.389  grad=0.38/0.38  h=0.1 c=3.3  kl=0.0267  vl=0.0570
Step: 9613312 SPS: 3888  ev=0.664  ent=0.372  grad=0.58/0.50  h=0.1 c=4.1  kl=0.0219  vl=0.0472
Step: 9617408 SPS: 3888  ev=0.705  ent=0.357  grad=0.46/0.46  h=0.1 c=3.6  kl=0.0170  vl=0.0492
Step: 9621504 SPS: 3888  ev=0.652  ent=0.361  grad=0.44/0.44  h=0.1 c=4.6  kl=0.0193  vl=0.0476
Step: 9625600 SPS: 3888  ev=0.676  ent=0.370  grad=0.38/0.38  h=0.0 c=4.1  kl=0.0283  vl=0.0385
Step: 9629696 SPS: 3888  ev=0.661  ent=0.351  grad=0.49/0.49  h=0.1 c=4.6  kl=0.0201  vl=0.0516
Step: 9633792 SPS: 3888  ev=0.663  ent=0.360  grad=0.40/0.40  h=0.1 c=4.1  kl=0.0188  vl=0.0449
Step: 9637888 SPS: 3888  ev=0.627  ent=0.361  grad=0.58/0.50  h=0.0 c=3.5  kl=0.0129  vl=0.0372
Step: 9641984 SPS: 3888  ev=0.681  ent=0.380  grad=0.30/0.30  h=0.0 c=3.6  kl=0.0163  vl=0.0356
Step: 9646080 SPS: 3888  ev=0.704  ent=0.395  grad=0.51/0.50  h=0.0 c=4.1  kl=0.0240  vl=0.0376
Step: 9650176 SPS: 3888  ev=0.674  ent=0.353  grad=0.28/0.28  h=0.1 c=4.0  kl=0.0329  vl=0.0374
Step: 9654272 SPS: 3888  ev=0.644  ent=0.344  grad=0.46/0.46  h=0.0 c=3.8  kl=0.0118  vl=0.0352
Step: 9658368 SPS: 3888  ev=0.649  ent=0.364  grad=0.42/0.42  h=0.0 c=4.5  kl=0.0179  vl=0.0446
Step: 9662464 SPS: 3888  ev=0.663  ent=0.354  grad=0.34/0.34  h=0.0 c=3.7  kl=0.0114  vl=0.0404
  vs Heur:   24W/79L/2D | score=0.8±12.6 inv=0.0 played=15.4 lanes=5.0 ddraw=0.5 pts=1
  vs Random: 101W/0L/0D | score=18.0±13.6 inv=0.0 played=18.0 lanes=5.0 ddraw=3.4 pts=18
  Self-play: 47W/53L/1D | score=2.6±10.2 inv=0.0 played=15.6 lanes=5.0 ddraw=0.4 pts=3
Step: 9666560 SPS: 3888  ev=0.657  ent=0.385  grad=0.34/0.34  h=0.0 c=4.0  kl=0.0166  vl=0.0422
Step: 9670656 SPS: 3888  ev=0.656  ent=0.362  grad=0.47/0.47  h=0.0 c=4.2  kl=0.0185  vl=0.0358
Step: 9674752 SPS: 3888  ev=0.627  ent=0.369  grad=0.44/0.44  h=0.0 c=4.6  kl=0.0261  vl=0.0411
Step: 9678848 SPS: 3888  ev=0.671  ent=0.374  grad=0.36/0.36  h=0.0 c=5.2  kl=0.0219  vl=0.0534
Step: 9682944 SPS: 3888  ev=0.704  ent=0.355  grad=0.41/0.41  h=0.0 c=4.7  kl=0.0332  vl=0.0419
Step: 9687040 SPS: 3889  ev=0.688  ent=0.358  grad=0.38/0.38  h=0.0 c=4.5  kl=0.0196  vl=0.0443
Step: 9691136 SPS: 3889  ev=0.669  ent=0.380  grad=0.32/0.32  h=0.0 c=4.2  kl=0.0163  vl=0.0469
Step: 9695232 SPS: 3889  ev=0.650  ent=0.360  grad=0.45/0.45  h=0.1 c=4.9  kl=0.0185  vl=0.0525
Step: 9699328 SPS: 3889  ev=0.688  ent=0.375  grad=0.38/0.38  h=0.0 c=4.6  kl=0.0303  vl=0.0361
Step: 9703424 SPS: 3888  ev=0.640  ent=0.373  grad=0.32/0.32  h=0.1 c=4.7  kl=0.0201  vl=0.0419
Step: 9707520 SPS: 3889  ev=0.662  ent=0.388  grad=0.46/0.46  h=0.0 c=4.2  kl=0.0193  vl=0.0506
Step: 9711616 SPS: 3888  ev=0.690  ent=0.359  grad=0.44/0.44  h=0.0 c=4.7  kl=0.0183  vl=0.0465
Step: 9715712 SPS: 3888  ev=0.637  ent=0.334  grad=0.38/0.38  h=0.0 c=3.6  kl=0.0213  vl=0.0404
Step: 9719808 SPS: 3889  ev=0.654  ent=0.363  grad=0.51/0.50  h=0.1 c=4.8  kl=0.0402  vl=0.0590
Step: 9723904 SPS: 3888  ev=0.688  ent=0.352  grad=0.27/0.27  h=0.1 c=4.5  kl=0.0227  vl=0.0472
Step: 9728000 SPS: 3889  ev=0.634  ent=0.373  grad=0.41/0.41  h=0.1 c=5.3  kl=0.0179  vl=0.0434
Step: 9732096 SPS: 3889  ev=0.664  ent=0.375  grad=0.43/0.43  h=0.0 c=4.1  kl=0.0394  vl=0.0485
Step: 9736192 SPS: 3889  ev=0.697  ent=0.324  grad=0.46/0.46  h=0.0 c=4.1  kl=0.0198  vl=0.0435
Step: 9740288 SPS: 3889  ev=0.603  ent=0.354  grad=0.33/0.33  h=0.0 c=4.9  kl=0.0246  vl=0.0585
Step: 9744384 SPS: 3889  ev=0.656  ent=0.375  grad=0.46/0.46  h=0.0 c=4.9  kl=0.0191  vl=0.0452
  vs Heur:   32W/68L/1D | score=2.2±12.4 inv=0.0 played=15.4 lanes=4.9 ddraw=0.3 pts=2
  vs Random: 100W/0L/0D | score=25.6±13.9 inv=0.0 played=18.8 lanes=5.0 ddraw=2.2 pts=26
  Self-play: 57W/51L/1D | score=3.9±12.7 inv=0.0 played=16.0 lanes=5.0 ddraw=0.2 pts=4
Step: 9748480 SPS: 3889  ev=0.697  ent=0.367  grad=0.32/0.32  h=0.0 c=6.6  kl=0.0172  vl=0.0563
Step: 9752576 SPS: 3889  ev=0.652  ent=0.358  grad=0.43/0.43  h=0.0 c=5.2  kl=0.0123  vl=0.0371
Step: 9756672 SPS: 3889  ev=0.657  ent=0.386  grad=0.42/0.42  h=0.0 c=5.3  kl=0.0191  vl=0.0455
Step: 9760768 SPS: 3889  ev=0.673  ent=0.352  grad=0.58/0.50  h=0.0 c=5.3  kl=0.0453  vl=0.0486
Step: 9764864 SPS: 3889  ev=0.701  ent=0.367  grad=0.48/0.48  h=0.0 c=6.2  kl=0.0201  vl=0.0484
Step: 9768960 SPS: 3889  ev=0.666  ent=0.370  grad=0.50/0.50  h=0.1 c=5.9  kl=0.0191  vl=0.0497
Step: 9773056 SPS: 3889  ev=0.703  ent=0.353  grad=0.33/0.33  h=0.1 c=6.4  kl=0.0167  vl=0.0508
Step: 9777152 SPS: 3889  ev=0.696  ent=0.386  grad=0.56/0.50  h=0.0 c=8.0  kl=0.0157  vl=0.0452
Step: 9781248 SPS: 3889  ev=0.711  ent=0.358  grad=0.42/0.42  h=0.0 c=6.8  kl=0.0257  vl=0.0447
Step: 9785344 SPS: 3889  ev=0.672  ent=0.360  grad=0.38/0.38  h=0.0 c=5.4  kl=0.0211  vl=0.0530
Step: 9789440 SPS: 3889  ev=0.679  ent=0.359  grad=0.38/0.38  h=0.0 c=6.3  kl=0.0403  vl=0.0439
Step: 9793536 SPS: 3888  ev=0.657  ent=0.343  grad=0.26/0.26  h=0.0 c=6.6  kl=0.0154  vl=0.0367
Step: 9797632 SPS: 3888  ev=0.668  ent=0.361  grad=0.36/0.36  h=0.1 c=8.8  kl=0.0195  vl=0.0512
Step: 9801728 SPS: 3888  ev=0.690  ent=0.378  grad=0.34/0.34  h=0.0 c=6.3  kl=0.0193  vl=0.0530
Step: 9805824 SPS: 3888  ev=0.675  ent=0.355  grad=0.48/0.48  h=0.1 c=6.0  kl=0.0225  vl=0.0526
Step: 9809920 SPS: 3889  ev=0.658  ent=0.362  grad=0.39/0.39  h=0.0 c=6.4  kl=0.0439  vl=0.0391
Step: 9814016 SPS: 3889  ev=0.574  ent=0.343  grad=0.34/0.34  h=0.0 c=5.8  kl=0.0212  vl=0.0648
Step: 9818112 SPS: 3888  ev=0.665  ent=0.349  grad=0.49/0.49  h=0.1 c=5.9  kl=0.0222  vl=0.0498
Step: 9822208 SPS: 3889  ev=0.677  ent=0.330  grad=0.36/0.36  h=0.1 c=5.2  kl=0.0384  vl=0.0338
Step: 9826304 SPS: 3889  ev=0.654  ent=0.349  grad=0.44/0.44  h=0.1 c=6.6  kl=0.0256  vl=0.0394
  vs Heur:   32W/65L/4D | score=2.0±12.0 inv=0.0 played=15.4 lanes=5.0 ddraw=0.2 pts=2
  vs Random: 102W/0L/0D | score=26.1±16.6 inv=0.0 played=18.7 lanes=5.0 ddraw=1.5 pts=26
  Self-play: 58W/51L/1D | score=3.4±11.2 inv=0.0 played=15.7 lanes=5.0 ddraw=0.2 pts=3
Step: 9830400 SPS: 3888  ev=0.643  ent=0.331  grad=0.86/0.50  h=0.0 c=6.4  kl=0.0140  vl=0.0577
Step: 9834496 SPS: 3888  ev=0.631  ent=0.348  grad=0.31/0.31  h=0.1 c=6.7  kl=0.0353  vl=0.0476
Step: 9838592 SPS: 3888  ev=0.645  ent=0.330  grad=0.38/0.38  h=0.1 c=5.5  kl=0.0534  vl=0.0530
Step: 9842688 SPS: 3889  ev=0.656  ent=0.357  grad=0.34/0.34  h=0.0 c=5.6  kl=0.0323  vl=0.0395
Step: 9846784 SPS: 3889  ev=0.690  ent=0.347  grad=0.48/0.48  h=0.0 c=5.2  kl=0.0290  vl=0.0537
Step: 9850880 SPS: 3889  ev=0.683  ent=0.355  grad=0.37/0.37  h=0.0 c=6.1  kl=0.0158  vl=0.0432
Step: 9854976 SPS: 3889  ev=0.679  ent=0.323  grad=0.28/0.28  h=0.1 c=4.8  kl=0.0415  vl=0.0509
Step: 9859072 SPS: 3889  ev=0.694  ent=0.341  grad=0.48/0.48  h=0.1 c=5.9  kl=0.0251  vl=0.0497
Step: 9863168 SPS: 3889  ev=0.657  ent=0.344  grad=0.37/0.37  h=0.0 c=6.2  kl=0.0131  vl=0.0624
Step: 9867264 SPS: 3889  ev=0.708  ent=0.313  grad=0.31/0.31  h=0.0 c=6.5  kl=0.0174  vl=0.0462
Step: 9871360 SPS: 3889  ev=0.647  ent=0.343  grad=0.73/0.50  h=0.0 c=6.4  kl=0.0233  vl=0.0440
Step: 9875456 SPS: 3889  ev=0.658  ent=0.344  grad=0.38/0.38  h=0.1 c=4.8  kl=0.0152  vl=0.0347
Step: 9879552 SPS: 3889  ev=0.628  ent=0.320  grad=0.32/0.32  h=0.0 c=7.2  kl=0.0189  vl=0.0480
Step: 9883648 SPS: 3889  ev=0.680  ent=0.320  grad=0.43/0.43  h=0.0 c=5.7  kl=0.0228  vl=0.0618
Step: 9887744 SPS: 3889  ev=0.724  ent=0.351  grad=0.36/0.36  h=0.1 c=6.7  kl=0.0232  vl=0.0543
Step: 9891840 SPS: 3889  ev=0.681  ent=0.347  grad=0.57/0.50  h=0.1 c=7.4  kl=0.0313  vl=0.0587
Step: 9895936 SPS: 3889  ev=0.656  ent=0.343  grad=0.34/0.34  h=0.1 c=6.2  kl=0.0195  vl=0.0347
Step: 9900032 SPS: 3889  ev=0.659  ent=0.351  grad=0.31/0.31  h=0.0 c=6.7  kl=0.0293  vl=0.0421
Step: 9904128 SPS: 3889  ev=0.685  ent=0.345  grad=0.27/0.27  h=0.1 c=6.8  kl=0.0302  vl=0.0453
Step: 9908224 SPS: 3889  ev=0.694  ent=0.343  grad=0.43/0.43  h=0.1 c=6.9  kl=0.0220  vl=0.0383
  vs Heur:   38W/66L/3D | score=4.8±12.0 inv=0.0 played=15.7 lanes=5.0 ddraw=0.3 pts=5
  vs Random: 103W/0L/0D | score=27.4±14.6 inv=0.0 played=18.9 lanes=5.0 ddraw=1.6 pts=27
  Self-play: 50W/53L/3D | score=2.4±11.6 inv=0.0 played=15.4 lanes=5.0 ddraw=0.3 pts=2
Step: 9912320 SPS: 3889  ev=0.662  ent=0.339  grad=0.32/0.32  h=0.1 c=6.6  kl=0.0214  vl=0.0432
Step: 9916416 SPS: 3889  ev=0.695  ent=0.334  grad=0.52/0.50  h=0.1 c=8.3  kl=0.0203  vl=0.0535
Step: 9920512 SPS: 3889  ev=0.681  ent=0.341  grad=0.36/0.36  h=0.1 c=7.4  kl=0.0242  vl=0.0458
Step: 9924608 SPS: 3889  ev=0.630  ent=0.328  grad=0.31/0.31  h=0.1 c=6.3  kl=0.0186  vl=0.0497
Step: 9928704 SPS: 3889  ev=0.659  ent=0.346  grad=0.42/0.42  h=0.1 c=8.0  kl=0.0305  vl=0.0350
Step: 9932800 SPS: 3889  ev=0.708  ent=0.335  grad=0.40/0.40  h=0.1 c=8.2  kl=0.0303  vl=0.0388
Step: 9936896 SPS: 3890  ev=0.697  ent=0.353  grad=0.47/0.47  h=0.2 c=10.8  kl=0.0285  vl=0.0489
Step: 9940992 SPS: 3890  ev=0.704  ent=0.351  grad=0.42/0.42  h=0.2 c=8.8  kl=0.0195  vl=0.0470
Step: 9945088 SPS: 3890  ev=0.707  ent=0.337  grad=0.50/0.50  h=0.1 c=8.9  kl=0.0206  vl=0.0412
Step: 9949184 SPS: 3890  ev=0.662  ent=0.348  grad=0.35/0.35  h=0.1 c=10.3  kl=0.0352  vl=0.0617
Step: 9953280 SPS: 3890  ev=0.691  ent=0.360  grad=0.27/0.27  h=0.1 c=10.4  kl=0.0365  vl=0.0470
Step: 9957376 SPS: 3890  ev=0.675  ent=0.363  grad=0.57/0.50  h=0.1 c=8.6  kl=0.0373  vl=0.0413
Step: 9961472 SPS: 3890  ev=0.662  ent=0.358  grad=0.29/0.29  h=0.1 c=8.8  kl=0.0194  vl=0.0395
Step: 9965568 SPS: 3890  ev=0.662  ent=0.338  grad=0.32/0.32  h=0.1 c=8.6  kl=0.0226  vl=0.0503
Step: 9969664 SPS: 3890  ev=0.664  ent=0.365  grad=0.34/0.34  h=0.1 c=10.6  kl=0.0255  vl=0.0547
Step: 9973760 SPS: 3890  ev=0.687  ent=0.333  grad=0.25/0.25  h=0.1 c=8.6  kl=0.0333  vl=0.0646
Step: 9977856 SPS: 3890  ev=0.687  ent=0.344  grad=0.30/0.30  h=0.1 c=10.3  kl=0.0353  vl=0.0644
Step: 9981952 SPS: 3890  ev=0.676  ent=0.346  grad=0.46/0.46  h=0.1 c=9.8  kl=0.0221  vl=0.0405
Step: 9986048 SPS: 3890  ev=0.649  ent=0.330  grad=0.37/0.37  h=0.0 c=9.3  kl=0.0152  vl=0.0399
Step: 9990144 SPS: 3890  ev=0.681  ent=0.375  grad=0.36/0.36  h=0.1 c=9.0  kl=0.0263  vl=0.0454
  vs Heur:   26W/76L/3D | score=0.8±12.3 inv=0.0 played=15.3 lanes=5.0 ddraw=0.5 pts=1
  vs Random: 100W/0L/0D | score=20.4±15.1 inv=0.0 played=18.2 lanes=5.0 ddraw=1.8 pts=20
  Self-play: 48W/52L/0D | score=2.3±9.9 inv=0.0 played=15.5 lanes=5.0 ddraw=0.4 pts=2
Step: 9994240 SPS: 3890  ev=0.667  ent=0.366  grad=0.29/0.29  h=0.1 c=11.5  kl=0.0193  vl=0.0425
Step: 9998336 SPS: 3890  ev=0.647  ent=0.344  grad=0.37/0.37  h=0.0 c=9.0  kl=0.0453  vl=0.0611
Step: 10002432 SPS: 3890  ev=0.690  ent=0.364  grad=0.43/0.43  h=0.1 c=9.5  kl=0.0170  vl=0.0444
Step: 10006528 SPS: 3890  ev=0.669  ent=0.366  grad=0.62/0.50  h=0.1 c=9.5  kl=0.0365  vl=0.0467
Step: 10010624 SPS: 3890  ev=0.649  ent=0.367  grad=0.34/0.34  h=0.1 c=8.5  kl=0.0215  vl=0.0392
Step: 10014720 SPS: 3890  ev=0.695  ent=0.330  grad=0.38/0.38  h=0.1 c=7.4  kl=0.0168  vl=0.0525
Step: 10018816 SPS: 3890  ev=0.662  ent=0.355  grad=0.46/0.46  h=0.1 c=7.7  kl=0.0334  vl=0.0576
Step: 10022912 SPS: 3890  ev=0.670  ent=0.350  grad=0.42/0.42  h=0.1 c=6.8  kl=0.0155  vl=0.0436
Step: 10027008 SPS: 3890  ev=0.661  ent=0.366  grad=0.28/0.28  h=0.1 c=7.5  kl=0.0168  vl=0.0659
Step: 10031104 SPS: 3890  ev=0.702  ent=0.340  grad=0.46/0.46  h=0.1 c=9.1  kl=0.0260  vl=0.0445
Step: 10035200 SPS: 3890  ev=0.676  ent=0.394  grad=0.34/0.34  h=0.1 c=6.8  kl=0.0265  vl=0.0546
Step: 10039296 SPS: 3890  ev=0.686  ent=0.366  grad=0.44/0.44  h=0.0 c=6.4  kl=0.0226  vl=0.0575
Step: 10043392 SPS: 3891  ev=0.653  ent=0.347  grad=0.28/0.28  h=0.1 c=6.8  kl=0.0155  vl=0.0494
Step: 10047488 SPS: 3890  ev=0.625  ent=0.369  grad=0.40/0.40  h=0.0 c=6.1  kl=0.0313  vl=0.0537
Step: 10051584 SPS: 3891  ev=0.668  ent=0.353  grad=0.35/0.35  h=0.1 c=7.4  kl=0.0239  vl=0.0480
Step: 10055680 SPS: 3891  ev=0.660  ent=0.337  grad=0.31/0.31  h=0.1 c=6.3  kl=0.0142  vl=0.0534
Step: 10059776 SPS: 3891  ev=0.655  ent=0.382  grad=0.39/0.39  h=0.0 c=7.0  kl=0.0191  vl=0.0516
Step: 10063872 SPS: 3891  ev=0.697  ent=0.343  grad=0.51/0.50  h=0.0 c=6.7  kl=0.0173  vl=0.0533
Step: 10067968 SPS: 3891  ev=0.657  ent=0.376  grad=0.28/0.28  h=0.0 c=8.8  kl=0.0213  vl=0.0475
Step: 10072064 SPS: 3891  ev=0.630  ent=0.372  grad=0.42/0.42  h=0.0 c=8.2  kl=0.0206  vl=0.0435
  vs Heur:   32W/67L/3D | score=0.9±14.2 inv=0.0 played=15.2 lanes=5.0 ddraw=0.5 pts=1
  vs Random: 101W/0L/0D | score=22.9±14.2 inv=0.0 played=18.4 lanes=5.0 ddraw=2.0 pts=23
  Self-play: 54W/47L/3D | score=4.3±11.6 inv=0.0 played=15.7 lanes=5.0 ddraw=0.3 pts=4
Step: 10076160 SPS: 3891  ev=0.634  ent=0.381  grad=0.35/0.35  h=0.0 c=7.3  kl=0.0189  vl=0.0484
Step: 10080256 SPS: 3891  ev=0.668  ent=0.362  grad=0.38/0.38  h=0.1 c=10.7  kl=0.0194  vl=0.0594
Step: 10084352 SPS: 3891  ev=0.637  ent=0.375  grad=0.33/0.33  h=0.0 c=9.7  kl=0.0174  vl=0.0591
Step: 10088448 SPS: 3891  ev=0.663  ent=0.383  grad=0.43/0.43  h=0.1 c=9.1  kl=0.0156  vl=0.0536
Step: 10092544 SPS: 3891  ev=0.676  ent=0.372  grad=0.38/0.38  h=0.0 c=10.3  kl=0.0264  vl=0.0491
Step: 10096640 SPS: 3891  ev=0.633  ent=0.382  grad=0.36/0.36  h=0.1 c=9.2  kl=0.0236  vl=0.0581
Step: 10100736 SPS: 3891  ev=0.643  ent=0.387  grad=0.40/0.40  h=0.0 c=9.9  kl=0.0270  vl=0.0558
Step: 10104832 SPS: 3891  ev=0.676  ent=0.375  grad=0.32/0.32  h=0.0 c=7.4  kl=0.0176  vl=0.0511
Step: 10108928 SPS: 3891  ev=0.634  ent=0.367  grad=0.43/0.43  h=0.0 c=8.9  kl=0.0444  vl=0.0532
Step: 10113024 SPS: 3891  ev=0.648  ent=0.384  grad=0.31/0.31  h=0.0 c=8.2  kl=0.0202  vl=0.0530
Step: 10117120 SPS: 3892  ev=0.689  ent=0.372  grad=0.33/0.33  h=0.0 c=9.1  kl=0.0172  vl=0.0560
Step: 10121216 SPS: 3892  ev=0.666  ent=0.360  grad=0.31/0.31  h=0.1 c=7.5  kl=0.0167  vl=0.0574
Step: 10125312 SPS: 3892  ev=0.638  ent=0.384  grad=0.48/0.48  h=0.0 c=8.4  kl=0.0189  vl=0.0532
Step: 10129408 SPS: 3892  ev=0.679  ent=0.378  grad=0.34/0.34  h=0.1 c=6.1  kl=0.0226  vl=0.0508
Step: 10133504 SPS: 3892  ev=0.663  ent=0.377  grad=0.46/0.46  h=0.1 c=4.9  kl=0.0275  vl=0.0555
Step: 10137600 SPS: 3892  ev=0.691  ent=0.346  grad=0.39/0.39  h=0.1 c=6.4  kl=0.0192  vl=0.0504
Step: 10141696 SPS: 3892  ev=0.632  ent=0.380  grad=0.54/0.50  h=0.1 c=5.6  kl=0.0259  vl=0.0692
Step: 10145792 SPS: 3892  ev=0.656  ent=0.380  grad=0.31/0.31  h=0.1 c=6.0  kl=0.0253  vl=0.0759
Step: 10149888 SPS: 3892  ev=0.646  ent=0.357  grad=0.45/0.45  h=0.1 c=4.8  kl=0.0203  vl=0.0492
Step: 10153984 SPS: 3892  ev=0.628  ent=0.362  grad=0.33/0.33  h=0.1 c=6.0  kl=0.0269  vl=0.0661
  vs Heur:   42W/56L/4D | score=4.6±14.3 inv=0.0 played=15.7 lanes=5.0 ddraw=0.4 pts=5
  vs Random: 100W/0L/0D | score=20.0±16.0 inv=0.0 played=18.1 lanes=5.0 ddraw=1.9 pts=20
  Self-play: 50W/56L/1D | score=3.4±12.7 inv=0.0 played=15.5 lanes=5.0 ddraw=0.2 pts=3
Step: 10158080 SPS: 3892  ev=0.698  ent=0.385  grad=0.47/0.47  h=0.1 c=6.3  kl=0.0237  vl=0.0458
Step: 10162176 SPS: 3891  ev=0.649  ent=0.380  grad=0.46/0.46  h=0.0 c=5.1  kl=0.0238  vl=0.0485
Step: 10166272 SPS: 3892  ev=0.688  ent=0.355  grad=0.32/0.32  h=0.1 c=6.4  kl=0.0116  vl=0.0376
Step: 10170368 SPS: 3892  ev=0.711  ent=0.370  grad=0.40/0.40  h=0.0 c=7.0  kl=0.0176  vl=0.0586
Step: 10174464 SPS: 3892  ev=0.653  ent=0.371  grad=0.33/0.33  h=0.0 c=5.4  kl=0.0170  vl=0.0609
Step: 10178560 SPS: 3892  ev=0.669  ent=0.381  grad=0.26/0.26  h=0.0 c=5.4  kl=0.0186  vl=0.0499
Step: 10182656 SPS: 3892  ev=0.602  ent=0.384  grad=0.36/0.36  h=0.1 c=5.8  kl=0.0186  vl=0.0634
Step: 10186752 SPS: 3892  ev=0.655  ent=0.355  grad=0.40/0.40  h=0.1 c=7.1  kl=0.0180  vl=0.0427
Step: 10190848 SPS: 3892  ev=0.656  ent=0.344  grad=0.36/0.36  h=0.1 c=6.7  kl=0.0180  vl=0.0404
Step: 10194944 SPS: 3892  ev=0.677  ent=0.368  grad=0.31/0.31  h=0.0 c=6.6  kl=0.0172  vl=0.0427
Step: 10199040 SPS: 3892  ev=0.665  ent=0.352  grad=0.48/0.48  h=0.1 c=7.2  kl=0.0252  vl=0.0451
Step: 10203136 SPS: 3892  ev=0.706  ent=0.394  grad=0.42/0.42  h=0.0 c=6.3  kl=0.0236  vl=0.0479
Step: 10207232 SPS: 3892  ev=0.662  ent=0.354  grad=0.43/0.43  h=0.0 c=7.1  kl=0.0221  vl=0.0477
Step: 10211328 SPS: 3892  ev=0.698  ent=0.352  grad=0.26/0.26  h=0.1 c=6.7  kl=0.0214  vl=0.0635
Step: 10215424 SPS: 3892  ev=0.666  ent=0.364  grad=0.39/0.39  h=0.1 c=6.8  kl=0.0231  vl=0.0488
Step: 10219520 SPS: 3892  ev=0.634  ent=0.411  grad=0.55/0.50  h=0.0 c=5.6  kl=0.0287  vl=0.0480
Step: 10223616 SPS: 3892  ev=0.687  ent=0.382  grad=0.32/0.32  h=0.1 c=5.6  kl=0.0265  vl=0.0496
Step: 10227712 SPS: 3892  ev=0.665  ent=0.371  grad=0.51/0.50  h=0.0 c=5.8  kl=0.0227  vl=0.0453
Step: 10231808 SPS: 3892  ev=0.634  ent=0.366  grad=0.40/0.40  h=0.0 c=5.7  kl=0.0273  vl=0.0524
Step: 10235904 SPS: 3892  ev=0.688  ent=0.396  grad=0.46/0.46  h=0.0 c=5.2  kl=0.0363  vl=0.0487
  vs Heur:   27W/73L/1D | score=-1.3±12.6 inv=0.0 played=15.1 lanes=5.0 ddraw=0.5 pts=-1
  vs Random: 101W/0L/0D | score=20.5±13.4 inv=0.0 played=18.1 lanes=5.0 ddraw=2.7 pts=21
  Self-play: 44W/54L/5D | score=3.5±10.8 inv=0.0 played=15.7 lanes=5.0 ddraw=0.4 pts=3
Step: 10240000 SPS: 3892  ev=0.659  ent=0.401  grad=0.35/0.35  h=0.0 c=5.9  kl=0.0246  vl=0.0573
Step: 10244096 SPS: 3892  ev=0.685  ent=0.394  grad=0.37/0.37  h=0.1 c=7.0  kl=0.0211  vl=0.0551
Step: 10248192 SPS: 3893  ev=0.683  ent=0.390  grad=0.38/0.38  h=0.1 c=6.1  kl=0.0219  vl=0.0515
Step: 10252288 SPS: 3893  ev=0.693  ent=0.355  grad=0.45/0.45  h=0.1 c=6.7  kl=0.0171  vl=0.0379
Step: 10256384 SPS: 3893  ev=0.605  ent=0.388  grad=0.51/0.50  h=0.1 c=6.0  kl=0.0226  vl=0.0599
Step: 10260480 SPS: 3893  ev=0.699  ent=0.381  grad=0.47/0.47  h=0.1 c=5.8  kl=0.0352  vl=0.0368
Step: 10264576 SPS: 3894  ev=0.662  ent=0.379  grad=0.48/0.48  h=0.2 c=5.9  kl=0.0179  vl=0.0476
Step: 10268672 SPS: 3894  ev=0.657  ent=0.416  grad=0.36/0.36  h=0.2 c=6.2  kl=0.0270  vl=0.0391
Step: 10272768 SPS: 3894  ev=0.636  ent=0.393  grad=0.35/0.35  h=0.1 c=6.1  kl=0.0202  vl=0.0443
Step: 10276864 SPS: 3894  ev=0.666  ent=0.393  grad=0.46/0.46  h=0.1 c=5.8  kl=0.0173  vl=0.0439
Step: 10280960 SPS: 3894  ev=0.620  ent=0.376  grad=0.57/0.50  h=0.1 c=6.8  kl=0.0207  vl=0.0536
Step: 10285056 SPS: 3894  ev=0.658  ent=0.407  grad=0.41/0.41  h=0.2 c=6.9  kl=0.0260  vl=0.0600
Step: 10289152 SPS: 3894  ev=0.638  ent=0.382  grad=0.28/0.28  h=0.1 c=7.6  kl=0.0213  vl=0.0485
Step: 10293248 SPS: 3894  ev=0.656  ent=0.376  grad=0.38/0.38  h=0.1 c=7.9  kl=0.0291  vl=0.0501
Step: 10297344 SPS: 3894  ev=0.696  ent=0.371  grad=0.50/0.50  h=0.1 c=7.1  kl=0.0171  vl=0.0420
Step: 10301440 SPS: 3894  ev=0.695  ent=0.375  grad=0.43/0.43  h=0.1 c=7.3  kl=0.0152  vl=0.0619
Step: 10305536 SPS: 3894  ev=0.653  ent=0.384  grad=0.55/0.50  h=0.1 c=9.8  kl=0.0225  vl=0.0537
Step: 10309632 SPS: 3894  ev=0.686  ent=0.374  grad=0.36/0.36  h=0.1 c=7.6  kl=0.0178  vl=0.0440
Step: 10313728 SPS: 3894  ev=0.650  ent=0.405  grad=0.30/0.30  h=0.1 c=8.1  kl=0.0173  vl=0.0545
Step: 10317824 SPS: 3894  ev=0.677  ent=0.424  grad=0.48/0.48  h=0.1 c=7.1  kl=0.0262  vl=0.0551
  vs Heur:   34W/67L/1D | score=2.0±12.9 inv=0.0 played=15.2 lanes=5.0 ddraw=0.5 pts=2
  vs Random: 100W/0L/0D | score=20.5±15.0 inv=0.0 played=18.3 lanes=5.0 ddraw=2.1 pts=20
  Self-play: 48W/51L/1D | score=4.0±12.1 inv=0.0 played=15.8 lanes=5.0 ddraw=0.4 pts=4
Step: 10321920 SPS: 3894  ev=0.666  ent=0.393  grad=0.38/0.38  h=0.1 c=6.3  kl=0.0199  vl=0.0531
Step: 10326016 SPS: 3894  ev=0.708  ent=0.409  grad=0.42/0.42  h=0.2 c=7.6  kl=0.0177  vl=0.0537
Step: 10330112 SPS: 3894  ev=0.676  ent=0.414  grad=0.31/0.31  h=0.1 c=8.4  kl=0.0239  vl=0.0495
Step: 10334208 SPS: 3894  ev=0.695  ent=0.404  grad=0.42/0.42  h=0.1 c=7.7  kl=0.0219  vl=0.0396
Step: 10338304 SPS: 3894  ev=0.646  ent=0.409  grad=0.41/0.41  h=0.2 c=6.6  kl=0.0286  vl=0.0557
Step: 10342400 SPS: 3894  ev=0.665  ent=0.392  grad=0.40/0.40  h=0.1 c=6.7  kl=0.0251  vl=0.0543
Step: 10346496 SPS: 3894  ev=0.647  ent=0.400  grad=0.29/0.29  h=0.1 c=8.0  kl=0.0219  vl=0.0712
Step: 10350592 SPS: 3894  ev=0.660  ent=0.412  grad=0.44/0.44  h=0.2 c=8.5  kl=0.0234  vl=0.0621
Step: 10354688 SPS: 3894  ev=0.651  ent=0.385  grad=0.62/0.50  h=0.2 c=7.7  kl=0.0193  vl=0.0517
Step: 10358784 SPS: 3895  ev=0.692  ent=0.412  grad=0.44/0.44  h=0.1 c=8.8  kl=0.0296  vl=0.0484
Step: 10362880 SPS: 3895  ev=0.612  ent=0.389  grad=0.51/0.50  h=0.2 c=8.3  kl=0.0133  vl=0.0498
Step: 10366976 SPS: 3895  ev=0.667  ent=0.428  grad=0.39/0.39  h=0.1 c=10.2  kl=0.0233  vl=0.0474
Step: 10371072 SPS: 3895  ev=0.651  ent=0.416  grad=0.60/0.50  h=0.2 c=8.2  kl=0.0213  vl=0.0498
Step: 10375168 SPS: 3895  ev=0.711  ent=0.412  grad=0.35/0.35  h=0.2 c=7.2  kl=0.0188  vl=0.0580
Step: 10379264 SPS: 3895  ev=0.659  ent=0.398  grad=0.34/0.34  h=0.1 c=8.3  kl=0.0194  vl=0.0498
Step: 10383360 SPS: 3895  ev=0.654  ent=0.432  grad=0.32/0.32  h=0.1 c=7.3  kl=0.0285  vl=0.0524
Step: 10387456 SPS: 3894  ev=0.678  ent=0.437  grad=0.47/0.47  h=0.1 c=8.9  kl=0.0332  vl=0.0446
Step: 10391552 SPS: 3894  ev=0.623  ent=0.401  grad=0.47/0.47  h=0.1 c=6.8  kl=0.0188  vl=0.0562
Step: 10395648 SPS: 3894  ev=0.692  ent=0.398  grad=0.36/0.36  h=0.1 c=7.3  kl=0.0234  vl=0.0550
Step: 10399744 SPS: 3894  ev=0.712  ent=0.418  grad=0.40/0.40  h=0.2 c=6.1  kl=0.0199  vl=0.0452
  vs Heur:   26W/75L/2D | score=0.5±13.6 inv=0.0 played=15.3 lanes=5.0 ddraw=0.3 pts=0
  vs Random: 100W/0L/0D | score=23.9±14.9 inv=0.0 played=18.6 lanes=5.0 ddraw=1.8 pts=24
  Self-play: 50W/56L/1D | score=1.5±12.0 inv=0.0 played=15.3 lanes=5.0 ddraw=0.3 pts=2
Step: 10403840 SPS: 3894  ev=0.663  ent=0.398  grad=0.34/0.34  h=0.2 c=6.6  kl=0.0126  vl=0.0565
Step: 10407936 SPS: 3894  ev=0.685  ent=0.436  grad=0.59/0.50  h=0.1 c=7.5  kl=0.0215  vl=0.0509
Step: 10412032 SPS: 3894  ev=0.701  ent=0.465  grad=0.41/0.41  h=0.2 c=9.0  kl=0.0286  vl=0.0486
Step: 10416128 SPS: 3894  ev=0.680  ent=0.443  grad=0.51/0.50  h=0.1 c=6.7  kl=0.0216  vl=0.0696
Step: 10420224 SPS: 3894  ev=0.673  ent=0.426  grad=0.33/0.33  h=0.1 c=6.8  kl=0.0190  vl=0.0529
Step: 10424320 SPS: 3894  ev=0.631  ent=0.412  grad=0.45/0.45  h=0.1 c=7.2  kl=0.0188  vl=0.0613
Step: 10428416 SPS: 3894  ev=0.648  ent=0.449  grad=0.49/0.49  h=0.1 c=7.5  kl=0.0207  vl=0.0515
Step: 10432512 SPS: 3894  ev=0.652  ent=0.395  grad=0.46/0.46  h=0.1 c=6.5  kl=0.0270  vl=0.0438
Step: 10436608 SPS: 3894  ev=0.686  ent=0.419  grad=0.39/0.39  h=0.1 c=8.0  kl=0.0223  vl=0.0456
Step: 10440704 SPS: 3894  ev=0.665  ent=0.400  grad=0.32/0.32  h=0.2 c=8.2  kl=0.0201  vl=0.0620
Step: 10444800 SPS: 3894  ev=0.658  ent=0.410  grad=0.31/0.31  h=0.1 c=7.1  kl=0.0164  vl=0.0534
Step: 10448896 SPS: 3894  ev=0.644  ent=0.401  grad=0.33/0.33  h=0.1 c=6.1  kl=0.0164  vl=0.0546
Step: 10452992 SPS: 3894  ev=0.690  ent=0.398  grad=0.36/0.36  h=0.1 c=5.1  kl=0.0168  vl=0.0570
Step: 10457088 SPS: 3894  ev=0.632  ent=0.418  grad=0.37/0.37  h=0.1 c=6.5  kl=0.0189  vl=0.0675
Step: 10461184 SPS: 3894  ev=0.663  ent=0.413  grad=0.38/0.38  h=0.1 c=6.9  kl=0.0298  vl=0.0694
Step: 10465280 SPS: 3894  ev=0.640  ent=0.414  grad=0.39/0.39  h=0.1 c=6.1  kl=0.0268  vl=0.0567
Step: 10469376 SPS: 3894  ev=0.655  ent=0.373  grad=0.58/0.50  h=0.1 c=6.2  kl=0.0168  vl=0.0517
Step: 10473472 SPS: 3894  ev=0.648  ent=0.402  grad=0.46/0.46  h=0.1 c=5.7  kl=0.0291  vl=0.0477
Step: 10477568 SPS: 3894  ev=0.644  ent=0.418  grad=0.42/0.42  h=0.1 c=6.6  kl=0.0248  vl=0.0502
Step: 10481664 SPS: 3894  ev=0.660  ent=0.388  grad=0.54/0.50  h=0.2 c=7.7  kl=0.0205  vl=0.0506
  vs Heur:   29W/74L/3D | score=2.3±13.5 inv=0.0 played=15.5 lanes=5.0 ddraw=0.4 pts=2
  vs Random: 103W/0L/0D | score=26.0±16.5 inv=0.0 played=18.9 lanes=5.0 ddraw=1.7 pts=26
  Self-play: 54W/48L/3D | score=3.2±13.3 inv=0.0 played=15.6 lanes=5.0 ddraw=0.2 pts=3
Step: 10485760 SPS: 3894  ev=0.615  ent=0.368  grad=0.54/0.50  h=0.1 c=5.3  kl=0.0203  vl=0.0660
Step: 10489856 SPS: 3894  ev=0.625  ent=0.382  grad=0.29/0.29  h=0.1 c=4.8  kl=0.0185  vl=0.0544
Step: 10493952 SPS: 3894  ev=0.653  ent=0.393  grad=0.41/0.41  h=0.2 c=5.9  kl=0.0811  vl=0.0572
Step: 10498048 SPS: 3894  ev=0.615  ent=0.408  grad=0.37/0.37  h=0.2 c=6.2  kl=0.0206  vl=0.0478
Step: 10502144 SPS: 3894  ev=0.668  ent=0.403  grad=0.47/0.47  h=0.2 c=5.7  kl=0.0168  vl=0.0562
Step: 10506240 SPS: 3894  ev=0.693  ent=0.412  grad=0.46/0.46  h=0.2 c=6.3  kl=0.0207  vl=0.0591
Step: 10510336 SPS: 3894  ev=0.635  ent=0.409  grad=0.47/0.47  h=0.2 c=5.1  kl=0.0222  vl=0.0568
Step: 10514432 SPS: 3894  ev=0.614  ent=0.415  grad=0.36/0.36  h=0.2 c=5.3  kl=0.0282  vl=0.0707
Step: 10518528 SPS: 3894  ev=0.653  ent=0.382  grad=0.48/0.48  h=0.1 c=5.6  kl=0.0331  vl=0.0497
Step: 10522624 SPS: 3894  ev=0.650  ent=0.411  grad=0.36/0.36  h=0.1 c=6.0  kl=0.0143  vl=0.0534
Step: 10526720 SPS: 3894  ev=0.666  ent=0.405  grad=0.48/0.48  h=0.1 c=6.3  kl=0.0124  vl=0.0407
Step: 10530816 SPS: 3894  ev=0.651  ent=0.399  grad=0.45/0.45  h=0.1 c=5.1  kl=0.0226  vl=0.0452
Step: 10534912 SPS: 3894  ev=0.623  ent=0.401  grad=0.41/0.41  h=0.2 c=4.2  kl=0.0199  vl=0.0481
Step: 10539008 SPS: 3894  ev=0.672  ent=0.414  grad=0.62/0.50  h=0.1 c=5.1  kl=0.0263  vl=0.0530
Step: 10543104 SPS: 3894  ev=0.630  ent=0.395  grad=0.39/0.39  h=0.1 c=4.2  kl=0.0177  vl=0.0475
Step: 10547200 SPS: 3894  ev=0.647  ent=0.440  grad=0.40/0.40  h=0.1 c=4.7  kl=0.0230  vl=0.0546
Step: 10551296 SPS: 3894  ev=0.666  ent=0.369  grad=0.37/0.37  h=0.1 c=5.1  kl=0.0202  vl=0.0530
Step: 10555392 SPS: 3894  ev=0.663  ent=0.415  grad=0.54/0.50  h=0.2 c=5.3  kl=0.0232  vl=0.0753
Step: 10559488 SPS: 3894  ev=0.626  ent=0.411  grad=0.34/0.34  h=0.1 c=5.8  kl=0.0243  vl=0.0505
Step: 10563584 SPS: 3894  ev=0.683  ent=0.406  grad=0.31/0.31  h=0.1 c=5.0  kl=0.0187  vl=0.0443
  vs Heur:   35W/67L/1D | score=0.8±13.0 inv=0.0 played=15.3 lanes=5.0 ddraw=0.4 pts=1
  vs Random: 100W/0L/0D | score=19.6±15.0 inv=0.0 played=18.2 lanes=5.0 ddraw=2.5 pts=20
  Self-play: 48W/55L/3D | score=4.7±10.5 inv=0.0 played=15.8 lanes=5.0 ddraw=0.3 pts=5
Step: 10567680 SPS: 3894  ev=0.681  ent=0.404  grad=0.37/0.37  h=0.1 c=5.4  kl=0.0186  vl=0.0674
Step: 10571776 SPS: 3894  ev=0.667  ent=0.407  grad=0.33/0.33  h=0.1 c=4.9  kl=0.0239  vl=0.0478
Step: 10575872 SPS: 3894  ev=0.630  ent=0.398  grad=0.50/0.50  h=0.1 c=5.5  kl=0.0251  vl=0.0541
Step: 10579968 SPS: 3894  ev=0.654  ent=0.401  grad=0.33/0.33  h=0.1 c=6.9  kl=0.0192  vl=0.0513
Step: 10584064 SPS: 3894  ev=0.655  ent=0.391  grad=0.38/0.38  h=0.2 c=5.3  kl=0.0201  vl=0.0517
Step: 10588160 SPS: 3894  ev=0.668  ent=0.394  grad=0.44/0.44  h=0.2 c=4.3  kl=0.0178  vl=0.0622
Step: 10592256 SPS: 3894  ev=0.650  ent=0.407  grad=0.47/0.47  h=0.1 c=5.2  kl=0.0150  vl=0.0524
Step: 10596352 SPS: 3894  ev=0.685  ent=0.396  grad=0.36/0.36  h=0.1 c=5.0  kl=0.0187  vl=0.0524
Step: 10600448 SPS: 3894  ev=0.665  ent=0.367  grad=0.50/0.50  h=0.2 c=5.8  kl=0.0132  vl=0.0582
Step: 10604544 SPS: 3894  ev=0.658  ent=0.396  grad=0.47/0.47  h=0.1 c=5.3  kl=0.0251  vl=0.0583
Step: 10608640 SPS: 3894  ev=0.644  ent=0.383  grad=0.39/0.39  h=0.2 c=5.3  kl=0.0186  vl=0.0452
Step: 10612736 SPS: 3894  ev=0.693  ent=0.413  grad=0.37/0.37  h=0.2 c=5.0  kl=0.0186  vl=0.0440
Step: 10616832 SPS: 3894  ev=0.647  ent=0.399  grad=0.42/0.42  h=0.2 c=6.4  kl=0.0248  vl=0.0459
Step: 10620928 SPS: 3894  ev=0.682  ent=0.395  grad=0.40/0.40  h=0.2 c=6.3  kl=0.0155  vl=0.0559
Step: 10625024 SPS: 3894  ev=0.675  ent=0.369  grad=0.55/0.50  h=0.1 c=4.7  kl=0.0152  vl=0.0472
Step: 10629120 SPS: 3894  ev=0.584  ent=0.389  grad=0.50/0.50  h=0.1 c=5.1  kl=0.0183  vl=0.0478
Step: 10633216 SPS: 3894  ev=0.663  ent=0.422  grad=0.48/0.48  h=0.1 c=4.9  kl=0.0185  vl=0.0547
Step: 10637312 SPS: 3894  ev=0.671  ent=0.377  grad=0.50/0.50  h=0.2 c=5.7  kl=0.0176  vl=0.0608
Step: 10641408 SPS: 3894  ev=0.648  ent=0.390  grad=0.50/0.50  h=0.2 c=5.6  kl=0.0192  vl=0.0536
Step: 10645504 SPS: 3894  ev=0.639  ent=0.370  grad=0.37/0.37  h=0.1 c=4.9  kl=0.0181  vl=0.0623
  vs Heur:   36W/64L/3D | score=3.2±12.3 inv=0.0 played=15.4 lanes=5.0 ddraw=0.3 pts=3
  vs Random: 101W/0L/0D | score=26.6±14.8 inv=0.0 played=18.6 lanes=5.0 ddraw=2.5 pts=27
  Self-play: 54W/55L/0D | score=2.1±12.1 inv=0.0 played=15.5 lanes=5.0 ddraw=0.2 pts=2
Step: 10649600 SPS: 3894  ev=0.673  ent=0.375  grad=0.41/0.41  h=0.2 c=4.7  kl=0.0273  vl=0.0587
Step: 10653696 SPS: 3894  ev=0.621  ent=0.392  grad=0.30/0.30  h=0.2 c=5.3  kl=0.0167  vl=0.0566
Step: 10657792 SPS: 3894  ev=0.705  ent=0.395  grad=0.62/0.50  h=0.1 c=6.6  kl=0.0181  vl=0.0499
Step: 10661888 SPS: 3894  ev=0.695  ent=0.408  grad=0.33/0.33  h=0.2 c=6.1  kl=0.0248  vl=0.0609
Step: 10665984 SPS: 3894  ev=0.659  ent=0.403  grad=0.32/0.32  h=0.2 c=6.4  kl=0.0158  vl=0.0653
Step: 10670080 SPS: 3894  ev=0.656  ent=0.355  grad=0.45/0.45  h=0.1 c=5.8  kl=0.0136  vl=0.0586
Step: 10674176 SPS: 3894  ev=0.660  ent=0.403  grad=0.35/0.35  h=0.2 c=5.6  kl=0.0184  vl=0.0344
Step: 10678272 SPS: 3894  ev=0.666  ent=0.385  grad=0.29/0.29  h=0.2 c=5.7  kl=0.0298  vl=0.0520
Step: 10682368 SPS: 3894  ev=0.685  ent=0.382  grad=0.37/0.37  h=0.2 c=5.3  kl=0.0139  vl=0.0475
Step: 10686464 SPS: 3894  ev=0.688  ent=0.403  grad=0.45/0.45  h=0.2 c=5.4  kl=0.0231  vl=0.0862
Step: 10690560 SPS: 3894  ev=0.685  ent=0.386  grad=0.48/0.48  h=0.1 c=6.1  kl=0.0382  vl=0.0619
Step: 10694656 SPS: 3894  ev=0.646  ent=0.398  grad=0.59/0.50  h=0.2 c=4.8  kl=0.0174  vl=0.0560
Step: 10698752 SPS: 3894  ev=0.634  ent=0.369  grad=0.42/0.42  h=0.2 c=4.9  kl=0.0207  vl=0.0553
Step: 10702848 SPS: 3894  ev=0.688  ent=0.367  grad=0.50/0.50  h=0.2 c=4.5  kl=0.0395  vl=0.0568
Step: 10706944 SPS: 3894  ev=0.656  ent=0.395  grad=0.35/0.35  h=0.3 c=4.2  kl=0.0217  vl=0.0557
Step: 10711040 SPS: 3894  ev=0.651  ent=0.382  grad=0.46/0.46  h=0.2 c=5.2  kl=0.0204  vl=0.0575
Step: 10715136 SPS: 3894  ev=0.696  ent=0.387  grad=0.59/0.50  h=0.2 c=5.7  kl=0.0187  vl=0.0454
Step: 10719232 SPS: 3894  ev=0.656  ent=0.388  grad=0.40/0.40  h=0.3 c=4.6  kl=0.0208  vl=0.0535
Step: 10723328 SPS: 3894  ev=0.621  ent=0.390  grad=0.45/0.45  h=0.3 c=4.7  kl=0.0269  vl=0.0542
Step: 10727424 SPS: 3893  ev=0.613  ent=0.402  grad=0.31/0.31  h=0.2 c=3.9  kl=0.0166  vl=0.0533
  vs Heur:   35W/66L/1D | score=2.9±15.4 inv=0.0 played=15.5 lanes=5.0 ddraw=0.5 pts=3
  vs Random: 101W/0L/0D | score=22.5±16.2 inv=0.0 played=18.3 lanes=5.0 ddraw=1.8 pts=22
  Self-play: 51W/51L/0D | score=3.7±12.0 inv=0.0 played=15.6 lanes=5.0 ddraw=0.4 pts=4
Step: 10731520 SPS: 3893  ev=0.670  ent=0.384  grad=0.52/0.50  h=0.2 c=3.9  kl=0.0200  vl=0.0551
Step: 10735616 SPS: 3893  ev=0.648  ent=0.372  grad=0.29/0.29  h=0.2 c=4.5  kl=0.0239  vl=0.0564
Step: 10739712 SPS: 3893  ev=0.673  ent=0.396  grad=0.53/0.50  h=0.2 c=4.6  kl=0.0264  vl=0.0509
Step: 10743808 SPS: 3893  ev=0.656  ent=0.384  grad=0.57/0.50  h=0.3 c=3.5  kl=0.0182  vl=0.0722
Step: 10747904 SPS: 3893  ev=0.663  ent=0.406  grad=0.48/0.48  h=0.3 c=4.5  kl=0.0220  vl=0.0679
Step: 10752000 SPS: 3893  ev=0.662  ent=0.394  grad=0.34/0.34  h=0.2 c=4.2  kl=0.0154  vl=0.0616
Step: 10756096 SPS: 3893  ev=0.676  ent=0.374  grad=0.34/0.34  h=0.2 c=3.3  kl=0.0149  vl=0.0473
Step: 10760192 SPS: 3894  ev=0.667  ent=0.417  grad=0.28/0.28  h=0.2 c=5.1  kl=0.0263  vl=0.0836
Step: 10764288 SPS: 3894  ev=0.627  ent=0.428  grad=0.57/0.50  h=0.2 c=4.0  kl=0.0273  vl=0.0652
Step: 10768384 SPS: 3894  ev=0.665  ent=0.388  grad=0.33/0.33  h=0.3 c=5.5  kl=0.0328  vl=0.0572
Step: 10772480 SPS: 3894  ev=0.636  ent=0.419  grad=0.37/0.37  h=0.3 c=4.4  kl=0.0211  vl=0.0625
Step: 10776576 SPS: 3894  ev=0.629  ent=0.416  grad=0.45/0.45  h=0.2 c=4.3  kl=0.0297  vl=0.0612
Step: 10780672 SPS: 3894  ev=0.654  ent=0.376  grad=0.38/0.38  h=0.2 c=4.4  kl=0.0171  vl=0.0437
Step: 10784768 SPS: 3894  ev=0.692  ent=0.383  grad=0.31/0.31  h=0.3 c=4.3  kl=0.0206  vl=0.0483
Step: 10788864 SPS: 3894  ev=0.662  ent=0.412  grad=0.36/0.36  h=0.2 c=5.1  kl=0.0213  vl=0.0561
Step: 10792960 SPS: 3894  ev=0.659  ent=0.377  grad=0.34/0.34  h=0.3 c=3.8  kl=0.0345  vl=0.0474
Step: 10797056 SPS: 3894  ev=0.645  ent=0.370  grad=0.40/0.40  h=0.2 c=5.2  kl=0.0131  vl=0.0598
Step: 10801152 SPS: 3894  ev=0.663  ent=0.379  grad=0.29/0.29  h=0.3 c=4.6  kl=0.0199  vl=0.0581
Step: 10805248 SPS: 3894  ev=0.629  ent=0.347  grad=0.48/0.48  h=0.2 c=4.4  kl=0.0259  vl=0.0456
Step: 10809344 SPS: 3894  ev=0.672  ent=0.400  grad=0.56/0.50  h=0.3 c=3.3  kl=0.0219  vl=0.0545
  vs Heur:   42W/60L/2D | score=5.0±12.1 inv=0.0 played=15.6 lanes=5.0 ddraw=0.4 pts=5
  vs Random: 101W/0L/0D | score=23.2±16.1 inv=0.0 played=18.6 lanes=5.0 ddraw=2.2 pts=23
  Self-play: 56W/46L/3D | score=6.5±11.1 inv=0.0 played=16.0 lanes=4.9 ddraw=0.3 pts=7
Step: 10813440 SPS: 3894  ev=0.660  ent=0.370  grad=0.39/0.39  h=0.2 c=3.6  kl=0.0217  vl=0.0576
Step: 10817536 SPS: 3894  ev=0.636  ent=0.377  grad=0.66/0.50  h=0.2 c=4.7  kl=0.0206  vl=0.0600
Step: 10821632 SPS: 3894  ev=0.646  ent=0.382  grad=0.32/0.32  h=0.3 c=4.3  kl=0.0178  vl=0.0449
Step: 10825728 SPS: 3894  ev=0.699  ent=0.391  grad=0.38/0.38  h=0.2 c=5.5  kl=0.0116  vl=0.0438
Step: 10829824 SPS: 3894  ev=0.673  ent=0.383  grad=0.35/0.35  h=0.3 c=4.5  kl=0.0204  vl=0.0490
Step: 10833920 SPS: 3894  ev=0.620  ent=0.390  grad=0.41/0.41  h=0.3 c=3.7  kl=0.0194  vl=0.0463
Step: 10838016 SPS: 3894  ev=0.688  ent=0.403  grad=0.48/0.48  h=0.3 c=6.2  kl=0.0277  vl=0.0437
Step: 10842112 SPS: 3894  ev=0.642  ent=0.369  grad=0.53/0.50  h=0.3 c=5.0  kl=0.0129  vl=0.0482
Step: 10846208 SPS: 3894  ev=0.628  ent=0.402  grad=0.54/0.50  h=0.3 c=5.2  kl=0.0226  vl=0.0458
Step: 10850304 SPS: 3894  ev=0.609  ent=0.353  grad=0.36/0.36  h=0.3 c=3.9  kl=0.0184  vl=0.0436
Step: 10854400 SPS: 3894  ev=0.615  ent=0.365  grad=0.49/0.49  h=0.3 c=4.5  kl=0.0181  vl=0.0533
Step: 10858496 SPS: 3894  ev=0.640  ent=0.382  grad=0.51/0.50  h=0.3 c=4.2  kl=0.0182  vl=0.0529
Step: 10862592 SPS: 3894  ev=0.663  ent=0.340  grad=0.53/0.50  h=0.3 c=4.1  kl=0.0128  vl=0.0433
Step: 10866688 SPS: 3894  ev=0.639  ent=0.391  grad=0.32/0.32  h=0.3 c=5.2  kl=0.0225  vl=0.0521
Step: 10870784 SPS: 3894  ev=0.661  ent=0.384  grad=0.47/0.47  h=0.3 c=5.7  kl=0.0259  vl=0.0526
Step: 10874880 SPS: 3894  ev=0.673  ent=0.358  grad=0.45/0.45  h=0.3 c=6.2  kl=0.0236  vl=0.0746
Step: 10878976 SPS: 3894  ev=0.694  ent=0.405  grad=0.57/0.50  h=0.3 c=4.9  kl=0.0267  vl=0.0513
Step: 10883072 SPS: 3894  ev=0.679  ent=0.391  grad=0.43/0.43  h=0.3 c=4.9  kl=0.0369  vl=0.0543
Step: 10887168 SPS: 3894  ev=0.635  ent=0.393  grad=0.46/0.46  h=0.3 c=5.8  kl=0.0165  vl=0.0480
Step: 10891264 SPS: 3894  ev=0.615  ent=0.393  grad=0.38/0.38  h=0.3 c=4.5  kl=0.0226  vl=0.0415
  vs Heur:   31W/71L/8D | score=3.5±11.5 inv=0.0 played=15.7 lanes=5.0 ddraw=0.2 pts=4
  vs Random: 101W/0L/0D | score=18.4±15.4 inv=0.0 played=18.1 lanes=5.0 ddraw=2.3 pts=18
  Self-play: 51W/55L/1D | score=2.9±10.8 inv=0.0 played=15.5 lanes=5.0 ddraw=0.3 pts=3
Step: 10895360 SPS: 3894  ev=0.668  ent=0.401  grad=0.44/0.44  h=0.4 c=4.9  kl=0.0166  vl=0.0451
Step: 10899456 SPS: 3894  ev=0.647  ent=0.423  grad=0.60/0.50  h=0.3 c=5.0  kl=0.0221  vl=0.0630
Step: 10903552 SPS: 3894  ev=0.612  ent=0.409  grad=0.32/0.32  h=0.3 c=5.4  kl=0.0201  vl=0.0636
Step: 10907648 SPS: 3894  ev=0.644  ent=0.377  grad=0.29/0.29  h=0.4 c=5.4  kl=0.0198  vl=0.0500
Step: 10911744 SPS: 3894  ev=0.620  ent=0.347  grad=0.62/0.50  h=0.3 c=4.5  kl=0.0186  vl=0.0537
Step: 10915840 SPS: 3895  ev=0.612  ent=0.375  grad=0.36/0.36  h=0.4 c=4.8  kl=0.0210  vl=0.0665
Step: 10919936 SPS: 3895  ev=0.637  ent=0.391  grad=0.37/0.37  h=0.4 c=4.9  kl=0.0275  vl=0.0448
Step: 10924032 SPS: 3895  ev=0.603  ent=0.377  grad=0.30/0.30  h=0.3 c=4.2  kl=0.0221  vl=0.0426
Step: 10928128 SPS: 3895  ev=0.651  ent=0.430  grad=0.38/0.38  h=0.4 c=4.1  kl=0.0197  vl=0.0453
Step: 10932224 SPS: 3895  ev=0.657  ent=0.413  grad=0.53/0.50  h=0.4 c=5.5  kl=0.0205  vl=0.0727
Step: 10936320 SPS: 3895  ev=0.665  ent=0.386  grad=0.47/0.47  h=0.4 c=4.7  kl=0.0188  vl=0.0573
Step: 10940416 SPS: 3895  ev=0.622  ent=0.404  grad=0.37/0.37  h=0.4 c=5.7  kl=0.0178  vl=0.0377
Step: 10944512 SPS: 3895  ev=0.631  ent=0.391  grad=0.57/0.50  h=0.4 c=5.1  kl=0.0218  vl=0.0505
Step: 10948608 SPS: 3895  ev=0.584  ent=0.367  grad=0.52/0.50  h=0.4 c=5.9  kl=0.0252  vl=0.0608
Step: 10952704 SPS: 3895  ev=0.637  ent=0.405  grad=0.36/0.36  h=0.4 c=4.8  kl=0.0255  vl=0.0606
Step: 10956800 SPS: 3895  ev=0.632  ent=0.382  grad=0.41/0.41  h=0.4 c=5.7  kl=0.0332  vl=0.0534
Step: 10960896 SPS: 3895  ev=0.615  ent=0.385  grad=0.48/0.48  h=0.4 c=6.1  kl=0.0261  vl=0.0465
Step: 10964992 SPS: 3895  ev=0.680  ent=0.363  grad=0.40/0.40  h=0.3 c=4.9  kl=0.0218  vl=0.0508
Step: 10969088 SPS: 3895  ev=0.689  ent=0.389  grad=0.40/0.40  h=0.4 c=5.2  kl=0.0304  vl=0.0521
Step: 10973184 SPS: 3895  ev=0.627  ent=0.359  grad=0.41/0.41  h=0.4 c=5.6  kl=0.0162  vl=0.0557
  vs Heur:   32W/66L/4D | score=1.8±13.1 inv=0.0 played=15.3 lanes=5.0 ddraw=0.4 pts=2
  vs Random: 100W/0L/0D | score=16.2±15.2 inv=0.0 played=18.0 lanes=5.0 ddraw=2.4 pts=16
  Self-play: 59W/46L/4D | score=3.3±11.7 inv=0.0 played=15.6 lanes=5.0 ddraw=0.2 pts=3
Step: 10977280 SPS: 3895  ev=0.690  ent=0.381  grad=0.45/0.45  h=0.4 c=5.8  kl=0.0217  vl=0.0434
Step: 10981376 SPS: 3895  ev=0.654  ent=0.385  grad=0.40/0.40  h=0.4 c=4.6  kl=0.0273  vl=0.0592
Step: 10985472 SPS: 3895  ev=0.666  ent=0.370  grad=0.35/0.35  h=0.3 c=4.7  kl=0.0198  vl=0.0422
Step: 10989568 SPS: 3895  ev=0.606  ent=0.392  grad=0.64/0.50  h=0.3 c=4.7  kl=0.0185  vl=0.0448
Step: 10993664 SPS: 3895  ev=0.631  ent=0.363  grad=0.38/0.38  h=0.4 c=4.7  kl=0.0222  vl=0.0530
Step: 10997760 SPS: 3895  ev=0.654  ent=0.383  grad=0.50/0.50  h=0.3 c=5.0  kl=0.0262  vl=0.0542
Step: 11001856 SPS: 3895  ev=0.656  ent=0.385  grad=0.37/0.37  h=0.3 c=5.1  kl=0.0224  vl=0.0577
Step: 11005952 SPS: 3895  ev=0.635  ent=0.372  grad=0.40/0.40  h=0.3 c=5.5  kl=0.0204  vl=0.0419
Step: 11010048 SPS: 3895  ev=0.623  ent=0.377  grad=0.40/0.40  h=0.3 c=4.1  kl=0.0270  vl=0.0586
Step: 11014144 SPS: 3895  ev=0.649  ent=0.369  grad=0.57/0.50  h=0.4 c=5.2  kl=0.0195  vl=0.0496
Step: 11018240 SPS: 3895  ev=0.642  ent=0.354  grad=0.45/0.45  h=0.4 c=5.3  kl=0.0176  vl=0.0657
Step: 11022336 SPS: 3895  ev=0.647  ent=0.380  grad=0.42/0.42  h=0.3 c=3.9  kl=0.0244  vl=0.0615
Step: 11026432 SPS: 3895  ev=0.673  ent=0.368  grad=0.42/0.42  h=0.4 c=6.4  kl=0.0183  vl=0.0490
Step: 11030528 SPS: 3895  ev=0.643  ent=0.366  grad=0.65/0.50  h=0.3 c=4.6  kl=0.0233  vl=0.0648
Step: 11034624 SPS: 3895  ev=0.622  ent=0.399  grad=0.41/0.41  h=0.3 c=5.9  kl=0.0238  vl=0.0524
Step: 11038720 SPS: 3895  ev=0.677  ent=0.373  grad=0.37/0.37  h=0.3 c=5.2  kl=0.0204  vl=0.0588
Step: 11042816 SPS: 3895  ev=0.617  ent=0.377  grad=0.34/0.34  h=0.4 c=4.7  kl=0.0142  vl=0.0453
Step: 11046912 SPS: 3895  ev=0.664  ent=0.352  grad=0.43/0.43  h=0.3 c=4.7  kl=0.0209  vl=0.0467
Step: 11051008 SPS: 3894  ev=0.658  ent=0.383  grad=0.35/0.35  h=0.3 c=5.0  kl=0.0219  vl=0.0640
Step: 11055104 SPS: 3894  ev=0.622  ent=0.373  grad=0.32/0.32  h=0.3 c=5.0  kl=0.0222  vl=0.0468
  vs Heur:   33W/70L/2D | score=-0.2±14.8 inv=0.0 played=15.3 lanes=5.0 ddraw=0.3 pts=-0
  vs Random: 101W/0L/0D | score=19.2±16.2 inv=0.0 played=18.1 lanes=5.0 ddraw=2.3 pts=19
  Self-play: 57W/48L/3D | score=3.6±12.5 inv=0.0 played=15.4 lanes=5.0 ddraw=0.2 pts=4
Step: 11059200 SPS: 3894  ev=0.633  ent=0.396  grad=0.48/0.48  h=0.3 c=3.9  kl=0.0218  vl=0.0512
Step: 11063296 SPS: 3894  ev=0.626  ent=0.395  grad=0.49/0.49  h=0.3 c=5.1  kl=0.0220  vl=0.0542
Step: 11067392 SPS: 3894  ev=0.671  ent=0.378  grad=0.45/0.45  h=0.3 c=3.8  kl=0.0231  vl=0.0434
Step: 11071488 SPS: 3894  ev=0.668  ent=0.367  grad=0.45/0.45  h=0.3 c=4.2  kl=0.0139  vl=0.0424
Step: 11075584 SPS: 3894  ev=0.623  ent=0.374  grad=0.25/0.25  h=0.3 c=4.2  kl=0.0178  vl=0.0547
Step: 11079680 SPS: 3894  ev=0.616  ent=0.382  grad=0.45/0.45  h=0.4 c=3.5  kl=0.0215  vl=0.0507
Step: 11083776 SPS: 3895  ev=0.661  ent=0.357  grad=0.36/0.36  h=0.4 c=5.3  kl=0.0174  vl=0.0512
Step: 11087872 SPS: 3895  ev=0.681  ent=0.369  grad=0.46/0.46  h=0.3 c=4.8  kl=0.0188  vl=0.0508
Step: 11091968 SPS: 3895  ev=0.693  ent=0.391  grad=0.46/0.46  h=0.3 c=5.8  kl=0.0189  vl=0.0607
Step: 11096064 SPS: 3895  ev=0.704  ent=0.391  grad=0.61/0.50  h=0.4 c=4.1  kl=0.0210  vl=0.0635
Step: 11100160 SPS: 3895  ev=0.685  ent=0.383  grad=0.40/0.40  h=0.4 c=3.9  kl=0.0165  vl=0.0496
Step: 11104256 SPS: 3895  ev=0.643  ent=0.387  grad=0.37/0.37  h=0.4 c=3.4  kl=0.0227  vl=0.0654
Step: 11108352 SPS: 3895  ev=0.656  ent=0.386  grad=0.55/0.50  h=0.3 c=3.9  kl=0.0157  vl=0.0449
Step: 11112448 SPS: 3895  ev=0.688  ent=0.394  grad=0.50/0.50  h=0.3 c=3.8  kl=0.0186  vl=0.0490
Step: 11116544 SPS: 3895  ev=0.678  ent=0.365  grad=0.47/0.47  h=0.4 c=3.6  kl=0.0258  vl=0.0516
Step: 11120640 SPS: 3895  ev=0.681  ent=0.346  grad=0.28/0.28  h=0.4 c=4.0  kl=0.0138  vl=0.0482
Step: 11124736 SPS: 3895  ev=0.662  ent=0.388  grad=0.31/0.31  h=0.4 c=3.7  kl=0.0156  vl=0.0454
Step: 11128832 SPS: 3895  ev=0.655  ent=0.394  grad=0.33/0.33  h=0.4 c=4.8  kl=0.0150  vl=0.0549
Step: 11132928 SPS: 3895  ev=0.672  ent=0.397  grad=0.53/0.50  h=0.4 c=3.5  kl=0.0537  vl=0.0396
Step: 11137024 SPS: 3895  ev=0.644  ent=0.380  grad=0.36/0.36  h=0.4 c=4.4  kl=0.0184  vl=0.0487
  vs Heur:   39W/62L/1D | score=2.9±14.1 inv=0.0 played=15.5 lanes=4.9 ddraw=0.4 pts=3
  vs Random: 100W/0L/0D | score=20.9±14.5 inv=0.0 played=18.3 lanes=5.0 ddraw=2.0 pts=21
  Self-play: 55W/52L/0D | score=3.7±12.3 inv=0.0 played=15.5 lanes=5.0 ddraw=0.2 pts=4
Step: 11141120 SPS: 3895  ev=0.626  ent=0.389  grad=0.32/0.32  h=0.4 c=3.4  kl=0.0166  vl=0.0445
Step: 11145216 SPS: 3895  ev=0.633  ent=0.386  grad=0.37/0.37  h=0.3 c=4.4  kl=0.0220  vl=0.0512
Step: 11149312 SPS: 3895  ev=0.699  ent=0.391  grad=0.45/0.45  h=0.3 c=3.6  kl=0.0249  vl=0.0602
Step: 11153408 SPS: 3895  ev=0.674  ent=0.390  grad=0.37/0.37  h=0.3 c=4.0  kl=0.0337  vl=0.0546
Step: 11157504 SPS: 3895  ev=0.664  ent=0.386  grad=0.40/0.40  h=0.3 c=4.1  kl=0.0176  vl=0.0446
Step: 11161600 SPS: 3895  ev=0.646  ent=0.390  grad=0.50/0.50  h=0.3 c=3.8  kl=0.0181  vl=0.0600
Step: 11165696 SPS: 3895  ev=0.641  ent=0.400  grad=0.50/0.50  h=0.2 c=4.2  kl=0.0164  vl=0.0454
Step: 11169792 SPS: 3895  ev=0.688  ent=0.398  grad=0.52/0.50  h=0.3 c=3.9  kl=0.0316  vl=0.0709
Step: 11173888 SPS: 3895  ev=0.681  ent=0.397  grad=0.36/0.36  h=0.3 c=4.5  kl=0.0241  vl=0.0734
Step: 11177984 SPS: 3895  ev=0.625  ent=0.395  grad=0.40/0.40  h=0.3 c=3.8  kl=0.0214  vl=0.0496
Step: 11182080 SPS: 3895  ev=0.664  ent=0.393  grad=0.53/0.50  h=0.3 c=3.5  kl=0.0249  vl=0.0443
Step: 11186176 SPS: 3895  ev=0.637  ent=0.386  grad=0.39/0.39  h=0.3 c=3.6  kl=0.0174  vl=0.0497
Step: 11190272 SPS: 3895  ev=0.673  ent=0.386  grad=0.38/0.38  h=0.3 c=3.3  kl=0.0186  vl=0.0484
Step: 11194368 SPS: 3895  ev=0.622  ent=0.418  grad=0.43/0.43  h=0.3 c=4.0  kl=0.0150  vl=0.0515
Step: 11198464 SPS: 3895  ev=0.633  ent=0.417  grad=0.36/0.36  h=0.3 c=4.2  kl=0.0248  vl=0.0508
Step: 11202560 SPS: 3895  ev=0.660  ent=0.379  grad=0.78/0.50  h=0.3 c=3.7  kl=0.0371  vl=0.0736
Step: 11206656 SPS: 3895  ev=0.637  ent=0.391  grad=0.50/0.50  h=0.3 c=3.4  kl=0.0112  vl=0.0511
Step: 11210752 SPS: 3895  ev=0.664  ent=0.392  grad=0.39/0.39  h=0.3 c=2.9  kl=0.0215  vl=0.0556
Step: 11214848 SPS: 3895  ev=0.642  ent=0.405  grad=0.39/0.39  h=0.3 c=3.0  kl=0.0195  vl=0.0568
Step: 11218944 SPS: 3895  ev=0.649  ent=0.454  grad=0.46/0.46  h=0.3 c=3.7  kl=0.0254  vl=0.0547
  vs Heur:   32W/75L/2D | score=2.1±12.8 inv=0.0 played=15.2 lanes=4.9 ddraw=0.6 pts=2
  vs Random: 100W/0L/0D | score=20.4±14.8 inv=0.0 played=18.1 lanes=5.0 ddraw=3.2 pts=20
  Self-play: 50W/55L/0D | score=4.2±11.5 inv=0.0 played=15.7 lanes=5.0 ddraw=0.3 pts=4
Step: 11223040 SPS: 3895  ev=0.653  ent=0.403  grad=0.37/0.37  h=0.3 c=3.3  kl=0.0150  vl=0.0417
Step: 11227136 SPS: 3895  ev=0.665  ent=0.420  grad=0.41/0.41  h=0.4 c=3.6  kl=0.0189  vl=0.0575
Step: 11231232 SPS: 3895  ev=0.633  ent=0.415  grad=0.43/0.43  h=0.3 c=3.6  kl=0.0193  vl=0.0536
Step: 11235328 SPS: 3895  ev=0.688  ent=0.398  grad=0.39/0.39  h=0.4 c=3.3  kl=0.0150  vl=0.0542
Step: 11239424 SPS: 3895  ev=0.689  ent=0.414  grad=0.53/0.50  h=0.4 c=3.1  kl=0.0177  vl=0.0540
Step: 11243520 SPS: 3895  ev=0.662  ent=0.402  grad=0.43/0.43  h=0.3 c=2.9  kl=0.0208  vl=0.0455
Step: 11247616 SPS: 3895  ev=0.688  ent=0.396  grad=0.35/0.35  h=0.3 c=3.0  kl=0.0170  vl=0.0548
Step: 11251712 SPS: 3895  ev=0.661  ent=0.403  grad=0.37/0.37  h=0.4 c=2.7  kl=0.0217  vl=0.0597
Step: 11255808 SPS: 3895  ev=0.690  ent=0.400  grad=0.38/0.38  h=0.4 c=2.7  kl=0.0198  vl=0.0524
Step: 11259904 SPS: 3895  ev=0.691  ent=0.408  grad=0.41/0.41  h=0.4 c=3.1  kl=0.0222  vl=0.0529
Step: 11264000 SPS: 3895  ev=0.641  ent=0.390  grad=0.54/0.50  h=0.3 c=3.3  kl=0.0153  vl=0.0614
Step: 11268096 SPS: 3895  ev=0.625  ent=0.416  grad=0.47/0.47  h=0.3 c=3.2  kl=0.0163  vl=0.0501
Step: 11272192 SPS: 3895  ev=0.657  ent=0.407  grad=0.54/0.50  h=0.4 c=3.3  kl=0.0188  vl=0.0474
Step: 11276288 SPS: 3895  ev=0.656  ent=0.401  grad=0.47/0.47  h=0.4 c=3.2  kl=0.0189  vl=0.0535
Step: 11280384 SPS: 3895  ev=0.654  ent=0.404  grad=0.34/0.34  h=0.4 c=3.1  kl=0.0152  vl=0.0607
Step: 11284480 SPS: 3895  ev=0.658  ent=0.397  grad=0.41/0.41  h=0.3 c=3.4  kl=0.0182  vl=0.0606
Step: 11288576 SPS: 3895  ev=0.643  ent=0.422  grad=0.66/0.50  h=0.4 c=2.9  kl=0.0195  vl=0.0499
Step: 11292672 SPS: 3894  ev=0.674  ent=0.399  grad=0.32/0.32  h=0.4 c=3.4  kl=0.0195  vl=0.0518
Step: 11296768 SPS: 3894  ev=0.682  ent=0.404  grad=0.43/0.43  h=0.4 c=3.3  kl=0.0183  vl=0.0540
Step: 11300864 SPS: 3894  ev=0.672  ent=0.416  grad=0.38/0.38  h=0.4 c=2.6  kl=0.0174  vl=0.0502
  vs Heur:   41W/67L/1D | score=3.7±12.0 inv=0.0 played=15.7 lanes=5.0 ddraw=0.5 pts=4
  vs Random: 101W/0L/0D | score=20.7±15.1 inv=0.0 played=18.3 lanes=5.0 ddraw=3.1 pts=21
  Self-play: 53W/48L/1D | score=5.0±10.7 inv=0.0 played=15.7 lanes=5.0 ddraw=0.5 pts=5
Step: 11304960 SPS: 3894  ev=0.648  ent=0.387  grad=0.33/0.33  h=0.3 c=3.2  kl=0.0135  vl=0.0527
Step: 11309056 SPS: 3894  ev=0.644  ent=0.408  grad=0.35/0.35  h=0.4 c=3.0  kl=0.0184  vl=0.0538
Step: 11313152 SPS: 3894  ev=0.654  ent=0.387  grad=0.43/0.43  h=0.3 c=3.2  kl=0.0210  vl=0.0525
Step: 11317248 SPS: 3894  ev=0.572  ent=0.401  grad=0.42/0.42  h=0.3 c=3.8  kl=0.0182  vl=0.0531
Step: 11321344 SPS: 3894  ev=0.670  ent=0.382  grad=0.44/0.44  h=0.3 c=3.9  kl=0.0239  vl=0.0444
Step: 11325440 SPS: 3894  ev=0.658  ent=0.392  grad=0.52/0.50  h=0.3 c=3.6  kl=0.0226  vl=0.0600
Step: 11329536 SPS: 3894  ev=0.669  ent=0.412  grad=0.40/0.40  h=0.3 c=3.2  kl=0.0299  vl=0.0624
Step: 11333632 SPS: 3894  ev=0.669  ent=0.378  grad=0.36/0.36  h=0.3 c=2.8  kl=0.0151  vl=0.0478
Step: 11337728 SPS: 3895  ev=0.656  ent=0.382  grad=0.36/0.36  h=0.3 c=3.3  kl=0.0185  vl=0.0509
Step: 11341824 SPS: 3895  ev=0.625  ent=0.429  grad=0.36/0.36  h=0.3 c=3.3  kl=0.0161  vl=0.0502
Step: 11345920 SPS: 3894  ev=0.637  ent=0.414  grad=0.62/0.50  h=0.3 c=3.7  kl=0.0213  vl=0.0426
Step: 11350016 SPS: 3894  ev=0.647  ent=0.394  grad=0.56/0.50  h=0.3 c=3.3  kl=0.0252  vl=0.0582
Step: 11354112 SPS: 3894  ev=0.642  ent=0.393  grad=0.47/0.47  h=0.3 c=3.1  kl=0.0149  vl=0.0568
Step: 11358208 SPS: 3894  ev=0.627  ent=0.416  grad=0.41/0.41  h=0.3 c=3.8  kl=0.0216  vl=0.0473
Step: 11362304 SPS: 3895  ev=0.641  ent=0.403  grad=0.30/0.30  h=0.3 c=3.9  kl=0.0198  vl=0.0453
Step: 11366400 SPS: 3895  ev=0.650  ent=0.442  grad=0.39/0.39  h=0.3 c=3.2  kl=0.0191  vl=0.0501
Step: 11370496 SPS: 3895  ev=0.660  ent=0.367  grad=0.44/0.44  h=0.3 c=2.7  kl=0.0209  vl=0.0583
Step: 11374592 SPS: 3895  ev=0.671  ent=0.416  grad=0.39/0.39  h=0.3 c=3.8  kl=0.0211  vl=0.0556
Step: 11378688 SPS: 3895  ev=0.678  ent=0.388  grad=0.43/0.43  h=0.3 c=3.5  kl=0.0152  vl=0.0429
Step: 11382784 SPS: 3895  ev=0.647  ent=0.406  grad=0.59/0.50  h=0.3 c=3.3  kl=0.0221  vl=0.0504
  vs Heur:   29W/75L/1D | score=1.0±14.1 inv=0.0 played=15.3 lanes=5.0 ddraw=0.5 pts=1
  vs Random: 101W/0L/0D | score=14.6±15.6 inv=0.0 played=17.5 lanes=5.0 ddraw=2.9 pts=15
  Self-play: 59W/41L/0D | score=5.5±10.9 inv=0.0 played=15.8 lanes=5.0 ddraw=0.4 pts=5
Step: 11386880 SPS: 3895  ev=0.655  ent=0.400  grad=1.34/0.50  h=0.3 c=3.4  kl=0.0226  vl=0.0545
Step: 11390976 SPS: 3894  ev=0.691  ent=0.426  grad=0.42/0.42  h=0.3 c=3.7  kl=0.0266  vl=0.0649
Step: 11395072 SPS: 3894  ev=0.647  ent=0.395  grad=0.46/0.46  h=0.3 c=3.5  kl=0.0176  vl=0.0483
Step: 11399168 SPS: 3894  ev=0.650  ent=0.412  grad=0.30/0.30  h=0.3 c=3.1  kl=0.0212  vl=0.0535
Step: 11403264 SPS: 3894  ev=0.652  ent=0.409  grad=0.36/0.36  h=0.3 c=3.3  kl=0.0179  vl=0.0620
Step: 11407360 SPS: 3894  ev=0.642  ent=0.414  grad=0.36/0.36  h=0.3 c=3.2  kl=0.0158  vl=0.0605
Step: 11411456 SPS: 3894  ev=0.594  ent=0.424  grad=0.65/0.50  h=0.3 c=3.5  kl=0.0198  vl=0.0464
Step: 11415552 SPS: 3895  ev=0.659  ent=0.389  grad=0.45/0.45  h=0.3 c=3.5  kl=0.0262  vl=0.0572
Step: 11419648 SPS: 3895  ev=0.642  ent=0.400  grad=0.57/0.50  h=0.3 c=3.4  kl=0.0176  vl=0.0579
Step: 11423744 SPS: 3895  ev=0.716  ent=0.395  grad=0.41/0.41  h=0.3 c=3.1  kl=0.0221  vl=0.0525
Step: 11427840 SPS: 3894  ev=0.609  ent=0.391  grad=0.29/0.29  h=0.3 c=3.3  kl=0.0091  vl=0.0446
Step: 11431936 SPS: 3894  ev=0.651  ent=0.431  grad=0.59/0.50  h=0.3 c=3.4  kl=0.0207  vl=0.0454
Step: 11436032 SPS: 3894  ev=0.597  ent=0.386  grad=0.36/0.36  h=0.2 c=3.7  kl=0.0142  vl=0.0470
Step: 11440128 SPS: 3894  ev=0.657  ent=0.351  grad=0.35/0.35  h=0.3 c=3.4  kl=0.0168  vl=0.0517
Step: 11444224 SPS: 3894  ev=0.613  ent=0.399  grad=0.35/0.35  h=0.3 c=3.2  kl=0.0144  vl=0.0589
Step: 11448320 SPS: 3894  ev=0.641  ent=0.389  grad=0.37/0.37  h=0.3 c=3.5  kl=0.0154  vl=0.0499
Step: 11452416 SPS: 3894  ev=0.659  ent=0.407  grad=0.55/0.50  h=0.2 c=3.4  kl=0.0248  vl=0.0554
Step: 11456512 SPS: 3894  ev=0.620  ent=0.373  grad=0.59/0.50  h=0.3 c=3.7  kl=0.0212  vl=0.0525
Step: 11460608 SPS: 3894  ev=0.638  ent=0.365  grad=0.35/0.35  h=0.3 c=3.1  kl=0.0143  vl=0.0535
Step: 11464704 SPS: 3894  ev=0.609  ent=0.386  grad=0.31/0.31  h=0.3 c=3.4  kl=0.0110  vl=0.0374
  vs Heur:   32W/71L/1D | score=2.7±11.7 inv=0.0 played=15.5 lanes=5.0 ddraw=0.4 pts=3
  vs Random: 100W/0L/0D | score=17.4±16.1 inv=0.0 played=17.9 lanes=5.0 ddraw=3.6 pts=17
  Self-play: 44W/55L/2D | score=4.0±11.4 inv=0.0 played=15.6 lanes=5.0 ddraw=0.4 pts=4
Step: 11468800 SPS: 3894  ev=0.658  ent=0.353  grad=0.47/0.47  h=0.2 c=2.9  kl=0.0184  vl=0.0398
Step: 11472896 SPS: 3894  ev=0.579  ent=0.434  grad=0.34/0.34  h=0.2 c=3.1  kl=0.0197  vl=0.0449
Step: 11476992 SPS: 3894  ev=0.631  ent=0.403  grad=0.39/0.39  h=0.3 c=3.0  kl=0.0228  vl=0.0410
Step: 11481088 SPS: 3894  ev=0.679  ent=0.391  grad=0.40/0.40  h=0.3 c=3.7  kl=0.0196  vl=0.0365
Step: 11485184 SPS: 3894  ev=0.680  ent=0.377  grad=0.42/0.42  h=0.2 c=2.7  kl=0.0160  vl=0.0568
Step: 11489280 SPS: 3894  ev=0.678  ent=0.384  grad=0.40/0.40  h=0.3 c=3.7  kl=0.0164  vl=0.0449
Step: 11493376 SPS: 3894  ev=0.622  ent=0.364  grad=0.39/0.39  h=0.3 c=3.2  kl=0.0126  vl=0.0505
Step: 11497472 SPS: 3894  ev=0.635  ent=0.382  grad=0.38/0.38  h=0.3 c=3.3  kl=0.0163  vl=0.0374
Step: 11501568 SPS: 3894  ev=0.679  ent=0.378  grad=0.40/0.40  h=0.2 c=4.1  kl=0.0194  vl=0.0409
Step: 11505664 SPS: 3894  ev=0.665  ent=0.403  grad=0.40/0.40  h=0.2 c=3.3  kl=0.0230  vl=0.0404
Step: 11509760 SPS: 3894  ev=0.644  ent=0.401  grad=0.37/0.37  h=0.3 c=3.2  kl=0.0208  vl=0.0462
Step: 11513856 SPS: 3894  ev=0.663  ent=0.356  grad=0.33/0.33  h=0.3 c=3.2  kl=0.0185  vl=0.0353
Step: 11517952 SPS: 3894  ev=0.669  ent=0.397  grad=0.50/0.50  h=0.2 c=2.6  kl=0.0596  vl=0.0385
Step: 11522048 SPS: 3894  ev=0.628  ent=0.389  grad=0.37/0.37  h=0.2 c=2.7  kl=0.0182  vl=0.0424
Step: 11526144 SPS: 3894  ev=0.650  ent=0.388  grad=0.47/0.47  h=0.2 c=3.0  kl=0.0163  vl=0.0481
Step: 11530240 SPS: 3894  ev=0.647  ent=0.382  grad=0.36/0.36  h=0.2 c=2.9  kl=0.0229  vl=0.0515
Step: 11534336 SPS: 3894  ev=0.693  ent=0.448  grad=0.45/0.45  h=0.2 c=2.9  kl=0.0246  vl=0.0386
Step: 11538432 SPS: 3894  ev=0.652  ent=0.387  grad=0.30/0.30  h=0.2 c=2.9  kl=0.0185  vl=0.0451
Step: 11542528 SPS: 3894  ev=0.639  ent=0.414  grad=0.44/0.44  h=0.2 c=2.3  kl=0.0192  vl=0.0438
Step: 11546624 SPS: 3894  ev=0.640  ent=0.386  grad=0.52/0.50  h=0.2 c=2.5  kl=0.0224  vl=0.0460
  vs Heur:   27W/72L/1D | score=1.1±14.7 inv=0.0 played=15.4 lanes=5.0 ddraw=0.6 pts=1
  vs Random: 100W/0L/0D | score=23.8±14.3 inv=0.0 played=18.8 lanes=5.0 ddraw=2.8 pts=24
  Self-play: 64W/36L/1D | score=5.1±11.1 inv=0.0 played=15.9 lanes=5.0 ddraw=0.4 pts=5
Step: 11550720 SPS: 3894  ev=0.639  ent=0.398  grad=0.32/0.32  h=0.2 c=2.6  kl=0.0240  vl=0.0508
Step: 11554816 SPS: 3894  ev=0.641  ent=0.383  grad=0.30/0.30  h=0.2 c=2.5  kl=0.0143  vl=0.0530
Step: 11558912 SPS: 3894  ev=0.671  ent=0.389  grad=0.33/0.33  h=0.2 c=2.7  kl=0.0158  vl=0.0421
Step: 11563008 SPS: 3894  ev=0.628  ent=0.372  grad=0.36/0.36  h=0.2 c=2.6  kl=0.0174  vl=0.0481
Step: 11567104 SPS: 3894  ev=0.626  ent=0.385  grad=0.53/0.50  h=0.2 c=2.4  kl=0.0158  vl=0.0450
Step: 11571200 SPS: 3894  ev=0.659  ent=0.405  grad=0.48/0.48  h=0.2 c=2.7  kl=0.0230  vl=0.0638
Step: 11575296 SPS: 3894  ev=0.637  ent=0.361  grad=0.38/0.38  h=0.2 c=2.4  kl=0.0133  vl=0.0464
Step: 11579392 SPS: 3894  ev=0.656  ent=0.391  grad=0.34/0.34  h=0.2 c=2.6  kl=0.0141  vl=0.0557
Step: 11583488 SPS: 3894  ev=0.680  ent=0.381  grad=0.34/0.34  h=0.2 c=2.4  kl=0.0133  vl=0.0451
Step: 11587584 SPS: 3894  ev=0.689  ent=0.372  grad=0.33/0.33  h=0.1 c=2.8  kl=0.0177  vl=0.0488
Step: 11591680 SPS: 3894  ev=0.643  ent=0.378  grad=0.40/0.40  h=0.1 c=2.4  kl=0.0204  vl=0.0394
Step: 11595776 SPS: 3894  ev=0.637  ent=0.393  grad=0.48/0.48  h=0.1 c=3.2  kl=0.0254  vl=0.0510
Step: 11599872 SPS: 3894  ev=0.679  ent=0.367  grad=0.41/0.41  h=0.1 c=2.8  kl=0.0269  vl=0.0389
Step: 11603968 SPS: 3894  ev=0.642  ent=0.374  grad=0.46/0.46  h=0.2 c=2.7  kl=0.0168  vl=0.0390
Step: 11608064 SPS: 3894  ev=0.629  ent=0.379  grad=0.42/0.42  h=0.1 c=2.8  kl=0.0245  vl=0.0469
Step: 11612160 SPS: 3894  ev=0.679  ent=0.368  grad=0.35/0.35  h=0.2 c=2.7  kl=0.0129  vl=0.0353
Step: 11616256 SPS: 3894  ev=0.653  ent=0.370  grad=0.35/0.35  h=0.1 c=3.5  kl=0.0124  vl=0.0394
Step: 11620352 SPS: 3894  ev=0.634  ent=0.389  grad=0.34/0.34  h=0.2 c=2.7  kl=0.0239  vl=0.0518
Step: 11624448 SPS: 3894  ev=0.667  ent=0.402  grad=0.36/0.36  h=0.1 c=3.3  kl=0.0158  vl=0.0455
Step: 11628544 SPS: 3894  ev=0.656  ent=0.379  grad=0.34/0.34  h=0.2 c=2.9  kl=0.0120  vl=0.0347
  vs Heur:   37W/66L/1D | score=2.6±13.2 inv=0.0 played=15.5 lanes=5.0 ddraw=0.4 pts=3
  vs Random: 101W/0L/0D | score=21.7±16.4 inv=0.0 played=18.3 lanes=5.0 ddraw=3.1 pts=22
  Self-play: 54W/52L/1D | score=3.2±10.6 inv=0.0 played=15.5 lanes=5.0 ddraw=0.4 pts=3
Step: 11632640 SPS: 3894  ev=0.653  ent=0.402  grad=0.46/0.46  h=0.1 c=3.3  kl=0.0144  vl=0.0449
Step: 11636736 SPS: 3894  ev=0.614  ent=0.398  grad=0.27/0.27  h=0.1 c=3.2  kl=0.0256  vl=0.0537
Step: 11640832 SPS: 3894  ev=0.648  ent=0.391  grad=0.43/0.43  h=0.2 c=2.9  kl=0.0173  vl=0.0507
Step: 11644928 SPS: 3894  ev=0.644  ent=0.391  grad=0.59/0.50  h=0.1 c=2.7  kl=0.0165  vl=0.0394
Step: 11649024 SPS: 3894  ev=0.622  ent=0.411  grad=0.48/0.48  h=0.2 c=3.0  kl=0.0231  vl=0.0474
Step: 11653120 SPS: 3894  ev=0.686  ent=0.386  grad=0.39/0.39  h=0.1 c=3.2  kl=0.0229  vl=0.0427
Step: 11657216 SPS: 3894  ev=0.650  ent=0.380  grad=0.44/0.44  h=0.1 c=3.1  kl=0.0165  vl=0.0372
Step: 11661312 SPS: 3894  ev=0.691  ent=0.388  grad=0.41/0.41  h=0.1 c=2.5  kl=0.0161  vl=0.0420
Step: 11665408 SPS: 3894  ev=0.661  ent=0.399  grad=0.45/0.45  h=0.1 c=3.3  kl=0.0220  vl=0.0486
Step: 11669504 SPS: 3894  ev=0.636  ent=0.402  grad=0.49/0.49  h=0.1 c=2.8  kl=0.0331  vl=0.0562
Step: 11673600 SPS: 3894  ev=0.624  ent=0.414  grad=0.32/0.32  h=0.1 c=2.8  kl=0.0311  vl=0.0538
Step: 11677696 SPS: 3894  ev=0.705  ent=0.393  grad=0.38/0.38  h=0.1 c=2.9  kl=0.0157  vl=0.0449
Step: 11681792 SPS: 3894  ev=0.692  ent=0.408  grad=0.52/0.50  h=0.1 c=3.5  kl=0.0162  vl=0.0434
Step: 11685888 SPS: 3894  ev=0.692  ent=0.374  grad=0.51/0.50  h=0.1 c=3.2  kl=0.0202  vl=0.0441
Step: 11689984 SPS: 3894  ev=0.683  ent=0.412  grad=0.31/0.31  h=0.1 c=2.8  kl=0.0294  vl=0.0511
Step: 11694080 SPS: 3894  ev=0.682  ent=0.358  grad=0.37/0.37  h=0.1 c=2.6  kl=0.0144  vl=0.0537
Step: 11698176 SPS: 3894  ev=0.676  ent=0.364  grad=0.30/0.30  h=0.1 c=3.4  kl=0.0170  vl=0.0524
Step: 11702272 SPS: 3894  ev=0.652  ent=0.387  grad=0.40/0.40  h=0.2 c=2.1  kl=0.0373  vl=0.0339
Step: 11706368 SPS: 3894  ev=0.616  ent=0.397  grad=0.48/0.48  h=0.2 c=2.7  kl=0.0162  vl=0.0451
Step: 11710464 SPS: 3894  ev=0.659  ent=0.375  grad=0.38/0.38  h=0.2 c=3.2  kl=0.0182  vl=0.0468
  vs Heur:   38W/63L/0D | score=2.2±14.1 inv=0.0 played=15.6 lanes=5.0 ddraw=0.4 pts=2
  vs Random: 100W/0L/0D | score=22.2±14.7 inv=0.0 played=18.4 lanes=5.0 ddraw=2.8 pts=22
  Self-play: 51W/56L/0D | score=2.4±12.0 inv=0.0 played=15.4 lanes=5.0 ddraw=0.3 pts=2
Step: 11714560 SPS: 3894  ev=0.663  ent=0.363  grad=0.38/0.38  h=0.1 c=2.5  kl=0.0127  vl=0.0302
Step: 11718656 SPS: 3894  ev=0.658  ent=0.356  grad=0.33/0.33  h=0.1 c=3.0  kl=0.0202  vl=0.0436
Step: 11722752 SPS: 3894  ev=0.626  ent=0.356  grad=0.44/0.44  h=0.1 c=2.8  kl=0.0145  vl=0.0397
Step: 11726848 SPS: 3894  ev=0.671  ent=0.376  grad=0.33/0.33  h=0.2 c=2.7  kl=0.0198  vl=0.0498
Step: 11730944 SPS: 3894  ev=0.694  ent=0.406  grad=0.42/0.42  h=0.1 c=2.9  kl=0.0105  vl=0.0492
Step: 11735040 SPS: 3894  ev=0.674  ent=0.376  grad=0.30/0.30  h=0.1 c=3.1  kl=0.0123  vl=0.0455
Step: 11739136 SPS: 3894  ev=0.654  ent=0.375  grad=0.52/0.50  h=0.1 c=3.0  kl=0.0126  vl=0.0515
Step: 11743232 SPS: 3894  ev=0.651  ent=0.376  grad=0.47/0.47  h=0.1 c=2.8  kl=0.0170  vl=0.0562
Step: 11747328 SPS: 3894  ev=0.691  ent=0.360  grad=0.41/0.41  h=0.1 c=2.7  kl=0.0187  vl=0.0537
Step: 11751424 SPS: 3894  ev=0.621  ent=0.374  grad=0.43/0.43  h=0.1 c=2.5  kl=0.0195  vl=0.0452
Step: 11755520 SPS: 3894  ev=0.621  ent=0.352  grad=0.30/0.30  h=0.1 c=2.3  kl=0.0129  vl=0.0392
Step: 11759616 SPS: 3894  ev=0.629  ent=0.353  grad=0.33/0.33  h=0.1 c=2.4  kl=0.0155  vl=0.0488
Step: 11763712 SPS: 3894  ev=0.594  ent=0.365  grad=0.28/0.28  h=0.1 c=2.6  kl=0.0120  vl=0.0494
Step: 11767808 SPS: 3894  ev=0.689  ent=0.382  grad=0.37/0.37  h=0.2 c=1.9  kl=0.0190  vl=0.0556
Step: 11771904 SPS: 3894  ev=0.678  ent=0.368  grad=0.35/0.35  h=0.1 c=2.1  kl=0.0295  vl=0.0354
Step: 11776000 SPS: 3894  ev=0.664  ent=0.398  grad=0.41/0.41  h=0.1 c=2.2  kl=0.0166  vl=0.0450
Step: 11780096 SPS: 3894  ev=0.656  ent=0.368  grad=0.49/0.49  h=0.1 c=2.1  kl=0.0141  vl=0.0469
Step: 11784192 SPS: 3894  ev=0.644  ent=0.385  grad=0.30/0.30  h=0.1 c=2.5  kl=0.0212  vl=0.0627
Step: 11788288 SPS: 3894  ev=0.671  ent=0.381  grad=0.33/0.33  h=0.2 c=2.1  kl=0.0174  vl=0.0534
Step: 11792384 SPS: 3893  ev=0.653  ent=0.403  grad=0.65/0.50  h=0.1 c=2.2  kl=0.0260  vl=0.0439
  vs Heur:   50W/49L/3D | score=3.4±12.6 inv=0.0 played=15.5 lanes=5.0 ddraw=0.6 pts=3
  vs Random: 101W/0L/0D | score=26.9±14.3 inv=0.0 played=18.6 lanes=5.0 ddraw=2.9 pts=27
  Self-play: 46W/55L/2D | score=3.0±10.5 inv=0.0 played=15.6 lanes=5.0 ddraw=0.3 pts=3
Step: 11796480 SPS: 3893  ev=0.611  ent=0.388  grad=0.26/0.26  h=0.2 c=2.5  kl=0.0165  vl=0.0508
Step: 11800576 SPS: 3893  ev=0.666  ent=0.366  grad=0.36/0.36  h=0.2 c=2.4  kl=0.0188  vl=0.0367
Step: 11804672 SPS: 3893  ev=0.648  ent=0.405  grad=0.44/0.44  h=0.2 c=2.2  kl=0.0294  vl=0.0545
Step: 11808768 SPS: 3893  ev=0.663  ent=0.386  grad=0.71/0.50  h=0.2 c=2.3  kl=0.0154  vl=0.0746
Step: 11812864 SPS: 3893  ev=0.661  ent=0.372  grad=0.49/0.49  h=0.1 c=2.3  kl=0.0140  vl=0.0530
Step: 11816960 SPS: 3894  ev=0.642  ent=0.394  grad=0.33/0.33  h=0.2 c=1.9  kl=0.0212  vl=0.0572
Step: 11821056 SPS: 3894  ev=0.667  ent=0.370  grad=0.31/0.31  h=0.1 c=2.7  kl=0.0168  vl=0.0350
Step: 11825152 SPS: 3894  ev=0.635  ent=0.382  grad=0.34/0.34  h=0.2 c=2.3  kl=0.0150  vl=0.0388
Step: 11829248 SPS: 3894  ev=0.668  ent=0.383  grad=0.34/0.34  h=0.2 c=2.7  kl=0.0195  vl=0.0563
Step: 11833344 SPS: 3894  ev=0.680  ent=0.361  grad=0.31/0.31  h=0.2 c=2.3  kl=0.0145  vl=0.0460
Step: 11837440 SPS: 3893  ev=0.649  ent=0.386  grad=0.39/0.39  h=0.2 c=2.7  kl=0.0125  vl=0.0492
Step: 11841536 SPS: 3893  ev=0.706  ent=0.340  grad=0.29/0.29  h=0.2 c=2.5  kl=0.0140  vl=0.0441
Step: 11845632 SPS: 3893  ev=0.623  ent=0.403  grad=0.51/0.50  h=0.2 c=2.6  kl=0.0147  vl=0.0482
Step: 11849728 SPS: 3893  ev=0.661  ent=0.361  grad=0.41/0.41  h=0.2 c=1.8  kl=0.0167  vl=0.0413
Step: 11853824 SPS: 3893  ev=0.702  ent=0.353  grad=0.42/0.42  h=0.2 c=2.5  kl=0.0120  vl=0.0426
Step: 11857920 SPS: 3893  ev=0.611  ent=0.380  grad=0.46/0.46  h=0.3 c=2.5  kl=0.0131  vl=0.0423
Step: 11862016 SPS: 3893  ev=0.648  ent=0.415  grad=0.42/0.42  h=0.3 c=2.7  kl=0.0147  vl=0.0581
Step: 11866112 SPS: 3893  ev=0.635  ent=0.359  grad=0.36/0.36  h=0.3 c=2.2  kl=0.0275  vl=0.0575
Step: 11870208 SPS: 3893  ev=0.643  ent=0.374  grad=0.38/0.38  h=0.2 c=2.7  kl=0.0192  vl=0.0501
Step: 11874304 SPS: 3893  ev=0.656  ent=0.394  grad=0.33/0.33  h=0.3 c=2.4  kl=0.0159  vl=0.0387
  vs Heur:   30W/68L/2D | score=1.6±13.1 inv=0.0 played=15.4 lanes=5.0 ddraw=0.5 pts=2
  vs Random: 100W/0L/0D | score=22.0±16.2 inv=0.0 played=18.5 lanes=5.0 ddraw=2.3 pts=22
  Self-play: 51W/52L/1D | score=4.6±12.1 inv=0.0 played=15.8 lanes=5.0 ddraw=0.2 pts=5
Step: 11878400 SPS: 3893  ev=0.661  ent=0.383  grad=0.40/0.40  h=0.3 c=2.5  kl=0.0257  vl=0.0559
Step: 11882496 SPS: 3893  ev=0.634  ent=0.381  grad=0.40/0.40  h=0.3 c=2.1  kl=0.0253  vl=0.0553
Step: 11886592 SPS: 3893  ev=0.670  ent=0.382  grad=0.30/0.30  h=0.3 c=2.5  kl=0.0184  vl=0.0509
Step: 11890688 SPS: 3893  ev=0.665  ent=0.363  grad=0.28/0.28  h=0.2 c=2.1  kl=0.0143  vl=0.0510
Step: 11894784 SPS: 3893  ev=0.582  ent=0.395  grad=0.54/0.50  h=0.3 c=2.9  kl=0.0169  vl=0.0494
Step: 11898880 SPS: 3893  ev=0.659  ent=0.416  grad=0.42/0.42  h=0.3 c=2.6  kl=0.0216  vl=0.0454
Step: 11902976 SPS: 3893  ev=0.604  ent=0.371  grad=0.36/0.36  h=0.3 c=2.5  kl=0.0172  vl=0.0575
Step: 11907072 SPS: 3893  ev=0.629  ent=0.387  grad=0.38/0.38  h=0.3 c=2.8  kl=0.0252  vl=0.0478
Step: 11911168 SPS: 3893  ev=0.662  ent=0.401  grad=0.35/0.35  h=0.3 c=2.5  kl=0.0207  vl=0.0593
Step: 11915264 SPS: 3893  ev=0.660  ent=0.395  grad=0.34/0.34  h=0.3 c=2.8  kl=0.0227  vl=0.0493
Step: 11919360 SPS: 3893  ev=0.653  ent=0.382  grad=0.49/0.49  h=0.3 c=2.2  kl=0.0305  vl=0.0614
Step: 11923456 SPS: 3893  ev=0.633  ent=0.368  grad=0.30/0.30  h=0.3 c=2.4  kl=0.0275  vl=0.0464
Step: 11927552 SPS: 3893  ev=0.654  ent=0.405  grad=0.29/0.29  h=0.3 c=2.1  kl=0.0170  vl=0.0546
Step: 11931648 SPS: 3893  ev=0.662  ent=0.381  grad=0.31/0.31  h=0.3 c=1.7  kl=0.0155  vl=0.0433
Step: 11935744 SPS: 3893  ev=0.681  ent=0.392  grad=0.43/0.43  h=0.3 c=2.4  kl=0.0206  vl=0.0517
Step: 11939840 SPS: 3893  ev=0.647  ent=0.382  grad=0.48/0.48  h=0.3 c=2.5  kl=0.0169  vl=0.0560
Step: 11943936 SPS: 3893  ev=0.670  ent=0.400  grad=0.44/0.44  h=0.3 c=2.6  kl=0.0148  vl=0.0555
Step: 11948032 SPS: 3893  ev=0.622  ent=0.391  grad=0.30/0.30  h=0.2 c=2.1  kl=0.0190  vl=0.0522
Step: 11952128 SPS: 3893  ev=0.651  ent=0.368  grad=0.69/0.50  h=0.2 c=1.9  kl=0.0178  vl=0.0450
Step: 11956224 SPS: 3893  ev=0.659  ent=0.382  grad=0.32/0.32  h=0.2 c=2.5  kl=0.0324  vl=0.0437
  vs Heur:   25W/78L/1D | score=2.3±11.0 inv=0.0 played=15.6 lanes=5.0 ddraw=0.2 pts=2
  vs Random: 101W/0L/0D | score=23.5±16.0 inv=0.0 played=18.8 lanes=5.0 ddraw=2.5 pts=24
  Self-play: 56W/46L/2D | score=3.7±11.0 inv=0.0 played=15.6 lanes=5.0 ddraw=0.3 pts=4
Step: 11960320 SPS: 3893  ev=0.658  ent=0.373  grad=0.40/0.40  h=0.2 c=2.8  kl=0.0143  vl=0.0414
Step: 11964416 SPS: 3893  ev=0.659  ent=0.373  grad=0.38/0.38  h=0.3 c=2.6  kl=0.0159  vl=0.0446
Step: 11968512 SPS: 3893  ev=0.667  ent=0.400  grad=0.28/0.28  h=0.3 c=2.4  kl=0.0180  vl=0.0483
Step: 11972608 SPS: 3893  ev=0.673  ent=0.390  grad=0.53/0.50  h=0.2 c=2.2  kl=0.0314  vl=0.0485
Step: 11976704 SPS: 3893  ev=0.675  ent=0.362  grad=0.33/0.33  h=0.3 c=2.2  kl=0.0266  vl=0.0661
Step: 11980800 SPS: 3893  ev=0.671  ent=0.365  grad=0.49/0.49  h=0.3 c=2.3  kl=0.0149  vl=0.0515
Step: 11984896 SPS: 3893  ev=0.668  ent=0.378  grad=0.32/0.32  h=0.2 c=2.8  kl=0.0133  vl=0.0572
Step: 11988992 SPS: 3893  ev=0.647  ent=0.378  grad=0.36/0.36  h=0.3 c=2.9  kl=0.0257  vl=0.0452
Step: 11993088 SPS: 3893  ev=0.649  ent=0.360  grad=0.36/0.36  h=0.2 c=2.5  kl=0.0222  vl=0.0485
Step: 11997184 SPS: 3893  ev=0.621  ent=0.394  grad=0.40/0.40  h=0.2 c=2.4  kl=0.0137  vl=0.0527
Step: 12001280 SPS: 3893  ev=0.649  ent=0.364  grad=0.65/0.50  h=0.2 c=2.2  kl=0.0166  vl=0.0430
Step: 12005376 SPS: 3893  ev=0.675  ent=0.360  grad=0.33/0.33  h=0.3 c=2.4  kl=0.0114  vl=0.0390
Step: 12009472 SPS: 3893  ev=0.630  ent=0.374  grad=0.38/0.38  h=0.3 c=2.3  kl=0.0181  vl=0.0465
Step: 12013568 SPS: 3893  ev=0.670  ent=0.362  grad=0.41/0.41  h=0.2 c=1.9  kl=0.0162  vl=0.0504
Step: 12017664 SPS: 3893  ev=0.651  ent=0.396  grad=0.51/0.50  h=0.2 c=3.1  kl=0.0170  vl=0.0515
Step: 12021760 SPS: 3893  ev=0.629  ent=0.362  grad=0.30/0.30  h=0.2 c=2.3  kl=0.0221  vl=0.0555
Step: 12025856 SPS: 3893  ev=0.621  ent=0.343  grad=0.52/0.50  h=0.2 c=1.8  kl=0.0248  vl=0.0597
Step: 12029952 SPS: 3893  ev=0.616  ent=0.359  grad=0.41/0.41  h=0.2 c=2.3  kl=0.0157  vl=0.0510
Step: 12034048 SPS: 3893  ev=0.671  ent=0.360  grad=0.32/0.32  h=0.2 c=2.2  kl=0.0159  vl=0.0339
Step: 12038144 SPS: 3893  ev=0.635  ent=0.360  grad=0.54/0.50  h=0.2 c=2.9  kl=0.0178  vl=0.0675
  vs Heur:   40W/71L/3D | score=2.8±11.9 inv=0.0 played=15.5 lanes=5.0 ddraw=0.4 pts=3
  vs Random: 101W/0L/0D | score=25.0±16.2 inv=0.0 played=18.8 lanes=5.0 ddraw=1.7 pts=25
  Self-play: 48W/59L/3D | score=1.7±13.7 inv=0.0 played=15.4 lanes=5.0 ddraw=0.2 pts=2
Step: 12042240 SPS: 3892  ev=0.639  ent=0.379  grad=0.32/0.32  h=0.2 c=2.0  kl=0.0166  vl=0.0384
Step: 12046336 SPS: 3893  ev=0.611  ent=0.387  grad=0.41/0.41  h=0.3 c=2.1  kl=0.0134  vl=0.0385
Step: 12050432 SPS: 3893  ev=0.651  ent=0.363  grad=0.47/0.47  h=0.2 c=2.5  kl=0.0214  vl=0.0489
Step: 12054528 SPS: 3893  ev=0.635  ent=0.387  grad=0.51/0.50  h=0.3 c=2.9  kl=0.0184  vl=0.0686
Step: 12058624 SPS: 3893  ev=0.627  ent=0.379  grad=0.44/0.44  h=0.2 c=2.7  kl=0.0218  vl=0.0579
Step: 12062720 SPS: 3893  ev=0.663  ent=0.392  grad=0.61/0.50  h=0.3 c=1.9  kl=0.0228  vl=0.0378
Step: 12066816 SPS: 3893  ev=0.697  ent=0.403  grad=0.46/0.46  h=0.3 c=2.5  kl=0.0199  vl=0.0507
Step: 12070912 SPS: 3893  ev=0.669  ent=0.387  grad=0.45/0.45  h=0.2 c=2.4  kl=0.0167  vl=0.0530
Step: 12075008 SPS: 3893  ev=0.598  ent=0.378  grad=0.50/0.50  h=0.3 c=2.1  kl=0.0221  vl=0.0520
Step: 12079104 SPS: 3893  ev=0.579  ent=0.412  grad=0.49/0.49  h=0.2 c=2.2  kl=0.0253  vl=0.0655
Step: 12083200 SPS: 3893  ev=0.661  ent=0.408  grad=0.43/0.43  h=0.3 c=2.5  kl=0.0200  vl=0.0427
Step: 12087296 SPS: 3893  ev=0.652  ent=0.395  grad=0.55/0.50  h=0.2 c=2.2  kl=0.0267  vl=0.0515
Step: 12091392 SPS: 3893  ev=0.650  ent=0.371  grad=0.40/0.40  h=0.3 c=1.6  kl=0.0214  vl=0.0525
Step: 12095488 SPS: 3893  ev=0.697  ent=0.364  grad=0.59/0.50  h=0.2 c=2.1  kl=0.0203  vl=0.0496
Step: 12099584 SPS: 3893  ev=0.646  ent=0.362  grad=0.35/0.35  h=0.2 c=2.0  kl=0.0130  vl=0.0545
Step: 12103680 SPS: 3893  ev=0.627  ent=0.367  grad=0.42/0.42  h=0.2 c=1.5  kl=0.0132  vl=0.0496
Step: 12107776 SPS: 3893  ev=0.681  ent=0.414  grad=0.38/0.38  h=0.2 c=1.8  kl=0.0220  vl=0.0608
Step: 12111872 SPS: 3893  ev=0.677  ent=0.357  grad=0.37/0.37  h=0.2 c=2.4  kl=0.0163  vl=0.0577
Step: 12115968 SPS: 3893  ev=0.692  ent=0.347  grad=0.38/0.38  h=0.2 c=1.6  kl=0.0150  vl=0.0554
Step: 12120064 SPS: 3893  ev=0.703  ent=0.358  grad=0.35/0.35  h=0.2 c=1.6  kl=0.0164  vl=0.0512
  vs Heur:   38W/66L/3D | score=2.1±13.3 inv=0.0 played=15.5 lanes=5.0 ddraw=0.3 pts=2
  vs Random: 100W/0L/0D | score=25.1±13.6 inv=0.0 played=18.8 lanes=5.0 ddraw=1.6 pts=25
  Self-play: 55W/54L/3D | score=3.6±12.1 inv=0.0 played=15.5 lanes=5.0 ddraw=0.2 pts=4
Step: 12124160 SPS: 3893  ev=0.667  ent=0.366  grad=0.43/0.43  h=0.2 c=1.9  kl=0.0268  vl=0.0552
Step: 12128256 SPS: 3893  ev=0.636  ent=0.343  grad=0.40/0.40  h=0.2 c=1.6  kl=0.0168  vl=0.0481
Step: 12132352 SPS: 3893  ev=0.697  ent=0.395  grad=0.58/0.50  h=0.2 c=1.6  kl=0.0192  vl=0.0446
Step: 12136448 SPS: 3893  ev=0.649  ent=0.365  grad=0.41/0.41  h=0.2 c=1.6  kl=0.0203  vl=0.0547
Step: 12140544 SPS: 3893  ev=0.637  ent=0.358  grad=0.41/0.41  h=0.2 c=1.5  kl=0.0155  vl=0.0439
Step: 12144640 SPS: 3894  ev=0.657  ent=0.364  grad=0.44/0.44  h=0.2 c=1.8  kl=0.0196  vl=0.0411
Step: 12148736 SPS: 3894  ev=0.679  ent=0.356  grad=0.35/0.35  h=0.2 c=2.1  kl=0.0211  vl=0.0518
Step: 12152832 SPS: 3894  ev=0.665  ent=0.373  grad=0.32/0.32  h=0.2 c=2.2  kl=0.0283  vl=0.0548
Step: 12156928 SPS: 3893  ev=0.648  ent=0.372  grad=0.33/0.33  h=0.2 c=2.5  kl=0.0221  vl=0.0483
Step: 12161024 SPS: 3894  ev=0.649  ent=0.352  grad=0.43/0.43  h=0.1 c=2.2  kl=0.0194  vl=0.0546
Step: 12165120 SPS: 3893  ev=0.684  ent=0.366  grad=0.38/0.38  h=0.2 c=1.8  kl=0.0143  vl=0.0444
Step: 12169216 SPS: 3893  ev=0.671  ent=0.359  grad=0.72/0.50  h=0.2 c=2.1  kl=0.0174  vl=0.0490
Step: 12173312 SPS: 3893  ev=0.668  ent=0.349  grad=0.45/0.45  h=0.2 c=2.1  kl=0.0212  vl=0.0539
Step: 12177408 SPS: 3893  ev=0.632  ent=0.375  grad=0.54/0.50  h=0.2 c=2.4  kl=0.0194  vl=0.0688
Step: 12181504 SPS: 3893  ev=0.570  ent=0.377  grad=0.41/0.41  h=0.2 c=1.9  kl=0.0168  vl=0.0523
Step: 12185600 SPS: 3894  ev=0.667  ent=0.377  grad=0.43/0.43  h=0.2 c=2.2  kl=0.0190  vl=0.0442
Step: 12189696 SPS: 3894  ev=0.662  ent=0.351  grad=0.32/0.32  h=0.1 c=2.3  kl=0.0203  vl=0.0612
Step: 12193792 SPS: 3894  ev=0.664  ent=0.373  grad=0.36/0.36  h=0.2 c=1.9  kl=0.0243  vl=0.0415
Step: 12197888 SPS: 3894  ev=0.706  ent=0.355  grad=0.36/0.36  h=0.2 c=2.4  kl=0.0309  vl=0.0462
Step: 12201984 SPS: 3894  ev=0.658  ent=0.372  grad=0.33/0.33  h=0.2 c=2.1  kl=0.0260  vl=0.0583
  vs Heur:   24W/74L/5D | score=-0.3±11.1 inv=0.0 played=15.2 lanes=5.0 ddraw=0.4 pts=-0
  vs Random: 100W/0L/0D | score=23.6±13.6 inv=0.0 played=18.2 lanes=5.0 ddraw=1.8 pts=24
  Self-play: 53W/52L/3D | score=4.6±10.9 inv=0.0 played=15.7 lanes=5.0 ddraw=0.2 pts=5
Step: 12206080 SPS: 3893  ev=0.625  ent=0.350  grad=0.44/0.44  h=0.2 c=2.5  kl=0.0249  vl=0.0511
Step: 12210176 SPS: 3893  ev=0.657  ent=0.393  grad=0.44/0.44  h=0.2 c=2.6  kl=0.0177  vl=0.0524
Step: 12214272 SPS: 3893  ev=0.683  ent=0.369  grad=0.34/0.34  h=0.2 c=2.1  kl=0.0165  vl=0.0569
Step: 12218368 SPS: 3893  ev=0.670  ent=0.377  grad=0.34/0.34  h=0.2 c=2.3  kl=0.0283  vl=0.0465
Step: 12222464 SPS: 3893  ev=0.698  ent=0.351  grad=0.34/0.34  h=0.2 c=2.1  kl=0.0199  vl=0.0348
Step: 12226560 SPS: 3894  ev=0.681  ent=0.344  grad=0.28/0.28  h=0.2 c=2.4  kl=0.0248  vl=0.0485
Step: 12230656 SPS: 3894  ev=0.600  ent=0.375  grad=0.33/0.33  h=0.2 c=2.5  kl=0.0169  vl=0.0507
Step: 12234752 SPS: 3894  ev=0.643  ent=0.342  grad=0.47/0.47  h=0.1 c=1.9  kl=0.0264  vl=0.0544
Step: 12238848 SPS: 3894  ev=0.663  ent=0.359  grad=0.47/0.47  h=0.2 c=2.0  kl=0.0174  vl=0.0459
Step: 12242944 SPS: 3894  ev=0.659  ent=0.376  grad=0.46/0.46  h=0.2 c=1.9  kl=0.0174  vl=0.0442
Step: 12247040 SPS: 3894  ev=0.663  ent=0.350  grad=0.40/0.40  h=0.2 c=1.5  kl=0.0201  vl=0.0620
Step: 12251136 SPS: 3894  ev=0.679  ent=0.363  grad=0.34/0.34  h=0.2 c=1.9  kl=0.0199  vl=0.0482
Step: 12255232 SPS: 3894  ev=0.672  ent=0.391  grad=0.42/0.42  h=0.2 c=2.1  kl=0.0207  vl=0.0570
Step: 12259328 SPS: 3894  ev=0.680  ent=0.368  grad=0.31/0.31  h=0.2 c=2.5  kl=0.0178  vl=0.0442
Step: 12263424 SPS: 3894  ev=0.689  ent=0.384  grad=0.38/0.38  h=0.2 c=2.1  kl=0.0214  vl=0.0399
Step: 12267520 SPS: 3894  ev=0.584  ent=0.370  grad=0.35/0.35  h=0.2 c=2.2  kl=0.0205  vl=0.0452
Step: 12271616 SPS: 3894  ev=0.645  ent=0.370  grad=0.32/0.32  h=0.2 c=2.2  kl=0.0131  vl=0.0409
Step: 12275712 SPS: 3894  ev=0.633  ent=0.382  grad=0.43/0.43  h=0.2 c=1.9  kl=0.0163  vl=0.0511
Step: 12279808 SPS: 3894  ev=0.706  ent=0.367  grad=0.36/0.36  h=0.1 c=2.3  kl=0.0177  vl=0.0583
Step: 12283904 SPS: 3894  ev=0.662  ent=0.375  grad=0.44/0.44  h=0.2 c=1.7  kl=0.0185  vl=0.0465
  vs Heur:   38W/59L/3D | score=3.5±13.1 inv=0.0 played=15.5 lanes=5.0 ddraw=0.4 pts=3
  vs Random: 100W/0L/0D | score=25.1±13.7 inv=0.0 played=18.7 lanes=5.0 ddraw=2.2 pts=25
  Self-play: 49W/55L/5D | score=1.3±10.9 inv=0.0 played=15.4 lanes=5.0 ddraw=0.3 pts=1
Step: 12288000 SPS: 3894  ev=0.636  ent=0.408  grad=0.41/0.41  h=0.2 c=2.0  kl=0.0222  vl=0.0538
Step: 12292096 SPS: 3894  ev=0.675  ent=0.392  grad=0.48/0.48  h=0.2 c=1.8  kl=0.0144  vl=0.0471
Step: 12296192 SPS: 3894  ev=0.620  ent=0.369  grad=0.37/0.37  h=0.2 c=2.1  kl=0.0260  vl=0.0608
Step: 12300288 SPS: 3894  ev=0.671  ent=0.367  grad=0.29/0.29  h=0.2 c=2.0  kl=0.0166  vl=0.0509
Step: 12304384 SPS: 3894  ev=0.670  ent=0.360  grad=0.33/0.33  h=0.2 c=1.9  kl=0.0162  vl=0.0490
Step: 12308480 SPS: 3894  ev=0.645  ent=0.375  grad=0.37/0.37  h=0.2 c=2.2  kl=0.0164  vl=0.0467
Step: 12312576 SPS: 3894  ev=0.651  ent=0.395  grad=0.40/0.40  h=0.2 c=1.6  kl=0.0179  vl=0.0538
Step: 12316672 SPS: 3894  ev=0.636  ent=0.398  grad=0.41/0.41  h=0.3 c=2.2  kl=0.0252  vl=0.0400
Step: 12320768 SPS: 3894  ev=0.683  ent=0.429  grad=0.57/0.50  h=0.2 c=1.8  kl=0.0234  vl=0.0617
Step: 12324864 SPS: 3894  ev=0.682  ent=0.363  grad=0.47/0.47  h=0.2 c=1.7  kl=0.0218  vl=0.0490
Step: 12328960 SPS: 3894  ev=0.665  ent=0.384  grad=0.32/0.32  h=0.2 c=2.1  kl=0.0191  vl=0.0497
Step: 12333056 SPS: 3894  ev=0.700  ent=0.372  grad=0.35/0.35  h=0.3 c=2.0  kl=0.0163  vl=0.0695
Step: 12337152 SPS: 3894  ev=0.663  ent=0.390  grad=0.40/0.40  h=0.2 c=1.8  kl=0.0170  vl=0.0513
Step: 12341248 SPS: 3894  ev=0.680  ent=0.379  grad=0.28/0.28  h=0.3 c=2.0  kl=0.0187  vl=0.0448
Step: 12345344 SPS: 3894  ev=0.621  ent=0.367  grad=0.35/0.35  h=0.3 c=2.5  kl=0.0172  vl=0.0451
Step: 12349440 SPS: 3894  ev=0.680  ent=0.376  grad=0.43/0.43  h=0.3 c=2.7  kl=0.0133  vl=0.0397
Step: 12353536 SPS: 3894  ev=0.648  ent=0.351  grad=0.51/0.50  h=0.3 c=2.2  kl=0.0171  vl=0.0545
Step: 12357632 SPS: 3894  ev=0.638  ent=0.376  grad=0.44/0.44  h=0.2 c=2.6  kl=0.0317  vl=0.0479
Step: 12361728 SPS: 3894  ev=0.647  ent=0.360  grad=0.39/0.39  h=0.3 c=2.6  kl=0.0139  vl=0.0554
Step: 12365824 SPS: 3894  ev=0.669  ent=0.381  grad=0.49/0.49  h=0.3 c=2.2  kl=0.0184  vl=0.0431
  vs Heur:   34W/66L/2D | score=1.3±12.4 inv=0.0 played=15.5 lanes=5.0 ddraw=0.5 pts=1
  vs Random: 101W/0L/0D | score=22.6±13.3 inv=0.0 played=18.4 lanes=5.0 ddraw=2.7 pts=23
  Self-play: 53W/46L/2D | score=3.2±10.8 inv=0.0 played=15.7 lanes=5.0 ddraw=0.4 pts=3
Step: 12369920 SPS: 3894  ev=0.669  ent=0.394  grad=0.36/0.36  h=0.2 c=2.8  kl=0.0220  vl=0.0562
Step: 12374016 SPS: 3894  ev=0.661  ent=0.382  grad=0.27/0.27  h=0.2 c=2.7  kl=0.0184  vl=0.0596
Step: 12378112 SPS: 3894  ev=0.696  ent=0.401  grad=0.50/0.50  h=0.2 c=2.7  kl=0.0249  vl=0.0538
Step: 12382208 SPS: 3894  ev=0.668  ent=0.359  grad=0.40/0.40  h=0.2 c=1.9  kl=0.0157  vl=0.0510
Step: 12386304 SPS: 3894  ev=0.665  ent=0.348  grad=0.36/0.36  h=0.2 c=2.3  kl=0.0134  vl=0.0493
Step: 12390400 SPS: 3894  ev=0.685  ent=0.352  grad=0.51/0.50  h=0.2 c=2.2  kl=0.0133  vl=0.0417
Step: 12394496 SPS: 3895  ev=0.683  ent=0.370  grad=0.28/0.28  h=0.2 c=2.1  kl=0.0191  vl=0.0582
Step: 12398592 SPS: 3895  ev=0.669  ent=0.370  grad=0.29/0.29  h=0.3 c=1.9  kl=0.0179  vl=0.0635
Step: 12402688 SPS: 3895  ev=0.662  ent=0.350  grad=0.41/0.41  h=0.3 c=2.5  kl=0.0197  vl=0.0428
Step: 12406784 SPS: 3894  ev=0.644  ent=0.367  grad=0.40/0.40  h=0.3 c=2.4  kl=0.0312  vl=0.0536
Step: 12410880 SPS: 3894  ev=0.658  ent=0.387  grad=0.43/0.43  h=0.4 c=2.4  kl=0.0188  vl=0.0575
Step: 12414976 SPS: 3894  ev=0.609  ent=0.370  grad=0.31/0.31  h=0.3 c=2.5  kl=0.0291  vl=0.0424
Step: 12419072 SPS: 3894  ev=0.691  ent=0.366  grad=0.48/0.48  h=0.3 c=1.7  kl=0.0227  vl=0.0471
Step: 12423168 SPS: 3894  ev=0.598  ent=0.397  grad=0.37/0.37  h=0.2 c=2.5  kl=0.0212  vl=0.0442
Step: 12427264 SPS: 3894  ev=0.682  ent=0.380  grad=0.42/0.42  h=0.3 c=2.3  kl=0.0226  vl=0.0447
Step: 12431360 SPS: 3894  ev=0.675  ent=0.385  grad=0.43/0.43  h=0.3 c=2.9  kl=0.0206  vl=0.0573
Step: 12435456 SPS: 3894  ev=0.638  ent=0.359  grad=0.41/0.41  h=0.3 c=1.7  kl=0.0152  vl=0.0445
Step: 12439552 SPS: 3894  ev=0.674  ent=0.393  grad=0.65/0.50  h=0.3 c=2.3  kl=0.0157  vl=0.0507
Step: 12443648 SPS: 3894  ev=0.699  ent=0.385  grad=0.38/0.38  h=0.2 c=3.0  kl=0.0128  vl=0.0545
Step: 12447744 SPS: 3894  ev=0.679  ent=0.388  grad=0.40/0.40  h=0.2 c=2.4  kl=0.0163  vl=0.0642
  vs Heur:   37W/62L/3D | score=4.1±10.7 inv=0.0 played=15.7 lanes=5.0 ddraw=0.4 pts=4
  vs Random: 100W/0L/0D | score=24.3±12.8 inv=0.0 played=18.6 lanes=5.0 ddraw=2.7 pts=24
  Self-play: 60W/38L/3D | score=6.3±12.4 inv=0.0 played=15.8 lanes=4.9 ddraw=0.4 pts=6
Step: 12451840 SPS: 3894  ev=0.672  ent=0.367  grad=0.32/0.32  h=0.3 c=2.6  kl=0.0177  vl=0.0480
Step: 12455936 SPS: 3894  ev=0.662  ent=0.392  grad=0.33/0.33  h=0.2 c=2.5  kl=0.0127  vl=0.0546
Step: 12460032 SPS: 3894  ev=0.653  ent=0.378  grad=0.38/0.38  h=0.3 c=2.5  kl=0.0323  vl=0.0511
Step: 12464128 SPS: 3894  ev=0.651  ent=0.365  grad=0.37/0.37  h=0.3 c=2.4  kl=0.0269  vl=0.0517
Step: 12468224 SPS: 3894  ev=0.679  ent=0.358  grad=0.44/0.44  h=0.3 c=2.8  kl=0.0134  vl=0.0392
Step: 12472320 SPS: 3894  ev=0.653  ent=0.364  grad=0.30/0.30  h=0.2 c=2.4  kl=0.0217  vl=0.0618
Step: 12476416 SPS: 3894  ev=0.649  ent=0.353  grad=0.34/0.34  h=0.3 c=2.1  kl=0.0158  vl=0.0557
Step: 12480512 SPS: 3894  ev=0.662  ent=0.367  grad=0.51/0.50  h=0.3 c=2.0  kl=0.0371  vl=0.0479
Step: 12484608 SPS: 3894  ev=0.681  ent=0.387  grad=0.37/0.37  h=0.3 c=2.1  kl=0.0322  vl=0.0606
Step: 12488704 SPS: 3894  ev=0.686  ent=0.379  grad=0.38/0.38  h=0.3 c=2.6  kl=0.0163  vl=0.0400
Step: 12492800 SPS: 3894  ev=0.670  ent=0.362  grad=0.31/0.31  h=0.2 c=2.9  kl=0.0177  vl=0.0462
Step: 12496896 SPS: 3894  ev=0.668  ent=0.397  grad=0.32/0.32  h=0.3 c=2.9  kl=0.0136  vl=0.0435
Step: 12500992 SPS: 3894  ev=0.672  ent=0.386  grad=0.30/0.30  h=0.2 c=2.4  kl=0.0243  vl=0.0504
Step: 12505088 SPS: 3894  ev=0.606  ent=0.369  grad=0.36/0.36  h=0.3 c=2.8  kl=0.0166  vl=0.0482
Step: 12509184 SPS: 3894  ev=0.639  ent=0.368  grad=0.35/0.35  h=0.3 c=2.9  kl=0.0217  vl=0.0503
Step: 12513280 SPS: 3894  ev=0.594  ent=0.396  grad=0.42/0.42  h=0.3 c=2.0  kl=0.0212  vl=0.0640
Step: 12517376 SPS: 3894  ev=0.641  ent=0.384  grad=0.40/0.40  h=0.3 c=2.0  kl=0.0207  vl=0.0511
Step: 12521472 SPS: 3894  ev=0.619  ent=0.366  grad=0.40/0.40  h=0.2 c=1.8  kl=0.0151  vl=0.0633
Step: 12525568 SPS: 3894  ev=0.647  ent=0.354  grad=0.47/0.47  h=0.3 c=2.3  kl=0.0132  vl=0.0433
Step: 12529664 SPS: 3894  ev=0.546  ent=0.370  grad=0.36/0.36  h=0.2 c=2.4  kl=0.0243  vl=0.0493
  vs Heur:   33W/65L/2D | score=3.1±12.4 inv=0.0 played=15.5 lanes=5.0 ddraw=0.4 pts=3
  vs Random: 100W/0L/0D | score=20.3±13.4 inv=0.0 played=18.4 lanes=5.0 ddraw=2.5 pts=20
  Self-play: 38W/64L/1D | score=1.8±12.0 inv=0.0 played=15.3 lanes=5.0 ddraw=0.4 pts=2
Step: 12533760 SPS: 3894  ev=0.653  ent=0.362  grad=0.43/0.43  h=0.3 c=2.1  kl=0.0187  vl=0.0454
Step: 12537856 SPS: 3894  ev=0.691  ent=0.403  grad=0.28/0.28  h=0.3 c=2.9  kl=0.0180  vl=0.0570
Step: 12541952 SPS: 3894  ev=0.661  ent=0.353  grad=0.29/0.29  h=0.3 c=3.0  kl=0.0149  vl=0.0444
Step: 12546048 SPS: 3894  ev=0.663  ent=0.366  grad=0.43/0.43  h=0.3 c=2.2  kl=0.0165  vl=0.0458
Step: 12550144 SPS: 3894  ev=0.590  ent=0.370  grad=0.42/0.42  h=0.3 c=2.4  kl=0.0189  vl=0.0448
Step: 12554240 SPS: 3894  ev=0.673  ent=0.391  grad=0.37/0.37  h=0.3 c=2.7  kl=0.0145  vl=0.0472
Step: 12558336 SPS: 3894  ev=0.621  ent=0.364  grad=0.49/0.49  h=0.2 c=2.0  kl=0.0172  vl=0.0480
Step: 12562432 SPS: 3894  ev=0.654  ent=0.376  grad=0.59/0.50  h=0.3 c=2.4  kl=0.0179  vl=0.0427
Step: 12566528 SPS: 3894  ev=0.676  ent=0.374  grad=0.40/0.40  h=0.3 c=2.3  kl=0.0129  vl=0.0466
Step: 12570624 SPS: 3894  ev=0.629  ent=0.368  grad=0.42/0.42  h=0.2 c=2.8  kl=0.0132  vl=0.0504
Step: 12574720 SPS: 3894  ev=0.633  ent=0.380  grad=0.55/0.50  h=0.2 c=2.0  kl=0.0217  vl=0.0496
Step: 12578816 SPS: 3894  ev=0.608  ent=0.361  grad=0.40/0.40  h=0.2 c=2.1  kl=0.0304  vl=0.0661
Step: 12582912 SPS: 3894  ev=0.667  ent=0.407  grad=0.36/0.36  h=0.3 c=1.9  kl=0.0171  vl=0.0481
Step: 12587008 SPS: 3894  ev=0.621  ent=0.370  grad=0.40/0.40  h=0.2 c=1.9  kl=0.0177  vl=0.0435
Step: 12591104 SPS: 3894  ev=0.689  ent=0.404  grad=0.46/0.46  h=0.2 c=2.6  kl=0.0202  vl=0.0493
Step: 12595200 SPS: 3894  ev=0.633  ent=0.412  grad=0.41/0.41  h=0.3 c=2.4  kl=0.0284  vl=0.0714
Step: 12599296 SPS: 3894  ev=0.613  ent=0.375  grad=0.46/0.46  h=0.2 c=2.3  kl=0.0173  vl=0.0573
Step: 12603392 SPS: 3894  ev=0.669  ent=0.401  grad=0.37/0.37  h=0.3 c=3.1  kl=0.0205  vl=0.0508
Step: 12607488 SPS: 3894  ev=0.655  ent=0.388  grad=0.48/0.48  h=0.2 c=2.2  kl=0.0282  vl=0.0509
Step: 12611584 SPS: 3894  ev=0.662  ent=0.372  grad=0.42/0.42  h=0.3 c=2.1  kl=0.0260  vl=0.0487
  vs Heur:   36W/67L/2D | score=2.7±13.0 inv=0.0 played=15.5 lanes=5.0 ddraw=0.5 pts=3
  vs Random: 100W/0L/0D | score=17.4±13.5 inv=0.0 played=17.9 lanes=5.0 ddraw=2.4 pts=17
  Self-play: 44W/53L/4D | score=3.4±10.6 inv=0.0 played=15.7 lanes=5.0 ddraw=0.3 pts=3
Step: 12615680 SPS: 3894  ev=0.672  ent=0.387  grad=0.38/0.38  h=0.1 c=2.4  kl=0.0194  vl=0.0665
Step: 12619776 SPS: 3894  ev=0.635  ent=0.365  grad=0.36/0.36  h=0.1 c=2.4  kl=0.0134  vl=0.0385
Step: 12623872 SPS: 3894  ev=0.642  ent=0.365  grad=0.29/0.29  h=0.1 c=2.7  kl=0.0165  vl=0.0573
Step: 12627968 SPS: 3894  ev=0.650  ent=0.403  grad=0.38/0.38  h=0.2 c=2.0  kl=0.0205  vl=0.0444
Step: 12632064 SPS: 3894  ev=0.637  ent=0.372  grad=0.36/0.36  h=0.2 c=2.7  kl=0.0151  vl=0.0455
Step: 12636160 SPS: 3894  ev=0.645  ent=0.400  grad=0.40/0.40  h=0.1 c=3.0  kl=0.0179  vl=0.0529
Step: 12640256 SPS: 3894  ev=0.674  ent=0.388  grad=0.39/0.39  h=0.2 c=2.3  kl=0.0219  vl=0.0496
Step: 12644352 SPS: 3894  ev=0.672  ent=0.414  grad=0.37/0.37  h=0.2 c=2.4  kl=0.0200  vl=0.0772
Step: 12648448 SPS: 3894  ev=0.660  ent=0.392  grad=0.33/0.33  h=0.2 c=2.4  kl=0.0312  vl=0.0571
Step: 12652544 SPS: 3894  ev=0.673  ent=0.400  grad=0.35/0.35  h=0.2 c=2.1  kl=0.0178  vl=0.0497
Step: 12656640 SPS: 3894  ev=0.664  ent=0.353  grad=0.35/0.35  h=0.2 c=2.8  kl=0.0193  vl=0.0536
Step: 12660736 SPS: 3894  ev=0.638  ent=0.392  grad=0.42/0.42  h=0.2 c=2.3  kl=0.0161  vl=0.0458
Step: 12664832 SPS: 3894  ev=0.595  ent=0.400  grad=0.46/0.46  h=0.2 c=2.1  kl=0.0223  vl=0.0573
Step: 12668928 SPS: 3894  ev=0.663  ent=0.385  grad=0.50/0.50  h=0.2 c=2.8  kl=0.0220  vl=0.0575
Step: 12673024 SPS: 3894  ev=0.697  ent=0.415  grad=0.47/0.47  h=0.1 c=2.6  kl=0.0201  vl=0.0464
Step: 12677120 SPS: 3894  ev=0.675  ent=0.368  grad=0.32/0.32  h=0.2 c=2.9  kl=0.0153  vl=0.0626
Step: 12681216 SPS: 3894  ev=0.598  ent=0.373  grad=0.72/0.50  h=0.2 c=2.9  kl=0.0143  vl=0.0550
Step: 12685312 SPS: 3894  ev=0.665  ent=0.362  grad=0.35/0.35  h=0.2 c=2.9  kl=0.0158  vl=0.0422
Step: 12689408 SPS: 3893  ev=0.673  ent=0.364  grad=0.37/0.37  h=0.2 c=2.7  kl=0.0174  vl=0.0549
Step: 12693504 SPS: 3893  ev=0.648  ent=0.365  grad=0.40/0.40  h=0.2 c=1.9  kl=0.0188  vl=0.0669
  vs Heur:   24W/76L/4D | score=1.0±12.3 inv=0.0 played=15.2 lanes=5.0 ddraw=0.5 pts=1
  vs Random: 100W/0L/0D | score=16.2±13.2 inv=0.0 played=17.6 lanes=5.0 ddraw=2.8 pts=16
  Self-play: 57W/51L/1D | score=4.4±11.9 inv=0.0 played=15.5 lanes=5.0 ddraw=0.3 pts=4
Step: 12697600 SPS: 3893  ev=0.626  ent=0.399  grad=0.29/0.29  h=0.2 c=3.1  kl=0.0179  vl=0.0634
Step: 12701696 SPS: 3893  ev=0.664  ent=0.369  grad=0.35/0.35  h=0.1 c=2.5  kl=0.0182  vl=0.0485
Step: 12705792 SPS: 3893  ev=0.623  ent=0.366  grad=0.41/0.41  h=0.2 c=2.2  kl=0.0177  vl=0.0521
Step: 12709888 SPS: 3893  ev=0.651  ent=0.376  grad=0.39/0.39  h=0.1 c=2.5  kl=0.0202  vl=0.0537
Step: 12713984 SPS: 3894  ev=0.628  ent=0.382  grad=0.33/0.33  h=0.2 c=3.0  kl=0.0210  vl=0.0544
Step: 12718080 SPS: 3894  ev=0.656  ent=0.375  grad=0.48/0.48  h=0.2 c=2.7  kl=0.0139  vl=0.0540
Step: 12722176 SPS: 3894  ev=0.668  ent=0.361  grad=0.35/0.35  h=0.3 c=2.6  kl=0.0301  vl=0.0632
Step: 12726272 SPS: 3894  ev=0.657  ent=0.393  grad=0.48/0.48  h=0.2 c=3.2  kl=0.0133  vl=0.0535
Step: 12730368 SPS: 3894  ev=0.679  ent=0.372  grad=0.37/0.37  h=0.2 c=2.7  kl=0.0208  vl=0.0413
Step: 12734464 SPS: 3894  ev=0.667  ent=0.349  grad=0.40/0.40  h=0.2 c=2.2  kl=0.0240  vl=0.0465
Step: 12738560 SPS: 3894  ev=0.679  ent=0.388  grad=0.55/0.50  h=0.2 c=3.2  kl=0.0200  vl=0.0548
Step: 12742656 SPS: 3894  ev=0.655  ent=0.376  grad=0.37/0.37  h=0.2 c=2.6  kl=0.0174  vl=0.0719
Step: 12746752 SPS: 3894  ev=0.676  ent=0.381  grad=0.43/0.43  h=0.2 c=3.2  kl=0.0145  vl=0.0588
Step: 12750848 SPS: 3894  ev=0.653  ent=0.406  grad=0.38/0.38  h=0.2 c=2.7  kl=0.0173  vl=0.0608
Step: 12754944 SPS: 3894  ev=0.665  ent=0.389  grad=0.39/0.39  h=0.2 c=3.4  kl=0.0192  vl=0.0502
Step: 12759040 SPS: 3894  ev=0.653  ent=0.382  grad=0.41/0.41  h=0.2 c=2.8  kl=0.0212  vl=0.0451
Step: 12763136 SPS: 3894  ev=0.663  ent=0.393  grad=0.37/0.37  h=0.2 c=3.1  kl=0.0287  vl=0.0494
Step: 12767232 SPS: 3894  ev=0.668  ent=0.374  grad=0.62/0.50  h=0.2 c=4.0  kl=0.0234  vl=0.0681
Step: 12771328 SPS: 3894  ev=0.679  ent=0.392  grad=0.37/0.37  h=0.3 c=3.4  kl=0.0175  vl=0.0614
Step: 12775424 SPS: 3894  ev=0.673  ent=0.397  grad=0.70/0.50  h=0.2 c=3.8  kl=0.0215  vl=0.0728
  vs Heur:   33W/68L/2D | score=2.1±12.7 inv=0.0 played=15.2 lanes=5.0 ddraw=0.4 pts=2
  vs Random: 100W/0L/0D | score=18.2±15.2 inv=0.0 played=17.9 lanes=5.0 ddraw=2.1 pts=18
  Self-play: 60W/48L/0D | score=4.6±11.3 inv=0.0 played=15.5 lanes=5.0 ddraw=0.2 pts=5
Step: 12779520 SPS: 3894  ev=0.648  ent=0.395  grad=0.35/0.35  h=0.2 c=2.7  kl=0.0215  vl=0.0591
Step: 12783616 SPS: 3894  ev=0.635  ent=0.399  grad=0.34/0.34  h=0.2 c=3.9  kl=0.0174  vl=0.0668
Step: 12787712 SPS: 3894  ev=0.687  ent=0.384  grad=0.35/0.35  h=0.2 c=3.1  kl=0.0226  vl=0.0361
Step: 12791808 SPS: 3894  ev=0.648  ent=0.354  grad=0.36/0.36  h=0.3 c=3.5  kl=0.0276  vl=0.0615
Step: 12795904 SPS: 3894  ev=0.652  ent=0.389  grad=0.31/0.31  h=0.2 c=2.7  kl=0.0180  vl=0.0599
Step: 12800000 SPS: 3894  ev=0.649  ent=0.375  grad=0.35/0.35  h=0.2 c=3.1  kl=0.0215  vl=0.0625
Step: 12804096 SPS: 3894  ev=0.685  ent=0.384  grad=0.55/0.50  h=0.2 c=3.2  kl=0.0296  vl=0.0511
Step: 12808192 SPS: 3894  ev=0.586  ent=0.370  grad=0.44/0.44  h=0.2 c=2.5  kl=0.0207  vl=0.0527
Step: 12812288 SPS: 3894  ev=0.662  ent=0.372  grad=0.36/0.36  h=0.2 c=3.5  kl=0.0131  vl=0.0560
Step: 12816384 SPS: 3894  ev=0.681  ent=0.384  grad=0.49/0.49  h=0.2 c=3.5  kl=0.0217  vl=0.0596
Step: 12820480 SPS: 3894  ev=0.673  ent=0.400  grad=0.42/0.42  h=0.2 c=3.6  kl=0.0278  vl=0.0694
Step: 12824576 SPS: 3894  ev=0.636  ent=0.378  grad=0.40/0.40  h=0.2 c=3.4  kl=0.0201  vl=0.0501
Step: 12828672 SPS: 3894  ev=0.657  ent=0.388  grad=0.57/0.50  h=0.2 c=3.3  kl=0.0198  vl=0.0435
Step: 12832768 SPS: 3894  ev=0.682  ent=0.398  grad=0.45/0.45  h=0.2 c=3.0  kl=0.0189  vl=0.0564
Step: 12836864 SPS: 3894  ev=0.677  ent=0.352  grad=0.41/0.41  h=0.1 c=2.5  kl=0.0176  vl=0.0523
Step: 12840960 SPS: 3894  ev=0.658  ent=0.386  grad=0.59/0.50  h=0.2 c=2.7  kl=0.0190  vl=0.0488
Step: 12845056 SPS: 3894  ev=0.681  ent=0.403  grad=0.35/0.35  h=0.2 c=2.5  kl=0.0234  vl=0.0604
Step: 12849152 SPS: 3894  ev=0.643  ent=0.380  grad=0.55/0.50  h=0.1 c=2.6  kl=0.0390  vl=0.0611
Step: 12853248 SPS: 3894  ev=0.626  ent=0.397  grad=0.35/0.35  h=0.2 c=2.6  kl=0.0156  vl=0.0561
Step: 12857344 SPS: 3894  ev=0.621  ent=0.368  grad=0.39/0.39  h=0.2 c=2.6  kl=0.0172  vl=0.0525
  vs Heur:   35W/70L/2D | score=1.7±13.8 inv=0.0 played=15.2 lanes=4.9 ddraw=0.1 pts=2
  vs Random: 100W/0L/0D | score=14.6±13.6 inv=0.0 played=17.6 lanes=5.0 ddraw=1.9 pts=15
  Self-play: 56W/43L/4D | score=5.0±12.6 inv=0.0 played=15.8 lanes=5.0 ddraw=0.3 pts=5
Step: 12861440 SPS: 3894  ev=0.672  ent=0.389  grad=0.34/0.34  h=0.1 c=2.7  kl=0.0194  vl=0.0524
Step: 12865536 SPS: 3894  ev=0.630  ent=0.380  grad=0.80/0.50  h=0.2 c=2.7  kl=0.0201  vl=0.0558
Step: 12869632 SPS: 3894  ev=0.657  ent=0.371  grad=0.29/0.29  h=0.1 c=2.6  kl=0.0214  vl=0.0725
Step: 12873728 SPS: 3894  ev=0.661  ent=0.403  grad=0.73/0.50  h=0.1 c=2.3  kl=0.0224  vl=0.0679
Step: 12877824 SPS: 3894  ev=0.705  ent=0.380  grad=0.56/0.50  h=0.1 c=2.8  kl=0.0203  vl=0.0473
Step: 12881920 SPS: 3894  ev=0.697  ent=0.395  grad=0.64/0.50  h=0.1 c=3.0  kl=0.0214  vl=0.0538
Step: 12886016 SPS: 3894  ev=0.665  ent=0.390  grad=0.34/0.34  h=0.1 c=2.5  kl=0.0161  vl=0.0550
Step: 12890112 SPS: 3894  ev=0.645  ent=0.382  grad=0.40/0.40  h=0.1 c=2.4  kl=0.0129  vl=0.0512
Step: 12894208 SPS: 3894  ev=0.587  ent=0.385  grad=0.31/0.31  h=0.1 c=1.8  kl=0.0281  vl=0.0444
Step: 12898304 SPS: 3894  ev=0.644  ent=0.405  grad=0.82/0.50  h=0.1 c=3.1  kl=0.0187  vl=0.0396
Step: 12902400 SPS: 3894  ev=0.636  ent=0.390  grad=0.71/0.50  h=0.0 c=2.4  kl=0.0144  vl=0.0532
Step: 12906496 SPS: 3894  ev=0.644  ent=0.352  grad=0.36/0.36  h=0.1 c=2.2  kl=0.0152  vl=0.0490
Step: 12910592 SPS: 3894  ev=0.641  ent=0.388  grad=0.50/0.50  h=0.1 c=1.9  kl=0.0165  vl=0.0565
Step: 12914688 SPS: 3894  ev=0.640  ent=0.377  grad=0.48/0.48  h=0.1 c=2.5  kl=0.0286  vl=0.0581
Step: 12918784 SPS: 3894  ev=0.673  ent=0.360  grad=0.36/0.36  h=0.1 c=1.6  kl=0.0145  vl=0.0438
Step: 12922880 SPS: 3894  ev=0.655  ent=0.389  grad=0.60/0.50  h=0.1 c=2.2  kl=0.0197  vl=0.0411
Step: 12926976 SPS: 3894  ev=0.620  ent=0.353  grad=0.38/0.38  h=0.1 c=1.9  kl=0.0193  vl=0.0473
Step: 12931072 SPS: 3894  ev=0.673  ent=0.361  grad=0.44/0.44  h=0.1 c=2.3  kl=0.0267  vl=0.0622
Step: 12935168 SPS: 3894  ev=0.670  ent=0.367  grad=0.50/0.50  h=0.1 c=2.3  kl=0.0119  vl=0.0528
Step: 12939264 SPS: 3894  ev=0.691  ent=0.362  grad=0.35/0.35  h=0.1 c=2.4  kl=0.0232  vl=0.0420
  vs Heur:   44W/63L/1D | score=3.0±14.0 inv=0.0 played=15.5 lanes=4.9 ddraw=0.3 pts=3
  vs Random: 100W/0L/0D | score=15.1±15.1 inv=0.0 played=17.6 lanes=5.0 ddraw=1.2 pts=15
  Self-play: 55W/51L/3D | score=4.6±11.4 inv=0.0 played=15.7 lanes=5.0 ddraw=0.2 pts=5
Step: 12943360 SPS: 3894  ev=0.632  ent=0.346  grad=0.48/0.48  h=0.1 c=2.4  kl=0.0169  vl=0.0550
Step: 12947456 SPS: 3894  ev=0.653  ent=0.365  grad=0.36/0.36  h=0.1 c=2.7  kl=0.0193  vl=0.0540
Step: 12951552 SPS: 3894  ev=0.656  ent=0.373  grad=0.34/0.34  h=0.1 c=2.2  kl=0.0199  vl=0.0490
Step: 12955648 SPS: 3894  ev=0.651  ent=0.374  grad=0.43/0.43  h=0.0 c=2.2  kl=0.0210  vl=0.0609
Step: 12959744 SPS: 3894  ev=0.676  ent=0.364  grad=0.56/0.50  h=0.1 c=2.1  kl=0.0168  vl=0.0378
Step: 12963840 SPS: 3894  ev=0.665  ent=0.377  grad=0.33/0.33  h=0.1 c=2.4  kl=0.0183  vl=0.0610
Step: 12967936 SPS: 3894  ev=0.634  ent=0.369  grad=0.35/0.35  h=0.1 c=2.5  kl=0.0165  vl=0.0464
Step: 12972032 SPS: 3894  ev=0.677  ent=0.366  grad=0.34/0.34  h=0.0 c=2.7  kl=0.0185  vl=0.0377
Step: 12976128 SPS: 3894  ev=0.668  ent=0.383  grad=0.33/0.33  h=0.1 c=2.5  kl=0.0364  vl=0.0520
Step: 12980224 SPS: 3894  ev=0.683  ent=0.381  grad=0.33/0.33  h=0.0 c=2.2  kl=0.0199  vl=0.0512
Step: 12984320 SPS: 3894  ev=0.668  ent=0.368  grad=0.57/0.50  h=0.1 c=2.4  kl=0.0200  vl=0.0618
Step: 12988416 SPS: 3894  ev=0.604  ent=0.351  grad=0.47/0.47  h=0.1 c=2.7  kl=0.0188  vl=0.0607
Step: 12992512 SPS: 3894  ev=0.682  ent=0.360  grad=0.62/0.50  h=0.0 c=2.4  kl=0.0163  vl=0.0552
Step: 12996608 SPS: 3894  ev=0.661  ent=0.382  grad=0.46/0.46  h=0.1 c=1.7  kl=0.0374  vl=0.0581
Step: 13000704 SPS: 3894  ev=0.655  ent=0.368  grad=0.37/0.37  h=0.0 c=2.8  kl=0.0183  vl=0.0575
Step: 13004800 SPS: 3894  ev=0.629  ent=0.349  grad=0.33/0.33  h=0.0 c=2.0  kl=0.0141  vl=0.0451
Step: 13008896 SPS: 3894  ev=0.690  ent=0.345  grad=0.60/0.50  h=0.1 c=2.7  kl=0.0143  vl=0.0508
Step: 13012992 SPS: 3894  ev=0.658  ent=0.378  grad=0.56/0.50  h=0.0 c=2.5  kl=0.0227  vl=0.0472
Step: 13017088 SPS: 3894  ev=0.689  ent=0.347  grad=0.45/0.45  h=0.0 c=1.7  kl=0.0115  vl=0.0452
Step: 13021184 SPS: 3894  ev=0.667  ent=0.369  grad=0.35/0.35  h=0.0 c=2.3  kl=0.0196  vl=0.0635
  vs Heur:   42W/57L/1D | score=3.2±14.1 inv=0.0 played=15.5 lanes=5.0 ddraw=0.3 pts=3
  vs Random: 101W/0L/0D | score=19.0±16.4 inv=0.0 played=18.0 lanes=5.0 ddraw=1.7 pts=19
  Self-play: 54W/52L/2D | score=4.4±11.7 inv=0.0 played=15.7 lanes=5.0 ddraw=0.1 pts=4
Step: 13025280 SPS: 3894  ev=0.632  ent=0.351  grad=0.39/0.39  h=0.1 c=1.9  kl=0.0282  vl=0.0542
Step: 13029376 SPS: 3894  ev=0.646  ent=0.368  grad=0.33/0.33  h=0.0 c=2.4  kl=0.0149  vl=0.0559
Step: 13033472 SPS: 3894  ev=0.632  ent=0.374  grad=0.36/0.36  h=0.1 c=2.3  kl=0.0277  vl=0.0494
Step: 13037568 SPS: 3894  ev=0.662  ent=0.357  grad=0.37/0.37  h=0.1 c=1.9  kl=0.0233  vl=0.0530
Step: 13041664 SPS: 3894  ev=0.682  ent=0.379  grad=0.42/0.42  h=0.1 c=2.2  kl=0.0254  vl=0.0483
Step: 13045760 SPS: 3894  ev=0.663  ent=0.352  grad=0.54/0.50  h=0.1 c=2.3  kl=0.0215  vl=0.0578
Step: 13049856 SPS: 3894  ev=0.641  ent=0.388  grad=0.37/0.37  h=0.0 c=1.9  kl=0.0172  vl=0.0448
Step: 13053952 SPS: 3894  ev=0.645  ent=0.367  grad=0.38/0.38  h=0.1 c=2.3  kl=0.0171  vl=0.0504
Step: 13058048 SPS: 3894  ev=0.668  ent=0.376  grad=0.40/0.40  h=0.1 c=2.3  kl=0.0126  vl=0.0680
Step: 13062144 SPS: 3894  ev=0.668  ent=0.364  grad=0.34/0.34  h=0.1 c=2.2  kl=0.0134  vl=0.0570
Step: 13066240 SPS: 3894  ev=0.664  ent=0.338  grad=0.49/0.49  h=0.1 c=1.7  kl=0.0122  vl=0.0582
Step: 13070336 SPS: 3894  ev=0.656  ent=0.382  grad=0.38/0.38  h=0.1 c=2.1  kl=0.0228  vl=0.0480
Step: 13074432 SPS: 3894  ev=0.657  ent=0.369  grad=0.51/0.50  h=0.1 c=2.2  kl=0.0181  vl=0.0584
Step: 13078528 SPS: 3894  ev=0.665  ent=0.363  grad=0.63/0.50  h=0.1 c=2.1  kl=0.0213  vl=0.0547
Step: 13082624 SPS: 3893  ev=0.647  ent=0.370  grad=0.38/0.38  h=0.1 c=2.1  kl=0.0261  vl=0.0455
Step: 13086720 SPS: 3894  ev=0.649  ent=0.374  grad=0.55/0.50  h=0.0 c=2.7  kl=0.0152  vl=0.0607
Step: 13090816 SPS: 3893  ev=0.619  ent=0.357  grad=0.41/0.41  h=0.1 c=2.3  kl=0.0175  vl=0.0495
Step: 13094912 SPS: 3893  ev=0.656  ent=0.375  grad=0.30/0.30  h=0.1 c=2.1  kl=0.0250  vl=0.0469
Step: 13099008 SPS: 3893  ev=0.619  ent=0.355  grad=0.48/0.48  h=0.1 c=2.3  kl=0.0173  vl=0.0461
Step: 13103104 SPS: 3893  ev=0.640  ent=0.378  grad=0.39/0.39  h=0.0 c=2.2  kl=0.0525  vl=0.0569
  vs Heur:   33W/66L/3D | score=2.2±13.4 inv=0.0 played=15.3 lanes=5.0 ddraw=0.3 pts=2
  vs Random: 101W/0L/0D | score=24.1±13.2 inv=0.0 played=18.6 lanes=5.0 ddraw=1.9 pts=24
  Self-play: 38W/60L/3D | score=1.8±11.5 inv=0.0 played=15.3 lanes=5.0 ddraw=0.4 pts=2
Step: 13107200 SPS: 3893  ev=0.657  ent=0.372  grad=0.40/0.40  h=0.1 c=1.9  kl=0.0318  vl=0.0565
Step: 13111296 SPS: 3893  ev=0.700  ent=0.339  grad=0.35/0.35  h=0.1 c=1.8  kl=0.0398  vl=0.0654
Step: 13115392 SPS: 3893  ev=0.645  ent=0.375  grad=0.61/0.50  h=0.1 c=2.9  kl=0.0181  vl=0.0485
Step: 13119488 SPS: 3894  ev=0.693  ent=0.367  grad=0.53/0.50  h=0.1 c=2.0  kl=0.0271  vl=0.0568
Step: 13123584 SPS: 3893  ev=0.644  ent=0.378  grad=0.59/0.50  h=0.0 c=2.1  kl=0.0181  vl=0.0528
Step: 13127680 SPS: 3893  ev=0.673  ent=0.388  grad=0.45/0.45  h=0.0 c=1.7  kl=0.0222  vl=0.0498
Step: 13131776 SPS: 3893  ev=0.633  ent=0.372  grad=0.32/0.32  h=0.0 c=1.8  kl=0.0259  vl=0.0722
Step: 13135872 SPS: 3893  ev=0.681  ent=0.373  grad=0.42/0.42  h=0.1 c=1.7  kl=0.0175  vl=0.0516
Step: 13139968 SPS: 3893  ev=0.662  ent=0.362  grad=0.35/0.35  h=0.0 c=1.6  kl=0.0272  vl=0.0560
Step: 13144064 SPS: 3893  ev=0.681  ent=0.349  grad=0.62/0.50  h=0.0 c=2.1  kl=0.0117  vl=0.0592
Step: 13148160 SPS: 3893  ev=0.627  ent=0.356  grad=0.54/0.50  h=0.0 c=2.0  kl=0.0118  vl=0.0513
Step: 13152256 SPS: 3893  ev=0.652  ent=0.383  grad=0.46/0.46  h=0.0 c=1.7  kl=0.0260  vl=0.0691
Step: 13156352 SPS: 3893  ev=0.643  ent=0.386  grad=0.38/0.38  h=0.1 c=1.3  kl=0.0181  vl=0.0559
Step: 13160448 SPS: 3893  ev=0.696  ent=0.375  grad=0.44/0.44  h=0.0 c=1.3  kl=0.0186  vl=0.0476
Step: 13164544 SPS: 3893  ev=0.668  ent=0.355  grad=0.32/0.32  h=0.1 c=1.5  kl=0.0166  vl=0.0508
Step: 13168640 SPS: 3893  ev=0.673  ent=0.373  grad=0.53/0.50  h=0.0 c=2.4  kl=0.0196  vl=0.0602
Step: 13172736 SPS: 3893  ev=0.617  ent=0.352  grad=0.42/0.42  h=0.0 c=1.5  kl=0.0230  vl=0.0493
Step: 13176832 SPS: 3893  ev=0.676  ent=0.343  grad=0.39/0.39  h=0.0 c=1.2  kl=0.0125  vl=0.0551
Step: 13180928 SPS: 3893  ev=0.670  ent=0.394  grad=0.35/0.35  h=0.1 c=1.3  kl=0.0183  vl=0.0502
Step: 13185024 SPS: 3893  ev=0.591  ent=0.346  grad=0.43/0.43  h=0.0 c=1.2  kl=0.0200  vl=0.0541
  vs Heur:   32W/66L/2D | score=1.8±12.9 inv=0.0 played=15.2 lanes=5.0 ddraw=0.3 pts=2
  vs Random: 101W/0L/0D | score=25.8±14.7 inv=0.0 played=18.7 lanes=5.0 ddraw=1.6 pts=26
  Self-play: 51W/55L/0D | score=3.8±11.0 inv=0.0 played=15.7 lanes=5.0 ddraw=0.2 pts=4
Step: 13189120 SPS: 3893  ev=0.688  ent=0.372  grad=0.58/0.50  h=0.0 c=1.7  kl=0.0210  vl=0.0426
Step: 13193216 SPS: 3893  ev=0.621  ent=0.367  grad=0.32/0.32  h=0.0 c=1.4  kl=0.0175  vl=0.0656
Step: 13197312 SPS: 3893  ev=0.686  ent=0.379  grad=0.36/0.36  h=0.0 c=1.4  kl=0.0201  vl=0.0573
Step: 13201408 SPS: 3894  ev=0.655  ent=0.362  grad=0.37/0.37  h=0.0 c=1.6  kl=0.0183  vl=0.0560
Step: 13205504 SPS: 3894  ev=0.692  ent=0.374  grad=0.35/0.35  h=0.0 c=1.5  kl=0.0281  vl=0.0496
Step: 13209600 SPS: 3894  ev=0.678  ent=0.381  grad=0.60/0.50  h=0.1 c=1.6  kl=0.0252  vl=0.0456
Step: 13213696 SPS: 3894  ev=0.688  ent=0.388  grad=0.59/0.50  h=0.0 c=1.2  kl=0.0238  vl=0.0664
Step: 13217792 SPS: 3894  ev=0.688  ent=0.369  grad=0.38/0.38  h=0.0 c=1.8  kl=0.0151  vl=0.0681
Step: 13221888 SPS: 3894  ev=0.678  ent=0.381  grad=0.47/0.47  h=0.0 c=1.2  kl=0.0315  vl=0.0641
Step: 13225984 SPS: 3894  ev=0.689  ent=0.371  grad=0.42/0.42  h=0.1 c=1.4  kl=0.0187  vl=0.0483
Step: 13230080 SPS: 3894  ev=0.662  ent=0.366  grad=0.35/0.35  h=0.0 c=1.2  kl=0.0183  vl=0.0529
Step: 13234176 SPS: 3894  ev=0.689  ent=0.368  grad=0.45/0.45  h=0.1 c=1.4  kl=0.0180  vl=0.0584
Step: 13238272 SPS: 3893  ev=0.641  ent=0.369  grad=0.29/0.29  h=0.1 c=1.9  kl=0.0316  vl=0.0472
Step: 13242368 SPS: 3893  ev=0.654  ent=0.364  grad=0.33/0.33  h=0.1 c=1.3  kl=0.0129  vl=0.0581
Step: 13246464 SPS: 3893  ev=0.676  ent=0.366  grad=0.39/0.39  h=0.0 c=1.2  kl=0.0497  vl=0.0662
Step: 13250560 SPS: 3893  ev=0.676  ent=0.366  grad=0.63/0.50  h=0.1 c=1.3  kl=0.0229  vl=0.0667
Step: 13254656 SPS: 3893  ev=0.629  ent=0.378  grad=0.47/0.47  h=0.1 c=1.6  kl=0.0294  vl=0.0576
Step: 13258752 SPS: 3893  ev=0.669  ent=0.375  grad=0.44/0.44  h=0.1 c=1.8  kl=0.0203  vl=0.0582
Step: 13262848 SPS: 3893  ev=0.659  ent=0.390  grad=0.57/0.50  h=0.0 c=1.8  kl=0.0171  vl=0.0699
Step: 13266944 SPS: 3893  ev=0.692  ent=0.358  grad=0.35/0.35  h=0.0 c=1.9  kl=0.0194  vl=0.0617
  vs Heur:   33W/65L/3D | score=0.7±14.0 inv=0.0 played=15.1 lanes=5.0 ddraw=0.5 pts=1
  vs Random: 100W/0L/0D | score=20.1±14.1 inv=0.0 played=18.2 lanes=5.0 ddraw=1.8 pts=20
  Self-play: 52W/50L/1D | score=4.3±12.0 inv=0.0 played=15.5 lanes=5.0 ddraw=0.4 pts=4
Step: 13271040 SPS: 3893  ev=0.625  ent=0.358  grad=0.34/0.34  h=0.1 c=1.2  kl=0.0283  vl=0.0548
Step: 13275136 SPS: 3893  ev=0.673  ent=0.381  grad=0.41/0.41  h=0.0 c=1.5  kl=0.0236  vl=0.0569
Step: 13279232 SPS: 3893  ev=0.675  ent=0.389  grad=0.44/0.44  h=0.1 c=1.6  kl=0.0139  vl=0.0608
Step: 13283328 SPS: 3894  ev=0.663  ent=0.382  grad=0.57/0.50  h=0.1 c=1.8  kl=0.0202  vl=0.0632
Step: 13287424 SPS: 3894  ev=0.672  ent=0.359  grad=0.37/0.37  h=0.1 c=1.8  kl=0.0151  vl=0.0631
Step: 13291520 SPS: 3894  ev=0.650  ent=0.385  grad=0.47/0.47  h=0.0 c=1.3  kl=0.0433  vl=0.0409
Step: 13295616 SPS: 3894  ev=0.634  ent=0.376  grad=0.97/0.50  h=0.1 c=1.3  kl=0.0171  vl=0.0666
Step: 13299712 SPS: 3894  ev=0.702  ent=0.359  grad=0.39/0.39  h=0.0 c=1.7  kl=0.0438  vl=0.0564
Step: 13303808 SPS: 3894  ev=0.654  ent=0.383  grad=0.38/0.38  h=0.1 c=1.8  kl=0.0185  vl=0.0761
Step: 13307904 SPS: 3894  ev=0.657  ent=0.346  grad=0.34/0.34  h=0.0 c=1.5  kl=0.0259  vl=0.0559
Step: 13312000 SPS: 3894  ev=0.666  ent=0.376  grad=0.34/0.34  h=0.0 c=1.3  kl=0.0194  vl=0.0472
Step: 13316096 SPS: 3894  ev=0.656  ent=0.338  grad=0.39/0.39  h=0.1 c=1.5  kl=0.0298  vl=0.0501
Step: 13320192 SPS: 3894  ev=0.684  ent=0.361  grad=0.36/0.36  h=0.1 c=1.6  kl=0.0223  vl=0.0700
Step: 13324288 SPS: 3894  ev=0.662  ent=0.367  grad=0.41/0.41  h=0.1 c=1.9  kl=0.0233  vl=0.0542
Step: 13328384 SPS: 3894  ev=0.674  ent=0.399  grad=0.40/0.40  h=0.1 c=2.0  kl=0.0313  vl=0.0577
Step: 13332480 SPS: 3894  ev=0.662  ent=0.382  grad=0.37/0.37  h=0.1 c=2.0  kl=0.0138  vl=0.0817
Step: 13336576 SPS: 3894  ev=0.598  ent=0.351  grad=0.44/0.44  h=0.1 c=1.9  kl=0.0356  vl=0.0567
Step: 13340672 SPS: 3894  ev=0.635  ent=0.421  grad=0.47/0.47  h=0.1 c=2.3  kl=0.0396  vl=0.0651
Step: 13344768 SPS: 3894  ev=0.685  ent=0.368  grad=0.29/0.29  h=0.1 c=1.5  kl=0.0240  vl=0.0505
Step: 13348864 SPS: 3894  ev=0.642  ent=0.344  grad=0.42/0.42  h=0.1 c=1.8  kl=0.0202  vl=0.0553
  vs Heur:   43W/61L/2D | score=5.6±11.4 inv=0.0 played=15.6 lanes=4.9 ddraw=0.2 pts=6
  vs Random: 100W/0L/0D | score=25.7±15.4 inv=0.0 played=18.6 lanes=5.0 ddraw=1.7 pts=26
  Self-play: 47W/52L/5D | score=3.7±10.8 inv=0.0 played=15.3 lanes=5.0 ddraw=0.2 pts=4
Step: 13352960 SPS: 3894  ev=0.623  ent=0.346  grad=0.33/0.33  h=0.1 c=1.4  kl=0.0128  vl=0.0519
Step: 13357056 SPS: 3894  ev=0.692  ent=0.355  grad=0.39/0.39  h=0.1 c=1.6  kl=0.0195  vl=0.0561
Step: 13361152 SPS: 3894  ev=0.631  ent=0.334  grad=0.37/0.37  h=0.1 c=2.0  kl=0.0159  vl=0.0766
Step: 13365248 SPS: 3894  ev=0.681  ent=0.345  grad=0.38/0.38  h=0.1 c=1.4  kl=0.0274  vl=0.0673
Step: 13369344 SPS: 3894  ev=0.648  ent=0.339  grad=0.39/0.39  h=0.1 c=1.5  kl=0.0166  vl=0.0577
Step: 13373440 SPS: 3894  ev=0.622  ent=0.369  grad=0.36/0.36  h=0.1 c=1.8  kl=0.0299  vl=0.0717
Step: 13377536 SPS: 3894  ev=0.654  ent=0.363  grad=0.59/0.50  h=0.1 c=1.7  kl=0.0192  vl=0.0541
Step: 13381632 SPS: 3894  ev=0.666  ent=0.351  grad=0.36/0.36  h=0.1 c=1.3  kl=0.0171  vl=0.0523
Step: 13385728 SPS: 3894  ev=0.692  ent=0.350  grad=0.34/0.34  h=0.1 c=1.5  kl=0.0215  vl=0.0461
Step: 13389824 SPS: 3894  ev=0.577  ent=0.363  grad=0.35/0.35  h=0.1 c=1.9  kl=0.0166  vl=0.0610
Step: 13393920 SPS: 3894  ev=0.652  ent=0.344  grad=0.50/0.50  h=0.2 c=1.9  kl=0.0236  vl=0.0443
Step: 13398016 SPS: 3894  ev=0.613  ent=0.357  grad=0.45/0.45  h=0.1 c=1.7  kl=0.0253  vl=0.0496
Step: 13402112 SPS: 3894  ev=0.665  ent=0.348  grad=0.30/0.30  h=0.1 c=1.8  kl=0.0308  vl=0.0484
Step: 13406208 SPS: 3893  ev=0.676  ent=0.345  grad=0.33/0.33  h=0.0 c=2.0  kl=0.0198  vl=0.0484
Step: 13410304 SPS: 3893  ev=0.613  ent=0.340  grad=0.44/0.44  h=0.1 c=2.1  kl=0.0200  vl=0.0547
Step: 13414400 SPS: 3893  ev=0.692  ent=0.365  grad=0.33/0.33  h=0.1 c=1.9  kl=0.0294  vl=0.0615
Step: 13418496 SPS: 3893  ev=0.677  ent=0.372  grad=0.48/0.48  h=0.1 c=1.6  kl=0.0188  vl=0.0410
Step: 13422592 SPS: 3893  ev=0.660  ent=0.355  grad=0.54/0.50  h=0.1 c=1.7  kl=0.0199  vl=0.0467
Step: 13426688 SPS: 3893  ev=0.657  ent=0.361  grad=0.49/0.49  h=0.1 c=1.9  kl=0.0267  vl=0.0555
Step: 13430784 SPS: 3893  ev=0.642  ent=0.341  grad=0.41/0.41  h=0.1 c=2.0  kl=0.0199  vl=0.0552
  vs Heur:   33W/70L/4D | score=3.0±11.9 inv=0.0 played=15.1 lanes=5.0 ddraw=0.2 pts=3
  vs Random: 102W/0L/0D | score=20.4±15.8 inv=0.0 played=18.0 lanes=5.0 ddraw=1.9 pts=20
  Self-play: 55W/50L/2D | score=3.6±13.0 inv=0.0 played=15.4 lanes=5.0 ddraw=0.3 pts=4
Step: 13434880 SPS: 3893  ev=0.668  ent=0.369  grad=0.37/0.37  h=0.1 c=1.9  kl=0.0202  vl=0.0558
Step: 13438976 SPS: 3893  ev=0.671  ent=0.353  grad=0.28/0.28  h=0.1 c=2.7  kl=0.0248  vl=0.0529
Step: 13443072 SPS: 3893  ev=0.639  ent=0.327  grad=0.38/0.38  h=0.1 c=2.1  kl=0.0165  vl=0.0536
Step: 13447168 SPS: 3894  ev=0.635  ent=0.350  grad=0.29/0.29  h=0.1 c=2.0  kl=0.0135  vl=0.0592
Step: 13451264 SPS: 3894  ev=0.653  ent=0.369  grad=0.31/0.31  h=0.1 c=2.6  kl=0.0216  vl=0.0432
Step: 13455360 SPS: 3894  ev=0.616  ent=0.367  grad=0.33/0.33  h=0.1 c=1.8  kl=0.0209  vl=0.0632
Step: 13459456 SPS: 3893  ev=0.683  ent=0.363  grad=0.38/0.38  h=0.0 c=2.6  kl=0.0159  vl=0.0520
Step: 13463552 SPS: 3893  ev=0.652  ent=0.366  grad=0.42/0.42  h=0.1 c=2.1  kl=0.0143  vl=0.0415
Step: 13467648 SPS: 3893  ev=0.684  ent=0.362  grad=0.39/0.39  h=0.1 c=1.9  kl=0.0163  vl=0.0411
Step: 13471744 SPS: 3893  ev=0.654  ent=0.352  grad=0.46/0.46  h=0.1 c=2.5  kl=0.0202  vl=0.0587
Step: 13475840 SPS: 3893  ev=0.657  ent=0.336  grad=0.52/0.50  h=0.1 c=2.3  kl=0.0195  vl=0.0588
Step: 13479936 SPS: 3893  ev=0.684  ent=0.346  grad=0.29/0.29  h=0.1 c=1.8  kl=0.0198  vl=0.0480
Step: 13484032 SPS: 3893  ev=0.695  ent=0.339  grad=0.29/0.29  h=0.1 c=2.2  kl=0.0495  vl=0.0522
Step: 13488128 SPS: 3893  ev=0.637  ent=0.319  grad=0.41/0.41  h=0.1 c=2.8  kl=0.0130  vl=0.0621
Step: 13492224 SPS: 3893  ev=0.587  ent=0.360  grad=0.42/0.42  h=0.1 c=1.7  kl=0.0172  vl=0.0575
Step: 13496320 SPS: 3893  ev=0.660  ent=0.355  grad=0.37/0.37  h=0.0 c=1.8  kl=0.0164  vl=0.0367
Step: 13500416 SPS: 3893  ev=0.662  ent=0.355  grad=0.39/0.39  h=0.1 c=1.9  kl=0.0238  vl=0.0469
Step: 13504512 SPS: 3893  ev=0.659  ent=0.337  grad=0.41/0.41  h=0.1 c=1.8  kl=0.0219  vl=0.0529
Step: 13508608 SPS: 3893  ev=0.616  ent=0.331  grad=0.38/0.38  h=0.1 c=2.1  kl=0.0116  vl=0.0531
Step: 13512704 SPS: 3893  ev=0.645  ent=0.370  grad=0.30/0.30  h=0.1 c=2.1  kl=0.0199  vl=0.0707
  vs Heur:   38W/64L/1D | score=3.0±12.9 inv=0.0 played=15.2 lanes=5.0 ddraw=0.2 pts=3
  vs Random: 101W/0L/0D | score=20.1±14.9 inv=0.0 played=18.0 lanes=5.0 ddraw=1.9 pts=20
  Self-play: 53W/51L/3D | score=3.9±12.7 inv=0.0 played=15.4 lanes=5.0 ddraw=0.3 pts=4
Step: 13516800 SPS: 3893  ev=0.676  ent=0.353  grad=0.37/0.37  h=0.1 c=3.2  kl=0.0140  vl=0.0554
Step: 13520896 SPS: 3893  ev=0.679  ent=0.364  grad=0.24/0.24  h=0.1 c=2.2  kl=0.0122  vl=0.0654
Step: 13524992 SPS: 3893  ev=0.632  ent=0.363  grad=0.47/0.47  h=0.1 c=2.7  kl=0.0311  vl=0.0609
Step: 13529088 SPS: 3893  ev=0.607  ent=0.351  grad=0.34/0.34  h=0.1 c=2.0  kl=0.0220  vl=0.0534
Step: 13533184 SPS: 3893  ev=0.611  ent=0.325  grad=0.48/0.48  h=0.1 c=1.9  kl=0.0123  vl=0.0491
Step: 13537280 SPS: 3893  ev=0.634  ent=0.340  grad=0.42/0.42  h=0.1 c=2.4  kl=0.0120  vl=0.0559
Step: 13541376 SPS: 3893  ev=0.661  ent=0.348  grad=0.35/0.35  h=0.1 c=2.3  kl=0.0125  vl=0.0457
Step: 13545472 SPS: 3893  ev=0.648  ent=0.364  grad=0.54/0.50  h=0.1 c=2.2  kl=0.0215  vl=0.0630
Step: 13549568 SPS: 3893  ev=0.617  ent=0.349  grad=0.41/0.41  h=0.1 c=2.3  kl=0.0108  vl=0.0424
Step: 13553664 SPS: 3893  ev=0.678  ent=0.340  grad=0.43/0.43  h=0.1 c=2.1  kl=0.0197  vl=0.0506
Step: 13557760 SPS: 3893  ev=0.639  ent=0.333  grad=0.38/0.38  h=0.1 c=2.2  kl=0.0177  vl=0.0516
Step: 13561856 SPS: 3893  ev=0.677  ent=0.373  grad=0.43/0.43  h=0.1 c=2.6  kl=0.0195  vl=0.0510
Step: 13565952 SPS: 3893  ev=0.655  ent=0.359  grad=0.38/0.38  h=0.1 c=2.2  kl=0.0166  vl=0.0476
Step: 13570048 SPS: 3893  ev=0.676  ent=0.359  grad=0.77/0.50  h=0.2 c=3.3  kl=0.0191  vl=0.0513
Step: 13574144 SPS: 3893  ev=0.634  ent=0.373  grad=0.41/0.41  h=0.2 c=2.2  kl=0.0152  vl=0.0528
Step: 13578240 SPS: 3893  ev=0.710  ent=0.351  grad=0.41/0.41  h=0.1 c=1.7  kl=0.0194  vl=0.0610
Step: 13582336 SPS: 3893  ev=0.672  ent=0.387  grad=0.47/0.47  h=0.2 c=2.5  kl=0.0221  vl=0.0536
Step: 13586432 SPS: 3893  ev=0.677  ent=0.382  grad=0.50/0.50  h=0.2 c=1.6  kl=0.0236  vl=0.0461
Step: 13590528 SPS: 3893  ev=0.671  ent=0.380  grad=0.49/0.49  h=0.2 c=1.7  kl=0.0177  vl=0.0507
Step: 13594624 SPS: 3893  ev=0.663  ent=0.351  grad=0.41/0.41  h=0.2 c=1.8  kl=0.0134  vl=0.0565
  vs Heur:   35W/64L/6D | score=2.3±12.7 inv=0.0 played=15.3 lanes=5.0 ddraw=0.2 pts=2
  vs Random: 100W/0L/0D | score=23.8±14.5 inv=0.0 played=18.4 lanes=5.0 ddraw=1.5 pts=24
  Self-play: 54W/46L/3D | score=3.7±12.4 inv=0.0 played=15.2 lanes=5.0 ddraw=0.3 pts=4
Step: 13598720 SPS: 3892  ev=0.656  ent=0.375  grad=0.35/0.35  h=0.2 c=1.8  kl=0.0208  vl=0.0524
Step: 13602816 SPS: 3892  ev=0.641  ent=0.371  grad=0.38/0.38  h=0.2 c=1.4  kl=0.0150  vl=0.0521
Step: 13606912 SPS: 3892  ev=0.606  ent=0.365  grad=0.37/0.37  h=0.2 c=2.1  kl=0.0170  vl=0.0569
Step: 13611008 SPS: 3892  ev=0.628  ent=0.383  grad=0.36/0.36  h=0.2 c=1.8  kl=0.0222  vl=0.0541
Step: 13615104 SPS: 3893  ev=0.660  ent=0.368  grad=0.34/0.34  h=0.2 c=1.8  kl=0.0132  vl=0.0617
Step: 13619200 SPS: 3893  ev=0.648  ent=0.376  grad=0.49/0.49  h=0.2 c=1.6  kl=0.0184  vl=0.0539
Step: 13623296 SPS: 3893  ev=0.663  ent=0.367  grad=0.37/0.37  h=0.2 c=1.9  kl=0.0162  vl=0.0484
Step: 13627392 SPS: 3893  ev=0.656  ent=0.388  grad=0.53/0.50  h=0.2 c=1.8  kl=0.0150  vl=0.0565
Step: 13631488 SPS: 3893  ev=0.669  ent=0.370  grad=0.40/0.40  h=0.2 c=2.0  kl=0.0178  vl=0.0566
Step: 13635584 SPS: 3893  ev=0.657  ent=0.349  grad=0.34/0.34  h=0.2 c=1.8  kl=0.0256  vl=0.0561
Step: 13639680 SPS: 3893  ev=0.651  ent=0.348  grad=0.38/0.38  h=0.1 c=1.8  kl=0.0228  vl=0.0673
Step: 13643776 SPS: 3893  ev=0.660  ent=0.364  grad=0.31/0.31  h=0.2 c=1.5  kl=0.0189  vl=0.0691
Step: 13647872 SPS: 3893  ev=0.617  ent=0.368  grad=0.35/0.35  h=0.2 c=1.5  kl=0.0230  vl=0.0727
Step: 13651968 SPS: 3893  ev=0.636  ent=0.346  grad=0.38/0.38  h=0.2 c=1.7  kl=0.0256  vl=0.0439
Step: 13656064 SPS: 3893  ev=0.681  ent=0.353  grad=0.45/0.45  h=0.2 c=1.6  kl=0.0126  vl=0.0516
Step: 13660160 SPS: 3893  ev=0.662  ent=0.392  grad=0.32/0.32  h=0.1 c=1.4  kl=0.0134  vl=0.0473
Step: 13664256 SPS: 3893  ev=0.647  ent=0.374  grad=0.27/0.27  h=0.2 c=2.0  kl=0.0178  vl=0.0538
Step: 13668352 SPS: 3893  ev=0.642  ent=0.376  grad=0.27/0.27  h=0.2 c=1.5  kl=0.0139  vl=0.0564
Step: 13672448 SPS: 3893  ev=0.646  ent=0.370  grad=0.37/0.37  h=0.2 c=1.8  kl=0.0182  vl=0.0547
Step: 13676544 SPS: 3893  ev=0.638  ent=0.368  grad=0.38/0.38  h=0.2 c=1.9  kl=0.0146  vl=0.0392
  vs Heur:   37W/63L/6D | score=4.3±13.2 inv=0.0 played=15.4 lanes=5.0 ddraw=0.2 pts=4
  vs Random: 100W/0L/0D | score=25.6±17.0 inv=0.0 played=18.5 lanes=5.0 ddraw=1.6 pts=26
  Self-play: 34W/69L/5D | score=2.0±11.9 inv=0.0 played=15.2 lanes=5.0 ddraw=0.3 pts=2
Step: 13680640 SPS: 3893  ev=0.652  ent=0.345  grad=0.45/0.45  h=0.2 c=2.3  kl=0.0112  vl=0.0555
Step: 13684736 SPS: 3893  ev=0.634  ent=0.374  grad=0.53/0.50  h=0.2 c=1.9  kl=0.0199  vl=0.0553
Step: 13688832 SPS: 3893  ev=0.670  ent=0.369  grad=0.40/0.40  h=0.2 c=2.0  kl=0.0127  vl=0.0514
Step: 13692928 SPS: 3893  ev=0.642  ent=0.385  grad=0.33/0.33  h=0.2 c=2.0  kl=0.0231  vl=0.0618
Step: 13697024 SPS: 3893  ev=0.643  ent=0.355  grad=0.36/0.36  h=0.2 c=2.2  kl=0.0262  vl=0.0407
Step: 13701120 SPS: 3893  ev=0.661  ent=0.377  grad=0.39/0.39  h=0.2 c=2.2  kl=0.0125  vl=0.0418
Step: 13705216 SPS: 3893  ev=0.695  ent=0.377  grad=0.34/0.34  h=0.2 c=2.1  kl=0.0138  vl=0.0516
Step: 13709312 SPS: 3893  ev=0.632  ent=0.337  grad=0.37/0.37  h=0.2 c=2.4  kl=0.0130  vl=0.0597
Step: 13713408 SPS: 3893  ev=0.634  ent=0.344  grad=0.28/0.28  h=0.2 c=2.4  kl=0.0352  vl=0.0640
Step: 13717504 SPS: 3893  ev=0.652  ent=0.349  grad=0.39/0.39  h=0.2 c=1.8  kl=0.0109  vl=0.0499
Step: 13721600 SPS: 3893  ev=0.673  ent=0.337  grad=0.43/0.43  h=0.2 c=2.2  kl=0.0269  vl=0.0676
Step: 13725696 SPS: 3893  ev=0.669  ent=0.366  grad=0.47/0.47  h=0.1 c=2.4  kl=0.0190  vl=0.0517
Step: 13729792 SPS: 3893  ev=0.671  ent=0.376  grad=0.33/0.33  h=0.2 c=2.6  kl=0.0232  vl=0.0622
Step: 13733888 SPS: 3893  ev=0.657  ent=0.353  grad=0.30/0.30  h=0.2 c=2.7  kl=0.0114  vl=0.0570
Step: 13737984 SPS: 3893  ev=0.651  ent=0.366  grad=0.39/0.39  h=0.2 c=2.5  kl=0.0164  vl=0.0557
Step: 13742080 SPS: 3893  ev=0.635  ent=0.353  grad=0.41/0.41  h=0.2 c=2.2  kl=0.0173  vl=0.0686
Step: 13746176 SPS: 3893  ev=0.642  ent=0.369  grad=0.31/0.31  h=0.2 c=2.6  kl=0.0210  vl=0.0600
Step: 13750272 SPS: 3893  ev=0.662  ent=0.363  grad=0.38/0.38  h=0.2 c=2.4  kl=0.0208  vl=0.0529
Step: 13754368 SPS: 3893  ev=0.661  ent=0.344  grad=0.39/0.39  h=0.2 c=2.4  kl=0.0225  vl=0.0505
Step: 13758464 SPS: 3893  ev=0.651  ent=0.369  grad=0.38/0.38  h=0.1 c=2.8  kl=0.0223  vl=0.0419
  vs Heur:   39W/65L/1D | score=4.4±12.3 inv=0.0 played=15.6 lanes=5.0 ddraw=0.3 pts=4
  vs Random: 100W/0L/0D | score=26.3±12.8 inv=0.0 played=18.9 lanes=5.0 ddraw=1.5 pts=26
  Self-play: 54W/49L/3D | score=4.7±11.3 inv=0.0 played=15.6 lanes=5.0 ddraw=0.3 pts=5
Step: 13762560 SPS: 3893  ev=0.640  ent=0.375  grad=0.34/0.34  h=0.2 c=3.0  kl=0.0195  vl=0.0646
Step: 13766656 SPS: 3893  ev=0.652  ent=0.359  grad=0.30/0.30  h=0.2 c=2.4  kl=0.0129  vl=0.0411
Step: 13770752 SPS: 3893  ev=0.633  ent=0.366  grad=0.36/0.36  h=0.2 c=2.8  kl=0.0133  vl=0.0572
Step: 13774848 SPS: 3892  ev=0.685  ent=0.373  grad=0.33/0.33  h=0.2 c=2.5  kl=0.0146  vl=0.0550
Step: 13778944 SPS: 3891  ev=0.661  ent=0.350  grad=0.43/0.43  h=0.2 c=3.0  kl=0.0173  vl=0.0522
Step: 13783040 SPS: 3891  ev=0.639  ent=0.349  grad=0.35/0.35  h=0.2 c=2.4  kl=0.0188  vl=0.0562
Step: 13787136 SPS: 3891  ev=0.692  ent=0.340  grad=0.38/0.38  h=0.2 c=2.2  kl=0.0179  vl=0.0486
Step: 13791232 SPS: 3890  ev=0.604  ent=0.391  grad=0.33/0.33  h=0.2 c=2.3  kl=0.0298  vl=0.0481
Step: 13795328 SPS: 3890  ev=0.689  ent=0.353  grad=0.43/0.43  h=0.1 c=2.7  kl=0.0250  vl=0.0476
Step: 13799424 SPS: 3890  ev=0.708  ent=0.384  grad=0.38/0.38  h=0.1 c=2.6  kl=0.0221  vl=0.0474
Step: 13803520 SPS: 3890  ev=0.655  ent=0.400  grad=0.46/0.46  h=0.2 c=3.5  kl=0.0129  vl=0.0570
Step: 13807616 SPS: 3890  ev=0.666  ent=0.394  grad=0.40/0.40  h=0.2 c=3.0  kl=0.0197  vl=0.0587
Step: 13811712 SPS: 3890  ev=0.643  ent=0.387  grad=0.59/0.50  h=0.2 c=2.3  kl=0.0178  vl=0.0660
Step: 13815808 SPS: 3890  ev=0.620  ent=0.365  grad=0.36/0.36  h=0.1 c=3.1  kl=0.0173  vl=0.0690
Step: 13819904 SPS: 3890  ev=0.639  ent=0.396  grad=0.31/0.31  h=0.2 c=3.0  kl=0.0189  vl=0.0415
Step: 13824000 SPS: 3890  ev=0.666  ent=0.377  grad=0.37/0.37  h=0.1 c=2.5  kl=0.0184  vl=0.0500
Step: 13828096 SPS: 3889  ev=0.694  ent=0.370  grad=0.49/0.49  h=0.2 c=2.8  kl=0.0148  vl=0.0591
Step: 13832192 SPS: 3889  ev=0.651  ent=0.381  grad=0.43/0.43  h=0.1 c=3.7  kl=0.0303  vl=0.0579
Step: 13836288 SPS: 3889  ev=0.667  ent=0.367  grad=0.44/0.44  h=0.2 c=3.4  kl=0.0224  vl=0.0441
Step: 13840384 SPS: 3889  ev=0.644  ent=0.383  grad=0.31/0.31  h=0.2 c=3.0  kl=0.0157  vl=0.0575
  vs Heur:   31W/69L/1D | score=2.2±12.8 inv=0.0 played=15.3 lanes=5.0 ddraw=0.4 pts=2
  vs Random: 100W/0L/0D | score=23.6±13.1 inv=0.0 played=18.4 lanes=5.0 ddraw=2.0 pts=24
  Self-play: 56W/53L/1D | score=6.6±13.7 inv=0.0 played=16.0 lanes=5.0 ddraw=0.1 pts=7
Step: 13844480 SPS: 3889  ev=0.659  ent=0.363  grad=0.46/0.46  h=0.2 c=2.3  kl=0.0150  vl=0.0576
Step: 13848576 SPS: 3889  ev=0.627  ent=0.368  grad=0.35/0.35  h=0.2 c=2.7  kl=0.0226  vl=0.0502
Step: 13852672 SPS: 3889  ev=0.658  ent=0.381  grad=0.36/0.36  h=0.2 c=3.4  kl=0.0258  vl=0.0733
Step: 13856768 SPS: 3889  ev=0.709  ent=0.391  grad=0.46/0.46  h=0.2 c=2.5  kl=0.0098  vl=0.0602
Step: 13860864 SPS: 3888  ev=0.661  ent=0.387  grad=0.34/0.34  h=0.2 c=3.0  kl=0.0124  vl=0.0736
Step: 13864960 SPS: 3888  ev=0.666  ent=0.389  grad=0.35/0.35  h=0.2 c=2.7  kl=0.0144  vl=0.0492
Step: 13869056 SPS: 3889  ev=0.628  ent=0.357  grad=0.31/0.31  h=0.2 c=2.3  kl=0.0148  vl=0.0471
Step: 13873152 SPS: 3889  ev=0.641  ent=0.376  grad=0.28/0.28  h=0.2 c=2.2  kl=0.0127  vl=0.0428
Step: 13877248 SPS: 3888  ev=0.643  ent=0.370  grad=0.28/0.28  h=0.2 c=2.2  kl=0.0142  vl=0.0600
Step: 13881344 SPS: 3888  ev=0.642  ent=0.383  grad=0.41/0.41  h=0.2 c=2.9  kl=0.0179  vl=0.0566
Step: 13885440 SPS: 3888  ev=0.672  ent=0.396  grad=0.62/0.50  h=0.2 c=2.1  kl=0.0174  vl=0.0531
Step: 13889536 SPS: 3888  ev=0.688  ent=0.380  grad=0.50/0.50  h=0.1 c=2.4  kl=0.0224  vl=0.0687
Step: 13893632 SPS: 3888  ev=0.629  ent=0.377  grad=0.58/0.50  h=0.2 c=2.5  kl=0.0162  vl=0.0503
Step: 13897728 SPS: 3887  ev=0.680  ent=0.378  grad=0.39/0.39  h=0.2 c=2.3  kl=0.0114  vl=0.0553
Step: 13901824 SPS: 3887  ev=0.678  ent=0.391  grad=0.42/0.42  h=0.2 c=2.3  kl=0.0210  vl=0.0561
Step: 13905920 SPS: 3887  ev=0.666  ent=0.387  grad=0.35/0.35  h=0.2 c=2.8  kl=0.0256  vl=0.0548
Step: 13910016 SPS: 3887  ev=0.616  ent=0.378  grad=0.40/0.40  h=0.2 c=2.4  kl=0.0135  vl=0.0548
Step: 13914112 SPS: 3887  ev=0.650  ent=0.378  grad=0.36/0.36  h=0.2 c=2.9  kl=0.0159  vl=0.0504
Step: 13918208 SPS: 3887  ev=0.656  ent=0.368  grad=0.38/0.38  h=0.1 c=2.8  kl=0.0159  vl=0.0473
Step: 13922304 SPS: 3886  ev=0.690  ent=0.374  grad=0.37/0.37  h=0.1 c=3.0  kl=0.0205  vl=0.0465
  vs Heur:   49W/55L/2D | score=5.7±13.9 inv=0.0 played=15.7 lanes=5.0 ddraw=0.3 pts=6
  vs Random: 101W/0L/0D | score=30.4±15.0 inv=0.0 played=19.2 lanes=5.0 ddraw=1.2 pts=30
  Self-play: 41W/65L/3D | score=2.6±12.3 inv=0.0 played=15.4 lanes=5.0 ddraw=0.2 pts=3
Step: 13926400 SPS: 3886  ev=0.658  ent=0.390  grad=0.47/0.47  h=0.1 c=2.5  kl=0.0137  vl=0.0561
Step: 13930496 SPS: 3886  ev=0.657  ent=0.379  grad=0.34/0.34  h=0.1 c=2.7  kl=0.0191  vl=0.0474
Step: 13934592 SPS: 3885  ev=0.635  ent=0.387  grad=0.45/0.45  h=0.1 c=2.8  kl=0.0168  vl=0.0529
Step: 13938688 SPS: 3884  ev=0.659  ent=0.384  grad=0.42/0.42  h=0.1 c=2.7  kl=0.0135  vl=0.0532
Step: 13942784 SPS: 3884  ev=0.664  ent=0.360  grad=0.30/0.30  h=0.2 c=3.2  kl=0.0211  vl=0.0616
Step: 13946880 SPS: 3883  ev=0.612  ent=0.380  grad=0.43/0.43  h=0.2 c=3.0  kl=0.0229  vl=0.0581
Step: 13950976 SPS: 3883  ev=0.690  ent=0.359  grad=0.34/0.34  h=0.1 c=2.3  kl=0.0152  vl=0.0591
Step: 13955072 SPS: 3882  ev=0.692  ent=0.388  grad=0.41/0.41  h=0.1 c=2.3  kl=0.0154  vl=0.0636
Step: 13959168 SPS: 3882  ev=0.642  ent=0.374  grad=0.27/0.27  h=0.1 c=2.2  kl=0.0207  vl=0.0774
Step: 13963264 SPS: 3881  ev=0.682  ent=0.362  grad=0.30/0.30  h=0.2 c=2.1  kl=0.0188  vl=0.0647
Step: 13967360 SPS: 3881  ev=0.685  ent=0.385  grad=0.35/0.35  h=0.1 c=1.8  kl=0.0270  vl=0.0636
Step: 13971456 SPS: 3881  ev=0.663  ent=0.387  grad=0.30/0.30  h=0.2 c=2.4  kl=0.0123  vl=0.0473
Step: 13975552 SPS: 3880  ev=0.699  ent=0.389  grad=0.37/0.37  h=0.1 c=2.3  kl=0.0174  vl=0.0515
Step: 13979648 SPS: 3880  ev=0.657  ent=0.383  grad=0.44/0.44  h=0.2 c=2.0  kl=0.0177  vl=0.0601
Step: 13983744 SPS: 3880  ev=0.670  ent=0.396  grad=0.36/0.36  h=0.2 c=2.4  kl=0.0168  vl=0.0630
Step: 13987840 SPS: 3880  ev=0.666  ent=0.410  grad=0.37/0.37  h=0.2 c=2.7  kl=0.0162  vl=0.0652
Step: 13991936 SPS: 3880  ev=0.620  ent=0.362  grad=0.36/0.36  h=0.2 c=2.7  kl=0.0182  vl=0.0540
Step: 13996032 SPS: 3880  ev=0.702  ent=0.390  grad=0.32/0.32  h=0.2 c=3.1  kl=0.0238  vl=0.0569
Step: 14000128 SPS: 3880  ev=0.666  ent=0.373  grad=0.34/0.34  h=0.2 c=2.4  kl=0.0185  vl=0.0647
Step: 14004224 SPS: 3879  ev=0.700  ent=0.382  grad=0.38/0.38  h=0.2 c=3.1  kl=0.0204  vl=0.0513
  vs Heur:   40W/58L/2D | score=5.2±13.1 inv=0.0 played=15.5 lanes=5.0 ddraw=0.5 pts=5
  vs Random: 100W/0L/0D | score=35.2±14.0 inv=0.0 played=19.6 lanes=5.0 ddraw=1.7 pts=35
  Self-play: 55W/51L/1D | score=4.1±12.5 inv=0.0 played=15.5 lanes=5.0 ddraw=0.2 pts=4
Step: 14008320 SPS: 3879  ev=0.622  ent=0.355  grad=0.33/0.33  h=0.2 c=2.7  kl=0.0125  vl=0.0583
Step: 14012416 SPS: 3879  ev=0.657  ent=0.378  grad=0.34/0.34  h=0.2 c=2.3  kl=0.0220  vl=0.0435
Step: 14016512 SPS: 3879  ev=0.697  ent=0.419  grad=0.39/0.39  h=0.2 c=2.2  kl=0.0182  vl=0.0557
Step: 14020608 SPS: 3878  ev=0.694  ent=0.374  grad=0.57/0.50  h=0.2 c=3.1  kl=0.0222  vl=0.0541
Step: 14024704 SPS: 3878  ev=0.669  ent=0.401  grad=0.31/0.31  h=0.2 c=2.7  kl=0.0179  vl=0.0561
Step: 14028800 SPS: 3879  ev=0.586  ent=0.364  grad=0.38/0.38  h=0.2 c=2.1  kl=0.0303  vl=0.0533
Step: 14032896 SPS: 3878  ev=0.665  ent=0.355  grad=0.40/0.40  h=0.2 c=2.3  kl=0.0097  vl=0.0458
Step: 14036992 SPS: 3878  ev=0.635  ent=0.375  grad=0.37/0.37  h=0.2 c=2.0  kl=0.0186  vl=0.0536
Step: 14041088 SPS: 3878  ev=0.690  ent=0.373  grad=0.69/0.50  h=0.2 c=2.8  kl=0.0219  vl=0.0583
Step: 14045184 SPS: 3878  ev=0.631  ent=0.368  grad=0.36/0.36  h=0.2 c=2.3  kl=0.0162  vl=0.0533
Step: 14049280 SPS: 3878  ev=0.688  ent=0.339  grad=0.40/0.40  h=0.2 c=2.4  kl=0.0211  vl=0.0585
Step: 14053376 SPS: 3878  ev=0.672  ent=0.349  grad=0.44/0.44  h=0.3 c=2.4  kl=0.0182  vl=0.0642
Step: 14057472 SPS: 3877  ev=0.637  ent=0.366  grad=0.43/0.43  h=0.2 c=2.6  kl=0.0194  vl=0.0698
Step: 14061568 SPS: 3877  ev=0.646  ent=0.380  grad=0.45/0.45  h=0.2 c=1.9  kl=0.0179  vl=0.0625
Step: 14065664 SPS: 3877  ev=0.696  ent=0.374  grad=0.34/0.34  h=0.2 c=2.3  kl=0.0153  vl=0.0582
Step: 14069760 SPS: 3877  ev=0.691  ent=0.378  grad=0.35/0.35  h=0.2 c=2.1  kl=0.0090  vl=0.0563
Step: 14073856 SPS: 3876  ev=0.600  ent=0.370  grad=0.32/0.32  h=0.3 c=2.3  kl=0.0234  vl=0.0767
Step: 14077952 SPS: 3876  ev=0.633  ent=0.382  grad=0.33/0.33  h=0.2 c=2.4  kl=0.0189  vl=0.0604
Step: 14082048 SPS: 3875  ev=0.650  ent=0.366  grad=0.34/0.34  h=0.2 c=2.3  kl=0.0142  vl=0.0403
Step: 14086144 SPS: 3875  ev=0.655  ent=0.368  grad=0.32/0.32  h=0.2 c=2.0  kl=0.0157  vl=0.0523
  vs Heur:   44W/62L/0D | score=3.0±12.6 inv=0.0 played=15.4 lanes=5.0 ddraw=0.4 pts=3
  vs Random: 100W/0L/0D | score=30.3±14.5 inv=0.0 played=19.2 lanes=5.0 ddraw=1.3 pts=30
  Self-play: 50W/58L/1D | score=3.6±12.4 inv=0.0 played=15.4 lanes=5.0 ddraw=0.2 pts=4
Step: 14090240 SPS: 3875  ev=0.657  ent=0.385  grad=0.29/0.29  h=0.2 c=2.3  kl=0.0138  vl=0.0510
Step: 14094336 SPS: 3874  ev=0.671  ent=0.372  grad=0.45/0.45  h=0.2 c=2.3  kl=0.0222  vl=0.0623
Step: 14098432 SPS: 3874  ev=0.679  ent=0.356  grad=0.34/0.34  h=0.2 c=1.8  kl=0.0153  vl=0.0517
Step: 14102528 SPS: 3873  ev=0.647  ent=0.433  grad=0.45/0.45  h=0.3 c=2.0  kl=0.0143  vl=0.0571
Step: 14106624 SPS: 3873  ev=0.638  ent=0.380  grad=0.43/0.43  h=0.2 c=1.9  kl=0.0157  vl=0.0503
Step: 14110720 SPS: 3873  ev=0.653  ent=0.353  grad=0.41/0.41  h=0.2 c=1.7  kl=0.0270  vl=0.0431
Step: 14114816 SPS: 3873  ev=0.679  ent=0.346  grad=0.31/0.31  h=0.2 c=2.3  kl=0.0156  vl=0.0537
Step: 14118912 SPS: 3873  ev=0.675  ent=0.375  grad=0.41/0.41  h=0.3 c=1.9  kl=0.0170  vl=0.0560
Step: 14123008 SPS: 3873  ev=0.661  ent=0.386  grad=0.43/0.43  h=0.3 c=2.4  kl=0.0173  vl=0.0608
Step: 14127104 SPS: 3873  ev=0.668  ent=0.378  grad=0.37/0.37  h=0.2 c=1.8  kl=0.0184  vl=0.0647
Step: 14131200 SPS: 3873  ev=0.592  ent=0.351  grad=0.44/0.44  h=0.3 c=2.0  kl=0.0169  vl=0.0796
Step: 14135296 SPS: 3872  ev=0.639  ent=0.364  grad=0.47/0.47  h=0.3 c=2.4  kl=0.0187  vl=0.0548
Step: 14139392 SPS: 3872  ev=0.688  ent=0.379  grad=0.57/0.50  h=0.3 c=2.5  kl=0.0157  vl=0.0501
Step: 14143488 SPS: 3872  ev=0.678  ent=0.374  grad=0.50/0.50  h=0.2 c=1.6  kl=0.0296  vl=0.0570
Step: 14147584 SPS: 3872  ev=0.701  ent=0.365  grad=0.47/0.47  h=0.3 c=2.2  kl=0.0148  vl=0.0573
Step: 14151680 SPS: 3872  ev=0.677  ent=0.377  grad=0.27/0.27  h=0.3 c=1.9  kl=0.0141  vl=0.0629
Step: 14155776 SPS: 3872  ev=0.675  ent=0.387  grad=0.34/0.34  h=0.3 c=2.1  kl=0.0124  vl=0.0456
Step: 14159872 SPS: 3871  ev=0.687  ent=0.351  grad=0.38/0.38  h=0.2 c=2.0  kl=0.0282  vl=0.0393
Step: 14163968 SPS: 3871  ev=0.669  ent=0.365  grad=0.34/0.34  h=0.3 c=1.7  kl=0.0222  vl=0.0553
Step: 14168064 SPS: 3871  ev=0.680  ent=0.384  grad=0.45/0.45  h=0.2 c=1.9  kl=0.0176  vl=0.0544
  vs Heur:   35W/68L/1D | score=3.3±11.5 inv=0.0 played=15.6 lanes=5.0 ddraw=0.3 pts=3
  vs Random: 100W/0L/0D | score=28.2±12.9 inv=0.0 played=19.3 lanes=5.0 ddraw=1.2 pts=28
  Self-play: 53W/52L/0D | score=4.7±10.9 inv=0.0 played=15.7 lanes=5.0 ddraw=0.3 pts=5
Step: 14172160 SPS: 3871  ev=0.654  ent=0.348  grad=0.44/0.44  h=0.2 c=1.9  kl=0.0178  vl=0.0523
Step: 14176256 SPS: 3871  ev=0.684  ent=0.369  grad=0.27/0.27  h=0.3 c=2.2  kl=0.0154  vl=0.0504
Step: 14180352 SPS: 3871  ev=0.656  ent=0.330  grad=0.30/0.30  h=0.2 c=2.3  kl=0.0087  vl=0.0364
Step: 14184448 SPS: 3870  ev=0.619  ent=0.383  grad=0.37/0.37  h=0.3 c=2.2  kl=0.0258  vl=0.0669
Step: 14188544 SPS: 3870  ev=0.704  ent=0.371  grad=0.39/0.39  h=0.3 c=2.1  kl=0.0136  vl=0.0420
Step: 14192640 SPS: 3870  ev=0.649  ent=0.366  grad=0.30/0.30  h=0.2 c=2.3  kl=0.0133  vl=0.0513
Step: 14196736 SPS: 3870  ev=0.646  ent=0.325  grad=0.35/0.35  h=0.2 c=2.4  kl=0.0145  vl=0.0324
Step: 14200832 SPS: 3870  ev=0.683  ent=0.370  grad=0.27/0.27  h=0.2 c=2.1  kl=0.0150  vl=0.0428
Step: 14204928 SPS: 3870  ev=0.691  ent=0.345  grad=0.36/0.36  h=0.2 c=2.6  kl=0.0110  vl=0.0473
Step: 14209024 SPS: 3870  ev=0.671  ent=0.347  grad=0.45/0.45  h=0.2 c=2.2  kl=0.0123  vl=0.0320
Step: 14213120 SPS: 3870  ev=0.672  ent=0.345  grad=0.32/0.32  h=0.2 c=2.6  kl=0.0182  vl=0.0456
Step: 14217216 SPS: 3870  ev=0.626  ent=0.356  grad=0.37/0.37  h=0.3 c=2.0  kl=0.0128  vl=0.0683
Step: 14221312 SPS: 3870  ev=0.666  ent=0.370  grad=0.38/0.38  h=0.2 c=2.5  kl=0.0157  vl=0.0541
Step: 14225408 SPS: 3870  ev=0.671  ent=0.341  grad=0.32/0.32  h=0.3 c=2.1  kl=0.0159  vl=0.0606
Step: 14229504 SPS: 3870  ev=0.670  ent=0.337  grad=0.26/0.26  h=0.3 c=2.4  kl=0.0147  vl=0.0575
Step: 14233600 SPS: 3870  ev=0.616  ent=0.369  grad=0.44/0.44  h=0.3 c=2.1  kl=0.0152  vl=0.0529
Step: 14237696 SPS: 3870  ev=0.692  ent=0.356  grad=0.32/0.32  h=0.2 c=2.1  kl=0.0143  vl=0.0506
Step: 14241792 SPS: 3870  ev=0.671  ent=0.361  grad=0.39/0.39  h=0.3 c=2.2  kl=0.0217  vl=0.0476
Step: 14245888 SPS: 3870  ev=0.639  ent=0.328  grad=0.45/0.45  h=0.3 c=2.3  kl=0.0202  vl=0.0386
Step: 14249984 SPS: 3870  ev=0.630  ent=0.360  grad=0.41/0.41  h=0.3 c=2.3  kl=0.0248  vl=0.0379
  vs Heur:   46W/57L/3D | score=5.4±13.2 inv=0.0 played=15.8 lanes=5.0 ddraw=0.3 pts=5
  vs Random: 100W/0L/0D | score=28.3±16.1 inv=0.0 played=19.0 lanes=5.0 ddraw=1.1 pts=28
  Self-play: 54W/48L/2D | score=5.8±12.7 inv=0.0 played=16.0 lanes=5.0 ddraw=0.2 pts=6
Step: 14254080 SPS: 3870  ev=0.649  ent=0.366  grad=0.31/0.31  h=0.2 c=2.4  kl=0.0177  vl=0.0593
Step: 14258176 SPS: 3870  ev=0.654  ent=0.352  grad=0.51/0.50  h=0.2 c=2.1  kl=0.0183  vl=0.0518
Step: 14262272 SPS: 3870  ev=0.615  ent=0.382  grad=0.42/0.42  h=0.3 c=2.0  kl=0.0170  vl=0.0574
Step: 14266368 SPS: 3870  ev=0.635  ent=0.374  grad=0.31/0.31  h=0.3 c=3.1  kl=0.0160  vl=0.0443
Step: 14270464 SPS: 3870  ev=0.695  ent=0.346  grad=0.50/0.50  h=0.3 c=2.2  kl=0.0146  vl=0.0401
Step: 14274560 SPS: 3870  ev=0.689  ent=0.362  grad=0.32/0.32  h=0.3 c=2.1  kl=0.0141  vl=0.0513
Step: 14278656 SPS: 3870  ev=0.691  ent=0.394  grad=0.34/0.34  h=0.3 c=2.0  kl=0.0199  vl=0.0616
Step: 14282752 SPS: 3871  ev=0.703  ent=0.354  grad=0.38/0.38  h=0.3 c=2.7  kl=0.0161  vl=0.0571
Step: 14286848 SPS: 3870  ev=0.652  ent=0.370  grad=0.39/0.39  h=0.3 c=2.4  kl=0.0347  vl=0.0636
Step: 14290944 SPS: 3871  ev=0.663  ent=0.346  grad=0.44/0.44  h=0.3 c=2.0  kl=0.0115  vl=0.0467
Step: 14295040 SPS: 3871  ev=0.669  ent=0.348  grad=0.33/0.33  h=0.3 c=2.3  kl=0.0127  vl=0.0522
Step: 14299136 SPS: 3871  ev=0.645  ent=0.331  grad=0.39/0.39  h=0.3 c=2.3  kl=0.0104  vl=0.0519
Step: 14303232 SPS: 3871  ev=0.704  ent=0.376  grad=0.40/0.40  h=0.3 c=2.3  kl=0.0178  vl=0.0476
Step: 14307328 SPS: 3871  ev=0.684  ent=0.387  grad=0.36/0.36  h=0.3 c=2.7  kl=0.0136  vl=0.0508
Step: 14311424 SPS: 3871  ev=0.699  ent=0.363  grad=0.29/0.29  h=0.3 c=2.5  kl=0.0188  vl=0.0507
Step: 14315520 SPS: 3871  ev=0.647  ent=0.374  grad=0.34/0.34  h=0.4 c=2.3  kl=0.0183  vl=0.0609
Step: 14319616 SPS: 3871  ev=0.671  ent=0.330  grad=0.32/0.32  h=0.3 c=2.0  kl=0.0135  vl=0.0372
Step: 14323712 SPS: 3871  ev=0.670  ent=0.361  grad=0.40/0.40  h=0.3 c=2.5  kl=0.0157  vl=0.0552
Step: 14327808 SPS: 3871  ev=0.686  ent=0.366  grad=0.30/0.30  h=0.3 c=2.3  kl=0.0140  vl=0.0498
Step: 14331904 SPS: 3871  ev=0.704  ent=0.354  grad=0.31/0.31  h=0.3 c=2.5  kl=0.0126  vl=0.0448
  vs Heur:   41W/62L/1D | score=4.2±11.2 inv=0.0 played=15.7 lanes=5.0 ddraw=0.2 pts=4
  vs Random: 100W/0L/0D | score=27.9±13.4 inv=0.0 played=18.9 lanes=5.0 ddraw=1.0 pts=28
  Self-play: 62W/52L/1D | score=5.3±12.3 inv=0.0 played=15.8 lanes=5.0 ddraw=0.1 pts=5
Step: 14336000 SPS: 3871  ev=0.688  ent=0.362  grad=0.30/0.30  h=0.3 c=2.3  kl=0.0196  vl=0.0673
Step: 14340096 SPS: 3871  ev=0.692  ent=0.361  grad=0.40/0.40  h=0.3 c=2.1  kl=0.0187  vl=0.0551
Step: 14344192 SPS: 3871  ev=0.695  ent=0.363  grad=0.31/0.31  h=0.3 c=2.4  kl=0.0115  vl=0.0475
Step: 14348288 SPS: 3870  ev=0.637  ent=0.348  grad=0.59/0.50  h=0.3 c=1.7  kl=0.0159  vl=0.0457
Step: 14352384 SPS: 3870  ev=0.670  ent=0.344  grad=0.30/0.30  h=0.3 c=2.4  kl=0.0156  vl=0.0517
Step: 14356480 SPS: 3871  ev=0.674  ent=0.366  grad=0.31/0.31  h=0.3 c=2.5  kl=0.0165  vl=0.0494
Step: 14360576 SPS: 3871  ev=0.694  ent=0.349  grad=0.54/0.50  h=0.3 c=2.5  kl=0.0109  vl=0.0443
Step: 14364672 SPS: 3871  ev=0.669  ent=0.306  grad=0.34/0.34  h=0.3 c=3.0  kl=0.0137  vl=0.0503
Step: 14368768 SPS: 3871  ev=0.675  ent=0.353  grad=0.34/0.34  h=0.3 c=2.3  kl=0.0158  vl=0.0563
Step: 14372864 SPS: 3871  ev=0.647  ent=0.336  grad=0.33/0.33  h=0.3 c=2.3  kl=0.0156  vl=0.0553
Step: 14376960 SPS: 3871  ev=0.679  ent=0.343  grad=0.34/0.34  h=0.3 c=3.1  kl=0.0109  vl=0.0451
Step: 14381056 SPS: 3871  ev=0.680  ent=0.346  grad=0.36/0.36  h=0.3 c=1.9  kl=0.0163  vl=0.0476
Step: 14385152 SPS: 3871  ev=0.674  ent=0.331  grad=0.40/0.40  h=0.3 c=2.5  kl=0.0139  vl=0.0524
Step: 14389248 SPS: 3871  ev=0.710  ent=0.330  grad=0.39/0.39  h=0.3 c=2.2  kl=0.0127  vl=0.0512
Step: 14393344 SPS: 3871  ev=0.693  ent=0.352  grad=0.32/0.32  h=0.3 c=2.6  kl=0.0158  vl=0.0336
Step: 14397440 SPS: 3871  ev=0.682  ent=0.349  grad=0.50/0.50  h=0.3 c=2.1  kl=0.0108  vl=0.0508
Step: 14401536 SPS: 3871  ev=0.667  ent=0.349  grad=0.28/0.28  h=0.3 c=2.1  kl=0.0105  vl=0.0449
Step: 14405632 SPS: 3871  ev=0.650  ent=0.353  grad=0.43/0.43  h=0.3 c=2.2  kl=0.0114  vl=0.0500
Step: 14409728 SPS: 3871  ev=0.670  ent=0.354  grad=0.33/0.33  h=0.3 c=2.4  kl=0.0256  vl=0.0580
Step: 14413824 SPS: 3871  ev=0.716  ent=0.361  grad=0.32/0.32  h=0.3 c=2.5  kl=0.0173  vl=0.0560
  vs Heur:   43W/68L/3D | score=3.4±11.1 inv=0.0 played=15.7 lanes=5.0 ddraw=0.3 pts=3
  vs Random: 100W/0L/0D | score=32.5±14.6 inv=0.0 played=19.3 lanes=5.0 ddraw=0.9 pts=33
  Self-play: 54W/59L/1D | score=3.9±11.3 inv=0.0 played=15.6 lanes=5.0 ddraw=0.1 pts=4
Step: 14417920 SPS: 3870  ev=0.694  ent=0.333  grad=0.66/0.50  h=0.3 c=2.5  kl=0.0197  vl=0.0551
Step: 14422016 SPS: 3870  ev=0.631  ent=0.332  grad=0.37/0.37  h=0.3 c=2.6  kl=0.0155  vl=0.0623
Step: 14426112 SPS: 3871  ev=0.691  ent=0.349  grad=0.40/0.40  h=0.3 c=2.1  kl=0.0149  vl=0.0578
Step: 14430208 SPS: 3871  ev=0.709  ent=0.333  grad=0.51/0.50  h=0.3 c=2.4  kl=0.0125  vl=0.0540
Step: 14434304 SPS: 3870  ev=0.682  ent=0.345  grad=0.37/0.37  h=0.3 c=2.1  kl=0.0163  vl=0.0590
Step: 14438400 SPS: 3870  ev=0.698  ent=0.355  grad=0.42/0.42  h=0.3 c=2.4  kl=0.0235  vl=0.0541
Step: 14442496 SPS: 3870  ev=0.687  ent=0.350  grad=0.36/0.36  h=0.3 c=2.5  kl=0.0138  vl=0.0567
Step: 14446592 SPS: 3871  ev=0.663  ent=0.365  grad=0.42/0.42  h=0.3 c=3.0  kl=0.0126  vl=0.0574
Step: 14450688 SPS: 3871  ev=0.677  ent=0.359  grad=0.40/0.40  h=0.3 c=2.6  kl=0.0114  vl=0.0478
Step: 14454784 SPS: 3871  ev=0.710  ent=0.357  grad=0.28/0.28  h=0.3 c=2.5  kl=0.0185  vl=0.0665
Step: 14458880 SPS: 3871  ev=0.657  ent=0.362  grad=0.73/0.50  h=0.3 c=3.2  kl=0.0142  vl=0.0637
Step: 14462976 SPS: 3871  ev=0.672  ent=0.349  grad=0.32/0.32  h=0.3 c=2.7  kl=0.0106  vl=0.0469
Step: 14467072 SPS: 3871  ev=0.680  ent=0.382  grad=0.37/0.37  h=0.3 c=2.9  kl=0.0170  vl=0.0534
Step: 14471168 SPS: 3871  ev=0.724  ent=0.353  grad=0.53/0.50  h=0.3 c=2.9  kl=0.0103  vl=0.0388
Step: 14475264 SPS: 3871  ev=0.668  ent=0.358  grad=0.37/0.37  h=0.3 c=2.4  kl=0.0153  vl=0.0594
Step: 14479360 SPS: 3871  ev=0.670  ent=0.350  grad=0.44/0.44  h=0.3 c=2.7  kl=0.0141  vl=0.0473
Step: 14483456 SPS: 3871  ev=0.635  ent=0.375  grad=0.31/0.31  h=0.3 c=2.7  kl=0.0173  vl=0.0545
Step: 14487552 SPS: 3870  ev=0.659  ent=0.391  grad=0.42/0.42  h=0.3 c=3.2  kl=0.0168  vl=0.0432
Step: 14491648 SPS: 3870  ev=0.680  ent=0.356  grad=0.33/0.33  h=0.3 c=3.0  kl=0.0202  vl=0.0556
Step: 14495744 SPS: 3870  ev=0.649  ent=0.359  grad=0.56/0.50  h=0.3 c=3.0  kl=0.0149  vl=0.0674
  vs Heur:   45W/57L/2D | score=6.6±11.2 inv=0.0 played=16.0 lanes=5.0 ddraw=0.2 pts=7
  vs Random: 100W/0L/0D | score=33.9±13.7 inv=0.0 played=19.4 lanes=5.0 ddraw=1.3 pts=34
  Self-play: 52W/51L/4D | score=3.3±11.6 inv=0.0 played=15.5 lanes=5.0 ddraw=0.2 pts=3
Step: 14499840 SPS: 3870  ev=0.682  ent=0.377  grad=0.47/0.47  h=0.3 c=2.4  kl=0.0184  vl=0.0383
Step: 14503936 SPS: 3870  ev=0.636  ent=0.360  grad=0.44/0.44  h=0.4 c=3.0  kl=0.0205  vl=0.0496
Step: 14508032 SPS: 3870  ev=0.668  ent=0.357  grad=0.36/0.36  h=0.3 c=2.8  kl=0.0576  vl=0.0424
Step: 14512128 SPS: 3870  ev=0.684  ent=0.363  grad=0.35/0.35  h=0.3 c=2.6  kl=0.0111  vl=0.0569
Step: 14516224 SPS: 3870  ev=0.650  ent=0.345  grad=0.48/0.48  h=0.3 c=3.3  kl=0.0118  vl=0.0521
Step: 14520320 SPS: 3870  ev=0.636  ent=0.336  grad=0.32/0.32  h=0.3 c=3.3  kl=0.0149  vl=0.0534
Step: 14524416 SPS: 3871  ev=0.672  ent=0.360  grad=0.29/0.29  h=0.3 c=2.9  kl=0.0153  vl=0.0548
Step: 14528512 SPS: 3871  ev=0.662  ent=0.349  grad=0.33/0.33  h=0.4 c=2.2  kl=0.0102  vl=0.0585
Step: 14532608 SPS: 3871  ev=0.639  ent=0.388  grad=0.39/0.39  h=0.3 c=3.0  kl=0.0161  vl=0.0578
Step: 14536704 SPS: 3871  ev=0.643  ent=0.381  grad=0.36/0.36  h=0.3 c=2.9  kl=0.0219  vl=0.0462
Step: 14540800 SPS: 3871  ev=0.670  ent=0.404  grad=0.40/0.40  h=0.3 c=3.3  kl=0.0178  vl=0.0491
Step: 14544896 SPS: 3871  ev=0.708  ent=0.363  grad=0.32/0.32  h=0.3 c=3.1  kl=0.0150  vl=0.0604
Step: 14548992 SPS: 3871  ev=0.699  ent=0.355  grad=0.29/0.29  h=0.3 c=3.4  kl=0.0166  vl=0.0498
Step: 14553088 SPS: 3871  ev=0.650  ent=0.356  grad=0.32/0.32  h=0.2 c=3.6  kl=0.0149  vl=0.0394
Step: 14557184 SPS: 3871  ev=0.672  ent=0.354  grad=0.32/0.32  h=0.2 c=2.6  kl=0.0213  vl=0.0392
Step: 14561280 SPS: 3871  ev=0.707  ent=0.349  grad=0.37/0.37  h=0.2 c=3.7  kl=0.0188  vl=0.0549
Step: 14565376 SPS: 3871  ev=0.745  ent=0.364  grad=0.37/0.37  h=0.3 c=2.8  kl=0.0153  vl=0.0590
Step: 14569472 SPS: 3871  ev=0.650  ent=0.356  grad=0.44/0.44  h=0.2 c=3.3  kl=0.0208  vl=0.0646
Step: 14573568 SPS: 3871  ev=0.631  ent=0.352  grad=0.41/0.41  h=0.3 c=3.2  kl=0.0173  vl=0.0504
Step: 14577664 SPS: 3871  ev=0.678  ent=0.331  grad=0.41/0.41  h=0.3 c=2.9  kl=0.0113  vl=0.0528
  vs Heur:   42W/57L/1D | score=2.6±14.4 inv=0.0 played=15.5 lanes=5.0 ddraw=0.3 pts=3
  vs Random: 100W/0L/0D | score=32.9±14.7 inv=0.0 played=19.6 lanes=5.0 ddraw=1.3 pts=33
  Self-play: 62W/53L/2D | score=5.7±12.6 inv=0.0 played=15.7 lanes=4.9 ddraw=0.2 pts=6
Step: 14581760 SPS: 3871  ev=0.618  ent=0.353  grad=0.50/0.50  h=0.2 c=3.1  kl=0.0132  vl=0.0505
Step: 14585856 SPS: 3871  ev=0.706  ent=0.356  grad=0.36/0.36  h=0.2 c=3.2  kl=0.0143  vl=0.0416
Step: 14589952 SPS: 3871  ev=0.674  ent=0.343  grad=0.52/0.50  h=0.2 c=2.7  kl=0.0123  vl=0.0548
Step: 14594048 SPS: 3871  ev=0.661  ent=0.381  grad=0.40/0.40  h=0.2 c=2.6  kl=0.0211  vl=0.0522
Step: 14598144 SPS: 3871  ev=0.673  ent=0.330  grad=0.35/0.35  h=0.2 c=3.1  kl=0.0159  vl=0.0524
Step: 14602240 SPS: 3871  ev=0.685  ent=0.349  grad=0.45/0.45  h=0.2 c=2.6  kl=0.0158  vl=0.0442
Step: 14606336 SPS: 3871  ev=0.662  ent=0.358  grad=0.34/0.34  h=0.3 c=2.8  kl=0.0124  vl=0.0442
Step: 14610432 SPS: 3871  ev=0.655  ent=0.350  grad=0.44/0.44  h=0.3 c=2.7  kl=0.0164  vl=0.0578
Step: 14614528 SPS: 3871  ev=0.679  ent=0.344  grad=0.58/0.50  h=0.2 c=3.2  kl=0.0211  vl=0.0703
Step: 14618624 SPS: 3871  ev=0.670  ent=0.337  grad=0.39/0.39  h=0.2 c=3.4  kl=0.0164  vl=0.0502
Step: 14622720 SPS: 3871  ev=0.617  ent=0.327  grad=0.33/0.33  h=0.2 c=3.0  kl=0.0172  vl=0.0505
Step: 14626816 SPS: 3871  ev=0.648  ent=0.334  grad=0.40/0.40  h=0.2 c=3.1  kl=0.0125  vl=0.0507
Step: 14630912 SPS: 3871  ev=0.692  ent=0.363  grad=0.34/0.34  h=0.2 c=2.8  kl=0.0135  vl=0.0400
Step: 14635008 SPS: 3871  ev=0.652  ent=0.350  grad=0.37/0.37  h=0.2 c=3.2  kl=0.0121  vl=0.0486
Step: 14639104 SPS: 3871  ev=0.695  ent=0.341  grad=0.26/0.26  h=0.1 c=2.7  kl=0.0152  vl=0.0497
Step: 14643200 SPS: 3871  ev=0.664  ent=0.349  grad=0.39/0.39  h=0.2 c=2.9  kl=0.0349  vl=0.0627
Step: 14647296 SPS: 3871  ev=0.645  ent=0.376  grad=0.44/0.44  h=0.2 c=3.0  kl=0.0240  vl=0.0467
Step: 14651392 SPS: 3871  ev=0.655  ent=0.334  grad=0.32/0.32  h=0.2 c=2.5  kl=0.0085  vl=0.0649
Step: 14655488 SPS: 3871  ev=0.679  ent=0.331  grad=0.41/0.41  h=0.1 c=2.4  kl=0.0138  vl=0.0431
Step: 14659584 SPS: 3871  ev=0.643  ent=0.325  grad=0.31/0.31  h=0.1 c=2.3  kl=0.0178  vl=0.0616
  vs Heur:   34W/68L/2D | score=2.1±13.5 inv=0.0 played=15.6 lanes=5.0 ddraw=0.2 pts=2
  vs Random: 101W/0L/0D | score=34.8±13.2 inv=0.0 played=19.7 lanes=5.0 ddraw=1.2 pts=35
  Self-play: 52W/53L/1D | score=4.8±10.9 inv=0.0 played=15.8 lanes=5.0 ddraw=0.2 pts=5
Step: 14663680 SPS: 3871  ev=0.664  ent=0.327  grad=0.42/0.42  h=0.1 c=3.0  kl=0.0263  vl=0.0505
Step: 14667776 SPS: 3871  ev=0.690  ent=0.383  grad=0.39/0.39  h=0.1 c=2.4  kl=0.0204  vl=0.0571
Step: 14671872 SPS: 3871  ev=0.686  ent=0.343  grad=0.39/0.39  h=0.2 c=2.5  kl=0.0156  vl=0.0493
Step: 14675968 SPS: 3871  ev=0.690  ent=0.358  grad=0.35/0.35  h=0.2 c=3.2  kl=0.0120  vl=0.0485
Step: 14680064 SPS: 3871  ev=0.635  ent=0.355  grad=0.36/0.36  h=0.2 c=2.3  kl=0.0156  vl=0.0536
Step: 14684160 SPS: 3871  ev=0.667  ent=0.353  grad=0.36/0.36  h=0.2 c=2.4  kl=0.0224  vl=0.0527
Step: 14688256 SPS: 3871  ev=0.672  ent=0.352  grad=0.35/0.35  h=0.1 c=2.5  kl=0.0106  vl=0.0421
Step: 14692352 SPS: 3871  ev=0.686  ent=0.364  grad=0.39/0.39  h=0.1 c=2.5  kl=0.0180  vl=0.0439
Step: 14696448 SPS: 3871  ev=0.692  ent=0.355  grad=0.45/0.45  h=0.2 c=2.5  kl=0.0163  vl=0.0638
Step: 14700544 SPS: 3871  ev=0.706  ent=0.364  grad=0.38/0.38  h=0.1 c=2.4  kl=0.0172  vl=0.0538
Step: 14704640 SPS: 3871  ev=0.615  ent=0.322  grad=0.53/0.50  h=0.1 c=2.8  kl=0.0128  vl=0.0528
Step: 14708736 SPS: 3871  ev=0.655  ent=0.345  grad=0.40/0.40  h=0.1 c=2.4  kl=0.0125  vl=0.0427
Step: 14712832 SPS: 3871  ev=0.686  ent=0.356  grad=0.38/0.38  h=0.2 c=1.9  kl=0.0127  vl=0.0488
Step: 14716928 SPS: 3871  ev=0.669  ent=0.348  grad=0.55/0.50  h=0.1 c=2.8  kl=0.0147  vl=0.0587
Step: 14721024 SPS: 3871  ev=0.684  ent=0.338  grad=0.47/0.47  h=0.1 c=2.9  kl=0.0221  vl=0.0588
Step: 14725120 SPS: 3871  ev=0.653  ent=0.356  grad=0.27/0.27  h=0.2 c=2.6  kl=0.0164  vl=0.0579
Step: 14729216 SPS: 3871  ev=0.672  ent=0.355  grad=0.42/0.42  h=0.1 c=2.3  kl=0.0125  vl=0.0580
Step: 14733312 SPS: 3871  ev=0.639  ent=0.343  grad=0.36/0.36  h=0.1 c=2.4  kl=0.0130  vl=0.0461
Step: 14737408 SPS: 3871  ev=0.638  ent=0.366  grad=0.45/0.45  h=0.1 c=2.5  kl=0.0227  vl=0.0474
Step: 14741504 SPS: 3871  ev=0.649  ent=0.341  grad=0.39/0.39  h=0.1 c=2.3  kl=0.0123  vl=0.0411
  vs Heur:   33W/67L/3D | score=3.6±12.2 inv=0.0 played=15.8 lanes=5.0 ddraw=0.3 pts=4
  vs Random: 100W/0L/0D | score=29.5±15.0 inv=0.0 played=19.3 lanes=5.0 ddraw=1.2 pts=30
  Self-play: 61W/51L/3D | score=6.9±11.9 inv=0.0 played=16.0 lanes=5.0 ddraw=0.1 pts=7
Step: 14745600 SPS: 3871  ev=0.635  ent=0.343  grad=0.74/0.50  h=0.1 c=2.4  kl=0.0140  vl=0.0473
Step: 14749696 SPS: 3871  ev=0.659  ent=0.324  grad=0.44/0.44  h=0.2 c=2.5  kl=0.0158  vl=0.0538
Step: 14753792 SPS: 3871  ev=0.686  ent=0.348  grad=0.39/0.39  h=0.2 c=2.9  kl=0.0152  vl=0.0524
Step: 14757888 SPS: 3871  ev=0.653  ent=0.359  grad=0.37/0.37  h=0.1 c=2.6  kl=0.0132  vl=0.0545
Step: 14761984 SPS: 3871  ev=0.631  ent=0.323  grad=0.32/0.32  h=0.2 c=2.9  kl=0.0156  vl=0.0481
Step: 14766080 SPS: 3871  ev=0.683  ent=0.373  grad=0.53/0.50  h=0.1 c=2.7  kl=0.0120  vl=0.0559
Step: 14770176 SPS: 3871  ev=0.681  ent=0.365  grad=0.38/0.38  h=0.2 c=2.8  kl=0.0168  vl=0.0536
Step: 14774272 SPS: 3871  ev=0.691  ent=0.345  grad=0.44/0.44  h=0.2 c=2.5  kl=0.0120  vl=0.0483
Step: 14778368 SPS: 3871  ev=0.656  ent=0.363  grad=0.49/0.49  h=0.2 c=2.6  kl=0.0110  vl=0.0578
Step: 14782464 SPS: 3871  ev=0.682  ent=0.359  grad=0.34/0.34  h=0.2 c=2.5  kl=0.0148  vl=0.0529
Step: 14786560 SPS: 3871  ev=0.677  ent=0.353  grad=0.46/0.46  h=0.2 c=3.2  kl=0.0195  vl=0.0587
Step: 14790656 SPS: 3871  ev=0.637  ent=0.349  grad=0.28/0.28  h=0.2 c=3.1  kl=0.0151  vl=0.0581
Step: 14794752 SPS: 3871  ev=0.677  ent=0.369  grad=0.48/0.48  h=0.1 c=2.6  kl=0.0105  vl=0.0410
Step: 14798848 SPS: 3871  ev=0.710  ent=0.348  grad=0.32/0.32  h=0.2 c=2.7  kl=0.0123  vl=0.0528
Step: 14802944 SPS: 3871  ev=0.708  ent=0.347  grad=0.35/0.35  h=0.1 c=2.5  kl=0.0137  vl=0.0565
Step: 14807040 SPS: 3871  ev=0.679  ent=0.358  grad=0.38/0.38  h=0.2 c=2.3  kl=0.0156  vl=0.0426
Step: 14811136 SPS: 3871  ev=0.667  ent=0.360  grad=0.39/0.39  h=0.2 c=3.1  kl=0.0154  vl=0.0687
Step: 14815232 SPS: 3871  ev=0.678  ent=0.347  grad=0.29/0.29  h=0.2 c=2.0  kl=0.0159  vl=0.0531
Step: 14819328 SPS: 3871  ev=0.622  ent=0.350  grad=0.29/0.29  h=0.2 c=2.6  kl=0.0163  vl=0.0631
Step: 14823424 SPS: 3871  ev=0.637  ent=0.375  grad=0.50/0.50  h=0.2 c=3.0  kl=0.0162  vl=0.0615
  vs Heur:   36W/77L/1D | score=2.7±13.6 inv=0.0 played=15.6 lanes=5.0 ddraw=0.2 pts=3
  vs Random: 104W/0L/0D | score=28.7±16.2 inv=0.0 played=19.0 lanes=5.0 ddraw=1.1 pts=29
  Self-play: 47W/68L/2D | score=4.3±11.9 inv=0.0 played=15.7 lanes=4.9 ddraw=0.1 pts=4
Step: 14827520 SPS: 3871  ev=0.682  ent=0.341  grad=0.40/0.40  h=0.2 c=2.2  kl=0.0133  vl=0.0463
Step: 14831616 SPS: 3871  ev=0.693  ent=0.354  grad=0.35/0.35  h=0.2 c=2.9  kl=0.0167  vl=0.0585
Step: 14835712 SPS: 3871  ev=0.721  ent=0.348  grad=0.40/0.40  h=0.2 c=3.1  kl=0.0130  vl=0.0640
Step: 14839808 SPS: 3871  ev=0.681  ent=0.348  grad=0.38/0.38  h=0.2 c=2.6  kl=0.0147  vl=0.0532
Step: 14843904 SPS: 3871  ev=0.712  ent=0.336  grad=0.46/0.46  h=0.2 c=2.4  kl=0.0152  vl=0.0559
Step: 14848000 SPS: 3871  ev=0.682  ent=0.343  grad=0.34/0.34  h=0.1 c=3.1  kl=0.0134  vl=0.0452
Step: 14852096 SPS: 3871  ev=0.612  ent=0.370  grad=0.58/0.50  h=0.2 c=2.2  kl=0.0118  vl=0.0460
Step: 14856192 SPS: 3871  ev=0.622  ent=0.362  grad=0.39/0.39  h=0.2 c=2.8  kl=0.0177  vl=0.0531
Step: 14860288 SPS: 3871  ev=0.658  ent=0.371  grad=0.44/0.44  h=0.2 c=3.1  kl=0.0125  vl=0.0570
Step: 14864384 SPS: 3871  ev=0.659  ent=0.366  grad=0.52/0.50  h=0.1 c=2.1  kl=0.0268  vl=0.0627
Step: 14868480 SPS: 3871  ev=0.673  ent=0.340  grad=0.45/0.45  h=0.2 c=2.9  kl=0.0170  vl=0.0502
Step: 14872576 SPS: 3871  ev=0.667  ent=0.361  grad=0.34/0.34  h=0.2 c=2.9  kl=0.0232  vl=0.0611
Step: 14876672 SPS: 3871  ev=0.692  ent=0.351  grad=0.31/0.31  h=0.1 c=2.5  kl=0.0143  vl=0.0508
Step: 14880768 SPS: 3871  ev=0.686  ent=0.367  grad=0.35/0.35  h=0.2 c=2.9  kl=0.0159  vl=0.0593
Step: 14884864 SPS: 3871  ev=0.660  ent=0.358  grad=0.44/0.44  h=0.2 c=3.7  kl=0.0148  vl=0.0549
Step: 14888960 SPS: 3871  ev=0.700  ent=0.371  grad=0.69/0.50  h=0.2 c=3.6  kl=0.0119  vl=0.0552
Step: 14893056 SPS: 3871  ev=0.622  ent=0.353  grad=0.42/0.42  h=0.2 c=3.1  kl=0.0142  vl=0.0708
Step: 14897152 SPS: 3871  ev=0.681  ent=0.364  grad=0.39/0.39  h=0.1 c=2.9  kl=0.0109  vl=0.0645
Step: 14901248 SPS: 3871  ev=0.694  ent=0.344  grad=0.44/0.44  h=0.2 c=3.1  kl=0.0150  vl=0.0476
Step: 14905344 SPS: 3871  ev=0.662  ent=0.359  grad=0.32/0.32  h=0.1 c=3.2  kl=0.0150  vl=0.0630
  vs Heur:   44W/65L/1D | score=5.6±11.6 inv=0.0 played=15.9 lanes=5.0 ddraw=0.2 pts=6
  vs Random: 101W/0L/0D | score=32.5±13.5 inv=0.0 played=19.4 lanes=5.0 ddraw=0.7 pts=32
  Self-play: 50W/61L/3D | score=3.5±10.6 inv=0.0 played=15.6 lanes=5.0 ddraw=0.1 pts=3
Step: 14909440 SPS: 3871  ev=0.703  ent=0.359  grad=0.42/0.42  h=0.1 c=3.5  kl=0.0169  vl=0.0485
Step: 14913536 SPS: 3871  ev=0.652  ent=0.392  grad=0.59/0.50  h=0.1 c=2.9  kl=0.0187  vl=0.0559
Step: 14917632 SPS: 3871  ev=0.686  ent=0.373  grad=0.29/0.29  h=0.2 c=2.9  kl=0.0120  vl=0.0470
Step: 14921728 SPS: 3871  ev=0.600  ent=0.379  grad=0.39/0.39  h=0.1 c=3.0  kl=0.0129  vl=0.0549
Step: 14925824 SPS: 3871  ev=0.692  ent=0.363  grad=0.38/0.38  h=0.2 c=3.3  kl=0.0117  vl=0.0529
Step: 14929920 SPS: 3871  ev=0.666  ent=0.389  grad=0.36/0.36  h=0.1 c=3.8  kl=0.0104  vl=0.0654
Step: 14934016 SPS: 3871  ev=0.700  ent=0.363  grad=0.57/0.50  h=0.1 c=3.0  kl=0.0190  vl=0.0552
Step: 14938112 SPS: 3871  ev=0.672  ent=0.371  grad=0.45/0.45  h=0.1 c=3.1  kl=0.0175  vl=0.0436
Step: 14942208 SPS: 3871  ev=0.642  ent=0.347  grad=0.38/0.38  h=0.1 c=2.9  kl=0.0160  vl=0.0504
Step: 14946304 SPS: 3871  ev=0.696  ent=0.346  grad=0.40/0.40  h=0.2 c=2.8  kl=0.0093  vl=0.0544
Step: 14950400 SPS: 3871  ev=0.664  ent=0.379  grad=0.38/0.38  h=0.2 c=2.9  kl=0.0189  vl=0.0539
Step: 14954496 SPS: 3871  ev=0.689  ent=0.365  grad=0.45/0.45  h=0.2 c=3.6  kl=0.0125  vl=0.0470
Step: 14958592 SPS: 3871  ev=0.669  ent=0.357  grad=0.46/0.46  h=0.1 c=3.6  kl=0.0092  vl=0.0577
Step: 14962688 SPS: 3871  ev=0.653  ent=0.342  grad=0.44/0.44  h=0.1 c=2.7  kl=0.0155  vl=0.0535
Step: 14966784 SPS: 3871  ev=0.671  ent=0.347  grad=0.34/0.34  h=0.2 c=3.4  kl=0.0140  vl=0.0580
Step: 14970880 SPS: 3871  ev=0.664  ent=0.359  grad=0.59/0.50  h=0.1 c=3.3  kl=0.0158  vl=0.0467
Step: 14974976 SPS: 3871  ev=0.691  ent=0.347  grad=0.38/0.38  h=0.1 c=3.7  kl=0.0149  vl=0.0444
Step: 14979072 SPS: 3871  ev=0.630  ent=0.343  grad=0.33/0.33  h=0.2 c=3.1  kl=0.0140  vl=0.0610
Step: 14983168 SPS: 3871  ev=0.660  ent=0.374  grad=0.31/0.31  h=0.1 c=3.5  kl=0.0150  vl=0.0607
Step: 14987264 SPS: 3871  ev=0.667  ent=0.379  grad=0.43/0.43  h=0.1 c=3.3  kl=0.0113  vl=0.0709
  vs Heur:   32W/66L/5D | score=3.3±12.5 inv=0.0 played=15.4 lanes=5.0 ddraw=0.2 pts=3
  vs Random: 102W/0L/0D | score=24.0±15.3 inv=0.0 played=18.6 lanes=5.0 ddraw=0.7 pts=24
  Self-play: 65W/49L/2D | score=6.1±11.6 inv=0.0 played=16.0 lanes=5.0 ddraw=0.1 pts=6
Step: 14991360 SPS: 3871  ev=0.685  ent=0.347  grad=0.37/0.37  h=0.2 c=3.1  kl=0.0131  vl=0.0376
Step: 14995456 SPS: 3871  ev=0.653  ent=0.368  grad=0.54/0.50  h=0.1 c=3.6  kl=0.0144  vl=0.0611
Step: 14999552 SPS: 3871  ev=0.666  ent=0.336  grad=0.31/0.31  h=0.2 c=3.7  kl=0.0229  vl=0.0665
Step: 15003648 SPS: 3871  ev=0.696  ent=0.354  grad=0.31/0.31  h=0.1 c=3.1  kl=0.0202  vl=0.0602
Step: 15007744 SPS: 3871  ev=0.649  ent=0.399  grad=0.37/0.37  h=0.1 c=3.8  kl=0.0142  vl=0.0535
Step: 15011840 SPS: 3872  ev=0.630  ent=0.351  grad=0.45/0.45  h=0.1 c=3.2  kl=0.0075  vl=0.0546
Step: 15015936 SPS: 3872  ev=0.688  ent=0.345  grad=0.46/0.46  h=0.1 c=3.7  kl=0.0151  vl=0.0455
Step: 15020032 SPS: 3872  ev=0.606  ent=0.346  grad=0.49/0.49  h=0.2 c=2.4  kl=0.0224  vl=0.0621
Step: 15024128 SPS: 3872  ev=0.656  ent=0.336  grad=0.34/0.34  h=0.2 c=3.6  kl=0.0074  vl=0.0550
Step: 15028224 SPS: 3872  ev=0.672  ent=0.337  grad=0.32/0.32  h=0.1 c=3.3  kl=0.0124  vl=0.0551
Step: 15032320 SPS: 3872  ev=0.658  ent=0.392  grad=0.42/0.42  h=0.1 c=3.8  kl=0.0156  vl=0.0506
Step: 15036416 SPS: 3872  ev=0.664  ent=0.364  grad=0.33/0.33  h=0.1 c=4.0  kl=0.0117  vl=0.0555
Step: 15040512 SPS: 3872  ev=0.645  ent=0.372  grad=0.52/0.50  h=0.1 c=3.2  kl=0.0222  vl=0.0501
Step: 15044608 SPS: 3872  ev=0.679  ent=0.341  grad=0.29/0.29  h=0.1 c=3.2  kl=0.0155  vl=0.0572
Step: 15048704 SPS: 3872  ev=0.659  ent=0.346  grad=0.38/0.38  h=0.2 c=4.3  kl=0.0142  vl=0.0471
Step: 15052800 SPS: 3872  ev=0.655  ent=0.374  grad=0.37/0.37  h=0.1 c=3.2  kl=0.0134  vl=0.0416
Step: 15056896 SPS: 3872  ev=0.632  ent=0.326  grad=0.41/0.41  h=0.1 c=3.0  kl=0.0143  vl=0.0391
Step: 15060992 SPS: 3872  ev=0.665  ent=0.364  grad=0.49/0.49  h=0.1 c=3.2  kl=0.0150  vl=0.0388
Step: 15065088 SPS: 3872  ev=0.638  ent=0.353  grad=0.59/0.50  h=0.1 c=3.6  kl=0.0129  vl=0.0551
Step: 15069184 SPS: 3872  ev=0.678  ent=0.383  grad=0.38/0.38  h=0.1 c=3.5  kl=0.0255  vl=0.0492
  vs Heur:   43W/58L/3D | score=2.0±13.6 inv=0.0 played=15.3 lanes=5.0 ddraw=0.2 pts=2
  vs Random: 100W/0L/0D | score=27.5±15.3 inv=0.0 played=19.0 lanes=5.0 ddraw=1.3 pts=28
  Self-play: 57W/56L/0D | score=5.1±12.6 inv=0.0 played=15.7 lanes=5.0 ddraw=0.1 pts=5
Step: 15073280 SPS: 3872  ev=0.561  ent=0.370  grad=0.35/0.35  h=0.1 c=3.4  kl=0.0108  vl=0.0476
Step: 15077376 SPS: 3872  ev=0.649  ent=0.327  grad=0.35/0.35  h=0.1 c=3.5  kl=0.0195  vl=0.0475
Step: 15081472 SPS: 3872  ev=0.638  ent=0.358  grad=0.40/0.40  h=0.1 c=4.1  kl=0.0143  vl=0.0384
Step: 15085568 SPS: 3872  ev=0.636  ent=0.366  grad=0.51/0.50  h=0.1 c=4.8  kl=0.0227  vl=0.0707
Step: 15089664 SPS: 3872  ev=0.684  ent=0.372  grad=0.31/0.31  h=0.1 c=3.8  kl=0.0124  vl=0.0437
Step: 15093760 SPS: 3872  ev=0.632  ent=0.364  grad=0.26/0.26  h=0.1 c=4.2  kl=0.0145  vl=0.0571
Step: 15097856 SPS: 3872  ev=0.651  ent=0.369  grad=0.33/0.33  h=0.1 c=3.4  kl=0.0112  vl=0.0451
Step: 15101952 SPS: 3872  ev=0.621  ent=0.352  grad=0.46/0.46  h=0.2 c=3.8  kl=0.0207  vl=0.0496
Step: 15106048 SPS: 3872  ev=0.673  ent=0.369  grad=0.34/0.34  h=0.2 c=4.4  kl=0.0131  vl=0.0441
Step: 15110144 SPS: 3872  ev=0.628  ent=0.323  grad=0.38/0.38  h=0.2 c=3.8  kl=0.0144  vl=0.0425
Step: 15114240 SPS: 3872  ev=0.653  ent=0.335  grad=0.36/0.36  h=0.1 c=3.9  kl=0.0148  vl=0.0405
Step: 15118336 SPS: 3872  ev=0.650  ent=0.380  grad=0.39/0.39  h=0.1 c=4.7  kl=0.0148  vl=0.0447
Step: 15122432 SPS: 3872  ev=0.685  ent=0.363  grad=0.39/0.39  h=0.0 c=4.6  kl=0.0142  vl=0.0541
Step: 15126528 SPS: 3872  ev=0.686  ent=0.344  grad=0.37/0.37  h=0.0 c=5.0  kl=0.0077  vl=0.0500
Step: 15130624 SPS: 3872  ev=0.637  ent=0.343  grad=0.51/0.50  h=0.1 c=4.1  kl=0.0147  vl=0.0672
Step: 15134720 SPS: 3872  ev=0.668  ent=0.357  grad=0.31/0.31  h=0.1 c=3.8  kl=0.0120  vl=0.0522
Step: 15138816 SPS: 3872  ev=0.701  ent=0.346  grad=0.42/0.42  h=0.1 c=5.2  kl=0.0139  vl=0.0513
Step: 15142912 SPS: 3872  ev=0.664  ent=0.365  grad=0.28/0.28  h=0.1 c=4.5  kl=0.0189  vl=0.0587
Step: 15147008 SPS: 3872  ev=0.621  ent=0.351  grad=0.43/0.43  h=0.1 c=4.5  kl=0.0126  vl=0.0520
Step: 15151104 SPS: 3872  ev=0.607  ent=0.363  grad=0.31/0.31  h=0.1 c=4.5  kl=0.0240  vl=0.0568
  vs Heur:   42W/62L/0D | score=4.5±12.9 inv=0.0 played=15.6 lanes=5.0 ddraw=0.3 pts=4
  vs Random: 100W/0L/0D | score=28.2±14.9 inv=0.0 played=19.1 lanes=5.0 ddraw=1.5 pts=28
  Self-play: 56W/53L/0D | score=4.7±11.1 inv=0.0 played=15.7 lanes=5.0 ddraw=0.2 pts=5
Step: 15155200 SPS: 3872  ev=0.674  ent=0.349  grad=0.37/0.37  h=0.1 c=4.3  kl=0.0174  vl=0.0478
Step: 15159296 SPS: 3872  ev=0.628  ent=0.370  grad=0.31/0.31  h=0.2 c=4.5  kl=0.0257  vl=0.0555
Step: 15163392 SPS: 3872  ev=0.660  ent=0.358  grad=0.42/0.42  h=0.1 c=4.0  kl=0.0120  vl=0.0487
Step: 15167488 SPS: 3872  ev=0.668  ent=0.338  grad=0.37/0.37  h=0.2 c=4.4  kl=0.0107  vl=0.0458
Step: 15171584 SPS: 3872  ev=0.589  ent=0.344  grad=0.38/0.38  h=0.1 c=4.0  kl=0.0128  vl=0.0615
Step: 15175680 SPS: 3872  ev=0.650  ent=0.346  grad=0.47/0.47  h=0.1 c=4.3  kl=0.0139  vl=0.0570
Step: 15179776 SPS: 3872  ev=0.651  ent=0.377  grad=0.37/0.37  h=0.1 c=4.5  kl=0.0116  vl=0.0573
Step: 15183872 SPS: 3872  ev=0.706  ent=0.358  grad=0.31/0.31  h=0.1 c=4.7  kl=0.0107  vl=0.0433
Step: 15187968 SPS: 3872  ev=0.684  ent=0.365  grad=0.54/0.50  h=0.1 c=4.8  kl=0.0160  vl=0.0630
Step: 15192064 SPS: 3872  ev=0.666  ent=0.368  grad=0.34/0.34  h=0.1 c=4.7  kl=0.0164  vl=0.0559
Step: 15196160 SPS: 3872  ev=0.612  ent=0.392  grad=0.39/0.39  h=0.1 c=4.7  kl=0.0156  vl=0.0577
Step: 15200256 SPS: 3872  ev=0.624  ent=0.378  grad=0.48/0.48  h=0.1 c=4.6  kl=0.0100  vl=0.0632
Step: 15204352 SPS: 3872  ev=0.611  ent=0.349  grad=0.45/0.45  h=0.1 c=4.2  kl=0.0118  vl=0.0564
Step: 15208448 SPS: 3872  ev=0.645  ent=0.361  grad=0.45/0.45  h=0.1 c=4.9  kl=0.0119  vl=0.0484
Step: 15212544 SPS: 3872  ev=0.658  ent=0.397  grad=0.35/0.35  h=0.1 c=4.1  kl=0.0129  vl=0.0626
Step: 15216640 SPS: 3872  ev=0.607  ent=0.348  grad=0.37/0.37  h=0.1 c=4.1  kl=0.0128  vl=0.0479
Step: 15220736 SPS: 3872  ev=0.631  ent=0.352  grad=0.38/0.38  h=0.0 c=4.7  kl=0.0118  vl=0.0402
Step: 15224832 SPS: 3872  ev=0.633  ent=0.360  grad=0.33/0.33  h=0.1 c=4.6  kl=0.0146  vl=0.0571
Step: 15228928 SPS: 3872  ev=0.640  ent=0.360  grad=0.35/0.35  h=0.1 c=5.2  kl=0.0143  vl=0.0546
Step: 15233024 SPS: 3872  ev=0.679  ent=0.340  grad=0.44/0.44  h=0.1 c=4.2  kl=0.0190  vl=0.0540
  vs Heur:   40W/66L/0D | score=3.1±12.3 inv=0.0 played=15.4 lanes=5.0 ddraw=0.2 pts=3
  vs Random: 101W/0L/0D | score=29.2±16.1 inv=0.0 played=19.2 lanes=5.0 ddraw=1.5 pts=29
  Self-play: 46W/64L/1D | score=2.9±12.0 inv=0.0 played=15.6 lanes=5.0 ddraw=0.1 pts=3
Step: 15237120 SPS: 3872  ev=0.682  ent=0.345  grad=0.32/0.32  h=0.0 c=4.3  kl=0.0165  vl=0.0449
Step: 15241216 SPS: 3872  ev=0.637  ent=0.359  grad=0.41/0.41  h=0.1 c=5.1  kl=0.0132  vl=0.0616
Step: 15245312 SPS: 3872  ev=0.657  ent=0.383  grad=0.40/0.40  h=0.0 c=4.4  kl=0.0199  vl=0.0567
Step: 15249408 SPS: 3872  ev=0.617  ent=0.373  grad=0.40/0.40  h=0.1 c=4.3  kl=0.0330  vl=0.0546
Step: 15253504 SPS: 3872  ev=0.674  ent=0.356  grad=0.32/0.32  h=0.1 c=5.0  kl=0.0109  vl=0.0421
Step: 15257600 SPS: 3872  ev=0.667  ent=0.384  grad=0.46/0.46  h=0.0 c=5.3  kl=0.0211  vl=0.0466
Step: 15261696 SPS: 3872  ev=0.591  ent=0.342  grad=0.31/0.31  h=0.1 c=5.2  kl=0.0183  vl=0.0611
Step: 15265792 SPS: 3872  ev=0.680  ent=0.337  grad=0.31/0.31  h=0.1 c=5.6  kl=0.0107  vl=0.0417
Step: 15269888 SPS: 3872  ev=0.661  ent=0.344  grad=0.38/0.38  h=0.1 c=5.6  kl=0.0153  vl=0.0548
Step: 15273984 SPS: 3872  ev=0.657  ent=0.347  grad=0.32/0.32  h=0.0 c=4.6  kl=0.0185  vl=0.0508
Step: 15278080 SPS: 3872  ev=0.626  ent=0.333  grad=0.35/0.35  h=0.1 c=4.6  kl=0.0181  vl=0.0452
Step: 15282176 SPS: 3872  ev=0.662  ent=0.339  grad=0.35/0.35  h=0.1 c=5.3  kl=0.0137  vl=0.0518
Step: 15286272 SPS: 3872  ev=0.684  ent=0.352  grad=0.31/0.31  h=0.1 c=5.3  kl=0.0121  vl=0.0449
Step: 15290368 SPS: 3872  ev=0.671  ent=0.327  grad=0.43/0.43  h=0.1 c=4.2  kl=0.0177  vl=0.0606
Step: 15294464 SPS: 3872  ev=0.668  ent=0.333  grad=0.44/0.44  h=0.1 c=5.0  kl=0.0115  vl=0.0506
Step: 15298560 SPS: 3872  ev=0.666  ent=0.351  grad=0.36/0.36  h=0.1 c=4.6  kl=0.0218  vl=0.0739
Step: 15302656 SPS: 3872  ev=0.717  ent=0.352  grad=0.30/0.30  h=0.1 c=5.4  kl=0.0199  vl=0.0525
Step: 15306752 SPS: 3872  ev=0.642  ent=0.357  grad=0.43/0.43  h=0.1 c=4.8  kl=0.0152  vl=0.0661
Step: 15310848 SPS: 3872  ev=0.684  ent=0.340  grad=0.50/0.50  h=0.1 c=6.2  kl=0.0236  vl=0.0556
Step: 15314944 SPS: 3872  ev=0.611  ent=0.348  grad=0.50/0.50  h=0.1 c=5.6  kl=0.0110  vl=0.0588
  vs Heur:   52W/47L/1D | score=6.2±12.9 inv=0.0 played=16.0 lanes=5.0 ddraw=0.2 pts=6
  vs Random: 100W/0L/0D | score=33.9±15.0 inv=0.0 played=19.9 lanes=5.0 ddraw=0.9 pts=34
  Self-play: 57W/55L/4D | score=4.9±10.8 inv=0.0 played=15.7 lanes=5.0 ddraw=0.1 pts=5
Step: 15319040 SPS: 3872  ev=0.656  ent=0.341  grad=0.35/0.35  h=0.0 c=4.8  kl=0.0095  vl=0.0359
Step: 15323136 SPS: 3873  ev=0.633  ent=0.338  grad=0.31/0.31  h=0.0 c=5.8  kl=0.0141  vl=0.0499
Step: 15327232 SPS: 3873  ev=0.684  ent=0.341  grad=0.41/0.41  h=0.1 c=4.8  kl=0.0160  vl=0.0378
Step: 15331328 SPS: 3873  ev=0.658  ent=0.335  grad=0.39/0.39  h=0.1 c=5.9  kl=0.0102  vl=0.0582
Step: 15335424 SPS: 3873  ev=0.665  ent=0.338  grad=0.31/0.31  h=0.1 c=5.4  kl=0.0143  vl=0.0558
Step: 15339520 SPS: 3873  ev=0.678  ent=0.319  grad=0.43/0.43  h=0.1 c=5.9  kl=0.0127  vl=0.0485
Step: 15343616 SPS: 3873  ev=0.661  ent=0.358  grad=0.34/0.34  h=0.1 c=5.6  kl=0.0142  vl=0.0515
Step: 15347712 SPS: 3873  ev=0.669  ent=0.343  grad=0.32/0.32  h=0.1 c=5.4  kl=0.0102  vl=0.0657
Step: 15351808 SPS: 3873  ev=0.685  ent=0.345  grad=0.33/0.33  h=0.1 c=5.2  kl=0.0126  vl=0.0485
Step: 15355904 SPS: 3873  ev=0.664  ent=0.347  grad=0.38/0.38  h=0.1 c=5.8  kl=0.0161  vl=0.0501
Step: 15360000 SPS: 3873  ev=0.628  ent=0.362  grad=0.43/0.43  h=0.1 c=6.8  kl=0.0187  vl=0.0485
Step: 15364096 SPS: 3873  ev=0.671  ent=0.347  grad=0.37/0.37  h=0.2 c=6.5  kl=0.0105  vl=0.0502
Step: 15368192 SPS: 3873  ev=0.618  ent=0.339  grad=0.35/0.35  h=0.1 c=5.8  kl=0.0325  vl=0.0563
Step: 15372288 SPS: 3873  ev=0.674  ent=0.333  grad=0.31/0.31  h=0.0 c=6.1  kl=0.0135  vl=0.0439
Step: 15376384 SPS: 3873  ev=0.663  ent=0.335  grad=0.48/0.48  h=0.1 c=6.2  kl=0.0114  vl=0.0421
Step: 15380480 SPS: 3873  ev=0.679  ent=0.339  grad=0.49/0.49  h=0.1 c=6.1  kl=0.0144  vl=0.0475
Step: 15384576 SPS: 3873  ev=0.617  ent=0.347  grad=0.32/0.32  h=0.1 c=5.5  kl=0.0135  vl=0.0495
Step: 15388672 SPS: 3873  ev=0.666  ent=0.348  grad=0.34/0.34  h=0.0 c=6.4  kl=0.0157  vl=0.0473
Step: 15392768 SPS: 3873  ev=0.673  ent=0.339  grad=0.34/0.34  h=0.1 c=5.5  kl=0.0190  vl=0.0507
Step: 15396864 SPS: 3873  ev=0.689  ent=0.324  grad=0.29/0.29  h=0.1 c=5.6  kl=0.0149  vl=0.0494
  vs Heur:   34W/70L/3D | score=3.1±11.7 inv=0.0 played=15.6 lanes=5.0 ddraw=0.2 pts=3
  vs Random: 101W/0L/0D | score=34.1±14.2 inv=0.0 played=20.0 lanes=5.0 ddraw=1.2 pts=34
  Self-play: 70W/41L/2D | score=7.3±12.1 inv=0.0 played=15.9 lanes=4.9 ddraw=0.2 pts=7
Step: 15400960 SPS: 3873  ev=0.685  ent=0.339  grad=0.32/0.32  h=0.1 c=5.6  kl=0.0115  vl=0.0558
Step: 15405056 SPS: 3873  ev=0.649  ent=0.341  grad=0.59/0.50  h=0.1 c=6.1  kl=0.0161  vl=0.0504
Step: 15409152 SPS: 3873  ev=0.673  ent=0.342  grad=0.41/0.41  h=0.1 c=6.4  kl=0.0145  vl=0.0482
Step: 15413248 SPS: 3873  ev=0.623  ent=0.332  grad=0.36/0.36  h=0.1 c=6.1  kl=0.0128  vl=0.0520
Step: 15417344 SPS: 3873  ev=0.682  ent=0.346  grad=0.38/0.38  h=0.1 c=7.2  kl=0.0155  vl=0.0471
Step: 15421440 SPS: 3873  ev=0.666  ent=0.321  grad=0.32/0.32  h=0.2 c=6.6  kl=0.0116  vl=0.0477
Step: 15425536 SPS: 3873  ev=0.656  ent=0.328  grad=0.27/0.27  h=0.1 c=6.9  kl=0.0107  vl=0.0387
Step: 15429632 SPS: 3873  ev=0.682  ent=0.362  grad=0.32/0.32  h=0.2 c=5.4  kl=0.0157  vl=0.0486
Step: 15433728 SPS: 3873  ev=0.622  ent=0.350  grad=0.33/0.33  h=0.1 c=5.3  kl=0.0210  vl=0.0652
Step: 15437824 SPS: 3873  ev=0.693  ent=0.321  grad=0.40/0.40  h=0.2 c=6.8  kl=0.0172  vl=0.0625
Step: 15441920 SPS: 3873  ev=0.670  ent=0.325  grad=0.38/0.38  h=0.1 c=6.5  kl=0.0092  vl=0.0538
Step: 15446016 SPS: 3873  ev=0.681  ent=0.336  grad=0.42/0.42  h=0.1 c=5.5  kl=0.0140  vl=0.0501
Step: 15450112 SPS: 3873  ev=0.670  ent=0.343  grad=0.36/0.36  h=0.1 c=6.3  kl=0.0117  vl=0.0522
Step: 15454208 SPS: 3873  ev=0.664  ent=0.329  grad=0.73/0.50  h=0.1 c=5.0  kl=0.0088  vl=0.0452
Step: 15458304 SPS: 3873  ev=0.653  ent=0.311  grad=0.43/0.43  h=0.2 c=4.9  kl=0.0114  vl=0.0530
Step: 15462400 SPS: 3873  ev=0.660  ent=0.356  grad=0.38/0.38  h=0.2 c=5.7  kl=0.0212  vl=0.0586
Step: 15466496 SPS: 3873  ev=0.651  ent=0.353  grad=0.42/0.42  h=0.2 c=5.1  kl=0.0200  vl=0.0532
Step: 15470592 SPS: 3873  ev=0.644  ent=0.344  grad=0.34/0.34  h=0.3 c=5.6  kl=0.0113  vl=0.0487
Step: 15474688 SPS: 3873  ev=0.666  ent=0.320  grad=0.32/0.32  h=0.2 c=5.8  kl=0.0085  vl=0.0542
Step: 15478784 SPS: 3873  ev=0.689  ent=0.358  grad=0.43/0.43  h=0.2 c=4.6  kl=0.0114  vl=0.0474
  vs Heur:   36W/64L/4D | score=3.9±11.9 inv=0.0 played=15.8 lanes=5.0 ddraw=0.1 pts=4
  vs Random: 101W/0L/0D | score=29.7±13.6 inv=0.0 played=19.2 lanes=5.0 ddraw=1.1 pts=30
  Self-play: 52W/54L/6D | score=4.4±11.6 inv=0.0 played=15.8 lanes=5.0 ddraw=0.1 pts=4
Step: 15482880 SPS: 3873  ev=0.642  ent=0.336  grad=0.31/0.31  h=0.3 c=6.3  kl=0.0112  vl=0.0508
Step: 15486976 SPS: 3873  ev=0.689  ent=0.325  grad=0.24/0.24  h=0.2 c=4.8  kl=0.0135  vl=0.0525
Step: 15491072 SPS: 3873  ev=0.642  ent=0.360  grad=0.43/0.43  h=0.2 c=5.4  kl=0.0282  vl=0.0547
Step: 15495168 SPS: 3873  ev=0.676  ent=0.369  grad=0.39/0.39  h=0.3 c=5.7  kl=0.0142  vl=0.0501
Step: 15499264 SPS: 3873  ev=0.716  ent=0.351  grad=0.45/0.45  h=0.2 c=6.0  kl=0.0198  vl=0.0458
Step: 15503360 SPS: 3874  ev=0.647  ent=0.331  grad=0.46/0.46  h=0.3 c=6.0  kl=0.0106  vl=0.0488
Step: 15507456 SPS: 3874  ev=0.639  ent=0.335  grad=0.28/0.28  h=0.2 c=5.2  kl=0.0150  vl=0.0455
Step: 15511552 SPS: 3874  ev=0.683  ent=0.335  grad=0.28/0.28  h=0.3 c=4.7  kl=0.0112  vl=0.0461
Step: 15515648 SPS: 3874  ev=0.671  ent=0.338  grad=0.33/0.33  h=0.2 c=6.5  kl=0.0149  vl=0.0534
Step: 15519744 SPS: 3874  ev=0.673  ent=0.360  grad=0.33/0.33  h=0.2 c=5.7  kl=0.0114  vl=0.0436
Step: 15523840 SPS: 3874  ev=0.657  ent=0.312  grad=0.36/0.36  h=0.3 c=5.2  kl=0.0102  vl=0.0512
Step: 15527936 SPS: 3874  ev=0.669  ent=0.326  grad=0.28/0.28  h=0.3 c=4.6  kl=0.0136  vl=0.0412
Step: 15532032 SPS: 3874  ev=0.691  ent=0.338  grad=0.42/0.42  h=0.2 c=5.5  kl=0.0163  vl=0.0487
Step: 15536128 SPS: 3874  ev=0.629  ent=0.348  grad=0.41/0.41  h=0.3 c=5.0  kl=0.0135  vl=0.0675
Step: 15540224 SPS: 3873  ev=0.634  ent=0.341  grad=0.30/0.30  h=0.3 c=5.0  kl=0.0232  vl=0.0429
Step: 15544320 SPS: 3873  ev=0.675  ent=0.320  grad=0.44/0.44  h=0.2 c=5.1  kl=0.0173  vl=0.0681
Step: 15548416 SPS: 3873  ev=0.692  ent=0.328  grad=0.30/0.30  h=0.3 c=5.1  kl=0.0118  vl=0.0512
Step: 15552512 SPS: 3873  ev=0.686  ent=0.352  grad=0.41/0.41  h=0.3 c=5.2  kl=0.0128  vl=0.0591
Step: 15556608 SPS: 3873  ev=0.673  ent=0.368  grad=0.36/0.36  h=0.3 c=5.5  kl=0.0142  vl=0.0641
Step: 15560704 SPS: 3874  ev=0.655  ent=0.337  grad=0.32/0.32  h=0.2 c=4.4  kl=0.0116  vl=0.0476
  vs Heur:   47W/57L/3D | score=5.0±11.6 inv=0.0 played=15.7 lanes=4.9 ddraw=0.3 pts=5
  vs Random: 101W/0L/0D | score=31.7±14.3 inv=0.0 played=19.5 lanes=5.0 ddraw=1.1 pts=32
  Self-play: 58W/50L/2D | score=6.2±11.5 inv=0.0 played=16.0 lanes=4.9 ddraw=0.2 pts=6
Step: 15564800 SPS: 3874  ev=0.636  ent=0.351  grad=0.52/0.50  h=0.3 c=6.0  kl=0.0145  vl=0.0513
Step: 15568896 SPS: 3874  ev=0.670  ent=0.338  grad=0.39/0.39  h=0.3 c=5.8  kl=0.0147  vl=0.0534
Step: 15572992 SPS: 3874  ev=0.611  ent=0.368  grad=0.34/0.34  h=0.2 c=5.9  kl=0.0133  vl=0.0539
Step: 15577088 SPS: 3874  ev=0.662  ent=0.339  grad=0.33/0.33  h=0.3 c=6.6  kl=0.0116  vl=0.0359
Step: 15581184 SPS: 3874  ev=0.665  ent=0.359  grad=0.41/0.41  h=0.2 c=5.7  kl=0.0203  vl=0.0739
Step: 15585280 SPS: 3874  ev=0.664  ent=0.330  grad=0.42/0.42  h=0.3 c=5.3  kl=0.0171  vl=0.0608
Step: 15589376 SPS: 3874  ev=0.664  ent=0.353  grad=0.39/0.39  h=0.2 c=6.6  kl=0.0127  vl=0.0501
Step: 15593472 SPS: 3874  ev=0.624  ent=0.335  grad=0.28/0.28  h=0.3 c=5.4  kl=0.0120  vl=0.0522
Step: 15597568 SPS: 3874  ev=0.639  ent=0.350  grad=0.37/0.37  h=0.3 c=6.4  kl=0.0120  vl=0.0538
Step: 15601664 SPS: 3874  ev=0.691  ent=0.354  grad=0.37/0.37  h=0.3 c=5.6  kl=0.0167  vl=0.0514
Step: 15605760 SPS: 3874  ev=0.660  ent=0.329  grad=0.41/0.41  h=0.3 c=5.7  kl=0.0094  vl=0.0631
Step: 15609856 SPS: 3874  ev=0.626  ent=0.344  grad=0.39/0.39  h=0.2 c=5.4  kl=0.0159  vl=0.0674
Step: 15613952 SPS: 3874  ev=0.664  ent=0.338  grad=0.40/0.40  h=0.3 c=4.9  kl=0.0153  vl=0.0529
Step: 15618048 SPS: 3874  ev=0.718  ent=0.360  grad=0.45/0.45  h=0.2 c=4.8  kl=0.0148  vl=0.0468
Step: 15622144 SPS: 3874  ev=0.668  ent=0.362  grad=0.33/0.33  h=0.3 c=4.8  kl=0.0122  vl=0.0506
Step: 15626240 SPS: 3874  ev=0.672  ent=0.322  grad=0.33/0.33  h=0.3 c=5.7  kl=0.0156  vl=0.0513
Step: 15630336 SPS: 3874  ev=0.681  ent=0.358  grad=0.43/0.43  h=0.3 c=6.2  kl=0.0165  vl=0.0570
Step: 15634432 SPS: 3874  ev=0.660  ent=0.336  grad=0.37/0.37  h=0.2 c=5.7  kl=0.0184  vl=0.0550
Step: 15638528 SPS: 3874  ev=0.703  ent=0.344  grad=0.33/0.33  h=0.2 c=5.0  kl=0.0159  vl=0.0570
Step: 15642624 SPS: 3874  ev=0.699  ent=0.324  grad=0.37/0.37  h=0.2 c=5.6  kl=0.0142  vl=0.0423
  vs Heur:   41W/58L/2D | score=3.8±11.8 inv=0.0 played=15.6 lanes=5.0 ddraw=0.3 pts=4
  vs Random: 100W/0L/0D | score=33.0±12.9 inv=0.0 played=19.5 lanes=5.0 ddraw=1.3 pts=33
  Self-play: 61W/47L/2D | score=4.5±12.7 inv=0.0 played=15.6 lanes=5.0 ddraw=0.2 pts=4
Step: 15646720 SPS: 3874  ev=0.646  ent=0.357  grad=0.39/0.39  h=0.2 c=7.3  kl=0.0180  vl=0.0515
Step: 15650816 SPS: 3874  ev=0.654  ent=0.317  grad=0.29/0.29  h=0.2 c=6.4  kl=0.0117  vl=0.0514
Step: 15654912 SPS: 3874  ev=0.675  ent=0.353  grad=0.38/0.38  h=0.2 c=6.7  kl=0.0107  vl=0.0484
Step: 15659008 SPS: 3874  ev=0.662  ent=0.362  grad=0.44/0.44  h=0.3 c=5.7  kl=0.0139  vl=0.0549
Step: 15663104 SPS: 3874  ev=0.695  ent=0.332  grad=0.42/0.42  h=0.3 c=5.7  kl=0.0115  vl=0.0568
Step: 15667200 SPS: 3874  ev=0.637  ent=0.338  grad=0.38/0.38  h=0.2 c=6.9  kl=0.0076  vl=0.0492
Step: 15671296 SPS: 3874  ev=0.651  ent=0.303  grad=0.31/0.31  h=0.2 c=6.3  kl=0.0099  vl=0.0499
Step: 15675392 SPS: 3874  ev=0.638  ent=0.334  grad=0.37/0.37  h=0.2 c=5.5  kl=0.0159  vl=0.0492
Step: 15679488 SPS: 3874  ev=0.579  ent=0.357  grad=0.49/0.49  h=0.2 c=5.7  kl=0.0138  vl=0.0413
Step: 15683584 SPS: 3874  ev=0.628  ent=0.338  grad=0.44/0.44  h=0.2 c=5.7  kl=0.0186  vl=0.0693
Step: 15687680 SPS: 3874  ev=0.653  ent=0.328  grad=0.36/0.36  h=0.3 c=5.9  kl=0.0098  vl=0.0612
Step: 15691776 SPS: 3874  ev=0.679  ent=0.350  grad=0.32/0.32  h=0.2 c=4.8  kl=0.0153  vl=0.0714
Step: 15695872 SPS: 3874  ev=0.667  ent=0.346  grad=0.39/0.39  h=0.3 c=5.1  kl=0.0154  vl=0.0460
Step: 15699968 SPS: 3874  ev=0.659  ent=0.380  grad=0.37/0.37  h=0.3 c=5.3  kl=0.0739  vl=0.0497
Step: 15704064 SPS: 3874  ev=0.661  ent=0.348  grad=0.33/0.33  h=0.3 c=5.1  kl=0.0183  vl=0.0569
Step: 15708160 SPS: 3874  ev=0.663  ent=0.366  grad=0.31/0.31  h=0.3 c=5.1  kl=0.0164  vl=0.0613
Step: 15712256 SPS: 3874  ev=0.696  ent=0.338  grad=0.31/0.31  h=0.3 c=5.3  kl=0.0169  vl=0.0646
Step: 15716352 SPS: 3874  ev=0.659  ent=0.355  grad=0.28/0.28  h=0.3 c=4.9  kl=0.0130  vl=0.0647
Step: 15720448 SPS: 3874  ev=0.679  ent=0.357  grad=0.33/0.33  h=0.3 c=4.8  kl=0.0111  vl=0.0605
Step: 15724544 SPS: 3874  ev=0.678  ent=0.354  grad=0.58/0.50  h=0.4 c=5.2  kl=0.0115  vl=0.0512
  vs Heur:   43W/63L/1D | score=4.2±13.1 inv=0.0 played=15.7 lanes=5.0 ddraw=0.1 pts=4
  vs Random: 102W/0L/0D | score=31.7±16.6 inv=0.0 played=19.4 lanes=5.0 ddraw=1.0 pts=32
  Self-play: 50W/58L/3D | score=2.6±10.8 inv=0.0 played=15.7 lanes=5.0 ddraw=0.1 pts=3
Step: 15728640 SPS: 3874  ev=0.623  ent=0.343  grad=0.39/0.39  h=0.3 c=5.9  kl=0.0137  vl=0.0532
Step: 15732736 SPS: 3874  ev=0.591  ent=0.334  grad=0.27/0.27  h=0.3 c=6.3  kl=0.0096  vl=0.0454
Step: 15736832 SPS: 3874  ev=0.672  ent=0.337  grad=0.45/0.45  h=0.3 c=7.0  kl=0.0122  vl=0.0496
Step: 15740928 SPS: 3874  ev=0.670  ent=0.344  grad=0.29/0.29  h=0.3 c=5.1  kl=0.0145  vl=0.0394
Step: 15745024 SPS: 3874  ev=0.657  ent=0.332  grad=0.45/0.45  h=0.2 c=6.1  kl=0.0149  vl=0.0656
Step: 15749120 SPS: 3874  ev=0.694  ent=0.353  grad=0.35/0.35  h=0.2 c=5.9  kl=0.0184  vl=0.0415
Step: 15753216 SPS: 3874  ev=0.679  ent=0.348  grad=0.73/0.50  h=0.3 c=6.9  kl=0.0148  vl=0.0524
Step: 15757312 SPS: 3874  ev=0.667  ent=0.342  grad=0.27/0.27  h=0.3 c=7.5  kl=0.0124  vl=0.0513
Step: 15761408 SPS: 3874  ev=0.601  ent=0.318  grad=0.36/0.36  h=0.3 c=6.4  kl=0.0075  vl=0.0483
Step: 15765504 SPS: 3874  ev=0.677  ent=0.327  grad=0.50/0.50  h=0.2 c=6.8  kl=0.0191  vl=0.0511
Step: 15769600 SPS: 3874  ev=0.630  ent=0.332  grad=0.27/0.27  h=0.3 c=6.9  kl=0.0252  vl=0.0691
Step: 15773696 SPS: 3874  ev=0.681  ent=0.337  grad=0.36/0.36  h=0.3 c=6.1  kl=0.0209  vl=0.0598
Step: 15777792 SPS: 3874  ev=0.649  ent=0.339  grad=0.32/0.32  h=0.2 c=5.6  kl=0.0129  vl=0.0564
Step: 15781888 SPS: 3874  ev=0.667  ent=0.356  grad=0.31/0.31  h=0.3 c=5.3  kl=0.0104  vl=0.0407
Step: 15785984 SPS: 3874  ev=0.633  ent=0.346  grad=0.40/0.40  h=0.2 c=5.8  kl=0.0157  vl=0.0440
Step: 15790080 SPS: 3874  ev=0.673  ent=0.353  grad=0.38/0.38  h=0.3 c=6.3  kl=0.0103  vl=0.0388
Step: 15794176 SPS: 3874  ev=0.642  ent=0.355  grad=0.38/0.38  h=0.3 c=6.1  kl=0.0157  vl=0.0536
Step: 15798272 SPS: 3874  ev=0.694  ent=0.334  grad=0.42/0.42  h=0.3 c=6.1  kl=0.0090  vl=0.0396
Step: 15802368 SPS: 3874  ev=0.683  ent=0.336  grad=0.40/0.40  h=0.3 c=5.7  kl=0.0107  vl=0.0419
Step: 15806464 SPS: 3874  ev=0.664  ent=0.309  grad=0.37/0.37  h=0.3 c=5.3  kl=0.0124  vl=0.0630
  vs Heur:   47W/64L/1D | score=5.4±12.3 inv=0.0 played=15.9 lanes=5.0 ddraw=0.2 pts=5
  vs Random: 101W/0L/0D | score=32.0±16.1 inv=0.0 played=19.4 lanes=5.0 ddraw=1.3 pts=32
  Self-play: 61W/56L/0D | score=4.2±11.6 inv=0.0 played=15.5 lanes=4.9 ddraw=0.2 pts=4
Step: 15810560 SPS: 3874  ev=0.635  ent=0.341  grad=0.35/0.35  h=0.3 c=5.9  kl=0.0106  vl=0.0565
Step: 15814656 SPS: 3874  ev=0.693  ent=0.332  grad=0.42/0.42  h=0.2 c=4.9  kl=0.0144  vl=0.0540
Step: 15818752 SPS: 3874  ev=0.689  ent=0.355  grad=0.32/0.32  h=0.3 c=5.2  kl=0.0137  vl=0.0680
Step: 15822848 SPS: 3874  ev=0.684  ent=0.358  grad=0.50/0.50  h=0.3 c=5.1  kl=0.0192  vl=0.0507
Step: 15826944 SPS: 3874  ev=0.636  ent=0.359  grad=0.38/0.38  h=0.3 c=4.9  kl=0.0125  vl=0.0424
Step: 15831040 SPS: 3875  ev=0.667  ent=0.352  grad=0.32/0.32  h=0.1 c=4.7  kl=0.0126  vl=0.0524
Step: 15835136 SPS: 3875  ev=0.604  ent=0.341  grad=0.29/0.29  h=0.3 c=4.4  kl=0.0131  vl=0.0502
Step: 15839232 SPS: 3874  ev=0.716  ent=0.334  grad=0.42/0.42  h=0.2 c=4.5  kl=0.0078  vl=0.0387
Step: 15843328 SPS: 3874  ev=0.681  ent=0.342  grad=0.30/0.30  h=0.3 c=4.7  kl=0.0110  vl=0.0473
Step: 15847424 SPS: 3874  ev=0.648  ent=0.349  grad=0.36/0.36  h=0.2 c=4.8  kl=0.0121  vl=0.0622
Step: 15851520 SPS: 3874  ev=0.659  ent=0.351  grad=0.26/0.26  h=0.2 c=5.1  kl=0.0115  vl=0.0465
Step: 15855616 SPS: 3874  ev=0.630  ent=0.341  grad=0.40/0.40  h=0.2 c=4.5  kl=0.0118  vl=0.0468
Step: 15859712 SPS: 3874  ev=0.688  ent=0.332  grad=0.41/0.41  h=0.2 c=4.7  kl=0.0158  vl=0.0593
Step: 15863808 SPS: 3874  ev=0.644  ent=0.348  grad=0.43/0.43  h=0.2 c=5.0  kl=0.0085  vl=0.0691
Step: 15867904 SPS: 3874  ev=0.678  ent=0.346  grad=0.32/0.32  h=0.3 c=4.4  kl=0.0075  vl=0.0460
Step: 15872000 SPS: 3874  ev=0.666  ent=0.324  grad=0.48/0.48  h=0.3 c=4.0  kl=0.0161  vl=0.0589
Step: 15876096 SPS: 3874  ev=0.664  ent=0.359  grad=0.39/0.39  h=0.3 c=4.5  kl=0.0156  vl=0.0563
Step: 15880192 SPS: 3874  ev=0.669  ent=0.356  grad=0.33/0.33  h=0.3 c=4.4  kl=0.0138  vl=0.0504
Step: 15884288 SPS: 3874  ev=0.630  ent=0.351  grad=0.42/0.42  h=0.3 c=5.2  kl=0.0138  vl=0.0559
Step: 15888384 SPS: 3874  ev=0.697  ent=0.352  grad=0.31/0.31  h=0.3 c=4.3  kl=0.0098  vl=0.0455
  vs Heur:   39W/63L/2D | score=3.5±11.8 inv=0.0 played=15.7 lanes=5.0 ddraw=0.2 pts=3
  vs Random: 102W/0L/0D | score=30.1±15.2 inv=0.0 played=19.3 lanes=5.0 ddraw=1.3 pts=30
  Self-play: 53W/58L/3D | score=3.3±12.0 inv=0.0 played=15.6 lanes=5.0 ddraw=0.2 pts=3
Step: 15892480 SPS: 3874  ev=0.714  ent=0.329  grad=0.50/0.50  h=0.4 c=5.7  kl=0.0089  vl=0.0502
Step: 15896576 SPS: 3874  ev=0.677  ent=0.330  grad=0.34/0.34  h=0.3 c=4.8  kl=0.0232  vl=0.0561
Step: 15900672 SPS: 3874  ev=0.682  ent=0.349  grad=0.35/0.35  h=0.3 c=6.8  kl=0.0190  vl=0.0598
Step: 15904768 SPS: 3874  ev=0.657  ent=0.355  grad=0.37/0.37  h=0.3 c=5.8  kl=0.0129  vl=0.0651
Step: 15908864 SPS: 3874  ev=0.677  ent=0.314  grad=0.31/0.31  h=0.3 c=5.9  kl=0.0144  vl=0.0467
Step: 15912960 SPS: 3874  ev=0.672  ent=0.364  grad=0.41/0.41  h=0.2 c=6.0  kl=0.0130  vl=0.0569
Step: 15917056 SPS: 3874  ev=0.649  ent=0.351  grad=0.48/0.48  h=0.3 c=5.2  kl=0.0115  vl=0.0573
Step: 15921152 SPS: 3874  ev=0.646  ent=0.339  grad=0.32/0.32  h=0.3 c=6.6  kl=0.0102  vl=0.0549
Step: 15925248 SPS: 3874  ev=0.677  ent=0.321  grad=0.49/0.49  h=0.3 c=6.3  kl=0.0111  vl=0.0474
Step: 15929344 SPS: 3874  ev=0.670  ent=0.374  grad=0.28/0.28  h=0.4 c=7.4  kl=0.0144  vl=0.0583
Step: 15933440 SPS: 3874  ev=0.659  ent=0.343  grad=0.33/0.33  h=0.3 c=7.1  kl=0.0102  vl=0.0617
Step: 15937536 SPS: 3874  ev=0.663  ent=0.344  grad=0.41/0.41  h=0.3 c=6.0  kl=0.0127  vl=0.0575
Step: 15941632 SPS: 3874  ev=0.658  ent=0.369  grad=0.39/0.39  h=0.3 c=7.1  kl=0.0096  vl=0.0465
Step: 15945728 SPS: 3874  ev=0.628  ent=0.343  grad=0.28/0.28  h=0.3 c=6.9  kl=0.0121  vl=0.0423
Step: 15949824 SPS: 3874  ev=0.642  ent=0.338  grad=0.41/0.41  h=0.3 c=6.6  kl=0.0171  vl=0.0635
Step: 15953920 SPS: 3874  ev=0.686  ent=0.351  grad=0.32/0.32  h=0.4 c=5.8  kl=0.0111  vl=0.0459
Step: 15958016 SPS: 3874  ev=0.638  ent=0.337  grad=0.34/0.34  h=0.3 c=5.8  kl=0.0113  vl=0.0468
Step: 15962112 SPS: 3874  ev=0.650  ent=0.342  grad=0.42/0.42  h=0.3 c=7.0  kl=0.0101  vl=0.0502
Step: 15966208 SPS: 3874  ev=0.705  ent=0.352  grad=0.51/0.50  h=0.3 c=7.2  kl=0.0151  vl=0.0465
Step: 15970304 SPS: 3874  ev=0.676  ent=0.314  grad=0.27/0.27  h=0.3 c=7.3  kl=0.0108  vl=0.0567
  vs Heur:   44W/61L/3D | score=5.9±12.6 inv=0.0 played=15.8 lanes=5.0 ddraw=0.1 pts=6
  vs Random: 102W/0L/0D | score=27.0±13.8 inv=0.0 played=18.9 lanes=5.0 ddraw=1.6 pts=27
  Self-play: 66W/47L/2D | score=6.9±11.8 inv=0.0 played=15.9 lanes=4.9 ddraw=0.1 pts=7
Step: 15974400 SPS: 3874  ev=0.708  ent=0.339  grad=0.37/0.37  h=0.3 c=6.9  kl=0.0117  vl=0.0576
Step: 15978496 SPS: 3874  ev=0.656  ent=0.365  grad=0.30/0.30  h=0.3 c=8.4  kl=0.0132  vl=0.0519
Step: 15982592 SPS: 3874  ev=0.651  ent=0.379  grad=0.47/0.47  h=0.4 c=7.3  kl=0.0122  vl=0.0412
Step: 15986688 SPS: 3874  ev=0.655  ent=0.357  grad=0.38/0.38  h=0.3 c=7.6  kl=0.0109  vl=0.0516
Step: 15990784 SPS: 3874  ev=0.642  ent=0.347  grad=0.32/0.32  h=0.4 c=5.7  kl=0.0129  vl=0.0676
Step: 15994880 SPS: 3874  ev=0.697  ent=0.336  grad=0.33/0.33  h=0.3 c=6.2  kl=0.0086  vl=0.0510
Step: 15998976 SPS: 3874  ev=0.659  ent=0.355  grad=0.32/0.32  h=0.4 c=6.0  kl=0.0111  vl=0.0407
Step: 16003072 SPS: 3874  ev=0.661  ent=0.358  grad=0.37/0.37  h=0.4 c=7.2  kl=0.0134  vl=0.0459
Step: 16007168 SPS: 3874  ev=0.642  ent=0.346  grad=0.35/0.35  h=0.4 c=7.1  kl=0.0112  vl=0.0503
Step: 16011264 SPS: 3874  ev=0.671  ent=0.338  grad=0.37/0.37  h=0.4 c=6.0  kl=0.0099  vl=0.0521
Step: 16015360 SPS: 3874  ev=0.643  ent=0.377  grad=0.42/0.42  h=0.3 c=6.1  kl=0.0164  vl=0.0545
Step: 16019456 SPS: 3874  ev=0.637  ent=0.350  grad=0.36/0.36  h=0.4 c=6.9  kl=0.0143  vl=0.0468
Step: 16023552 SPS: 3874  ev=0.722  ent=0.358  grad=0.36/0.36  h=0.4 c=8.0  kl=0.0139  vl=0.0502
Step: 16027648 SPS: 3875  ev=0.662  ent=0.345  grad=0.69/0.50  h=0.4 c=8.2  kl=0.0083  vl=0.0593
Step: 16031744 SPS: 3875  ev=0.634  ent=0.358  grad=0.32/0.32  h=0.4 c=10.0  kl=0.0104  vl=0.0432
Step: 16035840 SPS: 3875  ev=0.637  ent=0.365  grad=0.39/0.39  h=0.4 c=7.4  kl=0.0116  vl=0.0595
Step: 16039936 SPS: 3875  ev=0.710  ent=0.359  grad=0.43/0.43  h=0.4 c=8.7  kl=0.0195  vl=0.0406
Step: 16044032 SPS: 3875  ev=0.636  ent=0.361  grad=0.38/0.38  h=0.4 c=6.9  kl=0.0154  vl=0.0591
Step: 16048128 SPS: 3875  ev=0.650  ent=0.344  grad=0.34/0.34  h=0.5 c=6.6  kl=0.0138  vl=0.0502
Step: 16052224 SPS: 3875  ev=0.661  ent=0.330  grad=0.32/0.32  h=0.4 c=7.8  kl=0.0092  vl=0.0508
  vs Heur:   36W/63L/2D | score=2.9±13.0 inv=0.0 played=15.5 lanes=5.0 ddraw=0.2 pts=3
  vs Random: 100W/0L/0D | score=26.5±16.3 inv=0.0 played=18.8 lanes=5.0 ddraw=1.8 pts=26
  Self-play: 45W/64L/4D | score=3.7±11.2 inv=0.0 played=15.7 lanes=5.0 ddraw=0.1 pts=4
Step: 16056320 SPS: 3875  ev=0.664  ent=0.358  grad=0.33/0.33  h=0.4 c=7.9  kl=0.0116  vl=0.0595
Step: 16060416 SPS: 3875  ev=0.661  ent=0.334  grad=0.38/0.38  h=0.3 c=8.7  kl=0.0078  vl=0.0630
Step: 16064512 SPS: 3875  ev=0.663  ent=0.365  grad=0.36/0.36  h=0.4 c=8.2  kl=0.0121  vl=0.0616
Step: 16068608 SPS: 3875  ev=0.678  ent=0.344  grad=0.35/0.35  h=0.4 c=8.0  kl=0.0175  vl=0.0610
Step: 16072704 SPS: 3875  ev=0.676  ent=0.372  grad=0.49/0.49  h=0.4 c=7.9  kl=0.0178  vl=0.0531
Step: 16076800 SPS: 3875  ev=0.612  ent=0.369  grad=0.37/0.37  h=0.4 c=7.6  kl=0.0181  vl=0.0575
Step: 16080896 SPS: 3875  ev=0.700  ent=0.370  grad=0.31/0.31  h=0.4 c=7.7  kl=0.0143  vl=0.0518
Step: 16084992 SPS: 3875  ev=0.647  ent=0.359  grad=0.31/0.31  h=0.4 c=8.1  kl=0.0110  vl=0.0469
Step: 16089088 SPS: 3875  ev=0.679  ent=0.367  grad=0.29/0.29  h=0.4 c=8.5  kl=0.0167  vl=0.0492
Step: 16093184 SPS: 3875  ev=0.656  ent=0.342  grad=0.37/0.37  h=0.5 c=7.9  kl=0.0136  vl=0.0577
Step: 16097280 SPS: 3875  ev=0.671  ent=0.351  grad=0.39/0.39  h=0.4 c=6.8  kl=0.0116  vl=0.0391
Step: 16101376 SPS: 3875  ev=0.582  ent=0.338  grad=0.38/0.38  h=0.4 c=7.6  kl=0.0143  vl=0.0542
Step: 16105472 SPS: 3875  ev=0.707  ent=0.345  grad=0.43/0.43  h=0.3 c=6.7  kl=0.0168  vl=0.0439
Step: 16109568 SPS: 3875  ev=0.623  ent=0.376  grad=0.30/0.30  h=0.4 c=6.5  kl=0.0137  vl=0.0672
Step: 16113664 SPS: 3875  ev=0.668  ent=0.357  grad=0.42/0.42  h=0.4 c=6.9  kl=0.0144  vl=0.0573
Step: 16117760 SPS: 3875  ev=0.652  ent=0.352  grad=0.38/0.38  h=0.4 c=5.9  kl=0.0114  vl=0.0526
Step: 16121856 SPS: 3875  ev=0.684  ent=0.361  grad=0.38/0.38  h=0.4 c=6.5  kl=0.0097  vl=0.0513
Step: 16125952 SPS: 3875  ev=0.674  ent=0.356  grad=0.45/0.45  h=0.3 c=6.6  kl=0.0113  vl=0.0516
Step: 16130048 SPS: 3875  ev=0.657  ent=0.348  grad=0.35/0.35  h=0.5 c=5.7  kl=0.0075  vl=0.0587
Step: 16134144 SPS: 3875  ev=0.675  ent=0.362  grad=0.52/0.50  h=0.3 c=5.2  kl=0.0135  vl=0.0492
  vs Heur:   38W/65L/2D | score=4.2±10.2 inv=0.0 played=16.0 lanes=5.0 ddraw=0.2 pts=4
  vs Random: 100W/0L/0D | score=24.9±14.8 inv=0.0 played=18.9 lanes=5.0 ddraw=1.2 pts=25
  Self-play: 45W/61L/1D | score=2.9±12.4 inv=0.0 played=15.3 lanes=5.0 ddraw=0.2 pts=3
Step: 16138240 SPS: 3875  ev=0.667  ent=0.335  grad=0.44/0.44  h=0.4 c=5.9  kl=0.0081  vl=0.0429
Step: 16142336 SPS: 3875  ev=0.705  ent=0.393  grad=0.40/0.40  h=0.3 c=5.7  kl=0.0133  vl=0.0604
Step: 16146432 SPS: 3875  ev=0.733  ent=0.339  grad=0.51/0.50  h=0.4 c=5.0  kl=0.0134  vl=0.0447
Step: 16150528 SPS: 3875  ev=0.686  ent=0.351  grad=0.29/0.29  h=0.3 c=4.9  kl=0.0099  vl=0.0535
Step: 16154624 SPS: 3875  ev=0.694  ent=0.355  grad=0.40/0.40  h=0.4 c=4.4  kl=0.0139  vl=0.0497
Step: 16158720 SPS: 3875  ev=0.722  ent=0.340  grad=0.35/0.35  h=0.4 c=4.9  kl=0.0111  vl=0.0439
Step: 16162816 SPS: 3875  ev=0.669  ent=0.347  grad=0.43/0.43  h=0.3 c=4.7  kl=0.0126  vl=0.0468
Step: 16166912 SPS: 3875  ev=0.671  ent=0.339  grad=0.36/0.36  h=0.3 c=4.8  kl=0.0101  vl=0.0560
Step: 16171008 SPS: 3875  ev=0.697  ent=0.343  grad=0.39/0.39  h=0.4 c=4.9  kl=0.0108  vl=0.0480
Step: 16175104 SPS: 3875  ev=0.634  ent=0.335  grad=0.35/0.35  h=0.4 c=4.7  kl=0.0105  vl=0.0417
Step: 16179200 SPS: 3875  ev=0.718  ent=0.341  grad=0.32/0.32  h=0.3 c=4.3  kl=0.0084  vl=0.0566
Step: 16183296 SPS: 3875  ev=0.634  ent=0.345  grad=0.40/0.40  h=0.4 c=4.9  kl=0.0167  vl=0.0589
Step: 16187392 SPS: 3875  ev=0.653  ent=0.327  grad=0.29/0.29  h=0.4 c=4.7  kl=0.0070  vl=0.0488
Step: 16191488 SPS: 3875  ev=0.683  ent=0.346  grad=0.29/0.29  h=0.3 c=5.0  kl=0.0102  vl=0.0449
Step: 16195584 SPS: 3875  ev=0.676  ent=0.359  grad=0.28/0.28  h=0.4 c=5.4  kl=0.0116  vl=0.0460
Step: 16199680 SPS: 3875  ev=0.620  ent=0.340  grad=0.29/0.29  h=0.4 c=4.6  kl=0.0111  vl=0.0454
