wandb: [wandb.login()] Loaded credentials for https://api.wandb.ai from /home/zzhang18/.netrc.
wandb: Currently logged in as: nchen3 (ningcong-chen) to https://api.wandb.ai. Use `wandb login --relogin` to force relogin
wandb: setting up run ne8tk4g0
wandb: Tracking run with wandb version 0.25.1
wandb: Run data is saved locally in /home/zzhang18/nchen3/eco/wandb/run-20260407_155057-ne8tk4g0
wandb: Run `wandb offline` to turn off syncing.
wandb: Syncing run lc__lc_dqn_vs_random_dense_default__1__1775591457
wandb: ⭐️ View project at https://wandb.ai/ningcong-chen/ppo-eco
wandb: 🚀 View run at https://wandb.ai/ningcong-chen/ppo-eco/runs/ne8tk4g0
Q-network params: 1,255,512
Step: 81920  SPS: 1596  ε=0.099  ret=0.162  score=-35.5  buf=8%  updates=562
  vs Random: 118W/10L/0D | score=-8.2±14.7 inv=0.1 played=0.7 lanes=0.6 ddraw=22.3 pts=-8
  Self-play: 11W/45L/44D | score=-11.9±15.9 inv=0.1 played=1.2 lanes=1.0 ddraw=22.7 pts=-12
Step: 163840  SPS: 1788  ε=0.098  ret=0.359  score=-32.5  buf=16%  updates=1202
  vs Random: 119W/9L/0D | score=-6.8±12.7 inv=0.1 played=0.5 lanes=0.5 ddraw=25.6 pts=-7
  Self-play: 19W/53L/28D | score=-13.7±16.3 inv=0.1 played=1.6 lanes=1.3 ddraw=24.9 pts=-14
Step: 245760  SPS: 1843  ε=0.098  ret=0.322  score=-31.7  buf=25%  updates=1842
  vs Random: 116W/12L/0D | score=-6.3±12.5 inv=0.0 played=0.5 lanes=0.4 ddraw=24.7 pts=-6
  Self-play: 29W/42L/29D | score=-11.2±14.8 inv=0.0 played=1.2 lanes=1.1 ddraw=22.9 pts=-11
Step: 327680  SPS: 1886  ε=0.097  ret=0.170  score=-33.8  buf=33%  updates=2482
  vs Random: 122W/6L/0D | score=-5.3±10.1 inv=0.1 played=0.6 lanes=0.4 ddraw=24.8 pts=-5
  Self-play: 27W/47L/26D | score=-14.7±16.2 inv=0.0 played=1.8 lanes=1.5 ddraw=23.9 pts=-15
Step: 409600  SPS: 1907  ε=0.096  ret=0.291  score=-30.1  buf=41%  updates=3122
  vs Random: 122W/6L/0D | score=-5.0±10.5 inv=0.1 played=0.6 lanes=0.4 ddraw=25.4 pts=-5
  Self-play: 26W/41L/33D | score=-11.0±15.1 inv=0.1 played=1.5 lanes=1.1 ddraw=23.3 pts=-11
Step: 491520  SPS: 1925  ε=0.095  ret=0.419  score=-31.0  buf=49%  updates=3762
  vs Random: 119W/9L/0D | score=-5.0±10.3 inv=0.0 played=0.4 lanes=0.3 ddraw=25.2 pts=-5
  Self-play: 28W/42L/30D | score=-12.1±15.5 inv=0.1 played=1.7 lanes=1.3 ddraw=24.1 pts=-12
Step: 573440  SPS: 1933  ε=0.094  ret=0.364  score=-27.9  buf=57%  updates=4402
  vs Random: 93W/7L/1D | score=-4.9±8.9 inv=0.0 played=0.7 lanes=0.5 ddraw=20.0 pts=-5
  Self-play: 35W/42L/23D | score=-11.8±14.0 inv=0.0 played=1.6 lanes=1.2 ddraw=19.7 pts=-12
Step: 655360  SPS: 1936  ε=0.093  ret=0.707  score=-20.7  buf=66%  updates=5042
  vs Random: 116W/11L/1D | score=-5.2±12.5 inv=0.1 played=0.6 lanes=0.4 ddraw=24.0 pts=-5
  Self-play: 31W/47L/22D | score=-13.1±15.0 inv=0.0 played=2.0 lanes=1.5 ddraw=22.8 pts=-13
Step: 737280  SPS: 1934  ε=0.093  ret=0.487  score=-24.5  buf=74%  updates=5682
  vs Random: 93W/7L/0D | score=-5.6±13.3 inv=0.1 played=0.6 lanes=0.4 ddraw=21.9 pts=-6
  Self-play: 40W/29L/31D | score=-9.2±13.7 inv=0.1 played=1.4 lanes=1.0 ddraw=20.9 pts=-9
Step: 819200  SPS: 1937  ε=0.092  ret=0.438  score=-25.0  buf=82%  updates=6322
  vs Random: 95W/7L/0D | score=-4.6±9.6 inv=0.0 played=0.7 lanes=0.5 ddraw=20.5 pts=-5
  Self-play: 25W/51L/24D | score=-14.7±16.5 inv=0.1 played=2.4 lanes=1.7 ddraw=21.5 pts=-15
Step: 901120  SPS: 1938  ε=0.091  ret=0.622  score=-22.0  buf=90%  updates=6962
  vs Random: 97W/4L/0D | score=-3.5±8.8 inv=0.0 played=0.5 lanes=0.3 ddraw=19.1 pts=-4
  Self-play: 37W/32L/31D | score=-7.2±13.2 inv=0.1 played=1.3 lanes=0.9 ddraw=19.2 pts=-7
Step: 983040  SPS: 1941  ε=0.090  ret=0.493  score=-24.2  buf=98%  updates=7602
  vs Random: 94W/6L/0D | score=-5.1±9.2 inv=0.1 played=0.9 lanes=0.6 ddraw=20.3 pts=-5
  Self-play: 39W/34L/29D | score=-9.1±15.4 inv=0.0 played=1.6 lanes=1.1 ddraw=21.5 pts=-9
Step: 1064960  SPS: 1942  ε=0.089  ret=0.711  score=-19.2  buf=100%  updates=8242
  vs Random: 93W/6L/1D | score=-4.7±9.1 inv=0.1 played=0.8 lanes=0.5 ddraw=20.6 pts=-5
  Self-play: 29W/45L/26D | score=-11.8±14.2 inv=0.1 played=1.9 lanes=1.4 ddraw=21.8 pts=-12
Step: 1146880  SPS: 1941  ε=0.089  ret=0.496  score=-18.1  buf=100%  updates=8882
  vs Random: 93W/6L/1D | score=-4.7±10.8 inv=0.1 played=1.0 lanes=0.6 ddraw=17.8 pts=-5
  Self-play: 23W/44L/33D | score=-11.7±16.2 inv=0.1 played=1.9 lanes=1.3 ddraw=18.5 pts=-12
Step: 1228800  SPS: 1944  ε=0.088  ret=0.690  score=-16.9  buf=100%  updates=9522
  vs Random: 99W/1L/0D | score=-3.4±8.3 inv=0.1 played=1.0 lanes=0.5 ddraw=20.3 pts=-3
  Self-play: 29W/51L/20D | score=-11.7±14.9 inv=0.1 played=2.4 lanes=1.5 ddraw=23.8 pts=-12
Step: 1310720  SPS: 1943  ε=0.087  ret=0.791  score=-15.3  buf=100%  updates=10162
  vs Random: 124W/4L/0D | score=-2.2±8.4 inv=0.1 played=0.9 lanes=0.4 ddraw=20.8 pts=-2
  Self-play: 31W/35L/34D | score=-7.6±14.0 inv=0.0 played=1.6 lanes=1.0 ddraw=24.4 pts=-8
Step: 1392640  SPS: 1939  ε=0.086  ret=0.715  score=-13.9  buf=100%  updates=10802
  vs Random: 91W/9L/0D | score=-4.7±9.5 inv=0.1 played=0.9 lanes=0.5 ddraw=16.1 pts=-5
  Self-play: 28W/37L/35D | score=-7.1±12.1 inv=0.0 played=1.1 lanes=0.8 ddraw=22.5 pts=-7
Step: 1474560  SPS: 1937  ε=0.085  ret=0.807  score=-12.0  buf=100%  updates=11442
  vs Random: 102W/3L/0D | score=-2.5±8.2 inv=0.1 played=1.3 lanes=0.6 ddraw=17.5 pts=-2
  Self-play: 25W/45L/30D | score=-10.0±16.4 inv=0.1 played=2.2 lanes=1.4 ddraw=25.2 pts=-10
Step: 1556480  SPS: 1936  ε=0.084  ret=0.665  score=-15.4  buf=100%  updates=12082
  vs Random: 99W/1L/0D | score=-4.5±10.5 inv=0.1 played=2.7 lanes=1.2 ddraw=17.4 pts=-5
  Self-play: 51W/52L/25D | score=-5.9±12.6 inv=0.1 played=2.3 lanes=1.2 ddraw=25.1 pts=-6
Step: 1638400  SPS: 1932  ε=0.084  ret=0.844  score=-13.8  buf=100%  updates=12722
  vs Random: 100W/2L/0D | score=-2.6±8.2 inv=0.0 played=1.3 lanes=0.6 ddraw=17.1 pts=-3
  Self-play: 54W/53L/21D | score=-7.5±13.8 inv=0.0 played=2.3 lanes=1.3 ddraw=25.1 pts=-7
Step: 1720320  SPS: 1928  ε=0.083  ret=0.804  score=-10.9  buf=100%  updates=13362
  vs Random: 125W/2L/1D | score=-4.1±11.4 inv=0.1 played=2.4 lanes=1.1 ddraw=18.3 pts=-4
  Self-play: 37W/56L/35D | score=-5.3±12.0 inv=0.1 played=2.7 lanes=1.2 ddraw=25.7 pts=-5
Step: 1802240  SPS: 1926  ε=0.082  ret=0.849  score=-10.3  buf=100%  updates=14002
  vs Random: 125W/3L/0D | score=-3.3±11.7 inv=0.1 played=3.7 lanes=1.6 ddraw=17.2 pts=-3
  Self-play: 56W/56L/16D | score=-6.0±14.0 inv=0.1 played=3.8 lanes=1.7 ddraw=25.7 pts=-6
Step: 1884160  SPS: 1926  ε=0.081  ret=0.878  score=-11.8  buf=100%  updates=14642
  vs Random: 123W/5L/0D | score=-2.6±8.4 inv=0.1 played=2.0 lanes=0.9 ddraw=18.0 pts=-3
  Self-play: 52W/47L/29D | score=-3.6±11.4 inv=0.1 played=3.3 lanes=1.4 ddraw=25.6 pts=-4
Step: 1966080  SPS: 1926  ε=0.080  ret=0.862  score=-9.1  buf=100%  updates=15282
  vs Random: 119W/8L/1D | score=-2.4±10.7 inv=0.1 played=2.3 lanes=0.9 ddraw=17.2 pts=-2
  Self-play: 50W/52L/26D | score=-3.5±17.6 inv=0.1 played=3.8 lanes=1.6 ddraw=25.2 pts=-3
Step: 2048000  SPS: 1924  ε=0.080  ret=0.925  score=-6.2  buf=100%  updates=15922
  vs Random: 119W/8L/1D | score=-2.4±14.0 inv=0.1 played=4.3 lanes=1.6 ddraw=19.0 pts=-2
  Self-play: 49W/57L/22D | score=-1.7±13.5 inv=0.0 played=4.9 lanes=1.9 ddraw=25.5 pts=-2
Step: 2129920  SPS: 1920  ε=0.079  ret=0.825  score=-7.3  buf=100%  updates=16562
  vs Random: 127W/1L/0D | score=0.8±11.7 inv=0.1 played=5.5 lanes=1.9 ddraw=18.8 pts=1
  Self-play: 52W/62L/14D | score=-1.9±14.9 inv=0.1 played=6.3 lanes=2.4 ddraw=25.9 pts=-2
Step: 2211840  SPS: 1920  ε=0.078  ret=0.980  score=-1.3  buf=100%  updates=17202
  vs Random: 125W/3L/0D | score=3.2±11.8 inv=0.1 played=7.2 lanes=2.5 ddraw=19.9 pts=3
  Self-play: 50W/73L/5D | score=-2.4±19.7 inv=0.1 played=7.4 lanes=2.8 ddraw=25.6 pts=-2
Step: 2293760  SPS: 1918  ε=0.077  ret=0.941  score=-0.8  buf=100%  updates=17842
  vs Random: 123W/5L/0D | score=4.0±14.6 inv=0.2 played=9.0 lanes=3.0 ddraw=21.1 pts=4
  Self-play: 57W/67L/4D | score=-1.0±17.5 inv=0.1 played=9.0 lanes=3.2 ddraw=26.1 pts=-1
Step: 2375680  SPS: 1916  ε=0.076  ret=1.026  score=2.7  buf=100%  updates=18482
  vs Random: 127W/1L/0D | score=4.4±13.8 inv=0.1 played=10.7 lanes=3.5 ddraw=23.0 pts=4
  Self-play: 64W/61L/3D | score=1.0±19.5 inv=0.1 played=9.8 lanes=3.3 ddraw=25.4 pts=1
Step: 2457600  SPS: 1911  ε=0.075  ret=1.000  score=2.8  buf=100%  updates=19122
  vs Random: 128W/0L/0D | score=10.5±13.8 inv=0.2 played=13.3 lanes=4.2 ddraw=23.8 pts=10
  Self-play: 63W/64L/1D | score=-2.0±20.3 inv=0.3 played=11.3 lanes=4.0 ddraw=24.4 pts=-2
Step: 2539520  SPS: 1910  ε=0.075  ret=1.025  score=1.4  buf=100%  updates=19762
  vs Random: 127W/1L/0D | score=11.4±13.7 inv=0.2 played=14.2 lanes=4.5 ddraw=24.3 pts=11
  Self-play: 45W/81L/2D | score=-4.8±17.3 inv=0.2 played=11.0 lanes=3.9 ddraw=24.8 pts=-5
Step: 2621440  SPS: 1909  ε=0.074  ret=1.038  score=8.4  buf=100%  updates=20402
  vs Random: 128W/0L/0D | score=9.2±13.5 inv=0.4 played=14.5 lanes=4.6 ddraw=24.8 pts=9
  Self-play: 55W/73L/0D | score=-6.9±20.0 inv=0.4 played=12.5 lanes=4.5 ddraw=26.0 pts=-7
Step: 2703360  SPS: 1907  ε=0.073  ret=0.994  score=10.0  buf=100%  updates=21042
  vs Random: 127W/1L/0D | score=9.9±14.7 inv=0.3 played=15.1 lanes=4.8 ddraw=26.5 pts=10
  Self-play: 59W/65L/4D | score=-3.2±19.9 inv=0.3 played=13.3 lanes=4.6 ddraw=25.4 pts=-3
Step: 2785280  SPS: 1903  ε=0.072  ret=1.025  score=9.5  buf=100%  updates=21682
  vs Random: 128W/0L/0D | score=10.2±12.6 inv=0.4 played=14.7 lanes=4.5 ddraw=25.4 pts=10
  Self-play: 62W/66L/0D | score=-1.4±20.1 inv=0.4 played=12.5 lanes=4.1 ddraw=25.0 pts=-1
Step: 2867200  SPS: 1901  ε=0.071  ret=0.991  score=6.0  buf=100%  updates=22322
  vs Random: 128W/0L/0D | score=13.5±13.0 inv=0.2 played=16.0 lanes=4.9 ddraw=25.8 pts=13
  Self-play: 59W/68L/1D | score=-1.5±17.7 inv=0.2 played=13.2 lanes=4.4 ddraw=25.5 pts=-2
Step: 2949120  SPS: 1899  ε=0.071  ret=1.008  score=9.7  buf=100%  updates=22962
  vs Random: 128W/0L/0D | score=12.8±13.6 inv=0.2 played=15.5 lanes=4.8 ddraw=25.8 pts=13
  Self-play: 67W/60L/1D | score=-2.6±17.0 inv=0.3 played=13.5 lanes=4.6 ddraw=24.8 pts=-3
Step: 3031040  SPS: 1898  ε=0.070  ret=1.046  score=11.0  buf=100%  updates=23602
  vs Random: 128W/0L/0D | score=13.9±15.5 inv=0.4 played=15.6 lanes=4.6 ddraw=25.8 pts=14
  Self-play: 71W/54L/3D | score=2.2±20.1 inv=0.4 played=13.8 lanes=4.4 ddraw=24.7 pts=2
Step: 3112960  SPS: 1898  ε=0.069  ret=1.026  score=14.0  buf=100%  updates=24242
  vs Random: 127W/1L/0D | score=12.8±14.9 inv=0.4 played=16.3 lanes=4.9 ddraw=26.2 pts=13
  Self-play: 65W/63L/0D | score=0.2±21.5 inv=0.4 played=13.6 lanes=4.5 ddraw=24.9 pts=0
Step: 3194880  SPS: 1897  ε=0.068  ret=0.988  score=13.3  buf=100%  updates=24882
  vs Random: 127W/1L/0D | score=16.3±16.3 inv=0.4 played=15.7 lanes=4.6 ddraw=25.2 pts=16
  Self-play: 60W/68L/0D | score=-1.6±20.8 inv=0.3 played=13.9 lanes=4.6 ddraw=25.1 pts=-2
Step: 3276800  SPS: 1897  ε=0.067  ret=1.008  score=14.2  buf=100%  updates=25522
  vs Random: 126W/2L/0D | score=14.8±15.4 inv=0.4 played=16.2 lanes=4.8 ddraw=26.9 pts=15
  Self-play: 49W/78L/1D | score=-5.6±18.8 inv=0.3 played=13.7 lanes=4.7 ddraw=25.2 pts=-6
Step: 3358720  SPS: 1892  ε=0.066  ret=1.011  score=13.1  buf=100%  updates=26162
  vs Random: 126W/2L/0D | score=14.2±17.1 inv=0.3 played=16.4 lanes=4.8 ddraw=27.0 pts=14
  Self-play: 61W/66L/1D | score=-0.2±20.0 inv=0.4 played=14.6 lanes=4.8 ddraw=25.4 pts=-0
Step: 3440640  SPS: 1889  ε=0.066  ret=1.031  score=17.1  buf=100%  updates=26802
  vs Random: 128W/0L/0D | score=19.7±14.4 inv=0.4 played=16.4 lanes=4.7 ddraw=26.1 pts=20
  Self-play: 60W/65L/3D | score=3.2±20.3 inv=0.4 played=13.8 lanes=4.4 ddraw=25.0 pts=3
Step: 3522560  SPS: 1887  ε=0.065  ret=1.038  score=16.2  buf=100%  updates=27442
  vs Random: 127W/1L/0D | score=16.3±16.4 inv=0.5 played=16.8 lanes=4.8 ddraw=27.2 pts=16
  Self-play: 66W/61L/1D | score=3.7±22.6 inv=0.5 played=14.6 lanes=4.6 ddraw=25.0 pts=4
Step: 3604480  SPS: 1886  ε=0.064  ret=1.057  score=16.1  buf=100%  updates=28082
  vs Random: 126W/1L/1D | score=16.0±18.9 inv=0.4 played=16.6 lanes=4.8 ddraw=27.8 pts=16
  Self-play: 65W/62L/1D | score=0.3±22.7 inv=0.5 played=14.4 lanes=4.6 ddraw=24.8 pts=0
Step: 3686400  SPS: 1886  ε=0.063  ret=1.031  score=15.3  buf=100%  updates=28722
  vs Random: 128W/0L/0D | score=19.6±15.7 inv=0.2 played=17.1 lanes=4.8 ddraw=27.0 pts=20
  Self-play: 58W/66L/4D | score=-0.1±21.4 inv=0.2 played=14.5 lanes=4.7 ddraw=25.1 pts=-0
Step: 3768320  SPS: 1884  ε=0.062  ret=1.009  score=15.5  buf=100%  updates=29362
  vs Random: 124W/4L/0D | score=19.5±17.5 inv=0.6 played=17.5 lanes=4.9 ddraw=27.4 pts=20
  Self-play: 63W/64L/1D | score=2.4±22.5 inv=0.5 played=15.3 lanes=4.7 ddraw=25.2 pts=2
Step: 3850240  SPS: 1884  ε=0.061  ret=1.044  score=17.1  buf=100%  updates=30002
  vs Random: 127W/1L/0D | score=18.7±14.6 inv=0.3 played=17.0 lanes=4.8 ddraw=26.5 pts=19
  Self-play: 57W/70L/1D | score=2.2±21.3 inv=0.3 played=14.7 lanes=4.7 ddraw=24.8 pts=2
Step: 3932160  SPS: 1883  ε=0.061  ret=1.059  score=18.5  buf=100%  updates=30642
  vs Random: 127W/1L/0D | score=18.1±15.3 inv=0.3 played=16.9 lanes=4.7 ddraw=26.8 pts=18
  Self-play: 71W/57L/0D | score=6.9±18.5 inv=0.3 played=15.3 lanes=4.7 ddraw=24.9 pts=7
Step: 4014080  SPS: 1883  ε=0.060  ret=1.031  score=18.8  buf=100%  updates=31282
  vs Random: 128W/0L/0D | score=19.8±17.0 inv=0.4 played=17.2 lanes=4.7 ddraw=28.1 pts=20
  Self-play: 64W/62L/2D | score=4.6±21.5 inv=0.3 played=15.0 lanes=4.6 ddraw=24.8 pts=5
Step: 4096000  SPS: 1881  ε=0.059  ret=1.005  score=17.6  buf=100%  updates=31922
  vs Random: 127W/1L/0D | score=18.5±17.7 inv=0.5 played=16.9 lanes=4.6 ddraw=27.1 pts=19
  Self-play: 71W/56L/1D | score=6.8±21.5 inv=0.4 played=15.1 lanes=4.6 ddraw=24.6 pts=7
Step: 4177920  SPS: 1879  ε=0.058  ret=0.994  score=16.7  buf=100%  updates=32562
  vs Random: 127W/1L/0D | score=24.5±18.1 inv=0.6 played=18.2 lanes=4.8 ddraw=27.4 pts=25
  Self-play: 55W/72L/1D | score=1.0±24.1 inv=0.6 played=15.0 lanes=4.6 ddraw=25.2 pts=1
Step: 4259840  SPS: 1877  ε=0.057  ret=1.046  score=20.4  buf=100%  updates=33202
  vs Random: 126W/2L/0D | score=18.0±19.2 inv=0.5 played=17.3 lanes=4.7 ddraw=27.8 pts=18
  Self-play: 60W/67L/1D | score=2.0±24.1 inv=0.3 played=14.9 lanes=4.6 ddraw=25.0 pts=2
Step: 4341760  SPS: 1876  ε=0.057  ret=1.045  score=18.3  buf=100%  updates=33842
  vs Random: 128W/0L/0D | score=21.5±17.3 inv=0.6 played=17.5 lanes=4.7 ddraw=27.7 pts=21
  Self-play: 58W/69L/1D | score=3.2±24.2 inv=0.4 played=15.1 lanes=4.6 ddraw=24.9 pts=3
Step: 4423680  SPS: 1875  ε=0.056  ret=1.045  score=19.9  buf=100%  updates=34482
  vs Random: 128W/0L/0D | score=18.8±18.1 inv=0.5 played=17.2 lanes=4.7 ddraw=27.8 pts=19
  Self-play: 63W/64L/1D | score=4.1±19.2 inv=0.3 played=15.1 lanes=4.6 ddraw=24.8 pts=4
Step: 4505600  SPS: 1875  ε=0.055  ret=1.020  score=16.4  buf=100%  updates=35122
  vs Random: 126W/2L/0D | score=21.5±19.8 inv=0.7 played=17.8 lanes=4.7 ddraw=28.1 pts=22
  Self-play: 67W/61L/0D | score=5.2±23.2 inv=0.6 played=15.2 lanes=4.5 ddraw=25.0 pts=5
Step: 4587520  SPS: 1872  ε=0.054  ret=1.027  score=18.4  buf=100%  updates=35762
  vs Random: 127W/1L/0D | score=21.5±19.0 inv=0.5 played=17.9 lanes=4.8 ddraw=28.1 pts=21
  Self-play: 64W/63L/1D | score=1.4±26.6 inv=0.5 played=15.3 lanes=4.7 ddraw=25.1 pts=1
Step: 4669440  SPS: 1871  ε=0.053  ret=1.014  score=17.1  buf=100%  updates=36402
  vs Random: 127W/1L/0D | score=22.3±17.8 inv=0.5 played=18.2 lanes=4.9 ddraw=29.0 pts=22
  Self-play: 71W/53L/4D | score=5.8±24.9 inv=0.4 played=15.2 lanes=4.6 ddraw=24.6 pts=6
Step: 4751360  SPS: 1870  ε=0.052  ret=1.010  score=19.5  buf=100%  updates=37042
  vs Random: 128W/0L/0D | score=20.5±18.5 inv=0.6 played=17.9 lanes=4.8 ddraw=27.6 pts=21
  Self-play: 66W/60L/2D | score=5.8±27.3 inv=0.6 played=15.4 lanes=4.6 ddraw=24.9 pts=6
Step: 4833280  SPS: 1870  ε=0.052  ret=1.063  score=22.3  buf=100%  updates=37682
  vs Random: 128W/0L/0D | score=22.7±16.8 inv=0.5 played=17.3 lanes=4.6 ddraw=27.7 pts=23
  Self-play: 54W/74L/0D | score=-1.4±27.0 inv=0.4 played=14.8 lanes=4.7 ddraw=24.8 pts=-1
Step: 4915200  SPS: 1869  ε=0.051  ret=1.070  score=20.7  buf=100%  updates=38322
  vs Random: 125W/3L/0D | score=21.5±20.6 inv=0.5 played=17.9 lanes=4.8 ddraw=27.4 pts=21
  Self-play: 69W/59L/0D | score=2.0±24.8 inv=0.5 played=14.9 lanes=4.6 ddraw=25.2 pts=2
Step: 4997120  SPS: 1867  ε=0.050  ret=1.031  score=21.0  buf=100%  updates=38962
  vs Random: 126W/2L/0D | score=24.2±20.4 inv=0.6 played=18.0 lanes=4.7 ddraw=27.5 pts=24
  Self-play: 57W/71L/0D | score=3.5±24.6 inv=0.6 played=15.4 lanes=4.7 ddraw=24.6 pts=4
Step: 5079040  SPS: 1867  ε=0.050  ret=0.997  score=16.7  buf=100%  updates=39602
  vs Random: 128W/0L/0D | score=23.7±16.9 inv=0.5 played=17.9 lanes=4.7 ddraw=28.1 pts=24
  Self-play: 68W/59L/1D | score=4.9±26.1 inv=0.4 played=15.4 lanes=4.6 ddraw=25.1 pts=5
Step: 5160960  SPS: 1867  ε=0.050  ret=1.029  score=17.1  buf=100%  updates=40242
  vs Random: 126W/2L/0D | score=23.6±19.8 inv=0.7 played=17.4 lanes=4.5 ddraw=28.6 pts=24
  Self-play: 63W/65L/0D | score=1.1±23.5 inv=0.8 played=15.5 lanes=4.7 ddraw=25.0 pts=1
Step: 5242880  SPS: 1867  ε=0.050  ret=1.034  score=18.5  buf=100%  updates=40882
  vs Random: 124W/4L/0D | score=17.5±19.2 inv=0.5 played=17.1 lanes=4.6 ddraw=27.1 pts=17
  Self-play: 65W/63L/0D | score=5.1±24.7 inv=0.4 played=14.9 lanes=4.5 ddraw=24.5 pts=5
Step: 5324800  SPS: 1868  ε=0.050  ret=0.999  score=18.6  buf=100%  updates=41522
  vs Random: 126W/1L/1D | score=19.6±17.6 inv=0.3 played=16.8 lanes=4.5 ddraw=27.4 pts=20
  Self-play: 56W/71L/1D | score=2.0±25.2 inv=0.3 played=14.4 lanes=4.5 ddraw=25.1 pts=2
Step: 5406720  SPS: 1868  ε=0.050  ret=0.984  score=21.5  buf=100%  updates=42162
  vs Random: 126W/2L/0D | score=17.8±19.3 inv=0.7 played=17.1 lanes=4.6 ddraw=28.1 pts=18
  Self-play: 61W/65L/2D | score=3.1±23.6 inv=0.6 played=15.3 lanes=4.6 ddraw=25.0 pts=3
Step: 5488640  SPS: 1868  ε=0.050  ret=1.050  score=16.8  buf=100%  updates=42802
  vs Random: 126W/2L/0D | score=22.2±21.2 inv=0.7 played=17.8 lanes=4.6 ddraw=28.0 pts=22
  Self-play: 61W/66L/1D | score=4.8±25.0 inv=0.6 played=14.8 lanes=4.4 ddraw=24.8 pts=5
Step: 5570560  SPS: 1868  ε=0.050  ret=1.079  score=17.2  buf=100%  updates=43442
  vs Random: 127W/1L/0D | score=19.7±18.1 inv=0.5 played=17.2 lanes=4.6 ddraw=27.7 pts=20
  Self-play: 60W/66L/2D | score=3.6±27.1 inv=0.6 played=14.4 lanes=4.4 ddraw=24.9 pts=4
Step: 5652480  SPS: 1868  ε=0.050  ret=0.999  score=13.5  buf=100%  updates=44082
  vs Random: 124W/3L/1D | score=19.5±20.5 inv=0.7 played=17.1 lanes=4.5 ddraw=28.0 pts=19
  Self-play: 67W/61L/0D | score=3.6±29.8 inv=0.7 played=15.0 lanes=4.4 ddraw=24.9 pts=4
Step: 5734400  SPS: 1867  ε=0.050  ret=0.992  score=17.7  buf=100%  updates=44722
  vs Random: 124W/3L/1D | score=18.6±23.1 inv=0.8 played=17.3 lanes=4.6 ddraw=28.1 pts=19
  Self-play: 57W/71L/0D | score=2.1±29.6 inv=0.7 played=14.9 lanes=4.5 ddraw=24.8 pts=2
Step: 5816320  SPS: 1866  ε=0.050  ret=1.050  score=17.8  buf=100%  updates=45362
  vs Random: 124W/4L/0D | score=14.9±20.8 inv=1.0 played=16.9 lanes=4.5 ddraw=27.4 pts=15
  Self-play: 54W/74L/0D | score=-1.8±26.9 inv=0.9 played=15.1 lanes=4.6 ddraw=25.0 pts=-2
Step: 5898240  SPS: 1866  ε=0.050  ret=1.050  score=15.2  buf=100%  updates=46002
  vs Random: 127W/1L/0D | score=17.7±22.6 inv=0.7 played=17.1 lanes=4.6 ddraw=27.2 pts=18
  Self-play: 65W/60L/3D | score=3.3±25.8 inv=0.6 played=14.6 lanes=4.4 ddraw=25.0 pts=3
Step: 5980160  SPS: 1866  ε=0.050  ret=0.966  score=14.5  buf=100%  updates=46642
  vs Random: 124W/3L/1D | score=15.1±24.4 inv=1.0 played=17.2 lanes=4.6 ddraw=28.4 pts=15
  Self-play: 61W/66L/1D | score=2.0±28.2 inv=1.0 played=15.2 lanes=4.5 ddraw=24.8 pts=2
Step: 6062080  SPS: 1866  ε=0.050  ret=1.021  score=11.7  buf=100%  updates=47282
  vs Random: 121W/7L/0D | score=14.0±25.2 inv=0.8 played=17.2 lanes=4.6 ddraw=28.1 pts=14
  Self-play: 61W/65L/2D | score=2.6±29.1 inv=1.1 played=15.2 lanes=4.5 ddraw=24.9 pts=3
Step: 6144000  SPS: 1865  ε=0.050  ret=1.022  score=13.7  buf=100%  updates=47922
  vs Random: 126W/1L/1D | score=19.2±22.1 inv=0.9 played=17.7 lanes=4.6 ddraw=27.9 pts=19
  Self-play: 62W/66L/0D | score=2.7±29.3 inv=0.9 played=14.9 lanes=4.5 ddraw=24.8 pts=3
Step: 6225920  SPS: 1865  ε=0.050  ret=0.923  score=11.9  buf=100%  updates=48562
  vs Random: 125W/3L/0D | score=17.3±22.9 inv=0.8 played=17.5 lanes=4.6 ddraw=28.0 pts=17
  Self-play: 59W/68L/1D | score=-4.3±31.2 inv=0.9 played=14.9 lanes=4.6 ddraw=24.9 pts=-4
Step: 6307840  SPS: 1864  ε=0.050  ret=0.956  score=8.5  buf=100%  updates=49202
  vs Random: 126W/2L/0D | score=12.5±24.5 inv=0.9 played=16.9 lanes=4.6 ddraw=28.3 pts=13
  Self-play: 63W/65L/0D | score=-0.2±26.0 inv=0.9 played=15.1 lanes=4.5 ddraw=25.0 pts=-0
Step: 6389760  SPS: 1864  ε=0.050  ret=0.909  score=11.0  buf=100%  updates=49842
  vs Random: 125W/3L/0D | score=11.1±24.6 inv=1.0 played=17.0 lanes=4.7 ddraw=28.9 pts=11
  Self-play: 64W/63L/1D | score=-2.6±27.0 inv=0.9 played=15.1 lanes=4.6 ddraw=25.2 pts=-3
Step: 6471680  SPS: 1863  ε=0.050  ret=1.023  score=12.6  buf=100%  updates=50482
  vs Random: 123W/5L/0D | score=14.1±23.1 inv=1.1 played=17.1 lanes=4.5 ddraw=27.8 pts=14
  Self-play: 59W/69L/0D | score=0.2±29.8 inv=1.0 played=14.7 lanes=4.3 ddraw=25.2 pts=0
Step: 6553600  SPS: 1863  ε=0.050  ret=0.894  score=6.9  buf=100%  updates=51122
  vs Random: 123W/5L/0D | score=8.2±23.5 inv=0.9 played=16.3 lanes=4.5 ddraw=29.3 pts=8
  Self-play: 63W/64L/1D | score=-0.6±29.8 inv=0.9 played=14.3 lanes=4.3 ddraw=24.7 pts=-1
Step: 6635520  SPS: 1863  ε=0.050  ret=0.976  score=10.7  buf=100%  updates=51762
  vs Random: 125W/3L/0D | score=16.2±21.5 inv=1.0 played=17.3 lanes=4.5 ddraw=28.8 pts=16
  Self-play: 64W/63L/1D | score=1.0±30.7 inv=1.0 played=15.1 lanes=4.5 ddraw=24.7 pts=1
Step: 6717440  SPS: 1863  ε=0.050  ret=0.972  score=12.8  buf=100%  updates=52402
  vs Random: 117W/10L/1D | score=2.2±24.1 inv=1.1 played=16.0 lanes=4.5 ddraw=28.7 pts=2
  Self-play: 56W/71L/1D | score=-3.4±27.3 inv=1.1 played=14.2 lanes=4.3 ddraw=25.1 pts=-3
Step: 6799360  SPS: 1863  ε=0.050  ret=0.962  score=10.2  buf=100%  updates=53042
  vs Random: 118W/9L/1D | score=8.9±23.8 inv=0.9 played=16.6 lanes=4.6 ddraw=28.8 pts=9
  Self-play: 72W/54L/2D | score=2.7±28.6 inv=0.9 played=14.7 lanes=4.3 ddraw=25.0 pts=3
Step: 6881280  SPS: 1863  ε=0.050  ret=0.993  score=5.1  buf=100%  updates=53682
  vs Random: 119W/9L/0D | score=12.0±24.8 inv=1.0 played=16.6 lanes=4.5 ddraw=28.6 pts=12
  Self-play: 60W/67L/1D | score=2.0±29.4 inv=1.1 played=14.5 lanes=4.3 ddraw=24.9 pts=2
Step: 6963200  SPS: 1862  ε=0.050  ret=0.979  score=3.7  buf=100%  updates=54322
  vs Random: 127W/1L/0D | score=11.1±22.7 inv=1.1 played=16.1 lanes=4.4 ddraw=28.4 pts=11
  Self-play: 69W/59L/0D | score=3.7±29.9 inv=1.2 played=14.7 lanes=4.3 ddraw=24.6 pts=4
Step: 7045120  SPS: 1863  ε=0.050  ret=1.013  score=8.4  buf=100%  updates=54962
  vs Random: 124W/4L/0D | score=9.6±23.8 inv=1.1 played=15.5 lanes=4.2 ddraw=28.0 pts=10
  Self-play: 60W/66L/2D | score=0.8±29.8 inv=1.1 played=14.4 lanes=4.3 ddraw=24.8 pts=1
Step: 7127040  SPS: 1864  ε=0.050  ret=0.878  score=9.5  buf=100%  updates=55602
  vs Random: 123W/5L/0D | score=7.7±26.1 inv=1.1 played=15.6 lanes=4.4 ddraw=28.4 pts=8
  Self-play: 63W/63L/2D | score=1.2±28.0 inv=1.1 played=14.2 lanes=4.2 ddraw=25.0 pts=1
Step: 7208960  SPS: 1863  ε=0.050  ret=0.781  score=-2.5  buf=100%  updates=56242
  vs Random: 120W/8L/0D | score=9.5±23.4 inv=1.1 played=15.2 lanes=4.2 ddraw=28.6 pts=10
  Self-play: 70W/58L/0D | score=1.3±26.8 inv=1.0 played=13.6 lanes=4.0 ddraw=24.7 pts=1
Step: 7290880  SPS: 1864  ε=0.050  ret=0.998  score=4.3  buf=100%  updates=56882
  vs Random: 124W/4L/0D | score=8.4±22.3 inv=1.0 played=15.1 lanes=4.2 ddraw=29.0 pts=8
  Self-play: 58W/69L/1D | score=-3.1±30.0 inv=1.1 played=13.5 lanes=4.1 ddraw=24.9 pts=-3
Step: 7372800  SPS: 1863  ε=0.050  ret=0.930  score=6.1  buf=100%  updates=57522
  vs Random: 120W/8L/0D | score=6.1±22.5 inv=0.9 played=14.8 lanes=4.3 ddraw=28.3 pts=6
  Self-play: 69W/56L/3D | score=0.3±28.9 inv=0.9 played=14.1 lanes=4.3 ddraw=24.9 pts=0
Step: 7454720  SPS: 1863  ε=0.050  ret=0.842  score=1.5  buf=100%  updates=58162
  vs Random: 119W/8L/1D | score=10.1±25.7 inv=1.0 played=15.1 lanes=4.2 ddraw=29.3 pts=10
  Self-play: 68W/59L/1D | score=0.3±31.2 inv=1.1 played=13.2 lanes=3.9 ddraw=25.2 pts=0
Step: 7536640  SPS: 1863  ε=0.050  ret=0.923  score=7.2  buf=100%  updates=58802
  vs Random: 116W/12L/0D | score=0.3±23.9 inv=1.3 played=14.6 lanes=4.1 ddraw=29.1 pts=0
  Self-play: 63W/64L/1D | score=0.9±26.4 inv=1.2 played=13.5 lanes=4.0 ddraw=25.2 pts=1
Step: 7618560  SPS: 1862  ε=0.050  ret=0.988  score=0.3  buf=100%  updates=59442
  vs Random: 120W/7L/1D | score=5.5±24.0 inv=1.0 played=14.6 lanes=4.2 ddraw=28.7 pts=5
  Self-play: 71W/57L/0D | score=2.7±25.6 inv=1.1 played=13.2 lanes=3.9 ddraw=24.6 pts=3
Step: 7700480  SPS: 1862  ε=0.050  ret=0.959  score=1.6  buf=100%  updates=60082
  vs Random: 119W/8L/1D | score=3.2±24.7 inv=1.2 played=14.9 lanes=4.2 ddraw=28.8 pts=3
  Self-play: 61W/65L/2D | score=-3.4±28.6 inv=1.2 played=13.5 lanes=4.0 ddraw=25.2 pts=-3
Step: 7782400  SPS: 1862  ε=0.050  ret=0.863  score=-2.7  buf=100%  updates=60722
  vs Random: 119W/9L/0D | score=5.8±26.1 inv=1.0 played=15.5 lanes=4.4 ddraw=28.3 pts=6
  Self-play: 59W/67L/2D | score=0.4±25.6 inv=1.0 played=14.0 lanes=4.1 ddraw=24.4 pts=0
Step: 7864320  SPS: 1863  ε=0.050  ret=0.902  score=2.8  buf=100%  updates=61362
  vs Random: 120W/8L/0D | score=4.1±23.3 inv=1.4 played=14.9 lanes=4.1 ddraw=29.1 pts=4
  Self-play: 65W/62L/1D | score=-2.1±28.5 inv=1.3 played=13.5 lanes=4.0 ddraw=24.9 pts=-2
Step: 7946240  SPS: 1863  ε=0.050  ret=0.884  score=-0.6  buf=100%  updates=62002
  vs Random: 116W/12L/0D | score=-1.3±25.6 inv=1.3 played=14.8 lanes=4.3 ddraw=28.9 pts=-1
  Self-play: 55W/70L/3D | score=-2.8±27.2 inv=1.4 played=13.7 lanes=4.1 ddraw=25.1 pts=-3
Step: 8028160  SPS: 1864  ε=0.050  ret=0.961  score=3.6  buf=100%  updates=62642
  vs Random: 120W/8L/0D | score=0.3±22.8 inv=1.0 played=14.5 lanes=4.2 ddraw=28.0 pts=0
  Self-play: 70W/57L/1D | score=-1.3±27.4 inv=0.9 played=13.4 lanes=4.0 ddraw=24.6 pts=-1
Step: 8110080  SPS: 1864  ε=0.050  ret=0.888  score=-1.4  buf=100%  updates=63282
  vs Random: 115W/12L/1D | score=0.2±24.9 inv=1.3 played=14.7 lanes=4.2 ddraw=28.3 pts=0
  Self-play: 51W/76L/1D | score=-7.0±31.4 inv=1.5 played=12.9 lanes=4.1 ddraw=24.9 pts=-7
Step: 8192000  SPS: 1865  ε=0.050  ret=0.950  score=0.7  buf=100%  updates=63922
  vs Random: 117W/11L/0D | score=6.4±27.2 inv=1.6 played=15.0 lanes=4.1 ddraw=28.5 pts=6
  Self-play: 68W/59L/1D | score=0.8±30.8 inv=1.6 played=13.2 lanes=3.9 ddraw=24.6 pts=1
Step: 8273920  SPS: 1864  ε=0.050  ret=0.984  score=1.9  buf=100%  updates=64562
  vs Random: 117W/11L/0D | score=3.2±25.1 inv=1.1 played=14.9 lanes=4.2 ddraw=28.4 pts=3
  Self-play: 64W/61L/3D | score=-1.7±28.3 inv=1.2 played=13.3 lanes=4.0 ddraw=25.1 pts=-2
Step: 8355840  SPS: 1865  ε=0.050  ret=0.902  score=-0.7  buf=100%  updates=65202
  vs Random: 113W/14L/1D | score=-0.4±25.7 inv=1.7 played=14.7 lanes=4.2 ddraw=29.3 pts=-0
  Self-play: 61W/66L/1D | score=-5.5±28.7 inv=1.6 played=13.4 lanes=4.0 ddraw=25.3 pts=-6
Step: 8437760  SPS: 1865  ε=0.050  ret=0.910  score=2.3  buf=100%  updates=65842
  vs Random: 118W/10L/0D | score=2.9±26.8 inv=1.4 played=14.4 lanes=4.1 ddraw=29.2 pts=3
  Self-play: 58W/69L/1D | score=-7.3±28.8 inv=1.3 played=13.4 lanes=4.1 ddraw=24.7 pts=-7
Step: 8519680  SPS: 1865  ε=0.050  ret=0.830  score=-3.7  buf=100%  updates=66482
  vs Random: 108W/20L/0D | score=-5.1±25.6 inv=1.8 played=12.7 lanes=3.7 ddraw=28.4 pts=-5
  Self-play: 67W/60L/1D | score=-2.1±30.9 inv=1.6 played=11.8 lanes=3.5 ddraw=25.0 pts=-2
Step: 8601600  SPS: 1865  ε=0.050  ret=0.920  score=1.6  buf=100%  updates=67122
  vs Random: 121W/7L/0D | score=6.4±24.0 inv=1.5 played=13.0 lanes=3.6 ddraw=28.3 pts=6
  Self-play: 64W/62L/2D | score=4.0±26.7 inv=1.5 played=12.7 lanes=3.6 ddraw=24.6 pts=4
Step: 8683520  SPS: 1866  ε=0.050  ret=0.901  score=-2.3  buf=100%  updates=67762
  vs Random: 113W/15L/0D | score=-2.0±25.3 inv=1.5 played=13.4 lanes=3.9 ddraw=28.6 pts=-2
  Self-play: 68W/56L/4D | score=1.3±29.2 inv=1.4 played=12.4 lanes=3.6 ddraw=24.6 pts=1
Step: 8765440  SPS: 1866  ε=0.050  ret=0.941  score=-1.6  buf=100%  updates=68402
  vs Random: 115W/11L/2D | score=-1.6±26.4 inv=1.5 played=13.5 lanes=3.9 ddraw=29.2 pts=-2
  Self-play: 65W/62L/1D | score=-3.1±26.7 inv=1.4 played=12.0 lanes=3.6 ddraw=25.1 pts=-3
Step: 8847360  SPS: 1866  ε=0.050  ret=0.866  score=1.6  buf=100%  updates=69042
  vs Random: 118W/9L/1D | score=-0.5±25.5 inv=1.5 played=14.1 lanes=4.1 ddraw=28.9 pts=-1
  Self-play: 61W/64L/3D | score=0.8±28.4 inv=1.5 played=12.4 lanes=3.7 ddraw=24.5 pts=1
Step: 8929280  SPS: 1866  ε=0.050  ret=0.870  score=-1.5  buf=100%  updates=69682
  vs Random: 111W/17L/0D | score=-3.6±26.9 inv=1.6 played=13.7 lanes=4.0 ddraw=28.5 pts=-4
  Self-play: 69W/58L/1D | score=1.8±26.3 inv=1.6 played=12.6 lanes=3.6 ddraw=24.7 pts=2
Step: 9011200  SPS: 1866  ε=0.050  ret=0.853  score=-0.2  buf=100%  updates=70322
  vs Random: 118W/9L/1D | score=1.2±26.0 inv=1.7 played=14.3 lanes=4.0 ddraw=29.5 pts=1
  Self-play: 60W/66L/2D | score=-1.7±29.5 inv=1.7 played=12.7 lanes=3.7 ddraw=25.1 pts=-2
Step: 9093120  SPS: 1866  ε=0.050  ret=0.835  score=-4.2  buf=100%  updates=70962
  vs Random: 113W/15L/0D | score=-0.2±25.0 inv=1.6 played=13.4 lanes=3.9 ddraw=29.4 pts=-0
  Self-play: 66W/62L/0D | score=0.1±27.6 inv=1.6 played=12.4 lanes=3.7 ddraw=24.5 pts=0
Step: 9175040  SPS: 1866  ε=0.050  ret=0.817  score=-2.8  buf=100%  updates=71602
  vs Random: 111W/15L/2D | score=-0.3±27.3 inv=1.9 played=14.5 lanes=4.0 ddraw=29.3 pts=-0
  Self-play: 61W/67L/0D | score=-0.2±29.7 inv=1.9 played=13.3 lanes=3.8 ddraw=24.8 pts=-0
Step: 9256960  SPS: 1867  ε=0.050  ret=0.819  score=-7.1  buf=100%  updates=72242
  vs Random: 108W/20L/0D | score=-4.8±23.3 inv=1.9 played=12.8 lanes=3.7 ddraw=28.7 pts=-5
  Self-play: 63W/64L/1D | score=-4.4±29.3 inv=1.7 played=11.3 lanes=3.4 ddraw=25.1 pts=-4
Step: 9338880  SPS: 1867  ε=0.050  ret=0.836  score=-2.3  buf=100%  updates=72882
  vs Random: 108W/19L/1D | score=-7.9±23.0 inv=1.7 played=12.7 lanes=3.8 ddraw=30.0 pts=-8
  Self-play: 55W/73L/0D | score=-8.4±26.9 inv=1.6 played=11.6 lanes=3.5 ddraw=25.1 pts=-8
Step: 9420800  SPS: 1867  ε=0.050  ret=0.846  score=-3.1  buf=100%  updates=73522
  vs Random: 119W/7L/2D | score=3.4±25.4 inv=1.8 played=14.0 lanes=3.8 ddraw=28.5 pts=3
  Self-play: 62W/64L/2D | score=1.8±29.0 inv=1.7 played=12.6 lanes=3.6 ddraw=24.8 pts=2
Step: 9502720  SPS: 1868  ε=0.050  ret=0.779  score=-6.4  buf=100%  updates=74162
  vs Random: 115W/13L/0D | score=-3.0±26.6 inv=1.8 played=13.8 lanes=4.0 ddraw=28.8 pts=-3
  Self-play: 73W/54L/1D | score=-2.4±30.2 inv=1.8 played=12.3 lanes=3.6 ddraw=24.9 pts=-2
Step: 9584640  SPS: 1868  ε=0.050  ret=0.881  score=-0.5  buf=100%  updates=74802
  vs Random: 111W/17L/0D | score=-0.3±26.6 inv=2.0 played=13.9 lanes=3.9 ddraw=28.9 pts=-0
  Self-play: 53W/74L/1D | score=-0.8±29.8 inv=2.0 played=12.2 lanes=3.5 ddraw=25.2 pts=-1
Step: 9666560  SPS: 1869  ε=0.050  ret=0.703  score=-4.0  buf=100%  updates=75442
  vs Random: 108W/19L/1D | score=-3.9±27.3 inv=2.0 played=12.9 lanes=3.7 ddraw=29.3 pts=-4
  Self-play: 60W/66L/2D | score=-2.0±30.6 inv=2.0 played=11.8 lanes=3.5 ddraw=25.1 pts=-2
Step: 9748480  SPS: 1869  ε=0.050  ret=0.854  score=-8.7  buf=100%  updates=76082
  vs Random: 109W/19L/0D | score=-7.2±25.5 inv=1.7 played=12.9 lanes=3.9 ddraw=29.3 pts=-7
  Self-play: 60W/66L/2D | score=-5.3±28.1 inv=1.6 played=11.6 lanes=3.5 ddraw=25.0 pts=-5
Step: 9830400  SPS: 1869  ε=0.050  ret=0.722  score=-8.1  buf=100%  updates=76722
  vs Random: 112W/15L/1D | score=1.2±24.2 inv=1.8 played=14.2 lanes=4.0 ddraw=29.0 pts=1
  Self-play: 66W/60L/2D | score=1.3±27.1 inv=1.8 played=12.4 lanes=3.6 ddraw=24.5 pts=1
Step: 9912320  SPS: 1870  ε=0.050  ret=0.826  score=-3.8  buf=100%  updates=77362
  vs Random: 102W/26L/0D | score=-5.8±30.4 inv=1.9 played=13.0 lanes=3.8 ddraw=30.0 pts=-6
  Self-play: 72W/56L/0D | score=4.0±27.7 inv=1.9 played=12.1 lanes=3.4 ddraw=24.8 pts=4
Step: 9994240  SPS: 1870  ε=0.050  ret=0.870  score=-3.6  buf=100%  updates=78002
  vs Random: 115W/12L/1D | score=3.1±25.1 inv=2.0 played=13.1 lanes=3.7 ddraw=29.6 pts=3
  Self-play: 67W/60L/1D | score=-3.2±26.2 inv=1.8 played=11.6 lanes=3.4 ddraw=25.0 pts=-3
Step: 10076160  SPS: 1869  ε=0.050  ret=0.659  score=-8.0  buf=100%  updates=78642
  vs Random: 104W/22L/2D | score=-6.9±27.1 inv=2.0 played=12.5 lanes=3.7 ddraw=29.2 pts=-7
  Self-play: 63W/65L/0D | score=-3.9±30.3 inv=1.7 played=11.7 lanes=3.5 ddraw=24.8 pts=-4
Step: 10158080  SPS: 1870  ε=0.050  ret=0.833  score=-5.8  buf=100%  updates=79282
  vs Random: 114W/14L/0D | score=-5.1±27.1 inv=2.0 played=13.9 lanes=4.0 ddraw=29.4 pts=-5
  Self-play: 62W/65L/1D | score=-2.4±27.3 inv=1.8 played=13.0 lanes=3.8 ddraw=25.0 pts=-2
Step: 10240000  SPS: 1870  ε=0.050  ret=0.895  score=-2.9  buf=100%  updates=79922
  vs Random: 104W/22L/2D | score=-6.3±24.5 inv=1.9 played=12.2 lanes=3.6 ddraw=28.3 pts=-6
  Self-play: 59W/68L/1D | score=-3.2±28.7 inv=1.9 played=11.8 lanes=3.5 ddraw=24.7 pts=-3
Step: 10321920  SPS: 1870  ε=0.050  ret=0.721  score=-6.4  buf=100%  updates=80562
  vs Random: 113W/14L/1D | score=1.5±25.4 inv=1.9 played=14.4 lanes=4.0 ddraw=29.1 pts=2
  Self-play: 65W/62L/1D | score=1.0±30.2 inv=1.7 played=13.4 lanes=3.9 ddraw=24.7 pts=1
Step: 10403840  SPS: 1871  ε=0.050  ret=0.837  score=-5.5  buf=100%  updates=81202
  vs Random: 110W/17L/1D | score=-4.7±26.6 inv=2.0 played=13.2 lanes=3.8 ddraw=29.6 pts=-5
  Self-play: 67W/60L/1D | score=-5.4±30.7 inv=1.9 played=11.5 lanes=3.4 ddraw=25.1 pts=-5
Step: 10485760  SPS: 1871  ε=0.050  ret=0.721  score=-7.3  buf=100%  updates=81842
  vs Random: 115W/11L/2D | score=-5.6±22.7 inv=2.2 played=12.2 lanes=3.6 ddraw=29.7 pts=-6
  Self-play: 66W/61L/1D | score=-4.7±29.5 inv=1.9 played=11.5 lanes=3.4 ddraw=24.9 pts=-5
Step: 10567680  SPS: 1872  ε=0.050  ret=0.617  score=-12.8  buf=100%  updates=82482
  vs Random: 106W/20L/2D | score=-3.4±26.8 inv=2.1 played=13.4 lanes=3.8 ddraw=28.6 pts=-3
  Self-play: 65W/61L/2D | score=-2.0±30.3 inv=2.0 played=12.4 lanes=3.6 ddraw=25.2 pts=-2
Step: 10649600  SPS: 1872  ε=0.050  ret=0.846  score=-4.3  buf=100%  updates=83122
  vs Random: 109W/19L/0D | score=-7.6±25.8 inv=2.1 played=13.2 lanes=3.9 ddraw=29.8 pts=-8
  Self-play: 64W/64L/0D | score=-11.7±28.9 inv=1.9 played=12.0 lanes=3.8 ddraw=24.9 pts=-12
Step: 10731520  SPS: 1872  ε=0.050  ret=0.750  score=-6.4  buf=100%  updates=83762
  vs Random: 116W/12L/0D | score=-0.8±26.4 inv=2.0 played=13.2 lanes=3.8 ddraw=29.4 pts=-1
  Self-play: 60W/65L/3D | score=-8.5±26.2 inv=1.9 played=12.3 lanes=3.7 ddraw=25.2 pts=-8
Step: 10813440  SPS: 1872  ε=0.050  ret=0.682  score=-11.4  buf=100%  updates=84402
  vs Random: 105W/23L/0D | score=-6.8±27.0 inv=2.1 played=12.7 lanes=3.7 ddraw=28.4 pts=-7
  Self-play: 69W/59L/0D | score=-6.1±34.6 inv=2.1 played=12.3 lanes=3.6 ddraw=25.0 pts=-6
Step: 10895360  SPS: 1872  ε=0.050  ret=0.804  score=-5.2  buf=100%  updates=85042
  vs Random: 106W/19L/3D | score=-7.7±27.9 inv=2.1 played=11.9 lanes=3.5 ddraw=28.7 pts=-8
  Self-play: 68W/60L/0D | score=-7.1±31.0 inv=1.9 played=12.0 lanes=3.6 ddraw=25.0 pts=-7
Step: 10977280  SPS: 1873  ε=0.050  ret=0.823  score=-3.6  buf=100%  updates=85682
  vs Random: 101W/25L/2D | score=-9.8±29.5 inv=2.3 played=13.1 lanes=3.9 ddraw=28.9 pts=-10
  Self-play: 66W/60L/2D | score=-9.7±31.7 inv=2.0 played=11.4 lanes=3.5 ddraw=24.8 pts=-10
Step: 11059200  SPS: 1873  ε=0.050  ret=0.733  score=-5.4  buf=100%  updates=86322
  vs Random: 108W/19L/1D | score=-5.4±26.9 inv=1.9 played=12.5 lanes=3.8 ddraw=29.8 pts=-5
  Self-play: 56W/71L/1D | score=-13.8±26.1 inv=1.9 played=10.6 lanes=3.5 ddraw=24.8 pts=-14
Step: 11141120  SPS: 1873  ε=0.050  ret=0.796  score=-6.7  buf=100%  updates=86962
  vs Random: 111W/17L/0D | score=-6.2±27.0 inv=1.9 played=12.2 lanes=3.6 ddraw=29.1 pts=-6
  Self-play: 61W/67L/0D | score=-17.4±28.4 inv=1.8 played=10.2 lanes=3.4 ddraw=24.8 pts=-17
Step: 11223040  SPS: 1873  ε=0.050  ret=0.723  score=-10.3  buf=100%  updates=87602
  vs Random: 107W/20L/1D | score=-2.1±29.4 inv=2.1 played=13.2 lanes=3.8 ddraw=29.3 pts=-2
  Self-play: 65W/62L/1D | score=-7.9±29.1 inv=2.1 played=11.8 lanes=3.5 ddraw=25.0 pts=-8
Step: 11304960  SPS: 1874  ε=0.050  ret=0.810  score=-4.5  buf=100%  updates=88242
  vs Random: 107W/20L/1D | score=-10.0±26.1 inv=2.2 played=11.9 lanes=3.5 ddraw=29.6 pts=-10
  Self-play: 59W/66L/3D | score=-18.1±31.6 inv=2.2 played=11.1 lanes=3.4 ddraw=24.7 pts=-18
Step: 11386880  SPS: 1874  ε=0.050  ret=0.555  score=-10.6  buf=100%  updates=88882
  vs Random: 105W/23L/0D | score=-6.6±28.4 inv=2.1 played=11.8 lanes=3.4 ddraw=28.9 pts=-7
  Self-play: 58W/69L/1D | score=-17.5±26.8 inv=2.1 played=10.0 lanes=3.2 ddraw=24.7 pts=-17
Step: 11468800  SPS: 1874  ε=0.050  ret=0.790  score=-7.6  buf=100%  updates=89522
  vs Random: 110W/18L/0D | score=-0.2±28.2 inv=2.2 played=13.1 lanes=3.6 ddraw=28.5 pts=-0
  Self-play: 71W/56L/1D | score=-6.6±31.5 inv=2.1 played=11.7 lanes=3.4 ddraw=24.9 pts=-7
Step: 11550720  SPS: 1874  ε=0.050  ret=0.792  score=-6.2  buf=100%  updates=90162
  vs Random: 103W/25L/0D | score=-8.4±29.7 inv=2.2 played=11.9 lanes=3.5 ddraw=29.0 pts=-8
  Self-play: 57W/70L/1D | score=-17.6±26.5 inv=2.1 played=10.1 lanes=3.3 ddraw=25.2 pts=-18
Step: 11632640  SPS: 1874  ε=0.050  ret=0.706  score=-7.7  buf=100%  updates=90802
  vs Random: 112W/16L/0D | score=-3.5±27.5 inv=2.2 played=13.0 lanes=3.6 ddraw=29.8 pts=-4
  Self-play: 70W/58L/0D | score=-6.2±33.0 inv=2.3 played=12.4 lanes=3.6 ddraw=24.9 pts=-6
Step: 11714560  SPS: 1874  ε=0.050  ret=0.746  score=-6.9  buf=100%  updates=91442
  vs Random: 97W/30L/1D | score=-9.2±28.5 inv=2.3 played=12.6 lanes=3.7 ddraw=29.9 pts=-9
  Self-play: 63W/63L/2D | score=-10.7±33.3 inv=2.1 played=11.3 lanes=3.4 ddraw=25.0 pts=-11
Step: 11796480  SPS: 1874  ε=0.050  ret=0.705  score=-6.5  buf=100%  updates=92082
  vs Random: 115W/12L/1D | score=-1.2±26.0 inv=2.1 played=12.7 lanes=3.5 ddraw=28.8 pts=-1
  Self-play: 62W/66L/0D | score=-13.9±31.3 inv=2.1 played=11.3 lanes=3.6 ddraw=25.4 pts=-14
Step: 11878400  SPS: 1874  ε=0.050  ret=0.786  score=-12.3  buf=100%  updates=92722
  vs Random: 108W/19L/1D | score=-5.0±25.6 inv=2.4 played=13.7 lanes=3.9 ddraw=29.3 pts=-5
  Self-play: 69W/57L/2D | score=-1.2±30.6 inv=2.2 played=12.9 lanes=3.6 ddraw=25.1 pts=-1
Step: 11960320  SPS: 1874  ε=0.050  ret=0.744  score=-8.0  buf=100%  updates=93362
  vs Random: 116W/11L/1D | score=-1.9±27.1 inv=2.1 played=12.8 lanes=3.6 ddraw=29.9 pts=-2
  Self-play: 56W/72L/0D | score=-12.5±33.3 inv=2.1 played=10.7 lanes=3.3 ddraw=24.7 pts=-13
Step: 12042240  SPS: 1874  ε=0.050  ret=0.727  score=-9.9  buf=100%  updates=94002
  vs Random: 98W/28L/2D | score=-8.8±27.6 inv=2.2 played=11.8 lanes=3.5 ddraw=29.6 pts=-9
  Self-play: 52W/73L/3D | score=-14.2±33.3 inv=1.9 played=11.0 lanes=3.5 ddraw=24.8 pts=-14
Step: 12124160  SPS: 1874  ε=0.050  ret=0.739  score=-6.9  buf=100%  updates=94642
  vs Random: 114W/14L/0D | score=2.2±26.0 inv=2.2 played=13.4 lanes=3.6 ddraw=29.0 pts=2
  Self-play: 73W/54L/1D | score=-8.1±33.3 inv=2.1 played=11.5 lanes=3.4 ddraw=24.8 pts=-8
Step: 12206080  SPS: 1874  ε=0.050  ret=0.744  score=-4.6  buf=100%  updates=95282
  vs Random: 115W/13L/0D | score=-1.1±25.1 inv=2.3 played=13.3 lanes=3.7 ddraw=29.3 pts=-1
  Self-play: 56W/71L/1D | score=-2.4±29.8 inv=2.1 played=12.1 lanes=3.5 ddraw=24.7 pts=-2
Step: 12288000  SPS: 1875  ε=0.050  ret=0.742  score=-2.9  buf=100%  updates=95922
  vs Random: 111W/15L/2D | score=4.0±27.1 inv=2.2 played=13.6 lanes=3.7 ddraw=30.3 pts=4
  Self-play: 57W/68L/3D | score=-4.8±30.6 inv=2.1 played=12.4 lanes=3.6 ddraw=24.6 pts=-5
Step: 12369920  SPS: 1875  ε=0.050  ret=0.727  score=-2.2  buf=100%  updates=96562
  vs Random: 107W/19L/2D | score=-0.4±27.7 inv=2.1 played=12.3 lanes=3.4 ddraw=29.8 pts=-0
  Self-play: 55W/72L/1D | score=-3.8±28.4 inv=1.9 played=12.8 lanes=3.7 ddraw=24.9 pts=-4
Step: 12451840  SPS: 1875  ε=0.050  ret=0.743  score=-3.1  buf=100%  updates=97202
  vs Random: 110W/18L/0D | score=1.1±31.5 inv=2.2 played=13.4 lanes=3.7 ddraw=30.0 pts=1
  Self-play: 64W/60L/4D | score=-1.5±29.2 inv=2.2 played=12.4 lanes=3.5 ddraw=24.7 pts=-2
Step: 12533760  SPS: 1876  ε=0.050  ret=0.889  score=1.1  buf=100%  updates=97842
  vs Random: 115W/12L/1D | score=-0.3±27.3 inv=2.1 played=12.8 lanes=3.6 ddraw=29.3 pts=-0
  Self-play: 54W/72L/2D | score=-1.4±31.6 inv=2.1 played=12.4 lanes=3.6 ddraw=24.9 pts=-1
Step: 12615680  SPS: 1876  ε=0.050  ret=0.700  score=-5.0  buf=100%  updates=98482
  vs Random: 104W/24L/0D | score=3.3±29.4 inv=2.0 played=13.8 lanes=3.8 ddraw=29.6 pts=3
  Self-play: 60W/67L/1D | score=3.0±29.8 inv=1.9 played=13.2 lanes=3.7 ddraw=24.8 pts=3
Step: 12697600  SPS: 1876  ε=0.050  ret=0.768  score=-3.8  buf=100%  updates=99122
  vs Random: 114W/14L/0D | score=1.3±24.3 inv=2.2 played=13.2 lanes=3.7 ddraw=29.6 pts=1
  Self-play: 64W/62L/2D | score=-8.0±27.9 inv=2.2 played=12.1 lanes=3.6 ddraw=25.0 pts=-8
Step: 12779520  SPS: 1876  ε=0.050  ret=0.755  score=-1.6  buf=100%  updates=99762
  vs Random: 113W/15L/0D | score=3.4±29.1 inv=2.2 played=13.5 lanes=3.6 ddraw=29.4 pts=3
  Self-play: 67W/60L/1D | score=5.1±35.7 inv=2.2 played=13.5 lanes=3.6 ddraw=25.1 pts=5
Step: 12861440  SPS: 1876  ε=0.050  ret=0.669  score=-6.8  buf=100%  updates=100402
  vs Random: 111W/17L/0D | score=3.1±30.3 inv=2.3 played=13.8 lanes=3.7 ddraw=30.0 pts=3
  Self-play: 64W/63L/1D | score=5.3±30.6 inv=2.3 played=13.4 lanes=3.6 ddraw=25.0 pts=5
Step: 12943360  SPS: 1876  ε=0.050  ret=0.863  score=4.2  buf=100%  updates=101042
  vs Random: 115W/12L/1D | score=2.4±27.1 inv=2.1 played=13.5 lanes=3.7 ddraw=30.2 pts=2
  Self-play: 59W/68L/1D | score=-0.7±34.9 inv=2.2 played=13.2 lanes=3.6 ddraw=25.1 pts=-1
Step: 13025280  SPS: 1876  ε=0.050  ret=0.655  score=-6.0  buf=100%  updates=101682
  vs Random: 113W/14L/1D | score=5.1±32.2 inv=2.3 played=13.4 lanes=3.6 ddraw=29.3 pts=5
  Self-play: 58W/67L/3D | score=0.7±29.9 inv=2.2 played=12.7 lanes=3.6 ddraw=24.9 pts=1
Step: 13107200  SPS: 1876  ε=0.050  ret=0.893  score=0.8  buf=100%  updates=102322
  vs Random: 106W/22L/0D | score=1.0±31.6 inv=2.2 played=13.2 lanes=3.7 ddraw=29.4 pts=1
  Self-play: 66W/60L/2D | score=3.8±31.6 inv=2.1 played=13.4 lanes=3.7 ddraw=24.7 pts=4
Step: 13189120  SPS: 1877  ε=0.050  ret=0.848  score=-5.0  buf=100%  updates=102962
  vs Random: 115W/10L/3D | score=7.3±30.4 inv=2.3 played=14.0 lanes=3.8 ddraw=30.0 pts=7
  Self-play: 60W/67L/1D | score=-1.7±28.8 inv=2.2 played=12.9 lanes=3.7 ddraw=25.1 pts=-2
Step: 13271040  SPS: 1877  ε=0.050  ret=0.867  score=1.1  buf=100%  updates=103602
  vs Random: 118W/10L/0D | score=6.6±25.0 inv=2.2 played=12.7 lanes=3.3 ddraw=30.5 pts=7
  Self-play: 65W/62L/1D | score=0.1±30.0 inv=2.1 played=12.5 lanes=3.5 ddraw=24.6 pts=0
Step: 13352960  SPS: 1878  ε=0.050  ret=0.783  score=1.6  buf=100%  updates=104242
  vs Random: 119W/9L/0D | score=7.5±26.4 inv=2.2 played=13.2 lanes=3.5 ddraw=29.7 pts=7
  Self-play: 62W/66L/0D | score=3.2±27.8 inv=2.2 played=12.8 lanes=3.5 ddraw=25.3 pts=3
Step: 13434880  SPS: 1878  ε=0.050  ret=0.967  score=1.3  buf=100%  updates=104882
  vs Random: 119W/7L/2D | score=7.8±25.9 inv=2.0 played=13.3 lanes=3.6 ddraw=29.5 pts=8
  Self-play: 64W/62L/2D | score=7.3±29.6 inv=2.0 played=12.9 lanes=3.5 ddraw=24.8 pts=7
Step: 13516800  SPS: 1878  ε=0.050  ret=0.898  score=7.6  buf=100%  updates=105522
  vs Random: 113W/15L/0D | score=1.8±29.3 inv=1.9 played=12.5 lanes=3.5 ddraw=30.0 pts=2
  Self-play: 61W/67L/0D | score=-2.6±31.3 inv=2.1 played=12.0 lanes=3.4 ddraw=25.1 pts=-3
Step: 13598720  SPS: 1878  ε=0.050  ret=0.986  score=3.1  buf=100%  updates=106162
  vs Random: 119W/8L/1D | score=8.1±28.1 inv=2.1 played=13.5 lanes=3.6 ddraw=29.6 pts=8
  Self-play: 65W/63L/0D | score=10.9±33.1 inv=1.9 played=13.7 lanes=3.6 ddraw=25.2 pts=11
Step: 13680640  SPS: 1878  ε=0.050  ret=0.719  score=-0.4  buf=100%  updates=106802
  vs Random: 113W/14L/1D | score=8.7±29.1 inv=2.1 played=13.9 lanes=3.7 ddraw=30.1 pts=9
  Self-play: 68W/60L/0D | score=11.2±32.7 inv=1.9 played=13.8 lanes=3.7 ddraw=24.6 pts=11
Step: 13762560  SPS: 1878  ε=0.050  ret=0.857  score=1.3  buf=100%  updates=107442
  vs Random: 112W/16L/0D | score=5.8±27.3 inv=2.3 played=13.6 lanes=3.6 ddraw=30.1 pts=6
  Self-play: 56W/70L/2D | score=10.2±33.1 inv=2.2 played=14.1 lanes=3.7 ddraw=25.0 pts=10
Step: 13844480  SPS: 1878  ε=0.050  ret=0.825  score=5.7  buf=100%  updates=108082
  vs Random: 118W/10L/0D | score=12.3±26.9 inv=2.2 played=14.1 lanes=3.6 ddraw=30.0 pts=12
  Self-play: 58W/69L/1D | score=9.6±31.8 inv=2.2 played=13.9 lanes=3.7 ddraw=24.9 pts=10
Step: 13926400  SPS: 1879  ε=0.050  ret=0.742  score=1.4  buf=100%  updates=108722
  vs Random: 114W/14L/0D | score=10.0±34.0 inv=2.2 played=14.5 lanes=3.9 ddraw=30.6 pts=10
  Self-play: 64W/61L/3D | score=9.4±30.3 inv=2.1 played=14.7 lanes=4.0 ddraw=24.4 pts=9
Step: 14008320  SPS: 1879  ε=0.050  ret=0.909  score=9.1  buf=100%  updates=109362
  vs Random: 115W/12L/1D | score=14.7±29.3 inv=2.5 played=15.7 lanes=4.0 ddraw=30.5 pts=15
  Self-play: 64W/63L/1D | score=14.8±31.5 inv=2.2 played=15.8 lanes=4.1 ddraw=25.2 pts=15
Step: 14090240  SPS: 1879  ε=0.050  ret=0.956  score=10.1  buf=100%  updates=110002
  vs Random: 118W/10L/0D | score=10.2±27.9 inv=2.5 played=14.7 lanes=3.8 ddraw=30.2 pts=10
  Self-play: 62W/66L/0D | score=13.5±30.3 inv=2.2 played=15.5 lanes=4.0 ddraw=25.1 pts=13
Step: 14172160  SPS: 1879  ε=0.050  ret=0.931  score=10.8  buf=100%  updates=110642
  vs Random: 118W/9L/1D | score=14.4±28.5 inv=2.3 played=14.6 lanes=3.8 ddraw=29.6 pts=14
  Self-play: 57W/70L/1D | score=12.2±28.9 inv=2.1 played=14.3 lanes=3.8 ddraw=25.1 pts=12
Step: 14254080  SPS: 1879  ε=0.050  ret=0.889  score=8.6  buf=100%  updates=111282
  vs Random: 116W/12L/0D | score=12.8±29.8 inv=2.4 played=15.0 lanes=3.8 ddraw=29.2 pts=13
  Self-play: 62W/65L/1D | score=13.7±29.8 inv=2.1 played=15.4 lanes=4.0 ddraw=25.6 pts=14
Step: 14336000  SPS: 1879  ε=0.050  ret=0.804  score=7.6  buf=100%  updates=111922
  vs Random: 116W/11L/1D | score=14.4±29.3 inv=2.4 played=14.1 lanes=3.6 ddraw=29.2 pts=14
  Self-play: 61W/66L/1D | score=13.8±29.7 inv=2.3 played=15.1 lanes=4.0 ddraw=25.2 pts=14
Step: 14417920  SPS: 1879  ε=0.050  ret=0.876  score=11.2  buf=100%  updates=112562
  vs Random: 119W/8L/1D | score=19.5±30.6 inv=2.2 played=16.0 lanes=4.1 ddraw=30.0 pts=20
  Self-play: 67W/61L/0D | score=14.3±30.3 inv=2.1 played=16.0 lanes=4.2 ddraw=24.9 pts=14
Step: 14499840  SPS: 1879  ε=0.050  ret=0.851  score=17.4  buf=100%  updates=113202
  vs Random: 125W/2L/1D | score=23.7±27.0 inv=2.3 played=16.3 lanes=4.0 ddraw=30.6 pts=24
  Self-play: 59W/65L/4D | score=15.5±27.3 inv=2.2 played=16.6 lanes=4.3 ddraw=24.4 pts=15
Step: 14581760  SPS: 1879  ε=0.050  ret=0.982  score=17.6  buf=100%  updates=113842
  vs Random: 121W/7L/0D | score=17.8±31.2 inv=2.4 played=16.1 lanes=4.1 ddraw=30.4 pts=18
  Self-play: 62W/66L/0D | score=11.0±29.2 inv=2.0 played=15.9 lanes=4.2 ddraw=24.8 pts=11
Step: 14663680  SPS: 1879  ε=0.050  ret=0.945  score=14.6  buf=100%  updates=114482
  vs Random: 119W/9L/0D | score=19.4±30.9 inv=2.3 played=15.4 lanes=3.8 ddraw=29.9 pts=19
  Self-play: 68W/60L/0D | score=18.5±29.7 inv=2.1 played=15.9 lanes=4.1 ddraw=24.8 pts=19
Step: 14745600  SPS: 1879  ε=0.050  ret=0.920  score=16.6  buf=100%  updates=115122
  vs Random: 125W/2L/1D | score=24.8±29.2 inv=2.5 played=17.0 lanes=4.1 ddraw=29.4 pts=25
  Self-play: 66W/62L/0D | score=14.9±31.5 inv=2.2 played=16.9 lanes=4.4 ddraw=24.8 pts=15
Step: 14827520  SPS: 1879  ε=0.050  ret=0.937  score=14.6  buf=100%  updates=115762
  vs Random: 117W/11L/0D | score=20.7±29.0 inv=2.5 played=16.5 lanes=4.0 ddraw=29.7 pts=21
  Self-play: 60W/67L/1D | score=13.8±32.4 inv=2.4 played=17.3 lanes=4.5 ddraw=25.2 pts=14
Step: 14909440  SPS: 1879  ε=0.050  ret=1.022  score=22.5  buf=100%  updates=116402
  vs Random: 121W/7L/0D | score=25.2±28.5 inv=2.5 played=17.9 lanes=4.4 ddraw=29.4 pts=25
  Self-play: 66W/62L/0D | score=14.3±32.7 inv=2.4 played=17.1 lanes=4.4 ddraw=25.2 pts=14
Step: 14991360  SPS: 1879  ε=0.050  ret=0.921  score=21.2  buf=100%  updates=117042
  vs Random: 119W/9L/0D | score=23.6±32.3 inv=2.5 played=17.7 lanes=4.3 ddraw=29.7 pts=24
  Self-play: 58W/69L/1D | score=13.7±30.7 inv=2.2 played=17.3 lanes=4.6 ddraw=24.7 pts=14
Step: 15073280  SPS: 1879  ε=0.050  ret=0.953  score=18.5  buf=100%  updates=117682
  vs Random: 117W/10L/1D | score=21.6±34.5 inv=2.7 played=17.7 lanes=4.3 ddraw=29.3 pts=22
  Self-play: 60W/68L/0D | score=18.5±36.5 inv=2.3 played=16.8 lanes=4.3 ddraw=24.9 pts=19
Step: 15155200  SPS: 1879  ε=0.050  ret=0.999  score=23.8  buf=100%  updates=118322
  vs Random: 117W/10L/1D | score=23.6±34.2 inv=2.6 played=17.5 lanes=4.2 ddraw=29.4 pts=24
  Self-play: 68W/60L/0D | score=15.9±32.8 inv=2.2 played=17.2 lanes=4.5 ddraw=25.3 pts=16
Step: 15237120  SPS: 1879  ε=0.050  ret=0.948  score=26.7  buf=100%  updates=118962
  vs Random: 118W/9L/1D | score=24.9±29.3 inv=2.6 played=17.8 lanes=4.3 ddraw=29.1 pts=25
  Self-play: 46W/55L/0D | score=9.9±34.9 inv=2.4 played=17.3 lanes=4.6 ddraw=24.5 pts=10
Step: 15319040  SPS: 1879  ε=0.050  ret=1.008  score=31.1  buf=100%  updates=119602
  vs Random: 121W/7L/0D | score=34.1±31.1 inv=2.4 played=18.1 lanes=4.2 ddraw=29.8 pts=34
  Self-play: 64W/64L/0D | score=18.1±34.4 inv=2.3 played=17.4 lanes=4.5 ddraw=24.7 pts=18
Step: 15400960  SPS: 1878  ε=0.050  ret=0.958  score=25.9  buf=100%  updates=120242
  vs Random: 125W/3L/0D | score=33.3±24.3 inv=2.3 played=18.4 lanes=4.3 ddraw=28.7 pts=33
  Self-play: 57W/71L/0D | score=17.0±33.9 inv=2.3 played=17.9 lanes=4.6 ddraw=24.8 pts=17
Step: 15482880  SPS: 1878  ε=0.050  ret=1.004  score=27.8  buf=100%  updates=120882
  vs Random: 120W/8L/0D | score=26.5±30.7 inv=2.5 played=17.5 lanes=4.2 ddraw=29.3 pts=27
  Self-play: 63W/64L/1D | score=13.4±32.7 inv=2.4 played=17.7 lanes=4.6 ddraw=24.9 pts=13
Step: 15564800  SPS: 1878  ε=0.050  ret=0.982  score=30.3  buf=100%  updates=121522
  vs Random: 115W/12L/1D | score=24.1±38.2 inv=2.5 played=18.0 lanes=4.3 ddraw=29.8 pts=24
  Self-play: 40W/59L/1D | score=12.5±35.1 inv=2.2 played=17.9 lanes=4.7 ddraw=24.8 pts=12
Step: 15646720  SPS: 1877  ε=0.050  ret=0.977  score=24.9  buf=100%  updates=122162
  vs Random: 121W/7L/0D | score=33.5±31.2 inv=2.6 played=19.2 lanes=4.5 ddraw=28.9 pts=34
  Self-play: 51W/50L/0D | score=17.6±35.9 inv=2.3 played=18.7 lanes=4.7 ddraw=24.0 pts=18
Step: 15728640  SPS: 1877  ε=0.050  ret=1.032  score=31.6  buf=100%  updates=122802
  vs Random: 121W/7L/0D | score=28.7±34.5 inv=2.6 played=17.9 lanes=4.3 ddraw=29.1 pts=29
  Self-play: 50W/49L/1D | score=17.5±36.6 inv=2.4 played=18.2 lanes=4.6 ddraw=24.8 pts=17
Step: 15810560  SPS: 1877  ε=0.050  ret=1.012  score=25.4  buf=100%  updates=123442
  vs Random: 125W/3L/0D | score=35.3±27.5 inv=2.6 played=19.5 lanes=4.5 ddraw=28.9 pts=35
  Self-play: 41W/59L/0D | score=14.3±35.7 inv=2.4 played=18.2 lanes=4.7 ddraw=24.4 pts=14
Step: 15892480  SPS: 1877  ε=0.050  ret=0.956  score=34.9  buf=100%  updates=124082
  vs Random: 124W/4L/0D | score=39.2±28.9 inv=2.6 played=20.0 lanes=4.5 ddraw=29.0 pts=39
  Self-play: 48W/53L/0D | score=17.5±36.1 inv=2.4 played=18.3 lanes=4.6 ddraw=24.7 pts=18
Step: 15974400  SPS: 1877  ε=0.050  ret=0.990  score=30.4  buf=100%  updates=124722
  vs Random: 126W/2L/0D | score=36.0±27.4 inv=2.4 played=19.4 lanes=4.4 ddraw=29.4 pts=36
  Self-play: 51W/48L/1D | score=15.9±37.0 inv=2.4 played=18.0 lanes=4.6 ddraw=24.8 pts=16
Step: 16056320  SPS: 1877  ε=0.050  ret=0.954  score=28.2  buf=100%  updates=125362
  vs Random: 124W/4L/0D | score=37.1±31.1 inv=2.9 played=19.3 lanes=4.4 ddraw=28.8 pts=37
  Self-play: 45W/55L/0D | score=14.7±34.7 inv=2.5 played=18.2 lanes=4.7 ddraw=24.3 pts=15
Step: 16138240  SPS: 1877  ε=0.050  ret=1.028  score=32.0  buf=100%  updates=126002
  vs Random: 97W/3L/0D | score=38.1±30.6 inv=2.7 played=20.0 lanes=4.5 ddraw=29.5 pts=38
  Self-play: 43W/57L/0D | score=15.0±35.4 inv=2.4 played=18.0 lanes=4.7 ddraw=24.9 pts=15
Step: 16220160  SPS: 1877  ε=0.050  ret=1.066  score=34.4  buf=100%  updates=126642
  vs Random: 123W/5L/0D | score=35.7±29.0 inv=2.6 played=19.5 lanes=4.5 ddraw=29.3 pts=36
  Self-play: 50W/50L/0D | score=14.5±39.1 inv=2.5 played=18.5 lanes=4.7 ddraw=24.7 pts=14
Step: 16302080  SPS: 1877  ε=0.050  ret=0.998  score=36.6  buf=100%  updates=127282
  vs Random: 122W/6L/0D | score=35.5±29.8 inv=2.9 played=19.5 lanes=4.5 ddraw=29.2 pts=35
  Self-play: 50W/49L/1D | score=15.2±40.0 inv=2.6 played=18.5 lanes=4.8 ddraw=23.9 pts=15
Step: 16384000  SPS: 1877  ε=0.050  ret=1.030  score=34.2  buf=100%  updates=127922
  vs Random: 126W/2L/0D | score=41.7±27.9 inv=2.6 played=20.7 lanes=4.7 ddraw=29.1 pts=42
  Self-play: 49W/49L/2D | score=15.7±41.1 inv=2.6 played=18.8 lanes=4.8 ddraw=24.0 pts=16
Step: 16465920  SPS: 1877  ε=0.050  ret=1.020  score=32.3  buf=100%  updates=128562
  vs Random: 128W/0L/0D | score=42.8±25.6 inv=2.9 played=20.2 lanes=4.5 ddraw=29.5 pts=43
  Self-play: 59W/41L/0D | score=26.5±40.6 inv=2.7 played=19.1 lanes=4.7 ddraw=24.1 pts=26
Step: 16547840  SPS: 1877  ε=0.050  ret=1.014  score=31.3  buf=100%  updates=129202
  vs Random: 125W/3L/0D | score=41.0±32.2 inv=2.8 played=20.4 lanes=4.6 ddraw=28.7 pts=41
  Self-play: 52W/47L/1D | score=22.6±47.3 inv=2.8 played=19.3 lanes=4.7 ddraw=23.0 pts=23
Step: 16629760  SPS: 1877  ε=0.050  ret=1.030  score=35.0  buf=100%  updates=129842
  vs Random: 126W/2L/0D | score=35.6±29.5 inv=2.8 played=20.3 lanes=4.6 ddraw=29.4 pts=36
  Self-play: 48W/54L/0D | score=19.8±37.4 inv=2.9 played=19.0 lanes=4.7 ddraw=24.1 pts=20
Step: 16711680  SPS: 1877  ε=0.050  ret=1.004  score=36.3  buf=100%  updates=130482
  vs Random: 124W/4L/0D | score=40.0±31.1 inv=2.8 played=20.2 lanes=4.6 ddraw=28.9 pts=40
  Self-play: 52W/48L/0D | score=18.4±43.6 inv=2.7 played=18.9 lanes=4.7 ddraw=24.6 pts=18
Step: 16793600  SPS: 1877  ε=0.050  ret=0.984  score=38.0  buf=100%  updates=131122
  vs Random: 123W/4L/1D | score=35.1±28.9 inv=2.7 played=20.1 lanes=4.6 ddraw=29.8 pts=35
  Self-play: 45W/54L/1D | score=14.7±40.5 inv=2.8 played=18.6 lanes=4.7 ddraw=25.2 pts=15
Step: 16875520  SPS: 1877  ε=0.050  ret=1.018  score=34.1  buf=100%  updates=131762
  vs Random: 98W/2L/0D | score=40.3±32.8 inv=2.7 played=20.6 lanes=4.6 ddraw=29.2 pts=40
  Self-play: 54W/46L/0D | score=25.7±43.9 inv=2.6 played=19.4 lanes=4.7 ddraw=22.9 pts=26
Step: 16957440  SPS: 1876  ε=0.050  ret=1.045  score=43.4  buf=100%  updates=132402
  vs Random: 125W/3L/0D | score=44.6±28.6 inv=2.8 played=20.5 lanes=4.6 ddraw=28.3 pts=45
  Self-play: 44W/58L/1D | score=22.0±47.5 inv=3.0 played=19.2 lanes=4.7 ddraw=23.3 pts=22
Step: 17039360  SPS: 1876  ε=0.050  ret=1.047  score=37.2  buf=100%  updates=133042
  vs Random: 123W/3L/2D | score=39.8±33.3 inv=2.8 played=20.4 lanes=4.6 ddraw=28.7 pts=40
  Self-play: 39W/62L/0D | score=12.1±41.1 inv=3.0 played=18.4 lanes=4.7 ddraw=24.3 pts=12
Step: 17121280  SPS: 1876  ε=0.050  ret=0.924  score=37.4  buf=100%  updates=133682
  vs Random: 124W/4L/0D | score=46.2±31.0 inv=3.1 played=21.4 lanes=4.6 ddraw=29.1 pts=46
  Self-play: 48W/53L/0D | score=22.2±46.1 inv=3.0 played=19.1 lanes=4.7 ddraw=23.9 pts=22
Step: 17203200  SPS: 1876  ε=0.050  ret=1.056  score=41.5  buf=100%  updates=134322
  vs Random: 124W/4L/0D | score=46.9±31.1 inv=3.0 played=21.3 lanes=4.7 ddraw=28.6 pts=47
  Self-play: 57W/43L/1D | score=30.0±44.6 inv=3.0 played=20.2 lanes=4.8 ddraw=22.8 pts=30
Step: 17285120  SPS: 1876  ε=0.050  ret=1.081  score=37.6  buf=100%  updates=134962
  vs Random: 124W/4L/0D | score=40.2±35.1 inv=2.8 played=20.1 lanes=4.5 ddraw=28.5 pts=40
  Self-play: 50W/51L/0D | score=22.2±43.9 inv=2.9 played=18.7 lanes=4.6 ddraw=24.5 pts=22
Step: 17367040  SPS: 1876  ε=0.050  ret=1.053  score=43.0  buf=100%  updates=135602
  vs Random: 97W/3L/0D | score=49.4±30.8 inv=3.0 played=21.7 lanes=4.7 ddraw=28.6 pts=49
  Self-play: 48W/52L/0D | score=20.8±50.1 inv=2.9 played=19.2 lanes=4.8 ddraw=24.1 pts=21
Step: 17448960  SPS: 1876  ε=0.050  ret=1.047  score=43.3  buf=100%  updates=136242
  vs Random: 124W/3L/1D | score=47.8±32.6 inv=3.0 played=21.5 lanes=4.6 ddraw=29.2 pts=48
  Self-play: 42W/56L/2D | score=21.4±43.8 inv=3.1 played=19.5 lanes=4.7 ddraw=23.6 pts=21
Step: 17530880  SPS: 1876  ε=0.050  ret=0.983  score=41.6  buf=100%  updates=136882
  vs Random: 97W/3L/0D | score=45.4±35.8 inv=3.2 played=21.1 lanes=4.7 ddraw=28.7 pts=45
  Self-play: 44W/58L/0D | score=16.4±44.9 inv=3.1 played=19.4 lanes=4.8 ddraw=22.8 pts=16
Step: 17612800  SPS: 1875  ε=0.050  ret=1.029  score=43.4  buf=100%  updates=137522
  vs Random: 121W/7L/0D | score=46.8±37.7 inv=3.3 played=21.9 lanes=4.8 ddraw=29.2 pts=47
  Self-play: 52W/47L/1D | score=25.4±45.7 inv=3.1 played=19.8 lanes=4.8 ddraw=21.9 pts=25
Step: 17694720  SPS: 1875  ε=0.050  ret=1.025  score=45.5  buf=100%  updates=138162
  vs Random: 95W/5L/0D | score=46.7±37.0 inv=3.3 played=21.4 lanes=4.6 ddraw=28.4 pts=47
  Self-play: 48W/53L/0D | score=23.7±54.1 inv=3.4 played=19.9 lanes=4.8 ddraw=22.6 pts=24
Step: 17776640  SPS: 1875  ε=0.050  ret=1.078  score=42.9  buf=100%  updates=138802
  vs Random: 126W/2L/0D | score=50.9±35.2 inv=3.3 played=21.5 lanes=4.6 ddraw=28.6 pts=51
  Self-play: 42W/58L/0D | score=21.0±49.5 inv=3.5 played=19.8 lanes=4.8 ddraw=21.8 pts=21
Step: 17858560  SPS: 1875  ε=0.050  ret=1.038  score=45.2  buf=100%  updates=139442
  vs Random: 100W/2L/0D | score=48.9±35.0 inv=3.3 played=22.4 lanes=4.8 ddraw=28.6 pts=49
  Self-play: 48W/52L/1D | score=19.6±54.7 inv=3.2 played=19.4 lanes=4.8 ddraw=23.2 pts=20
Step: 17940480  SPS: 1875  ε=0.050  ret=1.002  score=38.2  buf=100%  updates=140082
  vs Random: 96W/4L/0D | score=51.3±35.3 inv=3.2 played=22.1 lanes=4.8 ddraw=27.9 pts=51
  Self-play: 47W/54L/0D | score=20.8±41.9 inv=3.1 played=19.4 lanes=4.7 ddraw=23.1 pts=21
Step: 18022400  SPS: 1874  ε=0.050  ret=1.072  score=46.1  buf=100%  updates=140722
  vs Random: 126W/2L/0D | score=54.8±34.2 inv=3.4 played=22.4 lanes=4.8 ddraw=28.6 pts=55
  Self-play: 45W/55L/0D | score=26.8±47.6 inv=3.4 played=20.3 lanes=4.8 ddraw=21.6 pts=27
Step: 18104320  SPS: 1874  ε=0.050  ret=1.017  score=45.0  buf=100%  updates=141362
  vs Random: 127W/1L/0D | score=51.2±34.7 inv=3.3 played=22.1 lanes=4.7 ddraw=28.3 pts=51
  Self-play: 47W/52L/1D | score=31.5±53.2 inv=3.3 played=20.2 lanes=4.7 ddraw=23.2 pts=32
Step: 18186240  SPS: 1874  ε=0.050  ret=1.027  score=42.3  buf=100%  updates=142002
  vs Random: 127W/0L/1D | score=55.8±29.8 inv=3.4 played=22.4 lanes=4.8 ddraw=28.0 pts=56
  Self-play: 49W/50L/1D | score=26.9±45.7 inv=3.3 played=20.0 lanes=4.8 ddraw=22.2 pts=27
Step: 18268160  SPS: 1874  ε=0.050  ret=0.981  score=46.3  buf=100%  updates=142642
  vs Random: 100W/0L/0D | score=51.1±34.8 inv=3.3 played=22.2 lanes=4.7 ddraw=29.0 pts=51
  Self-play: 51W/51L/0D | score=25.5±49.4 inv=3.3 played=19.9 lanes=4.8 ddraw=21.8 pts=25
Step: 18350080  SPS: 1875  ε=0.050  ret=0.967  score=40.5  buf=100%  updates=143282
  vs Random: 98W/2L/0D | score=53.0±33.1 inv=3.6 played=22.3 lanes=4.7 ddraw=28.2 pts=53
  Self-play: 43W/57L/0D | score=18.5±50.6 inv=3.6 played=19.6 lanes=4.7 ddraw=21.2 pts=18
Step: 18432000  SPS: 1874  ε=0.050  ret=1.107  score=49.5  buf=100%  updates=143922
  vs Random: 122W/6L/0D | score=43.9±33.2 inv=3.2 played=21.9 lanes=4.8 ddraw=28.6 pts=44
  Self-play: 37W/62L/1D | score=12.9±45.9 inv=3.2 played=19.0 lanes=4.7 ddraw=22.3 pts=13
Step: 18513920  SPS: 1874  ε=0.050  ret=0.963  score=43.1  buf=100%  updates=144562
  vs Random: 124W/4L/0D | score=45.9±35.2 inv=3.4 played=21.6 lanes=4.7 ddraw=28.5 pts=46
  Self-play: 60W/40L/0D | score=40.2±51.0 inv=3.4 played=20.8 lanes=4.8 ddraw=21.0 pts=40
Step: 18595840  SPS: 1874  ε=0.050  ret=1.073  score=45.6  buf=100%  updates=145202
  vs Random: 96W/5L/0D | score=52.4±37.6 inv=3.7 played=22.1 lanes=4.7 ddraw=29.0 pts=52
  Self-play: 54W/46L/0D | score=29.1±56.4 inv=3.7 played=20.7 lanes=4.8 ddraw=19.5 pts=29
Step: 18677760  SPS: 1874  ε=0.050  ret=1.001  score=51.0  buf=100%  updates=145842
  vs Random: 93W/7L/0D | score=57.5±41.5 inv=3.7 played=22.7 lanes=4.7 ddraw=27.7 pts=58
  Self-play: 49W/51L/0D | score=21.7±46.5 inv=3.5 played=20.4 lanes=4.9 ddraw=20.5 pts=22
Step: 18759680  SPS: 1874  ε=0.050  ret=1.075  score=52.8  buf=100%  updates=146482
  vs Random: 126W/2L/0D | score=51.1±34.2 inv=3.7 played=22.4 lanes=4.7 ddraw=28.8 pts=51
  Self-play: 51W/49L/0D | score=24.4±49.6 inv=4.1 played=20.7 lanes=4.8 ddraw=19.0 pts=24
Step: 18841600  SPS: 1873  ε=0.050  ret=1.010  score=49.9  buf=100%  updates=147122
  vs Random: 126W/2L/0D | score=56.2±33.8 inv=3.5 played=22.8 lanes=4.8 ddraw=28.9 pts=56
  Self-play: 40W/59L/1D | score=18.8±48.0 inv=3.5 played=19.9 lanes=4.8 ddraw=21.0 pts=19
Step: 18923520  SPS: 1873  ε=0.050  ret=1.102  score=51.7  buf=100%  updates=147762
  vs Random: 95W/5L/0D | score=56.8±39.2 inv=3.5 played=22.3 lanes=4.6 ddraw=28.1 pts=57
  Self-play: 46W/54L/0D | score=21.8±51.9 inv=3.7 played=19.9 lanes=4.8 ddraw=20.5 pts=22
Step: 19005440  SPS: 1873  ε=0.050  ret=1.089  score=45.7  buf=100%  updates=148402
  vs Random: 99W/2L/0D | score=61.0±37.6 inv=3.8 played=23.3 lanes=4.8 ddraw=28.4 pts=61
  Self-play: 45W/56L/0D | score=22.0±52.1 inv=3.7 played=20.6 lanes=4.9 ddraw=21.2 pts=22
Step: 19087360  SPS: 1873  ε=0.050  ret=1.077  score=52.3  buf=100%  updates=149042
  vs Random: 124W/4L/0D | score=53.8±43.0 inv=3.9 played=22.2 lanes=4.6 ddraw=28.3 pts=54
  Self-play: 44W/56L/0D | score=26.8±55.4 inv=3.7 played=20.5 lanes=4.8 ddraw=19.5 pts=27
Step: 19169280  SPS: 1873  ε=0.050  ret=1.104  score=49.5  buf=100%  updates=149682
  vs Random: 97W/3L/0D | score=49.5±36.9 inv=3.6 played=22.5 lanes=4.7 ddraw=28.9 pts=49
  Self-play: 37W/62L/1D | score=14.4±47.1 inv=3.6 played=19.7 lanes=4.8 ddraw=20.5 pts=14
Step: 19251200  SPS: 1873  ε=0.050  ret=0.999  score=45.8  buf=100%  updates=150322
  vs Random: 124W/4L/0D | score=51.8±39.7 inv=3.9 played=22.5 lanes=4.7 ddraw=28.3 pts=52
  Self-play: 57W/43L/0D | score=32.0±53.8 inv=3.7 played=20.8 lanes=4.8 ddraw=19.7 pts=32
Step: 19333120  SPS: 1873  ε=0.050  ret=0.976  score=52.4  buf=100%  updates=150962
  vs Random: 98W/2L/0D | score=56.5±39.1 inv=3.8 played=22.7 lanes=4.7 ddraw=28.8 pts=57
  Self-play: 53W/47L/0D | score=28.7±52.4 inv=4.0 played=20.9 lanes=4.8 ddraw=19.6 pts=29
Step: 19415040  SPS: 1873  ε=0.050  ret=1.059  score=46.5  buf=100%  updates=151602
  vs Random: 124W/4L/0D | score=49.2±39.9 inv=3.8 played=22.1 lanes=4.7 ddraw=27.8 pts=49
  Self-play: 49W/50L/1D | score=29.9±49.7 inv=3.6 played=21.0 lanes=4.8 ddraw=17.6 pts=30
Step: 19496960  SPS: 1873  ε=0.050  ret=1.059  score=46.0  buf=100%  updates=152242
  vs Random: 98W/2L/0D | score=66.2±41.3 inv=4.3 played=23.6 lanes=4.7 ddraw=26.8 pts=66
  Self-play: 41W/60L/0D | score=28.4±49.7 inv=3.7 played=20.6 lanes=4.8 ddraw=18.8 pts=28
Step: 19578880  SPS: 1873  ε=0.050  ret=1.109  score=50.8  buf=100%  updates=152882
  vs Random: 96W/4L/0D | score=55.7±43.1 inv=4.0 played=22.8 lanes=4.7 ddraw=28.3 pts=56
  Self-play: 60W/40L/0D | score=39.1±48.5 inv=3.9 played=21.7 lanes=4.9 ddraw=17.8 pts=39
Step: 19660800  SPS: 1873  ε=0.050  ret=1.095  score=46.2  buf=100%  updates=153522
  vs Random: 128W/0L/0D | score=55.2±36.3 inv=4.0 played=22.2 lanes=4.6 ddraw=28.0 pts=55
  Self-play: 44W/56L/0D | score=20.1±54.2 inv=3.8 played=20.4 lanes=4.8 ddraw=19.9 pts=20
Step: 19742720  SPS: 1873  ε=0.050  ret=1.057  score=50.8  buf=100%  updates=154162
  vs Random: 98W/3L/0D | score=60.9±42.3 inv=4.3 played=23.7 lanes=4.8 ddraw=28.3 pts=61
  Self-play: 60W/40L/0D | score=35.0±51.9 inv=4.0 played=21.4 lanes=4.8 ddraw=17.5 pts=35
Step: 19824640  SPS: 1873  ε=0.050  ret=1.092  score=50.7  buf=100%  updates=154802
  vs Random: 126W/2L/0D | score=51.4±39.1 inv=4.2 played=22.4 lanes=4.7 ddraw=28.9 pts=51
  Self-play: 42W/56L/2D | score=27.1±60.7 inv=3.8 played=20.3 lanes=4.8 ddraw=19.8 pts=27
Step: 19906560  SPS: 1873  ε=0.050  ret=1.076  score=47.3  buf=100%  updates=155442
  vs Random: 97W/3L/0D | score=56.5±43.6 inv=3.8 played=22.8 lanes=4.7 ddraw=28.5 pts=57
  Self-play: 51W/50L/0D | score=30.3±57.9 inv=4.1 played=21.1 lanes=4.8 ddraw=17.2 pts=30
Step: 19988480  SPS: 1873  ε=0.050  ret=1.008  score=51.7  buf=100%  updates=156082
  vs Random: 124W/4L/0D | score=52.9±37.3 inv=4.1 played=22.7 lanes=4.7 ddraw=28.8 pts=53
  Self-play: 39W/61L/0D | score=21.3±50.6 inv=3.8 played=20.3 lanes=4.8 ddraw=18.2 pts=21
Step: 20070400  SPS: 1873  ε=0.050  ret=1.031  score=51.8  buf=100%  updates=156722
  vs Random: 99W/2L/0D | score=55.3±37.9 inv=4.4 played=23.7 lanes=4.8 ddraw=28.6 pts=55
  Self-play: 46W/54L/0D | score=23.5±53.0 inv=4.2 played=20.8 lanes=4.8 ddraw=18.1 pts=23
Step: 20152320  SPS: 1873  ε=0.050  ret=0.994  score=45.0  buf=100%  updates=157362
  vs Random: 98W/2L/0D | score=55.5±38.4 inv=3.9 played=22.5 lanes=4.7 ddraw=27.1 pts=56
  Self-play: 39W/60L/1D | score=18.3±55.1 inv=4.1 played=20.6 lanes=4.8 ddraw=17.8 pts=18
Step: 20234240  SPS: 1873  ε=0.050  ret=1.113  score=54.9  buf=100%  updates=158002
  vs Random: 93W/7L/0D | score=60.3±50.8 inv=4.5 played=23.1 lanes=4.7 ddraw=27.2 pts=60
  Self-play: 55W/44L/1D | score=35.6±50.6 inv=4.1 played=20.8 lanes=4.7 ddraw=19.2 pts=36
Step: 20316160  SPS: 1873  ε=0.050  ret=1.103  score=40.1  buf=100%  updates=158642
  vs Random: 94W/6L/0D | score=52.6±48.9 inv=4.5 played=22.6 lanes=4.6 ddraw=28.8 pts=53
  Self-play: 51W/49L/0D | score=31.6±59.2 inv=4.3 played=21.1 lanes=4.7 ddraw=18.3 pts=32
Step: 20398080  SPS: 1872  ε=0.050  ret=1.043  score=42.2  buf=100%  updates=159282
  vs Random: 98W/2L/0D | score=55.1±42.2 inv=4.3 played=23.3 lanes=4.8 ddraw=27.7 pts=55
  Self-play: 53W/46L/1D | score=28.7±50.6 inv=4.3 played=21.1 lanes=4.9 ddraw=17.0 pts=29
Step: 20480000  SPS: 1873  ε=0.050  ret=1.075  score=45.5  buf=100%  updates=159922
  vs Random: 97W/3L/0D | score=53.9±44.6 inv=4.6 played=23.3 lanes=4.8 ddraw=28.5 pts=54
  Self-play: 42W/58L/0D | score=25.9±57.8 inv=4.2 played=20.6 lanes=4.7 ddraw=17.1 pts=26
Step: 20561920  SPS: 1873  ε=0.050  ret=1.041  score=52.5  buf=100%  updates=160562
  vs Random: 95W/5L/0D | score=56.9±44.6 inv=4.5 played=23.3 lanes=4.7 ddraw=27.4 pts=57
  Self-play: 51W/49L/0D | score=33.8±57.7 inv=4.1 played=21.2 lanes=4.7 ddraw=18.4 pts=34
Step: 20643840  SPS: 1873  ε=0.050  ret=1.135  score=50.3  buf=100%  updates=161202
  vs Random: 98W/2L/1D | score=52.8±46.3 inv=4.4 played=22.8 lanes=4.7 ddraw=28.7 pts=53
  Self-play: 47W/53L/0D | score=22.4±52.0 inv=4.3 played=20.7 lanes=4.7 ddraw=17.2 pts=22
Step: 20725760  SPS: 1873  ε=0.050  ret=0.983  score=42.7  buf=100%  updates=161842
  vs Random: 124W/4L/0D | score=55.2±44.8 inv=4.5 played=22.9 lanes=4.6 ddraw=28.5 pts=55
  Self-play: 57W/43L/0D | score=36.1±48.1 inv=4.0 played=20.9 lanes=4.7 ddraw=17.8 pts=36
Step: 20807680  SPS: 1873  ε=0.050  ret=0.974  score=39.4  buf=100%  updates=162482
  vs Random: 97W/3L/0D | score=52.2±48.1 inv=4.7 played=23.2 lanes=4.7 ddraw=28.2 pts=52
  Self-play: 53W/46L/1D | score=32.9±53.1 inv=4.2 played=21.1 lanes=4.7 ddraw=18.1 pts=33
Step: 20889600  SPS: 1873  ε=0.050  ret=0.988  score=42.6  buf=100%  updates=163122
  vs Random: 94W/6L/0D | score=55.4±48.0 inv=4.8 played=23.6 lanes=4.8 ddraw=28.0 pts=55
  Self-play: 46W/55L/0D | score=26.6±48.1 inv=4.0 played=20.7 lanes=4.7 ddraw=18.8 pts=27
Step: 20971520  SPS: 1873  ε=0.050  ret=0.926  score=42.0  buf=100%  updates=163762
  vs Random: 99W/3L/0D | score=65.1±51.4 inv=4.5 played=23.2 lanes=4.7 ddraw=28.1 pts=65
  Self-play: 49W/51L/0D | score=28.4±51.7 inv=4.1 played=21.0 lanes=4.8 ddraw=18.4 pts=28
Step: 21053440  SPS: 1873  ε=0.050  ret=1.088  score=44.7  buf=100%  updates=164402
  vs Random: 94W/6L/0D | score=60.4±48.9 inv=4.9 played=23.8 lanes=4.7 ddraw=28.4 pts=60
  Self-play: 47W/56L/0D | score=27.4±47.8 inv=4.4 played=21.1 lanes=4.8 ddraw=18.4 pts=27
Step: 21135360  SPS: 1873  ε=0.050  ret=1.034  score=41.0  buf=100%  updates=165042
  vs Random: 94W/6L/0D | score=53.9±49.6 inv=4.8 played=23.3 lanes=4.7 ddraw=28.9 pts=54
  Self-play: 43W/58L/0D | score=22.6±55.3 inv=4.4 played=20.5 lanes=4.7 ddraw=18.9 pts=23
Step: 21217280  SPS: 1873  ε=0.050  ret=1.066  score=47.1  buf=100%  updates=165682
  vs Random: 93W/7L/0D | score=47.0±53.7 inv=4.8 played=22.8 lanes=4.7 ddraw=28.6 pts=47
  Self-play: 50W/50L/0D | score=30.9±59.4 inv=4.3 played=20.9 lanes=4.7 ddraw=18.5 pts=31
Step: 21299200  SPS: 1872  ε=0.050  ret=0.887  score=41.5  buf=100%  updates=166322
  vs Random: 98W/2L/0D | score=56.6±45.7 inv=4.7 played=22.9 lanes=4.6 ddraw=29.0 pts=57
  Self-play: 50W/49L/1D | score=34.8±51.2 inv=4.1 played=20.9 lanes=4.7 ddraw=18.6 pts=35
Step: 21381120  SPS: 1873  ε=0.050  ret=1.054  score=40.2  buf=100%  updates=166962
  vs Random: 99W/1L/0D | score=54.9±42.9 inv=4.6 played=23.0 lanes=4.6 ddraw=28.2 pts=55
  Self-play: 54W/46L/0D | score=34.8±56.9 inv=4.4 played=21.2 lanes=4.7 ddraw=17.7 pts=35
Step: 21463040  SPS: 1872  ε=0.050  ret=1.049  score=47.0  buf=100%  updates=167602
  vs Random: 96W/4L/0D | score=45.3±43.9 inv=4.8 played=22.7 lanes=4.7 ddraw=28.8 pts=45
  Self-play: 38W/62L/0D | score=18.4±46.0 inv=4.4 played=20.2 lanes=4.7 ddraw=19.1 pts=18
Step: 21544960  SPS: 1872  ε=0.050  ret=1.033  score=40.5  buf=100%  updates=168242
  vs Random: 94W/7L/0D | score=55.9±52.5 inv=5.0 played=22.9 lanes=4.6 ddraw=27.7 pts=56
  Self-play: 61W/38L/1D | score=40.5±45.7 inv=4.2 played=21.1 lanes=4.6 ddraw=19.9 pts=41
Step: 21626880  SPS: 1872  ε=0.050  ret=0.971  score=34.9  buf=100%  updates=168882
  vs Random: 98W/2L/0D | score=58.3±46.0 inv=5.0 played=23.4 lanes=4.6 ddraw=28.3 pts=58
  Self-play: 45W/55L/0D | score=24.2±54.2 inv=4.2 played=20.2 lanes=4.7 ddraw=19.2 pts=24
Step: 21708800  SPS: 1872  ε=0.050  ret=0.902  score=32.3  buf=100%  updates=169522
  vs Random: 91W/9L/0D | score=51.3±48.5 inv=5.0 played=22.4 lanes=4.5 ddraw=27.5 pts=51
  Self-play: 48W/52L/0D | score=30.6±50.2 inv=4.6 played=20.9 lanes=4.7 ddraw=19.2 pts=31
Step: 21790720  SPS: 1872  ε=0.050  ret=1.132  score=48.3  buf=100%  updates=170162
  vs Random: 97W/3L/0D | score=47.2±44.6 inv=4.9 played=22.6 lanes=4.6 ddraw=28.1 pts=47
  Self-play: 41W/60L/0D | score=29.6±46.4 inv=4.3 played=21.0 lanes=4.7 ddraw=19.0 pts=30
Step: 21872640  SPS: 1872  ε=0.050  ret=1.050  score=37.9  buf=100%  updates=170802
  vs Random: 96W/4L/0D | score=48.7±46.6 inv=4.8 played=22.7 lanes=4.6 ddraw=28.6 pts=49
  Self-play: 48W/52L/0D | score=28.2±55.6 inv=4.3 played=20.8 lanes=4.7 ddraw=18.6 pts=28
Step: 21954560  SPS: 1872  ε=0.050  ret=1.046  score=49.2  buf=100%  updates=171442
  vs Random: 96W/5L/0D | score=55.3±56.5 inv=5.1 played=22.9 lanes=4.6 ddraw=28.0 pts=55
  Self-play: 52W/48L/0D | score=34.4±46.5 inv=4.4 played=21.0 lanes=4.7 ddraw=18.9 pts=34
Step: 22036480  SPS: 1872  ε=0.050  ret=0.984  score=46.0  buf=100%  updates=172082
  vs Random: 97W/4L/0D | score=60.2±50.7 inv=5.1 played=23.4 lanes=4.6 ddraw=28.4 pts=60
  Self-play: 50W/49L/1D | score=34.9±50.2 inv=4.6 played=20.9 lanes=4.6 ddraw=17.8 pts=35
Step: 22118400  SPS: 1872  ε=0.050  ret=1.182  score=51.2  buf=100%  updates=172722
  vs Random: 122W/6L/0D | score=54.3±46.6 inv=5.0 played=23.2 lanes=4.6 ddraw=28.1 pts=54
  Self-play: 47W/52L/1D | score=30.8±50.3 inv=4.5 played=20.9 lanes=4.7 ddraw=18.7 pts=31
Step: 22200320  SPS: 1872  ε=0.050  ret=1.001  score=37.1  buf=100%  updates=173362
  vs Random: 94W/7L/0D | score=50.4±50.4 inv=5.1 played=23.2 lanes=4.7 ddraw=28.5 pts=50
  Self-play: 49W/52L/0D | score=31.8±51.1 inv=4.5 played=21.1 lanes=4.7 ddraw=19.2 pts=32
Step: 22282240  SPS: 1872  ε=0.050  ret=1.025  score=42.2  buf=100%  updates=174002
  vs Random: 92W/8L/0D | score=47.2±49.9 inv=5.2 played=22.2 lanes=4.5 ddraw=28.4 pts=47
  Self-play: 46W/54L/0D | score=27.2±52.1 inv=4.8 played=21.0 lanes=4.7 ddraw=18.1 pts=27
Step: 22364160  SPS: 1872  ε=0.050  ret=1.140  score=47.5  buf=100%  updates=174642
  vs Random: 121W/7L/0D | score=50.9±50.6 inv=5.2 played=22.4 lanes=4.5 ddraw=28.3 pts=51
  Self-play: 47W/54L/0D | score=32.5±59.6 inv=4.4 played=20.3 lanes=4.5 ddraw=19.4 pts=33
Step: 22446080  SPS: 1872  ε=0.050  ret=0.980  score=39.4  buf=100%  updates=175282
  vs Random: 90W/9L/1D | score=47.9±54.1 inv=5.3 played=22.6 lanes=4.6 ddraw=28.5 pts=48
  Self-play: 45W/55L/0D | score=32.6±50.8 inv=4.6 played=20.4 lanes=4.5 ddraw=17.6 pts=33
Step: 22528000  SPS: 1872  ε=0.050  ret=1.125  score=41.2  buf=100%  updates=175922
  vs Random: 93W/6L/1D | score=51.7±45.5 inv=5.2 played=23.0 lanes=4.6 ddraw=28.3 pts=52
  Self-play: 49W/51L/0D | score=28.8±48.1 inv=4.3 played=20.3 lanes=4.6 ddraw=18.4 pts=29
Step: 22609920  SPS: 1872  ε=0.050  ret=1.121  score=49.2  buf=100%  updates=176562
  vs Random: 95W/5L/0D | score=55.9±53.2 inv=5.3 played=23.1 lanes=4.6 ddraw=29.3 pts=56
  Self-play: 40W/58L/2D | score=28.6±51.4 inv=4.5 played=20.3 lanes=4.5 ddraw=20.8 pts=29
Step: 22691840  SPS: 1872  ε=0.050  ret=1.081  score=43.4  buf=100%  updates=177202
  vs Random: 96W/3L/1D | score=59.4±45.6 inv=5.2 played=23.2 lanes=4.5 ddraw=28.2 pts=59
  Self-play: 49W/51L/0D | score=34.2±48.0 inv=4.3 played=20.9 lanes=4.6 ddraw=18.8 pts=34
Step: 22773760  SPS: 1872  ε=0.050  ret=0.986  score=43.4  buf=100%  updates=177842
  vs Random: 94W/6L/0D | score=56.6±51.6 inv=5.5 played=23.8 lanes=4.7 ddraw=28.9 pts=57
  Self-play: 55W/45L/1D | score=32.5±53.7 inv=4.7 played=21.2 lanes=4.7 ddraw=17.4 pts=33
Step: 22855680  SPS: 1872  ε=0.050  ret=1.142  score=50.9  buf=100%  updates=178482
  vs Random: 95W/6L/0D | score=56.2±42.6 inv=5.4 played=23.6 lanes=4.6 ddraw=28.7 pts=56
  Self-play: 44W/56L/0D | score=21.9±53.5 inv=4.6 played=20.7 lanes=4.8 ddraw=19.1 pts=22
Step: 22937600  SPS: 1872  ε=0.050  ret=0.869  score=37.1  buf=100%  updates=179122
  vs Random: 90W/10L/0D | score=44.8±54.9 inv=5.6 played=22.7 lanes=4.5 ddraw=28.3 pts=45
  Self-play: 41W/59L/0D | score=32.5±56.0 inv=4.6 played=20.4 lanes=4.4 ddraw=19.1 pts=32
Step: 23019520  SPS: 1873  ε=0.050  ret=1.143  score=49.7  buf=100%  updates=179762
  vs Random: 90W/9L/1D | score=54.4±58.0 inv=5.4 played=23.0 lanes=4.6 ddraw=28.2 pts=54
  Self-play: 53W/47L/0D | score=38.1±58.9 inv=4.6 played=20.9 lanes=4.5 ddraw=19.1 pts=38
Step: 23101440  SPS: 1873  ε=0.050  ret=0.872  score=34.3  buf=100%  updates=180402
  vs Random: 89W/9L/2D | score=44.7±57.7 inv=5.9 played=22.8 lanes=4.6 ddraw=28.7 pts=45
  Self-play: 42W/58L/0D | score=25.8±54.6 inv=4.6 played=19.9 lanes=4.5 ddraw=20.7 pts=26
Step: 23183360  SPS: 1873  ε=0.050  ret=1.029  score=41.4  buf=100%  updates=181042
  vs Random: 90W/11L/0D | score=49.6±56.9 inv=5.4 played=23.0 lanes=4.7 ddraw=28.2 pts=50
  Self-play: 51W/49L/0D | score=41.2±51.0 inv=4.5 played=21.1 lanes=4.5 ddraw=20.2 pts=41
Step: 23265280  SPS: 1872  ε=0.050  ret=0.951  score=44.8  buf=100%  updates=181682
  vs Random: 94W/6L/1D | score=56.7±51.7 inv=5.5 played=23.3 lanes=4.6 ddraw=28.5 pts=57
  Self-play: 44W/56L/0D | score=29.0±52.6 inv=4.5 played=20.4 lanes=4.6 ddraw=18.1 pts=29
Step: 23347200  SPS: 1873  ε=0.050  ret=1.036  score=39.5  buf=100%  updates=182322
  vs Random: 114W/14L/0D | score=44.9±54.0 inv=5.8 played=22.5 lanes=4.6 ddraw=27.8 pts=45
  Self-play: 49W/50L/1D | score=33.2±52.5 inv=4.9 played=21.0 lanes=4.6 ddraw=19.2 pts=33
Step: 23429120  SPS: 1873  ε=0.050  ret=1.137  score=39.7  buf=100%  updates=182962
  vs Random: 91W/9L/0D | score=53.6±55.2 inv=5.6 played=23.1 lanes=4.6 ddraw=27.6 pts=54
  Self-play: 50W/50L/0D | score=36.4±45.2 inv=4.5 played=20.7 lanes=4.5 ddraw=18.2 pts=36
Step: 23511040  SPS: 1873  ε=0.050  ret=1.049  score=37.1  buf=100%  updates=183602
  vs Random: 116W/12L/0D | score=40.7±48.8 inv=5.7 played=22.1 lanes=4.5 ddraw=29.0 pts=41
  Self-play: 41W/58L/2D | score=27.0±49.0 inv=4.6 played=20.6 lanes=4.5 ddraw=18.0 pts=27
Step: 23592960  SPS: 1873  ε=0.050  ret=1.043  score=50.7  buf=100%  updates=184242
  vs Random: 90W/10L/0D | score=44.9±56.0 inv=5.8 played=22.6 lanes=4.5 ddraw=28.7 pts=45
  Self-play: 38W/62L/0D | score=27.3±58.6 inv=4.7 played=20.2 lanes=4.6 ddraw=19.6 pts=27
Step: 23674880  SPS: 1873  ε=0.050  ret=1.074  score=33.5  buf=100%  updates=184882
  vs Random: 93W/7L/1D | score=47.2±56.4 inv=5.3 played=21.4 lanes=4.3 ddraw=28.2 pts=47
  Self-play: 41W/60L/0D | score=31.4±54.1 inv=4.7 played=20.9 lanes=4.7 ddraw=17.9 pts=31
Step: 23756800  SPS: 1873  ε=0.050  ret=0.962  score=39.7  buf=100%  updates=185522
  vs Random: 91W/9L/1D | score=45.9±56.0 inv=5.8 played=22.9 lanes=4.6 ddraw=28.2 pts=46
  Self-play: 46W/54L/0D | score=29.9±50.2 inv=4.7 played=20.7 lanes=4.7 ddraw=19.1 pts=30
Step: 23838720  SPS: 1873  ε=0.050  ret=1.089  score=44.3  buf=100%  updates=186162
  vs Random: 94W/8L/0D | score=59.0±54.0 inv=5.9 played=23.4 lanes=4.5 ddraw=28.0 pts=59
  Self-play: 51W/49L/0D | score=34.2±55.3 inv=4.9 played=20.9 lanes=4.6 ddraw=18.4 pts=34
Step: 23920640  SPS: 1873  ε=0.050  ret=1.040  score=43.3  buf=100%  updates=186802
  vs Random: 93W/6L/1D | score=48.3±49.3 inv=5.9 played=22.9 lanes=4.5 ddraw=28.5 pts=48
  Self-play: 50W/50L/0D | score=27.9±51.3 inv=4.7 played=20.3 lanes=4.6 ddraw=19.1 pts=28
Step: 24002560  SPS: 1873  ε=0.050  ret=0.967  score=40.4  buf=100%  updates=187442
  vs Random: 88W/11L/1D | score=49.5±61.2 inv=5.8 played=23.2 lanes=4.6 ddraw=28.5 pts=49
  Self-play: 47W/53L/0D | score=31.0±52.7 inv=4.6 played=20.3 lanes=4.5 ddraw=19.2 pts=31
Step: 24084480  SPS: 1872  ε=0.050  ret=1.174  score=44.1  buf=100%  updates=188082
  vs Random: 96W/4L/0D | score=45.6±47.5 inv=5.8 played=23.1 lanes=4.6 ddraw=28.2 pts=46
  Self-play: 52W/48L/0D | score=41.2±52.9 inv=4.7 played=20.5 lanes=4.5 ddraw=20.0 pts=41
Step: 24166400  SPS: 1872  ε=0.050  ret=0.927  score=30.4  buf=100%  updates=188722
  vs Random: 93W/9L/0D | score=45.8±54.2 inv=5.8 played=22.5 lanes=4.5 ddraw=28.0 pts=46
  Self-play: 46W/55L/0D | score=30.6±48.7 inv=4.8 played=20.8 lanes=4.6 ddraw=19.4 pts=31
Step: 24248320  SPS: 1872  ε=0.050  ret=0.969  score=41.7  buf=100%  updates=189362
  vs Random: 90W/9L/1D | score=53.8±57.2 inv=6.1 played=23.6 lanes=4.6 ddraw=28.6 pts=54
  Self-play: 45W/55L/0D | score=20.9±51.2 inv=4.8 played=20.6 lanes=4.7 ddraw=17.5 pts=21
Step: 24330240  SPS: 1872  ε=0.050  ret=1.021  score=34.4  buf=100%  updates=190002
  vs Random: 87W/13L/0D | score=46.2±57.3 inv=5.7 played=22.6 lanes=4.5 ddraw=28.6 pts=46
  Self-play: 51W/48L/1D | score=31.4±52.5 inv=4.7 played=20.9 lanes=4.6 ddraw=19.1 pts=31
Step: 24412160  SPS: 1872  ε=0.050  ret=0.911  score=35.7  buf=100%  updates=190642
  vs Random: 99W/1L/0D | score=62.6±46.8 inv=5.7 played=23.5 lanes=4.5 ddraw=27.8 pts=63
  Self-play: 45W/55L/0D | score=34.9±54.1 inv=4.8 played=20.8 lanes=4.4 ddraw=17.9 pts=35
Step: 24494080  SPS: 1872  ε=0.050  ret=1.091  score=34.4  buf=100%  updates=191282
  vs Random: 92W/8L/0D | score=51.5±50.7 inv=5.9 played=23.2 lanes=4.6 ddraw=27.8 pts=51
  Self-play: 51W/49L/0D | score=38.3±58.9 inv=4.9 played=20.9 lanes=4.5 ddraw=18.9 pts=38
Step: 24576000  SPS: 1872  ε=0.050  ret=0.992  score=30.1  buf=100%  updates=191922
  vs Random: 92W/7L/1D | score=51.8±60.1 inv=6.1 played=23.5 lanes=4.6 ddraw=27.2 pts=52
  Self-play: 44W/57L/0D | score=35.7±54.3 inv=4.9 played=20.9 lanes=4.5 ddraw=18.2 pts=36
Step: 24657920  SPS: 1872  ε=0.050  ret=0.950  score=35.7  buf=100%  updates=192562
  vs Random: 92W/8L/0D | score=54.2±51.6 inv=5.8 played=23.7 lanes=4.6 ddraw=29.1 pts=54
  Self-play: 45W/54L/1D | score=37.4±59.3 inv=4.8 played=21.1 lanes=4.6 ddraw=17.8 pts=37
Step: 24739840  SPS: 1872  ε=0.050  ret=0.939  score=26.9  buf=100%  updates=193202
  vs Random: 88W/10L/2D | score=34.9±53.1 inv=6.1 played=22.3 lanes=4.6 ddraw=27.7 pts=35
  Self-play: 54W/47L/0D | score=43.4±59.2 inv=4.8 played=20.6 lanes=4.4 ddraw=19.3 pts=43
Step: 24821760  SPS: 1872  ε=0.050  ret=1.080  score=33.1  buf=100%  updates=193842
  vs Random: 93W/8L/0D | score=58.4±56.2 inv=5.7 played=22.7 lanes=4.4 ddraw=27.7 pts=58
  Self-play: 56W/42L/2D | score=43.5±56.3 inv=4.7 played=21.3 lanes=4.6 ddraw=18.5 pts=44
Step: 24903680  SPS: 1872  ε=0.050  ret=0.958  score=46.0  buf=100%  updates=194482
  vs Random: 94W/5L/1D | score=51.2±50.3 inv=5.9 played=23.2 lanes=4.6 ddraw=28.5 pts=51
  Self-play: 54W/46L/0D | score=42.3±47.3 inv=4.8 played=21.3 lanes=4.6 ddraw=16.6 pts=42
Step: 24985600  SPS: 1871  ε=0.050  ret=1.045  score=44.1  buf=100%  updates=195122
  vs Random: 95W/5L/0D | score=52.9±51.9 inv=5.9 played=23.1 lanes=4.5 ddraw=27.5 pts=53
  Self-play: 58W/42L/0D | score=43.1±46.1 inv=4.5 played=21.0 lanes=4.5 ddraw=18.8 pts=43
Step: 25067520  SPS: 1871  ε=0.050  ret=1.046  score=34.2  buf=100%  updates=195762
  vs Random: 89W/11L/0D | score=48.2±61.8 inv=5.8 played=22.4 lanes=4.4 ddraw=27.5 pts=48
  Self-play: 40W/59L/1D | score=22.1±49.0 inv=4.9 played=20.5 lanes=4.6 ddraw=17.1 pts=22
Step: 25149440  SPS: 1872  ε=0.050  ret=1.066  score=44.5  buf=100%  updates=196402
  vs Random: 89W/12L/0D | score=45.2±60.0 inv=5.8 played=22.6 lanes=4.6 ddraw=27.4 pts=45
  Self-play: 49W/51L/0D | score=38.1±54.2 inv=4.7 played=20.9 lanes=4.5 ddraw=17.3 pts=38
Step: 25231360  SPS: 1872  ε=0.050  ret=1.041  score=39.5  buf=100%  updates=197042
  vs Random: 92W/9L/1D | score=43.4±54.4 inv=5.9 played=22.5 lanes=4.5 ddraw=28.0 pts=43
  Self-play: 48W/52L/0D | score=33.1±52.8 inv=4.9 played=21.0 lanes=4.6 ddraw=17.3 pts=33
Step: 25313280  SPS: 1871  ε=0.050  ret=1.133  score=43.5  buf=100%  updates=197682
  vs Random: 90W/11L/0D | score=52.0±55.1 inv=6.2 played=23.4 lanes=4.5 ddraw=27.1 pts=52
  Self-play: 50W/50L/0D | score=45.0±60.4 inv=4.9 played=20.7 lanes=4.4 ddraw=17.2 pts=45
Step: 25395200  SPS: 1871  ε=0.050  ret=1.053  score=37.2  buf=100%  updates=198322
  vs Random: 89W/11L/0D | score=45.5±56.5 inv=5.8 played=22.4 lanes=4.5 ddraw=28.7 pts=45
  Self-play: 46W/54L/0D | score=36.7±59.5 inv=4.7 played=20.4 lanes=4.5 ddraw=19.0 pts=37
Step: 25477120  SPS: 1871  ε=0.050  ret=1.180  score=39.9  buf=100%  updates=198962
  vs Random: 87W/11L/3D | score=43.1±59.8 inv=6.0 played=23.0 lanes=4.6 ddraw=28.7 pts=43
  Self-play: 53W/48L/0D | score=35.8±56.4 inv=4.8 played=20.9 lanes=4.5 ddraw=18.7 pts=36
Step: 25559040  SPS: 1871  ε=0.050  ret=1.026  score=29.4  buf=100%  updates=199602
  vs Random: 87W/13L/0D | score=45.6±65.8 inv=6.1 played=22.9 lanes=4.6 ddraw=27.1 pts=46
  Self-play: 48W/52L/0D | score=39.3±55.4 inv=5.1 played=21.2 lanes=4.5 ddraw=17.9 pts=39
Step: 25640960  SPS: 1871  ε=0.050  ret=0.949  score=34.1  buf=100%  updates=200242
  vs Random: 86W/14L/0D | score=49.2±61.0 inv=6.1 played=23.0 lanes=4.5 ddraw=27.6 pts=49
  Self-play: 47W/52L/1D | score=37.3±55.9 inv=4.8 played=20.3 lanes=4.5 ddraw=19.2 pts=37
Step: 25722880  SPS: 1871  ε=0.050  ret=1.022  score=38.3  buf=100%  updates=200882
  vs Random: 95W/5L/0D | score=49.3±51.2 inv=6.0 played=22.8 lanes=4.5 ddraw=28.2 pts=49
  Self-play: 41W/60L/0D | score=31.7±56.1 inv=4.9 played=20.7 lanes=4.6 ddraw=17.7 pts=32
Step: 25804800  SPS: 1871  ε=0.050  ret=0.944  score=24.1  buf=100%  updates=201522
  vs Random: 114W/13L/1D | score=47.0±57.4 inv=6.1 played=23.2 lanes=4.6 ddraw=28.4 pts=47
  Self-play: 53W/47L/0D | score=46.6±54.7 inv=5.0 played=20.8 lanes=4.4 ddraw=18.9 pts=47
Step: 25886720  SPS: 1871  ε=0.050  ret=0.915  score=34.3  buf=100%  updates=202162
  vs Random: 90W/10L/0D | score=45.1±57.2 inv=6.2 played=22.7 lanes=4.5 ddraw=27.6 pts=45
  Self-play: 47W/53L/0D | score=32.8±58.5 inv=5.0 played=20.9 lanes=4.5 ddraw=19.8 pts=33
Step: 25968640  SPS: 1871  ε=0.050  ret=1.023  score=36.3  buf=100%  updates=202802
  vs Random: 89W/11L/0D | score=46.4±57.3 inv=6.2 played=23.5 lanes=4.6 ddraw=27.4 pts=46
  Self-play: 52W/48L/0D | score=32.2±46.8 inv=4.9 played=20.9 lanes=4.5 ddraw=17.7 pts=32
Step: 26050560  SPS: 1871  ε=0.050  ret=1.085  score=41.0  buf=100%  updates=203442
  vs Random: 91W/9L/0D | score=36.3±59.2 inv=6.5 played=22.7 lanes=4.5 ddraw=27.7 pts=36
  Self-play: 53W/46L/1D | score=49.2±52.0 inv=4.8 played=21.4 lanes=4.4 ddraw=17.6 pts=49
Step: 26132480  SPS: 1871  ε=0.050  ret=0.865  score=21.6  buf=100%  updates=204082
  vs Random: 86W/14L/0D | score=37.8±59.7 inv=6.6 played=22.8 lanes=4.5 ddraw=28.1 pts=38
  Self-play: 48W/51L/1D | score=42.3±49.6 inv=4.5 played=20.7 lanes=4.4 ddraw=18.7 pts=42
Step: 26214400  SPS: 1871  ε=0.050  ret=0.862  score=28.1  buf=100%  updates=204722
  vs Random: 110W/17L/1D | score=36.6±54.2 inv=6.1 played=22.8 lanes=4.5 ddraw=27.2 pts=37
  Self-play: 48W/51L/2D | score=41.9±51.5 inv=4.8 played=20.7 lanes=4.4 ddraw=19.5 pts=42
Step: 26296320  SPS: 1871  ε=0.050  ret=0.799  score=31.6  buf=100%  updates=205362
  vs Random: 93W/8L/0D | score=46.6±52.7 inv=6.0 played=22.0 lanes=4.3 ddraw=27.0 pts=47
  Self-play: 51W/50L/0D | score=50.4±57.9 inv=5.0 played=21.1 lanes=4.4 ddraw=18.4 pts=50
Step: 26378240  SPS: 1871  ε=0.050  ret=1.072  score=31.7  buf=100%  updates=206002
  vs Random: 107W/21L/0D | score=36.3±62.5 inv=6.0 played=21.6 lanes=4.4 ddraw=27.3 pts=36
  Self-play: 48W/50L/3D | score=40.5±57.5 inv=5.0 played=20.8 lanes=4.4 ddraw=21.0 pts=41
Step: 26460160  SPS: 1871  ε=0.050  ret=0.957  score=34.4  buf=100%  updates=206642
  vs Random: 93W/8L/0D | score=39.9±51.6 inv=6.1 played=22.4 lanes=4.5 ddraw=27.2 pts=40
  Self-play: 40W/60L/0D | score=44.7±59.6 inv=4.9 played=21.0 lanes=4.5 ddraw=17.7 pts=45
Step: 26542080  SPS: 1871  ε=0.050  ret=1.009  score=38.8  buf=100%  updates=207282
  vs Random: 89W/11L/0D | score=45.2±61.4 inv=6.4 played=22.6 lanes=4.5 ddraw=27.5 pts=45
  Self-play: 49W/51L/0D | score=39.4±55.9 inv=4.8 played=20.2 lanes=4.3 ddraw=20.4 pts=39
Step: 26624000  SPS: 1871  ε=0.050  ret=1.071  score=39.9  buf=100%  updates=207922
  vs Random: 92W/8L/0D | score=39.1±57.0 inv=6.5 played=22.7 lanes=4.5 ddraw=27.9 pts=39
  Self-play: 46W/55L/1D | score=42.0±56.7 inv=5.1 played=21.1 lanes=4.5 ddraw=20.5 pts=42
Step: 26705920  SPS: 1870  ε=0.050  ret=0.904  score=22.6  buf=100%  updates=208562
  vs Random: 76W/23L/1D | score=29.2±66.6 inv=6.5 played=22.1 lanes=4.5 ddraw=27.2 pts=29
  Self-play: 53W/49L/0D | score=43.9±57.6 inv=4.8 played=20.3 lanes=4.4 ddraw=20.1 pts=44
Step: 26787840  SPS: 1870  ε=0.050  ret=0.896  score=25.9  buf=100%  updates=209202
  vs Random: 110W/18L/0D | score=30.7±64.1 inv=6.4 played=21.9 lanes=4.4 ddraw=27.9 pts=31
  Self-play: 38W/62L/0D | score=34.4±52.4 inv=5.0 played=20.7 lanes=4.4 ddraw=20.9 pts=34
Step: 26869760  SPS: 1870  ε=0.050  ret=0.964  score=34.0  buf=100%  updates=209842
  vs Random: 89W/12L/0D | score=44.9±63.6 inv=6.3 played=22.5 lanes=4.4 ddraw=27.4 pts=45
  Self-play: 45W/54L/1D | score=35.2±50.3 inv=4.9 played=20.6 lanes=4.4 ddraw=19.3 pts=35
Step: 26951680  SPS: 1870  ε=0.050  ret=0.994  score=32.0  buf=100%  updates=210482
  vs Random: 88W/12L/0D | score=39.2±60.7 inv=6.3 played=22.2 lanes=4.4 ddraw=28.1 pts=39
  Self-play: 48W/53L/0D | score=46.4±51.1 inv=4.7 played=20.5 lanes=4.4 ddraw=20.3 pts=46
Step: 27033600  SPS: 1870  ε=0.050  ret=0.975  score=37.2  buf=100%  updates=211122
  vs Random: 88W/12L/0D | score=41.9±57.4 inv=6.3 played=22.1 lanes=4.3 ddraw=27.4 pts=42
  Self-play: 61W/39L/0D | score=49.0±42.7 inv=4.4 played=20.8 lanes=4.4 ddraw=19.4 pts=49
Step: 27115520  SPS: 1870  ε=0.050  ret=0.955  score=29.4  buf=100%  updates=211762
  vs Random: 90W/10L/0D | score=42.0±60.7 inv=6.2 played=21.6 lanes=4.3 ddraw=27.7 pts=42
  Self-play: 47W/52L/1D | score=40.9±55.4 inv=4.7 played=20.3 lanes=4.3 ddraw=21.2 pts=41
Step: 27197440  SPS: 1870  ε=0.050  ret=0.789  score=13.6  buf=100%  updates=212402
  vs Random: 92W/8L/0D | score=48.0±55.7 inv=6.5 played=23.0 lanes=4.5 ddraw=28.1 pts=48
  Self-play: 52W/48L/0D | score=51.6±57.5 inv=4.6 played=21.2 lanes=4.4 ddraw=18.3 pts=52
Step: 27279360  SPS: 1869  ε=0.050  ret=0.964  score=37.0  buf=100%  updates=213042
  vs Random: 87W/13L/0D | score=40.5±61.1 inv=6.1 played=21.9 lanes=4.3 ddraw=28.0 pts=40
  Self-play: 50W/50L/0D | score=44.6±53.3 inv=5.0 played=21.1 lanes=4.4 ddraw=18.6 pts=45
Step: 27361280  SPS: 1869  ε=0.050  ret=0.956  score=32.8  buf=100%  updates=213682
  vs Random: 116W/12L/0D | score=43.6±55.5 inv=6.2 played=21.9 lanes=4.3 ddraw=27.4 pts=44
  Self-play: 53W/47L/1D | score=41.5±56.4 inv=4.8 played=20.6 lanes=4.4 ddraw=19.0 pts=42
Step: 27443200  SPS: 1869  ε=0.050  ret=0.863  score=34.8  buf=100%  updates=214322
  vs Random: 121W/7L/0D | score=51.8±54.3 inv=6.1 played=22.6 lanes=4.4 ddraw=27.6 pts=52
  Self-play: 52W/47L/1D | score=41.8±51.3 inv=4.6 played=20.7 lanes=4.5 ddraw=20.2 pts=42
Step: 27525120  SPS: 1869  ε=0.050  ret=0.807  score=27.4  buf=100%  updates=214962
  vs Random: 86W/15L/0D | score=50.4±64.7 inv=6.1 played=21.8 lanes=4.2 ddraw=26.6 pts=50
  Self-play: 48W/53L/0D | score=53.3±58.3 inv=4.7 played=20.7 lanes=4.3 ddraw=20.4 pts=53
Step: 27607040  SPS: 1869  ε=0.050  ret=0.833  score=30.3  buf=100%  updates=215602
  vs Random: 112W/16L/0D | score=39.2±57.6 inv=6.1 played=21.8 lanes=4.3 ddraw=28.2 pts=39
  Self-play: 60W/40L/1D | score=55.1±53.6 inv=4.8 played=20.8 lanes=4.3 ddraw=21.1 pts=55
Step: 27688960  SPS: 1869  ε=0.050  ret=0.868  score=19.7  buf=100%  updates=216242
  vs Random: 77W/22L/1D | score=25.9±66.2 inv=6.3 played=21.4 lanes=4.4 ddraw=27.8 pts=26
  Self-play: 56W/44L/0D | score=51.0±57.0 inv=5.1 played=21.3 lanes=4.3 ddraw=20.4 pts=51
Step: 27770880  SPS: 1868  ε=0.050  ret=0.919  score=32.1  buf=100%  updates=216882
  vs Random: 112W/16L/0D | score=39.5±62.1 inv=6.4 played=21.9 lanes=4.4 ddraw=27.7 pts=40
  Self-play: 56W/44L/0D | score=50.8±55.0 inv=4.9 played=20.8 lanes=4.4 ddraw=19.2 pts=51
Step: 27852800  SPS: 1868  ε=0.050  ret=1.039  score=26.3  buf=100%  updates=217522
  vs Random: 108W/19L/1D | score=41.3±64.3 inv=6.1 played=21.5 lanes=4.3 ddraw=28.2 pts=41
  Self-play: 42W/58L/0D | score=46.4±60.3 inv=4.6 played=20.1 lanes=4.4 ddraw=21.2 pts=46
Step: 27934720  SPS: 1868  ε=0.050  ret=0.946  score=21.2  buf=100%  updates=218162
  vs Random: 81W/19L/0D | score=35.7±70.5 inv=6.4 played=21.1 lanes=4.3 ddraw=27.6 pts=36
  Self-play: 45W/55L/1D | score=42.7±59.7 inv=5.1 played=20.1 lanes=4.2 ddraw=20.5 pts=43
Step: 28016640  SPS: 1868  ε=0.050  ret=0.977  score=35.6  buf=100%  updates=218802
  vs Random: 88W/11L/1D | score=44.4±58.3 inv=6.6 played=22.7 lanes=4.4 ddraw=28.5 pts=44
  Self-play: 45W/54L/1D | score=51.4±53.5 inv=4.9 played=20.5 lanes=4.3 ddraw=20.5 pts=51
Step: 28098560  SPS: 1868  ε=0.050  ret=1.047  score=48.0  buf=100%  updates=219442
  vs Random: 114W/14L/0D | score=39.7±61.3 inv=6.3 played=21.5 lanes=4.3 ddraw=27.9 pts=40
  Self-play: 41W/59L/0D | score=42.9±56.7 inv=4.6 played=20.0 lanes=4.3 ddraw=22.1 pts=43
Step: 28180480  SPS: 1868  ε=0.050  ret=0.788  score=27.4  buf=100%  updates=220082
  vs Random: 81W/19L/0D | score=29.8±57.0 inv=6.5 played=21.8 lanes=4.4 ddraw=29.1 pts=30
  Self-play: 51W/49L/0D | score=52.0±59.2 inv=4.8 played=20.4 lanes=4.2 ddraw=20.5 pts=52
Step: 28262400  SPS: 1868  ε=0.050  ret=0.836  score=25.5  buf=100%  updates=220722
  vs Random: 89W/10L/1D | score=36.8±63.9 inv=6.4 played=21.8 lanes=4.4 ddraw=28.8 pts=37
  Self-play: 49W/51L/0D | score=47.3±58.0 inv=4.8 played=20.5 lanes=4.3 ddraw=19.8 pts=47
Step: 28344320  SPS: 1868  ε=0.050  ret=1.018  score=38.2  buf=100%  updates=221362
  vs Random: 84W/18L/0D | score=33.0±59.2 inv=6.3 played=21.5 lanes=4.3 ddraw=28.5 pts=33
  Self-play: 48W/52L/0D | score=39.2±53.4 inv=5.0 played=20.5 lanes=4.3 ddraw=20.2 pts=39
Step: 28426240  SPS: 1868  ε=0.050  ret=0.984  score=22.3  buf=100%  updates=222002
  vs Random: 89W/11L/0D | score=51.2±62.6 inv=6.4 played=21.7 lanes=4.2 ddraw=28.4 pts=51
  Self-play: 49W/50L/1D | score=51.2±54.0 inv=5.0 played=21.1 lanes=4.4 ddraw=20.3 pts=51
Step: 28508160  SPS: 1868  ε=0.050  ret=0.893  score=27.8  buf=100%  updates=222642
  vs Random: 108W/20L/0D | score=43.0±63.7 inv=6.2 played=21.8 lanes=4.3 ddraw=28.5 pts=43
  Self-play: 54W/46L/0D | score=49.6±53.5 inv=4.9 played=20.4 lanes=4.2 ddraw=22.0 pts=50
Step: 28590080  SPS: 1868  ε=0.050  ret=1.015  score=39.7  buf=100%  updates=223282
  vs Random: 84W/17L/0D | score=44.1±67.2 inv=6.4 played=22.6 lanes=4.4 ddraw=28.6 pts=44
  Self-play: 52W/48L/0D | score=49.0±57.6 inv=5.0 played=21.0 lanes=4.3 ddraw=19.7 pts=49
Step: 28672000  SPS: 1868  ε=0.050  ret=1.075  score=35.3  buf=100%  updates=223922
  vs Random: 105W/23L/0D | score=34.5±69.3 inv=6.2 played=21.2 lanes=4.3 ddraw=28.0 pts=34
  Self-play: 41W/58L/1D | score=33.1±57.0 inv=4.7 played=19.1 lanes=4.2 ddraw=21.3 pts=33
Step: 28753920  SPS: 1868  ε=0.050  ret=0.788  score=28.0  buf=100%  updates=224562
  vs Random: 90W/8L/2D | score=46.6±63.9 inv=6.2 played=21.8 lanes=4.3 ddraw=27.9 pts=47
  Self-play: 49W/51L/0D | score=45.3±52.3 inv=4.8 played=20.0 lanes=4.2 ddraw=20.1 pts=45
Step: 28835840  SPS: 1868  ε=0.050  ret=0.859  score=29.9  buf=100%  updates=225202
  vs Random: 95W/6L/1D | score=54.6±61.6 inv=6.4 played=22.7 lanes=4.4 ddraw=27.5 pts=55
  Self-play: 48W/52L/1D | score=46.0±52.8 inv=4.9 played=20.5 lanes=4.2 ddraw=20.2 pts=46
Step: 28917760  SPS: 1868  ε=0.050  ret=0.976  score=33.3  buf=100%  updates=225842
  vs Random: 90W/8L/2D | score=50.7±61.6 inv=6.7 played=23.1 lanes=4.5 ddraw=28.1 pts=51
  Self-play: 48W/51L/1D | score=55.8±58.8 inv=5.2 played=21.1 lanes=4.3 ddraw=19.8 pts=56
Step: 28999680  SPS: 1868  ε=0.050  ret=1.036  score=40.2  buf=100%  updates=226482
  vs Random: 95W/8L/0D | score=50.2±52.3 inv=6.3 played=22.4 lanes=4.4 ddraw=27.9 pts=50
  Self-play: 56W/46L/0D | score=59.5±60.0 inv=4.9 played=20.6 lanes=4.2 ddraw=21.2 pts=59
Step: 29081600  SPS: 1868  ε=0.050  ret=1.046  score=34.6  buf=100%  updates=227122
  vs Random: 88W/13L/0D | score=39.6±55.2 inv=6.4 played=21.6 lanes=4.3 ddraw=28.8 pts=40
  Self-play: 53W/46L/1D | score=43.7±48.0 inv=4.8 played=20.4 lanes=4.3 ddraw=20.9 pts=44
Step: 29163520  SPS: 1868  ε=0.050  ret=0.856  score=35.5  buf=100%  updates=227762
  vs Random: 88W/11L/1D | score=45.8±62.2 inv=6.3 played=22.3 lanes=4.3 ddraw=28.8 pts=46
  Self-play: 44W/56L/0D | score=39.9±45.8 inv=4.7 played=19.4 lanes=4.2 ddraw=21.1 pts=40
Step: 29245440  SPS: 1868  ε=0.050  ret=0.892  score=31.8  buf=100%  updates=228402
  vs Random: 86W/13L/1D | score=43.5±57.8 inv=6.3 played=21.8 lanes=4.3 ddraw=28.5 pts=44
  Self-play: 57W/42L/1D | score=51.0±54.9 inv=5.0 played=20.4 lanes=4.2 ddraw=20.5 pts=51
Step: 29327360  SPS: 1868  ε=0.050  ret=0.903  score=22.4  buf=100%  updates=229042
  vs Random: 90W/9L/1D | score=54.0±57.8 inv=6.3 played=22.7 lanes=4.4 ddraw=28.1 pts=54
  Self-play: 46W/54L/0D | score=48.4±57.8 inv=4.9 played=21.0 lanes=4.4 ddraw=20.5 pts=48
Step: 29409280  SPS: 1868  ε=0.050  ret=0.951  score=26.4  buf=100%  updates=229682
  vs Random: 84W/16L/0D | score=42.1±64.5 inv=6.5 played=21.8 lanes=4.3 ddraw=27.9 pts=42
  Self-play: 50W/49L/1D | score=57.7±52.5 inv=4.7 played=20.4 lanes=4.2 ddraw=21.3 pts=58
Step: 29491200  SPS: 1868  ε=0.050  ret=0.939  score=25.3  buf=100%  updates=230322
  vs Random: 111W/15L/2D | score=43.0±58.4 inv=6.3 played=21.7 lanes=4.3 ddraw=28.7 pts=43
  Self-play: 44W/54L/2D | score=39.4±53.4 inv=4.9 played=19.9 lanes=4.3 ddraw=22.0 pts=39
Step: 29573120  SPS: 1868  ε=0.050  ret=0.959  score=28.3  buf=100%  updates=230962
  vs Random: 88W/12L/0D | score=44.7±65.6 inv=6.3 played=21.2 lanes=4.2 ddraw=27.8 pts=45
  Self-play: 50W/50L/0D | score=55.6±55.4 inv=4.7 played=20.2 lanes=4.1 ddraw=21.1 pts=56
Step: 29655040  SPS: 1868  ε=0.050  ret=0.987  score=30.0  buf=100%  updates=231602
  vs Random: 86W/14L/0D | score=49.1±67.5 inv=6.5 played=22.3 lanes=4.2 ddraw=28.4 pts=49
  Self-play: 45W/57L/1D | score=45.4±53.9 inv=4.7 played=19.9 lanes=4.1 ddraw=22.1 pts=45
Step: 29736960  SPS: 1868  ε=0.050  ret=0.801  score=19.0  buf=100%  updates=232242
  vs Random: 85W/13L/2D | score=33.8±57.3 inv=6.5 played=21.2 lanes=4.3 ddraw=27.5 pts=34
  Self-play: 55W/45L/0D | score=56.4±58.8 inv=4.7 played=20.1 lanes=4.1 ddraw=22.3 pts=56
Step: 29818880  SPS: 1868  ε=0.050  ret=1.002  score=31.6  buf=100%  updates=232882
  vs Random: 93W/8L/0D | score=51.8±57.9 inv=6.4 played=21.9 lanes=4.2 ddraw=28.2 pts=52
  Self-play: 52W/48L/0D | score=51.7±61.1 inv=5.0 played=20.2 lanes=4.1 ddraw=22.2 pts=52
Step: 29900800  SPS: 1868  ε=0.050  ret=0.937  score=34.3  buf=100%  updates=233522
  vs Random: 112W/16L/0D | score=37.6±55.8 inv=6.1 played=20.6 lanes=4.1 ddraw=28.0 pts=38
  Self-play: 49W/51L/0D | score=49.2±54.2 inv=4.9 played=20.3 lanes=4.2 ddraw=21.6 pts=49
Step: 29982720  SPS: 1868  ε=0.050  ret=0.985  score=33.4  buf=100%  updates=234162
  vs Random: 110W/17L/1D | score=43.2±62.8 inv=6.7 played=21.9 lanes=4.3 ddraw=28.7 pts=43
  Self-play: 60W/40L/1D | score=55.2±54.1 inv=5.1 played=20.9 lanes=4.2 ddraw=21.2 pts=55
Step: 30064640  SPS: 1867  ε=0.050  ret=0.850  score=43.1  buf=100%  updates=234802
  vs Random: 109W/19L/0D | score=40.4±59.0 inv=6.4 played=21.4 lanes=4.2 ddraw=28.7 pts=40
  Self-play: 57W/43L/0D | score=50.9±55.2 inv=4.8 played=20.2 lanes=4.1 ddraw=22.6 pts=51
Step: 30146560  SPS: 1867  ε=0.050  ret=0.949  score=31.1  buf=100%  updates=235442
  vs Random: 107W/19L/2D | score=34.9±62.7 inv=6.3 played=21.0 lanes=4.1 ddraw=28.9 pts=35
  Self-play: 58W/42L/0D | score=55.5±53.2 inv=5.0 played=20.7 lanes=4.2 ddraw=21.2 pts=56
Step: 30228480  SPS: 1867  ε=0.050  ret=0.973  score=43.3  buf=100%  updates=236082
  vs Random: 92W/8L/0D | score=57.3±62.1 inv=6.1 played=21.6 lanes=4.2 ddraw=27.9 pts=57
  Self-play: 51W/51L/0D | score=52.0±59.9 inv=5.0 played=20.6 lanes=4.2 ddraw=21.5 pts=52
Step: 30310400  SPS: 1867  ε=0.050  ret=0.945  score=40.6  buf=100%  updates=236722
  vs Random: 90W/12L/0D | score=39.9±60.0 inv=6.2 played=21.2 lanes=4.2 ddraw=28.0 pts=40
  Self-play: 53W/47L/0D | score=55.8±50.8 inv=4.8 played=20.5 lanes=4.2 ddraw=22.3 pts=56
Step: 30392320  SPS: 1867  ε=0.050  ret=0.925  score=25.9  buf=100%  updates=237362
  vs Random: 91W/9L/0D | score=46.6±61.4 inv=6.6 played=22.2 lanes=4.3 ddraw=28.6 pts=47
  Self-play: 39W/61L/0D | score=35.9±58.3 inv=4.9 played=19.8 lanes=4.2 ddraw=21.3 pts=36
Step: 30474240  SPS: 1867  ε=0.050  ret=1.129  score=43.1  buf=100%  updates=238002
  vs Random: 115W/12L/1D | score=53.5±57.7 inv=6.3 played=21.5 lanes=4.1 ddraw=28.1 pts=54
  Self-play: 47W/53L/0D | score=54.6±54.5 inv=4.7 played=20.0 lanes=4.0 ddraw=22.1 pts=55
Step: 30556160  SPS: 1867  ε=0.050  ret=1.011  score=30.4  buf=100%  updates=238642
  vs Random: 111W/17L/0D | score=44.1±62.5 inv=6.1 played=20.6 lanes=4.0 ddraw=28.6 pts=44
  Self-play: 51W/50L/0D | score=55.6±57.2 inv=5.1 played=20.5 lanes=4.1 ddraw=20.8 pts=56
Step: 30638080  SPS: 1867  ε=0.050  ret=0.980  score=32.8  buf=100%  updates=239282
  vs Random: 118W/10L/0D | score=44.1±55.4 inv=6.2 played=21.2 lanes=4.1 ddraw=27.6 pts=44
  Self-play: 55W/44L/1D | score=60.7±56.9 inv=5.2 played=21.0 lanes=4.2 ddraw=20.7 pts=61
Step: 30720000  SPS: 1867  ε=0.050  ret=0.937  score=30.9  buf=100%  updates=239922
  vs Random: 110W/18L/0D | score=40.2±57.0 inv=6.2 played=20.9 lanes=4.2 ddraw=28.3 pts=40
  Self-play: 46W/54L/0D | score=53.0±59.9 inv=5.1 played=20.2 lanes=4.1 ddraw=21.8 pts=53
Step: 30801920  SPS: 1867  ε=0.050  ret=0.842  score=32.4  buf=100%  updates=240562
  vs Random: 91W/9L/0D | score=50.7±58.7 inv=6.3 played=21.9 lanes=4.2 ddraw=27.9 pts=51
  Self-play: 49W/52L/0D | score=48.8±55.3 inv=4.7 played=19.6 lanes=4.1 ddraw=22.6 pts=49
Step: 30883840  SPS: 1867  ε=0.050  ret=1.109  score=38.8  buf=100%  updates=241202
  vs Random: 118W/10L/0D | score=49.0±56.1 inv=6.0 played=20.8 lanes=4.1 ddraw=28.4 pts=49
  Self-play: 48W/52L/0D | score=45.6±57.2 inv=4.7 played=19.2 lanes=4.1 ddraw=22.6 pts=46
Step: 30965760  SPS: 1867  ε=0.050  ret=0.697  score=17.2  buf=100%  updates=241842
  vs Random: 112W/15L/1D | score=32.8±55.0 inv=6.1 played=20.0 lanes=4.1 ddraw=28.3 pts=33
  Self-play: 43W/57L/0D | score=37.0±64.3 inv=4.5 played=18.9 lanes=4.1 ddraw=22.9 pts=37
Step: 31047680  SPS: 1867  ε=0.050  ret=0.901  score=33.2  buf=100%  updates=242482
  vs Random: 91W/9L/0D | score=50.3±62.4 inv=6.0 played=21.2 lanes=4.1 ddraw=27.5 pts=50
  Self-play: 49W/51L/0D | score=56.5±65.1 inv=4.9 played=20.5 lanes=4.1 ddraw=20.7 pts=56
Step: 31129600  SPS: 1867  ε=0.050  ret=0.936  score=36.1  buf=100%  updates=243122
  vs Random: 88W/11L/2D | score=46.6±61.0 inv=6.1 played=20.8 lanes=4.0 ddraw=27.5 pts=47
  Self-play: 44W/57L/0D | score=59.4±63.2 inv=4.9 played=20.5 lanes=4.2 ddraw=21.8 pts=59
Step: 31211520  SPS: 1867  ε=0.050  ret=1.033  score=45.1  buf=100%  updates=243762
  vs Random: 87W/11L/2D | score=40.6±63.6 inv=6.6 played=21.5 lanes=4.3 ddraw=27.9 pts=41
  Self-play: 44W/56L/0D | score=45.7±63.9 inv=5.0 played=19.7 lanes=4.1 ddraw=22.1 pts=46
Step: 31293440  SPS: 1867  ε=0.050  ret=1.048  score=37.7  buf=100%  updates=244402
  vs Random: 114W/13L/1D | score=47.9±62.4 inv=6.1 played=20.2 lanes=3.9 ddraw=27.8 pts=48
  Self-play: 49W/51L/0D | score=58.8±59.1 inv=4.6 played=20.0 lanes=4.1 ddraw=21.6 pts=59
Step: 31375360  SPS: 1867  ε=0.050  ret=0.989  score=34.1  buf=100%  updates=245042
  vs Random: 92W/8L/0D | score=46.1±57.6 inv=6.2 played=21.2 lanes=4.1 ddraw=28.1 pts=46
  Self-play: 54W/45L/1D | score=64.3±58.8 inv=4.9 played=20.7 lanes=4.1 ddraw=21.2 pts=64
Step: 31457280  SPS: 1867  ε=0.050  ret=1.001  score=36.2  buf=100%  updates=245682
  vs Random: 115W/13L/0D | score=42.7±57.7 inv=5.9 played=20.5 lanes=4.0 ddraw=28.1 pts=43
  Self-play: 41W/59L/0D | score=50.8±57.8 inv=4.7 played=19.7 lanes=4.0 ddraw=22.6 pts=51
Step: 31539200  SPS: 1867  ε=0.050  ret=0.988  score=42.6  buf=100%  updates=246322
  vs Random: 119W/9L/0D | score=49.8±54.3 inv=6.0 played=20.8 lanes=4.1 ddraw=27.7 pts=50
  Self-play: 51W/48L/1D | score=53.9±57.6 inv=4.6 played=19.4 lanes=4.0 ddraw=22.5 pts=54
Step: 31621120  SPS: 1867  ε=0.050  ret=1.016  score=41.6  buf=100%  updates=246962
  vs Random: 91W/9L/0D | score=53.1±55.3 inv=6.0 played=21.8 lanes=4.3 ddraw=28.5 pts=53
  Self-play: 46W/53L/1D | score=60.4±57.6 inv=4.7 played=20.3 lanes=4.1 ddraw=20.8 pts=60
Step: 31703040  SPS: 1867  ε=0.050  ret=0.954  score=31.4  buf=100%  updates=247602
  vs Random: 92W/8L/0D | score=59.8±60.1 inv=6.2 played=22.4 lanes=4.3 ddraw=28.3 pts=60
  Self-play: 53W/47L/0D | score=59.4±61.7 inv=4.8 played=20.2 lanes=4.2 ddraw=22.6 pts=59
Step: 31784960  SPS: 1867  ε=0.050  ret=0.975  score=36.4  buf=100%  updates=248242
  vs Random: 118W/10L/0D | score=52.6±57.3 inv=6.1 played=20.7 lanes=4.0 ddraw=28.2 pts=53
  Self-play: 49W/51L/0D | score=63.7±61.8 inv=4.9 played=20.2 lanes=4.1 ddraw=21.8 pts=64
Step: 31866880  SPS: 1867  ε=0.050  ret=1.082  score=43.6  buf=100%  updates=248882
  vs Random: 84W/15L/1D | score=37.7±58.5 inv=6.1 played=20.1 lanes=4.0 ddraw=27.3 pts=38
  Self-play: 57W/43L/0D | score=61.8±56.6 inv=4.5 played=19.8 lanes=4.0 ddraw=22.6 pts=62
Step: 31948800  SPS: 1867  ε=0.050  ret=1.029  score=28.1  buf=100%  updates=249522
  vs Random: 112W/16L/0D | score=46.7±59.7 inv=6.1 played=21.2 lanes=4.0 ddraw=27.8 pts=47
  Self-play: 41W/59L/0D | score=60.8±56.0 inv=4.8 played=20.4 lanes=4.1 ddraw=21.6 pts=61
Step: 32030720  SPS: 1867  ε=0.050  ret=0.995  score=35.2  buf=100%  updates=250162
  vs Random: 118W/10L/0D | score=46.1±55.4 inv=6.4 played=21.2 lanes=4.1 ddraw=28.2 pts=46
  Self-play: 48W/51L/1D | score=55.9±59.2 inv=4.7 played=19.5 lanes=4.0 ddraw=22.7 pts=56
Step: 32112640  SPS: 1867  ε=0.050  ret=0.905  score=34.1  buf=100%  updates=250802
  vs Random: 85W/15L/0D | score=41.8±60.4 inv=6.5 played=21.2 lanes=4.2 ddraw=28.1 pts=42
  Self-play: 48W/52L/1D | score=59.4±68.3 inv=4.5 played=19.3 lanes=3.9 ddraw=23.0 pts=59
Step: 32194560  SPS: 1867  ε=0.050  ret=1.003  score=38.2  buf=100%  updates=251442
  vs Random: 91W/9L/0D | score=40.8±52.8 inv=6.2 played=21.2 lanes=4.2 ddraw=28.4 pts=41
  Self-play: 39W/62L/0D | score=43.8±66.9 inv=4.8 played=18.9 lanes=4.0 ddraw=22.2 pts=44
Step: 32276480  SPS: 1867  ε=0.050  ret=0.896  score=33.6  buf=100%  updates=252082
  vs Random: 119W/8L/1D | score=47.7±59.0 inv=6.0 played=20.7 lanes=4.1 ddraw=28.6 pts=48
  Self-play: 57W/43L/0D | score=68.5±65.3 inv=4.6 played=19.9 lanes=4.0 ddraw=22.7 pts=68
Step: 32358400  SPS: 1867  ε=0.050  ret=0.890  score=40.5  buf=100%  updates=252722
  vs Random: 92W/8L/1D | score=51.7±68.5 inv=6.1 played=21.2 lanes=4.1 ddraw=28.5 pts=52
  Self-play: 54W/45L/1D | score=55.8±62.1 inv=5.0 played=20.3 lanes=4.1 ddraw=22.2 pts=56
Step: 32440320  SPS: 1866  ε=0.050  ret=0.970  score=47.0  buf=100%  updates=253362
  vs Random: 93W/7L/0D | score=47.2±53.6 inv=6.1 played=21.6 lanes=4.2 ddraw=28.4 pts=47
  Self-play: 42W/58L/0D | score=47.6±59.5 inv=4.6 played=19.2 lanes=4.0 ddraw=22.8 pts=48
Step: 32522240  SPS: 1866  ε=0.050  ret=0.960  score=35.1  buf=100%  updates=254002
  vs Random: 122W/6L/0D | score=55.4±48.7 inv=5.9 played=21.7 lanes=4.2 ddraw=28.5 pts=55
  Self-play: 50W/49L/1D | score=63.4±57.4 inv=4.6 played=19.9 lanes=4.0 ddraw=22.1 pts=63
Step: 32604160  SPS: 1866  ε=0.050  ret=1.036  score=38.8  buf=100%  updates=254642
  vs Random: 94W/6L/0D | score=54.6±56.8 inv=6.0 played=21.1 lanes=4.1 ddraw=28.4 pts=55
  Self-play: 55W/47L/0D | score=56.5±69.7 inv=5.0 played=20.1 lanes=4.0 ddraw=22.0 pts=57
Step: 32686080  SPS: 1866  ε=0.050  ret=0.944  score=44.6  buf=100%  updates=255282
  vs Random: 116W/12L/0D | score=49.0±61.1 inv=6.1 played=20.9 lanes=4.1 ddraw=28.3 pts=49
  Self-play: 47W/52L/1D | score=70.5±62.6 inv=4.8 played=20.3 lanes=4.0 ddraw=22.1 pts=70
Step: 32768000  SPS: 1866  ε=0.050  ret=1.181  score=48.7  buf=100%  updates=255922
  vs Random: 94W/5L/1D | score=53.6±52.6 inv=5.8 played=21.4 lanes=4.2 ddraw=28.4 pts=54
  Self-play: 49W/51L/0D | score=70.5±58.5 inv=4.5 played=19.6 lanes=3.8 ddraw=23.1 pts=71
Step: 32849920  SPS: 1866  ε=0.050  ret=0.993  score=37.8  buf=100%  updates=256562
  vs Random: 96W/6L/0D | score=60.9±59.9 inv=6.0 played=21.7 lanes=4.1 ddraw=28.9 pts=61
  Self-play: 51W/49L/0D | score=58.5±54.1 inv=4.7 played=20.1 lanes=4.1 ddraw=22.2 pts=59
Step: 32931840  SPS: 1866  ε=0.050  ret=0.937  score=38.8  buf=100%  updates=257202
  vs Random: 123W/5L/0D | score=55.2±52.2 inv=5.7 played=21.0 lanes=4.1 ddraw=28.1 pts=55
  Self-play: 56W/44L/0D | score=74.8±62.8 inv=4.5 played=19.9 lanes=3.9 ddraw=21.4 pts=75
Step: 33013760  SPS: 1866  ε=0.050  ret=1.124  score=45.2  buf=100%  updates=257842
  vs Random: 122W/4L/2D | score=60.3±53.1 inv=5.8 played=21.9 lanes=4.1 ddraw=27.8 pts=60
  Self-play: 49W/51L/0D | score=64.8±62.4 inv=4.8 played=20.6 lanes=4.1 ddraw=21.7 pts=65
Step: 33095680  SPS: 1866  ε=0.050  ret=1.142  score=47.1  buf=100%  updates=258482
  vs Random: 121W/7L/0D | score=60.2±53.2 inv=6.0 played=21.7 lanes=4.1 ddraw=28.1 pts=60
  Self-play: 49W/50L/1D | score=69.6±65.3 inv=4.3 played=20.6 lanes=4.1 ddraw=22.9 pts=70
Step: 33177600  SPS: 1866  ε=0.050  ret=0.953  score=42.1  buf=100%  updates=259122
  vs Random: 95W/5L/0D | score=66.5±56.1 inv=5.8 played=21.6 lanes=4.1 ddraw=28.6 pts=67
  Self-play: 47W/54L/0D | score=53.8±64.8 inv=5.0 played=20.5 lanes=4.1 ddraw=21.5 pts=54
Step: 33259520  SPS: 1866  ε=0.050  ret=1.066  score=40.6  buf=100%  updates=259762
  vs Random: 116W/10L/2D | score=52.7±55.9 inv=5.9 played=21.1 lanes=4.0 ddraw=28.4 pts=53
  Self-play: 49W/51L/0D | score=57.8±64.8 inv=4.6 played=20.0 lanes=4.0 ddraw=22.6 pts=58
Step: 33341440  SPS: 1866  ε=0.050  ret=1.091  score=49.7  buf=100%  updates=260402
  vs Random: 114W/14L/0D | score=49.3±57.4 inv=5.9 played=20.6 lanes=4.0 ddraw=28.5 pts=49
  Self-play: 49W/50L/1D | score=60.4±61.2 inv=4.8 played=20.0 lanes=3.9 ddraw=21.3 pts=60
Step: 33423360  SPS: 1866  ε=0.050  ret=1.038  score=53.0  buf=100%  updates=261042
  vs Random: 119W/9L/0D | score=55.8±55.2 inv=5.6 played=20.6 lanes=3.9 ddraw=28.2 pts=56
  Self-play: 54W/46L/0D | score=71.2±60.7 inv=4.7 played=20.7 lanes=3.9 ddraw=22.5 pts=71
Step: 33505280  SPS: 1866  ε=0.050  ret=0.945  score=37.7  buf=100%  updates=261682
  vs Random: 97W/5L/0D | score=55.2±48.2 inv=5.8 played=21.4 lanes=4.1 ddraw=27.8 pts=55
  Self-play: 49W/51L/0D | score=64.4±59.7 inv=4.6 played=20.4 lanes=3.9 ddraw=22.1 pts=64
Step: 33587200  SPS: 1866  ε=0.050  ret=1.048  score=38.1  buf=100%  updates=262322
  vs Random: 121W/6L/1D | score=68.5±56.3 inv=6.0 played=21.9 lanes=4.1 ddraw=27.9 pts=68
  Self-play: 48W/52L/0D | score=65.6±62.2 inv=4.8 played=20.6 lanes=4.0 ddraw=20.1 pts=66
Step: 33669120  SPS: 1866  ε=0.050  ret=1.020  score=43.8  buf=100%  updates=262962
  vs Random: 95W/6L/0D | score=64.1±50.5 inv=5.9 played=21.7 lanes=4.0 ddraw=28.0 pts=64
  Self-play: 52W/49L/0D | score=61.6±61.2 inv=5.1 played=20.8 lanes=4.2 ddraw=21.5 pts=62
Step: 33751040  SPS: 1866  ε=0.050  ret=1.061  score=47.1  buf=100%  updates=263602
  vs Random: 95W/5L/0D | score=55.5±53.1 inv=6.0 played=21.1 lanes=4.0 ddraw=28.1 pts=56
  Self-play: 40W/61L/1D | score=53.3±59.2 inv=5.1 played=20.1 lanes=4.1 ddraw=21.2 pts=53
Step: 33832960  SPS: 1866  ε=0.050  ret=1.070  score=51.0  buf=100%  updates=264242
  vs Random: 117W/11L/0D | score=58.1±61.6 inv=6.0 played=21.6 lanes=4.1 ddraw=28.2 pts=58
  Self-play: 54W/45L/1D | score=67.5±62.8 inv=4.5 played=20.1 lanes=4.0 ddraw=21.8 pts=68
Step: 33914880  SPS: 1865  ε=0.050  ret=1.014  score=39.7  buf=100%  updates=264882
  vs Random: 95W/5L/0D | score=59.9±52.3 inv=5.8 played=21.1 lanes=3.9 ddraw=28.1 pts=60
  Self-play: 49W/51L/0D | score=68.2±63.0 inv=4.7 played=20.6 lanes=4.0 ddraw=23.1 pts=68
Step: 33996800  SPS: 1865  ε=0.050  ret=1.040  score=48.4  buf=100%  updates=265522
  vs Random: 117W/10L/1D | score=63.8±58.1 inv=6.0 played=21.5 lanes=4.0 ddraw=28.4 pts=64
  Self-play: 35W/65L/0D | score=53.9±61.3 inv=4.3 played=19.4 lanes=4.0 ddraw=22.0 pts=54
Step: 34078720  SPS: 1865  ε=0.050  ret=1.107  score=45.7  buf=100%  updates=266162
  vs Random: 93W/7L/0D | score=68.0±56.9 inv=6.0 played=22.6 lanes=4.1 ddraw=27.9 pts=68
  Self-play: 40W/60L/0D | score=63.0±62.5 inv=4.7 played=20.7 lanes=4.2 ddraw=21.3 pts=63
Step: 34160640  SPS: 1865  ε=0.050  ret=1.061  score=49.2  buf=100%  updates=266802
  vs Random: 97W/3L/0D | score=65.7±53.8 inv=6.0 played=21.8 lanes=4.0 ddraw=28.0 pts=66
  Self-play: 38W/61L/1D | score=66.2±60.2 inv=4.7 played=20.0 lanes=3.9 ddraw=21.4 pts=66
Step: 34242560  SPS: 1865  ε=0.050  ret=1.084  score=50.9  buf=100%  updates=267442
  vs Random: 120W/8L/0D | score=67.4±53.9 inv=5.7 played=21.6 lanes=4.1 ddraw=27.8 pts=67
  Self-play: 47W/52L/1D | score=71.0±58.6 inv=4.8 played=20.5 lanes=4.0 ddraw=21.5 pts=71
Step: 34324480  SPS: 1865  ε=0.050  ret=1.127  score=52.7  buf=100%  updates=268082
  vs Random: 90W/10L/0D | score=54.5±60.9 inv=6.2 played=21.3 lanes=4.1 ddraw=28.3 pts=55
  Self-play: 44W/56L/0D | score=66.2±49.2 inv=4.6 played=20.3 lanes=4.0 ddraw=21.2 pts=66
Step: 34406400  SPS: 1865  ε=0.050  ret=1.065  score=51.0  buf=100%  updates=268722
  vs Random: 94W/6L/0D | score=64.5±58.5 inv=6.0 played=21.5 lanes=4.0 ddraw=27.9 pts=65
  Self-play: 47W/51L/2D | score=68.0±67.6 inv=5.0 played=21.1 lanes=4.0 ddraw=20.4 pts=68
Step: 34488320  SPS: 1865  ε=0.050  ret=1.060  score=41.5  buf=100%  updates=269362
  vs Random: 117W/11L/0D | score=61.8±61.4 inv=6.0 played=21.7 lanes=4.0 ddraw=28.2 pts=62
  Self-play: 46W/54L/0D | score=60.1±57.6 inv=4.6 played=20.1 lanes=4.0 ddraw=21.1 pts=60
Step: 34570240  SPS: 1864  ε=0.050  ret=1.099  score=57.9  buf=100%  updates=270002
  vs Random: 100W/1L/0D | score=68.2±50.8 inv=6.1 played=21.9 lanes=4.0 ddraw=28.1 pts=68
  Self-play: 51W/50L/0D | score=72.1±60.0 inv=4.5 played=20.4 lanes=3.9 ddraw=21.7 pts=72
Step: 34652160  SPS: 1864  ε=0.050  ret=1.148  score=55.4  buf=100%  updates=270642
  vs Random: 93W/7L/0D | score=69.0±65.4 inv=6.5 played=22.7 lanes=4.1 ddraw=28.1 pts=69
  Self-play: 50W/49L/1D | score=62.9±62.8 inv=4.6 played=20.3 lanes=4.0 ddraw=21.4 pts=63
Step: 34734080  SPS: 1864  ε=0.050  ret=1.044  score=41.6  buf=100%  updates=271282
  vs Random: 97W/3L/1D | score=71.4±56.6 inv=6.5 played=23.5 lanes=4.2 ddraw=27.9 pts=71
  Self-play: 53W/47L/0D | score=68.0±66.5 inv=4.8 played=20.9 lanes=4.0 ddraw=21.1 pts=68
Step: 34816000  SPS: 1864  ε=0.050  ret=1.090  score=42.2  buf=100%  updates=271922
  vs Random: 120W/8L/0D | score=62.5±58.9 inv=5.8 played=21.1 lanes=3.9 ddraw=27.4 pts=63
  Self-play: 48W/52L/0D | score=70.1±62.4 inv=4.7 played=20.2 lanes=3.9 ddraw=21.6 pts=70
Step: 34897920  SPS: 1863  ε=0.050  ret=0.973  score=47.3  buf=100%  updates=272562
  vs Random: 120W/7L/1D | score=65.6±59.0 inv=6.1 played=21.8 lanes=4.0 ddraw=27.9 pts=66
  Self-play: 51W/49L/0D | score=70.3±61.0 inv=4.7 played=20.0 lanes=3.9 ddraw=20.7 pts=70
Step: 34979840  SPS: 1863  ε=0.050  ret=1.023  score=49.2  buf=100%  updates=273202
  vs Random: 120W/8L/0D | score=56.5±55.0 inv=6.0 played=21.9 lanes=4.2 ddraw=28.3 pts=56
  Self-play: 42W/58L/0D | score=54.4±61.9 inv=4.7 played=20.2 lanes=4.1 ddraw=22.3 pts=54
Step: 35061760  SPS: 1863  ε=0.050  ret=1.097  score=47.1  buf=100%  updates=273842
  vs Random: 120W/8L/0D | score=67.4±62.1 inv=6.2 played=22.3 lanes=4.1 ddraw=28.1 pts=67
  Self-play: 53W/47L/0D | score=66.9±60.2 inv=4.8 played=20.8 lanes=4.0 ddraw=20.9 pts=67
Step: 35143680  SPS: 1863  ε=0.050  ret=1.069  score=42.9  buf=100%  updates=274482
  vs Random: 121W/7L/0D | score=72.9±58.1 inv=6.2 played=22.8 lanes=4.1 ddraw=28.2 pts=73
  Self-play: 45W/55L/0D | score=66.6±59.9 inv=4.8 played=20.7 lanes=4.0 ddraw=19.8 pts=67
Step: 35225600  SPS: 1863  ε=0.050  ret=0.985  score=43.8  buf=100%  updates=275122
  vs Random: 99W/4L/0D | score=77.8±53.7 inv=6.1 played=23.2 lanes=4.2 ddraw=28.2 pts=78
  Self-play: 37W/62L/1D | score=60.7±67.9 inv=4.7 played=20.2 lanes=4.0 ddraw=21.1 pts=61
Step: 35307520  SPS: 1863  ε=0.050  ret=1.093  score=58.6  buf=100%  updates=275762
  vs Random: 121W/7L/0D | score=58.7±58.8 inv=6.3 played=22.6 lanes=4.2 ddraw=27.9 pts=59
  Self-play: 48W/51L/1D | score=65.3±59.0 inv=4.7 played=21.0 lanes=4.1 ddraw=20.3 pts=65
Step: 35389440  SPS: 1863  ε=0.050  ret=1.137  score=54.5  buf=100%  updates=276402
  vs Random: 120W/8L/0D | score=53.1±53.5 inv=6.2 played=22.2 lanes=4.3 ddraw=29.1 pts=53
  Self-play: 45W/55L/1D | score=57.3±57.0 inv=4.8 played=20.0 lanes=4.1 ddraw=21.8 pts=57
Step: 35471360  SPS: 1863  ε=0.050  ret=1.100  score=52.0  buf=100%  updates=277042
  vs Random: 119W/9L/0D | score=53.7±58.3 inv=6.1 played=21.6 lanes=4.1 ddraw=27.9 pts=54
  Self-play: 52W/48L/0D | score=76.9±59.4 inv=4.7 played=21.0 lanes=4.0 ddraw=20.5 pts=77
Step: 35553280  SPS: 1863  ε=0.050  ret=1.012  score=46.6  buf=100%  updates=277682
  vs Random: 110W/18L/0D | score=45.0±58.7 inv=6.2 played=20.8 lanes=4.0 ddraw=28.0 pts=45
  Self-play: 44W/55L/1D | score=67.9±66.8 inv=4.8 played=20.3 lanes=3.9 ddraw=21.7 pts=68
Step: 35635200  SPS: 1863  ε=0.050  ret=1.056  score=36.6  buf=100%  updates=278322
  vs Random: 91W/9L/0D | score=58.1±61.5 inv=6.4 played=22.7 lanes=4.3 ddraw=27.9 pts=58
  Self-play: 47W/54L/0D | score=57.5±63.8 inv=4.4 played=19.9 lanes=4.0 ddraw=21.8 pts=57
Step: 35717120  SPS: 1863  ε=0.050  ret=0.989  score=40.8  buf=100%  updates=278962
  vs Random: 93W/7L/0D | score=61.7±57.9 inv=6.1 played=22.1 lanes=4.1 ddraw=28.3 pts=62
  Self-play: 52W/47L/1D | score=65.5±65.8 inv=4.8 played=20.8 lanes=4.1 ddraw=20.3 pts=66
Step: 35799040  SPS: 1863  ε=0.050  ret=0.992  score=35.5  buf=100%  updates=279602
  vs Random: 122W/5L/1D | score=68.1±61.4 inv=6.2 played=22.5 lanes=4.1 ddraw=27.8 pts=68
  Self-play: 37W/65L/0D | score=61.4±64.8 inv=4.7 played=19.6 lanes=3.9 ddraw=22.1 pts=61
Step: 35880960  SPS: 1862  ε=0.050  ret=0.975  score=43.9  buf=100%  updates=280242
  vs Random: 90W/9L/1D | score=52.9±66.4 inv=6.3 played=22.2 lanes=4.2 ddraw=27.6 pts=53
  Self-play: 49W/51L/0D | score=56.4±69.0 inv=4.9 played=20.2 lanes=4.0 ddraw=21.6 pts=56
Step: 35962880  SPS: 1862  ε=0.050  ret=1.054  score=58.9  buf=100%  updates=280882
  vs Random: 88W/11L/1D | score=55.7±66.0 inv=6.0 played=22.0 lanes=4.2 ddraw=28.3 pts=56
  Self-play: 50W/49L/1D | score=60.3±69.5 inv=4.8 played=20.6 lanes=4.1 ddraw=20.2 pts=60
Step: 36044800  SPS: 1862  ε=0.050  ret=1.098  score=37.1  buf=100%  updates=281522
  vs Random: 89W/10L/1D | score=65.7±67.2 inv=6.2 played=22.7 lanes=4.3 ddraw=28.4 pts=66
  Self-play: 43W/58L/0D | score=51.4±60.6 inv=4.5 played=20.0 lanes=4.1 ddraw=21.8 pts=51
Step: 36126720  SPS: 1862  ε=0.050  ret=1.041  score=46.2  buf=100%  updates=282162
  vs Random: 111W/15L/2D | score=47.8±63.8 inv=6.3 played=21.6 lanes=4.2 ddraw=27.3 pts=48
  Self-play: 51W/49L/0D | score=74.7±66.8 inv=5.0 played=21.2 lanes=4.1 ddraw=20.6 pts=75
Step: 36208640  SPS: 1862  ε=0.050  ret=1.031  score=49.4  buf=100%  updates=282802
  vs Random: 89W/11L/0D | score=53.8±66.2 inv=6.5 played=22.5 lanes=4.3 ddraw=27.0 pts=54
  Self-play: 43W/58L/0D | score=55.0±72.9 inv=4.9 played=20.1 lanes=4.0 ddraw=21.2 pts=55
Step: 36290560  SPS: 1862  ε=0.050  ret=0.969  score=42.5  buf=100%  updates=283442
  vs Random: 98W/2L/0D | score=67.1±56.9 inv=6.4 played=22.5 lanes=4.1 ddraw=27.7 pts=67
  Self-play: 39W/60L/1D | score=59.6±61.0 inv=4.3 played=19.2 lanes=3.9 ddraw=23.5 pts=60
Step: 36372480  SPS: 1862  ε=0.050  ret=1.086  score=40.3  buf=100%  updates=284082
  vs Random: 91W/9L/0D | score=56.8±59.1 inv=6.2 played=21.8 lanes=4.1 ddraw=26.9 pts=57
  Self-play: 44W/55L/1D | score=56.7±69.2 inv=4.7 played=19.8 lanes=4.1 ddraw=21.5 pts=57
Step: 36454400  SPS: 1862  ε=0.050  ret=1.048  score=46.6  buf=100%  updates=284722
  vs Random: 112W/14L/2D | score=52.8±64.9 inv=6.3 played=21.9 lanes=4.2 ddraw=28.0 pts=53
  Self-play: 50W/54L/0D | score=59.2±67.4 inv=4.7 played=19.6 lanes=4.0 ddraw=22.4 pts=59
Step: 36536320  SPS: 1862  ε=0.050  ret=0.966  score=42.6  buf=100%  updates=285362
  vs Random: 91W/8L/1D | score=56.2±58.1 inv=6.4 played=22.1 lanes=4.2 ddraw=27.1 pts=56
  Self-play: 39W/60L/1D | score=53.6±72.1 inv=4.5 played=19.6 lanes=4.0 ddraw=21.5 pts=54
Step: 36618240  SPS: 1862  ε=0.050  ret=1.083  score=43.4  buf=100%  updates=286002
  vs Random: 119W/9L/0D | score=57.7±59.8 inv=6.5 played=22.2 lanes=4.1 ddraw=28.2 pts=58
  Self-play: 55W/46L/0D | score=68.2±65.8 inv=4.4 played=20.0 lanes=4.0 ddraw=22.9 pts=68
Step: 36700160  SPS: 1862  ε=0.050  ret=1.039  score=46.4  buf=100%  updates=286642
  vs Random: 90W/9L/1D | score=54.0±61.3 inv=6.1 played=21.4 lanes=4.1 ddraw=27.5 pts=54
  Self-play: 51W/49L/0D | score=74.8±76.3 inv=5.0 played=20.9 lanes=4.0 ddraw=21.5 pts=75
Step: 36782080  SPS: 1862  ε=0.050  ret=1.039  score=49.4  buf=100%  updates=287282
  vs Random: 96W/3L/1D | score=64.9±56.9 inv=6.4 played=22.8 lanes=4.2 ddraw=27.9 pts=65
  Self-play: 53W/48L/0D | score=59.8±62.9 inv=4.7 played=19.7 lanes=3.9 ddraw=21.2 pts=60
Step: 36864000  SPS: 1862  ε=0.050  ret=1.003  score=52.0  buf=100%  updates=287922
  vs Random: 112W/16L/0D | score=51.2±64.1 inv=6.3 played=21.9 lanes=4.2 ddraw=28.2 pts=51
  Self-play: 56W/43L/1D | score=48.6±77.0 inv=4.6 played=19.3 lanes=4.1 ddraw=22.9 pts=49
Step: 36945920  SPS: 1862  ε=0.050  ret=1.094  score=33.7  buf=100%  updates=288562
  vs Random: 88W/12L/0D | score=61.5±63.8 inv=6.3 played=22.4 lanes=4.2 ddraw=27.5 pts=62
  Self-play: 63W/39L/0D | score=78.8±56.2 inv=4.6 played=20.8 lanes=4.0 ddraw=20.9 pts=79
Step: 37027840  SPS: 1862  ε=0.050  ret=1.098  score=49.0  buf=100%  updates=289202
  vs Random: 90W/10L/0D | score=55.0±59.4 inv=6.5 played=22.8 lanes=4.3 ddraw=27.5 pts=55
  Self-play: 51W/49L/0D | score=72.0±55.7 inv=4.8 played=20.9 lanes=4.1 ddraw=20.4 pts=72
Step: 37109760  SPS: 1862  ε=0.050  ret=0.955  score=41.9  buf=100%  updates=289842
  vs Random: 94W/6L/0D | score=60.2±58.6 inv=6.5 played=22.5 lanes=4.2 ddraw=27.6 pts=60
  Self-play: 53W/47L/0D | score=75.7±66.9 inv=4.8 played=20.8 lanes=4.0 ddraw=21.4 pts=76
Step: 37191680  SPS: 1862  ε=0.050  ret=1.082  score=53.5  buf=100%  updates=290482
  vs Random: 94W/5L/1D | score=63.4±59.0 inv=6.3 played=22.7 lanes=4.2 ddraw=28.1 pts=63
  Self-play: 55W/46L/0D | score=72.4±65.9 inv=5.0 played=21.1 lanes=4.1 ddraw=20.5 pts=72
Step: 37273600  SPS: 1862  ε=0.050  ret=1.069  score=55.8  buf=100%  updates=291122
  vs Random: 92W/8L/0D | score=59.2±62.8 inv=6.2 played=22.2 lanes=4.1 ddraw=27.5 pts=59
  Self-play: 44W/55L/1D | score=68.0±58.9 inv=4.7 played=20.7 lanes=4.1 ddraw=20.3 pts=68
Step: 37355520  SPS: 1862  ε=0.050  ret=1.082  score=55.4  buf=100%  updates=291762
  vs Random: 90W/10L/1D | score=54.2±59.9 inv=6.5 played=22.8 lanes=4.3 ddraw=28.0 pts=54
  Self-play: 49W/51L/0D | score=66.6±63.4 inv=4.5 played=20.3 lanes=4.0 ddraw=20.8 pts=67
Step: 37437440  SPS: 1862  ε=0.050  ret=1.098  score=38.3  buf=100%  updates=292402
  vs Random: 94W/8L/0D | score=65.4±62.8 inv=6.5 played=23.5 lanes=4.4 ddraw=27.4 pts=65
  Self-play: 41W/59L/0D | score=62.3±63.6 inv=5.0 played=20.8 lanes=4.2 ddraw=19.2 pts=62
Step: 37519360  SPS: 1862  ε=0.050  ret=1.142  score=51.7  buf=100%  updates=293042
  vs Random: 87W/13L/0D | score=58.9±72.4 inv=6.5 played=22.5 lanes=4.3 ddraw=27.2 pts=59
  Self-play: 46W/54L/0D | score=66.8±55.7 inv=5.2 played=20.9 lanes=4.2 ddraw=20.0 pts=67
Step: 37601280  SPS: 1862  ε=0.050  ret=1.065  score=47.0  buf=100%  updates=293682
  vs Random: 97W/4L/1D | score=64.3±59.3 inv=6.5 played=23.0 lanes=4.2 ddraw=27.6 pts=64
  Self-play: 51W/49L/0D | score=60.9±64.0 inv=4.8 played=20.8 lanes=4.2 ddraw=21.4 pts=61
Step: 37683200  SPS: 1862  ε=0.050  ret=1.040  score=53.1  buf=100%  updates=294322
  vs Random: 85W/15L/0D | score=53.5±66.6 inv=6.5 played=22.4 lanes=4.2 ddraw=28.0 pts=53
  Self-play: 51W/49L/0D | score=62.6±63.8 inv=5.0 played=20.4 lanes=4.0 ddraw=20.8 pts=63
Step: 37765120  SPS: 1862  ε=0.050  ret=1.032  score=57.5  buf=100%  updates=294962
  vs Random: 98W/3L/0D | score=61.3±62.1 inv=6.4 played=22.4 lanes=4.1 ddraw=27.4 pts=61
  Self-play: 47W/52L/1D | score=72.3±57.6 inv=5.0 played=20.8 lanes=4.0 ddraw=21.0 pts=72
Step: 37847040  SPS: 1862  ε=0.050  ret=0.869  score=34.9  buf=100%  updates=295602
  vs Random: 97W/3L/0D | score=63.4±60.2 inv=6.2 played=22.1 lanes=4.1 ddraw=27.3 pts=63
  Self-play: 55W/44L/1D | score=72.7±57.5 inv=5.2 played=21.1 lanes=4.1 ddraw=21.1 pts=73
Step: 37928960  SPS: 1862  ε=0.050  ret=0.911  score=40.6  buf=100%  updates=296242
  vs Random: 90W/11L/0D | score=63.3±63.5 inv=6.3 played=22.5 lanes=4.2 ddraw=27.7 pts=63
  Self-play: 52W/48L/0D | score=69.7±57.6 inv=4.8 played=20.8 lanes=4.2 ddraw=20.8 pts=70
Step: 38010880  SPS: 1862  ε=0.050  ret=0.890  score=38.6  buf=100%  updates=296882
  vs Random: 89W/11L/0D | score=58.2±62.0 inv=6.5 played=21.9 lanes=4.1 ddraw=27.6 pts=58
  Self-play: 46W/53L/1D | score=60.0±62.4 inv=4.8 played=20.5 lanes=4.1 ddraw=20.9 pts=60
Step: 38092800  SPS: 1862  ε=0.050  ret=1.066  score=47.3  buf=100%  updates=297522
  vs Random: 86W/13L/1D | score=56.9±70.9 inv=6.4 played=22.1 lanes=4.2 ddraw=26.9 pts=57
  Self-play: 49W/51L/1D | score=74.5±70.9 inv=4.9 played=21.2 lanes=4.1 ddraw=21.3 pts=75
Step: 38174720  SPS: 1862  ε=0.050  ret=1.015  score=46.1  buf=100%  updates=298162
  vs Random: 93W/7L/1D | score=61.1±66.3 inv=6.3 played=22.4 lanes=4.2 ddraw=27.7 pts=61
  Self-play: 50W/50L/0D | score=69.6±62.3 inv=4.7 played=20.3 lanes=3.9 ddraw=21.6 pts=70
Step: 38256640  SPS: 1862  ε=0.050  ret=1.163  score=53.3  buf=100%  updates=298802
  vs Random: 91W/9L/0D | score=61.5±60.6 inv=6.3 played=21.9 lanes=4.1 ddraw=27.4 pts=62
  Self-play: 42W/59L/0D | score=65.1±61.3 inv=4.8 played=20.4 lanes=4.1 ddraw=20.6 pts=65
Step: 38338560  SPS: 1862  ε=0.050  ret=1.075  score=52.9  buf=100%  updates=299442
  vs Random: 85W/16L/0D | score=45.7±73.1 inv=6.3 played=21.8 lanes=4.2 ddraw=27.5 pts=46
  Self-play: 48W/52L/0D | score=70.8±59.0 inv=4.8 played=20.8 lanes=4.1 ddraw=21.3 pts=71
Step: 38420480  SPS: 1862  ε=0.050  ret=1.136  score=53.2  buf=100%  updates=300082
  vs Random: 93W/7L/0D | score=55.0±67.9 inv=6.3 played=21.4 lanes=4.0 ddraw=27.2 pts=55
  Self-play: 49W/50L/1D | score=62.0±66.5 inv=4.9 played=20.4 lanes=4.0 ddraw=20.0 pts=62
Step: 38502400  SPS: 1862  ε=0.050  ret=1.083  score=52.6  buf=100%  updates=300722
  vs Random: 111W/15L/2D | score=55.0±62.5 inv=6.0 played=21.3 lanes=4.1 ddraw=27.6 pts=55
  Self-play: 49W/51L/0D | score=66.4±59.1 inv=4.6 played=20.7 lanes=4.2 ddraw=19.9 pts=66
Step: 38584320  SPS: 1862  ε=0.050  ret=1.055  score=40.7  buf=100%  updates=301362
  vs Random: 119W/9L/0D | score=68.7±61.5 inv=6.5 played=23.0 lanes=4.2 ddraw=27.5 pts=69
  Self-play: 51W/50L/0D | score=66.8±55.7 inv=5.0 played=21.0 lanes=4.1 ddraw=19.6 pts=67
Step: 38666240  SPS: 1862  ε=0.050  ret=1.089  score=48.6  buf=100%  updates=302002
  vs Random: 91W/9L/1D | score=58.4±62.0 inv=6.3 played=22.4 lanes=4.2 ddraw=27.9 pts=58
  Self-play: 47W/51L/2D | score=65.3±58.5 inv=4.6 played=20.4 lanes=4.1 ddraw=20.6 pts=65
Step: 38748160  SPS: 1862  ε=0.050  ret=1.223  score=56.4  buf=100%  updates=302642
  vs Random: 92W/8L/0D | score=68.7±65.0 inv=6.5 played=22.1 lanes=4.1 ddraw=27.3 pts=69
  Self-play: 45W/55L/0D | score=75.8±59.7 inv=4.8 played=21.0 lanes=4.0 ddraw=21.4 pts=76
Step: 38830080  SPS: 1862  ε=0.050  ret=1.133  score=50.8  buf=100%  updates=303282
  vs Random: 92W/8L/1D | score=61.0±60.6 inv=6.2 played=22.5 lanes=4.2 ddraw=28.1 pts=61
  Self-play: 48W/52L/0D | score=63.6±61.9 inv=4.6 played=20.3 lanes=4.0 ddraw=22.0 pts=64
Step: 38912000  SPS: 1862  ε=0.050  ret=0.983  score=34.8  buf=100%  updates=303922
  vs Random: 90W/9L/1D | score=54.9±65.5 inv=6.3 played=21.7 lanes=4.1 ddraw=27.4 pts=55
  Self-play: 54W/47L/0D | score=59.5±64.8 inv=4.9 played=20.6 lanes=4.2 ddraw=19.9 pts=59
Step: 38993920  SPS: 1862  ε=0.050  ret=1.089  score=45.9  buf=100%  updates=304562
  vs Random: 97W/4L/0D | score=70.5±58.0 inv=6.2 played=22.7 lanes=4.2 ddraw=27.2 pts=70
  Self-play: 39W/61L/0D | score=67.1±54.0 inv=5.0 played=21.0 lanes=4.1 ddraw=19.4 pts=67
Step: 39075840  SPS: 1862  ε=0.050  ret=1.149  score=58.4  buf=100%  updates=305202
  vs Random: 93W/7L/0D | score=62.0±60.3 inv=6.3 played=22.3 lanes=4.2 ddraw=27.9 pts=62
  Self-play: 45W/55L/0D | score=56.6±67.6 inv=4.5 played=20.0 lanes=4.1 ddraw=22.1 pts=57
Step: 39157760  SPS: 1862  ε=0.050  ret=0.881  score=34.2  buf=100%  updates=305842
  vs Random: 117W/11L/0D | score=58.0±59.2 inv=6.4 played=22.0 lanes=4.1 ddraw=27.5 pts=58
  Self-play: 47W/53L/0D | score=73.5±62.2 inv=4.7 played=20.5 lanes=3.9 ddraw=21.2 pts=74
Step: 39239680  SPS: 1862  ε=0.050  ret=1.116  score=54.9  buf=100%  updates=306482
  vs Random: 87W/13L/0D | score=47.6±63.3 inv=6.1 played=21.4 lanes=4.1 ddraw=27.5 pts=48
  Self-play: 49W/52L/0D | score=72.9±65.5 inv=5.0 played=20.8 lanes=4.1 ddraw=20.2 pts=73
Step: 39321600  SPS: 1862  ε=0.050  ret=1.047  score=45.7  buf=100%  updates=307122
  vs Random: 116W/12L/0D | score=55.2±64.8 inv=6.5 played=21.7 lanes=4.1 ddraw=27.3 pts=55
  Self-play: 38W/63L/1D | score=58.8±67.2 inv=4.8 played=19.8 lanes=3.9 ddraw=22.0 pts=59
Step: 39403520  SPS: 1862  ε=0.050  ret=1.099  score=41.5  buf=100%  updates=307762
  vs Random: 92W/9L/0D | score=58.9±65.4 inv=6.4 played=22.8 lanes=4.2 ddraw=27.7 pts=59
  Self-play: 46W/55L/0D | score=77.2±69.7 inv=4.6 played=20.8 lanes=3.9 ddraw=21.4 pts=77
Step: 39485440  SPS: 1862  ε=0.050  ret=1.163  score=57.3  buf=100%  updates=308402
  vs Random: 94W/6L/0D | score=64.8±57.9 inv=6.5 played=22.8 lanes=4.2 ddraw=27.7 pts=65
  Self-play: 48W/52L/0D | score=71.4±63.8 inv=4.4 played=20.7 lanes=4.0 ddraw=20.6 pts=71
Step: 39567360  SPS: 1862  ε=0.050  ret=0.915  score=42.1  buf=100%  updates=309042
  vs Random: 107W/21L/0D | score=48.8±68.8 inv=6.3 played=21.6 lanes=4.2 ddraw=27.0 pts=49
  Self-play: 46W/53L/1D | score=73.3±65.0 inv=4.4 played=20.6 lanes=4.0 ddraw=22.3 pts=73
Step: 39649280  SPS: 1862  ε=0.050  ret=0.935  score=39.6  buf=100%  updates=309682
  vs Random: 90W/10L/0D | score=64.5±66.2 inv=6.7 played=22.9 lanes=4.2 ddraw=27.9 pts=65
  Self-play: 50W/50L/0D | score=71.0±59.5 inv=4.7 played=20.7 lanes=4.0 ddraw=22.1 pts=71
Step: 39731200  SPS: 1862  ε=0.050  ret=1.042  score=44.5  buf=100%  updates=310322
  vs Random: 93W/7L/0D | score=54.8±61.7 inv=6.5 played=22.3 lanes=4.2 ddraw=28.2 pts=55
  Self-play: 36W/63L/1D | score=63.4±58.2 inv=4.6 played=20.5 lanes=4.0 ddraw=21.5 pts=63
Step: 39813120  SPS: 1862  ε=0.050  ret=1.012  score=43.9  buf=100%  updates=310962
  vs Random: 107W/20L/1D | score=48.2±64.8 inv=6.1 played=21.1 lanes=4.1 ddraw=27.6 pts=48
  Self-play: 43W/58L/0D | score=65.1±58.5 inv=4.8 played=20.7 lanes=4.0 ddraw=21.3 pts=65
Step: 39895040  SPS: 1861  ε=0.050  ret=0.909  score=40.5  buf=100%  updates=311602
  vs Random: 113W/15L/0D | score=57.8±63.1 inv=6.2 played=22.1 lanes=4.1 ddraw=27.5 pts=58
  Self-play: 58W/42L/0D | score=83.7±59.1 inv=4.5 played=21.1 lanes=3.9 ddraw=20.0 pts=84
Step: 39976960  SPS: 1861  ε=0.050  ret=0.933  score=42.7  buf=100%  updates=312242
  vs Random: 113W/13L/2D | score=60.4±65.1 inv=6.2 played=21.5 lanes=4.0 ddraw=27.1 pts=60
  Self-play: 46W/53L/1D | score=69.0±64.0 inv=4.7 played=20.5 lanes=4.1 ddraw=20.0 pts=69
Step: 40058880  SPS: 1861  ε=0.050  ret=0.976  score=37.6  buf=100%  updates=312882
  vs Random: 119W/8L/1D | score=58.4±64.1 inv=6.7 played=22.3 lanes=4.1 ddraw=27.2 pts=58
  Self-play: 50W/50L/0D | score=73.3±63.8 inv=4.8 played=21.1 lanes=4.1 ddraw=21.1 pts=73
Step: 40140800  SPS: 1861  ε=0.050  ret=0.934  score=44.5  buf=100%  updates=313522
  vs Random: 90W/10L/1D | score=61.0±66.1 inv=6.5 played=22.4 lanes=4.1 ddraw=27.4 pts=61
  Self-play: 54W/45L/1D | score=73.2±62.4 inv=4.8 played=21.0 lanes=4.1 ddraw=21.1 pts=73
Step: 40222720  SPS: 1861  ε=0.050  ret=0.999  score=39.5  buf=100%  updates=314162
  vs Random: 95W/5L/0D | score=60.9±62.2 inv=6.4 played=21.8 lanes=4.1 ddraw=27.3 pts=61
  Self-play: 45W/55L/0D | score=72.9±66.1 inv=4.7 played=20.7 lanes=4.0 ddraw=19.8 pts=73
Step: 40304640  SPS: 1861  ε=0.050  ret=1.037  score=52.8  buf=100%  updates=314802
  vs Random: 91W/8L/1D | score=61.8±66.1 inv=6.5 played=22.8 lanes=4.2 ddraw=28.0 pts=62
  Self-play: 41W/58L/1D | score=73.8±64.3 inv=4.7 played=21.0 lanes=4.0 ddraw=20.0 pts=74
Step: 40386560  SPS: 1861  ε=0.050  ret=1.088  score=43.9  buf=100%  updates=315442
  vs Random: 87W/13L/0D | score=57.6±69.9 inv=6.6 played=21.9 lanes=4.0 ddraw=27.4 pts=58
  Self-play: 48W/53L/0D | score=67.5±63.7 inv=4.4 played=20.2 lanes=4.0 ddraw=20.9 pts=68
Step: 40468480  SPS: 1861  ε=0.050  ret=1.030  score=37.2  buf=100%  updates=316082
  vs Random: 90W/10L/0D | score=53.6±62.3 inv=6.2 played=21.3 lanes=4.0 ddraw=27.1 pts=54
  Self-play: 46W/53L/1D | score=73.1±69.8 inv=4.7 played=21.1 lanes=4.1 ddraw=19.6 pts=73
Step: 40550400  SPS: 1861  ε=0.050  ret=1.060  score=37.3  buf=100%  updates=316722
  vs Random: 90W/11L/0D | score=53.4±66.2 inv=6.3 played=21.5 lanes=4.0 ddraw=27.7 pts=53
  Self-play: 55W/45L/0D | score=84.1±57.8 inv=4.9 played=21.2 lanes=3.9 ddraw=20.3 pts=84
Step: 40632320  SPS: 1861  ε=0.050  ret=1.060  score=48.7  buf=100%  updates=317362
  vs Random: 86W/13L/1D | score=53.7±66.4 inv=6.3 played=21.5 lanes=4.0 ddraw=28.1 pts=54
  Self-play: 44W/56L/0D | score=70.8±61.6 inv=4.5 played=20.4 lanes=3.9 ddraw=20.1 pts=71
Step: 40714240  SPS: 1861  ε=0.050  ret=0.863  score=29.7  buf=100%  updates=318002
  vs Random: 85W/15L/0D | score=49.2±63.4 inv=6.4 played=21.4 lanes=4.1 ddraw=27.7 pts=49
  Self-play: 40W/60L/0D | score=62.0±56.4 inv=4.5 played=20.2 lanes=4.0 ddraw=20.6 pts=62
Step: 40796160  SPS: 1860  ε=0.050  ret=1.101  score=48.1  buf=100%  updates=318642
  vs Random: 114W/14L/0D | score=49.6±62.7 inv=6.1 played=21.1 lanes=4.1 ddraw=27.9 pts=50
  Self-play: 37W/63L/0D | score=65.2±65.5 inv=4.4 played=20.0 lanes=3.9 ddraw=21.4 pts=65
Step: 40878080  SPS: 1860  ε=0.050  ret=0.872  score=36.4  buf=100%  updates=319282
  vs Random: 84W/15L/1D | score=44.7±68.0 inv=6.4 played=21.6 lanes=4.2 ddraw=28.1 pts=45
  Self-play: 47W/53L/0D | score=57.4±60.6 inv=4.9 played=20.1 lanes=4.0 ddraw=21.0 pts=57
Step: 40960000  SPS: 1860  ε=0.050  ret=1.176  score=49.6  buf=100%  updates=319922
  vs Random: 84W/15L/1D | score=42.9±62.9 inv=6.5 played=21.1 lanes=4.1 ddraw=26.8 pts=43
  Self-play: 48W/52L/0D | score=69.0±59.7 inv=4.6 played=20.7 lanes=4.1 ddraw=20.6 pts=69
Step: 41041920  SPS: 1860  ε=0.050  ret=0.923  score=38.4  buf=100%  updates=320562
  vs Random: 114W/14L/0D | score=55.2±63.5 inv=6.6 played=22.1 lanes=4.1 ddraw=27.6 pts=55
  Self-play: 37W/62L/1D | score=53.9±60.6 inv=5.1 played=20.9 lanes=4.2 ddraw=19.8 pts=54
Step: 41123840  SPS: 1860  ε=0.050  ret=1.098  score=46.8  buf=100%  updates=321202
  vs Random: 109W/19L/0D | score=37.6±60.4 inv=6.4 played=20.8 lanes=4.1 ddraw=27.5 pts=38
  Self-play: 53W/49L/0D | score=73.2±66.2 inv=4.7 played=20.9 lanes=4.1 ddraw=20.8 pts=73
Step: 41205760  SPS: 1860  ε=0.050  ret=1.062  score=40.3  buf=100%  updates=321842
  vs Random: 87W/13L/0D | score=55.0±68.3 inv=6.5 played=21.6 lanes=4.1 ddraw=27.9 pts=55
  Self-play: 50W/50L/0D | score=67.9±62.6 inv=4.8 played=20.6 lanes=4.1 ddraw=20.3 pts=68
Step: 41287680  SPS: 1860  ε=0.050  ret=0.927  score=39.9  buf=100%  updates=322482
  vs Random: 91W/8L/1D | score=53.6±61.4 inv=6.2 played=21.5 lanes=4.1 ddraw=27.5 pts=54
  Self-play: 46W/54L/0D | score=60.0±52.8 inv=4.5 played=20.3 lanes=4.1 ddraw=20.9 pts=60
Step: 41369600  SPS: 1860  ε=0.050  ret=1.219  score=48.4  buf=100%  updates=323122
  vs Random: 81W/19L/0D | score=43.8±69.6 inv=6.3 played=21.0 lanes=4.1 ddraw=28.4 pts=44
  Self-play: 44W/55L/1D | score=63.8±62.5 inv=4.5 played=19.8 lanes=4.0 ddraw=22.8 pts=64
Step: 41451520  SPS: 1860  ε=0.050  ret=1.024  score=38.9  buf=100%  updates=323762
  vs Random: 89W/10L/1D | score=48.8±64.5 inv=6.2 played=21.2 lanes=4.1 ddraw=27.3 pts=49
  Self-play: 47W/53L/0D | score=69.5±56.9 inv=4.7 played=20.8 lanes=4.0 ddraw=20.1 pts=70
Step: 41533440  SPS: 1860  ε=0.050  ret=1.016  score=47.0  buf=100%  updates=324402
  vs Random: 120W/8L/0D | score=57.2±55.7 inv=6.2 played=21.4 lanes=4.0 ddraw=28.4 pts=57
  Self-play: 49W/51L/0D | score=68.5±59.9 inv=4.7 played=20.6 lanes=4.0 ddraw=20.6 pts=69
Step: 41615360  SPS: 1860  ε=0.050  ret=0.984  score=47.1  buf=100%  updates=325042
  vs Random: 122W/6L/0D | score=71.2±56.9 inv=5.9 played=21.8 lanes=4.0 ddraw=28.1 pts=71
  Self-play: 42W/59L/0D | score=72.0±64.6 inv=4.9 played=20.7 lanes=4.0 ddraw=20.8 pts=72
Step: 41697280  SPS: 1860  ε=0.050  ret=0.893  score=36.4  buf=100%  updates=325682
  vs Random: 110W/18L/0D | score=42.0±59.8 inv=6.4 played=20.7 lanes=4.1 ddraw=27.9 pts=42
  Self-play: 49W/51L/0D | score=80.6±66.5 inv=4.7 played=20.3 lanes=3.8 ddraw=21.3 pts=81
Step: 41779200  SPS: 1860  ε=0.050  ret=1.135  score=51.0  buf=100%  updates=326322
  vs Random: 120W/7L/1D | score=61.5±58.6 inv=6.0 played=21.5 lanes=4.1 ddraw=27.8 pts=61
  Self-play: 44W/56L/0D | score=59.0±74.3 inv=5.0 played=20.1 lanes=4.0 ddraw=20.9 pts=59
Step: 41861120  SPS: 1860  ε=0.050  ret=1.162  score=48.0  buf=100%  updates=326962
  vs Random: 94W/6L/0D | score=68.7±58.0 inv=6.4 played=22.3 lanes=4.1 ddraw=27.4 pts=69
  Self-play: 45W/54L/1D | score=66.8±72.5 inv=4.8 played=20.5 lanes=4.0 ddraw=21.3 pts=67
Step: 41943040  SPS: 1860  ε=0.050  ret=1.026  score=46.2  buf=100%  updates=327602
  vs Random: 88W/12L/0D | score=54.9±62.0 inv=6.2 played=21.1 lanes=4.0 ddraw=27.1 pts=55
  Self-play: 56W/44L/0D | score=77.3±63.2 inv=4.9 played=21.3 lanes=4.1 ddraw=20.3 pts=77
Step: 42024960  SPS: 1860  ε=0.050  ret=1.003  score=38.0  buf=100%  updates=328242
  vs Random: 90W/9L/1D | score=61.1±64.8 inv=6.3 played=21.9 lanes=4.1 ddraw=27.4 pts=61
  Self-play: 53W/47L/0D | score=72.5±58.2 inv=4.6 played=20.6 lanes=4.0 ddraw=19.8 pts=73
Step: 42106880  SPS: 1860  ε=0.050  ret=1.187  score=60.8  buf=100%  updates=328882
  vs Random: 112W/16L/0D | score=48.3±63.3 inv=6.1 played=21.2 lanes=4.1 ddraw=27.8 pts=48
  Self-play: 43W/58L/0D | score=60.1±63.1 inv=4.7 played=20.2 lanes=4.0 ddraw=21.4 pts=60
Step: 42188800  SPS: 1860  ε=0.050  ret=1.016  score=52.0  buf=100%  updates=329522
  vs Random: 120W/8L/0D | score=59.3±57.2 inv=6.1 played=21.1 lanes=3.9 ddraw=27.6 pts=59
  Self-play: 48W/53L/0D | score=73.6±66.1 inv=4.9 played=20.0 lanes=3.9 ddraw=21.7 pts=74
Step: 42270720  SPS: 1860  ε=0.050  ret=1.115  score=51.7  buf=100%  updates=330162
  vs Random: 90W/10L/1D | score=53.9±66.7 inv=6.4 played=21.0 lanes=4.0 ddraw=27.6 pts=54
  Self-play: 44W/53L/3D | score=61.6±65.3 inv=5.0 played=20.1 lanes=4.0 ddraw=20.8 pts=62
Step: 42352640  SPS: 1860  ε=0.050  ret=1.039  score=51.2  buf=100%  updates=330802
  vs Random: 87W/14L/0D | score=44.4±65.7 inv=6.4 played=21.0 lanes=4.1 ddraw=28.4 pts=44
  Self-play: 47W/55L/0D | score=66.4±62.2 inv=4.6 played=20.0 lanes=4.1 ddraw=21.0 pts=66
Step: 42434560  SPS: 1860  ε=0.050  ret=1.057  score=44.0  buf=100%  updates=331442
  vs Random: 121W/7L/0D | score=60.2±56.1 inv=6.3 played=22.0 lanes=4.1 ddraw=27.8 pts=60
  Self-play: 42W/59L/0D | score=65.3±57.8 inv=4.5 played=20.1 lanes=3.9 ddraw=21.6 pts=65
Step: 42516480  SPS: 1860  ε=0.050  ret=0.971  score=45.9  buf=100%  updates=332082
  vs Random: 91W/9L/0D | score=68.5±65.2 inv=6.5 played=22.4 lanes=4.1 ddraw=27.4 pts=69
  Self-play: 46W/54L/1D | score=64.7±60.4 inv=4.9 played=20.8 lanes=4.1 ddraw=19.4 pts=65
Step: 42598400  SPS: 1860  ε=0.050  ret=1.066  score=49.7  buf=100%  updates=332722
  vs Random: 116W/11L/1D | score=60.9±59.4 inv=6.2 played=22.1 lanes=4.1 ddraw=28.6 pts=61
  Self-play: 51W/50L/0D | score=69.1±58.7 inv=4.7 played=20.3 lanes=4.0 ddraw=20.9 pts=69
Step: 42680320  SPS: 1860  ε=0.050  ret=1.012  score=41.3  buf=100%  updates=333362
  vs Random: 94W/6L/0D | score=63.1±59.4 inv=6.5 played=21.9 lanes=4.1 ddraw=27.9 pts=63
  Self-play: 52W/47L/1D | score=63.8±55.8 inv=4.8 played=20.3 lanes=4.1 ddraw=21.3 pts=64
Step: 42762240  SPS: 1860  ε=0.050  ret=0.906  score=36.9  buf=100%  updates=334002
  vs Random: 89W/11L/1D | score=55.3±58.6 inv=6.6 played=21.7 lanes=4.1 ddraw=27.5 pts=55
  Self-play: 47W/53L/0D | score=65.0±67.9 inv=4.7 played=20.1 lanes=3.9 ddraw=22.4 pts=65
Step: 42844160  SPS: 1860  ε=0.050  ret=0.968  score=43.3  buf=100%  updates=334642
  vs Random: 116W/12L/0D | score=55.3±58.3 inv=6.5 played=22.3 lanes=4.1 ddraw=27.8 pts=55
  Self-play: 46W/53L/1D | score=63.6±60.6 inv=4.8 played=20.1 lanes=4.0 ddraw=21.6 pts=64
Step: 42926080  SPS: 1860  ε=0.050  ret=1.036  score=41.5  buf=100%  updates=335282
  vs Random: 120W/7L/1D | score=58.1±62.9 inv=6.0 played=21.3 lanes=4.0 ddraw=28.2 pts=58
  Self-play: 50W/49L/1D | score=69.0±65.8 inv=4.8 played=20.4 lanes=4.0 ddraw=21.1 pts=69
Step: 43008000  SPS: 1860  ε=0.050  ret=1.094  score=56.4  buf=100%  updates=335922
  vs Random: 91W/8L/1D | score=51.2±58.9 inv=6.3 played=21.6 lanes=4.1 ddraw=28.0 pts=51
  Self-play: 47W/57L/0D | score=62.8±67.7 inv=4.8 played=20.3 lanes=4.0 ddraw=22.5 pts=63
Step: 43089920  SPS: 1860  ε=0.050  ret=1.097  score=45.5  buf=100%  updates=336562
  vs Random: 119W/9L/0D | score=65.9±55.7 inv=6.1 played=21.8 lanes=4.0 ddraw=27.6 pts=66
  Self-play: 41W/58L/1D | score=66.8±63.9 inv=4.8 played=20.5 lanes=4.1 ddraw=19.9 pts=67
Step: 43171840  SPS: 1860  ε=0.050  ret=1.126  score=49.0  buf=100%  updates=337202
  vs Random: 94W/7L/0D | score=64.5±67.2 inv=6.2 played=21.0 lanes=3.9 ddraw=27.6 pts=64
  Self-play: 46W/54L/0D | score=72.0±63.0 inv=4.6 played=20.0 lanes=3.9 ddraw=22.7 pts=72
Step: 43253760  SPS: 1860  ε=0.050  ret=1.097  score=47.3  buf=100%  updates=337842
  vs Random: 119W/8L/1D | score=60.5±57.0 inv=6.2 played=21.2 lanes=3.9 ddraw=27.9 pts=61
  Self-play: 44W/56L/0D | score=64.7±60.5 inv=4.3 played=19.5 lanes=3.9 ddraw=22.1 pts=65
Step: 43335680  SPS: 1860  ε=0.050  ret=1.052  score=50.0  buf=100%  updates=338482
  vs Random: 91W/9L/0D | score=67.5±63.4 inv=6.3 played=21.8 lanes=4.0 ddraw=27.8 pts=68
  Self-play: 44W/56L/0D | score=71.5±60.8 inv=4.6 played=20.0 lanes=3.9 ddraw=21.1 pts=72
Step: 43417600  SPS: 1860  ε=0.050  ret=1.068  score=47.3  buf=100%  updates=339122
  vs Random: 121W/7L/0D | score=59.3±56.7 inv=6.1 played=21.7 lanes=4.1 ddraw=27.6 pts=59
  Self-play: 45W/56L/0D | score=67.8±59.3 inv=4.6 played=20.3 lanes=3.9 ddraw=22.0 pts=68
Step: 43499520  SPS: 1860  ε=0.050  ret=1.023  score=51.6  buf=100%  updates=339762
  vs Random: 117W/11L/0D | score=56.5±64.8 inv=6.3 played=21.4 lanes=4.0 ddraw=28.6 pts=56
  Self-play: 57W/43L/0D | score=65.2±65.8 inv=4.9 played=20.2 lanes=4.0 ddraw=21.4 pts=65
Step: 43581440  SPS: 1860  ε=0.050  ret=1.078  score=48.4  buf=100%  updates=340402
  vs Random: 123W/5L/0D | score=63.9±55.7 inv=6.1 played=21.5 lanes=3.9 ddraw=27.7 pts=64
  Self-play: 56W/44L/0D | score=80.1±62.1 inv=4.5 played=20.6 lanes=3.9 ddraw=21.9 pts=80
Step: 43663360  SPS: 1860  ε=0.050  ret=0.992  score=37.3  buf=100%  updates=341042
  vs Random: 117W/11L/0D | score=57.5±62.1 inv=6.1 played=21.0 lanes=4.0 ddraw=28.3 pts=58
  Self-play: 45W/54L/1D | score=74.2±60.3 inv=4.7 played=20.5 lanes=3.9 ddraw=22.7 pts=74
Step: 43745280  SPS: 1860  ε=0.050  ret=1.161  score=62.1  buf=100%  updates=341682
  vs Random: 119W/8L/1D | score=53.7±59.6 inv=6.0 played=20.8 lanes=4.0 ddraw=28.1 pts=54
  Self-play: 43W/57L/0D | score=58.4±74.7 inv=4.7 played=20.1 lanes=4.0 ddraw=22.7 pts=58
Step: 43827200  SPS: 1860  ε=0.050  ret=1.143  score=44.6  buf=100%  updates=342322
  vs Random: 124W/4L/0D | score=59.4±51.0 inv=5.8 played=21.1 lanes=4.0 ddraw=28.0 pts=59
  Self-play: 44W/55L/1D | score=71.4±62.8 inv=4.8 played=20.1 lanes=4.0 ddraw=22.1 pts=71
Step: 43909120  SPS: 1860  ε=0.050  ret=1.001  score=44.2  buf=100%  updates=342962
  vs Random: 92W/8L/0D | score=65.2±57.3 inv=6.3 played=22.2 lanes=4.1 ddraw=27.3 pts=65
  Self-play: 49W/51L/0D | score=75.6±53.8 inv=4.8 played=20.7 lanes=3.9 ddraw=21.2 pts=76
Step: 43991040  SPS: 1860  ε=0.050  ret=1.030  score=44.2  buf=100%  updates=343602
  vs Random: 119W/9L/0D | score=58.4±60.0 inv=6.2 played=21.5 lanes=4.0 ddraw=28.6 pts=58
  Self-play: 51W/48L/1D | score=74.0±57.1 inv=4.4 played=20.5 lanes=3.9 ddraw=22.4 pts=74
Step: 44072960  SPS: 1860  ε=0.050  ret=1.188  score=55.9  buf=100%  updates=344242
  vs Random: 121W/7L/0D | score=64.1±59.8 inv=6.1 played=22.0 lanes=4.0 ddraw=28.3 pts=64
  Self-play: 47W/53L/1D | score=77.2±61.4 inv=4.7 played=20.5 lanes=3.9 ddraw=21.8 pts=77
Step: 44154880  SPS: 1860  ε=0.050  ret=1.027  score=45.8  buf=100%  updates=344882
  vs Random: 94W/6L/0D | score=69.8±58.2 inv=6.3 played=22.2 lanes=4.2 ddraw=27.5 pts=70
  Self-play: 59W/40L/1D | score=75.0±67.4 inv=4.7 played=20.5 lanes=3.9 ddraw=21.4 pts=75
Step: 44236800  SPS: 1860  ε=0.050  ret=0.981  score=54.3  buf=100%  updates=345522
  vs Random: 121W/7L/0D | score=61.9±60.4 inv=6.0 played=21.2 lanes=4.0 ddraw=27.6 pts=62
  Self-play: 52W/48L/0D | score=83.6±60.8 inv=4.5 played=20.4 lanes=3.7 ddraw=22.4 pts=84
Step: 44318720  SPS: 1860  ε=0.050  ret=1.035  score=43.0  buf=100%  updates=346162
  vs Random: 117W/11L/0D | score=60.5±60.2 inv=5.9 played=21.2 lanes=4.0 ddraw=27.8 pts=60
  Self-play: 51W/50L/0D | score=80.9±62.9 inv=4.5 played=19.9 lanes=3.8 ddraw=22.2 pts=81
Step: 44400640  SPS: 1860  ε=0.050  ret=1.171  score=60.0  buf=100%  updates=346802
  vs Random: 93W/6L/3D | score=53.8±54.5 inv=5.9 played=20.7 lanes=4.0 ddraw=27.9 pts=54
  Self-play: 53W/47L/0D | score=75.5±62.3 inv=4.9 played=20.4 lanes=3.9 ddraw=21.6 pts=75
Step: 44482560  SPS: 1860  ε=0.050  ret=0.993  score=40.9  buf=100%  updates=347442
  vs Random: 114W/13L/1D | score=49.1±60.7 inv=6.1 played=20.9 lanes=4.1 ddraw=28.4 pts=49
  Self-play: 48W/52L/0D | score=63.0±70.5 inv=4.6 played=19.6 lanes=3.9 ddraw=21.8 pts=63
Step: 44564480  SPS: 1860  ε=0.050  ret=1.042  score=47.3  buf=100%  updates=348082
  vs Random: 117W/11L/0D | score=57.9±53.9 inv=6.0 played=21.8 lanes=4.1 ddraw=27.7 pts=58
  Self-play: 46W/54L/0D | score=74.6±63.6 inv=4.5 played=20.6 lanes=4.0 ddraw=21.5 pts=75
Step: 44646400  SPS: 1860  ε=0.050  ret=1.076  score=52.6  buf=100%  updates=348722
  vs Random: 97W/3L/0D | score=81.3±58.0 inv=6.4 played=22.9 lanes=4.0 ddraw=27.7 pts=81
  Self-play: 46W/52L/2D | score=65.9±62.9 inv=5.0 played=20.5 lanes=4.0 ddraw=20.6 pts=66
Step: 44728320  SPS: 1860  ε=0.050  ret=1.096  score=61.4  buf=100%  updates=349362
  vs Random: 115W/13L/0D | score=53.9±63.3 inv=6.2 played=21.2 lanes=4.0 ddraw=28.5 pts=54
  Self-play: 31W/68L/1D | score=48.5±61.9 inv=4.6 played=18.8 lanes=4.0 ddraw=21.4 pts=49
Step: 44810240  SPS: 1860  ε=0.050  ret=0.966  score=53.3  buf=100%  updates=350002
  vs Random: 89W/11L/0D | score=67.4±65.2 inv=6.1 played=22.1 lanes=4.0 ddraw=28.1 pts=67
  Self-play: 48W/52L/0D | score=69.0±68.3 inv=4.7 played=20.1 lanes=3.9 ddraw=21.2 pts=69
Step: 44892160  SPS: 1860  ε=0.050  ret=1.018  score=37.9  buf=100%  updates=350642
  vs Random: 94W/7L/0D | score=62.0±58.4 inv=6.0 played=21.6 lanes=4.0 ddraw=28.0 pts=62
  Self-play: 51W/49L/0D | score=69.8±71.2 inv=4.9 played=20.8 lanes=4.1 ddraw=21.2 pts=70
Step: 44974080  SPS: 1860  ε=0.050  ret=1.000  score=53.2  buf=100%  updates=351282
  vs Random: 97W/3L/0D | score=63.5±56.7 inv=6.0 played=21.0 lanes=3.9 ddraw=27.8 pts=64
  Self-play: 55W/44L/1D | score=73.0±62.1 inv=4.6 played=19.5 lanes=3.7 ddraw=23.0 pts=73
Step: 45056000  SPS: 1860  ε=0.050  ret=1.197  score=61.0  buf=100%  updates=351922
  vs Random: 95W/6L/0D | score=61.8±61.8 inv=5.9 played=21.3 lanes=4.0 ddraw=27.8 pts=62
  Self-play: 46W/53L/1D | score=66.4±78.7 inv=4.9 played=20.2 lanes=4.0 ddraw=21.1 pts=66
Step: 45137920  SPS: 1860  ε=0.050  ret=1.039  score=49.0  buf=100%  updates=352562
  vs Random: 93W/7L/0D | score=59.4±57.7 inv=6.1 played=21.2 lanes=4.0 ddraw=27.8 pts=59
  Self-play: 59W/41L/0D | score=72.4±67.3 inv=4.7 played=20.4 lanes=4.0 ddraw=22.1 pts=72
Step: 45219840  SPS: 1860  ε=0.050  ret=0.993  score=46.1  buf=100%  updates=353202
  vs Random: 87W/13L/0D | score=53.5±67.8 inv=6.3 played=21.5 lanes=4.0 ddraw=27.8 pts=54
  Self-play: 54W/46L/0D | score=66.0±63.9 inv=4.9 played=19.8 lanes=3.9 ddraw=21.2 pts=66
Step: 45301760  SPS: 1860  ε=0.050  ret=1.037  score=40.5  buf=100%  updates=353842
  vs Random: 119W/9L/0D | score=64.7±59.0 inv=6.1 played=21.4 lanes=4.0 ddraw=28.5 pts=65
  Self-play: 48W/53L/0D | score=73.4±71.8 inv=4.6 played=20.3 lanes=3.9 ddraw=22.1 pts=73
Step: 45383680  SPS: 1860  ε=0.050  ret=1.042  score=42.4  buf=100%  updates=354482
  vs Random: 92W/8L/0D | score=60.8±58.9 inv=5.8 played=21.7 lanes=4.0 ddraw=27.8 pts=61
  Self-play: 50W/50L/0D | score=71.7±72.9 inv=4.7 played=20.3 lanes=4.0 ddraw=21.7 pts=72
Step: 45465600  SPS: 1860  ε=0.050  ret=1.028  score=57.1  buf=100%  updates=355122
  vs Random: 99W/4L/0D | score=71.8±57.8 inv=6.1 played=21.7 lanes=3.9 ddraw=28.0 pts=72
  Self-play: 59W/41L/0D | score=79.8±64.1 inv=4.6 played=20.4 lanes=3.9 ddraw=21.2 pts=80
Step: 45547520  SPS: 1860  ε=0.050  ret=1.049  score=53.6  buf=100%  updates=355762
  vs Random: 96W/4L/0D | score=67.8±58.2 inv=6.1 played=21.7 lanes=3.9 ddraw=27.8 pts=68
  Self-play: 51W/49L/0D | score=74.4±76.3 inv=4.8 played=20.1 lanes=3.9 ddraw=21.5 pts=74
Step: 45629440  SPS: 1860  ε=0.050  ret=1.150  score=51.7  buf=100%  updates=356402
  vs Random: 120W/8L/0D | score=63.8±61.6 inv=6.1 played=20.9 lanes=3.8 ddraw=27.7 pts=64
  Self-play: 50W/51L/0D | score=77.4±72.4 inv=4.6 played=20.3 lanes=3.9 ddraw=22.9 pts=77
Step: 45711360  SPS: 1860  ε=0.050  ret=1.027  score=44.2  buf=100%  updates=357042
  vs Random: 91W/8L/1D | score=60.2±60.7 inv=6.0 played=21.7 lanes=4.0 ddraw=28.0 pts=60
  Self-play: 41W/59L/0D | score=70.3±66.1 inv=4.7 played=20.2 lanes=3.9 ddraw=21.8 pts=70
Step: 45793280  SPS: 1861  ε=0.050  ret=0.997  score=48.7  buf=100%  updates=357682
  vs Random: 95W/5L/0D | score=65.9±53.8 inv=5.8 played=20.9 lanes=3.9 ddraw=27.2 pts=66
  Self-play: 45W/55L/0D | score=67.0±67.4 inv=4.4 played=19.2 lanes=3.8 ddraw=22.4 pts=67
Step: 45875200  SPS: 1861  ε=0.050  ret=0.996  score=53.2  buf=100%  updates=358322
  vs Random: 122W/6L/0D | score=66.8±55.5 inv=6.1 played=21.6 lanes=4.0 ddraw=27.9 pts=67
  Self-play: 43W/57L/1D | score=68.0±62.9 inv=4.4 played=20.0 lanes=3.9 ddraw=22.4 pts=68
Step: 45957120  SPS: 1861  ε=0.050  ret=1.141  score=51.4  buf=100%  updates=358962
  vs Random: 86W/14L/0D | score=55.7±66.5 inv=6.1 played=20.9 lanes=4.0 ddraw=27.8 pts=56
  Self-play: 45W/55L/0D | score=79.5±66.7 inv=4.5 played=19.8 lanes=3.7 ddraw=23.3 pts=79
Step: 46039040  SPS: 1861  ε=0.050  ret=1.058  score=44.1  buf=100%  updates=359602
  vs Random: 120W/8L/0D | score=66.9±60.4 inv=6.1 played=21.7 lanes=4.0 ddraw=27.8 pts=67
  Self-play: 48W/52L/0D | score=75.2±62.3 inv=4.6 played=19.9 lanes=3.8 ddraw=22.5 pts=75
Step: 46120960  SPS: 1861  ε=0.050  ret=1.127  score=58.1  buf=100%  updates=360242
  vs Random: 95W/4L/1D | score=63.5±58.5 inv=6.0 played=22.2 lanes=4.2 ddraw=27.9 pts=64
  Self-play: 56W/43L/1D | score=80.2±69.5 inv=4.6 played=20.2 lanes=3.8 ddraw=21.1 pts=80
Step: 46202880  SPS: 1861  ε=0.050  ret=1.059  score=56.7  buf=100%  updates=360882
  vs Random: 123W/5L/0D | score=64.9±51.9 inv=5.9 played=21.6 lanes=4.0 ddraw=28.1 pts=65
  Self-play: 52W/48L/0D | score=83.5±66.4 inv=5.0 played=20.8 lanes=3.9 ddraw=21.6 pts=84
Step: 46284800  SPS: 1862  ε=0.050  ret=1.157  score=53.8  buf=100%  updates=361522
  vs Random: 97W/4L/0D | score=68.5±50.8 inv=6.0 played=21.6 lanes=3.9 ddraw=27.6 pts=69
  Self-play: 42W/58L/0D | score=62.0±70.7 inv=4.6 played=19.9 lanes=3.9 ddraw=21.4 pts=62
Step: 46366720  SPS: 1862  ε=0.050  ret=1.014  score=46.7  buf=100%  updates=362162
  vs Random: 95W/5L/0D | score=70.9±58.1 inv=5.9 played=22.6 lanes=4.2 ddraw=28.2 pts=71
  Self-play: 40W/58L/2D | score=62.3±67.3 inv=4.8 played=20.2 lanes=3.9 ddraw=21.0 pts=62
Step: 46448640  SPS: 1862  ε=0.050  ret=1.079  score=55.7  buf=100%  updates=362802
  vs Random: 91W/8L/1D | score=64.6±62.9 inv=5.9 played=21.7 lanes=4.0 ddraw=27.8 pts=65
  Self-play: 50W/49L/1D | score=71.8±68.7 inv=4.6 played=19.7 lanes=3.8 ddraw=21.7 pts=72
Step: 46530560  SPS: 1862  ε=0.050  ret=1.007  score=53.4  buf=100%  updates=363442
  vs Random: 123W/5L/0D | score=74.1±52.9 inv=6.0 played=21.8 lanes=4.0 ddraw=27.6 pts=74
  Self-play: 52W/48L/0D | score=81.6±62.8 inv=4.6 played=20.7 lanes=3.9 ddraw=22.1 pts=82
Step: 46612480  SPS: 1862  ε=0.050  ret=1.010  score=49.3  buf=100%  updates=364082
  vs Random: 91W/9L/0D | score=54.8±62.3 inv=6.0 played=20.9 lanes=4.0 ddraw=27.7 pts=55
  Self-play: 43W/57L/0D | score=64.9±68.1 inv=4.6 played=19.3 lanes=3.8 ddraw=21.9 pts=65
Step: 46694400  SPS: 1862  ε=0.050  ret=1.162  score=56.9  buf=100%  updates=364722
  vs Random: 96W/5L/1D | score=67.4±55.7 inv=6.0 played=21.5 lanes=4.0 ddraw=28.1 pts=67
  Self-play: 47W/53L/0D | score=70.9±70.2 inv=4.5 played=20.3 lanes=3.9 ddraw=22.1 pts=71
Step: 46776320  SPS: 1862  ε=0.050  ret=1.019  score=47.2  buf=100%  updates=365362
  vs Random: 95W/5L/0D | score=74.5±58.5 inv=6.1 played=22.2 lanes=4.0 ddraw=28.1 pts=75
  Self-play: 48W/52L/0D | score=74.9±69.3 inv=4.5 played=19.9 lanes=3.8 ddraw=21.5 pts=75
Step: 46858240  SPS: 1862  ε=0.050  ret=1.082  score=51.7  buf=100%  updates=366002
  vs Random: 124W/4L/0D | score=69.2±53.5 inv=6.1 played=22.4 lanes=4.2 ddraw=27.9 pts=69
  Self-play: 40W/60L/0D | score=62.9±62.5 inv=4.7 played=19.6 lanes=3.9 ddraw=22.0 pts=63
Step: 46940160  SPS: 1862  ε=0.050  ret=1.140  score=51.7  buf=100%  updates=366642
  vs Random: 96W/4L/0D | score=68.6±59.4 inv=6.2 played=22.4 lanes=4.2 ddraw=27.1 pts=69
  Self-play: 49W/51L/0D | score=81.9±70.3 inv=4.6 played=20.5 lanes=3.8 ddraw=21.7 pts=82
Step: 47022080  SPS: 1863  ε=0.050  ret=1.064  score=61.1  buf=100%  updates=367282
  vs Random: 96W/5L/0D | score=76.3±60.0 inv=6.2 played=22.7 lanes=4.1 ddraw=28.1 pts=76
  Self-play: 43W/57L/0D | score=78.0±68.2 inv=4.7 played=20.4 lanes=3.9 ddraw=20.2 pts=78
Step: 47104000  SPS: 1863  ε=0.050  ret=1.169  score=55.9  buf=100%  updates=367922
  vs Random: 90W/10L/0D | score=56.5±62.8 inv=6.3 played=21.8 lanes=4.1 ddraw=27.3 pts=56
  Self-play: 45W/56L/0D | score=64.3±70.7 inv=4.5 played=19.8 lanes=4.0 ddraw=20.4 pts=64
Step: 47185920  SPS: 1863  ε=0.050  ret=1.194  score=54.9  buf=100%  updates=368562
  vs Random: 96W/4L/0D | score=66.1±59.4 inv=5.8 played=21.6 lanes=4.0 ddraw=27.6 pts=66
  Self-play: 46W/54L/0D | score=77.9±79.1 inv=4.7 played=19.8 lanes=3.7 ddraw=20.9 pts=78
Step: 47267840  SPS: 1863  ε=0.050  ret=1.076  score=62.1  buf=100%  updates=369202
  vs Random: 117W/9L/2D | score=62.8±61.8 inv=6.0 played=21.6 lanes=4.0 ddraw=27.9 pts=63
  Self-play: 55W/47L/0D | score=77.6±73.3 inv=4.7 played=19.8 lanes=3.8 ddraw=21.1 pts=78
Step: 47349760  SPS: 1863  ε=0.050  ret=1.076  score=39.5  buf=100%  updates=369842
  vs Random: 93W/7L/0D | score=60.7±68.0 inv=6.0 played=21.3 lanes=4.0 ddraw=27.7 pts=61
  Self-play: 42W/58L/0D | score=83.6±64.0 inv=4.4 played=20.0 lanes=3.8 ddraw=22.1 pts=84
Step: 47431680  SPS: 1864  ε=0.050  ret=1.054  score=46.8  buf=100%  updates=370482
  vs Random: 91W/9L/0D | score=58.9±59.1 inv=6.0 played=21.3 lanes=4.0 ddraw=27.6 pts=59
  Self-play: 49W/50L/1D | score=72.1±66.1 inv=4.7 played=20.2 lanes=3.9 ddraw=20.7 pts=72
Step: 47513600  SPS: 1864  ε=0.050  ret=0.898  score=53.3  buf=100%  updates=371122
  vs Random: 101W/0L/0D | score=71.1±46.3 inv=6.0 played=21.6 lanes=3.9 ddraw=27.9 pts=71
  Self-play: 46W/54L/0D | score=81.4±64.0 inv=4.5 played=20.6 lanes=3.9 ddraw=20.1 pts=81
Step: 47595520  SPS: 1864  ε=0.050  ret=1.220  score=59.1  buf=100%  updates=371762
  vs Random: 97W/3L/0D | score=70.8±57.9 inv=5.9 played=22.1 lanes=4.0 ddraw=27.4 pts=71
  Self-play: 45W/55L/0D | score=72.8±62.2 inv=4.8 played=20.0 lanes=3.9 ddraw=21.4 pts=73
Step: 47677440  SPS: 1864  ε=0.050  ret=1.115  score=51.9  buf=100%  updates=372402
  vs Random: 119W/9L/0D | score=67.9±61.8 inv=6.1 played=22.2 lanes=4.1 ddraw=27.5 pts=68
  Self-play: 48W/50L/2D | score=80.8±61.5 inv=4.6 played=21.0 lanes=4.0 ddraw=20.8 pts=81
Step: 47759360  SPS: 1864  ε=0.050  ret=1.159  score=60.7  buf=100%  updates=373042
  vs Random: 126W/2L/0D | score=79.9±53.4 inv=6.0 played=22.4 lanes=3.9 ddraw=27.9 pts=80
  Self-play: 42W/58L/0D | score=68.0±63.8 inv=4.7 played=19.9 lanes=3.9 ddraw=21.1 pts=68
Step: 47841280  SPS: 1864  ε=0.050  ret=1.070  score=50.3  buf=100%  updates=373682
  vs Random: 97W/5L/0D | score=63.9±57.0 inv=6.0 played=21.8 lanes=4.1 ddraw=27.8 pts=64
  Self-play: 56W/45L/0D | score=81.4±71.2 inv=4.5 played=20.5 lanes=3.9 ddraw=20.9 pts=81
Step: 47923200  SPS: 1865  ε=0.050  ret=1.077  score=65.5  buf=100%  updates=374322
  vs Random: 97W/3L/0D | score=80.3±59.4 inv=6.4 played=22.8 lanes=4.0 ddraw=27.9 pts=80
  Self-play: 52W/49L/1D | score=84.6±71.0 inv=4.7 played=20.3 lanes=3.7 ddraw=20.9 pts=85
Step: 48005120  SPS: 1865  ε=0.050  ret=1.074  score=50.3  buf=100%  updates=374962
  vs Random: 123W/5L/0D | score=66.7±51.9 inv=6.1 played=21.7 lanes=4.0 ddraw=28.1 pts=67
  Self-play: 54W/46L/0D | score=79.4±69.8 inv=4.7 played=20.2 lanes=3.8 ddraw=20.8 pts=79
Step: 48087040  SPS: 1865  ε=0.050  ret=1.184  score=60.2  buf=100%  updates=375602
  vs Random: 97W/3L/0D | score=70.2±53.3 inv=6.0 played=21.7 lanes=4.0 ddraw=28.3 pts=70
  Self-play: 48W/52L/0D | score=68.6±66.6 inv=4.8 played=20.3 lanes=3.9 ddraw=20.5 pts=69
Step: 48168960  SPS: 1865  ε=0.050  ret=1.010  score=60.5  buf=100%  updates=376242
  vs Random: 99W/1L/0D | score=70.8±51.1 inv=6.0 played=22.2 lanes=4.0 ddraw=27.4 pts=71
  Self-play: 45W/54L/1D | score=77.3±66.5 inv=4.7 played=20.5 lanes=3.9 ddraw=20.8 pts=77
Step: 48250880  SPS: 1865  ε=0.050  ret=1.118  score=58.1  buf=100%  updates=376882
  vs Random: 94W/5L/1D | score=61.5±55.5 inv=5.9 played=21.7 lanes=4.1 ddraw=27.7 pts=61
  Self-play: 44W/57L/0D | score=69.6±72.9 inv=4.7 played=19.9 lanes=3.9 ddraw=21.1 pts=70
Step: 48332800  SPS: 1865  ε=0.050  ret=1.097  score=62.7  buf=100%  updates=377522
  vs Random: 95W/5L/0D | score=66.2±54.4 inv=6.3 played=22.9 lanes=4.2 ddraw=27.1 pts=66
  Self-play: 45W/55L/0D | score=84.7±67.3 inv=4.7 played=20.9 lanes=3.9 ddraw=20.4 pts=85
Step: 48414720  SPS: 1866  ε=0.050  ret=1.124  score=51.4  buf=100%  updates=378162
  vs Random: 97W/3L/0D | score=72.3±52.8 inv=5.8 played=21.4 lanes=3.9 ddraw=27.5 pts=72
  Self-play: 39W/59L/2D | score=74.5±64.1 inv=4.5 played=19.8 lanes=3.8 ddraw=21.1 pts=74
Step: 48496640  SPS: 1866  ε=0.050  ret=1.120  score=58.5  buf=100%  updates=378802
  vs Random: 124W/3L/1D | score=65.0±56.5 inv=6.0 played=22.2 lanes=4.1 ddraw=27.5 pts=65
  Self-play: 53W/48L/0D | score=81.2±65.1 inv=4.7 played=20.5 lanes=3.9 ddraw=20.0 pts=81
Step: 48578560  SPS: 1866  ε=0.050  ret=1.183  score=63.9  buf=100%  updates=379442
  vs Random: 94W/6L/0D | score=71.7±59.4 inv=6.5 played=22.9 lanes=4.1 ddraw=27.1 pts=72
  Self-play: 48W/52L/0D | score=87.7±57.1 inv=4.8 played=20.9 lanes=4.0 ddraw=19.3 pts=88
Step: 48660480  SPS: 1866  ε=0.050  ret=1.113  score=51.6  buf=100%  updates=380082
  vs Random: 97W/3L/0D | score=77.4±53.5 inv=6.2 played=22.7 lanes=4.1 ddraw=27.3 pts=77
  Self-play: 44W/55L/1D | score=68.8±65.2 inv=4.5 played=19.9 lanes=3.9 ddraw=21.6 pts=69
Step: 48742400  SPS: 1866  ε=0.050  ret=1.288  score=76.0  buf=100%  updates=380722
  vs Random: 122W/6L/0D | score=79.4±62.2 inv=6.1 played=22.1 lanes=4.0 ddraw=27.7 pts=79
  Self-play: 45W/54L/1D | score=72.4±66.2 inv=4.6 played=20.2 lanes=4.0 ddraw=20.1 pts=72
Step: 48824320  SPS: 1866  ε=0.050  ret=1.238  score=66.0  buf=100%  updates=381362
  vs Random: 98W/2L/0D | score=82.6±56.5 inv=6.0 played=22.9 lanes=4.0 ddraw=26.5 pts=83
  Self-play: 42W/58L/0D | score=79.7±68.1 inv=4.7 played=20.6 lanes=3.9 ddraw=19.9 pts=80
Step: 48906240  SPS: 1867  ε=0.050  ret=1.061  score=62.2  buf=100%  updates=382002
  vs Random: 99W/2L/0D | score=73.0±48.8 inv=5.7 played=21.8 lanes=3.9 ddraw=27.1 pts=73
  Self-play: 47W/53L/1D | score=92.1±63.1 inv=4.8 played=20.8 lanes=3.9 ddraw=20.0 pts=92
Step: 48988160  SPS: 1867  ε=0.050  ret=1.156  score=63.6  buf=100%  updates=382642
  vs Random: 99W/2L/0D | score=79.8±56.9 inv=5.9 played=22.1 lanes=4.0 ddraw=27.3 pts=80
  Self-play: 48W/54L/0D | score=77.0±72.5 inv=4.6 played=20.4 lanes=3.9 ddraw=19.4 pts=77
Step: 49070080  SPS: 1867  ε=0.050  ret=1.126  score=66.3  buf=100%  updates=383282
  vs Random: 96W/5L/1D | score=79.6±61.9 inv=6.3 played=23.2 lanes=4.1 ddraw=27.5 pts=80
  Self-play: 49W/51L/1D | score=78.7±62.1 inv=4.9 played=21.2 lanes=4.0 ddraw=20.3 pts=79
Step: 49152000  SPS: 1867  ε=0.050  ret=1.042  score=64.0  buf=100%  updates=383922
  vs Random: 89W/9L/2D | score=75.4±60.3 inv=6.0 played=22.2 lanes=3.9 ddraw=27.6 pts=75
  Self-play: 43W/58L/0D | score=76.4±69.2 inv=4.7 played=20.5 lanes=3.9 ddraw=20.5 pts=76
Step: 49233920  SPS: 1867  ε=0.050  ret=1.206  score=63.0  buf=100%  updates=384562
  vs Random: 96W/4L/0D | score=70.9±59.7 inv=6.2 played=22.4 lanes=4.0 ddraw=27.2 pts=71
  Self-play: 44W/56L/0D | score=80.2±58.5 inv=4.7 played=20.4 lanes=3.8 ddraw=19.7 pts=80
Step: 49315840  SPS: 1867  ε=0.050  ret=1.045  score=53.5  buf=100%  updates=385202
  vs Random: 97W/3L/0D | score=74.4±58.5 inv=6.0 played=22.1 lanes=4.0 ddraw=27.3 pts=74
  Self-play: 50W/51L/0D | score=93.4±65.6 inv=4.7 played=21.1 lanes=3.9 ddraw=19.7 pts=93
Step: 49397760  SPS: 1868  ε=0.050  ret=1.224  score=67.6  buf=100%  updates=385842
  vs Random: 126W/2L/0D | score=81.4±50.7 inv=6.0 played=22.6 lanes=4.0 ddraw=27.5 pts=81
  Self-play: 49W/51L/0D | score=80.7±66.7 inv=4.7 played=21.1 lanes=4.1 ddraw=18.5 pts=81
Step: 49479680  SPS: 1868  ε=0.050  ret=1.066  score=67.2  buf=100%  updates=386482
  vs Random: 97W/3L/0D | score=75.0±54.4 inv=5.9 played=22.4 lanes=4.0 ddraw=27.2 pts=75
  Self-play: 46W/54L/0D | score=85.1±76.8 inv=4.5 played=20.4 lanes=3.9 ddraw=19.3 pts=85
Step: 49561600  SPS: 1868  ε=0.050  ret=1.139  score=65.0  buf=100%  updates=387122
  vs Random: 126W/2L/0D | score=74.9±55.2 inv=6.1 played=22.3 lanes=4.0 ddraw=27.5 pts=75
  Self-play: 54W/46L/0D | score=92.3±64.1 inv=4.7 played=20.7 lanes=3.7 ddraw=20.2 pts=92
Step: 49643520  SPS: 1868  ε=0.050  ret=1.053  score=55.4  buf=100%  updates=387762
  vs Random: 93W/6L/1D | score=82.0±56.9 inv=5.8 played=22.5 lanes=4.1 ddraw=27.6 pts=82
  Self-play: 49W/52L/0D | score=78.8±66.3 inv=4.6 played=21.2 lanes=4.1 ddraw=19.4 pts=79
Step: 49725440  SPS: 1868  ε=0.050  ret=1.186  score=66.2  buf=100%  updates=388402
  vs Random: 96W/4L/1D | score=72.7±51.4 inv=5.8 played=22.5 lanes=4.1 ddraw=26.7 pts=73
  Self-play: 42W/58L/0D | score=76.6±63.0 inv=4.8 played=20.7 lanes=4.0 ddraw=19.4 pts=77
Step: 49807360  SPS: 1868  ε=0.050  ret=1.067  score=50.1  buf=100%  updates=389042
  vs Random: 99W/2L/0D | score=91.0±58.1 inv=6.2 played=23.7 lanes=4.1 ddraw=27.8 pts=91
  Self-play: 36W/63L/1D | score=77.5±62.0 inv=4.6 played=20.4 lanes=4.0 ddraw=20.4 pts=77
Step: 49889280  SPS: 1868  ε=0.050  ret=1.190  score=69.6  buf=100%  updates=389682
  vs Random: 98W/2L/0D | score=79.2±55.6 inv=6.2 played=23.1 lanes=4.1 ddraw=27.5 pts=79
  Self-play: 47W/53L/0D | score=77.2±68.7 inv=5.0 played=20.6 lanes=3.9 ddraw=18.5 pts=77
Step: 49971200  SPS: 1868  ε=0.050  ret=1.022  score=60.2  buf=100%  updates=390322
  vs Random: 98W/2L/0D | score=79.7±52.7 inv=6.1 played=22.9 lanes=4.0 ddraw=26.9 pts=80
  Self-play: 46W/52L/2D | score=71.4±63.3 inv=4.6 played=20.7 lanes=4.1 ddraw=19.5 pts=71
[1;34mwandb[0m: 
[1;34mwandb[0m: 🚀 View run [33mlc__lc_dqn_vs_random_dense_default__1__1775591457[0m at: [34mhttps://wandb.ai/ningcong-chen/ppo-eco/runs/ne8tk4g0[0m
[1;34mwandb[0m: Find logs at: [1;35mwandb/run-20260407_155057-ne8tk4g0/logs[0m
