wandb: [wandb.login()] Loaded credentials for https://api.wandb.ai from /home/zzhang18/.netrc.
wandb: Currently logged in as: nchen3 (ningcong-chen) to https://api.wandb.ai. Use `wandb login --relogin` to force relogin
wandb: setting up run 8xg7j24x
wandb: Tracking run with wandb version 0.25.1
wandb: Run data is saved locally in /home/zzhang18/nchen3/eco/wandb/run-20260411_044228-8xg7j24x
wandb: Run `wandb offline` to turn off syncing.
wandb: Syncing run lc__lc_p18_1b_tent09__1__1775896947
wandb: ⭐️ View project at https://wandb.ai/ningcong-chen/ppo-eco
wandb: 🚀 View run at https://wandb.ai/ningcong-chen/ppo-eco/runs/8xg7j24x
Agent params: 827,481
Step: 131072 SPS: 30187  ev=-0.903  ent=3.436  grad=0.46/0.46  h=2.0 c=4.5  kl=0.0106  vl=0.0472
Step: 262144 SPS: 22924  ev=-0.186  ent=3.412  grad=0.09/0.09  h=2.2 c=4.9  kl=0.0063  vl=0.0347
Step: 393216 SPS: 20644  ev=0.061  ent=3.385  grad=0.36/0.36  h=2.5 c=5.9  kl=0.0077  vl=0.0299
Step: 524288 SPS: 19694  ev=0.191  ent=3.346  grad=0.22/0.22  h=2.8 c=6.8  kl=0.0075  vl=0.0269
Step: 655360 SPS: 20208  ev=0.269  ent=3.303  grad=0.28/0.28  h=3.0 c=7.2  kl=0.0087  vl=0.0200
Step: 786432 SPS: 20673  ev=0.312  ent=3.232  grad=0.11/0.11  h=3.1 c=7.8  kl=0.0071  vl=0.0158
Step: 917504 SPS: 20834  ev=0.331  ent=3.185  grad=0.08/0.08  h=3.2 c=8.1  kl=0.0076  vl=0.0184
Step: 1048576 SPS: 21320  ev=0.382  ent=3.138  grad=0.21/0.21  h=3.3 c=8.4  kl=0.0100  vl=0.0140
Step: 1179648 SPS: 21779  ev=0.431  ent=3.067  grad=0.14/0.14  h=3.4 c=8.7  kl=0.0087  vl=0.0134
Step: 1310720 SPS: 22073  ev=0.540  ent=3.041  grad=0.34/0.34  h=3.5 c=9.1  kl=0.0091  vl=0.0105
Step: 1441792 SPS: 22425  ev=0.624  ent=2.992  grad=0.18/0.18  h=3.7 c=9.8  kl=0.0088  vl=0.0105
Step: 1572864 SPS: 22845  ev=0.713  ent=2.961  grad=0.08/0.08  h=3.8 c=10.6  kl=0.0086  vl=0.0084
Step: 1703936 SPS: 22930  ev=0.778  ent=2.923  grad=0.31/0.31  h=3.9 c=11.0  kl=0.0075  vl=0.0088
Step: 1835008 SPS: 23158  ev=0.817  ent=2.917  grad=0.12/0.12  h=4.0 c=11.4  kl=0.0090  vl=0.0079
Step: 1966080 SPS: 23266  ev=0.835  ent=2.884  grad=0.11/0.11  h=4.0 c=11.3  kl=0.0074  vl=0.0081
Step: 2097152 SPS: 23506  ev=0.846  ent=2.843  grad=0.15/0.15  h=4.0 c=11.0  kl=0.0089  vl=0.0078
Step: 2228224 SPS: 23518  ev=0.863  ent=2.834  grad=0.10/0.10  h=4.0 c=10.8  kl=0.0080  vl=0.0093
Step: 2359296 SPS: 23507  ev=0.872  ent=2.827  grad=0.18/0.18  h=4.0 c=10.7  kl=0.0077  vl=0.0087
Step: 2490368 SPS: 23540  ev=0.878  ent=2.795  grad=0.25/0.25  h=4.0 c=10.4  kl=0.0082  vl=0.0090
Step: 2621440 SPS: 23263  ev=0.889  ent=2.774  grad=1.18/0.50  h=4.0 c=10.2  kl=0.0061  vl=0.0150
Step: 2752512 SPS: 23222  ev=0.886  ent=2.728  grad=0.45/0.45  h=3.9 c=9.8  kl=0.0072  vl=0.0110
Step: 2883584 SPS: 22984  ev=0.893  ent=2.692  grad=0.24/0.24  h=3.9 c=9.7  kl=0.0084  vl=0.0116
Step: 3014656 SPS: 22898  ev=0.899  ent=2.669  grad=0.17/0.17  h=3.8 c=9.4  kl=0.0070  vl=0.0140
Step: 3145728 SPS: 22693  ev=0.902  ent=2.618  grad=2.07/0.50  h=3.8 c=9.2  kl=0.0068  vl=0.0265
Step: 3276800 SPS: 22266  ev=0.894  ent=2.576  grad=1.02/0.50  h=3.7 c=8.8  kl=0.0075  vl=0.0196
Step: 3407872 SPS: 21968  ev=0.878  ent=2.546  grad=1.02/0.50  h=3.6 c=8.5  kl=0.0080  vl=0.0210
Step: 3538944 SPS: 21446  ev=0.868  ent=2.461  grad=0.26/0.26  h=3.6 c=8.4  kl=0.0089  vl=0.0217
Step: 3670016 SPS: 20976  ev=0.861  ent=2.388  grad=0.68/0.50  h=3.6 c=8.5  kl=0.0091  vl=0.0259
Step: 3801088 SPS: 20558  ev=0.857  ent=2.314  grad=0.50/0.50  h=3.6 c=8.3  kl=0.0096  vl=0.0278
Step: 3932160 SPS: 20155  ev=0.842  ent=2.249  grad=0.64/0.50  h=3.6 c=8.3  kl=0.0073  vl=0.0321
Step: 4063232 SPS: 19676  ev=0.837  ent=2.186  grad=0.79/0.50  h=3.6 c=8.3  kl=0.0083  vl=0.0361
Step: 4194304 SPS: 19268  ev=0.832  ent=2.148  grad=0.12/0.12  h=3.6 c=8.2  kl=0.0071  vl=0.0349
Step: 4325376 SPS: 18804  ev=0.837  ent=2.085  grad=0.12/0.12  h=3.5 c=8.2  kl=0.0070  vl=0.0365
Step: 4456448 SPS: 18430  ev=0.830  ent=2.044  grad=0.29/0.29  h=3.6 c=8.3  kl=0.0066  vl=0.0382
Step: 4587520 SPS: 18080  ev=0.821  ent=1.991  grad=0.12/0.12  h=3.6 c=8.2  kl=0.0075  vl=0.0394
Step: 4718592 SPS: 17735  ev=0.811  ent=1.924  grad=0.44/0.44  h=3.6 c=8.3  kl=0.0072  vl=0.0422
Step: 4849664 SPS: 17373  ev=0.806  ent=1.889  grad=1.00/0.50  h=3.6 c=8.2  kl=0.0066  vl=0.0483
Step: 4980736 SPS: 17011  ev=0.801  ent=1.823  grad=0.62/0.50  h=3.6 c=8.1  kl=0.0075  vl=0.0499
Step: 5111808 SPS: 16703  ev=0.793  ent=1.802  grad=0.41/0.41  h=3.6 c=8.3  kl=0.0053  vl=0.0511
Step: 5242880 SPS: 16377  ev=0.788  ent=1.738  grad=0.36/0.36  h=3.6 c=8.2  kl=0.0061  vl=0.0515
Step: 5373952 SPS: 16101  ev=0.776  ent=1.707  grad=0.75/0.50  h=3.6 c=8.3  kl=0.0072  vl=0.0548
Step: 5505024 SPS: 15822  ev=0.775  ent=1.673  grad=0.55/0.50  h=3.6 c=8.3  kl=0.0066  vl=0.0546
Step: 5636096 SPS: 15537  ev=0.767  ent=1.627  grad=0.25/0.25  h=3.6 c=8.3  kl=0.0068  vl=0.0553
Step: 5767168 SPS: 15285  ev=0.763  ent=1.592  grad=1.45/0.50  h=3.7 c=8.4  kl=0.0053  vl=0.0604
Step: 5898240 SPS: 15018  ev=0.754  ent=1.571  grad=0.54/0.50  h=3.7 c=8.4  kl=0.0045  vl=0.0558
Step: 6029312 SPS: 14791  ev=0.754  ent=1.516  grad=0.98/0.50  h=3.7 c=8.4  kl=0.0062  vl=0.0596
Step: 6160384 SPS: 14551  ev=0.745  ent=1.495  grad=0.50/0.50  h=3.7 c=8.5  kl=0.0051  vl=0.0592
Step: 6291456 SPS: 14348  ev=0.745  ent=1.454  grad=0.19/0.19  h=3.7 c=8.6  kl=0.0055  vl=0.0559
Step: 6422528 SPS: 14145  ev=0.745  ent=1.430  grad=1.05/0.50  h=3.7 c=8.6  kl=0.0083  vl=0.0585
Step: 6553600 SPS: 13952  ev=0.752  ent=1.399  grad=0.33/0.33  h=3.7 c=8.5  kl=0.0056  vl=0.0588
Step: 6684672 SPS: 13766  ev=0.747  ent=1.372  grad=0.56/0.50  h=3.7 c=8.5  kl=0.0047  vl=0.0597
Step: 6815744 SPS: 13608  ev=0.744  ent=1.331  grad=0.74/0.50  h=3.8 c=8.6  kl=0.0049  vl=0.0602
Step: 6946816 SPS: 13467  ev=0.744  ent=1.302  grad=0.44/0.44  h=3.8 c=8.7  kl=0.0101  vl=0.0609
Step: 7077888 SPS: 13319  ev=0.764  ent=1.259  grad=2.52/0.50  h=3.7 c=8.4  kl=0.0465  vl=0.0784
Step: 7208960 SPS: 13182  ev=0.745  ent=1.250  grad=0.32/0.32  h=3.6 c=8.2  kl=0.0060  vl=0.0635
Step: 7340032 SPS: 13035  ev=0.757  ent=1.221  grad=0.12/0.12  h=3.5 c=8.2  kl=0.0041  vl=0.0592
Step: 7471104 SPS: 12914  ev=0.760  ent=1.187  grad=2.63/0.50  h=3.5 c=8.3  kl=0.0052  vl=0.0819
Step: 7602176 SPS: 12797  ev=0.753  ent=1.170  grad=0.22/0.22  h=3.5 c=8.3  kl=0.0033  vl=0.0604
Step: 7733248 SPS: 12697  ev=0.740  ent=1.173  grad=1.33/0.50  h=3.5 c=8.2  kl=0.0157  vl=0.0700
Step: 7864320 SPS: 12573  ev=0.741  ent=1.138  grad=2.30/0.50  h=3.5 c=8.3  kl=0.0033  vl=0.0827
Step: 7995392 SPS: 12478  ev=0.746  ent=1.142  grad=1.17/0.50  h=3.5 c=8.4  kl=0.0222  vl=0.0801
Step: 8126464 SPS: 12400  ev=0.710  ent=1.130  grad=1.30/0.50  h=3.4 c=8.2  kl=0.0113  vl=0.0693
Step: 8257536 SPS: 12304  ev=0.721  ent=1.126  grad=2.02/0.50  h=3.4 c=8.3  kl=0.0108  vl=0.0684
Step: 8388608 SPS: 12217  ev=0.711  ent=1.078  grad=2.75/0.50  h=3.4 c=8.4  kl=0.0170  vl=0.0901
Step: 8519680 SPS: 12132  ev=0.701  ent=1.061  grad=0.27/0.27  h=3.4 c=8.4  kl=0.0055  vl=0.0599
Step: 8650752 SPS: 12050  ev=0.736  ent=1.070  grad=1.08/0.50  h=3.5 c=8.6  kl=0.0191  vl=0.0648
Step: 8781824 SPS: 11955  ev=0.748  ent=1.021  grad=0.37/0.37  h=3.4 c=8.6  kl=0.0054  vl=0.0626
Step: 8912896 SPS: 11881  ev=0.739  ent=1.002  grad=1.26/0.50  h=3.5 c=8.8  kl=0.0109  vl=0.0703
Step: 9043968 SPS: 11818  ev=0.747  ent=1.003  grad=1.84/0.50  h=3.5 c=8.8  kl=0.0074  vl=0.0785
Step: 9175040 SPS: 11745  ev=0.732  ent=1.018  grad=1.79/0.50  h=3.6 c=8.9  kl=0.0523  vl=0.0790
Step: 9306112 SPS: 11670  ev=0.713  ent=0.992  grad=0.20/0.20  h=3.6 c=9.6  kl=0.0040  vl=0.0607
Step: 9437184 SPS: 11599  ev=0.710  ent=0.983  grad=1.10/0.50  h=3.6 c=9.6  kl=0.0077  vl=0.0685
Step: 9568256 SPS: 11514  ev=0.703  ent=0.964  grad=1.79/0.50  h=3.6 c=9.6  kl=0.0102  vl=0.0757
Step: 9699328 SPS: 11435  ev=0.698  ent=0.950  grad=0.29/0.29  h=3.6 c=9.7  kl=0.0046  vl=0.0625
Step: 9830400 SPS: 11384  ev=0.721  ent=0.938  grad=0.94/0.50  h=3.5 c=9.5  kl=0.0190  vl=0.0649
Step: 9961472 SPS: 11317  ev=0.698  ent=0.883  grad=0.54/0.50  h=3.7 c=10.5  kl=0.0439  vl=0.0646
  vs Random: 100W/0L/0D | score=4.6±13.2 inv=0.0 played=13.8 lanes=5.0 ddraw=1.4 pts=5
  Self-play: 52W/51L/1D | score=-12.0±12.5 inv=0.0 played=11.8 lanes=5.0 ddraw=0.9 pts=-12
Step: 10092544 SPS: 11261  ev=0.710  ent=0.909  grad=0.35/0.35  h=3.5 c=10.4  kl=0.0157  vl=0.0689
Step: 10223616 SPS: 11195  ev=0.715  ent=0.883  grad=0.27/0.27  h=3.5 c=10.0  kl=0.0108  vl=0.0644
Step: 10354688 SPS: 11137  ev=0.706  ent=0.866  grad=0.20/0.20  h=3.4 c=9.5  kl=0.0041  vl=0.0658
Step: 10485760 SPS: 11091  ev=0.715  ent=0.826  grad=0.99/0.50  h=3.4 c=9.7  kl=0.0046  vl=0.0672
Step: 10616832 SPS: 11034  ev=0.715  ent=0.837  grad=0.64/0.50  h=3.5 c=10.0  kl=0.0777  vl=0.0675
Step: 10747904 SPS: 10981  ev=0.709  ent=0.816  grad=0.70/0.50  h=3.5 c=9.9  kl=0.0116  vl=0.0646
Step: 10878976 SPS: 10924  ev=0.709  ent=0.803  grad=1.15/0.50  h=3.5 c=10.0  kl=0.0028  vl=0.0689
Step: 11010048 SPS: 10877  ev=0.705  ent=0.816  grad=2.88/0.50  h=3.5 c=10.1  kl=0.0592  vl=0.1105
Step: 11141120 SPS: 10832  ev=0.659  ent=0.798  grad=0.86/0.50  h=3.5 c=10.8  kl=0.0226  vl=0.0708
Step: 11272192 SPS: 10783  ev=0.640  ent=0.765  grad=1.68/0.50  h=3.4 c=10.7  kl=0.0245  vl=0.0783
Step: 11403264 SPS: 10732  ev=0.694  ent=0.765  grad=0.27/0.27  h=3.4 c=10.2  kl=0.0026  vl=0.0623
Step: 11534336 SPS: 10686  ev=0.700  ent=0.750  grad=0.61/0.50  h=3.3 c=10.0  kl=0.0039  vl=0.0653
Step: 11665408 SPS: 10648  ev=0.699  ent=0.730  grad=0.89/0.50  h=3.3 c=9.6  kl=0.0161  vl=0.0680
Step: 11796480 SPS: 10610  ev=0.686  ent=0.736  grad=0.69/0.50  h=3.4 c=9.5  kl=0.0139  vl=0.0650
Step: 11927552 SPS: 10571  ev=0.704  ent=0.697  grad=0.50/0.50  h=3.4 c=9.6  kl=0.0467  vl=0.0632
Step: 12058624 SPS: 10536  ev=0.715  ent=0.717  grad=0.38/0.38  h=3.4 c=9.5  kl=0.0151  vl=0.0630
Step: 12189696 SPS: 10498  ev=0.719  ent=0.701  grad=0.17/0.17  h=3.3 c=9.1  kl=0.0034  vl=0.0667
Step: 12320768 SPS: 10462  ev=0.710  ent=0.684  grad=0.39/0.39  h=3.3 c=9.1  kl=0.0049  vl=0.0696
Step: 12451840 SPS: 10439  ev=0.717  ent=0.691  grad=1.22/0.50  h=3.3 c=8.7  kl=0.0229  vl=0.0782
Step: 12582912 SPS: 10399  ev=0.711  ent=0.661  grad=2.52/0.50  h=3.3 c=8.9  kl=0.0101  vl=0.1008
Step: 12713984 SPS: 10364  ev=0.724  ent=0.652  grad=1.00/0.50  h=3.2 c=8.8  kl=0.0037  vl=0.0714
Step: 12845056 SPS: 10329  ev=0.717  ent=0.652  grad=1.04/0.50  h=3.3 c=9.1  kl=0.0111  vl=0.0697
Step: 12976128 SPS: 10297  ev=0.704  ent=0.630  grad=3.47/0.50  h=3.3 c=9.3  kl=0.0272  vl=0.1540
Step: 13107200 SPS: 10264  ev=0.665  ent=0.645  grad=1.66/0.50  h=3.3 c=9.0  kl=0.0055  vl=0.0796
Step: 13238272 SPS: 10230  ev=0.644  ent=0.650  grad=0.21/0.21  h=3.2 c=9.1  kl=0.0044  vl=0.0676
Step: 13369344 SPS: 10198  ev=0.708  ent=0.648  grad=1.55/0.50  h=3.2 c=9.2  kl=0.0075  vl=0.0814
Step: 13500416 SPS: 10164  ev=0.718  ent=0.621  grad=1.90/0.50  h=3.2 c=9.0  kl=0.0172  vl=0.0900
Step: 13631488 SPS: 10142  ev=0.706  ent=0.615  grad=1.11/0.50  h=3.2 c=9.0  kl=0.0296  vl=0.0727
Step: 13762560 SPS: 10113  ev=0.676  ent=0.625  grad=0.21/0.21  h=3.2 c=8.7  kl=0.0068  vl=0.0667
Step: 13893632 SPS: 10078  ev=0.709  ent=0.620  grad=0.17/0.17  h=3.2 c=8.8  kl=0.0045  vl=0.0628
Step: 14024704 SPS: 10046  ev=0.708  ent=0.604  grad=0.52/0.50  h=3.2 c=8.6  kl=0.0226  vl=0.0717
Step: 14155776 SPS: 10014  ev=0.723  ent=0.603  grad=0.19/0.19  h=3.2 c=8.5  kl=0.0056  vl=0.0659
Step: 14286848 SPS: 9985  ev=0.727  ent=0.595  grad=0.24/0.24  h=3.2 c=8.7  kl=0.0064  vl=0.0652
Step: 14417920 SPS: 9959  ev=0.713  ent=0.588  grad=0.53/0.50  h=3.2 c=8.9  kl=0.0104  vl=0.0699
Step: 14548992 SPS: 9933  ev=0.718  ent=0.566  grad=0.45/0.45  h=3.2 c=9.0  kl=0.0050  vl=0.0675
Step: 14680064 SPS: 9906  ev=0.727  ent=0.567  grad=0.12/0.12  h=3.2 c=9.0  kl=0.0063  vl=0.0650
Step: 14811136 SPS: 9883  ev=0.693  ent=0.574  grad=1.07/0.50  h=3.2 c=9.0  kl=0.0102  vl=0.0810
Step: 14942208 SPS: 9857  ev=0.687  ent=0.584  grad=0.99/0.50  h=3.2 c=8.9  kl=0.0252  vl=0.0770
Step: 15073280 SPS: 9835  ev=0.702  ent=0.598  grad=0.24/0.24  h=3.1 c=9.0  kl=0.0061  vl=0.0656
Step: 15204352 SPS: 9811  ev=0.719  ent=0.592  grad=0.36/0.36  h=3.2 c=9.0  kl=0.0058  vl=0.0659
Step: 15335424 SPS: 9789  ev=0.722  ent=0.594  grad=0.19/0.19  h=3.1 c=9.1  kl=0.0063  vl=0.0635
Step: 15466496 SPS: 9772  ev=0.715  ent=0.613  grad=0.22/0.22  h=3.2 c=9.1  kl=0.0063  vl=0.0678
Step: 15597568 SPS: 9751  ev=0.724  ent=0.605  grad=0.30/0.30  h=3.2 c=9.1  kl=0.0070  vl=0.0674
Step: 15728640 SPS: 9730  ev=0.718  ent=0.613  grad=0.28/0.28  h=3.2 c=9.3  kl=0.0071  vl=0.0658
Step: 15859712 SPS: 9713  ev=0.719  ent=0.608  grad=0.30/0.30  h=3.2 c=9.6  kl=0.0067  vl=0.0659
Step: 15990784 SPS: 9698  ev=0.726  ent=0.622  grad=0.32/0.32  h=3.2 c=9.7  kl=0.0050  vl=0.0658
Step: 16121856 SPS: 9681  ev=0.718  ent=0.644  grad=0.39/0.39  h=3.2 c=10.0  kl=0.0130  vl=0.0673
Step: 16252928 SPS: 9664  ev=0.722  ent=0.656  grad=0.40/0.40  h=3.2 c=9.7  kl=0.0176  vl=0.0682
Step: 16384000 SPS: 9650  ev=0.728  ent=0.722  grad=0.39/0.39  h=3.2 c=9.6  kl=0.0183  vl=0.0669
Step: 16515072 SPS: 9631  ev=0.729  ent=0.822  grad=0.34/0.34  h=3.2 c=10.1  kl=0.0183  vl=0.0649
Step: 16646144 SPS: 9619  ev=0.730  ent=0.979  grad=0.13/0.13  h=3.2 c=9.9  kl=0.0172  vl=0.0647
Step: 16777216 SPS: 9608  ev=0.735  ent=1.113  grad=0.19/0.19  h=3.2 c=10.0  kl=0.0171  vl=0.0647
Step: 16908288 SPS: 9599  ev=0.739  ent=1.126  grad=0.11/0.11  h=3.2 c=10.2  kl=0.0151  vl=0.0614
Step: 17039360 SPS: 9591  ev=0.738  ent=1.219  grad=0.81/0.50  h=3.3 c=10.1  kl=0.0125  vl=0.0740
Step: 17170432 SPS: 9583  ev=0.736  ent=1.261  grad=1.40/0.50  h=3.3 c=10.3  kl=0.0191  vl=0.0837
Step: 17301504 SPS: 9570  ev=0.696  ent=1.132  grad=1.01/0.50  h=3.3 c=10.5  kl=0.0136  vl=0.0720
Step: 17432576 SPS: 9564  ev=0.693  ent=1.309  grad=0.32/0.32  h=3.3 c=10.3  kl=0.0136  vl=0.0650
Step: 17563648 SPS: 9551  ev=0.725  ent=0.946  grad=0.71/0.50  h=3.1 c=11.0  kl=0.0568  vl=0.0607
Step: 17694720 SPS: 9535  ev=0.743  ent=1.002  grad=0.27/0.27  h=3.1 c=11.7  kl=0.0063  vl=0.0579
Step: 17825792 SPS: 9521  ev=0.747  ent=0.969  grad=0.42/0.42  h=3.1 c=12.0  kl=0.0053  vl=0.0654
Step: 17956864 SPS: 9511  ev=0.738  ent=0.970  grad=0.17/0.17  h=3.1 c=12.0  kl=0.0049  vl=0.0615
Step: 18087936 SPS: 9500  ev=0.735  ent=0.954  grad=0.30/0.30  h=3.1 c=12.1  kl=0.0066  vl=0.0638
Step: 18219008 SPS: 9485  ev=0.739  ent=0.935  grad=0.61/0.50  h=3.1 c=11.7  kl=0.0077  vl=0.0657
Step: 18350080 SPS: 9469  ev=0.731  ent=0.915  grad=0.19/0.19  h=3.1 c=11.2  kl=0.0095  vl=0.0631
Step: 18481152 SPS: 9459  ev=0.727  ent=0.920  grad=0.38/0.38  h=3.1 c=11.5  kl=0.0134  vl=0.0651
Step: 18612224 SPS: 9444  ev=0.732  ent=0.917  grad=0.76/0.50  h=3.1 c=11.8  kl=0.0160  vl=0.0681
Step: 18743296 SPS: 9432  ev=0.725  ent=0.895  grad=0.58/0.50  h=3.1 c=12.0  kl=0.0111  vl=0.0680
Step: 18874368 SPS: 9418  ev=0.738  ent=0.907  grad=0.35/0.35  h=3.2 c=11.4  kl=0.0086  vl=0.0671
Step: 19005440 SPS: 9409  ev=0.740  ent=1.005  grad=0.49/0.49  h=3.2 c=11.2  kl=0.0140  vl=0.0680
Step: 19136512 SPS: 9398  ev=0.739  ent=0.990  grad=0.10/0.10  h=3.2 c=11.1  kl=0.0094  vl=0.0634
Step: 19267584 SPS: 9389  ev=0.739  ent=0.926  grad=0.14/0.14  h=3.1 c=11.3  kl=0.0090  vl=0.0634
Step: 19398656 SPS: 9380  ev=0.736  ent=0.926  grad=0.24/0.24  h=3.1 c=10.9  kl=0.0089  vl=0.0652
Step: 19529728 SPS: 9372  ev=0.738  ent=0.956  grad=0.41/0.41  h=3.1 c=11.1  kl=0.0139  vl=0.0674
Step: 19660800 SPS: 9362  ev=0.748  ent=0.982  grad=0.15/0.15  h=3.1 c=11.4  kl=0.0111  vl=0.0633
Step: 19791872 SPS: 9349  ev=0.743  ent=0.971  grad=0.22/0.22  h=3.2 c=11.4  kl=0.0130  vl=0.0653
Step: 19922944 SPS: 9344  ev=0.748  ent=1.017  grad=0.15/0.15  h=3.2 c=11.7  kl=0.0103  vl=0.0641
Step: 20054016 SPS: 9339  ev=0.741  ent=1.088  grad=0.26/0.26  h=3.2 c=11.6  kl=0.0150  vl=0.0611
  vs Random: 100W/0L/0D | score=15.3±12.2 inv=0.0 played=15.6 lanes=5.0 ddraw=12.3 pts=15
  Self-play: 53W/44L/4D | score=-2.4±11.9 inv=0.0 played=13.4 lanes=5.0 ddraw=1.3 pts=-2
Step: 20185088 SPS: 9331  ev=0.752  ent=0.904  grad=0.53/0.50  h=3.2 c=12.1  kl=0.0135  vl=0.0657
Step: 20316160 SPS: 9325  ev=0.740  ent=1.014  grad=0.31/0.31  h=3.2 c=11.7  kl=0.0123  vl=0.0669
Step: 20447232 SPS: 9316  ev=0.737  ent=0.959  grad=0.54/0.50  h=3.1 c=12.0  kl=0.0212  vl=0.0628
Step: 20578304 SPS: 9306  ev=0.738  ent=0.879  grad=0.22/0.22  h=3.1 c=12.2  kl=0.0058  vl=0.0616
Step: 20709376 SPS: 9295  ev=0.735  ent=0.862  grad=0.23/0.23  h=3.1 c=12.2  kl=0.0083  vl=0.0644
Step: 20840448 SPS: 9285  ev=0.734  ent=0.842  grad=0.18/0.18  h=3.1 c=12.3  kl=0.0060  vl=0.0663
Step: 20971520 SPS: 9275  ev=0.726  ent=0.863  grad=0.34/0.34  h=3.1 c=12.2  kl=0.0052  vl=0.0664
Step: 21102592 SPS: 9268  ev=0.733  ent=0.861  grad=0.10/0.10  h=3.2 c=12.6  kl=0.0056  vl=0.0627
Step: 21233664 SPS: 9259  ev=0.740  ent=0.884  grad=0.22/0.22  h=3.2 c=12.4  kl=0.0094  vl=0.0665
Step: 21364736 SPS: 9250  ev=0.739  ent=0.871  grad=0.13/0.13  h=3.1 c=12.1  kl=0.0055  vl=0.0635
Step: 21495808 SPS: 9243  ev=0.743  ent=0.869  grad=0.18/0.18  h=3.2 c=12.2  kl=0.0071  vl=0.0637
Step: 21626880 SPS: 9234  ev=0.736  ent=0.904  grad=0.19/0.19  h=3.1 c=12.1  kl=0.0085  vl=0.0650
Step: 21757952 SPS: 9223  ev=0.743  ent=0.885  grad=0.19/0.19  h=3.2 c=12.4  kl=0.0070  vl=0.0647
Step: 21889024 SPS: 9215  ev=0.741  ent=0.879  grad=0.19/0.19  h=3.1 c=12.6  kl=0.0086  vl=0.0648
Step: 22020096 SPS: 9205  ev=0.735  ent=0.878  grad=0.16/0.16  h=3.1 c=13.0  kl=0.0074  vl=0.0628
Step: 22151168 SPS: 9199  ev=0.740  ent=0.849  grad=0.25/0.25  h=3.1 c=12.7  kl=0.0090  vl=0.0637
Step: 22282240 SPS: 9193  ev=0.737  ent=0.887  grad=0.31/0.31  h=3.2 c=12.2  kl=0.0078  vl=0.0637
Step: 22413312 SPS: 9188  ev=0.743  ent=0.899  grad=0.12/0.12  h=3.1 c=11.7  kl=0.0074  vl=0.0625
Step: 22544384 SPS: 9177  ev=0.738  ent=0.881  grad=0.18/0.18  h=3.1 c=11.6  kl=0.0081  vl=0.0648
Step: 22675456 SPS: 9170  ev=0.733  ent=0.881  grad=0.20/0.20  h=3.1 c=11.2  kl=0.0092  vl=0.0638
Step: 22806528 SPS: 9164  ev=0.740  ent=0.874  grad=0.19/0.19  h=3.1 c=11.0  kl=0.0086  vl=0.0625
Step: 22937600 SPS: 9159  ev=0.745  ent=0.851  grad=0.11/0.11  h=3.2 c=10.8  kl=0.0080  vl=0.0626
Step: 23068672 SPS: 9154  ev=0.742  ent=0.883  grad=0.21/0.21  h=3.2 c=10.8  kl=0.0102  vl=0.0643
Step: 23199744 SPS: 9149  ev=0.741  ent=0.875  grad=0.19/0.19  h=3.2 c=11.2  kl=0.0094  vl=0.0643
Step: 23330816 SPS: 9145  ev=0.750  ent=0.888  grad=0.14/0.14  h=3.3 c=11.5  kl=0.0087  vl=0.0625
Step: 23461888 SPS: 9139  ev=0.748  ent=0.893  grad=0.28/0.28  h=3.2 c=11.4  kl=0.0110  vl=0.0623
Step: 23592960 SPS: 9134  ev=0.750  ent=0.949  grad=0.15/0.15  h=3.3 c=11.2  kl=0.0093  vl=0.0616
Step: 23724032 SPS: 9131  ev=0.762  ent=0.971  grad=0.28/0.28  h=3.3 c=11.3  kl=0.0106  vl=0.0639
Step: 23855104 SPS: 9131  ev=0.758  ent=0.908  grad=0.22/0.22  h=3.2 c=11.2  kl=0.0103  vl=0.0646
Step: 23986176 SPS: 9127  ev=0.750  ent=0.937  grad=0.21/0.21  h=3.2 c=11.5  kl=0.0119  vl=0.0630
Step: 24117248 SPS: 9125  ev=0.754  ent=0.974  grad=0.31/0.31  h=3.2 c=11.4  kl=0.0155  vl=0.0602
Step: 24248320 SPS: 9122  ev=0.754  ent=0.946  grad=0.28/0.28  h=3.2 c=11.2  kl=0.0117  vl=0.0621
Step: 24379392 SPS: 9118  ev=0.747  ent=0.870  grad=0.10/0.10  h=3.2 c=11.6  kl=0.0079  vl=0.0606
Step: 24510464 SPS: 9114  ev=0.746  ent=0.856  grad=0.31/0.31  h=3.1 c=12.2  kl=0.0097  vl=0.0644
Step: 24641536 SPS: 9107  ev=0.749  ent=0.889  grad=0.21/0.21  h=3.1 c=12.5  kl=0.0139  vl=0.0602
Step: 24772608 SPS: 9105  ev=0.738  ent=0.866  grad=0.35/0.35  h=3.2 c=12.7  kl=0.0141  vl=0.0644
Step: 24903680 SPS: 9103  ev=0.749  ent=0.921  grad=0.16/0.16  h=3.2 c=12.6  kl=0.0103  vl=0.0627
Step: 25034752 SPS: 9100  ev=0.758  ent=1.018  grad=0.41/0.41  h=3.3 c=12.8  kl=0.0132  vl=0.0637
Step: 25165824 SPS: 9097  ev=0.761  ent=0.961  grad=0.18/0.18  h=3.3 c=12.8  kl=0.0130  vl=0.0603
Step: 25296896 SPS: 9091  ev=0.751  ent=0.919  grad=0.25/0.25  h=3.2 c=12.8  kl=0.0104  vl=0.0600
Step: 25427968 SPS: 9083  ev=0.752  ent=0.856  grad=0.23/0.23  h=3.2 c=12.8  kl=0.0109  vl=0.0635
Step: 25559040 SPS: 9076  ev=0.741  ent=0.833  grad=0.15/0.15  h=3.1 c=12.9  kl=0.0092  vl=0.0639
Step: 25690112 SPS: 9071  ev=0.741  ent=0.857  grad=0.18/0.18  h=3.1 c=12.7  kl=0.0100  vl=0.0635
Step: 25821184 SPS: 9066  ev=0.741  ent=0.849  grad=0.28/0.28  h=3.1 c=12.4  kl=0.0107  vl=0.0630
Step: 25952256 SPS: 9061  ev=0.752  ent=0.869  grad=0.30/0.30  h=3.1 c=12.4  kl=0.0102  vl=0.0621
Step: 26083328 SPS: 9058  ev=0.747  ent=0.886  grad=0.24/0.24  h=3.1 c=12.6  kl=0.0106  vl=0.0643
Step: 26214400 SPS: 9058  ev=0.753  ent=0.910  grad=0.29/0.29  h=3.2 c=12.4  kl=0.0110  vl=0.0646
Step: 26345472 SPS: 9057  ev=0.760  ent=0.938  grad=0.34/0.34  h=3.2 c=12.4  kl=0.0128  vl=0.0610
Step: 26476544 SPS: 9056  ev=0.761  ent=0.944  grad=0.15/0.15  h=3.2 c=12.3  kl=0.0090  vl=0.0598
Step: 26607616 SPS: 9053  ev=0.763  ent=0.947  grad=0.16/0.16  h=3.2 c=11.9  kl=0.0102  vl=0.0616
Step: 26738688 SPS: 9052  ev=0.760  ent=0.973  grad=0.25/0.25  h=3.2 c=11.4  kl=0.0110  vl=0.0593
Step: 26869760 SPS: 9052  ev=0.772  ent=1.011  grad=0.28/0.28  h=3.3 c=11.6  kl=0.0112  vl=0.0603
Step: 27000832 SPS: 9050  ev=0.765  ent=1.028  grad=0.26/0.26  h=3.3 c=11.7  kl=0.0104  vl=0.0601
Step: 27131904 SPS: 9047  ev=0.781  ent=1.002  grad=0.15/0.15  h=3.3 c=11.7  kl=0.0107  vl=0.0584
Step: 27262976 SPS: 9045  ev=0.770  ent=0.946  grad=0.27/0.27  h=3.3 c=12.0  kl=0.0118  vl=0.0582
Step: 27394048 SPS: 9042  ev=0.770  ent=0.930  grad=0.14/0.14  h=3.3 c=12.6  kl=0.0098  vl=0.0583
Step: 27525120 SPS: 9041  ev=0.767  ent=0.937  grad=0.25/0.25  h=3.3 c=12.4  kl=0.0120  vl=0.0605
Step: 27656192 SPS: 9044  ev=0.773  ent=0.971  grad=0.36/0.36  h=3.3 c=13.2  kl=0.0123  vl=0.0619
Step: 27787264 SPS: 9040  ev=0.761  ent=0.945  grad=0.18/0.18  h=3.2 c=13.3  kl=0.0098  vl=0.0607
Step: 27918336 SPS: 9039  ev=0.759  ent=0.897  grad=0.22/0.22  h=3.1 c=13.5  kl=0.0106  vl=0.0598
Step: 28049408 SPS: 9038  ev=0.763  ent=0.897  grad=0.27/0.27  h=3.1 c=14.2  kl=0.0118  vl=0.0586
Step: 28180480 SPS: 9035  ev=0.757  ent=0.836  grad=0.37/0.37  h=3.1 c=14.5  kl=0.0112  vl=0.0601
Step: 28311552 SPS: 9030  ev=0.747  ent=0.815  grad=0.32/0.32  h=3.1 c=14.4  kl=0.0117  vl=0.0608
Step: 28442624 SPS: 9025  ev=0.752  ent=0.773  grad=0.21/0.21  h=3.1 c=14.3  kl=0.0086  vl=0.0595
Step: 28573696 SPS: 9020  ev=0.749  ent=0.769  grad=0.20/0.20  h=3.1 c=14.4  kl=0.0082  vl=0.0614
Step: 28704768 SPS: 9015  ev=0.751  ent=0.795  grad=0.19/0.19  h=3.1 c=14.7  kl=0.0099  vl=0.0608
Step: 28835840 SPS: 9011  ev=0.752  ent=0.797  grad=0.17/0.17  h=3.0 c=14.1  kl=0.0097  vl=0.0628
Step: 28966912 SPS: 9005  ev=0.757  ent=0.794  grad=0.21/0.21  h=3.1 c=13.8  kl=0.0092  vl=0.0611
Step: 29097984 SPS: 9002  ev=0.757  ent=0.812  grad=0.21/0.21  h=3.0 c=13.6  kl=0.0106  vl=0.0616
Step: 29229056 SPS: 8999  ev=0.749  ent=0.783  grad=0.17/0.17  h=3.1 c=14.0  kl=0.0089  vl=0.0610
Step: 29360128 SPS: 8994  ev=0.748  ent=0.775  grad=0.20/0.20  h=3.0 c=14.3  kl=0.0105  vl=0.0599
Step: 29491200 SPS: 8992  ev=0.749  ent=0.800  grad=0.21/0.21  h=3.1 c=14.0  kl=0.0117  vl=0.0616
Step: 29622272 SPS: 8987  ev=0.756  ent=0.792  grad=0.41/0.41  h=3.2 c=14.1  kl=0.0106  vl=0.0640
Step: 29753344 SPS: 8983  ev=0.752  ent=0.833  grad=0.23/0.23  h=3.2 c=14.1  kl=0.0110  vl=0.0629
Step: 29884416 SPS: 8980  ev=0.757  ent=0.830  grad=0.23/0.23  h=3.2 c=14.7  kl=0.0105  vl=0.0608
Step: 30015488 SPS: 8979  ev=0.754  ent=0.848  grad=0.16/0.16  h=3.2 c=14.7  kl=0.0114  vl=0.0630
Step: 30146560 SPS: 8981  ev=0.768  ent=0.915  grad=0.32/0.32  h=3.3 c=14.5  kl=0.0128  vl=0.0635
  vs Random: 100W/0L/0D | score=21.3±15.0 inv=0.0 played=16.8 lanes=5.0 ddraw=8.7 pts=21
  Self-play: 42W/59L/0D | score=-0.9±12.1 inv=0.0 played=14.4 lanes=5.0 ddraw=1.8 pts=-1
Step: 30277632 SPS: 8978  ev=0.761  ent=0.896  grad=0.28/0.28  h=3.3 c=14.7  kl=0.0150  vl=0.0629
Step: 30408704 SPS: 8975  ev=0.770  ent=0.927  grad=0.14/0.14  h=3.3 c=14.8  kl=0.0107  vl=0.0596
Step: 30539776 SPS: 8973  ev=0.765  ent=0.906  grad=0.24/0.24  h=3.3 c=15.0  kl=0.0105  vl=0.0607
Step: 30670848 SPS: 8971  ev=0.763  ent=0.893  grad=0.33/0.33  h=3.3 c=14.9  kl=0.0110  vl=0.0615
Step: 30801920 SPS: 8968  ev=0.759  ent=0.917  grad=0.15/0.15  h=3.3 c=15.1  kl=0.0108  vl=0.0636
Step: 30932992 SPS: 8965  ev=0.782  ent=0.999  grad=0.19/0.19  h=3.3 c=15.8  kl=0.0114  vl=0.0564
Step: 31064064 SPS: 8965  ev=0.768  ent=0.954  grad=0.30/0.30  h=3.4 c=16.0  kl=0.0109  vl=0.0600
Step: 31195136 SPS: 8964  ev=0.778  ent=0.977  grad=0.21/0.21  h=3.4 c=16.1  kl=0.0119  vl=0.0548
Step: 31326208 SPS: 8962  ev=0.765  ent=0.980  grad=0.30/0.30  h=3.3 c=15.7  kl=0.0127  vl=0.0589
Step: 31457280 SPS: 8962  ev=0.780  ent=1.019  grad=0.29/0.29  h=3.4 c=15.8  kl=0.0128  vl=0.0566
Step: 31588352 SPS: 8962  ev=0.770  ent=0.966  grad=0.22/0.22  h=3.4 c=15.7  kl=0.0121  vl=0.0598
Step: 31719424 SPS: 8961  ev=0.759  ent=0.864  grad=0.18/0.18  h=3.2 c=15.2  kl=0.0114  vl=0.0589
Step: 31850496 SPS: 8959  ev=0.748  ent=0.886  grad=0.33/0.33  h=3.3 c=15.1  kl=0.0097  vl=0.0615
Step: 31981568 SPS: 8956  ev=0.760  ent=0.851  grad=0.34/0.34  h=3.3 c=14.8  kl=0.0124  vl=0.0615
Step: 32112640 SPS: 8955  ev=0.755  ent=0.810  grad=0.33/0.33  h=3.3 c=15.1  kl=0.0110  vl=0.0628
Step: 32243712 SPS: 8952  ev=0.750  ent=0.815  grad=0.21/0.21  h=3.3 c=14.9  kl=0.0106  vl=0.0604
Step: 32374784 SPS: 8949  ev=0.746  ent=0.826  grad=0.13/0.13  h=3.3 c=15.0  kl=0.0097  vl=0.0624
Step: 32505856 SPS: 8946  ev=0.755  ent=0.862  grad=0.15/0.15  h=3.4 c=14.8  kl=0.0085  vl=0.0621
Step: 32636928 SPS: 8945  ev=0.753  ent=0.878  grad=0.36/0.36  h=3.4 c=14.8  kl=0.0104  vl=0.0634
Step: 32768000 SPS: 8943  ev=0.762  ent=0.860  grad=0.18/0.18  h=3.3 c=15.5  kl=0.0108  vl=0.0577
Step: 32899072 SPS: 8940  ev=0.763  ent=0.863  grad=0.36/0.36  h=3.3 c=15.2  kl=0.0116  vl=0.0612
Step: 33030144 SPS: 8937  ev=0.750  ent=0.838  grad=0.24/0.24  h=3.3 c=15.5  kl=0.0102  vl=0.0613
Step: 33161216 SPS: 8933  ev=0.748  ent=0.766  grad=0.21/0.21  h=3.3 c=16.2  kl=0.0093  vl=0.0617
Step: 33292288 SPS: 8928  ev=0.749  ent=0.774  grad=0.17/0.17  h=3.2 c=16.2  kl=0.0085  vl=0.0619
Step: 33423360 SPS: 8925  ev=0.751  ent=0.788  grad=0.19/0.19  h=3.3 c=15.6  kl=0.0091  vl=0.0635
Step: 33554432 SPS: 8924  ev=0.748  ent=0.808  grad=0.28/0.28  h=3.3 c=15.6  kl=0.0100  vl=0.0660
Step: 33685504 SPS: 8922  ev=0.749  ent=0.805  grad=0.34/0.34  h=3.3 c=15.7  kl=0.0102  vl=0.0615
Step: 33816576 SPS: 8921  ev=0.757  ent=0.838  grad=0.36/0.36  h=3.3 c=15.3  kl=0.0110  vl=0.0628
Step: 33947648 SPS: 8919  ev=0.764  ent=0.903  grad=0.27/0.27  h=3.4 c=14.9  kl=0.0094  vl=0.0597
Step: 34078720 SPS: 8918  ev=0.767  ent=0.916  grad=0.18/0.18  h=3.4 c=15.2  kl=0.0095  vl=0.0582
Step: 34209792 SPS: 8915  ev=0.763  ent=0.911  grad=0.21/0.21  h=3.4 c=15.2  kl=0.0114  vl=0.0595
Step: 34340864 SPS: 8912  ev=0.768  ent=0.969  grad=0.16/0.16  h=3.4 c=15.5  kl=0.0100  vl=0.0591
Step: 34471936 SPS: 8911  ev=0.753  ent=0.899  grad=0.18/0.18  h=3.3 c=15.4  kl=0.0103  vl=0.0629
Step: 34603008 SPS: 8909  ev=0.777  ent=1.039  grad=0.15/0.15  h=3.4 c=15.4  kl=0.0101  vl=0.0582
Step: 34734080 SPS: 8908  ev=0.785  ent=1.063  grad=0.22/0.22  h=3.6 c=15.9  kl=0.0116  vl=0.0612
Step: 34865152 SPS: 8909  ev=0.792  ent=1.117  grad=0.26/0.26  h=3.5 c=16.4  kl=0.0105  vl=0.0596
Step: 34996224 SPS: 8909  ev=0.799  ent=1.161  grad=0.32/0.32  h=3.5 c=16.9  kl=0.0105  vl=0.0549
Step: 35127296 SPS: 8911  ev=0.793  ent=1.135  grad=0.20/0.20  h=3.6 c=17.4  kl=0.0101  vl=0.0564
Step: 35258368 SPS: 8913  ev=0.791  ent=1.189  grad=0.28/0.28  h=3.6 c=17.3  kl=0.0109  vl=0.0548
Step: 35389440 SPS: 8913  ev=0.801  ent=1.174  grad=0.26/0.26  h=3.6 c=17.4  kl=0.0135  vl=0.0556
Step: 35520512 SPS: 8916  ev=0.813  ent=1.256  grad=0.21/0.21  h=3.7 c=17.6  kl=0.0107  vl=0.0540
Step: 35651584 SPS: 8919  ev=0.809  ent=1.236  grad=0.21/0.21  h=3.7 c=18.2  kl=0.0110  vl=0.0547
Step: 35782656 SPS: 8924  ev=0.825  ent=1.319  grad=0.27/0.27  h=3.8 c=18.6  kl=0.0156  vl=0.0532
Step: 35913728 SPS: 8925  ev=0.828  ent=1.266  grad=0.11/0.11  h=3.8 c=19.1  kl=0.0100  vl=0.0514
Step: 36044800 SPS: 8926  ev=0.823  ent=1.278  grad=0.23/0.23  h=3.8 c=19.5  kl=0.0119  vl=0.0494
Step: 36175872 SPS: 8932  ev=0.832  ent=1.287  grad=0.25/0.25  h=3.9 c=19.9  kl=0.0109  vl=0.0506
Step: 36306944 SPS: 8935  ev=0.830  ent=1.279  grad=0.19/0.19  h=3.9 c=20.2  kl=0.0117  vl=0.0511
Step: 36438016 SPS: 8938  ev=0.833  ent=1.282  grad=0.19/0.19  h=3.9 c=20.6  kl=0.0145  vl=0.0485
Step: 36569088 SPS: 8940  ev=0.828  ent=1.278  grad=0.22/0.22  h=3.9 c=21.2  kl=0.0104  vl=0.0502
Step: 36700160 SPS: 8948  ev=0.833  ent=1.305  grad=0.18/0.18  h=3.9 c=23.0  kl=0.0139  vl=0.0485
Step: 36831232 SPS: 8954  ev=0.857  ent=1.379  grad=0.18/0.18  h=4.1 c=25.5  kl=0.0119  vl=0.0449
Step: 36962304 SPS: 8960  ev=0.872  ent=1.415  grad=0.11/0.11  h=4.2 c=27.4  kl=0.0108  vl=0.0420
Step: 37093376 SPS: 8969  ev=0.866  ent=1.451  grad=0.30/0.30  h=4.2 c=29.5  kl=0.0104  vl=0.0424
Step: 37224448 SPS: 8976  ev=0.868  ent=1.348  grad=0.15/0.15  h=4.3 c=30.8  kl=0.0117  vl=0.0449
Step: 37355520 SPS: 8983  ev=0.888  ent=1.600  grad=0.10/0.10  h=4.4 c=36.8  kl=0.0118  vl=0.0372
Step: 37486592 SPS: 8992  ev=0.890  ent=1.565  grad=0.15/0.15  h=4.4 c=36.6  kl=0.0127  vl=0.0380
Step: 37617664 SPS: 9000  ev=0.877  ent=1.469  grad=0.16/0.16  h=4.2 c=32.1  kl=0.0101  vl=0.0401
Step: 37748736 SPS: 9005  ev=0.864  ent=1.396  grad=0.22/0.22  h=4.2 c=29.1  kl=0.0110  vl=0.0439
Step: 37879808 SPS: 9009  ev=0.861  ent=1.337  grad=0.20/0.20  h=4.1 c=25.9  kl=0.0107  vl=0.0443
Step: 38010880 SPS: 9014  ev=0.853  ent=1.274  grad=0.17/0.17  h=4.0 c=24.6  kl=0.0113  vl=0.0471
Step: 38141952 SPS: 9016  ev=0.831  ent=1.104  grad=0.14/0.14  h=3.8 c=21.2  kl=0.0103  vl=0.0515
Step: 38273024 SPS: 9020  ev=0.822  ent=1.093  grad=0.27/0.27  h=3.8 c=20.7  kl=0.0104  vl=0.0541
Step: 38404096 SPS: 9021  ev=0.800  ent=0.987  grad=0.17/0.17  h=3.6 c=18.8  kl=0.0114  vl=0.0562
Step: 38535168 SPS: 9020  ev=0.791  ent=0.889  grad=0.30/0.30  h=3.5 c=17.9  kl=0.0129  vl=0.0568
Step: 38666240 SPS: 9020  ev=0.787  ent=0.890  grad=0.33/0.33  h=3.5 c=17.0  kl=0.0152  vl=0.0578
Step: 38797312 SPS: 9018  ev=0.771  ent=0.810  grad=0.31/0.31  h=3.4 c=17.0  kl=0.0116  vl=0.0613
Step: 38928384 SPS: 9017  ev=0.757  ent=0.710  grad=0.28/0.28  h=3.4 c=16.9  kl=0.0128  vl=0.0605
Step: 39059456 SPS: 9014  ev=0.751  ent=0.707  grad=0.25/0.25  h=3.3 c=17.2  kl=0.0109  vl=0.0634
Step: 39190528 SPS: 9011  ev=0.760  ent=0.718  grad=0.20/0.20  h=3.4 c=16.9  kl=0.0100  vl=0.0628
Step: 39321600 SPS: 9008  ev=0.762  ent=0.744  grad=0.18/0.18  h=3.4 c=16.4  kl=0.0097  vl=0.0616
Step: 39452672 SPS: 9006  ev=0.757  ent=0.701  grad=0.34/0.34  h=3.3 c=16.4  kl=0.0132  vl=0.0630
Step: 39583744 SPS: 9004  ev=0.750  ent=0.701  grad=0.26/0.26  h=3.2 c=16.3  kl=0.0107  vl=0.0618
Step: 39714816 SPS: 9001  ev=0.742  ent=0.640  grad=0.19/0.19  h=3.3 c=16.5  kl=0.0084  vl=0.0632
Step: 39845888 SPS: 8998  ev=0.749  ent=0.651  grad=0.32/0.32  h=3.3 c=16.9  kl=0.0107  vl=0.0616
Step: 39976960 SPS: 8996  ev=0.742  ent=0.641  grad=0.24/0.24  h=3.3 c=17.1  kl=0.0102  vl=0.0619
Step: 40108032 SPS: 8991  ev=0.751  ent=0.658  grad=0.15/0.15  h=3.2 c=16.7  kl=0.0114  vl=0.0629
Step: 40239104 SPS: 8989  ev=0.746  ent=0.586  grad=0.26/0.26  h=3.2 c=16.7  kl=0.0107  vl=0.0647
  vs Random: 99W/1L/0D | score=26.1±19.3 inv=0.4 played=18.0 lanes=5.0 ddraw=4.2 pts=26
  Self-play: 44W/60L/3D | score=2.8±13.5 inv=0.3 played=15.3 lanes=5.0 ddraw=1.1 pts=3
Step: 40370176 SPS: 8985  ev=0.739  ent=0.595  grad=0.28/0.28  h=3.2 c=17.4  kl=0.0108  vl=0.0644
Step: 40501248 SPS: 8983  ev=0.744  ent=0.615  grad=0.22/0.22  h=3.2 c=17.5  kl=0.0108  vl=0.0622
Step: 40632320 SPS: 8981  ev=0.746  ent=0.629  grad=0.30/0.30  h=3.3 c=17.0  kl=0.0106  vl=0.0626
Step: 40763392 SPS: 8979  ev=0.742  ent=0.633  grad=0.32/0.32  h=3.3 c=17.3  kl=0.0119  vl=0.0649
Step: 40894464 SPS: 8975  ev=0.743  ent=0.620  grad=0.29/0.29  h=3.3 c=17.5  kl=0.0138  vl=0.0625
Step: 41025536 SPS: 8971  ev=0.729  ent=0.581  grad=0.21/0.21  h=3.2 c=17.2  kl=0.0084  vl=0.0648
Step: 41156608 SPS: 8968  ev=0.729  ent=0.539  grad=0.28/0.28  h=3.2 c=17.0  kl=0.0103  vl=0.0627
Step: 41287680 SPS: 8964  ev=0.722  ent=0.519  grad=0.18/0.18  h=3.1 c=17.4  kl=0.0089  vl=0.0625
Step: 41418752 SPS: 8960  ev=0.716  ent=0.501  grad=0.29/0.29  h=3.1 c=17.7  kl=0.0104  vl=0.0668
Step: 41549824 SPS: 8957  ev=0.723  ent=0.498  grad=0.20/0.20  h=3.1 c=17.9  kl=0.0101  vl=0.0657
Step: 41680896 SPS: 8954  ev=0.727  ent=0.508  grad=0.35/0.35  h=3.1 c=18.0  kl=0.0133  vl=0.0661
Step: 41811968 SPS: 8951  ev=0.724  ent=0.495  grad=0.25/0.25  h=3.1 c=18.3  kl=0.0093  vl=0.0624
Step: 41943040 SPS: 8947  ev=0.722  ent=0.505  grad=0.28/0.28  h=3.1 c=18.4  kl=0.0103  vl=0.0664
Step: 42074112 SPS: 8944  ev=0.726  ent=0.505  grad=0.34/0.34  h=3.1 c=18.4  kl=0.0098  vl=0.0659
Step: 42205184 SPS: 8942  ev=0.731  ent=0.523  grad=0.29/0.29  h=3.1 c=18.2  kl=0.0146  vl=0.0650
Step: 42336256 SPS: 8938  ev=0.730  ent=0.555  grad=0.21/0.21  h=3.2 c=18.5  kl=0.0107  vl=0.0645
Step: 42467328 SPS: 8934  ev=0.741  ent=0.574  grad=0.21/0.21  h=3.2 c=18.4  kl=0.0100  vl=0.0630
Step: 42598400 SPS: 8931  ev=0.728  ent=0.575  grad=0.14/0.14  h=3.2 c=18.6  kl=0.0099  vl=0.0640
Step: 42729472 SPS: 8930  ev=0.752  ent=0.613  grad=0.23/0.23  h=3.2 c=18.7  kl=0.0102  vl=0.0594
Step: 42860544 SPS: 8927  ev=0.741  ent=0.604  grad=0.29/0.29  h=3.3 c=19.0  kl=0.0183  vl=0.0643
Step: 42991616 SPS: 8925  ev=0.748  ent=0.655  grad=0.15/0.15  h=3.3 c=18.8  kl=0.0114  vl=0.0628
Step: 43122688 SPS: 8924  ev=0.754  ent=0.735  grad=0.13/0.13  h=3.3 c=18.7  kl=0.0113  vl=0.0614
Step: 43253760 SPS: 8921  ev=0.757  ent=0.763  grad=0.23/0.23  h=3.3 c=19.3  kl=0.0127  vl=0.0607
Step: 43384832 SPS: 8922  ev=0.771  ent=0.866  grad=0.14/0.14  h=3.5 c=19.4  kl=0.0127  vl=0.0569
Step: 43515904 SPS: 8922  ev=0.778  ent=0.903  grad=0.14/0.14  h=3.5 c=19.4  kl=0.0105  vl=0.0570
Step: 43646976 SPS: 8922  ev=0.774  ent=0.925  grad=0.16/0.16  h=3.5 c=19.9  kl=0.0105  vl=0.0609
Step: 43778048 SPS: 8922  ev=0.796  ent=1.106  grad=0.14/0.14  h=3.6 c=20.5  kl=0.0117  vl=0.0533
Step: 43909120 SPS: 8924  ev=0.796  ent=1.070  grad=0.22/0.22  h=3.7 c=21.0  kl=0.0124  vl=0.0566
Step: 44040192 SPS: 8925  ev=0.796  ent=1.156  grad=0.20/0.20  h=3.8 c=20.9  kl=0.0110  vl=0.0552
Step: 44171264 SPS: 8926  ev=0.811  ent=1.167  grad=0.20/0.20  h=3.8 c=21.7  kl=0.0121  vl=0.0524
Step: 44302336 SPS: 8927  ev=0.802  ent=1.169  grad=0.16/0.16  h=3.8 c=21.1  kl=0.0114  vl=0.0574
Step: 44433408 SPS: 8928  ev=0.800  ent=1.148  grad=0.19/0.19  h=3.8 c=21.7  kl=0.0134  vl=0.0531
Step: 44564480 SPS: 8928  ev=0.792  ent=1.068  grad=0.28/0.28  h=3.6 c=20.7  kl=0.0125  vl=0.0561
Step: 44695552 SPS: 8928  ev=0.780  ent=1.006  grad=0.16/0.16  h=3.7 c=20.4  kl=0.0122  vl=0.0557
Step: 44826624 SPS: 8927  ev=0.783  ent=0.950  grad=0.16/0.16  h=3.6 c=20.0  kl=0.0094  vl=0.0562
Step: 44957696 SPS: 8926  ev=0.763  ent=0.884  grad=0.34/0.34  h=3.5 c=19.8  kl=0.0142  vl=0.0623
Step: 45088768 SPS: 8924  ev=0.767  ent=0.920  grad=0.19/0.19  h=3.5 c=19.9  kl=0.0097  vl=0.0592
Step: 45219840 SPS: 8924  ev=0.767  ent=0.906  grad=0.32/0.32  h=3.6 c=20.1  kl=0.0104  vl=0.0610
Step: 45350912 SPS: 8923  ev=0.769  ent=0.921  grad=0.09/0.09  h=3.6 c=20.3  kl=0.0094  vl=0.0599
Step: 45481984 SPS: 8923  ev=0.775  ent=0.957  grad=0.20/0.20  h=3.6 c=20.6  kl=0.0110  vl=0.0597
Step: 45613056 SPS: 8923  ev=0.783  ent=0.956  grad=0.16/0.16  h=3.6 c=20.5  kl=0.0100  vl=0.0568
Step: 45744128 SPS: 8922  ev=0.771  ent=0.955  grad=0.11/0.11  h=3.6 c=20.6  kl=0.0093  vl=0.0595
Step: 45875200 SPS: 8921  ev=0.768  ent=0.929  grad=0.13/0.13  h=3.5 c=20.3  kl=0.0102  vl=0.0579
Step: 46006272 SPS: 8921  ev=0.765  ent=0.886  grad=0.15/0.15  h=3.6 c=20.6  kl=0.0103  vl=0.0574
Step: 46137344 SPS: 8920  ev=0.758  ent=0.849  grad=0.31/0.31  h=3.5 c=20.3  kl=0.0115  vl=0.0629
Step: 46268416 SPS: 8920  ev=0.760  ent=0.865  grad=0.37/0.37  h=3.6 c=20.8  kl=0.0123  vl=0.0632
Step: 46399488 SPS: 8918  ev=0.762  ent=0.861  grad=0.18/0.18  h=3.5 c=20.3  kl=0.0108  vl=0.0589
Step: 46530560 SPS: 8920  ev=0.760  ent=0.884  grad=0.23/0.23  h=3.5 c=20.4  kl=0.0100  vl=0.0595
Step: 46661632 SPS: 8916  ev=0.752  ent=0.822  grad=0.15/0.15  h=3.5 c=20.3  kl=0.0106  vl=0.0611
Step: 46792704 SPS: 8915  ev=0.750  ent=0.789  grad=0.17/0.17  h=3.4 c=20.2  kl=0.0102  vl=0.0635
Step: 46923776 SPS: 8912  ev=0.745  ent=0.789  grad=0.12/0.12  h=3.4 c=20.3  kl=0.0093  vl=0.0620
Step: 47054848 SPS: 8911  ev=0.748  ent=0.766  grad=0.29/0.29  h=3.5 c=20.0  kl=0.0154  vl=0.0610
Step: 47185920 SPS: 8909  ev=0.741  ent=0.729  grad=0.25/0.25  h=3.4 c=19.9  kl=0.0106  vl=0.0650
Step: 47316992 SPS: 8907  ev=0.744  ent=0.723  grad=0.13/0.13  h=3.4 c=19.9  kl=0.0097  vl=0.0617
Step: 47448064 SPS: 8905  ev=0.734  ent=0.754  grad=0.21/0.21  h=3.4 c=19.5  kl=0.0111  vl=0.0623
Step: 47579136 SPS: 8902  ev=0.753  ent=0.794  grad=0.16/0.16  h=3.4 c=19.9  kl=0.0102  vl=0.0596
Step: 47710208 SPS: 8901  ev=0.765  ent=0.860  grad=0.31/0.31  h=3.5 c=20.9  kl=0.0117  vl=0.0625
Step: 47841280 SPS: 8902  ev=0.762  ent=0.922  grad=0.24/0.24  h=3.6 c=20.9  kl=0.0130  vl=0.0607
Step: 47972352 SPS: 8901  ev=0.768  ent=0.915  grad=0.19/0.19  h=3.6 c=21.0  kl=0.0103  vl=0.0603
Step: 48103424 SPS: 8901  ev=0.762  ent=0.897  grad=0.24/0.24  h=3.6 c=21.1  kl=0.0104  vl=0.0612
Step: 48234496 SPS: 8900  ev=0.768  ent=0.921  grad=0.11/0.11  h=3.6 c=21.1  kl=0.0095  vl=0.0573
Step: 48365568 SPS: 8899  ev=0.765  ent=0.931  grad=0.18/0.18  h=3.6 c=20.6  kl=0.0104  vl=0.0586
Step: 48496640 SPS: 8898  ev=0.763  ent=0.938  grad=0.19/0.19  h=3.6 c=20.7  kl=0.0117  vl=0.0590
Step: 48627712 SPS: 8898  ev=0.750  ent=0.857  grad=0.27/0.27  h=3.6 c=20.9  kl=0.0120  vl=0.0652
Step: 48758784 SPS: 8895  ev=0.758  ent=0.870  grad=0.21/0.21  h=3.5 c=20.6  kl=0.0112  vl=0.0606
Step: 48889856 SPS: 8895  ev=0.756  ent=0.910  grad=0.16/0.16  h=3.6 c=21.0  kl=0.0109  vl=0.0629
Step: 49020928 SPS: 8894  ev=0.763  ent=0.976  grad=0.18/0.18  h=3.6 c=20.7  kl=0.0103  vl=0.0608
Step: 49152000 SPS: 8894  ev=0.767  ent=0.987  grad=0.11/0.11  h=3.6 c=20.9  kl=0.0095  vl=0.0596
Step: 49283072 SPS: 8893  ev=0.773  ent=1.020  grad=0.22/0.22  h=3.6 c=20.6  kl=0.0108  vl=0.0578
Step: 49414144 SPS: 8893  ev=0.769  ent=0.966  grad=0.12/0.12  h=3.7 c=21.2  kl=0.0114  vl=0.0592
Step: 49545216 SPS: 8893  ev=0.760  ent=0.951  grad=0.15/0.15  h=3.6 c=21.0  kl=0.0098  vl=0.0611
Step: 49676288 SPS: 8891  ev=0.763  ent=0.892  grad=0.22/0.22  h=3.6 c=20.9  kl=0.0112  vl=0.0590
Step: 49807360 SPS: 8889  ev=0.755  ent=0.868  grad=0.17/0.17  h=3.6 c=20.9  kl=0.0099  vl=0.0616
Step: 49938432 SPS: 8889  ev=0.774  ent=0.955  grad=0.25/0.25  h=3.6 c=21.3  kl=0.0106  vl=0.0601
Step: 50069504 SPS: 8889  ev=0.771  ent=0.927  grad=0.29/0.29  h=3.6 c=21.0  kl=0.0135  vl=0.0600
Step: 50200576 SPS: 8888  ev=0.766  ent=0.908  grad=0.27/0.27  h=3.6 c=21.0  kl=0.0120  vl=0.0590
Step: 50331648 SPS: 8888  ev=0.762  ent=0.871  grad=0.18/0.18  h=3.5 c=20.9  kl=0.0100  vl=0.0614
  vs Random: 101W/0L/0D | score=30.0±20.5 inv=1.2 played=19.3 lanes=5.0 ddraw=14.6 pts=30
  Self-play: 42W/59L/0D | score=1.7±18.8 inv=1.0 played=16.3 lanes=5.0 ddraw=2.2 pts=2
Step: 50462720 SPS: 8887  ev=0.762  ent=0.889  grad=0.19/0.19  h=3.5 c=21.1  kl=0.0124  vl=0.0600
Step: 50593792 SPS: 8887  ev=0.755  ent=0.891  grad=0.29/0.29  h=3.5 c=20.8  kl=0.0122  vl=0.0635
Step: 50724864 SPS: 8886  ev=0.751  ent=0.886  grad=0.20/0.20  h=3.6 c=20.8  kl=0.0116  vl=0.0607
Step: 50855936 SPS: 8886  ev=0.761  ent=0.896  grad=0.19/0.19  h=3.6 c=21.3  kl=0.0107  vl=0.0617
Step: 50987008 SPS: 8885  ev=0.766  ent=0.929  grad=0.20/0.20  h=3.6 c=21.4  kl=0.0113  vl=0.0614
Step: 51118080 SPS: 8886  ev=0.763  ent=0.932  grad=0.17/0.17  h=3.6 c=21.7  kl=0.0114  vl=0.0611
Step: 51249152 SPS: 8885  ev=0.763  ent=0.899  grad=0.18/0.18  h=3.6 c=22.5  kl=0.0107  vl=0.0590
Step: 51380224 SPS: 8885  ev=0.768  ent=0.932  grad=0.11/0.11  h=3.7 c=22.5  kl=0.0101  vl=0.0567
Step: 51511296 SPS: 8883  ev=0.768  ent=0.933  grad=0.20/0.20  h=3.7 c=22.4  kl=0.0111  vl=0.0595
Step: 51642368 SPS: 8882  ev=0.767  ent=0.961  grad=0.19/0.19  h=3.7 c=22.1  kl=0.0126  vl=0.0614
Step: 51773440 SPS: 8881  ev=0.780  ent=0.978  grad=0.27/0.27  h=3.6 c=22.6  kl=0.0123  vl=0.0594
Step: 51904512 SPS: 8880  ev=0.774  ent=0.966  grad=0.28/0.28  h=3.7 c=23.2  kl=0.0106  vl=0.0594
Step: 52035584 SPS: 8880  ev=0.758  ent=0.901  grad=0.24/0.24  h=3.6 c=23.9  kl=0.0126  vl=0.0606
Step: 52166656 SPS: 8878  ev=0.753  ent=0.893  grad=0.25/0.25  h=3.6 c=23.6  kl=0.0116  vl=0.0614
Step: 52297728 SPS: 8877  ev=0.755  ent=0.868  grad=0.26/0.26  h=3.6 c=24.2  kl=0.0095  vl=0.0585
Step: 52428800 SPS: 8876  ev=0.752  ent=0.866  grad=0.22/0.22  h=3.5 c=24.5  kl=0.0111  vl=0.0627
Step: 52559872 SPS: 8874  ev=0.754  ent=0.878  grad=0.16/0.16  h=3.6 c=23.9  kl=0.0125  vl=0.0622
Step: 52690944 SPS: 8872  ev=0.763  ent=0.904  grad=0.22/0.22  h=3.6 c=24.2  kl=0.0109  vl=0.0585
Step: 52822016 SPS: 8871  ev=0.759  ent=0.885  grad=0.19/0.19  h=3.6 c=24.5  kl=0.0117  vl=0.0610
Step: 52953088 SPS: 8870  ev=0.767  ent=0.930  grad=0.13/0.13  h=3.7 c=25.6  kl=0.0110  vl=0.0594
Step: 53084160 SPS: 8870  ev=0.776  ent=0.972  grad=0.20/0.20  h=3.7 c=25.5  kl=0.0104  vl=0.0565
Step: 53215232 SPS: 8869  ev=0.771  ent=0.920  grad=0.22/0.22  h=3.7 c=24.8  kl=0.0119  vl=0.0590
Step: 53346304 SPS: 8868  ev=0.772  ent=0.900  grad=0.16/0.16  h=3.7 c=24.9  kl=0.0099  vl=0.0576
Step: 53477376 SPS: 8867  ev=0.761  ent=0.874  grad=0.15/0.15  h=3.6 c=24.4  kl=0.0112  vl=0.0598
Step: 53608448 SPS: 8866  ev=0.761  ent=0.910  grad=0.25/0.25  h=3.6 c=24.3  kl=0.0108  vl=0.0610
Step: 53739520 SPS: 8866  ev=0.764  ent=0.880  grad=0.26/0.26  h=3.6 c=25.0  kl=0.0120  vl=0.0611
Step: 53870592 SPS: 8865  ev=0.769  ent=0.912  grad=0.17/0.17  h=3.7 c=25.8  kl=0.0115  vl=0.0589
Step: 54001664 SPS: 8865  ev=0.773  ent=0.922  grad=0.19/0.19  h=3.7 c=26.2  kl=0.0139  vl=0.0566
Step: 54132736 SPS: 8865  ev=0.773  ent=0.877  grad=0.28/0.28  h=3.6 c=25.5  kl=0.0121  vl=0.0571
Step: 54263808 SPS: 8865  ev=0.767  ent=0.869  grad=0.15/0.15  h=3.6 c=26.1  kl=0.0103  vl=0.0581
Step: 54394880 SPS: 8864  ev=0.769  ent=0.873  grad=0.25/0.25  h=3.6 c=26.0  kl=0.0113  vl=0.0617
Step: 54525952 SPS: 8863  ev=0.765  ent=0.869  grad=0.22/0.22  h=3.6 c=26.2  kl=0.0128  vl=0.0591
Step: 54657024 SPS: 8863  ev=0.766  ent=0.913  grad=0.23/0.23  h=3.7 c=26.4  kl=0.0124  vl=0.0595
Step: 54788096 SPS: 8861  ev=0.775  ent=0.911  grad=0.16/0.16  h=3.7 c=25.5  kl=0.0105  vl=0.0575
Step: 54919168 SPS: 8863  ev=0.773  ent=0.985  grad=0.26/0.26  h=3.8 c=26.9  kl=0.0109  vl=0.0599
Step: 55050240 SPS: 8861  ev=0.783  ent=0.989  grad=0.19/0.19  h=3.8 c=26.2  kl=0.0110  vl=0.0590
Step: 55181312 SPS: 8861  ev=0.779  ent=0.959  grad=0.19/0.19  h=3.8 c=26.0  kl=0.0117  vl=0.0605
Step: 55312384 SPS: 8859  ev=0.774  ent=0.981  grad=0.14/0.14  h=3.8 c=25.7  kl=0.0113  vl=0.0592
Step: 55443456 SPS: 8860  ev=0.768  ent=0.906  grad=0.14/0.14  h=3.8 c=25.3  kl=0.0108  vl=0.0591
Step: 55574528 SPS: 8859  ev=0.756  ent=0.853  grad=0.24/0.24  h=3.6 c=24.3  kl=0.0104  vl=0.0628
Step: 55705600 SPS: 8857  ev=0.757  ent=0.793  grad=0.19/0.19  h=3.7 c=24.3  kl=0.0110  vl=0.0604
Step: 55836672 SPS: 8856  ev=0.752  ent=0.808  grad=0.26/0.26  h=3.6 c=23.9  kl=0.0109  vl=0.0638
Step: 55967744 SPS: 8855  ev=0.752  ent=0.782  grad=0.18/0.18  h=3.7 c=24.0  kl=0.0103  vl=0.0619
Step: 56098816 SPS: 8852  ev=0.746  ent=0.769  grad=0.12/0.12  h=3.7 c=24.1  kl=0.0092  vl=0.0641
Step: 56229888 SPS: 8852  ev=0.750  ent=0.856  grad=0.31/0.31  h=3.8 c=24.0  kl=0.0116  vl=0.0619
Step: 56360960 SPS: 8850  ev=0.742  ent=0.790  grad=0.13/0.13  h=3.8 c=24.2  kl=0.0103  vl=0.0635
Step: 56492032 SPS: 8848  ev=0.749  ent=0.795  grad=0.20/0.20  h=3.7 c=23.8  kl=0.0116  vl=0.0636
Step: 56623104 SPS: 8846  ev=0.750  ent=0.822  grad=0.16/0.16  h=3.7 c=24.0  kl=0.0108  vl=0.0618
Step: 56754176 SPS: 8845  ev=0.755  ent=0.869  grad=0.43/0.43  h=3.8 c=24.1  kl=0.0122  vl=0.0644
Step: 56885248 SPS: 8844  ev=0.765  ent=0.854  grad=0.33/0.33  h=3.8 c=24.2  kl=0.0108  vl=0.0642
Step: 57016320 SPS: 8843  ev=0.752  ent=0.865  grad=0.22/0.22  h=3.8 c=24.0  kl=0.0108  vl=0.0638
Step: 57147392 SPS: 8842  ev=0.765  ent=0.899  grad=0.20/0.20  h=3.8 c=24.4  kl=0.0105  vl=0.0618
Step: 57278464 SPS: 8841  ev=0.769  ent=0.949  grad=0.15/0.15  h=3.9 c=24.9  kl=0.0103  vl=0.0595
Step: 57409536 SPS: 8840  ev=0.764  ent=0.897  grad=0.16/0.16  h=3.9 c=24.2  kl=0.0104  vl=0.0597
Step: 57540608 SPS: 8840  ev=0.759  ent=0.866  grad=0.24/0.24  h=3.8 c=24.4  kl=0.0105  vl=0.0630
Step: 57671680 SPS: 8839  ev=0.752  ent=0.870  grad=0.19/0.19  h=3.8 c=24.4  kl=0.0118  vl=0.0629
Step: 57802752 SPS: 8839  ev=0.762  ent=0.881  grad=0.19/0.19  h=3.8 c=24.3  kl=0.0114  vl=0.0616
Step: 57933824 SPS: 8838  ev=0.762  ent=0.920  grad=0.19/0.19  h=3.8 c=24.9  kl=0.0112  vl=0.0603
Step: 58064896 SPS: 8837  ev=0.770  ent=0.959  grad=0.24/0.24  h=3.8 c=25.1  kl=0.0104  vl=0.0606
Step: 58195968 SPS: 8837  ev=0.766  ent=0.963  grad=0.13/0.13  h=3.9 c=25.4  kl=0.0109  vl=0.0599
Step: 58327040 SPS: 8836  ev=0.769  ent=0.982  grad=0.14/0.14  h=3.8 c=24.6  kl=0.0110  vl=0.0600
Step: 58458112 SPS: 8835  ev=0.769  ent=0.973  grad=0.10/0.10  h=3.9 c=24.7  kl=0.0106  vl=0.0582
Step: 58589184 SPS: 8835  ev=0.770  ent=0.947  grad=0.22/0.22  h=3.8 c=24.9  kl=0.0103  vl=0.0595
Step: 58720256 SPS: 8834  ev=0.764  ent=0.903  grad=0.17/0.17  h=3.9 c=25.2  kl=0.0123  vl=0.0619
Step: 58851328 SPS: 8833  ev=0.757  ent=0.867  grad=0.19/0.19  h=3.8 c=25.2  kl=0.0101  vl=0.0611
Step: 58982400 SPS: 8832  ev=0.756  ent=0.854  grad=0.29/0.29  h=3.8 c=24.8  kl=0.0143  vl=0.0607
Step: 59113472 SPS: 8830  ev=0.752  ent=0.831  grad=0.22/0.22  h=3.8 c=25.0  kl=0.0122  vl=0.0619
Step: 59244544 SPS: 8829  ev=0.748  ent=0.832  grad=0.22/0.22  h=3.8 c=24.9  kl=0.0112  vl=0.0620
Step: 59375616 SPS: 8828  ev=0.757  ent=0.828  grad=0.24/0.24  h=3.8 c=24.8  kl=0.0120  vl=0.0625
Step: 59506688 SPS: 8827  ev=0.749  ent=0.812  grad=0.10/0.10  h=3.8 c=24.5  kl=0.0104  vl=0.0620
Step: 59637760 SPS: 8826  ev=0.746  ent=0.821  grad=0.25/0.25  h=3.8 c=24.2  kl=0.0118  vl=0.0636
Step: 59768832 SPS: 8825  ev=0.755  ent=0.827  grad=0.29/0.29  h=3.8 c=24.2  kl=0.0119  vl=0.0640
Step: 59899904 SPS: 8824  ev=0.752  ent=0.835  grad=0.14/0.14  h=3.8 c=24.1  kl=0.0104  vl=0.0643
Step: 60030976 SPS: 8823  ev=0.749  ent=0.878  grad=0.16/0.16  h=3.8 c=24.6  kl=0.0101  vl=0.0650
Step: 60162048 SPS: 8821  ev=0.751  ent=0.902  grad=0.12/0.12  h=3.9 c=25.8  kl=0.0129  vl=0.0612
Step: 60293120 SPS: 8821  ev=0.752  ent=0.943  grad=0.21/0.21  h=3.8 c=26.9  kl=0.0109  vl=0.0609
Step: 60424192 SPS: 8821  ev=0.767  ent=1.000  grad=0.17/0.17  h=4.0 c=27.7  kl=0.0129  vl=0.0597
  vs Random: 100W/0L/0D | score=28.1±15.9 inv=1.1 played=19.3 lanes=5.0 ddraw=20.4 pts=28
  Self-play: 41W/58L/2D | score=4.4±19.8 inv=1.2 played=16.9 lanes=5.0 ddraw=3.1 pts=4
Step: 60555264 SPS: 8821  ev=0.780  ent=1.058  grad=0.13/0.13  h=4.0 c=28.7  kl=0.0101  vl=0.0582
Step: 60686336 SPS: 8821  ev=0.780  ent=1.037  grad=0.21/0.21  h=4.0 c=29.3  kl=0.0120  vl=0.0588
Step: 60817408 SPS: 8822  ev=0.769  ent=1.064  grad=0.26/0.26  h=3.9 c=28.6  kl=0.0119  vl=0.0590
Step: 60948480 SPS: 8822  ev=0.774  ent=1.020  grad=0.20/0.20  h=4.0 c=29.2  kl=0.0125  vl=0.0583
Step: 61079552 SPS: 8822  ev=0.777  ent=1.114  grad=0.41/0.41  h=4.0 c=28.8  kl=0.0138  vl=0.0581
Step: 61210624 SPS: 8822  ev=0.770  ent=1.019  grad=0.18/0.18  h=3.9 c=28.3  kl=0.0102  vl=0.0582
Step: 61341696 SPS: 8821  ev=0.763  ent=0.988  grad=0.15/0.15  h=3.8 c=27.3  kl=0.0117  vl=0.0605
Step: 61472768 SPS: 8821  ev=0.776  ent=1.048  grad=0.18/0.18  h=3.9 c=28.0  kl=0.0102  vl=0.0564
Step: 61603840 SPS: 8822  ev=0.774  ent=1.059  grad=0.19/0.19  h=4.0 c=28.6  kl=0.0109  vl=0.0580
Step: 61734912 SPS: 8822  ev=0.773  ent=1.038  grad=0.18/0.18  h=3.9 c=28.0  kl=0.0101  vl=0.0599
Step: 61865984 SPS: 8823  ev=0.769  ent=1.030  grad=0.18/0.18  h=4.0 c=27.9  kl=0.0106  vl=0.0582
Step: 61997056 SPS: 8823  ev=0.772  ent=1.027  grad=0.17/0.17  h=3.9 c=27.0  kl=0.0105  vl=0.0568
Step: 62128128 SPS: 8822  ev=0.760  ent=0.973  grad=0.10/0.10  h=3.9 c=26.9  kl=0.0103  vl=0.0561
Step: 62259200 SPS: 8821  ev=0.758  ent=0.954  grad=0.25/0.25  h=3.8 c=27.0  kl=0.0112  vl=0.0596
Step: 62390272 SPS: 8820  ev=0.764  ent=0.955  grad=0.13/0.13  h=3.8 c=27.4  kl=0.0129  vl=0.0585
Step: 62521344 SPS: 8819  ev=0.757  ent=0.881  grad=0.13/0.13  h=3.8 c=27.0  kl=0.0116  vl=0.0593
Step: 62652416 SPS: 8818  ev=0.758  ent=0.901  grad=0.16/0.16  h=3.8 c=27.1  kl=0.0101  vl=0.0597
Step: 62783488 SPS: 8818  ev=0.752  ent=0.833  grad=0.22/0.22  h=3.7 c=26.9  kl=0.0115  vl=0.0631
Step: 62914560 SPS: 8816  ev=0.744  ent=0.833  grad=0.17/0.17  h=3.8 c=27.1  kl=0.0115  vl=0.0591
Step: 63045632 SPS: 8816  ev=0.753  ent=0.827  grad=0.23/0.23  h=3.8 c=27.5  kl=0.0111  vl=0.0617
Step: 63176704 SPS: 8816  ev=0.745  ent=0.850  grad=0.13/0.13  h=3.8 c=27.9  kl=0.0103  vl=0.0605
Step: 63307776 SPS: 8816  ev=0.751  ent=0.828  grad=0.24/0.24  h=3.9 c=29.4  kl=0.0103  vl=0.0618
Step: 63438848 SPS: 8814  ev=0.745  ent=0.781  grad=0.13/0.13  h=3.8 c=29.1  kl=0.0111  vl=0.0609
Step: 63569920 SPS: 8813  ev=0.746  ent=0.799  grad=0.14/0.14  h=3.7 c=29.0  kl=0.0110  vl=0.0597
Step: 63700992 SPS: 8813  ev=0.748  ent=0.787  grad=0.24/0.24  h=3.8 c=29.4  kl=0.0121  vl=0.0650
Step: 63832064 SPS: 8812  ev=0.753  ent=0.757  grad=0.12/0.12  h=3.7 c=29.2  kl=0.0110  vl=0.0606
Step: 63963136 SPS: 8811  ev=0.749  ent=0.764  grad=0.11/0.11  h=3.7 c=29.4  kl=0.0115  vl=0.0624
Step: 64094208 SPS: 8810  ev=0.757  ent=0.774  grad=0.16/0.16  h=3.8 c=29.9  kl=0.0110  vl=0.0630
Step: 64225280 SPS: 8810  ev=0.759  ent=0.816  grad=0.19/0.19  h=3.9 c=30.2  kl=0.0125  vl=0.0604
Step: 64356352 SPS: 8809  ev=0.767  ent=0.849  grad=0.12/0.12  h=3.9 c=30.3  kl=0.0113  vl=0.0605
Step: 64487424 SPS: 8810  ev=0.770  ent=0.875  grad=0.22/0.22  h=3.9 c=30.4  kl=0.0106  vl=0.0620
Step: 64618496 SPS: 8810  ev=0.776  ent=0.872  grad=0.19/0.19  h=3.9 c=30.1  kl=0.0106  vl=0.0555
Step: 64749568 SPS: 8810  ev=0.776  ent=0.881  grad=0.21/0.21  h=3.9 c=30.3  kl=0.0114  vl=0.0592
Step: 64880640 SPS: 8809  ev=0.766  ent=0.871  grad=0.25/0.25  h=3.9 c=29.8  kl=0.0114  vl=0.0598
Step: 65011712 SPS: 8809  ev=0.766  ent=0.875  grad=0.20/0.20  h=3.9 c=29.8  kl=0.0111  vl=0.0582
Step: 65142784 SPS: 8809  ev=0.769  ent=0.875  grad=0.23/0.23  h=4.0 c=31.1  kl=0.0116  vl=0.0597
Step: 65273856 SPS: 8810  ev=0.782  ent=0.920  grad=0.16/0.16  h=3.9 c=30.5  kl=0.0113  vl=0.0565
Step: 65404928 SPS: 8808  ev=0.774  ent=0.870  grad=0.16/0.16  h=3.8 c=29.1  kl=0.0103  vl=0.0579
Step: 65536000 SPS: 8808  ev=0.770  ent=0.886  grad=0.20/0.20  h=3.9 c=29.1  kl=0.0110  vl=0.0603
Step: 65667072 SPS: 8807  ev=0.760  ent=0.821  grad=0.10/0.10  h=3.8 c=28.6  kl=0.0102  vl=0.0606
Step: 65798144 SPS: 8807  ev=0.758  ent=0.803  grad=0.17/0.17  h=3.9 c=28.5  kl=0.0106  vl=0.0621
Step: 65929216 SPS: 8807  ev=0.753  ent=0.810  grad=0.25/0.25  h=3.8 c=27.9  kl=0.0118  vl=0.0614
Step: 66060288 SPS: 8807  ev=0.760  ent=0.825  grad=0.37/0.37  h=3.9 c=28.4  kl=0.0112  vl=0.0628
Step: 66191360 SPS: 8805  ev=0.761  ent=0.785  grad=0.22/0.22  h=3.8 c=28.5  kl=0.0115  vl=0.0627
Step: 66322432 SPS: 8804  ev=0.762  ent=0.852  grad=0.18/0.18  h=3.9 c=29.0  kl=0.0136  vl=0.0609
Step: 66453504 SPS: 8804  ev=0.771  ent=0.925  grad=0.19/0.19  h=3.9 c=29.9  kl=0.0121  vl=0.0613
Step: 66584576 SPS: 8803  ev=0.776  ent=0.935  grad=0.25/0.25  h=3.9 c=29.7  kl=0.0143  vl=0.0604
Step: 66715648 SPS: 8803  ev=0.773  ent=0.949  grad=0.25/0.25  h=4.0 c=31.2  kl=0.0153  vl=0.0642
Step: 66846720 SPS: 8803  ev=0.778  ent=0.952  grad=0.13/0.13  h=4.1 c=30.3  kl=0.0111  vl=0.0606
Step: 66977792 SPS: 8803  ev=0.779  ent=0.974  grad=0.10/0.10  h=4.0 c=30.0  kl=0.0106  vl=0.0587
Step: 67108864 SPS: 8803  ev=0.769  ent=0.945  grad=0.18/0.18  h=4.0 c=29.9  kl=0.0103  vl=0.0608
Step: 67239936 SPS: 8803  ev=0.769  ent=0.968  grad=0.23/0.23  h=4.0 c=30.0  kl=0.0125  vl=0.0575
Step: 67371008 SPS: 8803  ev=0.772  ent=0.955  grad=0.29/0.29  h=4.0 c=29.7  kl=0.0104  vl=0.0601
Step: 67502080 SPS: 8801  ev=0.761  ent=0.922  grad=0.15/0.15  h=4.0 c=29.8  kl=0.0105  vl=0.0578
Step: 67633152 SPS: 8800  ev=0.766  ent=0.918  grad=0.09/0.09  h=4.0 c=29.4  kl=0.0093  vl=0.0594
Step: 67764224 SPS: 8800  ev=0.761  ent=0.928  grad=0.11/0.11  h=4.0 c=29.5  kl=0.0103  vl=0.0597
Step: 67895296 SPS: 8800  ev=0.770  ent=0.954  grad=0.17/0.17  h=4.0 c=30.1  kl=0.0114  vl=0.0591
Step: 68026368 SPS: 8800  ev=0.763  ent=0.918  grad=0.12/0.12  h=4.0 c=29.7  kl=0.0108  vl=0.0588
Step: 68157440 SPS: 8800  ev=0.773  ent=0.953  grad=0.29/0.29  h=4.0 c=29.9  kl=0.0153  vl=0.0579
Step: 68288512 SPS: 8800  ev=0.768  ent=0.951  grad=0.19/0.19  h=4.0 c=30.0  kl=0.0104  vl=0.0619
Step: 68419584 SPS: 8800  ev=0.762  ent=0.911  grad=0.23/0.23  h=4.1 c=29.9  kl=0.0123  vl=0.0578
Step: 68550656 SPS: 8799  ev=0.772  ent=0.929  grad=0.13/0.13  h=4.0 c=29.6  kl=0.0113  vl=0.0576
Step: 68681728 SPS: 8799  ev=0.774  ent=0.932  grad=0.15/0.15  h=4.1 c=30.7  kl=0.0113  vl=0.0596
Step: 68812800 SPS: 8800  ev=0.773  ent=0.964  grad=0.09/0.09  h=4.1 c=31.1  kl=0.0111  vl=0.0574
Step: 68943872 SPS: 8801  ev=0.784  ent=0.994  grad=0.08/0.08  h=4.1 c=32.0  kl=0.0101  vl=0.0556
Step: 69074944 SPS: 8802  ev=0.788  ent=1.028  grad=0.21/0.21  h=4.1 c=32.0  kl=0.0106  vl=0.0577
Step: 69206016 SPS: 8802  ev=0.788  ent=0.999  grad=0.22/0.22  h=4.1 c=32.2  kl=0.0110  vl=0.0556
Step: 69337088 SPS: 8802  ev=0.792  ent=0.988  grad=0.21/0.21  h=4.1 c=32.4  kl=0.0129  vl=0.0581
Step: 69468160 SPS: 8802  ev=0.777  ent=0.932  grad=0.18/0.18  h=4.1 c=31.5  kl=0.0106  vl=0.0587
Step: 69599232 SPS: 8803  ev=0.783  ent=0.955  grad=0.29/0.29  h=4.0 c=31.0  kl=0.0117  vl=0.0575
Step: 69730304 SPS: 8804  ev=0.788  ent=0.956  grad=0.19/0.19  h=4.1 c=32.4  kl=0.0105  vl=0.0574
Step: 69861376 SPS: 8805  ev=0.799  ent=0.980  grad=0.19/0.19  h=4.1 c=32.8  kl=0.0100  vl=0.0552
Step: 69992448 SPS: 8805  ev=0.790  ent=0.931  grad=0.11/0.11  h=4.0 c=31.6  kl=0.0091  vl=0.0541
Step: 70123520 SPS: 8804  ev=0.782  ent=0.900  grad=0.14/0.14  h=4.0 c=31.5  kl=0.0095  vl=0.0577
Step: 70254592 SPS: 8805  ev=0.785  ent=0.943  grad=0.18/0.18  h=4.1 c=33.4  kl=0.0105  vl=0.0582
Step: 70385664 SPS: 8805  ev=0.797  ent=0.964  grad=0.18/0.18  h=4.1 c=32.3  kl=0.0104  vl=0.0554
Step: 70516736 SPS: 8805  ev=0.783  ent=0.937  grad=0.13/0.13  h=4.2 c=32.9  kl=0.0130  vl=0.0582
  vs Random: 100W/0L/0D | score=37.0±22.6 inv=1.6 played=20.6 lanes=5.0 ddraw=19.4 pts=37
  Self-play: 51W/48L/2D | score=7.3±19.0 inv=1.4 played=17.4 lanes=5.0 ddraw=2.6 pts=7
Step: 70647808 SPS: 8805  ev=0.788  ent=0.909  grad=0.14/0.14  h=4.1 c=32.9  kl=0.0107  vl=0.0589
Step: 70778880 SPS: 8804  ev=0.788  ent=0.914  grad=0.15/0.15  h=4.1 c=31.9  kl=0.0103  vl=0.0545
Step: 70909952 SPS: 8805  ev=0.771  ent=0.921  grad=0.17/0.17  h=4.0 c=30.3  kl=0.0114  vl=0.0609
Step: 71041024 SPS: 8803  ev=0.776  ent=0.881  grad=0.13/0.13  h=4.0 c=30.1  kl=0.0122  vl=0.0572
Step: 71172096 SPS: 8803  ev=0.766  ent=0.809  grad=0.13/0.13  h=4.0 c=29.5  kl=0.0114  vl=0.0608
Step: 71303168 SPS: 8803  ev=0.763  ent=0.838  grad=0.15/0.15  h=4.1 c=29.1  kl=0.0114  vl=0.0619
Step: 71434240 SPS: 8802  ev=0.766  ent=0.807  grad=0.21/0.21  h=4.1 c=30.3  kl=0.0129  vl=0.0608
Step: 71565312 SPS: 8802  ev=0.766  ent=0.796  grad=0.09/0.09  h=4.1 c=30.1  kl=0.0111  vl=0.0595
Step: 71696384 SPS: 8802  ev=0.770  ent=0.830  grad=0.19/0.19  h=4.1 c=29.8  kl=0.0119  vl=0.0572
Step: 71827456 SPS: 8802  ev=0.770  ent=0.842  grad=0.14/0.14  h=4.2 c=30.1  kl=0.0104  vl=0.0589
Step: 71958528 SPS: 8801  ev=0.765  ent=0.822  grad=0.16/0.16  h=4.1 c=29.5  kl=0.0112  vl=0.0601
Step: 72089600 SPS: 8802  ev=0.771  ent=0.826  grad=0.15/0.15  h=4.1 c=29.6  kl=0.0106  vl=0.0574
Step: 72220672 SPS: 8802  ev=0.764  ent=0.844  grad=0.20/0.20  h=4.1 c=29.4  kl=0.0128  vl=0.0604
Step: 72351744 SPS: 8802  ev=0.768  ent=0.840  grad=0.24/0.24  h=4.1 c=31.1  kl=0.0124  vl=0.0599
Step: 72482816 SPS: 8801  ev=0.759  ent=0.780  grad=0.18/0.18  h=4.0 c=29.8  kl=0.0104  vl=0.0601
Step: 72613888 SPS: 8801  ev=0.760  ent=0.791  grad=0.15/0.15  h=4.0 c=29.9  kl=0.0117  vl=0.0595
Step: 72744960 SPS: 8800  ev=0.759  ent=0.813  grad=0.13/0.13  h=4.0 c=30.2  kl=0.0114  vl=0.0594
Step: 72876032 SPS: 8800  ev=0.764  ent=0.776  grad=0.35/0.35  h=4.0 c=29.1  kl=0.0141  vl=0.0610
Step: 73007104 SPS: 8800  ev=0.751  ent=0.774  grad=0.23/0.23  h=4.0 c=29.5  kl=0.0101  vl=0.0622
Step: 73138176 SPS: 8799  ev=0.751  ent=0.759  grad=0.12/0.12  h=4.0 c=29.4  kl=0.0125  vl=0.0624
Step: 73269248 SPS: 8799  ev=0.753  ent=0.761  grad=0.20/0.20  h=4.0 c=29.7  kl=0.0102  vl=0.0645
Step: 73400320 SPS: 8798  ev=0.755  ent=0.796  grad=0.15/0.15  h=3.9 c=28.9  kl=0.0116  vl=0.0627
Step: 73531392 SPS: 8798  ev=0.748  ent=0.761  grad=0.12/0.12  h=3.9 c=29.5  kl=0.0116  vl=0.0636
Step: 73662464 SPS: 8797  ev=0.757  ent=0.821  grad=0.21/0.21  h=4.0 c=29.8  kl=0.0113  vl=0.0609
Step: 73793536 SPS: 8797  ev=0.770  ent=0.880  grad=0.21/0.21  h=4.1 c=31.0  kl=0.0110  vl=0.0588
Step: 73924608 SPS: 8798  ev=0.768  ent=0.864  grad=0.24/0.24  h=4.1 c=30.4  kl=0.0115  vl=0.0596
Step: 74055680 SPS: 8799  ev=0.765  ent=0.859  grad=0.16/0.16  h=4.0 c=29.8  kl=0.0114  vl=0.0616
Step: 74186752 SPS: 8798  ev=0.762  ent=0.888  grad=0.15/0.15  h=4.1 c=30.2  kl=0.0121  vl=0.0620
Step: 74317824 SPS: 8797  ev=0.778  ent=0.942  grad=0.13/0.13  h=4.1 c=30.4  kl=0.0100  vl=0.0585
Step: 74448896 SPS: 8797  ev=0.785  ent=0.993  grad=0.18/0.18  h=4.2 c=31.5  kl=0.0110  vl=0.0602
Step: 74579968 SPS: 8797  ev=0.793  ent=1.067  grad=0.25/0.25  h=4.2 c=32.6  kl=0.0122  vl=0.0580
Step: 74711040 SPS: 8799  ev=0.783  ent=1.087  grad=0.10/0.10  h=4.3 c=32.8  kl=0.0106  vl=0.0580
Step: 74842112 SPS: 8800  ev=0.784  ent=1.068  grad=0.18/0.18  h=4.3 c=32.5  kl=0.0109  vl=0.0570
Step: 74973184 SPS: 8800  ev=0.774  ent=1.063  grad=0.26/0.26  h=4.3 c=32.1  kl=0.0123  vl=0.0572
Step: 75104256 SPS: 8800  ev=0.766  ent=0.997  grad=0.22/0.22  h=4.1 c=30.5  kl=0.0117  vl=0.0583
Step: 75235328 SPS: 8799  ev=0.775  ent=0.991  grad=0.23/0.23  h=4.3 c=31.8  kl=0.0109  vl=0.0591
Step: 75366400 SPS: 8800  ev=0.774  ent=0.974  grad=0.30/0.30  h=4.2 c=31.3  kl=0.0117  vl=0.0584
Step: 75497472 SPS: 8800  ev=0.776  ent=0.989  grad=0.23/0.23  h=4.3 c=30.7  kl=0.0114  vl=0.0567
Step: 75628544 SPS: 8800  ev=0.764  ent=0.919  grad=0.27/0.27  h=4.2 c=30.6  kl=0.0117  vl=0.0596
Step: 75759616 SPS: 8800  ev=0.771  ent=0.939  grad=0.13/0.13  h=4.2 c=30.8  kl=0.0123  vl=0.0592
Step: 75890688 SPS: 8801  ev=0.768  ent=0.882  grad=0.21/0.21  h=4.2 c=31.2  kl=0.0128  vl=0.0617
Step: 76021760 SPS: 8800  ev=0.763  ent=0.884  grad=0.20/0.20  h=4.1 c=30.5  kl=0.0117  vl=0.0579
Step: 76152832 SPS: 8799  ev=0.764  ent=0.846  grad=0.17/0.17  h=4.1 c=30.2  kl=0.0108  vl=0.0632
Step: 76283904 SPS: 8799  ev=0.760  ent=0.866  grad=0.17/0.17  h=4.2 c=30.0  kl=0.0114  vl=0.0604
Step: 76414976 SPS: 8799  ev=0.755  ent=0.877  grad=0.18/0.18  h=4.1 c=30.3  kl=0.0118  vl=0.0621
Step: 76546048 SPS: 8799  ev=0.763  ent=0.914  grad=0.22/0.22  h=4.2 c=30.7  kl=0.0123  vl=0.0614
Step: 76677120 SPS: 8799  ev=0.759  ent=0.873  grad=0.13/0.13  h=4.2 c=30.3  kl=0.0128  vl=0.0599
Step: 76808192 SPS: 8799  ev=0.754  ent=0.856  grad=0.14/0.14  h=4.1 c=29.6  kl=0.0109  vl=0.0606
Step: 76939264 SPS: 8799  ev=0.753  ent=0.853  grad=0.22/0.22  h=4.1 c=29.8  kl=0.0110  vl=0.0608
Step: 77070336 SPS: 8798  ev=0.757  ent=0.870  grad=0.25/0.25  h=4.2 c=30.7  kl=0.0105  vl=0.0618
Step: 77201408 SPS: 8798  ev=0.745  ent=0.810  grad=0.21/0.21  h=4.1 c=30.2  kl=0.0126  vl=0.0631
Step: 77332480 SPS: 8797  ev=0.753  ent=0.811  grad=0.30/0.30  h=4.1 c=29.9  kl=0.0120  vl=0.0634
Step: 77463552 SPS: 8796  ev=0.751  ent=0.799  grad=0.09/0.09  h=4.1 c=30.4  kl=0.0108  vl=0.0608
Step: 77594624 SPS: 8795  ev=0.749  ent=0.793  grad=0.16/0.16  h=4.1 c=30.3  kl=0.0102  vl=0.0600
Step: 77725696 SPS: 8794  ev=0.755  ent=0.823  grad=0.16/0.16  h=4.0 c=29.7  kl=0.0115  vl=0.0613
Step: 77856768 SPS: 8794  ev=0.753  ent=0.860  grad=0.12/0.12  h=4.1 c=30.3  kl=0.0097  vl=0.0577
Step: 77987840 SPS: 8793  ev=0.763  ent=0.850  grad=0.15/0.15  h=4.1 c=30.9  kl=0.0118  vl=0.0587
Step: 78118912 SPS: 8793  ev=0.753  ent=0.869  grad=0.10/0.10  h=4.1 c=30.2  kl=0.0103  vl=0.0606
Step: 78249984 SPS: 8792  ev=0.754  ent=0.872  grad=0.15/0.15  h=4.1 c=31.2  kl=0.0125  vl=0.0622
Step: 78381056 SPS: 8792  ev=0.770  ent=0.940  grad=0.18/0.18  h=4.1 c=31.6  kl=0.0104  vl=0.0592
Step: 78512128 SPS: 8792  ev=0.777  ent=0.995  grad=0.19/0.19  h=4.3 c=33.2  kl=0.0127  vl=0.0594
Step: 78643200 SPS: 8792  ev=0.779  ent=1.014  grad=0.13/0.13  h=4.2 c=32.7  kl=0.0125  vl=0.0577
Step: 78774272 SPS: 8793  ev=0.786  ent=1.082  grad=0.13/0.13  h=4.3 c=34.1  kl=0.0136  vl=0.0589
Step: 78905344 SPS: 8794  ev=0.791  ent=1.130  grad=0.13/0.13  h=4.4 c=35.3  kl=0.0107  vl=0.0573
Step: 79036416 SPS: 8794  ev=0.787  ent=1.111  grad=0.12/0.12  h=4.3 c=34.2  kl=0.0103  vl=0.0558
Step: 79167488 SPS: 8795  ev=0.791  ent=1.093  grad=0.30/0.30  h=4.3 c=33.9  kl=0.0109  vl=0.0583
Step: 79298560 SPS: 8796  ev=0.791  ent=1.059  grad=0.14/0.14  h=4.3 c=34.4  kl=0.0152  vl=0.0579
Step: 79429632 SPS: 8796  ev=0.775  ent=0.987  grad=0.15/0.15  h=4.1 c=33.3  kl=0.0104  vl=0.0554
Step: 79560704 SPS: 8796  ev=0.766  ent=0.894  grad=0.20/0.20  h=4.1 c=32.1  kl=0.0122  vl=0.0599
Step: 79691776 SPS: 8796  ev=0.768  ent=0.923  grad=0.19/0.19  h=4.0 c=31.3  kl=0.0118  vl=0.0569
Step: 79822848 SPS: 8795  ev=0.770  ent=0.910  grad=0.14/0.14  h=4.0 c=31.6  kl=0.0119  vl=0.0571
Step: 79953920 SPS: 8794  ev=0.764  ent=0.875  grad=0.14/0.14  h=4.0 c=31.4  kl=0.0121  vl=0.0582
Step: 80084992 SPS: 8795  ev=0.767  ent=0.882  grad=0.09/0.09  h=4.0 c=31.8  kl=0.0105  vl=0.0604
Step: 80216064 SPS: 8794  ev=0.772  ent=0.877  grad=0.11/0.11  h=4.0 c=32.3  kl=0.0117  vl=0.0605
Step: 80347136 SPS: 8794  ev=0.777  ent=0.876  grad=0.08/0.08  h=4.1 c=32.4  kl=0.0101  vl=0.0587
Step: 80478208 SPS: 8794  ev=0.771  ent=0.894  grad=0.10/0.10  h=4.1 c=32.2  kl=0.0107  vl=0.0569
Step: 80609280 SPS: 8794  ev=0.766  ent=0.841  grad=0.19/0.19  h=4.1 c=32.1  kl=0.0137  vl=0.0591
  vs Random: 100W/0L/0D | score=38.7±24.7 inv=1.6 played=20.6 lanes=5.0 ddraw=16.6 pts=39
  Self-play: 51W/48L/1D | score=6.1±20.8 inv=1.3 played=17.3 lanes=5.0 ddraw=2.2 pts=6
Step: 80740352 SPS: 8793  ev=0.758  ent=0.844  grad=0.15/0.15  h=4.1 c=31.5  kl=0.0113  vl=0.0616
Step: 80871424 SPS: 8793  ev=0.768  ent=0.839  grad=0.13/0.13  h=4.0 c=31.3  kl=0.0107  vl=0.0606
Step: 81002496 SPS: 8792  ev=0.756  ent=0.802  grad=0.19/0.19  h=4.0 c=31.1  kl=0.0120  vl=0.0610
Step: 81133568 SPS: 8792  ev=0.759  ent=0.759  grad=0.18/0.18  h=4.0 c=31.0  kl=0.0121  vl=0.0615
Step: 81264640 SPS: 8792  ev=0.748  ent=0.783  grad=0.19/0.19  h=4.0 c=32.0  kl=0.0111  vl=0.0608
Step: 81395712 SPS: 8791  ev=0.750  ent=0.787  grad=0.14/0.14  h=4.0 c=31.5  kl=0.0102  vl=0.0612
Step: 81526784 SPS: 8790  ev=0.756  ent=0.777  grad=0.10/0.10  h=4.0 c=32.1  kl=0.0119  vl=0.0594
Step: 81657856 SPS: 8789  ev=0.769  ent=0.829  grad=0.17/0.17  h=4.0 c=32.8  kl=0.0137  vl=0.0598
Step: 81788928 SPS: 8789  ev=0.769  ent=0.888  grad=0.15/0.15  h=4.0 c=33.0  kl=0.0118  vl=0.0579
Step: 81920000 SPS: 8789  ev=0.767  ent=0.896  grad=0.20/0.20  h=4.1 c=33.9  kl=0.0110  vl=0.0591
Step: 82051072 SPS: 8788  ev=0.772  ent=0.892  grad=0.13/0.13  h=4.2 c=34.2  kl=0.0113  vl=0.0591
Step: 82182144 SPS: 8789  ev=0.771  ent=0.916  grad=0.14/0.14  h=4.2 c=34.9  kl=0.0104  vl=0.0593
Step: 82313216 SPS: 8789  ev=0.773  ent=0.916  grad=0.11/0.11  h=4.1 c=34.0  kl=0.0116  vl=0.0586
Step: 82444288 SPS: 8788  ev=0.763  ent=0.854  grad=0.20/0.20  h=4.1 c=33.5  kl=0.0113  vl=0.0594
Step: 82575360 SPS: 8787  ev=0.760  ent=0.824  grad=0.28/0.28  h=4.0 c=31.9  kl=0.0133  vl=0.0590
Step: 82706432 SPS: 8787  ev=0.745  ent=0.769  grad=0.13/0.13  h=4.1 c=32.2  kl=0.0124  vl=0.0613
Step: 82837504 SPS: 8786  ev=0.750  ent=0.787  grad=0.18/0.18  h=4.0 c=32.1  kl=0.0124  vl=0.0608
Step: 82968576 SPS: 8785  ev=0.753  ent=0.817  grad=0.18/0.18  h=4.1 c=31.9  kl=0.0103  vl=0.0610
Step: 83099648 SPS: 8784  ev=0.757  ent=0.842  grad=0.13/0.13  h=4.1 c=32.0  kl=0.0103  vl=0.0602
Step: 83230720 SPS: 8785  ev=0.760  ent=0.893  grad=0.27/0.27  h=4.1 c=33.1  kl=0.0133  vl=0.0613
Step: 83361792 SPS: 8784  ev=0.779  ent=0.924  grad=0.10/0.10  h=4.2 c=34.1  kl=0.0100  vl=0.0578
Step: 83492864 SPS: 8784  ev=0.775  ent=0.968  grad=0.24/0.24  h=4.2 c=34.3  kl=0.0111  vl=0.0598
Step: 83623936 SPS: 8784  ev=0.774  ent=0.949  grad=0.16/0.16  h=4.3 c=35.4  kl=0.0115  vl=0.0594
Step: 83755008 SPS: 8786  ev=0.782  ent=1.038  grad=0.27/0.27  h=4.2 c=33.6  kl=0.0111  vl=0.0569
Step: 83886080 SPS: 8785  ev=0.779  ent=0.992  grad=0.14/0.14  h=4.3 c=34.9  kl=0.0114  vl=0.0579
Step: 84017152 SPS: 8786  ev=0.779  ent=1.023  grad=0.22/0.22  h=4.2 c=35.0  kl=0.0108  vl=0.0573
Step: 84148224 SPS: 8785  ev=0.775  ent=1.003  grad=0.18/0.18  h=4.2 c=34.7  kl=0.0121  vl=0.0565
Step: 84279296 SPS: 8785  ev=0.774  ent=0.965  grad=0.19/0.19  h=4.2 c=34.5  kl=0.0151  vl=0.0580
Step: 84410368 SPS: 8786  ev=0.769  ent=0.882  grad=0.15/0.15  h=4.1 c=33.5  kl=0.0107  vl=0.0581
Step: 84541440 SPS: 8786  ev=0.763  ent=0.867  grad=0.27/0.27  h=4.1 c=33.1  kl=0.0106  vl=0.0594
Step: 84672512 SPS: 8786  ev=0.750  ent=0.814  grad=0.17/0.17  h=4.0 c=32.5  kl=0.0116  vl=0.0617
Step: 84803584 SPS: 8786  ev=0.761  ent=0.824  grad=0.15/0.15  h=4.0 c=31.7  kl=0.0109  vl=0.0623
Step: 84934656 SPS: 8785  ev=0.749  ent=0.810  grad=0.17/0.17  h=4.0 c=31.2  kl=0.0117  vl=0.0629
Step: 85065728 SPS: 8785  ev=0.759  ent=0.792  grad=0.21/0.21  h=4.0 c=32.1  kl=0.0115  vl=0.0586
Step: 85196800 SPS: 8785  ev=0.757  ent=0.815  grad=0.12/0.12  h=4.0 c=31.1  kl=0.0110  vl=0.0606
Step: 85327872 SPS: 8784  ev=0.773  ent=0.936  grad=0.15/0.15  h=4.1 c=32.6  kl=0.0104  vl=0.0589
Step: 85458944 SPS: 8785  ev=0.770  ent=0.975  grad=0.14/0.14  h=4.2 c=33.3  kl=0.0130  vl=0.0590
Step: 85590016 SPS: 8785  ev=0.786  ent=0.999  grad=0.21/0.21  h=4.1 c=33.6  kl=0.0114  vl=0.0557
Step: 85721088 SPS: 8786  ev=0.779  ent=0.960  grad=0.14/0.14  h=4.2 c=34.6  kl=0.0108  vl=0.0590
Step: 85852160 SPS: 8786  ev=0.774  ent=0.944  grad=0.15/0.15  h=4.2 c=35.6  kl=0.0113  vl=0.0605
Step: 85983232 SPS: 8786  ev=0.782  ent=1.016  grad=0.15/0.15  h=4.2 c=35.0  kl=0.0134  vl=0.0586
Step: 86114304 SPS: 8786  ev=0.787  ent=1.041  grad=0.22/0.22  h=4.3 c=37.1  kl=0.0129  vl=0.0579
Step: 86245376 SPS: 8787  ev=0.789  ent=1.048  grad=0.16/0.16  h=4.3 c=36.6  kl=0.0102  vl=0.0566
Step: 86376448 SPS: 8789  ev=0.785  ent=1.055  grad=0.18/0.18  h=4.3 c=36.4  kl=0.0128  vl=0.0583
Step: 86507520 SPS: 8790  ev=0.782  ent=1.059  grad=0.25/0.25  h=4.3 c=36.2  kl=0.0127  vl=0.0579
Step: 86638592 SPS: 8791  ev=0.781  ent=1.046  grad=0.43/0.43  h=4.2 c=35.1  kl=0.0145  vl=0.0583
Step: 86769664 SPS: 8791  ev=0.776  ent=0.964  grad=0.26/0.26  h=4.2 c=34.5  kl=0.0106  vl=0.0571
Step: 86900736 SPS: 8790  ev=0.758  ent=0.889  grad=0.18/0.18  h=4.1 c=33.6  kl=0.0112  vl=0.0624
Step: 87031808 SPS: 8789  ev=0.764  ent=0.895  grad=0.09/0.09  h=4.1 c=33.8  kl=0.0099  vl=0.0576
Step: 87162880 SPS: 8789  ev=0.770  ent=0.889  grad=0.12/0.12  h=4.1 c=33.3  kl=0.0105  vl=0.0561
Step: 87293952 SPS: 8789  ev=0.767  ent=0.884  grad=0.26/0.26  h=4.1 c=33.5  kl=0.0128  vl=0.0595
Step: 87425024 SPS: 8789  ev=0.767  ent=0.877  grad=0.27/0.27  h=4.2 c=34.7  kl=0.0121  vl=0.0611
Step: 87556096 SPS: 8788  ev=0.773  ent=0.920  grad=0.19/0.19  h=4.2 c=34.7  kl=0.0117  vl=0.0585
Step: 87687168 SPS: 8789  ev=0.778  ent=0.878  grad=0.20/0.20  h=4.1 c=33.7  kl=0.0128  vl=0.0561
Step: 87818240 SPS: 8788  ev=0.776  ent=0.896  grad=0.14/0.14  h=4.2 c=34.8  kl=0.0130  vl=0.0587
Step: 87949312 SPS: 8788  ev=0.791  ent=0.987  grad=0.09/0.09  h=4.3 c=36.9  kl=0.0096  vl=0.0555
Step: 88080384 SPS: 8788  ev=0.784  ent=0.916  grad=0.13/0.13  h=4.2 c=35.8  kl=0.0109  vl=0.0592
Step: 88211456 SPS: 8788  ev=0.783  ent=0.916  grad=0.15/0.15  h=4.2 c=34.3  kl=0.0103  vl=0.0572
Step: 88342528 SPS: 8787  ev=0.768  ent=0.855  grad=0.14/0.14  h=4.1 c=33.1  kl=0.0096  vl=0.0612
Step: 88473600 SPS: 8786  ev=0.762  ent=0.792  grad=0.18/0.18  h=4.1 c=32.9  kl=0.0097  vl=0.0612
Step: 88604672 SPS: 8786  ev=0.761  ent=0.810  grad=0.13/0.13  h=4.1 c=33.1  kl=0.0114  vl=0.0617
Step: 88735744 SPS: 8786  ev=0.776  ent=0.874  grad=0.12/0.12  h=4.1 c=33.1  kl=0.0114  vl=0.0597
Step: 88866816 SPS: 8785  ev=0.775  ent=0.886  grad=0.13/0.13  h=4.1 c=32.9  kl=0.0102  vl=0.0584
Step: 88997888 SPS: 8785  ev=0.766  ent=0.843  grad=0.11/0.11  h=4.2 c=32.8  kl=0.0127  vl=0.0614
Step: 89128960 SPS: 8785  ev=0.760  ent=0.809  grad=0.14/0.14  h=4.1 c=31.9  kl=0.0112  vl=0.0603
Step: 89260032 SPS: 8785  ev=0.754  ent=0.780  grad=0.16/0.16  h=4.1 c=31.5  kl=0.0112  vl=0.0635
Step: 89391104 SPS: 8784  ev=0.760  ent=0.798  grad=0.19/0.19  h=4.1 c=31.4  kl=0.0109  vl=0.0591
Step: 89522176 SPS: 8784  ev=0.763  ent=0.815  grad=0.17/0.17  h=4.1 c=31.5  kl=0.0104  vl=0.0610
Step: 89653248 SPS: 8784  ev=0.753  ent=0.837  grad=0.13/0.13  h=4.0 c=31.2  kl=0.0109  vl=0.0637
Step: 89784320 SPS: 8785  ev=0.761  ent=0.878  grad=0.09/0.09  h=4.2 c=32.7  kl=0.0102  vl=0.0634
Step: 89915392 SPS: 8785  ev=0.765  ent=0.868  grad=0.19/0.19  h=4.1 c=32.5  kl=0.0141  vl=0.0590
Step: 90046464 SPS: 8786  ev=0.766  ent=0.904  grad=0.13/0.13  h=4.2 c=32.7  kl=0.0111  vl=0.0629
Step: 90177536 SPS: 8786  ev=0.768  ent=0.888  grad=0.17/0.17  h=4.2 c=32.9  kl=0.0133  vl=0.0608
Step: 90308608 SPS: 8785  ev=0.773  ent=0.937  grad=0.18/0.18  h=4.2 c=32.7  kl=0.0102  vl=0.0582
Step: 90439680 SPS: 8786  ev=0.769  ent=0.888  grad=0.14/0.14  h=4.1 c=32.7  kl=0.0112  vl=0.0606
Step: 90570752 SPS: 8786  ev=0.764  ent=0.883  grad=0.18/0.18  h=4.1 c=32.5  kl=0.0108  vl=0.0595
Step: 90701824 SPS: 8786  ev=0.769  ent=0.872  grad=0.19/0.19  h=4.1 c=32.4  kl=0.0130  vl=0.0577
  vs Random: 100W/0L/0D | score=39.5±20.8 inv=1.6 played=20.6 lanes=5.0 ddraw=21.4 pts=39
  Self-play: 55W/44L/2D | score=12.0±22.9 inv=1.3 played=18.0 lanes=5.0 ddraw=3.4 pts=12
Step: 90832896 SPS: 8785  ev=0.776  ent=0.939  grad=0.12/0.12  h=4.2 c=33.7  kl=0.0118  vl=0.0588
Step: 90963968 SPS: 8785  ev=0.768  ent=0.902  grad=0.30/0.30  h=4.2 c=34.0  kl=0.0122  vl=0.0623
Step: 91095040 SPS: 8784  ev=0.772  ent=0.931  grad=0.12/0.12  h=4.2 c=33.9  kl=0.0120  vl=0.0568
Step: 91226112 SPS: 8784  ev=0.767  ent=0.948  grad=0.16/0.16  h=4.2 c=34.4  kl=0.0133  vl=0.0591
Step: 91357184 SPS: 8784  ev=0.773  ent=0.961  grad=0.21/0.21  h=4.2 c=34.1  kl=0.0110  vl=0.0606
Step: 91488256 SPS: 8783  ev=0.767  ent=0.911  grad=0.12/0.12  h=4.2 c=34.0  kl=0.0112  vl=0.0596
Step: 91619328 SPS: 8782  ev=0.763  ent=0.900  grad=0.16/0.16  h=4.2 c=33.5  kl=0.0114  vl=0.0588
Step: 91750400 SPS: 8782  ev=0.765  ent=0.897  grad=0.11/0.11  h=4.2 c=34.5  kl=0.0098  vl=0.0595
Step: 91881472 SPS: 8781  ev=0.767  ent=0.932  grad=0.10/0.10  h=4.2 c=33.7  kl=0.0113  vl=0.0589
Step: 92012544 SPS: 8781  ev=0.773  ent=0.931  grad=0.12/0.12  h=4.3 c=34.7  kl=0.0114  vl=0.0595
Step: 92143616 SPS: 8781  ev=0.782  ent=0.961  grad=0.13/0.13  h=4.3 c=34.3  kl=0.0107  vl=0.0561
Step: 92274688 SPS: 8781  ev=0.773  ent=0.939  grad=0.13/0.13  h=4.3 c=33.9  kl=0.0109  vl=0.0558
Step: 92405760 SPS: 8781  ev=0.759  ent=0.883  grad=0.14/0.14  h=4.1 c=32.9  kl=0.0114  vl=0.0606
Step: 92536832 SPS: 8780  ev=0.767  ent=0.847  grad=0.20/0.20  h=4.2 c=32.9  kl=0.0113  vl=0.0613
Step: 92667904 SPS: 8780  ev=0.762  ent=0.875  grad=0.12/0.12  h=4.2 c=34.2  kl=0.0114  vl=0.0587
Step: 92798976 SPS: 8779  ev=0.764  ent=0.813  grad=0.11/0.11  h=4.1 c=33.0  kl=0.0108  vl=0.0604
Step: 92930048 SPS: 8779  ev=0.770  ent=0.856  grad=0.14/0.14  h=4.2 c=33.5  kl=0.0115  vl=0.0608
Step: 93061120 SPS: 8779  ev=0.760  ent=0.850  grad=0.15/0.15  h=4.2 c=33.2  kl=0.0114  vl=0.0599
Step: 93192192 SPS: 8778  ev=0.767  ent=0.827  grad=0.10/0.10  h=4.2 c=32.7  kl=0.0102  vl=0.0625
Step: 93323264 SPS: 8778  ev=0.757  ent=0.850  grad=0.22/0.22  h=4.2 c=33.3  kl=0.0126  vl=0.0604
Step: 93454336 SPS: 8778  ev=0.779  ent=0.920  grad=0.17/0.17  h=4.2 c=33.8  kl=0.0125  vl=0.0596
Step: 93585408 SPS: 8778  ev=0.772  ent=0.861  grad=0.28/0.28  h=4.2 c=33.1  kl=0.0211  vl=0.0647
Step: 93716480 SPS: 8777  ev=0.770  ent=0.865  grad=0.12/0.12  h=4.2 c=33.5  kl=0.0082  vl=0.0605
Step: 93847552 SPS: 8777  ev=0.766  ent=0.838  grad=0.13/0.13  h=4.1 c=32.6  kl=0.0078  vl=0.0610
Step: 93978624 SPS: 8776  ev=0.761  ent=0.864  grad=0.15/0.15  h=4.1 c=32.5  kl=0.0072  vl=0.0607
Step: 94109696 SPS: 8775  ev=0.770  ent=0.866  grad=0.11/0.11  h=4.2 c=32.6  kl=0.0078  vl=0.0611
Step: 94240768 SPS: 8775  ev=0.765  ent=0.881  grad=0.09/0.09  h=4.2 c=32.6  kl=0.0069  vl=0.0596
Step: 94371840 SPS: 8774  ev=0.767  ent=0.896  grad=0.12/0.12  h=4.1 c=32.6  kl=0.0072  vl=0.0616
Step: 94502912 SPS: 8774  ev=0.771  ent=0.906  grad=0.10/0.10  h=4.2 c=33.1  kl=0.0076  vl=0.0617
Step: 94633984 SPS: 8774  ev=0.772  ent=0.931  grad=0.10/0.10  h=4.3 c=33.3  kl=0.0077  vl=0.0586
Step: 94765056 SPS: 8773  ev=0.771  ent=0.935  grad=0.12/0.12  h=4.3 c=33.7  kl=0.0081  vl=0.0591
Step: 94896128 SPS: 8773  ev=0.773  ent=0.928  grad=0.16/0.16  h=4.2 c=33.4  kl=0.0075  vl=0.0579
Step: 95027200 SPS: 8773  ev=0.772  ent=0.933  grad=0.15/0.15  h=4.2 c=33.4  kl=0.0086  vl=0.0590
Step: 95158272 SPS: 8773  ev=0.768  ent=0.946  grad=0.09/0.09  h=4.2 c=33.1  kl=0.0079  vl=0.0601
Step: 95289344 SPS: 8772  ev=0.775  ent=0.929  grad=0.17/0.17  h=4.1 c=32.6  kl=0.0081  vl=0.0574
Step: 95420416 SPS: 8772  ev=0.771  ent=0.900  grad=0.15/0.15  h=4.3 c=33.2  kl=0.0087  vl=0.0600
Step: 95551488 SPS: 8772  ev=0.778  ent=0.954  grad=0.12/0.12  h=4.3 c=33.2  kl=0.0075  vl=0.0582
Step: 95682560 SPS: 8772  ev=0.775  ent=0.981  grad=0.12/0.12  h=4.3 c=33.0  kl=0.0070  vl=0.0571
Step: 95813632 SPS: 8772  ev=0.780  ent=0.942  grad=0.18/0.18  h=4.3 c=33.5  kl=0.0097  vl=0.0576
Step: 95944704 SPS: 8772  ev=0.765  ent=0.930  grad=0.11/0.11  h=4.2 c=32.7  kl=0.0067  vl=0.0596
Step: 96075776 SPS: 8771  ev=0.776  ent=0.935  grad=0.13/0.13  h=4.3 c=33.0  kl=0.0086  vl=0.0583
Step: 96206848 SPS: 8771  ev=0.772  ent=0.930  grad=0.13/0.13  h=4.3 c=33.1  kl=0.0077  vl=0.0595
Step: 96337920 SPS: 8771  ev=0.769  ent=0.923  grad=0.17/0.17  h=4.3 c=33.2  kl=0.0113  vl=0.0592
Step: 96468992 SPS: 8770  ev=0.757  ent=0.863  grad=0.15/0.15  h=4.2 c=32.3  kl=0.0088  vl=0.0612
Step: 96600064 SPS: 8771  ev=0.772  ent=0.923  grad=0.11/0.11  h=4.3 c=33.3  kl=0.0083  vl=0.0589
Step: 96731136 SPS: 8771  ev=0.768  ent=0.946  grad=0.13/0.13  h=4.2 c=32.7  kl=0.0079  vl=0.0586
Step: 96862208 SPS: 8770  ev=0.770  ent=0.898  grad=0.14/0.14  h=4.2 c=32.7  kl=0.0071  vl=0.0585
Step: 96993280 SPS: 8770  ev=0.760  ent=0.828  grad=0.10/0.10  h=4.2 c=32.6  kl=0.0085  vl=0.0602
Step: 97124352 SPS: 8770  ev=0.762  ent=0.837  grad=0.12/0.12  h=4.2 c=32.9  kl=0.0084  vl=0.0600
Step: 97255424 SPS: 8769  ev=0.767  ent=0.864  grad=0.10/0.10  h=4.2 c=32.6  kl=0.0082  vl=0.0596
Step: 97386496 SPS: 8769  ev=0.762  ent=0.862  grad=0.13/0.13  h=4.3 c=33.6  kl=0.0099  vl=0.0604
Step: 97517568 SPS: 8769  ev=0.770  ent=0.855  grad=0.13/0.13  h=4.2 c=33.3  kl=0.0086  vl=0.0602
Step: 97648640 SPS: 8768  ev=0.772  ent=0.851  grad=0.08/0.08  h=4.3 c=34.0  kl=0.0083  vl=0.0596
Step: 97779712 SPS: 8769  ev=0.763  ent=0.852  grad=0.20/0.20  h=4.3 c=33.1  kl=0.0099  vl=0.0608
Step: 97910784 SPS: 8768  ev=0.764  ent=0.872  grad=0.15/0.15  h=4.3 c=33.1  kl=0.0099  vl=0.0592
Step: 98041856 SPS: 8768  ev=0.759  ent=0.830  grad=0.12/0.12  h=4.2 c=33.5  kl=0.0082  vl=0.0618
Step: 98172928 SPS: 8768  ev=0.762  ent=0.841  grad=0.10/0.10  h=4.2 c=33.0  kl=0.0084  vl=0.0611
Step: 98304000 SPS: 8768  ev=0.760  ent=0.838  grad=0.10/0.10  h=4.3 c=33.4  kl=0.0089  vl=0.0610
Step: 98435072 SPS: 8767  ev=0.758  ent=0.880  grad=0.11/0.11  h=4.2 c=33.7  kl=0.0086  vl=0.0592
Step: 98566144 SPS: 8767  ev=0.760  ent=0.877  grad=0.14/0.14  h=4.3 c=33.5  kl=0.0091  vl=0.0610
Step: 98697216 SPS: 8767  ev=0.766  ent=0.897  grad=0.09/0.09  h=4.3 c=33.5  kl=0.0084  vl=0.0597
Step: 98828288 SPS: 8768  ev=0.765  ent=0.898  grad=0.15/0.15  h=4.3 c=33.2  kl=0.0102  vl=0.0614
Step: 98959360 SPS: 8768  ev=0.763  ent=0.907  grad=0.10/0.10  h=4.2 c=33.3  kl=0.0091  vl=0.0608
Step: 99090432 SPS: 8767  ev=0.761  ent=0.906  grad=0.13/0.13  h=4.2 c=33.4  kl=0.0104  vl=0.0588
Step: 99221504 SPS: 8767  ev=0.757  ent=0.925  grad=0.11/0.11  h=4.3 c=34.4  kl=0.0088  vl=0.0589
Step: 99352576 SPS: 8767  ev=0.768  ent=0.901  grad=0.17/0.17  h=4.2 c=33.6  kl=0.0094  vl=0.0575
Step: 99483648 SPS: 8767  ev=0.773  ent=0.923  grad=0.14/0.14  h=4.4 c=34.9  kl=0.0088  vl=0.0588
Step: 99614720 SPS: 8767  ev=0.772  ent=0.926  grad=0.10/0.10  h=4.3 c=34.0  kl=0.0085  vl=0.0580
Step: 99745792 SPS: 8767  ev=0.769  ent=0.925  grad=0.12/0.12  h=4.3 c=34.1  kl=0.0090  vl=0.0606
Step: 99876864 SPS: 8767  ev=0.770  ent=0.952  grad=0.13/0.13  h=4.3 c=34.1  kl=0.0106  vl=0.0593
Step: 100007936 SPS: 8767  ev=0.768  ent=0.950  grad=0.11/0.11  h=4.3 c=33.2  kl=0.0102  vl=0.0610
Step: 100139008 SPS: 8767  ev=0.768  ent=0.933  grad=0.15/0.15  h=4.3 c=33.6  kl=0.0086  vl=0.0596
Step: 100270080 SPS: 8767  ev=0.761  ent=0.912  grad=0.14/0.14  h=4.2 c=33.7  kl=0.0089  vl=0.0609
Step: 100401152 SPS: 8767  ev=0.765  ent=0.931  grad=0.19/0.19  h=4.2 c=33.4  kl=0.0088  vl=0.0605
Step: 100532224 SPS: 8767  ev=0.768  ent=0.963  grad=0.12/0.12  h=4.3 c=34.2  kl=0.0085  vl=0.0572
Step: 100663296 SPS: 8767  ev=0.770  ent=0.977  grad=0.19/0.19  h=4.3 c=34.0  kl=0.0106  vl=0.0601
Step: 100794368 SPS: 8767  ev=0.770  ent=0.957  grad=0.12/0.12  h=4.3 c=34.3  kl=0.0090  vl=0.0589
  vs Random: 101W/0L/0D | score=36.7±24.5 inv=1.6 played=20.4 lanes=5.0 ddraw=18.0 pts=37
  Self-play: 56W/44L/1D | score=8.6±17.6 inv=1.4 played=17.7 lanes=5.0 ddraw=3.0 pts=9
Step: 100925440 SPS: 8767  ev=0.766  ent=0.916  grad=0.15/0.15  h=4.3 c=33.8  kl=0.0100  vl=0.0598
Step: 101056512 SPS: 8767  ev=0.763  ent=0.907  grad=0.24/0.24  h=4.3 c=33.7  kl=0.0101  vl=0.0610
Step: 101187584 SPS: 8766  ev=0.769  ent=0.905  grad=0.14/0.14  h=4.2 c=33.4  kl=0.0080  vl=0.0585
Step: 101318656 SPS: 8766  ev=0.767  ent=0.919  grad=0.16/0.16  h=4.3 c=33.5  kl=0.0093  vl=0.0574
Step: 101449728 SPS: 8766  ev=0.769  ent=0.935  grad=0.11/0.11  h=4.2 c=33.7  kl=0.0078  vl=0.0583
Step: 101580800 SPS: 8766  ev=0.779  ent=0.960  grad=0.24/0.24  h=4.3 c=34.3  kl=0.0106  vl=0.0592
Step: 101711872 SPS: 8766  ev=0.778  ent=0.950  grad=0.13/0.13  h=4.3 c=35.1  kl=0.0101  vl=0.0581
Step: 101842944 SPS: 8766  ev=0.780  ent=0.956  grad=0.10/0.10  h=4.3 c=34.8  kl=0.0094  vl=0.0591
Step: 101974016 SPS: 8766  ev=0.782  ent=0.939  grad=0.14/0.14  h=4.3 c=34.2  kl=0.0083  vl=0.0575
Step: 102105088 SPS: 8766  ev=0.780  ent=0.930  grad=0.19/0.19  h=4.3 c=34.4  kl=0.0109  vl=0.0589
Step: 102236160 SPS: 8766  ev=0.769  ent=0.912  grad=0.11/0.11  h=4.2 c=33.8  kl=0.0085  vl=0.0593
Step: 102367232 SPS: 8766  ev=0.768  ent=0.875  grad=0.13/0.13  h=4.2 c=33.7  kl=0.0092  vl=0.0598
Step: 102498304 SPS: 8765  ev=0.767  ent=0.875  grad=0.09/0.09  h=4.2 c=33.8  kl=0.0075  vl=0.0581
Step: 102629376 SPS: 8764  ev=0.770  ent=0.841  grad=0.10/0.10  h=4.2 c=34.1  kl=0.0070  vl=0.0577
Step: 102760448 SPS: 8765  ev=0.768  ent=0.837  grad=0.14/0.14  h=4.2 c=34.5  kl=0.0082  vl=0.0590
Step: 102891520 SPS: 8765  ev=0.765  ent=0.842  grad=0.16/0.16  h=4.2 c=34.0  kl=0.0094  vl=0.0593
Step: 103022592 SPS: 8764  ev=0.766  ent=0.828  grad=0.11/0.11  h=4.2 c=33.5  kl=0.0082  vl=0.0584
Step: 103153664 SPS: 8764  ev=0.769  ent=0.844  grad=0.18/0.18  h=4.2 c=33.3  kl=0.0081  vl=0.0584
Step: 103284736 SPS: 8763  ev=0.766  ent=0.823  grad=0.12/0.12  h=4.2 c=33.9  kl=0.0097  vl=0.0600
Step: 103415808 SPS: 8763  ev=0.766  ent=0.810  grad=0.10/0.10  h=4.1 c=33.4  kl=0.0077  vl=0.0606
Step: 103546880 SPS: 8762  ev=0.758  ent=0.818  grad=0.12/0.12  h=4.2 c=33.1  kl=0.0084  vl=0.0617
Step: 103677952 SPS: 8762  ev=0.758  ent=0.805  grad=0.09/0.09  h=4.1 c=32.6  kl=0.0090  vl=0.0621
Step: 103809024 SPS: 8761  ev=0.755  ent=0.817  grad=0.12/0.12  h=4.2 c=32.8  kl=0.0085  vl=0.0634
Step: 103940096 SPS: 8760  ev=0.764  ent=0.857  grad=0.15/0.15  h=4.1 c=33.3  kl=0.0082  vl=0.0584
Step: 104071168 SPS: 8760  ev=0.761  ent=0.858  grad=0.10/0.10  h=4.2 c=33.8  kl=0.0085  vl=0.0610
Step: 104202240 SPS: 8760  ev=0.769  ent=0.848  grad=0.08/0.08  h=4.2 c=33.8  kl=0.0085  vl=0.0583
Step: 104333312 SPS: 8759  ev=0.764  ent=0.853  grad=0.19/0.19  h=4.2 c=33.5  kl=0.0117  vl=0.0613
Step: 104464384 SPS: 8759  ev=0.768  ent=0.870  grad=0.13/0.13  h=4.2 c=34.1  kl=0.0097  vl=0.0599
Step: 104595456 SPS: 8759  ev=0.772  ent=0.932  grad=0.15/0.15  h=4.3 c=34.9  kl=0.0085  vl=0.0581
Step: 104726528 SPS: 8759  ev=0.768  ent=0.883  grad=0.15/0.15  h=4.3 c=34.8  kl=0.0093  vl=0.0604
Step: 104857600 SPS: 8758  ev=0.765  ent=0.946  grad=0.10/0.10  h=4.3 c=35.1  kl=0.0089  vl=0.0602
Step: 104988672 SPS: 8757  ev=0.761  ent=0.933  grad=0.10/0.10  h=4.3 c=35.4  kl=0.0091  vl=0.0590
Step: 105119744 SPS: 8756  ev=0.766  ent=0.956  grad=0.17/0.17  h=4.3 c=35.2  kl=0.0103  vl=0.0596
Step: 105250816 SPS: 8755  ev=0.765  ent=0.927  grad=0.15/0.15  h=4.3 c=34.3  kl=0.0097  vl=0.0612
Step: 105381888 SPS: 8752  ev=0.774  ent=0.979  grad=0.16/0.16  h=4.3 c=34.8  kl=0.0105  vl=0.0583
Step: 105512960 SPS: 8749  ev=0.773  ent=0.993  grad=0.11/0.11  h=4.3 c=35.2  kl=0.0086  vl=0.0583
Step: 105644032 SPS: 8746  ev=0.773  ent=1.012  grad=0.09/0.09  h=4.4 c=35.7  kl=0.0079  vl=0.0561
Step: 105775104 SPS: 8741  ev=0.776  ent=0.992  grad=0.14/0.14  h=4.3 c=35.0  kl=0.0096  vl=0.0576
Step: 105906176 SPS: 8740  ev=0.772  ent=0.921  grad=0.12/0.12  h=4.3 c=34.8  kl=0.0098  vl=0.0583
Step: 106037248 SPS: 8740  ev=0.775  ent=0.911  grad=0.15/0.15  h=4.2 c=34.1  kl=0.0099  vl=0.0575
Step: 106168320 SPS: 8740  ev=0.760  ent=0.894  grad=0.11/0.11  h=4.3 c=34.2  kl=0.0097  vl=0.0593
Step: 106299392 SPS: 8740  ev=0.772  ent=0.943  grad=0.14/0.14  h=4.2 c=34.1  kl=0.0122  vl=0.0594
Step: 106430464 SPS: 8740  ev=0.765  ent=0.923  grad=0.12/0.12  h=4.3 c=34.1  kl=0.0104  vl=0.0570
Step: 106561536 SPS: 8740  ev=0.763  ent=0.901  grad=0.27/0.27  h=4.3 c=33.9  kl=0.0111  vl=0.0605
Step: 106692608 SPS: 8740  ev=0.767  ent=0.896  grad=0.09/0.09  h=4.1 c=33.1  kl=0.0107  vl=0.0583
Step: 106823680 SPS: 8740  ev=0.759  ent=0.860  grad=0.12/0.12  h=4.2 c=33.9  kl=0.0101  vl=0.0619
Step: 106954752 SPS: 8740  ev=0.763  ent=0.844  grad=0.20/0.20  h=4.2 c=33.4  kl=0.0105  vl=0.0605
Step: 107085824 SPS: 8739  ev=0.760  ent=0.850  grad=0.12/0.12  h=4.2 c=34.2  kl=0.0098  vl=0.0603
Step: 107216896 SPS: 8739  ev=0.759  ent=0.857  grad=0.12/0.12  h=4.2 c=33.9  kl=0.0101  vl=0.0611
Step: 107347968 SPS: 8739  ev=0.762  ent=0.856  grad=0.12/0.12  h=4.2 c=33.7  kl=0.0095  vl=0.0607
Step: 107479040 SPS: 8739  ev=0.759  ent=0.852  grad=0.11/0.11  h=4.1 c=33.0  kl=0.0089  vl=0.0617
Step: 107610112 SPS: 8739  ev=0.757  ent=0.834  grad=0.11/0.11  h=4.1 c=33.3  kl=0.0089  vl=0.0608
Step: 107741184 SPS: 8736  ev=0.762  ent=0.812  grad=0.16/0.16  h=4.1 c=32.3  kl=0.0111  vl=0.0603
Step: 107872256 SPS: 8732  ev=0.763  ent=0.867  grad=0.11/0.11  h=4.2 c=34.0  kl=0.0100  vl=0.0575
Step: 108003328 SPS: 8731  ev=0.764  ent=0.849  grad=0.14/0.14  h=4.1 c=33.4  kl=0.0092  vl=0.0586
Step: 108134400 SPS: 8729  ev=0.768  ent=0.858  grad=0.09/0.09  h=4.1 c=33.8  kl=0.0094  vl=0.0598
Step: 108265472 SPS: 8728  ev=0.772  ent=0.900  grad=0.17/0.17  h=4.2 c=33.9  kl=0.0102  vl=0.0597
Step: 108396544 SPS: 8727  ev=0.765  ent=0.896  grad=0.09/0.09  h=4.2 c=33.3  kl=0.0106  vl=0.0597
Step: 108527616 SPS: 8726  ev=0.775  ent=0.931  grad=0.12/0.12  h=4.1 c=33.3  kl=0.0089  vl=0.0582
Step: 108658688 SPS: 8726  ev=0.767  ent=0.917  grad=0.23/0.23  h=4.2 c=33.1  kl=0.0096  vl=0.0578
Step: 108789760 SPS: 8726  ev=0.761  ent=0.887  grad=0.09/0.09  h=4.2 c=33.1  kl=0.0089  vl=0.0592
Step: 108920832 SPS: 8725  ev=0.765  ent=0.910  grad=0.10/0.10  h=4.2 c=32.7  kl=0.0112  vl=0.0597
Step: 109051904 SPS: 8725  ev=0.761  ent=0.881  grad=0.13/0.13  h=4.2 c=33.7  kl=0.0098  vl=0.0609
Step: 109182976 SPS: 8725  ev=0.768  ent=0.901  grad=0.14/0.14  h=4.3 c=34.2  kl=0.0088  vl=0.0606
Step: 109314048 SPS: 8725  ev=0.769  ent=0.906  grad=0.10/0.10  h=4.3 c=33.9  kl=0.0093  vl=0.0611
Step: 109445120 SPS: 8726  ev=0.767  ent=0.918  grad=0.11/0.11  h=4.2 c=33.9  kl=0.0082  vl=0.0619
Step: 109576192 SPS: 8726  ev=0.776  ent=0.933  grad=0.08/0.08  h=4.2 c=34.2  kl=0.0084  vl=0.0576
Step: 109707264 SPS: 8727  ev=0.765  ent=0.905  grad=0.10/0.10  h=4.3 c=34.1  kl=0.0086  vl=0.0604
Step: 109838336 SPS: 8727  ev=0.767  ent=0.941  grad=0.18/0.18  h=4.3 c=33.9  kl=0.0109  vl=0.0619
Step: 109969408 SPS: 8728  ev=0.772  ent=0.954  grad=0.23/0.23  h=4.3 c=34.0  kl=0.0115  vl=0.0597
Step: 110100480 SPS: 8728  ev=0.771  ent=0.974  grad=0.24/0.24  h=4.3 c=34.1  kl=0.0109  vl=0.0579
Step: 110231552 SPS: 8728  ev=0.770  ent=0.996  grad=0.15/0.15  h=4.3 c=34.1  kl=0.0123  vl=0.0584
Step: 110362624 SPS: 8729  ev=0.781  ent=0.991  grad=0.16/0.16  h=4.3 c=35.1  kl=0.0102  vl=0.0567
Step: 110493696 SPS: 8729  ev=0.783  ent=1.007  grad=0.13/0.13  h=4.3 c=34.9  kl=0.0089  vl=0.0566
Step: 110624768 SPS: 8729  ev=0.770  ent=0.965  grad=0.11/0.11  h=4.3 c=35.2  kl=0.0111  vl=0.0587
Step: 110755840 SPS: 8730  ev=0.774  ent=0.946  grad=0.09/0.09  h=4.3 c=35.3  kl=0.0092  vl=0.0579
Step: 110886912 SPS: 8730  ev=0.778  ent=0.914  grad=0.13/0.13  h=4.3 c=34.7  kl=0.0089  vl=0.0574
  vs Random: 100W/0L/0D | score=39.2±23.4 inv=1.5 played=20.6 lanes=5.0 ddraw=21.5 pts=39
  Self-play: 45W/55L/2D | score=7.2±22.2 inv=1.4 played=17.9 lanes=5.0 ddraw=3.1 pts=7
Step: 111017984 SPS: 8730  ev=0.778  ent=0.948  grad=0.11/0.11  h=4.3 c=35.0  kl=0.0100  vl=0.0575
Step: 111149056 SPS: 8730  ev=0.768  ent=0.937  grad=0.12/0.12  h=4.3 c=34.6  kl=0.0099  vl=0.0599
Step: 111280128 SPS: 8730  ev=0.775  ent=0.926  grad=0.11/0.11  h=4.4 c=35.4  kl=0.0095  vl=0.0601
Step: 111411200 SPS: 8730  ev=0.774  ent=0.932  grad=0.11/0.11  h=4.3 c=34.9  kl=0.0102  vl=0.0603
Step: 111542272 SPS: 8730  ev=0.777  ent=0.905  grad=0.15/0.15  h=4.3 c=34.8  kl=0.0105  vl=0.0591
Step: 111673344 SPS: 8730  ev=0.769  ent=0.880  grad=0.21/0.21  h=4.3 c=33.7  kl=0.0102  vl=0.0606
Step: 111804416 SPS: 8730  ev=0.769  ent=0.880  grad=0.17/0.17  h=4.3 c=34.4  kl=0.0111  vl=0.0616
Step: 111935488 SPS: 8730  ev=0.770  ent=0.901  grad=0.12/0.12  h=4.3 c=34.2  kl=0.0096  vl=0.0588
Step: 112066560 SPS: 8730  ev=0.780  ent=0.908  grad=0.11/0.11  h=4.4 c=34.4  kl=0.0098  vl=0.0574
Step: 112197632 SPS: 8730  ev=0.765  ent=0.877  grad=0.15/0.15  h=4.3 c=33.4  kl=0.0094  vl=0.0574
Step: 112328704 SPS: 8729  ev=0.762  ent=0.795  grad=0.12/0.12  h=4.3 c=33.5  kl=0.0097  vl=0.0617
Step: 112459776 SPS: 8729  ev=0.771  ent=0.859  grad=0.18/0.18  h=4.3 c=33.4  kl=0.0098  vl=0.0587
Step: 112590848 SPS: 8729  ev=0.768  ent=0.830  grad=0.10/0.10  h=4.4 c=34.0  kl=0.0086  vl=0.0580
Step: 112721920 SPS: 8729  ev=0.766  ent=0.857  grad=0.14/0.14  h=4.3 c=33.8  kl=0.0116  vl=0.0613
Step: 112852992 SPS: 8729  ev=0.767  ent=0.841  grad=0.11/0.11  h=4.3 c=33.9  kl=0.0100  vl=0.0582
Step: 112984064 SPS: 8729  ev=0.768  ent=0.806  grad=0.15/0.15  h=4.3 c=33.7  kl=0.0086  vl=0.0590
Step: 113115136 SPS: 8728  ev=0.770  ent=0.820  grad=0.11/0.11  h=4.4 c=34.7  kl=0.0111  vl=0.0578
Step: 113246208 SPS: 8728  ev=0.756  ent=0.783  grad=0.12/0.12  h=4.2 c=34.1  kl=0.0094  vl=0.0603
Step: 113377280 SPS: 8728  ev=0.753  ent=0.795  grad=0.15/0.15  h=4.2 c=33.6  kl=0.0125  vl=0.0619
Step: 113508352 SPS: 8728  ev=0.758  ent=0.814  grad=0.17/0.17  h=4.3 c=34.1  kl=0.0099  vl=0.0595
Step: 113639424 SPS: 8727  ev=0.756  ent=0.810  grad=0.13/0.13  h=4.3 c=34.5  kl=0.0114  vl=0.0616
Step: 113770496 SPS: 8727  ev=0.755  ent=0.857  grad=0.10/0.10  h=4.3 c=34.1  kl=0.0104  vl=0.0595
Step: 113901568 SPS: 8727  ev=0.772  ent=0.883  grad=0.14/0.14  h=4.4 c=34.5  kl=0.0098  vl=0.0595
Step: 114032640 SPS: 8727  ev=0.769  ent=0.923  grad=0.26/0.26  h=4.3 c=34.0  kl=0.0143  vl=0.0578
Step: 114163712 SPS: 8726  ev=0.768  ent=0.893  grad=0.24/0.24  h=4.4 c=34.7  kl=0.0146  vl=0.0591
Step: 114294784 SPS: 8726  ev=0.768  ent=0.910  grad=0.15/0.15  h=4.3 c=34.6  kl=0.0101  vl=0.0592
Step: 114425856 SPS: 8726  ev=0.764  ent=0.929  grad=0.14/0.14  h=4.4 c=35.5  kl=0.0116  vl=0.0607
Step: 114556928 SPS: 8726  ev=0.775  ent=0.948  grad=0.16/0.16  h=4.3 c=35.0  kl=0.0118  vl=0.0581
Step: 114688000 SPS: 8726  ev=0.777  ent=0.960  grad=0.18/0.18  h=4.4 c=36.6  kl=0.0110  vl=0.0599
Step: 114819072 SPS: 8726  ev=0.783  ent=0.989  grad=0.12/0.12  h=4.4 c=35.5  kl=0.0105  vl=0.0565
Step: 114950144 SPS: 8726  ev=0.779  ent=0.967  grad=0.15/0.15  h=4.4 c=34.9  kl=0.0101  vl=0.0592
Step: 115081216 SPS: 8726  ev=0.774  ent=0.981  grad=0.12/0.12  h=4.3 c=34.7  kl=0.0095  vl=0.0573
Step: 115212288 SPS: 8726  ev=0.776  ent=0.950  grad=0.11/0.11  h=4.3 c=34.9  kl=0.0096  vl=0.0590
Step: 115343360 SPS: 8726  ev=0.764  ent=0.932  grad=0.18/0.18  h=4.3 c=35.1  kl=0.0109  vl=0.0581
Step: 115474432 SPS: 8725  ev=0.780  ent=0.971  grad=0.11/0.11  h=4.4 c=35.5  kl=0.0102  vl=0.0578
Step: 115605504 SPS: 8725  ev=0.775  ent=0.954  grad=0.12/0.12  h=4.4 c=35.4  kl=0.0092  vl=0.0587
Step: 115736576 SPS: 8725  ev=0.777  ent=0.964  grad=0.14/0.14  h=4.4 c=35.3  kl=0.0092  vl=0.0605
Step: 115867648 SPS: 8725  ev=0.768  ent=0.959  grad=0.10/0.10  h=4.3 c=34.4  kl=0.0086  vl=0.0600
Step: 115998720 SPS: 8725  ev=0.775  ent=0.977  grad=0.21/0.21  h=4.4 c=35.0  kl=0.0128  vl=0.0583
Step: 116129792 SPS: 8725  ev=0.766  ent=0.930  grad=0.16/0.16  h=4.4 c=35.0  kl=0.0106  vl=0.0600
Step: 116260864 SPS: 8724  ev=0.765  ent=0.897  grad=0.15/0.15  h=4.4 c=34.3  kl=0.0108  vl=0.0598
Step: 116391936 SPS: 8723  ev=0.768  ent=0.885  grad=0.12/0.12  h=4.3 c=33.3  kl=0.0100  vl=0.0577
Step: 116523008 SPS: 8723  ev=0.769  ent=0.907  grad=0.14/0.14  h=4.3 c=33.4  kl=0.0102  vl=0.0588
Step: 116654080 SPS: 8723  ev=0.759  ent=0.885  grad=0.16/0.16  h=4.3 c=33.8  kl=0.0100  vl=0.0602
Step: 116785152 SPS: 8722  ev=0.760  ent=0.893  grad=0.10/0.10  h=4.4 c=33.9  kl=0.0095  vl=0.0589
Step: 116916224 SPS: 8722  ev=0.766  ent=0.890  grad=0.17/0.17  h=4.4 c=33.8  kl=0.0212  vl=0.0589
Step: 117047296 SPS: 8721  ev=0.772  ent=0.886  grad=0.12/0.12  h=4.4 c=33.9  kl=0.0072  vl=0.0591
Step: 117178368 SPS: 8721  ev=0.772  ent=0.915  grad=0.10/0.10  h=4.4 c=34.2  kl=0.0067  vl=0.0585
Step: 117309440 SPS: 8721  ev=0.771  ent=0.911  grad=0.13/0.13  h=4.4 c=34.4  kl=0.0072  vl=0.0591
Step: 117440512 SPS: 8722  ev=0.762  ent=0.857  grad=0.12/0.12  h=4.4 c=34.0  kl=0.0078  vl=0.0621
Step: 117571584 SPS: 8722  ev=0.764  ent=0.854  grad=0.22/0.22  h=4.5 c=33.7  kl=0.0078  vl=0.0623
Step: 117702656 SPS: 8722  ev=0.762  ent=0.830  grad=0.19/0.19  h=4.4 c=33.6  kl=0.0079  vl=0.0607
Step: 117833728 SPS: 8722  ev=0.759  ent=0.804  grad=0.09/0.09  h=4.4 c=33.0  kl=0.0067  vl=0.0600
Step: 117964800 SPS: 8721  ev=0.760  ent=0.841  grad=0.13/0.13  h=4.4 c=32.8  kl=0.0062  vl=0.0596
Step: 118095872 SPS: 8721  ev=0.760  ent=0.825  grad=0.09/0.09  h=4.4 c=33.1  kl=0.0072  vl=0.0603
Step: 118226944 SPS: 8720  ev=0.756  ent=0.782  grad=0.18/0.18  h=4.4 c=33.1  kl=0.0057  vl=0.0631
Step: 118358016 SPS: 8720  ev=0.766  ent=0.817  grad=0.08/0.08  h=4.3 c=32.6  kl=0.0057  vl=0.0554
Step: 118489088 SPS: 8720  ev=0.759  ent=0.807  grad=0.12/0.12  h=4.3 c=32.4  kl=0.0066  vl=0.0605
Step: 118620160 SPS: 8719  ev=0.761  ent=0.831  grad=0.10/0.10  h=4.3 c=32.2  kl=0.0064  vl=0.0588
Step: 118751232 SPS: 8719  ev=0.766  ent=0.845  grad=0.15/0.15  h=4.4 c=33.0  kl=0.0063  vl=0.0581
Step: 118882304 SPS: 8719  ev=0.768  ent=0.885  grad=0.12/0.12  h=4.4 c=33.2  kl=0.0072  vl=0.0597
Step: 119013376 SPS: 8719  ev=0.776  ent=0.896  grad=0.13/0.13  h=4.5 c=33.7  kl=0.0076  vl=0.0573
Step: 119144448 SPS: 8719  ev=0.768  ent=0.913  grad=0.17/0.17  h=4.5 c=33.5  kl=0.0065  vl=0.0606
Step: 119275520 SPS: 8719  ev=0.775  ent=0.927  grad=0.18/0.18  h=4.5 c=34.7  kl=0.0068  vl=0.0581
Step: 119406592 SPS: 8719  ev=0.780  ent=0.933  grad=0.19/0.19  h=4.5 c=34.0  kl=0.0091  vl=0.0570
Step: 119537664 SPS: 8719  ev=0.783  ent=0.960  grad=0.17/0.17  h=4.5 c=33.8  kl=0.0066  vl=0.0568
Step: 119668736 SPS: 8719  ev=0.779  ent=0.957  grad=0.12/0.12  h=4.5 c=34.3  kl=0.0059  vl=0.0579
Step: 119799808 SPS: 8720  ev=0.782  ent=0.973  grad=0.15/0.15  h=4.5 c=34.4  kl=0.0072  vl=0.0585
Step: 119930880 SPS: 8719  ev=0.782  ent=0.957  grad=0.10/0.10  h=4.5 c=34.5  kl=0.0070  vl=0.0577
Step: 120061952 SPS: 8719  ev=0.772  ent=0.912  grad=0.10/0.10  h=4.4 c=33.2  kl=0.0057  vl=0.0587
Step: 120193024 SPS: 8719  ev=0.774  ent=0.928  grad=0.13/0.13  h=4.5 c=33.7  kl=0.0068  vl=0.0592
Step: 120324096 SPS: 8719  ev=0.769  ent=0.952  grad=0.25/0.25  h=4.5 c=33.2  kl=0.0081  vl=0.0615
Step: 120455168 SPS: 8719  ev=0.777  ent=0.939  grad=0.14/0.14  h=4.5 c=33.7  kl=0.0061  vl=0.0595
Step: 120586240 SPS: 8719  ev=0.779  ent=0.934  grad=0.17/0.17  h=4.5 c=33.3  kl=0.0069  vl=0.0594
Step: 120717312 SPS: 8719  ev=0.778  ent=0.949  grad=0.23/0.23  h=4.5 c=33.6  kl=0.0080  vl=0.0568
Step: 120848384 SPS: 8720  ev=0.773  ent=0.960  grad=0.27/0.27  h=4.5 c=33.7  kl=0.0081  vl=0.0590
Step: 120979456 SPS: 8719  ev=0.777  ent=0.945  grad=0.09/0.09  h=4.4 c=33.0  kl=0.0067  vl=0.0577
  vs Random: 102W/0L/0D | score=35.0±23.7 inv=1.6 played=20.7 lanes=5.0 ddraw=19.2 pts=35
  Self-play: 51W/49L/0D | score=11.4±22.3 inv=1.7 played=18.3 lanes=5.0 ddraw=2.6 pts=11
Step: 121110528 SPS: 8718  ev=0.764  ent=0.923  grad=0.09/0.09  h=4.4 c=32.7  kl=0.0066  vl=0.0589
Step: 121241600 SPS: 8718  ev=0.766  ent=0.907  grad=0.14/0.14  h=4.4 c=32.9  kl=0.0072  vl=0.0604
Step: 121372672 SPS: 8718  ev=0.765  ent=0.868  grad=0.10/0.10  h=4.4 c=32.8  kl=0.0075  vl=0.0578
Step: 121503744 SPS: 8718  ev=0.757  ent=0.821  grad=0.15/0.15  h=4.4 c=32.8  kl=0.0061  vl=0.0616
Step: 121634816 SPS: 8717  ev=0.757  ent=0.865  grad=0.11/0.11  h=4.4 c=32.1  kl=0.0069  vl=0.0597
Step: 121765888 SPS: 8717  ev=0.769  ent=0.882  grad=0.18/0.18  h=4.4 c=32.6  kl=0.0082  vl=0.0581
Step: 121896960 SPS: 8717  ev=0.760  ent=0.814  grad=0.11/0.11  h=4.3 c=31.8  kl=0.0068  vl=0.0612
Step: 122028032 SPS: 8717  ev=0.756  ent=0.816  grad=0.08/0.08  h=4.4 c=32.1  kl=0.0064  vl=0.0604
Step: 122159104 SPS: 8717  ev=0.755  ent=0.817  grad=0.07/0.07  h=4.4 c=32.5  kl=0.0066  vl=0.0599
Step: 122290176 SPS: 8716  ev=0.757  ent=0.785  grad=0.08/0.08  h=4.3 c=32.5  kl=0.0064  vl=0.0596
Step: 122421248 SPS: 8716  ev=0.756  ent=0.818  grad=0.17/0.17  h=4.3 c=32.6  kl=0.0064  vl=0.0616
Step: 122552320 SPS: 8715  ev=0.758  ent=0.834  grad=0.20/0.20  h=4.3 c=32.8  kl=0.0081  vl=0.0613
Step: 122683392 SPS: 8715  ev=0.761  ent=0.790  grad=0.14/0.14  h=4.4 c=32.9  kl=0.0072  vl=0.0632
Step: 122814464 SPS: 8715  ev=0.766  ent=0.884  grad=0.09/0.09  h=4.4 c=33.5  kl=0.0067  vl=0.0603
Step: 122945536 SPS: 8715  ev=0.769  ent=0.895  grad=0.07/0.07  h=4.4 c=34.1  kl=0.0066  vl=0.0597
Step: 123076608 SPS: 8715  ev=0.775  ent=0.919  grad=0.09/0.09  h=4.5 c=34.7  kl=0.0065  vl=0.0594
Step: 123207680 SPS: 8715  ev=0.779  ent=0.973  grad=0.12/0.12  h=4.5 c=34.7  kl=0.0061  vl=0.0562
Step: 123338752 SPS: 8715  ev=0.781  ent=0.952  grad=0.10/0.10  h=4.5 c=35.4  kl=0.0072  vl=0.0582
Step: 123469824 SPS: 8715  ev=0.779  ent=0.982  grad=0.10/0.10  h=4.5 c=35.1  kl=0.0064  vl=0.0576
Step: 123600896 SPS: 8714  ev=0.774  ent=0.971  grad=0.14/0.14  h=4.5 c=35.3  kl=0.0070  vl=0.0569
Step: 123731968 SPS: 8715  ev=0.774  ent=0.954  grad=0.22/0.22  h=4.5 c=35.3  kl=0.0076  vl=0.0579
Step: 123863040 SPS: 8715  ev=0.776  ent=0.926  grad=0.13/0.13  h=4.4 c=34.3  kl=0.0074  vl=0.0550
Step: 123994112 SPS: 8715  ev=0.775  ent=0.936  grad=0.10/0.10  h=4.5 c=35.5  kl=0.0066  vl=0.0571
Step: 124125184 SPS: 8714  ev=0.772  ent=0.914  grad=0.18/0.18  h=4.5 c=35.2  kl=0.0065  vl=0.0591
Step: 124256256 SPS: 8715  ev=0.768  ent=0.893  grad=0.15/0.15  h=4.4 c=35.1  kl=0.0072  vl=0.0598
Step: 124387328 SPS: 8714  ev=0.766  ent=0.896  grad=0.10/0.10  h=4.5 c=35.2  kl=0.0064  vl=0.0599
Step: 124518400 SPS: 8714  ev=0.766  ent=0.871  grad=0.15/0.15  h=4.4 c=34.9  kl=0.0082  vl=0.0602
Step: 124649472 SPS: 8714  ev=0.766  ent=0.880  grad=0.16/0.16  h=4.4 c=34.2  kl=0.0071  vl=0.0591
Step: 124780544 SPS: 8714  ev=0.773  ent=0.907  grad=0.11/0.11  h=4.5 c=35.4  kl=0.0069  vl=0.0591
Step: 124911616 SPS: 8713  ev=0.770  ent=0.926  grad=0.17/0.17  h=4.4 c=35.3  kl=0.0080  vl=0.0584
Step: 125042688 SPS: 8713  ev=0.779  ent=0.938  grad=0.14/0.14  h=4.5 c=35.4  kl=0.0077  vl=0.0576
Step: 125173760 SPS: 8713  ev=0.781  ent=0.936  grad=0.14/0.14  h=4.5 c=35.4  kl=0.0077  vl=0.0580
Step: 125304832 SPS: 8713  ev=0.773  ent=0.910  grad=0.16/0.16  h=4.5 c=35.1  kl=0.0077  vl=0.0585
Step: 125435904 SPS: 8713  ev=0.770  ent=0.949  grad=0.16/0.16  h=4.5 c=34.4  kl=0.0063  vl=0.0556
Step: 125566976 SPS: 8713  ev=0.775  ent=0.916  grad=0.09/0.09  h=4.5 c=35.2  kl=0.0068  vl=0.0586
Step: 125698048 SPS: 8713  ev=0.775  ent=0.937  grad=0.09/0.09  h=4.5 c=34.4  kl=0.0072  vl=0.0590
Step: 125829120 SPS: 8713  ev=0.775  ent=0.924  grad=0.10/0.10  h=4.5 c=35.3  kl=0.0069  vl=0.0558
Step: 125960192 SPS: 8713  ev=0.771  ent=0.916  grad=0.10/0.10  h=4.5 c=35.2  kl=0.0068  vl=0.0583
Step: 126091264 SPS: 8713  ev=0.771  ent=0.904  grad=0.10/0.10  h=4.5 c=35.5  kl=0.0071  vl=0.0587
Step: 126222336 SPS: 8713  ev=0.781  ent=0.941  grad=0.15/0.15  h=4.5 c=35.4  kl=0.0078  vl=0.0560
Step: 126353408 SPS: 8713  ev=0.783  ent=0.923  grad=0.12/0.12  h=4.6 c=36.0  kl=0.0067  vl=0.0580
Step: 126484480 SPS: 8713  ev=0.774  ent=0.918  grad=0.10/0.10  h=4.5 c=35.4  kl=0.0072  vl=0.0583
Step: 126615552 SPS: 8713  ev=0.766  ent=0.884  grad=0.19/0.19  h=4.5 c=35.3  kl=0.0079  vl=0.0605
Step: 126746624 SPS: 8713  ev=0.775  ent=0.912  grad=0.14/0.14  h=4.5 c=36.0  kl=0.0080  vl=0.0591
Step: 126877696 SPS: 8713  ev=0.781  ent=0.931  grad=0.15/0.15  h=4.5 c=36.2  kl=0.0068  vl=0.0579
Step: 127008768 SPS: 8712  ev=0.772  ent=0.905  grad=0.10/0.10  h=4.5 c=35.8  kl=0.0066  vl=0.0592
Step: 127139840 SPS: 8713  ev=0.772  ent=0.924  grad=0.11/0.11  h=4.5 c=36.1  kl=0.0068  vl=0.0587
Step: 127270912 SPS: 8713  ev=0.770  ent=0.893  grad=0.20/0.20  h=4.5 c=35.9  kl=0.0078  vl=0.0576
Step: 127401984 SPS: 8713  ev=0.770  ent=0.911  grad=0.11/0.11  h=4.5 c=36.2  kl=0.0060  vl=0.0594
Step: 127533056 SPS: 8712  ev=0.779  ent=0.945  grad=0.15/0.15  h=4.5 c=36.4  kl=0.0073  vl=0.0568
Step: 127664128 SPS: 8712  ev=0.773  ent=0.897  grad=0.17/0.17  h=4.5 c=36.2  kl=0.0074  vl=0.0608
Step: 127795200 SPS: 8712  ev=0.772  ent=0.877  grad=0.16/0.16  h=4.5 c=36.6  kl=0.0079  vl=0.0599
Step: 127926272 SPS: 8712  ev=0.776  ent=0.882  grad=0.09/0.09  h=4.5 c=36.7  kl=0.0065  vl=0.0573
Step: 128057344 SPS: 8712  ev=0.777  ent=0.955  grad=0.18/0.18  h=4.6 c=36.6  kl=0.0087  vl=0.0577
Step: 128188416 SPS: 8712  ev=0.779  ent=0.977  grad=0.14/0.14  h=4.6 c=36.9  kl=0.0074  vl=0.0554
Step: 128319488 SPS: 8712  ev=0.785  ent=0.953  grad=0.18/0.18  h=4.6 c=37.6  kl=0.0078  vl=0.0564
Step: 128450560 SPS: 8712  ev=0.787  ent=0.951  grad=0.12/0.12  h=4.6 c=37.3  kl=0.0065  vl=0.0581
Step: 128581632 SPS: 8712  ev=0.779  ent=0.954  grad=0.20/0.20  h=4.6 c=36.3  kl=0.0078  vl=0.0589
Step: 128712704 SPS: 8712  ev=0.780  ent=0.950  grad=0.09/0.09  h=4.5 c=36.3  kl=0.0069  vl=0.0574
Step: 128843776 SPS: 8712  ev=0.777  ent=0.895  grad=0.16/0.16  h=4.6 c=36.7  kl=0.0065  vl=0.0568
Step: 128974848 SPS: 8712  ev=0.772  ent=0.880  grad=0.15/0.15  h=4.5 c=35.4  kl=0.0064  vl=0.0601
Step: 129105920 SPS: 8712  ev=0.774  ent=0.862  grad=0.12/0.12  h=4.6 c=36.1  kl=0.0071  vl=0.0587
Step: 129236992 SPS: 8712  ev=0.779  ent=0.865  grad=0.12/0.12  h=4.6 c=36.2  kl=0.0075  vl=0.0596
Step: 129368064 SPS: 8712  ev=0.776  ent=0.852  grad=0.12/0.12  h=4.6 c=36.0  kl=0.0073  vl=0.0586
Step: 129499136 SPS: 8712  ev=0.776  ent=0.855  grad=0.20/0.20  h=4.6 c=35.5  kl=0.0067  vl=0.0603
Step: 129630208 SPS: 8711  ev=0.774  ent=0.853  grad=0.14/0.14  h=4.6 c=35.6  kl=0.0072  vl=0.0586
Step: 129761280 SPS: 8711  ev=0.771  ent=0.875  grad=0.11/0.11  h=4.5 c=34.9  kl=0.0072  vl=0.0599
Step: 129892352 SPS: 8711  ev=0.773  ent=0.902  grad=0.15/0.15  h=4.6 c=35.8  kl=0.0078  vl=0.0585
Step: 130023424 SPS: 8711  ev=0.777  ent=0.887  grad=0.11/0.11  h=4.6 c=36.0  kl=0.0065  vl=0.0589
Step: 130154496 SPS: 8711  ev=0.766  ent=0.873  grad=0.09/0.09  h=4.6 c=35.2  kl=0.0078  vl=0.0589
Step: 130285568 SPS: 8711  ev=0.781  ent=0.895  grad=0.13/0.13  h=4.6 c=36.0  kl=0.0085  vl=0.0583
Step: 130416640 SPS: 8711  ev=0.783  ent=0.910  grad=0.11/0.11  h=4.6 c=35.6  kl=0.0076  vl=0.0571
Step: 130547712 SPS: 8710  ev=0.779  ent=0.870  grad=0.11/0.11  h=4.6 c=36.6  kl=0.0080  vl=0.0586
Step: 130678784 SPS: 8710  ev=0.781  ent=0.875  grad=0.17/0.17  h=4.6 c=35.7  kl=0.0083  vl=0.0599
Step: 130809856 SPS: 8710  ev=0.768  ent=0.865  grad=0.15/0.15  h=4.6 c=34.7  kl=0.0085  vl=0.0603
Step: 130940928 SPS: 8710  ev=0.767  ent=0.841  grad=0.11/0.11  h=4.6 c=34.3  kl=0.0080  vl=0.0601
Step: 131072000 SPS: 8710  ev=0.773  ent=0.869  grad=0.10/0.10  h=4.6 c=34.4  kl=0.0070  vl=0.0570
  vs Random: 100W/0L/0D | score=40.3±21.8 inv=1.6 played=20.9 lanes=5.0 ddraw=17.8 pts=40
  Self-play: 50W/48L/3D | score=8.6±24.1 inv=1.5 played=18.1 lanes=5.0 ddraw=3.5 pts=9
Step: 131203072 SPS: 8710  ev=0.769  ent=0.871  grad=0.12/0.12  h=4.6 c=34.8  kl=0.0073  vl=0.0595
Step: 131334144 SPS: 8710  ev=0.770  ent=0.889  grad=0.15/0.15  h=4.6 c=35.7  kl=0.0086  vl=0.0598
Step: 131465216 SPS: 8710  ev=0.778  ent=0.888  grad=0.15/0.15  h=4.6 c=35.5  kl=0.0080  vl=0.0585
Step: 131596288 SPS: 8710  ev=0.773  ent=0.903  grad=0.19/0.19  h=4.6 c=35.3  kl=0.0083  vl=0.0588
Step: 131727360 SPS: 8710  ev=0.773  ent=0.874  grad=0.15/0.15  h=4.6 c=35.3  kl=0.0078  vl=0.0580
Step: 131858432 SPS: 8709  ev=0.779  ent=0.923  grad=0.10/0.10  h=4.6 c=35.1  kl=0.0072  vl=0.0571
Step: 131989504 SPS: 8709  ev=0.775  ent=0.915  grad=0.12/0.12  h=4.6 c=35.2  kl=0.0074  vl=0.0594
Step: 132120576 SPS: 8709  ev=0.775  ent=0.885  grad=0.11/0.11  h=4.6 c=34.7  kl=0.0079  vl=0.0579
Step: 132251648 SPS: 8709  ev=0.788  ent=0.930  grad=0.12/0.12  h=4.7 c=35.7  kl=0.0072  vl=0.0555
Step: 132382720 SPS: 8709  ev=0.783  ent=0.906  grad=0.14/0.14  h=4.6 c=35.2  kl=0.0069  vl=0.0603
Step: 132513792 SPS: 8709  ev=0.775  ent=0.894  grad=0.16/0.16  h=4.6 c=36.2  kl=0.0081  vl=0.0606
Step: 132644864 SPS: 8709  ev=0.776  ent=0.910  grad=0.12/0.12  h=4.6 c=36.6  kl=0.0078  vl=0.0575
Step: 132775936 SPS: 8709  ev=0.780  ent=0.897  grad=0.16/0.16  h=4.6 c=36.1  kl=0.0081  vl=0.0570
Step: 132907008 SPS: 8709  ev=0.780  ent=0.907  grad=0.13/0.13  h=4.6 c=35.8  kl=0.0083  vl=0.0573
Step: 133038080 SPS: 8709  ev=0.772  ent=0.866  grad=0.16/0.16  h=4.6 c=35.2  kl=0.0090  vl=0.0594
Step: 133169152 SPS: 8709  ev=0.777  ent=0.863  grad=0.15/0.15  h=4.6 c=36.0  kl=0.0078  vl=0.0574
Step: 133300224 SPS: 8708  ev=0.769  ent=0.859  grad=0.12/0.12  h=4.6 c=35.5  kl=0.0072  vl=0.0601
Step: 133431296 SPS: 8708  ev=0.774  ent=0.861  grad=0.13/0.13  h=4.6 c=36.1  kl=0.0077  vl=0.0609
Step: 133562368 SPS: 8708  ev=0.774  ent=0.859  grad=0.09/0.09  h=4.6 c=35.3  kl=0.0072  vl=0.0586
Step: 133693440 SPS: 8708  ev=0.773  ent=0.860  grad=0.11/0.11  h=4.6 c=35.2  kl=0.0081  vl=0.0592
Step: 133824512 SPS: 8708  ev=0.775  ent=0.909  grad=0.21/0.21  h=4.6 c=35.2  kl=0.0097  vl=0.0598
Step: 133955584 SPS: 8707  ev=0.784  ent=0.919  grad=0.16/0.16  h=4.6 c=35.5  kl=0.0095  vl=0.0565
Step: 134086656 SPS: 8707  ev=0.773  ent=0.877  grad=0.19/0.19  h=4.6 c=35.7  kl=0.0103  vl=0.0584
Step: 134217728 SPS: 8708  ev=0.770  ent=0.914  grad=0.20/0.20  h=4.6 c=35.3  kl=0.0088  vl=0.0566
Step: 134348800 SPS: 8708  ev=0.771  ent=0.866  grad=0.13/0.13  h=4.6 c=35.0  kl=0.0087  vl=0.0598
Step: 134479872 SPS: 8707  ev=0.770  ent=0.871  grad=0.19/0.19  h=4.6 c=35.3  kl=0.0096  vl=0.0570
Step: 134610944 SPS: 8707  ev=0.770  ent=0.889  grad=0.15/0.15  h=4.5 c=35.1  kl=0.0075  vl=0.0592
Step: 134742016 SPS: 8707  ev=0.765  ent=0.882  grad=0.16/0.16  h=4.6 c=35.8  kl=0.0091  vl=0.0603
Step: 134873088 SPS: 8706  ev=0.770  ent=0.906  grad=0.10/0.10  h=4.5 c=35.7  kl=0.0079  vl=0.0594
Step: 135004160 SPS: 8706  ev=0.768  ent=0.888  grad=0.17/0.17  h=4.6 c=36.4  kl=0.0095  vl=0.0602
Step: 135135232 SPS: 8706  ev=0.766  ent=0.885  grad=0.13/0.13  h=4.6 c=36.3  kl=0.0089  vl=0.0587
Step: 135266304 SPS: 8706  ev=0.763  ent=0.890  grad=0.09/0.09  h=4.6 c=36.0  kl=0.0080  vl=0.0588
Step: 135397376 SPS: 8706  ev=0.766  ent=0.897  grad=0.18/0.18  h=4.6 c=35.8  kl=0.0088  vl=0.0601
Step: 135528448 SPS: 8706  ev=0.771  ent=0.931  grad=0.17/0.17  h=4.6 c=36.3  kl=0.0091  vl=0.0576
Step: 135659520 SPS: 8705  ev=0.776  ent=0.922  grad=0.22/0.22  h=4.7 c=36.8  kl=0.0097  vl=0.0591
Step: 135790592 SPS: 8706  ev=0.782  ent=0.993  grad=0.19/0.19  h=4.7 c=37.6  kl=0.0105  vl=0.0572
Step: 135921664 SPS: 8705  ev=0.780  ent=0.977  grad=0.18/0.18  h=4.7 c=38.1  kl=0.0117  vl=0.0577
Step: 136052736 SPS: 8705  ev=0.778  ent=0.979  grad=0.12/0.12  h=4.7 c=36.7  kl=0.0079  vl=0.0561
Step: 136183808 SPS: 8706  ev=0.775  ent=0.926  grad=0.09/0.09  h=4.7 c=36.8  kl=0.0082  vl=0.0573
Step: 136314880 SPS: 8705  ev=0.776  ent=0.943  grad=0.12/0.12  h=4.7 c=37.3  kl=0.0085  vl=0.0559
Step: 136445952 SPS: 8705  ev=0.775  ent=0.937  grad=0.15/0.15  h=4.7 c=36.9  kl=0.0084  vl=0.0570
Step: 136577024 SPS: 8705  ev=0.777  ent=0.978  grad=0.20/0.20  h=4.6 c=36.9  kl=0.0097  vl=0.0588
Step: 136708096 SPS: 8705  ev=0.771  ent=0.909  grad=0.13/0.13  h=4.6 c=36.9  kl=0.0098  vl=0.0583
Step: 136839168 SPS: 8705  ev=0.772  ent=0.905  grad=0.11/0.11  h=4.7 c=37.2  kl=0.0082  vl=0.0590
Step: 136970240 SPS: 8705  ev=0.777  ent=0.907  grad=0.15/0.15  h=4.6 c=36.8  kl=0.0085  vl=0.0579
Step: 137101312 SPS: 8705  ev=0.778  ent=0.923  grad=0.11/0.11  h=4.6 c=36.6  kl=0.0071  vl=0.0580
Step: 137232384 SPS: 8705  ev=0.769  ent=0.898  grad=0.12/0.12  h=4.7 c=37.1  kl=0.0075  vl=0.0593
Step: 137363456 SPS: 8705  ev=0.781  ent=0.916  grad=0.15/0.15  h=4.6 c=37.1  kl=0.0090  vl=0.0579
Step: 137494528 SPS: 8705  ev=0.775  ent=0.894  grad=0.14/0.14  h=4.6 c=36.8  kl=0.0084  vl=0.0594
Step: 137625600 SPS: 8705  ev=0.778  ent=0.939  grad=0.13/0.13  h=4.6 c=36.2  kl=0.0073  vl=0.0569
Step: 137756672 SPS: 8705  ev=0.780  ent=0.897  grad=0.29/0.29  h=4.6 c=37.1  kl=0.0110  vl=0.0571
Step: 137887744 SPS: 8705  ev=0.775  ent=0.920  grad=0.10/0.10  h=4.6 c=36.8  kl=0.0086  vl=0.0571
Step: 138018816 SPS: 8705  ev=0.777  ent=0.922  grad=0.20/0.20  h=4.7 c=37.1  kl=0.0085  vl=0.0571
Step: 138149888 SPS: 8705  ev=0.777  ent=0.912  grad=0.20/0.20  h=4.6 c=36.8  kl=0.0117  vl=0.0579
Step: 138280960 SPS: 8705  ev=0.784  ent=0.924  grad=0.20/0.20  h=4.6 c=36.7  kl=0.0099  vl=0.0564
Step: 138412032 SPS: 8705  ev=0.783  ent=0.931  grad=0.16/0.16  h=4.6 c=36.1  kl=0.0085  vl=0.0575
Step: 138543104 SPS: 8705  ev=0.777  ent=0.918  grad=0.11/0.11  h=4.7 c=36.4  kl=0.0087  vl=0.0580
Step: 138674176 SPS: 8705  ev=0.770  ent=0.905  grad=0.15/0.15  h=4.7 c=36.1  kl=0.0096  vl=0.0590
Step: 138805248 SPS: 8704  ev=0.777  ent=0.914  grad=0.09/0.09  h=4.7 c=36.4  kl=0.0086  vl=0.0563
Step: 138936320 SPS: 8704  ev=0.773  ent=0.907  grad=0.16/0.16  h=4.6 c=35.0  kl=0.0091  vl=0.0587
Step: 139067392 SPS: 8704  ev=0.768  ent=0.898  grad=0.18/0.18  h=4.6 c=35.0  kl=0.0086  vl=0.0579
Step: 139198464 SPS: 8704  ev=0.768  ent=0.850  grad=0.11/0.11  h=4.6 c=35.2  kl=0.0099  vl=0.0581
Step: 139329536 SPS: 8703  ev=0.767  ent=0.844  grad=0.09/0.09  h=4.6 c=34.7  kl=0.0083  vl=0.0606
Step: 139460608 SPS: 8703  ev=0.767  ent=0.827  grad=0.18/0.18  h=4.6 c=35.0  kl=0.0093  vl=0.0608
Step: 139591680 SPS: 8703  ev=0.766  ent=0.836  grad=0.20/0.20  h=4.6 c=35.0  kl=0.0095  vl=0.0587
Step: 139722752 SPS: 8702  ev=0.760  ent=0.853  grad=0.12/0.12  h=4.5 c=34.5  kl=0.0094  vl=0.0582
Step: 139853824 SPS: 8702  ev=0.762  ent=0.825  grad=0.12/0.12  h=4.5 c=34.3  kl=0.0088  vl=0.0594
Step: 139984896 SPS: 8702  ev=0.759  ent=0.829  grad=0.26/0.26  h=4.5 c=34.5  kl=0.0091  vl=0.0599
Step: 140115968 SPS: 8702  ev=0.771  ent=0.872  grad=0.23/0.23  h=4.6 c=35.4  kl=0.0107  vl=0.0571
Step: 140247040 SPS: 8702  ev=0.778  ent=0.879  grad=0.11/0.11  h=4.6 c=35.0  kl=0.0106  vl=0.0576
Step: 140378112 SPS: 8702  ev=0.771  ent=0.877  grad=0.15/0.15  h=4.6 c=35.9  kl=0.0109  vl=0.0598
Step: 140509184 SPS: 8702  ev=0.774  ent=0.909  grad=0.12/0.12  h=4.6 c=35.3  kl=0.0121  vl=0.0590
Step: 140640256 SPS: 8702  ev=0.776  ent=0.894  grad=0.24/0.24  h=4.7 c=36.1  kl=0.0119  vl=0.0586
Step: 140771328 SPS: 8702  ev=0.775  ent=0.936  grad=0.17/0.17  h=4.6 c=36.2  kl=0.0100  vl=0.0570
Step: 140902400 SPS: 8702  ev=0.774  ent=0.914  grad=0.08/0.08  h=4.6 c=36.2  kl=0.0103  vl=0.0582
Step: 141033472 SPS: 8702  ev=0.774  ent=0.913  grad=0.20/0.20  h=4.6 c=35.6  kl=0.0092  vl=0.0575
Step: 141164544 SPS: 8701  ev=0.777  ent=0.892  grad=0.14/0.14  h=4.6 c=36.1  kl=0.0092  vl=0.0567
  vs Random: 103W/0L/0D | score=32.4±21.8 inv=1.7 played=20.3 lanes=5.0 ddraw=19.7 pts=32
  Self-play: 52W/47L/2D | score=12.4±22.0 inv=1.6 played=17.9 lanes=5.0 ddraw=3.7 pts=12
Step: 141295616 SPS: 8701  ev=0.776  ent=0.902  grad=0.15/0.15  h=4.6 c=36.7  kl=0.0082  vl=0.0618
Step: 141426688 SPS: 8702  ev=0.783  ent=0.910  grad=0.17/0.17  h=4.6 c=35.9  kl=0.0092  vl=0.0553
Step: 141557760 SPS: 8701  ev=0.786  ent=0.919  grad=0.11/0.11  h=4.6 c=36.0  kl=0.0083  vl=0.0573
Step: 141688832 SPS: 8701  ev=0.788  ent=0.951  grad=0.11/0.11  h=4.6 c=35.8  kl=0.0084  vl=0.0559
Step: 141819904 SPS: 8702  ev=0.780  ent=0.949  grad=0.10/0.10  h=4.7 c=37.1  kl=0.0084  vl=0.0589
Step: 141950976 SPS: 8702  ev=0.780  ent=0.969  grad=0.16/0.16  h=4.7 c=36.2  kl=0.0093  vl=0.0567
Step: 142082048 SPS: 8702  ev=0.786  ent=0.970  grad=0.09/0.09  h=4.6 c=36.7  kl=0.0078  vl=0.0574
Step: 142213120 SPS: 8702  ev=0.781  ent=0.941  grad=0.11/0.11  h=4.6 c=36.4  kl=0.0085  vl=0.0579
Step: 142344192 SPS: 8702  ev=0.780  ent=0.938  grad=0.11/0.11  h=4.6 c=36.5  kl=0.0090  vl=0.0561
Step: 142475264 SPS: 8702  ev=0.784  ent=0.929  grad=0.12/0.12  h=4.6 c=36.9  kl=0.0098  vl=0.0589
Step: 142606336 SPS: 8702  ev=0.776  ent=0.952  grad=0.11/0.11  h=4.6 c=36.8  kl=0.0081  vl=0.0549
Step: 142737408 SPS: 8702  ev=0.775  ent=0.898  grad=0.12/0.12  h=4.6 c=36.3  kl=0.0087  vl=0.0603
Step: 142868480 SPS: 8701  ev=0.779  ent=0.909  grad=0.20/0.20  h=4.6 c=36.0  kl=0.0123  vl=0.0600
Step: 142999552 SPS: 8701  ev=0.781  ent=0.910  grad=0.10/0.10  h=4.6 c=37.0  kl=0.0088  vl=0.0581
Step: 143130624 SPS: 8701  ev=0.779  ent=0.926  grad=0.13/0.13  h=4.6 c=36.7  kl=0.0090  vl=0.0586
Step: 143261696 SPS: 8701  ev=0.780  ent=0.923  grad=0.16/0.16  h=4.6 c=35.1  kl=0.0091  vl=0.0564
Step: 143392768 SPS: 8701  ev=0.774  ent=0.874  grad=0.19/0.19  h=4.6 c=36.5  kl=0.0102  vl=0.0576
Step: 143523840 SPS: 8701  ev=0.778  ent=0.905  grad=0.11/0.11  h=4.6 c=35.9  kl=0.0078  vl=0.0580
Step: 143654912 SPS: 8701  ev=0.780  ent=0.880  grad=0.13/0.13  h=4.6 c=36.4  kl=0.0092  vl=0.0584
Step: 143785984 SPS: 8700  ev=0.787  ent=0.925  grad=0.11/0.11  h=4.5 c=36.5  kl=0.0081  vl=0.0561
Step: 143917056 SPS: 8701  ev=0.782  ent=0.903  grad=0.08/0.08  h=4.6 c=35.9  kl=0.0081  vl=0.0560
Step: 144048128 SPS: 8700  ev=0.777  ent=0.878  grad=0.09/0.09  h=4.5 c=35.6  kl=0.0090  vl=0.0577
Step: 144179200 SPS: 8700  ev=0.768  ent=0.845  grad=0.22/0.22  h=4.5 c=35.5  kl=0.0093  vl=0.0591
Step: 144310272 SPS: 8700  ev=0.774  ent=0.852  grad=0.16/0.16  h=4.5 c=36.2  kl=0.0077  vl=0.0577
Step: 144441344 SPS: 8700  ev=0.770  ent=0.849  grad=0.15/0.15  h=4.5 c=35.4  kl=0.0093  vl=0.0587
Step: 144572416 SPS: 8700  ev=0.772  ent=0.836  grad=0.14/0.14  h=4.5 c=35.0  kl=0.0088  vl=0.0589
Step: 144703488 SPS: 8700  ev=0.766  ent=0.835  grad=0.28/0.28  h=4.5 c=35.1  kl=0.0102  vl=0.0613
Step: 144834560 SPS: 8700  ev=0.772  ent=0.838  grad=0.18/0.18  h=4.5 c=35.8  kl=0.0096  vl=0.0581
Step: 144965632 SPS: 8699  ev=0.770  ent=0.825  grad=0.20/0.20  h=4.5 c=35.6  kl=0.0109  vl=0.0570
Step: 145096704 SPS: 8699  ev=0.773  ent=0.862  grad=0.15/0.15  h=4.5 c=35.1  kl=0.0099  vl=0.0588
Step: 145227776 SPS: 8699  ev=0.765  ent=0.853  grad=0.14/0.14  h=4.5 c=35.2  kl=0.0094  vl=0.0603
Step: 145358848 SPS: 8699  ev=0.773  ent=0.852  grad=0.15/0.15  h=4.5 c=35.8  kl=0.0098  vl=0.0584
Step: 145489920 SPS: 8698  ev=0.768  ent=0.864  grad=0.14/0.14  h=4.5 c=35.4  kl=0.0100  vl=0.0594
Step: 145620992 SPS: 8698  ev=0.767  ent=0.834  grad=0.12/0.12  h=4.5 c=35.5  kl=0.0094  vl=0.0610
Step: 145752064 SPS: 8698  ev=0.774  ent=0.866  grad=0.11/0.11  h=4.5 c=36.1  kl=0.0097  vl=0.0600
Step: 145883136 SPS: 8697  ev=0.786  ent=0.906  grad=0.13/0.13  h=4.6 c=36.1  kl=0.0098  vl=0.0565
Step: 146014208 SPS: 8697  ev=0.775  ent=0.887  grad=0.11/0.11  h=4.6 c=35.6  kl=0.0088  vl=0.0596
Step: 146145280 SPS: 8697  ev=0.779  ent=0.933  grad=0.25/0.25  h=4.6 c=36.0  kl=0.0100  vl=0.0584
Step: 146276352 SPS: 8697  ev=0.779  ent=0.927  grad=0.15/0.15  h=4.6 c=36.3  kl=0.0092  vl=0.0583
Step: 146407424 SPS: 8697  ev=0.779  ent=0.947  grad=0.20/0.20  h=4.6 c=35.5  kl=0.0094  vl=0.0558
Step: 146538496 SPS: 8697  ev=0.785  ent=0.889  grad=0.18/0.18  h=4.6 c=35.9  kl=0.0114  vl=0.0593
Step: 146669568 SPS: 8696  ev=0.779  ent=0.921  grad=0.19/0.19  h=4.6 c=35.2  kl=0.0094  vl=0.0569
Step: 146800640 SPS: 8696  ev=0.773  ent=0.908  grad=0.15/0.15  h=4.5 c=34.6  kl=0.0097  vl=0.0586
Step: 146931712 SPS: 8696  ev=0.778  ent=0.904  grad=0.11/0.11  h=4.6 c=34.9  kl=0.0079  vl=0.0577
Step: 147062784 SPS: 8696  ev=0.773  ent=0.868  grad=0.22/0.22  h=4.5 c=34.5  kl=0.0107  vl=0.0596
Step: 147193856 SPS: 8696  ev=0.770  ent=0.879  grad=0.16/0.16  h=4.5 c=34.3  kl=0.0105  vl=0.0598
Step: 147324928 SPS: 8696  ev=0.774  ent=0.876  grad=0.18/0.18  h=4.6 c=34.8  kl=0.0101  vl=0.0577
Step: 147456000 SPS: 8696  ev=0.772  ent=0.919  grad=0.13/0.13  h=4.6 c=35.4  kl=0.0097  vl=0.0601
Step: 147587072 SPS: 8697  ev=0.771  ent=0.869  grad=0.15/0.15  h=4.6 c=35.6  kl=0.0089  vl=0.0626
Step: 147718144 SPS: 8696  ev=0.771  ent=0.904  grad=0.12/0.12  h=4.5 c=35.6  kl=0.0099  vl=0.0607
Step: 147849216 SPS: 8696  ev=0.779  ent=0.918  grad=0.11/0.11  h=4.5 c=35.4  kl=0.0097  vl=0.0588
Step: 147980288 SPS: 8696  ev=0.785  ent=0.914  grad=0.11/0.11  h=4.6 c=36.1  kl=0.0091  vl=0.0556
Step: 148111360 SPS: 8696  ev=0.777  ent=0.978  grad=0.20/0.20  h=4.6 c=36.8  kl=0.0095  vl=0.0593
Step: 148242432 SPS: 8696  ev=0.790  ent=0.985  grad=0.14/0.14  h=4.6 c=37.0  kl=0.0100  vl=0.0567
Step: 148373504 SPS: 8697  ev=0.787  ent=0.975  grad=0.12/0.12  h=4.6 c=36.4  kl=0.0095  vl=0.0578
Step: 148504576 SPS: 8697  ev=0.795  ent=0.982  grad=0.27/0.27  h=4.7 c=37.5  kl=0.0103  vl=0.0569
Step: 148635648 SPS: 8697  ev=0.784  ent=0.957  grad=0.15/0.15  h=4.6 c=36.6  kl=0.0113  vl=0.0581
Step: 148766720 SPS: 8697  ev=0.782  ent=0.964  grad=0.11/0.11  h=4.7 c=36.2  kl=0.0101  vl=0.0560
Step: 148897792 SPS: 8697  ev=0.777  ent=0.940  grad=0.10/0.10  h=4.6 c=35.2  kl=0.0081  vl=0.0568
Step: 149028864 SPS: 8697  ev=0.775  ent=0.933  grad=0.11/0.11  h=4.5 c=34.4  kl=0.0086  vl=0.0576
Step: 149159936 SPS: 8697  ev=0.779  ent=0.905  grad=0.07/0.07  h=4.5 c=35.0  kl=0.0072  vl=0.0575
Step: 149291008 SPS: 8697  ev=0.781  ent=0.918  grad=0.08/0.08  h=4.5 c=34.8  kl=0.0078  vl=0.0567
Step: 149422080 SPS: 8696  ev=0.772  ent=0.915  grad=0.16/0.16  h=4.5 c=34.3  kl=0.0092  vl=0.0587
Step: 149553152 SPS: 8696  ev=0.776  ent=0.906  grad=0.14/0.14  h=4.6 c=34.7  kl=0.0092  vl=0.0589
Step: 149684224 SPS: 8696  ev=0.772  ent=0.914  grad=0.16/0.16  h=4.5 c=34.1  kl=0.0095  vl=0.0597
Step: 149815296 SPS: 8696  ev=0.767  ent=0.896  grad=0.18/0.18  h=4.5 c=34.1  kl=0.0094  vl=0.0602
Step: 149946368 SPS: 8695  ev=0.762  ent=0.861  grad=0.12/0.12  h=4.5 c=33.1  kl=0.0112  vl=0.0590
Step: 150077440 SPS: 8695  ev=0.757  ent=0.838  grad=0.13/0.13  h=4.5 c=33.9  kl=0.0097  vl=0.0614
Step: 150208512 SPS: 8695  ev=0.760  ent=0.888  grad=0.14/0.14  h=4.5 c=34.3  kl=0.0095  vl=0.0610
Step: 150339584 SPS: 8695  ev=0.762  ent=0.848  grad=0.13/0.13  h=4.6 c=35.0  kl=0.0087  vl=0.0616
Step: 150470656 SPS: 8694  ev=0.766  ent=0.874  grad=0.12/0.12  h=4.6 c=35.2  kl=0.0090  vl=0.0599
Step: 150601728 SPS: 8694  ev=0.768  ent=0.866  grad=0.12/0.12  h=4.6 c=34.9  kl=0.0088  vl=0.0614
Step: 150732800 SPS: 8694  ev=0.775  ent=0.878  grad=0.20/0.20  h=4.6 c=34.6  kl=0.0082  vl=0.0608
Step: 150863872 SPS: 8694  ev=0.771  ent=0.849  grad=0.14/0.14  h=4.6 c=34.6  kl=0.0088  vl=0.0596
Step: 150994944 SPS: 8694  ev=0.775  ent=0.885  grad=0.13/0.13  h=4.6 c=35.7  kl=0.0085  vl=0.0603
Step: 151126016 SPS: 8694  ev=0.782  ent=0.905  grad=0.14/0.14  h=4.6 c=35.9  kl=0.0095  vl=0.0576
Step: 151257088 SPS: 8694  ev=0.782  ent=0.939  grad=0.15/0.15  h=4.6 c=35.5  kl=0.0089  vl=0.0569
  vs Random: 100W/0L/0D | score=35.7±24.4 inv=1.8 played=20.5 lanes=5.0 ddraw=20.6 pts=36
  Self-play: 50W/47L/3D | score=8.4±22.8 inv=1.6 played=18.0 lanes=5.0 ddraw=3.3 pts=8
Step: 151388160 SPS: 8694  ev=0.781  ent=0.913  grad=0.11/0.11  h=4.6 c=35.5  kl=0.0083  vl=0.0579
Step: 151519232 SPS: 8694  ev=0.780  ent=0.947  grad=0.12/0.12  h=4.6 c=35.7  kl=0.0092  vl=0.0592
Step: 151650304 SPS: 8694  ev=0.792  ent=0.942  grad=0.13/0.13  h=4.6 c=35.2  kl=0.0080  vl=0.0573
Step: 151781376 SPS: 8694  ev=0.776  ent=0.918  grad=0.09/0.09  h=4.6 c=35.2  kl=0.0088  vl=0.0594
Step: 151912448 SPS: 8694  ev=0.776  ent=0.870  grad=0.18/0.18  h=4.6 c=34.5  kl=0.0096  vl=0.0599
Step: 152043520 SPS: 8694  ev=0.776  ent=0.878  grad=0.10/0.10  h=4.6 c=34.2  kl=0.0115  vl=0.0591
Step: 152174592 SPS: 8694  ev=0.775  ent=0.880  grad=0.10/0.10  h=4.7 c=35.3  kl=0.0089  vl=0.0591
Step: 152305664 SPS: 8693  ev=0.775  ent=0.891  grad=0.14/0.14  h=4.6 c=34.8  kl=0.0077  vl=0.0571
Step: 152436736 SPS: 8693  ev=0.778  ent=0.903  grad=0.19/0.19  h=4.7 c=35.5  kl=0.0094  vl=0.0584
Step: 152567808 SPS: 8693  ev=0.771  ent=0.937  grad=0.16/0.16  h=4.7 c=35.2  kl=0.0091  vl=0.0586
Step: 152698880 SPS: 8693  ev=0.770  ent=0.908  grad=0.12/0.12  h=4.7 c=35.6  kl=0.0093  vl=0.0606
Step: 152829952 SPS: 8693  ev=0.782  ent=0.950  grad=0.22/0.22  h=4.7 c=35.9  kl=0.0090  vl=0.0569
Step: 152961024 SPS: 8693  ev=0.779  ent=0.951  grad=0.13/0.13  h=4.6 c=34.6  kl=0.0093  vl=0.0570
Step: 153092096 SPS: 8694  ev=0.772  ent=0.923  grad=0.15/0.15  h=4.7 c=35.2  kl=0.0084  vl=0.0570
Step: 153223168 SPS: 8693  ev=0.771  ent=0.917  grad=0.19/0.19  h=4.7 c=34.7  kl=0.0089  vl=0.0577
Step: 153354240 SPS: 8693  ev=0.767  ent=0.878  grad=0.15/0.15  h=4.7 c=34.1  kl=0.0088  vl=0.0588
Step: 153485312 SPS: 8693  ev=0.768  ent=0.864  grad=0.13/0.13  h=4.7 c=34.7  kl=0.0091  vl=0.0607
Step: 153616384 SPS: 8693  ev=0.776  ent=0.877  grad=0.19/0.19  h=4.7 c=34.3  kl=0.0100  vl=0.0586
Step: 153747456 SPS: 8693  ev=0.766  ent=0.846  grad=0.14/0.14  h=4.7 c=34.4  kl=0.0101  vl=0.0594
Step: 153878528 SPS: 8693  ev=0.767  ent=0.834  grad=0.15/0.15  h=4.7 c=34.1  kl=0.0087  vl=0.0616
Step: 154009600 SPS: 8693  ev=0.763  ent=0.839  grad=0.26/0.26  h=4.6 c=34.4  kl=0.0102  vl=0.0577
Step: 154140672 SPS: 8693  ev=0.768  ent=0.863  grad=0.21/0.21  h=4.7 c=34.4  kl=0.0086  vl=0.0599
Step: 154271744 SPS: 8692  ev=0.774  ent=0.894  grad=0.19/0.19  h=4.7 c=34.7  kl=0.0096  vl=0.0582
Step: 154402816 SPS: 8692  ev=0.777  ent=0.881  grad=0.14/0.14  h=4.7 c=35.2  kl=0.0079  vl=0.0575
Step: 154533888 SPS: 8692  ev=0.780  ent=0.909  grad=0.15/0.15  h=4.8 c=35.4  kl=0.0112  vl=0.0564
Step: 154664960 SPS: 8692  ev=0.783  ent=0.891  grad=0.11/0.11  h=4.7 c=35.0  kl=0.0079  vl=0.0586
Step: 154796032 SPS: 8692  ev=0.775  ent=0.909  grad=0.13/0.13  h=4.7 c=35.2  kl=0.0089  vl=0.0592
Step: 154927104 SPS: 8693  ev=0.773  ent=0.908  grad=0.17/0.17  h=4.7 c=35.6  kl=0.0087  vl=0.0592
Step: 155058176 SPS: 8693  ev=0.788  ent=0.924  grad=0.13/0.13  h=4.8 c=36.9  kl=0.0089  vl=0.0564
Step: 155189248 SPS: 8693  ev=0.786  ent=0.958  grad=0.16/0.16  h=4.8 c=36.6  kl=0.0090  vl=0.0586
Step: 155320320 SPS: 8693  ev=0.790  ent=0.987  grad=0.15/0.15  h=4.8 c=38.0  kl=0.0086  vl=0.0578
Step: 155451392 SPS: 8693  ev=0.790  ent=0.974  grad=0.11/0.11  h=4.8 c=37.5  kl=0.0076  vl=0.0557
Step: 155582464 SPS: 8693  ev=0.791  ent=1.022  grad=0.15/0.15  h=4.8 c=37.2  kl=0.0078  vl=0.0559
Step: 155713536 SPS: 8693  ev=0.791  ent=0.960  grad=0.12/0.12  h=4.8 c=37.9  kl=0.0082  vl=0.0568
Step: 155844608 SPS: 8693  ev=0.786  ent=0.988  grad=0.13/0.13  h=4.8 c=36.9  kl=0.0092  vl=0.0583
Step: 155975680 SPS: 8693  ev=0.786  ent=0.953  grad=0.26/0.26  h=4.8 c=36.9  kl=0.0101  vl=0.0559
Step: 156106752 SPS: 8694  ev=0.788  ent=0.955  grad=0.23/0.23  h=4.8 c=37.7  kl=0.0103  vl=0.0576
Step: 156237824 SPS: 8694  ev=0.788  ent=0.938  grad=0.21/0.21  h=4.8 c=36.3  kl=0.0087  vl=0.0578
Step: 156368896 SPS: 8694  ev=0.785  ent=0.969  grad=0.18/0.18  h=4.8 c=37.0  kl=0.0119  vl=0.0576
Step: 156499968 SPS: 8694  ev=0.784  ent=0.944  grad=0.13/0.13  h=4.8 c=37.0  kl=0.0090  vl=0.0576
Step: 156631040 SPS: 8694  ev=0.783  ent=0.927  grad=0.09/0.09  h=4.8 c=36.3  kl=0.0077  vl=0.0555
Step: 156762112 SPS: 8693  ev=0.777  ent=0.945  grad=0.25/0.25  h=4.7 c=36.0  kl=0.0099  vl=0.0587
Step: 156893184 SPS: 8693  ev=0.773  ent=0.871  grad=0.29/0.29  h=4.8 c=37.2  kl=0.0113  vl=0.0589
Step: 157024256 SPS: 8693  ev=0.780  ent=0.891  grad=0.10/0.10  h=4.7 c=36.5  kl=0.0076  vl=0.0567
Step: 157155328 SPS: 8693  ev=0.780  ent=0.864  grad=0.11/0.11  h=4.7 c=36.8  kl=0.0081  vl=0.0560
Step: 157286400 SPS: 8693  ev=0.782  ent=0.870  grad=0.17/0.17  h=4.7 c=36.1  kl=0.0090  vl=0.0578
Step: 157417472 SPS: 8693  ev=0.780  ent=0.852  grad=0.13/0.13  h=4.8 c=35.8  kl=0.0090  vl=0.0588
Step: 157548544 SPS: 8692  ev=0.777  ent=0.858  grad=0.17/0.17  h=4.8 c=36.0  kl=0.0102  vl=0.0588
Step: 157679616 SPS: 8692  ev=0.788  ent=0.891  grad=0.17/0.17  h=4.8 c=36.5  kl=0.0094  vl=0.0587
Step: 157810688 SPS: 8692  ev=0.779  ent=0.851  grad=0.15/0.15  h=4.7 c=35.7  kl=0.0102  vl=0.0611
Step: 157941760 SPS: 8692  ev=0.781  ent=0.921  grad=0.13/0.13  h=4.7 c=36.2  kl=0.0093  vl=0.0592
Step: 158072832 SPS: 8692  ev=0.780  ent=0.906  grad=0.17/0.17  h=4.8 c=37.1  kl=0.0097  vl=0.0576
Step: 158203904 SPS: 8692  ev=0.780  ent=0.897  grad=0.14/0.14  h=4.7 c=35.9  kl=0.0094  vl=0.0572
Step: 158334976 SPS: 8692  ev=0.778  ent=0.881  grad=0.14/0.14  h=4.7 c=35.9  kl=0.0108  vl=0.0603
Step: 158466048 SPS: 8692  ev=0.766  ent=0.836  grad=0.11/0.11  h=4.7 c=34.5  kl=0.0084  vl=0.0601
Step: 158597120 SPS: 8692  ev=0.772  ent=0.873  grad=0.20/0.20  h=4.7 c=35.5  kl=0.0093  vl=0.0583
Step: 158728192 SPS: 8691  ev=0.769  ent=0.842  grad=0.09/0.09  h=4.7 c=35.4  kl=0.0092  vl=0.0600
Step: 158859264 SPS: 8691  ev=0.775  ent=0.896  grad=0.14/0.14  h=4.7 c=35.9  kl=0.0088  vl=0.0582
Step: 158990336 SPS: 8691  ev=0.769  ent=0.821  grad=0.17/0.17  h=4.8 c=36.1  kl=0.0115  vl=0.0588
Step: 159121408 SPS: 8691  ev=0.767  ent=0.808  grad=0.20/0.20  h=4.7 c=35.3  kl=0.0104  vl=0.0596
Step: 159252480 SPS: 8691  ev=0.771  ent=0.814  grad=0.13/0.13  h=4.7 c=35.3  kl=0.0117  vl=0.0592
Step: 159383552 SPS: 8691  ev=0.775  ent=0.817  grad=0.15/0.15  h=4.7 c=35.4  kl=0.0116  vl=0.0597
Step: 159514624 SPS: 8690  ev=0.774  ent=0.864  grad=0.20/0.20  h=4.7 c=34.9  kl=0.0092  vl=0.0577
Step: 159645696 SPS: 8690  ev=0.776  ent=0.813  grad=0.19/0.19  h=4.7 c=34.7  kl=0.0092  vl=0.0599
Step: 159776768 SPS: 8690  ev=0.771  ent=0.836  grad=0.11/0.11  h=4.7 c=35.1  kl=0.0092  vl=0.0576
Step: 159907840 SPS: 8690  ev=0.780  ent=0.865  grad=0.19/0.19  h=4.7 c=35.3  kl=0.0110  vl=0.0576
Step: 160038912 SPS: 8690  ev=0.776  ent=0.848  grad=0.15/0.15  h=4.7 c=35.9  kl=0.0091  vl=0.0599
Step: 160169984 SPS: 8690  ev=0.773  ent=0.807  grad=0.13/0.13  h=4.7 c=35.6  kl=0.0090  vl=0.0616
Step: 160301056 SPS: 8690  ev=0.769  ent=0.831  grad=0.13/0.13  h=4.6 c=35.2  kl=0.0110  vl=0.0597
Step: 160432128 SPS: 8690  ev=0.786  ent=0.869  grad=0.29/0.29  h=4.7 c=36.1  kl=0.0118  vl=0.0572
Step: 160563200 SPS: 8690  ev=0.777  ent=0.871  grad=0.16/0.16  h=4.7 c=36.2  kl=0.0079  vl=0.0579
Step: 160694272 SPS: 8691  ev=0.788  ent=0.910  grad=0.11/0.11  h=4.8 c=36.4  kl=0.0094  vl=0.0559
Step: 160825344 SPS: 8691  ev=0.781  ent=0.934  grad=0.15/0.15  h=4.8 c=37.3  kl=0.0093  vl=0.0570
Step: 160956416 SPS: 8690  ev=0.777  ent=0.906  grad=0.13/0.13  h=4.7 c=35.3  kl=0.0093  vl=0.0610
Step: 161087488 SPS: 8691  ev=0.776  ent=0.907  grad=0.14/0.14  h=4.8 c=37.2  kl=0.0095  vl=0.0584
Step: 161218560 SPS: 8690  ev=0.783  ent=0.955  grad=0.28/0.28  h=4.8 c=36.8  kl=0.0112  vl=0.0579
Step: 161349632 SPS: 8691  ev=0.785  ent=0.992  grad=0.17/0.17  h=4.7 c=36.9  kl=0.0105  vl=0.0567
  vs Random: 100W/0L/0D | score=39.6±21.9 inv=1.7 played=20.6 lanes=5.0 ddraw=24.0 pts=40
  Self-play: 46W/51L/4D | score=9.0±19.8 inv=1.6 played=18.0 lanes=5.0 ddraw=3.3 pts=9
Step: 161480704 SPS: 8691  ev=0.793  ent=1.010  grad=0.19/0.19  h=4.8 c=38.0  kl=0.0101  vl=0.0543
Step: 161611776 SPS: 8691  ev=0.791  ent=0.963  grad=0.15/0.15  h=4.8 c=36.5  kl=0.0112  vl=0.0554
Step: 161742848 SPS: 8691  ev=0.786  ent=0.936  grad=0.16/0.16  h=4.7 c=36.6  kl=0.0090  vl=0.0573
Step: 161873920 SPS: 8692  ev=0.781  ent=0.922  grad=0.11/0.11  h=4.7 c=36.3  kl=0.0093  vl=0.0587
Step: 162004992 SPS: 8692  ev=0.782  ent=0.943  grad=0.14/0.14  h=4.7 c=35.9  kl=0.0094  vl=0.0562
Step: 162136064 SPS: 8692  ev=0.776  ent=0.892  grad=0.12/0.12  h=4.7 c=36.2  kl=0.0085  vl=0.0597
Step: 162267136 SPS: 8692  ev=0.766  ent=0.887  grad=0.16/0.16  h=4.7 c=35.4  kl=0.0105  vl=0.0598
Step: 162398208 SPS: 8692  ev=0.771  ent=0.843  grad=0.10/0.10  h=4.7 c=35.5  kl=0.0087  vl=0.0575
Step: 162529280 SPS: 8692  ev=0.761  ent=0.850  grad=0.11/0.11  h=4.7 c=34.7  kl=0.0086  vl=0.0576
Step: 162660352 SPS: 8692  ev=0.760  ent=0.818  grad=0.18/0.18  h=4.7 c=34.7  kl=0.0101  vl=0.0615
Step: 162791424 SPS: 8691  ev=0.765  ent=0.828  grad=0.14/0.14  h=4.7 c=35.2  kl=0.0106  vl=0.0586
Step: 162922496 SPS: 8692  ev=0.764  ent=0.818  grad=0.23/0.23  h=4.6 c=35.3  kl=0.0130  vl=0.0601
Step: 163053568 SPS: 8691  ev=0.764  ent=0.815  grad=0.11/0.11  h=4.6 c=35.6  kl=0.0096  vl=0.0600
Step: 163184640 SPS: 8691  ev=0.768  ent=0.848  grad=0.13/0.13  h=4.7 c=35.7  kl=0.0095  vl=0.0593
Step: 163315712 SPS: 8691  ev=0.769  ent=0.862  grad=0.13/0.13  h=4.6 c=34.7  kl=0.0089  vl=0.0617
Step: 163446784 SPS: 8691  ev=0.773  ent=0.914  grad=0.19/0.19  h=4.6 c=35.9  kl=0.0097  vl=0.0558
Step: 163577856 SPS: 8691  ev=0.776  ent=0.936  grad=0.16/0.16  h=4.7 c=36.2  kl=0.0099  vl=0.0575
Step: 163708928 SPS: 8691  ev=0.779  ent=0.940  grad=0.14/0.14  h=4.7 c=36.5  kl=0.0096  vl=0.0586
Step: 163840000 SPS: 8691  ev=0.774  ent=0.916  grad=0.12/0.12  h=4.7 c=36.8  kl=0.0093  vl=0.0595
Step: 163971072 SPS: 8691  ev=0.777  ent=0.967  grad=0.15/0.15  h=4.7 c=37.5  kl=0.0099  vl=0.0571
Step: 164102144 SPS: 8691  ev=0.782  ent=0.947  grad=0.13/0.13  h=4.7 c=38.4  kl=0.0094  vl=0.0563
Step: 164233216 SPS: 8692  ev=0.790  ent=1.002  grad=0.18/0.18  h=4.7 c=39.1  kl=0.0102  vl=0.0559
Step: 164364288 SPS: 8692  ev=0.778  ent=0.934  grad=0.15/0.15  h=4.7 c=38.4  kl=0.0082  vl=0.0583
Step: 164495360 SPS: 8692  ev=0.779  ent=0.960  grad=0.14/0.14  h=4.7 c=37.9  kl=0.0094  vl=0.0582
Step: 164626432 SPS: 8692  ev=0.785  ent=0.966  grad=0.14/0.14  h=4.7 c=37.8  kl=0.0088  vl=0.0556
Step: 164757504 SPS: 8692  ev=0.792  ent=0.955  grad=0.12/0.12  h=4.7 c=37.8  kl=0.0074  vl=0.0529
Step: 164888576 SPS: 8692  ev=0.784  ent=0.946  grad=0.10/0.10  h=4.7 c=37.8  kl=0.0088  vl=0.0579
Step: 165019648 SPS: 8692  ev=0.779  ent=0.937  grad=0.18/0.18  h=4.7 c=37.4  kl=0.0094  vl=0.0571
Step: 165150720 SPS: 8692  ev=0.786  ent=0.956  grad=0.16/0.16  h=4.7 c=38.0  kl=0.0098  vl=0.0552
Step: 165281792 SPS: 8692  ev=0.786  ent=0.942  grad=0.25/0.25  h=4.7 c=38.1  kl=0.0103  vl=0.0570
Step: 165412864 SPS: 8693  ev=0.785  ent=0.974  grad=0.21/0.21  h=4.7 c=37.9  kl=0.0108  vl=0.0569
Step: 165543936 SPS: 8693  ev=0.790  ent=0.966  grad=0.20/0.20  h=4.7 c=38.6  kl=0.0106  vl=0.0562
Step: 165675008 SPS: 8693  ev=0.788  ent=0.959  grad=0.20/0.20  h=4.7 c=38.9  kl=0.0106  vl=0.0558
Step: 165806080 SPS: 8693  ev=0.791  ent=0.894  grad=0.10/0.10  h=4.7 c=38.3  kl=0.0097  vl=0.0580
Step: 165937152 SPS: 8694  ev=0.785  ent=0.919  grad=0.17/0.17  h=4.7 c=37.7  kl=0.0086  vl=0.0552
Step: 166068224 SPS: 8694  ev=0.786  ent=0.896  grad=0.17/0.17  h=4.7 c=38.6  kl=0.0084  vl=0.0578
Step: 166199296 SPS: 8694  ev=0.793  ent=0.931  grad=0.22/0.22  h=4.7 c=38.2  kl=0.0122  vl=0.0565
Step: 166330368 SPS: 8694  ev=0.789  ent=0.924  grad=0.13/0.13  h=4.7 c=37.6  kl=0.0102  vl=0.0560
Step: 166461440 SPS: 8694  ev=0.784  ent=0.892  grad=0.22/0.22  h=4.7 c=37.4  kl=0.0098  vl=0.0576
Step: 166592512 SPS: 8694  ev=0.786  ent=0.857  grad=0.15/0.15  h=4.7 c=38.1  kl=0.0113  vl=0.0594
Step: 166723584 SPS: 8694  ev=0.779  ent=0.842  grad=0.15/0.15  h=4.6 c=37.1  kl=0.0093  vl=0.0588
Step: 166854656 SPS: 8694  ev=0.775  ent=0.829  grad=0.12/0.12  h=4.7 c=37.1  kl=0.0089  vl=0.0584
Step: 166985728 SPS: 8694  ev=0.778  ent=0.827  grad=0.16/0.16  h=4.6 c=36.7  kl=0.0098  vl=0.0602
Step: 167116800 SPS: 8694  ev=0.781  ent=0.863  grad=0.15/0.15  h=4.7 c=38.4  kl=0.0106  vl=0.0588
Step: 167247872 SPS: 8694  ev=0.783  ent=0.888  grad=0.14/0.14  h=4.7 c=38.0  kl=0.0089  vl=0.0580
Step: 167378944 SPS: 8694  ev=0.781  ent=0.880  grad=0.17/0.17  h=4.6 c=38.1  kl=0.0100  vl=0.0565
Step: 167510016 SPS: 8694  ev=0.783  ent=0.874  grad=0.13/0.13  h=4.7 c=38.5  kl=0.0083  vl=0.0604
Step: 167641088 SPS: 8694  ev=0.785  ent=0.867  grad=0.13/0.13  h=4.6 c=37.3  kl=0.0078  vl=0.0588
Step: 167772160 SPS: 8694  ev=0.777  ent=0.859  grad=0.14/0.14  h=4.7 c=38.2  kl=0.0083  vl=0.0592
Step: 167903232 SPS: 8694  ev=0.776  ent=0.886  grad=0.11/0.11  h=4.6 c=38.5  kl=0.0084  vl=0.0583
Step: 168034304 SPS: 8694  ev=0.781  ent=0.925  grad=0.09/0.09  h=4.6 c=38.5  kl=0.0086  vl=0.0557
Step: 168165376 SPS: 8694  ev=0.780  ent=0.841  grad=0.17/0.17  h=4.7 c=38.2  kl=0.0087  vl=0.0575
Step: 168296448 SPS: 8694  ev=0.780  ent=0.893  grad=0.20/0.20  h=4.6 c=37.6  kl=0.0096  vl=0.0599
Step: 168427520 SPS: 8694  ev=0.781  ent=0.885  grad=0.16/0.16  h=4.6 c=38.9  kl=0.0089  vl=0.0589
Step: 168558592 SPS: 8693  ev=0.781  ent=0.878  grad=0.20/0.20  h=4.6 c=38.4  kl=0.0099  vl=0.0581
Step: 168689664 SPS: 8693  ev=0.776  ent=0.872  grad=0.18/0.18  h=4.7 c=38.1  kl=0.0101  vl=0.0593
Step: 168820736 SPS: 8693  ev=0.773  ent=0.837  grad=0.14/0.14  h=4.6 c=36.6  kl=0.0089  vl=0.0576
Step: 168951808 SPS: 8693  ev=0.777  ent=0.898  grad=0.14/0.14  h=4.7 c=38.0  kl=0.0091  vl=0.0570
Step: 169082880 SPS: 8693  ev=0.782  ent=0.891  grad=0.10/0.10  h=4.6 c=37.9  kl=0.0082  vl=0.0573
Step: 169213952 SPS: 8693  ev=0.790  ent=0.956  grad=0.13/0.13  h=4.7 c=38.8  kl=0.0093  vl=0.0556
Step: 169345024 SPS: 8694  ev=0.781  ent=0.956  grad=0.16/0.16  h=4.7 c=38.9  kl=0.0091  vl=0.0579
Step: 169476096 SPS: 8694  ev=0.792  ent=0.968  grad=0.11/0.11  h=4.7 c=39.3  kl=0.0088  vl=0.0552
Step: 169607168 SPS: 8694  ev=0.787  ent=0.935  grad=0.16/0.16  h=4.7 c=39.5  kl=0.0094  vl=0.0569
Step: 169738240 SPS: 8694  ev=0.785  ent=0.925  grad=0.12/0.12  h=4.7 c=38.2  kl=0.0102  vl=0.0573
Step: 169869312 SPS: 8694  ev=0.787  ent=0.925  grad=0.12/0.12  h=4.7 c=39.5  kl=0.0090  vl=0.0581
Step: 170000384 SPS: 8694  ev=0.786  ent=0.932  grad=0.11/0.11  h=4.7 c=37.4  kl=0.0097  vl=0.0559
Step: 170131456 SPS: 8694  ev=0.784  ent=0.911  grad=0.13/0.13  h=4.7 c=38.0  kl=0.0097  vl=0.0568
Step: 170262528 SPS: 8694  ev=0.779  ent=0.901  grad=0.17/0.17  h=4.7 c=38.3  kl=0.0098  vl=0.0581
Step: 170393600 SPS: 8695  ev=0.778  ent=0.935  grad=0.15/0.15  h=4.7 c=38.4  kl=0.0087  vl=0.0576
Step: 170524672 SPS: 8695  ev=0.782  ent=0.903  grad=0.15/0.15  h=4.7 c=38.7  kl=0.0114  vl=0.0564
Step: 170655744 SPS: 8695  ev=0.784  ent=0.889  grad=0.11/0.11  h=4.7 c=38.6  kl=0.0084  vl=0.0555
Step: 170786816 SPS: 8695  ev=0.784  ent=0.892  grad=0.13/0.13  h=4.7 c=38.3  kl=0.0093  vl=0.0591
Step: 170917888 SPS: 8695  ev=0.779  ent=0.858  grad=0.17/0.17  h=4.7 c=37.8  kl=0.0103  vl=0.0583
Step: 171048960 SPS: 8695  ev=0.780  ent=0.858  grad=0.18/0.18  h=4.6 c=37.5  kl=0.0097  vl=0.0588
Step: 171180032 SPS: 8695  ev=0.777  ent=0.910  grad=0.24/0.24  h=4.7 c=37.3  kl=0.0109  vl=0.0579
Step: 171311104 SPS: 8695  ev=0.788  ent=0.895  grad=0.15/0.15  h=4.6 c=38.0  kl=0.0096  vl=0.0584
Step: 171442176 SPS: 8695  ev=0.773  ent=0.856  grad=0.12/0.12  h=4.7 c=38.4  kl=0.0105  vl=0.0588
  vs Random: 100W/0L/0D | score=40.5±21.3 inv=1.8 played=21.0 lanes=5.0 ddraw=20.4 pts=40
  Self-play: 52W/50L/0D | score=10.5±23.2 inv=1.7 played=18.3 lanes=5.0 ddraw=4.5 pts=11
Step: 171573248 SPS: 8695  ev=0.772  ent=0.794  grad=0.19/0.19  h=4.6 c=37.7  kl=0.0093  vl=0.0609
Step: 171704320 SPS: 8695  ev=0.778  ent=0.839  grad=0.27/0.27  h=4.6 c=36.9  kl=0.0113  vl=0.0574
Step: 171835392 SPS: 8695  ev=0.774  ent=0.831  grad=0.27/0.27  h=4.6 c=36.8  kl=0.0113  vl=0.0609
Step: 171966464 SPS: 8695  ev=0.782  ent=0.858  grad=0.09/0.09  h=4.6 c=37.0  kl=0.0087  vl=0.0556
Step: 172097536 SPS: 8695  ev=0.779  ent=0.869  grad=0.14/0.14  h=4.6 c=37.1  kl=0.0076  vl=0.0582
Step: 172228608 SPS: 8695  ev=0.779  ent=0.846  grad=0.15/0.15  h=4.6 c=36.6  kl=0.0108  vl=0.0582
Step: 172359680 SPS: 8695  ev=0.776  ent=0.881  grad=0.11/0.11  h=4.7 c=37.5  kl=0.0086  vl=0.0577
Step: 172490752 SPS: 8695  ev=0.777  ent=0.882  grad=0.12/0.12  h=4.7 c=38.0  kl=0.0088  vl=0.0573
Step: 172621824 SPS: 8695  ev=0.780  ent=0.901  grad=0.19/0.19  h=4.7 c=37.4  kl=0.0092  vl=0.0559
Step: 172752896 SPS: 8695  ev=0.780  ent=0.888  grad=0.17/0.17  h=4.7 c=37.4  kl=0.0096  vl=0.0569
Step: 172883968 SPS: 8695  ev=0.779  ent=0.879  grad=0.23/0.23  h=4.6 c=37.3  kl=0.0083  vl=0.0590
Step: 173015040 SPS: 8694  ev=0.774  ent=0.860  grad=0.14/0.14  h=4.6 c=37.4  kl=0.0087  vl=0.0603
Step: 173146112 SPS: 8694  ev=0.771  ent=0.869  grad=0.16/0.16  h=4.7 c=37.0  kl=0.0092  vl=0.0582
Step: 173277184 SPS: 8694  ev=0.774  ent=0.864  grad=0.16/0.16  h=4.6 c=36.7  kl=0.0094  vl=0.0588
Step: 173408256 SPS: 8694  ev=0.773  ent=0.858  grad=0.09/0.09  h=4.6 c=37.2  kl=0.0087  vl=0.0569
Step: 173539328 SPS: 8694  ev=0.774  ent=0.874  grad=0.20/0.20  h=4.6 c=36.7  kl=0.0112  vl=0.0584
Step: 173670400 SPS: 8694  ev=0.773  ent=0.890  grad=0.17/0.17  h=4.6 c=37.6  kl=0.0105  vl=0.0591
Step: 173801472 SPS: 8694  ev=0.783  ent=0.912  grad=0.13/0.13  h=4.6 c=36.9  kl=0.0098  vl=0.0572
Step: 173932544 SPS: 8694  ev=0.787  ent=0.952  grad=0.14/0.14  h=4.7 c=38.6  kl=0.0084  vl=0.0567
Step: 174063616 SPS: 8694  ev=0.795  ent=0.982  grad=0.14/0.14  h=4.6 c=38.3  kl=0.0088  vl=0.0560
Step: 174194688 SPS: 8694  ev=0.794  ent=0.960  grad=0.13/0.13  h=4.7 c=39.1  kl=0.0089  vl=0.0577
Step: 174325760 SPS: 8694  ev=0.793  ent=0.994  grad=0.12/0.12  h=4.8 c=40.8  kl=0.0076  vl=0.0571
Step: 174456832 SPS: 8694  ev=0.793  ent=0.976  grad=0.14/0.14  h=4.7 c=39.9  kl=0.0090  vl=0.0565
Step: 174587904 SPS: 8694  ev=0.790  ent=0.977  grad=0.19/0.19  h=4.8 c=39.2  kl=0.0108  vl=0.0574
Step: 174718976 SPS: 8694  ev=0.792  ent=0.986  grad=0.12/0.12  h=4.7 c=37.8  kl=0.0122  vl=0.0561
Step: 174850048 SPS: 8694  ev=0.791  ent=0.945  grad=0.18/0.18  h=4.7 c=38.5  kl=0.0088  vl=0.0574
Step: 174981120 SPS: 8694  ev=0.789  ent=0.982  grad=0.10/0.10  h=4.7 c=39.2  kl=0.0120  vl=0.0567
Step: 175112192 SPS: 8694  ev=0.793  ent=0.956  grad=0.15/0.15  h=4.7 c=38.8  kl=0.0113  vl=0.0581
Step: 175243264 SPS: 8695  ev=0.794  ent=0.949  grad=0.15/0.15  h=4.7 c=38.8  kl=0.0092  vl=0.0566
Step: 175374336 SPS: 8695  ev=0.792  ent=0.984  grad=0.18/0.18  h=4.7 c=39.7  kl=0.0094  vl=0.0563
Step: 175505408 SPS: 8695  ev=0.784  ent=0.931  grad=0.15/0.15  h=4.7 c=38.7  kl=0.0103  vl=0.0580
Step: 175636480 SPS: 8695  ev=0.787  ent=0.953  grad=0.12/0.12  h=4.7 c=37.2  kl=0.0086  vl=0.0554
Step: 175767552 SPS: 8695  ev=0.788  ent=0.936  grad=0.18/0.18  h=4.7 c=38.3  kl=0.0095  vl=0.0581
Step: 175898624 SPS: 8695  ev=0.781  ent=0.879  grad=0.14/0.14  h=4.7 c=38.2  kl=0.0092  vl=0.0587
Step: 176029696 SPS: 8695  ev=0.777  ent=0.887  grad=0.12/0.12  h=4.6 c=36.6  kl=0.0097  vl=0.0595
Step: 176160768 SPS: 8695  ev=0.779  ent=0.857  grad=0.10/0.10  h=4.6 c=36.3  kl=0.0096  vl=0.0577
Step: 176291840 SPS: 8694  ev=0.778  ent=0.850  grad=0.11/0.11  h=4.6 c=36.3  kl=0.0102  vl=0.0604
Step: 176422912 SPS: 8694  ev=0.776  ent=0.861  grad=0.13/0.13  h=4.7 c=36.9  kl=0.0091  vl=0.0575
Step: 176553984 SPS: 8694  ev=0.769  ent=0.832  grad=0.16/0.16  h=4.6 c=35.4  kl=0.0106  vl=0.0604
Step: 176685056 SPS: 8694  ev=0.771  ent=0.834  grad=0.16/0.16  h=4.6 c=37.3  kl=0.0096  vl=0.0612
Step: 176816128 SPS: 8694  ev=0.779  ent=0.874  grad=0.08/0.08  h=4.7 c=37.3  kl=0.0089  vl=0.0581
Step: 176947200 SPS: 8694  ev=0.780  ent=0.910  grad=0.08/0.08  h=4.6 c=36.4  kl=0.0102  vl=0.0574
Step: 177078272 SPS: 8694  ev=0.780  ent=0.871  grad=0.20/0.20  h=4.7 c=37.3  kl=0.0100  vl=0.0561
Step: 177209344 SPS: 8694  ev=0.780  ent=0.878  grad=0.12/0.12  h=4.6 c=36.4  kl=0.0098  vl=0.0587
Step: 177340416 SPS: 8693  ev=0.765  ent=0.824  grad=0.15/0.15  h=4.6 c=36.5  kl=0.0096  vl=0.0596
Step: 177471488 SPS: 8693  ev=0.770  ent=0.866  grad=0.16/0.16  h=4.6 c=35.9  kl=0.0119  vl=0.0576
Step: 177602560 SPS: 8693  ev=0.772  ent=0.851  grad=0.15/0.15  h=4.6 c=35.5  kl=0.0107  vl=0.0583
Step: 177733632 SPS: 8693  ev=0.767  ent=0.833  grad=0.15/0.15  h=4.6 c=36.6  kl=0.0103  vl=0.0607
Step: 177864704 SPS: 8693  ev=0.777  ent=0.889  grad=0.12/0.12  h=4.7 c=37.6  kl=0.0100  vl=0.0596
Step: 177995776 SPS: 8693  ev=0.784  ent=0.923  grad=0.13/0.13  h=4.7 c=37.3  kl=0.0115  vl=0.0573
Step: 178126848 SPS: 8693  ev=0.778  ent=0.945  grad=0.15/0.15  h=4.7 c=37.7  kl=0.0094  vl=0.0561
Step: 178257920 SPS: 8693  ev=0.781  ent=0.934  grad=0.13/0.13  h=4.7 c=38.6  kl=0.0091  vl=0.0560
Step: 178388992 SPS: 8694  ev=0.782  ent=0.897  grad=0.10/0.10  h=4.7 c=38.0  kl=0.0089  vl=0.0577
Step: 178520064 SPS: 8693  ev=0.782  ent=0.916  grad=0.11/0.11  h=4.7 c=37.0  kl=0.0091  vl=0.0552
Step: 178651136 SPS: 8693  ev=0.782  ent=0.964  grad=0.24/0.24  h=4.7 c=37.9  kl=0.0104  vl=0.0577
Step: 178782208 SPS: 8693  ev=0.782  ent=0.929  grad=0.11/0.11  h=4.7 c=37.3  kl=0.0088  vl=0.0589
Step: 178913280 SPS: 8693  ev=0.779  ent=0.862  grad=0.11/0.11  h=4.7 c=37.1  kl=0.0098  vl=0.0582
Step: 179044352 SPS: 8693  ev=0.782  ent=0.885  grad=0.13/0.13  h=4.6 c=36.6  kl=0.0120  vl=0.0592
Step: 179175424 SPS: 8693  ev=0.778  ent=0.917  grad=0.18/0.18  h=4.7 c=37.4  kl=0.0089  vl=0.0584
Step: 179306496 SPS: 8693  ev=0.772  ent=0.905  grad=0.17/0.17  h=4.7 c=36.3  kl=0.0081  vl=0.0575
Step: 179437568 SPS: 8693  ev=0.779  ent=0.887  grad=0.13/0.13  h=4.7 c=37.4  kl=0.0102  vl=0.0606
Step: 179568640 SPS: 8693  ev=0.772  ent=0.904  grad=0.18/0.18  h=4.7 c=37.3  kl=0.0098  vl=0.0604
Step: 179699712 SPS: 8693  ev=0.784  ent=0.913  grad=0.15/0.15  h=4.7 c=36.8  kl=0.0097  vl=0.0573
Step: 179830784 SPS: 8693  ev=0.788  ent=0.929  grad=0.20/0.20  h=4.7 c=38.0  kl=0.0087  vl=0.0592
Step: 179961856 SPS: 8693  ev=0.786  ent=0.925  grad=0.22/0.22  h=4.8 c=38.0  kl=0.0104  vl=0.0572
Step: 180092928 SPS: 8694  ev=0.786  ent=0.914  grad=0.12/0.12  h=4.7 c=37.9  kl=0.0102  vl=0.0580
Step: 180224000 SPS: 8694  ev=0.778  ent=0.916  grad=0.15/0.15  h=4.8 c=36.7  kl=0.0082  vl=0.0592
Step: 180355072 SPS: 8694  ev=0.789  ent=0.955  grad=0.14/0.14  h=4.8 c=37.5  kl=0.0079  vl=0.0568
Step: 180486144 SPS: 8694  ev=0.791  ent=0.986  grad=0.12/0.12  h=4.8 c=39.6  kl=0.0087  vl=0.0552
Step: 180617216 SPS: 8694  ev=0.788  ent=0.948  grad=0.16/0.16  h=4.7 c=38.6  kl=0.0100  vl=0.0588
Step: 180748288 SPS: 8694  ev=0.786  ent=0.943  grad=0.15/0.15  h=4.7 c=38.2  kl=0.0092  vl=0.0568
Step: 180879360 SPS: 8694  ev=0.789  ent=0.928  grad=0.10/0.10  h=4.8 c=38.5  kl=0.0108  vl=0.0574
Step: 181010432 SPS: 8694  ev=0.782  ent=0.946  grad=0.17/0.17  h=4.7 c=38.0  kl=0.0090  vl=0.0565
Step: 181141504 SPS: 8694  ev=0.790  ent=0.944  grad=0.19/0.19  h=4.7 c=38.8  kl=0.0098  vl=0.0560
Step: 181272576 SPS: 8695  ev=0.790  ent=0.957  grad=0.10/0.10  h=4.8 c=39.5  kl=0.0106  vl=0.0559
Step: 181403648 SPS: 8695  ev=0.783  ent=0.922  grad=0.15/0.15  h=4.8 c=38.2  kl=0.0097  vl=0.0591
Step: 181534720 SPS: 8695  ev=0.784  ent=0.914  grad=0.24/0.24  h=4.7 c=38.3  kl=0.0118  vl=0.0575
  vs Random: 102W/0L/0D | score=37.2±20.2 inv=1.8 played=20.8 lanes=5.0 ddraw=20.5 pts=37
  Self-play: 47W/51L/2D | score=12.6±24.1 inv=1.7 played=18.5 lanes=5.0 ddraw=2.9 pts=13
Step: 181665792 SPS: 8694  ev=0.780  ent=0.848  grad=0.17/0.17  h=4.7 c=38.1  kl=0.0095  vl=0.0575
Step: 181796864 SPS: 8694  ev=0.777  ent=0.813  grad=0.15/0.15  h=4.7 c=36.7  kl=0.0103  vl=0.0581
Step: 181927936 SPS: 8694  ev=0.777  ent=0.826  grad=0.11/0.11  h=4.7 c=36.2  kl=0.0089  vl=0.0590
Step: 182059008 SPS: 8694  ev=0.772  ent=0.820  grad=0.12/0.12  h=4.7 c=36.9  kl=0.0091  vl=0.0587
Step: 182190080 SPS: 8694  ev=0.766  ent=0.790  grad=0.11/0.11  h=4.7 c=36.2  kl=0.0092  vl=0.0601
Step: 182321152 SPS: 8694  ev=0.774  ent=0.817  grad=0.14/0.14  h=4.7 c=36.7  kl=0.0119  vl=0.0605
Step: 182452224 SPS: 8694  ev=0.777  ent=0.834  grad=0.16/0.16  h=4.7 c=36.9  kl=0.0105  vl=0.0594
Step: 182583296 SPS: 8694  ev=0.774  ent=0.809  grad=0.10/0.10  h=4.6 c=35.4  kl=0.0082  vl=0.0574
Step: 182714368 SPS: 8694  ev=0.776  ent=0.811  grad=0.24/0.24  h=4.7 c=36.2  kl=0.0100  vl=0.0577
Step: 182845440 SPS: 8694  ev=0.777  ent=0.838  grad=0.15/0.15  h=4.7 c=36.1  kl=0.0092  vl=0.0578
Step: 182976512 SPS: 8694  ev=0.777  ent=0.890  grad=0.20/0.20  h=4.7 c=37.0  kl=0.0099  vl=0.0593
Step: 183107584 SPS: 8694  ev=0.777  ent=0.893  grad=0.18/0.18  h=4.8 c=37.9  kl=0.0104  vl=0.0599
Step: 183238656 SPS: 8694  ev=0.789  ent=0.939  grad=0.14/0.14  h=4.7 c=38.7  kl=0.0091  vl=0.0568
Step: 183369728 SPS: 8694  ev=0.783  ent=0.922  grad=0.16/0.16  h=4.7 c=39.1  kl=0.0114  vl=0.0571
Step: 183500800 SPS: 8694  ev=0.788  ent=0.934  grad=0.17/0.17  h=4.7 c=38.1  kl=0.0108  vl=0.0552
Step: 183631872 SPS: 8694  ev=0.779  ent=0.884  grad=0.17/0.17  h=4.7 c=38.2  kl=0.0098  vl=0.0576
Step: 183762944 SPS: 8694  ev=0.783  ent=0.935  grad=0.12/0.12  h=4.7 c=38.8  kl=0.0095  vl=0.0575
Step: 183894016 SPS: 8694  ev=0.778  ent=0.913  grad=0.15/0.15  h=4.7 c=38.2  kl=0.0077  vl=0.0575
Step: 184025088 SPS: 8694  ev=0.779  ent=0.916  grad=0.16/0.16  h=4.7 c=38.4  kl=0.0096  vl=0.0582
Step: 184156160 SPS: 8694  ev=0.780  ent=0.923  grad=0.12/0.12  h=4.6 c=38.1  kl=0.0101  vl=0.0588
Step: 184287232 SPS: 8694  ev=0.778  ent=0.881  grad=0.12/0.12  h=4.7 c=37.8  kl=0.0075  vl=0.0569
Step: 184418304 SPS: 8694  ev=0.772  ent=0.871  grad=0.10/0.10  h=4.6 c=37.7  kl=0.0090  vl=0.0594
Step: 184549376 SPS: 8694  ev=0.772  ent=0.883  grad=0.15/0.15  h=4.6 c=37.0  kl=0.0096  vl=0.0569
Step: 184680448 SPS: 8693  ev=0.775  ent=0.853  grad=0.11/0.11  h=4.6 c=37.2  kl=0.0091  vl=0.0589
Step: 184811520 SPS: 8693  ev=0.777  ent=0.880  grad=0.17/0.17  h=4.7 c=38.7  kl=0.0094  vl=0.0587
Step: 184942592 SPS: 8693  ev=0.771  ent=0.842  grad=0.15/0.15  h=4.7 c=38.1  kl=0.0091  vl=0.0621
Step: 185073664 SPS: 8693  ev=0.769  ent=0.854  grad=0.13/0.13  h=4.7 c=38.1  kl=0.0091  vl=0.0580
Step: 185204736 SPS: 8693  ev=0.771  ent=0.886  grad=0.13/0.13  h=4.6 c=37.5  kl=0.0083  vl=0.0575
Step: 185335808 SPS: 8693  ev=0.776  ent=0.872  grad=0.07/0.07  h=4.6 c=38.1  kl=0.0094  vl=0.0587
Step: 185466880 SPS: 8693  ev=0.781  ent=0.901  grad=0.13/0.13  h=4.6 c=38.4  kl=0.0093  vl=0.0567
Step: 185597952 SPS: 8693  ev=0.775  ent=0.901  grad=0.15/0.15  h=4.6 c=37.5  kl=0.0097  vl=0.0594
Step: 185729024 SPS: 8693  ev=0.786  ent=0.933  grad=0.11/0.11  h=4.7 c=39.3  kl=0.0089  vl=0.0584
Step: 185860096 SPS: 8693  ev=0.780  ent=0.907  grad=0.12/0.12  h=4.7 c=37.9  kl=0.0095  vl=0.0569
Step: 185991168 SPS: 8693  ev=0.780  ent=0.905  grad=0.16/0.16  h=4.7 c=38.4  kl=0.0090  vl=0.0591
Step: 186122240 SPS: 8693  ev=0.775  ent=0.902  grad=0.22/0.22  h=4.7 c=38.3  kl=0.0107  vl=0.0578
Step: 186253312 SPS: 8692  ev=0.777  ent=0.924  grad=0.21/0.21  h=4.6 c=37.5  kl=0.0092  vl=0.0577
Step: 186384384 SPS: 8693  ev=0.791  ent=0.985  grad=0.14/0.14  h=4.7 c=39.0  kl=0.0086  vl=0.0554
Step: 186515456 SPS: 8693  ev=0.788  ent=0.930  grad=0.21/0.21  h=4.7 c=39.0  kl=0.0103  vl=0.0577
Step: 186646528 SPS: 8693  ev=0.777  ent=0.917  grad=0.14/0.14  h=4.7 c=39.1  kl=0.0084  vl=0.0578
Step: 186777600 SPS: 8693  ev=0.787  ent=0.932  grad=0.11/0.11  h=4.7 c=39.9  kl=0.0086  vl=0.0577
Step: 186908672 SPS: 8693  ev=0.788  ent=0.968  grad=0.09/0.09  h=4.7 c=40.3  kl=0.0077  vl=0.0577
Step: 187039744 SPS: 8693  ev=0.786  ent=0.953  grad=0.17/0.17  h=4.7 c=40.0  kl=0.0090  vl=0.0592
Step: 187170816 SPS: 8694  ev=0.785  ent=1.002  grad=0.14/0.14  h=4.7 c=39.1  kl=0.0079  vl=0.0552
Step: 187301888 SPS: 8694  ev=0.774  ent=0.948  grad=0.12/0.12  h=4.7 c=39.0  kl=0.0092  vl=0.0585
Step: 187432960 SPS: 8694  ev=0.781  ent=0.950  grad=0.13/0.13  h=4.7 c=39.1  kl=0.0082  vl=0.0582
Step: 187564032 SPS: 8694  ev=0.780  ent=0.929  grad=0.14/0.14  h=4.7 c=37.5  kl=0.0087  vl=0.0566
Step: 187695104 SPS: 8694  ev=0.778  ent=0.923  grad=0.15/0.15  h=4.7 c=37.9  kl=0.0084  vl=0.0580
Step: 187826176 SPS: 8694  ev=0.782  ent=0.924  grad=0.22/0.22  h=4.7 c=37.0  kl=0.0095  vl=0.0562
Step: 187957248 SPS: 8694  ev=0.767  ent=0.881  grad=0.12/0.12  h=4.7 c=38.1  kl=0.0092  vl=0.0606
Step: 188088320 SPS: 8694  ev=0.769  ent=0.869  grad=0.12/0.12  h=4.6 c=36.5  kl=0.0097  vl=0.0611
Step: 188219392 SPS: 8694  ev=0.775  ent=0.878  grad=0.16/0.16  h=4.7 c=37.6  kl=0.0088  vl=0.0602
Step: 188350464 SPS: 8694  ev=0.766  ent=0.856  grad=0.12/0.12  h=4.6 c=36.5  kl=0.0090  vl=0.0583
Step: 188481536 SPS: 8694  ev=0.771  ent=0.841  grad=0.11/0.11  h=4.7 c=37.2  kl=0.0083  vl=0.0576
Step: 188612608 SPS: 8694  ev=0.761  ent=0.829  grad=0.19/0.19  h=4.6 c=36.4  kl=0.0104  vl=0.0610
Step: 188743680 SPS: 8694  ev=0.779  ent=0.856  grad=0.17/0.17  h=4.7 c=38.2  kl=0.0131  vl=0.0577
Step: 188874752 SPS: 8694  ev=0.780  ent=0.856  grad=0.17/0.17  h=4.6 c=37.4  kl=0.0098  vl=0.0587
Step: 189005824 SPS: 8694  ev=0.769  ent=0.887  grad=0.15/0.15  h=4.7 c=37.8  kl=0.0090  vl=0.0577
Step: 189136896 SPS: 8694  ev=0.773  ent=0.863  grad=0.16/0.16  h=4.6 c=38.5  kl=0.0094  vl=0.0565
Step: 189267968 SPS: 8694  ev=0.775  ent=0.903  grad=0.16/0.16  h=4.7 c=38.5  kl=0.0084  vl=0.0570
Step: 189399040 SPS: 8694  ev=0.773  ent=0.885  grad=0.17/0.17  h=4.7 c=37.6  kl=0.0087  vl=0.0572
Step: 189530112 SPS: 8694  ev=0.775  ent=0.836  grad=0.13/0.13  h=4.7 c=38.3  kl=0.0081  vl=0.0593
Step: 189661184 SPS: 8694  ev=0.774  ent=0.870  grad=0.14/0.14  h=4.7 c=38.8  kl=0.0085  vl=0.0580
Step: 189792256 SPS: 8694  ev=0.777  ent=0.858  grad=0.14/0.14  h=4.6 c=37.7  kl=0.0086  vl=0.0559
Step: 189923328 SPS: 8693  ev=0.774  ent=0.850  grad=0.18/0.18  h=4.7 c=37.5  kl=0.0097  vl=0.0610
Step: 190054400 SPS: 8694  ev=0.774  ent=0.890  grad=0.15/0.15  h=4.7 c=38.1  kl=0.0091  vl=0.0597
Step: 190185472 SPS: 8694  ev=0.773  ent=0.870  grad=0.21/0.21  h=4.7 c=38.3  kl=0.0095  vl=0.0602
Step: 190316544 SPS: 8694  ev=0.772  ent=0.885  grad=0.19/0.19  h=4.7 c=37.7  kl=0.0091  vl=0.0569
Step: 190447616 SPS: 8694  ev=0.774  ent=0.888  grad=0.15/0.15  h=4.7 c=37.9  kl=0.0094  vl=0.0599
Step: 190578688 SPS: 8693  ev=0.773  ent=0.907  grad=0.15/0.15  h=4.7 c=37.4  kl=0.0078  vl=0.0591
Step: 190709760 SPS: 8693  ev=0.779  ent=0.917  grad=0.14/0.14  h=4.8 c=39.1  kl=0.0088  vl=0.0581
Step: 190840832 SPS: 8693  ev=0.785  ent=0.940  grad=0.11/0.11  h=4.7 c=38.3  kl=0.0076  vl=0.0580
Step: 190971904 SPS: 8694  ev=0.788  ent=0.941  grad=0.19/0.19  h=4.7 c=39.2  kl=0.0256  vl=0.0565
Step: 191102976 SPS: 8694  ev=0.790  ent=0.968  grad=0.18/0.18  h=4.7 c=39.0  kl=0.0061  vl=0.0567
Step: 191234048 SPS: 8694  ev=0.782  ent=0.901  grad=0.23/0.23  h=4.7 c=38.9  kl=0.0061  vl=0.0590
Step: 191365120 SPS: 8694  ev=0.788  ent=0.951  grad=0.15/0.15  h=4.7 c=38.4  kl=0.0067  vl=0.0565
Step: 191496192 SPS: 8694  ev=0.785  ent=0.927  grad=0.13/0.13  h=4.6 c=38.1  kl=0.0067  vl=0.0582
Step: 191627264 SPS: 8694  ev=0.788  ent=0.915  grad=0.09/0.09  h=4.7 c=38.7  kl=0.0064  vl=0.0570
  vs Random: 101W/0L/0D | score=36.9±25.5 inv=2.0 played=20.7 lanes=5.0 ddraw=21.7 pts=37
  Self-play: 39W/60L/3D | score=5.4±25.8 inv=1.8 played=17.7 lanes=5.0 ddraw=3.3 pts=5
Step: 191758336 SPS: 8694  ev=0.771  ent=0.884  grad=0.16/0.16  h=4.7 c=38.1  kl=0.0064  vl=0.0606
Step: 191889408 SPS: 8694  ev=0.775  ent=0.896  grad=0.15/0.15  h=4.7 c=37.5  kl=0.0063  vl=0.0591
Step: 192020480 SPS: 8694  ev=0.783  ent=0.897  grad=0.13/0.13  h=4.6 c=37.2  kl=0.0063  vl=0.0556
Step: 192151552 SPS: 8694  ev=0.775  ent=0.875  grad=0.15/0.15  h=4.6 c=37.1  kl=0.0056  vl=0.0595
Step: 192282624 SPS: 8693  ev=0.777  ent=0.914  grad=0.13/0.13  h=4.6 c=37.6  kl=0.0057  vl=0.0583
Step: 192413696 SPS: 8693  ev=0.785  ent=0.870  grad=0.17/0.17  h=4.6 c=36.9  kl=0.0062  vl=0.0581
Step: 192544768 SPS: 8693  ev=0.796  ent=0.941  grad=0.20/0.20  h=4.7 c=38.1  kl=0.0069  vl=0.0559
Step: 192675840 SPS: 8693  ev=0.784  ent=0.932  grad=0.14/0.14  h=4.7 c=38.2  kl=0.0074  vl=0.0565
Step: 192806912 SPS: 8693  ev=0.781  ent=0.878  grad=0.10/0.10  h=4.7 c=37.5  kl=0.0086  vl=0.0570
Step: 192937984 SPS: 8693  ev=0.782  ent=0.893  grad=0.15/0.15  h=4.6 c=37.0  kl=0.0098  vl=0.0576
Step: 193069056 SPS: 8693  ev=0.780  ent=0.871  grad=0.10/0.10  h=4.7 c=36.6  kl=0.0061  vl=0.0589
Step: 193200128 SPS: 8693  ev=0.772  ent=0.835  grad=0.09/0.09  h=4.6 c=36.0  kl=0.0063  vl=0.0604
Step: 193331200 SPS: 8692  ev=0.770  ent=0.857  grad=0.24/0.24  h=4.6 c=35.8  kl=0.0064  vl=0.0594
Step: 193462272 SPS: 8692  ev=0.779  ent=0.886  grad=0.19/0.19  h=4.6 c=37.0  kl=0.0065  vl=0.0559
Step: 193593344 SPS: 8692  ev=0.785  ent=0.880  grad=0.13/0.13  h=4.6 c=37.5  kl=0.0082  vl=0.0597
Step: 193724416 SPS: 8692  ev=0.783  ent=0.913  grad=0.13/0.13  h=4.6 c=36.6  kl=0.0061  vl=0.0600
Step: 193855488 SPS: 8692  ev=0.782  ent=0.919  grad=0.12/0.12  h=4.7 c=37.7  kl=0.0058  vl=0.0576
Step: 193986560 SPS: 8692  ev=0.788  ent=0.930  grad=0.12/0.12  h=4.6 c=37.7  kl=0.0061  vl=0.0560
Step: 194117632 SPS: 8692  ev=0.785  ent=0.938  grad=0.13/0.13  h=4.6 c=37.5  kl=0.0057  vl=0.0577
Step: 194248704 SPS: 8692  ev=0.788  ent=0.902  grad=0.08/0.08  h=4.6 c=37.3  kl=0.0063  vl=0.0580
Step: 194379776 SPS: 8691  ev=0.790  ent=0.943  grad=0.13/0.13  h=4.6 c=37.5  kl=0.0067  vl=0.0575
Step: 194510848 SPS: 8691  ev=0.779  ent=0.935  grad=0.17/0.17  h=4.6 c=37.5  kl=0.0052  vl=0.0586
Step: 194641920 SPS: 8691  ev=0.780  ent=0.901  grad=0.14/0.14  h=4.6 c=37.8  kl=0.0065  vl=0.0598
Step: 194772992 SPS: 8691  ev=0.785  ent=0.954  grad=0.17/0.17  h=4.7 c=37.9  kl=0.0084  vl=0.0565
Step: 194904064 SPS: 8691  ev=0.784  ent=0.928  grad=0.12/0.12  h=4.6 c=37.9  kl=0.0057  vl=0.0581
Step: 195035136 SPS: 8691  ev=0.779  ent=0.927  grad=0.11/0.11  h=4.7 c=37.4  kl=0.0082  vl=0.0575
Step: 195166208 SPS: 8690  ev=0.786  ent=0.932  grad=0.13/0.13  h=4.7 c=38.0  kl=0.0069  vl=0.0573
Step: 195297280 SPS: 8690  ev=0.782  ent=0.898  grad=0.16/0.16  h=4.6 c=37.0  kl=0.0062  vl=0.0591
Step: 195428352 SPS: 8691  ev=0.780  ent=0.895  grad=0.12/0.12  h=4.6 c=37.0  kl=0.0059  vl=0.0588
Step: 195559424 SPS: 8690  ev=0.779  ent=0.896  grad=0.11/0.11  h=4.6 c=36.4  kl=0.0059  vl=0.0564
Step: 195690496 SPS: 8690  ev=0.780  ent=0.906  grad=0.13/0.13  h=4.6 c=36.4  kl=0.0055  vl=0.0574
Step: 195821568 SPS: 8690  ev=0.780  ent=0.911  grad=0.17/0.17  h=4.6 c=36.4  kl=0.0060  vl=0.0577
Step: 195952640 SPS: 8690  ev=0.779  ent=0.880  grad=0.18/0.18  h=4.7 c=37.5  kl=0.0063  vl=0.0597
Step: 196083712 SPS: 8690  ev=0.787  ent=0.899  grad=0.09/0.09  h=4.6 c=37.4  kl=0.0066  vl=0.0590
Step: 196214784 SPS: 8690  ev=0.779  ent=0.880  grad=0.17/0.17  h=4.6 c=37.2  kl=0.0091  vl=0.0590
Step: 196345856 SPS: 8690  ev=0.768  ent=0.897  grad=0.11/0.11  h=4.6 c=37.3  kl=0.0062  vl=0.0599
Step: 196476928 SPS: 8689  ev=0.780  ent=0.926  grad=0.10/0.10  h=4.6 c=37.3  kl=0.0057  vl=0.0554
Step: 196608000 SPS: 8689  ev=0.783  ent=0.923  grad=0.11/0.11  h=4.6 c=37.0  kl=0.0066  vl=0.0571
Step: 196739072 SPS: 8689  ev=0.785  ent=0.896  grad=0.14/0.14  h=4.7 c=37.9  kl=0.0070  vl=0.0591
Step: 196870144 SPS: 8689  ev=0.781  ent=0.909  grad=0.09/0.09  h=4.6 c=36.7  kl=0.0058  vl=0.0562
Step: 197001216 SPS: 8689  ev=0.775  ent=0.879  grad=0.13/0.13  h=4.6 c=36.7  kl=0.0061  vl=0.0577
Step: 197132288 SPS: 8689  ev=0.780  ent=0.864  grad=0.12/0.12  h=4.6 c=37.3  kl=0.0060  vl=0.0571
Step: 197263360 SPS: 8689  ev=0.772  ent=0.833  grad=0.11/0.11  h=4.6 c=36.5  kl=0.0060  vl=0.0601
Step: 197394432 SPS: 8689  ev=0.778  ent=0.831  grad=0.14/0.14  h=4.5 c=36.9  kl=0.0057  vl=0.0628
Step: 197525504 SPS: 8688  ev=0.777  ent=0.847  grad=0.18/0.18  h=4.6 c=37.1  kl=0.0071  vl=0.0596
Step: 197656576 SPS: 8688  ev=0.779  ent=0.851  grad=0.11/0.11  h=4.5 c=37.0  kl=0.0058  vl=0.0592
Step: 197787648 SPS: 8688  ev=0.778  ent=0.895  grad=0.12/0.12  h=4.6 c=37.8  kl=0.0064  vl=0.0604
Step: 197918720 SPS: 8688  ev=0.785  ent=0.896  grad=0.20/0.20  h=4.6 c=38.0  kl=0.0069  vl=0.0587
Step: 198049792 SPS: 8688  ev=0.787  ent=0.910  grad=0.10/0.10  h=4.7 c=38.5  kl=0.0062  vl=0.0573
Step: 198180864 SPS: 8688  ev=0.790  ent=0.891  grad=0.16/0.16  h=4.6 c=39.4  kl=0.0055  vl=0.0572
Step: 198311936 SPS: 8688  ev=0.784  ent=0.936  grad=0.12/0.12  h=4.7 c=38.6  kl=0.0062  vl=0.0565
Step: 198443008 SPS: 8688  ev=0.783  ent=0.894  grad=0.17/0.17  h=4.7 c=39.3  kl=0.0074  vl=0.0607
Step: 198574080 SPS: 8688  ev=0.790  ent=0.956  grad=0.11/0.11  h=4.6 c=38.1  kl=0.0055  vl=0.0561
Step: 198705152 SPS: 8688  ev=0.789  ent=0.963  grad=0.10/0.10  h=4.7 c=39.3  kl=0.0055  vl=0.0570
Step: 198836224 SPS: 8688  ev=0.797  ent=0.990  grad=0.13/0.13  h=4.7 c=40.2  kl=0.0064  vl=0.0562
Step: 198967296 SPS: 8688  ev=0.796  ent=0.957  grad=0.16/0.16  h=4.7 c=39.4  kl=0.0056  vl=0.0567
Step: 199098368 SPS: 8689  ev=0.792  ent=0.985  grad=0.11/0.11  h=4.7 c=39.0  kl=0.0060  vl=0.0576
Step: 199229440 SPS: 8689  ev=0.791  ent=0.968  grad=0.14/0.14  h=4.7 c=39.5  kl=0.0061  vl=0.0565
Step: 199360512 SPS: 8689  ev=0.788  ent=0.951  grad=0.18/0.18  h=4.7 c=39.8  kl=0.0070  vl=0.0579
Step: 199491584 SPS: 8689  ev=0.788  ent=0.938  grad=0.20/0.20  h=4.7 c=38.9  kl=0.0061  vl=0.0579
Step: 199622656 SPS: 8689  ev=0.783  ent=0.916  grad=0.12/0.12  h=4.7 c=38.6  kl=0.0054  vl=0.0584
Step: 199753728 SPS: 8689  ev=0.787  ent=0.940  grad=0.19/0.19  h=4.7 c=39.0  kl=0.0070  vl=0.0570
Step: 199884800 SPS: 8689  ev=0.790  ent=0.928  grad=0.18/0.18  h=4.7 c=39.3  kl=0.0067  vl=0.0561
Step: 200015872 SPS: 8689  ev=0.787  ent=0.901  grad=0.11/0.11  h=4.7 c=39.3  kl=0.0081  vl=0.0574
Step: 200146944 SPS: 8689  ev=0.783  ent=0.903  grad=0.12/0.12  h=4.7 c=39.8  kl=0.0065  vl=0.0575
Step: 200278016 SPS: 8689  ev=0.782  ent=0.894  grad=0.12/0.12  h=4.6 c=37.9  kl=0.0061  vl=0.0598
Step: 200409088 SPS: 8688  ev=0.780  ent=0.834  grad=0.17/0.17  h=4.7 c=38.2  kl=0.0058  vl=0.0570
Step: 200540160 SPS: 8688  ev=0.780  ent=0.846  grad=0.22/0.22  h=4.7 c=38.4  kl=0.0068  vl=0.0572
Step: 200671232 SPS: 8688  ev=0.776  ent=0.812  grad=0.18/0.18  h=4.6 c=37.8  kl=0.0067  vl=0.0598
Step: 200802304 SPS: 8688  ev=0.772  ent=0.798  grad=0.19/0.19  h=4.6 c=37.3  kl=0.0069  vl=0.0598
Step: 200933376 SPS: 8688  ev=0.769  ent=0.775  grad=2.58/0.50  h=4.6 c=37.1  kl=0.0124  vl=0.0624
Step: 201064448 SPS: 8688  ev=0.771  ent=0.807  grad=0.15/0.15  h=4.6 c=37.6  kl=0.0068  vl=0.0609
Step: 201195520 SPS: 8687  ev=0.768  ent=0.788  grad=0.09/0.09  h=4.6 c=37.1  kl=0.0071  vl=0.0593
Step: 201326592 SPS: 8688  ev=0.776  ent=0.823  grad=0.10/0.10  h=4.6 c=38.1  kl=0.0082  vl=0.0572
Step: 201457664 SPS: 8687  ev=0.773  ent=0.834  grad=0.14/0.14  h=4.5 c=36.6  kl=0.0057  vl=0.0574
Step: 201588736 SPS: 8687  ev=0.771  ent=0.786  grad=0.13/0.13  h=4.6 c=37.0  kl=0.0110  vl=0.0611
Step: 201719808 SPS: 8687  ev=0.775  ent=0.831  grad=0.16/0.16  h=4.6 c=38.0  kl=0.0076  vl=0.0590
  vs Random: 100W/0L/0D | score=35.0±25.2 inv=1.7 played=19.9 lanes=5.0 ddraw=20.9 pts=35
  Self-play: 42W/58L/0D | score=8.1±22.3 inv=1.4 played=18.0 lanes=5.0 ddraw=2.9 pts=8
Step: 201850880 SPS: 8687  ev=0.771  ent=0.828  grad=0.12/0.12  h=4.7 c=38.8  kl=0.0068  vl=0.0609
Step: 201981952 SPS: 8687  ev=0.776  ent=0.875  grad=0.11/0.11  h=4.7 c=38.7  kl=0.0056  vl=0.0585
Step: 202113024 SPS: 8687  ev=0.777  ent=0.905  grad=0.16/0.16  h=4.7 c=38.5  kl=0.0063  vl=0.0572
Step: 202244096 SPS: 8688  ev=0.787  ent=0.922  grad=0.11/0.11  h=4.7 c=39.6  kl=0.0066  vl=0.0569
Step: 202375168 SPS: 8688  ev=0.785  ent=0.920  grad=0.23/0.23  h=4.7 c=38.8  kl=0.0069  vl=0.0580
Step: 202506240 SPS: 8688  ev=0.781  ent=0.957  grad=0.08/0.08  h=4.7 c=39.2  kl=0.0061  vl=0.0568
Step: 202637312 SPS: 8688  ev=0.778  ent=0.924  grad=0.13/0.13  h=4.7 c=39.1  kl=0.0058  vl=0.0607
Step: 202768384 SPS: 8688  ev=0.778  ent=0.946  grad=0.11/0.11  h=4.7 c=38.6  kl=0.0059  vl=0.0593
Step: 202899456 SPS: 8688  ev=0.781  ent=0.985  grad=0.10/0.10  h=4.6 c=38.4  kl=0.0062  vl=0.0549
Step: 203030528 SPS: 8688  ev=0.783  ent=0.965  grad=0.10/0.10  h=4.7 c=39.6  kl=0.0058  vl=0.0564
Step: 203161600 SPS: 8688  ev=0.781  ent=0.904  grad=0.12/0.12  h=4.7 c=39.1  kl=0.0060  vl=0.0590
Step: 203292672 SPS: 8688  ev=0.776  ent=0.898  grad=0.15/0.15  h=4.6 c=38.9  kl=0.0082  vl=0.0615
Step: 203423744 SPS: 8688  ev=0.771  ent=0.914  grad=0.16/0.16  h=4.7 c=38.7  kl=0.0071  vl=0.0594
Step: 203554816 SPS: 8688  ev=0.785  ent=0.923  grad=0.20/0.20  h=4.6 c=38.7  kl=0.0061  vl=0.0582
Step: 203685888 SPS: 8688  ev=0.780  ent=0.904  grad=0.18/0.18  h=4.6 c=39.2  kl=0.0064  vl=0.0601
Step: 203816960 SPS: 8688  ev=0.784  ent=0.918  grad=0.12/0.12  h=4.7 c=39.8  kl=0.0063  vl=0.0581
Step: 203948032 SPS: 8688  ev=0.781  ent=0.974  grad=0.14/0.14  h=4.7 c=39.2  kl=0.0065  vl=0.0590
Step: 204079104 SPS: 8688  ev=0.780  ent=0.969  grad=0.11/0.11  h=4.6 c=38.8  kl=0.0058  vl=0.0581
Step: 204210176 SPS: 8688  ev=0.783  ent=0.949  grad=0.12/0.12  h=4.7 c=38.8  kl=0.0076  vl=0.0589
Step: 204341248 SPS: 8688  ev=0.780  ent=0.949  grad=0.18/0.18  h=4.7 c=38.6  kl=0.0057  vl=0.0580
Step: 204472320 SPS: 8688  ev=0.780  ent=0.921  grad=0.13/0.13  h=4.6 c=38.7  kl=0.0059  vl=0.0569
Step: 204603392 SPS: 8688  ev=0.782  ent=0.893  grad=0.13/0.13  h=4.6 c=38.9  kl=0.0064  vl=0.0600
Step: 204734464 SPS: 8688  ev=0.766  ent=0.878  grad=0.22/0.22  h=4.6 c=37.4  kl=0.0067  vl=0.0596
Step: 204865536 SPS: 8688  ev=0.778  ent=0.853  grad=0.11/0.11  h=4.6 c=37.8  kl=0.0057  vl=0.0590
Step: 204996608 SPS: 8688  ev=0.779  ent=0.863  grad=0.17/0.17  h=4.6 c=37.1  kl=0.0063  vl=0.0575
Step: 205127680 SPS: 8688  ev=0.772  ent=0.865  grad=0.10/0.10  h=4.5 c=36.1  kl=0.0056  vl=0.0586
Step: 205258752 SPS: 8688  ev=0.775  ent=0.832  grad=0.12/0.12  h=4.6 c=36.2  kl=0.0065  vl=0.0596
Step: 205389824 SPS: 8688  ev=0.778  ent=0.838  grad=0.16/0.16  h=4.5 c=36.8  kl=0.0069  vl=0.0597
Step: 205520896 SPS: 8688  ev=0.769  ent=0.841  grad=0.17/0.17  h=4.6 c=36.7  kl=0.0061  vl=0.0587
Step: 205651968 SPS: 8688  ev=0.767  ent=0.833  grad=0.10/0.10  h=4.6 c=37.0  kl=0.0057  vl=0.0608
Step: 205783040 SPS: 8688  ev=0.777  ent=0.915  grad=0.10/0.10  h=4.6 c=37.2  kl=0.0056  vl=0.0575
Step: 205914112 SPS: 8688  ev=0.783  ent=0.922  grad=0.13/0.13  h=4.6 c=37.7  kl=0.0072  vl=0.0570
Step: 206045184 SPS: 8688  ev=0.778  ent=0.935  grad=0.29/0.29  h=4.6 c=37.8  kl=0.0069  vl=0.0582
Step: 206176256 SPS: 8688  ev=0.781  ent=0.931  grad=0.10/0.10  h=4.6 c=37.3  kl=0.0054  vl=0.0573
Step: 206307328 SPS: 8688  ev=0.778  ent=0.885  grad=0.13/0.13  h=4.6 c=37.6  kl=0.0065  vl=0.0601
Step: 206438400 SPS: 8688  ev=0.774  ent=0.880  grad=0.17/0.17  h=4.7 c=37.5  kl=0.0061  vl=0.0587
Step: 206569472 SPS: 8688  ev=0.775  ent=0.892  grad=0.18/0.18  h=4.6 c=37.0  kl=0.0062  vl=0.0564
Step: 206700544 SPS: 8688  ev=0.776  ent=0.883  grad=0.16/0.16  h=4.7 c=38.0  kl=0.0068  vl=0.0599
Step: 206831616 SPS: 8687  ev=0.773  ent=0.931  grad=0.14/0.14  h=4.7 c=38.2  kl=0.0060  vl=0.0572
Step: 206962688 SPS: 8687  ev=0.773  ent=0.882  grad=0.15/0.15  h=4.6 c=36.6  kl=0.0065  vl=0.0581
Step: 207093760 SPS: 8687  ev=0.778  ent=0.920  grad=0.19/0.19  h=4.7 c=38.1  kl=0.0066  vl=0.0572
Step: 207224832 SPS: 8687  ev=0.780  ent=0.925  grad=0.16/0.16  h=4.7 c=38.1  kl=0.0059  vl=0.0568
Step: 207355904 SPS: 8687  ev=0.784  ent=0.916  grad=0.18/0.18  h=4.7 c=39.0  kl=0.0067  vl=0.0595
Step: 207486976 SPS: 8687  ev=0.789  ent=0.982  grad=0.17/0.17  h=4.7 c=38.3  kl=0.0068  vl=0.0566
Step: 207618048 SPS: 8687  ev=0.789  ent=0.973  grad=0.26/0.26  h=4.8 c=39.3  kl=0.0080  vl=0.0596
Step: 207749120 SPS: 8688  ev=0.790  ent=0.960  grad=0.12/0.12  h=4.7 c=39.1  kl=0.0064  vl=0.0551
Step: 207880192 SPS: 8687  ev=0.787  ent=0.934  grad=0.10/0.10  h=4.7 c=39.3  kl=0.0056  vl=0.0583
Step: 208011264 SPS: 8687  ev=0.783  ent=0.919  grad=0.17/0.17  h=4.7 c=38.8  kl=0.0064  vl=0.0580
Step: 208142336 SPS: 8688  ev=0.789  ent=0.986  grad=0.18/0.18  h=4.7 c=39.3  kl=0.0063  vl=0.0566
Step: 208273408 SPS: 8687  ev=0.786  ent=0.933  grad=0.16/0.16  h=4.7 c=38.3  kl=0.0062  vl=0.0562
Step: 208404480 SPS: 8687  ev=0.785  ent=0.929  grad=0.21/0.21  h=4.7 c=37.9  kl=0.0065  vl=0.0550
Step: 208535552 SPS: 8687  ev=0.789  ent=0.949  grad=0.15/0.15  h=4.7 c=38.0  kl=0.0074  vl=0.0551
Step: 208666624 SPS: 8687  ev=0.783  ent=0.880  grad=0.14/0.14  h=4.7 c=38.7  kl=0.0069  vl=0.0592
Step: 208797696 SPS: 8688  ev=0.784  ent=0.912  grad=0.12/0.12  h=4.6 c=37.8  kl=0.0062  vl=0.0577
Step: 208928768 SPS: 8688  ev=0.776  ent=0.878  grad=0.14/0.14  h=4.6 c=37.8  kl=0.0077  vl=0.0585
Step: 209059840 SPS: 8688  ev=0.774  ent=0.868  grad=0.13/0.13  h=4.7 c=38.1  kl=0.0077  vl=0.0600
Step: 209190912 SPS: 8688  ev=0.776  ent=0.902  grad=0.10/0.10  h=4.6 c=37.2  kl=0.0054  vl=0.0561
Step: 209321984 SPS: 8688  ev=0.776  ent=0.842  grad=0.17/0.17  h=4.7 c=38.1  kl=0.0071  vl=0.0586
Step: 209453056 SPS: 8688  ev=0.779  ent=0.880  grad=0.14/0.14  h=4.6 c=37.8  kl=0.0070  vl=0.0596
Step: 209584128 SPS: 8688  ev=0.782  ent=0.877  grad=0.16/0.16  h=4.6 c=38.1  kl=0.0062  vl=0.0586
Step: 209715200 SPS: 8688  ev=0.783  ent=0.900  grad=0.11/0.11  h=4.6 c=38.5  kl=0.0055  vl=0.0583
Step: 209846272 SPS: 8688  ev=0.785  ent=0.914  grad=0.14/0.14  h=4.6 c=37.9  kl=0.0059  vl=0.0570
Step: 209977344 SPS: 8688  ev=0.782  ent=0.890  grad=0.14/0.14  h=4.6 c=38.0  kl=0.0067  vl=0.0572
Step: 210108416 SPS: 8688  ev=0.787  ent=0.902  grad=0.09/0.09  h=4.7 c=38.9  kl=0.0064  vl=0.0551
Step: 210239488 SPS: 8688  ev=0.787  ent=0.895  grad=0.20/0.20  h=4.6 c=38.1  kl=0.0076  vl=0.0592
Step: 210370560 SPS: 8688  ev=0.777  ent=0.880  grad=0.26/0.26  h=4.6 c=37.9  kl=0.0068  vl=0.0631
Step: 210501632 SPS: 8688  ev=0.786  ent=0.899  grad=0.11/0.11  h=4.6 c=39.6  kl=0.0057  vl=0.0575
Step: 210632704 SPS: 8688  ev=0.790  ent=0.916  grad=0.11/0.11  h=4.6 c=38.0  kl=0.0065  vl=0.0571
Step: 210763776 SPS: 8688  ev=0.793  ent=0.927  grad=0.19/0.19  h=4.7 c=40.8  kl=0.0070  vl=0.0569
Step: 210894848 SPS: 8688  ev=0.789  ent=0.922  grad=0.12/0.12  h=4.6 c=38.4  kl=0.0052  vl=0.0572
Step: 211025920 SPS: 8688  ev=0.788  ent=0.933  grad=0.09/0.09  h=4.6 c=39.5  kl=0.0055  vl=0.0560
Step: 211156992 SPS: 8688  ev=0.790  ent=0.961  grad=0.16/0.16  h=4.7 c=39.6  kl=0.0063  vl=0.0572
Step: 211288064 SPS: 8688  ev=0.790  ent=0.951  grad=0.11/0.11  h=4.7 c=39.5  kl=0.0062  vl=0.0574
Step: 211419136 SPS: 8689  ev=0.788  ent=0.921  grad=0.16/0.16  h=4.6 c=38.5  kl=0.0071  vl=0.0568
Step: 211550208 SPS: 8689  ev=0.792  ent=0.932  grad=0.14/0.14  h=4.6 c=38.6  kl=0.0067  vl=0.0570
Step: 211681280 SPS: 8689  ev=0.782  ent=0.939  grad=0.11/0.11  h=4.6 c=37.8  kl=0.0066  vl=0.0563
Step: 211812352 SPS: 8689  ev=0.787  ent=0.910  grad=0.17/0.17  h=4.6 c=37.7  kl=0.0061  vl=0.0597
  vs Random: 100W/0L/0D | score=34.9±22.5 inv=1.9 played=20.2 lanes=5.0 ddraw=21.1 pts=35
  Self-play: 52W/46L/4D | score=11.7±25.1 inv=1.5 played=18.1 lanes=5.0 ddraw=3.7 pts=12
Step: 211943424 SPS: 8689  ev=0.792  ent=0.927  grad=0.19/0.19  h=4.6 c=38.2  kl=0.0068  vl=0.0551
Step: 212074496 SPS: 8689  ev=0.783  ent=0.921  grad=0.13/0.13  h=4.6 c=38.8  kl=0.0066  vl=0.0578
Step: 212205568 SPS: 8689  ev=0.790  ent=0.878  grad=0.20/0.20  h=4.6 c=38.4  kl=0.0069  vl=0.0582
Step: 212336640 SPS: 8689  ev=0.787  ent=0.920  grad=0.18/0.18  h=4.6 c=38.9  kl=0.0063  vl=0.0557
Step: 212467712 SPS: 8689  ev=0.785  ent=0.910  grad=0.14/0.14  h=4.6 c=38.0  kl=0.0062  vl=0.0569
Step: 212598784 SPS: 8689  ev=0.781  ent=0.857  grad=0.17/0.17  h=4.6 c=37.9  kl=0.0059  vl=0.0581
Step: 212729856 SPS: 8689  ev=0.774  ent=0.867  grad=0.19/0.19  h=4.6 c=37.5  kl=0.0069  vl=0.0592
Step: 212860928 SPS: 8689  ev=0.783  ent=0.864  grad=0.19/0.19  h=4.6 c=37.7  kl=0.0078  vl=0.0570
Step: 212992000 SPS: 8689  ev=0.775  ent=0.847  grad=0.12/0.12  h=4.5 c=36.7  kl=0.0063  vl=0.0614
Step: 213123072 SPS: 8689  ev=0.776  ent=0.849  grad=0.17/0.17  h=4.6 c=37.2  kl=0.0069  vl=0.0587
Step: 213254144 SPS: 8689  ev=0.777  ent=0.822  grad=0.13/0.13  h=4.6 c=36.9  kl=0.0064  vl=0.0596
Step: 213385216 SPS: 8688  ev=0.776  ent=0.857  grad=0.13/0.13  h=4.6 c=37.2  kl=0.0069  vl=0.0596
Step: 213516288 SPS: 8688  ev=0.775  ent=0.864  grad=0.12/0.12  h=4.6 c=37.3  kl=0.0059  vl=0.0601
Step: 213647360 SPS: 8688  ev=0.774  ent=0.848  grad=0.11/0.11  h=4.6 c=36.7  kl=0.0062  vl=0.0591
Step: 213778432 SPS: 8688  ev=0.772  ent=0.831  grad=0.12/0.12  h=4.6 c=37.3  kl=0.0072  vl=0.0584
Step: 213909504 SPS: 8688  ev=0.772  ent=0.825  grad=0.14/0.14  h=4.5 c=36.4  kl=0.0064  vl=0.0610
Step: 214040576 SPS: 8688  ev=0.773  ent=0.859  grad=0.21/0.21  h=4.6 c=37.9  kl=0.0060  vl=0.0619
Step: 214171648 SPS: 8688  ev=0.778  ent=0.851  grad=0.22/0.22  h=4.6 c=37.6  kl=0.0066  vl=0.0589
Step: 214302720 SPS: 8688  ev=0.776  ent=0.844  grad=0.12/0.12  h=4.6 c=36.9  kl=0.0060  vl=0.0585
Step: 214433792 SPS: 8688  ev=0.770  ent=0.887  grad=0.14/0.14  h=4.6 c=37.1  kl=0.0064  vl=0.0579
Step: 214564864 SPS: 8688  ev=0.772  ent=0.836  grad=0.21/0.21  h=4.7 c=38.2  kl=0.0073  vl=0.0601
Step: 214695936 SPS: 8688  ev=0.773  ent=0.818  grad=0.18/0.18  h=4.6 c=36.9  kl=0.0070  vl=0.0588
Step: 214827008 SPS: 8687  ev=0.774  ent=0.846  grad=0.17/0.17  h=4.6 c=37.7  kl=0.0061  vl=0.0611
Step: 214958080 SPS: 8687  ev=0.781  ent=0.897  grad=0.13/0.13  h=4.6 c=37.9  kl=0.0066  vl=0.0569
Step: 215089152 SPS: 8688  ev=0.781  ent=0.896  grad=0.13/0.13  h=4.6 c=37.5  kl=0.0084  vl=0.0589
Step: 215220224 SPS: 8688  ev=0.768  ent=0.877  grad=0.22/0.22  h=4.7 c=38.0  kl=0.0077  vl=0.0622
Step: 215351296 SPS: 8688  ev=0.784  ent=0.951  grad=0.14/0.14  h=4.7 c=39.1  kl=0.0064  vl=0.0557
Step: 215482368 SPS: 8688  ev=0.780  ent=0.910  grad=0.23/0.23  h=4.7 c=38.8  kl=0.0080  vl=0.0592
Step: 215613440 SPS: 8688  ev=0.775  ent=0.923  grad=0.12/0.12  h=4.7 c=38.8  kl=0.0070  vl=0.0572
Step: 215744512 SPS: 8687  ev=0.781  ent=0.928  grad=0.18/0.18  h=4.7 c=38.5  kl=0.0077  vl=0.0578
Step: 215875584 SPS: 8687  ev=0.785  ent=0.944  grad=0.15/0.15  h=4.7 c=38.4  kl=0.0064  vl=0.0578
Step: 216006656 SPS: 8687  ev=0.782  ent=0.964  grad=0.11/0.11  h=4.6 c=37.9  kl=0.0061  vl=0.0582
Step: 216137728 SPS: 8688  ev=0.793  ent=0.989  grad=0.11/0.11  h=4.7 c=39.5  kl=0.0056  vl=0.0553
Step: 216268800 SPS: 8688  ev=0.782  ent=0.940  grad=0.21/0.21  h=4.6 c=37.5  kl=0.0057  vl=0.0587
Step: 216399872 SPS: 8688  ev=0.787  ent=0.930  grad=0.14/0.14  h=4.7 c=38.1  kl=0.0079  vl=0.0551
Step: 216530944 SPS: 8688  ev=0.788  ent=0.955  grad=0.13/0.13  h=4.7 c=39.3  kl=0.0062  vl=0.0570
Step: 216662016 SPS: 8688  ev=0.792  ent=1.003  grad=0.13/0.13  h=4.7 c=39.5  kl=0.0068  vl=0.0542
Step: 216793088 SPS: 8688  ev=0.791  ent=0.958  grad=0.14/0.14  h=4.8 c=39.0  kl=0.0081  vl=0.0593
Step: 216924160 SPS: 8688  ev=0.794  ent=1.001  grad=0.12/0.12  h=4.7 c=39.0  kl=0.0059  vl=0.0557
Step: 217055232 SPS: 8688  ev=0.787  ent=0.945  grad=0.13/0.13  h=4.7 c=39.3  kl=0.0064  vl=0.0562
Step: 217186304 SPS: 8688  ev=0.788  ent=0.958  grad=0.18/0.18  h=4.7 c=39.6  kl=0.0080  vl=0.0556
Step: 217317376 SPS: 8688  ev=0.789  ent=0.943  grad=0.13/0.13  h=4.7 c=38.3  kl=0.0064  vl=0.0555
Step: 217448448 SPS: 8688  ev=0.783  ent=0.936  grad=0.12/0.12  h=4.6 c=37.7  kl=0.0069  vl=0.0557
Step: 217579520 SPS: 8688  ev=0.778  ent=0.883  grad=0.14/0.14  h=4.7 c=38.5  kl=0.0067  vl=0.0593
Step: 217710592 SPS: 8688  ev=0.782  ent=0.916  grad=0.22/0.22  h=4.7 c=38.2  kl=0.0064  vl=0.0572
Step: 217841664 SPS: 8688  ev=0.776  ent=0.916  grad=0.20/0.20  h=4.7 c=37.9  kl=0.0073  vl=0.0590
Step: 217972736 SPS: 8688  ev=0.772  ent=0.857  grad=0.11/0.11  h=4.7 c=37.6  kl=0.0061  vl=0.0611
Step: 218103808 SPS: 8688  ev=0.779  ent=0.851  grad=0.15/0.15  h=4.7 c=37.7  kl=0.0058  vl=0.0584
Step: 218234880 SPS: 8688  ev=0.781  ent=0.855  grad=0.09/0.09  h=4.6 c=37.3  kl=0.0051  vl=0.0581
Step: 218365952 SPS: 8688  ev=0.780  ent=0.873  grad=0.13/0.13  h=4.7 c=38.3  kl=0.0063  vl=0.0580
Step: 218497024 SPS: 8688  ev=0.778  ent=0.858  grad=0.19/0.19  h=4.7 c=37.7  kl=0.0074  vl=0.0574
Step: 218628096 SPS: 8688  ev=0.777  ent=0.898  grad=0.12/0.12  h=4.6 c=37.3  kl=0.0066  vl=0.0572
Step: 218759168 SPS: 8688  ev=0.778  ent=0.864  grad=0.12/0.12  h=4.6 c=37.7  kl=0.0072  vl=0.0578
Step: 218890240 SPS: 8688  ev=0.774  ent=0.871  grad=0.13/0.13  h=4.6 c=37.2  kl=0.0063  vl=0.0582
Step: 219021312 SPS: 8688  ev=0.782  ent=0.876  grad=0.11/0.11  h=4.7 c=37.8  kl=0.0065  vl=0.0566
Step: 219152384 SPS: 8688  ev=0.778  ent=0.835  grad=0.18/0.18  h=4.7 c=38.2  kl=0.0070  vl=0.0590
Step: 219283456 SPS: 8688  ev=0.783  ent=0.860  grad=0.16/0.16  h=4.7 c=38.9  kl=0.0078  vl=0.0576
Step: 219414528 SPS: 8688  ev=0.777  ent=0.856  grad=0.13/0.13  h=4.7 c=38.0  kl=0.0071  vl=0.0605
Step: 219545600 SPS: 8688  ev=0.772  ent=0.890  grad=0.14/0.14  h=4.7 c=38.5  kl=0.0071  vl=0.0592
Step: 219676672 SPS: 8689  ev=0.779  ent=0.866  grad=0.14/0.14  h=4.7 c=38.5  kl=0.0065  vl=0.0578
Step: 219807744 SPS: 8688  ev=0.785  ent=0.930  grad=0.13/0.13  h=4.7 c=37.7  kl=0.0066  vl=0.0565
Step: 219938816 SPS: 8688  ev=0.775  ent=0.892  grad=0.15/0.15  h=4.7 c=38.8  kl=0.0069  vl=0.0598
Step: 220069888 SPS: 8688  ev=0.771  ent=0.886  grad=0.12/0.12  h=4.6 c=37.8  kl=0.0066  vl=0.0606
Step: 220200960 SPS: 8689  ev=0.777  ent=0.885  grad=0.13/0.13  h=4.7 c=38.3  kl=0.0066  vl=0.0587
Step: 220332032 SPS: 8689  ev=0.780  ent=0.911  grad=0.13/0.13  h=4.7 c=38.6  kl=0.0072  vl=0.0579
Step: 220463104 SPS: 8689  ev=0.780  ent=0.897  grad=0.14/0.14  h=4.7 c=38.7  kl=0.0078  vl=0.0599
Step: 220594176 SPS: 8689  ev=0.781  ent=0.911  grad=0.17/0.17  h=4.7 c=38.9  kl=0.0071  vl=0.0577
Step: 220725248 SPS: 8689  ev=0.782  ent=0.922  grad=0.15/0.15  h=4.7 c=39.4  kl=0.0078  vl=0.0566
Step: 220856320 SPS: 8689  ev=0.776  ent=0.890  grad=0.17/0.17  h=4.7 c=39.2  kl=0.0068  vl=0.0595
Step: 220987392 SPS: 8689  ev=0.783  ent=0.919  grad=0.12/0.12  h=4.7 c=39.3  kl=0.0062  vl=0.0564
Step: 221118464 SPS: 8689  ev=0.784  ent=0.919  grad=0.23/0.23  h=4.7 c=38.7  kl=0.0087  vl=0.0605
Step: 221249536 SPS: 8689  ev=0.789  ent=0.955  grad=0.21/0.21  h=4.7 c=39.1  kl=0.0068  vl=0.0543
Step: 221380608 SPS: 8689  ev=0.795  ent=1.013  grad=0.12/0.12  h=4.7 c=39.8  kl=0.0063  vl=0.0534
Step: 221511680 SPS: 8689  ev=0.783  ent=0.932  grad=0.14/0.14  h=4.7 c=40.1  kl=0.0068  vl=0.0584
Step: 221642752 SPS: 8690  ev=0.784  ent=0.895  grad=0.16/0.16  h=4.8 c=39.8  kl=0.0078  vl=0.0560
Step: 221773824 SPS: 8690  ev=0.785  ent=0.906  grad=0.22/0.22  h=4.7 c=39.1  kl=0.0076  vl=0.0563
Step: 221904896 SPS: 8690  ev=0.782  ent=0.930  grad=0.19/0.19  h=4.7 c=39.1  kl=0.0073  vl=0.0574
  vs Random: 100W/0L/0D | score=37.1±22.6 inv=1.8 played=20.7 lanes=5.0 ddraw=20.5 pts=37
  Self-play: 48W/51L/1D | score=8.3±22.4 inv=1.7 played=18.2 lanes=5.0 ddraw=3.1 pts=8
Step: 222035968 SPS: 8690  ev=0.783  ent=0.894  grad=0.12/0.12  h=4.7 c=39.1  kl=0.0073  vl=0.0578
Step: 222167040 SPS: 8690  ev=0.784  ent=0.901  grad=0.17/0.17  h=4.7 c=39.1  kl=0.0062  vl=0.0549
Step: 222298112 SPS: 8690  ev=0.773  ent=0.892  grad=0.18/0.18  h=4.7 c=38.5  kl=0.0076  vl=0.0581
Step: 222429184 SPS: 8690  ev=0.776  ent=0.877  grad=0.18/0.18  h=4.7 c=38.5  kl=0.0063  vl=0.0599
Step: 222560256 SPS: 8690  ev=0.787  ent=0.895  grad=0.18/0.18  h=4.7 c=38.8  kl=0.0071  vl=0.0553
Step: 222691328 SPS: 8690  ev=0.779  ent=0.867  grad=0.13/0.13  h=4.7 c=38.7  kl=0.0065  vl=0.0586
Step: 222822400 SPS: 8690  ev=0.781  ent=0.923  grad=0.14/0.14  h=4.7 c=39.6  kl=0.0076  vl=0.0587
Step: 222953472 SPS: 8690  ev=0.788  ent=0.896  grad=0.13/0.13  h=4.8 c=38.7  kl=0.0063  vl=0.0586
Step: 223084544 SPS: 8690  ev=0.790  ent=0.920  grad=0.10/0.10  h=4.7 c=38.9  kl=0.0067  vl=0.0551
Step: 223215616 SPS: 8690  ev=0.790  ent=0.913  grad=0.12/0.12  h=4.8 c=39.7  kl=0.0064  vl=0.0549
Step: 223346688 SPS: 8690  ev=0.775  ent=0.868  grad=0.11/0.11  h=4.7 c=38.2  kl=0.0072  vl=0.0589
Step: 223477760 SPS: 8690  ev=0.779  ent=0.922  grad=0.19/0.19  h=4.7 c=39.1  kl=0.0063  vl=0.0569
Step: 223608832 SPS: 8690  ev=0.779  ent=0.897  grad=0.10/0.10  h=4.7 c=38.3  kl=0.0074  vl=0.0587
Step: 223739904 SPS: 8690  ev=0.781  ent=0.914  grad=0.18/0.18  h=4.7 c=38.8  kl=0.0076  vl=0.0584
Step: 223870976 SPS: 8690  ev=0.779  ent=0.910  grad=0.17/0.17  h=4.7 c=37.8  kl=0.0070  vl=0.0574
Step: 224002048 SPS: 8690  ev=0.781  ent=0.891  grad=0.16/0.16  h=4.8 c=39.5  kl=0.0070  vl=0.0577
Step: 224133120 SPS: 8690  ev=0.783  ent=0.881  grad=0.14/0.14  h=4.8 c=39.5  kl=0.0063  vl=0.0571
Step: 224264192 SPS: 8690  ev=0.778  ent=0.857  grad=0.20/0.20  h=4.7 c=37.9  kl=0.0065  vl=0.0599
Step: 224395264 SPS: 8690  ev=0.771  ent=0.848  grad=0.12/0.12  h=4.7 c=38.2  kl=0.0065  vl=0.0591
Step: 224526336 SPS: 8690  ev=0.768  ent=0.820  grad=0.23/0.23  h=4.6 c=37.1  kl=0.0070  vl=0.0612
Step: 224657408 SPS: 8690  ev=0.779  ent=0.881  grad=0.10/0.10  h=4.8 c=39.1  kl=0.0061  vl=0.0561
Step: 224788480 SPS: 8690  ev=0.781  ent=0.892  grad=0.13/0.13  h=4.7 c=38.6  kl=0.0080  vl=0.0564
Step: 224919552 SPS: 8691  ev=0.779  ent=0.874  grad=0.15/0.15  h=4.7 c=37.4  kl=0.0066  vl=0.0572
Step: 225050624 SPS: 8691  ev=0.780  ent=0.879  grad=0.15/0.15  h=4.7 c=38.1  kl=0.0063  vl=0.0582
Step: 225181696 SPS: 8691  ev=0.778  ent=0.899  grad=0.14/0.14  h=4.7 c=38.5  kl=0.0078  vl=0.0581
Step: 225312768 SPS: 8691  ev=0.781  ent=0.931  grad=0.16/0.16  h=4.7 c=38.3  kl=0.0072  vl=0.0556
Step: 225443840 SPS: 8691  ev=0.787  ent=0.895  grad=0.23/0.23  h=4.7 c=38.3  kl=0.0070  vl=0.0579
Step: 225574912 SPS: 8691  ev=0.784  ent=0.883  grad=0.14/0.14  h=4.7 c=38.6  kl=0.0072  vl=0.0592
Step: 225705984 SPS: 8691  ev=0.776  ent=0.866  grad=0.17/0.17  h=4.7 c=38.1  kl=0.0087  vl=0.0605
Step: 225837056 SPS: 8691  ev=0.785  ent=0.912  grad=0.18/0.18  h=4.7 c=37.3  kl=0.0072  vl=0.0565
Step: 225968128 SPS: 8691  ev=0.777  ent=0.900  grad=0.13/0.13  h=4.7 c=38.6  kl=0.0078  vl=0.0591
Step: 226099200 SPS: 8691  ev=0.782  ent=0.908  grad=0.15/0.15  h=4.7 c=37.8  kl=0.0068  vl=0.0556
Step: 226230272 SPS: 8691  ev=0.778  ent=0.937  grad=0.17/0.17  h=4.8 c=39.2  kl=0.0072  vl=0.0562
Step: 226361344 SPS: 8691  ev=0.782  ent=0.903  grad=0.16/0.16  h=4.8 c=39.1  kl=0.0069  vl=0.0590
Step: 226492416 SPS: 8691  ev=0.786  ent=0.946  grad=0.16/0.16  h=4.7 c=38.5  kl=0.0066  vl=0.0544
Step: 226623488 SPS: 8691  ev=0.789  ent=0.929  grad=0.14/0.14  h=4.8 c=39.0  kl=0.0073  vl=0.0563
Step: 226754560 SPS: 8691  ev=0.776  ent=0.921  grad=0.12/0.12  h=4.8 c=38.6  kl=0.0076  vl=0.0597
Step: 226885632 SPS: 8691  ev=0.775  ent=0.905  grad=0.14/0.14  h=4.8 c=38.1  kl=0.0068  vl=0.0611
Step: 227016704 SPS: 8691  ev=0.778  ent=0.906  grad=0.14/0.14  h=4.7 c=37.6  kl=0.0064  vl=0.0595
Step: 227147776 SPS: 8691  ev=0.779  ent=0.878  grad=0.13/0.13  h=4.7 c=37.3  kl=0.0067  vl=0.0590
Step: 227278848 SPS: 8691  ev=0.782  ent=0.926  grad=0.13/0.13  h=4.7 c=37.2  kl=0.0064  vl=0.0557
Step: 227409920 SPS: 8691  ev=0.780  ent=0.890  grad=0.13/0.13  h=4.7 c=37.7  kl=0.0076  vl=0.0596
Step: 227540992 SPS: 8690  ev=0.780  ent=0.942  grad=0.12/0.12  h=4.7 c=37.1  kl=0.0063  vl=0.0561
Step: 227672064 SPS: 8690  ev=0.781  ent=0.927  grad=0.12/0.12  h=4.7 c=36.6  kl=0.0069  vl=0.0574
Step: 227803136 SPS: 8690  ev=0.777  ent=0.905  grad=0.18/0.18  h=4.7 c=37.4  kl=0.0071  vl=0.0598
Step: 227934208 SPS: 8690  ev=0.777  ent=0.895  grad=0.14/0.14  h=4.7 c=37.6  kl=0.0066  vl=0.0584
Step: 228065280 SPS: 8690  ev=0.772  ent=0.853  grad=0.16/0.16  h=4.7 c=37.4  kl=0.0072  vl=0.0599
Step: 228196352 SPS: 8690  ev=0.778  ent=0.891  grad=0.17/0.17  h=4.7 c=37.2  kl=0.0081  vl=0.0585
Step: 228327424 SPS: 8690  ev=0.771  ent=0.875  grad=0.19/0.19  h=4.7 c=37.0  kl=0.0074  vl=0.0592
Step: 228458496 SPS: 8690  ev=0.780  ent=0.885  grad=0.14/0.14  h=4.7 c=37.8  kl=0.0070  vl=0.0571
Step: 228589568 SPS: 8690  ev=0.778  ent=0.889  grad=0.15/0.15  h=4.7 c=36.9  kl=0.0062  vl=0.0571
Step: 228720640 SPS: 8690  ev=0.776  ent=0.908  grad=0.09/0.09  h=4.7 c=37.0  kl=0.0060  vl=0.0600
Step: 228851712 SPS: 8690  ev=0.776  ent=0.905  grad=0.16/0.16  h=4.7 c=37.1  kl=0.0071  vl=0.0598
Step: 228982784 SPS: 8690  ev=0.787  ent=0.896  grad=0.14/0.14  h=4.7 c=37.6  kl=0.0071  vl=0.0597
Step: 229113856 SPS: 8690  ev=0.772  ent=0.915  grad=0.14/0.14  h=4.6 c=37.3  kl=0.0079  vl=0.0606
Step: 229244928 SPS: 8690  ev=0.774  ent=0.880  grad=0.20/0.20  h=4.7 c=37.7  kl=0.0070  vl=0.0599
Step: 229376000 SPS: 8690  ev=0.780  ent=0.874  grad=0.13/0.13  h=4.7 c=37.2  kl=0.0066  vl=0.0582
Step: 229507072 SPS: 8690  ev=0.771  ent=0.898  grad=0.16/0.16  h=4.7 c=37.5  kl=0.0075  vl=0.0596
Step: 229638144 SPS: 8690  ev=0.778  ent=0.889  grad=0.11/0.11  h=4.7 c=37.3  kl=0.0072  vl=0.0570
Step: 229769216 SPS: 8690  ev=0.777  ent=0.916  grad=0.17/0.17  h=4.7 c=38.1  kl=0.0063  vl=0.0609
Step: 229900288 SPS: 8690  ev=0.780  ent=0.935  grad=0.15/0.15  h=4.8 c=38.9  kl=0.0081  vl=0.0586
Step: 230031360 SPS: 8690  ev=0.792  ent=0.990  grad=0.18/0.18  h=4.7 c=38.8  kl=0.0071  vl=0.0562
Step: 230162432 SPS: 8690  ev=0.786  ent=0.994  grad=0.19/0.19  h=4.7 c=39.0  kl=0.0060  vl=0.0551
Step: 230293504 SPS: 8690  ev=0.785  ent=0.930  grad=0.13/0.13  h=4.8 c=38.7  kl=0.0074  vl=0.0571
Step: 230424576 SPS: 8690  ev=0.786  ent=0.920  grad=0.17/0.17  h=4.7 c=38.1  kl=0.0070  vl=0.0581
Step: 230555648 SPS: 8690  ev=0.779  ent=0.908  grad=0.21/0.21  h=4.7 c=38.6  kl=0.0074  vl=0.0584
Step: 230686720 SPS: 8690  ev=0.787  ent=0.909  grad=0.11/0.11  h=4.8 c=38.3  kl=0.0071  vl=0.0581
Step: 230817792 SPS: 8690  ev=0.779  ent=0.872  grad=0.13/0.13  h=4.8 c=38.6  kl=0.0078  vl=0.0589
Step: 230948864 SPS: 8690  ev=0.780  ent=0.869  grad=0.17/0.17  h=4.7 c=37.9  kl=0.0067  vl=0.0575
Step: 231079936 SPS: 8690  ev=0.770  ent=0.846  grad=0.16/0.16  h=4.7 c=37.8  kl=0.0067  vl=0.0609
Step: 231211008 SPS: 8690  ev=0.776  ent=0.883  grad=0.25/0.25  h=4.7 c=36.9  kl=0.0075  vl=0.0575
Step: 231342080 SPS: 8690  ev=0.772  ent=0.869  grad=0.15/0.15  h=4.7 c=37.8  kl=0.0076  vl=0.0579
Step: 231473152 SPS: 8690  ev=0.769  ent=0.831  grad=0.20/0.20  h=4.7 c=36.6  kl=0.0062  vl=0.0571
Step: 231604224 SPS: 8689  ev=0.774  ent=0.816  grad=0.14/0.14  h=4.7 c=36.6  kl=0.0066  vl=0.0585
Step: 231735296 SPS: 8689  ev=0.766  ent=0.825  grad=0.15/0.15  h=4.7 c=36.6  kl=0.0077  vl=0.0601
Step: 231866368 SPS: 8689  ev=0.766  ent=0.797  grad=0.18/0.18  h=4.7 c=37.2  kl=0.0081  vl=0.0608
Step: 231997440 SPS: 8689  ev=0.774  ent=0.859  grad=0.15/0.15  h=4.7 c=37.2  kl=0.0075  vl=0.0596
  vs Random: 101W/0L/0D | score=34.9±22.7 inv=1.7 played=20.2 lanes=5.0 ddraw=19.0 pts=35
  Self-play: 53W/48L/1D | score=12.7±23.4 inv=1.5 played=18.0 lanes=5.0 ddraw=3.5 pts=13
Step: 232128512 SPS: 8689  ev=0.771  ent=0.867  grad=0.22/0.22  h=4.7 c=37.2  kl=0.0071  vl=0.0594
Step: 232259584 SPS: 8689  ev=0.774  ent=0.841  grad=0.15/0.15  h=4.7 c=37.4  kl=0.0074  vl=0.0614
Step: 232390656 SPS: 8688  ev=0.767  ent=0.856  grad=0.16/0.16  h=4.7 c=36.9  kl=0.0068  vl=0.0606
Step: 232521728 SPS: 8688  ev=0.768  ent=0.865  grad=0.15/0.15  h=4.8 c=37.7  kl=0.0072  vl=0.0606
Step: 232652800 SPS: 8688  ev=0.766  ent=0.859  grad=0.10/0.10  h=4.8 c=37.1  kl=0.0084  vl=0.0592
Step: 232783872 SPS: 8688  ev=0.780  ent=0.889  grad=0.11/0.11  h=4.8 c=37.2  kl=0.0062  vl=0.0578
Step: 232914944 SPS: 8688  ev=0.775  ent=0.934  grad=0.11/0.11  h=4.8 c=37.8  kl=0.0071  vl=0.0587
Step: 233046016 SPS: 8688  ev=0.778  ent=0.964  grad=0.20/0.20  h=4.8 c=38.7  kl=0.0075  vl=0.0577
Step: 233177088 SPS: 8688  ev=0.784  ent=0.952  grad=0.25/0.25  h=4.8 c=38.8  kl=0.0079  vl=0.0578
Step: 233308160 SPS: 8688  ev=0.783  ent=0.998  grad=0.22/0.22  h=4.8 c=38.8  kl=0.0079  vl=0.0554
Step: 233439232 SPS: 8688  ev=0.780  ent=0.963  grad=0.17/0.17  h=4.8 c=38.5  kl=0.0068  vl=0.0560
Step: 233570304 SPS: 8688  ev=0.780  ent=0.911  grad=0.17/0.17  h=4.8 c=38.0  kl=0.0086  vl=0.0586
Step: 233701376 SPS: 8688  ev=0.788  ent=0.968  grad=0.09/0.09  h=4.8 c=39.0  kl=0.0072  vl=0.0549
Step: 233832448 SPS: 8688  ev=0.795  ent=1.003  grad=0.14/0.14  h=4.8 c=40.5  kl=0.0074  vl=0.0567
Step: 233963520 SPS: 8688  ev=0.796  ent=0.996  grad=0.14/0.14  h=4.8 c=39.6  kl=0.0088  vl=0.0570
Step: 234094592 SPS: 8689  ev=0.783  ent=0.983  grad=0.14/0.14  h=4.8 c=39.0  kl=0.0073  vl=0.0579
Step: 234225664 SPS: 8688  ev=0.784  ent=0.953  grad=0.25/0.25  h=4.8 c=39.5  kl=0.0075  vl=0.0580
Step: 234356736 SPS: 8688  ev=0.783  ent=0.957  grad=0.15/0.15  h=4.9 c=40.1  kl=0.0074  vl=0.0591
Step: 234487808 SPS: 8689  ev=0.782  ent=0.885  grad=0.14/0.14  h=4.8 c=39.0  kl=0.0077  vl=0.0563
Step: 234618880 SPS: 8689  ev=0.785  ent=0.915  grad=0.17/0.17  h=4.8 c=37.8  kl=0.0071  vl=0.0570
Step: 234749952 SPS: 8689  ev=0.777  ent=0.912  grad=0.17/0.17  h=4.8 c=37.4  kl=0.0075  vl=0.0576
Step: 234881024 SPS: 8689  ev=0.773  ent=0.875  grad=0.13/0.13  h=4.8 c=37.9  kl=0.0064  vl=0.0611
Step: 235012096 SPS: 8689  ev=0.774  ent=0.860  grad=0.14/0.14  h=4.8 c=37.4  kl=0.0077  vl=0.0606
Step: 235143168 SPS: 8689  ev=0.776  ent=0.845  grad=0.18/0.18  h=4.7 c=37.1  kl=0.0074  vl=0.0594
Step: 235274240 SPS: 8689  ev=0.766  ent=0.866  grad=0.12/0.12  h=4.7 c=36.9  kl=0.0066  vl=0.0621
Step: 235405312 SPS: 8689  ev=0.775  ent=0.873  grad=0.17/0.17  h=4.7 c=37.2  kl=0.0072  vl=0.0582
Step: 235536384 SPS: 8689  ev=0.772  ent=0.826  grad=0.15/0.15  h=4.8 c=37.2  kl=0.0073  vl=0.0579
Step: 235667456 SPS: 8688  ev=0.774  ent=0.876  grad=0.12/0.12  h=4.7 c=37.1  kl=0.0073  vl=0.0588
Step: 235798528 SPS: 8688  ev=0.771  ent=0.866  grad=0.13/0.13  h=4.8 c=38.3  kl=0.0070  vl=0.0595
Step: 235929600 SPS: 8688  ev=0.780  ent=0.861  grad=0.22/0.22  h=4.7 c=38.3  kl=0.0076  vl=0.0592
Step: 236060672 SPS: 8688  ev=0.780  ent=0.867  grad=0.10/0.10  h=4.8 c=38.3  kl=0.0069  vl=0.0584
Step: 236191744 SPS: 8688  ev=0.780  ent=0.869  grad=0.11/0.11  h=4.7 c=37.4  kl=0.0066  vl=0.0576
Step: 236322816 SPS: 8688  ev=0.776  ent=0.928  grad=0.17/0.17  h=4.7 c=37.3  kl=0.0083  vl=0.0552
Step: 236453888 SPS: 8688  ev=0.776  ent=0.867  grad=0.19/0.19  h=4.7 c=37.5  kl=0.0071  vl=0.0598
Step: 236584960 SPS: 8688  ev=0.783  ent=0.920  grad=0.15/0.15  h=4.7 c=38.4  kl=0.0082  vl=0.0577
Step: 236716032 SPS: 8688  ev=0.778  ent=0.909  grad=0.22/0.22  h=4.7 c=38.6  kl=0.0072  vl=0.0570
Step: 236847104 SPS: 8688  ev=0.796  ent=0.942  grad=0.17/0.17  h=4.8 c=38.6  kl=0.0082  vl=0.0561
Step: 236978176 SPS: 8688  ev=0.788  ent=0.966  grad=0.14/0.14  h=4.8 c=38.6  kl=0.0071  vl=0.0581
Step: 237109248 SPS: 8688  ev=0.773  ent=0.885  grad=0.18/0.18  h=4.8 c=38.5  kl=0.0115  vl=0.0627
Step: 237240320 SPS: 8688  ev=0.783  ent=0.953  grad=0.10/0.10  h=4.8 c=39.1  kl=0.0067  vl=0.0568
Step: 237371392 SPS: 8689  ev=0.784  ent=0.948  grad=0.12/0.12  h=4.8 c=39.1  kl=0.0064  vl=0.0566
Step: 237502464 SPS: 8688  ev=0.784  ent=0.929  grad=0.18/0.18  h=4.8 c=39.6  kl=0.0067  vl=0.0568
Step: 237633536 SPS: 8688  ev=0.779  ent=0.918  grad=0.14/0.14  h=4.8 c=38.8  kl=0.0066  vl=0.0575
Step: 237764608 SPS: 8688  ev=0.782  ent=0.889  grad=0.16/0.16  h=4.8 c=38.7  kl=0.0075  vl=0.0590
Step: 237895680 SPS: 8688  ev=0.776  ent=0.920  grad=0.12/0.12  h=4.8 c=38.8  kl=0.0059  vl=0.0588
Step: 238026752 SPS: 8688  ev=0.777  ent=0.900  grad=0.12/0.12  h=4.8 c=38.3  kl=0.0068  vl=0.0586
Step: 238157824 SPS: 8688  ev=0.783  ent=0.871  grad=0.22/0.22  h=4.8 c=38.2  kl=0.0089  vl=0.0599
Step: 238288896 SPS: 8688  ev=0.779  ent=0.872  grad=0.12/0.12  h=4.8 c=38.5  kl=0.0065  vl=0.0577
Step: 238419968 SPS: 8688  ev=0.782  ent=0.852  grad=0.09/0.09  h=4.7 c=37.5  kl=0.0058  vl=0.0559
Step: 238551040 SPS: 8688  ev=0.777  ent=0.837  grad=0.21/0.21  h=4.8 c=37.8  kl=0.0073  vl=0.0601
Step: 238682112 SPS: 8688  ev=0.778  ent=0.855  grad=0.17/0.17  h=4.8 c=38.4  kl=0.0073  vl=0.0592
Step: 238813184 SPS: 8688  ev=0.778  ent=0.844  grad=0.14/0.14  h=4.8 c=38.0  kl=0.0075  vl=0.0596
Step: 238944256 SPS: 8688  ev=0.787  ent=0.928  grad=0.12/0.12  h=4.8 c=39.1  kl=0.0065  vl=0.0580
Step: 239075328 SPS: 8688  ev=0.785  ent=0.934  grad=0.10/0.10  h=4.9 c=39.8  kl=0.0087  vl=0.0587
Step: 239206400 SPS: 8688  ev=0.785  ent=0.913  grad=0.14/0.14  h=4.8 c=39.0  kl=0.0073  vl=0.0593
Step: 239337472 SPS: 8688  ev=0.788  ent=0.922  grad=0.24/0.24  h=4.8 c=39.5  kl=0.0083  vl=0.0574
Step: 239468544 SPS: 8688  ev=0.782  ent=0.917  grad=0.13/0.13  h=4.8 c=38.7  kl=0.0072  vl=0.0561
Step: 239599616 SPS: 8689  ev=0.787  ent=0.898  grad=0.21/0.21  h=4.8 c=38.7  kl=0.0075  vl=0.0572
Step: 239730688 SPS: 8689  ev=0.783  ent=0.878  grad=0.13/0.13  h=4.8 c=38.5  kl=0.0078  vl=0.0594
Step: 239861760 SPS: 8689  ev=0.783  ent=0.907  grad=0.11/0.11  h=4.8 c=38.7  kl=0.0072  vl=0.0583
Step: 239992832 SPS: 8689  ev=0.787  ent=0.920  grad=0.14/0.14  h=4.7 c=38.0  kl=0.0090  vl=0.0560
Step: 240123904 SPS: 8689  ev=0.789  ent=0.911  grad=0.09/0.09  h=4.8 c=39.3  kl=0.0067  vl=0.0570
Step: 240254976 SPS: 8689  ev=0.783  ent=0.951  grad=0.14/0.14  h=4.7 c=38.9  kl=0.0067  vl=0.0578
Step: 240386048 SPS: 8689  ev=0.790  ent=0.937  grad=0.17/0.17  h=4.8 c=39.5  kl=0.0087  vl=0.0547
Step: 240517120 SPS: 8689  ev=0.790  ent=0.945  grad=0.14/0.14  h=4.8 c=40.6  kl=0.0064  vl=0.0563
Step: 240648192 SPS: 8689  ev=0.790  ent=0.932  grad=0.15/0.15  h=4.8 c=40.7  kl=0.0068  vl=0.0569
Step: 240779264 SPS: 8689  ev=0.794  ent=0.976  grad=0.18/0.18  h=4.8 c=40.8  kl=0.0061  vl=0.0562
Step: 240910336 SPS: 8690  ev=0.792  ent=0.923  grad=0.13/0.13  h=4.9 c=40.8  kl=0.0073  vl=0.0582
Step: 241041408 SPS: 8690  ev=0.792  ent=0.948  grad=0.12/0.12  h=4.9 c=41.2  kl=0.0061  vl=0.0559
Step: 241172480 SPS: 8690  ev=0.784  ent=0.943  grad=0.16/0.16  h=4.8 c=39.2  kl=0.0070  vl=0.0566
Step: 241303552 SPS: 8690  ev=0.785  ent=0.903  grad=0.14/0.14  h=4.8 c=39.2  kl=0.0076  vl=0.0570
Step: 241434624 SPS: 8690  ev=0.785  ent=0.900  grad=0.13/0.13  h=4.8 c=38.7  kl=0.0068  vl=0.0583
Step: 241565696 SPS: 8690  ev=0.782  ent=0.919  grad=0.17/0.17  h=4.9 c=39.3  kl=0.0072  vl=0.0570
Step: 241696768 SPS: 8690  ev=0.791  ent=0.902  grad=0.13/0.13  h=4.8 c=38.2  kl=0.0074  vl=0.0557
Step: 241827840 SPS: 8690  ev=0.780  ent=0.901  grad=0.17/0.17  h=4.9 c=39.3  kl=0.0573  vl=0.0576
Step: 241958912 SPS: 8690  ev=0.783  ent=0.897  grad=0.14/0.14  h=4.8 c=38.6  kl=0.0047  vl=0.0588
Step: 242089984 SPS: 8690  ev=0.785  ent=0.896  grad=0.18/0.18  h=4.8 c=38.9  kl=0.0085  vl=0.0569
  vs Random: 100W/0L/0D | score=34.9±21.5 inv=1.9 played=20.6 lanes=5.0 ddraw=21.2 pts=35
  Self-play: 47W/52L/1D | score=11.0±23.5 inv=1.8 played=18.3 lanes=5.0 ddraw=4.4 pts=11
Step: 242221056 SPS: 8690  ev=0.780  ent=0.870  grad=0.22/0.22  h=4.8 c=38.6  kl=0.0075  vl=0.0601
Step: 242352128 SPS: 8690  ev=0.775  ent=0.873  grad=0.14/0.14  h=4.8 c=39.4  kl=0.0081  vl=0.0604
Step: 242483200 SPS: 8690  ev=0.783  ent=0.886  grad=0.14/0.14  h=4.8 c=39.3  kl=0.0072  vl=0.0583
Step: 242614272 SPS: 8690  ev=0.788  ent=0.918  grad=0.16/0.16  h=4.8 c=40.3  kl=0.0065  vl=0.0571
Step: 242745344 SPS: 8690  ev=0.786  ent=0.906  grad=0.12/0.12  h=4.8 c=40.2  kl=0.0065  vl=0.0565
Step: 242876416 SPS: 8690  ev=0.784  ent=0.908  grad=0.18/0.18  h=4.8 c=40.6  kl=0.0073  vl=0.0574
Step: 243007488 SPS: 8690  ev=0.778  ent=0.874  grad=0.27/0.27  h=4.8 c=39.4  kl=0.0094  vl=0.0593
Step: 243138560 SPS: 8690  ev=0.781  ent=0.917  grad=0.17/0.17  h=4.8 c=40.5  kl=0.0073  vl=0.0583
Step: 243269632 SPS: 8690  ev=0.785  ent=0.864  grad=0.21/0.21  h=4.8 c=39.7  kl=0.0079  vl=0.0574
Step: 243400704 SPS: 8690  ev=0.789  ent=0.896  grad=0.12/0.12  h=4.8 c=40.4  kl=0.0069  vl=0.0591
Step: 243531776 SPS: 8690  ev=0.788  ent=0.896  grad=0.12/0.12  h=4.8 c=40.5  kl=0.0066  vl=0.0584
Step: 243662848 SPS: 8690  ev=0.786  ent=0.905  grad=0.16/0.16  h=4.8 c=40.1  kl=0.0082  vl=0.0568
Step: 243793920 SPS: 8690  ev=0.782  ent=0.880  grad=0.11/0.11  h=4.8 c=39.2  kl=0.0070  vl=0.0594
Step: 243924992 SPS: 8690  ev=0.784  ent=0.913  grad=0.12/0.12  h=4.8 c=39.5  kl=0.0070  vl=0.0571
Step: 244056064 SPS: 8690  ev=0.774  ent=0.868  grad=0.19/0.19  h=4.8 c=39.4  kl=0.0083  vl=0.0592
Step: 244187136 SPS: 8690  ev=0.779  ent=0.882  grad=0.12/0.12  h=4.8 c=38.8  kl=0.0068  vl=0.0561
Step: 244318208 SPS: 8690  ev=0.782  ent=0.840  grad=0.16/0.16  h=4.8 c=40.0  kl=0.0073  vl=0.0598
Step: 244449280 SPS: 8690  ev=0.779  ent=0.844  grad=0.16/0.16  h=4.8 c=39.9  kl=0.0117  vl=0.0586
Step: 244580352 SPS: 8690  ev=0.776  ent=0.830  grad=0.14/0.14  h=4.8 c=38.6  kl=0.0072  vl=0.0599
Step: 244711424 SPS: 8690  ev=0.775  ent=0.868  grad=0.19/0.19  h=4.8 c=38.8  kl=0.0074  vl=0.0563
Step: 244842496 SPS: 8690  ev=0.780  ent=0.880  grad=0.11/0.11  h=4.8 c=39.4  kl=0.0063  vl=0.0583
Step: 244973568 SPS: 8689  ev=0.782  ent=0.871  grad=0.14/0.14  h=4.8 c=39.2  kl=0.0079  vl=0.0587
Step: 245104640 SPS: 8689  ev=0.771  ent=0.853  grad=0.19/0.19  h=4.7 c=37.9  kl=0.0072  vl=0.0600
Step: 245235712 SPS: 8689  ev=0.773  ent=0.859  grad=0.14/0.14  h=4.8 c=38.8  kl=0.0069  vl=0.0612
Step: 245366784 SPS: 8690  ev=0.780  ent=0.906  grad=0.23/0.23  h=4.7 c=39.2  kl=0.0073  vl=0.0563
Step: 245497856 SPS: 8689  ev=0.789  ent=0.915  grad=0.18/0.18  h=4.7 c=38.2  kl=0.0074  vl=0.0575
Step: 245628928 SPS: 8690  ev=0.793  ent=0.950  grad=0.11/0.11  h=4.8 c=40.0  kl=0.0066  vl=0.0564
Step: 245760000 SPS: 8689  ev=0.797  ent=0.964  grad=0.12/0.12  h=4.8 c=40.2  kl=0.0065  vl=0.0552
Step: 245891072 SPS: 8690  ev=0.793  ent=0.960  grad=0.15/0.15  h=4.8 c=40.8  kl=0.0080  vl=0.0561
Step: 246022144 SPS: 8690  ev=0.787  ent=0.956  grad=0.15/0.15  h=4.8 c=40.6  kl=0.0067  vl=0.0592
Step: 246153216 SPS: 8690  ev=0.790  ent=0.931  grad=0.18/0.18  h=4.8 c=40.6  kl=0.0100  vl=0.0577
Step: 246284288 SPS: 8691  ev=0.793  ent=0.963  grad=0.14/0.14  h=4.8 c=40.6  kl=0.0057  vl=0.0559
Step: 246415360 SPS: 8690  ev=0.794  ent=0.956  grad=0.12/0.12  h=4.8 c=40.6  kl=0.0069  vl=0.0576
Step: 246546432 SPS: 8690  ev=0.794  ent=0.955  grad=0.19/0.19  h=4.8 c=40.1  kl=0.0093  vl=0.0559
Step: 246677504 SPS: 8691  ev=0.790  ent=0.944  grad=0.10/0.10  h=4.7 c=39.2  kl=0.0067  vl=0.0557
Step: 246808576 SPS: 8691  ev=0.790  ent=0.916  grad=0.11/0.11  h=4.8 c=39.9  kl=0.0063  vl=0.0595
Step: 246939648 SPS: 8691  ev=0.785  ent=0.906  grad=0.10/0.10  h=4.7 c=38.3  kl=0.0076  vl=0.0574
Step: 247070720 SPS: 8691  ev=0.786  ent=0.908  grad=0.14/0.14  h=4.8 c=38.9  kl=0.0079  vl=0.0582
Step: 247201792 SPS: 8691  ev=0.786  ent=0.884  grad=0.17/0.17  h=4.8 c=39.1  kl=0.0070  vl=0.0580
Step: 247332864 SPS: 8691  ev=0.772  ent=0.871  grad=0.15/0.15  h=4.8 c=39.1  kl=0.0066  vl=0.0631
Step: 247463936 SPS: 8691  ev=0.788  ent=0.900  grad=0.16/0.16  h=4.7 c=38.6  kl=0.0063  vl=0.0539
Step: 247595008 SPS: 8691  ev=0.783  ent=0.881  grad=0.16/0.16  h=4.8 c=39.1  kl=0.0070  vl=0.0581
Step: 247726080 SPS: 8691  ev=0.781  ent=0.897  grad=0.18/0.18  h=4.8 c=39.3  kl=0.0072  vl=0.0565
Step: 247857152 SPS: 8691  ev=0.788  ent=0.877  grad=0.18/0.18  h=4.8 c=38.6  kl=0.0062  vl=0.0555
Step: 247988224 SPS: 8691  ev=0.786  ent=0.890  grad=0.17/0.17  h=4.8 c=38.6  kl=0.0075  vl=0.0570
Step: 248119296 SPS: 8691  ev=0.783  ent=0.883  grad=0.16/0.16  h=4.8 c=39.7  kl=0.0085  vl=0.0602
Step: 248250368 SPS: 8691  ev=0.791  ent=0.949  grad=0.11/0.11  h=4.8 c=39.2  kl=0.0058  vl=0.0565
Step: 248381440 SPS: 8691  ev=0.782  ent=0.915  grad=0.18/0.18  h=4.8 c=40.3  kl=0.0073  vl=0.0584
Step: 248512512 SPS: 8691  ev=0.779  ent=0.903  grad=0.15/0.15  h=4.8 c=39.3  kl=0.0081  vl=0.0597
Step: 248643584 SPS: 8691  ev=0.778  ent=0.864  grad=0.13/0.13  h=4.8 c=39.9  kl=0.0072  vl=0.0584
Step: 248774656 SPS: 8691  ev=0.781  ent=0.874  grad=0.21/0.21  h=4.8 c=39.4  kl=0.0067  vl=0.0582
Step: 248905728 SPS: 8691  ev=0.784  ent=0.884  grad=0.10/0.10  h=4.8 c=38.6  kl=0.0070  vl=0.0580
Step: 249036800 SPS: 8691  ev=0.781  ent=0.874  grad=0.13/0.13  h=4.8 c=38.9  kl=0.0070  vl=0.0572
Step: 249167872 SPS: 8691  ev=0.777  ent=0.885  grad=0.20/0.20  h=4.8 c=39.1  kl=0.0086  vl=0.0597
Step: 249298944 SPS: 8691  ev=0.779  ent=0.872  grad=0.14/0.14  h=4.7 c=39.3  kl=0.0084  vl=0.0588
Step: 249430016 SPS: 8691  ev=0.783  ent=0.888  grad=0.12/0.12  h=4.8 c=38.1  kl=0.0060  vl=0.0566
Step: 249561088 SPS: 8691  ev=0.786  ent=0.900  grad=0.13/0.13  h=4.7 c=38.1  kl=0.0074  vl=0.0572
Step: 249692160 SPS: 8691  ev=0.786  ent=0.901  grad=0.18/0.18  h=4.7 c=38.7  kl=0.0084  vl=0.0570
Step: 249823232 SPS: 8691  ev=0.782  ent=0.891  grad=0.23/0.23  h=4.7 c=37.8  kl=0.0073  vl=0.0559
Step: 249954304 SPS: 8691  ev=0.781  ent=0.903  grad=0.17/0.17  h=4.7 c=38.1  kl=0.0070  vl=0.0570
Step: 250085376 SPS: 8691  ev=0.780  ent=0.871  grad=0.17/0.17  h=4.7 c=37.8  kl=0.0069  vl=0.0587
Step: 250216448 SPS: 8691  ev=0.782  ent=0.846  grad=0.17/0.17  h=4.7 c=38.7  kl=0.0077  vl=0.0584
Step: 250347520 SPS: 8690  ev=0.783  ent=0.860  grad=0.21/0.21  h=4.7 c=38.3  kl=0.0088  vl=0.0593
Step: 250478592 SPS: 8690  ev=0.782  ent=0.860  grad=0.19/0.19  h=4.7 c=38.0  kl=0.0081  vl=0.0587
Step: 250609664 SPS: 8690  ev=0.777  ent=0.845  grad=0.16/0.16  h=4.7 c=38.6  kl=0.0065  vl=0.0591
Step: 250740736 SPS: 8690  ev=0.780  ent=0.869  grad=0.14/0.14  h=4.7 c=38.3  kl=0.0082  vl=0.0589
Step: 250871808 SPS: 8691  ev=0.775  ent=0.844  grad=0.19/0.19  h=4.7 c=37.7  kl=0.0084  vl=0.0590
Step: 251002880 SPS: 8691  ev=0.782  ent=0.870  grad=0.12/0.12  h=4.7 c=38.3  kl=0.0072  vl=0.0566
Step: 251133952 SPS: 8691  ev=0.779  ent=0.882  grad=0.14/0.14  h=4.7 c=38.5  kl=0.0078  vl=0.0599
Step: 251265024 SPS: 8691  ev=0.781  ent=0.874  grad=0.19/0.19  h=4.8 c=39.6  kl=0.0087  vl=0.0578
Step: 251396096 SPS: 8690  ev=0.773  ent=0.856  grad=0.25/0.25  h=4.7 c=38.6  kl=0.0098  vl=0.0617
Step: 251527168 SPS: 8690  ev=0.782  ent=0.901  grad=0.15/0.15  h=4.7 c=38.6  kl=0.0071  vl=0.0570
Step: 251658240 SPS: 8690  ev=0.782  ent=0.903  grad=0.16/0.16  h=4.7 c=38.8  kl=0.0073  vl=0.0570
Step: 251789312 SPS: 8690  ev=0.784  ent=0.911  grad=0.15/0.15  h=4.7 c=37.9  kl=0.0073  vl=0.0576
Step: 251920384 SPS: 8691  ev=0.783  ent=0.934  grad=0.20/0.20  h=4.7 c=38.8  kl=0.0108  vl=0.0577
Step: 252051456 SPS: 8690  ev=0.783  ent=0.941  grad=0.16/0.16  h=4.7 c=39.3  kl=0.0073  vl=0.0571
Step: 252182528 SPS: 8690  ev=0.784  ent=0.932  grad=0.20/0.20  h=4.8 c=39.3  kl=0.0066  vl=0.0568
  vs Random: 100W/0L/0D | score=37.1±23.0 inv=1.9 played=20.2 lanes=5.0 ddraw=22.3 pts=37
  Self-play: 48W/53L/2D | score=6.8±26.3 inv=1.8 played=18.0 lanes=5.0 ddraw=4.8 pts=7
Step: 252313600 SPS: 8690  ev=0.779  ent=0.952  grad=0.10/0.10  h=4.7 c=39.5  kl=0.0066  vl=0.0583
Step: 252444672 SPS: 8691  ev=0.788  ent=0.940  grad=0.18/0.18  h=4.7 c=40.0  kl=0.0080  vl=0.0583
Step: 252575744 SPS: 8691  ev=0.792  ent=0.951  grad=0.19/0.19  h=4.7 c=40.2  kl=0.0087  vl=0.0559
Step: 252706816 SPS: 8691  ev=0.793  ent=0.959  grad=0.18/0.18  h=4.8 c=40.6  kl=0.0072  vl=0.0568
Step: 252837888 SPS: 8691  ev=0.785  ent=0.932  grad=0.11/0.11  h=4.7 c=39.3  kl=0.0066  vl=0.0576
Step: 252968960 SPS: 8691  ev=0.787  ent=0.968  grad=0.21/0.21  h=4.7 c=38.8  kl=0.0080  vl=0.0580
Step: 253100032 SPS: 8691  ev=0.779  ent=0.915  grad=0.14/0.14  h=4.7 c=38.6  kl=0.0070  vl=0.0580
Step: 253231104 SPS: 8691  ev=0.779  ent=0.925  grad=0.12/0.12  h=4.7 c=38.7  kl=0.0070  vl=0.0564
Step: 253362176 SPS: 8691  ev=0.779  ent=0.876  grad=0.20/0.20  h=4.7 c=38.3  kl=0.0068  vl=0.0599
Step: 253493248 SPS: 8691  ev=0.779  ent=0.866  grad=0.13/0.13  h=4.7 c=38.1  kl=0.0067  vl=0.0586
Step: 253624320 SPS: 8691  ev=0.766  ent=0.843  grad=0.16/0.16  h=4.7 c=37.3  kl=0.0085  vl=0.0600
Step: 253755392 SPS: 8690  ev=0.770  ent=0.844  grad=0.19/0.19  h=4.7 c=38.2  kl=0.0078  vl=0.0583
Step: 253886464 SPS: 8690  ev=0.775  ent=0.848  grad=0.17/0.17  h=4.7 c=38.8  kl=0.0065  vl=0.0569
Step: 254017536 SPS: 8690  ev=0.764  ent=0.845  grad=0.17/0.17  h=4.6 c=37.8  kl=0.0075  vl=0.0589
Step: 254148608 SPS: 8690  ev=0.776  ent=0.837  grad=0.15/0.15  h=4.7 c=38.4  kl=0.0073  vl=0.0587
Step: 254279680 SPS: 8690  ev=0.776  ent=0.902  grad=0.19/0.19  h=4.7 c=39.6  kl=0.0064  vl=0.0590
Step: 254410752 SPS: 8690  ev=0.778  ent=0.880  grad=0.14/0.14  h=4.7 c=38.6  kl=0.0068  vl=0.0584
Step: 254541824 SPS: 8690  ev=0.777  ent=0.893  grad=0.16/0.16  h=4.6 c=38.4  kl=0.0079  vl=0.0595
Step: 254672896 SPS: 8690  ev=0.776  ent=0.895  grad=0.16/0.16  h=4.7 c=38.9  kl=0.0087  vl=0.0587
Step: 254803968 SPS: 8690  ev=0.778  ent=0.877  grad=0.17/0.17  h=4.7 c=38.5  kl=0.0068  vl=0.0600
Step: 254935040 SPS: 8689  ev=0.783  ent=0.897  grad=0.18/0.18  h=4.6 c=37.9  kl=0.0067  vl=0.0562
Step: 255066112 SPS: 8690  ev=0.787  ent=0.915  grad=0.14/0.14  h=4.7 c=38.4  kl=0.0063  vl=0.0587
Step: 255197184 SPS: 8690  ev=0.773  ent=0.876  grad=0.10/0.10  h=4.7 c=38.7  kl=0.0064  vl=0.0599
Step: 255328256 SPS: 8690  ev=0.776  ent=0.926  grad=0.10/0.10  h=4.7 c=39.4  kl=0.0067  vl=0.0582
Step: 255459328 SPS: 8690  ev=0.781  ent=0.911  grad=0.15/0.15  h=4.7 c=38.8  kl=0.0071  vl=0.0558
Step: 255590400 SPS: 8690  ev=0.778  ent=0.898  grad=0.14/0.14  h=4.7 c=38.4  kl=0.0073  vl=0.0567
Step: 255721472 SPS: 8690  ev=0.785  ent=0.935  grad=0.19/0.19  h=4.8 c=39.7  kl=0.0070  vl=0.0566
Step: 255852544 SPS: 8690  ev=0.783  ent=0.890  grad=0.22/0.22  h=4.8 c=39.1  kl=0.0093  vl=0.0593
Step: 255983616 SPS: 8690  ev=0.782  ent=0.890  grad=0.14/0.14  h=4.7 c=38.1  kl=0.0084  vl=0.0576
Step: 256114688 SPS: 8690  ev=0.781  ent=0.949  grad=0.19/0.19  h=4.7 c=40.5  kl=0.0073  vl=0.0564
Step: 256245760 SPS: 8690  ev=0.774  ent=0.913  grad=0.12/0.12  h=4.7 c=39.7  kl=0.0072  vl=0.0581
Step: 256376832 SPS: 8690  ev=0.782  ent=0.893  grad=0.14/0.14  h=4.7 c=40.4  kl=0.0062  vl=0.0575
Step: 256507904 SPS: 8690  ev=0.771  ent=0.884  grad=0.15/0.15  h=4.7 c=40.1  kl=0.0065  vl=0.0591
Step: 256638976 SPS: 8690  ev=0.769  ent=0.857  grad=0.14/0.14  h=4.7 c=39.1  kl=0.0075  vl=0.0582
Step: 256770048 SPS: 8690  ev=0.776  ent=0.909  grad=0.15/0.15  h=4.7 c=38.9  kl=0.0068  vl=0.0576
Step: 256901120 SPS: 8690  ev=0.774  ent=0.868  grad=0.15/0.15  h=4.7 c=38.3  kl=0.0075  vl=0.0592
Step: 257032192 SPS: 8690  ev=0.772  ent=0.853  grad=0.14/0.14  h=4.7 c=38.9  kl=0.0062  vl=0.0582
Step: 257163264 SPS: 8690  ev=0.779  ent=0.871  grad=0.16/0.16  h=4.7 c=39.1  kl=0.0073  vl=0.0587
Step: 257294336 SPS: 8689  ev=0.773  ent=0.863  grad=0.13/0.13  h=4.7 c=38.0  kl=0.0066  vl=0.0598
Step: 257425408 SPS: 8689  ev=0.766  ent=0.840  grad=0.19/0.19  h=4.6 c=38.4  kl=0.0083  vl=0.0593
Step: 257556480 SPS: 8689  ev=0.767  ent=0.846  grad=0.12/0.12  h=4.6 c=37.7  kl=0.0073  vl=0.0605
Step: 257687552 SPS: 8689  ev=0.774  ent=0.872  grad=0.26/0.26  h=4.7 c=38.2  kl=0.0072  vl=0.0577
Step: 257818624 SPS: 8689  ev=0.775  ent=0.859  grad=0.16/0.16  h=4.7 c=39.0  kl=0.0081  vl=0.0602
Step: 257949696 SPS: 8689  ev=0.779  ent=0.883  grad=0.16/0.16  h=4.7 c=40.0  kl=0.0079  vl=0.0600
Step: 258080768 SPS: 8689  ev=0.777  ent=0.910  grad=0.15/0.15  h=4.7 c=38.9  kl=0.0090  vl=0.0601
Step: 258211840 SPS: 8689  ev=0.780  ent=0.940  grad=0.23/0.23  h=4.7 c=40.1  kl=0.0078  vl=0.0580
Step: 258342912 SPS: 8689  ev=0.780  ent=0.969  grad=0.12/0.12  h=4.7 c=40.4  kl=0.0077  vl=0.0585
Step: 258473984 SPS: 8689  ev=0.783  ent=0.963  grad=0.16/0.16  h=4.7 c=40.3  kl=0.0067  vl=0.0573
Step: 258605056 SPS: 8690  ev=0.786  ent=0.976  grad=0.17/0.17  h=4.8 c=41.3  kl=0.0065  vl=0.0546
Step: 258736128 SPS: 8690  ev=0.790  ent=0.989  grad=0.15/0.15  h=4.8 c=41.2  kl=0.0072  vl=0.0547
Step: 258867200 SPS: 8690  ev=0.784  ent=0.927  grad=0.13/0.13  h=4.7 c=40.9  kl=0.0071  vl=0.0590
Step: 258998272 SPS: 8690  ev=0.782  ent=0.928  grad=0.11/0.11  h=4.7 c=40.9  kl=0.0058  vl=0.0592
Step: 259129344 SPS: 8690  ev=0.784  ent=0.911  grad=0.19/0.19  h=4.8 c=40.8  kl=0.0068  vl=0.0585
Step: 259260416 SPS: 8690  ev=0.781  ent=0.940  grad=0.12/0.12  h=4.8 c=41.6  kl=0.0072  vl=0.0589
Step: 259391488 SPS: 8690  ev=0.789  ent=0.927  grad=0.24/0.24  h=4.7 c=39.6  kl=0.0076  vl=0.0578
Step: 259522560 SPS: 8690  ev=0.772  ent=0.924  grad=0.20/0.20  h=4.7 c=40.2  kl=0.0068  vl=0.0595
Step: 259653632 SPS: 8690  ev=0.782  ent=0.910  grad=0.19/0.19  h=4.8 c=40.5  kl=0.0073  vl=0.0586
Step: 259784704 SPS: 8690  ev=0.774  ent=0.875  grad=0.19/0.19  h=4.7 c=39.5  kl=0.0076  vl=0.0595
Step: 259915776 SPS: 8690  ev=0.783  ent=0.917  grad=0.20/0.20  h=4.7 c=40.0  kl=0.0069  vl=0.0548
Step: 260046848 SPS: 8690  ev=0.778  ent=0.898  grad=0.12/0.12  h=4.7 c=41.1  kl=0.0060  vl=0.0567
Step: 260177920 SPS: 8690  ev=0.778  ent=0.877  grad=0.13/0.13  h=4.7 c=40.6  kl=0.0064  vl=0.0576
Step: 260308992 SPS: 8690  ev=0.771  ent=0.846  grad=0.14/0.14  h=4.7 c=39.3  kl=0.0069  vl=0.0613
Step: 260440064 SPS: 8690  ev=0.781  ent=0.878  grad=0.12/0.12  h=4.7 c=40.1  kl=0.0074  vl=0.0582
Step: 260571136 SPS: 8690  ev=0.785  ent=0.917  grad=0.15/0.15  h=4.7 c=39.2  kl=0.0069  vl=0.0561
Step: 260702208 SPS: 8690  ev=0.776  ent=0.885  grad=0.18/0.18  h=4.7 c=40.1  kl=0.0083  vl=0.0611
Step: 260833280 SPS: 8690  ev=0.775  ent=0.894  grad=0.16/0.16  h=4.8 c=40.3  kl=0.0067  vl=0.0583
Step: 260964352 SPS: 8691  ev=0.779  ent=0.887  grad=0.12/0.12  h=4.7 c=39.7  kl=0.0066  vl=0.0574
Step: 261095424 SPS: 8691  ev=0.779  ent=0.920  grad=0.14/0.14  h=4.7 c=40.3  kl=0.0069  vl=0.0581
Step: 261226496 SPS: 8690  ev=0.776  ent=0.895  grad=0.15/0.15  h=4.8 c=39.9  kl=0.0067  vl=0.0570
Step: 261357568 SPS: 8690  ev=0.784  ent=0.883  grad=0.13/0.13  h=4.8 c=40.1  kl=0.0067  vl=0.0577
Step: 261488640 SPS: 8690  ev=0.780  ent=0.902  grad=0.19/0.19  h=4.8 c=40.7  kl=0.0074  vl=0.0581
Step: 261619712 SPS: 8690  ev=0.780  ent=0.911  grad=0.12/0.12  h=4.7 c=40.6  kl=0.0067  vl=0.0582
Step: 261750784 SPS: 8690  ev=0.782  ent=0.918  grad=0.22/0.22  h=4.7 c=40.0  kl=0.0069  vl=0.0570
Step: 261881856 SPS: 8690  ev=0.782  ent=0.909  grad=0.15/0.15  h=4.7 c=39.5  kl=0.0078  vl=0.0569
Step: 262012928 SPS: 8690  ev=0.790  ent=0.916  grad=0.19/0.19  h=4.7 c=39.7  kl=0.0081  vl=0.0557
Step: 262144000 SPS: 8690  ev=0.785  ent=0.925  grad=0.17/0.17  h=4.7 c=40.7  kl=0.0070  vl=0.0582
Step: 262275072 SPS: 8690  ev=0.781  ent=0.898  grad=0.15/0.15  h=4.7 c=40.5  kl=0.0097  vl=0.0580
  vs Random: 100W/0L/0D | score=35.3±22.8 inv=1.8 played=20.3 lanes=5.0 ddraw=20.6 pts=35
  Self-play: 46W/54L/2D | score=8.6±20.4 inv=1.4 played=17.8 lanes=5.0 ddraw=2.7 pts=9
Step: 262406144 SPS: 8690  ev=0.777  ent=0.858  grad=0.17/0.17  h=4.7 c=40.2  kl=0.0078  vl=0.0592
Step: 262537216 SPS: 8690  ev=0.773  ent=0.870  grad=0.15/0.15  h=4.7 c=40.1  kl=0.0068  vl=0.0601
Step: 262668288 SPS: 8690  ev=0.781  ent=0.898  grad=0.12/0.12  h=4.8 c=40.2  kl=0.0069  vl=0.0588
Step: 262799360 SPS: 8690  ev=0.782  ent=0.927  grad=0.14/0.14  h=4.8 c=41.6  kl=0.0068  vl=0.0577
Step: 262930432 SPS: 8690  ev=0.784  ent=0.902  grad=0.19/0.19  h=4.8 c=41.3  kl=0.0075  vl=0.0577
Step: 263061504 SPS: 8690  ev=0.782  ent=0.914  grad=0.12/0.12  h=4.8 c=41.1  kl=0.0066  vl=0.0586
Step: 263192576 SPS: 8690  ev=0.789  ent=0.955  grad=0.16/0.16  h=4.8 c=41.3  kl=0.0074  vl=0.0563
Step: 263323648 SPS: 8690  ev=0.786  ent=0.963  grad=0.16/0.16  h=4.8 c=41.7  kl=0.0070  vl=0.0575
Step: 263454720 SPS: 8690  ev=0.787  ent=0.958  grad=0.18/0.18  h=4.8 c=42.6  kl=0.0073  vl=0.0570
Step: 263585792 SPS: 8690  ev=0.789  ent=0.938  grad=0.14/0.14  h=4.8 c=41.3  kl=0.0078  vl=0.0569
Step: 263716864 SPS: 8690  ev=0.779  ent=0.895  grad=0.12/0.12  h=4.8 c=42.3  kl=0.0065  vl=0.0585
Step: 263847936 SPS: 8690  ev=0.780  ent=0.931  grad=0.13/0.13  h=4.7 c=40.9  kl=0.0072  vl=0.0564
Step: 263979008 SPS: 8691  ev=0.776  ent=0.881  grad=0.14/0.14  h=4.8 c=40.1  kl=0.0083  vl=0.0595
Step: 264110080 SPS: 8691  ev=0.786  ent=0.913  grad=0.19/0.19  h=4.8 c=41.1  kl=0.0083  vl=0.0577
Step: 264241152 SPS: 8691  ev=0.784  ent=0.902  grad=0.14/0.14  h=4.7 c=40.3  kl=0.0077  vl=0.0581
Step: 264372224 SPS: 8690  ev=0.781  ent=0.911  grad=0.27/0.27  h=4.8 c=40.8  kl=0.0081  vl=0.0564
Step: 264503296 SPS: 8690  ev=0.772  ent=0.877  grad=0.19/0.19  h=4.7 c=39.4  kl=0.0072  vl=0.0597
Step: 264634368 SPS: 8690  ev=0.779  ent=0.859  grad=0.13/0.13  h=4.8 c=40.3  kl=0.0068  vl=0.0590
Step: 264765440 SPS: 8690  ev=0.775  ent=0.875  grad=0.17/0.17  h=4.8 c=40.3  kl=0.0076  vl=0.0596
Step: 264896512 SPS: 8690  ev=0.788  ent=0.900  grad=0.15/0.15  h=4.8 c=39.9  kl=0.0063  vl=0.0559
Step: 265027584 SPS: 8690  ev=0.787  ent=0.934  grad=0.18/0.18  h=4.8 c=40.2  kl=0.0074  vl=0.0548
Step: 265158656 SPS: 8690  ev=0.787  ent=0.931  grad=0.14/0.14  h=4.8 c=40.8  kl=0.0067  vl=0.0554
Step: 265289728 SPS: 8690  ev=0.783  ent=0.933  grad=0.19/0.19  h=4.8 c=40.7  kl=0.0067  vl=0.0562
Step: 265420800 SPS: 8690  ev=0.784  ent=0.905  grad=0.16/0.16  h=4.8 c=40.9  kl=0.0070  vl=0.0582
Step: 265551872 SPS: 8690  ev=0.782  ent=0.894  grad=0.11/0.11  h=4.8 c=40.5  kl=0.0070  vl=0.0598
Step: 265682944 SPS: 8690  ev=0.778  ent=0.880  grad=0.19/0.19  h=4.8 c=40.7  kl=0.0080  vl=0.0586
Step: 265814016 SPS: 8690  ev=0.784  ent=0.909  grad=0.17/0.17  h=4.8 c=41.3  kl=0.0084  vl=0.0576
Step: 265945088 SPS: 8690  ev=0.776  ent=0.876  grad=0.14/0.14  h=4.8 c=40.0  kl=0.0080  vl=0.0591
Step: 266076160 SPS: 8690  ev=0.772  ent=0.849  grad=0.15/0.15  h=4.8 c=41.0  kl=0.0084  vl=0.0597
Step: 266207232 SPS: 8690  ev=0.772  ent=0.863  grad=0.12/0.12  h=4.7 c=38.9  kl=0.0066  vl=0.0573
Step: 266338304 SPS: 8690  ev=0.773  ent=0.858  grad=0.16/0.16  h=4.8 c=40.8  kl=0.0079  vl=0.0602
Step: 266469376 SPS: 8690  ev=0.780  ent=0.880  grad=0.20/0.20  h=4.8 c=41.5  kl=0.0081  vl=0.0596
Step: 266600448 SPS: 8690  ev=0.784  ent=0.897  grad=0.24/0.24  h=4.8 c=41.6  kl=0.0090  vl=0.0580
Step: 266731520 SPS: 8690  ev=0.783  ent=0.868  grad=0.15/0.15  h=4.8 c=39.6  kl=0.0074  vl=0.0563
Step: 266862592 SPS: 8689  ev=0.774  ent=0.847  grad=0.16/0.16  h=4.8 c=40.4  kl=0.0076  vl=0.0602
Step: 266993664 SPS: 8689  ev=0.778  ent=0.888  grad=0.19/0.19  h=4.8 c=40.5  kl=0.0086  vl=0.0612
Step: 267124736 SPS: 8689  ev=0.780  ent=0.874  grad=0.12/0.12  h=4.8 c=40.3  kl=0.0067  vl=0.0576
Step: 267255808 SPS: 8689  ev=0.777  ent=0.880  grad=0.12/0.12  h=4.8 c=40.0  kl=0.0067  vl=0.0583
Step: 267386880 SPS: 8689  ev=0.781  ent=0.897  grad=0.18/0.18  h=4.8 c=41.0  kl=0.0082  vl=0.0566
Step: 267517952 SPS: 8689  ev=0.779  ent=0.898  grad=0.13/0.13  h=4.7 c=40.0  kl=0.0085  vl=0.0598
Step: 267649024 SPS: 8689  ev=0.786  ent=0.889  grad=0.13/0.13  h=4.8 c=40.6  kl=0.0072  vl=0.0589
Step: 267780096 SPS: 8689  ev=0.779  ent=0.900  grad=0.15/0.15  h=4.8 c=39.9  kl=0.0075  vl=0.0595
Step: 267911168 SPS: 8689  ev=0.781  ent=0.880  grad=0.21/0.21  h=4.8 c=40.3  kl=0.0085  vl=0.0578
Step: 268042240 SPS: 8689  ev=0.777  ent=0.937  grad=0.10/0.10  h=4.8 c=41.2  kl=0.0092  vl=0.0579
Step: 268173312 SPS: 8689  ev=0.776  ent=0.915  grad=0.14/0.14  h=4.8 c=40.6  kl=0.0092  vl=0.0596
Step: 268304384 SPS: 8689  ev=0.786  ent=0.918  grad=0.16/0.16  h=4.9 c=41.7  kl=0.0069  vl=0.0566
Step: 268435456 SPS: 8689  ev=0.786  ent=0.954  grad=0.17/0.17  h=4.8 c=41.7  kl=0.0074  vl=0.0561
Step: 268566528 SPS: 8689  ev=0.778  ent=0.898  grad=0.14/0.14  h=4.8 c=41.0  kl=0.0072  vl=0.0570
Step: 268697600 SPS: 8689  ev=0.784  ent=0.903  grad=0.19/0.19  h=4.9 c=40.9  kl=0.0097  vl=0.0558
Step: 268828672 SPS: 8689  ev=0.782  ent=0.908  grad=0.17/0.17  h=4.9 c=41.4  kl=0.0073  vl=0.0586
Step: 268959744 SPS: 8689  ev=0.777  ent=0.887  grad=0.18/0.18  h=4.8 c=40.3  kl=0.0074  vl=0.0612
Step: 269090816 SPS: 8689  ev=0.771  ent=0.872  grad=0.14/0.14  h=4.8 c=39.9  kl=0.0081  vl=0.0600
Step: 269221888 SPS: 8689  ev=0.773  ent=0.864  grad=0.19/0.19  h=4.8 c=39.2  kl=0.0068  vl=0.0567
Step: 269352960 SPS: 8689  ev=0.775  ent=0.870  grad=0.22/0.22  h=4.8 c=40.1  kl=0.0078  vl=0.0576
Step: 269484032 SPS: 8689  ev=0.773  ent=0.880  grad=0.12/0.12  h=4.8 c=39.6  kl=0.0068  vl=0.0588
Step: 269615104 SPS: 8688  ev=0.767  ent=0.836  grad=0.20/0.20  h=4.8 c=39.8  kl=0.0073  vl=0.0600
Step: 269746176 SPS: 8688  ev=0.771  ent=0.850  grad=0.14/0.14  h=4.8 c=39.8  kl=0.0066  vl=0.0605
Step: 269877248 SPS: 8688  ev=0.770  ent=0.889  grad=0.22/0.22  h=4.8 c=40.9  kl=0.0085  vl=0.0588
Step: 270008320 SPS: 8688  ev=0.773  ent=0.921  grad=0.17/0.17  h=4.8 c=40.4  kl=0.0081  vl=0.0594
Step: 270139392 SPS: 8688  ev=0.785  ent=0.930  grad=0.11/0.11  h=4.8 c=40.8  kl=0.0062  vl=0.0581
Step: 270270464 SPS: 8688  ev=0.778  ent=0.891  grad=0.20/0.20  h=4.8 c=40.3  kl=0.0082  vl=0.0602
Step: 270401536 SPS: 8688  ev=0.783  ent=0.991  grad=0.22/0.22  h=4.9 c=40.9  kl=0.0087  vl=0.0570
Step: 270532608 SPS: 8688  ev=0.789  ent=0.959  grad=0.14/0.14  h=4.9 c=41.7  kl=0.0071  vl=0.0570
Step: 270663680 SPS: 8689  ev=0.782  ent=0.942  grad=0.17/0.17  h=4.9 c=42.0  kl=0.0068  vl=0.0569
Step: 270794752 SPS: 8689  ev=0.784  ent=0.945  grad=0.18/0.18  h=4.9 c=41.6  kl=0.0068  vl=0.0567
Step: 270925824 SPS: 8689  ev=0.785  ent=0.937  grad=0.15/0.15  h=4.9 c=42.2  kl=0.0098  vl=0.0576
Step: 271056896 SPS: 8689  ev=0.781  ent=0.916  grad=0.14/0.14  h=4.9 c=40.7  kl=0.0072  vl=0.0590
Step: 271187968 SPS: 8689  ev=0.788  ent=0.959  grad=0.25/0.25  h=4.9 c=41.7  kl=0.0072  vl=0.0547
Step: 271319040 SPS: 8689  ev=0.778  ent=0.933  grad=0.13/0.13  h=4.9 c=41.5  kl=0.0072  vl=0.0589
Step: 271450112 SPS: 8689  ev=0.778  ent=0.917  grad=0.14/0.14  h=4.8 c=40.5  kl=0.0084  vl=0.0596
Step: 271581184 SPS: 8689  ev=0.784  ent=0.939  grad=0.13/0.13  h=4.9 c=41.3  kl=0.0076  vl=0.0591
Step: 271712256 SPS: 8689  ev=0.782  ent=0.937  grad=0.15/0.15  h=4.9 c=41.3  kl=0.0067  vl=0.0580
Step: 271843328 SPS: 8689  ev=0.774  ent=0.926  grad=0.19/0.19  h=4.8 c=41.3  kl=0.0074  vl=0.0577
Step: 271974400 SPS: 8689  ev=0.784  ent=0.925  grad=0.15/0.15  h=4.8 c=40.6  kl=0.0075  vl=0.0547
Step: 272105472 SPS: 8689  ev=0.786  ent=0.920  grad=0.14/0.14  h=4.8 c=40.7  kl=0.0077  vl=0.0567
Step: 272236544 SPS: 8689  ev=0.786  ent=0.928  grad=0.15/0.15  h=4.8 c=40.4  kl=0.0073  vl=0.0566
Step: 272367616 SPS: 8689  ev=0.779  ent=0.891  grad=0.20/0.20  h=4.8 c=40.4  kl=0.0075  vl=0.0597
  vs Random: 101W/0L/0D | score=33.0±21.1 inv=1.9 played=20.1 lanes=5.0 ddraw=20.5 pts=33
  Self-play: 49W/50L/1D | score=6.7±24.6 inv=1.6 played=17.7 lanes=5.0 ddraw=3.3 pts=7
Step: 272498688 SPS: 8689  ev=0.781  ent=0.865  grad=0.11/0.11  h=4.8 c=40.4  kl=0.0069  vl=0.0560
Step: 272629760 SPS: 8689  ev=0.777  ent=0.864  grad=0.22/0.22  h=4.8 c=40.4  kl=0.0089  vl=0.0592
Step: 272760832 SPS: 8689  ev=0.781  ent=0.879  grad=0.30/0.30  h=4.8 c=39.7  kl=0.0090  vl=0.0575
Step: 272891904 SPS: 8689  ev=0.775  ent=0.858  grad=0.15/0.15  h=4.8 c=40.1  kl=0.0084  vl=0.0599
Step: 273022976 SPS: 8689  ev=0.768  ent=0.833  grad=0.13/0.13  h=4.8 c=39.7  kl=0.0072  vl=0.0608
Step: 273154048 SPS: 8689  ev=0.770  ent=0.816  grad=0.21/0.21  h=4.8 c=39.4  kl=0.0069  vl=0.0599
Step: 273285120 SPS: 8689  ev=0.768  ent=0.811  grad=0.15/0.15  h=4.8 c=39.4  kl=0.0069  vl=0.0600
Step: 273416192 SPS: 8689  ev=0.768  ent=0.822  grad=0.14/0.14  h=4.8 c=39.1  kl=0.0084  vl=0.0598
Step: 273547264 SPS: 8689  ev=0.771  ent=0.835  grad=0.15/0.15  h=4.8 c=39.6  kl=0.0088  vl=0.0597
Step: 273678336 SPS: 8689  ev=0.775  ent=0.877  grad=0.15/0.15  h=4.8 c=40.1  kl=0.0069  vl=0.0566
Step: 273809408 SPS: 8689  ev=0.774  ent=0.892  grad=0.18/0.18  h=4.8 c=40.1  kl=0.0069  vl=0.0577
Step: 273940480 SPS: 8689  ev=0.779  ent=0.886  grad=0.15/0.15  h=4.8 c=39.7  kl=0.0071  vl=0.0564
Step: 274071552 SPS: 8689  ev=0.785  ent=0.933  grad=0.10/0.10  h=4.8 c=39.9  kl=0.0065  vl=0.0558
Step: 274202624 SPS: 8689  ev=0.781  ent=0.891  grad=0.14/0.14  h=4.8 c=40.6  kl=0.0077  vl=0.0578
Step: 274333696 SPS: 8689  ev=0.777  ent=0.882  grad=0.19/0.19  h=4.8 c=40.6  kl=0.0074  vl=0.0602
Step: 274464768 SPS: 8689  ev=0.781  ent=0.933  grad=0.13/0.13  h=4.8 c=40.5  kl=0.0068  vl=0.0567
Step: 274595840 SPS: 8689  ev=0.780  ent=0.891  grad=0.13/0.13  h=4.8 c=40.1  kl=0.0071  vl=0.0606
Step: 274726912 SPS: 8688  ev=0.778  ent=0.907  grad=0.14/0.14  h=4.8 c=40.3  kl=0.0067  vl=0.0597
Step: 274857984 SPS: 8688  ev=0.781  ent=0.919  grad=0.21/0.21  h=4.8 c=40.7  kl=0.0086  vl=0.0588
Step: 274989056 SPS: 8689  ev=0.776  ent=0.938  grad=0.17/0.17  h=4.8 c=41.3  kl=0.0083  vl=0.0597
Step: 275120128 SPS: 8688  ev=0.784  ent=0.920  grad=0.17/0.17  h=4.9 c=41.2  kl=0.0073  vl=0.0571
Step: 275251200 SPS: 8688  ev=0.784  ent=0.908  grad=0.16/0.16  h=4.8 c=40.8  kl=0.0072  vl=0.0554
Step: 275382272 SPS: 8688  ev=0.779  ent=0.942  grad=0.23/0.23  h=4.8 c=40.9  kl=0.0083  vl=0.0575
Step: 275513344 SPS: 8688  ev=0.779  ent=0.926  grad=0.14/0.14  h=4.8 c=41.0  kl=0.0072  vl=0.0565
Step: 275644416 SPS: 8689  ev=0.788  ent=0.918  grad=0.21/0.21  h=4.8 c=41.7  kl=0.0082  vl=0.0555
Step: 275775488 SPS: 8689  ev=0.773  ent=0.865  grad=0.13/0.13  h=4.8 c=41.4  kl=0.0070  vl=0.0600
Step: 275906560 SPS: 8689  ev=0.779  ent=0.898  grad=0.23/0.23  h=4.8 c=40.8  kl=0.0096  vl=0.0585
Step: 276037632 SPS: 8688  ev=0.768  ent=0.860  grad=0.23/0.23  h=4.8 c=39.6  kl=0.0090  vl=0.0586
Step: 276168704 SPS: 8688  ev=0.779  ent=0.887  grad=0.14/0.14  h=4.8 c=40.4  kl=0.0066  vl=0.0584
Step: 276299776 SPS: 8688  ev=0.778  ent=0.897  grad=0.13/0.13  h=4.8 c=42.0  kl=0.0077  vl=0.0595
Step: 276430848 SPS: 8688  ev=0.787  ent=0.919  grad=0.17/0.17  h=4.8 c=40.4  kl=0.0072  vl=0.0563
Step: 276561920 SPS: 8688  ev=0.783  ent=0.917  grad=0.19/0.19  h=4.8 c=41.5  kl=0.0076  vl=0.0585
Step: 276692992 SPS: 8688  ev=0.782  ent=0.907  grad=0.16/0.16  h=4.8 c=40.4  kl=0.0062  vl=0.0570
Step: 276824064 SPS: 8688  ev=0.779  ent=0.894  grad=0.17/0.17  h=4.8 c=40.7  kl=0.0066  vl=0.0571
Step: 276955136 SPS: 8688  ev=0.784  ent=0.885  grad=0.16/0.16  h=4.8 c=40.4  kl=0.0074  vl=0.0567
Step: 277086208 SPS: 8688  ev=0.775  ent=0.919  grad=0.21/0.21  h=4.7 c=40.5  kl=0.0079  vl=0.0578
Step: 277217280 SPS: 8688  ev=0.783  ent=0.899  grad=0.19/0.19  h=4.8 c=42.0  kl=0.0073  vl=0.0568
Step: 277348352 SPS: 8688  ev=0.772  ent=0.887  grad=0.13/0.13  h=4.8 c=41.1  kl=0.0083  vl=0.0587
Step: 277479424 SPS: 8688  ev=0.783  ent=0.887  grad=0.14/0.14  h=4.8 c=41.9  kl=0.0069  vl=0.0578
Step: 277610496 SPS: 8688  ev=0.783  ent=0.941  grad=0.16/0.16  h=4.8 c=41.5  kl=0.0082  vl=0.0569
Step: 277741568 SPS: 8688  ev=0.782  ent=0.915  grad=0.21/0.21  h=4.8 c=40.8  kl=0.0112  vl=0.0571
Step: 277872640 SPS: 8688  ev=0.773  ent=0.883  grad=0.14/0.14  h=4.8 c=42.1  kl=0.0077  vl=0.0576
Step: 278003712 SPS: 8688  ev=0.773  ent=0.870  grad=0.19/0.19  h=4.8 c=40.8  kl=0.0074  vl=0.0573
Step: 278134784 SPS: 8688  ev=0.784  ent=0.912  grad=0.15/0.15  h=4.8 c=40.8  kl=0.0071  vl=0.0552
Step: 278265856 SPS: 8688  ev=0.781  ent=0.860  grad=0.16/0.16  h=4.8 c=40.6  kl=0.0069  vl=0.0561
Step: 278396928 SPS: 8688  ev=0.779  ent=0.881  grad=0.13/0.13  h=4.7 c=40.7  kl=0.0065  vl=0.0577
Step: 278528000 SPS: 8688  ev=0.777  ent=0.891  grad=0.21/0.21  h=4.8 c=41.6  kl=0.0084  vl=0.0584
Step: 278659072 SPS: 8688  ev=0.780  ent=0.876  grad=0.18/0.18  h=4.8 c=40.9  kl=0.0083  vl=0.0575
Step: 278790144 SPS: 8688  ev=0.781  ent=0.899  grad=0.13/0.13  h=4.8 c=41.2  kl=0.0076  vl=0.0579
Step: 278921216 SPS: 8688  ev=0.785  ent=0.880  grad=0.12/0.12  h=4.8 c=41.6  kl=0.0067  vl=0.0575
Step: 279052288 SPS: 8688  ev=0.781  ent=0.923  grad=0.22/0.22  h=4.8 c=41.8  kl=0.0094  vl=0.0577
Step: 279183360 SPS: 8688  ev=0.782  ent=0.910  grad=0.13/0.13  h=4.8 c=40.9  kl=0.0074  vl=0.0588
Step: 279314432 SPS: 8688  ev=0.782  ent=0.912  grad=0.14/0.14  h=4.8 c=41.7  kl=0.0070  vl=0.0587
Step: 279445504 SPS: 8688  ev=0.774  ent=0.918  grad=0.16/0.16  h=4.8 c=41.1  kl=0.0078  vl=0.0582
Step: 279576576 SPS: 8688  ev=0.789  ent=0.944  grad=0.16/0.16  h=4.8 c=42.4  kl=0.0062  vl=0.0554
Step: 279707648 SPS: 8688  ev=0.784  ent=0.958  grad=0.13/0.13  h=4.8 c=41.7  kl=0.0087  vl=0.0559
Step: 279838720 SPS: 8688  ev=0.777  ent=0.892  grad=0.25/0.25  h=4.8 c=41.6  kl=0.0075  vl=0.0589
Step: 279969792 SPS: 8688  ev=0.782  ent=0.910  grad=0.19/0.19  h=4.8 c=41.4  kl=0.0073  vl=0.0571
Step: 280100864 SPS: 8688  ev=0.785  ent=0.922  grad=0.11/0.11  h=4.8 c=41.5  kl=0.0069  vl=0.0569
Step: 280231936 SPS: 8688  ev=0.783  ent=0.923  grad=0.14/0.14  h=4.8 c=40.8  kl=0.0067  vl=0.0573
Step: 280363008 SPS: 8688  ev=0.790  ent=0.931  grad=0.13/0.13  h=4.8 c=41.8  kl=0.0066  vl=0.0549
Step: 280494080 SPS: 8688  ev=0.789  ent=0.927  grad=0.13/0.13  h=4.8 c=42.4  kl=0.0090  vl=0.0580
Step: 280625152 SPS: 8688  ev=0.778  ent=0.922  grad=0.15/0.15  h=4.8 c=41.2  kl=0.0071  vl=0.0586
Step: 280756224 SPS: 8688  ev=0.787  ent=0.918  grad=0.11/0.11  h=4.8 c=42.1  kl=0.0075  vl=0.0573
Step: 280887296 SPS: 8688  ev=0.798  ent=0.977  grad=0.19/0.19  h=4.8 c=42.7  kl=0.0077  vl=0.0537
Step: 281018368 SPS: 8689  ev=0.783  ent=0.961  grad=0.22/0.22  h=4.8 c=42.5  kl=0.0079  vl=0.0583
Step: 281149440 SPS: 8689  ev=0.784  ent=0.986  grad=0.19/0.19  h=4.8 c=42.1  kl=0.0075  vl=0.0573
Step: 281280512 SPS: 8689  ev=0.785  ent=0.950  grad=0.15/0.15  h=4.8 c=41.9  kl=0.0071  vl=0.0575
Step: 281411584 SPS: 8689  ev=0.784  ent=0.935  grad=0.15/0.15  h=4.8 c=41.9  kl=0.0074  vl=0.0598
Step: 281542656 SPS: 8688  ev=0.783  ent=0.900  grad=0.17/0.17  h=4.8 c=40.9  kl=0.0066  vl=0.0563
Step: 281673728 SPS: 8688  ev=0.780  ent=0.902  grad=0.13/0.13  h=4.8 c=41.3  kl=0.0079  vl=0.0596
Step: 281804800 SPS: 8688  ev=0.785  ent=0.909  grad=0.16/0.16  h=4.8 c=41.7  kl=0.0071  vl=0.0573
Step: 281935872 SPS: 8688  ev=0.777  ent=0.887  grad=0.25/0.25  h=4.7 c=41.3  kl=0.0081  vl=0.0567
Step: 282066944 SPS: 8688  ev=0.779  ent=0.886  grad=0.18/0.18  h=4.7 c=41.2  kl=0.0068  vl=0.0571
Step: 282198016 SPS: 8688  ev=0.775  ent=0.858  grad=0.14/0.14  h=4.7 c=39.7  kl=0.0078  vl=0.0592
Step: 282329088 SPS: 8688  ev=0.771  ent=0.808  grad=0.17/0.17  h=4.7 c=39.7  kl=0.0070  vl=0.0577
Step: 282460160 SPS: 8688  ev=0.778  ent=0.845  grad=0.22/0.22  h=4.8 c=40.3  kl=0.0085  vl=0.0581
  vs Random: 100W/0L/0D | score=39.1±24.6 inv=1.9 played=20.4 lanes=5.0 ddraw=22.4 pts=39
  Self-play: 58W/42L/0D | score=10.8±22.8 inv=1.7 played=17.9 lanes=5.0 ddraw=3.3 pts=11
Step: 282591232 SPS: 8688  ev=0.779  ent=0.866  grad=0.13/0.13  h=4.8 c=40.7  kl=0.0078  vl=0.0585
Step: 282722304 SPS: 8688  ev=0.783  ent=0.883  grad=0.19/0.19  h=4.8 c=40.8  kl=0.0080  vl=0.0565
Step: 282853376 SPS: 8688  ev=0.783  ent=0.916  grad=0.13/0.13  h=4.8 c=41.5  kl=0.0080  vl=0.0577
Step: 282984448 SPS: 8688  ev=0.787  ent=0.904  grad=0.20/0.20  h=4.8 c=42.4  kl=0.0079  vl=0.0558
Step: 283115520 SPS: 8688  ev=0.785  ent=0.898  grad=0.15/0.15  h=4.8 c=41.8  kl=0.0073  vl=0.0568
Step: 283246592 SPS: 8687  ev=0.784  ent=0.929  grad=0.13/0.13  h=4.8 c=42.6  kl=0.0079  vl=0.0587
Step: 283377664 SPS: 8687  ev=0.789  ent=0.939  grad=0.13/0.13  h=4.8 c=41.8  kl=0.0063  vl=0.0557
Step: 283508736 SPS: 8687  ev=0.790  ent=0.888  grad=0.16/0.16  h=4.8 c=41.3  kl=0.0083  vl=0.0590
Step: 283639808 SPS: 8688  ev=0.779  ent=0.876  grad=0.13/0.13  h=4.8 c=42.0  kl=0.0069  vl=0.0597
Step: 283770880 SPS: 8688  ev=0.783  ent=0.887  grad=0.14/0.14  h=4.8 c=41.8  kl=0.0077  vl=0.0582
Step: 283901952 SPS: 8688  ev=0.777  ent=0.848  grad=0.13/0.13  h=4.7 c=40.9  kl=0.0070  vl=0.0580
Step: 284033024 SPS: 8688  ev=0.772  ent=0.858  grad=0.15/0.15  h=4.8 c=41.1  kl=0.0077  vl=0.0572
Step: 284164096 SPS: 8688  ev=0.774  ent=0.835  grad=0.20/0.20  h=4.7 c=40.3  kl=0.0082  vl=0.0578
Step: 284295168 SPS: 8687  ev=0.778  ent=0.847  grad=0.11/0.11  h=4.8 c=42.1  kl=0.0067  vl=0.0584
Step: 284426240 SPS: 8687  ev=0.778  ent=0.879  grad=0.12/0.12  h=4.8 c=41.3  kl=0.0067  vl=0.0594
Step: 284557312 SPS: 8687  ev=0.781  ent=0.868  grad=0.12/0.12  h=4.8 c=41.0  kl=0.0068  vl=0.0577
Step: 284688384 SPS: 8687  ev=0.781  ent=0.870  grad=0.13/0.13  h=4.7 c=40.8  kl=0.0065  vl=0.0571
Step: 284819456 SPS: 8687  ev=0.786  ent=0.939  grad=0.15/0.15  h=4.7 c=40.9  kl=0.0070  vl=0.0566
Step: 284950528 SPS: 8688  ev=0.781  ent=0.912  grad=0.16/0.16  h=4.8 c=41.2  kl=0.0070  vl=0.0571
Step: 285081600 SPS: 8688  ev=0.788  ent=0.950  grad=0.20/0.20  h=4.8 c=41.7  kl=0.0073  vl=0.0559
Step: 285212672 SPS: 8688  ev=0.789  ent=0.946  grad=0.26/0.26  h=4.8 c=41.8  kl=0.0088  vl=0.0564
Step: 285343744 SPS: 8688  ev=0.782  ent=0.925  grad=0.25/0.25  h=4.8 c=41.9  kl=0.0087  vl=0.0569
Step: 285474816 SPS: 8688  ev=0.791  ent=0.931  grad=0.22/0.22  h=4.8 c=42.0  kl=0.0084  vl=0.0558
Step: 285605888 SPS: 8688  ev=0.788  ent=0.924  grad=0.12/0.12  h=4.7 c=41.7  kl=0.0074  vl=0.0577
Step: 285736960 SPS: 8688  ev=0.784  ent=0.911  grad=0.11/0.11  h=4.8 c=42.0  kl=0.0072  vl=0.0561
Step: 285868032 SPS: 8688  ev=0.788  ent=0.895  grad=0.12/0.12  h=4.7 c=41.9  kl=0.0073  vl=0.0566
Step: 285999104 SPS: 8688  ev=0.774  ent=0.865  grad=0.13/0.13  h=4.7 c=40.7  kl=0.0065  vl=0.0628
Step: 286130176 SPS: 8688  ev=0.778  ent=0.883  grad=0.17/0.17  h=4.7 c=41.2  kl=0.0078  vl=0.0573
Step: 286261248 SPS: 8687  ev=0.782  ent=0.858  grad=0.16/0.16  h=4.7 c=41.7  kl=0.0076  vl=0.0594
Step: 286392320 SPS: 8687  ev=0.775  ent=0.858  grad=0.16/0.16  h=4.7 c=41.1  kl=0.0066  vl=0.0584
Step: 286523392 SPS: 8687  ev=0.781  ent=0.915  grad=0.17/0.17  h=4.8 c=41.7  kl=0.0082  vl=0.0564
Step: 286654464 SPS: 8687  ev=0.776  ent=0.871  grad=0.21/0.21  h=4.7 c=41.1  kl=0.0075  vl=0.0588
Step: 286785536 SPS: 8687  ev=0.778  ent=0.892  grad=0.13/0.13  h=4.8 c=41.2  kl=0.0071  vl=0.0579
Step: 286916608 SPS: 8687  ev=0.784  ent=0.883  grad=0.14/0.14  h=4.7 c=41.8  kl=0.0070  vl=0.0573
Step: 287047680 SPS: 8687  ev=0.784  ent=0.843  grad=0.15/0.15  h=4.7 c=41.5  kl=0.0088  vl=0.0614
Step: 287178752 SPS: 8687  ev=0.778  ent=0.870  grad=0.14/0.14  h=4.7 c=41.5  kl=0.0081  vl=0.0593
Step: 287309824 SPS: 8687  ev=0.787  ent=0.899  grad=0.11/0.11  h=4.7 c=41.4  kl=0.0069  vl=0.0571
Step: 287440896 SPS: 8687  ev=0.783  ent=0.896  grad=0.15/0.15  h=4.7 c=41.5  kl=0.0362  vl=0.0569
Step: 287571968 SPS: 8687  ev=0.786  ent=0.914  grad=0.13/0.13  h=4.7 c=41.5  kl=0.0051  vl=0.0583
Step: 287703040 SPS: 8686  ev=0.791  ent=0.936  grad=0.12/0.12  h=4.7 c=42.5  kl=0.0052  vl=0.0574
Step: 287834112 SPS: 8686  ev=0.787  ent=0.921  grad=0.15/0.15  h=4.7 c=42.1  kl=0.0051  vl=0.0573
Step: 287965184 SPS: 8686  ev=0.781  ent=0.874  grad=0.12/0.12  h=4.7 c=42.1  kl=0.0053  vl=0.0580
Step: 288096256 SPS: 8686  ev=0.792  ent=0.950  grad=0.13/0.13  h=4.8 c=42.4  kl=0.0051  vl=0.0551
Step: 288227328 SPS: 8686  ev=0.795  ent=0.937  grad=0.13/0.13  h=4.7 c=42.6  kl=0.0049  vl=0.0570
Step: 288358400 SPS: 8686  ev=0.788  ent=0.913  grad=0.19/0.19  h=4.7 c=42.5  kl=0.0078  vl=0.0588
Step: 288489472 SPS: 8686  ev=0.787  ent=0.942  grad=0.16/0.16  h=4.7 c=41.9  kl=0.0079  vl=0.0573
Step: 288620544 SPS: 8686  ev=0.787  ent=0.925  grad=0.14/0.14  h=4.7 c=42.0  kl=0.0069  vl=0.0563
Step: 288751616 SPS: 8686  ev=0.783  ent=0.918  grad=0.14/0.14  h=4.7 c=42.3  kl=0.0076  vl=0.0592
Step: 288882688 SPS: 8686  ev=0.785  ent=0.910  grad=0.26/0.26  h=4.7 c=41.6  kl=0.0082  vl=0.0566
Step: 289013760 SPS: 8686  ev=0.783  ent=0.931  grad=0.15/0.15  h=4.7 c=42.7  kl=0.0078  vl=0.0567
Step: 289144832 SPS: 8686  ev=0.782  ent=0.903  grad=0.16/0.16  h=4.7 c=40.7  kl=0.0081  vl=0.0582
Step: 289275904 SPS: 8686  ev=0.780  ent=0.911  grad=0.20/0.20  h=4.7 c=40.8  kl=0.0077  vl=0.0583
Step: 289406976 SPS: 8686  ev=0.778  ent=0.894  grad=0.15/0.15  h=4.7 c=41.9  kl=0.0077  vl=0.0587
Step: 289538048 SPS: 8686  ev=0.780  ent=0.901  grad=0.17/0.17  h=4.7 c=41.0  kl=0.0073  vl=0.0587
Step: 289669120 SPS: 8686  ev=0.787  ent=0.945  grad=0.20/0.20  h=4.7 c=41.1  kl=0.0085  vl=0.0553
Step: 289800192 SPS: 8686  ev=0.787  ent=0.947  grad=0.16/0.16  h=4.7 c=41.4  kl=0.0076  vl=0.0549
Step: 289931264 SPS: 8686  ev=0.781  ent=0.921  grad=0.12/0.12  h=4.7 c=41.6  kl=0.0064  vl=0.0571
Step: 290062336 SPS: 8686  ev=0.780  ent=0.937  grad=0.13/0.13  h=4.7 c=42.4  kl=0.0075  vl=0.0561
Step: 290193408 SPS: 8686  ev=0.785  ent=0.931  grad=0.15/0.15  h=4.7 c=41.2  kl=0.0070  vl=0.0553
Step: 290324480 SPS: 8686  ev=0.784  ent=0.928  grad=0.19/0.19  h=4.8 c=41.8  kl=0.0077  vl=0.0588
Step: 290455552 SPS: 8686  ev=0.782  ent=0.917  grad=0.20/0.20  h=4.7 c=40.6  kl=0.0086  vl=0.0591
Step: 290586624 SPS: 8686  ev=0.785  ent=0.908  grad=0.13/0.13  h=4.7 c=41.7  kl=0.0078  vl=0.0575
Step: 290717696 SPS: 8686  ev=0.785  ent=0.903  grad=0.16/0.16  h=4.7 c=41.1  kl=0.0071  vl=0.0574
Step: 290848768 SPS: 8686  ev=0.790  ent=0.916  grad=0.11/0.11  h=4.7 c=41.8  kl=0.0085  vl=0.0580
Step: 290979840 SPS: 8686  ev=0.782  ent=0.872  grad=0.12/0.12  h=4.7 c=41.0  kl=0.0082  vl=0.0575
Step: 291110912 SPS: 8686  ev=0.781  ent=0.867  grad=0.15/0.15  h=4.7 c=40.6  kl=0.0079  vl=0.0601
Step: 291241984 SPS: 8686  ev=0.775  ent=0.856  grad=0.15/0.15  h=4.7 c=40.3  kl=0.0071  vl=0.0605
Step: 291373056 SPS: 8686  ev=0.771  ent=0.844  grad=0.15/0.15  h=4.7 c=39.7  kl=0.0085  vl=0.0621
Step: 291504128 SPS: 8686  ev=0.782  ent=0.821  grad=0.18/0.18  h=4.7 c=40.8  kl=0.0085  vl=0.0598
Step: 291635200 SPS: 8686  ev=0.774  ent=0.838  grad=0.21/0.21  h=4.7 c=40.0  kl=0.0074  vl=0.0587
Step: 291766272 SPS: 8686  ev=0.778  ent=0.833  grad=0.16/0.16  h=4.6 c=40.0  kl=0.0074  vl=0.0597
Step: 291897344 SPS: 8686  ev=0.772  ent=0.820  grad=0.18/0.18  h=4.6 c=39.2  kl=0.0072  vl=0.0612
Step: 292028416 SPS: 8686  ev=0.776  ent=0.863  grad=0.17/0.17  h=4.7 c=40.3  kl=0.0072  vl=0.0595
Step: 292159488 SPS: 8685  ev=0.777  ent=0.858  grad=0.16/0.16  h=4.7 c=40.3  kl=0.0077  vl=0.0571
Step: 292290560 SPS: 8685  ev=0.774  ent=0.845  grad=0.12/0.12  h=4.7 c=40.1  kl=0.0069  vl=0.0590
Step: 292421632 SPS: 8684  ev=0.779  ent=0.832  grad=0.13/0.13  h=4.6 c=40.8  kl=0.0078  vl=0.0608
Step: 292552704 SPS: 8683  ev=0.779  ent=0.824  grad=0.19/0.19  h=4.7 c=40.3  kl=0.0086  vl=0.0588
  vs Random: 100W/0L/0D | score=35.8±18.9 inv=1.7 played=19.9 lanes=5.0 ddraw=20.1 pts=36
  Self-play: 38W/62L/0D | score=7.4±25.0 inv=1.8 played=18.0 lanes=5.0 ddraw=3.0 pts=7
Step: 292683776 SPS: 8682  ev=0.779  ent=0.849  grad=0.15/0.15  h=4.7 c=40.4  kl=0.0087  vl=0.0592
Step: 292814848 SPS: 8681  ev=0.776  ent=0.835  grad=0.15/0.15  h=4.7 c=40.7  kl=0.0075  vl=0.0611
Step: 292945920 SPS: 8681  ev=0.778  ent=0.890  grad=0.19/0.19  h=4.7 c=41.0  kl=0.0074  vl=0.0577
Step: 293076992 SPS: 8680  ev=0.773  ent=0.894  grad=0.21/0.21  h=4.7 c=40.9  kl=0.0082  vl=0.0597
Step: 293208064 SPS: 8679  ev=0.783  ent=0.904  grad=0.16/0.16  h=4.7 c=41.9  kl=0.0078  vl=0.0574
Step: 293339136 SPS: 8678  ev=0.780  ent=0.894  grad=0.13/0.13  h=4.7 c=41.4  kl=0.0077  vl=0.0569
Step: 293470208 SPS: 8678  ev=0.785  ent=0.897  grad=0.21/0.21  h=4.7 c=42.5  kl=0.0080  vl=0.0589
Step: 293601280 SPS: 8678  ev=0.789  ent=0.961  grad=0.19/0.19  h=4.7 c=42.4  kl=0.0066  vl=0.0578
Step: 293732352 SPS: 8678  ev=0.792  ent=0.984  grad=0.13/0.13  h=4.7 c=43.8  kl=0.0072  vl=0.0575
Step: 293863424 SPS: 8679  ev=0.790  ent=1.005  grad=0.27/0.27  h=4.7 c=43.5  kl=0.0091  vl=0.0563
Step: 293994496 SPS: 8678  ev=0.793  ent=1.028  grad=0.18/0.18  h=4.7 c=44.2  kl=0.0078  vl=0.0545
Step: 294125568 SPS: 8679  ev=0.797  ent=1.033  grad=0.14/0.14  h=4.7 c=43.9  kl=0.0072  vl=0.0539
Step: 294256640 SPS: 8679  ev=0.790  ent=0.964  grad=0.13/0.13  h=4.7 c=44.4  kl=0.0068  vl=0.0558
Step: 294387712 SPS: 8679  ev=0.792  ent=0.964  grad=0.16/0.16  h=4.7 c=43.6  kl=0.0075  vl=0.0553
Step: 294518784 SPS: 8679  ev=0.795  ent=0.974  grad=0.18/0.18  h=4.7 c=44.2  kl=0.0075  vl=0.0549
Step: 294649856 SPS: 8679  ev=0.791  ent=0.974  grad=0.21/0.21  h=4.7 c=43.4  kl=0.0080  vl=0.0572
Step: 294780928 SPS: 8679  ev=0.791  ent=0.962  grad=0.16/0.16  h=4.7 c=44.3  kl=0.0069  vl=0.0555
Step: 294912000 SPS: 8679  ev=0.790  ent=0.888  grad=0.12/0.12  h=4.6 c=43.6  kl=0.0080  vl=0.0569
Step: 295043072 SPS: 8679  ev=0.788  ent=0.915  grad=0.21/0.21  h=4.6 c=42.9  kl=0.0079  vl=0.0561
Step: 295174144 SPS: 8679  ev=0.779  ent=0.895  grad=0.12/0.12  h=4.6 c=42.2  kl=0.0078  vl=0.0558
Step: 295305216 SPS: 8678  ev=0.777  ent=0.844  grad=0.14/0.14  h=4.6 c=41.7  kl=0.0071  vl=0.0582
Step: 295436288 SPS: 8678  ev=0.775  ent=0.849  grad=0.18/0.18  h=4.5 c=40.4  kl=0.0068  vl=0.0585
Step: 295567360 SPS: 8677  ev=0.778  ent=0.851  grad=0.15/0.15  h=4.6 c=42.6  kl=0.0095  vl=0.0574
Step: 295698432 SPS: 8677  ev=0.776  ent=0.821  grad=0.20/0.20  h=4.6 c=41.5  kl=0.0074  vl=0.0578
Step: 295829504 SPS: 8676  ev=0.782  ent=0.835  grad=0.14/0.14  h=4.6 c=42.1  kl=0.0066  vl=0.0572
Step: 295960576 SPS: 8675  ev=0.771  ent=0.831  grad=0.17/0.17  h=4.5 c=41.1  kl=0.0083  vl=0.0601
Step: 296091648 SPS: 8675  ev=0.774  ent=0.829  grad=0.20/0.20  h=4.6 c=42.5  kl=0.0073  vl=0.0590
Step: 296222720 SPS: 8674  ev=0.778  ent=0.861  grad=0.13/0.13  h=4.5 c=41.0  kl=0.0071  vl=0.0587
Step: 296353792 SPS: 8675  ev=0.779  ent=0.853  grad=0.14/0.14  h=4.6 c=42.3  kl=0.0074  vl=0.0572
Step: 296484864 SPS: 8674  ev=0.777  ent=0.839  grad=0.13/0.13  h=4.6 c=41.0  kl=0.0069  vl=0.0583
Step: 296615936 SPS: 8674  ev=0.779  ent=0.841  grad=0.17/0.17  h=4.6 c=41.7  kl=0.0073  vl=0.0598
Step: 296747008 SPS: 8674  ev=0.781  ent=0.847  grad=0.15/0.15  h=4.6 c=43.1  kl=0.0082  vl=0.0587
Step: 296878080 SPS: 8673  ev=0.780  ent=0.863  grad=0.14/0.14  h=4.6 c=42.3  kl=0.0072  vl=0.0590
Step: 297009152 SPS: 8673  ev=0.789  ent=0.887  grad=0.13/0.13  h=4.6 c=43.2  kl=0.0089  vl=0.0560
Step: 297140224 SPS: 8673  ev=0.782  ent=0.895  grad=0.17/0.17  h=4.6 c=42.6  kl=0.0076  vl=0.0573
Step: 297271296 SPS: 8673  ev=0.791  ent=0.908  grad=0.14/0.14  h=4.6 c=42.0  kl=0.0067  vl=0.0558
Step: 297402368 SPS: 8673  ev=0.789  ent=0.933  grad=0.11/0.11  h=4.6 c=42.4  kl=0.0062  vl=0.0561
Step: 297533440 SPS: 8673  ev=0.784  ent=0.967  grad=0.22/0.22  h=4.6 c=42.4  kl=0.0072  vl=0.0544
