wandb: [wandb.login()] Loaded credentials for https://api.wandb.ai from /home/zzhang18/.netrc.
wandb: Currently logged in as: nchen3 (ningcong-chen) to https://api.wandb.ai. Use `wandb login --relogin` to force relogin
wandb: Tracking run with wandb version 0.25.1
wandb: Run data is saved locally in /home/zzhang18/nchen3/eco/wandb/run-20260408_040456-h868bqtm
wandb: Run `wandb offline` to turn off syncing.
wandb: Syncing run lc__lc_ppo_from_dense_default_dd5_dd5ft__1__1775635496
wandb: ⭐️ View project at https://wandb.ai/ningcong-chen/ppo-eco
wandb: 🚀 View run at https://wandb.ai/ningcong-chen/ppo-eco/runs/h868bqtm
Agent params: 2,243,161
Loaded pretrained model from model/lc_ppo_from_dense_default_dd5/pretrained.pkt
Step: 4096 SPS: 942  ev=-0.357  ent=1.103  grad=1.80/0.50  h=5.2 c=10.1  kl=0.0354  vl=6.5067
Step: 8192 SPS: 966  ev=0.074  ent=1.083  grad=1.32/0.50  h=5.4 c=10.2  kl=0.0113  vl=2.1498
Step: 12288 SPS: 924  ev=-1.447  ent=1.110  grad=0.40/0.40  h=5.8 c=10.7  kl=0.0282  vl=2.4835
Step: 16384 SPS: 810  ev=-0.147  ent=1.163  grad=1.57/0.50  h=5.4 c=10.9  kl=0.0187  vl=1.5256
Step: 20480 SPS: 806  ev=-0.051  ent=1.177  grad=0.98/0.50  h=5.9 c=11.6  kl=0.0147  vl=0.7570
Step: 24576 SPS: 795  ev=-0.671  ent=1.195  grad=0.60/0.50  h=6.3 c=12.3  kl=0.0153  vl=0.4606
Step: 28672 SPS: 728  ev=0.093  ent=1.283  grad=1.15/0.50  h=5.3 c=10.0  kl=0.0216  vl=0.5329
Step: 32768 SPS: 718  ev=0.137  ent=1.288  grad=0.32/0.32  h=6.1 c=12.5  kl=0.0095  vl=0.2884
Step: 36864 SPS: 713  ev=0.254  ent=1.315  grad=0.79/0.50  h=6.4 c=12.9  kl=0.0204  vl=0.1950
Step: 40960 SPS: 686  ev=0.310  ent=1.371  grad=0.75/0.50  h=5.5 c=10.5  kl=0.0137  vl=0.3074
Step: 45056 SPS: 680  ev=0.251  ent=1.361  grad=0.41/0.41  h=6.3 c=12.8  kl=0.0095  vl=0.2431
Step: 49152 SPS: 679  ev=0.328  ent=1.351  grad=0.40/0.40  h=6.4 c=13.1  kl=0.0029  vl=0.2105
Step: 53248 SPS: 667  ev=0.327  ent=1.480  grad=0.31/0.31  h=6.2 c=12.4  kl=0.0029  vl=0.2621
Step: 57344 SPS: 661  ev=0.251  ent=1.407  grad=1.31/0.50  h=6.2 c=12.8  kl=0.0062  vl=0.2867
Step: 61440 SPS: 659  ev=0.337  ent=1.470  grad=2.19/0.50  h=6.4 c=13.2  kl=0.0113  vl=0.2227
Step: 65536 SPS: 654  ev=0.396  ent=1.534  grad=0.79/0.50  h=6.4 c=13.0  kl=0.0092  vl=0.2004
Step: 69632 SPS: 645  ev=0.272  ent=1.454  grad=1.29/0.50  h=5.9 c=11.8  kl=0.0045  vl=0.2788
Step: 73728 SPS: 645  ev=0.360  ent=1.446  grad=2.25/0.50  h=6.4 c=13.6  kl=0.0123  vl=0.2113
Step: 77824 SPS: 644  ev=0.402  ent=1.461  grad=0.47/0.47  h=6.4 c=13.2  kl=0.0050  vl=0.2144
  vs Random: 93W/7L/0D | score=19.6±29.4 inv=3.0 played=15.5 lanes=4.0 ddraw=53.9 pts=20
  Self-play: 50W/48L/2D | score=21.8±36.6 inv=2.9 played=15.2 lanes=4.0 ddraw=53.0 pts=22
Step: 81920 SPS: 510  ev=0.323  ent=1.457  grad=1.55/0.50  h=5.7 c=11.2  kl=0.0111  vl=0.2849
Step: 86016 SPS: 515  ev=0.355  ent=1.452  grad=0.60/0.50  h=6.3 c=13.3  kl=0.0068  vl=0.2205
Step: 90112 SPS: 520  ev=0.406  ent=1.418  grad=2.30/0.50  h=6.4 c=12.9  kl=0.0128  vl=0.2605
Step: 94208 SPS: 522  ev=0.355  ent=1.415  grad=0.74/0.50  h=5.8 c=11.2  kl=0.0126  vl=0.2161
Step: 98304 SPS: 526  ev=0.375  ent=1.411  grad=1.00/0.50  h=6.2 c=12.8  kl=0.0108  vl=0.2527
Step: 102400 SPS: 534  ev=0.430  ent=1.380  grad=1.59/0.50  h=6.4 c=13.2  kl=0.0179  vl=0.2311
Step: 106496 SPS: 539  ev=0.392  ent=1.420  grad=2.64/0.50  h=6.0 c=12.1  kl=0.0142  vl=0.3308
Step: 110592 SPS: 543  ev=0.289  ent=1.437  grad=1.49/0.50  h=6.1 c=12.6  kl=0.0168  vl=0.2781
Step: 114688 SPS: 549  ev=0.365  ent=1.393  grad=1.35/0.50  h=6.3 c=13.5  kl=0.0174  vl=0.2353
Step: 118784 SPS: 555  ev=0.429  ent=1.387  grad=1.80/0.50  h=6.2 c=12.9  kl=0.0119  vl=0.2881
Step: 122880 SPS: 556  ev=0.391  ent=1.329  grad=1.46/0.50  h=5.8 c=11.9  kl=0.0116  vl=0.2626
Step: 126976 SPS: 561  ev=0.343  ent=1.393  grad=1.22/0.50  h=6.3 c=13.6  kl=0.0196  vl=0.2412
Step: 131072 SPS: 564  ev=0.400  ent=1.367  grad=1.03/0.50  h=6.3 c=13.4  kl=0.0182  vl=0.1852
Step: 135168 SPS: 562  ev=0.320  ent=1.354  grad=1.72/0.50  h=5.7 c=11.2  kl=0.0132  vl=0.2515
Step: 139264 SPS: 564  ev=0.344  ent=1.294  grad=1.11/0.50  h=6.3 c=13.9  kl=0.0200  vl=0.2508
Step: 143360 SPS: 567  ev=0.355  ent=1.336  grad=1.29/0.50  h=6.3 c=13.6  kl=0.0143  vl=0.2073
Step: 147456 SPS: 568  ev=0.339  ent=1.321  grad=2.93/0.50  h=5.8 c=11.6  kl=0.0116  vl=0.3034
Step: 151552 SPS: 569  ev=0.269  ent=1.304  grad=0.85/0.50  h=6.1 c=13.6  kl=0.0155  vl=0.2739
Step: 155648 SPS: 572  ev=0.384  ent=1.266  grad=2.61/0.50  h=6.3 c=13.7  kl=0.0138  vl=0.2353
Step: 159744 SPS: 574  ev=0.393  ent=1.351  grad=1.13/0.50  h=6.1 c=12.6  kl=0.0106  vl=0.2363
  vs Random: 97W/3L/0D | score=35.2±28.3 inv=2.7 played=16.2 lanes=3.9 ddraw=46.4 pts=35
  Self-play: 47W/52L/1D | score=23.4±38.1 inv=2.8 played=15.6 lanes=3.9 ddraw=50.4 pts=23
Step: 163840 SPS: 523  ev=0.205  ent=1.330  grad=2.44/0.50  h=6.0 c=12.8  kl=0.0116  vl=0.3380
Step: 167936 SPS: 526  ev=0.385  ent=1.264  grad=1.10/0.50  h=6.2 c=14.0  kl=0.0179  vl=0.1914
Step: 172032 SPS: 529  ev=0.412  ent=1.263  grad=1.21/0.50  h=6.1 c=12.9  kl=0.0173  vl=0.1855
Step: 176128 SPS: 529  ev=0.362  ent=1.296  grad=1.30/0.50  h=5.7 c=11.9  kl=0.0187  vl=0.2481
Step: 180224 SPS: 532  ev=0.385  ent=1.273  grad=1.43/0.50  h=6.2 c=14.2  kl=0.0124  vl=0.2392
Step: 184320 SPS: 534  ev=0.498  ent=1.228  grad=1.21/0.50  h=6.2 c=13.2  kl=0.0193  vl=0.2303
Step: 188416 SPS: 535  ev=0.350  ent=1.321  grad=1.81/0.50  h=5.7 c=11.4  kl=0.0107  vl=0.2706
Step: 192512 SPS: 536  ev=0.234  ent=1.347  grad=1.21/0.50  h=6.1 c=13.4  kl=0.0133  vl=0.2684
Step: 196608 SPS: 538  ev=0.333  ent=1.288  grad=0.93/0.50  h=6.2 c=13.3  kl=0.0195  vl=0.2320
Step: 200704 SPS: 538  ev=0.382  ent=1.255  grad=1.59/0.50  h=5.8 c=11.8  kl=0.0135  vl=0.2252
Step: 204800 SPS: 540  ev=0.340  ent=1.272  grad=0.99/0.50  h=5.9 c=12.6  kl=0.0103  vl=0.2709
Step: 208896 SPS: 543  ev=0.337  ent=1.240  grad=1.20/0.50  h=6.2 c=13.3  kl=0.0134  vl=0.2210
Step: 212992 SPS: 544  ev=0.397  ent=1.280  grad=1.14/0.50  h=5.9 c=12.3  kl=0.0119  vl=0.2189
Step: 217088 SPS: 545  ev=0.340  ent=1.321  grad=1.76/0.50  h=5.9 c=12.2  kl=0.0118  vl=0.3029
Step: 221184 SPS: 548  ev=0.366  ent=1.214  grad=2.04/0.50  h=6.1 c=13.0  kl=0.0146  vl=0.2493
Step: 225280 SPS: 550  ev=0.345  ent=1.254  grad=1.34/0.50  h=6.1 c=12.9  kl=0.0177  vl=0.2263
Step: 229376 SPS: 551  ev=0.306  ent=1.246  grad=0.98/0.50  h=5.6 c=11.6  kl=0.0134  vl=0.3005
Step: 233472 SPS: 553  ev=0.361  ent=1.288  grad=1.08/0.50  h=6.0 c=13.0  kl=0.0146  vl=0.2115
Step: 237568 SPS: 555  ev=0.382  ent=1.256  grad=2.52/0.50  h=6.1 c=13.1  kl=0.0138  vl=0.2415
Step: 241664 SPS: 556  ev=0.287  ent=1.295  grad=1.26/0.50  h=5.8 c=12.0  kl=0.0118  vl=0.2861
  vs Random: 97W/4L/0D | score=39.3±30.7 inv=2.4 played=16.6 lanes=4.0 ddraw=45.4 pts=39
  Self-play: 51W/50L/0D | score=30.0±38.3 inv=2.5 played=15.7 lanes=4.0 ddraw=51.8 pts=30
Step: 245760 SPS: 520  ev=0.355  ent=1.279  grad=2.09/0.50  h=6.0 c=12.9  kl=0.0126  vl=0.2643
Step: 249856 SPS: 522  ev=0.421  ent=1.229  grad=1.01/0.50  h=6.2 c=13.3  kl=0.0146  vl=0.1922
Step: 253952 SPS: 523  ev=0.295  ent=1.263  grad=1.84/0.50  h=5.8 c=11.9  kl=0.0103  vl=0.2944
Step: 258048 SPS: 524  ev=0.286  ent=1.179  grad=0.96/0.50  h=5.8 c=12.1  kl=0.0108  vl=0.2423
Step: 262144 SPS: 527  ev=0.395  ent=1.219  grad=2.16/0.50  h=6.1 c=13.3  kl=0.0103  vl=0.2355
Step: 266240 SPS: 528  ev=0.321  ent=1.239  grad=1.37/0.50  h=6.0 c=12.3  kl=0.0107  vl=0.2667
Step: 270336 SPS: 528  ev=0.300  ent=1.275  grad=1.03/0.50  h=5.8 c=11.8  kl=0.0208  vl=0.2758
Step: 274432 SPS: 530  ev=0.373  ent=1.192  grad=0.91/0.50  h=6.1 c=13.3  kl=0.0134  vl=0.1821
Step: 278528 SPS: 532  ev=0.343  ent=1.290  grad=1.91/0.50  h=6.1 c=12.8  kl=0.0139  vl=0.2163
Step: 282624 SPS: 532  ev=0.350  ent=1.259  grad=1.71/0.50  h=5.7 c=11.6  kl=0.0123  vl=0.2811
Step: 286720 SPS: 534  ev=0.294  ent=1.175  grad=1.13/0.50  h=6.0 c=13.1  kl=0.0119  vl=0.2400
Step: 290816 SPS: 535  ev=0.380  ent=1.223  grad=0.82/0.50  h=6.0 c=12.9  kl=0.0097  vl=0.1663
Step: 294912 SPS: 536  ev=0.297  ent=1.231  grad=1.39/0.50  h=5.7 c=11.6  kl=0.0111  vl=0.2849
Step: 299008 SPS: 538  ev=0.241  ent=1.291  grad=2.80/0.50  h=5.9 c=12.8  kl=0.0113  vl=0.3202
Step: 303104 SPS: 539  ev=0.389  ent=1.205  grad=0.84/0.50  h=6.0 c=13.1  kl=0.0113  vl=0.1675
Step: 307200 SPS: 539  ev=0.357  ent=1.205  grad=0.85/0.50  h=5.8 c=12.0  kl=0.0126  vl=0.2147
Step: 311296 SPS: 539  ev=0.333  ent=1.233  grad=1.17/0.50  h=5.8 c=12.1  kl=0.0155  vl=0.2990
Step: 315392 SPS: 539  ev=0.342  ent=1.173  grad=1.24/0.50  h=6.0 c=13.1  kl=0.0114  vl=0.2621
Step: 319488 SPS: 540  ev=0.313  ent=1.189  grad=1.11/0.50  h=5.9 c=12.4  kl=0.0114  vl=0.2803
Step: 323584 SPS: 541  ev=0.351  ent=1.179  grad=1.80/0.50  h=5.7 c=11.8  kl=0.0106  vl=0.3024
  vs Random: 99W/1L/0D | score=42.8±31.4 inv=2.7 played=17.5 lanes=4.2 ddraw=43.0 pts=43
  Self-play: 42W/58L/0D | score=25.7±34.8 inv=2.5 played=15.0 lanes=3.9 ddraw=46.8 pts=26
Step: 327680 SPS: 517  ev=0.357  ent=1.216  grad=0.93/0.50  h=5.9 c=13.1  kl=0.0110  vl=0.1983
Step: 331776 SPS: 518  ev=0.353  ent=1.224  grad=1.02/0.50  h=5.8 c=12.2  kl=0.0128  vl=0.2496
Step: 335872 SPS: 519  ev=0.267  ent=1.203  grad=1.81/0.50  h=5.8 c=11.9  kl=0.0133  vl=0.2730
Step: 339968 SPS: 520  ev=0.313  ent=1.158  grad=0.92/0.50  h=5.8 c=12.5  kl=0.0137  vl=0.2510
Step: 344064 SPS: 521  ev=0.351  ent=1.137  grad=1.18/0.50  h=5.9 c=12.8  kl=0.0104  vl=0.2072
Step: 348160 SPS: 521  ev=0.321  ent=1.191  grad=1.14/0.50  h=5.8 c=11.8  kl=0.0149  vl=0.2942
Step: 352256 SPS: 522  ev=0.288  ent=1.137  grad=2.11/0.50  h=5.7 c=12.2  kl=0.0147  vl=0.2742
Step: 356352 SPS: 522  ev=0.270  ent=1.185  grad=0.82/0.50  h=5.9 c=12.9  kl=0.0142  vl=0.2589
Step: 360448 SPS: 523  ev=0.317  ent=1.157  grad=0.79/0.50  h=5.7 c=11.9  kl=0.0143  vl=0.2097
Step: 364544 SPS: 523  ev=0.295  ent=1.137  grad=1.27/0.50  h=5.6 c=11.9  kl=0.0124  vl=0.2656
Step: 368640 SPS: 524  ev=0.322  ent=1.164  grad=0.81/0.50  h=5.8 c=12.7  kl=0.0139  vl=0.2063
Step: 372736 SPS: 525  ev=0.379  ent=1.124  grad=1.96/0.50  h=5.9 c=12.4  kl=0.0102  vl=0.3015
Step: 376832 SPS: 525  ev=0.316  ent=1.132  grad=1.14/0.50  h=5.6 c=11.6  kl=0.0127  vl=0.2472
Step: 380928 SPS: 525  ev=0.293  ent=1.196  grad=1.35/0.50  h=5.8 c=12.7  kl=0.0147  vl=0.2882
Step: 385024 SPS: 526  ev=0.321  ent=1.144  grad=0.91/0.50  h=5.8 c=12.6  kl=0.0122  vl=0.1735
Step: 389120 SPS: 527  ev=0.285  ent=1.209  grad=0.85/0.50  h=5.7 c=12.1  kl=0.0138  vl=0.2823
Step: 393216 SPS: 527  ev=0.284  ent=1.194  grad=0.91/0.50  h=5.7 c=12.7  kl=0.0120  vl=0.2261
Step: 397312 SPS: 529  ev=0.273  ent=1.193  grad=1.13/0.50  h=5.9 c=13.2  kl=0.0136  vl=0.2565
Step: 401408 SPS: 529  ev=0.325  ent=1.179  grad=0.87/0.50  h=5.6 c=12.0  kl=0.0124  vl=0.2768
Step: 405504 SPS: 530  ev=0.256  ent=1.182  grad=1.46/0.50  h=5.8 c=12.8  kl=0.0168  vl=0.2538
  vs Random: 100W/1L/0D | score=44.2±30.3 inv=2.7 played=17.6 lanes=4.1 ddraw=39.1 pts=44
  Self-play: 52W/48L/0D | score=29.8±36.5 inv=2.6 played=16.5 lanes=4.1 ddraw=35.4 pts=30
Step: 409600 SPS: 513  ev=0.308  ent=1.157  grad=1.06/0.50  h=5.9 c=13.5  kl=0.0117  vl=0.2963
Step: 413696 SPS: 513  ev=0.297  ent=1.174  grad=0.89/0.50  h=5.7 c=12.3  kl=0.0123  vl=0.2431
Step: 417792 SPS: 514  ev=0.297  ent=1.131  grad=0.79/0.50  h=5.7 c=12.3  kl=0.0124  vl=0.2465
Step: 421888 SPS: 514  ev=0.269  ent=1.158  grad=1.05/0.50  h=5.8 c=13.1  kl=0.0102  vl=0.2330
Step: 425984 SPS: 515  ev=0.340  ent=1.105  grad=1.15/0.50  h=5.8 c=12.9  kl=0.0118  vl=0.2630
Step: 430080 SPS: 516  ev=0.219  ent=1.156  grad=0.78/0.50  h=5.8 c=12.6  kl=0.0120  vl=0.3249
Step: 434176 SPS: 516  ev=0.258  ent=1.167  grad=1.48/0.50  h=5.8 c=13.2  kl=0.0117  vl=0.2218
Step: 438272 SPS: 517  ev=0.328  ent=1.129  grad=1.20/0.50  h=5.8 c=13.0  kl=0.0131  vl=0.2856
Step: 442368 SPS: 517  ev=0.262  ent=1.161  grad=0.77/0.50  h=5.7 c=12.3  kl=0.0121  vl=0.3055
Step: 446464 SPS: 517  ev=0.291  ent=1.147  grad=1.28/0.50  h=5.8 c=13.1  kl=0.0140  vl=0.2868
Step: 450560 SPS: 517  ev=0.312  ent=1.126  grad=1.03/0.50  h=5.9 c=13.4  kl=0.0145  vl=0.2539
Step: 454656 SPS: 518  ev=0.355  ent=1.139  grad=1.67/0.50  h=5.6 c=12.1  kl=0.0128  vl=0.2690
Step: 458752 SPS: 518  ev=0.274  ent=1.167  grad=1.05/0.50  h=5.7 c=12.8  kl=0.0129  vl=0.2904
Step: 462848 SPS: 518  ev=0.284  ent=1.149  grad=1.11/0.50  h=5.9 c=13.3  kl=0.0112  vl=0.2274
Step: 466944 SPS: 519  ev=0.322  ent=1.176  grad=1.07/0.50  h=5.8 c=12.7  kl=0.0107  vl=0.2420
Step: 471040 SPS: 520  ev=0.267  ent=1.166  grad=1.16/0.50  h=5.8 c=13.0  kl=0.0125  vl=0.2655
Step: 475136 SPS: 521  ev=0.233  ent=1.151  grad=2.06/0.50  h=5.9 c=13.5  kl=0.0121  vl=0.2838
Step: 479232 SPS: 522  ev=0.368  ent=1.130  grad=0.90/0.50  h=5.8 c=13.1  kl=0.0136  vl=0.2874
Step: 483328 SPS: 522  ev=0.311  ent=1.083  grad=1.13/0.50  h=5.7 c=12.6  kl=0.0134  vl=0.2687
Step: 487424 SPS: 522  ev=0.238  ent=1.125  grad=0.92/0.50  h=5.9 c=13.6  kl=0.0142  vl=0.2923
  vs Random: 99W/1L/0D | score=45.4±30.2 inv=2.5 played=18.2 lanes=4.2 ddraw=39.5 pts=45
  Self-play: 56W/43L/1D | score=28.0±29.8 inv=2.6 played=15.9 lanes=3.9 ddraw=33.7 pts=28
Step: 491520 SPS: 509  ev=0.289  ent=1.164  grad=1.37/0.50  h=5.9 c=13.5  kl=0.0116  vl=0.2750
Step: 495616 SPS: 510  ev=0.268  ent=1.129  grad=1.64/0.50  h=5.7 c=12.7  kl=0.0115  vl=0.3195
Step: 499712 SPS: 511  ev=0.317  ent=1.112  grad=1.28/0.50  h=5.8 c=13.4  kl=0.0133  vl=0.2340
Step: 503808 SPS: 511  ev=0.316  ent=1.138  grad=1.10/0.50  h=6.0 c=14.0  kl=0.0121  vl=0.2339
Step: 507904 SPS: 512  ev=0.345  ent=1.176  grad=1.64/0.50  h=5.7 c=12.6  kl=0.0127  vl=0.2828
Step: 512000 SPS: 513  ev=0.253  ent=1.150  grad=1.15/0.50  h=5.7 c=13.0  kl=0.0137  vl=0.2878
Step: 516096 SPS: 514  ev=0.338  ent=1.140  grad=1.38/0.50  h=5.9 c=14.0  kl=0.0111  vl=0.2500
Step: 520192 SPS: 514  ev=0.347  ent=1.124  grad=1.56/0.50  h=5.8 c=13.3  kl=0.0142  vl=0.2268
Step: 524288 SPS: 514  ev=0.350  ent=1.162  grad=0.96/0.50  h=5.8 c=13.3  kl=0.0146  vl=0.2334
Step: 528384 SPS: 515  ev=0.297  ent=1.101  grad=1.09/0.50  h=5.9 c=14.3  kl=0.0114  vl=0.3022
Step: 532480 SPS: 516  ev=0.317  ent=1.086  grad=1.07/0.50  h=5.9 c=13.9  kl=0.0112  vl=0.2501
Step: 536576 SPS: 516  ev=0.269  ent=1.085  grad=2.12/0.50  h=5.8 c=13.2  kl=0.0130  vl=0.2854
Step: 540672 SPS: 516  ev=0.290  ent=1.127  grad=0.91/0.50  h=5.9 c=14.0  kl=0.0146  vl=0.2546
Step: 544768 SPS: 517  ev=0.330  ent=1.106  grad=1.96/0.50  h=6.0 c=14.1  kl=0.0149  vl=0.2202
Step: 548864 SPS: 518  ev=0.252  ent=1.126  grad=1.73/0.50  h=5.8 c=13.1  kl=0.0114  vl=0.2436
Step: 552960 SPS: 518  ev=0.202  ent=1.131  grad=1.72/0.50  h=5.9 c=13.9  kl=0.0130  vl=0.2899
Step: 557056 SPS: 519  ev=0.320  ent=1.156  grad=0.92/0.50  h=5.9 c=14.1  kl=0.0147  vl=0.2113
Step: 561152 SPS: 519  ev=0.295  ent=1.121  grad=1.34/0.50  h=5.8 c=13.1  kl=0.0119  vl=0.2409
Step: 565248 SPS: 519  ev=0.354  ent=1.084  grad=0.95/0.50  h=5.8 c=13.2  kl=0.0139  vl=0.2484
Step: 569344 SPS: 520  ev=0.290  ent=1.076  grad=0.95/0.50  h=5.9 c=13.8  kl=0.0125  vl=0.2652
  vs Random: 99W/1L/0D | score=46.5±26.6 inv=2.5 played=17.4 lanes=4.0 ddraw=36.5 pts=46
  Self-play: 48W/52L/0D | score=33.7±35.5 inv=2.8 played=15.8 lanes=3.8 ddraw=30.6 pts=34
Step: 573440 SPS: 509  ev=0.279  ent=1.146  grad=0.99/0.50  h=5.9 c=13.4  kl=0.0156  vl=0.2608
Step: 577536 SPS: 510  ev=0.291  ent=1.073  grad=1.02/0.50  h=5.8 c=13.2  kl=0.0101  vl=0.2388
Step: 581632 SPS: 510  ev=0.355  ent=1.161  grad=1.18/0.50  h=5.9 c=14.1  kl=0.0112  vl=0.1952
Step: 585728 SPS: 510  ev=0.297  ent=1.127  grad=1.52/0.50  h=6.0 c=13.8  kl=0.0117  vl=0.2493
Step: 589824 SPS: 511  ev=0.231  ent=1.139  grad=0.88/0.50  h=5.7 c=12.9  kl=0.0154  vl=0.2650
Step: 593920 SPS: 512  ev=0.284  ent=1.133  grad=1.20/0.50  h=5.9 c=13.5  kl=0.0107  vl=0.2528
Step: 598016 SPS: 512  ev=0.335  ent=1.127  grad=1.19/0.50  h=6.0 c=13.5  kl=0.0102  vl=0.2204
Step: 602112 SPS: 512  ev=0.300  ent=1.095  grad=0.92/0.50  h=5.7 c=12.6  kl=0.0127  vl=0.2439
Step: 606208 SPS: 513  ev=0.232  ent=1.134  grad=0.91/0.50  h=5.9 c=13.6  kl=0.0109  vl=0.2841
Step: 610304 SPS: 513  ev=0.304  ent=1.125  grad=0.78/0.50  h=5.9 c=13.8  kl=0.0146  vl=0.2085
Step: 614400 SPS: 514  ev=0.268  ent=1.097  grad=0.87/0.50  h=5.8 c=12.9  kl=0.0125  vl=0.2601
Step: 618496 SPS: 514  ev=0.274  ent=1.130  grad=0.78/0.50  h=5.7 c=12.8  kl=0.0113  vl=0.2265
Step: 622592 SPS: 514  ev=0.272  ent=1.146  grad=1.10/0.50  h=5.9 c=13.7  kl=0.0134  vl=0.2614
Step: 626688 SPS: 515  ev=0.379  ent=1.166  grad=1.11/0.50  h=5.9 c=13.1  kl=0.0140  vl=0.2372
Step: 630784 SPS: 515  ev=0.263  ent=1.111  grad=1.11/0.50  h=5.7 c=12.8  kl=0.0137  vl=0.2801
Step: 634880 SPS: 516  ev=0.281  ent=1.158  grad=0.99/0.50  h=5.9 c=13.8  kl=0.0107  vl=0.2276
Step: 638976 SPS: 516  ev=0.356  ent=1.133  grad=0.86/0.50  h=5.8 c=13.1  kl=0.0144  vl=0.2443
Step: 643072 SPS: 517  ev=0.305  ent=1.107  grad=1.69/0.50  h=5.7 c=12.5  kl=0.0130  vl=0.3170
Step: 647168 SPS: 517  ev=0.257  ent=1.145  grad=1.03/0.50  h=5.8 c=13.4  kl=0.0112  vl=0.2982
Step: 651264 SPS: 518  ev=0.257  ent=1.075  grad=1.21/0.50  h=5.8 c=13.2  kl=0.0147  vl=0.2681
  vs Random: 100W/1L/0D | score=48.9±31.1 inv=2.5 played=17.5 lanes=4.1 ddraw=34.7 pts=49
  Self-play: 50W/49L/1D | score=38.3±32.9 inv=2.6 played=16.2 lanes=3.8 ddraw=34.8 pts=38
Step: 655360 SPS: 508  ev=0.315  ent=1.097  grad=0.87/0.50  h=5.7 c=12.6  kl=0.0137  vl=0.2715
Step: 659456 SPS: 508  ev=0.317  ent=1.105  grad=1.09/0.50  h=5.8 c=13.4  kl=0.0093  vl=0.2026
Step: 663552 SPS: 508  ev=0.316  ent=1.128  grad=1.21/0.50  h=5.9 c=13.7  kl=0.0164  vl=0.2417
Step: 667648 SPS: 509  ev=0.274  ent=1.070  grad=1.44/0.50  h=5.7 c=12.7  kl=0.0112  vl=0.3127
Step: 671744 SPS: 509  ev=0.303  ent=1.126  grad=2.84/0.50  h=5.7 c=12.9  kl=0.0137  vl=0.2762
Step: 675840 SPS: 510  ev=0.399  ent=1.135  grad=0.78/0.50  h=5.9 c=13.8  kl=0.0148  vl=0.1722
Step: 679936 SPS: 510  ev=0.303  ent=1.130  grad=1.07/0.50  h=5.8 c=12.9  kl=0.0102  vl=0.2589
Step: 684032 SPS: 511  ev=0.302  ent=1.085  grad=1.05/0.50  h=5.7 c=12.7  kl=0.0175  vl=0.3256
Step: 688128 SPS: 511  ev=0.268  ent=1.085  grad=1.58/0.50  h=5.8 c=13.4  kl=0.0133  vl=0.2456
Step: 692224 SPS: 512  ev=0.256  ent=1.052  grad=0.87/0.50  h=5.8 c=13.3  kl=0.0134  vl=0.2165
Step: 696320 SPS: 512  ev=0.280  ent=1.061  grad=1.13/0.50  h=5.7 c=13.0  kl=0.0107  vl=0.3005
Step: 700416 SPS: 513  ev=0.254  ent=1.045  grad=1.10/0.50  h=5.8 c=13.4  kl=0.0110  vl=0.2407
Step: 704512 SPS: 513  ev=0.285  ent=1.017  grad=1.00/0.50  h=5.9 c=13.8  kl=0.0115  vl=0.2166
Step: 708608 SPS: 514  ev=0.295  ent=1.072  grad=1.13/0.50  h=5.8 c=12.9  kl=0.0131  vl=0.2437
Step: 712704 SPS: 514  ev=0.259  ent=1.107  grad=1.47/0.50  h=5.7 c=13.1  kl=0.0123  vl=0.2869
Step: 716800 SPS: 514  ev=0.305  ent=1.044  grad=1.25/0.50  h=5.9 c=13.4  kl=0.0118  vl=0.2072
Step: 720896 SPS: 515  ev=0.328  ent=1.027  grad=2.59/0.50  h=5.7 c=12.6  kl=0.0096  vl=0.2746
Step: 724992 SPS: 515  ev=0.229  ent=1.075  grad=0.87/0.50  h=5.7 c=12.9  kl=0.0131  vl=0.2429
Step: 729088 SPS: 516  ev=0.296  ent=1.072  grad=0.92/0.50  h=5.8 c=13.6  kl=0.0112  vl=0.2433
Step: 733184 SPS: 516  ev=0.278  ent=1.036  grad=1.11/0.50  h=5.8 c=13.2  kl=0.0110  vl=0.2860
  vs Random: 101W/0L/0D | score=52.3±33.7 inv=2.7 played=18.4 lanes=4.2 ddraw=33.7 pts=52
  Self-play: 51W/48L/1D | score=31.1±35.2 inv=2.6 played=16.3 lanes=4.0 ddraw=28.9 pts=31
Step: 737280 SPS: 508  ev=0.256  ent=1.050  grad=1.10/0.50  h=5.6 c=12.8  kl=0.0106  vl=0.2748
Step: 741376 SPS: 509  ev=0.225  ent=1.069  grad=0.91/0.50  h=5.8 c=13.8  kl=0.0124  vl=0.2648
Step: 745472 SPS: 509  ev=0.315  ent=1.041  grad=1.28/0.50  h=5.8 c=13.7  kl=0.0112  vl=0.2479
Step: 749568 SPS: 510  ev=0.370  ent=1.109  grad=1.59/0.50  h=5.7 c=12.9  kl=0.0125  vl=0.2360
Step: 753664 SPS: 510  ev=0.231  ent=1.101  grad=1.23/0.50  h=5.7 c=13.5  kl=0.0106  vl=0.2834
Step: 757760 SPS: 510  ev=0.302  ent=1.077  grad=0.91/0.50  h=5.8 c=13.8  kl=0.0101  vl=0.2065
Step: 761856 SPS: 510  ev=0.345  ent=1.038  grad=1.08/0.50  h=5.8 c=13.1  kl=0.0111  vl=0.2706
Step: 765952 SPS: 511  ev=0.301  ent=1.050  grad=1.18/0.50  h=5.7 c=13.5  kl=0.0104  vl=0.2374
Step: 770048 SPS: 510  ev=0.293  ent=1.083  grad=0.95/0.50  h=5.9 c=13.9  kl=0.0121  vl=0.2340
Step: 774144 SPS: 510  ev=0.282  ent=1.064  grad=0.89/0.50  h=5.8 c=13.7  kl=0.0110  vl=0.2417
Step: 778240 SPS: 510  ev=0.285  ent=1.095  grad=1.67/0.50  h=5.7 c=13.3  kl=0.0152  vl=0.2860
Step: 782336 SPS: 511  ev=0.283  ent=1.069  grad=0.95/0.50  h=5.8 c=14.1  kl=0.0114  vl=0.2206
Step: 786432 SPS: 511  ev=0.303  ent=1.092  grad=1.30/0.50  h=6.0 c=14.3  kl=0.0109  vl=0.2561
Step: 790528 SPS: 512  ev=0.277  ent=1.048  grad=1.62/0.50  h=5.6 c=13.1  kl=0.0141  vl=0.2509
Step: 794624 SPS: 512  ev=0.249  ent=1.075  grad=1.46/0.50  h=5.7 c=13.7  kl=0.0117  vl=0.2746
Step: 798720 SPS: 513  ev=0.249  ent=1.058  grad=1.01/0.50  h=5.9 c=14.2  kl=0.0109  vl=0.2417
Step: 802816 SPS: 514  ev=0.257  ent=1.096  grad=1.25/0.50  h=5.6 c=12.9  kl=0.0112  vl=0.2596
Step: 806912 SPS: 514  ev=0.276  ent=1.057  grad=2.18/0.50  h=5.8 c=13.7  kl=0.0110  vl=0.2851
Step: 811008 SPS: 515  ev=0.295  ent=1.050  grad=1.09/0.50  h=5.8 c=13.9  kl=0.0132  vl=0.2411
Step: 815104 SPS: 515  ev=0.242  ent=0.992  grad=0.96/0.50  h=5.6 c=12.8  kl=0.0143  vl=0.2919
  vs Random: 100W/0L/0D | score=47.9±32.5 inv=2.6 played=18.9 lanes=4.3 ddraw=33.3 pts=48
  Self-play: 57W/43L/0D | score=34.2±35.9 inv=2.8 played=16.7 lanes=4.1 ddraw=29.1 pts=34
Step: 819200 SPS: 509  ev=0.285  ent=0.994  grad=1.32/0.50  h=5.7 c=13.0  kl=0.0134  vl=0.2575
Step: 823296 SPS: 509  ev=0.260  ent=1.097  grad=1.01/0.50  h=5.8 c=13.5  kl=0.0134  vl=0.2910
Step: 827392 SPS: 510  ev=0.268  ent=1.032  grad=0.88/0.50  h=5.9 c=13.3  kl=0.0111  vl=0.2415
Step: 831488 SPS: 511  ev=0.281  ent=1.038  grad=0.98/0.50  h=5.7 c=13.0  kl=0.0133  vl=0.2377
Step: 835584 SPS: 511  ev=0.262  ent=1.056  grad=1.43/0.50  h=5.8 c=13.6  kl=0.0100  vl=0.2459
Step: 839680 SPS: 511  ev=0.267  ent=1.063  grad=0.86/0.50  h=5.8 c=13.6  kl=0.0099  vl=0.2321
Step: 843776 SPS: 512  ev=0.312  ent=1.039  grad=0.95/0.50  h=5.7 c=12.9  kl=0.0112  vl=0.2755
Step: 847872 SPS: 512  ev=0.268  ent=1.066  grad=0.98/0.50  h=5.8 c=13.3  kl=0.0100  vl=0.2907
Step: 851968 SPS: 513  ev=0.313  ent=1.052  grad=0.98/0.50  h=5.9 c=13.7  kl=0.0128  vl=0.2576
Step: 856064 SPS: 514  ev=0.332  ent=1.003  grad=1.94/0.50  h=5.6 c=12.4  kl=0.0114  vl=0.2464
Step: 860160 SPS: 514  ev=0.248  ent=1.057  grad=1.17/0.50  h=5.7 c=13.0  kl=0.0115  vl=0.2910
Step: 864256 SPS: 515  ev=0.287  ent=1.043  grad=0.92/0.50  h=5.8 c=13.5  kl=0.0124  vl=0.2376
Step: 868352 SPS: 515  ev=0.239  ent=1.021  grad=1.83/0.50  h=5.6 c=12.7  kl=0.0132  vl=0.2871
Step: 872448 SPS: 515  ev=0.293  ent=1.041  grad=0.93/0.50  h=5.6 c=12.7  kl=0.0101  vl=0.2623
Step: 876544 SPS: 516  ev=0.256  ent=0.979  grad=1.37/0.50  h=5.8 c=13.4  kl=0.0107  vl=0.2859
Step: 880640 SPS: 516  ev=0.264  ent=0.990  grad=1.08/0.50  h=5.7 c=12.9  kl=0.0110  vl=0.2943
Step: 884736 SPS: 516  ev=0.239  ent=1.021  grad=2.23/0.50  h=5.6 c=12.6  kl=0.0110  vl=0.2731
Step: 888832 SPS: 517  ev=0.288  ent=1.030  grad=0.88/0.50  h=5.7 c=13.0  kl=0.0115  vl=0.2261
Step: 892928 SPS: 517  ev=0.328  ent=1.039  grad=0.76/0.50  h=5.7 c=13.1  kl=0.0088  vl=0.2208
Step: 897024 SPS: 518  ev=0.344  ent=0.981  grad=2.04/0.50  h=5.5 c=12.4  kl=0.0114  vl=0.2075
  vs Random: 101W/0L/0D | score=56.8±33.2 inv=2.6 played=18.8 lanes=4.2 ddraw=31.2 pts=57
  Self-play: 41W/59L/1D | score=29.6±31.1 inv=2.5 played=16.6 lanes=4.1 ddraw=30.0 pts=30
Step: 901120 SPS: 512  ev=0.272  ent=1.010  grad=0.84/0.50  h=5.7 c=13.2  kl=0.0128  vl=0.2422
Step: 905216 SPS: 512  ev=0.266  ent=0.993  grad=0.97/0.50  h=5.8 c=13.3  kl=0.0117  vl=0.2812
Step: 909312 SPS: 513  ev=0.239  ent=1.051  grad=1.07/0.50  h=5.6 c=12.9  kl=0.0138  vl=0.2723
Step: 913408 SPS: 513  ev=0.284  ent=0.992  grad=0.91/0.50  h=5.6 c=13.0  kl=0.0118  vl=0.2608
Step: 917504 SPS: 514  ev=0.311  ent=1.016  grad=1.39/0.50  h=5.8 c=13.5  kl=0.0107  vl=0.2296
Step: 921600 SPS: 514  ev=0.283  ent=1.067  grad=1.22/0.50  h=5.7 c=12.9  kl=0.0098  vl=0.2930
Step: 925696 SPS: 515  ev=0.320  ent=1.022  grad=1.15/0.50  h=5.5 c=12.6  kl=0.0101  vl=0.2593
Step: 929792 SPS: 515  ev=0.304  ent=1.061  grad=2.25/0.50  h=5.6 c=13.3  kl=0.0115  vl=0.2533
Step: 933888 SPS: 516  ev=0.212  ent=1.082  grad=0.89/0.50  h=5.7 c=13.3  kl=0.0120  vl=0.2816
Step: 937984 SPS: 516  ev=0.291  ent=1.032  grad=0.99/0.50  h=5.5 c=13.0  kl=0.0114  vl=0.2855
Step: 942080 SPS: 516  ev=0.214  ent=1.060  grad=2.07/0.50  h=5.7 c=13.4  kl=0.0105  vl=0.3330
Step: 946176 SPS: 517  ev=0.276  ent=1.068  grad=0.94/0.50  h=5.6 c=13.1  kl=0.0139  vl=0.1921
Step: 950272 SPS: 517  ev=0.193  ent=1.034  grad=1.44/0.50  h=5.5 c=12.6  kl=0.0111  vl=0.2831
Step: 954368 SPS: 518  ev=0.268  ent=1.022  grad=0.86/0.50  h=5.5 c=13.0  kl=0.0108  vl=0.2297
Step: 958464 SPS: 518  ev=0.290  ent=1.026  grad=1.30/0.50  h=5.6 c=13.1  kl=0.0127  vl=0.2308
Step: 962560 SPS: 518  ev=0.300  ent=1.071  grad=1.23/0.50  h=5.5 c=12.2  kl=0.0121  vl=0.2353
Step: 966656 SPS: 519  ev=0.254  ent=1.032  grad=0.85/0.50  h=5.5 c=12.7  kl=0.0096  vl=0.3203
Step: 970752 SPS: 519  ev=0.314  ent=0.990  grad=1.04/0.50  h=5.6 c=13.4  kl=0.0101  vl=0.2028
Step: 974848 SPS: 520  ev=0.336  ent=1.020  grad=1.22/0.50  h=5.5 c=12.9  kl=0.0124  vl=0.2385
Step: 978944 SPS: 520  ev=0.295  ent=1.041  grad=2.22/0.50  h=5.5 c=12.9  kl=0.0114  vl=0.2938
  vs Random: 99W/1L/0D | score=45.1±33.2 inv=2.5 played=18.0 lanes=4.3 ddraw=29.8 pts=45
  Self-play: 57W/41L/2D | score=35.0±33.0 inv=2.8 played=16.6 lanes=4.0 ddraw=27.6 pts=35
Step: 983040 SPS: 515  ev=0.266  ent=1.021  grad=1.92/0.50  h=5.7 c=13.6  kl=0.0105  vl=0.2615
Step: 987136 SPS: 515  ev=0.257  ent=0.994  grad=1.19/0.50  h=5.6 c=13.4  kl=0.0129  vl=0.2567
Step: 991232 SPS: 516  ev=0.344  ent=1.063  grad=2.14/0.50  h=5.5 c=13.0  kl=0.0116  vl=0.2662
Step: 995328 SPS: 516  ev=0.329  ent=1.066  grad=1.27/0.50  h=5.6 c=13.4  kl=0.0112  vl=0.2607
Step: 999424 SPS: 516  ev=0.318  ent=1.026  grad=0.96/0.50  h=5.6 c=13.1  kl=0.0108  vl=0.2210
Step: 1003520 SPS: 517  ev=0.376  ent=0.979  grad=1.39/0.50  h=5.5 c=12.8  kl=0.0107  vl=0.2314
Step: 1007616 SPS: 517  ev=0.262  ent=1.016  grad=0.98/0.50  h=5.6 c=13.0  kl=0.0120  vl=0.2759
Step: 1011712 SPS: 518  ev=0.271  ent=1.008  grad=1.34/0.50  h=5.7 c=13.4  kl=0.0119  vl=0.2649
Step: 1015808 SPS: 518  ev=0.247  ent=0.999  grad=0.75/0.50  h=5.5 c=12.7  kl=0.0140  vl=0.2580
Step: 1019904 SPS: 518  ev=0.286  ent=1.019  grad=0.84/0.50  h=5.5 c=12.9  kl=0.0117  vl=0.2549
Step: 1024000 SPS: 519  ev=0.237  ent=0.999  grad=1.30/0.50  h=5.6 c=13.4  kl=0.0106  vl=0.2925
Step: 1028096 SPS: 519  ev=0.312  ent=1.003  grad=1.24/0.50  h=5.5 c=12.5  kl=0.0145  vl=0.2192
Step: 1032192 SPS: 520  ev=0.338  ent=1.014  grad=0.92/0.50  h=5.4 c=12.6  kl=0.0141  vl=0.2867
Step: 1036288 SPS: 520  ev=0.212  ent=1.021  grad=0.93/0.50  h=5.6 c=13.3  kl=0.0108  vl=0.2631
Step: 1040384 SPS: 521  ev=0.295  ent=1.004  grad=0.96/0.50  h=5.5 c=12.9  kl=0.0151  vl=0.2512
Step: 1044480 SPS: 521  ev=0.292  ent=1.028  grad=1.41/0.50  h=5.5 c=12.9  kl=0.0134  vl=0.2485
Step: 1048576 SPS: 521  ev=0.286  ent=1.015  grad=1.59/0.50  h=5.6 c=13.4  kl=0.0089  vl=0.1962
Step: 1052672 SPS: 522  ev=0.239  ent=0.987  grad=0.92/0.50  h=5.6 c=13.3  kl=0.0116  vl=0.2913
Step: 1056768 SPS: 522  ev=0.229  ent=1.024  grad=2.01/0.50  h=5.6 c=13.1  kl=0.0113  vl=0.2617
Step: 1060864 SPS: 522  ev=0.320  ent=1.037  grad=0.87/0.50  h=5.5 c=13.3  kl=0.0119  vl=0.2731
  vs Random: 99W/0L/1D | score=49.1±26.7 inv=2.6 played=18.6 lanes=4.3 ddraw=29.8 pts=49
  Self-play: 48W/51L/1D | score=31.3±39.4 inv=2.7 played=16.3 lanes=4.1 ddraw=24.6 pts=31
Step: 1064960 SPS: 518  ev=0.263  ent=1.037  grad=0.82/0.50  h=5.7 c=13.7  kl=0.0091  vl=0.2767
Step: 1069056 SPS: 518  ev=0.291  ent=1.033  grad=0.99/0.50  h=5.6 c=13.3  kl=0.0121  vl=0.2084
Step: 1073152 SPS: 518  ev=0.301  ent=0.980  grad=1.59/0.50  h=5.5 c=13.2  kl=0.0140  vl=0.2777
Step: 1077248 SPS: 519  ev=0.295  ent=0.948  grad=0.94/0.50  h=5.7 c=13.7  kl=0.0122  vl=0.2427
Step: 1081344 SPS: 519  ev=0.257  ent=0.997  grad=0.79/0.50  h=5.6 c=13.5  kl=0.0128  vl=0.2347
Step: 1085440 SPS: 520  ev=0.298  ent=0.989  grad=1.34/0.50  h=5.5 c=13.3  kl=0.0124  vl=0.2772
Step: 1089536 SPS: 520  ev=0.300  ent=1.025  grad=0.98/0.50  h=5.6 c=13.8  kl=0.0129  vl=0.2277
Step: 1093632 SPS: 520  ev=0.227  ent=0.998  grad=0.94/0.50  h=5.6 c=13.7  kl=0.0087  vl=0.2475
Step: 1097728 SPS: 521  ev=0.311  ent=0.999  grad=1.42/0.50  h=5.5 c=12.9  kl=0.0122  vl=0.2723
Step: 1101824 SPS: 521  ev=0.271  ent=0.990  grad=1.39/0.50  h=5.5 c=13.3  kl=0.0152  vl=0.2753
Step: 1105920 SPS: 521  ev=0.321  ent=0.961  grad=1.35/0.50  h=5.7 c=13.8  kl=0.0146  vl=0.2392
Step: 1110016 SPS: 522  ev=0.242  ent=0.929  grad=1.46/0.50  h=5.6 c=13.2  kl=0.0114  vl=0.2913
Step: 1114112 SPS: 522  ev=0.355  ent=0.967  grad=0.73/0.50  h=5.5 c=13.2  kl=0.0108  vl=0.2284
Step: 1118208 SPS: 522  ev=0.297  ent=0.957  grad=1.35/0.50  h=5.7 c=13.8  kl=0.0110  vl=0.3196
Step: 1122304 SPS: 523  ev=0.308  ent=0.980  grad=1.27/0.50  h=5.6 c=13.6  kl=0.0109  vl=0.2917
Step: 1126400 SPS: 523  ev=0.222  ent=1.007  grad=0.82/0.50  h=5.5 c=12.9  kl=0.0104  vl=0.2863
Step: 1130496 SPS: 523  ev=0.292  ent=0.950  grad=2.22/0.50  h=5.7 c=13.9  kl=0.0120  vl=0.2838
Step: 1134592 SPS: 524  ev=0.272  ent=0.972  grad=1.11/0.50  h=5.6 c=13.5  kl=0.0127  vl=0.2347
Step: 1138688 SPS: 524  ev=0.327  ent=0.997  grad=1.13/0.50  h=5.5 c=13.2  kl=0.0099  vl=0.2726
Step: 1142784 SPS: 524  ev=0.263  ent=0.953  grad=1.39/0.50  h=5.6 c=13.7  kl=0.0121  vl=0.2308
  vs Random: 100W/0L/0D | score=53.5±31.5 inv=2.6 played=18.3 lanes=4.3 ddraw=28.3 pts=53
  Self-play: 50W/50L/0D | score=33.6±33.4 inv=2.6 played=16.3 lanes=4.0 ddraw=17.7 pts=34
Step: 1146880 SPS: 520  ev=0.258  ent=1.009  grad=0.95/0.50  h=5.7 c=13.8  kl=0.0110  vl=0.2562
Step: 1150976 SPS: 520  ev=0.188  ent=0.962  grad=1.25/0.50  h=5.5 c=13.2  kl=0.0104  vl=0.2889
Step: 1155072 SPS: 521  ev=0.279  ent=0.944  grad=0.82/0.50  h=5.6 c=13.7  kl=0.0100  vl=0.2592
Step: 1159168 SPS: 521  ev=0.281  ent=0.945  grad=0.90/0.50  h=5.7 c=14.6  kl=0.0123  vl=0.2361
Step: 1163264 SPS: 521  ev=0.277  ent=0.968  grad=1.24/0.50  h=5.7 c=14.0  kl=0.0133  vl=0.2902
Step: 1167360 SPS: 521  ev=0.249  ent=0.959  grad=0.80/0.50  h=5.6 c=14.0  kl=0.0118  vl=0.2325
Step: 1171456 SPS: 522  ev=0.278  ent=0.957  grad=0.74/0.50  h=5.8 c=14.9  kl=0.0139  vl=0.2642
Step: 1175552 SPS: 522  ev=0.282  ent=0.940  grad=1.11/0.50  h=5.6 c=14.1  kl=0.0107  vl=0.2295
Step: 1179648 SPS: 522  ev=0.229  ent=0.966  grad=0.89/0.50  h=5.5 c=14.1  kl=0.0150  vl=0.2961
Step: 1183744 SPS: 523  ev=0.325  ent=0.950  grad=0.87/0.50  h=5.7 c=15.2  kl=0.0128  vl=0.2725
Step: 1187840 SPS: 523  ev=0.235  ent=0.997  grad=1.02/0.50  h=5.6 c=14.7  kl=0.0111  vl=0.2708
Step: 1191936 SPS: 523  ev=0.295  ent=0.992  grad=1.03/0.50  h=5.6 c=14.3  kl=0.0115  vl=0.2973
Step: 1196032 SPS: 524  ev=0.295  ent=0.993  grad=1.63/0.50  h=5.6 c=14.8  kl=0.0107  vl=0.2356
Step: 1200128 SPS: 524  ev=0.265  ent=0.994  grad=0.92/0.50  h=5.7 c=15.1  kl=0.0157  vl=0.2791
Step: 1204224 SPS: 524  ev=0.242  ent=0.971  grad=0.90/0.50  h=5.6 c=14.4  kl=0.0122  vl=0.3059
Step: 1208320 SPS: 525  ev=0.283  ent=0.977  grad=1.02/0.50  h=5.6 c=15.0  kl=0.0102  vl=0.1972
Step: 1212416 SPS: 525  ev=0.290  ent=0.955  grad=0.97/0.50  h=5.7 c=15.2  kl=0.0126  vl=0.2679
Step: 1216512 SPS: 526  ev=0.352  ent=0.960  grad=1.66/0.50  h=5.7 c=14.7  kl=0.0108  vl=0.2707
Step: 1220608 SPS: 526  ev=0.326  ent=0.979  grad=0.90/0.50  h=5.7 c=15.2  kl=0.0104  vl=0.2333
Step: 1224704 SPS: 526  ev=0.356  ent=0.966  grad=1.05/0.50  h=5.7 c=15.3  kl=0.0107  vl=0.2155
  vs Random: 100W/0L/0D | score=57.9±32.0 inv=2.8 played=18.9 lanes=4.3 ddraw=28.9 pts=58
  Self-play: 49W/52L/0D | score=31.6±34.5 inv=2.7 played=16.3 lanes=4.0 ddraw=17.5 pts=32
Step: 1228800 SPS: 522  ev=0.317  ent=0.987  grad=1.00/0.50  h=5.7 c=14.7  kl=0.0093  vl=0.2451
Step: 1232896 SPS: 522  ev=0.323  ent=0.967  grad=1.08/0.50  h=5.7 c=14.6  kl=0.0109  vl=0.2317
Step: 1236992 SPS: 523  ev=0.292  ent=0.929  grad=0.93/0.50  h=5.8 c=15.6  kl=0.0104  vl=0.2554
Step: 1241088 SPS: 523  ev=0.292  ent=0.948  grad=1.33/0.50  h=5.7 c=15.1  kl=0.0126  vl=0.2422
Step: 1245184 SPS: 524  ev=0.303  ent=0.959  grad=1.99/0.50  h=5.6 c=14.5  kl=0.0114  vl=0.2480
Step: 1249280 SPS: 524  ev=0.293  ent=0.986  grad=0.89/0.50  h=5.8 c=15.4  kl=0.0111  vl=0.2333
Step: 1253376 SPS: 524  ev=0.238  ent=0.989  grad=1.36/0.50  h=5.7 c=15.1  kl=0.0105  vl=0.2621
Step: 1257472 SPS: 525  ev=0.291  ent=0.922  grad=1.14/0.50  h=5.6 c=14.7  kl=0.0107  vl=0.2644
Step: 1261568 SPS: 525  ev=0.256  ent=0.928  grad=0.77/0.50  h=5.7 c=15.2  kl=0.0109  vl=0.2736
Step: 1265664 SPS: 525  ev=0.274  ent=0.961  grad=1.58/0.50  h=5.7 c=15.2  kl=0.0119  vl=0.2953
Step: 1269760 SPS: 526  ev=0.310  ent=0.941  grad=0.89/0.50  h=5.6 c=14.7  kl=0.0100  vl=0.2532
Step: 1273856 SPS: 526  ev=0.309  ent=0.970  grad=0.84/0.50  h=5.7 c=15.0  kl=0.0127  vl=0.2570
Step: 1277952 SPS: 526  ev=0.274  ent=0.980  grad=0.96/0.50  h=5.7 c=15.2  kl=0.0151  vl=0.2416
Step: 1282048 SPS: 527  ev=0.298  ent=0.945  grad=0.88/0.50  h=5.7 c=15.0  kl=0.0111  vl=0.2356
Step: 1286144 SPS: 527  ev=0.300  ent=0.953  grad=0.98/0.50  h=5.6 c=14.8  kl=0.0130  vl=0.2335
Step: 1290240 SPS: 527  ev=0.276  ent=0.986  grad=0.98/0.50  h=5.7 c=15.8  kl=0.0121  vl=0.2889
Step: 1294336 SPS: 527  ev=0.250  ent=0.946  grad=1.78/0.50  h=5.7 c=15.4  kl=0.0107  vl=0.2886
Step: 1298432 SPS: 528  ev=0.270  ent=0.929  grad=0.98/0.50  h=5.6 c=14.9  kl=0.0097  vl=0.2433
Step: 1302528 SPS: 528  ev=0.334  ent=0.948  grad=1.12/0.50  h=5.7 c=15.3  kl=0.0144  vl=0.2357
Step: 1306624 SPS: 528  ev=0.261  ent=0.954  grad=0.97/0.50  h=5.7 c=15.1  kl=0.0121  vl=0.2709
  vs Random: 101W/0L/0D | score=58.1±30.7 inv=2.6 played=19.0 lanes=4.3 ddraw=26.1 pts=58
  Self-play: 49W/49L/2D | score=31.5±33.4 inv=2.9 played=16.0 lanes=3.8 ddraw=16.3 pts=31
Step: 1310720 SPS: 525  ev=0.361  ent=0.983  grad=1.56/0.50  h=5.6 c=14.7  kl=0.0111  vl=0.2359
Step: 1314816 SPS: 525  ev=0.309  ent=0.931  grad=1.02/0.50  h=5.6 c=14.9  kl=0.0122  vl=0.2404
Step: 1318912 SPS: 525  ev=0.219  ent=1.008  grad=1.83/0.50  h=5.6 c=14.7  kl=0.0124  vl=0.2496
Step: 1323008 SPS: 526  ev=0.269  ent=0.959  grad=1.40/0.50  h=5.6 c=14.9  kl=0.0115  vl=0.2704
Step: 1327104 SPS: 526  ev=0.280  ent=0.940  grad=0.97/0.50  h=5.6 c=14.6  kl=0.0139  vl=0.2898
Step: 1331200 SPS: 526  ev=0.298  ent=0.999  grad=0.81/0.50  h=5.6 c=15.2  kl=0.0132  vl=0.2093
Step: 1335296 SPS: 526  ev=0.303  ent=0.917  grad=1.04/0.50  h=5.7 c=15.1  kl=0.0086  vl=0.2143
Step: 1339392 SPS: 527  ev=0.305  ent=0.937  grad=1.36/0.50  h=5.6 c=14.8  kl=0.0109  vl=0.2832
Step: 1343488 SPS: 527  ev=0.268  ent=0.916  grad=0.89/0.50  h=5.6 c=15.3  kl=0.0125  vl=0.2797
Step: 1347584 SPS: 527  ev=0.353  ent=0.971  grad=0.78/0.50  h=5.7 c=15.7  kl=0.0123  vl=0.2319
Step: 1351680 SPS: 527  ev=0.265  ent=0.935  grad=1.17/0.50  h=5.6 c=15.2  kl=0.0124  vl=0.2507
Step: 1355776 SPS: 527  ev=0.348  ent=0.927  grad=1.01/0.50  h=5.7 c=15.7  kl=0.0108  vl=0.2285
Step: 1359872 SPS: 528  ev=0.279  ent=0.950  grad=1.80/0.50  h=5.7 c=15.5  kl=0.0101  vl=0.2857
Step: 1363968 SPS: 528  ev=0.222  ent=1.004  grad=1.09/0.50  h=5.6 c=15.2  kl=0.0126  vl=0.2911
Step: 1368064 SPS: 528  ev=0.222  ent=0.960  grad=0.93/0.50  h=5.7 c=15.8  kl=0.0136  vl=0.2204
Step: 1372160 SPS: 529  ev=0.293  ent=0.989  grad=1.51/0.50  h=5.6 c=15.5  kl=0.0101  vl=0.2412
Step: 1376256 SPS: 529  ev=0.284  ent=0.937  grad=1.98/0.50  h=5.7 c=15.3  kl=0.0101  vl=0.2664
Step: 1380352 SPS: 529  ev=0.206  ent=0.959  grad=1.22/0.50  h=5.7 c=15.4  kl=0.0084  vl=0.2563
Step: 1384448 SPS: 530  ev=0.305  ent=0.972  grad=1.01/0.50  h=5.7 c=15.8  kl=0.0101  vl=0.2635
Step: 1388544 SPS: 530  ev=0.322  ent=0.953  grad=1.20/0.50  h=5.7 c=15.4  kl=0.0104  vl=0.2836
  vs Random: 98W/2L/0D | score=51.4±29.3 inv=2.4 played=18.6 lanes=4.3 ddraw=26.8 pts=51
  Self-play: 52W/48L/0D | score=29.7±29.3 inv=2.5 played=16.0 lanes=4.0 ddraw=16.2 pts=30
Step: 1392640 SPS: 526  ev=0.297  ent=0.972  grad=0.81/0.50  h=5.7 c=15.5  kl=0.0116  vl=0.2384
Step: 1396736 SPS: 527  ev=0.346  ent=0.965  grad=0.96/0.50  h=5.8 c=16.1  kl=0.0131  vl=0.2428
Step: 1400832 SPS: 527  ev=0.334  ent=0.987  grad=1.10/0.50  h=5.7 c=15.7  kl=0.0153  vl=0.2407
Step: 1404928 SPS: 527  ev=0.281  ent=0.956  grad=1.08/0.50  h=5.7 c=15.2  kl=0.0127  vl=0.2483
Step: 1409024 SPS: 528  ev=0.265  ent=1.010  grad=1.82/0.50  h=5.7 c=15.5  kl=0.0155  vl=0.2793
Step: 1413120 SPS: 528  ev=0.347  ent=0.988  grad=1.00/0.50  h=5.7 c=15.6  kl=0.0129  vl=0.2369
Step: 1417216 SPS: 528  ev=0.253  ent=0.968  grad=1.98/0.50  h=5.7 c=15.0  kl=0.0105  vl=0.3468
Step: 1421312 SPS: 529  ev=0.336  ent=0.962  grad=0.91/0.50  h=5.6 c=15.1  kl=0.0139  vl=0.2270
Step: 1425408 SPS: 529  ev=0.248  ent=0.959  grad=1.71/0.50  h=5.7 c=15.9  kl=0.0155  vl=0.2861
Step: 1429504 SPS: 529  ev=0.288  ent=0.976  grad=1.81/0.50  h=5.6 c=14.9  kl=0.0126  vl=0.2936
Step: 1433600 SPS: 529  ev=0.233  ent=0.939  grad=0.79/0.50  h=5.6 c=15.2  kl=0.0101  vl=0.2956
Step: 1437696 SPS: 530  ev=0.349  ent=0.956  grad=1.03/0.50  h=5.7 c=15.8  kl=0.0111  vl=0.2288
Step: 1441792 SPS: 530  ev=0.285  ent=0.940  grad=0.86/0.50  h=5.7 c=15.2  kl=0.0124  vl=0.2516
Step: 1445888 SPS: 530  ev=0.278  ent=0.974  grad=0.94/0.50  h=5.7 c=15.4  kl=0.0101  vl=0.2691
Step: 1449984 SPS: 531  ev=0.293  ent=0.955  grad=0.98/0.50  h=5.7 c=16.2  kl=0.0172  vl=0.2572
Step: 1454080 SPS: 531  ev=0.347  ent=0.953  grad=1.02/0.50  h=5.6 c=15.4  kl=0.0112  vl=0.1923
Step: 1458176 SPS: 531  ev=0.265  ent=0.985  grad=1.28/0.50  h=5.7 c=15.5  kl=0.0123  vl=0.2927
Step: 1462272 SPS: 531  ev=0.249  ent=0.950  grad=1.13/0.50  h=5.7 c=16.0  kl=0.0113  vl=0.3348
Step: 1466368 SPS: 532  ev=0.339  ent=0.930  grad=1.03/0.50  h=5.7 c=15.8  kl=0.0106  vl=0.2077
Step: 1470464 SPS: 532  ev=0.247  ent=1.002  grad=1.04/0.50  h=5.7 c=15.5  kl=0.0115  vl=0.2328
  vs Random: 100W/1L/0D | score=56.8±34.9 inv=2.9 played=18.9 lanes=4.2 ddraw=24.0 pts=57
  Self-play: 55W/45L/0D | score=28.4±35.3 inv=2.8 played=16.2 lanes=4.0 ddraw=12.9 pts=28
Step: 1474560 SPS: 528  ev=0.312  ent=0.961  grad=1.03/0.50  h=5.6 c=15.8  kl=0.0103  vl=0.3000
Step: 1478656 SPS: 529  ev=0.269  ent=0.938  grad=1.29/0.50  h=5.7 c=16.2  kl=0.0106  vl=0.2807
Step: 1482752 SPS: 529  ev=0.189  ent=0.959  grad=1.32/0.50  h=5.6 c=15.5  kl=0.0141  vl=0.2986
Step: 1486848 SPS: 529  ev=0.212  ent=0.927  grad=1.04/0.50  h=5.7 c=16.2  kl=0.0118  vl=0.2767
Step: 1490944 SPS: 529  ev=0.335  ent=0.953  grad=0.91/0.50  h=5.7 c=16.8  kl=0.0158  vl=0.2040
Step: 1495040 SPS: 530  ev=0.274  ent=0.931  grad=1.06/0.50  h=5.6 c=16.2  kl=0.0148  vl=0.2411
Step: 1499136 SPS: 530  ev=0.299  ent=1.016  grad=0.95/0.50  h=5.7 c=16.3  kl=0.0121  vl=0.2236
Step: 1503232 SPS: 530  ev=0.316  ent=0.955  grad=0.77/0.50  h=5.8 c=17.0  kl=0.0105  vl=0.2040
Step: 1507328 SPS: 531  ev=0.304  ent=0.947  grad=0.71/0.50  h=5.7 c=16.6  kl=0.0120  vl=0.2494
Step: 1511424 SPS: 531  ev=0.308  ent=0.900  grad=0.87/0.50  h=5.7 c=16.4  kl=0.0107  vl=0.2788
Step: 1515520 SPS: 531  ev=0.240  ent=0.904  grad=0.86/0.50  h=5.6 c=16.5  kl=0.0138  vl=0.2941
Step: 1519616 SPS: 531  ev=0.327  ent=0.958  grad=1.02/0.50  h=5.7 c=16.8  kl=0.0132  vl=0.2635
Step: 1523712 SPS: 532  ev=0.258  ent=0.979  grad=0.86/0.50  h=5.6 c=16.2  kl=0.0114  vl=0.2549
Step: 1527808 SPS: 532  ev=0.274  ent=0.923  grad=0.90/0.50  h=5.7 c=16.2  kl=0.0141  vl=0.2778
Step: 1531904 SPS: 532  ev=0.296  ent=0.917  grad=1.12/0.50  h=5.7 c=16.5  kl=0.0133  vl=0.2422
Step: 1536000 SPS: 532  ev=0.265  ent=0.978  grad=1.26/0.50  h=5.7 c=16.2  kl=0.0125  vl=0.3022
Step: 1540096 SPS: 533  ev=0.272  ent=0.952  grad=1.27/0.50  h=5.7 c=15.9  kl=0.0108  vl=0.2665
Step: 1544192 SPS: 533  ev=0.228  ent=0.965  grad=1.36/0.50  h=5.8 c=16.4  kl=0.0128  vl=0.2745
Step: 1548288 SPS: 533  ev=0.288  ent=0.942  grad=1.01/0.50  h=5.8 c=16.3  kl=0.0150  vl=0.1902
Step: 1552384 SPS: 533  ev=0.352  ent=0.960  grad=0.88/0.50  h=5.7 c=16.0  kl=0.0110  vl=0.2300
  vs Random: 99W/1L/0D | score=56.0±30.6 inv=2.7 played=18.5 lanes=4.3 ddraw=23.3 pts=56
  Self-play: 50W/52L/0D | score=28.5±35.1 inv=2.9 played=16.1 lanes=3.9 ddraw=11.2 pts=28
Step: 1556480 SPS: 530  ev=0.293  ent=0.973  grad=0.81/0.50  h=5.7 c=16.1  kl=0.0178  vl=0.2741
Step: 1560576 SPS: 531  ev=0.249  ent=0.945  grad=1.18/0.50  h=5.7 c=16.2  kl=0.0113  vl=0.2803
Step: 1564672 SPS: 531  ev=0.289  ent=0.963  grad=0.87/0.50  h=5.7 c=16.2  kl=0.0104  vl=0.2712
Step: 1568768 SPS: 531  ev=0.310  ent=1.013  grad=1.24/0.50  h=5.6 c=15.9  kl=0.0125  vl=0.3301
Step: 1572864 SPS: 531  ev=0.284  ent=0.968  grad=1.28/0.50  h=5.7 c=16.4  kl=0.0137  vl=0.2833
Step: 1576960 SPS: 531  ev=0.218  ent=0.976  grad=0.94/0.50  h=5.7 c=16.6  kl=0.0130  vl=0.2371
Step: 1581056 SPS: 532  ev=0.348  ent=0.965  grad=1.06/0.50  h=5.7 c=16.7  kl=0.0100  vl=0.2783
Step: 1585152 SPS: 532  ev=0.239  ent=0.998  grad=1.86/0.50  h=5.7 c=16.9  kl=0.0110  vl=0.2871
Step: 1589248 SPS: 532  ev=0.301  ent=0.949  grad=0.92/0.50  h=5.7 c=17.0  kl=0.0102  vl=0.2734
Step: 1593344 SPS: 532  ev=0.311  ent=0.988  grad=0.82/0.50  h=5.6 c=16.6  kl=0.0134  vl=0.2430
Step: 1597440 SPS: 533  ev=0.312  ent=0.907  grad=1.18/0.50  h=5.7 c=17.0  kl=0.0147  vl=0.2374
Step: 1601536 SPS: 533  ev=0.355  ent=0.949  grad=0.79/0.50  h=5.6 c=16.7  kl=0.0117  vl=0.2240
Step: 1605632 SPS: 533  ev=0.206  ent=0.983  grad=1.28/0.50  h=5.6 c=17.0  kl=0.0115  vl=0.2305
Step: 1609728 SPS: 533  ev=0.296  ent=0.988  grad=0.89/0.50  h=5.7 c=16.8  kl=0.0113  vl=0.2185
Step: 1613824 SPS: 534  ev=0.258  ent=0.974  grad=1.30/0.50  h=5.6 c=16.7  kl=0.0165  vl=0.2806
Step: 1617920 SPS: 534  ev=0.314  ent=0.994  grad=1.19/0.50  h=5.7 c=16.4  kl=0.0125  vl=0.2293
Step: 1622016 SPS: 534  ev=0.308  ent=0.958  grad=0.80/0.50  h=5.6 c=16.3  kl=0.0118  vl=0.2442
Step: 1626112 SPS: 534  ev=0.266  ent=0.919  grad=0.97/0.50  h=5.7 c=16.7  kl=0.0117  vl=0.2702
Step: 1630208 SPS: 535  ev=0.283  ent=0.927  grad=1.21/0.50  h=5.7 c=16.3  kl=0.0107  vl=0.2570
Step: 1634304 SPS: 535  ev=0.316  ent=0.918  grad=1.19/0.50  h=5.6 c=16.4  kl=0.0105  vl=0.2489
  vs Random: 100W/0L/0D | score=58.6±31.6 inv=3.0 played=19.2 lanes=4.3 ddraw=21.6 pts=59
  Self-play: 45W/55L/0D | score=28.4±36.8 inv=2.7 played=16.1 lanes=4.0 ddraw=12.7 pts=28
Step: 1638400 SPS: 532  ev=0.262  ent=0.964  grad=0.89/0.50  h=5.6 c=16.2  kl=0.0157  vl=0.3002
Step: 1642496 SPS: 532  ev=0.307  ent=0.945  grad=1.57/0.50  h=5.7 c=16.4  kl=0.0136  vl=0.2675
Step: 1646592 SPS: 533  ev=0.316  ent=0.936  grad=1.04/0.50  h=5.5 c=16.0  kl=0.0177  vl=0.3068
Step: 1650688 SPS: 533  ev=0.263  ent=0.936  grad=1.54/0.50  h=5.6 c=16.4  kl=0.0136  vl=0.3122
Step: 1654784 SPS: 533  ev=0.294  ent=0.902  grad=0.91/0.50  h=5.6 c=16.1  kl=0.0108  vl=0.2782
Step: 1658880 SPS: 533  ev=0.245  ent=0.990  grad=0.78/0.50  h=5.6 c=16.1  kl=0.0138  vl=0.2556
Step: 1662976 SPS: 533  ev=0.334  ent=0.920  grad=1.14/0.50  h=5.6 c=16.7  kl=0.0115  vl=0.2655
Step: 1667072 SPS: 534  ev=0.292  ent=0.953  grad=1.10/0.50  h=5.7 c=16.7  kl=0.0105  vl=0.2759
Step: 1671168 SPS: 534  ev=0.362  ent=0.949  grad=0.86/0.50  h=5.6 c=16.3  kl=0.0129  vl=0.2539
Step: 1675264 SPS: 534  ev=0.249  ent=0.962  grad=0.74/0.50  h=5.5 c=15.9  kl=0.0124  vl=0.2833
Step: 1679360 SPS: 535  ev=0.300  ent=0.928  grad=1.30/0.50  h=5.6 c=15.9  kl=0.0108  vl=0.2215
Step: 1683456 SPS: 535  ev=0.302  ent=0.970  grad=0.98/0.50  h=5.6 c=16.0  kl=0.0116  vl=0.2595
Step: 1687552 SPS: 535  ev=0.299  ent=0.995  grad=0.78/0.50  h=5.6 c=16.1  kl=0.0134  vl=0.2440
Step: 1691648 SPS: 535  ev=0.295  ent=0.944  grad=1.07/0.50  h=5.7 c=16.2  kl=0.0136  vl=0.2619
Step: 1695744 SPS: 536  ev=0.350  ent=0.919  grad=1.09/0.50  h=5.6 c=15.9  kl=0.0125  vl=0.2031
Step: 1699840 SPS: 536  ev=0.297  ent=0.930  grad=1.13/0.50  h=5.6 c=16.0  kl=0.0148  vl=0.2759
Step: 1703936 SPS: 536  ev=0.253  ent=0.909  grad=0.94/0.50  h=5.7 c=15.9  kl=0.0102  vl=0.2746
Step: 1708032 SPS: 536  ev=0.300  ent=0.931  grad=1.30/0.50  h=5.5 c=15.4  kl=0.0107  vl=0.2274
Step: 1712128 SPS: 537  ev=0.239  ent=0.914  grad=1.29/0.50  h=5.6 c=15.6  kl=0.0104  vl=0.2449
Step: 1716224 SPS: 537  ev=0.311  ent=0.914  grad=1.04/0.50  h=5.5 c=15.6  kl=0.0103  vl=0.2729
  vs Random: 103W/0L/0D | score=57.3±32.9 inv=2.7 played=18.6 lanes=4.2 ddraw=22.3 pts=57
  Self-play: 40W/61L/0D | score=25.2±29.9 inv=2.8 played=16.4 lanes=4.1 ddraw=11.8 pts=25
Step: 1720320 SPS: 534  ev=0.289  ent=0.906  grad=0.85/0.50  h=5.6 c=15.6  kl=0.0148  vl=0.2441
Step: 1724416 SPS: 534  ev=0.305  ent=0.890  grad=1.00/0.50  h=5.6 c=15.6  kl=0.0136  vl=0.2660
Step: 1728512 SPS: 535  ev=0.319  ent=0.904  grad=1.10/0.50  h=5.5 c=15.6  kl=0.0113  vl=0.2241
Step: 1732608 SPS: 535  ev=0.261  ent=0.937  grad=1.14/0.50  h=5.6 c=15.9  kl=0.0101  vl=0.2627
Step: 1736704 SPS: 535  ev=0.280  ent=0.838  grad=1.79/0.50  h=5.6 c=15.7  kl=0.0115  vl=0.2695
Step: 1740800 SPS: 535  ev=0.320  ent=0.891  grad=1.52/0.50  h=5.6 c=15.5  kl=0.0115  vl=0.2739
Step: 1744896 SPS: 536  ev=0.190  ent=0.945  grad=1.53/0.50  h=5.6 c=15.7  kl=0.0076  vl=0.2185
Step: 1748992 SPS: 536  ev=0.231  ent=0.910  grad=1.17/0.50  h=5.6 c=15.5  kl=0.0132  vl=0.3089
Step: 1753088 SPS: 536  ev=0.286  ent=0.956  grad=1.58/0.50  h=5.6 c=15.2  kl=0.0128  vl=0.2916
Step: 1757184 SPS: 536  ev=0.255  ent=0.961  grad=0.86/0.50  h=5.6 c=15.8  kl=0.0112  vl=0.2890
Step: 1761280 SPS: 536  ev=0.261  ent=0.910  grad=0.77/0.50  h=5.5 c=15.1  kl=0.0135  vl=0.2662
Step: 1765376 SPS: 537  ev=0.279  ent=0.947  grad=1.10/0.50  h=5.6 c=15.2  kl=0.0122  vl=0.2447
Step: 1769472 SPS: 537  ev=0.249  ent=0.958  grad=1.11/0.50  h=5.6 c=15.3  kl=0.0157  vl=0.2917
Step: 1773568 SPS: 537  ev=0.338  ent=0.952  grad=1.61/0.50  h=5.7 c=15.9  kl=0.0102  vl=0.2005
Step: 1777664 SPS: 537  ev=0.334  ent=0.958  grad=1.61/0.50  h=5.6 c=15.2  kl=0.0095  vl=0.2304
Step: 1781760 SPS: 537  ev=0.293  ent=0.947  grad=0.94/0.50  h=5.6 c=15.4  kl=0.0122  vl=0.2402
Step: 1785856 SPS: 538  ev=0.301  ent=0.943  grad=0.80/0.50  h=5.7 c=16.2  kl=0.0116  vl=0.2700
Step: 1789952 SPS: 538  ev=0.341  ent=0.931  grad=0.80/0.50  h=5.6 c=15.3  kl=0.0126  vl=0.2650
Step: 1794048 SPS: 538  ev=0.281  ent=0.967  grad=1.61/0.50  h=5.7 c=15.5  kl=0.0120  vl=0.2595
Step: 1798144 SPS: 538  ev=0.206  ent=0.956  grad=0.94/0.50  h=5.6 c=15.8  kl=0.0146  vl=0.2544
  vs Random: 100W/0L/0D | score=56.8±31.4 inv=2.6 played=18.9 lanes=4.4 ddraw=23.9 pts=57
  Self-play: 54W/45L/2D | score=30.7±32.3 inv=2.5 played=16.4 lanes=4.0 ddraw=14.9 pts=31
Step: 1802240 SPS: 535  ev=0.250  ent=0.916  grad=1.39/0.50  h=5.7 c=15.8  kl=0.0097  vl=0.2751
Step: 1806336 SPS: 535  ev=0.256  ent=0.915  grad=0.92/0.50  h=5.7 c=16.0  kl=0.0085  vl=0.2404
Step: 1810432 SPS: 536  ev=0.241  ent=0.927  grad=0.92/0.50  h=5.7 c=16.4  kl=0.0101  vl=0.2301
Step: 1814528 SPS: 536  ev=0.216  ent=0.925  grad=1.47/0.50  h=5.7 c=16.8  kl=0.0143  vl=0.2864
Step: 1818624 SPS: 536  ev=0.289  ent=0.968  grad=1.15/0.50  h=5.6 c=16.2  kl=0.0148  vl=0.2619
Step: 1822720 SPS: 536  ev=0.288  ent=0.915  grad=1.12/0.50  h=5.6 c=16.5  kl=0.0134  vl=0.2380
Step: 1826816 SPS: 536  ev=0.332  ent=0.905  grad=1.43/0.50  h=5.7 c=16.8  kl=0.0103  vl=0.2527
Step: 1830912 SPS: 537  ev=0.203  ent=0.955  grad=0.83/0.50  h=5.6 c=16.2  kl=0.0122  vl=0.2864
Step: 1835008 SPS: 537  ev=0.226  ent=0.942  grad=1.16/0.50  h=5.7 c=16.3  kl=0.0110  vl=0.2609
Step: 1839104 SPS: 537  ev=0.319  ent=0.938  grad=1.22/0.50  h=5.8 c=16.8  kl=0.0106  vl=0.2219
Step: 1843200 SPS: 537  ev=0.308  ent=0.939  grad=1.46/0.50  h=5.7 c=16.0  kl=0.0131  vl=0.2482
Step: 1847296 SPS: 537  ev=0.164  ent=0.895  grad=1.12/0.50  h=5.7 c=15.7  kl=0.0130  vl=0.3305
Step: 1851392 SPS: 538  ev=0.269  ent=0.951  grad=1.03/0.50  h=5.7 c=16.0  kl=0.0121  vl=0.2575
Step: 1855488 SPS: 538  ev=0.327  ent=0.960  grad=0.85/0.50  h=5.8 c=16.2  kl=0.0117  vl=0.2125
Step: 1859584 SPS: 538  ev=0.223  ent=0.978  grad=0.89/0.50  h=5.7 c=15.5  kl=0.0144  vl=0.2954
Step: 1863680 SPS: 538  ev=0.276  ent=0.952  grad=0.83/0.50  h=5.6 c=16.0  kl=0.0122  vl=0.2466
Step: 1867776 SPS: 538  ev=0.233  ent=0.914  grad=1.70/0.50  h=5.7 c=16.5  kl=0.0140  vl=0.3139
Step: 1871872 SPS: 539  ev=0.328  ent=0.942  grad=1.06/0.50  h=5.7 c=16.2  kl=0.0109  vl=0.2489
Step: 1875968 SPS: 539  ev=0.342  ent=0.921  grad=0.98/0.50  h=5.7 c=16.2  kl=0.0120  vl=0.2613
Step: 1880064 SPS: 539  ev=0.276  ent=0.974  grad=0.86/0.50  h=5.7 c=16.8  kl=0.0125  vl=0.2400
  vs Random: 100W/0L/0D | score=56.1±26.6 inv=2.6 played=19.8 lanes=4.5 ddraw=23.3 pts=56
  Self-play: 57W/44L/0D | score=31.0±35.9 inv=2.6 played=17.0 lanes=4.2 ddraw=11.7 pts=31
Step: 1884160 SPS: 537  ev=0.278  ent=0.925  grad=1.00/0.50  h=5.7 c=16.7  kl=0.0146  vl=0.2639
Step: 1888256 SPS: 537  ev=0.285  ent=0.954  grad=0.80/0.50  h=5.6 c=16.4  kl=0.0134  vl=0.2705
Step: 1892352 SPS: 537  ev=0.218  ent=0.962  grad=0.88/0.50  h=5.7 c=17.3  kl=0.0117  vl=0.2924
Step: 1896448 SPS: 537  ev=0.243  ent=0.945  grad=1.49/0.50  h=5.8 c=17.2  kl=0.0130  vl=0.2703
Step: 1900544 SPS: 537  ev=0.305  ent=0.913  grad=1.51/0.50  h=5.7 c=17.0  kl=0.0104  vl=0.2035
Step: 1904640 SPS: 537  ev=0.192  ent=0.931  grad=1.24/0.50  h=5.7 c=17.3  kl=0.0105  vl=0.3020
Step: 1908736 SPS: 538  ev=0.237  ent=0.936  grad=1.19/0.50  h=5.8 c=17.5  kl=0.0097  vl=0.2407
Step: 1912832 SPS: 538  ev=0.301  ent=0.940  grad=0.84/0.50  h=5.7 c=17.0  kl=0.0129  vl=0.2378
Step: 1916928 SPS: 538  ev=0.303  ent=0.920  grad=1.18/0.50  h=5.7 c=17.3  kl=0.0116  vl=0.2549
Step: 1921024 SPS: 538  ev=0.357  ent=0.915  grad=0.70/0.50  h=5.8 c=18.1  kl=0.0162  vl=0.2261
Step: 1925120 SPS: 538  ev=0.324  ent=0.907  grad=0.78/0.50  h=5.7 c=17.7  kl=0.0147  vl=0.2239
Step: 1929216 SPS: 538  ev=0.241  ent=0.923  grad=1.67/0.50  h=5.7 c=17.9  kl=0.0114  vl=0.2802
Step: 1933312 SPS: 538  ev=0.304  ent=0.911  grad=0.95/0.50  h=5.7 c=18.2  kl=0.0107  vl=0.2725
Step: 1937408 SPS: 538  ev=0.273  ent=0.871  grad=1.01/0.50  h=5.7 c=17.8  kl=0.0102  vl=0.2662
Step: 1941504 SPS: 539  ev=0.286  ent=0.920  grad=0.82/0.50  h=5.7 c=18.0  kl=0.0143  vl=0.2919
Step: 1945600 SPS: 539  ev=0.329  ent=0.916  grad=0.66/0.50  h=5.6 c=17.8  kl=0.0141  vl=0.2655
Step: 1949696 SPS: 539  ev=0.312  ent=0.935  grad=0.82/0.50  h=5.7 c=18.2  kl=0.0104  vl=0.2006
Step: 1953792 SPS: 539  ev=0.286  ent=0.896  grad=2.48/0.50  h=5.6 c=17.5  kl=0.0096  vl=0.2880
Step: 1957888 SPS: 539  ev=0.267  ent=0.905  grad=1.15/0.50  h=5.7 c=18.3  kl=0.0114  vl=0.2564
Step: 1961984 SPS: 539  ev=0.329  ent=0.939  grad=1.66/0.50  h=5.7 c=18.4  kl=0.0112  vl=0.2122
  vs Random: 99W/1L/0D | score=56.0±31.9 inv=2.6 played=19.4 lanes=4.5 ddraw=20.7 pts=56
  Self-play: 39W/58L/3D | score=19.5±29.2 inv=2.9 played=16.5 lanes=4.2 ddraw=9.0 pts=19
Step: 1966080 SPS: 537  ev=0.350  ent=0.919  grad=0.86/0.50  h=5.6 c=17.8  kl=0.0107  vl=0.2243
Step: 1970176 SPS: 537  ev=0.297  ent=0.888  grad=0.78/0.50  h=5.7 c=18.2  kl=0.0105  vl=0.2472
Step: 1974272 SPS: 538  ev=0.318  ent=0.885  grad=0.76/0.50  h=5.7 c=18.3  kl=0.0105  vl=0.2723
Step: 1978368 SPS: 538  ev=0.254  ent=0.949  grad=1.04/0.50  h=5.8 c=18.2  kl=0.0101  vl=0.2397
Step: 1982464 SPS: 538  ev=0.253  ent=0.888  grad=1.23/0.50  h=5.7 c=18.5  kl=0.0102  vl=0.2686
Step: 1986560 SPS: 538  ev=0.239  ent=0.913  grad=1.16/0.50  h=5.8 c=18.5  kl=0.0104  vl=0.2752
Step: 1990656 SPS: 539  ev=0.326  ent=0.904  grad=0.96/0.50  h=5.8 c=19.0  kl=0.0132  vl=0.2478
Step: 1994752 SPS: 539  ev=0.230  ent=0.915  grad=1.04/0.50  h=5.8 c=18.7  kl=0.0105  vl=0.2750
Step: 1998848 SPS: 539  ev=0.298  ent=0.886  grad=1.01/0.50  h=5.7 c=18.5  kl=0.0133  vl=0.2433
Step: 2002944 SPS: 539  ev=0.288  ent=0.908  grad=0.81/0.50  h=5.8 c=18.6  kl=0.0130  vl=0.2543
Step: 2007040 SPS: 539  ev=0.327  ent=0.955  grad=1.16/0.50  h=5.7 c=18.6  kl=0.0124  vl=0.2907
Step: 2011136 SPS: 540  ev=0.235  ent=0.919  grad=1.00/0.50  h=5.8 c=18.6  kl=0.0104  vl=0.2849
Step: 2015232 SPS: 540  ev=0.267  ent=0.892  grad=1.10/0.50  h=5.8 c=18.7  kl=0.0156  vl=0.2542
Step: 2019328 SPS: 540  ev=0.315  ent=0.950  grad=0.97/0.50  h=5.7 c=18.4  kl=0.0151  vl=0.2500
Step: 2023424 SPS: 540  ev=0.243  ent=0.904  grad=1.15/0.50  h=5.8 c=18.6  kl=0.0133  vl=0.2556
Step: 2027520 SPS: 540  ev=0.235  ent=0.903  grad=1.32/0.50  h=5.7 c=18.4  kl=0.0121  vl=0.3047
Step: 2031616 SPS: 541  ev=0.214  ent=0.922  grad=0.79/0.50  h=5.8 c=17.9  kl=0.0168  vl=0.3152
Step: 2035712 SPS: 541  ev=0.284  ent=0.939  grad=0.90/0.50  h=5.8 c=17.6  kl=0.0135  vl=0.2301
Step: 2039808 SPS: 541  ev=0.304  ent=0.944  grad=0.68/0.50  h=5.8 c=18.0  kl=0.0117  vl=0.2477
Step: 2043904 SPS: 541  ev=0.285  ent=0.908  grad=1.07/0.50  h=5.8 c=17.5  kl=0.0150  vl=0.3011
  vs Random: 101W/0L/0D | score=55.0±29.4 inv=2.6 played=19.3 lanes=4.5 ddraw=21.0 pts=55
  Self-play: 47W/53L/0D | score=22.5±29.5 inv=2.4 played=16.6 lanes=4.2 ddraw=9.5 pts=22
Step: 2048000 SPS: 539  ev=0.302  ent=0.925  grad=0.96/0.50  h=5.7 c=17.7  kl=0.0152  vl=0.2316
Step: 2052096 SPS: 539  ev=0.279  ent=0.945  grad=0.76/0.50  h=5.8 c=18.0  kl=0.0134  vl=0.2807
Step: 2056192 SPS: 539  ev=0.275  ent=0.935  grad=0.84/0.50  h=5.9 c=18.2  kl=0.0116  vl=0.2153
Step: 2060288 SPS: 540  ev=0.228  ent=0.963  grad=1.01/0.50  h=5.8 c=17.7  kl=0.0111  vl=0.2612
Step: 2064384 SPS: 540  ev=0.246  ent=0.925  grad=1.02/0.50  h=5.8 c=17.9  kl=0.0121  vl=0.2874
Step: 2068480 SPS: 540  ev=0.266  ent=0.934  grad=0.84/0.50  h=5.7 c=18.0  kl=0.0114  vl=0.2635
Step: 2072576 SPS: 540  ev=0.225  ent=0.919  grad=0.94/0.50  h=5.8 c=17.5  kl=0.0120  vl=0.2975
Step: 2076672 SPS: 541  ev=0.301  ent=0.904  grad=1.37/0.50  h=5.8 c=17.6  kl=0.0095  vl=0.2484
Step: 2080768 SPS: 541  ev=0.287  ent=0.888  grad=0.67/0.50  h=5.8 c=17.8  kl=0.0116  vl=0.2422
Step: 2084864 SPS: 541  ev=0.333  ent=0.856  grad=1.14/0.50  h=5.8 c=17.8  kl=0.0108  vl=0.2330
Step: 2088960 SPS: 541  ev=0.283  ent=0.942  grad=0.87/0.50  h=5.8 c=17.7  kl=0.0115  vl=0.2677
Step: 2093056 SPS: 541  ev=0.207  ent=0.977  grad=0.99/0.50  h=5.8 c=18.0  kl=0.0118  vl=0.3120
Step: 2097152 SPS: 541  ev=0.309  ent=0.922  grad=0.80/0.50  h=5.8 c=18.0  kl=0.0113  vl=0.2304
Step: 2101248 SPS: 541  ev=0.274  ent=0.953  grad=0.77/0.50  h=5.7 c=17.5  kl=0.0122  vl=0.2753
Step: 2105344 SPS: 542  ev=0.306  ent=0.902  grad=0.69/0.50  h=5.8 c=18.4  kl=0.0139  vl=0.2368
Step: 2109440 SPS: 542  ev=0.271  ent=0.965  grad=1.49/0.50  h=5.8 c=18.2  kl=0.0134  vl=0.2545
Step: 2113536 SPS: 542  ev=0.326  ent=0.948  grad=1.28/0.50  h=5.6 c=16.9  kl=0.0113  vl=0.2496
Step: 2117632 SPS: 542  ev=0.203  ent=0.910  grad=1.90/0.50  h=5.8 c=18.0  kl=0.0107  vl=0.2521
Step: 2121728 SPS: 542  ev=0.257  ent=0.919  grad=1.33/0.50  h=5.8 c=18.1  kl=0.0131  vl=0.2641
Step: 2125824 SPS: 542  ev=0.253  ent=0.897  grad=0.88/0.50  h=5.8 c=18.0  kl=0.0119  vl=0.2858
  vs Random: 100W/0L/0D | score=62.4±31.4 inv=2.4 played=19.0 lanes=4.3 ddraw=22.4 pts=62
  Self-play: 56W/44L/1D | score=29.8±31.7 inv=2.6 played=16.4 lanes=4.1 ddraw=9.2 pts=30
Step: 2129920 SPS: 540  ev=0.287  ent=0.885  grad=1.62/0.50  h=5.7 c=17.4  kl=0.0138  vl=0.2986
Step: 2134016 SPS: 541  ev=0.239  ent=0.900  grad=1.26/0.50  h=5.8 c=18.3  kl=0.0100  vl=0.2635
Step: 2138112 SPS: 541  ev=0.356  ent=0.900  grad=1.04/0.50  h=5.8 c=17.8  kl=0.0112  vl=0.2445
Step: 2142208 SPS: 541  ev=0.228  ent=0.916  grad=0.75/0.50  h=5.7 c=17.6  kl=0.0136  vl=0.2926
Step: 2146304 SPS: 541  ev=0.266  ent=0.900  grad=0.94/0.50  h=5.8 c=18.7  kl=0.0131  vl=0.2644
Step: 2150400 SPS: 541  ev=0.260  ent=0.914  grad=1.66/0.50  h=5.8 c=18.6  kl=0.0145  vl=0.2628
Step: 2154496 SPS: 542  ev=0.288  ent=0.893  grad=2.23/0.50  h=5.6 c=17.4  kl=0.0102  vl=0.2847
Step: 2158592 SPS: 542  ev=0.253  ent=0.921  grad=0.98/0.50  h=5.8 c=18.5  kl=0.0121  vl=0.3120
Step: 2162688 SPS: 542  ev=0.289  ent=0.911  grad=1.33/0.50  h=5.8 c=18.2  kl=0.0119  vl=0.2607
Step: 2166784 SPS: 542  ev=0.310  ent=0.890  grad=0.70/0.50  h=5.7 c=17.5  kl=0.0110  vl=0.2668
Step: 2170880 SPS: 542  ev=0.289  ent=0.912  grad=1.06/0.50  h=5.8 c=18.1  kl=0.0146  vl=0.2402
Step: 2174976 SPS: 543  ev=0.264  ent=0.896  grad=0.81/0.50  h=5.8 c=18.8  kl=0.0113  vl=0.2616
Step: 2179072 SPS: 543  ev=0.348  ent=0.922  grad=1.01/0.50  h=5.8 c=17.9  kl=0.0122  vl=0.2340
Step: 2183168 SPS: 543  ev=0.302  ent=0.894  grad=1.56/0.50  h=5.7 c=17.5  kl=0.0099  vl=0.2919
Step: 2187264 SPS: 543  ev=0.330  ent=0.885  grad=1.35/0.50  h=5.9 c=18.4  kl=0.0142  vl=0.2517
Step: 2191360 SPS: 543  ev=0.272  ent=0.927  grad=1.55/0.50  h=5.8 c=18.2  kl=0.0095  vl=0.2628
Step: 2195456 SPS: 544  ev=0.262  ent=0.902  grad=1.22/0.50  h=5.7 c=17.7  kl=0.0136  vl=0.2870
Step: 2199552 SPS: 544  ev=0.300  ent=0.884  grad=0.96/0.50  h=5.8 c=18.8  kl=0.0111  vl=0.2679
Step: 2203648 SPS: 544  ev=0.356  ent=0.897  grad=1.08/0.50  h=5.8 c=18.5  kl=0.0134  vl=0.2076
Step: 2207744 SPS: 544  ev=0.265  ent=0.873  grad=1.80/0.50  h=5.7 c=17.4  kl=0.0094  vl=0.2587
  vs Random: 101W/0L/0D | score=59.7±31.7 inv=2.3 played=19.3 lanes=4.4 ddraw=20.1 pts=60
  Self-play: 55W/44L/1D | score=28.2±31.6 inv=2.6 played=16.6 lanes=4.2 ddraw=8.3 pts=28
Step: 2211840 SPS: 543  ev=0.215  ent=0.971  grad=1.27/0.50  h=5.8 c=19.0  kl=0.0114  vl=0.2632
Step: 2215936 SPS: 543  ev=0.295  ent=0.892  grad=1.01/0.50  h=5.8 c=19.5  kl=0.0117  vl=0.2566
Step: 2220032 SPS: 543  ev=0.295  ent=0.891  grad=1.08/0.50  h=5.8 c=18.5  kl=0.0142  vl=0.2673
Step: 2224128 SPS: 543  ev=0.289  ent=0.894  grad=1.29/0.50  h=5.8 c=18.5  kl=0.0157  vl=0.2519
Step: 2228224 SPS: 543  ev=0.289  ent=0.882  grad=1.11/0.50  h=5.8 c=19.2  kl=0.0122  vl=0.2443
Step: 2232320 SPS: 543  ev=0.369  ent=0.880  grad=0.87/0.50  h=5.7 c=18.9  kl=0.0129  vl=0.2251
Step: 2236416 SPS: 544  ev=0.188  ent=0.909  grad=1.50/0.50  h=5.7 c=18.2  kl=0.0105  vl=0.2054
Step: 2240512 SPS: 544  ev=0.341  ent=0.868  grad=1.95/0.50  h=5.8 c=19.6  kl=0.0113  vl=0.2706
Step: 2244608 SPS: 544  ev=0.278  ent=0.928  grad=0.95/0.50  h=5.8 c=19.0  kl=0.0128  vl=0.2643
Step: 2248704 SPS: 544  ev=0.289  ent=0.930  grad=0.94/0.50  h=5.7 c=18.4  kl=0.0139  vl=0.2906
Step: 2252800 SPS: 545  ev=0.280  ent=0.877  grad=0.90/0.50  h=5.8 c=19.8  kl=0.0138  vl=0.2266
Step: 2256896 SPS: 545  ev=0.314  ent=0.878  grad=1.14/0.50  h=5.8 c=19.8  kl=0.0147  vl=0.2432
Step: 2260992 SPS: 545  ev=0.271  ent=0.832  grad=1.10/0.50  h=5.7 c=18.5  kl=0.0102  vl=0.2870
Step: 2265088 SPS: 545  ev=0.265  ent=0.882  grad=1.04/0.50  h=5.8 c=19.5  kl=0.0116  vl=0.2073
Step: 2269184 SPS: 545  ev=0.240  ent=0.823  grad=1.02/0.50  h=5.8 c=20.0  kl=0.0120  vl=0.2408
Step: 2273280 SPS: 546  ev=0.318  ent=0.885  grad=1.51/0.50  h=5.7 c=19.0  kl=0.0106  vl=0.2612
Step: 2277376 SPS: 546  ev=0.240  ent=0.916  grad=0.77/0.50  h=5.7 c=19.4  kl=0.0109  vl=0.2578
Step: 2281472 SPS: 546  ev=0.274  ent=0.877  grad=1.10/0.50  h=5.8 c=20.5  kl=0.0108  vl=0.2647
Step: 2285568 SPS: 546  ev=0.256  ent=0.870  grad=0.97/0.50  h=5.8 c=19.2  kl=0.0112  vl=0.2203
Step: 2289664 SPS: 546  ev=0.321  ent=0.875  grad=1.35/0.50  h=5.7 c=18.8  kl=0.0123  vl=0.2542
  vs Random: 100W/0L/0D | score=71.4±34.2 inv=2.6 played=20.0 lanes=4.5 ddraw=14.7 pts=71
  Self-play: 42W/57L/1D | score=25.4±33.5 inv=2.5 played=16.0 lanes=4.1 ddraw=7.2 pts=25
Step: 2293760 SPS: 545  ev=0.280  ent=0.931  grad=1.06/0.50  h=5.8 c=20.2  kl=0.0135  vl=0.2687
Step: 2297856 SPS: 545  ev=0.246  ent=0.875  grad=0.81/0.50  h=5.8 c=19.6  kl=0.0140  vl=0.2734
Step: 2301952 SPS: 545  ev=0.314  ent=0.822  grad=0.86/0.50  h=5.7 c=18.5  kl=0.0125  vl=0.2775
Step: 2306048 SPS: 545  ev=0.303  ent=0.845  grad=0.84/0.50  h=5.7 c=19.6  kl=0.0121  vl=0.2386
Step: 2310144 SPS: 546  ev=0.222  ent=0.860  grad=1.07/0.50  h=5.7 c=19.6  kl=0.0081  vl=0.2475
Step: 2314240 SPS: 546  ev=0.235  ent=0.880  grad=0.86/0.50  h=5.6 c=17.8  kl=0.0109  vl=0.2784
Step: 2318336 SPS: 546  ev=0.254  ent=0.846  grad=0.86/0.50  h=5.6 c=18.5  kl=0.0139  vl=0.2507
Step: 2322432 SPS: 546  ev=0.274  ent=0.895  grad=1.14/0.50  h=5.7 c=19.5  kl=0.0129  vl=0.2349
Step: 2326528 SPS: 546  ev=0.203  ent=0.903  grad=0.91/0.50  h=5.6 c=18.1  kl=0.0115  vl=0.3222
Step: 2330624 SPS: 546  ev=0.295  ent=0.851  grad=1.68/0.50  h=5.6 c=18.6  kl=0.0107  vl=0.2265
Step: 2334720 SPS: 547  ev=0.337  ent=0.876  grad=0.68/0.50  h=5.8 c=19.0  kl=0.0105  vl=0.2411
Step: 2338816 SPS: 547  ev=0.312  ent=0.859  grad=1.10/0.50  h=5.7 c=17.8  kl=0.0112  vl=0.2424
Step: 2342912 SPS: 547  ev=0.325  ent=0.916  grad=1.06/0.50  h=5.7 c=17.7  kl=0.0119  vl=0.2717
Step: 2347008 SPS: 547  ev=0.282  ent=0.899  grad=1.95/0.50  h=5.8 c=18.9  kl=0.0144  vl=0.2645
Step: 2351104 SPS: 547  ev=0.311  ent=0.891  grad=0.93/0.50  h=5.8 c=18.8  kl=0.0140  vl=0.2413
Step: 2355200 SPS: 548  ev=0.242  ent=0.825  grad=1.76/0.50  h=5.7 c=18.1  kl=0.0112  vl=0.3237
Step: 2359296 SPS: 548  ev=0.301  ent=0.840  grad=0.92/0.50  h=5.8 c=18.8  kl=0.0140  vl=0.2760
Step: 2363392 SPS: 548  ev=0.263  ent=0.886  grad=0.98/0.50  h=5.8 c=19.1  kl=0.0109  vl=0.2631
Step: 2367488 SPS: 548  ev=0.282  ent=0.896  grad=1.16/0.50  h=5.6 c=18.0  kl=0.0107  vl=0.2322
Step: 2371584 SPS: 549  ev=0.271  ent=0.924  grad=1.49/0.50  h=5.7 c=18.4  kl=0.0105  vl=0.2549
  vs Random: 100W/0L/0D | score=61.5±31.6 inv=2.5 played=19.6 lanes=4.4 ddraw=14.0 pts=62
  Self-play: 44W/55L/1D | score=25.5±32.4 inv=2.6 played=16.4 lanes=4.1 ddraw=5.7 pts=25
Step: 2375680 SPS: 547  ev=0.229  ent=0.876  grad=1.18/0.50  h=5.8 c=19.6  kl=0.0097  vl=0.2281
Step: 2379776 SPS: 547  ev=0.265  ent=0.874  grad=1.34/0.50  h=5.7 c=18.4  kl=0.0107  vl=0.2514
Step: 2383872 SPS: 547  ev=0.284  ent=0.881  grad=0.86/0.50  h=5.7 c=18.7  kl=0.0096  vl=0.2432
Step: 2387968 SPS: 548  ev=0.419  ent=0.883  grad=1.10/0.50  h=5.8 c=19.4  kl=0.0101  vl=0.2005
Step: 2392064 SPS: 548  ev=0.298  ent=0.807  grad=0.96/0.50  h=5.7 c=18.4  kl=0.0113  vl=0.2451
Step: 2396160 SPS: 548  ev=0.238  ent=0.855  grad=3.00/0.50  h=5.8 c=18.8  kl=0.0127  vl=0.3162
Step: 2400256 SPS: 548  ev=0.304  ent=0.910  grad=0.91/0.50  h=5.7 c=19.3  kl=0.0112  vl=0.2901
Step: 2404352 SPS: 548  ev=0.233  ent=0.865  grad=1.06/0.50  h=5.7 c=19.0  kl=0.0121  vl=0.2578
Step: 2408448 SPS: 548  ev=0.251  ent=0.835  grad=1.03/0.50  h=5.7 c=19.0  kl=0.0136  vl=0.2565
Step: 2412544 SPS: 549  ev=0.259  ent=0.881  grad=0.91/0.50  h=5.7 c=19.4  kl=0.0112  vl=0.2711
Step: 2416640 SPS: 549  ev=0.179  ent=0.904  grad=1.02/0.50  h=5.8 c=19.8  kl=0.0107  vl=0.2418
Step: 2420736 SPS: 549  ev=0.356  ent=0.902  grad=1.28/0.50  h=5.7 c=18.7  kl=0.0108  vl=0.2495
Step: 2424832 SPS: 549  ev=0.328  ent=0.858  grad=1.06/0.50  h=5.7 c=19.1  kl=0.0090  vl=0.2137
Step: 2428928 SPS: 549  ev=0.323  ent=0.904  grad=0.90/0.50  h=5.8 c=19.7  kl=0.0119  vl=0.2091
Step: 2433024 SPS: 549  ev=0.283  ent=0.832  grad=1.26/0.50  h=5.7 c=18.7  kl=0.0120  vl=0.2172
Step: 2437120 SPS: 550  ev=0.273  ent=0.812  grad=0.84/0.50  h=5.7 c=18.8  kl=0.0117  vl=0.2784
Step: 2441216 SPS: 550  ev=0.352  ent=0.811  grad=1.23/0.50  h=5.8 c=20.0  kl=0.0104  vl=0.2635
Step: 2445312 SPS: 550  ev=0.242  ent=0.837  grad=1.85/0.50  h=5.7 c=19.3  kl=0.0132  vl=0.2640
Step: 2449408 SPS: 550  ev=0.271  ent=0.831  grad=1.21/0.50  h=5.7 c=18.6  kl=0.0115  vl=0.2903
Step: 2453504 SPS: 550  ev=0.258  ent=0.841  grad=0.77/0.50  h=5.8 c=20.4  kl=0.0158  vl=0.2522
  vs Random: 100W/0L/0D | score=61.0±34.3 inv=2.8 played=19.4 lanes=4.4 ddraw=16.6 pts=61
  Self-play: 54W/45L/1D | score=28.8±30.7 inv=2.8 played=16.7 lanes=4.1 ddraw=6.3 pts=29
Step: 2457600 SPS: 549  ev=0.242  ent=0.818  grad=1.35/0.50  h=5.7 c=19.7  kl=0.0121  vl=0.3196
Step: 2461696 SPS: 549  ev=0.305  ent=0.845  grad=1.09/0.50  h=5.7 c=18.6  kl=0.0128  vl=0.2534
Step: 2465792 SPS: 549  ev=0.310  ent=0.857  grad=0.89/0.50  h=5.7 c=19.1  kl=0.0116  vl=0.2689
Step: 2469888 SPS: 549  ev=0.297  ent=0.833  grad=1.01/0.50  h=5.8 c=19.1  kl=0.0116  vl=0.2217
Step: 2473984 SPS: 550  ev=0.313  ent=0.826  grad=1.48/0.50  h=5.7 c=18.2  kl=0.0109  vl=0.3023
Step: 2478080 SPS: 550  ev=0.317  ent=0.823  grad=1.25/0.50  h=5.7 c=19.2  kl=0.0117  vl=0.2483
Step: 2482176 SPS: 550  ev=0.301  ent=0.852  grad=0.98/0.50  h=5.9 c=20.2  kl=0.0107  vl=0.2523
Step: 2486272 SPS: 550  ev=0.291  ent=0.838  grad=0.78/0.50  h=5.6 c=18.6  kl=0.0110  vl=0.3026
Step: 2490368 SPS: 550  ev=0.284  ent=0.868  grad=0.81/0.50  h=5.8 c=19.2  kl=0.0129  vl=0.2781
Step: 2494464 SPS: 551  ev=0.310  ent=0.861  grad=1.04/0.50  h=5.8 c=20.0  kl=0.0109  vl=0.2501
Step: 2498560 SPS: 551  ev=0.296  ent=0.824  grad=0.77/0.50  h=5.7 c=18.7  kl=0.0113  vl=0.2983
Step: 2502656 SPS: 551  ev=0.264  ent=0.856  grad=0.87/0.50  h=5.7 c=18.6  kl=0.0131  vl=0.2900
Step: 2506752 SPS: 551  ev=0.337  ent=0.814  grad=1.01/0.50  h=5.8 c=20.2  kl=0.0104  vl=0.2244
Step: 2510848 SPS: 551  ev=0.298  ent=0.819  grad=1.16/0.50  h=5.8 c=19.3  kl=0.0109  vl=0.2512
Step: 2514944 SPS: 551  ev=0.198  ent=0.855  grad=1.17/0.50  h=5.7 c=19.1  kl=0.0128  vl=0.2733
Step: 2519040 SPS: 552  ev=0.349  ent=0.823  grad=1.80/0.50  h=5.8 c=20.2  kl=0.0117  vl=0.2232
Step: 2523136 SPS: 552  ev=0.264  ent=0.857  grad=0.95/0.50  h=5.8 c=19.7  kl=0.0118  vl=0.2291
Step: 2527232 SPS: 552  ev=0.270  ent=0.808  grad=1.18/0.50  h=5.7 c=18.7  kl=0.0134  vl=0.3043
Step: 2531328 SPS: 552  ev=0.301  ent=0.822  grad=1.27/0.50  h=5.8 c=19.7  kl=0.0143  vl=0.2696
Step: 2535424 SPS: 552  ev=0.243  ent=0.835  grad=1.42/0.50  h=5.9 c=20.0  kl=0.0150  vl=0.2635
  vs Random: 101W/0L/0D | score=67.6±35.4 inv=2.6 played=20.3 lanes=4.5 ddraw=15.3 pts=68
  Self-play: 43W/58L/0D | score=23.7±34.5 inv=2.8 played=17.1 lanes=4.3 ddraw=6.3 pts=24
Step: 2539520 SPS: 551  ev=0.334  ent=0.782  grad=1.07/0.50  h=5.7 c=19.0  kl=0.0141  vl=0.2509
Step: 2543616 SPS: 551  ev=0.312  ent=0.846  grad=0.76/0.50  h=5.8 c=19.7  kl=0.0142  vl=0.2463
Step: 2547712 SPS: 551  ev=0.246  ent=0.835  grad=1.46/0.50  h=5.8 c=19.9  kl=0.0103  vl=0.2848
Step: 2551808 SPS: 551  ev=0.318  ent=0.867  grad=1.08/0.50  h=5.8 c=19.1  kl=0.0101  vl=0.3003
Step: 2555904 SPS: 551  ev=0.282  ent=0.861  grad=1.85/0.50  h=5.8 c=18.9  kl=0.0148  vl=0.2495
Step: 2560000 SPS: 552  ev=0.196  ent=0.877  grad=0.95/0.50  h=5.8 c=19.7  kl=0.0133  vl=0.2662
Step: 2564096 SPS: 552  ev=0.330  ent=0.830  grad=1.14/0.50  h=5.9 c=19.5  kl=0.0120  vl=0.2433
Step: 2568192 SPS: 552  ev=0.241  ent=0.833  grad=0.81/0.50  h=5.7 c=18.8  kl=0.0114  vl=0.3033
Step: 2572288 SPS: 552  ev=0.323  ent=0.854  grad=1.32/0.50  h=5.8 c=19.7  kl=0.0105  vl=0.2450
Step: 2576384 SPS: 552  ev=0.283  ent=0.820  grad=1.28/0.50  h=5.8 c=19.3  kl=0.0106  vl=0.2447
Step: 2580480 SPS: 553  ev=0.266  ent=0.850  grad=1.48/0.50  h=5.7 c=18.7  kl=0.0106  vl=0.2449
Step: 2584576 SPS: 553  ev=0.286  ent=0.879  grad=1.98/0.50  h=5.8 c=19.9  kl=0.0139  vl=0.2787
Step: 2588672 SPS: 553  ev=0.280  ent=0.820  grad=0.85/0.50  h=5.9 c=20.0  kl=0.0109  vl=0.2895
Step: 2592768 SPS: 553  ev=0.261  ent=0.885  grad=0.79/0.50  h=5.8 c=19.1  kl=0.0166  vl=0.2755
Step: 2596864 SPS: 553  ev=0.315  ent=0.840  grad=0.90/0.50  h=5.8 c=20.3  kl=0.0111  vl=0.2261
Step: 2600960 SPS: 553  ev=0.284  ent=0.827  grad=1.00/0.50  h=5.9 c=20.2  kl=0.0103  vl=0.2445
Step: 2605056 SPS: 553  ev=0.289  ent=0.856  grad=2.39/0.50  h=5.6 c=18.9  kl=0.0112  vl=0.3243
Step: 2609152 SPS: 554  ev=0.213  ent=0.831  grad=0.97/0.50  h=5.8 c=20.1  kl=0.0157  vl=0.2545
Step: 2613248 SPS: 554  ev=0.251  ent=0.832  grad=0.89/0.50  h=5.9 c=20.9  kl=0.0107  vl=0.2617
Step: 2617344 SPS: 554  ev=0.289  ent=0.854  grad=1.03/0.50  h=5.8 c=20.1  kl=0.0115  vl=0.2300
  vs Random: 101W/0L/0D | score=60.2±24.5 inv=2.5 played=20.0 lanes=4.6 ddraw=15.1 pts=60
  Self-play: 55W/45L/0D | score=22.7±26.1 inv=3.1 played=17.1 lanes=4.3 ddraw=5.3 pts=23
Step: 2621440 SPS: 553  ev=0.300  ent=0.840  grad=0.94/0.50  h=5.8 c=20.5  kl=0.0104  vl=0.2652
Step: 2625536 SPS: 553  ev=0.287  ent=0.865  grad=1.29/0.50  h=5.8 c=21.0  kl=0.0107  vl=0.2086
Step: 2629632 SPS: 553  ev=0.317  ent=0.835  grad=1.52/0.50  h=5.8 c=20.3  kl=0.0120  vl=0.2284
Step: 2633728 SPS: 553  ev=0.301  ent=0.853  grad=1.30/0.50  h=5.8 c=20.4  kl=0.0110  vl=0.2456
Step: 2637824 SPS: 553  ev=0.269  ent=0.801  grad=1.01/0.50  h=5.8 c=21.4  kl=0.0127  vl=0.2454
Step: 2641920 SPS: 553  ev=0.266  ent=0.841  grad=0.76/0.50  h=5.7 c=20.3  kl=0.0115  vl=0.2943
Step: 2646016 SPS: 554  ev=0.301  ent=0.804  grad=0.68/0.50  h=5.7 c=20.1  kl=0.0132  vl=0.3027
Step: 2650112 SPS: 554  ev=0.261  ent=0.821  grad=1.00/0.50  h=5.9 c=21.1  kl=0.0101  vl=0.2804
Step: 2654208 SPS: 554  ev=0.248  ent=0.771  grad=0.81/0.50  h=5.8 c=20.3  kl=0.0130  vl=0.2902
Step: 2658304 SPS: 554  ev=0.312  ent=0.842  grad=1.28/0.50  h=5.7 c=19.4  kl=0.0129  vl=0.2462
Step: 2662400 SPS: 554  ev=0.319  ent=0.820  grad=1.23/0.50  h=5.8 c=20.7  kl=0.0135  vl=0.2252
Step: 2666496 SPS: 554  ev=0.269  ent=0.783  grad=1.73/0.50  h=5.7 c=19.9  kl=0.0124  vl=0.2966
Step: 2670592 SPS: 555  ev=0.264  ent=0.831  grad=1.21/0.50  h=5.8 c=19.3  kl=0.0152  vl=0.3324
Step: 2674688 SPS: 555  ev=0.315  ent=0.816  grad=0.71/0.50  h=5.8 c=20.4  kl=0.0118  vl=0.2589
Step: 2678784 SPS: 555  ev=0.346  ent=0.804  grad=0.92/0.50  h=5.8 c=20.3  kl=0.0132  vl=0.2043
Step: 2682880 SPS: 555  ev=0.299  ent=0.801  grad=1.02/0.50  h=5.7 c=20.2  kl=0.0147  vl=0.2816
Step: 2686976 SPS: 555  ev=0.231  ent=0.835  grad=1.32/0.50  h=5.7 c=20.7  kl=0.0116  vl=0.3162
Step: 2691072 SPS: 555  ev=0.375  ent=0.808  grad=1.25/0.50  h=5.8 c=20.3  kl=0.0113  vl=0.2594
Step: 2695168 SPS: 556  ev=0.332  ent=0.858  grad=1.25/0.50  h=5.7 c=19.5  kl=0.0119  vl=0.2153
Step: 2699264 SPS: 556  ev=0.256  ent=0.863  grad=1.86/0.50  h=5.8 c=20.8  kl=0.0121  vl=0.2666
  vs Random: 100W/0L/0D | score=69.7±39.9 inv=2.9 played=20.5 lanes=4.6 ddraw=12.4 pts=70
  Self-play: 59W/40L/1D | score=23.9±29.5 inv=2.7 played=17.3 lanes=4.5 ddraw=4.1 pts=24
Step: 2703360 SPS: 554  ev=0.348  ent=0.806  grad=0.77/0.50  h=5.7 c=20.8  kl=0.0112  vl=0.2452
Step: 2707456 SPS: 554  ev=0.315  ent=0.848  grad=0.95/0.50  h=5.6 c=19.3  kl=0.0099  vl=0.2882
Step: 2711552 SPS: 555  ev=0.299  ent=0.841  grad=0.91/0.50  h=5.8 c=20.6  kl=0.0099  vl=0.2430
Step: 2715648 SPS: 555  ev=0.353  ent=0.837  grad=1.24/0.50  h=5.8 c=21.2  kl=0.0105  vl=0.3129
Step: 2719744 SPS: 555  ev=0.293  ent=0.833  grad=1.14/0.50  h=5.7 c=19.3  kl=0.0140  vl=0.2721
Step: 2723840 SPS: 555  ev=0.254  ent=0.816  grad=1.68/0.50  h=5.8 c=20.1  kl=0.0102  vl=0.2799
Step: 2727936 SPS: 555  ev=0.266  ent=0.846  grad=1.83/0.50  h=5.8 c=20.9  kl=0.0103  vl=0.2105
Step: 2732032 SPS: 555  ev=0.237  ent=0.819  grad=0.73/0.50  h=5.7 c=19.6  kl=0.0097  vl=0.2850
Step: 2736128 SPS: 556  ev=0.248  ent=0.795  grad=0.71/0.50  h=5.8 c=19.7  kl=0.0156  vl=0.2793
Step: 2740224 SPS: 556  ev=0.273  ent=0.879  grad=1.16/0.50  h=5.8 c=20.7  kl=0.0100  vl=0.2331
Step: 2744320 SPS: 556  ev=0.265  ent=0.834  grad=0.79/0.50  h=5.8 c=20.3  kl=0.0124  vl=0.2506
Step: 2748416 SPS: 556  ev=0.309  ent=0.804  grad=0.97/0.50  h=5.8 c=20.1  kl=0.0136  vl=0.2509
Step: 2752512 SPS: 556  ev=0.308  ent=0.835  grad=1.34/0.50  h=5.9 c=21.4  kl=0.0114  vl=0.2111
Step: 2756608 SPS: 556  ev=0.234  ent=0.803  grad=0.76/0.50  h=5.9 c=21.4  kl=0.0120  vl=0.2753
Step: 2760704 SPS: 556  ev=0.285  ent=0.807  grad=0.89/0.50  h=5.8 c=20.9  kl=0.0112  vl=0.2335
Step: 2764800 SPS: 557  ev=0.253  ent=0.834  grad=0.99/0.50  h=5.8 c=21.8  kl=0.0145  vl=0.2857
Step: 2768896 SPS: 557  ev=0.337  ent=0.816  grad=0.81/0.50  h=5.9 c=21.7  kl=0.0119  vl=0.2441
Step: 2772992 SPS: 557  ev=0.252  ent=0.812  grad=1.04/0.50  h=5.8 c=20.9  kl=0.0117  vl=0.2687
Step: 2777088 SPS: 557  ev=0.319  ent=0.801  grad=0.93/0.50  h=5.9 c=21.4  kl=0.0112  vl=0.2256
Step: 2781184 SPS: 557  ev=0.281  ent=0.802  grad=0.87/0.50  h=5.9 c=21.3  kl=0.0135  vl=0.2433
  vs Random: 100W/0L/0D | score=65.9±33.7 inv=2.9 played=20.4 lanes=4.5 ddraw=13.6 pts=66
  Self-play: 56W/44L/1D | score=23.6±30.3 inv=2.9 played=16.9 lanes=4.2 ddraw=4.1 pts=24
Step: 2785280 SPS: 556  ev=0.279  ent=0.783  grad=0.93/0.50  h=5.8 c=20.7  kl=0.0083  vl=0.2269
Step: 2789376 SPS: 556  ev=0.238  ent=0.797  grad=0.83/0.50  h=5.9 c=21.4  kl=0.0114  vl=0.2961
Step: 2793472 SPS: 556  ev=0.300  ent=0.816  grad=1.21/0.50  h=5.9 c=21.1  kl=0.0106  vl=0.2413
Step: 2797568 SPS: 556  ev=0.339  ent=0.804  grad=1.67/0.50  h=5.8 c=20.7  kl=0.0136  vl=0.2606
Step: 2801664 SPS: 556  ev=0.292  ent=0.788  grad=0.87/0.50  h=5.8 c=20.5  kl=0.0099  vl=0.2624
Step: 2805760 SPS: 556  ev=0.331  ent=0.817  grad=0.77/0.50  h=5.9 c=21.1  kl=0.0110  vl=0.2299
Step: 2809856 SPS: 557  ev=0.306  ent=0.825  grad=0.83/0.50  h=5.8 c=21.4  kl=0.0099  vl=0.2377
Step: 2813952 SPS: 557  ev=0.253  ent=0.819  grad=0.97/0.50  h=5.8 c=21.1  kl=0.0108  vl=0.3189
Step: 2818048 SPS: 557  ev=0.301  ent=0.840  grad=1.12/0.50  h=5.8 c=21.2  kl=0.0099  vl=0.2383
Step: 2822144 SPS: 557  ev=0.279  ent=0.841  grad=0.85/0.50  h=5.8 c=21.3  kl=0.0138  vl=0.2741
Step: 2826240 SPS: 557  ev=0.264  ent=0.861  grad=1.19/0.50  h=5.9 c=22.6  kl=0.0106  vl=0.2859
Step: 2830336 SPS: 557  ev=0.318  ent=0.816  grad=1.17/0.50  h=5.8 c=21.7  kl=0.0119  vl=0.2556
Step: 2834432 SPS: 558  ev=0.262  ent=0.828  grad=1.16/0.50  h=5.8 c=21.3  kl=0.0106  vl=0.2514
Step: 2838528 SPS: 558  ev=0.244  ent=0.798  grad=1.41/0.50  h=5.9 c=21.8  kl=0.0107  vl=0.2502
Step: 2842624 SPS: 558  ev=0.228  ent=0.831  grad=0.83/0.50  h=5.8 c=21.9  kl=0.0144  vl=0.2828
Step: 2846720 SPS: 558  ev=0.261  ent=0.822  grad=0.87/0.50  h=5.9 c=22.5  kl=0.0072  vl=0.2393
Step: 2850816 SPS: 558  ev=0.289  ent=0.841  grad=1.09/0.50  h=5.9 c=21.9  kl=0.0133  vl=0.2230
Step: 2854912 SPS: 558  ev=0.207  ent=0.790  grad=0.89/0.50  h=5.8 c=22.3  kl=0.0099  vl=0.2725
Step: 2859008 SPS: 558  ev=0.258  ent=0.801  grad=0.95/0.50  h=5.9 c=22.6  kl=0.0141  vl=0.2570
Step: 2863104 SPS: 559  ev=0.292  ent=0.845  grad=1.35/0.50  h=5.8 c=21.6  kl=0.0110  vl=0.2404
  vs Random: 100W/0L/0D | score=59.3±36.6 inv=2.6 played=19.8 lanes=4.5 ddraw=13.6 pts=59
  Self-play: 50W/52L/0D | score=20.7±34.4 inv=3.0 played=17.2 lanes=4.5 ddraw=4.0 pts=21
Step: 2867200 SPS: 557  ev=0.284  ent=0.812  grad=1.02/0.50  h=5.7 c=21.4  kl=0.0131  vl=0.2245
Step: 2871296 SPS: 557  ev=0.257  ent=0.818  grad=0.78/0.50  h=5.9 c=22.0  kl=0.0111  vl=0.2378
Step: 2875392 SPS: 557  ev=0.294  ent=0.812  grad=1.20/0.50  h=5.7 c=21.3  kl=0.0109  vl=0.2634
Step: 2879488 SPS: 558  ev=0.284  ent=0.789  grad=1.20/0.50  h=5.8 c=21.2  kl=0.0124  vl=0.2726
Step: 2883584 SPS: 558  ev=0.300  ent=0.831  grad=1.04/0.50  h=5.8 c=21.4  kl=0.0120  vl=0.1868
Step: 2887680 SPS: 558  ev=0.278  ent=0.753  grad=0.97/0.50  h=5.7 c=22.0  kl=0.0152  vl=0.2996
Step: 2891776 SPS: 558  ev=0.288  ent=0.813  grad=1.03/0.50  h=5.8 c=22.1  kl=0.0119  vl=0.3072
Step: 2895872 SPS: 558  ev=0.268  ent=0.789  grad=1.57/0.50  h=5.7 c=20.8  kl=0.0121  vl=0.3113
Step: 2899968 SPS: 558  ev=0.237  ent=0.803  grad=0.77/0.50  h=5.7 c=20.9  kl=0.0094  vl=0.2757
Step: 2904064 SPS: 558  ev=0.252  ent=0.807  grad=0.87/0.50  h=5.8 c=21.8  kl=0.0145  vl=0.2567
Step: 2908160 SPS: 559  ev=0.307  ent=0.837  grad=1.57/0.50  h=5.7 c=20.8  kl=0.0109  vl=0.2549
Step: 2912256 SPS: 559  ev=0.301  ent=0.785  grad=0.81/0.50  h=5.8 c=21.9  kl=0.0100  vl=0.2653
Step: 2916352 SPS: 559  ev=0.273  ent=0.774  grad=0.77/0.50  h=5.8 c=22.3  kl=0.0109  vl=0.2625
Step: 2920448 SPS: 559  ev=0.259  ent=0.773  grad=0.73/0.50  h=5.7 c=21.1  kl=0.0104  vl=0.2783
Step: 2924544 SPS: 559  ev=0.199  ent=0.827  grad=1.28/0.50  h=5.8 c=21.7  kl=0.0103  vl=0.2464
Step: 2928640 SPS: 559  ev=0.249  ent=0.807  grad=2.04/0.50  h=5.8 c=22.1  kl=0.0109  vl=0.2502
Step: 2932736 SPS: 559  ev=0.295  ent=0.799  grad=0.80/0.50  h=5.7 c=21.1  kl=0.0109  vl=0.2546
Step: 2936832 SPS: 560  ev=0.273  ent=0.813  grad=2.20/0.50  h=5.8 c=22.2  kl=0.0116  vl=0.2595
Step: 2940928 SPS: 560  ev=0.299  ent=0.768  grad=1.26/0.50  h=5.8 c=22.2  kl=0.0122  vl=0.2460
Step: 2945024 SPS: 560  ev=0.375  ent=0.800  grad=0.89/0.50  h=5.8 c=21.4  kl=0.0120  vl=0.2324
  vs Random: 100W/0L/0D | score=64.8±33.4 inv=2.6 played=20.6 lanes=4.6 ddraw=11.0 pts=65
  Self-play: 47W/56L/1D | score=20.9±29.6 inv=2.7 played=16.7 lanes=4.3 ddraw=2.9 pts=21
Step: 2949120 SPS: 559  ev=0.256  ent=0.820  grad=0.98/0.50  h=5.8 c=22.5  kl=0.0106  vl=0.2899
Step: 2953216 SPS: 559  ev=0.307  ent=0.791  grad=1.02/0.50  h=5.7 c=22.1  kl=0.0130  vl=0.2714
Step: 2957312 SPS: 559  ev=0.326  ent=0.836  grad=1.54/0.50  h=5.8 c=21.7  kl=0.0119  vl=0.2531
Step: 2961408 SPS: 559  ev=0.307  ent=0.774  grad=0.82/0.50  h=5.8 c=22.8  kl=0.0115  vl=0.2739
Step: 2965504 SPS: 559  ev=0.237  ent=0.791  grad=0.79/0.50  h=5.8 c=22.6  kl=0.0122  vl=0.2544
Step: 2969600 SPS: 559  ev=0.259  ent=0.825  grad=0.85/0.50  h=5.6 c=21.4  kl=0.0129  vl=0.3063
Step: 2973696 SPS: 559  ev=0.288  ent=0.782  grad=1.06/0.50  h=5.8 c=23.0  kl=0.0103  vl=0.2669
Step: 2977792 SPS: 560  ev=0.310  ent=0.814  grad=1.20/0.50  h=5.8 c=22.2  kl=0.0102  vl=0.2655
Step: 2981888 SPS: 560  ev=0.260  ent=0.836  grad=0.99/0.50  h=5.7 c=21.6  kl=0.0116  vl=0.2563
Step: 2985984 SPS: 560  ev=0.268  ent=0.801  grad=0.71/0.50  h=5.8 c=22.7  kl=0.0138  vl=0.2586
Step: 2990080 SPS: 560  ev=0.318  ent=0.780  grad=1.12/0.50  h=5.8 c=21.9  kl=0.0100  vl=0.2977
Step: 2994176 SPS: 560  ev=0.266  ent=0.803  grad=0.92/0.50  h=5.7 c=21.7  kl=0.0105  vl=0.2225
Step: 2998272 SPS: 560  ev=0.244  ent=0.797  grad=1.42/0.50  h=5.8 c=22.2  kl=0.0097  vl=0.2497
Step: 3002368 SPS: 560  ev=0.308  ent=0.815  grad=1.28/0.50  h=5.7 c=22.0  kl=0.0136  vl=0.2395
Step: 3006464 SPS: 560  ev=0.290  ent=0.781  grad=2.36/0.50  h=5.7 c=21.2  kl=0.0127  vl=0.2585
Step: 3010560 SPS: 561  ev=0.297  ent=0.754  grad=0.67/0.50  h=5.8 c=22.4  kl=0.0141  vl=0.2678
Step: 3014656 SPS: 561  ev=0.305  ent=0.788  grad=0.93/0.50  h=5.7 c=22.3  kl=0.0112  vl=0.2307
Step: 3018752 SPS: 561  ev=0.282  ent=0.794  grad=1.31/0.50  h=5.6 c=21.5  kl=0.0156  vl=0.2901
Step: 3022848 SPS: 561  ev=0.353  ent=0.789  grad=0.94/0.50  h=5.8 c=22.7  kl=0.0102  vl=0.2524
Step: 3026944 SPS: 561  ev=0.314  ent=0.836  grad=0.79/0.50  h=5.7 c=22.9  kl=0.0111  vl=0.2640
  vs Random: 101W/0L/0D | score=61.0±29.6 inv=2.6 played=19.6 lanes=4.5 ddraw=10.9 pts=61
  Self-play: 56W/44L/0D | score=20.8±31.9 inv=2.7 played=16.3 lanes=4.2 ddraw=3.4 pts=21
Step: 3031040 SPS: 560  ev=0.294  ent=0.757  grad=0.94/0.50  h=5.7 c=22.5  kl=0.0132  vl=0.3214
Step: 3035136 SPS: 560  ev=0.292  ent=0.785  grad=0.83/0.50  h=5.7 c=22.8  kl=0.0122  vl=0.2436
Step: 3039232 SPS: 560  ev=0.331  ent=0.822  grad=1.21/0.50  h=5.6 c=22.7  kl=0.0107  vl=0.2678
Step: 3043328 SPS: 560  ev=0.277  ent=0.770  grad=0.78/0.50  h=5.7 c=22.6  kl=0.0101  vl=0.2561
Step: 3047424 SPS: 560  ev=0.219  ent=0.815  grad=0.70/0.50  h=5.7 c=23.5  kl=0.0113  vl=0.2806
Step: 3051520 SPS: 560  ev=0.270  ent=0.825  grad=1.67/0.50  h=5.7 c=23.5  kl=0.0122  vl=0.2498
Step: 3055616 SPS: 561  ev=0.251  ent=0.807  grad=0.75/0.50  h=5.7 c=23.2  kl=0.0130  vl=0.2645
Step: 3059712 SPS: 561  ev=0.337  ent=0.789  grad=0.82/0.50  h=5.7 c=23.2  kl=0.0114  vl=0.2470
Step: 3063808 SPS: 561  ev=0.344  ent=0.793  grad=1.32/0.50  h=5.7 c=23.1  kl=0.0140  vl=0.2063
Step: 3067904 SPS: 561  ev=0.208  ent=0.808  grad=0.81/0.50  h=5.8 c=23.7  kl=0.0131  vl=0.2746
Step: 3072000 SPS: 561  ev=0.301  ent=0.808  grad=1.37/0.50  h=5.8 c=23.1  kl=0.0097  vl=0.2353
Step: 3076096 SPS: 561  ev=0.274  ent=0.798  grad=0.85/0.50  h=5.7 c=23.3  kl=0.0110  vl=0.2357
Step: 3080192 SPS: 561  ev=0.306  ent=0.801  grad=0.83/0.50  h=5.8 c=23.7  kl=0.0117  vl=0.2462
Step: 3084288 SPS: 561  ev=0.283  ent=0.817  grad=0.76/0.50  h=5.8 c=23.0  kl=0.0110  vl=0.2597
Step: 3088384 SPS: 562  ev=0.286  ent=0.817  grad=1.51/0.50  h=5.8 c=23.2  kl=0.0110  vl=0.2847
Step: 3092480 SPS: 562  ev=0.197  ent=0.763  grad=0.92/0.50  h=5.8 c=23.3  kl=0.0133  vl=0.3024
Step: 3096576 SPS: 562  ev=0.291  ent=0.783  grad=1.20/0.50  h=5.7 c=22.1  kl=0.0125  vl=0.2692
Step: 3100672 SPS: 562  ev=0.246  ent=0.807  grad=0.84/0.50  h=5.8 c=23.5  kl=0.0122  vl=0.2248
Step: 3104768 SPS: 562  ev=0.329  ent=0.823  grad=1.65/0.50  h=5.7 c=23.0  kl=0.0105  vl=0.2651
Step: 3108864 SPS: 562  ev=0.267  ent=0.782  grad=1.42/0.50  h=5.8 c=23.3  kl=0.0116  vl=0.3110
  vs Random: 100W/0L/0D | score=69.2±32.8 inv=2.8 played=20.1 lanes=4.4 ddraw=11.0 pts=69
  Self-play: 48W/51L/1D | score=17.2±30.3 inv=2.8 played=16.2 lanes=4.2 ddraw=3.6 pts=17
Step: 3112960 SPS: 561  ev=0.324  ent=0.820  grad=1.09/0.50  h=5.8 c=23.5  kl=0.0105  vl=0.2619
Step: 3117056 SPS: 561  ev=0.283  ent=0.797  grad=0.95/0.50  h=5.8 c=23.4  kl=0.0111  vl=0.2395
Step: 3121152 SPS: 561  ev=0.339  ent=0.821  grad=0.83/0.50  h=5.8 c=23.7  kl=0.0123  vl=0.2546
Step: 3125248 SPS: 561  ev=0.295  ent=0.781  grad=1.00/0.50  h=5.8 c=23.7  kl=0.0106  vl=0.2923
Step: 3129344 SPS: 561  ev=0.260  ent=0.782  grad=1.24/0.50  h=5.8 c=23.4  kl=0.0117  vl=0.2972
Step: 3133440 SPS: 562  ev=0.334  ent=0.818  grad=0.89/0.50  h=5.7 c=23.1  kl=0.0141  vl=0.2402
Step: 3137536 SPS: 562  ev=0.319  ent=0.815  grad=0.67/0.50  h=5.8 c=24.1  kl=0.0169  vl=0.2760
Step: 3141632 SPS: 562  ev=0.333  ent=0.843  grad=0.87/0.50  h=5.8 c=23.3  kl=0.0107  vl=0.2262
Step: 3145728 SPS: 562  ev=0.334  ent=0.824  grad=1.15/0.50  h=5.7 c=23.3  kl=0.0157  vl=0.2769
Step: 3149824 SPS: 562  ev=0.283  ent=0.812  grad=1.09/0.50  h=5.9 c=24.2  kl=0.0122  vl=0.2410
Step: 3153920 SPS: 562  ev=0.278  ent=0.801  grad=1.88/0.50  h=5.9 c=24.3  kl=0.0120  vl=0.3031
Step: 3158016 SPS: 562  ev=0.296  ent=0.841  grad=1.00/0.50  h=5.7 c=22.9  kl=0.0167  vl=0.2852
Step: 3162112 SPS: 562  ev=0.251  ent=0.797  grad=0.83/0.50  h=5.9 c=24.4  kl=0.0123  vl=0.2387
Step: 3166208 SPS: 562  ev=0.272  ent=0.825  grad=1.22/0.50  h=5.9 c=24.4  kl=0.0156  vl=0.3089
Step: 3170304 SPS: 563  ev=0.322  ent=0.801  grad=0.78/0.50  h=5.8 c=23.9  kl=0.0118  vl=0.2166
Step: 3174400 SPS: 563  ev=0.321  ent=0.818  grad=0.99/0.50  h=5.8 c=24.0  kl=0.0101  vl=0.2092
Step: 3178496 SPS: 563  ev=0.328  ent=0.846  grad=0.90/0.50  h=5.8 c=24.0  kl=0.0119  vl=0.2289
Step: 3182592 SPS: 563  ev=0.362  ent=0.827  grad=0.91/0.50  h=5.8 c=23.4  kl=0.0108  vl=0.2387
Step: 3186688 SPS: 563  ev=0.294  ent=0.780  grad=1.05/0.50  h=5.8 c=24.1  kl=0.0108  vl=0.2464
Step: 3190784 SPS: 563  ev=0.242  ent=0.819  grad=0.90/0.50  h=5.8 c=23.8  kl=0.0097  vl=0.2963
  vs Random: 100W/0L/0D | score=58.2±25.1 inv=2.6 played=19.6 lanes=4.5 ddraw=8.8 pts=58
  Self-play: 52W/50L/0D | score=23.0±33.6 inv=2.7 played=16.2 lanes=4.2 ddraw=3.4 pts=23
Step: 3194880 SPS: 562  ev=0.306  ent=0.820  grad=1.11/0.50  h=5.8 c=23.6  kl=0.0106  vl=0.2678
Step: 3198976 SPS: 562  ev=0.298  ent=0.856  grad=1.12/0.50  h=5.7 c=23.2  kl=0.0125  vl=0.2611
Step: 3203072 SPS: 562  ev=0.282  ent=0.789  grad=1.07/0.50  h=5.8 c=23.2  kl=0.0128  vl=0.2238
Step: 3207168 SPS: 562  ev=0.350  ent=0.826  grad=1.00/0.50  h=5.8 c=23.6  kl=0.0110  vl=0.2280
Step: 3211264 SPS: 562  ev=0.260  ent=0.796  grad=1.33/0.50  h=5.8 c=23.7  kl=0.0128  vl=0.2566
Step: 3215360 SPS: 563  ev=0.293  ent=0.850  grad=1.03/0.50  h=5.8 c=23.5  kl=0.0133  vl=0.2344
Step: 3219456 SPS: 563  ev=0.272  ent=0.841  grad=0.88/0.50  h=5.8 c=23.8  kl=0.0117  vl=0.2904
Step: 3223552 SPS: 563  ev=0.262  ent=0.835  grad=1.03/0.50  h=5.8 c=23.7  kl=0.0115  vl=0.2492
Step: 3227648 SPS: 563  ev=0.361  ent=0.834  grad=0.98/0.50  h=5.8 c=23.9  kl=0.0148  vl=0.2040
Step: 3231744 SPS: 563  ev=0.305  ent=0.836  grad=1.58/0.50  h=5.8 c=23.1  kl=0.0129  vl=0.2891
Step: 3235840 SPS: 563  ev=0.348  ent=0.828  grad=0.83/0.50  h=5.7 c=23.5  kl=0.0113  vl=0.1946
Step: 3239936 SPS: 563  ev=0.293  ent=0.831  grad=0.80/0.50  h=5.8 c=24.2  kl=0.0112  vl=0.2402
Step: 3244032 SPS: 563  ev=0.268  ent=0.809  grad=0.76/0.50  h=5.8 c=23.2  kl=0.0127  vl=0.2450
Step: 3248128 SPS: 564  ev=0.232  ent=0.821  grad=1.14/0.50  h=5.8 c=24.1  kl=0.0155  vl=0.2966
Step: 3252224 SPS: 564  ev=0.287  ent=0.813  grad=1.10/0.50  h=5.8 c=24.0  kl=0.0131  vl=0.2167
Step: 3256320 SPS: 564  ev=0.302  ent=0.774  grad=0.91/0.50  h=5.7 c=22.9  kl=0.0123  vl=0.2700
Step: 3260416 SPS: 564  ev=0.312  ent=0.788  grad=0.95/0.50  h=5.8 c=23.9  kl=0.0158  vl=0.3011
Step: 3264512 SPS: 564  ev=0.301  ent=0.846  grad=0.78/0.50  h=5.9 c=24.2  kl=0.0141  vl=0.2686
Step: 3268608 SPS: 564  ev=0.289  ent=0.753  grad=1.66/0.50  h=5.8 c=22.9  kl=0.0110  vl=0.2524
Step: 3272704 SPS: 564  ev=0.285  ent=0.817  grad=1.09/0.50  h=5.9 c=23.9  kl=0.0135  vl=0.2935
  vs Random: 100W/1L/0D | score=61.4±35.4 inv=2.6 played=19.6 lanes=4.6 ddraw=9.0 pts=61
  Self-play: 55W/46L/0D | score=21.7±26.5 inv=2.5 played=16.3 lanes=4.3 ddraw=2.9 pts=22
Step: 3276800 SPS: 563  ev=0.254  ent=0.847  grad=0.89/0.50  h=5.8 c=23.5  kl=0.0109  vl=0.2447
Step: 3280896 SPS: 563  ev=0.292  ent=0.790  grad=0.90/0.50  h=5.8 c=22.5  kl=0.0130  vl=0.2424
Step: 3284992 SPS: 563  ev=0.287  ent=0.796  grad=1.17/0.50  h=5.8 c=23.2  kl=0.0121  vl=0.2659
Step: 3289088 SPS: 563  ev=0.291  ent=0.803  grad=1.16/0.50  h=5.8 c=22.9  kl=0.0130  vl=0.2592
Step: 3293184 SPS: 564  ev=0.277  ent=0.808  grad=1.48/0.50  h=5.7 c=21.7  kl=0.0103  vl=0.2872
Step: 3297280 SPS: 564  ev=0.351  ent=0.813  grad=1.23/0.50  h=5.9 c=23.7  kl=0.0127  vl=0.2493
Step: 3301376 SPS: 564  ev=0.341  ent=0.889  grad=1.10/0.50  h=5.9 c=23.4  kl=0.0101  vl=0.2283
Step: 3305472 SPS: 564  ev=0.281  ent=0.811  grad=0.86/0.50  h=5.8 c=22.5  kl=0.0107  vl=0.2564
Step: 3309568 SPS: 564  ev=0.277  ent=0.830  grad=1.19/0.50  h=5.9 c=23.7  kl=0.0101  vl=0.3035
Step: 3313664 SPS: 564  ev=0.313  ent=0.823  grad=1.12/0.50  h=5.8 c=23.5  kl=0.0109  vl=0.2962
Step: 3317760 SPS: 564  ev=0.308  ent=0.803  grad=1.17/0.50  h=5.8 c=22.9  kl=0.0101  vl=0.2583
Step: 3321856 SPS: 564  ev=0.314  ent=0.771  grad=1.41/0.50  h=5.8 c=24.0  kl=0.0120  vl=0.2643
Step: 3325952 SPS: 564  ev=0.354  ent=0.813  grad=0.88/0.50  h=5.9 c=24.3  kl=0.0102  vl=0.2072
Step: 3330048 SPS: 565  ev=0.278  ent=0.787  grad=1.41/0.50  h=5.8 c=22.6  kl=0.0120  vl=0.2609
Step: 3334144 SPS: 565  ev=0.333  ent=0.772  grad=1.29/0.50  h=5.9 c=23.4  kl=0.0099  vl=0.1977
Step: 3338240 SPS: 565  ev=0.230  ent=0.746  grad=0.66/0.50  h=5.9 c=23.8  kl=0.0122  vl=0.2144
Step: 3342336 SPS: 565  ev=0.226  ent=0.797  grad=0.73/0.50  h=5.7 c=21.7  kl=0.0097  vl=0.2824
Step: 3346432 SPS: 565  ev=0.252  ent=0.779  grad=1.27/0.50  h=5.8 c=24.0  kl=0.0085  vl=0.2163
Step: 3350528 SPS: 565  ev=0.298  ent=0.761  grad=0.95/0.50  h=5.8 c=24.0  kl=0.0106  vl=0.2716
Step: 3354624 SPS: 565  ev=0.265  ent=0.773  grad=0.64/0.50  h=5.8 c=22.3  kl=0.0126  vl=0.2481
  vs Random: 100W/0L/0D | score=61.5±33.1 inv=2.6 played=20.6 lanes=4.7 ddraw=9.5 pts=62
  Self-play: 53W/47L/0D | score=25.9±23.0 inv=2.5 played=17.0 lanes=4.4 ddraw=2.5 pts=26
Step: 3358720 SPS: 564  ev=0.253  ent=0.812  grad=1.00/0.50  h=5.9 c=24.1  kl=0.0101  vl=0.3113
Step: 3362816 SPS: 564  ev=0.278  ent=0.789  grad=0.70/0.50  h=5.8 c=23.6  kl=0.0122  vl=0.2712
Step: 3366912 SPS: 564  ev=0.274  ent=0.775  grad=0.94/0.50  h=5.7 c=22.7  kl=0.0114  vl=0.2551
Step: 3371008 SPS: 564  ev=0.312  ent=0.806  grad=1.13/0.50  h=5.9 c=25.0  kl=0.0145  vl=0.2235
Step: 3375104 SPS: 565  ev=0.320  ent=0.808  grad=1.02/0.50  h=5.8 c=24.1  kl=0.0078  vl=0.2571
Step: 3379200 SPS: 565  ev=0.280  ent=0.820  grad=1.03/0.50  h=5.9 c=23.2  kl=0.0147  vl=0.2652
Step: 3383296 SPS: 565  ev=0.236  ent=0.806  grad=0.80/0.50  h=5.8 c=24.6  kl=0.0093  vl=0.2623
Step: 3387392 SPS: 565  ev=0.316  ent=0.772  grad=0.88/0.50  h=5.9 c=23.4  kl=0.0110  vl=0.2273
Step: 3391488 SPS: 565  ev=0.315  ent=0.815  grad=1.25/0.50  h=5.8 c=23.2  kl=0.0108  vl=0.2932
Step: 3395584 SPS: 565  ev=0.333  ent=0.808  grad=0.92/0.50  h=5.9 c=24.3  kl=0.0110  vl=0.2436
Step: 3399680 SPS: 565  ev=0.274  ent=0.820  grad=0.85/0.50  h=5.8 c=22.3  kl=0.0106  vl=0.2644
Step: 3403776 SPS: 565  ev=0.346  ent=0.757  grad=0.92/0.50  h=5.9 c=23.4  kl=0.0127  vl=0.2531
Step: 3407872 SPS: 565  ev=0.310  ent=0.801  grad=0.66/0.50  h=5.9 c=23.8  kl=0.0101  vl=0.2251
Step: 3411968 SPS: 565  ev=0.339  ent=0.836  grad=0.76/0.50  h=5.8 c=22.8  kl=0.0132  vl=0.2123
Step: 3416064 SPS: 566  ev=0.322  ent=0.766  grad=0.78/0.50  h=5.8 c=23.8  kl=0.0097  vl=0.2260
Step: 3420160 SPS: 566  ev=0.350  ent=0.794  grad=1.20/0.50  h=5.8 c=23.9  kl=0.0139  vl=0.2103
Step: 3424256 SPS: 566  ev=0.221  ent=0.806  grad=2.70/0.50  h=5.7 c=22.9  kl=0.0143  vl=0.3233
Step: 3428352 SPS: 566  ev=0.320  ent=0.783  grad=1.31/0.50  h=5.9 c=24.3  kl=0.0126  vl=0.2370
Step: 3432448 SPS: 566  ev=0.324  ent=0.785  grad=1.72/0.50  h=5.8 c=23.8  kl=0.0108  vl=0.3002
Step: 3436544 SPS: 566  ev=0.325  ent=0.818  grad=0.62/0.50  h=5.8 c=23.5  kl=0.0127  vl=0.2134
  vs Random: 100W/0L/0D | score=59.1±31.2 inv=2.9 played=20.5 lanes=4.8 ddraw=7.8 pts=59
  Self-play: 39W/60L/1D | score=14.2±30.0 inv=2.4 played=16.6 lanes=4.6 ddraw=2.0 pts=14
Step: 3440640 SPS: 565  ev=0.308  ent=0.787  grad=0.65/0.50  h=5.9 c=24.3  kl=0.0111  vl=0.3220
Step: 3444736 SPS: 565  ev=0.329  ent=0.767  grad=1.36/0.50  h=5.8 c=22.8  kl=0.0104  vl=0.2421
Step: 3448832 SPS: 565  ev=0.313  ent=0.782  grad=1.37/0.50  h=5.9 c=24.3  kl=0.0140  vl=0.2766
Step: 3452928 SPS: 565  ev=0.328  ent=0.768  grad=0.71/0.50  h=5.9 c=23.8  kl=0.0139  vl=0.2443
Step: 3457024 SPS: 565  ev=0.243  ent=0.776  grad=0.91/0.50  h=5.8 c=23.0  kl=0.0144  vl=0.2585
Step: 3461120 SPS: 566  ev=0.296  ent=0.766  grad=0.82/0.50  h=5.8 c=23.0  kl=0.0119  vl=0.2485
Step: 3465216 SPS: 566  ev=0.286  ent=0.773  grad=0.88/0.50  h=5.9 c=23.2  kl=0.0104  vl=0.2333
Step: 3469312 SPS: 566  ev=0.325  ent=0.762  grad=0.79/0.50  h=5.8 c=21.8  kl=0.0138  vl=0.2593
Step: 3473408 SPS: 566  ev=0.309  ent=0.766  grad=1.04/0.50  h=5.8 c=23.2  kl=0.0138  vl=0.2703
Step: 3477504 SPS: 566  ev=0.365  ent=0.782  grad=0.89/0.50  h=5.8 c=22.8  kl=0.0107  vl=0.2473
Step: 3481600 SPS: 566  ev=0.360  ent=0.732  grad=1.12/0.50  h=5.7 c=22.3  kl=0.0126  vl=0.2242
Step: 3485696 SPS: 566  ev=0.304  ent=0.771  grad=0.75/0.50  h=5.8 c=24.0  kl=0.0106  vl=0.2769
Step: 3489792 SPS: 566  ev=0.350  ent=0.760  grad=1.09/0.50  h=5.8 c=23.3  kl=0.0122  vl=0.2449
Step: 3493888 SPS: 566  ev=0.273  ent=0.798  grad=0.84/0.50  h=5.8 c=22.3  kl=0.0103  vl=0.3051
Step: 3497984 SPS: 566  ev=0.304  ent=0.816  grad=1.00/0.50  h=5.8 c=24.5  kl=0.0106  vl=0.2496
Step: 3502080 SPS: 567  ev=0.255  ent=0.809  grad=1.22/0.50  h=5.7 c=23.0  kl=0.0134  vl=0.2946
Step: 3506176 SPS: 567  ev=0.277  ent=0.790  grad=1.20/0.50  h=5.7 c=22.8  kl=0.0114  vl=0.2675
Step: 3510272 SPS: 567  ev=0.317  ent=0.753  grad=0.63/0.50  h=5.9 c=24.5  kl=0.0107  vl=0.2197
Step: 3514368 SPS: 567  ev=0.276  ent=0.799  grad=1.03/0.50  h=5.8 c=23.0  kl=0.0135  vl=0.2702
Step: 3518464 SPS: 567  ev=0.295  ent=0.755  grad=1.21/0.50  h=5.8 c=22.7  kl=0.0104  vl=0.2547
  vs Random: 100W/0L/0D | score=62.7±37.1 inv=2.8 played=20.1 lanes=4.6 ddraw=8.6 pts=63
  Self-play: 55W/44L/2D | score=22.7±33.0 inv=2.8 played=17.2 lanes=4.4 ddraw=2.4 pts=23
Step: 3522560 SPS: 566  ev=0.269  ent=0.800  grad=1.67/0.50  h=5.9 c=23.8  kl=0.0110  vl=0.2901
Step: 3526656 SPS: 566  ev=0.337  ent=0.746  grad=0.92/0.50  h=5.8 c=23.1  kl=0.0126  vl=0.2059
Step: 3530752 SPS: 566  ev=0.256  ent=0.779  grad=1.09/0.50  h=5.8 c=22.6  kl=0.0092  vl=0.3071
Step: 3534848 SPS: 566  ev=0.244  ent=0.785  grad=0.69/0.50  h=5.8 c=23.6  kl=0.0129  vl=0.2519
Step: 3538944 SPS: 566  ev=0.283  ent=0.780  grad=0.91/0.50  h=5.8 c=22.3  kl=0.0108  vl=0.2744
Step: 3543040 SPS: 566  ev=0.272  ent=0.773  grad=1.09/0.50  h=5.9 c=23.9  kl=0.0092  vl=0.2000
Step: 3547136 SPS: 567  ev=0.275  ent=0.791  grad=0.92/0.50  h=5.8 c=23.7  kl=0.0114  vl=0.2436
Step: 3551232 SPS: 567  ev=0.256  ent=0.762  grad=0.90/0.50  h=5.8 c=23.3  kl=0.0101  vl=0.2829
Step: 3555328 SPS: 567  ev=0.252  ent=0.782  grad=1.69/0.50  h=5.8 c=23.2  kl=0.0117  vl=0.2618
Step: 3559424 SPS: 567  ev=0.326  ent=0.776  grad=0.88/0.50  h=5.8 c=23.3  kl=0.0112  vl=0.2409
Step: 3563520 SPS: 567  ev=0.304  ent=0.792  grad=0.72/0.50  h=5.8 c=23.0  kl=0.0113  vl=0.2450
Step: 3567616 SPS: 567  ev=0.286  ent=0.774  grad=0.85/0.50  h=5.8 c=23.1  kl=0.0107  vl=0.2638
Step: 3571712 SPS: 567  ev=0.295  ent=0.770  grad=0.85/0.50  h=5.8 c=22.9  kl=0.0111  vl=0.2780
Step: 3575808 SPS: 567  ev=0.258  ent=0.808  grad=0.70/0.50  h=5.9 c=23.3  kl=0.0104  vl=0.2710
Step: 3579904 SPS: 567  ev=0.305  ent=0.786  grad=1.04/0.50  h=5.8 c=22.9  kl=0.0119  vl=0.2249
Step: 3584000 SPS: 568  ev=0.345  ent=0.779  grad=1.29/0.50  h=5.7 c=22.5  kl=0.0128  vl=0.2475
Step: 3588096 SPS: 568  ev=0.273  ent=0.790  grad=0.66/0.50  h=5.8 c=22.9  kl=0.0128  vl=0.2610
Step: 3592192 SPS: 568  ev=0.247  ent=0.819  grad=1.22/0.50  h=5.8 c=22.4  kl=0.0114  vl=0.2798
Step: 3596288 SPS: 568  ev=0.301  ent=0.809  grad=1.40/0.50  h=5.8 c=23.1  kl=0.0099  vl=0.2168
Step: 3600384 SPS: 568  ev=0.325  ent=0.812  grad=0.72/0.50  h=5.7 c=22.3  kl=0.0104  vl=0.2313
  vs Random: 100W/0L/0D | score=63.8±32.6 inv=2.6 played=20.7 lanes=4.7 ddraw=7.6 pts=64
  Self-play: 50W/48L/2D | score=19.1±26.6 inv=2.6 played=17.1 lanes=4.4 ddraw=2.3 pts=19
Step: 3604480 SPS: 567  ev=0.254  ent=0.758  grad=1.28/0.50  h=5.8 c=22.6  kl=0.0130  vl=0.2518
Step: 3608576 SPS: 567  ev=0.299  ent=0.779  grad=0.97/0.50  h=5.8 c=23.4  kl=0.0125  vl=0.2445
Step: 3612672 SPS: 567  ev=0.324  ent=0.764  grad=1.00/0.50  h=5.7 c=23.3  kl=0.0116  vl=0.2624
Step: 3616768 SPS: 567  ev=0.296  ent=0.799  grad=1.07/0.50  h=5.8 c=23.6  kl=0.0095  vl=0.2431
Step: 3620864 SPS: 567  ev=0.263  ent=0.757  grad=0.90/0.50  h=5.8 c=23.2  kl=0.0114  vl=0.2521
Step: 3624960 SPS: 568  ev=0.353  ent=0.809  grad=1.07/0.50  h=5.8 c=23.2  kl=0.0103  vl=0.2410
Step: 3629056 SPS: 568  ev=0.296  ent=0.783  grad=1.38/0.50  h=5.8 c=23.1  kl=0.0106  vl=0.2432
Step: 3633152 SPS: 568  ev=0.345  ent=0.763  grad=0.79/0.50  h=5.8 c=23.3  kl=0.0108  vl=0.2833
Step: 3637248 SPS: 568  ev=0.371  ent=0.815  grad=0.82/0.50  h=5.8 c=23.7  kl=0.0103  vl=0.2247
Step: 3641344 SPS: 568  ev=0.351  ent=0.781  grad=0.89/0.50  h=5.8 c=22.1  kl=0.0091  vl=0.2107
Step: 3645440 SPS: 568  ev=0.288  ent=0.745  grad=0.87/0.50  h=5.9 c=23.0  kl=0.0100  vl=0.2742
Step: 3649536 SPS: 568  ev=0.349  ent=0.809  grad=1.55/0.50  h=5.8 c=23.1  kl=0.0103  vl=0.2385
Step: 3653632 SPS: 568  ev=0.324  ent=0.823  grad=1.05/0.50  h=5.8 c=22.2  kl=0.0130  vl=0.2645
Step: 3657728 SPS: 568  ev=0.242  ent=0.791  grad=0.85/0.50  h=5.9 c=23.8  kl=0.0120  vl=0.2457
Step: 3661824 SPS: 568  ev=0.282  ent=0.773  grad=1.78/0.50  h=5.8 c=23.0  kl=0.0112  vl=0.3303
Step: 3665920 SPS: 569  ev=0.307  ent=0.777  grad=0.74/0.50  h=5.7 c=22.0  kl=0.0136  vl=0.2781
Step: 3670016 SPS: 569  ev=0.320  ent=0.763  grad=1.52/0.50  h=5.9 c=23.6  kl=0.0119  vl=0.2982
Step: 3674112 SPS: 569  ev=0.328  ent=0.823  grad=0.90/0.50  h=5.9 c=23.3  kl=0.0136  vl=0.2520
Step: 3678208 SPS: 569  ev=0.287  ent=0.824  grad=0.96/0.50  h=5.8 c=22.5  kl=0.0109  vl=0.2443
Step: 3682304 SPS: 569  ev=0.268  ent=0.777  grad=0.88/0.50  h=5.8 c=23.2  kl=0.0116  vl=0.2971
  vs Random: 102W/0L/0D | score=63.6±34.7 inv=2.8 played=20.2 lanes=4.6 ddraw=8.0 pts=64
  Self-play: 56W/47L/1D | score=19.1±30.3 inv=2.3 played=16.8 lanes=4.5 ddraw=2.4 pts=19
Step: 3686400 SPS: 568  ev=0.341  ent=0.766  grad=1.35/0.50  h=5.9 c=23.8  kl=0.0127  vl=0.2481
Step: 3690496 SPS: 568  ev=0.282  ent=0.832  grad=1.44/0.50  h=5.8 c=22.3  kl=0.0134  vl=0.2630
Step: 3694592 SPS: 568  ev=0.288  ent=0.798  grad=1.78/0.50  h=5.8 c=23.0  kl=0.0115  vl=0.2221
Step: 3698688 SPS: 568  ev=0.332  ent=0.839  grad=0.90/0.50  h=5.9 c=23.2  kl=0.0135  vl=0.2620
Step: 3702784 SPS: 568  ev=0.334  ent=0.786  grad=0.80/0.50  h=5.7 c=21.7  kl=0.0123  vl=0.2884
Step: 3706880 SPS: 568  ev=0.362  ent=0.787  grad=0.95/0.50  h=5.9 c=23.8  kl=0.0136  vl=0.2651
Step: 3710976 SPS: 568  ev=0.278  ent=0.813  grad=0.85/0.50  h=5.9 c=22.9  kl=0.0102  vl=0.2521
Step: 3715072 SPS: 569  ev=0.321  ent=0.765  grad=1.87/0.50  h=5.8 c=22.6  kl=0.0107  vl=0.2963
Step: 3719168 SPS: 569  ev=0.241  ent=0.760  grad=1.92/0.50  h=5.9 c=23.6  kl=0.0116  vl=0.3075
Step: 3723264 SPS: 569  ev=0.345  ent=0.796  grad=0.79/0.50  h=5.8 c=22.6  kl=0.0144  vl=0.2181
Step: 3727360 SPS: 569  ev=0.265  ent=0.778  grad=1.06/0.50  h=5.8 c=22.5  kl=0.0126  vl=0.2919
Step: 3731456 SPS: 569  ev=0.321  ent=0.801  grad=1.84/0.50  h=5.9 c=23.8  kl=0.0092  vl=0.2648
Step: 3735552 SPS: 569  ev=0.228  ent=0.736  grad=1.81/0.50  h=5.7 c=21.5  kl=0.0118  vl=0.2978
Step: 3739648 SPS: 569  ev=0.274  ent=0.764  grad=1.12/0.50  h=5.9 c=23.1  kl=0.0131  vl=0.2426
Step: 3743744 SPS: 569  ev=0.391  ent=0.761  grad=1.13/0.50  h=5.9 c=22.9  kl=0.0121  vl=0.2298
Step: 3747840 SPS: 569  ev=0.332  ent=0.796  grad=1.24/0.50  h=5.8 c=21.8  kl=0.0139  vl=0.2657
Step: 3751936 SPS: 569  ev=0.295  ent=0.740  grad=0.76/0.50  h=5.8 c=22.5  kl=0.0119  vl=0.2406
Step: 3756032 SPS: 570  ev=0.350  ent=0.768  grad=1.02/0.50  h=6.0 c=23.1  kl=0.0111  vl=0.2896
Step: 3760128 SPS: 570  ev=0.278  ent=0.828  grad=1.94/0.50  h=5.8 c=21.2  kl=0.0131  vl=0.3009
Step: 3764224 SPS: 570  ev=0.279  ent=0.759  grad=0.73/0.50  h=5.9 c=22.3  kl=0.0092  vl=0.2507
  vs Random: 100W/0L/0D | score=65.7±31.4 inv=2.5 played=20.5 lanes=4.6 ddraw=6.9 pts=66
  Self-play: 56W/46L/0D | score=24.0±30.6 inv=2.5 played=17.0 lanes=4.4 ddraw=2.3 pts=24
Step: 3768320 SPS: 569  ev=0.298  ent=0.781  grad=0.92/0.50  h=5.9 c=23.2  kl=0.0105  vl=0.3064
Step: 3772416 SPS: 569  ev=0.329  ent=0.812  grad=1.59/0.50  h=5.8 c=20.7  kl=0.0136  vl=0.2522
Step: 3776512 SPS: 569  ev=0.271  ent=0.756  grad=1.09/0.50  h=5.9 c=23.3  kl=0.0123  vl=0.2393
Step: 3780608 SPS: 569  ev=0.303  ent=0.753  grad=0.84/0.50  h=6.0 c=23.4  kl=0.0099  vl=0.2439
Step: 3784704 SPS: 569  ev=0.315  ent=0.805  grad=0.99/0.50  h=5.8 c=21.6  kl=0.0122  vl=0.2457
Step: 3788800 SPS: 569  ev=0.291  ent=0.773  grad=1.15/0.50  h=5.8 c=22.2  kl=0.0112  vl=0.2432
Step: 3792896 SPS: 569  ev=0.292  ent=0.805  grad=1.48/0.50  h=5.9 c=22.9  kl=0.0127  vl=0.2698
Step: 3796992 SPS: 569  ev=0.245  ent=0.750  grad=0.90/0.50  h=5.9 c=22.4  kl=0.0108  vl=0.2795
Step: 3801088 SPS: 569  ev=0.339  ent=0.794  grad=0.82/0.50  h=5.9 c=23.7  kl=0.0123  vl=0.2369
Step: 3805184 SPS: 570  ev=0.337  ent=0.790  grad=0.80/0.50  h=5.8 c=22.7  kl=0.0122  vl=0.2318
Step: 3809280 SPS: 570  ev=0.240  ent=0.794  grad=1.24/0.50  h=5.9 c=22.2  kl=0.0107  vl=0.2861
Step: 3813376 SPS: 570  ev=0.297  ent=0.811  grad=1.75/0.50  h=5.9 c=23.2  kl=0.0105  vl=0.2268
Step: 3817472 SPS: 570  ev=0.291  ent=0.821  grad=0.69/0.50  h=5.8 c=22.0  kl=0.0125  vl=0.2617
Step: 3821568 SPS: 570  ev=0.296  ent=0.752  grad=0.72/0.50  h=5.7 c=21.7  kl=0.0105  vl=0.2204
Step: 3825664 SPS: 570  ev=0.326  ent=0.794  grad=1.50/0.50  h=5.9 c=23.4  kl=0.0107  vl=0.2306
Step: 3829760 SPS: 570  ev=0.313  ent=0.766  grad=1.38/0.50  h=5.7 c=21.0  kl=0.0105  vl=0.2489
Step: 3833856 SPS: 570  ev=0.311  ent=0.796  grad=1.29/0.50  h=5.8 c=22.0  kl=0.0131  vl=0.2693
Step: 3837952 SPS: 570  ev=0.296  ent=0.831  grad=1.36/0.50  h=5.8 c=23.7  kl=0.0118  vl=0.2524
Step: 3842048 SPS: 570  ev=0.289  ent=0.804  grad=0.87/0.50  h=5.7 c=20.9  kl=0.0103  vl=0.2738
Step: 3846144 SPS: 570  ev=0.318  ent=0.774  grad=0.88/0.50  h=5.7 c=21.9  kl=0.0095  vl=0.2378
  vs Random: 100W/0L/0D | score=59.2±29.2 inv=2.6 played=19.8 lanes=4.6 ddraw=7.2 pts=59
  Self-play: 54W/46L/1D | score=24.2±29.5 inv=2.5 played=17.4 lanes=4.5 ddraw=1.9 pts=24
Step: 3850240 SPS: 570  ev=0.307  ent=0.778  grad=0.72/0.50  h=5.8 c=23.3  kl=0.0124  vl=0.2271
Step: 3854336 SPS: 570  ev=0.283  ent=0.787  grad=1.26/0.50  h=5.6 c=19.9  kl=0.0102  vl=0.3575
Step: 3858432 SPS: 570  ev=0.339  ent=0.787  grad=1.23/0.50  h=5.7 c=21.9  kl=0.0106  vl=0.2373
Step: 3862528 SPS: 570  ev=0.357  ent=0.772  grad=1.29/0.50  h=5.9 c=23.3  kl=0.0109  vl=0.2302
Step: 3866624 SPS: 570  ev=0.288  ent=0.788  grad=1.35/0.50  h=5.6 c=20.0  kl=0.0117  vl=0.2531
Step: 3870720 SPS: 570  ev=0.295  ent=0.781  grad=0.78/0.50  h=5.8 c=22.7  kl=0.0119  vl=0.2249
Step: 3874816 SPS: 570  ev=0.332  ent=0.761  grad=0.86/0.50  h=5.8 c=23.3  kl=0.0107  vl=0.2798
Step: 3878912 SPS: 570  ev=0.308  ent=0.784  grad=0.89/0.50  h=5.7 c=20.8  kl=0.0114  vl=0.2608
Step: 3883008 SPS: 570  ev=0.267  ent=0.746  grad=0.96/0.50  h=5.8 c=23.0  kl=0.0116  vl=0.2337
Step: 3887104 SPS: 570  ev=0.227  ent=0.763  grad=1.14/0.50  h=5.7 c=22.4  kl=0.0102  vl=0.3099
Step: 3891200 SPS: 570  ev=0.292  ent=0.769  grad=1.52/0.50  h=5.7 c=20.9  kl=0.0166  vl=0.3090
Step: 3895296 SPS: 571  ev=0.317  ent=0.755  grad=0.78/0.50  h=5.9 c=23.6  kl=0.0089  vl=0.1695
Step: 3899392 SPS: 571  ev=0.337  ent=0.753  grad=1.02/0.50  h=5.9 c=22.9  kl=0.0116  vl=0.2123
Step: 3903488 SPS: 571  ev=0.285  ent=0.780  grad=1.24/0.50  h=5.7 c=21.1  kl=0.0140  vl=0.2458
Step: 3907584 SPS: 571  ev=0.275  ent=0.766  grad=0.95/0.50  h=5.9 c=23.8  kl=0.0121  vl=0.2585
Step: 3911680 SPS: 571  ev=0.316  ent=0.743  grad=1.18/0.50  h=5.8 c=22.6  kl=0.0100  vl=0.2315
Step: 3915776 SPS: 571  ev=0.239  ent=0.721  grad=0.87/0.50  h=5.7 c=21.6  kl=0.0102  vl=0.2759
Step: 3919872 SPS: 571  ev=0.305  ent=0.747  grad=1.18/0.50  h=5.9 c=24.2  kl=0.0114  vl=0.2630
Step: 3923968 SPS: 571  ev=0.318  ent=0.767  grad=0.88/0.50  h=5.7 c=21.4  kl=0.0115  vl=0.2312
Step: 3928064 SPS: 571  ev=0.316  ent=0.777  grad=1.48/0.50  h=5.7 c=21.7  kl=0.0103  vl=0.2256
  vs Random: 102W/0L/0D | score=65.4±32.9 inv=2.7 played=20.9 lanes=4.7 ddraw=6.9 pts=65
  Self-play: 50W/53L/0D | score=17.0±25.4 inv=2.9 played=17.6 lanes=4.5 ddraw=2.2 pts=17
Step: 3932160 SPS: 570  ev=0.287  ent=0.755  grad=0.64/0.50  h=5.9 c=24.0  kl=0.0134  vl=0.2478
Step: 3936256 SPS: 570  ev=0.306  ent=0.757  grad=0.81/0.50  h=5.7 c=21.3  kl=0.0133  vl=0.2642
Step: 3940352 SPS: 570  ev=0.268  ent=0.746  grad=1.03/0.50  h=5.7 c=22.7  kl=0.0113  vl=0.2777
Step: 3944448 SPS: 571  ev=0.283  ent=0.751  grad=1.29/0.50  h=5.8 c=23.6  kl=0.0143  vl=0.2619
Step: 3948544 SPS: 571  ev=0.259  ent=0.713  grad=0.91/0.50  h=5.7 c=21.1  kl=0.0117  vl=0.3151
Step: 3952640 SPS: 571  ev=0.231  ent=0.739  grad=1.44/0.50  h=5.8 c=22.8  kl=0.0133  vl=0.2880
Step: 3956736 SPS: 571  ev=0.366  ent=0.758  grad=1.44/0.50  h=5.9 c=23.7  kl=0.0113  vl=0.2715
Step: 3960832 SPS: 571  ev=0.312  ent=0.737  grad=1.10/0.50  h=5.6 c=21.4  kl=0.0108  vl=0.2995
Step: 3964928 SPS: 571  ev=0.328  ent=0.731  grad=1.07/0.50  h=5.8 c=23.7  kl=0.0161  vl=0.2450
Step: 3969024 SPS: 571  ev=0.345  ent=0.742  grad=0.68/0.50  h=5.8 c=23.7  kl=0.0135  vl=0.2766
Step: 3973120 SPS: 571  ev=0.288  ent=0.730  grad=2.23/0.50  h=5.7 c=21.8  kl=0.0106  vl=0.2814
Step: 3977216 SPS: 571  ev=0.265  ent=0.728  grad=1.73/0.50  h=5.7 c=23.2  kl=0.0124  vl=0.2853
Step: 3981312 SPS: 571  ev=0.315  ent=0.742  grad=0.81/0.50  h=5.8 c=23.0  kl=0.0152  vl=0.2288
Step: 3985408 SPS: 571  ev=0.278  ent=0.730  grad=0.81/0.50  h=5.7 c=21.3  kl=0.0121  vl=0.3070
Step: 3989504 SPS: 572  ev=0.267  ent=0.758  grad=1.00/0.50  h=5.8 c=23.7  kl=0.0110  vl=0.2616
Step: 3993600 SPS: 572  ev=0.291  ent=0.724  grad=0.98/0.50  h=5.8 c=22.0  kl=0.0101  vl=0.2495
Step: 3997696 SPS: 572  ev=0.327  ent=0.753  grad=1.21/0.50  h=5.7 c=21.9  kl=0.0108  vl=0.2363
Step: 4001792 SPS: 572  ev=0.276  ent=0.737  grad=1.80/0.50  h=5.8 c=23.9  kl=0.0125  vl=0.2752
Step: 4005888 SPS: 572  ev=0.330  ent=0.767  grad=0.89/0.50  h=5.7 c=22.5  kl=0.0143  vl=0.2524
Step: 4009984 SPS: 572  ev=0.298  ent=0.756  grad=0.81/0.50  h=5.8 c=22.2  kl=0.0112  vl=0.2764
  vs Random: 100W/0L/0D | score=63.7±29.2 inv=2.6 played=20.4 lanes=4.7 ddraw=6.3 pts=64
  Self-play: 54W/45L/2D | score=16.8±26.9 inv=2.7 played=16.5 lanes=4.4 ddraw=2.1 pts=17
Step: 4014080 SPS: 571  ev=0.290  ent=0.738  grad=1.05/0.50  h=5.9 c=23.7  kl=0.0104  vl=0.2579
Step: 4018176 SPS: 571  ev=0.269  ent=0.749  grad=1.04/0.50  h=5.8 c=22.2  kl=0.0118  vl=0.2660
Step: 4022272 SPS: 571  ev=0.234  ent=0.739  grad=1.17/0.50  h=5.8 c=22.3  kl=0.0130  vl=0.3334
Step: 4026368 SPS: 571  ev=0.317  ent=0.766  grad=1.00/0.50  h=5.8 c=23.7  kl=0.0102  vl=0.2503
Step: 4030464 SPS: 572  ev=0.340  ent=0.790  grad=0.87/0.50  h=5.8 c=22.7  kl=0.0141  vl=0.2846
Step: 4034560 SPS: 572  ev=0.275  ent=0.755  grad=1.27/0.50  h=5.8 c=22.4  kl=0.0128  vl=0.2997
Step: 4038656 SPS: 572  ev=0.233  ent=0.782  grad=1.29/0.50  h=5.8 c=23.5  kl=0.0103  vl=0.2300
Step: 4042752 SPS: 572  ev=0.329  ent=0.767  grad=1.04/0.50  h=5.8 c=22.3  kl=0.0100  vl=0.2442
Step: 4046848 SPS: 572  ev=0.268  ent=0.736  grad=1.63/0.50  h=5.8 c=22.5  kl=0.0103  vl=0.2569
Step: 4050944 SPS: 572  ev=0.279  ent=0.754  grad=0.96/0.50  h=5.8 c=22.8  kl=0.0125  vl=0.2608
Step: 4055040 SPS: 572  ev=0.292  ent=0.774  grad=1.07/0.50  h=5.7 c=21.5  kl=0.0106  vl=0.2206
Step: 4059136 SPS: 572  ev=0.358  ent=0.719  grad=0.91/0.50  h=5.7 c=22.0  kl=0.0101  vl=0.2267
Step: 4063232 SPS: 572  ev=0.262  ent=0.752  grad=0.88/0.50  h=5.7 c=22.4  kl=0.0185  vl=0.2897
Step: 4067328 SPS: 572  ev=0.268  ent=0.735  grad=0.78/0.50  h=5.7 c=21.4  kl=0.0097  vl=0.2512
Step: 4071424 SPS: 572  ev=0.241  ent=0.736  grad=0.69/0.50  h=5.8 c=22.0  kl=0.0123  vl=0.2674
Step: 4075520 SPS: 572  ev=0.298  ent=0.774  grad=1.11/0.50  h=5.7 c=22.0  kl=0.0119  vl=0.2154
Step: 4079616 SPS: 573  ev=0.266  ent=0.719  grad=1.34/0.50  h=5.7 c=21.4  kl=0.0141  vl=0.2722
Step: 4083712 SPS: 573  ev=0.264  ent=0.742  grad=0.86/0.50  h=5.7 c=22.0  kl=0.0137  vl=0.3093
Step: 4087808 SPS: 573  ev=0.353  ent=0.772  grad=1.31/0.50  h=5.7 c=22.2  kl=0.0139  vl=0.2665
Step: 4091904 SPS: 573  ev=0.238  ent=0.751  grad=0.70/0.50  h=5.7 c=20.9  kl=0.0122  vl=0.2613
  vs Random: 100W/0L/0D | score=66.0±36.1 inv=2.9 played=20.8 lanes=4.8 ddraw=6.6 pts=66
  Self-play: 57W/48L/0D | score=21.2±29.2 inv=2.8 played=16.9 lanes=4.4 ddraw=2.3 pts=21
Step: 4096000 SPS: 572  ev=0.365  ent=0.728  grad=1.65/0.50  h=5.7 c=21.4  kl=0.0161  vl=0.2459
Step: 4100096 SPS: 572  ev=0.367  ent=0.711  grad=0.78/0.50  h=5.8 c=21.9  kl=0.0107  vl=0.1997
Step: 4104192 SPS: 572  ev=0.294  ent=0.731  grad=1.34/0.50  h=5.7 c=21.1  kl=0.0115  vl=0.2331
Step: 4108288 SPS: 572  ev=0.316  ent=0.722  grad=1.27/0.50  h=5.8 c=21.7  kl=0.0124  vl=0.2396
Step: 4112384 SPS: 572  ev=0.269  ent=0.762  grad=0.75/0.50  h=5.7 c=22.6  kl=0.0112  vl=0.2262
Step: 4116480 SPS: 572  ev=0.328  ent=0.693  grad=0.78/0.50  h=5.7 c=21.1  kl=0.0150  vl=0.2769
Step: 4120576 SPS: 572  ev=0.321  ent=0.680  grad=0.72/0.50  h=5.8 c=21.9  kl=0.0122  vl=0.2246
Step: 4124672 SPS: 572  ev=0.307  ent=0.721  grad=1.21/0.50  h=5.8 c=22.3  kl=0.0123  vl=0.2609
Step: 4128768 SPS: 572  ev=0.253  ent=0.707  grad=0.73/0.50  h=5.6 c=20.8  kl=0.0120  vl=0.2692
Step: 4132864 SPS: 573  ev=0.298  ent=0.739  grad=0.92/0.50  h=5.8 c=21.5  kl=0.0111  vl=0.2320
Step: 4136960 SPS: 573  ev=0.249  ent=0.737  grad=1.52/0.50  h=5.8 c=21.8  kl=0.0105  vl=0.2560
Step: 4141056 SPS: 573  ev=0.327  ent=0.757  grad=0.74/0.50  h=5.6 c=20.8  kl=0.0129  vl=0.2090
Step: 4145152 SPS: 573  ev=0.330  ent=0.753  grad=0.86/0.50  h=5.7 c=21.6  kl=0.0119  vl=0.2491
Step: 4149248 SPS: 573  ev=0.314  ent=0.727  grad=1.33/0.50  h=5.8 c=21.8  kl=0.0131  vl=0.2718
Step: 4153344 SPS: 573  ev=0.339  ent=0.720  grad=0.77/0.50  h=5.7 c=21.2  kl=0.0109  vl=0.2497
Step: 4157440 SPS: 573  ev=0.312  ent=0.734  grad=1.28/0.50  h=5.9 c=22.2  kl=0.0127  vl=0.2826
Step: 4161536 SPS: 573  ev=0.419  ent=0.743  grad=1.91/0.50  h=5.8 c=21.7  kl=0.0116  vl=0.2248
Step: 4165632 SPS: 573  ev=0.251  ent=0.728  grad=0.74/0.50  h=5.6 c=20.6  kl=0.0113  vl=0.2399
Step: 4169728 SPS: 573  ev=0.318  ent=0.742  grad=0.78/0.50  h=5.8 c=21.6  kl=0.0135  vl=0.2539
Step: 4173824 SPS: 573  ev=0.345  ent=0.732  grad=1.56/0.50  h=5.8 c=22.1  kl=0.0123  vl=0.2410
  vs Random: 100W/0L/0D | score=67.5±31.1 inv=2.8 played=20.8 lanes=4.7 ddraw=6.2 pts=68
  Self-play: 56W/44L/0D | score=17.0±28.2 inv=2.5 played=16.8 lanes=4.4 ddraw=1.9 pts=17
Step: 4177920 SPS: 572  ev=0.254  ent=0.762  grad=0.74/0.50  h=5.8 c=21.3  kl=0.0129  vl=0.2751
Step: 4182016 SPS: 573  ev=0.251  ent=0.733  grad=1.00/0.50  h=5.7 c=21.6  kl=0.0112  vl=0.3135
Step: 4186112 SPS: 573  ev=0.370  ent=0.735  grad=0.80/0.50  h=5.7 c=21.8  kl=0.0111  vl=0.2293
Step: 4190208 SPS: 573  ev=0.339  ent=0.728  grad=0.71/0.50  h=5.7 c=21.6  kl=0.0101  vl=0.2701
Step: 4194304 SPS: 573  ev=0.240  ent=0.685  grad=0.80/0.50  h=5.8 c=21.9  kl=0.0118  vl=0.3003
Step: 4198400 SPS: 573  ev=0.286  ent=0.741  grad=0.74/0.50  h=5.8 c=21.3  kl=0.0140  vl=0.2918
Step: 4202496 SPS: 573  ev=0.336  ent=0.726  grad=1.04/0.50  h=5.7 c=21.2  kl=0.0090  vl=0.2299
Step: 4206592 SPS: 573  ev=0.358  ent=0.719  grad=0.69/0.50  h=5.8 c=21.4  kl=0.0141  vl=0.2304
Step: 4210688 SPS: 573  ev=0.288  ent=0.718  grad=0.91/0.50  h=5.7 c=20.9  kl=0.0101  vl=0.2923
Step: 4214784 SPS: 573  ev=0.306  ent=0.719  grad=0.79/0.50  h=5.7 c=21.0  kl=0.0114  vl=0.2665
Step: 4218880 SPS: 573  ev=0.267  ent=0.681  grad=0.96/0.50  h=5.7 c=21.6  kl=0.0090  vl=0.2385
Step: 4222976 SPS: 573  ev=0.254  ent=0.673  grad=1.39/0.50  h=5.6 c=20.5  kl=0.0085  vl=0.2830
Step: 4227072 SPS: 573  ev=0.285  ent=0.710  grad=0.84/0.50  h=5.7 c=21.2  kl=0.0138  vl=0.2600
Step: 4231168 SPS: 573  ev=0.310  ent=0.720  grad=1.58/0.50  h=5.7 c=21.5  kl=0.0101  vl=0.2906
Step: 4235264 SPS: 574  ev=0.306  ent=0.785  grad=1.93/0.50  h=5.7 c=21.1  kl=0.0118  vl=0.2513
Step: 4239360 SPS: 574  ev=0.327  ent=0.729  grad=0.78/0.50  h=5.7 c=21.3  kl=0.0105  vl=0.2272
Step: 4243456 SPS: 574  ev=0.410  ent=0.687  grad=0.86/0.50  h=5.7 c=21.4  kl=0.0142  vl=0.2386
Step: 4247552 SPS: 574  ev=0.323  ent=0.752  grad=1.40/0.50  h=5.7 c=21.3  kl=0.0150  vl=0.2806
Step: 4251648 SPS: 574  ev=0.342  ent=0.732  grad=1.01/0.50  h=5.7 c=21.8  kl=0.0112  vl=0.2047
Step: 4255744 SPS: 574  ev=0.298  ent=0.705  grad=1.09/0.50  h=5.6 c=21.1  kl=0.0116  vl=0.2520
  vs Random: 101W/0L/0D | score=63.1±30.4 inv=2.7 played=21.0 lanes=4.7 ddraw=6.5 pts=63
  Self-play: 51W/49L/1D | score=18.4±32.4 inv=2.7 played=16.9 lanes=4.3 ddraw=2.2 pts=18
Step: 4259840 SPS: 573  ev=0.278  ent=0.734  grad=1.02/0.50  h=5.7 c=21.6  kl=0.0123  vl=0.2663
Step: 4263936 SPS: 573  ev=0.362  ent=0.756  grad=1.09/0.50  h=5.7 c=21.7  kl=0.0113  vl=0.2398
Step: 4268032 SPS: 573  ev=0.292  ent=0.758  grad=1.03/0.50  h=5.6 c=21.1  kl=0.0136  vl=0.2703
Step: 4272128 SPS: 573  ev=0.333  ent=0.719  grad=1.15/0.50  h=5.6 c=21.4  kl=0.0117  vl=0.2705
Step: 4276224 SPS: 573  ev=0.336  ent=0.730  grad=1.59/0.50  h=5.6 c=21.0  kl=0.0111  vl=0.2678
Step: 4280320 SPS: 573  ev=0.317  ent=0.702  grad=1.10/0.50  h=5.7 c=21.9  kl=0.0102  vl=0.2822
Step: 4284416 SPS: 574  ev=0.360  ent=0.729  grad=0.94/0.50  h=5.7 c=21.4  kl=0.0106  vl=0.1910
Step: 4288512 SPS: 574  ev=0.313  ent=0.729  grad=0.70/0.50  h=5.7 c=21.4  kl=0.0143  vl=0.2410
Step: 4292608 SPS: 574  ev=0.284  ent=0.712  grad=0.75/0.50  h=5.7 c=21.4  kl=0.0129  vl=0.2604
Step: 4296704 SPS: 574  ev=0.332  ent=0.724  grad=1.51/0.50  h=5.6 c=21.4  kl=0.0135  vl=0.2213
Step: 4300800 SPS: 574  ev=0.281  ent=0.660  grad=1.39/0.50  h=5.7 c=21.8  kl=0.0094  vl=0.2562
Step: 4304896 SPS: 574  ev=0.254  ent=0.710  grad=1.82/0.50  h=5.7 c=21.7  kl=0.0114  vl=0.2626
Step: 4308992 SPS: 574  ev=0.254  ent=0.720  grad=1.20/0.50  h=5.6 c=21.0  kl=0.0104  vl=0.3033
Step: 4313088 SPS: 574  ev=0.343  ent=0.745  grad=0.79/0.50  h=5.7 c=21.9  kl=0.0119  vl=0.2104
Step: 4317184 SPS: 574  ev=0.233  ent=0.730  grad=1.03/0.50  h=5.7 c=21.8  kl=0.0102  vl=0.2774
Step: 4321280 SPS: 574  ev=0.310  ent=0.710  grad=1.06/0.50  h=5.6 c=21.0  kl=0.0117  vl=0.2662
Step: 4325376 SPS: 574  ev=0.312  ent=0.683  grad=1.02/0.50  h=5.7 c=22.3  kl=0.0099  vl=0.2448
Step: 4329472 SPS: 574  ev=0.333  ent=0.715  grad=1.21/0.50  h=5.7 c=22.3  kl=0.0100  vl=0.2373
Step: 4333568 SPS: 575  ev=0.312  ent=0.671  grad=1.00/0.50  h=5.6 c=20.9  kl=0.0101  vl=0.2989
Step: 4337664 SPS: 575  ev=0.321  ent=0.685  grad=0.79/0.50  h=5.6 c=21.6  kl=0.0108  vl=0.2556
  vs Random: 100W/0L/0D | score=56.6±27.4 inv=2.5 played=20.1 lanes=4.7 ddraw=6.3 pts=57
  Self-play: 43W/54L/3D | score=15.3±26.9 inv=2.6 played=17.0 lanes=4.5 ddraw=2.3 pts=15
Step: 4341760 SPS: 574  ev=0.327  ent=0.694  grad=0.90/0.50  h=5.6 c=21.2  kl=0.0141  vl=0.2523
Step: 4345856 SPS: 574  ev=0.379  ent=0.727  grad=0.63/0.50  h=5.6 c=21.0  kl=0.0115  vl=0.2225
Step: 4349952 SPS: 574  ev=0.312  ent=0.733  grad=2.50/0.50  h=5.7 c=22.0  kl=0.0109  vl=0.2392
Step: 4354048 SPS: 574  ev=0.341  ent=0.712  grad=1.06/0.50  h=5.6 c=20.7  kl=0.0142  vl=0.2547
Step: 4358144 SPS: 574  ev=0.283  ent=0.721  grad=0.85/0.50  h=5.7 c=22.3  kl=0.0132  vl=0.2515
Step: 4362240 SPS: 574  ev=0.292  ent=0.712  grad=1.08/0.50  h=5.7 c=22.1  kl=0.0135  vl=0.2957
Step: 4366336 SPS: 574  ev=0.282  ent=0.680  grad=0.64/0.50  h=5.5 c=20.0  kl=0.0115  vl=0.2734
Step: 4370432 SPS: 574  ev=0.283  ent=0.698  grad=0.74/0.50  h=5.7 c=21.5  kl=0.0104  vl=0.2390
Step: 4374528 SPS: 574  ev=0.296  ent=0.696  grad=1.45/0.50  h=5.7 c=21.3  kl=0.0125  vl=0.2687
Step: 4378624 SPS: 574  ev=0.276  ent=0.675  grad=1.04/0.50  h=5.6 c=20.6  kl=0.0102  vl=0.2655
Step: 4382720 SPS: 574  ev=0.242  ent=0.707  grad=1.61/0.50  h=5.6 c=21.7  kl=0.0118  vl=0.2628
Step: 4386816 SPS: 574  ev=0.292  ent=0.719  grad=1.93/0.50  h=5.6 c=20.9  kl=0.0126  vl=0.2426
Step: 4390912 SPS: 575  ev=0.351  ent=0.720  grad=0.95/0.50  h=5.6 c=20.7  kl=0.0110  vl=0.2234
Step: 4395008 SPS: 575  ev=0.294  ent=0.713  grad=1.29/0.50  h=5.7 c=21.6  kl=0.0109  vl=0.2696
Step: 4399104 SPS: 575  ev=0.329  ent=0.689  grad=1.61/0.50  h=5.6 c=20.6  kl=0.0115  vl=0.2871
Step: 4403200 SPS: 575  ev=0.352  ent=0.733  grad=0.80/0.50  h=5.6 c=20.7  kl=0.0115  vl=0.2614
Step: 4407296 SPS: 575  ev=0.293  ent=0.758  grad=1.48/0.50  h=5.7 c=21.5  kl=0.0153  vl=0.2493
Step: 4411392 SPS: 575  ev=0.285  ent=0.723  grad=0.82/0.50  h=5.7 c=21.4  kl=0.0098  vl=0.2066
Step: 4415488 SPS: 575  ev=0.252  ent=0.710  grad=1.25/0.50  h=5.7 c=21.2  kl=0.0085  vl=0.2638
Step: 4419584 SPS: 575  ev=0.311  ent=0.706  grad=0.60/0.50  h=5.6 c=20.8  kl=0.0120  vl=0.2583
  vs Random: 100W/0L/0D | score=65.5±30.5 inv=2.8 played=21.1 lanes=4.8 ddraw=5.2 pts=66
  Self-play: 54W/48L/1D | score=19.8±26.6 inv=2.7 played=17.2 lanes=4.5 ddraw=1.4 pts=20
Step: 4423680 SPS: 574  ev=0.306  ent=0.662  grad=0.87/0.50  h=5.6 c=20.6  kl=0.0128  vl=0.2884
Step: 4427776 SPS: 574  ev=0.310  ent=0.706  grad=0.80/0.50  h=5.7 c=21.6  kl=0.0122  vl=0.2356
Step: 4431872 SPS: 574  ev=0.276  ent=0.673  grad=0.64/0.50  h=5.7 c=20.8  kl=0.0112  vl=0.2353
Step: 4435968 SPS: 574  ev=0.268  ent=0.695  grad=1.21/0.50  h=5.6 c=20.0  kl=0.0148  vl=0.3216
Step: 4440064 SPS: 574  ev=0.414  ent=0.728  grad=0.76/0.50  h=5.7 c=21.4  kl=0.0134  vl=0.2133
Step: 4444160 SPS: 575  ev=0.269  ent=0.685  grad=0.91/0.50  h=5.7 c=20.7  kl=0.0137  vl=0.2874
Step: 4448256 SPS: 575  ev=0.344  ent=0.683  grad=0.90/0.50  h=5.7 c=20.7  kl=0.0160  vl=0.2670
Step: 4452352 SPS: 575  ev=0.277  ent=0.680  grad=0.91/0.50  h=5.7 c=21.4  kl=0.0121  vl=0.2844
Step: 4456448 SPS: 575  ev=0.264  ent=0.706  grad=0.97/0.50  h=5.8 c=21.2  kl=0.0119  vl=0.2527
Step: 4460544 SPS: 575  ev=0.299  ent=0.697  grad=0.80/0.50  h=5.7 c=21.1  kl=0.0102  vl=0.3040
Step: 4464640 SPS: 575  ev=0.344  ent=0.722  grad=1.51/0.50  h=5.7 c=21.3  kl=0.0126  vl=0.2510
Step: 4468736 SPS: 575  ev=0.290  ent=0.702  grad=1.01/0.50  h=5.7 c=21.0  kl=0.0088  vl=0.2856
Step: 4472832 SPS: 575  ev=0.305  ent=0.710  grad=1.62/0.50  h=5.7 c=21.0  kl=0.0137  vl=0.3052
Step: 4476928 SPS: 575  ev=0.327  ent=0.683  grad=0.88/0.50  h=5.7 c=21.3  kl=0.0121  vl=0.2026
Step: 4481024 SPS: 575  ev=0.309  ent=0.700  grad=0.70/0.50  h=5.6 c=20.6  kl=0.0114  vl=0.2605
Step: 4485120 SPS: 575  ev=0.301  ent=0.734  grad=0.86/0.50  h=5.7 c=21.6  kl=0.0101  vl=0.2509
Step: 4489216 SPS: 575  ev=0.387  ent=0.715  grad=1.31/0.50  h=5.8 c=21.6  kl=0.0104  vl=0.2261
Step: 4493312 SPS: 575  ev=0.333  ent=0.698  grad=1.52/0.50  h=5.6 c=20.2  kl=0.0122  vl=0.3046
Step: 4497408 SPS: 575  ev=0.341  ent=0.645  grad=1.31/0.50  h=5.8 c=21.6  kl=0.0099  vl=0.2750
Step: 4501504 SPS: 576  ev=0.306  ent=0.671  grad=0.64/0.50  h=5.8 c=21.1  kl=0.0115  vl=0.2484
  vs Random: 100W/0L/0D | score=55.9±26.2 inv=2.6 played=20.4 lanes=4.6 ddraw=4.8 pts=56
  Self-play: 51W/51L/1D | score=21.9±27.0 inv=2.6 played=16.9 lanes=4.4 ddraw=1.5 pts=22
Step: 4505600 SPS: 575  ev=0.290  ent=0.734  grad=0.93/0.50  h=5.7 c=20.7  kl=0.0114  vl=0.2683
Step: 4509696 SPS: 575  ev=0.311  ent=0.705  grad=0.84/0.50  h=5.7 c=21.3  kl=0.0130  vl=0.2239
Step: 4513792 SPS: 575  ev=0.258  ent=0.677  grad=0.88/0.50  h=5.7 c=21.2  kl=0.0135  vl=0.2486
Step: 4517888 SPS: 575  ev=0.272  ent=0.691  grad=0.78/0.50  h=5.7 c=20.8  kl=0.0120  vl=0.2725
Step: 4521984 SPS: 575  ev=0.350  ent=0.742  grad=0.78/0.50  h=5.6 c=20.3  kl=0.0123  vl=0.2486
Step: 4526080 SPS: 575  ev=0.297  ent=0.727  grad=0.88/0.50  h=5.7 c=19.9  kl=0.0101  vl=0.2173
Step: 4530176 SPS: 575  ev=0.260  ent=0.663  grad=0.71/0.50  h=5.7 c=20.6  kl=0.0165  vl=0.2912
Step: 4534272 SPS: 575  ev=0.345  ent=0.709  grad=0.94/0.50  h=5.7 c=20.8  kl=0.0125  vl=0.2148
Step: 4538368 SPS: 575  ev=0.316  ent=0.691  grad=0.88/0.50  h=5.7 c=20.3  kl=0.0124  vl=0.2274
Step: 4542464 SPS: 575  ev=0.297  ent=0.705  grad=1.46/0.50  h=5.7 c=20.8  kl=0.0124  vl=0.2565
Step: 4546560 SPS: 575  ev=0.340  ent=0.699  grad=1.26/0.50  h=5.8 c=20.7  kl=0.0105  vl=0.2426
Step: 4550656 SPS: 575  ev=0.340  ent=0.706  grad=0.79/0.50  h=5.6 c=19.9  kl=0.0097  vl=0.3068
Step: 4554752 SPS: 576  ev=0.350  ent=0.686  grad=0.76/0.50  h=5.7 c=20.8  kl=0.0148  vl=0.2129
Step: 4558848 SPS: 576  ev=0.252  ent=0.695  grad=0.69/0.50  h=5.7 c=20.1  kl=0.0135  vl=0.3264
Step: 4562944 SPS: 576  ev=0.319  ent=0.681  grad=0.83/0.50  h=5.7 c=20.5  kl=0.0108  vl=0.2524
Step: 4567040 SPS: 576  ev=0.329  ent=0.697  grad=0.80/0.50  h=5.8 c=21.0  kl=0.0137  vl=0.2999
Step: 4571136 SPS: 576  ev=0.288  ent=0.705  grad=1.13/0.50  h=5.7 c=20.3  kl=0.0114  vl=0.2647
Step: 4575232 SPS: 576  ev=0.251  ent=0.653  grad=0.71/0.50  h=5.8 c=21.1  kl=0.0108  vl=0.2649
Step: 4579328 SPS: 576  ev=0.346  ent=0.730  grad=1.01/0.50  h=5.7 c=20.4  kl=0.0133  vl=0.2048
Step: 4583424 SPS: 576  ev=0.308  ent=0.701  grad=1.03/0.50  h=5.6 c=20.2  kl=0.0140  vl=0.2295
  vs Random: 101W/0L/0D | score=60.2±30.4 inv=2.9 played=21.2 lanes=4.7 ddraw=5.1 pts=60
  Self-play: 52W/52L/0D | score=13.3±29.7 inv=2.7 played=17.2 lanes=4.5 ddraw=1.8 pts=13
Step: 4587520 SPS: 575  ev=0.315  ent=0.720  grad=0.73/0.50  h=5.7 c=20.7  kl=0.0100  vl=0.2664
Step: 4591616 SPS: 575  ev=0.333  ent=0.687  grad=0.88/0.50  h=5.6 c=19.8  kl=0.0109  vl=0.2245
Step: 4595712 SPS: 575  ev=0.309  ent=0.689  grad=0.84/0.50  h=5.6 c=19.2  kl=0.0104  vl=0.2387
Step: 4599808 SPS: 575  ev=0.335  ent=0.714  grad=1.97/0.50  h=5.6 c=20.6  kl=0.0138  vl=0.2239
Step: 4603904 SPS: 575  ev=0.322  ent=0.763  grad=1.10/0.50  h=5.6 c=19.4  kl=0.0102  vl=0.2491
Step: 4608000 SPS: 575  ev=0.315  ent=0.708  grad=1.19/0.50  h=5.6 c=19.5  kl=0.0134  vl=0.3046
Step: 4612096 SPS: 576  ev=0.320  ent=0.755  grad=1.73/0.50  h=5.7 c=20.4  kl=0.0132  vl=0.2780
Step: 4616192 SPS: 576  ev=0.295  ent=0.656  grad=0.66/0.50  h=5.6 c=19.0  kl=0.0090  vl=0.2606
Step: 4620288 SPS: 576  ev=0.334  ent=0.737  grad=1.29/0.50  h=5.7 c=20.4  kl=0.0120  vl=0.2966
Step: 4624384 SPS: 576  ev=0.321  ent=0.694  grad=0.86/0.50  h=5.7 c=20.0  kl=0.0101  vl=0.3038
Step: 4628480 SPS: 576  ev=0.293  ent=0.679  grad=1.19/0.50  h=5.6 c=19.7  kl=0.0121  vl=0.2636
Step: 4632576 SPS: 576  ev=0.327  ent=0.725  grad=0.97/0.50  h=5.7 c=20.7  kl=0.0128  vl=0.2446
Step: 4636672 SPS: 576  ev=0.292  ent=0.713  grad=0.78/0.50  h=5.6 c=19.1  kl=0.0127  vl=0.2634
Step: 4640768 SPS: 576  ev=0.308  ent=0.674  grad=1.50/0.50  h=5.6 c=19.4  kl=0.0104  vl=0.2409
Step: 4644864 SPS: 576  ev=0.289  ent=0.705  grad=1.00/0.50  h=5.7 c=20.6  kl=0.0117  vl=0.2838
Step: 4648960 SPS: 576  ev=0.322  ent=0.710  grad=1.72/0.50  h=5.5 c=19.8  kl=0.0112  vl=0.2472
Step: 4653056 SPS: 576  ev=0.304  ent=0.710  grad=1.79/0.50  h=5.6 c=20.3  kl=0.0109  vl=0.2376
Step: 4657152 SPS: 576  ev=0.316  ent=0.693  grad=0.89/0.50  h=5.5 c=19.5  kl=0.0103  vl=0.2283
Step: 4661248 SPS: 576  ev=0.271  ent=0.693  grad=0.78/0.50  h=5.7 c=19.5  kl=0.0129  vl=0.3015
Step: 4665344 SPS: 577  ev=0.263  ent=0.708  grad=0.80/0.50  h=5.6 c=20.2  kl=0.0130  vl=0.2402
  vs Random: 100W/0L/0D | score=64.9±30.1 inv=2.9 played=20.9 lanes=4.7 ddraw=5.2 pts=65
  Self-play: 51W/50L/1D | score=15.8±24.0 inv=2.7 played=16.9 lanes=4.4 ddraw=1.3 pts=16
Step: 4669440 SPS: 576  ev=0.296  ent=0.691  grad=0.96/0.50  h=5.6 c=19.6  kl=0.0125  vl=0.2475
Step: 4673536 SPS: 576  ev=0.200  ent=0.717  grad=1.25/0.50  h=5.5 c=19.3  kl=0.0093  vl=0.2613
Step: 4677632 SPS: 576  ev=0.327  ent=0.734  grad=0.71/0.50  h=5.7 c=20.2  kl=0.0099  vl=0.2191
Step: 4681728 SPS: 576  ev=0.341  ent=0.704  grad=1.02/0.50  h=5.6 c=19.5  kl=0.0175  vl=0.2674
Step: 4685824 SPS: 576  ev=0.304  ent=0.738  grad=0.74/0.50  h=5.6 c=19.6  kl=0.0128  vl=0.2273
Step: 4689920 SPS: 576  ev=0.295  ent=0.680  grad=0.81/0.50  h=5.6 c=19.9  kl=0.0132  vl=0.2137
Step: 4694016 SPS: 576  ev=0.236  ent=0.734  grad=0.95/0.50  h=5.5 c=19.7  kl=0.0126  vl=0.2801
Step: 4698112 SPS: 576  ev=0.292  ent=0.715  grad=1.15/0.50  h=5.6 c=19.9  kl=0.0118  vl=0.2471
Step: 4702208 SPS: 576  ev=0.305  ent=0.691  grad=0.80/0.50  h=5.5 c=19.3  kl=0.0104  vl=0.2120
Step: 4706304 SPS: 576  ev=0.305  ent=0.692  grad=0.71/0.50  h=5.5 c=19.5  kl=0.0146  vl=0.1984
Step: 4710400 SPS: 576  ev=0.245  ent=0.706  grad=1.13/0.50  h=5.6 c=19.4  kl=0.0111  vl=0.2602
Step: 4714496 SPS: 576  ev=0.337  ent=0.709  grad=0.97/0.50  h=5.6 c=19.3  kl=0.0108  vl=0.3174
Step: 4718592 SPS: 577  ev=0.305  ent=0.687  grad=0.97/0.50  h=5.5 c=19.0  kl=0.0102  vl=0.2565
Step: 4722688 SPS: 577  ev=0.342  ent=0.705  grad=1.56/0.50  h=5.6 c=19.8  kl=0.0140  vl=0.2373
Step: 4726784 SPS: 577  ev=0.327  ent=0.713  grad=0.87/0.50  h=5.6 c=19.4  kl=0.0147  vl=0.2828
Step: 4730880 SPS: 577  ev=0.300  ent=0.713  grad=1.25/0.50  h=5.5 c=19.6  kl=0.0168  vl=0.2985
Step: 4734976 SPS: 577  ev=0.292  ent=0.715  grad=1.52/0.50  h=5.6 c=19.9  kl=0.0101  vl=0.2430
Step: 4739072 SPS: 577  ev=0.389  ent=0.721  grad=0.81/0.50  h=5.6 c=19.3  kl=0.0111  vl=0.2395
Step: 4743168 SPS: 577  ev=0.332  ent=0.725  grad=1.30/0.50  h=5.5 c=18.9  kl=0.0105  vl=0.2826
Step: 4747264 SPS: 577  ev=0.353  ent=0.717  grad=0.81/0.50  h=5.6 c=20.1  kl=0.0089  vl=0.2453
  vs Random: 100W/0L/0D | score=58.4±31.5 inv=2.6 played=20.6 lanes=4.7 ddraw=5.2 pts=58
  Self-play: 53W/48L/1D | score=16.6±25.4 inv=2.6 played=17.3 lanes=4.5 ddraw=1.5 pts=17
Step: 4751360 SPS: 576  ev=0.345  ent=0.725  grad=0.83/0.50  h=5.4 c=18.8  kl=0.0121  vl=0.2534
Step: 4755456 SPS: 576  ev=0.358  ent=0.699  grad=0.69/0.50  h=5.7 c=20.4  kl=0.0096  vl=0.2399
Step: 4759552 SPS: 576  ev=0.250  ent=0.709  grad=0.68/0.50  h=5.6 c=20.5  kl=0.0121  vl=0.2867
Step: 4763648 SPS: 577  ev=0.314  ent=0.697  grad=0.80/0.50  h=5.3 c=18.4  kl=0.0138  vl=0.3055
Step: 4767744 SPS: 577  ev=0.284  ent=0.753  grad=1.33/0.50  h=5.5 c=20.5  kl=0.0125  vl=0.2712
Step: 4771840 SPS: 577  ev=0.325  ent=0.699  grad=1.10/0.50  h=5.6 c=20.3  kl=0.0158  vl=0.3014
Step: 4775936 SPS: 577  ev=0.364  ent=0.721  grad=0.77/0.50  h=5.5 c=19.5  kl=0.0126  vl=0.2033
Step: 4780032 SPS: 577  ev=0.301  ent=0.682  grad=1.12/0.50  h=5.5 c=20.4  kl=0.0129  vl=0.2735
Step: 4784128 SPS: 577  ev=0.340  ent=0.714  grad=0.75/0.50  h=5.5 c=19.4  kl=0.0105  vl=0.2429
Step: 4788224 SPS: 577  ev=0.305  ent=0.730  grad=0.82/0.50  h=5.5 c=20.4  kl=0.0146  vl=0.2730
Step: 4792320 SPS: 577  ev=0.333  ent=0.673  grad=0.72/0.50  h=5.6 c=20.2  kl=0.0119  vl=0.2067
Step: 4796416 SPS: 577  ev=0.330  ent=0.719  grad=0.76/0.50  h=5.5 c=18.9  kl=0.0153  vl=0.2842
Step: 4800512 SPS: 577  ev=0.340  ent=0.690  grad=0.62/0.50  h=5.6 c=19.8  kl=0.0147  vl=0.2169
Step: 4804608 SPS: 577  ev=0.287  ent=0.764  grad=0.79/0.50  h=5.6 c=19.6  kl=0.0114  vl=0.2374
Step: 4808704 SPS: 577  ev=0.256  ent=0.720  grad=1.02/0.50  h=5.5 c=18.9  kl=0.0129  vl=0.2911
Step: 4812800 SPS: 577  ev=0.290  ent=0.712  grad=0.83/0.50  h=5.5 c=18.5  kl=0.0133  vl=0.2671
Step: 4816896 SPS: 577  ev=0.339  ent=0.727  grad=1.23/0.50  h=5.5 c=18.5  kl=0.0102  vl=0.2203
Step: 4820992 SPS: 577  ev=0.332  ent=0.726  grad=0.81/0.50  h=5.5 c=19.4  kl=0.0136  vl=0.2817
Step: 4825088 SPS: 577  ev=0.315  ent=0.691  grad=1.24/0.50  h=5.5 c=19.0  kl=0.0095  vl=0.2976
Step: 4829184 SPS: 577  ev=0.332  ent=0.708  grad=1.69/0.50  h=5.4 c=19.0  kl=0.0129  vl=0.2514
  vs Random: 103W/0L/0D | score=55.8±32.8 inv=2.6 played=20.8 lanes=4.8 ddraw=5.1 pts=56
  Self-play: 45W/56L/1D | score=14.9±25.9 inv=2.9 played=17.5 lanes=4.7 ddraw=1.4 pts=15
Step: 4833280 SPS: 577  ev=0.305  ent=0.723  grad=0.99/0.50  h=5.6 c=20.0  kl=0.0136  vl=0.2646
Step: 4837376 SPS: 577  ev=0.302  ent=0.711  grad=0.78/0.50  h=5.5 c=19.0  kl=0.0142  vl=0.2430
Step: 4841472 SPS: 577  ev=0.271  ent=0.718  grad=1.01/0.50  h=5.5 c=19.5  kl=0.0103  vl=0.2542
Step: 4845568 SPS: 577  ev=0.326  ent=0.715  grad=0.66/0.50  h=5.6 c=20.7  kl=0.0117  vl=0.2208
Step: 4849664 SPS: 577  ev=0.367  ent=0.708  grad=1.01/0.50  h=5.5 c=18.7  kl=0.0107  vl=0.2609
Step: 4853760 SPS: 577  ev=0.358  ent=0.678  grad=0.94/0.50  h=5.6 c=20.0  kl=0.0133  vl=0.2285
Step: 4857856 SPS: 577  ev=0.269  ent=0.703  grad=1.20/0.50  h=5.6 c=19.2  kl=0.0120  vl=0.2697
Step: 4861952 SPS: 577  ev=0.282  ent=0.700  grad=0.87/0.50  h=5.5 c=19.1  kl=0.0087  vl=0.2385
Step: 4866048 SPS: 577  ev=0.289  ent=0.720  grad=1.37/0.50  h=5.6 c=19.6  kl=0.0135  vl=0.2056
Step: 4870144 SPS: 577  ev=0.285  ent=0.713  grad=0.65/0.50  h=5.6 c=19.3  kl=0.0119  vl=0.2880
Step: 4874240 SPS: 577  ev=0.291  ent=0.675  grad=0.85/0.50  h=5.5 c=18.9  kl=0.0132  vl=0.2658
Step: 4878336 SPS: 577  ev=0.333  ent=0.701  grad=0.70/0.50  h=5.6 c=20.2  kl=0.0139  vl=0.2542
Step: 4882432 SPS: 577  ev=0.313  ent=0.693  grad=0.94/0.50  h=5.5 c=18.5  kl=0.0101  vl=0.2818
Step: 4886528 SPS: 577  ev=0.318  ent=0.636  grad=0.78/0.50  h=5.5 c=19.4  kl=0.0119  vl=0.2373
Step: 4890624 SPS: 577  ev=0.323  ent=0.675  grad=0.74/0.50  h=5.6 c=19.5  kl=0.0113  vl=0.2543
Step: 4894720 SPS: 578  ev=0.345  ent=0.739  grad=0.73/0.50  h=5.5 c=18.9  kl=0.0162  vl=0.3033
Step: 4898816 SPS: 578  ev=0.278  ent=0.678  grad=0.93/0.50  h=5.6 c=19.7  kl=0.0104  vl=0.2611
Step: 4902912 SPS: 578  ev=0.322  ent=0.693  grad=0.84/0.50  h=5.5 c=18.4  kl=0.0108  vl=0.2840
Step: 4907008 SPS: 578  ev=0.289  ent=0.718  grad=0.71/0.50  h=5.5 c=19.2  kl=0.0132  vl=0.2843
Step: 4911104 SPS: 578  ev=0.247  ent=0.706  grad=0.85/0.50  h=5.7 c=20.4  kl=0.0118  vl=0.2425
  vs Random: 100W/0L/0D | score=58.1±32.5 inv=2.6 played=20.6 lanes=4.7 ddraw=5.1 pts=58
  Self-play: 53W/47L/0D | score=21.9±28.2 inv=2.7 played=17.3 lanes=4.5 ddraw=1.3 pts=22
Step: 4915200 SPS: 577  ev=0.297  ent=0.723  grad=0.74/0.50  h=5.6 c=18.9  kl=0.0099  vl=0.2819
Step: 4919296 SPS: 577  ev=0.353  ent=0.671  grad=0.75/0.50  h=5.6 c=19.2  kl=0.0104  vl=0.2119
Step: 4923392 SPS: 577  ev=0.283  ent=0.695  grad=0.82/0.50  h=5.6 c=19.1  kl=0.0100  vl=0.2703
Step: 4927488 SPS: 577  ev=0.307  ent=0.686  grad=0.73/0.50  h=5.6 c=18.8  kl=0.0113  vl=0.2525
Step: 4931584 SPS: 577  ev=0.382  ent=0.702  grad=1.02/0.50  h=5.6 c=19.7  kl=0.0121  vl=0.2230
Step: 4935680 SPS: 577  ev=0.373  ent=0.725  grad=0.88/0.50  h=5.6 c=19.1  kl=0.0103  vl=0.2685
Step: 4939776 SPS: 577  ev=0.272  ent=0.717  grad=1.44/0.50  h=5.6 c=19.5  kl=0.0189  vl=0.2813
Step: 4943872 SPS: 577  ev=0.276  ent=0.733  grad=0.79/0.50  h=5.7 c=20.1  kl=0.0101  vl=0.2349
Step: 4947968 SPS: 578  ev=0.233  ent=0.724  grad=0.98/0.50  h=5.6 c=19.5  kl=0.0111  vl=0.3269
Step: 4952064 SPS: 578  ev=0.341  ent=0.748  grad=1.14/0.50  h=5.6 c=20.3  kl=0.0101  vl=0.2875
Step: 4956160 SPS: 578  ev=0.322  ent=0.725  grad=1.16/0.50  h=5.6 c=19.5  kl=0.0123  vl=0.1991
Step: 4960256 SPS: 578  ev=0.321  ent=0.707  grad=0.87/0.50  h=5.6 c=19.8  kl=0.0130  vl=0.2418
Step: 4964352 SPS: 578  ev=0.299  ent=0.669  grad=0.77/0.50  h=5.7 c=19.7  kl=0.0089  vl=0.2352
Step: 4968448 SPS: 578  ev=0.270  ent=0.739  grad=0.78/0.50  h=5.6 c=19.9  kl=0.0102  vl=0.2941
Step: 4972544 SPS: 578  ev=0.292  ent=0.749  grad=1.18/0.50  h=5.7 c=19.9  kl=0.0132  vl=0.2633
Step: 4976640 SPS: 578  ev=0.305  ent=0.722  grad=0.93/0.50  h=5.6 c=19.0  kl=0.0131  vl=0.2849
Step: 4980736 SPS: 578  ev=0.334  ent=0.750  grad=0.87/0.50  h=5.5 c=19.1  kl=0.0167  vl=0.2323
Step: 4984832 SPS: 578  ev=0.323  ent=0.725  grad=1.01/0.50  h=5.6 c=19.7  kl=0.0111  vl=0.2600
Step: 4988928 SPS: 578  ev=0.378  ent=0.732  grad=1.01/0.50  h=5.7 c=19.5  kl=0.0112  vl=0.2173
Step: 4993024 SPS: 578  ev=0.311  ent=0.726  grad=0.94/0.50  h=5.7 c=19.9  kl=0.0106  vl=0.2631
  vs Random: 100W/0L/0D | score=49.4±27.3 inv=2.7 played=20.3 lanes=4.7 ddraw=4.6 pts=49
  Self-play: 58W/44L/1D | score=19.5±21.5 inv=2.4 played=16.9 lanes=4.4 ddraw=1.4 pts=19
Step: 4997120 SPS: 578  ev=0.352  ent=0.734  grad=0.79/0.50  h=5.6 c=19.3  kl=0.0107  vl=0.2120
Step: 5001216 SPS: 578  ev=0.346  ent=0.726  grad=0.98/0.50  h=5.7 c=20.3  kl=0.0147  vl=0.2539
Step: 5005312 SPS: 578  ev=0.391  ent=0.685  grad=0.86/0.50  h=5.7 c=20.0  kl=0.0125  vl=0.2158
Step: 5009408 SPS: 578  ev=0.375  ent=0.735  grad=1.02/0.50  h=5.6 c=19.9  kl=0.0142  vl=0.2837
Step: 5013504 SPS: 578  ev=0.347  ent=0.710  grad=1.21/0.50  h=5.6 c=19.9  kl=0.0140  vl=0.2636
Step: 5017600 SPS: 578  ev=0.291  ent=0.747  grad=0.75/0.50  h=5.6 c=19.6  kl=0.0096  vl=0.2774
Step: 5021696 SPS: 578  ev=0.302  ent=0.719  grad=0.88/0.50  h=5.6 c=19.7  kl=0.0136  vl=0.2525
Step: 5025792 SPS: 578  ev=0.343  ent=0.763  grad=0.97/0.50  h=5.6 c=19.2  kl=0.0102  vl=0.2752
Step: 5029888 SPS: 578  ev=0.336  ent=0.723  grad=1.30/0.50  h=5.7 c=20.1  kl=0.0108  vl=0.2764
Step: 5033984 SPS: 578  ev=0.320  ent=0.698  grad=0.91/0.50  h=5.6 c=19.9  kl=0.0121  vl=0.2743
Step: 5038080 SPS: 578  ev=0.322  ent=0.706  grad=0.77/0.50  h=5.6 c=19.6  kl=0.0120  vl=0.2389
Step: 5042176 SPS: 578  ev=0.347  ent=0.708  grad=0.86/0.50  h=5.7 c=20.1  kl=0.0104  vl=0.2319
Step: 5046272 SPS: 578  ev=0.337  ent=0.706  grad=1.08/0.50  h=5.6 c=19.6  kl=0.0117  vl=0.2671
Step: 5050368 SPS: 578  ev=0.323  ent=0.702  grad=0.92/0.50  h=5.7 c=20.5  kl=0.0109  vl=0.2052
Step: 5054464 SPS: 578  ev=0.379  ent=0.710  grad=0.74/0.50  h=5.7 c=19.7  kl=0.0109  vl=0.2225
Step: 5058560 SPS: 579  ev=0.332  ent=0.710  grad=0.59/0.50  h=5.5 c=20.0  kl=0.0163  vl=0.2726
Step: 5062656 SPS: 579  ev=0.341  ent=0.703  grad=1.55/0.50  h=5.7 c=20.3  kl=0.0117  vl=0.2270
Step: 5066752 SPS: 579  ev=0.286  ent=0.748  grad=1.44/0.50  h=5.7 c=20.0  kl=0.0112  vl=0.3058
Step: 5070848 SPS: 579  ev=0.364  ent=0.685  grad=0.94/0.50  h=5.7 c=20.5  kl=0.0103  vl=0.2358
Step: 5074944 SPS: 579  ev=0.332  ent=0.655  grad=1.56/0.50  h=5.5 c=19.5  kl=0.0094  vl=0.2577
  vs Random: 100W/0L/0D | score=52.7±27.7 inv=2.5 played=20.6 lanes=4.7 ddraw=4.5 pts=53
  Self-play: 48W/52L/2D | score=15.6±21.0 inv=2.6 played=17.4 lanes=4.6 ddraw=1.2 pts=16
Step: 5079040 SPS: 578  ev=0.300  ent=0.716  grad=0.87/0.50  h=5.6 c=19.7  kl=0.0105  vl=0.2541
Step: 5083136 SPS: 578  ev=0.300  ent=0.701  grad=0.83/0.50  h=5.7 c=20.9  kl=0.0091  vl=0.2845
Step: 5087232 SPS: 578  ev=0.350  ent=0.754  grad=0.78/0.50  h=5.6 c=19.4  kl=0.0145  vl=0.2730
Step: 5091328 SPS: 578  ev=0.332  ent=0.708  grad=1.92/0.50  h=5.6 c=20.4  kl=0.0104  vl=0.2570
Step: 5095424 SPS: 578  ev=0.321  ent=0.669  grad=0.97/0.50  h=5.7 c=20.8  kl=0.0148  vl=0.2376
Step: 5099520 SPS: 578  ev=0.303  ent=0.697  grad=1.46/0.50  h=5.6 c=19.6  kl=0.0103  vl=0.2956
Step: 5103616 SPS: 578  ev=0.390  ent=0.684  grad=1.40/0.50  h=5.8 c=20.5  kl=0.0111  vl=0.2272
Step: 5107712 SPS: 579  ev=0.269  ent=0.663  grad=0.83/0.50  h=5.6 c=19.6  kl=0.0119  vl=0.2766
Step: 5111808 SPS: 579  ev=0.371  ent=0.670  grad=0.78/0.50  h=5.6 c=19.9  kl=0.0107  vl=0.2387
Step: 5115904 SPS: 579  ev=0.384  ent=0.698  grad=0.82/0.50  h=5.8 c=21.0  kl=0.0128  vl=0.2076
Step: 5120000 SPS: 579  ev=0.295  ent=0.704  grad=1.40/0.50  h=5.7 c=19.9  kl=0.0120  vl=0.2406
Step: 5124096 SPS: 579  ev=0.281  ent=0.714  grad=1.35/0.50  h=5.6 c=20.4  kl=0.0091  vl=0.2171
Step: 5128192 SPS: 579  ev=0.300  ent=0.646  grad=0.95/0.50  h=5.6 c=20.7  kl=0.0094  vl=0.2365
Step: 5132288 SPS: 579  ev=0.333  ent=0.709  grad=1.30/0.50  h=5.7 c=21.1  kl=0.0112  vl=0.2437
Step: 5136384 SPS: 579  ev=0.297  ent=0.710  grad=0.84/0.50  h=5.7 c=20.9  kl=0.0106  vl=0.2899
Step: 5140480 SPS: 579  ev=0.350  ent=0.691  grad=1.84/0.50  h=5.7 c=20.8  kl=0.0133  vl=0.2497
Step: 5144576 SPS: 579  ev=0.336  ent=0.695  grad=1.15/0.50  h=5.7 c=20.4  kl=0.0160  vl=0.2528
Step: 5148672 SPS: 579  ev=0.274  ent=0.698  grad=0.76/0.50  h=5.7 c=21.1  kl=0.0115  vl=0.2910
Step: 5152768 SPS: 579  ev=0.329  ent=0.683  grad=0.68/0.50  h=5.6 c=20.6  kl=0.0140  vl=0.2085
Step: 5156864 SPS: 579  ev=0.292  ent=0.705  grad=0.75/0.50  h=5.6 c=19.3  kl=0.0134  vl=0.2520
  vs Random: 100W/0L/0D | score=55.3±31.7 inv=2.7 played=20.7 lanes=4.8 ddraw=4.1 pts=55
  Self-play: 56W/49L/1D | score=14.3±29.4 inv=2.7 played=17.1 lanes=4.4 ddraw=0.9 pts=14
Step: 5160960 SPS: 578  ev=0.311  ent=0.677  grad=0.82/0.50  h=5.6 c=19.9  kl=0.0118  vl=0.2503
Step: 5165056 SPS: 578  ev=0.325  ent=0.690  grad=0.68/0.50  h=5.6 c=19.6  kl=0.0139  vl=0.2487
Step: 5169152 SPS: 579  ev=0.290  ent=0.686  grad=0.68/0.50  h=5.7 c=20.1  kl=0.0160  vl=0.2921
Step: 5173248 SPS: 579  ev=0.322  ent=0.673  grad=1.11/0.50  h=5.7 c=20.3  kl=0.0140  vl=0.2742
Step: 5177344 SPS: 579  ev=0.282  ent=0.678  grad=0.81/0.50  h=5.7 c=20.4  kl=0.0104  vl=0.2872
Step: 5181440 SPS: 579  ev=0.330  ent=0.679  grad=1.86/0.50  h=5.6 c=20.3  kl=0.0130  vl=0.3037
Step: 5185536 SPS: 579  ev=0.277  ent=0.657  grad=0.89/0.50  h=5.6 c=19.7  kl=0.0087  vl=0.2633
Step: 5189632 SPS: 579  ev=0.299  ent=0.688  grad=1.30/0.50  h=5.7 c=20.1  kl=0.0132  vl=0.2616
Step: 5193728 SPS: 579  ev=0.322  ent=0.697  grad=1.05/0.50  h=5.6 c=19.4  kl=0.0120  vl=0.2749
Step: 5197824 SPS: 579  ev=0.284  ent=0.699  grad=0.81/0.50  h=5.7 c=20.7  kl=0.0129  vl=0.2706
Step: 5201920 SPS: 579  ev=0.343  ent=0.711  grad=1.02/0.50  h=5.6 c=20.3  kl=0.0121  vl=0.2685
Step: 5206016 SPS: 579  ev=0.347  ent=0.703  grad=1.83/0.50  h=5.6 c=20.5  kl=0.0128  vl=0.2684
Step: 5210112 SPS: 579  ev=0.404  ent=0.711  grad=1.23/0.50  h=5.7 c=20.8  kl=0.0103  vl=0.2308
Step: 5214208 SPS: 579  ev=0.319  ent=0.711  grad=0.98/0.50  h=5.7 c=20.0  kl=0.0114  vl=0.3132
Step: 5218304 SPS: 579  ev=0.335  ent=0.686  grad=0.82/0.50  h=5.6 c=20.3  kl=0.0129  vl=0.2917
Step: 5222400 SPS: 579  ev=0.301  ent=0.709  grad=0.65/0.50  h=5.6 c=20.2  kl=0.0115  vl=0.2518
Step: 5226496 SPS: 579  ev=0.260  ent=0.698  grad=0.80/0.50  h=5.6 c=20.0  kl=0.0110  vl=0.2781
Step: 5230592 SPS: 579  ev=0.325  ent=0.709  grad=0.71/0.50  h=5.7 c=21.1  kl=0.0139  vl=0.2108
Step: 5234688 SPS: 579  ev=0.281  ent=0.718  grad=1.36/0.50  h=5.6 c=20.4  kl=0.0102  vl=0.2615
Step: 5238784 SPS: 579  ev=0.350  ent=0.685  grad=0.75/0.50  h=5.6 c=20.3  kl=0.0111  vl=0.2675
  vs Random: 100W/0L/0D | score=54.6±27.2 inv=2.8 played=20.4 lanes=4.7 ddraw=3.3 pts=55
  Self-play: 57W/46L/0D | score=20.5±25.7 inv=2.7 played=17.1 lanes=4.4 ddraw=1.3 pts=20
Step: 5242880 SPS: 579  ev=0.311  ent=0.706  grad=0.93/0.50  h=5.6 c=21.2  kl=0.0124  vl=0.2815
Step: 5246976 SPS: 579  ev=0.282  ent=0.710  grad=0.94/0.50  h=5.6 c=20.3  kl=0.0132  vl=0.2846
Step: 5251072 SPS: 579  ev=0.340  ent=0.723  grad=0.91/0.50  h=5.5 c=20.8  kl=0.0111  vl=0.2331
Step: 5255168 SPS: 579  ev=0.365  ent=0.698  grad=0.94/0.50  h=5.6 c=21.6  kl=0.0119  vl=0.2291
Step: 5259264 SPS: 579  ev=0.324  ent=0.731  grad=0.75/0.50  h=5.5 c=20.0  kl=0.0130  vl=0.2473
Step: 5263360 SPS: 579  ev=0.306  ent=0.698  grad=0.76/0.50  h=5.6 c=21.2  kl=0.0110  vl=0.1997
Step: 5267456 SPS: 579  ev=0.348  ent=0.721  grad=0.97/0.50  h=5.6 c=20.6  kl=0.0133  vl=0.2812
Step: 5271552 SPS: 579  ev=0.332  ent=0.687  grad=1.74/0.50  h=5.6 c=20.6  kl=0.0165  vl=0.2253
Step: 5275648 SPS: 579  ev=0.310  ent=0.674  grad=1.13/0.50  h=5.7 c=21.2  kl=0.0120  vl=0.2641
Step: 5279744 SPS: 579  ev=0.275  ent=0.703  grad=0.78/0.50  h=5.5 c=20.2  kl=0.0154  vl=0.2749
Step: 5283840 SPS: 579  ev=0.246  ent=0.684  grad=1.18/0.50  h=5.6 c=21.1  kl=0.0109  vl=0.2815
Step: 5287936 SPS: 579  ev=0.322  ent=0.678  grad=0.81/0.50  h=5.6 c=20.3  kl=0.0142  vl=0.2775
Step: 5292032 SPS: 579  ev=0.346  ent=0.672  grad=1.37/0.50  h=5.6 c=19.8  kl=0.0129  vl=0.2583
Step: 5296128 SPS: 579  ev=0.305  ent=0.634  grad=0.88/0.50  h=5.7 c=21.0  kl=0.0106  vl=0.3018
Step: 5300224 SPS: 579  ev=0.290  ent=0.667  grad=1.02/0.50  h=5.6 c=20.4  kl=0.0123  vl=0.2847
Step: 5304320 SPS: 579  ev=0.316  ent=0.665  grad=1.06/0.50  h=5.5 c=19.9  kl=0.0124  vl=0.2626
Step: 5308416 SPS: 580  ev=0.341  ent=0.641  grad=0.98/0.50  h=5.6 c=20.8  kl=0.0117  vl=0.2555
Step: 5312512 SPS: 580  ev=0.292  ent=0.680  grad=0.79/0.50  h=5.6 c=20.3  kl=0.0114  vl=0.2684
Step: 5316608 SPS: 580  ev=0.286  ent=0.670  grad=0.81/0.50  h=5.6 c=21.3  kl=0.0101  vl=0.2020
Step: 5320704 SPS: 580  ev=0.281  ent=0.687  grad=1.47/0.50  h=5.7 c=21.4  kl=0.0106  vl=0.2901
  vs Random: 100W/0L/0D | score=64.1±30.9 inv=3.0 played=20.8 lanes=4.7 ddraw=4.4 pts=64
  Self-play: 52W/48L/0D | score=20.5±27.2 inv=2.8 played=17.2 lanes=4.4 ddraw=1.3 pts=20
Step: 5324800 SPS: 579  ev=0.392  ent=0.648  grad=1.10/0.50  h=5.6 c=19.9  kl=0.0160  vl=0.2641
Step: 5328896 SPS: 579  ev=0.304  ent=0.655  grad=1.02/0.50  h=5.7 c=21.3  kl=0.0110  vl=0.2800
Step: 5332992 SPS: 579  ev=0.322  ent=0.653  grad=1.04/0.50  h=5.6 c=20.3  kl=0.0110  vl=0.2062
Step: 5337088 SPS: 579  ev=0.303  ent=0.619  grad=0.77/0.50  h=5.6 c=20.0  kl=0.0109  vl=0.2487
Step: 5341184 SPS: 579  ev=0.346  ent=0.683  grad=0.62/0.50  h=5.6 c=21.4  kl=0.0137  vl=0.2628
Step: 5345280 SPS: 579  ev=0.303  ent=0.647  grad=1.22/0.50  h=5.6 c=19.8  kl=0.0102  vl=0.2509
Step: 5349376 SPS: 579  ev=0.312  ent=0.679  grad=0.79/0.50  h=5.6 c=20.7  kl=0.0141  vl=0.2576
Step: 5353472 SPS: 580  ev=0.193  ent=0.672  grad=0.90/0.50  h=5.6 c=20.7  kl=0.0104  vl=0.3182
Step: 5357568 SPS: 580  ev=0.289  ent=0.666  grad=0.75/0.50  h=5.5 c=19.1  kl=0.0111  vl=0.2684
Step: 5361664 SPS: 580  ev=0.311  ent=0.714  grad=1.21/0.50  h=5.6 c=20.7  kl=0.0117  vl=0.2414
Step: 5365760 SPS: 580  ev=0.260  ent=0.653  grad=0.84/0.50  h=5.6 c=19.2  kl=0.0106  vl=0.3139
Step: 5369856 SPS: 580  ev=0.323  ent=0.678  grad=1.58/0.50  h=5.6 c=20.2  kl=0.0115  vl=0.2488
Step: 5373952 SPS: 580  ev=0.307  ent=0.663  grad=0.93/0.50  h=5.7 c=20.8  kl=0.0114  vl=0.2628
Step: 5378048 SPS: 580  ev=0.359  ent=0.692  grad=0.79/0.50  h=5.5 c=19.0  kl=0.0150  vl=0.2417
Step: 5382144 SPS: 580  ev=0.312  ent=0.676  grad=0.88/0.50  h=5.6 c=20.2  kl=0.0127  vl=0.2873
Step: 5386240 SPS: 580  ev=0.335  ent=0.645  grad=0.66/0.50  h=5.6 c=20.2  kl=0.0138  vl=0.2090
Step: 5390336 SPS: 580  ev=0.277  ent=0.686  grad=0.91/0.50  h=5.5 c=19.3  kl=0.0182  vl=0.2981
Step: 5394432 SPS: 580  ev=0.310  ent=0.650  grad=0.77/0.50  h=5.6 c=20.2  kl=0.0121  vl=0.2745
Step: 5398528 SPS: 580  ev=0.318  ent=0.657  grad=0.88/0.50  h=5.6 c=20.0  kl=0.0109  vl=0.2585
Step: 5402624 SPS: 580  ev=0.315  ent=0.663  grad=0.89/0.50  h=5.5 c=19.0  kl=0.0148  vl=0.2914
  vs Random: 101W/0L/0D | score=56.5±29.6 inv=2.8 played=20.9 lanes=4.8 ddraw=4.4 pts=57
  Self-play: 44W/57L/3D | score=14.6±28.7 inv=2.9 played=17.6 lanes=4.5 ddraw=1.3 pts=15
Step: 5406720 SPS: 579  ev=0.263  ent=0.633  grad=1.07/0.50  h=5.7 c=20.3  kl=0.0111  vl=0.3006
Step: 5410816 SPS: 580  ev=0.318  ent=0.649  grad=1.82/0.50  h=5.5 c=19.4  kl=0.0109  vl=0.2439
Step: 5414912 SPS: 580  ev=0.302  ent=0.621  grad=1.18/0.50  h=5.6 c=20.5  kl=0.0128  vl=0.2629
Step: 5419008 SPS: 580  ev=0.273  ent=0.673  grad=1.34/0.50  h=5.6 c=20.0  kl=0.0101  vl=0.2611
Step: 5423104 SPS: 580  ev=0.279  ent=0.638  grad=1.19/0.50  h=5.6 c=20.5  kl=0.0098  vl=0.2821
Step: 5427200 SPS: 580  ev=0.275  ent=0.602  grad=1.30/0.50  h=5.6 c=20.5  kl=0.0113  vl=0.2248
Step: 5431296 SPS: 580  ev=0.276  ent=0.655  grad=1.11/0.50  h=5.5 c=20.0  kl=0.0134  vl=0.2944
Step: 5435392 SPS: 580  ev=0.362  ent=0.670  grad=1.01/0.50  h=5.6 c=20.4  kl=0.0109  vl=0.2333
Step: 5439488 SPS: 580  ev=0.262  ent=0.656  grad=0.76/0.50  h=5.6 c=19.8  kl=0.0144  vl=0.2784
Step: 5443584 SPS: 580  ev=0.300  ent=0.642  grad=1.10/0.50  h=5.7 c=20.6  kl=0.0092  vl=0.2493
Step: 5447680 SPS: 580  ev=0.304  ent=0.655  grad=0.71/0.50  h=5.7 c=20.9  kl=0.0105  vl=0.2287
Step: 5451776 SPS: 580  ev=0.322  ent=0.665  grad=0.68/0.50  h=5.5 c=19.7  kl=0.0131  vl=0.2436
Step: 5455872 SPS: 580  ev=0.304  ent=0.660  grad=1.49/0.50  h=5.6 c=20.4  kl=0.0131  vl=0.2512
Step: 5459968 SPS: 580  ev=0.397  ent=0.621  grad=0.81/0.50  h=5.6 c=20.3  kl=0.0106  vl=0.2370
Step: 5464064 SPS: 580  ev=0.245  ent=0.630  grad=1.16/0.50  h=5.5 c=19.7  kl=0.0103  vl=0.3224
Step: 5468160 SPS: 580  ev=0.293  ent=0.638  grad=0.72/0.50  h=5.7 c=21.1  kl=0.0142  vl=0.3416
Step: 5472256 SPS: 580  ev=0.289  ent=0.671  grad=0.94/0.50  h=5.6 c=20.1  kl=0.0134  vl=0.2966
Step: 5476352 SPS: 580  ev=0.387  ent=0.647  grad=1.35/0.50  h=5.6 c=20.8  kl=0.0113  vl=0.2027
Step: 5480448 SPS: 580  ev=0.344  ent=0.650  grad=0.83/0.50  h=5.6 c=21.0  kl=0.0103  vl=0.2659
Step: 5484544 SPS: 581  ev=0.323  ent=0.638  grad=1.32/0.50  h=5.6 c=20.9  kl=0.0102  vl=0.2648
  vs Random: 101W/0L/0D | score=64.3±28.2 inv=3.0 played=20.8 lanes=4.6 ddraw=5.2 pts=64
  Self-play: 56W/43L/1D | score=18.1±27.5 inv=2.8 played=17.4 lanes=4.5 ddraw=1.3 pts=18
Step: 5488640 SPS: 580  ev=0.379  ent=0.638  grad=1.35/0.50  h=5.6 c=21.1  kl=0.0101  vl=0.2377
Step: 5492736 SPS: 580  ev=0.301  ent=0.662  grad=0.98/0.50  h=5.6 c=20.4  kl=0.0114  vl=0.2320
Step: 5496832 SPS: 580  ev=0.278  ent=0.684  grad=0.70/0.50  h=5.6 c=20.3  kl=0.0107  vl=0.2641
Step: 5500928 SPS: 580  ev=0.351  ent=0.647  grad=1.51/0.50  h=5.6 c=20.9  kl=0.0136  vl=0.2502
Step: 5505024 SPS: 580  ev=0.271  ent=0.675  grad=1.08/0.50  h=5.7 c=21.3  kl=0.0131  vl=0.2643
Step: 5509120 SPS: 580  ev=0.266  ent=0.672  grad=0.77/0.50  h=5.6 c=20.9  kl=0.0154  vl=0.2537
Step: 5513216 SPS: 580  ev=0.283  ent=0.644  grad=1.48/0.50  h=5.7 c=21.2  kl=0.0116  vl=0.3058
Step: 5517312 SPS: 580  ev=0.268  ent=0.663  grad=1.14/0.50  h=5.6 c=20.7  kl=0.0107  vl=0.3147
Step: 5521408 SPS: 580  ev=0.265  ent=0.650  grad=0.98/0.50  h=5.7 c=21.2  kl=0.0106  vl=0.2177
Step: 5525504 SPS: 580  ev=0.346  ent=0.627  grad=0.83/0.50  h=5.6 c=21.4  kl=0.0128  vl=0.2723
Step: 5529600 SPS: 580  ev=0.325  ent=0.635  grad=0.73/0.50  h=5.5 c=20.4  kl=0.0136  vl=0.2657
Step: 5533696 SPS: 580  ev=0.265  ent=0.620  grad=0.71/0.50  h=5.6 c=21.0  kl=0.0092  vl=0.2675
Step: 5537792 SPS: 580  ev=0.310  ent=0.637  grad=0.68/0.50  h=5.6 c=20.7  kl=0.0119  vl=0.2462
Step: 5541888 SPS: 580  ev=0.286  ent=0.699  grad=0.82/0.50  h=5.6 c=20.9  kl=0.0156  vl=0.2410
Step: 5545984 SPS: 581  ev=0.360  ent=0.625  grad=0.87/0.50  h=5.7 c=21.7  kl=0.0124  vl=0.2505
Step: 5550080 SPS: 581  ev=0.254  ent=0.636  grad=0.88/0.50  h=5.6 c=20.1  kl=0.0127  vl=0.2871
Step: 5554176 SPS: 581  ev=0.352  ent=0.606  grad=0.70/0.50  h=5.7 c=21.6  kl=0.0122  vl=0.2238
Step: 5558272 SPS: 581  ev=0.327  ent=0.649  grad=0.92/0.50  h=5.6 c=21.1  kl=0.0130  vl=0.2458
Step: 5562368 SPS: 581  ev=0.315  ent=0.661  grad=1.33/0.50  h=5.6 c=21.0  kl=0.0121  vl=0.2725
Step: 5566464 SPS: 581  ev=0.316  ent=0.628  grad=0.78/0.50  h=5.7 c=22.1  kl=0.0106  vl=0.3120
  vs Random: 102W/0L/0D | score=59.5±35.3 inv=3.1 played=21.2 lanes=4.7 ddraw=5.2 pts=59
  Self-play: 46W/53L/1D | score=14.3±32.0 inv=3.1 played=17.5 lanes=4.5 ddraw=1.5 pts=14
Step: 5570560 SPS: 580  ev=0.282  ent=0.600  grad=0.85/0.50  h=5.6 c=20.9  kl=0.0156  vl=0.2397
Step: 5574656 SPS: 580  ev=0.290  ent=0.610  grad=1.21/0.50  h=5.6 c=21.3  kl=0.0139  vl=0.2666
Step: 5578752 SPS: 580  ev=0.323  ent=0.645  grad=0.66/0.50  h=5.7 c=22.5  kl=0.0148  vl=0.2621
Step: 5582848 SPS: 580  ev=0.266  ent=0.640  grad=1.21/0.50  h=5.6 c=21.4  kl=0.0111  vl=0.2472
Step: 5586944 SPS: 580  ev=0.256  ent=0.632  grad=0.92/0.50  h=5.7 c=22.7  kl=0.0085  vl=0.2048
Step: 5591040 SPS: 580  ev=0.314  ent=0.641  grad=0.58/0.50  h=5.7 c=22.5  kl=0.0171  vl=0.2341
Step: 5595136 SPS: 580  ev=0.363  ent=0.671  grad=0.66/0.50  h=5.6 c=21.6  kl=0.0174  vl=0.2287
Step: 5599232 SPS: 580  ev=0.296  ent=0.645  grad=0.83/0.50  h=5.7 c=22.6  kl=0.0116  vl=0.2690
Step: 5603328 SPS: 581  ev=0.321  ent=0.642  grad=1.58/0.50  h=5.6 c=21.6  kl=0.0121  vl=0.2301
Step: 5607424 SPS: 581  ev=0.300  ent=0.613  grad=1.30/0.50  h=5.6 c=21.5  kl=0.0099  vl=0.2075
Step: 5611520 SPS: 581  ev=0.327  ent=0.668  grad=0.89/0.50  h=5.7 c=23.0  kl=0.0119  vl=0.2183
Step: 5615616 SPS: 581  ev=0.250  ent=0.657  grad=0.96/0.50  h=5.6 c=21.5  kl=0.0110  vl=0.2906
Step: 5619712 SPS: 581  ev=0.360  ent=0.648  grad=1.01/0.50  h=5.6 c=21.6  kl=0.0078  vl=0.2293
Step: 5623808 SPS: 581  ev=0.277  ent=0.612  grad=0.74/0.50  h=5.6 c=22.1  kl=0.0138  vl=0.2617
Step: 5627904 SPS: 581  ev=0.268  ent=0.652  grad=0.74/0.50  h=5.6 c=21.7  kl=0.0141  vl=0.2705
Step: 5632000 SPS: 581  ev=0.301  ent=0.658  grad=1.12/0.50  h=5.7 c=22.4  kl=0.0118  vl=0.2541
Step: 5636096 SPS: 581  ev=0.310  ent=0.605  grad=0.91/0.50  h=5.7 c=21.8  kl=0.0114  vl=0.2625
Step: 5640192 SPS: 581  ev=0.280  ent=0.625  grad=1.07/0.50  h=5.6 c=21.2  kl=0.0192  vl=0.2937
Step: 5644288 SPS: 581  ev=0.287  ent=0.651  grad=0.99/0.50  h=5.7 c=23.3  kl=0.0136  vl=0.2029
Step: 5648384 SPS: 581  ev=0.261  ent=0.630  grad=1.29/0.50  h=5.7 c=22.2  kl=0.0149  vl=0.2738
  vs Random: 100W/0L/0D | score=63.7±33.0 inv=3.0 played=21.0 lanes=4.7 ddraw=4.9 pts=64
  Self-play: 51W/53L/0D | score=17.9±30.3 inv=2.8 played=17.5 lanes=4.6 ddraw=1.4 pts=18
Step: 5652480 SPS: 580  ev=0.271  ent=0.616  grad=0.93/0.50  h=5.6 c=22.2  kl=0.0131  vl=0.2482
Step: 5656576 SPS: 580  ev=0.289  ent=0.637  grad=1.83/0.50  h=5.7 c=23.4  kl=0.0111  vl=0.2733
Step: 5660672 SPS: 580  ev=0.304  ent=0.666  grad=0.80/0.50  h=5.6 c=21.8  kl=0.0133  vl=0.2518
Step: 5664768 SPS: 580  ev=0.282  ent=0.644  grad=1.01/0.50  h=5.7 c=22.8  kl=0.0107  vl=0.2685
Step: 5668864 SPS: 581  ev=0.278  ent=0.657  grad=1.05/0.50  h=5.6 c=22.2  kl=0.0110  vl=0.2594
Step: 5672960 SPS: 581  ev=0.303  ent=0.659  grad=0.91/0.50  h=5.6 c=21.8  kl=0.0121  vl=0.2563
Step: 5677056 SPS: 581  ev=0.319  ent=0.626  grad=1.19/0.50  h=5.7 c=22.6  kl=0.0107  vl=0.2680
Step: 5681152 SPS: 581  ev=0.291  ent=0.654  grad=1.22/0.50  h=5.6 c=22.8  kl=0.0131  vl=0.2057
Step: 5685248 SPS: 581  ev=0.261  ent=0.648  grad=1.04/0.50  h=5.6 c=22.5  kl=0.0134  vl=0.2704
Step: 5689344 SPS: 581  ev=0.331  ent=0.618  grad=0.85/0.50  h=5.6 c=21.9  kl=0.0108  vl=0.2831
Step: 5693440 SPS: 581  ev=0.361  ent=0.659  grad=0.95/0.50  h=5.6 c=21.7  kl=0.0144  vl=0.2388
Step: 5697536 SPS: 581  ev=0.282  ent=0.627  grad=0.99/0.50  h=5.7 c=22.5  kl=0.0108  vl=0.2682
Step: 5701632 SPS: 581  ev=0.276  ent=0.683  grad=1.21/0.50  h=5.7 c=22.2  kl=0.0123  vl=0.2603
Step: 5705728 SPS: 581  ev=0.229  ent=0.652  grad=1.42/0.50  h=5.7 c=21.5  kl=0.0107  vl=0.2835
Step: 5709824 SPS: 581  ev=0.356  ent=0.612  grad=0.94/0.50  h=5.7 c=21.5  kl=0.0107  vl=0.2289
Step: 5713920 SPS: 581  ev=0.319  ent=0.638  grad=1.06/0.50  h=5.7 c=22.7  kl=0.0101  vl=0.2918
Step: 5718016 SPS: 581  ev=0.311  ent=0.653  grad=0.93/0.50  h=5.6 c=21.1  kl=0.0110  vl=0.2700
Step: 5722112 SPS: 581  ev=0.316  ent=0.602  grad=0.66/0.50  h=5.7 c=21.5  kl=0.0117  vl=0.2164
Step: 5726208 SPS: 581  ev=0.351  ent=0.663  grad=1.27/0.50  h=5.6 c=21.5  kl=0.0100  vl=0.2255
Step: 5730304 SPS: 581  ev=0.339  ent=0.665  grad=1.41/0.50  h=5.6 c=21.3  kl=0.0110  vl=0.2804
  vs Random: 101W/0L/0D | score=59.8±20.9 inv=2.7 played=21.0 lanes=4.8 ddraw=5.5 pts=60
  Self-play: 51W/48L/2D | score=19.8±28.0 inv=2.9 played=17.5 lanes=4.5 ddraw=1.7 pts=20
Step: 5734400 SPS: 581  ev=0.294  ent=0.650  grad=0.68/0.50  h=5.7 c=21.7  kl=0.0143  vl=0.2424
Step: 5738496 SPS: 581  ev=0.260  ent=0.667  grad=0.69/0.50  h=5.6 c=21.6  kl=0.0124  vl=0.2765
Step: 5742592 SPS: 581  ev=0.319  ent=0.640  grad=1.00/0.50  h=5.7 c=22.1  kl=0.0117  vl=0.2752
Step: 5746688 SPS: 581  ev=0.248  ent=0.672  grad=1.14/0.50  h=5.7 c=21.9  kl=0.0172  vl=0.3215
Step: 5750784 SPS: 581  ev=0.318  ent=0.669  grad=0.81/0.50  h=5.7 c=21.7  kl=0.0129  vl=0.2431
Step: 5754880 SPS: 581  ev=0.261  ent=0.631  grad=1.00/0.50  h=5.7 c=22.8  kl=0.0124  vl=0.2737
Step: 5758976 SPS: 581  ev=0.377  ent=0.618  grad=0.71/0.50  h=5.7 c=21.9  kl=0.0156  vl=0.2427
Step: 5763072 SPS: 581  ev=0.343  ent=0.622  grad=1.27/0.50  h=5.7 c=22.6  kl=0.0145  vl=0.2444
Step: 5767168 SPS: 581  ev=0.272  ent=0.628  grad=1.26/0.50  h=5.7 c=22.0  kl=0.0092  vl=0.2536
Step: 5771264 SPS: 581  ev=0.338  ent=0.663  grad=0.73/0.50  h=5.7 c=22.0  kl=0.0139  vl=0.2773
Step: 5775360 SPS: 581  ev=0.287  ent=0.639  grad=1.17/0.50  h=5.8 c=22.7  kl=0.0100  vl=0.2959
Step: 5779456 SPS: 581  ev=0.288  ent=0.650  grad=0.84/0.50  h=5.7 c=22.5  kl=0.0109  vl=0.2497
Step: 5783552 SPS: 581  ev=0.327  ent=0.622  grad=0.89/0.50  h=5.7 c=22.0  kl=0.0115  vl=0.2474
Step: 5787648 SPS: 581  ev=0.289  ent=0.655  grad=1.43/0.50  h=5.6 c=21.5  kl=0.0106  vl=0.2416
Step: 5791744 SPS: 582  ev=0.255  ent=0.624  grad=1.00/0.50  h=5.7 c=22.2  kl=0.0140  vl=0.2724
Step: 5795840 SPS: 582  ev=0.299  ent=0.667  grad=0.87/0.50  h=5.7 c=21.8  kl=0.0121  vl=0.2722
Step: 5799936 SPS: 582  ev=0.285  ent=0.635  grad=1.74/0.50  h=5.8 c=22.6  kl=0.0117  vl=0.2609
Step: 5804032 SPS: 582  ev=0.245  ent=0.650  grad=1.00/0.50  h=5.8 c=22.9  kl=0.0103  vl=0.2541
Step: 5808128 SPS: 582  ev=0.328  ent=0.689  grad=0.92/0.50  h=5.7 c=20.9  kl=0.0106  vl=0.2706
Step: 5812224 SPS: 582  ev=0.346  ent=0.671  grad=0.85/0.50  h=5.8 c=22.5  kl=0.0103  vl=0.2674
  vs Random: 101W/0L/0D | score=59.6±32.1 inv=3.0 played=20.4 lanes=4.7 ddraw=5.7 pts=60
  Self-play: 52W/48L/1D | score=16.6±26.9 inv=2.8 played=17.3 lanes=4.4 ddraw=1.4 pts=17
Step: 5816320 SPS: 581  ev=0.327  ent=0.655  grad=1.01/0.50  h=5.8 c=22.3  kl=0.0123  vl=0.2656
Step: 5820416 SPS: 581  ev=0.305  ent=0.639  grad=1.23/0.50  h=5.7 c=21.8  kl=0.0144  vl=0.2559
Step: 5824512 SPS: 581  ev=0.298  ent=0.644  grad=0.99/0.50  h=5.7 c=22.4  kl=0.0103  vl=0.2296
Step: 5828608 SPS: 581  ev=0.321  ent=0.658  grad=1.91/0.50  h=5.8 c=22.3  kl=0.0112  vl=0.2919
Step: 5832704 SPS: 581  ev=0.268  ent=0.641  grad=0.61/0.50  h=5.7 c=22.0  kl=0.0116  vl=0.2486
Step: 5836800 SPS: 581  ev=0.256  ent=0.684  grad=0.61/0.50  h=5.8 c=22.2  kl=0.0124  vl=0.2368
Step: 5840896 SPS: 581  ev=0.299  ent=0.644  grad=0.84/0.50  h=5.7 c=21.3  kl=0.0108  vl=0.2701
Step: 5844992 SPS: 582  ev=0.348  ent=0.609  grad=0.82/0.50  h=5.8 c=22.5  kl=0.0145  vl=0.2443
Step: 5849088 SPS: 582  ev=0.262  ent=0.619  grad=0.77/0.50  h=5.8 c=23.1  kl=0.0103  vl=0.2641
Step: 5853184 SPS: 582  ev=0.269  ent=0.610  grad=1.11/0.50  h=5.7 c=21.5  kl=0.0108  vl=0.2908
Step: 5857280 SPS: 582  ev=0.336  ent=0.628  grad=1.07/0.50  h=5.8 c=22.9  kl=0.0142  vl=0.2295
Step: 5861376 SPS: 582  ev=0.350  ent=0.659  grad=1.37/0.50  h=5.7 c=22.7  kl=0.0146  vl=0.2248
Step: 5865472 SPS: 582  ev=0.338  ent=0.628  grad=0.87/0.50  h=5.8 c=22.6  kl=0.0129  vl=0.2697
Step: 5869568 SPS: 582  ev=0.288  ent=0.639  grad=0.90/0.50  h=5.8 c=24.0  kl=0.0112  vl=0.2899
Step: 5873664 SPS: 582  ev=0.292  ent=0.612  grad=0.91/0.50  h=5.7 c=22.3  kl=0.0124  vl=0.3066
Step: 5877760 SPS: 582  ev=0.289  ent=0.650  grad=0.98/0.50  h=5.8 c=22.9  kl=0.0136  vl=0.2830
Step: 5881856 SPS: 582  ev=0.283  ent=0.617  grad=1.30/0.50  h=5.7 c=23.1  kl=0.0152  vl=0.2732
Step: 5885952 SPS: 582  ev=0.279  ent=0.660  grad=1.05/0.50  h=5.7 c=22.2  kl=0.0110  vl=0.2724
Step: 5890048 SPS: 582  ev=0.328  ent=0.623  grad=1.54/0.50  h=5.8 c=23.4  kl=0.0096  vl=0.2953
Step: 5894144 SPS: 582  ev=0.281  ent=0.622  grad=0.77/0.50  h=5.7 c=22.4  kl=0.0120  vl=0.2456
  vs Random: 100W/0L/0D | score=63.4±27.5 inv=2.8 played=20.7 lanes=4.7 ddraw=5.0 pts=63
  Self-play: 51W/49L/1D | score=14.7±26.5 inv=2.7 played=17.2 lanes=4.6 ddraw=1.5 pts=15
Step: 5898240 SPS: 581  ev=0.363  ent=0.630  grad=0.79/0.50  h=5.7 c=22.0  kl=0.0105  vl=0.2486
Step: 5902336 SPS: 582  ev=0.284  ent=0.645  grad=1.14/0.50  h=5.8 c=23.2  kl=0.0134  vl=0.2731
Step: 5906432 SPS: 582  ev=0.288  ent=0.620  grad=1.20/0.50  h=5.8 c=23.2  kl=0.0109  vl=0.2790
Step: 5910528 SPS: 582  ev=0.335  ent=0.640  grad=0.83/0.50  h=5.8 c=22.8  kl=0.0117  vl=0.2565
Step: 5914624 SPS: 582  ev=0.331  ent=0.630  grad=0.66/0.50  h=5.8 c=23.6  kl=0.0111  vl=0.1990
Step: 5918720 SPS: 582  ev=0.302  ent=0.618  grad=0.90/0.50  h=5.7 c=22.8  kl=0.0154  vl=0.2807
Step: 5922816 SPS: 582  ev=0.382  ent=0.639  grad=0.76/0.50  h=5.8 c=22.9  kl=0.0108  vl=0.2163
Step: 5926912 SPS: 582  ev=0.319  ent=0.659  grad=1.07/0.50  h=5.8 c=23.4  kl=0.0108  vl=0.2268
Step: 5931008 SPS: 582  ev=0.343  ent=0.676  grad=0.90/0.50  h=5.7 c=21.7  kl=0.0136  vl=0.2366
Step: 5935104 SPS: 582  ev=0.367  ent=0.598  grad=0.63/0.50  h=5.8 c=23.6  kl=0.0113  vl=0.2193
Step: 5939200 SPS: 582  ev=0.337  ent=0.647  grad=1.27/0.50  h=5.7 c=23.0  kl=0.0110  vl=0.2551
Step: 5943296 SPS: 582  ev=0.245  ent=0.597  grad=1.25/0.50  h=5.7 c=22.5  kl=0.0150  vl=0.2804
Step: 5947392 SPS: 582  ev=0.342  ent=0.589  grad=0.66/0.50  h=5.8 c=23.5  kl=0.0105  vl=0.2269
Step: 5951488 SPS: 582  ev=0.250  ent=0.627  grad=0.69/0.50  h=5.7 c=21.9  kl=0.0153  vl=0.2728
Step: 5955584 SPS: 582  ev=0.268  ent=0.639  grad=0.93/0.50  h=5.7 c=22.7  kl=0.0128  vl=0.2557
Step: 5959680 SPS: 582  ev=0.328  ent=0.641  grad=1.72/0.50  h=5.7 c=22.8  kl=0.0137  vl=0.2393
Step: 5963776 SPS: 582  ev=0.368  ent=0.653  grad=1.77/0.50  h=5.8 c=23.4  kl=0.0129  vl=0.2451
Step: 5967872 SPS: 582  ev=0.340  ent=0.665  grad=0.71/0.50  h=5.8 c=23.2  kl=0.0118  vl=0.2688
Step: 5971968 SPS: 582  ev=0.338  ent=0.633  grad=0.68/0.50  h=5.7 c=23.4  kl=0.0116  vl=0.2433
Step: 5976064 SPS: 582  ev=0.294  ent=0.663  grad=1.81/0.50  h=5.6 c=22.3  kl=0.0121  vl=0.2614
  vs Random: 100W/0L/0D | score=55.0±29.3 inv=2.6 played=20.2 lanes=4.7 ddraw=4.5 pts=55
  Self-play: 55W/45L/3D | score=20.9±26.6 inv=2.7 played=17.3 lanes=4.5 ddraw=1.5 pts=21
Step: 5980160 SPS: 582  ev=0.271  ent=0.628  grad=0.71/0.50  h=5.8 c=24.1  kl=0.0152  vl=0.2753
Step: 5984256 SPS: 582  ev=0.337  ent=0.633  grad=1.50/0.50  h=5.7 c=23.3  kl=0.0105  vl=0.2638
Step: 5988352 SPS: 582  ev=0.310  ent=0.621  grad=1.28/0.50  h=5.8 c=23.9  kl=0.0137  vl=0.2574
Step: 5992448 SPS: 582  ev=0.279  ent=0.695  grad=0.78/0.50  h=5.8 c=24.3  kl=0.0138  vl=0.2900
Step: 5996544 SPS: 582  ev=0.347  ent=0.661  grad=0.66/0.50  h=5.7 c=22.9  kl=0.0136  vl=0.2595
Step: 6000640 SPS: 582  ev=0.334  ent=0.636  grad=0.82/0.50  h=5.8 c=23.7  kl=0.0128  vl=0.2612
Step: 6004736 SPS: 582  ev=0.316  ent=0.629  grad=0.73/0.50  h=5.7 c=23.2  kl=0.0110  vl=0.2178
Step: 6008832 SPS: 582  ev=0.238  ent=0.639  grad=0.74/0.50  h=5.8 c=23.0  kl=0.0130  vl=0.2829
Step: 6012928 SPS: 582  ev=0.345  ent=0.664  grad=0.99/0.50  h=5.7 c=23.0  kl=0.0106  vl=0.2638
Step: 6017024 SPS: 582  ev=0.296  ent=0.638  grad=0.61/0.50  h=5.8 c=23.4  kl=0.0153  vl=0.2824
Step: 6021120 SPS: 582  ev=0.310  ent=0.607  grad=0.96/0.50  h=5.7 c=22.5  kl=0.0120  vl=0.2719
Step: 6025216 SPS: 582  ev=0.267  ent=0.644  grad=0.64/0.50  h=5.8 c=22.9  kl=0.0121  vl=0.2555
Step: 6029312 SPS: 582  ev=0.306  ent=0.637  grad=0.81/0.50  h=5.7 c=21.7  kl=0.0134  vl=0.2834
Step: 6033408 SPS: 582  ev=0.307  ent=0.607  grad=0.77/0.50  h=5.7 c=22.6  kl=0.0129  vl=0.2461
Step: 6037504 SPS: 583  ev=0.298  ent=0.641  grad=1.15/0.50  h=5.8 c=23.3  kl=0.0098  vl=0.2498
Step: 6041600 SPS: 583  ev=0.299  ent=0.649  grad=0.81/0.50  h=5.8 c=23.5  kl=0.0135  vl=0.2575
Step: 6045696 SPS: 583  ev=0.331  ent=0.664  grad=0.97/0.50  h=5.7 c=22.3  kl=0.0109  vl=0.2595
Step: 6049792 SPS: 583  ev=0.317  ent=0.606  grad=0.64/0.50  h=5.7 c=22.4  kl=0.0112  vl=0.2528
Step: 6053888 SPS: 583  ev=0.361  ent=0.629  grad=0.73/0.50  h=5.8 c=23.9  kl=0.0115  vl=0.2321
Step: 6057984 SPS: 583  ev=0.335  ent=0.613  grad=0.78/0.50  h=5.7 c=21.8  kl=0.0121  vl=0.2321
  vs Random: 101W/0L/0D | score=56.1±31.5 inv=2.7 played=19.9 lanes=4.7 ddraw=4.8 pts=56
  Self-play: 56W/44L/2D | score=21.1±25.7 inv=2.9 played=17.3 lanes=4.5 ddraw=1.3 pts=21
Step: 6062080 SPS: 582  ev=0.293  ent=0.665  grad=0.76/0.50  h=5.6 c=22.5  kl=0.0172  vl=0.2978
Step: 6066176 SPS: 582  ev=0.330  ent=0.634  grad=0.68/0.50  h=5.8 c=24.1  kl=0.0114  vl=0.2475
Step: 6070272 SPS: 582  ev=0.334  ent=0.625  grad=0.92/0.50  h=5.7 c=23.5  kl=0.0116  vl=0.2554
Step: 6074368 SPS: 582  ev=0.293  ent=0.655  grad=1.06/0.50  h=5.8 c=24.1  kl=0.0130  vl=0.2844
Step: 6078464 SPS: 582  ev=0.292  ent=0.668  grad=0.80/0.50  h=5.8 c=24.1  kl=0.0153  vl=0.2602
Step: 6082560 SPS: 582  ev=0.271  ent=0.675  grad=0.91/0.50  h=5.7 c=23.0  kl=0.0141  vl=0.2582
Step: 6086656 SPS: 582  ev=0.310  ent=0.622  grad=0.67/0.50  h=5.8 c=24.9  kl=0.0129  vl=0.2307
Step: 6090752 SPS: 582  ev=0.318  ent=0.634  grad=1.01/0.50  h=5.8 c=23.7  kl=0.0107  vl=0.2755
Step: 6094848 SPS: 583  ev=0.370  ent=0.673  grad=1.59/0.50  h=5.8 c=24.5  kl=0.0125  vl=0.2664
Step: 6098944 SPS: 583  ev=0.290  ent=0.648  grad=1.26/0.50  h=5.7 c=24.5  kl=0.0154  vl=0.2866
Step: 6103040 SPS: 583  ev=0.334  ent=0.667  grad=1.02/0.50  h=5.8 c=23.3  kl=0.0101  vl=0.2392
Step: 6107136 SPS: 583  ev=0.262  ent=0.691  grad=1.48/0.50  h=5.8 c=24.1  kl=0.0121  vl=0.2762
Step: 6111232 SPS: 583  ev=0.363  ent=0.647  grad=1.21/0.50  h=5.7 c=23.7  kl=0.0129  vl=0.2581
Step: 6115328 SPS: 583  ev=0.329  ent=0.632  grad=0.86/0.50  h=5.7 c=22.9  kl=0.0101  vl=0.2908
Step: 6119424 SPS: 583  ev=0.315  ent=0.623  grad=0.84/0.50  h=5.8 c=24.2  kl=0.0148  vl=0.2314
Step: 6123520 SPS: 583  ev=0.275  ent=0.662  grad=1.60/0.50  h=5.8 c=23.4  kl=0.0107  vl=0.3002
Step: 6127616 SPS: 583  ev=0.355  ent=0.638  grad=0.73/0.50  h=5.8 c=23.4  kl=0.0143  vl=0.2429
Step: 6131712 SPS: 583  ev=0.328  ent=0.635  grad=2.31/0.50  h=5.7 c=23.3  kl=0.0111  vl=0.2730
Step: 6135808 SPS: 583  ev=0.354  ent=0.676  grad=0.97/0.50  h=5.6 c=23.2  kl=0.0123  vl=0.1979
Step: 6139904 SPS: 583  ev=0.363  ent=0.628  grad=0.83/0.50  h=5.7 c=24.1  kl=0.0099  vl=0.2221
  vs Random: 100W/0L/0D | score=64.9±32.6 inv=2.9 played=20.2 lanes=4.7 ddraw=4.8 pts=65
  Self-play: 52W/54L/1D | score=18.7±25.8 inv=2.5 played=16.5 lanes=4.3 ddraw=1.5 pts=19
Step: 6144000 SPS: 583  ev=0.276  ent=0.654  grad=1.23/0.50  h=5.7 c=22.9  kl=0.0141  vl=0.2916
Step: 6148096 SPS: 583  ev=0.358  ent=0.635  grad=0.81/0.50  h=5.6 c=22.9  kl=0.0109  vl=0.2180
Step: 6152192 SPS: 583  ev=0.335  ent=0.665  grad=0.74/0.50  h=5.7 c=23.9  kl=0.0103  vl=0.2151
Step: 6156288 SPS: 583  ev=0.360  ent=0.659  grad=1.01/0.50  h=5.6 c=21.8  kl=0.0144  vl=0.2713
Step: 6160384 SPS: 583  ev=0.306  ent=0.682  grad=0.79/0.50  h=5.7 c=23.6  kl=0.0124  vl=0.2604
Step: 6164480 SPS: 583  ev=0.266  ent=0.647  grad=0.97/0.50  h=5.7 c=22.9  kl=0.0105  vl=0.2659
Step: 6168576 SPS: 583  ev=0.257  ent=0.642  grad=1.86/0.50  h=5.7 c=22.3  kl=0.0104  vl=0.2698
Step: 6172672 SPS: 583  ev=0.263  ent=0.639  grad=0.96/0.50  h=5.7 c=24.3  kl=0.0123  vl=0.2392
Step: 6176768 SPS: 583  ev=0.265  ent=0.625  grad=0.74/0.50  h=5.6 c=22.5  kl=0.0106  vl=0.2870
Step: 6180864 SPS: 583  ev=0.333  ent=0.641  grad=0.61/0.50  h=5.7 c=23.7  kl=0.0123  vl=0.2346
Step: 6184960 SPS: 583  ev=0.329  ent=0.643  grad=1.29/0.50  h=5.8 c=24.9  kl=0.0101  vl=0.2901
Step: 6189056 SPS: 583  ev=0.318  ent=0.646  grad=0.83/0.50  h=5.7 c=22.8  kl=0.0124  vl=0.2414
Step: 6193152 SPS: 583  ev=0.337  ent=0.658  grad=1.07/0.50  h=5.7 c=24.0  kl=0.0112  vl=0.2469
Step: 6197248 SPS: 583  ev=0.297  ent=0.646  grad=1.01/0.50  h=5.8 c=24.8  kl=0.0140  vl=0.2571
Step: 6201344 SPS: 583  ev=0.327  ent=0.626  grad=0.87/0.50  h=5.7 c=23.5  kl=0.0137  vl=0.2579
Step: 6205440 SPS: 583  ev=0.254  ent=0.669  grad=0.77/0.50  h=5.8 c=25.0  kl=0.0113  vl=0.2945
Step: 6209536 SPS: 583  ev=0.335  ent=0.625  grad=0.59/0.50  h=5.7 c=24.1  kl=0.0140  vl=0.2597
Step: 6213632 SPS: 583  ev=0.237  ent=0.674  grad=0.93/0.50  h=5.8 c=24.3  kl=0.0132  vl=0.2902
Step: 6217728 SPS: 583  ev=0.340  ent=0.649  grad=0.99/0.50  h=5.7 c=24.6  kl=0.0100  vl=0.1933
Step: 6221824 SPS: 583  ev=0.341  ent=0.634  grad=0.98/0.50  h=5.7 c=23.7  kl=0.0134  vl=0.2400
  vs Random: 100W/0L/0D | score=57.0±32.2 inv=2.9 played=20.4 lanes=4.7 ddraw=4.4 pts=57
  Self-play: 49W/55L/4D | score=16.7±26.6 inv=2.5 played=16.8 lanes=4.5 ddraw=1.4 pts=17
Step: 6225920 SPS: 583  ev=0.426  ent=0.644  grad=1.51/0.50  h=5.7 c=23.9  kl=0.0120  vl=0.2158
Step: 6230016 SPS: 583  ev=0.238  ent=0.640  grad=1.57/0.50  h=5.7 c=23.7  kl=0.0153  vl=0.3250
Step: 6234112 SPS: 583  ev=0.401  ent=0.657  grad=0.75/0.50  h=5.7 c=24.2  kl=0.0092  vl=0.1577
Step: 6238208 SPS: 583  ev=0.296  ent=0.635  grad=0.87/0.50  h=5.7 c=24.0  kl=0.0124  vl=0.3129
Step: 6242304 SPS: 583  ev=0.313  ent=0.657  grad=1.37/0.50  h=5.8 c=25.0  kl=0.0151  vl=0.2134
Step: 6246400 SPS: 583  ev=0.322  ent=0.640  grad=0.63/0.50  h=5.8 c=25.0  kl=0.0120  vl=0.2319
Step: 6250496 SPS: 583  ev=0.345  ent=0.633  grad=0.74/0.50  h=5.8 c=25.4  kl=0.0171  vl=0.2373
Step: 6254592 SPS: 583  ev=0.281  ent=0.624  grad=1.49/0.50  h=5.7 c=24.4  kl=0.0105  vl=0.2526
Step: 6258688 SPS: 583  ev=0.252  ent=0.634  grad=1.90/0.50  h=5.7 c=24.9  kl=0.0141  vl=0.2946
Step: 6262784 SPS: 583  ev=0.290  ent=0.593  grad=0.92/0.50  h=5.8 c=25.2  kl=0.0105  vl=0.2737
Step: 6266880 SPS: 583  ev=0.341  ent=0.650  grad=1.68/0.50  h=5.6 c=24.0  kl=0.0105  vl=0.2329
Step: 6270976 SPS: 583  ev=0.329  ent=0.646  grad=1.12/0.50  h=5.7 c=24.6  kl=0.0121  vl=0.2465
Step: 6275072 SPS: 583  ev=0.325  ent=0.613  grad=0.80/0.50  h=5.7 c=24.6  kl=0.0108  vl=0.2270
Step: 6279168 SPS: 583  ev=0.324  ent=0.607  grad=1.30/0.50  h=5.7 c=25.0  kl=0.0123  vl=0.2605
Step: 6283264 SPS: 584  ev=0.371  ent=0.626  grad=0.75/0.50  h=5.7 c=24.4  kl=0.0119  vl=0.1956
Step: 6287360 SPS: 584  ev=0.306  ent=0.671  grad=0.81/0.50  h=5.7 c=24.4  kl=0.0152  vl=0.2803
Step: 6291456 SPS: 584  ev=0.325  ent=0.647  grad=0.89/0.50  h=5.7 c=24.0  kl=0.0143  vl=0.2171
Step: 6295552 SPS: 584  ev=0.351  ent=0.639  grad=0.72/0.50  h=5.8 c=25.1  kl=0.0140  vl=0.2416
Step: 6299648 SPS: 584  ev=0.359  ent=0.629  grad=0.83/0.50  h=5.8 c=25.0  kl=0.0119  vl=0.2014
Step: 6303744 SPS: 584  ev=0.281  ent=0.655  grad=0.67/0.50  h=5.7 c=23.9  kl=0.0105  vl=0.2812
  vs Random: 101W/0L/0D | score=61.9±29.5 inv=2.9 played=21.1 lanes=4.8 ddraw=4.5 pts=62
  Self-play: 45W/57L/0D | score=14.6±26.1 inv=2.5 played=16.6 lanes=4.4 ddraw=1.3 pts=15
Step: 6307840 SPS: 583  ev=0.310  ent=0.629  grad=1.16/0.50  h=5.7 c=25.1  kl=0.0137  vl=0.2422
Step: 6311936 SPS: 583  ev=0.316  ent=0.641  grad=0.92/0.50  h=5.7 c=24.7  kl=0.0177  vl=0.2474
Step: 6316032 SPS: 583  ev=0.317  ent=0.616  grad=1.04/0.50  h=5.7 c=25.0  kl=0.0102  vl=0.2581
Step: 6320128 SPS: 583  ev=0.363  ent=0.665  grad=0.82/0.50  h=5.8 c=25.9  kl=0.0131  vl=0.2363
Step: 6324224 SPS: 583  ev=0.320  ent=0.673  grad=1.04/0.50  h=5.7 c=24.3  kl=0.0137  vl=0.2155
Step: 6328320 SPS: 583  ev=0.196  ent=0.662  grad=0.76/0.50  h=5.7 c=24.9  kl=0.0124  vl=0.2516
Step: 6332416 SPS: 583  ev=0.340  ent=0.619  grad=1.25/0.50  h=5.8 c=26.1  kl=0.0109  vl=0.1962
Step: 6336512 SPS: 583  ev=0.350  ent=0.634  grad=0.92/0.50  h=5.7 c=24.3  kl=0.0155  vl=0.2518
Step: 6340608 SPS: 583  ev=0.282  ent=0.602  grad=1.05/0.50  h=5.8 c=26.3  kl=0.0111  vl=0.2621
Step: 6344704 SPS: 584  ev=0.306  ent=0.641  grad=0.70/0.50  h=5.7 c=25.5  kl=0.0118  vl=0.2672
Step: 6348800 SPS: 584  ev=0.359  ent=0.608  grad=0.65/0.50  h=5.7 c=24.7  kl=0.0101  vl=0.1864
Step: 6352896 SPS: 584  ev=0.333  ent=0.622  grad=0.72/0.50  h=5.8 c=26.9  kl=0.0107  vl=0.2596
Step: 6356992 SPS: 584  ev=0.320  ent=0.642  grad=0.92/0.50  h=5.7 c=24.7  kl=0.0121  vl=0.2835
Step: 6361088 SPS: 584  ev=0.332  ent=0.606  grad=0.91/0.50  h=5.9 c=26.7  kl=0.0111  vl=0.2330
Step: 6365184 SPS: 584  ev=0.376  ent=0.654  grad=0.76/0.50  h=5.7 c=25.7  kl=0.0151  vl=0.2249
Step: 6369280 SPS: 584  ev=0.348  ent=0.659  grad=0.76/0.50  h=5.8 c=24.6  kl=0.0171  vl=0.2580
Step: 6373376 SPS: 584  ev=0.343  ent=0.623  grad=1.40/0.50  h=5.8 c=26.5  kl=0.0104  vl=0.2659
Step: 6377472 SPS: 584  ev=0.274  ent=0.609  grad=1.45/0.50  h=5.7 c=23.9  kl=0.0116  vl=0.3222
Step: 6381568 SPS: 584  ev=0.326  ent=0.623  grad=0.87/0.50  h=5.8 c=25.5  kl=0.0148  vl=0.2328
Step: 6385664 SPS: 584  ev=0.351  ent=0.592  grad=0.90/0.50  h=5.8 c=25.9  kl=0.0113  vl=0.2558
  vs Random: 101W/0L/0D | score=53.8±31.1 inv=2.5 played=20.5 lanes=4.8 ddraw=4.3 pts=54
  Self-play: 50W/51L/1D | score=11.0±28.9 inv=2.4 played=16.8 lanes=4.6 ddraw=1.2 pts=11
Step: 6389760 SPS: 583  ev=0.320  ent=0.665  grad=1.31/0.50  h=5.8 c=24.3  kl=0.0115  vl=0.2467
Step: 6393856 SPS: 583  ev=0.388  ent=0.644  grad=0.92/0.50  h=5.8 c=25.8  kl=0.0108  vl=0.2433
Step: 6397952 SPS: 584  ev=0.327  ent=0.636  grad=1.44/0.50  h=5.8 c=25.7  kl=0.0119  vl=0.2942
Step: 6402048 SPS: 584  ev=0.293  ent=0.619  grad=1.03/0.50  h=5.8 c=25.5  kl=0.0125  vl=0.2541
Step: 6406144 SPS: 584  ev=0.273  ent=0.638  grad=0.99/0.50  h=5.8 c=25.5  kl=0.0141  vl=0.2605
Step: 6410240 SPS: 584  ev=0.302  ent=0.601  grad=1.75/0.50  h=5.7 c=23.9  kl=0.0097  vl=0.2449
Step: 6414336 SPS: 584  ev=0.209  ent=0.598  grad=0.78/0.50  h=5.8 c=25.8  kl=0.0122  vl=0.3478
Step: 6418432 SPS: 584  ev=0.268  ent=0.605  grad=0.63/0.50  h=5.6 c=23.9  kl=0.0146  vl=0.2638
Step: 6422528 SPS: 584  ev=0.411  ent=0.642  grad=0.83/0.50  h=5.9 c=25.8  kl=0.0145  vl=0.1856
Step: 6426624 SPS: 584  ev=0.306  ent=0.613  grad=0.78/0.50  h=5.8 c=25.3  kl=0.0102  vl=0.2704
Step: 6430720 SPS: 584  ev=0.304  ent=0.613  grad=0.71/0.50  h=5.7 c=24.6  kl=0.0111  vl=0.2766
Step: 6434816 SPS: 584  ev=0.243  ent=0.624  grad=0.69/0.50  h=5.8 c=25.5  kl=0.0090  vl=0.2784
Step: 6438912 SPS: 584  ev=0.336  ent=0.596  grad=0.76/0.50  h=5.7 c=24.6  kl=0.0112  vl=0.2158
Step: 6443008 SPS: 584  ev=0.284  ent=0.597  grad=1.23/0.50  h=5.8 c=25.2  kl=0.0120  vl=0.2319
Step: 6447104 SPS: 584  ev=0.310  ent=0.669  grad=1.21/0.50  h=5.8 c=25.8  kl=0.0135  vl=0.2641
Step: 6451200 SPS: 584  ev=0.338  ent=0.597  grad=0.87/0.50  h=5.7 c=24.3  kl=0.0116  vl=0.2773
Step: 6455296 SPS: 584  ev=0.254  ent=0.627  grad=1.21/0.50  h=5.8 c=25.4  kl=0.0109  vl=0.2363
Step: 6459392 SPS: 584  ev=0.293  ent=0.615  grad=0.93/0.50  h=5.7 c=25.6  kl=0.0099  vl=0.2565
Step: 6463488 SPS: 584  ev=0.341  ent=0.599  grad=1.05/0.50  h=5.7 c=24.2  kl=0.0093  vl=0.2393
Step: 6467584 SPS: 584  ev=0.215  ent=0.610  grad=0.85/0.50  h=5.8 c=25.3  kl=0.0121  vl=0.2965
  vs Random: 101W/0L/0D | score=59.9±30.6 inv=2.7 played=21.0 lanes=4.8 ddraw=4.2 pts=60
  Self-play: 48W/53L/1D | score=15.2±22.4 inv=2.5 played=17.2 lanes=4.6 ddraw=1.1 pts=15
Step: 6471680 SPS: 584  ev=0.336  ent=0.596  grad=0.75/0.50  h=5.8 c=25.0  kl=0.0107  vl=0.2620
Step: 6475776 SPS: 584  ev=0.279  ent=0.605  grad=0.74/0.50  h=5.9 c=25.7  kl=0.0126  vl=0.2827
Step: 6479872 SPS: 584  ev=0.299  ent=0.604  grad=0.79/0.50  h=5.8 c=25.3  kl=0.0097  vl=0.2657
Step: 6483968 SPS: 584  ev=0.249  ent=0.613  grad=1.39/0.50  h=5.8 c=24.1  kl=0.0105  vl=0.3076
Step: 6488064 SPS: 584  ev=0.241  ent=0.606  grad=0.91/0.50  h=5.8 c=25.2  kl=0.0111  vl=0.2982
Step: 6492160 SPS: 584  ev=0.337  ent=0.595  grad=0.89/0.50  h=5.7 c=24.6  kl=0.0101  vl=0.2428
Step: 6496256 SPS: 584  ev=0.379  ent=0.600  grad=1.07/0.50  h=5.8 c=25.5  kl=0.0109  vl=0.2002
Step: 6500352 SPS: 584  ev=0.345  ent=0.614  grad=0.68/0.50  h=5.8 c=25.6  kl=0.0135  vl=0.2310
Step: 6504448 SPS: 584  ev=0.236  ent=0.582  grad=0.93/0.50  h=5.8 c=24.8  kl=0.0107  vl=0.2825
Step: 6508544 SPS: 584  ev=0.311  ent=0.551  grad=0.79/0.50  h=5.7 c=24.9  kl=0.0130  vl=0.2564
Step: 6512640 SPS: 584  ev=0.309  ent=0.595  grad=0.84/0.50  h=5.7 c=23.5  kl=0.0108  vl=0.2899
Step: 6516736 SPS: 584  ev=0.314  ent=0.601  grad=1.79/0.50  h=5.8 c=25.6  kl=0.0148  vl=0.2768
Step: 6520832 SPS: 584  ev=0.306  ent=0.637  grad=0.69/0.50  h=5.7 c=24.7  kl=0.0125  vl=0.2603
Step: 6524928 SPS: 584  ev=0.293  ent=0.618  grad=0.91/0.50  h=5.7 c=24.9  kl=0.0108  vl=0.2788
Step: 6529024 SPS: 584  ev=0.372  ent=0.624  grad=0.81/0.50  h=5.7 c=25.7  kl=0.0100  vl=0.2329
Step: 6533120 SPS: 584  ev=0.276  ent=0.621  grad=1.25/0.50  h=5.7 c=24.6  kl=0.0114  vl=0.2634
Step: 6537216 SPS: 584  ev=0.282  ent=0.623  grad=0.75/0.50  h=5.8 c=25.2  kl=0.0112  vl=0.2718
Step: 6541312 SPS: 584  ev=0.310  ent=0.591  grad=1.05/0.50  h=5.8 c=25.0  kl=0.0132  vl=0.2847
Step: 6545408 SPS: 584  ev=0.286  ent=0.651  grad=0.74/0.50  h=5.7 c=25.0  kl=0.0128  vl=0.2541
Step: 6549504 SPS: 584  ev=0.331  ent=0.614  grad=1.32/0.50  h=5.8 c=25.4  kl=0.0146  vl=0.2683
  vs Random: 101W/0L/0D | score=56.6±30.3 inv=2.7 played=20.5 lanes=4.8 ddraw=4.3 pts=57
  Self-play: 53W/44L/3D | score=16.1±24.9 inv=2.4 played=17.2 lanes=4.6 ddraw=1.0 pts=16
Step: 6553600 SPS: 584  ev=0.305  ent=0.638  grad=0.89/0.50  h=5.7 c=24.8  kl=0.0103  vl=0.3101
Step: 6557696 SPS: 584  ev=0.322  ent=0.645  grad=0.69/0.50  h=5.8 c=25.4  kl=0.0117  vl=0.2442
Step: 6561792 SPS: 584  ev=0.288  ent=0.618  grad=0.87/0.50  h=5.8 c=25.5  kl=0.0078  vl=0.2433
Step: 6565888 SPS: 584  ev=0.341  ent=0.646  grad=0.91/0.50  h=5.7 c=24.6  kl=0.0172  vl=0.2419
Step: 6569984 SPS: 584  ev=0.321  ent=0.578  grad=0.66/0.50  h=5.8 c=25.6  kl=0.0123  vl=0.2684
Step: 6574080 SPS: 584  ev=0.346  ent=0.592  grad=1.17/0.50  h=5.7 c=25.1  kl=0.0139  vl=0.2314
Step: 6578176 SPS: 584  ev=0.339  ent=0.587  grad=0.93/0.50  h=5.7 c=23.7  kl=0.0098  vl=0.2153
Step: 6582272 SPS: 584  ev=0.258  ent=0.578  grad=2.15/0.50  h=5.8 c=25.6  kl=0.0120  vl=0.2641
Step: 6586368 SPS: 584  ev=0.319  ent=0.608  grad=0.74/0.50  h=5.7 c=24.2  kl=0.0112  vl=0.2509
Step: 6590464 SPS: 584  ev=0.253  ent=0.597  grad=0.79/0.50  h=5.7 c=24.7  kl=0.0109  vl=0.2956
Step: 6594560 SPS: 584  ev=0.262  ent=0.599  grad=0.94/0.50  h=5.8 c=26.0  kl=0.0124  vl=0.2490
Step: 6598656 SPS: 584  ev=0.355  ent=0.646  grad=0.88/0.50  h=5.7 c=23.9  kl=0.0100  vl=0.2405
Step: 6602752 SPS: 584  ev=0.271  ent=0.572  grad=0.74/0.50  h=5.9 c=26.1  kl=0.0095  vl=0.2494
Step: 6606848 SPS: 584  ev=0.307  ent=0.613  grad=0.74/0.50  h=5.6 c=23.8  kl=0.0128  vl=0.3033
Step: 6610944 SPS: 584  ev=0.336  ent=0.599  grad=1.06/0.50  h=5.7 c=23.9  kl=0.0117  vl=0.2965
Step: 6615040 SPS: 584  ev=0.368  ent=0.612  grad=1.02/0.50  h=5.8 c=25.2  kl=0.0138  vl=0.2546
Step: 6619136 SPS: 584  ev=0.315  ent=0.618  grad=1.08/0.50  h=5.7 c=23.5  kl=0.0147  vl=0.2331
Step: 6623232 SPS: 585  ev=0.293  ent=0.572  grad=0.81/0.50  h=5.9 c=26.3  kl=0.0098  vl=0.2467
Step: 6627328 SPS: 585  ev=0.359  ent=0.590  grad=0.72/0.50  h=5.7 c=24.5  kl=0.0113  vl=0.2629
Step: 6631424 SPS: 585  ev=0.330  ent=0.589  grad=0.68/0.50  h=5.8 c=25.3  kl=0.0095  vl=0.2456
  vs Random: 100W/0L/0D | score=63.5±33.3 inv=2.6 played=21.1 lanes=4.8 ddraw=3.3 pts=63
  Self-play: 62W/38L/0D | score=23.1±25.6 inv=2.4 played=17.3 lanes=4.5 ddraw=1.1 pts=23
Step: 6635520 SPS: 584  ev=0.279  ent=0.570  grad=0.87/0.50  h=5.8 c=25.9  kl=0.0087  vl=0.2328
Step: 6639616 SPS: 584  ev=0.276  ent=0.594  grad=0.98/0.50  h=5.8 c=25.0  kl=0.0111  vl=0.2766
Step: 6643712 SPS: 584  ev=0.372  ent=0.590  grad=0.81/0.50  h=5.9 c=25.9  kl=0.0103  vl=0.1856
Step: 6647808 SPS: 584  ev=0.301  ent=0.608  grad=0.76/0.50  h=5.7 c=24.2  kl=0.0093  vl=0.2381
Step: 6651904 SPS: 584  ev=0.278  ent=0.587  grad=0.69/0.50  h=5.8 c=24.5  kl=0.0112  vl=0.2225
Step: 6656000 SPS: 584  ev=0.295  ent=0.602  grad=1.08/0.50  h=5.8 c=25.0  kl=0.0130  vl=0.2603
Step: 6660096 SPS: 584  ev=0.351  ent=0.552  grad=0.74/0.50  h=5.8 c=25.1  kl=0.0123  vl=0.2531
Step: 6664192 SPS: 584  ev=0.341  ent=0.587  grad=0.89/0.50  h=5.7 c=23.7  kl=0.0111  vl=0.2460
Step: 6668288 SPS: 584  ev=0.274  ent=0.574  grad=0.96/0.50  h=5.7 c=24.3  kl=0.0125  vl=0.2669
Step: 6672384 SPS: 585  ev=0.398  ent=0.642  grad=0.80/0.50  h=5.8 c=24.6  kl=0.0084  vl=0.2243
Step: 6676480 SPS: 585  ev=0.304  ent=0.592  grad=1.21/0.50  h=5.8 c=24.3  kl=0.0127  vl=0.2473
Step: 6680576 SPS: 585  ev=0.316  ent=0.610  grad=0.76/0.50  h=5.7 c=23.3  kl=0.0130  vl=0.2631
Step: 6684672 SPS: 585  ev=0.352  ent=0.594  grad=0.96/0.50  h=5.8 c=24.1  kl=0.0099  vl=0.2241
Step: 6688768 SPS: 585  ev=0.306  ent=0.600  grad=0.85/0.50  h=5.7 c=24.5  kl=0.0110  vl=0.2546
Step: 6692864 SPS: 585  ev=0.257  ent=0.575  grad=1.24/0.50  h=5.7 c=23.2  kl=0.0102  vl=0.2492
Step: 6696960 SPS: 585  ev=0.349  ent=0.601  grad=0.95/0.50  h=5.9 c=24.9  kl=0.0111  vl=0.2531
Step: 6701056 SPS: 585  ev=0.353  ent=0.579  grad=0.58/0.50  h=5.7 c=23.6  kl=0.0125  vl=0.2273
Step: 6705152 SPS: 585  ev=0.265  ent=0.576  grad=0.95/0.50  h=5.8 c=23.9  kl=0.0100  vl=0.2731
Step: 6709248 SPS: 585  ev=0.311  ent=0.583  grad=0.74/0.50  h=5.8 c=24.2  kl=0.0135  vl=0.2470
Step: 6713344 SPS: 585  ev=0.345  ent=0.548  grad=0.72/0.50  h=5.8 c=23.2  kl=0.0101  vl=0.2238
  vs Random: 100W/0L/0D | score=59.9±33.3 inv=2.5 played=20.9 lanes=4.8 ddraw=4.1 pts=60
  Self-play: 47W/51L/4D | score=19.2±26.6 inv=2.3 played=17.0 lanes=4.5 ddraw=1.0 pts=19
Step: 6717440 SPS: 584  ev=0.316  ent=0.599  grad=1.00/0.50  h=5.8 c=23.8  kl=0.0140  vl=0.2449
Step: 6721536 SPS: 584  ev=0.281  ent=0.567  grad=0.84/0.50  h=5.7 c=23.1  kl=0.0136  vl=0.3009
Step: 6725632 SPS: 585  ev=0.381  ent=0.623  grad=0.74/0.50  h=5.8 c=23.6  kl=0.0101  vl=0.2494
Step: 6729728 SPS: 585  ev=0.301  ent=0.579  grad=0.78/0.50  h=5.8 c=24.0  kl=0.0103  vl=0.2924
Step: 6733824 SPS: 585  ev=0.284  ent=0.575  grad=1.36/0.50  h=5.7 c=23.2  kl=0.0105  vl=0.3028
Step: 6737920 SPS: 585  ev=0.373  ent=0.615  grad=0.79/0.50  h=5.7 c=23.5  kl=0.0094  vl=0.2353
Step: 6742016 SPS: 585  ev=0.294  ent=0.585  grad=0.88/0.50  h=5.7 c=23.1  kl=0.0136  vl=0.2715
Step: 6746112 SPS: 585  ev=0.284  ent=0.573  grad=0.96/0.50  h=5.7 c=23.3  kl=0.0108  vl=0.3021
Step: 6750208 SPS: 585  ev=0.338  ent=0.538  grad=0.92/0.50  h=5.8 c=23.6  kl=0.0081  vl=0.2364
Step: 6754304 SPS: 585  ev=0.336  ent=0.594  grad=0.83/0.50  h=5.7 c=22.8  kl=0.0108  vl=0.2455
Step: 6758400 SPS: 585  ev=0.328  ent=0.570  grad=0.94/0.50  h=5.8 c=24.1  kl=0.0105  vl=0.2042
Step: 6762496 SPS: 585  ev=0.294  ent=0.589  grad=1.10/0.50  h=5.7 c=23.2  kl=0.0139  vl=0.3054
Step: 6766592 SPS: 585  ev=0.336  ent=0.589  grad=0.90/0.50  h=5.7 c=23.4  kl=0.0098  vl=0.2224
Step: 6770688 SPS: 585  ev=0.287  ent=0.585  grad=0.81/0.50  h=5.7 c=23.8  kl=0.0154  vl=0.2610
Step: 6774784 SPS: 585  ev=0.306  ent=0.579  grad=1.15/0.50  h=5.7 c=23.4  kl=0.0098  vl=0.2637
Step: 6778880 SPS: 585  ev=0.287  ent=0.616  grad=0.86/0.50  h=5.7 c=23.7  kl=0.0132  vl=0.2527
Step: 6782976 SPS: 585  ev=0.341  ent=0.646  grad=0.81/0.50  h=5.7 c=23.1  kl=0.0132  vl=0.2413
Step: 6787072 SPS: 585  ev=0.289  ent=0.589  grad=0.78/0.50  h=5.7 c=22.8  kl=0.0112  vl=0.2612
Step: 6791168 SPS: 585  ev=0.304  ent=0.612  grad=0.65/0.50  h=5.8 c=24.3  kl=0.0169  vl=0.2468
Step: 6795264 SPS: 585  ev=0.386  ent=0.596  grad=0.83/0.50  h=5.6 c=22.4  kl=0.0129  vl=0.2051
  vs Random: 100W/0L/0D | score=66.1±32.2 inv=2.8 played=20.9 lanes=4.7 ddraw=4.8 pts=66
  Self-play: 54W/49L/1D | score=18.4±25.5 inv=2.5 played=17.3 lanes=4.5 ddraw=1.1 pts=18
Step: 6799360 SPS: 585  ev=0.314  ent=0.627  grad=0.85/0.50  h=5.6 c=22.7  kl=0.0149  vl=0.3106
Step: 6803456 SPS: 585  ev=0.316  ent=0.589  grad=0.67/0.50  h=5.7 c=24.1  kl=0.0099  vl=0.2697
Step: 6807552 SPS: 585  ev=0.317  ent=0.591  grad=0.73/0.50  h=5.7 c=23.3  kl=0.0129  vl=0.2391
Step: 6811648 SPS: 585  ev=0.405  ent=0.590  grad=0.82/0.50  h=5.7 c=23.3  kl=0.0126  vl=0.2574
Step: 6815744 SPS: 585  ev=0.319  ent=0.582  grad=0.85/0.50  h=5.8 c=24.1  kl=0.0132  vl=0.2253
Step: 6819840 SPS: 585  ev=0.295  ent=0.600  grad=1.06/0.50  h=5.7 c=23.5  kl=0.0108  vl=0.2911
Step: 6823936 SPS: 585  ev=0.319  ent=0.580  grad=0.65/0.50  h=5.7 c=23.6  kl=0.0121  vl=0.2525
Step: 6828032 SPS: 585  ev=0.282  ent=0.589  grad=0.79/0.50  h=5.7 c=23.7  kl=0.0158  vl=0.2683
Step: 6832128 SPS: 585  ev=0.302  ent=0.626  grad=1.05/0.50  h=5.7 c=23.7  kl=0.0125  vl=0.2698
Step: 6836224 SPS: 585  ev=0.307  ent=0.595  grad=0.94/0.50  h=5.7 c=23.0  kl=0.0107  vl=0.2493
Step: 6840320 SPS: 585  ev=0.273  ent=0.601  grad=0.69/0.50  h=5.7 c=23.3  kl=0.0151  vl=0.2805
Step: 6844416 SPS: 585  ev=0.234  ent=0.595  grad=0.96/0.50  h=5.7 c=23.4  kl=0.0138  vl=0.2613
Step: 6848512 SPS: 585  ev=0.294  ent=0.593  grad=1.02/0.50  h=5.7 c=22.9  kl=0.0130  vl=0.2854
Step: 6852608 SPS: 585  ev=0.326  ent=0.609  grad=0.81/0.50  h=5.7 c=23.4  kl=0.0106  vl=0.2659
Step: 6856704 SPS: 585  ev=0.270  ent=0.622  grad=1.07/0.50  h=5.7 c=22.8  kl=0.0111  vl=0.3063
Step: 6860800 SPS: 585  ev=0.347  ent=0.582  grad=0.78/0.50  h=5.7 c=22.6  kl=0.0125  vl=0.2513
Step: 6864896 SPS: 585  ev=0.322  ent=0.623  grad=0.93/0.50  h=5.8 c=23.3  kl=0.0104  vl=0.2616
Step: 6868992 SPS: 585  ev=0.338  ent=0.573  grad=0.83/0.50  h=5.7 c=22.4  kl=0.0117  vl=0.2505
Step: 6873088 SPS: 585  ev=0.219  ent=0.590  grad=0.71/0.50  h=5.7 c=22.7  kl=0.0137  vl=0.3146
Step: 6877184 SPS: 585  ev=0.287  ent=0.602  grad=0.78/0.50  h=5.7 c=22.6  kl=0.0111  vl=0.2562
  vs Random: 100W/0L/0D | score=61.4±29.9 inv=2.5 played=20.9 lanes=4.8 ddraw=4.2 pts=61
  Self-play: 48W/53L/1D | score=13.3±28.1 inv=2.4 played=17.2 lanes=4.6 ddraw=1.0 pts=13
Step: 6881280 SPS: 585  ev=0.320  ent=0.589  grad=0.91/0.50  h=5.7 c=22.4  kl=0.0128  vl=0.2472
Step: 6885376 SPS: 585  ev=0.249  ent=0.592  grad=1.33/0.50  h=5.7 c=22.4  kl=0.0104  vl=0.3098
Step: 6889472 SPS: 585  ev=0.278  ent=0.627  grad=1.42/0.50  h=5.7 c=23.2  kl=0.0127  vl=0.2738
Step: 6893568 SPS: 585  ev=0.344  ent=0.640  grad=0.91/0.50  h=5.6 c=21.8  kl=0.0102  vl=0.2065
Step: 6897664 SPS: 585  ev=0.415  ent=0.606  grad=0.65/0.50  h=5.7 c=22.9  kl=0.0130  vl=0.1903
Step: 6901760 SPS: 585  ev=0.324  ent=0.600  grad=1.16/0.50  h=5.7 c=22.1  kl=0.0112  vl=0.2377
Step: 6905856 SPS: 585  ev=0.348  ent=0.608  grad=0.90/0.50  h=5.7 c=21.9  kl=0.0124  vl=0.2436
Step: 6909952 SPS: 585  ev=0.365  ent=0.609  grad=0.82/0.50  h=5.8 c=22.9  kl=0.0129  vl=0.2156
Step: 6914048 SPS: 585  ev=0.286  ent=0.622  grad=1.93/0.50  h=5.7 c=22.7  kl=0.0107  vl=0.3067
Step: 6918144 SPS: 585  ev=0.335  ent=0.618  grad=0.91/0.50  h=5.7 c=22.4  kl=0.0112  vl=0.2013
Step: 6922240 SPS: 585  ev=0.290  ent=0.602  grad=1.07/0.50  h=5.6 c=21.8  kl=0.0101  vl=0.2438
Step: 6926336 SPS: 585  ev=0.335  ent=0.615  grad=0.85/0.50  h=5.8 c=22.7  kl=0.0157  vl=0.2551
Step: 6930432 SPS: 585  ev=0.322  ent=0.595  grad=0.72/0.50  h=5.7 c=22.4  kl=0.0131  vl=0.2523
Step: 6934528 SPS: 585  ev=0.372  ent=0.600  grad=1.00/0.50  h=5.7 c=21.8  kl=0.0151  vl=0.2275
Step: 6938624 SPS: 585  ev=0.300  ent=0.606  grad=1.34/0.50  h=5.8 c=23.0  kl=0.0143  vl=0.2348
Step: 6942720 SPS: 585  ev=0.275  ent=0.590  grad=0.86/0.50  h=5.6 c=22.5  kl=0.0142  vl=0.2487
Step: 6946816 SPS: 586  ev=0.286  ent=0.575  grad=0.80/0.50  h=5.7 c=22.9  kl=0.0099  vl=0.2468
Step: 6950912 SPS: 586  ev=0.305  ent=0.610  grad=0.83/0.50  h=5.7 c=22.8  kl=0.0120  vl=0.2988
Step: 6955008 SPS: 586  ev=0.333  ent=0.609  grad=0.78/0.50  h=5.6 c=23.0  kl=0.0122  vl=0.2452
Step: 6959104 SPS: 586  ev=0.291  ent=0.594  grad=2.13/0.50  h=5.7 c=23.2  kl=0.0102  vl=0.2935
  vs Random: 100W/0L/0D | score=69.9±30.4 inv=2.8 played=21.1 lanes=4.7 ddraw=4.1 pts=70
  Self-play: 51W/47L/2D | score=19.1±28.3 inv=2.7 played=17.3 lanes=4.6 ddraw=1.5 pts=19
Step: 6963200 SPS: 585  ev=0.269  ent=0.580  grad=0.92/0.50  h=5.7 c=23.6  kl=0.0118  vl=0.2580
Step: 6967296 SPS: 585  ev=0.305  ent=0.581  grad=0.66/0.50  h=5.7 c=22.7  kl=0.0122  vl=0.2435
Step: 6971392 SPS: 585  ev=0.328  ent=0.555  grad=1.29/0.50  h=5.6 c=23.1  kl=0.0143  vl=0.2572
Step: 6975488 SPS: 585  ev=0.352  ent=0.607  grad=0.80/0.50  h=5.7 c=24.0  kl=0.0101  vl=0.2243
Step: 6979584 SPS: 585  ev=0.349  ent=0.572  grad=0.73/0.50  h=5.6 c=23.2  kl=0.0127  vl=0.2133
Step: 6983680 SPS: 585  ev=0.317  ent=0.612  grad=0.84/0.50  h=5.6 c=23.0  kl=0.0145  vl=0.2672
Step: 6987776 SPS: 585  ev=0.252  ent=0.567  grad=0.88/0.50  h=5.7 c=24.5  kl=0.0130  vl=0.2765
Step: 6991872 SPS: 585  ev=0.350  ent=0.585  grad=0.66/0.50  h=5.7 c=23.8  kl=0.0108  vl=0.2697
Step: 6995968 SPS: 585  ev=0.273  ent=0.613  grad=0.91/0.50  h=5.6 c=23.8  kl=0.0113  vl=0.2331
Step: 7000064 SPS: 585  ev=0.352  ent=0.590  grad=1.15/0.50  h=5.6 c=23.5  kl=0.0100  vl=0.2289
Step: 7004160 SPS: 586  ev=0.352  ent=0.592  grad=0.96/0.50  h=5.6 c=23.3  kl=0.0162  vl=0.2183
Step: 7008256 SPS: 586  ev=0.308  ent=0.602  grad=0.82/0.50  h=5.7 c=25.2  kl=0.0106  vl=0.2798
Step: 7012352 SPS: 586  ev=0.234  ent=0.560  grad=1.47/0.50  h=5.6 c=23.7  kl=0.0133  vl=0.3029
Step: 7016448 SPS: 586  ev=0.285  ent=0.552  grad=1.52/0.50  h=5.7 c=24.3  kl=0.0114  vl=0.2664
Step: 7020544 SPS: 586  ev=0.300  ent=0.630  grad=0.85/0.50  h=5.7 c=24.3  kl=0.0133  vl=0.2634
Step: 7024640 SPS: 586  ev=0.304  ent=0.609  grad=0.58/0.50  h=5.7 c=23.6  kl=0.0115  vl=0.2597
Step: 7028736 SPS: 586  ev=0.329  ent=0.597  grad=1.59/0.50  h=5.6 c=24.2  kl=0.0139  vl=0.2208
Step: 7032832 SPS: 586  ev=0.352  ent=0.607  grad=0.93/0.50  h=5.8 c=24.2  kl=0.0155  vl=0.2394
Step: 7036928 SPS: 586  ev=0.288  ent=0.598  grad=1.01/0.50  h=5.6 c=23.0  kl=0.0111  vl=0.2444
Step: 7041024 SPS: 586  ev=0.278  ent=0.601  grad=0.80/0.50  h=5.7 c=23.9  kl=0.0128  vl=0.2621
  vs Random: 102W/0L/0D | score=65.8±29.2 inv=2.7 played=21.3 lanes=4.8 ddraw=3.8 pts=66
  Self-play: 60W/39L/1D | score=18.1±24.3 inv=2.5 played=17.2 lanes=4.5 ddraw=1.4 pts=18
Step: 7045120 SPS: 585  ev=0.291  ent=0.622  grad=1.16/0.50  h=5.7 c=23.3  kl=0.0160  vl=0.2687
Step: 7049216 SPS: 585  ev=0.355  ent=0.615  grad=0.87/0.50  h=5.7 c=24.1  kl=0.0113  vl=0.2343
Step: 7053312 SPS: 585  ev=0.299  ent=0.607  grad=1.04/0.50  h=5.7 c=24.8  kl=0.0102  vl=0.2973
Step: 7057408 SPS: 585  ev=0.294  ent=0.610  grad=0.96/0.50  h=5.7 c=24.0  kl=0.0157  vl=0.2637
Step: 7061504 SPS: 585  ev=0.297  ent=0.618  grad=0.78/0.50  h=5.7 c=24.9  kl=0.0110  vl=0.2471
Step: 7065600 SPS: 586  ev=0.371  ent=0.610  grad=1.10/0.50  h=5.7 c=24.8  kl=0.0154  vl=0.2477
Step: 7069696 SPS: 586  ev=0.314  ent=0.594  grad=1.00/0.50  h=5.6 c=23.2  kl=0.0149  vl=0.2470
Step: 7073792 SPS: 586  ev=0.281  ent=0.620  grad=1.01/0.50  h=5.7 c=25.1  kl=0.0107  vl=0.2510
Step: 7077888 SPS: 586  ev=0.301  ent=0.590  grad=1.11/0.50  h=5.7 c=24.5  kl=0.0140  vl=0.3241
Step: 7081984 SPS: 586  ev=0.208  ent=0.592  grad=1.30/0.50  h=5.6 c=24.2  kl=0.0142  vl=0.2696
Step: 7086080 SPS: 586  ev=0.287  ent=0.610  grad=0.86/0.50  h=5.7 c=24.9  kl=0.0131  vl=0.2319
Step: 7090176 SPS: 586  ev=0.314  ent=0.626  grad=0.93/0.50  h=5.7 c=23.8  kl=0.0115  vl=0.3029
Step: 7094272 SPS: 586  ev=0.296  ent=0.590  grad=0.66/0.50  h=5.7 c=24.9  kl=0.0155  vl=0.2792
Step: 7098368 SPS: 586  ev=0.284  ent=0.589  grad=1.36/0.50  h=5.6 c=23.9  kl=0.0121  vl=0.2571
Step: 7102464 SPS: 586  ev=0.288  ent=0.591  grad=1.04/0.50  h=5.7 c=24.1  kl=0.0158  vl=0.2658
Step: 7106560 SPS: 586  ev=0.269  ent=0.577  grad=1.46/0.50  h=5.7 c=24.8  kl=0.0174  vl=0.2443
Step: 7110656 SPS: 586  ev=0.297  ent=0.602  grad=0.98/0.50  h=5.6 c=23.2  kl=0.0145  vl=0.2605
Step: 7114752 SPS: 586  ev=0.258  ent=0.581  grad=1.49/0.50  h=5.7 c=23.8  kl=0.0106  vl=0.2688
Step: 7118848 SPS: 586  ev=0.329  ent=0.578  grad=1.64/0.50  h=5.7 c=24.2  kl=0.0118  vl=0.2628
Step: 7122944 SPS: 586  ev=0.373  ent=0.570  grad=0.96/0.50  h=5.6 c=23.8  kl=0.0129  vl=0.2248
  vs Random: 101W/0L/0D | score=61.6±31.6 inv=2.7 played=20.9 lanes=4.7 ddraw=4.1 pts=62
  Self-play: 49W/53L/0D | score=17.0±23.3 inv=2.2 played=17.2 lanes=4.5 ddraw=1.3 pts=17
Step: 7127040 SPS: 586  ev=0.306  ent=0.590  grad=1.29/0.50  h=5.8 c=24.9  kl=0.0116  vl=0.2811
Step: 7131136 SPS: 586  ev=0.325  ent=0.604  grad=0.87/0.50  h=5.7 c=24.1  kl=0.0102  vl=0.2395
Step: 7135232 SPS: 586  ev=0.345  ent=0.540  grad=1.63/0.50  h=5.6 c=24.0  kl=0.0116  vl=0.2697
Step: 7139328 SPS: 586  ev=0.237  ent=0.592  grad=1.13/0.50  h=5.8 c=25.0  kl=0.0132  vl=0.2383
Step: 7143424 SPS: 586  ev=0.306  ent=0.574  grad=0.92/0.50  h=5.7 c=22.9  kl=0.0094  vl=0.2609
Step: 7147520 SPS: 586  ev=0.300  ent=0.578  grad=0.76/0.50  h=5.7 c=24.5  kl=0.0106  vl=0.2441
Step: 7151616 SPS: 586  ev=0.307  ent=0.615  grad=1.06/0.50  h=5.7 c=23.7  kl=0.0100  vl=0.2259
Step: 7155712 SPS: 586  ev=0.274  ent=0.603  grad=1.05/0.50  h=5.7 c=22.9  kl=0.0123  vl=0.2484
Step: 7159808 SPS: 586  ev=0.346  ent=0.591  grad=0.85/0.50  h=5.7 c=24.4  kl=0.0135  vl=0.2279
Step: 7163904 SPS: 586  ev=0.296  ent=0.611  grad=1.18/0.50  h=5.7 c=23.4  kl=0.0098  vl=0.2413
Step: 7168000 SPS: 586  ev=0.368  ent=0.611  grad=0.73/0.50  h=5.6 c=22.9  kl=0.0140  vl=0.2247
Step: 7172096 SPS: 586  ev=0.309  ent=0.563  grad=0.89/0.50  h=5.7 c=23.6  kl=0.0116  vl=0.2899
Step: 7176192 SPS: 586  ev=0.284  ent=0.605  grad=1.39/0.50  h=5.7 c=23.7  kl=0.0142  vl=0.3649
Step: 7180288 SPS: 586  ev=0.349  ent=0.581  grad=0.81/0.50  h=5.6 c=23.2  kl=0.0132  vl=0.2623
Step: 7184384 SPS: 586  ev=0.317  ent=0.562  grad=1.00/0.50  h=5.7 c=24.0  kl=0.0100  vl=0.2600
Step: 7188480 SPS: 586  ev=0.358  ent=0.598  grad=0.83/0.50  h=5.7 c=23.3  kl=0.0092  vl=0.1828
Step: 7192576 SPS: 586  ev=0.324  ent=0.564  grad=0.92/0.50  h=5.7 c=23.1  kl=0.0110  vl=0.2701
Step: 7196672 SPS: 586  ev=0.336  ent=0.587  grad=1.10/0.50  h=5.6 c=23.0  kl=0.0126  vl=0.2322
Step: 7200768 SPS: 586  ev=0.381  ent=0.580  grad=0.91/0.50  h=5.8 c=23.8  kl=0.0115  vl=0.2410
Step: 7204864 SPS: 586  ev=0.246  ent=0.570  grad=1.24/0.50  h=5.8 c=23.7  kl=0.0121  vl=0.3001
  vs Random: 101W/0L/0D | score=56.7±25.6 inv=2.2 played=20.4 lanes=4.7 ddraw=3.9 pts=57
  Self-play: 65W/42L/0D | score=20.5±23.0 inv=2.0 played=16.9 lanes=4.4 ddraw=1.1 pts=21
Step: 7208960 SPS: 586  ev=0.318  ent=0.613  grad=1.06/0.50  h=5.7 c=23.6  kl=0.0116  vl=0.2681
Step: 7213056 SPS: 586  ev=0.265  ent=0.588  grad=0.76/0.50  h=5.7 c=23.1  kl=0.0122  vl=0.2393
Step: 7217152 SPS: 586  ev=0.244  ent=0.591  grad=1.52/0.50  h=5.7 c=23.2  kl=0.0137  vl=0.2371
Step: 7221248 SPS: 586  ev=0.273  ent=0.613  grad=1.24/0.50  h=5.7 c=23.9  kl=0.0118  vl=0.2689
Step: 7225344 SPS: 586  ev=0.332  ent=0.619  grad=0.90/0.50  h=5.8 c=23.6  kl=0.0128  vl=0.2731
Step: 7229440 SPS: 586  ev=0.297  ent=0.586  grad=1.35/0.50  h=5.7 c=22.9  kl=0.0143  vl=0.3050
Step: 7233536 SPS: 586  ev=0.296  ent=0.630  grad=1.65/0.50  h=5.7 c=23.3  kl=0.0138  vl=0.2415
Step: 7237632 SPS: 586  ev=0.319  ent=0.605  grad=1.04/0.50  h=5.8 c=23.6  kl=0.0144  vl=0.2220
Step: 7241728 SPS: 586  ev=0.285  ent=0.624  grad=0.69/0.50  h=5.7 c=23.1  kl=0.0132  vl=0.2563
Step: 7245824 SPS: 586  ev=0.267  ent=0.606  grad=0.88/0.50  h=5.7 c=23.3  kl=0.0103  vl=0.3502
Step: 7249920 SPS: 586  ev=0.277  ent=0.587  grad=1.53/0.50  h=5.7 c=23.2  kl=0.0108  vl=0.2725
Step: 7254016 SPS: 586  ev=0.291  ent=0.611  grad=1.00/0.50  h=5.7 c=23.3  kl=0.0133  vl=0.3361
Step: 7258112 SPS: 586  ev=0.327  ent=0.575  grad=1.00/0.50  h=5.8 c=23.4  kl=0.0121  vl=0.2511
Step: 7262208 SPS: 586  ev=0.325  ent=0.601  grad=0.81/0.50  h=5.7 c=23.0  kl=0.0133  vl=0.3007
Step: 7266304 SPS: 586  ev=0.254  ent=0.618  grad=1.12/0.50  h=5.7 c=22.8  kl=0.0111  vl=0.2680
Step: 7270400 SPS: 586  ev=0.314  ent=0.654  grad=1.24/0.50  h=5.7 c=22.8  kl=0.0123  vl=0.2765
Step: 7274496 SPS: 586  ev=0.327  ent=0.618  grad=0.64/0.50  h=5.7 c=22.8  kl=0.0153  vl=0.2579
Step: 7278592 SPS: 586  ev=0.268  ent=0.605  grad=0.91/0.50  h=5.7 c=23.6  kl=0.0117  vl=0.3024
Step: 7282688 SPS: 586  ev=0.351  ent=0.586  grad=1.76/0.50  h=5.7 c=22.7  kl=0.0103  vl=0.2920
Step: 7286784 SPS: 586  ev=0.274  ent=0.592  grad=0.78/0.50  h=5.8 c=24.2  kl=0.0129  vl=0.2132
  vs Random: 102W/0L/0D | score=66.4±32.3 inv=2.5 played=20.6 lanes=4.6 ddraw=4.0 pts=66
  Self-play: 47W/53L/1D | score=15.4±22.3 inv=2.3 played=16.9 lanes=4.5 ddraw=1.2 pts=15
Step: 7290880 SPS: 586  ev=0.318  ent=0.602  grad=1.05/0.50  h=5.6 c=23.0  kl=0.0102  vl=0.2821
Step: 7294976 SPS: 586  ev=0.314  ent=0.614  grad=0.99/0.50  h=5.7 c=23.5  kl=0.0114  vl=0.2321
Step: 7299072 SPS: 586  ev=0.267  ent=0.646  grad=1.75/0.50  h=5.8 c=24.2  kl=0.0157  vl=0.2567
Step: 7303168 SPS: 586  ev=0.408  ent=0.636  grad=0.67/0.50  h=5.8 c=23.6  kl=0.0139  vl=0.2530
Step: 7307264 SPS: 586  ev=0.262  ent=0.608  grad=0.92/0.50  h=5.7 c=23.8  kl=0.0108  vl=0.3194
Step: 7311360 SPS: 586  ev=0.311  ent=0.590  grad=0.86/0.50  h=5.8 c=24.7  kl=0.0108  vl=0.1804
Step: 7315456 SPS: 586  ev=0.358  ent=0.616  grad=1.04/0.50  h=5.8 c=23.6  kl=0.0103  vl=0.2618
Step: 7319552 SPS: 586  ev=0.321  ent=0.581  grad=0.84/0.50  h=5.8 c=23.9  kl=0.0126  vl=0.2686
Step: 7323648 SPS: 586  ev=0.318  ent=0.631  grad=1.10/0.50  h=5.7 c=23.5  kl=0.0152  vl=0.2735
Step: 7327744 SPS: 586  ev=0.312  ent=0.606  grad=1.05/0.50  h=5.7 c=23.6  kl=0.0124  vl=0.2379
Step: 7331840 SPS: 586  ev=0.202  ent=0.594  grad=1.01/0.50  h=5.8 c=24.6  kl=0.0136  vl=0.2983
Step: 7335936 SPS: 586  ev=0.292  ent=0.618  grad=1.03/0.50  h=5.8 c=23.3  kl=0.0144  vl=0.2210
Step: 7340032 SPS: 586  ev=0.316  ent=0.612  grad=1.28/0.50  h=5.7 c=24.0  kl=0.0119  vl=0.2469
Step: 7344128 SPS: 586  ev=0.279  ent=0.616  grad=0.76/0.50  h=5.7 c=23.8  kl=0.0126  vl=0.2278
Step: 7348224 SPS: 586  ev=0.347  ent=0.612  grad=0.80/0.50  h=5.8 c=24.6  kl=0.0138  vl=0.2443
Step: 7352320 SPS: 586  ev=0.320  ent=0.618  grad=0.87/0.50  h=5.8 c=24.8  kl=0.0133  vl=0.2443
Step: 7356416 SPS: 587  ev=0.263  ent=0.607  grad=1.10/0.50  h=5.7 c=24.2  kl=0.0142  vl=0.2493
Step: 7360512 SPS: 587  ev=0.313  ent=0.643  grad=1.43/0.50  h=5.7 c=24.3  kl=0.0140  vl=0.2605
Step: 7364608 SPS: 587  ev=0.238  ent=0.602  grad=0.86/0.50  h=5.8 c=25.0  kl=0.0102  vl=0.2791
Step: 7368704 SPS: 587  ev=0.312  ent=0.564  grad=0.86/0.50  h=5.8 c=24.4  kl=0.0130  vl=0.2577
  vs Random: 100W/0L/0D | score=61.4±30.9 inv=2.6 played=20.7 lanes=4.8 ddraw=3.6 pts=61
  Self-play: 59W/39L/2D | score=21.4±26.8 inv=2.3 played=17.7 lanes=4.6 ddraw=1.0 pts=21
Step: 7372800 SPS: 586  ev=0.343  ent=0.590  grad=0.99/0.50  h=5.7 c=24.2  kl=0.0136  vl=0.2620
Step: 7376896 SPS: 586  ev=0.284  ent=0.605  grad=0.68/0.50  h=5.7 c=23.3  kl=0.0153  vl=0.3120
Step: 7380992 SPS: 586  ev=0.316  ent=0.600  grad=1.26/0.50  h=5.7 c=24.1  kl=0.0094  vl=0.2373
Step: 7385088 SPS: 586  ev=0.299  ent=0.598  grad=0.78/0.50  h=5.7 c=24.0  kl=0.0112  vl=0.2822
Step: 7389184 SPS: 586  ev=0.347  ent=0.567  grad=1.46/0.50  h=5.7 c=23.9  kl=0.0129  vl=0.2240
Step: 7393280 SPS: 586  ev=0.370  ent=0.634  grad=1.48/0.50  h=5.7 c=24.0  kl=0.0091  vl=0.2804
Step: 7397376 SPS: 586  ev=0.320  ent=0.644  grad=1.20/0.50  h=5.7 c=24.3  kl=0.0104  vl=0.2825
Step: 7401472 SPS: 586  ev=0.298  ent=0.577  grad=0.94/0.50  h=5.7 c=24.5  kl=0.0121  vl=0.3245
Step: 7405568 SPS: 586  ev=0.260  ent=0.583  grad=0.67/0.50  h=5.7 c=23.8  kl=0.0128  vl=0.2589
Step: 7409664 SPS: 586  ev=0.299  ent=0.606  grad=1.36/0.50  h=5.7 c=23.9  kl=0.0133  vl=0.2723
Step: 7413760 SPS: 586  ev=0.370  ent=0.579  grad=0.80/0.50  h=5.8 c=24.5  kl=0.0099  vl=0.1932
Step: 7417856 SPS: 586  ev=0.337  ent=0.602  grad=0.83/0.50  h=5.7 c=24.3  kl=0.0130  vl=0.2222
Step: 7421952 SPS: 587  ev=0.302  ent=0.578  grad=0.70/0.50  h=5.7 c=24.4  kl=0.0102  vl=0.2437
Step: 7426048 SPS: 587  ev=0.283  ent=0.587  grad=0.82/0.50  h=5.8 c=24.4  kl=0.0115  vl=0.2475
Step: 7430144 SPS: 587  ev=0.283  ent=0.630  grad=1.10/0.50  h=5.7 c=24.8  kl=0.0109  vl=0.2749
Step: 7434240 SPS: 587  ev=0.326  ent=0.571  grad=0.98/0.50  h=5.7 c=24.3  kl=0.0128  vl=0.2496
Step: 7438336 SPS: 587  ev=0.281  ent=0.598  grad=0.84/0.50  h=5.8 c=24.7  kl=0.0114  vl=0.2682
Step: 7442432 SPS: 587  ev=0.287  ent=0.619  grad=0.89/0.50  h=5.7 c=24.6  kl=0.0150  vl=0.2387
Step: 7446528 SPS: 587  ev=0.358  ent=0.592  grad=0.98/0.50  h=5.7 c=23.7  kl=0.0104  vl=0.2650
Step: 7450624 SPS: 587  ev=0.255  ent=0.587  grad=1.00/0.50  h=5.8 c=24.8  kl=0.0100  vl=0.2554
  vs Random: 100W/0L/0D | score=60.9±27.0 inv=2.7 played=21.5 lanes=4.8 ddraw=4.0 pts=61
  Self-play: 60W/45L/1D | score=18.2±24.3 inv=2.3 played=17.3 lanes=4.7 ddraw=0.8 pts=18
Step: 7454720 SPS: 586  ev=0.358  ent=0.621  grad=0.63/0.50  h=5.6 c=23.5  kl=0.0136  vl=0.2753
Step: 7458816 SPS: 586  ev=0.348  ent=0.590  grad=0.86/0.50  h=5.8 c=24.3  kl=0.0145  vl=0.2563
Step: 7462912 SPS: 586  ev=0.328  ent=0.612  grad=0.81/0.50  h=5.8 c=24.6  kl=0.0099  vl=0.2363
Step: 7467008 SPS: 586  ev=0.357  ent=0.575  grad=0.73/0.50  h=5.7 c=23.8  kl=0.0152  vl=0.2973
Step: 7471104 SPS: 586  ev=0.239  ent=0.585  grad=0.92/0.50  h=5.7 c=23.8  kl=0.0126  vl=0.2809
Step: 7475200 SPS: 586  ev=0.327  ent=0.604  grad=0.80/0.50  h=5.7 c=24.2  kl=0.0110  vl=0.2636
Step: 7479296 SPS: 586  ev=0.339  ent=0.599  grad=0.90/0.50  h=5.7 c=23.4  kl=0.0142  vl=0.2179
Step: 7483392 SPS: 587  ev=0.351  ent=0.603  grad=0.97/0.50  h=5.8 c=24.1  kl=0.0145  vl=0.2281
Step: 7487488 SPS: 587  ev=0.344  ent=0.595  grad=1.63/0.50  h=5.7 c=23.3  kl=0.0106  vl=0.2510
Step: 7491584 SPS: 587  ev=0.338  ent=0.607  grad=0.67/0.50  h=5.7 c=23.1  kl=0.0122  vl=0.2723
Step: 7495680 SPS: 587  ev=0.321  ent=0.583  grad=0.78/0.50  h=5.7 c=23.8  kl=0.0102  vl=0.2542
Step: 7499776 SPS: 587  ev=0.194  ent=0.622  grad=0.90/0.50  h=5.8 c=23.8  kl=0.0106  vl=0.2756
Step: 7503872 SPS: 587  ev=0.283  ent=0.577  grad=0.85/0.50  h=5.8 c=24.1  kl=0.0109  vl=0.2496
Step: 7507968 SPS: 587  ev=0.310  ent=0.554  grad=0.83/0.50  h=5.7 c=23.1  kl=0.0104  vl=0.2352
Step: 7512064 SPS: 587  ev=0.318  ent=0.583  grad=1.13/0.50  h=5.7 c=23.3  kl=0.0104  vl=0.2650
Step: 7516160 SPS: 587  ev=0.335  ent=0.592  grad=0.94/0.50  h=5.7 c=23.5  kl=0.0114  vl=0.2135
Step: 7520256 SPS: 587  ev=0.377  ent=0.587  grad=1.65/0.50  h=5.6 c=22.7  kl=0.0110  vl=0.2319
Step: 7524352 SPS: 587  ev=0.247  ent=0.621  grad=0.99/0.50  h=5.8 c=24.2  kl=0.0150  vl=0.2818
Step: 7528448 SPS: 587  ev=0.313  ent=0.597  grad=0.87/0.50  h=5.7 c=22.5  kl=0.0130  vl=0.2112
Step: 7532544 SPS: 587  ev=0.347  ent=0.588  grad=0.84/0.50  h=5.7 c=23.1  kl=0.0101  vl=0.2340
  vs Random: 101W/0L/0D | score=60.8±29.1 inv=2.5 played=21.3 lanes=4.8 ddraw=3.6 pts=61
  Self-play: 44W/55L/1D | score=15.9±25.2 inv=2.3 played=17.3 lanes=4.6 ddraw=1.2 pts=16
Step: 7536640 SPS: 586  ev=0.366  ent=0.565  grad=0.90/0.50  h=5.7 c=23.3  kl=0.0104  vl=0.2614
Step: 7540736 SPS: 586  ev=0.313  ent=0.572  grad=0.99/0.50  h=5.8 c=23.0  kl=0.0148  vl=0.2687
Step: 7544832 SPS: 587  ev=0.248  ent=0.607  grad=1.02/0.50  h=5.8 c=24.0  kl=0.0104  vl=0.3181
Step: 7548928 SPS: 587  ev=0.263  ent=0.597  grad=0.65/0.50  h=5.7 c=22.7  kl=0.0090  vl=0.2370
Step: 7553024 SPS: 587  ev=0.328  ent=0.612  grad=1.13/0.50  h=5.8 c=23.5  kl=0.0152  vl=0.2225
Step: 7557120 SPS: 587  ev=0.307  ent=0.601  grad=0.86/0.50  h=5.7 c=22.4  kl=0.0129  vl=0.2716
Step: 7561216 SPS: 587  ev=0.202  ent=0.617  grad=0.79/0.50  h=5.7 c=22.6  kl=0.0107  vl=0.2749
Step: 7565312 SPS: 587  ev=0.350  ent=0.620  grad=1.65/0.50  h=5.8 c=23.3  kl=0.0132  vl=0.2605
Step: 7569408 SPS: 587  ev=0.354  ent=0.619  grad=1.58/0.50  h=5.7 c=22.3  kl=0.0147  vl=0.2504
Step: 7573504 SPS: 587  ev=0.297  ent=0.591  grad=1.04/0.50  h=5.8 c=23.7  kl=0.0100  vl=0.3253
Step: 7577600 SPS: 587  ev=0.296  ent=0.583  grad=1.11/0.50  h=5.7 c=22.6  kl=0.0101  vl=0.2595
Step: 7581696 SPS: 587  ev=0.259  ent=0.570  grad=0.72/0.50  h=5.8 c=23.4  kl=0.0128  vl=0.2455
Step: 7585792 SPS: 587  ev=0.315  ent=0.598  grad=0.92/0.50  h=5.8 c=24.9  kl=0.0103  vl=0.2450
Step: 7589888 SPS: 587  ev=0.243  ent=0.589  grad=1.51/0.50  h=5.7 c=22.9  kl=0.0090  vl=0.2850
Step: 7593984 SPS: 587  ev=0.367  ent=0.576  grad=0.72/0.50  h=5.7 c=24.1  kl=0.0148  vl=0.2164
Step: 7598080 SPS: 587  ev=0.321  ent=0.590  grad=1.15/0.50  h=5.7 c=23.8  kl=0.0140  vl=0.3260
Step: 7602176 SPS: 587  ev=0.327  ent=0.583  grad=1.88/0.50  h=5.6 c=22.9  kl=0.0117  vl=0.2641
Step: 7606272 SPS: 587  ev=0.363  ent=0.531  grad=0.74/0.50  h=5.8 c=24.9  kl=0.0128  vl=0.2332
Step: 7610368 SPS: 587  ev=0.322  ent=0.586  grad=0.95/0.50  h=5.6 c=22.9  kl=0.0129  vl=0.2599
Step: 7614464 SPS: 587  ev=0.330  ent=0.591  grad=0.92/0.50  h=5.7 c=24.2  kl=0.0117  vl=0.2441
  vs Random: 100W/0L/0D | score=59.5±31.9 inv=2.8 played=21.3 lanes=4.8 ddraw=4.0 pts=59
  Self-play: 43W/58L/0D | score=15.3±28.3 inv=2.2 played=17.1 lanes=4.6 ddraw=0.9 pts=15
Step: 7618560 SPS: 587  ev=0.277  ent=0.605  grad=1.79/0.50  h=5.7 c=24.5  kl=0.0107  vl=0.3090
Step: 7622656 SPS: 587  ev=0.351  ent=0.569  grad=0.81/0.50  h=5.6 c=23.0  kl=0.0114  vl=0.2955
Step: 7626752 SPS: 587  ev=0.340  ent=0.637  grad=0.88/0.50  h=5.7 c=24.6  kl=0.0111  vl=0.2448
Step: 7630848 SPS: 587  ev=0.323  ent=0.565  grad=0.79/0.50  h=5.6 c=23.8  kl=0.0111  vl=0.2151
Step: 7634944 SPS: 587  ev=0.337  ent=0.591  grad=1.25/0.50  h=5.7 c=24.6  kl=0.0107  vl=0.2456
Step: 7639040 SPS: 587  ev=0.385  ent=0.593  grad=1.09/0.50  h=5.7 c=23.9  kl=0.0107  vl=0.2141
Step: 7643136 SPS: 587  ev=0.283  ent=0.561  grad=0.69/0.50  h=5.6 c=23.2  kl=0.0125  vl=0.2608
Step: 7647232 SPS: 587  ev=0.327  ent=0.557  grad=0.98/0.50  h=5.7 c=24.5  kl=0.0092  vl=0.1978
Step: 7651328 SPS: 587  ev=0.299  ent=0.586  grad=0.74/0.50  h=5.6 c=23.8  kl=0.0150  vl=0.2879
Step: 7655424 SPS: 587  ev=0.323  ent=0.569  grad=1.02/0.50  h=5.7 c=24.1  kl=0.0109  vl=0.2068
Step: 7659520 SPS: 587  ev=0.319  ent=0.567  grad=0.98/0.50  h=5.7 c=25.0  kl=0.0088  vl=0.2629
Step: 7663616 SPS: 587  ev=0.270  ent=0.565  grad=1.63/0.50  h=5.7 c=24.1  kl=0.0131  vl=0.2743
Step: 7667712 SPS: 587  ev=0.299  ent=0.546  grad=1.03/0.50  h=5.7 c=24.5  kl=0.0138  vl=0.2487
Step: 7671808 SPS: 587  ev=0.321  ent=0.557  grad=0.73/0.50  h=5.7 c=23.8  kl=0.0144  vl=0.2596
Step: 7675904 SPS: 587  ev=0.341  ent=0.585  grad=0.84/0.50  h=5.7 c=24.6  kl=0.0130  vl=0.2425
Step: 7680000 SPS: 587  ev=0.336  ent=0.583  grad=0.81/0.50  h=5.8 c=24.9  kl=0.0130  vl=0.1915
Step: 7684096 SPS: 587  ev=0.292  ent=0.622  grad=0.79/0.50  h=5.7 c=24.1  kl=0.0106  vl=0.2509
Step: 7688192 SPS: 587  ev=0.344  ent=0.603  grad=1.23/0.50  h=5.7 c=24.7  kl=0.0123  vl=0.2318
Step: 7692288 SPS: 587  ev=0.300  ent=0.575  grad=0.67/0.50  h=5.7 c=24.6  kl=0.0125  vl=0.2406
Step: 7696384 SPS: 587  ev=0.313  ent=0.564  grad=1.01/0.50  h=5.7 c=24.1  kl=0.0150  vl=0.2836
  vs Random: 100W/0L/0D | score=65.5±30.2 inv=2.7 played=21.5 lanes=4.8 ddraw=3.9 pts=65
  Self-play: 66W/34L/1D | score=26.5±26.6 inv=2.4 played=17.5 lanes=4.5 ddraw=0.9 pts=26
Step: 7700480 SPS: 587  ev=0.295  ent=0.554  grad=1.14/0.50  h=5.7 c=24.1  kl=0.0115  vl=0.2643
Step: 7704576 SPS: 587  ev=0.317  ent=0.563  grad=0.68/0.50  h=5.7 c=24.1  kl=0.0123  vl=0.2815
Step: 7708672 SPS: 587  ev=0.299  ent=0.581  grad=0.85/0.50  h=5.8 c=24.3  kl=0.0109  vl=0.2774
Step: 7712768 SPS: 587  ev=0.322  ent=0.561  grad=0.83/0.50  h=5.8 c=25.0  kl=0.0112  vl=0.2540
Step: 7716864 SPS: 587  ev=0.362  ent=0.552  grad=1.60/0.50  h=5.8 c=24.0  kl=0.0105  vl=0.2688
Step: 7720960 SPS: 587  ev=0.337  ent=0.562  grad=0.79/0.50  h=5.8 c=24.4  kl=0.0103  vl=0.2499
Step: 7725056 SPS: 587  ev=0.309  ent=0.575  grad=0.97/0.50  h=5.8 c=24.7  kl=0.0080  vl=0.2501
Step: 7729152 SPS: 587  ev=0.329  ent=0.604  grad=1.10/0.50  h=5.8 c=23.8  kl=0.0119  vl=0.2803
Step: 7733248 SPS: 587  ev=0.370  ent=0.586  grad=0.68/0.50  h=5.9 c=25.0  kl=0.0136  vl=0.2316
Step: 7737344 SPS: 587  ev=0.374  ent=0.576  grad=1.10/0.50  h=5.8 c=23.9  kl=0.0128  vl=0.1928
Step: 7741440 SPS: 587  ev=0.302  ent=0.602  grad=0.77/0.50  h=5.8 c=23.6  kl=0.0139  vl=0.2383
Step: 7745536 SPS: 587  ev=0.324  ent=0.603  grad=1.17/0.50  h=5.8 c=23.9  kl=0.0112  vl=0.2641
Step: 7749632 SPS: 587  ev=0.314  ent=0.547  grad=0.91/0.50  h=5.8 c=24.1  kl=0.0098  vl=0.2629
Step: 7753728 SPS: 587  ev=0.317  ent=0.569  grad=1.01/0.50  h=5.8 c=24.2  kl=0.0126  vl=0.2760
Step: 7757824 SPS: 587  ev=0.324  ent=0.595  grad=1.00/0.50  h=5.8 c=23.9  kl=0.0103  vl=0.2101
Step: 7761920 SPS: 587  ev=0.283  ent=0.514  grad=0.71/0.50  h=5.8 c=24.1  kl=0.0103  vl=0.2622
Step: 7766016 SPS: 587  ev=0.395  ent=0.581  grad=0.89/0.50  h=5.8 c=24.5  kl=0.0113  vl=0.2197
Step: 7770112 SPS: 588  ev=0.309  ent=0.561  grad=1.20/0.50  h=5.8 c=24.4  kl=0.0113  vl=0.2629
Step: 7774208 SPS: 588  ev=0.325  ent=0.590  grad=1.37/0.50  h=5.8 c=24.4  kl=0.0102  vl=0.2444
Step: 7778304 SPS: 588  ev=0.317  ent=0.576  grad=0.85/0.50  h=5.8 c=24.5  kl=0.0091  vl=0.2263
  vs Random: 105W/0L/0D | score=64.3±34.1 inv=2.4 played=20.9 lanes=4.7 ddraw=4.0 pts=64
  Self-play: 49W/50L/1D | score=14.9±24.0 inv=2.3 played=17.3 lanes=4.6 ddraw=1.0 pts=15
Step: 7782400 SPS: 587  ev=0.368  ent=0.570  grad=0.71/0.50  h=5.8 c=23.8  kl=0.0114  vl=0.2557
Step: 7786496 SPS: 587  ev=0.325  ent=0.583  grad=0.82/0.50  h=5.8 c=24.0  kl=0.0143  vl=0.2598
Step: 7790592 SPS: 587  ev=0.321  ent=0.559  grad=1.20/0.50  h=5.9 c=24.9  kl=0.0107  vl=0.2608
Step: 7794688 SPS: 587  ev=0.321  ent=0.550  grad=0.72/0.50  h=5.8 c=24.2  kl=0.0160  vl=0.3259
Step: 7798784 SPS: 587  ev=0.289  ent=0.578  grad=1.56/0.50  h=5.8 c=24.4  kl=0.0136  vl=0.3127
Step: 7802880 SPS: 587  ev=0.294  ent=0.566  grad=0.73/0.50  h=5.8 c=24.4  kl=0.0146  vl=0.2557
Step: 7806976 SPS: 587  ev=0.329  ent=0.573  grad=1.11/0.50  h=5.8 c=24.9  kl=0.0135  vl=0.2324
Step: 7811072 SPS: 587  ev=0.319  ent=0.570  grad=1.21/0.50  h=5.8 c=25.1  kl=0.0124  vl=0.2519
Step: 7815168 SPS: 587  ev=0.313  ent=0.546  grad=0.58/0.50  h=5.9 c=25.7  kl=0.0111  vl=0.2323
Step: 7819264 SPS: 587  ev=0.288  ent=0.575  grad=0.72/0.50  h=5.8 c=25.4  kl=0.0115  vl=0.3071
Step: 7823360 SPS: 587  ev=0.369  ent=0.597  grad=0.67/0.50  h=5.9 c=25.8  kl=0.0132  vl=0.2209
Step: 7827456 SPS: 587  ev=0.294  ent=0.593  grad=0.91/0.50  h=5.9 c=25.8  kl=0.0111  vl=0.2285
Step: 7831552 SPS: 587  ev=0.278  ent=0.569  grad=0.90/0.50  h=5.8 c=25.3  kl=0.0122  vl=0.2314
Step: 7835648 SPS: 587  ev=0.310  ent=0.583  grad=1.13/0.50  h=5.8 c=26.0  kl=0.0129  vl=0.2808
Step: 7839744 SPS: 587  ev=0.328  ent=0.583  grad=0.80/0.50  h=5.9 c=26.7  kl=0.0136  vl=0.3069
Step: 7843840 SPS: 588  ev=0.349  ent=0.561  grad=0.96/0.50  h=5.8 c=25.4  kl=0.0107  vl=0.1595
Step: 7847936 SPS: 588  ev=0.253  ent=0.541  grad=0.85/0.50  h=5.9 c=26.4  kl=0.0117  vl=0.2664
Step: 7852032 SPS: 588  ev=0.337  ent=0.564  grad=1.43/0.50  h=5.7 c=24.5  kl=0.0084  vl=0.2623
Step: 7856128 SPS: 588  ev=0.248  ent=0.571  grad=0.78/0.50  h=5.8 c=26.1  kl=0.0164  vl=0.3083
Step: 7860224 SPS: 588  ev=0.276  ent=0.563  grad=2.25/0.50  h=5.8 c=25.7  kl=0.0139  vl=0.2723
  vs Random: 104W/0L/0D | score=64.4±31.7 inv=2.7 played=21.2 lanes=4.8 ddraw=4.0 pts=64
  Self-play: 56W/49L/0D | score=18.6±23.3 inv=2.6 played=17.4 lanes=4.6 ddraw=1.3 pts=19
Step: 7864320 SPS: 587  ev=0.302  ent=0.532  grad=0.65/0.50  h=5.8 c=25.4  kl=0.0125  vl=0.2707
Step: 7868416 SPS: 587  ev=0.354  ent=0.568  grad=0.69/0.50  h=5.8 c=25.3  kl=0.0108  vl=0.2134
Step: 7872512 SPS: 587  ev=0.285  ent=0.598  grad=1.34/0.50  h=5.8 c=25.6  kl=0.0107  vl=0.2711
Step: 7876608 SPS: 587  ev=0.335  ent=0.581  grad=0.80/0.50  h=5.8 c=26.4  kl=0.0163  vl=0.2926
Step: 7880704 SPS: 587  ev=0.348  ent=0.608  grad=0.96/0.50  h=5.8 c=25.1  kl=0.0143  vl=0.2116
Step: 7884800 SPS: 587  ev=0.340  ent=0.553  grad=0.76/0.50  h=5.8 c=26.0  kl=0.0092  vl=0.2398
Step: 7888896 SPS: 587  ev=0.401  ent=0.608  grad=1.05/0.50  h=5.8 c=26.2  kl=0.0144  vl=0.2282
Step: 7892992 SPS: 587  ev=0.318  ent=0.552  grad=1.19/0.50  h=5.8 c=25.1  kl=0.0094  vl=0.2390
Step: 7897088 SPS: 587  ev=0.343  ent=0.577  grad=1.63/0.50  h=5.8 c=25.8  kl=0.0137  vl=0.3043
Step: 7901184 SPS: 587  ev=0.380  ent=0.596  grad=1.13/0.50  h=5.8 c=26.5  kl=0.0136  vl=0.1921
Step: 7905280 SPS: 588  ev=0.315  ent=0.553  grad=0.90/0.50  h=5.9 c=26.8  kl=0.0110  vl=0.2709
Step: 7909376 SPS: 588  ev=0.368  ent=0.536  grad=0.92/0.50  h=5.9 c=26.3  kl=0.0116  vl=0.2484
Step: 7913472 SPS: 588  ev=0.266  ent=0.571  grad=0.62/0.50  h=5.8 c=26.4  kl=0.0156  vl=0.3152
Step: 7917568 SPS: 588  ev=0.362  ent=0.558  grad=0.91/0.50  h=5.7 c=25.2  kl=0.0120  vl=0.2204
Step: 7921664 SPS: 588  ev=0.267  ent=0.556  grad=1.86/0.50  h=5.7 c=25.8  kl=0.0134  vl=0.2757
Step: 7925760 SPS: 588  ev=0.366  ent=0.569  grad=0.86/0.50  h=5.8 c=26.6  kl=0.0103  vl=0.2483
Step: 7929856 SPS: 588  ev=0.309  ent=0.544  grad=0.75/0.50  h=5.8 c=26.2  kl=0.0115  vl=0.2024
Step: 7933952 SPS: 588  ev=0.269  ent=0.555  grad=0.70/0.50  h=5.8 c=26.0  kl=0.0140  vl=0.2543
Step: 7938048 SPS: 588  ev=0.361  ent=0.571  grad=1.16/0.50  h=5.8 c=26.1  kl=0.0143  vl=0.2531
Step: 7942144 SPS: 588  ev=0.375  ent=0.597  grad=1.19/0.50  h=5.8 c=26.1  kl=0.0136  vl=0.2368
  vs Random: 100W/0L/0D | score=62.0±31.8 inv=2.4 played=20.9 lanes=4.8 ddraw=3.8 pts=62
  Self-play: 53W/47L/3D | score=21.6±29.0 inv=2.6 played=17.7 lanes=4.5 ddraw=1.1 pts=22
Step: 7946240 SPS: 587  ev=0.331  ent=0.536  grad=0.55/0.50  h=5.7 c=25.5  kl=0.0123  vl=0.2652
Step: 7950336 SPS: 587  ev=0.387  ent=0.578  grad=1.04/0.50  h=5.8 c=26.0  kl=0.0119  vl=0.2467
Step: 7954432 SPS: 587  ev=0.291  ent=0.547  grad=0.76/0.50  h=5.8 c=26.0  kl=0.0135  vl=0.2428
Step: 7958528 SPS: 587  ev=0.268  ent=0.544  grad=0.78/0.50  h=5.8 c=25.9  kl=0.0142  vl=0.2828
Step: 7962624 SPS: 587  ev=0.261  ent=0.564  grad=0.77/0.50  h=5.8 c=26.8  kl=0.0145  vl=0.2829
Step: 7966720 SPS: 587  ev=0.289  ent=0.553  grad=1.35/0.50  h=5.7 c=26.1  kl=0.0101  vl=0.2591
Step: 7970816 SPS: 588  ev=0.254  ent=0.561  grad=0.72/0.50  h=5.7 c=25.2  kl=0.0113  vl=0.2572
Step: 7974912 SPS: 588  ev=0.254  ent=0.539  grad=0.81/0.50  h=5.8 c=26.9  kl=0.0129  vl=0.2917
Step: 7979008 SPS: 588  ev=0.304  ent=0.581  grad=1.50/0.50  h=5.8 c=26.7  kl=0.0107  vl=0.2833
Step: 7983104 SPS: 588  ev=0.261  ent=0.589  grad=0.96/0.50  h=5.8 c=26.6  kl=0.0139  vl=0.2881
Step: 7987200 SPS: 588  ev=0.273  ent=0.558  grad=0.96/0.50  h=5.8 c=26.7  kl=0.0132  vl=0.2821
Step: 7991296 SPS: 588  ev=0.291  ent=0.601  grad=0.84/0.50  h=5.7 c=26.5  kl=0.0119  vl=0.2792
Step: 7995392 SPS: 588  ev=0.292  ent=0.597  grad=0.75/0.50  h=5.9 c=27.6  kl=0.0139  vl=0.2367
Step: 7999488 SPS: 588  ev=0.310  ent=0.561  grad=0.81/0.50  h=5.8 c=27.2  kl=0.0120  vl=0.2582
Step: 8003584 SPS: 588  ev=0.264  ent=0.561  grad=1.24/0.50  h=5.8 c=27.0  kl=0.0111  vl=0.2913
Step: 8007680 SPS: 588  ev=0.280  ent=0.571  grad=0.94/0.50  h=5.8 c=26.4  kl=0.0112  vl=0.2333
Step: 8011776 SPS: 588  ev=0.389  ent=0.561  grad=0.72/0.50  h=5.8 c=26.8  kl=0.0142  vl=0.1919
Step: 8015872 SPS: 588  ev=0.320  ent=0.581  grad=0.95/0.50  h=5.8 c=27.1  kl=0.0130  vl=0.2705
Step: 8019968 SPS: 588  ev=0.263  ent=0.582  grad=1.18/0.50  h=5.8 c=27.0  kl=0.0142  vl=0.2853
Step: 8024064 SPS: 588  ev=0.294  ent=0.593  grad=0.68/0.50  h=5.8 c=27.1  kl=0.0119  vl=0.2277
  vs Random: 101W/0L/0D | score=59.9±33.2 inv=2.8 played=20.9 lanes=4.7 ddraw=3.5 pts=60
  Self-play: 47W/56L/0D | score=17.1±26.2 inv=2.3 played=16.7 lanes=4.5 ddraw=1.2 pts=17
Step: 8028160 SPS: 588  ev=0.313  ent=0.569  grad=1.02/0.50  h=5.8 c=27.3  kl=0.0153  vl=0.2701
Step: 8032256 SPS: 588  ev=0.413  ent=0.573  grad=0.75/0.50  h=5.8 c=27.3  kl=0.0144  vl=0.2102
Step: 8036352 SPS: 588  ev=0.320  ent=0.569  grad=0.69/0.50  h=5.8 c=27.1  kl=0.0119  vl=0.2878
Step: 8040448 SPS: 588  ev=0.326  ent=0.593  grad=1.72/0.50  h=5.9 c=28.4  kl=0.0136  vl=0.2064
Step: 8044544 SPS: 588  ev=0.319  ent=0.562  grad=1.27/0.50  h=5.8 c=27.9  kl=0.0108  vl=0.2764
Step: 8048640 SPS: 588  ev=0.298  ent=0.620  grad=1.61/0.50  h=5.8 c=27.6  kl=0.0148  vl=0.2791
Step: 8052736 SPS: 588  ev=0.342  ent=0.535  grad=1.10/0.50  h=5.8 c=28.4  kl=0.0100  vl=0.2433
Step: 8056832 SPS: 588  ev=0.345  ent=0.607  grad=1.06/0.50  h=5.8 c=26.8  kl=0.0111  vl=0.2648
Step: 8060928 SPS: 588  ev=0.331  ent=0.570  grad=1.16/0.50  h=5.8 c=27.4  kl=0.0107  vl=0.2406
Step: 8065024 SPS: 588  ev=0.264  ent=0.620  grad=1.24/0.50  h=5.7 c=27.6  kl=0.0141  vl=0.2629
Step: 8069120 SPS: 588  ev=0.291  ent=0.602  grad=0.85/0.50  h=5.9 c=27.9  kl=0.0125  vl=0.2222
Step: 8073216 SPS: 588  ev=0.368  ent=0.595  grad=0.74/0.50  h=5.8 c=28.0  kl=0.0112  vl=0.2413
Step: 8077312 SPS: 588  ev=0.326  ent=0.605  grad=0.86/0.50  h=5.8 c=27.3  kl=0.0103  vl=0.2364
Step: 8081408 SPS: 588  ev=0.360  ent=0.598  grad=0.85/0.50  h=5.8 c=27.7  kl=0.0113  vl=0.2141
Step: 8085504 SPS: 588  ev=0.339  ent=0.579  grad=0.69/0.50  h=5.8 c=28.3  kl=0.0137  vl=0.3019
Step: 8089600 SPS: 588  ev=0.372  ent=0.587  grad=0.64/0.50  h=5.8 c=27.8  kl=0.0170  vl=0.2128
Step: 8093696 SPS: 588  ev=0.367  ent=0.595  grad=0.83/0.50  h=5.8 c=27.5  kl=0.0122  vl=0.2493
Step: 8097792 SPS: 588  ev=0.288  ent=0.602  grad=1.77/0.50  h=5.7 c=26.8  kl=0.0118  vl=0.3255
Step: 8101888 SPS: 588  ev=0.280  ent=0.560  grad=0.78/0.50  h=5.8 c=27.3  kl=0.0160  vl=0.2558
Step: 8105984 SPS: 588  ev=0.376  ent=0.603  grad=0.79/0.50  h=5.8 c=27.2  kl=0.0107  vl=0.2780
  vs Random: 100W/0L/0D | score=62.3±35.7 inv=2.7 played=20.6 lanes=4.7 ddraw=3.9 pts=62
  Self-play: 57W/41L/2D | score=23.5±30.1 inv=2.6 played=17.4 lanes=4.5 ddraw=1.1 pts=23
Step: 8110080 SPS: 588  ev=0.268  ent=0.566  grad=0.88/0.50  h=5.8 c=26.4  kl=0.0108  vl=0.2877
Step: 8114176 SPS: 588  ev=0.282  ent=0.622  grad=0.96/0.50  h=5.8 c=27.3  kl=0.0111  vl=0.2606
Step: 8118272 SPS: 588  ev=0.320  ent=0.563  grad=0.78/0.50  h=5.7 c=26.0  kl=0.0105  vl=0.2636
Step: 8122368 SPS: 588  ev=0.350  ent=0.562  grad=0.91/0.50  h=5.8 c=27.0  kl=0.0113  vl=0.2709
Step: 8126464 SPS: 588  ev=0.287  ent=0.575  grad=0.85/0.50  h=5.8 c=27.7  kl=0.0131  vl=0.2628
Step: 8130560 SPS: 588  ev=0.301  ent=0.611  grad=0.69/0.50  h=5.8 c=26.8  kl=0.0142  vl=0.2445
Step: 8134656 SPS: 588  ev=0.292  ent=0.583  grad=0.73/0.50  h=5.7 c=27.1  kl=0.0113  vl=0.2461
Step: 8138752 SPS: 588  ev=0.334  ent=0.584  grad=1.37/0.50  h=5.8 c=27.2  kl=0.0126  vl=0.2341
Step: 8142848 SPS: 588  ev=0.397  ent=0.558  grad=1.10/0.50  h=5.8 c=27.3  kl=0.0116  vl=0.2351
Step: 8146944 SPS: 588  ev=0.315  ent=0.547  grad=0.77/0.50  h=5.7 c=26.2  kl=0.0157  vl=0.2365
Step: 8151040 SPS: 588  ev=0.262  ent=0.543  grad=0.70/0.50  h=5.8 c=26.7  kl=0.0122  vl=0.3060
Step: 8155136 SPS: 588  ev=0.347  ent=0.575  grad=0.86/0.50  h=5.8 c=27.0  kl=0.0125  vl=0.2329
Step: 8159232 SPS: 588  ev=0.263  ent=0.550  grad=1.03/0.50  h=5.8 c=26.6  kl=0.0144  vl=0.2792
Step: 8163328 SPS: 588  ev=0.309  ent=0.567  grad=0.85/0.50  h=5.8 c=27.0  kl=0.0152  vl=0.2724
Step: 8167424 SPS: 588  ev=0.319  ent=0.589  grad=1.35/0.50  h=5.8 c=26.8  kl=0.0155  vl=0.2368
Step: 8171520 SPS: 588  ev=0.303  ent=0.568  grad=0.62/0.50  h=5.9 c=28.1  kl=0.0136  vl=0.2681
Step: 8175616 SPS: 588  ev=0.319  ent=0.580  grad=0.87/0.50  h=5.8 c=26.7  kl=0.0149  vl=0.2564
Step: 8179712 SPS: 588  ev=0.330  ent=0.550  grad=0.92/0.50  h=5.8 c=26.5  kl=0.0138  vl=0.2759
Step: 8183808 SPS: 588  ev=0.326  ent=0.544  grad=0.62/0.50  h=5.8 c=27.5  kl=0.0108  vl=0.2448
Step: 8187904 SPS: 588  ev=0.331  ent=0.561  grad=1.01/0.50  h=5.8 c=26.8  kl=0.0116  vl=0.2732
  vs Random: 102W/0L/0D | score=63.0±32.5 inv=2.5 played=21.0 lanes=4.8 ddraw=3.8 pts=63
  Self-play: 47W/56L/1D | score=14.3±23.9 inv=2.4 played=17.1 lanes=4.6 ddraw=1.0 pts=14
Step: 8192000 SPS: 588  ev=0.347  ent=0.590  grad=1.39/0.50  h=5.8 c=27.7  kl=0.0123  vl=0.2349
Step: 8196096 SPS: 588  ev=0.319  ent=0.565  grad=1.32/0.50  h=5.7 c=25.8  kl=0.0102  vl=0.2635
Step: 8200192 SPS: 588  ev=0.345  ent=0.577  grad=0.81/0.50  h=5.7 c=26.5  kl=0.0109  vl=0.2296
Step: 8204288 SPS: 588  ev=0.257  ent=0.604  grad=0.88/0.50  h=5.8 c=28.1  kl=0.0103  vl=0.2640
Step: 8208384 SPS: 588  ev=0.308  ent=0.579  grad=0.74/0.50  h=5.9 c=27.8  kl=0.0145  vl=0.2470
Step: 8212480 SPS: 588  ev=0.319  ent=0.575  grad=1.16/0.50  h=5.8 c=27.3  kl=0.0114  vl=0.2777
Step: 8216576 SPS: 588  ev=0.321  ent=0.561  grad=0.79/0.50  h=5.7 c=26.0  kl=0.0136  vl=0.3005
Step: 8220672 SPS: 588  ev=0.273  ent=0.562  grad=0.99/0.50  h=5.7 c=26.9  kl=0.0130  vl=0.3267
Step: 8224768 SPS: 588  ev=0.345  ent=0.565  grad=1.01/0.50  h=5.8 c=27.7  kl=0.0125  vl=0.2160
Step: 8228864 SPS: 588  ev=0.297  ent=0.629  grad=0.91/0.50  h=5.8 c=26.0  kl=0.0100  vl=0.2719
Step: 8232960 SPS: 588  ev=0.323  ent=0.596  grad=0.71/0.50  h=5.8 c=27.7  kl=0.0163  vl=0.2368
Step: 8237056 SPS: 588  ev=0.241  ent=0.590  grad=0.94/0.50  h=5.7 c=25.9  kl=0.0111  vl=0.2795
Step: 8241152 SPS: 588  ev=0.345  ent=0.544  grad=0.82/0.50  h=5.8 c=26.8  kl=0.0105  vl=0.2844
Step: 8245248 SPS: 588  ev=0.334  ent=0.603  grad=0.96/0.50  h=5.7 c=27.3  kl=0.0129  vl=0.2440
Step: 8249344 SPS: 588  ev=0.245  ent=0.609  grad=0.83/0.50  h=5.8 c=27.0  kl=0.0153  vl=0.2857
Step: 8253440 SPS: 589  ev=0.298  ent=0.557  grad=1.11/0.50  h=5.8 c=28.3  kl=0.0173  vl=0.2014
Step: 8257536 SPS: 589  ev=0.353  ent=0.556  grad=0.86/0.50  h=5.8 c=27.3  kl=0.0133  vl=0.2856
Step: 8261632 SPS: 589  ev=0.240  ent=0.590  grad=0.86/0.50  h=5.8 c=27.2  kl=0.0103  vl=0.2708
Step: 8265728 SPS: 589  ev=0.286  ent=0.573  grad=0.78/0.50  h=5.7 c=27.4  kl=0.0138  vl=0.2367
Step: 8269824 SPS: 589  ev=0.247  ent=0.560  grad=0.67/0.50  h=5.8 c=27.1  kl=0.0128  vl=0.2957
  vs Random: 100W/0L/0D | score=67.6±29.7 inv=2.5 played=21.1 lanes=4.7 ddraw=3.5 pts=68
  Self-play: 50W/53L/1D | score=15.5±29.3 inv=2.4 played=16.9 lanes=4.6 ddraw=1.1 pts=16
Step: 8273920 SPS: 588  ev=0.286  ent=0.556  grad=0.90/0.50  h=5.7 c=26.4  kl=0.0111  vl=0.2961
Step: 8278016 SPS: 588  ev=0.337  ent=0.550  grad=0.76/0.50  h=5.8 c=27.5  kl=0.0107  vl=0.2633
Step: 8282112 SPS: 588  ev=0.267  ent=0.568  grad=0.76/0.50  h=5.8 c=26.3  kl=0.0159  vl=0.2837
Step: 8286208 SPS: 588  ev=0.310  ent=0.586  grad=1.17/0.50  h=5.8 c=27.2  kl=0.0143  vl=0.2582
Step: 8290304 SPS: 588  ev=0.290  ent=0.538  grad=2.37/0.50  h=5.8 c=27.0  kl=0.0120  vl=0.2672
Step: 8294400 SPS: 588  ev=0.350  ent=0.564  grad=0.91/0.50  h=5.7 c=25.7  kl=0.0108  vl=0.2582
Step: 8298496 SPS: 588  ev=0.286  ent=0.576  grad=0.70/0.50  h=5.8 c=27.9  kl=0.0167  vl=0.2733
Step: 8302592 SPS: 588  ev=0.278  ent=0.570  grad=1.03/0.50  h=5.8 c=26.8  kl=0.0115  vl=0.2538
Step: 8306688 SPS: 589  ev=0.379  ent=0.539  grad=0.84/0.50  h=5.8 c=27.9  kl=0.0126  vl=0.2442
Step: 8310784 SPS: 589  ev=0.306  ent=0.573  grad=0.72/0.50  h=5.8 c=27.4  kl=0.0129  vl=0.2741
Step: 8314880 SPS: 589  ev=0.333  ent=0.558  grad=0.89/0.50  h=5.7 c=26.9  kl=0.0114  vl=0.2997
Step: 8318976 SPS: 589  ev=0.336  ent=0.526  grad=1.26/0.50  h=5.7 c=27.3  kl=0.0099  vl=0.2219
Step: 8323072 SPS: 589  ev=0.262  ent=0.570  grad=1.60/0.50  h=5.7 c=26.8  kl=0.0163  vl=0.3007
Step: 8327168 SPS: 589  ev=0.301  ent=0.541  grad=1.21/0.50  h=5.8 c=27.8  kl=0.0100  vl=0.2024
Step: 8331264 SPS: 589  ev=0.344  ent=0.529  grad=0.90/0.50  h=5.9 c=28.8  kl=0.0155  vl=0.2897
Step: 8335360 SPS: 589  ev=0.340  ent=0.571  grad=1.07/0.50  h=5.7 c=25.7  kl=0.0118  vl=0.2569
Step: 8339456 SPS: 589  ev=0.304  ent=0.579  grad=1.23/0.50  h=5.7 c=28.0  kl=0.0129  vl=0.3127
Step: 8343552 SPS: 589  ev=0.275  ent=0.580  grad=0.92/0.50  h=5.8 c=28.5  kl=0.0101  vl=0.2761
Step: 8347648 SPS: 589  ev=0.248  ent=0.619  grad=0.91/0.50  h=5.8 c=26.9  kl=0.0144  vl=0.2641
Step: 8351744 SPS: 589  ev=0.345  ent=0.589  grad=0.81/0.50  h=5.8 c=28.9  kl=0.0149  vl=0.2532
  vs Random: 100W/0L/0D | score=64.8±32.3 inv=2.8 played=20.8 lanes=4.7 ddraw=3.8 pts=65
  Self-play: 45W/58L/0D | score=13.4±25.4 inv=2.2 played=16.9 lanes=4.6 ddraw=1.1 pts=13
Step: 8355840 SPS: 588  ev=0.273  ent=0.566  grad=1.36/0.50  h=5.6 c=26.0  kl=0.0106  vl=0.2757
Step: 8359936 SPS: 588  ev=0.296  ent=0.573  grad=1.01/0.50  h=5.8 c=27.3  kl=0.0110  vl=0.2428
Step: 8364032 SPS: 588  ev=0.283  ent=0.587  grad=0.91/0.50  h=5.7 c=28.6  kl=0.0129  vl=0.2549
Step: 8368128 SPS: 588  ev=0.325  ent=0.598  grad=1.10/0.50  h=5.7 c=26.2  kl=0.0137  vl=0.2731
Step: 8372224 SPS: 589  ev=0.296  ent=0.555  grad=1.31/0.50  h=5.8 c=28.9  kl=0.0117  vl=0.2892
Step: 8376320 SPS: 589  ev=0.247  ent=0.557  grad=0.96/0.50  h=5.7 c=29.0  kl=0.0114  vl=0.2754
Step: 8380416 SPS: 589  ev=0.277  ent=0.523  grad=1.25/0.50  h=5.7 c=27.4  kl=0.0143  vl=0.2694
Step: 8384512 SPS: 589  ev=0.342  ent=0.556  grad=1.28/0.50  h=5.7 c=28.4  kl=0.0112  vl=0.2343
Step: 8388608 SPS: 589  ev=0.399  ent=0.561  grad=0.87/0.50  h=5.7 c=27.3  kl=0.0132  vl=0.1993
Step: 8392704 SPS: 589  ev=0.272  ent=0.542  grad=0.81/0.50  h=5.8 c=28.5  kl=0.0130  vl=0.2171
Step: 8396800 SPS: 589  ev=0.303  ent=0.569  grad=0.81/0.50  h=5.7 c=29.0  kl=0.0103  vl=0.2900
Step: 8400896 SPS: 589  ev=0.336  ent=0.555  grad=0.74/0.50  h=5.7 c=26.6  kl=0.0127  vl=0.2465
Step: 8404992 SPS: 589  ev=0.288  ent=0.523  grad=1.01/0.50  h=5.8 c=29.7  kl=0.0106  vl=0.2743
Step: 8409088 SPS: 589  ev=0.311  ent=0.532  grad=0.74/0.50  h=5.6 c=26.3  kl=0.0130  vl=0.2931
Step: 8413184 SPS: 589  ev=0.363  ent=0.545  grad=0.97/0.50  h=5.8 c=27.8  kl=0.0113  vl=0.2344
Step: 8417280 SPS: 589  ev=0.392  ent=0.565  grad=1.03/0.50  h=5.7 c=29.0  kl=0.0133  vl=0.2465
Step: 8421376 SPS: 589  ev=0.240  ent=0.544  grad=0.78/0.50  h=5.7 c=26.6  kl=0.0115  vl=0.2593
Step: 8425472 SPS: 589  ev=0.308  ent=0.544  grad=0.71/0.50  h=5.8 c=28.7  kl=0.0120  vl=0.2811
Step: 8429568 SPS: 589  ev=0.290  ent=0.543  grad=0.96/0.50  h=5.7 c=26.7  kl=0.0131  vl=0.2765
Step: 8433664 SPS: 589  ev=0.326  ent=0.543  grad=1.22/0.50  h=5.8 c=28.0  kl=0.0139  vl=0.2601
  vs Random: 103W/0L/0D | score=65.8±32.7 inv=2.5 played=21.2 lanes=4.7 ddraw=3.4 pts=66
  Self-play: 52W/46L/3D | score=18.9±25.7 inv=2.3 played=17.1 lanes=4.6 ddraw=0.9 pts=19
Step: 8437760 SPS: 589  ev=0.364  ent=0.584  grad=1.05/0.50  h=5.8 c=28.2  kl=0.0129  vl=0.2716
Step: 8441856 SPS: 589  ev=0.312  ent=0.537  grad=0.66/0.50  h=5.7 c=25.9  kl=0.0179  vl=0.2741
Step: 8445952 SPS: 589  ev=0.291  ent=0.549  grad=0.90/0.50  h=5.7 c=27.9  kl=0.0126  vl=0.3201
Step: 8450048 SPS: 589  ev=0.265  ent=0.545  grad=0.68/0.50  h=5.7 c=26.7  kl=0.0128  vl=0.2561
Step: 8454144 SPS: 589  ev=0.286  ent=0.546  grad=0.84/0.50  h=5.7 c=26.8  kl=0.0140  vl=0.3054
Step: 8458240 SPS: 589  ev=0.302  ent=0.544  grad=0.82/0.50  h=5.8 c=28.9  kl=0.0120  vl=0.2545
Step: 8462336 SPS: 589  ev=0.332  ent=0.550  grad=0.94/0.50  h=5.6 c=25.3  kl=0.0126  vl=0.2543
Step: 8466432 SPS: 589  ev=0.340  ent=0.564  grad=0.83/0.50  h=5.8 c=27.9  kl=0.0147  vl=0.2517
Step: 8470528 SPS: 589  ev=0.326  ent=0.539  grad=0.59/0.50  h=5.7 c=26.8  kl=0.0131  vl=0.2397
Step: 8474624 SPS: 589  ev=0.357  ent=0.533  grad=0.67/0.50  h=5.7 c=26.8  kl=0.0083  vl=0.2030
Step: 8478720 SPS: 589  ev=0.284  ent=0.571  grad=0.77/0.50  h=5.8 c=27.8  kl=0.0133  vl=0.2543
Step: 8482816 SPS: 589  ev=0.357  ent=0.509  grad=0.72/0.50  h=5.7 c=26.5  kl=0.0116  vl=0.2921
Step: 8486912 SPS: 589  ev=0.324  ent=0.532  grad=0.67/0.50  h=5.8 c=27.5  kl=0.0099  vl=0.2698
Step: 8491008 SPS: 589  ev=0.375  ent=0.529  grad=0.74/0.50  h=5.7 c=26.5  kl=0.0106  vl=0.2517
Step: 8495104 SPS: 589  ev=0.400  ent=0.543  grad=0.80/0.50  h=5.6 c=25.4  kl=0.0114  vl=0.1889
Step: 8499200 SPS: 589  ev=0.275  ent=0.571  grad=0.78/0.50  h=5.8 c=27.9  kl=0.0168  vl=0.2881
Step: 8503296 SPS: 589  ev=0.373  ent=0.498  grad=0.96/0.50  h=5.7 c=26.6  kl=0.0158  vl=0.2622
Step: 8507392 SPS: 589  ev=0.304  ent=0.519  grad=0.96/0.50  h=5.8 c=28.0  kl=0.0131  vl=0.2715
Step: 8511488 SPS: 589  ev=0.399  ent=0.533  grad=1.01/0.50  h=5.7 c=27.1  kl=0.0103  vl=0.1752
Step: 8515584 SPS: 589  ev=0.333  ent=0.550  grad=0.81/0.50  h=5.7 c=25.9  kl=0.0118  vl=0.2051
  vs Random: 100W/0L/0D | score=70.7±30.2 inv=2.6 played=21.0 lanes=4.7 ddraw=4.0 pts=71
  Self-play: 55W/44L/1D | score=19.9±23.1 inv=2.3 played=17.1 lanes=4.5 ddraw=1.1 pts=20
Step: 8519680 SPS: 589  ev=0.340  ent=0.575  grad=0.59/0.50  h=5.8 c=27.5  kl=0.0147  vl=0.2456
Step: 8523776 SPS: 589  ev=0.351  ent=0.528  grad=0.77/0.50  h=5.7 c=27.6  kl=0.0144  vl=0.2231
Step: 8527872 SPS: 589  ev=0.346  ent=0.587  grad=0.77/0.50  h=5.7 c=26.7  kl=0.0146  vl=0.2262
Step: 8531968 SPS: 589  ev=0.299  ent=0.527  grad=0.88/0.50  h=5.7 c=26.6  kl=0.0134  vl=0.2788
Step: 8536064 SPS: 589  ev=0.318  ent=0.507  grad=1.03/0.50  h=5.7 c=26.4  kl=0.0157  vl=0.2728
Step: 8540160 SPS: 589  ev=0.324  ent=0.605  grad=1.00/0.50  h=5.7 c=26.5  kl=0.0119  vl=0.2914
Step: 8544256 SPS: 589  ev=0.329  ent=0.527  grad=1.26/0.50  h=5.8 c=26.5  kl=0.0129  vl=0.2552
Step: 8548352 SPS: 589  ev=0.277  ent=0.562  grad=1.06/0.50  h=5.8 c=27.0  kl=0.0139  vl=0.2632
Step: 8552448 SPS: 589  ev=0.265  ent=0.597  grad=1.05/0.50  h=5.8 c=26.4  kl=0.0165  vl=0.3199
Step: 8556544 SPS: 589  ev=0.322  ent=0.539  grad=0.70/0.50  h=5.7 c=26.5  kl=0.0134  vl=0.2780
Step: 8560640 SPS: 589  ev=0.271  ent=0.542  grad=0.81/0.50  h=5.8 c=26.7  kl=0.0129  vl=0.2553
Step: 8564736 SPS: 589  ev=0.298  ent=0.525  grad=0.62/0.50  h=5.8 c=26.2  kl=0.0112  vl=0.2671
Step: 8568832 SPS: 589  ev=0.352  ent=0.569  grad=0.73/0.50  h=5.8 c=27.0  kl=0.0107  vl=0.2134
Step: 8572928 SPS: 589  ev=0.308  ent=0.574  grad=1.11/0.50  h=5.8 c=26.0  kl=0.0101  vl=0.2500
Step: 8577024 SPS: 589  ev=0.299  ent=0.521  grad=0.85/0.50  h=5.8 c=26.6  kl=0.0113  vl=0.2531
Step: 8581120 SPS: 589  ev=0.303  ent=0.537  grad=0.95/0.50  h=5.8 c=26.6  kl=0.0153  vl=0.2568
Step: 8585216 SPS: 589  ev=0.259  ent=0.590  grad=0.65/0.50  h=5.7 c=26.3  kl=0.0130  vl=0.2332
Step: 8589312 SPS: 589  ev=0.310  ent=0.541  grad=0.68/0.50  h=5.8 c=27.0  kl=0.0152  vl=0.2381
Step: 8593408 SPS: 589  ev=0.309  ent=0.517  grad=1.11/0.50  h=5.7 c=26.3  kl=0.0162  vl=0.2865
Step: 8597504 SPS: 589  ev=0.325  ent=0.488  grad=1.66/0.50  h=5.7 c=26.2  kl=0.0101  vl=0.2643
  vs Random: 101W/0L/0D | score=66.0±33.2 inv=2.5 played=21.0 lanes=4.8 ddraw=4.2 pts=66
  Self-play: 43W/60L/1D | score=17.9±28.6 inv=2.4 played=17.0 lanes=4.5 ddraw=1.0 pts=18
Step: 8601600 SPS: 589  ev=0.361  ent=0.523  grad=0.67/0.50  h=5.8 c=27.3  kl=0.0147  vl=0.2084
Step: 8605696 SPS: 589  ev=0.320  ent=0.567  grad=0.72/0.50  h=5.7 c=25.8  kl=0.0100  vl=0.2567
Step: 8609792 SPS: 589  ev=0.306  ent=0.543  grad=0.79/0.50  h=5.8 c=26.9  kl=0.0108  vl=0.2618
Step: 8613888 SPS: 589  ev=0.335  ent=0.535  grad=0.82/0.50  h=5.7 c=26.9  kl=0.0134  vl=0.2079
Step: 8617984 SPS: 589  ev=0.297  ent=0.552  grad=1.08/0.50  h=5.8 c=26.9  kl=0.0102  vl=0.3075
Step: 8622080 SPS: 589  ev=0.288  ent=0.550  grad=0.76/0.50  h=5.8 c=27.8  kl=0.0158  vl=0.3256
Step: 8626176 SPS: 589  ev=0.259  ent=0.561  grad=0.73/0.50  h=5.8 c=27.4  kl=0.0137  vl=0.2670
Step: 8630272 SPS: 589  ev=0.249  ent=0.546  grad=0.79/0.50  h=5.8 c=27.3  kl=0.0107  vl=0.2541
Step: 8634368 SPS: 589  ev=0.319  ent=0.566  grad=0.70/0.50  h=5.8 c=27.5  kl=0.0137  vl=0.2238
Step: 8638464 SPS: 589  ev=0.327  ent=0.580  grad=0.77/0.50  h=5.8 c=27.2  kl=0.0114  vl=0.2356
Step: 8642560 SPS: 589  ev=0.281  ent=0.557  grad=0.84/0.50  h=5.8 c=27.8  kl=0.0096  vl=0.2346
Step: 8646656 SPS: 589  ev=0.324  ent=0.540  grad=0.87/0.50  h=5.9 c=27.9  kl=0.0160  vl=0.2221
Step: 8650752 SPS: 589  ev=0.224  ent=0.532  grad=0.75/0.50  h=5.8 c=28.0  kl=0.0110  vl=0.2523
Step: 8654848 SPS: 589  ev=0.282  ent=0.538  grad=2.01/0.50  h=5.8 c=27.9  kl=0.0104  vl=0.2545
Step: 8658944 SPS: 589  ev=0.324  ent=0.527  grad=0.66/0.50  h=5.7 c=26.9  kl=0.0119  vl=0.2341
Step: 8663040 SPS: 589  ev=0.372  ent=0.540  grad=0.87/0.50  h=5.8 c=28.0  kl=0.0149  vl=0.2483
Step: 8667136 SPS: 589  ev=0.305  ent=0.554  grad=1.10/0.50  h=5.8 c=27.5  kl=0.0117  vl=0.2947
Step: 8671232 SPS: 589  ev=0.271  ent=0.532  grad=1.37/0.50  h=5.8 c=26.8  kl=0.0099  vl=0.2259
Step: 8675328 SPS: 589  ev=0.292  ent=0.538  grad=1.21/0.50  h=5.8 c=28.1  kl=0.0103  vl=0.2431
Step: 8679424 SPS: 590  ev=0.302  ent=0.559  grad=1.13/0.50  h=5.7 c=27.2  kl=0.0120  vl=0.2889
  vs Random: 103W/0L/0D | score=70.5±30.8 inv=2.8 played=21.1 lanes=4.7 ddraw=3.7 pts=70
  Self-play: 53W/49L/0D | score=18.0±24.6 inv=2.4 played=17.4 lanes=4.6 ddraw=1.0 pts=18
Step: 8683520 SPS: 589  ev=0.273  ent=0.566  grad=1.22/0.50  h=5.7 c=25.6  kl=0.0098  vl=0.2966
Step: 8687616 SPS: 589  ev=0.269  ent=0.542  grad=0.82/0.50  h=5.8 c=28.1  kl=0.0102  vl=0.3214
Step: 8691712 SPS: 589  ev=0.323  ent=0.535  grad=1.48/0.50  h=5.8 c=27.1  kl=0.0153  vl=0.3053
Step: 8695808 SPS: 589  ev=0.338  ent=0.548  grad=0.59/0.50  h=5.8 c=27.4  kl=0.0130  vl=0.2328
Step: 8699904 SPS: 589  ev=0.284  ent=0.558  grad=0.84/0.50  h=5.8 c=27.7  kl=0.0121  vl=0.3105
Step: 8704000 SPS: 589  ev=0.321  ent=0.516  grad=0.97/0.50  h=5.7 c=26.1  kl=0.0088  vl=0.2268
Step: 8708096 SPS: 589  ev=0.359  ent=0.565  grad=0.67/0.50  h=5.8 c=27.3  kl=0.0127  vl=0.2484
Step: 8712192 SPS: 589  ev=0.350  ent=0.568  grad=0.93/0.50  h=5.7 c=26.9  kl=0.0117  vl=0.2008
Step: 8716288 SPS: 589  ev=0.356  ent=0.570  grad=1.23/0.50  h=5.8 c=26.6  kl=0.0107  vl=0.1993
Step: 8720384 SPS: 589  ev=0.296  ent=0.540  grad=0.82/0.50  h=5.8 c=27.7  kl=0.0110  vl=0.2842
Step: 8724480 SPS: 589  ev=0.291  ent=0.523  grad=1.17/0.50  h=5.8 c=26.7  kl=0.0152  vl=0.2511
Step: 8728576 SPS: 589  ev=0.281  ent=0.559  grad=0.61/0.50  h=5.8 c=26.9  kl=0.0123  vl=0.2687
Step: 8732672 SPS: 589  ev=0.282  ent=0.544  grad=0.64/0.50  h=5.7 c=26.7  kl=0.0132  vl=0.2680
Step: 8736768 SPS: 589  ev=0.246  ent=0.535  grad=1.72/0.50  h=5.7 c=25.6  kl=0.0123  vl=0.2653
Step: 8740864 SPS: 589  ev=0.315  ent=0.575  grad=1.06/0.50  h=5.8 c=26.9  kl=0.0141  vl=0.3066
Step: 8744960 SPS: 589  ev=0.276  ent=0.551  grad=0.92/0.50  h=5.7 c=26.9  kl=0.0114  vl=0.2700
Step: 8749056 SPS: 589  ev=0.314  ent=0.542  grad=0.73/0.50  h=5.8 c=26.5  kl=0.0163  vl=0.3221
Step: 8753152 SPS: 590  ev=0.307  ent=0.574  grad=0.92/0.50  h=5.8 c=27.2  kl=0.0110  vl=0.2534
Step: 8757248 SPS: 590  ev=0.316  ent=0.563  grad=0.73/0.50  h=5.7 c=25.4  kl=0.0116  vl=0.2546
Step: 8761344 SPS: 590  ev=0.288  ent=0.554  grad=0.70/0.50  h=5.8 c=27.6  kl=0.0154  vl=0.2816
  vs Random: 100W/0L/0D | score=69.5±33.1 inv=2.7 played=21.2 lanes=4.8 ddraw=3.9 pts=70
  Self-play: 54W/46L/0D | score=19.3±26.3 inv=2.5 played=17.4 lanes=4.6 ddraw=1.2 pts=19
Step: 8765440 SPS: 589  ev=0.298  ent=0.588  grad=0.96/0.50  h=5.8 c=26.3  kl=0.0105  vl=0.2718
Step: 8769536 SPS: 589  ev=0.366  ent=0.601  grad=0.68/0.50  h=5.8 c=26.0  kl=0.0121  vl=0.2512
Step: 8773632 SPS: 589  ev=0.241  ent=0.573  grad=0.76/0.50  h=5.8 c=26.8  kl=0.0153  vl=0.2424
Step: 8777728 SPS: 589  ev=0.298  ent=0.568  grad=0.70/0.50  h=5.7 c=25.9  kl=0.0158  vl=0.3309
Step: 8781824 SPS: 589  ev=0.296  ent=0.529  grad=1.46/0.50  h=5.8 c=26.8  kl=0.0109  vl=0.2790
Step: 8785920 SPS: 589  ev=0.312  ent=0.562  grad=1.18/0.50  h=5.8 c=27.5  kl=0.0104  vl=0.2398
Step: 8790016 SPS: 589  ev=0.322  ent=0.579  grad=0.90/0.50  h=5.7 c=25.4  kl=0.0161  vl=0.2794
Step: 8794112 SPS: 589  ev=0.322  ent=0.555  grad=1.49/0.50  h=5.9 c=28.0  kl=0.0110  vl=0.2487
Step: 8798208 SPS: 589  ev=0.264  ent=0.545  grad=0.73/0.50  h=5.7 c=26.0  kl=0.0091  vl=0.2516
Step: 8802304 SPS: 589  ev=0.294  ent=0.546  grad=0.98/0.50  h=5.8 c=26.6  kl=0.0130  vl=0.2683
Step: 8806400 SPS: 589  ev=0.368  ent=0.570  grad=1.01/0.50  h=5.8 c=27.3  kl=0.0114  vl=0.2539
Step: 8810496 SPS: 590  ev=0.296  ent=0.572  grad=1.28/0.50  h=5.8 c=27.3  kl=0.0126  vl=0.2410
Step: 8814592 SPS: 590  ev=0.313  ent=0.562  grad=0.92/0.50  h=5.8 c=26.8  kl=0.0114  vl=0.2522
Step: 8818688 SPS: 590  ev=0.277  ent=0.544  grad=0.67/0.50  h=5.7 c=26.0  kl=0.0134  vl=0.2987
Step: 8822784 SPS: 590  ev=0.266  ent=0.575  grad=0.67/0.50  h=5.8 c=26.3  kl=0.0125  vl=0.2675
Step: 8826880 SPS: 590  ev=0.346  ent=0.577  grad=1.53/0.50  h=5.8 c=26.8  kl=0.0125  vl=0.2356
Step: 8830976 SPS: 590  ev=0.308  ent=0.573  grad=0.98/0.50  h=5.8 c=25.8  kl=0.0172  vl=0.2270
Step: 8835072 SPS: 590  ev=0.348  ent=0.548  grad=0.86/0.50  h=5.9 c=27.5  kl=0.0103  vl=0.1949
Step: 8839168 SPS: 590  ev=0.264  ent=0.545  grad=1.00/0.50  h=5.8 c=25.6  kl=0.0132  vl=0.2906
Step: 8843264 SPS: 590  ev=0.349  ent=0.582  grad=0.97/0.50  h=5.8 c=26.3  kl=0.0126  vl=0.2232
  vs Random: 101W/0L/0D | score=66.5±33.6 inv=2.6 played=21.1 lanes=4.8 ddraw=4.2 pts=67
  Self-play: 62W/41L/2D | score=17.3±26.3 inv=2.3 played=16.8 lanes=4.5 ddraw=0.9 pts=17
Step: 8847360 SPS: 589  ev=0.278  ent=0.581  grad=0.89/0.50  h=5.8 c=27.2  kl=0.0155  vl=0.2722
Step: 8851456 SPS: 589  ev=0.271  ent=0.533  grad=0.92/0.50  h=5.8 c=26.2  kl=0.0118  vl=0.2536
Step: 8855552 SPS: 589  ev=0.307  ent=0.549  grad=0.92/0.50  h=5.8 c=27.0  kl=0.0130  vl=0.2170
Step: 8859648 SPS: 589  ev=0.312  ent=0.578  grad=0.75/0.50  h=5.7 c=26.3  kl=0.0116  vl=0.2329
Step: 8863744 SPS: 589  ev=0.344  ent=0.566  grad=0.73/0.50  h=5.8 c=26.8  kl=0.0132  vl=0.2005
Step: 8867840 SPS: 589  ev=0.378  ent=0.568  grad=0.93/0.50  h=5.9 c=27.3  kl=0.0101  vl=0.2313
Step: 8871936 SPS: 589  ev=0.360  ent=0.581  grad=0.96/0.50  h=5.8 c=26.7  kl=0.0108  vl=0.2231
Step: 8876032 SPS: 589  ev=0.295  ent=0.564  grad=0.91/0.50  h=5.9 c=26.9  kl=0.0115  vl=0.2293
Step: 8880128 SPS: 590  ev=0.303  ent=0.584  grad=1.04/0.50  h=5.8 c=25.8  kl=0.0166  vl=0.2450
Step: 8884224 SPS: 590  ev=0.262  ent=0.544  grad=2.04/0.50  h=5.8 c=26.5  kl=0.0126  vl=0.2738
Step: 8888320 SPS: 590  ev=0.275  ent=0.553  grad=0.79/0.50  h=5.9 c=26.7  kl=0.0116  vl=0.2984
Step: 8892416 SPS: 590  ev=0.262  ent=0.586  grad=0.88/0.50  h=5.8 c=26.0  kl=0.0108  vl=0.2839
Step: 8896512 SPS: 590  ev=0.307  ent=0.609  grad=1.03/0.50  h=5.8 c=26.1  kl=0.0107  vl=0.2071
Step: 8900608 SPS: 590  ev=0.341  ent=0.586  grad=1.16/0.50  h=5.8 c=25.8  kl=0.0121  vl=0.3128
Step: 8904704 SPS: 590  ev=0.316  ent=0.556  grad=0.78/0.50  h=5.8 c=26.2  kl=0.0114  vl=0.1960
Step: 8908800 SPS: 590  ev=0.282  ent=0.574  grad=0.88/0.50  h=5.9 c=26.7  kl=0.0111  vl=0.2389
Step: 8912896 SPS: 590  ev=0.272  ent=0.551  grad=0.70/0.50  h=5.8 c=25.7  kl=0.0098  vl=0.2769
Step: 8916992 SPS: 590  ev=0.312  ent=0.591  grad=0.95/0.50  h=5.8 c=26.0  kl=0.0146  vl=0.2348
Step: 8921088 SPS: 590  ev=0.299  ent=0.594  grad=0.94/0.50  h=5.8 c=25.6  kl=0.0149  vl=0.2788
Step: 8925184 SPS: 590  ev=0.335  ent=0.575  grad=1.18/0.50  h=5.9 c=26.4  kl=0.0160  vl=0.3072
  vs Random: 100W/0L/0D | score=58.6±33.0 inv=2.4 played=20.7 lanes=4.8 ddraw=3.9 pts=59
  Self-play: 48W/53L/1D | score=20.1±33.5 inv=2.7 played=17.0 lanes=4.5 ddraw=1.1 pts=20
Step: 8929280 SPS: 589  ev=0.330  ent=0.565  grad=1.04/0.50  h=5.9 c=26.6  kl=0.0139  vl=0.2339
Step: 8933376 SPS: 589  ev=0.347  ent=0.574  grad=1.24/0.50  h=5.8 c=26.4  kl=0.0152  vl=0.2456
Step: 8937472 SPS: 589  ev=0.320  ent=0.570  grad=0.69/0.50  h=5.8 c=26.0  kl=0.0145  vl=0.2196
Step: 8941568 SPS: 589  ev=0.299  ent=0.551  grad=1.32/0.50  h=5.9 c=26.5  kl=0.0108  vl=0.2768
Step: 8945664 SPS: 590  ev=0.299  ent=0.556  grad=1.04/0.50  h=5.8 c=25.6  kl=0.0126  vl=0.2737
Step: 8949760 SPS: 590  ev=0.349  ent=0.570  grad=1.32/0.50  h=5.9 c=26.4  kl=0.0165  vl=0.2296
Step: 8953856 SPS: 590  ev=0.319  ent=0.583  grad=0.72/0.50  h=5.9 c=25.8  kl=0.0108  vl=0.2483
Step: 8957952 SPS: 590  ev=0.297  ent=0.587  grad=0.89/0.50  h=5.8 c=25.6  kl=0.0108  vl=0.2845
Step: 8962048 SPS: 590  ev=0.325  ent=0.555  grad=0.90/0.50  h=5.8 c=26.7  kl=0.0160  vl=0.2648
Step: 8966144 SPS: 590  ev=0.291  ent=0.586  grad=0.77/0.50  h=5.8 c=25.5  kl=0.0138  vl=0.2693
Step: 8970240 SPS: 590  ev=0.286  ent=0.601  grad=1.43/0.50  h=5.8 c=25.5  kl=0.0118  vl=0.2709
Step: 8974336 SPS: 590  ev=0.331  ent=0.565  grad=0.77/0.50  h=5.8 c=26.1  kl=0.0108  vl=0.2852
Step: 8978432 SPS: 590  ev=0.287  ent=0.590  grad=0.84/0.50  h=5.7 c=24.6  kl=0.0101  vl=0.2902
Step: 8982528 SPS: 590  ev=0.393  ent=0.565  grad=0.97/0.50  h=5.8 c=25.4  kl=0.0141  vl=0.2466
Step: 8986624 SPS: 590  ev=0.264  ent=0.562  grad=0.76/0.50  h=5.8 c=24.8  kl=0.0140  vl=0.3020
Step: 8990720 SPS: 590  ev=0.314  ent=0.559  grad=0.76/0.50  h=5.8 c=25.3  kl=0.0111  vl=0.2919
Step: 8994816 SPS: 590  ev=0.321  ent=0.554  grad=1.24/0.50  h=5.8 c=25.8  kl=0.0108  vl=0.2945
Step: 8998912 SPS: 590  ev=0.312  ent=0.551  grad=1.07/0.50  h=5.8 c=24.9  kl=0.0107  vl=0.2746
Step: 9003008 SPS: 590  ev=0.293  ent=0.561  grad=0.83/0.50  h=5.8 c=25.8  kl=0.0113  vl=0.2467
Step: 9007104 SPS: 590  ev=0.357  ent=0.565  grad=1.67/0.50  h=5.9 c=26.0  kl=0.0113  vl=0.2259
  vs Random: 101W/0L/0D | score=63.1±29.7 inv=2.4 played=21.1 lanes=4.9 ddraw=3.6 pts=63
  Self-play: 44W/56L/0D | score=12.0±25.8 inv=2.2 played=16.7 lanes=4.6 ddraw=0.9 pts=12
Step: 9011200 SPS: 590  ev=0.412  ent=0.576  grad=1.00/0.50  h=5.9 c=25.4  kl=0.0156  vl=0.2113
Step: 9015296 SPS: 590  ev=0.286  ent=0.561  grad=0.83/0.50  h=5.8 c=24.9  kl=0.0129  vl=0.2611
Step: 9019392 SPS: 590  ev=0.332  ent=0.573  grad=1.61/0.50  h=5.9 c=25.1  kl=0.0148  vl=0.2524
Step: 9023488 SPS: 590  ev=0.217  ent=0.598  grad=0.83/0.50  h=5.9 c=26.0  kl=0.0113  vl=0.3425
Step: 9027584 SPS: 590  ev=0.319  ent=0.552  grad=0.79/0.50  h=5.8 c=24.5  kl=0.0163  vl=0.2375
Step: 9031680 SPS: 590  ev=0.178  ent=0.577  grad=1.10/0.50  h=5.8 c=25.3  kl=0.0107  vl=0.2860
Step: 9035776 SPS: 590  ev=0.314  ent=0.554  grad=0.90/0.50  h=5.8 c=24.7  kl=0.0142  vl=0.3041
Step: 9039872 SPS: 590  ev=0.354  ent=0.602  grad=0.86/0.50  h=5.8 c=24.4  kl=0.0174  vl=0.2893
Step: 9043968 SPS: 590  ev=0.292  ent=0.565  grad=0.90/0.50  h=5.8 c=24.7  kl=0.0142  vl=0.3090
Step: 9048064 SPS: 590  ev=0.302  ent=0.576  grad=1.03/0.50  h=5.9 c=24.9  kl=0.0105  vl=0.2520
Step: 9052160 SPS: 590  ev=0.308  ent=0.565  grad=1.18/0.50  h=5.8 c=25.2  kl=0.0127  vl=0.2621
Step: 9056256 SPS: 590  ev=0.249  ent=0.587  grad=1.18/0.50  h=5.7 c=24.8  kl=0.0102  vl=0.2997
Step: 9060352 SPS: 590  ev=0.320  ent=0.574  grad=0.77/0.50  h=5.8 c=25.2  kl=0.0109  vl=0.2417
Step: 9064448 SPS: 590  ev=0.321  ent=0.571  grad=1.07/0.50  h=5.8 c=25.4  kl=0.0134  vl=0.2734
Step: 9068544 SPS: 590  ev=0.356  ent=0.581  grad=0.87/0.50  h=5.9 c=25.3  kl=0.0156  vl=0.2394
Step: 9072640 SPS: 590  ev=0.327  ent=0.548  grad=0.67/0.50  h=5.8 c=25.1  kl=0.0141  vl=0.2842
Step: 9076736 SPS: 590  ev=0.318  ent=0.557  grad=0.72/0.50  h=5.8 c=25.2  kl=0.0138  vl=0.2753
Step: 9080832 SPS: 590  ev=0.378  ent=0.537  grad=0.73/0.50  h=5.8 c=25.1  kl=0.0123  vl=0.2446
Step: 9084928 SPS: 590  ev=0.343  ent=0.573  grad=1.02/0.50  h=5.8 c=25.0  kl=0.0102  vl=0.2475
Step: 9089024 SPS: 590  ev=0.261  ent=0.586  grad=0.73/0.50  h=5.9 c=25.3  kl=0.0119  vl=0.2609
  vs Random: 100W/0L/0D | score=65.8±32.0 inv=2.5 played=20.8 lanes=4.8 ddraw=4.2 pts=66
  Self-play: 41W/59L/3D | score=14.9±26.0 inv=2.3 played=17.0 lanes=4.6 ddraw=1.2 pts=15
Step: 9093120 SPS: 590  ev=0.344  ent=0.571  grad=0.96/0.50  h=5.9 c=25.5  kl=0.0119  vl=0.2235
Step: 9097216 SPS: 590  ev=0.272  ent=0.571  grad=0.75/0.50  h=5.8 c=25.1  kl=0.0147  vl=0.2901
Step: 9101312 SPS: 590  ev=0.279  ent=0.534  grad=0.67/0.50  h=5.8 c=24.8  kl=0.0117  vl=0.2599
Step: 9105408 SPS: 590  ev=0.381  ent=0.555  grad=1.39/0.50  h=5.9 c=25.5  kl=0.0125  vl=0.2426
Step: 9109504 SPS: 590  ev=0.331  ent=0.563  grad=0.60/0.50  h=5.9 c=25.7  kl=0.0109  vl=0.2347
Step: 9113600 SPS: 590  ev=0.315  ent=0.583  grad=0.79/0.50  h=5.8 c=24.7  kl=0.0131  vl=0.2743
Step: 9117696 SPS: 590  ev=0.292  ent=0.572  grad=0.75/0.50  h=5.9 c=25.1  kl=0.0158  vl=0.2681
Step: 9121792 SPS: 590  ev=0.313  ent=0.530  grad=0.87/0.50  h=5.8 c=24.7  kl=0.0134  vl=0.2429
Step: 9125888 SPS: 590  ev=0.337  ent=0.551  grad=1.34/0.50  h=5.8 c=25.2  kl=0.0169  vl=0.2643
Step: 9129984 SPS: 590  ev=0.364  ent=0.567  grad=0.89/0.50  h=5.8 c=25.8  kl=0.0114  vl=0.2214
Step: 9134080 SPS: 590  ev=0.305  ent=0.530  grad=0.60/0.50  h=5.9 c=25.6  kl=0.0160  vl=0.2937
Step: 9138176 SPS: 590  ev=0.349  ent=0.550  grad=0.60/0.50  h=5.8 c=24.9  kl=0.0114  vl=0.2329
Step: 9142272 SPS: 590  ev=0.261  ent=0.547  grad=1.05/0.50  h=5.8 c=25.5  kl=0.0101  vl=0.2665
Step: 9146368 SPS: 590  ev=0.350  ent=0.578  grad=1.02/0.50  h=5.8 c=25.5  kl=0.0172  vl=0.2656
Step: 9150464 SPS: 590  ev=0.260  ent=0.563  grad=0.79/0.50  h=5.8 c=26.0  kl=0.0151  vl=0.2969
Step: 9154560 SPS: 590  ev=0.370  ent=0.571  grad=1.07/0.50  h=5.9 c=26.1  kl=0.0115  vl=0.2414
Step: 9158656 SPS: 590  ev=0.330  ent=0.519  grad=0.84/0.50  h=5.9 c=25.9  kl=0.0131  vl=0.2121
Step: 9162752 SPS: 590  ev=0.345  ent=0.533  grad=1.20/0.50  h=5.9 c=25.6  kl=0.0119  vl=0.2496
Step: 9166848 SPS: 590  ev=0.381  ent=0.560  grad=0.59/0.50  h=5.8 c=25.7  kl=0.0121  vl=0.2034
Step: 9170944 SPS: 590  ev=0.309  ent=0.541  grad=1.54/0.50  h=5.9 c=26.0  kl=0.0116  vl=0.2468
  vs Random: 100W/0L/0D | score=56.0±29.3 inv=2.5 played=20.4 lanes=4.8 ddraw=3.8 pts=56
  Self-play: 52W/49L/0D | score=22.4±28.7 inv=2.5 played=17.0 lanes=4.4 ddraw=1.4 pts=22
Step: 9175040 SPS: 590  ev=0.355  ent=0.558  grad=1.61/0.50  h=5.9 c=25.4  kl=0.0106  vl=0.2946
Step: 9179136 SPS: 590  ev=0.390  ent=0.550  grad=1.05/0.50  h=5.8 c=26.0  kl=0.0132  vl=0.2644
Step: 9183232 SPS: 590  ev=0.296  ent=0.563  grad=1.33/0.50  h=5.8 c=24.8  kl=0.0120  vl=0.2818
Step: 9187328 SPS: 590  ev=0.336  ent=0.566  grad=0.96/0.50  h=5.9 c=26.5  kl=0.0113  vl=0.2576
Step: 9191424 SPS: 590  ev=0.256  ent=0.558  grad=0.96/0.50  h=5.8 c=26.2  kl=0.0142  vl=0.2328
Step: 9195520 SPS: 590  ev=0.364  ent=0.552  grad=0.96/0.50  h=5.8 c=25.3  kl=0.0120  vl=0.2412
Step: 9199616 SPS: 590  ev=0.326  ent=0.533  grad=0.76/0.50  h=5.9 c=26.3  kl=0.0136  vl=0.2505
Step: 9203712 SPS: 590  ev=0.287  ent=0.540  grad=1.31/0.50  h=5.8 c=25.8  kl=0.0106  vl=0.2664
Step: 9207808 SPS: 590  ev=0.284  ent=0.550  grad=0.98/0.50  h=5.8 c=25.8  kl=0.0115  vl=0.3106
Step: 9211904 SPS: 590  ev=0.378  ent=0.549  grad=1.25/0.50  h=5.9 c=26.6  kl=0.0149  vl=0.2363
Step: 9216000 SPS: 590  ev=0.347  ent=0.553  grad=1.48/0.50  h=5.9 c=26.1  kl=0.0136  vl=0.2629
Step: 9220096 SPS: 590  ev=0.356  ent=0.542  grad=0.81/0.50  h=5.8 c=25.2  kl=0.0123  vl=0.2783
Step: 9224192 SPS: 590  ev=0.386  ent=0.544  grad=1.02/0.50  h=5.9 c=26.4  kl=0.0116  vl=0.2272
Step: 9228288 SPS: 590  ev=0.274  ent=0.540  grad=0.63/0.50  h=5.8 c=25.0  kl=0.0118  vl=0.2948
Step: 9232384 SPS: 590  ev=0.353  ent=0.517  grad=1.59/0.50  h=5.9 c=26.7  kl=0.0124  vl=0.2327
Step: 9236480 SPS: 590  ev=0.253  ent=0.543  grad=0.75/0.50  h=5.9 c=26.0  kl=0.0126  vl=0.2798
Step: 9240576 SPS: 590  ev=0.330  ent=0.548  grad=0.71/0.50  h=5.9 c=25.8  kl=0.0149  vl=0.2665
Step: 9244672 SPS: 591  ev=0.339  ent=0.528  grad=0.91/0.50  h=5.8 c=25.5  kl=0.0119  vl=0.2791
Step: 9248768 SPS: 591  ev=0.360  ent=0.527  grad=1.00/0.50  h=5.9 c=25.4  kl=0.0110  vl=0.2714
Step: 9252864 SPS: 591  ev=0.376  ent=0.541  grad=1.27/0.50  h=5.9 c=25.7  kl=0.0121  vl=0.2520
  vs Random: 100W/0L/0D | score=66.9±32.0 inv=2.6 played=21.1 lanes=4.7 ddraw=3.9 pts=67
  Self-play: 54W/51L/5D | score=18.5±23.5 inv=2.4 played=16.8 lanes=4.5 ddraw=1.0 pts=18
Step: 9256960 SPS: 590  ev=0.243  ent=0.534  grad=0.74/0.50  h=5.9 c=26.2  kl=0.0130  vl=0.3061
Step: 9261056 SPS: 590  ev=0.338  ent=0.570  grad=1.16/0.50  h=5.9 c=25.9  kl=0.0135  vl=0.2181
Step: 9265152 SPS: 590  ev=0.275  ent=0.542  grad=0.71/0.50  h=5.9 c=26.4  kl=0.0163  vl=0.3181
Step: 9269248 SPS: 590  ev=0.356  ent=0.550  grad=1.30/0.50  h=6.0 c=25.7  kl=0.0186  vl=0.2965
Step: 9273344 SPS: 590  ev=0.344  ent=0.531  grad=0.67/0.50  h=5.9 c=26.1  kl=0.0143  vl=0.2379
Step: 9277440 SPS: 590  ev=0.226  ent=0.562  grad=1.10/0.50  h=5.9 c=25.6  kl=0.0128  vl=0.2733
Step: 9281536 SPS: 590  ev=0.306  ent=0.520  grad=0.73/0.50  h=5.9 c=25.6  kl=0.0132  vl=0.2756
Step: 9285632 SPS: 590  ev=0.295  ent=0.553  grad=1.09/0.50  h=6.0 c=26.0  kl=0.0128  vl=0.2646
Step: 9289728 SPS: 590  ev=0.350  ent=0.547  grad=0.64/0.50  h=6.0 c=26.0  kl=0.0138  vl=0.2433
Step: 9293824 SPS: 590  ev=0.332  ent=0.577  grad=0.92/0.50  h=5.9 c=25.9  kl=0.0126  vl=0.2534
Step: 9297920 SPS: 590  ev=0.256  ent=0.538  grad=0.75/0.50  h=5.9 c=25.2  kl=0.0132  vl=0.2361
Step: 9302016 SPS: 590  ev=0.373  ent=0.545  grad=0.72/0.50  h=5.9 c=26.3  kl=0.0159  vl=0.2355
Step: 9306112 SPS: 590  ev=0.316  ent=0.554  grad=1.93/0.50  h=6.0 c=26.8  kl=0.0144  vl=0.2492
Step: 9310208 SPS: 590  ev=0.314  ent=0.542  grad=1.15/0.50  h=5.9 c=26.0  kl=0.0118  vl=0.3039
Step: 9314304 SPS: 591  ev=0.291  ent=0.548  grad=0.74/0.50  h=6.0 c=26.7  kl=0.0143  vl=0.2477
Step: 9318400 SPS: 591  ev=0.297  ent=0.558  grad=1.10/0.50  h=5.8 c=26.2  kl=0.0109  vl=0.2908
Step: 9322496 SPS: 591  ev=0.309  ent=0.547  grad=0.79/0.50  h=5.9 c=25.8  kl=0.0110  vl=0.2531
Step: 9326592 SPS: 591  ev=0.299  ent=0.529  grad=0.72/0.50  h=5.9 c=27.0  kl=0.0155  vl=0.2542
Step: 9330688 SPS: 591  ev=0.300  ent=0.539  grad=0.73/0.50  h=5.9 c=25.8  kl=0.0137  vl=0.2675
Step: 9334784 SPS: 591  ev=0.297  ent=0.529  grad=0.73/0.50  h=5.9 c=26.2  kl=0.0131  vl=0.2611
  vs Random: 100W/0L/0D | score=60.3±31.8 inv=2.6 played=20.8 lanes=4.7 ddraw=3.0 pts=60
  Self-play: 55W/44L/4D | score=18.5±27.0 inv=2.6 played=17.1 lanes=4.5 ddraw=1.0 pts=19
Step: 9338880 SPS: 590  ev=0.339  ent=0.520  grad=0.63/0.50  h=5.8 c=25.5  kl=0.0116  vl=0.2459
Step: 9342976 SPS: 590  ev=0.298  ent=0.564  grad=0.80/0.50  h=5.9 c=26.0  kl=0.0106  vl=0.2666
Step: 9347072 SPS: 590  ev=0.341  ent=0.543  grad=1.02/0.50  h=5.9 c=27.3  kl=0.0107  vl=0.2716
Step: 9351168 SPS: 590  ev=0.329  ent=0.537  grad=0.99/0.50  h=5.9 c=26.3  kl=0.0103  vl=0.2857
Step: 9355264 SPS: 590  ev=0.275  ent=0.539  grad=0.85/0.50  h=5.9 c=26.4  kl=0.0111  vl=0.2658
Step: 9359360 SPS: 590  ev=0.287  ent=0.547  grad=1.10/0.50  h=5.9 c=26.5  kl=0.0128  vl=0.2439
Step: 9363456 SPS: 590  ev=0.307  ent=0.545  grad=0.78/0.50  h=5.9 c=26.5  kl=0.0099  vl=0.1839
Step: 9367552 SPS: 590  ev=0.289  ent=0.567  grad=0.85/0.50  h=6.0 c=27.6  kl=0.0106  vl=0.2983
Step: 9371648 SPS: 590  ev=0.333  ent=0.541  grad=2.01/0.50  h=5.8 c=25.6  kl=0.0100  vl=0.2549
Step: 9375744 SPS: 591  ev=0.365  ent=0.504  grad=0.78/0.50  h=5.9 c=25.9  kl=0.0116  vl=0.2103
Step: 9379840 SPS: 591  ev=0.310  ent=0.570  grad=0.74/0.50  h=5.9 c=26.5  kl=0.0135  vl=0.2698
Step: 9383936 SPS: 591  ev=0.285  ent=0.560  grad=1.05/0.50  h=5.8 c=25.6  kl=0.0135  vl=0.2918
Step: 9388032 SPS: 591  ev=0.303  ent=0.555  grad=1.62/0.50  h=5.9 c=27.9  kl=0.0119  vl=0.2271
Step: 9392128 SPS: 591  ev=0.226  ent=0.550  grad=0.74/0.50  h=5.8 c=25.8  kl=0.0134  vl=0.2950
Step: 9396224 SPS: 591  ev=0.244  ent=0.530  grad=1.00/0.50  h=5.9 c=27.0  kl=0.0130  vl=0.2258
Step: 9400320 SPS: 591  ev=0.359  ent=0.559  grad=1.15/0.50  h=5.9 c=26.3  kl=0.0108  vl=0.2435
Step: 9404416 SPS: 591  ev=0.249  ent=0.591  grad=0.65/0.50  h=5.8 c=25.4  kl=0.0135  vl=0.2883
Step: 9408512 SPS: 591  ev=0.339  ent=0.579  grad=2.24/0.50  h=5.9 c=26.7  kl=0.0123  vl=0.2447
Step: 9412608 SPS: 591  ev=0.240  ent=0.536  grad=0.69/0.50  h=5.8 c=25.6  kl=0.0143  vl=0.2703
Step: 9416704 SPS: 591  ev=0.315  ent=0.555  grad=0.72/0.50  h=5.9 c=25.7  kl=0.0144  vl=0.2338
  vs Random: 102W/0L/0D | score=64.5±32.7 inv=3.0 played=20.7 lanes=4.7 ddraw=3.3 pts=65
  Self-play: 48W/51L/1D | score=19.5±27.2 inv=2.5 played=17.0 lanes=4.5 ddraw=0.8 pts=19
Step: 9420800 SPS: 590  ev=0.302  ent=0.570  grad=0.61/0.50  h=6.0 c=28.2  kl=0.0152  vl=0.2451
Step: 9424896 SPS: 590  ev=0.273  ent=0.562  grad=0.61/0.50  h=5.8 c=25.3  kl=0.0164  vl=0.3354
Step: 9428992 SPS: 590  ev=0.250  ent=0.517  grad=1.22/0.50  h=5.9 c=27.3  kl=0.0137  vl=0.2906
Step: 9433088 SPS: 590  ev=0.332  ent=0.542  grad=1.49/0.50  h=5.9 c=27.3  kl=0.0142  vl=0.2497
Step: 9437184 SPS: 590  ev=0.237  ent=0.523  grad=1.03/0.50  h=5.9 c=26.9  kl=0.0109  vl=0.2423
Step: 9441280 SPS: 590  ev=0.250  ent=0.546  grad=0.88/0.50  h=5.9 c=27.6  kl=0.0118  vl=0.2774
Step: 9445376 SPS: 590  ev=0.316  ent=0.574  grad=1.03/0.50  h=5.9 c=26.8  kl=0.0131  vl=0.2266
Step: 9449472 SPS: 590  ev=0.309  ent=0.541  grad=0.87/0.50  h=5.9 c=27.1  kl=0.0126  vl=0.2556
Step: 9453568 SPS: 591  ev=0.270  ent=0.560  grad=0.90/0.50  h=5.9 c=27.4  kl=0.0109  vl=0.2417
Step: 9457664 SPS: 591  ev=0.347  ent=0.544  grad=0.84/0.50  h=5.9 c=27.6  kl=0.0130  vl=0.2374
Step: 9461760 SPS: 591  ev=0.300  ent=0.560  grad=0.74/0.50  h=5.9 c=27.4  kl=0.0108  vl=0.2293
Step: 9465856 SPS: 591  ev=0.331  ent=0.536  grad=0.70/0.50  h=5.8 c=26.8  kl=0.0130  vl=0.2753
Step: 9469952 SPS: 591  ev=0.369  ent=0.548  grad=0.60/0.50  h=5.9 c=28.2  kl=0.0165  vl=0.2653
Step: 9474048 SPS: 591  ev=0.296  ent=0.542  grad=2.06/0.50  h=5.9 c=27.6  kl=0.0118  vl=0.3741
Step: 9478144 SPS: 591  ev=0.353  ent=0.586  grad=0.65/0.50  h=5.9 c=27.8  kl=0.0125  vl=0.1990
Step: 9482240 SPS: 591  ev=0.329  ent=0.560  grad=0.98/0.50  h=5.9 c=27.7  kl=0.0112  vl=0.2342
Step: 9486336 SPS: 591  ev=0.326  ent=0.539  grad=0.87/0.50  h=5.9 c=27.7  kl=0.0134  vl=0.2869
Step: 9490432 SPS: 591  ev=0.333  ent=0.543  grad=0.62/0.50  h=5.9 c=27.9  kl=0.0163  vl=0.2554
Step: 9494528 SPS: 591  ev=0.285  ent=0.555  grad=0.77/0.50  h=5.9 c=28.0  kl=0.0122  vl=0.2714
Step: 9498624 SPS: 591  ev=0.298  ent=0.510  grad=0.82/0.50  h=5.9 c=28.7  kl=0.0104  vl=0.2501
  vs Random: 100W/0L/0D | score=67.7±35.0 inv=2.9 played=21.5 lanes=4.8 ddraw=3.4 pts=68
  Self-play: 60W/42L/1D | score=19.9±26.9 inv=2.8 played=17.8 lanes=4.6 ddraw=0.9 pts=20
Step: 9502720 SPS: 590  ev=0.284  ent=0.550  grad=0.98/0.50  h=5.9 c=27.2  kl=0.0156  vl=0.2835
Step: 9506816 SPS: 590  ev=0.361  ent=0.538  grad=0.78/0.50  h=5.9 c=27.9  kl=0.0138  vl=0.2577
Step: 9510912 SPS: 590  ev=0.328  ent=0.534  grad=0.86/0.50  h=5.9 c=28.0  kl=0.0135  vl=0.2494
Step: 9515008 SPS: 591  ev=0.364  ent=0.507  grad=1.30/0.50  h=5.9 c=27.7  kl=0.0134  vl=0.2422
Step: 9519104 SPS: 591  ev=0.367  ent=0.501  grad=0.77/0.50  h=6.0 c=29.3  kl=0.0107  vl=0.2424
Step: 9523200 SPS: 591  ev=0.303  ent=0.502  grad=0.75/0.50  h=5.9 c=27.6  kl=0.0151  vl=0.2712
Step: 9527296 SPS: 591  ev=0.288  ent=0.545  grad=0.74/0.50  h=5.9 c=28.3  kl=0.0125  vl=0.2663
Step: 9531392 SPS: 591  ev=0.246  ent=0.553  grad=0.70/0.50  h=6.0 c=28.9  kl=0.0105  vl=0.2911
Step: 9535488 SPS: 591  ev=0.321  ent=0.540  grad=1.08/0.50  h=5.9 c=27.5  kl=0.0134  vl=0.2132
Step: 9539584 SPS: 591  ev=0.333  ent=0.560  grad=0.76/0.50  h=5.9 c=27.9  kl=0.0109  vl=0.2394
Step: 9543680 SPS: 591  ev=0.290  ent=0.491  grad=1.83/0.50  h=5.9 c=27.2  kl=0.0066  vl=0.2839
Step: 9547776 SPS: 591  ev=0.321  ent=0.548  grad=0.74/0.50  h=5.9 c=27.8  kl=0.0134  vl=0.2733
Step: 9551872 SPS: 591  ev=0.303  ent=0.537  grad=1.42/0.50  h=5.9 c=28.1  kl=0.0137  vl=0.2832
Step: 9555968 SPS: 591  ev=0.334  ent=0.533  grad=2.21/0.50  h=6.0 c=28.1  kl=0.0152  vl=0.2874
Step: 9560064 SPS: 591  ev=0.285  ent=0.564  grad=0.70/0.50  h=6.0 c=28.8  kl=0.0132  vl=0.3297
Step: 9564160 SPS: 591  ev=0.309  ent=0.582  grad=0.82/0.50  h=5.9 c=28.1  kl=0.0178  vl=0.2174
Step: 9568256 SPS: 591  ev=0.357  ent=0.513  grad=0.99/0.50  h=6.0 c=28.8  kl=0.0105  vl=0.2761
Step: 9572352 SPS: 591  ev=0.369  ent=0.581  grad=0.98/0.50  h=5.9 c=28.2  kl=0.0140  vl=0.2870
Step: 9576448 SPS: 591  ev=0.291  ent=0.539  grad=0.75/0.50  h=5.9 c=27.9  kl=0.0109  vl=0.2540
Step: 9580544 SPS: 591  ev=0.327  ent=0.538  grad=1.76/0.50  h=6.0 c=28.5  kl=0.0109  vl=0.2388
  vs Random: 100W/0L/0D | score=64.0±30.1 inv=2.9 played=21.5 lanes=4.7 ddraw=2.7 pts=64
  Self-play: 40W/59L/1D | score=14.9±26.8 inv=2.6 played=17.6 lanes=4.7 ddraw=1.1 pts=15
Step: 9584640 SPS: 590  ev=0.341  ent=0.538  grad=1.43/0.50  h=6.0 c=28.7  kl=0.0142  vl=0.2408
Step: 9588736 SPS: 590  ev=0.319  ent=0.522  grad=1.18/0.50  h=6.0 c=28.3  kl=0.0135  vl=0.2445
Step: 9592832 SPS: 591  ev=0.313  ent=0.568  grad=0.95/0.50  h=5.9 c=27.7  kl=0.0123  vl=0.2616
Step: 9596928 SPS: 591  ev=0.322  ent=0.541  grad=0.69/0.50  h=6.0 c=27.6  kl=0.0140  vl=0.2629
Step: 9601024 SPS: 591  ev=0.322  ent=0.547  grad=0.76/0.50  h=6.0 c=29.6  kl=0.0179  vl=0.2203
Step: 9605120 SPS: 591  ev=0.285  ent=0.496  grad=1.49/0.50  h=5.9 c=27.8  kl=0.0128  vl=0.2481
Step: 9609216 SPS: 591  ev=0.350  ent=0.551  grad=1.38/0.50  h=6.0 c=28.0  kl=0.0106  vl=0.2704
Step: 9613312 SPS: 591  ev=0.278  ent=0.530  grad=0.86/0.50  h=5.9 c=27.9  kl=0.0101  vl=0.3060
Step: 9617408 SPS: 591  ev=0.332  ent=0.492  grad=1.37/0.50  h=5.9 c=27.0  kl=0.0101  vl=0.2442
Step: 9621504 SPS: 591  ev=0.319  ent=0.554  grad=0.94/0.50  h=5.9 c=28.2  kl=0.0116  vl=0.2681
Step: 9625600 SPS: 591  ev=0.358  ent=0.528  grad=1.14/0.50  h=6.0 c=28.4  kl=0.0155  vl=0.2427
Step: 9629696 SPS: 591  ev=0.365  ent=0.548  grad=0.84/0.50  h=6.1 c=29.0  kl=0.0103  vl=0.2202
Step: 9633792 SPS: 591  ev=0.337  ent=0.537  grad=1.24/0.50  h=6.0 c=28.0  kl=0.0152  vl=0.2860
Step: 9637888 SPS: 591  ev=0.347  ent=0.545  grad=0.80/0.50  h=6.0 c=28.2  kl=0.0119  vl=0.2424
Step: 9641984 SPS: 591  ev=0.360  ent=0.538  grad=0.80/0.50  h=5.9 c=27.5  kl=0.0104  vl=0.2695
Step: 9646080 SPS: 591  ev=0.264  ent=0.545  grad=0.89/0.50  h=6.0 c=28.6  kl=0.0143  vl=0.2686
Step: 9650176 SPS: 591  ev=0.307  ent=0.557  grad=1.32/0.50  h=6.1 c=29.2  kl=0.0124  vl=0.2639
Step: 9654272 SPS: 591  ev=0.314  ent=0.537  grad=1.19/0.50  h=6.0 c=28.0  kl=0.0121  vl=0.2420
Step: 9658368 SPS: 591  ev=0.391  ent=0.520  grad=1.01/0.50  h=6.1 c=29.6  kl=0.0102  vl=0.2443
Step: 9662464 SPS: 591  ev=0.296  ent=0.539  grad=0.85/0.50  h=6.0 c=29.1  kl=0.0102  vl=0.2660
  vs Random: 100W/0L/0D | score=59.5±29.2 inv=3.0 played=21.4 lanes=4.8 ddraw=3.0 pts=59
  Self-play: 53W/52L/1D | score=13.2±30.0 inv=2.8 played=17.4 lanes=4.5 ddraw=1.0 pts=13
Step: 9666560 SPS: 591  ev=0.314  ent=0.563  grad=0.58/0.50  h=6.0 c=28.2  kl=0.0184  vl=0.2289
Step: 9670656 SPS: 591  ev=0.303  ent=0.546  grad=1.07/0.50  h=6.0 c=28.6  kl=0.0105  vl=0.2174
Step: 9674752 SPS: 591  ev=0.288  ent=0.522  grad=0.74/0.50  h=6.0 c=28.3  kl=0.0125  vl=0.2593
Step: 9678848 SPS: 591  ev=0.307  ent=0.562  grad=0.85/0.50  h=6.0 c=28.4  kl=0.0156  vl=0.2692
Step: 9682944 SPS: 591  ev=0.359  ent=0.538  grad=1.11/0.50  h=6.1 c=29.9  kl=0.0149  vl=0.2513
Step: 9687040 SPS: 591  ev=0.348  ent=0.530  grad=0.87/0.50  h=5.9 c=27.4  kl=0.0119  vl=0.2343
Step: 9691136 SPS: 591  ev=0.318  ent=0.526  grad=0.67/0.50  h=6.1 c=29.1  kl=0.0116  vl=0.2785
Step: 9695232 SPS: 591  ev=0.284  ent=0.524  grad=0.77/0.50  h=6.1 c=29.3  kl=0.0113  vl=0.2471
Step: 9699328 SPS: 591  ev=0.363  ent=0.521  grad=0.83/0.50  h=6.0 c=28.3  kl=0.0132  vl=0.2106
Step: 9703424 SPS: 591  ev=0.302  ent=0.540  grad=0.80/0.50  h=6.1 c=30.0  kl=0.0149  vl=0.2853
Step: 9707520 SPS: 591  ev=0.336  ent=0.528  grad=0.80/0.50  h=6.0 c=27.7  kl=0.0138  vl=0.2525
Step: 9711616 SPS: 591  ev=0.301  ent=0.522  grad=0.77/0.50  h=6.0 c=29.4  kl=0.0161  vl=0.2608
Step: 9715712 SPS: 591  ev=0.324  ent=0.565  grad=1.32/0.50  h=6.1 c=28.9  kl=0.0115  vl=0.2260
Step: 9719808 SPS: 591  ev=0.359  ent=0.527  grad=0.88/0.50  h=6.0 c=28.8  kl=0.0121  vl=0.2465
Step: 9723904 SPS: 591  ev=0.352  ent=0.561  grad=0.79/0.50  h=6.1 c=29.7  kl=0.0131  vl=0.2351
Step: 9728000 SPS: 591  ev=0.366  ent=0.527  grad=0.92/0.50  h=6.0 c=28.2  kl=0.0101  vl=0.2454
Step: 9732096 SPS: 591  ev=0.295  ent=0.542  grad=0.69/0.50  h=6.1 c=29.4  kl=0.0127  vl=0.2724
Step: 9736192 SPS: 591  ev=0.340  ent=0.533  grad=0.91/0.50  h=6.0 c=28.5  kl=0.0130  vl=0.2090
Step: 9740288 SPS: 591  ev=0.322  ent=0.535  grad=1.31/0.50  h=6.0 c=28.4  kl=0.0100  vl=0.3115
Step: 9744384 SPS: 591  ev=0.320  ent=0.520  grad=0.62/0.50  h=6.0 c=29.2  kl=0.0120  vl=0.2441
  vs Random: 101W/0L/0D | score=64.1±32.3 inv=2.9 played=21.6 lanes=4.8 ddraw=2.9 pts=64
  Self-play: 54W/48L/0D | score=20.4±25.4 inv=2.9 played=18.0 lanes=4.6 ddraw=1.1 pts=20
Step: 9748480 SPS: 591  ev=0.381  ent=0.521  grad=0.59/0.50  h=6.0 c=28.6  kl=0.0131  vl=0.2319
Step: 9752576 SPS: 591  ev=0.303  ent=0.525  grad=1.76/0.50  h=6.2 c=30.5  kl=0.0135  vl=0.2264
Step: 9756672 SPS: 591  ev=0.291  ent=0.534  grad=1.30/0.50  h=6.0 c=28.1  kl=0.0129  vl=0.2473
Step: 9760768 SPS: 591  ev=0.321  ent=0.499  grad=0.71/0.50  h=6.1 c=29.2  kl=0.0134  vl=0.2483
Step: 9764864 SPS: 591  ev=0.316  ent=0.564  grad=1.25/0.50  h=6.1 c=29.3  kl=0.0158  vl=0.2303
Step: 9768960 SPS: 591  ev=0.327  ent=0.571  grad=0.95/0.50  h=6.1 c=28.7  kl=0.0161  vl=0.2374
Step: 9773056 SPS: 591  ev=0.306  ent=0.526  grad=0.89/0.50  h=6.2 c=29.6  kl=0.0117  vl=0.2326
Step: 9777152 SPS: 591  ev=0.292  ent=0.580  grad=0.92/0.50  h=6.0 c=27.7  kl=0.0119  vl=0.2746
Step: 9781248 SPS: 591  ev=0.309  ent=0.551  grad=1.11/0.50  h=6.2 c=29.7  kl=0.0154  vl=0.2789
Step: 9785344 SPS: 591  ev=0.295  ent=0.527  grad=0.98/0.50  h=6.2 c=30.3  kl=0.0185  vl=0.2602
Step: 9789440 SPS: 591  ev=0.348  ent=0.539  grad=0.70/0.50  h=6.1 c=28.4  kl=0.0223  vl=0.2771
Step: 9793536 SPS: 591  ev=0.297  ent=0.525  grad=1.07/0.50  h=6.2 c=30.2  kl=0.0077  vl=0.2778
Step: 9797632 SPS: 591  ev=0.373  ent=0.539  grad=0.79/0.50  h=6.1 c=29.5  kl=0.0098  vl=0.2413
Step: 9801728 SPS: 591  ev=0.370  ent=0.528  grad=1.37/0.50  h=6.1 c=29.3  kl=0.0101  vl=0.2796
Step: 9805824 SPS: 591  ev=0.356  ent=0.504  grad=0.70/0.50  h=6.2 c=30.5  kl=0.0076  vl=0.2634
Step: 9809920 SPS: 591  ev=0.305  ent=0.522  grad=0.67/0.50  h=6.1 c=29.3  kl=0.0088  vl=0.2758
Step: 9814016 SPS: 591  ev=0.391  ent=0.517  grad=0.68/0.50  h=6.2 c=29.7  kl=0.0099  vl=0.2183
Step: 9818112 SPS: 591  ev=0.305  ent=0.551  grad=0.78/0.50  h=6.1 c=29.1  kl=0.0086  vl=0.2789
Step: 9822208 SPS: 591  ev=0.339  ent=0.526  grad=1.53/0.50  h=6.0 c=28.4  kl=0.0078  vl=0.2551
Step: 9826304 SPS: 591  ev=0.329  ent=0.542  grad=1.08/0.50  h=6.0 c=28.6  kl=0.0093  vl=0.2464
  vs Random: 100W/0L/0D | score=62.5±33.5 inv=2.8 played=21.1 lanes=4.8 ddraw=3.5 pts=63
  Self-play: 44W/62L/1D | score=15.3±27.6 inv=2.7 played=17.2 lanes=4.6 ddraw=0.8 pts=15
Step: 9830400 SPS: 591  ev=0.324  ent=0.542  grad=0.79/0.50  h=6.1 c=29.1  kl=0.0120  vl=0.2893
Step: 9834496 SPS: 591  ev=0.282  ent=0.492  grad=0.89/0.50  h=6.1 c=29.6  kl=0.0098  vl=0.2833
Step: 9838592 SPS: 591  ev=0.309  ent=0.506  grad=0.79/0.50  h=6.1 c=29.1  kl=0.0085  vl=0.2415
Step: 9842688 SPS: 591  ev=0.321  ent=0.543  grad=0.80/0.50  h=6.0 c=28.3  kl=0.0083  vl=0.2710
Step: 9846784 SPS: 591  ev=0.344  ent=0.552  grad=1.09/0.50  h=6.1 c=29.6  kl=0.0104  vl=0.2787
Step: 9850880 SPS: 591  ev=0.321  ent=0.567  grad=1.05/0.50  h=6.0 c=28.3  kl=0.0086  vl=0.2261
Step: 9854976 SPS: 591  ev=0.308  ent=0.544  grad=1.06/0.50  h=6.1 c=29.0  kl=0.0094  vl=0.2898
Step: 9859072 SPS: 591  ev=0.333  ent=0.562  grad=1.23/0.50  h=6.1 c=29.4  kl=0.0094  vl=0.2381
Step: 9863168 SPS: 591  ev=0.344  ent=0.507  grad=0.80/0.50  h=6.1 c=28.8  kl=0.0090  vl=0.2550
Step: 9867264 SPS: 591  ev=0.352  ent=0.518  grad=1.55/0.50  h=6.2 c=30.4  kl=0.0090  vl=0.2622
Step: 9871360 SPS: 591  ev=0.384  ent=0.565  grad=1.36/0.50  h=6.0 c=28.4  kl=0.0083  vl=0.2110
Step: 9875456 SPS: 591  ev=0.309  ent=0.563  grad=1.35/0.50  h=6.1 c=29.1  kl=0.0099  vl=0.3028
Step: 9879552 SPS: 591  ev=0.357  ent=0.537  grad=1.12/0.50  h=6.1 c=29.4  kl=0.0092  vl=0.2027
Step: 9883648 SPS: 591  ev=0.331  ent=0.499  grad=0.76/0.50  h=6.0 c=28.6  kl=0.0060  vl=0.2749
Step: 9887744 SPS: 591  ev=0.311  ent=0.542  grad=0.80/0.50  h=6.2 c=30.4  kl=0.0086  vl=0.2375
Step: 9891840 SPS: 591  ev=0.336  ent=0.539  grad=1.42/0.50  h=6.1 c=29.1  kl=0.0102  vl=0.2322
Step: 9895936 SPS: 591  ev=0.380  ent=0.536  grad=1.49/0.50  h=6.1 c=29.7  kl=0.0072  vl=0.2796
Step: 9900032 SPS: 591  ev=0.311  ent=0.540  grad=0.74/0.50  h=6.1 c=29.3  kl=0.0084  vl=0.2340
Step: 9904128 SPS: 591  ev=0.325  ent=0.537  grad=1.59/0.50  h=6.0 c=29.2  kl=0.0069  vl=0.2770
Step: 9908224 SPS: 591  ev=0.278  ent=0.538  grad=1.26/0.50  h=6.1 c=29.8  kl=0.0061  vl=0.2388
  vs Random: 101W/0L/0D | score=61.5±29.5 inv=3.1 played=20.9 lanes=4.7 ddraw=3.7 pts=61
  Self-play: 47W/57L/4D | score=15.3±28.3 inv=2.8 played=17.5 lanes=4.6 ddraw=1.0 pts=15
Step: 9912320 SPS: 591  ev=0.349  ent=0.539  grad=0.97/0.50  h=6.0 c=28.5  kl=0.0067  vl=0.2420
Step: 9916416 SPS: 591  ev=0.312  ent=0.532  grad=0.82/0.50  h=6.1 c=29.4  kl=0.0080  vl=0.2743
Step: 9920512 SPS: 591  ev=0.240  ent=0.559  grad=1.58/0.50  h=6.1 c=29.1  kl=0.0088  vl=0.2547
Step: 9924608 SPS: 591  ev=0.326  ent=0.538  grad=0.82/0.50  h=6.1 c=29.4  kl=0.0090  vl=0.2475
Step: 9928704 SPS: 591  ev=0.324  ent=0.557  grad=0.74/0.50  h=6.1 c=29.6  kl=0.0085  vl=0.2326
Step: 9932800 SPS: 591  ev=0.246  ent=0.555  grad=1.79/0.50  h=5.9 c=28.3  kl=0.0072  vl=0.2536
Step: 9936896 SPS: 591  ev=0.304  ent=0.566  grad=0.77/0.50  h=6.1 c=29.2  kl=0.0086  vl=0.2416
Step: 9940992 SPS: 591  ev=0.273  ent=0.521  grad=0.66/0.50  h=6.0 c=28.8  kl=0.0108  vl=0.3136
Step: 9945088 SPS: 591  ev=0.323  ent=0.556  grad=0.67/0.50  h=6.0 c=28.2  kl=0.0106  vl=0.2822
Step: 9949184 SPS: 591  ev=0.321  ent=0.568  grad=0.70/0.50  h=6.1 c=29.5  kl=0.0090  vl=0.2789
Step: 9953280 SPS: 591  ev=0.335  ent=0.541  grad=1.04/0.50  h=6.0 c=28.1  kl=0.0057  vl=0.2363
Step: 9957376 SPS: 591  ev=0.303  ent=0.548  grad=0.74/0.50  h=6.1 c=30.1  kl=0.0086  vl=0.2785
Step: 9961472 SPS: 591  ev=0.364  ent=0.557  grad=0.68/0.50  h=6.1 c=29.1  kl=0.0066  vl=0.2089
Step: 9965568 SPS: 591  ev=0.334  ent=0.523  grad=1.29/0.50  h=5.9 c=27.7  kl=0.0101  vl=0.2417
Step: 9969664 SPS: 591  ev=0.304  ent=0.520  grad=1.35/0.50  h=6.1 c=29.9  kl=0.0090  vl=0.2580
Step: 9973760 SPS: 591  ev=0.298  ent=0.527  grad=1.03/0.50  h=6.1 c=29.4  kl=0.0086  vl=0.2906
Step: 9977856 SPS: 591  ev=0.310  ent=0.549  grad=1.19/0.50  h=6.1 c=29.3  kl=0.0069  vl=0.2274
Step: 9981952 SPS: 591  ev=0.346  ent=0.545  grad=0.79/0.50  h=6.0 c=28.2  kl=0.0098  vl=0.2914
Step: 9986048 SPS: 591  ev=0.313  ent=0.549  grad=0.78/0.50  h=6.0 c=28.6  kl=0.0107  vl=0.3118
Step: 9990144 SPS: 591  ev=0.280  ent=0.543  grad=0.92/0.50  h=6.1 c=29.9  kl=0.0067  vl=0.2582
  vs Random: 100W/0L/0D | score=59.9±33.9 inv=3.0 played=21.0 lanes=4.8 ddraw=3.8 pts=60
  Self-play: 54W/47L/2D | score=16.8±26.0 inv=2.7 played=17.4 lanes=4.6 ddraw=1.2 pts=17
Step: 9994240 SPS: 591  ev=0.245  ent=0.530  grad=0.85/0.50  h=6.1 c=29.1  kl=0.0094  vl=0.2828
Step: 9998336 SPS: 591  ev=0.306  ent=0.547  grad=1.01/0.50  h=6.0 c=29.5  kl=0.0072  vl=0.1956
Step: 10002432 SPS: 591  ev=0.303  ent=0.525  grad=1.02/0.50  h=6.0 c=28.4  kl=0.0080  vl=0.2497
Step: 10006528 SPS: 591  ev=0.309  ent=0.529  grad=1.88/0.50  h=6.1 c=29.0  kl=0.0084  vl=0.2661
Step: 10010624 SPS: 591  ev=0.295  ent=0.536  grad=0.88/0.50  h=6.0 c=29.0  kl=0.0110  vl=0.2376
Step: 10014720 SPS: 591  ev=0.333  ent=0.537  grad=0.79/0.50  h=6.0 c=28.4  kl=0.0112  vl=0.2623
Step: 10018816 SPS: 591  ev=0.354  ent=0.533  grad=0.71/0.50  h=6.1 c=29.8  kl=0.0069  vl=0.2430
Step: 10022912 SPS: 591  ev=0.323  ent=0.528  grad=0.95/0.50  h=6.0 c=28.7  kl=0.0081  vl=0.2688
Step: 10027008 SPS: 591  ev=0.270  ent=0.512  grad=0.73/0.50  h=6.1 c=29.9  kl=0.0077  vl=0.2394
Step: 10031104 SPS: 591  ev=0.314  ent=0.541  grad=0.69/0.50  h=6.1 c=30.0  kl=0.0077  vl=0.2583
Step: 10035200 SPS: 591  ev=0.336  ent=0.493  grad=0.77/0.50  h=6.0 c=28.7  kl=0.0068  vl=0.2386
Step: 10039296 SPS: 591  ev=0.330  ent=0.569  grad=0.81/0.50  h=6.1 c=30.2  kl=0.0111  vl=0.2814
Step: 10043392 SPS: 591  ev=0.311  ent=0.530  grad=0.96/0.50  h=6.0 c=28.6  kl=0.0085  vl=0.2488
Step: 10047488 SPS: 591  ev=0.324  ent=0.527  grad=1.02/0.50  h=6.1 c=30.7  kl=0.0103  vl=0.2606
Step: 10051584 SPS: 591  ev=0.328  ent=0.521  grad=0.72/0.50  h=6.1 c=29.8  kl=0.0077  vl=0.2522
Step: 10055680 SPS: 591  ev=0.316  ent=0.495  grad=1.05/0.50  h=6.1 c=29.2  kl=0.0084  vl=0.2845
Step: 10059776 SPS: 591  ev=0.274  ent=0.530  grad=0.77/0.50  h=6.1 c=30.8  kl=0.0111  vl=0.2546
Step: 10063872 SPS: 591  ev=0.355  ent=0.511  grad=0.87/0.50  h=6.0 c=29.3  kl=0.0077  vl=0.2647
Step: 10067968 SPS: 591  ev=0.343  ent=0.538  grad=1.76/0.50  h=6.1 c=30.9  kl=0.0082  vl=0.2269
Step: 10072064 SPS: 591  ev=0.315  ent=0.531  grad=0.92/0.50  h=6.0 c=29.4  kl=0.0069  vl=0.2499
  vs Random: 100W/0L/0D | score=63.3±35.0 inv=3.2 played=20.9 lanes=4.7 ddraw=3.2 pts=63
  Self-play: 52W/49L/1D | score=21.7±27.9 inv=2.5 played=17.7 lanes=4.5 ddraw=0.7 pts=22
Step: 10076160 SPS: 591  ev=0.373  ent=0.501  grad=1.17/0.50  h=6.1 c=29.2  kl=0.0065  vl=0.2516
Step: 10080256 SPS: 591  ev=0.360  ent=0.511  grad=0.96/0.50  h=6.0 c=30.3  kl=0.0102  vl=0.2976
Step: 10084352 SPS: 591  ev=0.240  ent=0.511  grad=0.96/0.50  h=6.1 c=29.6  kl=0.0064  vl=0.2909
Step: 10088448 SPS: 591  ev=0.374  ent=0.500  grad=0.76/0.50  h=6.2 c=31.2  kl=0.0079  vl=0.2262
Step: 10092544 SPS: 591  ev=0.357  ent=0.513  grad=0.71/0.50  h=6.1 c=29.8  kl=0.0100  vl=0.2863
Step: 10096640 SPS: 591  ev=0.289  ent=0.533  grad=1.11/0.50  h=6.1 c=30.0  kl=0.0068  vl=0.2151
Step: 10100736 SPS: 591  ev=0.310  ent=0.528  grad=0.88/0.50  h=6.1 c=30.5  kl=0.0078  vl=0.2607
Step: 10104832 SPS: 591  ev=0.397  ent=0.527  grad=0.81/0.50  h=6.0 c=29.2  kl=0.0071  vl=0.2398
Step: 10108928 SPS: 591  ev=0.327  ent=0.514  grad=1.06/0.50  h=6.2 c=30.5  kl=0.0078  vl=0.2821
Step: 10113024 SPS: 591  ev=0.287  ent=0.546  grad=0.67/0.50  h=6.1 c=29.7  kl=0.0068  vl=0.2888
Step: 10117120 SPS: 591  ev=0.329  ent=0.541  grad=0.95/0.50  h=6.1 c=28.9  kl=0.0070  vl=0.2342
Step: 10121216 SPS: 591  ev=0.317  ent=0.488  grad=1.03/0.50  h=6.1 c=29.9  kl=0.0097  vl=0.2833
Step: 10125312 SPS: 591  ev=0.276  ent=0.535  grad=1.05/0.50  h=6.2 c=30.8  kl=0.0068  vl=0.2417
Step: 10129408 SPS: 591  ev=0.347  ent=0.530  grad=2.00/0.50  h=6.2 c=30.8  kl=0.0072  vl=0.2433
Step: 10133504 SPS: 591  ev=0.264  ent=0.530  grad=0.91/0.50  h=6.1 c=29.7  kl=0.0080  vl=0.2694
Step: 10137600 SPS: 591  ev=0.306  ent=0.535  grad=0.85/0.50  h=6.1 c=29.8  kl=0.0061  vl=0.2158
Step: 10141696 SPS: 591  ev=0.339  ent=0.528  grad=0.85/0.50  h=6.1 c=30.3  kl=0.0086  vl=0.2487
Step: 10145792 SPS: 591  ev=0.295  ent=0.520  grad=0.71/0.50  h=6.0 c=29.2  kl=0.0106  vl=0.2723
Step: 10149888 SPS: 591  ev=0.294  ent=0.512  grad=0.69/0.50  h=6.2 c=30.6  kl=0.0070  vl=0.2778
Step: 10153984 SPS: 591  ev=0.302  ent=0.513  grad=0.88/0.50  h=6.1 c=29.7  kl=0.0075  vl=0.2841
  vs Random: 101W/1L/0D | score=64.6±33.7 inv=2.8 played=21.4 lanes=4.8 ddraw=3.2 pts=65
  Self-play: 47W/52L/2D | score=16.0±25.6 inv=2.8 played=17.5 lanes=4.5 ddraw=0.8 pts=16
Step: 10158080 SPS: 591  ev=0.287  ent=0.531  grad=0.83/0.50  h=6.0 c=28.8  kl=0.0082  vl=0.3008
Step: 10162176 SPS: 591  ev=0.365  ent=0.511  grad=1.22/0.50  h=6.1 c=29.7  kl=0.0087  vl=0.2643
Step: 10166272 SPS: 591  ev=0.328  ent=0.522  grad=0.65/0.50  h=6.1 c=29.4  kl=0.0084  vl=0.2601
Step: 10170368 SPS: 591  ev=0.328  ent=0.498  grad=0.82/0.50  h=6.2 c=30.6  kl=0.0081  vl=0.2844
Step: 10174464 SPS: 591  ev=0.349  ent=0.546  grad=1.03/0.50  h=6.1 c=29.6  kl=0.0089  vl=0.2066
Step: 10178560 SPS: 591  ev=0.297  ent=0.527  grad=0.80/0.50  h=6.1 c=29.3  kl=0.0084  vl=0.2958
Step: 10182656 SPS: 591  ev=0.274  ent=0.533  grad=1.07/0.50  h=6.1 c=29.0  kl=0.0066  vl=0.2467
Step: 10186752 SPS: 591  ev=0.315  ent=0.503  grad=1.02/0.50  h=6.1 c=29.9  kl=0.0089  vl=0.2398
Step: 10190848 SPS: 591  ev=0.342  ent=0.534  grad=1.06/0.50  h=6.1 c=29.5  kl=0.0067  vl=0.2745
Step: 10194944 SPS: 591  ev=0.307  ent=0.537  grad=1.37/0.50  h=6.1 c=30.3  kl=0.0101  vl=0.2872
Step: 10199040 SPS: 591  ev=0.308  ent=0.529  grad=0.79/0.50  h=6.2 c=30.9  kl=0.0044  vl=0.2525
Step: 10203136 SPS: 591  ev=0.373  ent=0.525  grad=0.64/0.50  h=6.1 c=29.3  kl=0.0134  vl=0.2683
Step: 10207232 SPS: 591  ev=0.340  ent=0.538  grad=1.32/0.50  h=6.1 c=28.8  kl=0.0137  vl=0.2456
Step: 10211328 SPS: 591  ev=0.238  ent=0.495  grad=0.98/0.50  h=6.0 c=28.7  kl=0.0101  vl=0.3121
Step: 10215424 SPS: 591  ev=0.396  ent=0.543  grad=0.78/0.50  h=6.1 c=30.2  kl=0.0159  vl=0.2674
Step: 10219520 SPS: 591  ev=0.289  ent=0.509  grad=1.20/0.50  h=6.1 c=29.7  kl=0.0131  vl=0.3207
Step: 10223616 SPS: 591  ev=0.314  ent=0.528  grad=0.93/0.50  h=6.1 c=29.9  kl=0.0126  vl=0.2356
Step: 10227712 SPS: 591  ev=0.334  ent=0.511  grad=1.10/0.50  h=6.0 c=30.1  kl=0.0104  vl=0.2342
Step: 10231808 SPS: 591  ev=0.308  ent=0.517  grad=0.80/0.50  h=6.0 c=29.2  kl=0.0110  vl=0.3393
Step: 10235904 SPS: 591  ev=0.296  ent=0.527  grad=1.11/0.50  h=6.1 c=30.5  kl=0.0115  vl=0.2806
  vs Random: 100W/0L/0D | score=64.8±32.4 inv=3.0 played=21.6 lanes=4.8 ddraw=3.6 pts=65
  Self-play: 49W/49L/3D | score=21.2±28.4 inv=2.7 played=17.8 lanes=4.6 ddraw=0.8 pts=21
Step: 10240000 SPS: 591  ev=0.351  ent=0.519  grad=0.76/0.50  h=6.1 c=29.9  kl=0.0131  vl=0.2294
Step: 10244096 SPS: 591  ev=0.323  ent=0.548  grad=1.11/0.50  h=6.2 c=30.9  kl=0.0130  vl=0.2483
Step: 10248192 SPS: 591  ev=0.346  ent=0.521  grad=1.04/0.50  h=6.2 c=32.1  kl=0.0104  vl=0.2543
Step: 10252288 SPS: 591  ev=0.289  ent=0.521  grad=1.32/0.50  h=6.1 c=29.8  kl=0.0120  vl=0.2611
Step: 10256384 SPS: 591  ev=0.329  ent=0.503  grad=1.35/0.50  h=6.2 c=31.5  kl=0.0138  vl=0.2712
Step: 10260480 SPS: 591  ev=0.376  ent=0.535  grad=0.75/0.50  h=6.2 c=31.8  kl=0.0135  vl=0.2487
Step: 10264576 SPS: 591  ev=0.197  ent=0.513  grad=0.91/0.50  h=6.1 c=30.3  kl=0.0153  vl=0.3275
Step: 10268672 SPS: 591  ev=0.344  ent=0.529  grad=0.99/0.50  h=6.2 c=32.0  kl=0.0121  vl=0.2247
Step: 10272768 SPS: 591  ev=0.344  ent=0.524  grad=0.66/0.50  h=6.1 c=30.1  kl=0.0109  vl=0.2725
Step: 10276864 SPS: 591  ev=0.329  ent=0.502  grad=0.68/0.50  h=6.2 c=31.3  kl=0.0133  vl=0.2488
Step: 10280960 SPS: 591  ev=0.305  ent=0.535  grad=0.78/0.50  h=6.1 c=30.7  kl=0.0108  vl=0.2419
Step: 10285056 SPS: 591  ev=0.265  ent=0.518  grad=0.69/0.50  h=6.2 c=31.4  kl=0.0132  vl=0.2712
Step: 10289152 SPS: 591  ev=0.314  ent=0.493  grad=0.67/0.50  h=6.1 c=30.3  kl=0.0111  vl=0.2537
Step: 10293248 SPS: 591  ev=0.265  ent=0.573  grad=1.04/0.50  h=6.1 c=29.7  kl=0.0102  vl=0.2743
Step: 10297344 SPS: 591  ev=0.381  ent=0.506  grad=0.63/0.50  h=6.1 c=30.5  kl=0.0135  vl=0.2113
Step: 10301440 SPS: 591  ev=0.297  ent=0.545  grad=0.77/0.50  h=6.1 c=31.1  kl=0.0147  vl=0.2567
Step: 10305536 SPS: 591  ev=0.305  ent=0.551  grad=1.39/0.50  h=6.1 c=31.2  kl=0.0161  vl=0.2584
Step: 10309632 SPS: 591  ev=0.357  ent=0.548  grad=0.78/0.50  h=6.1 c=30.7  kl=0.0101  vl=0.2368
Step: 10313728 SPS: 591  ev=0.281  ent=0.531  grad=0.67/0.50  h=6.1 c=30.4  kl=0.0115  vl=0.2466
Step: 10317824 SPS: 591  ev=0.264  ent=0.508  grad=0.70/0.50  h=6.1 c=30.7  kl=0.0124  vl=0.2563
  vs Random: 100W/0L/0D | score=66.1±31.4 inv=2.9 played=21.7 lanes=4.8 ddraw=3.0 pts=66
  Self-play: 52W/48L/0D | score=17.9±24.6 inv=2.4 played=17.3 lanes=4.6 ddraw=0.8 pts=18
Step: 10321920 SPS: 591  ev=0.377  ent=0.514  grad=0.60/0.50  h=6.1 c=30.8  kl=0.0116  vl=0.2096
Step: 10326016 SPS: 591  ev=0.344  ent=0.525  grad=0.69/0.50  h=6.1 c=30.6  kl=0.0130  vl=0.2695
Step: 10330112 SPS: 591  ev=0.344  ent=0.505  grad=0.91/0.50  h=6.2 c=31.4  kl=0.0102  vl=0.2553
Step: 10334208 SPS: 591  ev=0.353  ent=0.517  grad=0.64/0.50  h=6.1 c=30.3  kl=0.0145  vl=0.2273
Step: 10338304 SPS: 591  ev=0.330  ent=0.529  grad=2.07/0.50  h=6.1 c=31.2  kl=0.0118  vl=0.2361
Step: 10342400 SPS: 591  ev=0.272  ent=0.539  grad=0.81/0.50  h=6.1 c=31.5  kl=0.0100  vl=0.2792
Step: 10346496 SPS: 591  ev=0.353  ent=0.534  grad=0.70/0.50  h=6.1 c=30.5  kl=0.0130  vl=0.2827
Step: 10350592 SPS: 591  ev=0.305  ent=0.516  grad=0.90/0.50  h=6.1 c=31.4  kl=0.0117  vl=0.2446
Step: 10354688 SPS: 591  ev=0.362  ent=0.528  grad=1.72/0.50  h=6.1 c=30.5  kl=0.0103  vl=0.2507
Step: 10358784 SPS: 591  ev=0.402  ent=0.514  grad=1.03/0.50  h=6.2 c=30.5  kl=0.0162  vl=0.2517
Step: 10362880 SPS: 591  ev=0.292  ent=0.529  grad=0.81/0.50  h=6.2 c=32.0  kl=0.0115  vl=0.2047
Step: 10366976 SPS: 591  ev=0.387  ent=0.547  grad=1.15/0.50  h=6.1 c=29.1  kl=0.0104  vl=0.2353
Step: 10371072 SPS: 591  ev=0.285  ent=0.506  grad=0.80/0.50  h=6.2 c=31.3  kl=0.0147  vl=0.2879
Step: 10375168 SPS: 591  ev=0.295  ent=0.516  grad=1.34/0.50  h=6.1 c=31.0  kl=0.0124  vl=0.2477
Step: 10379264 SPS: 591  ev=0.337  ent=0.535  grad=0.75/0.50  h=6.1 c=30.1  kl=0.0145  vl=0.2481
Step: 10383360 SPS: 591  ev=0.337  ent=0.539  grad=0.68/0.50  h=6.2 c=31.8  kl=0.0155  vl=0.2609
Step: 10387456 SPS: 591  ev=0.342  ent=0.525  grad=0.75/0.50  h=6.1 c=29.9  kl=0.0129  vl=0.2420
Step: 10391552 SPS: 591  ev=0.372  ent=0.512  grad=0.81/0.50  h=6.1 c=30.3  kl=0.0132  vl=0.1857
Step: 10395648 SPS: 591  ev=0.316  ent=0.521  grad=0.92/0.50  h=6.1 c=31.4  kl=0.0133  vl=0.2194
Step: 10399744 SPS: 591  ev=0.302  ent=0.513  grad=1.03/0.50  h=6.1 c=29.8  kl=0.0111  vl=0.2537
  vs Random: 100W/0L/0D | score=66.8±35.5 inv=2.9 played=21.6 lanes=4.8 ddraw=2.9 pts=67
  Self-play: 46W/54L/1D | score=19.9±27.3 inv=2.6 played=17.4 lanes=4.5 ddraw=0.6 pts=20
Step: 10403840 SPS: 591  ev=0.392  ent=0.522  grad=0.62/0.50  h=6.2 c=32.6  kl=0.0122  vl=0.2551
Step: 10407936 SPS: 591  ev=0.381  ent=0.511  grad=1.70/0.50  h=6.1 c=30.0  kl=0.0088  vl=0.2304
Step: 10412032 SPS: 591  ev=0.288  ent=0.502  grad=1.12/0.50  h=6.2 c=31.2  kl=0.0108  vl=0.2424
Step: 10416128 SPS: 591  ev=0.378  ent=0.535  grad=0.97/0.50  h=6.1 c=31.4  kl=0.0144  vl=0.2191
Step: 10420224 SPS: 591  ev=0.202  ent=0.522  grad=0.88/0.50  h=6.1 c=30.0  kl=0.0144  vl=0.3623
Step: 10424320 SPS: 591  ev=0.302  ent=0.533  grad=1.09/0.50  h=6.2 c=33.2  kl=0.0119  vl=0.2531
Step: 10428416 SPS: 591  ev=0.347  ent=0.514  grad=0.97/0.50  h=6.2 c=31.8  kl=0.0139  vl=0.2534
Step: 10432512 SPS: 591  ev=0.369  ent=0.493  grad=0.85/0.50  h=6.2 c=31.5  kl=0.0126  vl=0.2257
Step: 10436608 SPS: 591  ev=0.342  ent=0.549  grad=0.93/0.50  h=6.1 c=31.7  kl=0.0101  vl=0.2803
Step: 10440704 SPS: 591  ev=0.366  ent=0.577  grad=0.78/0.50  h=6.0 c=29.5  kl=0.0134  vl=0.2781
Step: 10444800 SPS: 591  ev=0.271  ent=0.544  grad=0.94/0.50  h=6.2 c=33.2  kl=0.0102  vl=0.2437
Step: 10448896 SPS: 591  ev=0.379  ent=0.542  grad=1.07/0.50  h=6.1 c=30.8  kl=0.0102  vl=0.2732
Step: 10452992 SPS: 591  ev=0.306  ent=0.539  grad=1.45/0.50  h=6.1 c=30.9  kl=0.0139  vl=0.2307
Step: 10457088 SPS: 591  ev=0.256  ent=0.514  grad=1.24/0.50  h=6.2 c=33.3  kl=0.0112  vl=0.2789
Step: 10461184 SPS: 591  ev=0.293  ent=0.557  grad=0.76/0.50  h=6.0 c=29.4  kl=0.0157  vl=0.2772
Step: 10465280 SPS: 591  ev=0.273  ent=0.536  grad=0.77/0.50  h=6.1 c=32.4  kl=0.0117  vl=0.2650
Step: 10469376 SPS: 591  ev=0.261  ent=0.496  grad=0.77/0.50  h=6.0 c=30.8  kl=0.0125  vl=0.2598
Step: 10473472 SPS: 591  ev=0.393  ent=0.527  grad=0.67/0.50  h=6.1 c=31.1  kl=0.0153  vl=0.2235
Step: 10477568 SPS: 592  ev=0.384  ent=0.520  grad=0.97/0.50  h=6.2 c=33.7  kl=0.0155  vl=0.2170
Step: 10481664 SPS: 592  ev=0.204  ent=0.528  grad=1.04/0.50  h=6.1 c=30.9  kl=0.0113  vl=0.3537
  vs Random: 100W/0L/0D | score=64.9±30.3 inv=3.0 played=21.4 lanes=4.8 ddraw=3.6 pts=65
  Self-play: 56W/49L/1D | score=17.1±24.2 inv=2.5 played=17.7 lanes=4.7 ddraw=0.9 pts=17
Step: 10485760 SPS: 591  ev=0.297  ent=0.541  grad=0.72/0.50  h=6.2 c=32.6  kl=0.0111  vl=0.2624
Step: 10489856 SPS: 591  ev=0.344  ent=0.517  grad=1.19/0.50  h=6.0 c=31.7  kl=0.0110  vl=0.2369
Step: 10493952 SPS: 591  ev=0.318  ent=0.527  grad=1.28/0.50  h=6.1 c=31.0  kl=0.0109  vl=0.2671
Step: 10498048 SPS: 591  ev=0.349  ent=0.515  grad=0.95/0.50  h=6.3 c=33.7  kl=0.0149  vl=0.2323
Step: 10502144 SPS: 591  ev=0.339  ent=0.528  grad=0.70/0.50  h=6.1 c=31.0  kl=0.0117  vl=0.2720
Step: 10506240 SPS: 591  ev=0.324  ent=0.531  grad=1.05/0.50  h=6.1 c=31.9  kl=0.0118  vl=0.2095
Step: 10510336 SPS: 591  ev=0.298  ent=0.521  grad=0.84/0.50  h=6.1 c=31.9  kl=0.0108  vl=0.2537
Step: 10514432 SPS: 591  ev=0.297  ent=0.525  grad=0.73/0.50  h=6.1 c=30.9  kl=0.0139  vl=0.2656
Step: 10518528 SPS: 591  ev=0.290  ent=0.561  grad=1.42/0.50  h=6.2 c=33.5  kl=0.0174  vl=0.3339
Step: 10522624 SPS: 591  ev=0.377  ent=0.509  grad=0.73/0.50  h=6.0 c=31.0  kl=0.0134  vl=0.2407
Step: 10526720 SPS: 591  ev=0.217  ent=0.526  grad=1.62/0.50  h=6.2 c=31.8  kl=0.0132  vl=0.2501
Step: 10530816 SPS: 591  ev=0.372  ent=0.538  grad=1.33/0.50  h=6.1 c=30.8  kl=0.0151  vl=0.2357
Step: 10534912 SPS: 591  ev=0.281  ent=0.555  grad=0.74/0.50  h=6.1 c=30.9  kl=0.0138  vl=0.2754
Step: 10539008 SPS: 591  ev=0.311  ent=0.561  grad=0.69/0.50  h=6.1 c=31.8  kl=0.0126  vl=0.2666
Step: 10543104 SPS: 591  ev=0.288  ent=0.539  grad=0.85/0.50  h=6.1 c=31.4  kl=0.0146  vl=0.2735
Step: 10547200 SPS: 592  ev=0.336  ent=0.532  grad=0.99/0.50  h=6.2 c=32.5  kl=0.0108  vl=0.2382
Step: 10551296 SPS: 592  ev=0.324  ent=0.534  grad=1.21/0.50  h=6.1 c=31.1  kl=0.0117  vl=0.2689
Step: 10555392 SPS: 592  ev=0.315  ent=0.545  grad=1.44/0.50  h=6.1 c=31.3  kl=0.0125  vl=0.3164
Step: 10559488 SPS: 592  ev=0.331  ent=0.547  grad=0.92/0.50  h=6.1 c=31.5  kl=0.0159  vl=0.2257
Step: 10563584 SPS: 592  ev=0.314  ent=0.536  grad=0.98/0.50  h=6.1 c=31.4  kl=0.0128  vl=0.2843
  vs Random: 101W/0L/0D | score=60.3±30.5 inv=2.8 played=20.6 lanes=4.8 ddraw=3.4 pts=60
  Self-play: 47W/51L/2D | score=18.4±29.5 inv=2.6 played=17.5 lanes=4.5 ddraw=0.9 pts=18
Step: 10567680 SPS: 591  ev=0.332  ent=0.513  grad=1.47/0.50  h=6.1 c=30.9  kl=0.0129  vl=0.2661
Step: 10571776 SPS: 591  ev=0.327  ent=0.543  grad=0.61/0.50  h=6.1 c=31.2  kl=0.0116  vl=0.2150
Step: 10575872 SPS: 591  ev=0.303  ent=0.532  grad=0.75/0.50  h=6.0 c=30.4  kl=0.0155  vl=0.2459
Step: 10579968 SPS: 591  ev=0.291  ent=0.520  grad=0.88/0.50  h=6.1 c=30.8  kl=0.0113  vl=0.2670
Step: 10584064 SPS: 591  ev=0.305  ent=0.506  grad=0.68/0.50  h=6.1 c=30.5  kl=0.0102  vl=0.2403
Step: 10588160 SPS: 591  ev=0.332  ent=0.553  grad=0.97/0.50  h=6.1 c=30.4  kl=0.0181  vl=0.2313
Step: 10592256 SPS: 591  ev=0.313  ent=0.569  grad=1.01/0.50  h=6.2 c=31.9  kl=0.0105  vl=0.2639
Step: 10596352 SPS: 591  ev=0.342  ent=0.537  grad=1.46/0.50  h=6.1 c=30.3  kl=0.0125  vl=0.2453
Step: 10600448 SPS: 592  ev=0.269  ent=0.565  grad=0.77/0.50  h=6.1 c=31.3  kl=0.0107  vl=0.2991
Step: 10604544 SPS: 592  ev=0.363  ent=0.543  grad=0.82/0.50  h=6.1 c=31.2  kl=0.0115  vl=0.2464
Step: 10608640 SPS: 592  ev=0.322  ent=0.540  grad=1.45/0.50  h=6.1 c=31.6  kl=0.0123  vl=0.2575
Step: 10612736 SPS: 592  ev=0.308  ent=0.527  grad=1.09/0.50  h=6.1 c=31.4  kl=0.0153  vl=0.3004
Step: 10616832 SPS: 592  ev=0.308  ent=0.548  grad=0.83/0.50  h=6.1 c=30.4  kl=0.0118  vl=0.3001
Step: 10620928 SPS: 592  ev=0.367  ent=0.541  grad=0.72/0.50  h=6.1 c=30.5  kl=0.0125  vl=0.2356
Step: 10625024 SPS: 592  ev=0.281  ent=0.538  grad=0.91/0.50  h=6.0 c=29.3  kl=0.0175  vl=0.2419
Step: 10629120 SPS: 592  ev=0.298  ent=0.521  grad=0.74/0.50  h=6.2 c=32.0  kl=0.0144  vl=0.2647
Step: 10633216 SPS: 592  ev=0.357  ent=0.534  grad=0.81/0.50  h=6.1 c=29.9  kl=0.0141  vl=0.2120
Step: 10637312 SPS: 592  ev=0.354  ent=0.523  grad=1.20/0.50  h=6.2 c=30.1  kl=0.0110  vl=0.2131
Step: 10641408 SPS: 592  ev=0.382  ent=0.547  grad=1.94/0.50  h=6.2 c=30.7  kl=0.0121  vl=0.2444
Step: 10645504 SPS: 592  ev=0.300  ent=0.582  grad=1.12/0.50  h=6.0 c=29.5  kl=0.0102  vl=0.2837
  vs Random: 100W/0L/0D | score=68.3±36.1 inv=3.3 played=21.7 lanes=4.8 ddraw=3.5 pts=68
  Self-play: 46W/53L/1D | score=14.6±24.3 inv=2.5 played=17.4 lanes=4.7 ddraw=0.8 pts=15
Step: 10649600 SPS: 591  ev=0.345  ent=0.571  grad=0.83/0.50  h=6.2 c=31.5  kl=0.0126  vl=0.2104
Step: 10653696 SPS: 591  ev=0.351  ent=0.536  grad=1.51/0.50  h=6.2 c=30.5  kl=0.0156  vl=0.2657
Step: 10657792 SPS: 591  ev=0.304  ent=0.554  grad=0.81/0.50  h=6.1 c=29.6  kl=0.0107  vl=0.2232
Step: 10661888 SPS: 591  ev=0.302  ent=0.522  grad=0.78/0.50  h=6.2 c=30.3  kl=0.0110  vl=0.2861
Step: 10665984 SPS: 591  ev=0.313  ent=0.548  grad=1.31/0.50  h=6.1 c=29.5  kl=0.0172  vl=0.2582
Step: 10670080 SPS: 591  ev=0.350  ent=0.543  grad=0.76/0.50  h=6.1 c=30.2  kl=0.0149  vl=0.2434
Step: 10674176 SPS: 592  ev=0.332  ent=0.572  grad=0.91/0.50  h=6.2 c=31.6  kl=0.0132  vl=0.2267
Step: 10678272 SPS: 592  ev=0.390  ent=0.546  grad=0.92/0.50  h=6.1 c=30.1  kl=0.0116  vl=0.2497
Step: 10682368 SPS: 592  ev=0.256  ent=0.551  grad=0.88/0.50  h=6.2 c=31.3  kl=0.0162  vl=0.2930
Step: 10686464 SPS: 592  ev=0.330  ent=0.512  grad=1.92/0.50  h=6.1 c=31.1  kl=0.0100  vl=0.2647
Step: 10690560 SPS: 592  ev=0.372  ent=0.508  grad=0.89/0.50  h=6.2 c=30.7  kl=0.0105  vl=0.2411
Step: 10694656 SPS: 592  ev=0.270  ent=0.518  grad=0.92/0.50  h=6.2 c=31.6  kl=0.0109  vl=0.3063
Step: 10698752 SPS: 592  ev=0.308  ent=0.514  grad=1.33/0.50  h=6.1 c=30.1  kl=0.0110  vl=0.2633
Step: 10702848 SPS: 592  ev=0.290  ent=0.533  grad=1.11/0.50  h=6.2 c=30.8  kl=0.0126  vl=0.2791
Step: 10706944 SPS: 592  ev=0.331  ent=0.514  grad=0.64/0.50  h=6.1 c=31.3  kl=0.0140  vl=0.2406
Step: 10711040 SPS: 592  ev=0.358  ent=0.524  grad=0.79/0.50  h=6.2 c=30.3  kl=0.0182  vl=0.2097
Step: 10715136 SPS: 592  ev=0.353  ent=0.567  grad=0.82/0.50  h=6.2 c=31.0  kl=0.0133  vl=0.2659
Step: 10719232 SPS: 592  ev=0.284  ent=0.510  grad=1.05/0.50  h=6.1 c=29.4  kl=0.0104  vl=0.2796
Step: 10723328 SPS: 592  ev=0.349  ent=0.515  grad=1.52/0.50  h=6.1 c=30.8  kl=0.0161  vl=0.2724
Step: 10727424 SPS: 592  ev=0.320  ent=0.555  grad=0.98/0.50  h=6.1 c=30.3  kl=0.0135  vl=0.2364
  vs Random: 100W/0L/0D | score=64.7±32.0 inv=3.0 played=21.4 lanes=4.9 ddraw=3.4 pts=65
  Self-play: 42W/60L/0D | score=16.1±23.1 inv=2.9 played=17.8 lanes=4.6 ddraw=0.8 pts=16
Step: 10731520 SPS: 591  ev=0.298  ent=0.544  grad=0.74/0.50  h=6.3 c=31.0  kl=0.0144  vl=0.2470
Step: 10735616 SPS: 591  ev=0.334  ent=0.519  grad=0.70/0.50  h=6.2 c=30.5  kl=0.0131  vl=0.2298
Step: 10739712 SPS: 591  ev=0.262  ent=0.526  grad=0.64/0.50  h=6.1 c=29.8  kl=0.0169  vl=0.3301
Step: 10743808 SPS: 592  ev=0.308  ent=0.527  grad=0.69/0.50  h=6.1 c=30.7  kl=0.0119  vl=0.2407
Step: 10747904 SPS: 592  ev=0.328  ent=0.488  grad=0.92/0.50  h=6.1 c=31.1  kl=0.0129  vl=0.2496
Step: 10752000 SPS: 592  ev=0.361  ent=0.547  grad=0.73/0.50  h=6.1 c=30.5  kl=0.0118  vl=0.2535
Step: 10756096 SPS: 592  ev=0.386  ent=0.500  grad=1.19/0.50  h=6.2 c=30.9  kl=0.0143  vl=0.2235
Step: 10760192 SPS: 592  ev=0.383  ent=0.523  grad=0.66/0.50  h=6.2 c=30.6  kl=0.0160  vl=0.2247
Step: 10764288 SPS: 592  ev=0.290  ent=0.475  grad=0.93/0.50  h=6.2 c=30.6  kl=0.0109  vl=0.2589
Step: 10768384 SPS: 592  ev=0.321  ent=0.499  grad=0.91/0.50  h=6.2 c=30.5  kl=0.0112  vl=0.2719
Step: 10772480 SPS: 592  ev=0.299  ent=0.522  grad=0.92/0.50  h=6.1 c=30.1  kl=0.0114  vl=0.2209
Step: 10776576 SPS: 592  ev=0.323  ent=0.522  grad=0.85/0.50  h=6.1 c=29.9  kl=0.0134  vl=0.2742
Step: 10780672 SPS: 592  ev=0.261  ent=0.484  grad=0.69/0.50  h=6.1 c=30.0  kl=0.0105  vl=0.2849
Step: 10784768 SPS: 592  ev=0.289  ent=0.519  grad=2.14/0.50  h=6.1 c=29.1  kl=0.0143  vl=0.2881
Step: 10788864 SPS: 592  ev=0.356  ent=0.516  grad=1.11/0.50  h=6.1 c=29.9  kl=0.0116  vl=0.2701
Step: 10792960 SPS: 592  ev=0.287  ent=0.538  grad=0.87/0.50  h=6.1 c=29.0  kl=0.0112  vl=0.2763
Step: 10797056 SPS: 592  ev=0.312  ent=0.549  grad=0.77/0.50  h=6.2 c=30.9  kl=0.0116  vl=0.2358
Step: 10801152 SPS: 592  ev=0.389  ent=0.535  grad=0.81/0.50  h=6.0 c=29.7  kl=0.0103  vl=0.2216
Step: 10805248 SPS: 592  ev=0.355  ent=0.521  grad=1.57/0.50  h=6.1 c=30.0  kl=0.0101  vl=0.2488
Step: 10809344 SPS: 592  ev=0.330  ent=0.533  grad=1.42/0.50  h=6.1 c=30.1  kl=0.0135  vl=0.2238
  vs Random: 101W/0L/0D | score=61.6±35.7 inv=2.9 played=21.3 lanes=4.8 ddraw=3.3 pts=62
  Self-play: 53W/49L/1D | score=19.0±25.1 inv=2.6 played=17.5 lanes=4.7 ddraw=0.7 pts=19
Step: 10813440 SPS: 592  ev=0.369  ent=0.493  grad=0.80/0.50  h=6.1 c=29.3  kl=0.0128  vl=0.2199
Step: 10817536 SPS: 592  ev=0.335  ent=0.544  grad=1.28/0.50  h=6.1 c=29.6  kl=0.0124  vl=0.3004
Step: 10821632 SPS: 592  ev=0.369  ent=0.516  grad=0.80/0.50  h=6.1 c=30.3  kl=0.0103  vl=0.1993
Step: 10825728 SPS: 592  ev=0.307  ent=0.540  grad=0.81/0.50  h=6.1 c=29.5  kl=0.0148  vl=0.2400
Step: 10829824 SPS: 592  ev=0.296  ent=0.554  grad=0.88/0.50  h=6.1 c=30.3  kl=0.0110  vl=0.2893
Step: 10833920 SPS: 592  ev=0.337  ent=0.504  grad=0.99/0.50  h=6.1 c=30.0  kl=0.0125  vl=0.3176
Step: 10838016 SPS: 592  ev=0.308  ent=0.529  grad=0.97/0.50  h=6.1 c=29.7  kl=0.0145  vl=0.3109
Step: 10842112 SPS: 592  ev=0.340  ent=0.546  grad=0.96/0.50  h=6.1 c=29.7  kl=0.0109  vl=0.3012
Step: 10846208 SPS: 592  ev=0.326  ent=0.559  grad=0.80/0.50  h=6.1 c=29.4  kl=0.0116  vl=0.2289
Step: 10850304 SPS: 592  ev=0.414  ent=0.549  grad=1.51/0.50  h=6.1 c=29.8  kl=0.0111  vl=0.2280
Step: 10854400 SPS: 592  ev=0.287  ent=0.532  grad=0.65/0.50  h=6.1 c=30.2  kl=0.0147  vl=0.2476
Step: 10858496 SPS: 592  ev=0.292  ent=0.506  grad=0.79/0.50  h=6.0 c=29.4  kl=0.0181  vl=0.2902
Step: 10862592 SPS: 592  ev=0.351  ent=0.522  grad=0.82/0.50  h=6.1 c=30.1  kl=0.0127  vl=0.2111
Step: 10866688 SPS: 592  ev=0.328  ent=0.558  grad=1.09/0.50  h=6.0 c=29.3  kl=0.0110  vl=0.3074
Step: 10870784 SPS: 592  ev=0.329  ent=0.527  grad=1.12/0.50  h=6.1 c=29.5  kl=0.0115  vl=0.2907
Step: 10874880 SPS: 592  ev=0.313  ent=0.538  grad=0.70/0.50  h=6.1 c=29.7  kl=0.0122  vl=0.2412
Step: 10878976 SPS: 592  ev=0.262  ent=0.512  grad=1.06/0.50  h=6.1 c=29.2  kl=0.0135  vl=0.2441
Step: 10883072 SPS: 592  ev=0.366  ent=0.534  grad=0.86/0.50  h=6.1 c=29.9  kl=0.0119  vl=0.2579
Step: 10887168 SPS: 592  ev=0.386  ent=0.532  grad=0.63/0.50  h=6.0 c=29.9  kl=0.0122  vl=0.2176
Step: 10891264 SPS: 592  ev=0.336  ent=0.516  grad=1.29/0.50  h=6.0 c=29.4  kl=0.0132  vl=0.2564
  vs Random: 102W/0L/0D | score=60.5±34.6 inv=3.1 played=21.4 lanes=4.8 ddraw=3.7 pts=61
  Self-play: 43W/59L/0D | score=11.1±23.1 inv=2.6 played=17.7 lanes=4.7 ddraw=0.6 pts=11
Step: 10895360 SPS: 592  ev=0.330  ent=0.547  grad=0.91/0.50  h=6.1 c=30.8  kl=0.0111  vl=0.2790
Step: 10899456 SPS: 592  ev=0.324  ent=0.541  grad=1.40/0.50  h=6.1 c=30.0  kl=0.0110  vl=0.2289
Step: 10903552 SPS: 592  ev=0.315  ent=0.518  grad=0.79/0.50  h=6.1 c=29.8  kl=0.0120  vl=0.2523
Step: 10907648 SPS: 592  ev=0.354  ent=0.554  grad=1.02/0.50  h=6.0 c=28.9  kl=0.0141  vl=0.2285
Step: 10911744 SPS: 592  ev=0.322  ent=0.557  grad=1.31/0.50  h=6.0 c=30.0  kl=0.0105  vl=0.2713
Step: 10915840 SPS: 592  ev=0.350  ent=0.541  grad=1.75/0.50  h=6.1 c=31.0  kl=0.0105  vl=0.2554
Step: 10919936 SPS: 592  ev=0.353  ent=0.536  grad=0.75/0.50  h=6.1 c=30.4  kl=0.0105  vl=0.2354
Step: 10924032 SPS: 592  ev=0.282  ent=0.509  grad=0.94/0.50  h=6.0 c=30.1  kl=0.0134  vl=0.2744
Step: 10928128 SPS: 592  ev=0.283  ent=0.548  grad=0.93/0.50  h=6.0 c=30.3  kl=0.0109  vl=0.2342
Step: 10932224 SPS: 592  ev=0.287  ent=0.517  grad=0.78/0.50  h=6.0 c=29.2  kl=0.0145  vl=0.3141
Step: 10936320 SPS: 592  ev=0.314  ent=0.552  grad=0.69/0.50  h=6.1 c=30.5  kl=0.0117  vl=0.2536
Step: 10940416 SPS: 592  ev=0.270  ent=0.520  grad=0.62/0.50  h=6.0 c=30.3  kl=0.0119  vl=0.3204
Step: 10944512 SPS: 592  ev=0.301  ent=0.519  grad=1.03/0.50  h=6.1 c=31.4  kl=0.0133  vl=0.3071
Step: 10948608 SPS: 592  ev=0.283  ent=0.535  grad=0.89/0.50  h=6.2 c=31.7  kl=0.0118  vl=0.2854
Step: 10952704 SPS: 592  ev=0.332  ent=0.515  grad=0.75/0.50  h=6.1 c=31.4  kl=0.0153  vl=0.2470
Step: 10956800 SPS: 592  ev=0.343  ent=0.520  grad=0.87/0.50  h=6.1 c=31.1  kl=0.0118  vl=0.1933
Step: 10960896 SPS: 592  ev=0.341  ent=0.532  grad=1.44/0.50  h=6.1 c=31.2  kl=0.0147  vl=0.2694
Step: 10964992 SPS: 592  ev=0.355  ent=0.521  grad=0.96/0.50  h=6.1 c=29.9  kl=0.0103  vl=0.2309
Step: 10969088 SPS: 592  ev=0.325  ent=0.515  grad=1.40/0.50  h=6.2 c=32.0  kl=0.0138  vl=0.2402
Step: 10973184 SPS: 592  ev=0.334  ent=0.551  grad=0.83/0.50  h=6.1 c=30.8  kl=0.0134  vl=0.2142
  vs Random: 100W/0L/0D | score=63.5±30.2 inv=3.0 played=21.8 lanes=4.9 ddraw=3.2 pts=64
  Self-play: 55W/45L/0D | score=16.4±23.7 inv=2.3 played=17.3 lanes=4.7 ddraw=0.6 pts=16
Step: 10977280 SPS: 592  ev=0.360  ent=0.514  grad=0.72/0.50  h=6.1 c=30.7  kl=0.0143  vl=0.2383
Step: 10981376 SPS: 592  ev=0.306  ent=0.523  grad=0.65/0.50  h=6.1 c=31.6  kl=0.0135  vl=0.3311
Step: 10985472 SPS: 592  ev=0.303  ent=0.529  grad=1.25/0.50  h=6.1 c=30.6  kl=0.0107  vl=0.2329
Step: 10989568 SPS: 592  ev=0.316  ent=0.519  grad=0.75/0.50  h=6.1 c=32.0  kl=0.0134  vl=0.2950
Step: 10993664 SPS: 592  ev=0.320  ent=0.513  grad=1.18/0.50  h=6.1 c=31.1  kl=0.0145  vl=0.2985
Step: 10997760 SPS: 592  ev=0.255  ent=0.551  grad=0.77/0.50  h=6.1 c=31.0  kl=0.0135  vl=0.2399
Step: 11001856 SPS: 592  ev=0.365  ent=0.515  grad=1.02/0.50  h=6.2 c=32.3  kl=0.0160  vl=0.2671
Step: 11005952 SPS: 592  ev=0.300  ent=0.544  grad=0.82/0.50  h=6.1 c=30.9  kl=0.0125  vl=0.2164
Step: 11010048 SPS: 592  ev=0.393  ent=0.566  grad=1.62/0.50  h=6.1 c=31.3  kl=0.0101  vl=0.2251
Step: 11014144 SPS: 592  ev=0.265  ent=0.577  grad=1.02/0.50  h=6.0 c=30.6  kl=0.0166  vl=0.2668
Step: 11018240 SPS: 592  ev=0.303  ent=0.540  grad=1.23/0.50  h=6.2 c=31.8  kl=0.0101  vl=0.2966
Step: 11022336 SPS: 592  ev=0.294  ent=0.510  grad=0.81/0.50  h=6.2 c=31.4  kl=0.0120  vl=0.2672
Step: 11026432 SPS: 592  ev=0.250  ent=0.497  grad=0.63/0.50  h=6.1 c=30.9  kl=0.0136  vl=0.2528
Step: 11030528 SPS: 592  ev=0.293  ent=0.559  grad=0.72/0.50  h=6.1 c=30.7  kl=0.0115  vl=0.2757
Step: 11034624 SPS: 592  ev=0.306  ent=0.513  grad=1.39/0.50  h=6.0 c=30.4  kl=0.0129  vl=0.2713
Step: 11038720 SPS: 592  ev=0.316  ent=0.514  grad=1.26/0.50  h=6.1 c=31.0  kl=0.0128  vl=0.2677
Step: 11042816 SPS: 592  ev=0.297  ent=0.534  grad=1.37/0.50  h=6.2 c=31.8  kl=0.0120  vl=0.2783
Step: 11046912 SPS: 592  ev=0.393  ent=0.516  grad=0.78/0.50  h=6.0 c=30.3  kl=0.0103  vl=0.2357
Step: 11051008 SPS: 592  ev=0.315  ent=0.513  grad=0.71/0.50  h=6.1 c=30.6  kl=0.0131  vl=0.2913
Step: 11055104 SPS: 592  ev=0.304  ent=0.514  grad=1.04/0.50  h=6.1 c=29.9  kl=0.0162  vl=0.3039
  vs Random: 101W/0L/0D | score=61.1±31.1 inv=2.7 played=21.0 lanes=4.8 ddraw=3.0 pts=61
  Self-play: 52W/50L/2D | score=20.0±25.5 inv=2.4 played=17.2 lanes=4.5 ddraw=0.8 pts=20
Step: 11059200 SPS: 592  ev=0.399  ent=0.482  grad=0.93/0.50  h=6.1 c=31.7  kl=0.0127  vl=0.2472
Step: 11063296 SPS: 592  ev=0.371  ent=0.561  grad=1.41/0.50  h=6.1 c=31.4  kl=0.0106  vl=0.3058
Step: 11067392 SPS: 592  ev=0.278  ent=0.529  grad=1.06/0.50  h=6.0 c=29.9  kl=0.0117  vl=0.2404
Step: 11071488 SPS: 592  ev=0.277  ent=0.520  grad=1.41/0.50  h=6.2 c=32.6  kl=0.0109  vl=0.2595
Step: 11075584 SPS: 592  ev=0.329  ent=0.525  grad=1.52/0.50  h=6.1 c=31.0  kl=0.0144  vl=0.2717
Step: 11079680 SPS: 592  ev=0.270  ent=0.490  grad=0.84/0.50  h=6.1 c=31.4  kl=0.0103  vl=0.2932
Step: 11083776 SPS: 592  ev=0.328  ent=0.492  grad=0.83/0.50  h=6.1 c=31.2  kl=0.0139  vl=0.2943
Step: 11087872 SPS: 592  ev=0.318  ent=0.519  grad=0.89/0.50  h=6.1 c=30.3  kl=0.0101  vl=0.2869
Step: 11091968 SPS: 592  ev=0.290  ent=0.535  grad=0.95/0.50  h=6.2 c=32.7  kl=0.0159  vl=0.3000
Step: 11096064 SPS: 592  ev=0.327  ent=0.539  grad=1.59/0.50  h=6.1 c=31.1  kl=0.0117  vl=0.2863
Step: 11100160 SPS: 592  ev=0.319  ent=0.537  grad=0.67/0.50  h=6.2 c=31.2  kl=0.0196  vl=0.2857
Step: 11104256 SPS: 592  ev=0.345  ent=0.522  grad=1.89/0.50  h=6.2 c=31.8  kl=0.0171  vl=0.2810
Step: 11108352 SPS: 592  ev=0.310  ent=0.525  grad=1.22/0.50  h=6.1 c=30.2  kl=0.0127  vl=0.2279
Step: 11112448 SPS: 592  ev=0.265  ent=0.494  grad=0.84/0.50  h=6.2 c=31.4  kl=0.0133  vl=0.2724
Step: 11116544 SPS: 592  ev=0.321  ent=0.497  grad=1.00/0.50  h=6.1 c=29.8  kl=0.0120  vl=0.2691
Step: 11120640 SPS: 592  ev=0.272  ent=0.538  grad=1.06/0.50  h=6.1 c=30.6  kl=0.0128  vl=0.3051
Step: 11124736 SPS: 592  ev=0.330  ent=0.505  grad=0.90/0.50  h=6.1 c=30.5  kl=0.0159  vl=0.2623
Step: 11128832 SPS: 592  ev=0.336  ent=0.521  grad=1.55/0.50  h=6.2 c=31.0  kl=0.0136  vl=0.2672
Step: 11132928 SPS: 592  ev=0.373  ent=0.539  grad=1.60/0.50  h=6.1 c=30.9  kl=0.0104  vl=0.2167
Step: 11137024 SPS: 592  ev=0.371  ent=0.520  grad=1.19/0.50  h=6.1 c=30.1  kl=0.0101  vl=0.2670
  vs Random: 100W/0L/0D | score=64.0±27.4 inv=3.1 played=21.3 lanes=4.8 ddraw=3.2 pts=64
  Self-play: 48W/53L/1D | score=15.7±26.7 inv=2.7 played=17.0 lanes=4.5 ddraw=0.8 pts=16
Step: 11141120 SPS: 592  ev=0.331  ent=0.506  grad=1.15/0.50  h=6.1 c=31.2  kl=0.0117  vl=0.3005
Step: 11145216 SPS: 592  ev=0.321  ent=0.540  grad=0.77/0.50  h=6.1 c=31.1  kl=0.0158  vl=0.2894
Step: 11149312 SPS: 592  ev=0.301  ent=0.514  grad=0.78/0.50  h=6.2 c=31.5  kl=0.0157  vl=0.2824
Step: 11153408 SPS: 592  ev=0.314  ent=0.502  grad=0.60/0.50  h=6.2 c=30.8  kl=0.0141  vl=0.2871
Step: 11157504 SPS: 592  ev=0.344  ent=0.515  grad=0.89/0.50  h=6.1 c=30.5  kl=0.0105  vl=0.2577
Step: 11161600 SPS: 592  ev=0.291  ent=0.523  grad=0.78/0.50  h=6.2 c=31.3  kl=0.0125  vl=0.2778
Step: 11165696 SPS: 592  ev=0.291  ent=0.523  grad=1.75/0.50  h=6.1 c=31.7  kl=0.0178  vl=0.2474
Step: 11169792 SPS: 592  ev=0.294  ent=0.520  grad=0.70/0.50  h=6.2 c=31.9  kl=0.0129  vl=0.2755
Step: 11173888 SPS: 592  ev=0.356  ent=0.528  grad=0.60/0.50  h=6.2 c=32.2  kl=0.0151  vl=0.2707
Step: 11177984 SPS: 592  ev=0.326  ent=0.482  grad=1.01/0.50  h=6.1 c=30.5  kl=0.0111  vl=0.2545
Step: 11182080 SPS: 592  ev=0.346  ent=0.506  grad=0.76/0.50  h=6.2 c=32.0  kl=0.0144  vl=0.2520
Step: 11186176 SPS: 592  ev=0.294  ent=0.509  grad=1.90/0.50  h=6.2 c=30.8  kl=0.0103  vl=0.2940
Step: 11190272 SPS: 592  ev=0.301  ent=0.527  grad=0.85/0.50  h=6.2 c=31.9  kl=0.0110  vl=0.2735
Step: 11194368 SPS: 592  ev=0.369  ent=0.512  grad=1.18/0.50  h=6.1 c=30.7  kl=0.0173  vl=0.2213
Step: 11198464 SPS: 592  ev=0.288  ent=0.487  grad=0.91/0.50  h=6.1 c=30.1  kl=0.0106  vl=0.2370
Step: 11202560 SPS: 592  ev=0.386  ent=0.485  grad=1.07/0.50  h=6.1 c=31.1  kl=0.0106  vl=0.2331
Step: 11206656 SPS: 592  ev=0.327  ent=0.520  grad=0.72/0.50  h=6.1 c=29.4  kl=0.0114  vl=0.2234
Step: 11210752 SPS: 592  ev=0.264  ent=0.508  grad=0.66/0.50  h=6.2 c=31.5  kl=0.0170  vl=0.2721
Step: 11214848 SPS: 592  ev=0.368  ent=0.522  grad=0.81/0.50  h=6.1 c=30.2  kl=0.0118  vl=0.2622
Step: 11218944 SPS: 592  ev=0.276  ent=0.501  grad=0.80/0.50  h=6.2 c=30.2  kl=0.0107  vl=0.2850
  vs Random: 102W/0L/0D | score=62.3±33.7 inv=2.8 played=21.1 lanes=4.8 ddraw=3.3 pts=62
  Self-play: 46W/55L/0D | score=17.7±29.4 inv=2.9 played=17.5 lanes=4.6 ddraw=0.7 pts=18
Step: 11223040 SPS: 592  ev=0.363  ent=0.497  grad=0.97/0.50  h=6.2 c=31.8  kl=0.0153  vl=0.2570
Step: 11227136 SPS: 592  ev=0.354  ent=0.529  grad=0.86/0.50  h=6.1 c=30.1  kl=0.0115  vl=0.2971
Step: 11231232 SPS: 592  ev=0.283  ent=0.491  grad=1.48/0.50  h=6.3 c=31.6  kl=0.0115  vl=0.2557
Step: 11235328 SPS: 592  ev=0.287  ent=0.513  grad=1.09/0.50  h=6.1 c=30.4  kl=0.0101  vl=0.3169
Step: 11239424 SPS: 592  ev=0.358  ent=0.508  grad=1.02/0.50  h=6.2 c=31.3  kl=0.0118  vl=0.2281
Step: 11243520 SPS: 592  ev=0.378  ent=0.530  grad=0.84/0.50  h=6.2 c=31.4  kl=0.0157  vl=0.2689
Step: 11247616 SPS: 592  ev=0.302  ent=0.523  grad=0.57/0.50  h=6.1 c=29.8  kl=0.0143  vl=0.2445
Step: 11251712 SPS: 592  ev=0.324  ent=0.515  grad=0.85/0.50  h=6.2 c=31.7  kl=0.0129  vl=0.2364
Step: 11255808 SPS: 592  ev=0.298  ent=0.513  grad=1.09/0.50  h=6.1 c=30.3  kl=0.0102  vl=0.2966
Step: 11259904 SPS: 592  ev=0.305  ent=0.537  grad=0.75/0.50  h=6.2 c=30.9  kl=0.0109  vl=0.2552
Step: 11264000 SPS: 592  ev=0.317  ent=0.527  grad=0.71/0.50  h=6.1 c=30.7  kl=0.0128  vl=0.2187
Step: 11268096 SPS: 592  ev=0.337  ent=0.513  grad=0.64/0.50  h=6.1 c=29.5  kl=0.0131  vl=0.2616
Step: 11272192 SPS: 592  ev=0.367  ent=0.510  grad=0.91/0.50  h=6.2 c=31.6  kl=0.0146  vl=0.1754
Step: 11276288 SPS: 592  ev=0.379  ent=0.483  grad=1.18/0.50  h=6.1 c=29.8  kl=0.0161  vl=0.2581
Step: 11280384 SPS: 592  ev=0.272  ent=0.476  grad=1.21/0.50  h=6.2 c=30.9  kl=0.0112  vl=0.2609
Step: 11284480 SPS: 592  ev=0.300  ent=0.516  grad=0.95/0.50  h=6.1 c=30.1  kl=0.0107  vl=0.3093
Step: 11288576 SPS: 592  ev=0.325  ent=0.510  grad=1.00/0.50  h=6.1 c=29.8  kl=0.0123  vl=0.2216
Step: 11292672 SPS: 592  ev=0.297  ent=0.502  grad=0.97/0.50  h=6.1 c=30.6  kl=0.0117  vl=0.2794
Step: 11296768 SPS: 592  ev=0.319  ent=0.497  grad=0.83/0.50  h=6.0 c=29.2  kl=0.0130  vl=0.2514
Step: 11300864 SPS: 592  ev=0.297  ent=0.508  grad=0.54/0.50  h=6.2 c=31.4  kl=0.0162  vl=0.2355
  vs Random: 100W/0L/0D | score=55.2±29.8 inv=2.6 played=20.7 lanes=4.8 ddraw=2.7 pts=55
  Self-play: 50W/52L/0D | score=13.9±25.1 inv=2.7 played=17.7 lanes=4.7 ddraw=0.6 pts=14
Step: 11304960 SPS: 592  ev=0.355  ent=0.530  grad=0.80/0.50  h=6.1 c=29.7  kl=0.0152  vl=0.2506
Step: 11309056 SPS: 592  ev=0.306  ent=0.512  grad=0.97/0.50  h=6.2 c=31.1  kl=0.0110  vl=0.2419
Step: 11313152 SPS: 592  ev=0.362  ent=0.530  grad=0.93/0.50  h=6.1 c=30.0  kl=0.0133  vl=0.2673
Step: 11317248 SPS: 592  ev=0.339  ent=0.508  grad=1.06/0.50  h=6.0 c=28.9  kl=0.0104  vl=0.2481
Step: 11321344 SPS: 592  ev=0.272  ent=0.500  grad=1.15/0.50  h=6.1 c=31.2  kl=0.0131  vl=0.2673
Step: 11325440 SPS: 592  ev=0.367  ent=0.486  grad=0.63/0.50  h=6.1 c=28.3  kl=0.0173  vl=0.2362
Step: 11329536 SPS: 592  ev=0.391  ent=0.517  grad=0.94/0.50  h=6.2 c=30.8  kl=0.0105  vl=0.2281
Step: 11333632 SPS: 592  ev=0.363  ent=0.488  grad=0.79/0.50  h=6.0 c=29.1  kl=0.0118  vl=0.2576
Step: 11337728 SPS: 592  ev=0.362  ent=0.509  grad=1.50/0.50  h=6.2 c=29.5  kl=0.0118  vl=0.2682
Step: 11341824 SPS: 592  ev=0.333  ent=0.518  grad=1.10/0.50  h=6.2 c=31.7  kl=0.0117  vl=0.2605
Step: 11345920 SPS: 592  ev=0.337  ent=0.516  grad=0.79/0.50  h=6.2 c=29.0  kl=0.0124  vl=0.2623
Step: 11350016 SPS: 592  ev=0.325  ent=0.506  grad=0.61/0.50  h=6.3 c=31.9  kl=0.0120  vl=0.2439
Step: 11354112 SPS: 592  ev=0.371  ent=0.523  grad=1.53/0.50  h=6.0 c=28.5  kl=0.0123  vl=0.2498
Step: 11358208 SPS: 592  ev=0.189  ent=0.479  grad=0.93/0.50  h=6.2 c=30.3  kl=0.0161  vl=0.3290
Step: 11362304 SPS: 592  ev=0.329  ent=0.524  grad=1.76/0.50  h=6.2 c=30.8  kl=0.0188  vl=0.2743
Step: 11366400 SPS: 592  ev=0.309  ent=0.531  grad=1.16/0.50  h=6.2 c=29.2  kl=0.0119  vl=0.2072
Step: 11370496 SPS: 592  ev=0.302  ent=0.524  grad=1.01/0.50  h=6.2 c=31.1  kl=0.0112  vl=0.2375
Step: 11374592 SPS: 592  ev=0.341  ent=0.511  grad=0.83/0.50  h=6.1 c=28.7  kl=0.0111  vl=0.2548
Step: 11378688 SPS: 592  ev=0.351  ent=0.510  grad=1.13/0.50  h=6.3 c=31.5  kl=0.0128  vl=0.2583
Step: 11382784 SPS: 592  ev=0.379  ent=0.496  grad=0.74/0.50  h=6.1 c=29.2  kl=0.0190  vl=0.2197
  vs Random: 100W/0L/0D | score=63.2±33.2 inv=3.0 played=21.5 lanes=4.8 ddraw=2.8 pts=63
  Self-play: 52W/50L/2D | score=16.7±28.8 inv=2.7 played=17.4 lanes=4.6 ddraw=0.7 pts=17
Step: 11386880 SPS: 592  ev=0.369  ent=0.517  grad=0.85/0.50  h=6.2 c=30.9  kl=0.0121  vl=0.2589
Step: 11390976 SPS: 592  ev=0.391  ent=0.514  grad=0.95/0.50  h=6.2 c=31.5  kl=0.0123  vl=0.2366
Step: 11395072 SPS: 592  ev=0.353  ent=0.519  grad=0.68/0.50  h=6.1 c=28.6  kl=0.0142  vl=0.2058
Step: 11399168 SPS: 592  ev=0.320  ent=0.545  grad=1.50/0.50  h=6.2 c=32.1  kl=0.0110  vl=0.2319
Step: 11403264 SPS: 592  ev=0.241  ent=0.504  grad=0.80/0.50  h=6.0 c=28.9  kl=0.0117  vl=0.2754
Step: 11407360 SPS: 592  ev=0.343  ent=0.504  grad=0.75/0.50  h=6.2 c=31.3  kl=0.0105  vl=0.2404
Step: 11411456 SPS: 592  ev=0.385  ent=0.527  grad=0.71/0.50  h=6.2 c=31.1  kl=0.0148  vl=0.2501
Step: 11415552 SPS: 592  ev=0.380  ent=0.530  grad=0.69/0.50  h=6.2 c=29.8  kl=0.0166  vl=0.2278
Step: 11419648 SPS: 592  ev=0.372  ent=0.505  grad=0.78/0.50  h=6.2 c=32.0  kl=0.0125  vl=0.2582
Step: 11423744 SPS: 592  ev=0.326  ent=0.501  grad=0.80/0.50  h=6.1 c=28.6  kl=0.0113  vl=0.2631
Step: 11427840 SPS: 592  ev=0.335  ent=0.509  grad=0.81/0.50  h=6.2 c=30.9  kl=0.0138  vl=0.2730
Step: 11431936 SPS: 592  ev=0.312  ent=0.518  grad=0.99/0.50  h=6.2 c=30.9  kl=0.0102  vl=0.2735
Step: 11436032 SPS: 592  ev=0.289  ent=0.497  grad=0.77/0.50  h=6.2 c=29.8  kl=0.0159  vl=0.2544
Step: 11440128 SPS: 592  ev=0.276  ent=0.531  grad=0.78/0.50  h=6.1 c=31.4  kl=0.0121  vl=0.2428
Step: 11444224 SPS: 592  ev=0.317  ent=0.499  grad=0.92/0.50  h=6.1 c=29.3  kl=0.0132  vl=0.2602
Step: 11448320 SPS: 592  ev=0.308  ent=0.513  grad=1.11/0.50  h=6.2 c=30.8  kl=0.0150  vl=0.2519
Step: 11452416 SPS: 592  ev=0.305  ent=0.488  grad=0.74/0.50  h=6.1 c=29.8  kl=0.0113  vl=0.2708
Step: 11456512 SPS: 592  ev=0.266  ent=0.529  grad=1.02/0.50  h=6.2 c=30.5  kl=0.0101  vl=0.2912
Step: 11460608 SPS: 592  ev=0.257  ent=0.527  grad=0.87/0.50  h=6.2 c=31.6  kl=0.0120  vl=0.3168
Step: 11464704 SPS: 593  ev=0.378  ent=0.511  grad=1.05/0.50  h=6.1 c=30.7  kl=0.0100  vl=0.2463
  vs Random: 100W/0L/0D | score=56.5±30.4 inv=2.8 played=20.5 lanes=4.7 ddraw=2.7 pts=57
  Self-play: 60W/42L/0D | score=21.5±22.0 inv=2.5 played=17.3 lanes=4.5 ddraw=0.7 pts=21
Step: 11468800 SPS: 592  ev=0.269  ent=0.489  grad=0.73/0.50  h=6.2 c=31.1  kl=0.0122  vl=0.2633
Step: 11472896 SPS: 592  ev=0.307  ent=0.507  grad=0.82/0.50  h=6.2 c=31.5  kl=0.0106  vl=0.2430
Step: 11476992 SPS: 592  ev=0.282  ent=0.512  grad=0.87/0.50  h=6.2 c=30.4  kl=0.0132  vl=0.2753
Step: 11481088 SPS: 592  ev=0.364  ent=0.524  grad=1.06/0.50  h=6.1 c=31.2  kl=0.0143  vl=0.2738
Step: 11485184 SPS: 592  ev=0.276  ent=0.526  grad=0.91/0.50  h=6.1 c=29.4  kl=0.0128  vl=0.3102
Step: 11489280 SPS: 592  ev=0.355  ent=0.522  grad=0.83/0.50  h=6.2 c=31.1  kl=0.0115  vl=0.2347
Step: 11493376 SPS: 592  ev=0.319  ent=0.537  grad=0.88/0.50  h=6.1 c=29.8  kl=0.0116  vl=0.2896
Step: 11497472 SPS: 592  ev=0.363  ent=0.477  grad=0.71/0.50  h=6.1 c=30.2  kl=0.0143  vl=0.2365
Step: 11501568 SPS: 592  ev=0.350  ent=0.511  grad=1.17/0.50  h=6.1 c=30.1  kl=0.0112  vl=0.2617
Step: 11505664 SPS: 592  ev=0.251  ent=0.512  grad=1.01/0.50  h=6.1 c=30.3  kl=0.0126  vl=0.2606
Step: 11509760 SPS: 592  ev=0.340  ent=0.518  grad=0.58/0.50  h=6.3 c=31.8  kl=0.0143  vl=0.2768
Step: 11513856 SPS: 592  ev=0.292  ent=0.498  grad=0.77/0.50  h=6.2 c=30.6  kl=0.0174  vl=0.3098
Step: 11517952 SPS: 592  ev=0.365  ent=0.544  grad=1.32/0.50  h=6.3 c=31.2  kl=0.0138  vl=0.2579
Step: 11522048 SPS: 592  ev=0.358  ent=0.504  grad=1.20/0.50  h=6.2 c=31.1  kl=0.0109  vl=0.2363
Step: 11526144 SPS: 592  ev=0.373  ent=0.504  grad=0.93/0.50  h=6.2 c=30.6  kl=0.0153  vl=0.2180
Step: 11530240 SPS: 593  ev=0.253  ent=0.485  grad=0.78/0.50  h=6.2 c=31.8  kl=0.0119  vl=0.2585
Step: 11534336 SPS: 593  ev=0.241  ent=0.500  grad=1.21/0.50  h=6.2 c=30.3  kl=0.0133  vl=0.2720
Step: 11538432 SPS: 593  ev=0.268  ent=0.519  grad=1.76/0.50  h=6.3 c=31.5  kl=0.0110  vl=0.3180
Step: 11542528 SPS: 593  ev=0.329  ent=0.545  grad=0.58/0.50  h=6.2 c=30.8  kl=0.0154  vl=0.2604
Step: 11546624 SPS: 593  ev=0.368  ent=0.510  grad=0.89/0.50  h=6.2 c=30.7  kl=0.0128  vl=0.1910
  vs Random: 100W/0L/0D | score=59.3±29.1 inv=2.6 played=20.3 lanes=4.6 ddraw=2.7 pts=59
  Self-play: 58W/43L/1D | score=19.2±26.3 inv=2.4 played=17.5 lanes=4.6 ddraw=0.8 pts=19
Step: 11550720 SPS: 592  ev=0.271  ent=0.521  grad=0.91/0.50  h=6.2 c=31.2  kl=0.0109  vl=0.2703
Step: 11554816 SPS: 592  ev=0.351  ent=0.497  grad=0.60/0.50  h=6.2 c=31.2  kl=0.0166  vl=0.2504
Step: 11558912 SPS: 592  ev=0.299  ent=0.509  grad=0.93/0.50  h=6.3 c=32.8  kl=0.0106  vl=0.2375
Step: 11563008 SPS: 592  ev=0.307  ent=0.518  grad=0.81/0.50  h=6.3 c=32.5  kl=0.0142  vl=0.2483
Step: 11567104 SPS: 592  ev=0.334  ent=0.494  grad=0.81/0.50  h=6.2 c=31.5  kl=0.0105  vl=0.2467
Step: 11571200 SPS: 592  ev=0.347  ent=0.534  grad=0.99/0.50  h=6.2 c=31.4  kl=0.0139  vl=0.2037
Step: 11575296 SPS: 592  ev=0.293  ent=0.502  grad=1.44/0.50  h=6.1 c=30.1  kl=0.0139  vl=0.2561
Step: 11579392 SPS: 592  ev=0.310  ent=0.516  grad=0.84/0.50  h=6.2 c=33.3  kl=0.0146  vl=0.2177
Step: 11583488 SPS: 592  ev=0.362  ent=0.496  grad=0.72/0.50  h=6.3 c=32.2  kl=0.0121  vl=0.2569
Step: 11587584 SPS: 592  ev=0.347  ent=0.488  grad=1.50/0.50  h=6.2 c=31.5  kl=0.0154  vl=0.2678
Step: 11591680 SPS: 592  ev=0.328  ent=0.520  grad=0.93/0.50  h=6.2 c=31.7  kl=0.0120  vl=0.2543
Step: 11595776 SPS: 593  ev=0.215  ent=0.517  grad=0.92/0.50  h=6.1 c=30.7  kl=0.0110  vl=0.3381
Step: 11599872 SPS: 593  ev=0.285  ent=0.485  grad=0.89/0.50  h=6.1 c=31.1  kl=0.0101  vl=0.2495
Step: 11603968 SPS: 593  ev=0.300  ent=0.519  grad=0.87/0.50  h=6.1 c=30.6  kl=0.0131  vl=0.2777
Step: 11608064 SPS: 593  ev=0.305  ent=0.546  grad=0.70/0.50  h=6.1 c=31.3  kl=0.0112  vl=0.2440
Step: 11612160 SPS: 593  ev=0.330  ent=0.498  grad=0.74/0.50  h=6.1 c=31.1  kl=0.0108  vl=0.2577
Step: 11616256 SPS: 593  ev=0.256  ent=0.516  grad=1.18/0.50  h=6.2 c=31.7  kl=0.0139  vl=0.2989
Step: 11620352 SPS: 593  ev=0.247  ent=0.510  grad=1.24/0.50  h=6.1 c=31.2  kl=0.0104  vl=0.2505
Step: 11624448 SPS: 593  ev=0.267  ent=0.507  grad=1.03/0.50  h=6.1 c=31.4  kl=0.0116  vl=0.2551
Step: 11628544 SPS: 593  ev=0.273  ent=0.471  grad=0.97/0.50  h=6.1 c=31.7  kl=0.0120  vl=0.2979
  vs Random: 103W/0L/0D | score=68.5±36.2 inv=3.0 played=21.4 lanes=4.7 ddraw=2.6 pts=69
  Self-play: 55W/49L/0D | score=19.0±27.1 inv=2.5 played=17.4 lanes=4.6 ddraw=0.6 pts=19
Step: 11632640 SPS: 592  ev=0.335  ent=0.500  grad=1.49/0.50  h=6.2 c=32.9  kl=0.0156  vl=0.2587
Step: 11636736 SPS: 592  ev=0.334  ent=0.479  grad=0.68/0.50  h=6.1 c=32.0  kl=0.0117  vl=0.2550
Step: 11640832 SPS: 592  ev=0.291  ent=0.523  grad=0.68/0.50  h=6.1 c=30.9  kl=0.0170  vl=0.2439
Step: 11644928 SPS: 592  ev=0.396  ent=0.480  grad=0.69/0.50  h=6.1 c=31.4  kl=0.0135  vl=0.2154
Step: 11649024 SPS: 592  ev=0.319  ent=0.506  grad=1.00/0.50  h=6.0 c=32.0  kl=0.0101  vl=0.2991
Step: 11653120 SPS: 592  ev=0.251  ent=0.489  grad=1.30/0.50  h=6.1 c=31.6  kl=0.0136  vl=0.2535
Step: 11657216 SPS: 592  ev=0.266  ent=0.510  grad=1.07/0.50  h=6.1 c=31.9  kl=0.0148  vl=0.2880
Step: 11661312 SPS: 592  ev=0.240  ent=0.494  grad=0.70/0.50  h=6.1 c=31.3  kl=0.0136  vl=0.2746
Step: 11665408 SPS: 593  ev=0.309  ent=0.548  grad=1.18/0.50  h=6.1 c=32.2  kl=0.0120  vl=0.2543
Step: 11669504 SPS: 593  ev=0.313  ent=0.499  grad=0.70/0.50  h=5.9 c=30.0  kl=0.0143  vl=0.2495
Step: 11673600 SPS: 593  ev=0.312  ent=0.497  grad=0.90/0.50  h=6.1 c=31.9  kl=0.0145  vl=0.2910
Step: 11677696 SPS: 593  ev=0.314  ent=0.527  grad=0.76/0.50  h=6.1 c=32.6  kl=0.0121  vl=0.2384
Step: 11681792 SPS: 593  ev=0.329  ent=0.504  grad=1.01/0.50  h=6.1 c=31.8  kl=0.0102  vl=0.2971
Step: 11685888 SPS: 593  ev=0.310  ent=0.493  grad=0.75/0.50  h=6.2 c=33.5  kl=0.0150  vl=0.2416
Step: 11689984 SPS: 593  ev=0.352  ent=0.511  grad=0.85/0.50  h=6.0 c=30.2  kl=0.0105  vl=0.2866
Step: 11694080 SPS: 593  ev=0.278  ent=0.500  grad=0.70/0.50  h=6.2 c=33.1  kl=0.0122  vl=0.2711
Step: 11698176 SPS: 593  ev=0.351  ent=0.505  grad=1.06/0.50  h=6.1 c=32.3  kl=0.0108  vl=0.2694
Step: 11702272 SPS: 593  ev=0.324  ent=0.490  grad=0.90/0.50  h=6.1 c=33.1  kl=0.0148  vl=0.2540
Step: 11706368 SPS: 593  ev=0.300  ent=0.500  grad=0.90/0.50  h=6.1 c=32.9  kl=0.0106  vl=0.2614
Step: 11710464 SPS: 593  ev=0.283  ent=0.496  grad=0.72/0.50  h=6.1 c=32.0  kl=0.0123  vl=0.3344
  vs Random: 101W/0L/0D | score=65.4±37.1 inv=3.0 played=21.2 lanes=4.7 ddraw=2.9 pts=65
  Self-play: 53W/48L/2D | score=17.7±27.5 inv=2.7 played=17.8 lanes=4.6 ddraw=0.8 pts=18
Step: 11714560 SPS: 592  ev=0.306  ent=0.482  grad=0.73/0.50  h=6.1 c=32.9  kl=0.0110  vl=0.2620
Step: 11718656 SPS: 592  ev=0.348  ent=0.499  grad=0.85/0.50  h=6.0 c=31.5  kl=0.0113  vl=0.2523
Step: 11722752 SPS: 592  ev=0.297  ent=0.467  grad=0.91/0.50  h=6.1 c=32.5  kl=0.0105  vl=0.3058
Step: 11726848 SPS: 592  ev=0.299  ent=0.495  grad=0.97/0.50  h=6.1 c=33.2  kl=0.0125  vl=0.2146
Step: 11730944 SPS: 592  ev=0.290  ent=0.506  grad=1.09/0.50  h=6.0 c=30.7  kl=0.0161  vl=0.2764
Step: 11735040 SPS: 593  ev=0.295  ent=0.529  grad=0.90/0.50  h=6.1 c=32.7  kl=0.0144  vl=0.2358
Step: 11739136 SPS: 593  ev=0.374  ent=0.495  grad=1.83/0.50  h=6.0 c=32.3  kl=0.0119  vl=0.2640
Step: 11743232 SPS: 593  ev=0.353  ent=0.507  grad=0.89/0.50  h=6.2 c=32.1  kl=0.0121  vl=0.2076
Step: 11747328 SPS: 593  ev=0.268  ent=0.511  grad=0.76/0.50  h=6.1 c=32.7  kl=0.0138  vl=0.3427
Step: 11751424 SPS: 593  ev=0.314  ent=0.507  grad=0.81/0.50  h=6.0 c=30.6  kl=0.0138  vl=0.2404
Step: 11755520 SPS: 593  ev=0.274  ent=0.497  grad=1.01/0.50  h=6.1 c=32.7  kl=0.0157  vl=0.1946
Step: 11759616 SPS: 593  ev=0.332  ent=0.463  grad=0.92/0.50  h=6.1 c=31.0  kl=0.0103  vl=0.2618
Step: 11763712 SPS: 593  ev=0.237  ent=0.510  grad=1.05/0.50  h=6.1 c=31.7  kl=0.0127  vl=0.2832
Step: 11767808 SPS: 593  ev=0.308  ent=0.477  grad=0.64/0.50  h=6.1 c=33.0  kl=0.0120  vl=0.2428
Step: 11771904 SPS: 593  ev=0.348  ent=0.486  grad=0.89/0.50  h=6.1 c=32.1  kl=0.0153  vl=0.2111
Step: 11776000 SPS: 593  ev=0.291  ent=0.496  grad=0.71/0.50  h=6.1 c=31.4  kl=0.0103  vl=0.2868
Step: 11780096 SPS: 593  ev=0.281  ent=0.495  grad=1.16/0.50  h=6.0 c=31.0  kl=0.0109  vl=0.1952
Step: 11784192 SPS: 593  ev=0.214  ent=0.492  grad=0.89/0.50  h=6.1 c=31.6  kl=0.0103  vl=0.3011
Step: 11788288 SPS: 593  ev=0.311  ent=0.518  grad=0.85/0.50  h=6.2 c=33.4  kl=0.0127  vl=0.2171
Step: 11792384 SPS: 593  ev=0.322  ent=0.510  grad=0.73/0.50  h=6.1 c=32.0  kl=0.0108  vl=0.2433
  vs Random: 100W/0L/0D | score=59.9±31.8 inv=2.8 played=20.9 lanes=4.8 ddraw=2.7 pts=60
  Self-play: 48W/51L/2D | score=12.2±27.9 inv=2.8 played=17.6 lanes=4.7 ddraw=0.6 pts=12
Step: 11796480 SPS: 593  ev=0.310  ent=0.474  grad=0.70/0.50  h=6.2 c=33.2  kl=0.0113  vl=0.2589
Step: 11800576 SPS: 593  ev=0.355  ent=0.483  grad=0.91/0.50  h=6.1 c=32.1  kl=0.0109  vl=0.2465
Step: 11804672 SPS: 593  ev=0.283  ent=0.479  grad=1.08/0.50  h=6.1 c=31.7  kl=0.0101  vl=0.3136
Step: 11808768 SPS: 593  ev=0.242  ent=0.489  grad=1.45/0.50  h=6.1 c=31.8  kl=0.0193  vl=0.3484
Step: 11812864 SPS: 593  ev=0.279  ent=0.514  grad=0.93/0.50  h=6.1 c=31.7  kl=0.0101  vl=0.2684
Step: 11816960 SPS: 593  ev=0.281  ent=0.481  grad=1.07/0.50  h=6.2 c=32.9  kl=0.0109  vl=0.2512
Step: 11821056 SPS: 593  ev=0.247  ent=0.474  grad=0.86/0.50  h=6.0 c=31.1  kl=0.0126  vl=0.2748
Step: 11825152 SPS: 593  ev=0.263  ent=0.463  grad=1.97/0.50  h=6.1 c=31.8  kl=0.0166  vl=0.2562
Step: 11829248 SPS: 593  ev=0.404  ent=0.482  grad=1.00/0.50  h=6.1 c=32.1  kl=0.0106  vl=0.2133
Step: 11833344 SPS: 593  ev=0.395  ent=0.469  grad=0.67/0.50  h=6.1 c=30.6  kl=0.0146  vl=0.2328
Step: 11837440 SPS: 593  ev=0.339  ent=0.505  grad=1.04/0.50  h=6.2 c=33.0  kl=0.0115  vl=0.2798
Step: 11841536 SPS: 593  ev=0.277  ent=0.503  grad=1.28/0.50  h=6.1 c=30.9  kl=0.0106  vl=0.2801
Step: 11845632 SPS: 593  ev=0.303  ent=0.473  grad=0.89/0.50  h=6.1 c=31.9  kl=0.0140  vl=0.2704
Step: 11849728 SPS: 593  ev=0.341  ent=0.514  grad=0.66/0.50  h=6.0 c=30.9  kl=0.0152  vl=0.2255
Step: 11853824 SPS: 593  ev=0.327  ent=0.492  grad=0.53/0.50  h=6.0 c=30.4  kl=0.0132  vl=0.2480
Step: 11857920 SPS: 593  ev=0.285  ent=0.490  grad=0.87/0.50  h=6.1 c=33.1  kl=0.0112  vl=0.3052
Step: 11862016 SPS: 593  ev=0.367  ent=0.463  grad=0.65/0.50  h=6.1 c=31.2  kl=0.0147  vl=0.2321
Step: 11866112 SPS: 593  ev=0.367  ent=0.455  grad=0.92/0.50  h=6.1 c=32.3  kl=0.0107  vl=0.2818
Step: 11870208 SPS: 593  ev=0.327  ent=0.498  grad=1.07/0.50  h=6.0 c=31.1  kl=0.0110  vl=0.2898
Step: 11874304 SPS: 593  ev=0.304  ent=0.500  grad=1.05/0.50  h=6.1 c=31.0  kl=0.0093  vl=0.2327
  vs Random: 101W/0L/0D | score=63.0±32.3 inv=2.9 played=21.3 lanes=4.9 ddraw=2.8 pts=63
  Self-play: 54W/49L/3D | score=16.2±25.2 inv=2.7 played=17.7 lanes=4.6 ddraw=0.8 pts=16
Step: 11878400 SPS: 593  ev=0.253  ent=0.506  grad=0.83/0.50  h=6.1 c=31.8  kl=0.0143  vl=0.2919
Step: 11882496 SPS: 593  ev=0.382  ent=0.468  grad=0.67/0.50  h=6.0 c=31.2  kl=0.0136  vl=0.2353
Step: 11886592 SPS: 593  ev=0.386  ent=0.487  grad=1.27/0.50  h=6.2 c=32.1  kl=0.0138  vl=0.2582
Step: 11890688 SPS: 593  ev=0.394  ent=0.466  grad=0.76/0.50  h=6.1 c=31.1  kl=0.0169  vl=0.1947
Step: 11894784 SPS: 593  ev=0.323  ent=0.478  grad=1.14/0.50  h=6.0 c=30.8  kl=0.0099  vl=0.2553
Step: 11898880 SPS: 593  ev=0.327  ent=0.487  grad=1.09/0.50  h=6.1 c=32.2  kl=0.0105  vl=0.3095
Step: 11902976 SPS: 593  ev=0.343  ent=0.483  grad=0.84/0.50  h=6.1 c=31.3  kl=0.0114  vl=0.1977
Step: 11907072 SPS: 593  ev=0.339  ent=0.495  grad=1.13/0.50  h=6.1 c=31.7  kl=0.0103  vl=0.3003
Step: 11911168 SPS: 593  ev=0.304  ent=0.468  grad=0.70/0.50  h=6.1 c=31.3  kl=0.0127  vl=0.2651
Step: 11915264 SPS: 593  ev=0.276  ent=0.501  grad=1.64/0.50  h=6.0 c=31.2  kl=0.0126  vl=0.2493
Step: 11919360 SPS: 593  ev=0.358  ent=0.463  grad=0.84/0.50  h=6.2 c=31.5  kl=0.0125  vl=0.2267
Step: 11923456 SPS: 593  ev=0.294  ent=0.481  grad=0.76/0.50  h=6.1 c=31.8  kl=0.0145  vl=0.2946
Step: 11927552 SPS: 593  ev=0.315  ent=0.504  grad=1.03/0.50  h=6.0 c=30.7  kl=0.0157  vl=0.2851
Step: 11931648 SPS: 593  ev=0.362  ent=0.513  grad=1.18/0.50  h=6.0 c=31.4  kl=0.0152  vl=0.2325
Step: 11935744 SPS: 593  ev=0.318  ent=0.524  grad=0.67/0.50  h=6.0 c=30.9  kl=0.0155  vl=0.2695
Step: 11939840 SPS: 593  ev=0.386  ent=0.492  grad=0.74/0.50  h=6.0 c=31.5  kl=0.0116  vl=0.2118
Step: 11943936 SPS: 593  ev=0.330  ent=0.499  grad=0.88/0.50  h=6.0 c=31.1  kl=0.0134  vl=0.2733
Step: 11948032 SPS: 593  ev=0.309  ent=0.515  grad=0.72/0.50  h=6.0 c=30.5  kl=0.0146  vl=0.2902
Step: 11952128 SPS: 593  ev=0.326  ent=0.473  grad=0.68/0.50  h=6.0 c=31.9  kl=0.0141  vl=0.2400
Step: 11956224 SPS: 593  ev=0.290  ent=0.542  grad=0.78/0.50  h=5.9 c=30.8  kl=0.0164  vl=0.3055
  vs Random: 100W/0L/0D | score=62.1±33.9 inv=2.7 played=21.1 lanes=4.8 ddraw=3.2 pts=62
  Self-play: 53W/57L/0D | score=19.2±28.0 inv=2.7 played=18.0 lanes=4.6 ddraw=0.8 pts=19
Step: 11960320 SPS: 593  ev=0.267  ent=0.509  grad=0.94/0.50  h=6.0 c=31.7  kl=0.0113  vl=0.2822
Step: 11964416 SPS: 593  ev=0.345  ent=0.500  grad=0.77/0.50  h=6.0 c=31.1  kl=0.0124  vl=0.2284
Step: 11968512 SPS: 593  ev=0.348  ent=0.488  grad=0.77/0.50  h=6.0 c=30.6  kl=0.0117  vl=0.2662
Step: 11972608 SPS: 593  ev=0.344  ent=0.487  grad=1.01/0.50  h=6.0 c=31.5  kl=0.0140  vl=0.3206
Step: 11976704 SPS: 593  ev=0.267  ent=0.471  grad=0.71/0.50  h=6.0 c=31.8  kl=0.0141  vl=0.2531
Step: 11980800 SPS: 593  ev=0.417  ent=0.512  grad=0.93/0.50  h=6.0 c=31.2  kl=0.0102  vl=0.2319
Step: 11984896 SPS: 593  ev=0.310  ent=0.495  grad=1.46/0.50  h=6.0 c=31.0  kl=0.0170  vl=0.2441
Step: 11988992 SPS: 593  ev=0.362  ent=0.490  grad=1.12/0.50  h=6.0 c=30.3  kl=0.0123  vl=0.2649
Step: 11993088 SPS: 593  ev=0.321  ent=0.499  grad=1.11/0.50  h=5.9 c=30.2  kl=0.0128  vl=0.2431
Step: 11997184 SPS: 593  ev=0.304  ent=0.510  grad=0.67/0.50  h=5.9 c=29.9  kl=0.0156  vl=0.2614
Step: 12001280 SPS: 593  ev=0.299  ent=0.477  grad=1.53/0.50  h=6.0 c=31.6  kl=0.0139  vl=0.2971
Step: 12005376 SPS: 593  ev=0.273  ent=0.491  grad=0.81/0.50  h=6.0 c=31.7  kl=0.0117  vl=0.2319
Step: 12009472 SPS: 593  ev=0.292  ent=0.494  grad=1.33/0.50  h=5.9 c=29.7  kl=0.0154  vl=0.2792
Step: 12013568 SPS: 593  ev=0.331  ent=0.496  grad=1.15/0.50  h=6.0 c=31.1  kl=0.0127  vl=0.2549
Step: 12017664 SPS: 593  ev=0.312  ent=0.484  grad=0.98/0.50  h=5.9 c=30.6  kl=0.0115  vl=0.2524
Step: 12021760 SPS: 593  ev=0.319  ent=0.470  grad=0.63/0.50  h=6.0 c=31.4  kl=0.0111  vl=0.2630
Step: 12025856 SPS: 593  ev=0.291  ent=0.522  grad=1.50/0.50  h=6.0 c=31.2  kl=0.0134  vl=0.2792
Step: 12029952 SPS: 593  ev=0.288  ent=0.507  grad=1.02/0.50  h=5.9 c=30.0  kl=0.0187  vl=0.2552
Step: 12034048 SPS: 593  ev=0.378  ent=0.525  grad=1.41/0.50  h=6.0 c=31.7  kl=0.0112  vl=0.2540
Step: 12038144 SPS: 593  ev=0.373  ent=0.515  grad=0.88/0.50  h=6.0 c=30.7  kl=0.0111  vl=0.2851
  vs Random: 101W/0L/0D | score=60.6±28.2 inv=2.7 played=20.9 lanes=4.9 ddraw=3.2 pts=61
  Self-play: 49W/50L/3D | score=19.5±24.9 inv=2.7 played=17.5 lanes=4.6 ddraw=0.7 pts=19
Step: 12042240 SPS: 593  ev=0.366  ent=0.528  grad=0.95/0.50  h=6.0 c=31.7  kl=0.0103  vl=0.2660
Step: 12046336 SPS: 593  ev=0.303  ent=0.510  grad=1.22/0.50  h=6.0 c=31.6  kl=0.0137  vl=0.2753
Step: 12050432 SPS: 593  ev=0.324  ent=0.505  grad=0.87/0.50  h=5.9 c=31.0  kl=0.0105  vl=0.2629
Step: 12054528 SPS: 593  ev=0.297  ent=0.506  grad=0.79/0.50  h=6.0 c=31.2  kl=0.0176  vl=0.2729
Step: 12058624 SPS: 593  ev=0.419  ent=0.502  grad=0.83/0.50  h=6.0 c=31.9  kl=0.0145  vl=0.2278
Step: 12062720 SPS: 593  ev=0.319  ent=0.488  grad=1.01/0.50  h=6.0 c=30.6  kl=0.0103  vl=0.2334
Step: 12066816 SPS: 593  ev=0.401  ent=0.513  grad=0.77/0.50  h=6.0 c=31.8  kl=0.0124  vl=0.2766
Step: 12070912 SPS: 593  ev=0.306  ent=0.492  grad=0.94/0.50  h=6.0 c=31.1  kl=0.0116  vl=0.2495
Step: 12075008 SPS: 593  ev=0.334  ent=0.498  grad=0.71/0.50  h=6.0 c=31.3  kl=0.0107  vl=0.2408
Step: 12079104 SPS: 593  ev=0.374  ent=0.495  grad=1.63/0.50  h=6.0 c=31.3  kl=0.0156  vl=0.2789
Step: 12083200 SPS: 593  ev=0.295  ent=0.523  grad=1.00/0.50  h=6.0 c=30.4  kl=0.0129  vl=0.2387
Step: 12087296 SPS: 593  ev=0.288  ent=0.522  grad=0.93/0.50  h=6.0 c=31.8  kl=0.0102  vl=0.2963
Step: 12091392 SPS: 593  ev=0.345  ent=0.487  grad=0.87/0.50  h=5.9 c=29.6  kl=0.0128  vl=0.2556
Step: 12095488 SPS: 593  ev=0.359  ent=0.526  grad=1.25/0.50  h=6.1 c=31.9  kl=0.0170  vl=0.2617
Step: 12099584 SPS: 593  ev=0.273  ent=0.502  grad=0.98/0.50  h=6.0 c=30.3  kl=0.0123  vl=0.3107
Step: 12103680 SPS: 593  ev=0.307  ent=0.501  grad=0.67/0.50  h=6.0 c=29.7  kl=0.0140  vl=0.2463
Step: 12107776 SPS: 593  ev=0.316  ent=0.511  grad=0.96/0.50  h=6.0 c=31.4  kl=0.0112  vl=0.2787
Step: 12111872 SPS: 593  ev=0.319  ent=0.532  grad=1.07/0.50  h=6.0 c=29.8  kl=0.0112  vl=0.2453
Step: 12115968 SPS: 593  ev=0.353  ent=0.497  grad=0.91/0.50  h=6.1 c=31.3  kl=0.0108  vl=0.2215
Step: 12120064 SPS: 593  ev=0.274  ent=0.496  grad=1.17/0.50  h=6.0 c=29.4  kl=0.0122  vl=0.2370
  vs Random: 100W/0L/0D | score=60.5±32.2 inv=2.8 played=21.1 lanes=4.7 ddraw=3.2 pts=60
  Self-play: 57W/49L/3D | score=18.5±27.9 inv=2.5 played=17.2 lanes=4.5 ddraw=0.9 pts=18
Step: 12124160 SPS: 593  ev=0.407  ent=0.501  grad=0.82/0.50  h=5.9 c=29.1  kl=0.0141  vl=0.2308
Step: 12128256 SPS: 593  ev=0.330  ent=0.490  grad=0.83/0.50  h=6.0 c=30.2  kl=0.0109  vl=0.2763
Step: 12132352 SPS: 593  ev=0.369  ent=0.480  grad=0.60/0.50  h=6.0 c=28.3  kl=0.0105  vl=0.2059
Step: 12136448 SPS: 593  ev=0.318  ent=0.508  grad=2.26/0.50  h=6.1 c=30.6  kl=0.0101  vl=0.2919
Step: 12140544 SPS: 593  ev=0.191  ent=0.499  grad=0.70/0.50  h=5.9 c=28.3  kl=0.0111  vl=0.3390
Step: 12144640 SPS: 593  ev=0.299  ent=0.479  grad=0.63/0.50  h=6.0 c=29.7  kl=0.0155  vl=0.2909
Step: 12148736 SPS: 593  ev=0.385  ent=0.508  grad=0.95/0.50  h=6.1 c=29.7  kl=0.0103  vl=0.2482
Step: 12152832 SPS: 593  ev=0.335  ent=0.507  grad=1.00/0.50  h=6.0 c=28.8  kl=0.0114  vl=0.2378
Step: 12156928 SPS: 593  ev=0.322  ent=0.521  grad=1.30/0.50  h=6.0 c=29.5  kl=0.0106  vl=0.2570
Step: 12161024 SPS: 593  ev=0.268  ent=0.469  grad=0.88/0.50  h=6.0 c=30.5  kl=0.0101  vl=0.2807
Step: 12165120 SPS: 593  ev=0.294  ent=0.488  grad=0.99/0.50  h=6.0 c=29.2  kl=0.0157  vl=0.2647
Step: 12169216 SPS: 593  ev=0.268  ent=0.537  grad=1.46/0.50  h=6.0 c=30.3  kl=0.0115  vl=0.2811
Step: 12173312 SPS: 593  ev=0.318  ent=0.499  grad=0.78/0.50  h=6.0 c=29.6  kl=0.0181  vl=0.3026
Step: 12177408 SPS: 593  ev=0.312  ent=0.454  grad=0.89/0.50  h=6.1 c=29.3  kl=0.0122  vl=0.2555
Step: 12181504 SPS: 593  ev=0.366  ent=0.493  grad=0.64/0.50  h=6.0 c=29.2  kl=0.0127  vl=0.2337
Step: 12185600 SPS: 593  ev=0.295  ent=0.495  grad=1.08/0.50  h=6.0 c=29.3  kl=0.0130  vl=0.2353
Step: 12189696 SPS: 593  ev=0.292  ent=0.494  grad=0.83/0.50  h=6.1 c=30.3  kl=0.0114  vl=0.2175
Step: 12193792 SPS: 593  ev=0.363  ent=0.504  grad=0.70/0.50  h=6.0 c=29.4  kl=0.0178  vl=0.2321
Step: 12197888 SPS: 593  ev=0.398  ent=0.483  grad=0.72/0.50  h=6.0 c=30.4  kl=0.0155  vl=0.2075
Step: 12201984 SPS: 593  ev=0.343  ent=0.506  grad=0.67/0.50  h=6.1 c=30.0  kl=0.0168  vl=0.2311
  vs Random: 100W/0L/0D | score=67.5±30.8 inv=2.8 played=21.0 lanes=4.6 ddraw=3.0 pts=68
  Self-play: 39W/62L/0D | score=17.7±25.1 inv=2.5 played=17.3 lanes=4.5 ddraw=0.8 pts=18
Step: 12206080 SPS: 593  ev=0.334  ent=0.491  grad=1.02/0.50  h=6.1 c=29.4  kl=0.0113  vl=0.2406
Step: 12210176 SPS: 593  ev=0.318  ent=0.499  grad=1.06/0.50  h=6.1 c=29.7  kl=0.0105  vl=0.2211
Step: 12214272 SPS: 593  ev=0.240  ent=0.494  grad=0.78/0.50  h=6.0 c=28.8  kl=0.0115  vl=0.3120
Step: 12218368 SPS: 593  ev=0.300  ent=0.455  grad=0.60/0.50  h=6.1 c=29.8  kl=0.0107  vl=0.2135
Step: 12222464 SPS: 593  ev=0.273  ent=0.515  grad=1.59/0.50  h=6.2 c=30.1  kl=0.0156  vl=0.2994
Step: 12226560 SPS: 593  ev=0.350  ent=0.475  grad=1.07/0.50  h=6.1 c=29.6  kl=0.0170  vl=0.2871
Step: 12230656 SPS: 593  ev=0.351  ent=0.498  grad=1.43/0.50  h=6.1 c=29.6  kl=0.0101  vl=0.2161
Step: 12234752 SPS: 593  ev=0.310  ent=0.500  grad=0.74/0.50  h=6.1 c=29.6  kl=0.0100  vl=0.2458
Step: 12238848 SPS: 593  ev=0.300  ent=0.474  grad=0.67/0.50  h=6.1 c=30.2  kl=0.0153  vl=0.2670
Step: 12242944 SPS: 593  ev=0.341  ent=0.473  grad=1.40/0.50  h=6.1 c=28.9  kl=0.0135  vl=0.2605
Step: 12247040 SPS: 593  ev=0.327  ent=0.507  grad=0.72/0.50  h=6.1 c=29.9  kl=0.0133  vl=0.2002
Step: 12251136 SPS: 593  ev=0.341  ent=0.490  grad=1.48/0.50  h=6.1 c=29.7  kl=0.0153  vl=0.2479
Step: 12255232 SPS: 593  ev=0.264  ent=0.461  grad=0.73/0.50  h=6.1 c=29.5  kl=0.0101  vl=0.2478
Step: 12259328 SPS: 593  ev=0.286  ent=0.488  grad=0.73/0.50  h=6.1 c=30.5  kl=0.0124  vl=0.2929
Step: 12263424 SPS: 593  ev=0.272  ent=0.488  grad=1.19/0.50  h=6.1 c=29.7  kl=0.0105  vl=0.2656
Step: 12267520 SPS: 593  ev=0.251  ent=0.466  grad=1.01/0.50  h=6.0 c=29.8  kl=0.0158  vl=0.3173
Step: 12271616 SPS: 593  ev=0.370  ent=0.477  grad=0.81/0.50  h=6.1 c=29.9  kl=0.0105  vl=0.2768
Step: 12275712 SPS: 593  ev=0.251  ent=0.469  grad=0.74/0.50  h=6.1 c=29.8  kl=0.0090  vl=0.2684
Step: 12279808 SPS: 593  ev=0.254  ent=0.503  grad=0.92/0.50  h=6.0 c=29.9  kl=0.0102  vl=0.2626
Step: 12283904 SPS: 593  ev=0.376  ent=0.496  grad=1.09/0.50  h=6.0 c=29.9  kl=0.0104  vl=0.2082
  vs Random: 100W/0L/0D | score=61.5±27.8 inv=2.9 played=20.5 lanes=4.7 ddraw=3.1 pts=62
  Self-play: 57W/44L/2D | score=19.0±25.6 inv=2.8 played=17.3 lanes=4.5 ddraw=1.0 pts=19
Step: 12288000 SPS: 593  ev=0.323  ent=0.499  grad=1.02/0.50  h=6.0 c=30.1  kl=0.0122  vl=0.2275
Step: 12292096 SPS: 593  ev=0.295  ent=0.468  grad=0.63/0.50  h=6.1 c=30.2  kl=0.0150  vl=0.2858
Step: 12296192 SPS: 593  ev=0.352  ent=0.496  grad=0.95/0.50  h=6.1 c=30.7  kl=0.0104  vl=0.2341
Step: 12300288 SPS: 593  ev=0.306  ent=0.490  grad=0.79/0.50  h=6.0 c=30.2  kl=0.0114  vl=0.2613
Step: 12304384 SPS: 593  ev=0.307  ent=0.488  grad=0.75/0.50  h=6.0 c=29.7  kl=0.0136  vl=0.2537
Step: 12308480 SPS: 593  ev=0.409  ent=0.502  grad=1.12/0.50  h=6.1 c=30.5  kl=0.0181  vl=0.2090
Step: 12312576 SPS: 593  ev=0.298  ent=0.509  grad=1.17/0.50  h=6.1 c=31.0  kl=0.0178  vl=0.2988
Step: 12316672 SPS: 593  ev=0.312  ent=0.501  grad=0.80/0.50  h=6.1 c=30.2  kl=0.0105  vl=0.2691
Step: 12320768 SPS: 593  ev=0.335  ent=0.494  grad=0.74/0.50  h=6.2 c=31.1  kl=0.0146  vl=0.2675
Step: 12324864 SPS: 593  ev=0.401  ent=0.500  grad=0.58/0.50  h=6.0 c=29.9  kl=0.0184  vl=0.2286
Step: 12328960 SPS: 593  ev=0.358  ent=0.495  grad=0.67/0.50  h=6.1 c=29.9  kl=0.0148  vl=0.2580
Step: 12333056 SPS: 593  ev=0.378  ent=0.520  grad=0.84/0.50  h=6.0 c=29.9  kl=0.0129  vl=0.2249
Step: 12337152 SPS: 593  ev=0.270  ent=0.487  grad=0.60/0.50  h=6.1 c=29.8  kl=0.0136  vl=0.3009
Step: 12341248 SPS: 593  ev=0.376  ent=0.475  grad=0.60/0.50  h=6.1 c=29.7  kl=0.0110  vl=0.2301
Step: 12345344 SPS: 593  ev=0.352  ent=0.515  grad=0.91/0.50  h=6.2 c=30.8  kl=0.0145  vl=0.2337
Step: 12349440 SPS: 593  ev=0.326  ent=0.485  grad=0.94/0.50  h=6.2 c=30.9  kl=0.0141  vl=0.2335
Step: 12353536 SPS: 593  ev=0.308  ent=0.514  grad=0.67/0.50  h=6.2 c=31.2  kl=0.0138  vl=0.2792
Step: 12357632 SPS: 593  ev=0.321  ent=0.513  grad=1.05/0.50  h=6.1 c=29.3  kl=0.0130  vl=0.2975
Step: 12361728 SPS: 593  ev=0.299  ent=0.537  grad=0.69/0.50  h=6.1 c=30.2  kl=0.0151  vl=0.2855
Step: 12365824 SPS: 593  ev=0.284  ent=0.515  grad=0.83/0.50  h=6.1 c=29.7  kl=0.0116  vl=0.2597
  vs Random: 103W/0L/0D | score=59.7±33.4 inv=3.0 played=20.5 lanes=4.7 ddraw=3.2 pts=60
  Self-play: 56W/50L/0D | score=21.2±26.1 inv=2.9 played=17.2 lanes=4.3 ddraw=1.1 pts=21
Step: 12369920 SPS: 593  ev=0.320  ent=0.511  grad=1.34/0.50  h=6.2 c=30.0  kl=0.0100  vl=0.2878
Step: 12374016 SPS: 593  ev=0.326  ent=0.506  grad=0.72/0.50  h=6.2 c=30.9  kl=0.0177  vl=0.2471
Step: 12378112 SPS: 593  ev=0.333  ent=0.520  grad=1.06/0.50  h=6.1 c=29.9  kl=0.0103  vl=0.2423
Step: 12382208 SPS: 593  ev=0.379  ent=0.482  grad=0.99/0.50  h=6.1 c=29.2  kl=0.0110  vl=0.2504
Step: 12386304 SPS: 593  ev=0.313  ent=0.540  grad=1.01/0.50  h=6.1 c=29.9  kl=0.0108  vl=0.2508
Step: 12390400 SPS: 593  ev=0.345  ent=0.517  grad=1.15/0.50  h=6.1 c=29.6  kl=0.0167  vl=0.2794
Step: 12394496 SPS: 593  ev=0.328  ent=0.486  grad=0.83/0.50  h=6.2 c=30.9  kl=0.0147  vl=0.3309
Step: 12398592 SPS: 593  ev=0.337  ent=0.505  grad=0.95/0.50  h=6.2 c=30.4  kl=0.0174  vl=0.2717
Step: 12402688 SPS: 593  ev=0.248  ent=0.502  grad=0.59/0.50  h=6.1 c=29.5  kl=0.0165  vl=0.2954
Step: 12406784 SPS: 593  ev=0.322  ent=0.509  grad=1.10/0.50  h=6.2 c=30.9  kl=0.0143  vl=0.2487
Step: 12410880 SPS: 593  ev=0.323  ent=0.503  grad=0.80/0.50  h=6.1 c=29.2  kl=0.0139  vl=0.2490
Step: 12414976 SPS: 593  ev=0.364  ent=0.520  grad=0.74/0.50  h=6.1 c=29.9  kl=0.0104  vl=0.2641
Step: 12419072 SPS: 593  ev=0.251  ent=0.534  grad=0.91/0.50  h=6.1 c=29.9  kl=0.0129  vl=0.2828
Step: 12423168 SPS: 593  ev=0.350  ent=0.531  grad=1.72/0.50  h=6.1 c=29.8  kl=0.0157  vl=0.2528
Step: 12427264 SPS: 593  ev=0.220  ent=0.516  grad=0.79/0.50  h=6.2 c=29.9  kl=0.0088  vl=0.2444
Step: 12431360 SPS: 593  ev=0.284  ent=0.520  grad=1.63/0.50  h=6.1 c=29.4  kl=0.0120  vl=0.3013
Step: 12435456 SPS: 593  ev=0.345  ent=0.529  grad=1.23/0.50  h=6.1 c=30.7  kl=0.0114  vl=0.2607
Step: 12439552 SPS: 593  ev=0.341  ent=0.524  grad=0.89/0.50  h=6.1 c=29.4  kl=0.0143  vl=0.2365
Step: 12443648 SPS: 593  ev=0.369  ent=0.522  grad=0.69/0.50  h=6.2 c=29.9  kl=0.0133  vl=0.2205
Step: 12447744 SPS: 593  ev=0.343  ent=0.526  grad=1.43/0.50  h=6.1 c=28.8  kl=0.0158  vl=0.2540
  vs Random: 100W/0L/0D | score=59.8±29.4 inv=2.7 played=20.1 lanes=4.6 ddraw=3.5 pts=60
  Self-play: 52W/53L/1D | score=17.3±27.4 inv=2.7 played=17.1 lanes=4.5 ddraw=1.2 pts=17
Step: 12451840 SPS: 593  ev=0.341  ent=0.509  grad=1.12/0.50  h=6.1 c=29.5  kl=0.0140  vl=0.2402
Step: 12455936 SPS: 593  ev=0.284  ent=0.517  grad=0.78/0.50  h=6.2 c=30.2  kl=0.0103  vl=0.3140
Step: 12460032 SPS: 593  ev=0.315  ent=0.507  grad=0.96/0.50  h=6.1 c=29.4  kl=0.0158  vl=0.2478
Step: 12464128 SPS: 593  ev=0.369  ent=0.524  grad=0.84/0.50  h=6.1 c=29.2  kl=0.0141  vl=0.2948
Step: 12468224 SPS: 593  ev=0.322  ent=0.503  grad=0.86/0.50  h=6.1 c=29.0  kl=0.0113  vl=0.2981
Step: 12472320 SPS: 593  ev=0.299  ent=0.532  grad=0.93/0.50  h=6.1 c=28.2  kl=0.0116  vl=0.2512
Step: 12476416 SPS: 593  ev=0.354  ent=0.510  grad=0.91/0.50  h=6.1 c=29.4  kl=0.0142  vl=0.2596
Step: 12480512 SPS: 593  ev=0.317  ent=0.517  grad=0.70/0.50  h=6.0 c=28.5  kl=0.0153  vl=0.2624
Step: 12484608 SPS: 593  ev=0.338  ent=0.514  grad=0.76/0.50  h=6.1 c=29.7  kl=0.0144  vl=0.2516
Step: 12488704 SPS: 593  ev=0.302  ent=0.531  grad=0.71/0.50  h=6.1 c=29.7  kl=0.0140  vl=0.2574
Step: 12492800 SPS: 593  ev=0.324  ent=0.524  grad=1.06/0.50  h=6.1 c=29.0  kl=0.0109  vl=0.3169
Step: 12496896 SPS: 593  ev=0.315  ent=0.521  grad=1.06/0.50  h=6.1 c=29.8  kl=0.0122  vl=0.2725
Step: 12500992 SPS: 593  ev=0.328  ent=0.500  grad=0.60/0.50  h=6.1 c=28.9  kl=0.0126  vl=0.2816
Step: 12505088 SPS: 593  ev=0.286  ent=0.503  grad=1.53/0.50  h=6.1 c=30.4  kl=0.0196  vl=0.3015
Step: 12509184 SPS: 593  ev=0.347  ent=0.524  grad=0.57/0.50  h=6.1 c=28.9  kl=0.0144  vl=0.2328
Step: 12513280 SPS: 593  ev=0.272  ent=0.518  grad=0.78/0.50  h=6.1 c=29.0  kl=0.0141  vl=0.2484
Step: 12517376 SPS: 593  ev=0.286  ent=0.524  grad=0.62/0.50  h=6.2 c=31.1  kl=0.0160  vl=0.2552
Step: 12521472 SPS: 593  ev=0.351  ent=0.522  grad=0.81/0.50  h=6.0 c=29.1  kl=0.0105  vl=0.2783
Step: 12525568 SPS: 593  ev=0.342  ent=0.515  grad=1.28/0.50  h=6.1 c=29.8  kl=0.0165  vl=0.2847
Step: 12529664 SPS: 593  ev=0.316  ent=0.512  grad=0.63/0.50  h=6.0 c=28.9  kl=0.0162  vl=0.2746
  vs Random: 101W/0L/0D | score=63.1±31.1 inv=3.1 played=20.8 lanes=4.6 ddraw=3.3 pts=63
  Self-play: 48W/51L/1D | score=18.7±26.0 inv=2.8 played=17.7 lanes=4.5 ddraw=0.8 pts=19
Step: 12533760 SPS: 593  ev=0.360  ent=0.497  grad=0.63/0.50  h=6.1 c=29.4  kl=0.0119  vl=0.2304
Step: 12537856 SPS: 593  ev=0.309  ent=0.534  grad=1.33/0.50  h=6.1 c=30.6  kl=0.0130  vl=0.2652
Step: 12541952 SPS: 593  ev=0.355  ent=0.508  grad=0.71/0.50  h=6.0 c=28.5  kl=0.0126  vl=0.2377
Step: 12546048 SPS: 593  ev=0.267  ent=0.495  grad=1.41/0.50  h=6.1 c=30.4  kl=0.0125  vl=0.2549
Step: 12550144 SPS: 593  ev=0.262  ent=0.497  grad=0.68/0.50  h=6.0 c=29.3  kl=0.0140  vl=0.3285
Step: 12554240 SPS: 593  ev=0.299  ent=0.488  grad=1.08/0.50  h=6.0 c=29.0  kl=0.0119  vl=0.2598
Step: 12558336 SPS: 593  ev=0.349  ent=0.508  grad=1.21/0.50  h=6.1 c=30.5  kl=0.0135  vl=0.2682
Step: 12562432 SPS: 593  ev=0.282  ent=0.497  grad=0.79/0.50  h=6.1 c=29.3  kl=0.0114  vl=0.3031
Step: 12566528 SPS: 593  ev=0.288  ent=0.502  grad=0.78/0.50  h=6.0 c=29.7  kl=0.0124  vl=0.2402
Step: 12570624 SPS: 593  ev=0.364  ent=0.536  grad=1.69/0.50  h=6.0 c=29.9  kl=0.0102  vl=0.2321
Step: 12574720 SPS: 593  ev=0.317  ent=0.499  grad=0.88/0.50  h=6.0 c=28.7  kl=0.0129  vl=0.2371
Step: 12578816 SPS: 593  ev=0.295  ent=0.487  grad=1.01/0.50  h=6.1 c=31.0  kl=0.0125  vl=0.2763
Step: 12582912 SPS: 593  ev=0.349  ent=0.498  grad=1.00/0.50  h=6.0 c=30.3  kl=0.0128  vl=0.2125
Step: 12587008 SPS: 593  ev=0.361  ent=0.516  grad=1.06/0.50  h=6.0 c=29.3  kl=0.0114  vl=0.2697
Step: 12591104 SPS: 593  ev=0.332  ent=0.516  grad=0.76/0.50  h=6.1 c=31.2  kl=0.0111  vl=0.2837
Step: 12595200 SPS: 593  ev=0.318  ent=0.473  grad=0.65/0.50  h=6.1 c=29.9  kl=0.0114  vl=0.2762
Step: 12599296 SPS: 593  ev=0.290  ent=0.491  grad=0.77/0.50  h=6.1 c=31.3  kl=0.0121  vl=0.2803
Step: 12603392 SPS: 593  ev=0.297  ent=0.466  grad=1.49/0.50  h=6.1 c=30.3  kl=0.0108  vl=0.2534
Step: 12607488 SPS: 594  ev=0.338  ent=0.499  grad=1.17/0.50  h=6.0 c=29.6  kl=0.0108  vl=0.2433
Step: 12611584 SPS: 594  ev=0.320  ent=0.483  grad=0.57/0.50  h=6.1 c=31.7  kl=0.0124  vl=0.2626
  vs Random: 100W/0L/0D | score=64.5±31.6 inv=3.0 played=21.0 lanes=4.6 ddraw=3.3 pts=65
  Self-play: 51W/49L/1D | score=13.4±23.1 inv=2.6 played=16.9 lanes=4.4 ddraw=0.8 pts=13
Step: 12615680 SPS: 593  ev=0.222  ent=0.516  grad=0.93/0.50  h=6.0 c=29.8  kl=0.0111  vl=0.2892
Step: 12619776 SPS: 593  ev=0.331  ent=0.554  grad=1.20/0.50  h=6.1 c=31.3  kl=0.0148  vl=0.2411
Step: 12623872 SPS: 593  ev=0.290  ent=0.522  grad=1.19/0.50  h=6.1 c=31.2  kl=0.0148  vl=0.2381
Step: 12627968 SPS: 593  ev=0.233  ent=0.485  grad=0.80/0.50  h=6.1 c=30.8  kl=0.0158  vl=0.2904
Step: 12632064 SPS: 593  ev=0.345  ent=0.494  grad=0.83/0.50  h=6.0 c=30.1  kl=0.0147  vl=0.2436
Step: 12636160 SPS: 593  ev=0.333  ent=0.505  grad=0.74/0.50  h=6.1 c=30.0  kl=0.0137  vl=0.2720
Step: 12640256 SPS: 593  ev=0.296  ent=0.505  grad=1.53/0.50  h=6.1 c=31.5  kl=0.0117  vl=0.2646
Step: 12644352 SPS: 593  ev=0.369  ent=0.511  grad=0.81/0.50  h=6.1 c=30.3  kl=0.0122  vl=0.2237
Step: 12648448 SPS: 593  ev=0.253  ent=0.501  grad=0.92/0.50  h=6.1 c=29.8  kl=0.0143  vl=0.2535
Step: 12652544 SPS: 593  ev=0.335  ent=0.499  grad=1.15/0.50  h=6.1 c=30.6  kl=0.0121  vl=0.2424
Step: 12656640 SPS: 593  ev=0.343  ent=0.501  grad=0.74/0.50  h=6.0 c=29.8  kl=0.0133  vl=0.2558
Step: 12660736 SPS: 593  ev=0.348  ent=0.495  grad=0.87/0.50  h=6.1 c=30.8  kl=0.0108  vl=0.2539
Step: 12664832 SPS: 593  ev=0.355  ent=0.492  grad=0.82/0.50  h=6.1 c=30.9  kl=0.0175  vl=0.2725
Step: 12668928 SPS: 593  ev=0.307  ent=0.499  grad=1.36/0.50  h=6.1 c=30.4  kl=0.0147  vl=0.2653
Step: 12673024 SPS: 593  ev=0.297  ent=0.503  grad=0.69/0.50  h=6.1 c=31.2  kl=0.0168  vl=0.2811
Step: 12677120 SPS: 593  ev=0.325  ent=0.502  grad=1.25/0.50  h=6.1 c=31.2  kl=0.0104  vl=0.2776
Step: 12681216 SPS: 594  ev=0.255  ent=0.527  grad=1.41/0.50  h=6.0 c=28.9  kl=0.0165  vl=0.3147
Step: 12685312 SPS: 594  ev=0.304  ent=0.476  grad=0.75/0.50  h=6.1 c=30.9  kl=0.0112  vl=0.2624
Step: 12689408 SPS: 594  ev=0.259  ent=0.488  grad=0.78/0.50  h=6.0 c=30.4  kl=0.0115  vl=0.2688
Step: 12693504 SPS: 594  ev=0.258  ent=0.511  grad=0.91/0.50  h=6.1 c=31.9  kl=0.0136  vl=0.2841
  vs Random: 101W/0L/0D | score=65.7±34.3 inv=2.7 played=20.4 lanes=4.6 ddraw=3.4 pts=66
  Self-play: 50W/49L/2D | score=17.2±23.8 inv=2.6 played=17.3 lanes=4.4 ddraw=0.8 pts=17
Step: 12697600 SPS: 593  ev=0.323  ent=0.494  grad=0.91/0.50  h=6.1 c=31.0  kl=0.0108  vl=0.2605
Step: 12701696 SPS: 593  ev=0.340  ent=0.484  grad=0.69/0.50  h=6.1 c=30.3  kl=0.0210  vl=0.2494
Step: 12705792 SPS: 593  ev=0.312  ent=0.510  grad=1.93/0.50  h=6.1 c=30.6  kl=0.0107  vl=0.2667
Step: 12709888 SPS: 593  ev=0.331  ent=0.496  grad=0.81/0.50  h=6.0 c=30.5  kl=0.0096  vl=0.2472
Step: 12713984 SPS: 593  ev=0.286  ent=0.472  grad=0.77/0.50  h=6.0 c=30.2  kl=0.0089  vl=0.2931
Step: 12718080 SPS: 593  ev=0.395  ent=0.495  grad=1.06/0.50  h=6.1 c=31.5  kl=0.0126  vl=0.2521
Step: 12722176 SPS: 593  ev=0.313  ent=0.516  grad=1.10/0.50  h=6.1 c=30.8  kl=0.0074  vl=0.2645
Step: 12726272 SPS: 593  ev=0.362  ent=0.520  grad=0.82/0.50  h=6.1 c=31.8  kl=0.0085  vl=0.2312
Step: 12730368 SPS: 593  ev=0.306  ent=0.494  grad=0.98/0.50  h=6.0 c=31.5  kl=0.0081  vl=0.2845
Step: 12734464 SPS: 593  ev=0.387  ent=0.501  grad=0.76/0.50  h=6.0 c=30.6  kl=0.0085  vl=0.1967
Step: 12738560 SPS: 593  ev=0.294  ent=0.481  grad=0.67/0.50  h=6.1 c=31.0  kl=0.0129  vl=0.2646
Step: 12742656 SPS: 593  ev=0.330  ent=0.471  grad=0.87/0.50  h=6.1 c=30.9  kl=0.0088  vl=0.2465
Step: 12746752 SPS: 593  ev=0.344  ent=0.522  grad=0.67/0.50  h=6.2 c=31.8  kl=0.0105  vl=0.2191
Step: 12750848 SPS: 593  ev=0.320  ent=0.481  grad=0.66/0.50  h=6.1 c=30.0  kl=0.0091  vl=0.2521
Step: 12754944 SPS: 594  ev=0.348  ent=0.534  grad=0.86/0.50  h=6.1 c=31.8  kl=0.0123  vl=0.2530
Step: 12759040 SPS: 594  ev=0.310  ent=0.490  grad=0.82/0.50  h=6.1 c=30.6  kl=0.0089  vl=0.2634
Step: 12763136 SPS: 594  ev=0.334  ent=0.455  grad=0.79/0.50  h=6.1 c=30.5  kl=0.0080  vl=0.2477
Step: 12767232 SPS: 594  ev=0.274  ent=0.477  grad=0.75/0.50  h=6.2 c=32.6  kl=0.0082  vl=0.2619
Step: 12771328 SPS: 594  ev=0.280  ent=0.508  grad=0.99/0.50  h=6.1 c=31.3  kl=0.0089  vl=0.3137
Step: 12775424 SPS: 594  ev=0.355  ent=0.488  grad=0.74/0.50  h=6.2 c=31.2  kl=0.0073  vl=0.2193
  vs Random: 100W/0L/0D | score=69.2±32.0 inv=3.0 played=20.9 lanes=4.6 ddraw=3.5 pts=69
  Self-play: 46W/53L/2D | score=18.6±30.1 inv=2.7 played=17.1 lanes=4.5 ddraw=1.0 pts=19
Step: 12779520 SPS: 593  ev=0.323  ent=0.487  grad=1.05/0.50  h=6.1 c=30.7  kl=0.0086  vl=0.2651
Step: 12783616 SPS: 593  ev=0.325  ent=0.489  grad=0.60/0.50  h=6.2 c=31.7  kl=0.0081  vl=0.2965
Step: 12787712 SPS: 593  ev=0.349  ent=0.472  grad=1.83/0.50  h=6.2 c=32.1  kl=0.0097  vl=0.2403
Step: 12791808 SPS: 593  ev=0.353  ent=0.492  grad=0.63/0.50  h=6.2 c=31.9  kl=0.0098  vl=0.2416
Step: 12795904 SPS: 593  ev=0.287  ent=0.503  grad=1.19/0.50  h=6.2 c=32.3  kl=0.0086  vl=0.2683
Step: 12800000 SPS: 593  ev=0.331  ent=0.489  grad=1.11/0.50  h=6.2 c=31.4  kl=0.0115  vl=0.2722
Step: 12804096 SPS: 593  ev=0.296  ent=0.497  grad=0.79/0.50  h=6.2 c=32.2  kl=0.0111  vl=0.2429
Step: 12808192 SPS: 593  ev=0.335  ent=0.486  grad=0.95/0.50  h=6.1 c=31.6  kl=0.0097  vl=0.2875
Step: 12812288 SPS: 593  ev=0.296  ent=0.513  grad=0.80/0.50  h=6.2 c=31.8  kl=0.0086  vl=0.2885
Step: 12816384 SPS: 593  ev=0.335  ent=0.501  grad=1.41/0.50  h=6.1 c=32.1  kl=0.0103  vl=0.2883
Step: 12820480 SPS: 593  ev=0.308  ent=0.500  grad=0.86/0.50  h=6.2 c=32.4  kl=0.0094  vl=0.2349
Step: 12824576 SPS: 593  ev=0.334  ent=0.464  grad=0.81/0.50  h=6.2 c=33.0  kl=0.0093  vl=0.2486
Step: 12828672 SPS: 593  ev=0.330  ent=0.495  grad=0.68/0.50  h=6.2 c=32.6  kl=0.0081  vl=0.2349
Step: 12832768 SPS: 593  ev=0.315  ent=0.486  grad=0.65/0.50  h=6.1 c=31.3  kl=0.0089  vl=0.3214
Step: 12836864 SPS: 594  ev=0.366  ent=0.481  grad=1.23/0.50  h=6.2 c=32.2  kl=0.0100  vl=0.2667
Step: 12840960 SPS: 594  ev=0.344  ent=0.458  grad=0.85/0.50  h=6.1 c=32.1  kl=0.0108  vl=0.2473
Step: 12845056 SPS: 594  ev=0.301  ent=0.475  grad=1.12/0.50  h=6.1 c=31.9  kl=0.0115  vl=0.2668
Step: 12849152 SPS: 594  ev=0.354  ent=0.450  grad=0.88/0.50  h=6.1 c=32.9  kl=0.0072  vl=0.2371
Step: 12853248 SPS: 594  ev=0.271  ent=0.474  grad=0.74/0.50  h=6.1 c=31.3  kl=0.0098  vl=0.2596
Step: 12857344 SPS: 594  ev=0.314  ent=0.475  grad=1.24/0.50  h=6.1 c=31.5  kl=0.0082  vl=0.2747
  vs Random: 102W/0L/0D | score=58.9±30.9 inv=2.8 played=20.6 lanes=4.7 ddraw=3.7 pts=59
  Self-play: 56W/50L/0D | score=19.0±30.4 inv=2.8 played=17.7 lanes=4.6 ddraw=1.0 pts=19
Step: 12861440 SPS: 593  ev=0.272  ent=0.489  grad=1.03/0.50  h=6.1 c=32.1  kl=0.0077  vl=0.2646
Step: 12865536 SPS: 593  ev=0.285  ent=0.498  grad=1.57/0.50  h=6.2 c=31.6  kl=0.0105  vl=0.3075
Step: 12869632 SPS: 593  ev=0.269  ent=0.521  grad=0.93/0.50  h=6.1 c=32.7  kl=0.0070  vl=0.2465
Step: 12873728 SPS: 593  ev=0.362  ent=0.483  grad=0.66/0.50  h=6.2 c=31.8  kl=0.0094  vl=0.2532
Step: 12877824 SPS: 593  ev=0.341  ent=0.505  grad=0.71/0.50  h=6.1 c=32.5  kl=0.0114  vl=0.2583
Step: 12881920 SPS: 593  ev=0.305  ent=0.498  grad=1.08/0.50  h=6.0 c=31.6  kl=0.0087  vl=0.2967
Step: 12886016 SPS: 593  ev=0.316  ent=0.480  grad=0.91/0.50  h=6.1 c=32.3  kl=0.0078  vl=0.2462
Step: 12890112 SPS: 593  ev=0.300  ent=0.477  grad=1.01/0.50  h=6.2 c=32.9  kl=0.0070  vl=0.2156
Step: 12894208 SPS: 593  ev=0.237  ent=0.483  grad=0.71/0.50  h=6.1 c=31.8  kl=0.0133  vl=0.2810
Step: 12898304 SPS: 593  ev=0.320  ent=0.468  grad=0.87/0.50  h=6.1 c=31.8  kl=0.0065  vl=0.2318
Step: 12902400 SPS: 593  ev=0.328  ent=0.488  grad=0.82/0.50  h=6.1 c=32.7  kl=0.0096  vl=0.2621
Step: 12906496 SPS: 593  ev=0.329  ent=0.487  grad=1.08/0.50  h=6.1 c=32.1  kl=0.0074  vl=0.2465
Step: 12910592 SPS: 593  ev=0.355  ent=0.507  grad=1.34/0.50  h=6.1 c=32.6  kl=0.0111  vl=0.2451
Step: 12914688 SPS: 593  ev=0.313  ent=0.491  grad=0.70/0.50  h=6.2 c=33.7  kl=0.0089  vl=0.2701
Step: 12918784 SPS: 593  ev=0.334  ent=0.472  grad=0.84/0.50  h=6.1 c=31.3  kl=0.0074  vl=0.2455
Step: 12922880 SPS: 593  ev=0.301  ent=0.494  grad=0.63/0.50  h=6.2 c=33.2  kl=0.0107  vl=0.2590
Step: 12926976 SPS: 593  ev=0.280  ent=0.490  grad=0.96/0.50  h=6.1 c=31.6  kl=0.0092  vl=0.2815
Step: 12931072 SPS: 594  ev=0.351  ent=0.462  grad=1.13/0.50  h=6.1 c=31.5  kl=0.0085  vl=0.2363
Step: 12935168 SPS: 594  ev=0.292  ent=0.496  grad=0.81/0.50  h=6.2 c=33.8  kl=0.0085  vl=0.2688
Step: 12939264 SPS: 594  ev=0.293  ent=0.509  grad=0.75/0.50  h=6.1 c=31.9  kl=0.0090  vl=0.3007
  vs Random: 100W/0L/0D | score=66.3±33.6 inv=3.1 played=21.1 lanes=4.6 ddraw=3.6 pts=66
  Self-play: 50W/50L/0D | score=13.2±29.2 inv=2.6 played=17.2 lanes=4.6 ddraw=0.8 pts=13
Step: 12943360 SPS: 593  ev=0.344  ent=0.504  grad=0.65/0.50  h=6.2 c=32.7  kl=0.0118  vl=0.2414
Step: 12947456 SPS: 593  ev=0.313  ent=0.506  grad=1.13/0.50  h=6.1 c=32.7  kl=0.0126  vl=0.3018
Step: 12951552 SPS: 593  ev=0.368  ent=0.499  grad=0.92/0.50  h=6.1 c=33.0  kl=0.0066  vl=0.2084
Step: 12955648 SPS: 593  ev=0.330  ent=0.498  grad=1.29/0.50  h=6.2 c=33.9  kl=0.0087  vl=0.2643
Step: 12959744 SPS: 593  ev=0.324  ent=0.486  grad=0.85/0.50  h=6.1 c=32.5  kl=0.0077  vl=0.2505
Step: 12963840 SPS: 593  ev=0.278  ent=0.502  grad=0.99/0.50  h=6.1 c=32.1  kl=0.0098  vl=0.2457
Step: 12967936 SPS: 593  ev=0.301  ent=0.448  grad=0.66/0.50  h=6.1 c=33.0  kl=0.0120  vl=0.2626
Step: 12972032 SPS: 593  ev=0.279  ent=0.497  grad=1.01/0.50  h=6.1 c=32.2  kl=0.0089  vl=0.2798
Step: 12976128 SPS: 593  ev=0.328  ent=0.447  grad=0.84/0.50  h=6.1 c=32.7  kl=0.0077  vl=0.2497
Step: 12980224 SPS: 593  ev=0.353  ent=0.465  grad=0.94/0.50  h=6.1 c=32.9  kl=0.0156  vl=0.2778
Step: 12984320 SPS: 593  ev=0.365  ent=0.463  grad=0.79/0.50  h=6.1 c=31.8  kl=0.0103  vl=0.2410
Step: 12988416 SPS: 593  ev=0.330  ent=0.492  grad=0.89/0.50  h=6.2 c=33.6  kl=0.0067  vl=0.2611
Step: 12992512 SPS: 593  ev=0.305  ent=0.485  grad=0.76/0.50  h=6.1 c=32.4  kl=0.0087  vl=0.2320
Step: 12996608 SPS: 593  ev=0.301  ent=0.446  grad=1.35/0.50  h=6.1 c=32.4  kl=0.0095  vl=0.2751
Step: 13000704 SPS: 593  ev=0.354  ent=0.485  grad=0.75/0.50  h=6.0 c=31.7  kl=0.0114  vl=0.2527
Step: 13004800 SPS: 593  ev=0.301  ent=0.463  grad=0.78/0.50  h=6.1 c=31.7  kl=0.0081  vl=0.2603
Step: 13008896 SPS: 593  ev=0.288  ent=0.482  grad=0.67/0.50  h=6.2 c=32.8  kl=0.0074  vl=0.2579
Step: 13012992 SPS: 593  ev=0.322  ent=0.478  grad=0.90/0.50  h=6.1 c=32.5  kl=0.0099  vl=0.2610
Step: 13017088 SPS: 593  ev=0.333  ent=0.491  grad=0.87/0.50  h=6.2 c=32.9  kl=0.0101  vl=0.2783
Step: 13021184 SPS: 593  ev=0.293  ent=0.458  grad=0.73/0.50  h=6.2 c=32.9  kl=0.0084  vl=0.2939
  vs Random: 101W/0L/0D | score=71.9±35.0 inv=3.1 played=21.6 lanes=4.7 ddraw=3.7 pts=72
  Self-play: 57W/44L/1D | score=22.3±26.3 inv=2.7 played=17.8 lanes=4.6 ddraw=1.0 pts=22
Step: 13025280 SPS: 593  ev=0.347  ent=0.496  grad=0.79/0.50  h=6.1 c=31.6  kl=0.0078  vl=0.2771
Step: 13029376 SPS: 593  ev=0.348  ent=0.467  grad=0.67/0.50  h=6.0 c=32.1  kl=0.0110  vl=0.2590
Step: 13033472 SPS: 593  ev=0.248  ent=0.463  grad=1.20/0.50  h=6.1 c=31.3  kl=0.0086  vl=0.2883
Step: 13037568 SPS: 593  ev=0.372  ent=0.516  grad=1.05/0.50  h=6.1 c=32.7  kl=0.0087  vl=0.2373
Step: 13041664 SPS: 593  ev=0.354  ent=0.490  grad=0.84/0.50  h=6.1 c=32.0  kl=0.0102  vl=0.2625
Step: 13045760 SPS: 593  ev=0.300  ent=0.473  grad=0.76/0.50  h=6.1 c=31.0  kl=0.0084  vl=0.2104
Step: 13049856 SPS: 593  ev=0.251  ent=0.461  grad=1.18/0.50  h=6.1 c=32.5  kl=0.0098  vl=0.3083
Step: 13053952 SPS: 593  ev=0.353  ent=0.496  grad=0.82/0.50  h=6.0 c=31.0  kl=0.0090  vl=0.2737
Step: 13058048 SPS: 593  ev=0.271  ent=0.504  grad=0.91/0.50  h=6.1 c=31.7  kl=0.0130  vl=0.2667
Step: 13062144 SPS: 593  ev=0.282  ent=0.482  grad=0.84/0.50  h=6.1 c=32.4  kl=0.0061  vl=0.2568
Step: 13066240 SPS: 593  ev=0.319  ent=0.484  grad=0.89/0.50  h=6.1 c=31.2  kl=0.0098  vl=0.2601
Step: 13070336 SPS: 593  ev=0.356  ent=0.489  grad=0.98/0.50  h=6.1 c=32.4  kl=0.0088  vl=0.2711
Step: 13074432 SPS: 593  ev=0.328  ent=0.496  grad=1.19/0.50  h=6.1 c=31.6  kl=0.0073  vl=0.2614
Step: 13078528 SPS: 593  ev=0.336  ent=0.466  grad=0.89/0.50  h=6.2 c=32.1  kl=0.0069  vl=0.2202
Step: 13082624 SPS: 593  ev=0.310  ent=0.492  grad=0.93/0.50  h=6.2 c=32.4  kl=0.0104  vl=0.2856
Step: 13086720 SPS: 593  ev=0.336  ent=0.475  grad=1.13/0.50  h=6.1 c=31.1  kl=0.0101  vl=0.2916
Step: 13090816 SPS: 593  ev=0.287  ent=0.476  grad=0.63/0.50  h=6.1 c=31.3  kl=0.0097  vl=0.3230
Step: 13094912 SPS: 593  ev=0.203  ent=0.467  grad=1.19/0.50  h=6.1 c=31.5  kl=0.0058  vl=0.2736
Step: 13099008 SPS: 593  ev=0.278  ent=0.479  grad=0.87/0.50  h=6.1 c=32.3  kl=0.0061  vl=0.2728
Step: 13103104 SPS: 593  ev=0.280  ent=0.490  grad=1.32/0.50  h=6.1 c=31.0  kl=0.0087  vl=0.2785
  vs Random: 100W/0L/0D | score=62.5±28.2 inv=3.0 played=20.7 lanes=4.6 ddraw=3.7 pts=63
  Self-play: 52W/48L/1D | score=19.2±25.0 inv=2.4 played=17.0 lanes=4.5 ddraw=1.1 pts=19
Step: 13107200 SPS: 593  ev=0.287  ent=0.504  grad=1.44/0.50  h=6.1 c=31.3  kl=0.0091  vl=0.2809
Step: 13111296 SPS: 593  ev=0.339  ent=0.493  grad=0.77/0.50  h=6.1 c=31.0  kl=0.0085  vl=0.2373
Step: 13115392 SPS: 593  ev=0.334  ent=0.481  grad=0.93/0.50  h=6.1 c=31.3  kl=0.0115  vl=0.2274
Step: 13119488 SPS: 593  ev=0.333  ent=0.488  grad=1.14/0.50  h=6.1 c=31.1  kl=0.0088  vl=0.2143
Step: 13123584 SPS: 593  ev=0.285  ent=0.500  grad=0.69/0.50  h=6.1 c=31.4  kl=0.0081  vl=0.2370
Step: 13127680 SPS: 593  ev=0.336  ent=0.485  grad=1.09/0.50  h=6.1 c=30.5  kl=0.0090  vl=0.2843
Step: 13131776 SPS: 593  ev=0.365  ent=0.505  grad=0.79/0.50  h=6.1 c=31.4  kl=0.0087  vl=0.2305
Step: 13135872 SPS: 593  ev=0.376  ent=0.503  grad=0.67/0.50  h=6.1 c=31.4  kl=0.0093  vl=0.2028
Step: 13139968 SPS: 593  ev=0.354  ent=0.478  grad=0.89/0.50  h=6.1 c=31.5  kl=0.0098  vl=0.2989
Step: 13144064 SPS: 593  ev=0.266  ent=0.504  grad=0.94/0.50  h=6.1 c=30.3  kl=0.0112  vl=0.2768
Step: 13148160 SPS: 593  ev=0.329  ent=0.499  grad=0.83/0.50  h=6.1 c=30.6  kl=0.0104  vl=0.2403
Step: 13152256 SPS: 593  ev=0.284  ent=0.504  grad=0.96/0.50  h=6.1 c=31.3  kl=0.0081  vl=0.3087
Step: 13156352 SPS: 593  ev=0.281  ent=0.493  grad=0.69/0.50  h=6.1 c=31.7  kl=0.0086  vl=0.2403
Step: 13160448 SPS: 593  ev=0.342  ent=0.482  grad=0.83/0.50  h=6.1 c=31.4  kl=0.0102  vl=0.2376
Step: 13164544 SPS: 593  ev=0.347  ent=0.476  grad=0.91/0.50  h=6.1 c=30.6  kl=0.0074  vl=0.2294
Step: 13168640 SPS: 593  ev=0.313  ent=0.470  grad=0.64/0.50  h=6.1 c=30.8  kl=0.0094  vl=0.2470
Step: 13172736 SPS: 593  ev=0.314  ent=0.498  grad=0.87/0.50  h=6.1 c=30.1  kl=0.0077  vl=0.2610
Step: 13176832 SPS: 593  ev=0.308  ent=0.477  grad=0.71/0.50  h=6.1 c=31.0  kl=0.0067  vl=0.2246
Step: 13180928 SPS: 593  ev=0.372  ent=0.500  grad=0.82/0.50  h=6.0 c=30.0  kl=0.0086  vl=0.2419
Step: 13185024 SPS: 593  ev=0.319  ent=0.495  grad=0.85/0.50  h=6.1 c=30.6  kl=0.0102  vl=0.2927
  vs Random: 101W/0L/0D | score=70.5±34.5 inv=2.9 played=20.8 lanes=4.5 ddraw=3.6 pts=71
  Self-play: 49W/53L/2D | score=20.3±33.4 inv=2.4 played=17.0 lanes=4.5 ddraw=1.0 pts=20
Step: 13189120 SPS: 593  ev=0.362  ent=0.467  grad=0.77/0.50  h=6.1 c=31.6  kl=0.0094  vl=0.2279
Step: 13193216 SPS: 593  ev=0.345  ent=0.512  grad=0.84/0.50  h=6.1 c=30.5  kl=0.0091  vl=0.2770
Step: 13197312 SPS: 593  ev=0.314  ent=0.490  grad=0.71/0.50  h=6.2 c=32.3  kl=0.0080  vl=0.2541
Step: 13201408 SPS: 593  ev=0.366  ent=0.482  grad=0.66/0.50  h=6.0 c=30.2  kl=0.0079  vl=0.2330
Step: 13205504 SPS: 593  ev=0.278  ent=0.463  grad=0.65/0.50  h=6.0 c=29.7  kl=0.0108  vl=0.3002
Step: 13209600 SPS: 593  ev=0.323  ent=0.499  grad=0.91/0.50  h=6.1 c=32.0  kl=0.0081  vl=0.2296
Step: 13213696 SPS: 593  ev=0.214  ent=0.480  grad=0.82/0.50  h=6.1 c=30.5  kl=0.0099  vl=0.3242
Step: 13217792 SPS: 593  ev=0.373  ent=0.513  grad=1.30/0.50  h=6.1 c=30.2  kl=0.0070  vl=0.2398
Step: 13221888 SPS: 593  ev=0.337  ent=0.454  grad=0.70/0.50  h=6.1 c=30.7  kl=0.0103  vl=0.2471
Step: 13225984 SPS: 593  ev=0.304  ent=0.471  grad=0.81/0.50  h=6.1 c=30.5  kl=0.0153  vl=0.2614
Step: 13230080 SPS: 593  ev=0.373  ent=0.465  grad=0.60/0.50  h=6.1 c=30.7  kl=0.0079  vl=0.2291
Step: 13234176 SPS: 593  ev=0.309  ent=0.487  grad=0.74/0.50  h=6.1 c=30.6  kl=0.0100  vl=0.2486
Step: 13238272 SPS: 593  ev=0.345  ent=0.497  grad=0.76/0.50  h=6.2 c=30.6  kl=0.0094  vl=0.2366
Step: 13242368 SPS: 593  ev=0.306  ent=0.502  grad=0.75/0.50  h=6.2 c=31.7  kl=0.0091  vl=0.2611
Step: 13246464 SPS: 593  ev=0.312  ent=0.498  grad=0.91/0.50  h=6.1 c=30.6  kl=0.0097  vl=0.2354
Step: 13250560 SPS: 593  ev=0.328  ent=0.507  grad=0.77/0.50  h=6.1 c=30.0  kl=0.0082  vl=0.2655
Step: 13254656 SPS: 593  ev=0.303  ent=0.462  grad=0.95/0.50  h=6.1 c=30.6  kl=0.0090  vl=0.2390
Step: 13258752 SPS: 593  ev=0.352  ent=0.501  grad=0.72/0.50  h=6.1 c=30.3  kl=0.0071  vl=0.2776
Step: 13262848 SPS: 593  ev=0.280  ent=0.490  grad=0.80/0.50  h=6.2 c=31.7  kl=0.0090  vl=0.2526
Step: 13266944 SPS: 593  ev=0.389  ent=0.513  grad=0.94/0.50  h=6.2 c=31.0  kl=0.0089  vl=0.2613
  vs Random: 100W/0L/0D | score=65.7±32.0 inv=2.9 played=20.7 lanes=4.6 ddraw=3.7 pts=66
  Self-play: 56W/49L/1D | score=16.7±29.1 inv=2.4 played=17.1 lanes=4.6 ddraw=1.2 pts=17
Step: 13271040 SPS: 593  ev=0.343  ent=0.489  grad=1.12/0.50  h=6.1 c=30.2  kl=0.0086  vl=0.2271
Step: 13275136 SPS: 593  ev=0.317  ent=0.475  grad=0.81/0.50  h=6.1 c=29.3  kl=0.0083  vl=0.2515
Step: 13279232 SPS: 593  ev=0.298  ent=0.481  grad=1.18/0.50  h=6.1 c=30.5  kl=0.0081  vl=0.3149
Step: 13283328 SPS: 593  ev=0.338  ent=0.498  grad=0.77/0.50  h=6.1 c=31.2  kl=0.0092  vl=0.2252
Step: 13287424 SPS: 593  ev=0.287  ent=0.493  grad=0.85/0.50  h=6.1 c=30.7  kl=0.0094  vl=0.2784
Step: 13291520 SPS: 593  ev=0.316  ent=0.492  grad=0.74/0.50  h=6.1 c=30.5  kl=0.0082  vl=0.2719
Step: 13295616 SPS: 593  ev=0.336  ent=0.482  grad=0.80/0.50  h=6.1 c=30.6  kl=0.0072  vl=0.2828
Step: 13299712 SPS: 593  ev=0.242  ent=0.494  grad=1.29/0.50  h=6.1 c=30.0  kl=0.0092  vl=0.3376
Step: 13303808 SPS: 593  ev=0.273  ent=0.483  grad=0.73/0.50  h=6.0 c=29.9  kl=0.0081  vl=0.2366
Step: 13307904 SPS: 593  ev=0.353  ent=0.490  grad=0.81/0.50  h=6.1 c=30.5  kl=0.0090  vl=0.2512
Step: 13312000 SPS: 593  ev=0.345  ent=0.506  grad=0.80/0.50  h=6.1 c=31.1  kl=0.0083  vl=0.2293
Step: 13316096 SPS: 593  ev=0.330  ent=0.485  grad=1.06/0.50  h=6.1 c=30.4  kl=0.0089  vl=0.2756
Step: 13320192 SPS: 593  ev=0.318  ent=0.497  grad=1.57/0.50  h=6.1 c=30.7  kl=0.0096  vl=0.2878
Step: 13324288 SPS: 593  ev=0.379  ent=0.472  grad=0.61/0.50  h=6.1 c=31.1  kl=0.0111  vl=0.2268
Step: 13328384 SPS: 593  ev=0.258  ent=0.515  grad=1.72/0.50  h=6.1 c=31.4  kl=0.0110  vl=0.2790
Step: 13332480 SPS: 593  ev=0.326  ent=0.512  grad=0.92/0.50  h=6.1 c=30.9  kl=0.0072  vl=0.2427
Step: 13336576 SPS: 593  ev=0.340  ent=0.467  grad=0.67/0.50  h=6.1 c=31.3  kl=0.0105  vl=0.2624
Step: 13340672 SPS: 593  ev=0.379  ent=0.515  grad=0.73/0.50  h=6.1 c=31.0  kl=0.0083  vl=0.2229
Step: 13344768 SPS: 593  ev=0.303  ent=0.477  grad=0.76/0.50  h=6.1 c=31.7  kl=0.0081  vl=0.2352
Step: 13348864 SPS: 593  ev=0.349  ent=0.464  grad=0.82/0.50  h=6.1 c=31.2  kl=0.0076  vl=0.2306
  vs Random: 100W/0L/0D | score=67.4±33.2 inv=2.9 played=20.8 lanes=4.6 ddraw=3.7 pts=67
  Self-play: 48W/52L/2D | score=19.8±31.4 inv=2.5 played=17.1 lanes=4.5 ddraw=1.1 pts=20
Step: 13352960 SPS: 593  ev=0.239  ent=0.500  grad=0.97/0.50  h=6.0 c=30.3  kl=0.0095  vl=0.2507
Step: 13357056 SPS: 593  ev=0.364  ent=0.493  grad=0.92/0.50  h=6.1 c=31.7  kl=0.0124  vl=0.2521
Step: 13361152 SPS: 593  ev=0.294  ent=0.490  grad=0.74/0.50  h=6.1 c=30.5  kl=0.0101  vl=0.2786
Step: 13365248 SPS: 593  ev=0.265  ent=0.475  grad=1.66/0.50  h=6.1 c=31.7  kl=0.0096  vl=0.2764
Step: 13369344 SPS: 593  ev=0.308  ent=0.487  grad=0.68/0.50  h=6.1 c=31.0  kl=0.0102  vl=0.2322
Step: 13373440 SPS: 593  ev=0.278  ent=0.487  grad=0.69/0.50  h=6.1 c=31.1  kl=0.0083  vl=0.2651
Step: 13377536 SPS: 593  ev=0.285  ent=0.499  grad=0.85/0.50  h=6.1 c=32.1  kl=0.0115  vl=0.2517
Step: 13381632 SPS: 593  ev=0.345  ent=0.473  grad=0.91/0.50  h=6.1 c=31.0  kl=0.0099  vl=0.2583
Step: 13385728 SPS: 593  ev=0.273  ent=0.491  grad=1.32/0.50  h=6.1 c=30.1  kl=0.0102  vl=0.2269
Step: 13389824 SPS: 593  ev=0.389  ent=0.507  grad=0.91/0.50  h=6.1 c=31.0  kl=0.0082  vl=0.2000
Step: 13393920 SPS: 593  ev=0.359  ent=0.545  grad=0.89/0.50  h=6.0 c=30.3  kl=0.0097  vl=0.2495
Step: 13398016 SPS: 593  ev=0.303  ent=0.482  grad=0.92/0.50  h=6.2 c=31.9  kl=0.0091  vl=0.2348
Step: 13402112 SPS: 593  ev=0.345  ent=0.506  grad=0.87/0.50  h=6.0 c=30.5  kl=0.0098  vl=0.2529
Step: 13406208 SPS: 593  ev=0.353  ent=0.482  grad=0.75/0.50  h=6.1 c=30.4  kl=0.0091  vl=0.2349
Step: 13410304 SPS: 593  ev=0.279  ent=0.509  grad=0.66/0.50  h=6.1 c=31.2  kl=0.0093  vl=0.2529
Step: 13414400 SPS: 593  ev=0.313  ent=0.520  grad=0.80/0.50  h=6.1 c=30.3  kl=0.0090  vl=0.2276
Step: 13418496 SPS: 593  ev=0.324  ent=0.520  grad=0.94/0.50  h=6.2 c=30.9  kl=0.0091  vl=0.2090
Step: 13422592 SPS: 593  ev=0.329  ent=0.515  grad=0.94/0.50  h=6.0 c=30.4  kl=0.0093  vl=0.2615
Step: 13426688 SPS: 593  ev=0.289  ent=0.486  grad=0.69/0.50  h=6.1 c=30.5  kl=0.0084  vl=0.2212
Step: 13430784 SPS: 593  ev=0.318  ent=0.511  grad=0.75/0.50  h=6.1 c=31.3  kl=0.0091  vl=0.1997
  vs Random: 100W/0L/0D | score=66.4±37.2 inv=3.1 played=20.4 lanes=4.5 ddraw=3.9 pts=66
  Self-play: 49W/56L/0D | score=19.5±27.7 inv=2.6 played=17.4 lanes=4.5 ddraw=1.0 pts=20
Step: 13434880 SPS: 593  ev=0.332  ent=0.487  grad=0.85/0.50  h=6.1 c=30.8  kl=0.0089  vl=0.2351
Step: 13438976 SPS: 593  ev=0.324  ent=0.499  grad=0.80/0.50  h=6.1 c=30.6  kl=0.0095  vl=0.2665
Step: 13443072 SPS: 593  ev=0.329  ent=0.493  grad=0.67/0.50  h=6.0 c=31.3  kl=0.0113  vl=0.2716
Step: 13447168 SPS: 593  ev=0.277  ent=0.498  grad=0.87/0.50  h=6.1 c=31.0  kl=0.0075  vl=0.2537
Step: 13451264 SPS: 593  ev=0.322  ent=0.504  grad=0.77/0.50  h=6.2 c=31.8  kl=0.0099  vl=0.2514
Step: 13455360 SPS: 593  ev=0.348  ent=0.513  grad=0.65/0.50  h=6.0 c=30.0  kl=0.0112  vl=0.2353
Step: 13459456 SPS: 593  ev=0.340  ent=0.494  grad=0.74/0.50  h=6.1 c=30.1  kl=0.0072  vl=0.2770
Step: 13463552 SPS: 593  ev=0.348  ent=0.520  grad=1.15/0.50  h=6.1 c=30.8  kl=0.0098  vl=0.2624
Step: 13467648 SPS: 593  ev=0.283  ent=0.462  grad=0.78/0.50  h=6.1 c=30.8  kl=0.0084  vl=0.3098
Step: 13471744 SPS: 593  ev=0.355  ent=0.507  grad=0.79/0.50  h=6.1 c=30.8  kl=0.0100  vl=0.2479
Step: 13475840 SPS: 593  ev=0.280  ent=0.460  grad=1.01/0.50  h=6.1 c=31.2  kl=0.0085  vl=0.2940
Step: 13479936 SPS: 593  ev=0.331  ent=0.494  grad=0.96/0.50  h=6.1 c=29.7  kl=0.0088  vl=0.2306
Step: 13484032 SPS: 593  ev=0.351  ent=0.458  grad=1.28/0.50  h=6.1 c=30.4  kl=0.0088  vl=0.2651
Step: 13488128 SPS: 593  ev=0.328  ent=0.506  grad=0.80/0.50  h=6.0 c=29.4  kl=0.0089  vl=0.2751
Step: 13492224 SPS: 593  ev=0.368  ent=0.475  grad=0.81/0.50  h=6.1 c=29.3  kl=0.0092  vl=0.2372
Step: 13496320 SPS: 593  ev=0.272  ent=0.479  grad=0.99/0.50  h=6.1 c=31.2  kl=0.0085  vl=0.2788
Step: 13500416 SPS: 593  ev=0.309  ent=0.502  grad=0.81/0.50  h=6.1 c=30.2  kl=0.0103  vl=0.2300
Step: 13504512 SPS: 593  ev=0.328  ent=0.477  grad=1.26/0.50  h=6.1 c=29.4  kl=0.0094  vl=0.2391
Step: 13508608 SPS: 593  ev=0.340  ent=0.514  grad=1.04/0.50  h=6.1 c=30.3  kl=0.0089  vl=0.2453
Step: 13512704 SPS: 593  ev=0.355  ent=0.519  grad=0.98/0.50  h=6.0 c=29.7  kl=0.0088  vl=0.2599
  vs Random: 102W/0L/0D | score=68.8±34.2 inv=2.8 played=20.9 lanes=4.7 ddraw=3.4 pts=69
  Self-play: 42W/58L/2D | score=17.9±27.8 inv=2.6 played=17.3 lanes=4.6 ddraw=0.8 pts=18
Step: 13516800 SPS: 593  ev=0.260  ent=0.529  grad=1.40/0.50  h=6.2 c=30.5  kl=0.0106  vl=0.2768
Step: 13520896 SPS: 593  ev=0.334  ent=0.458  grad=1.12/0.50  h=6.1 c=30.1  kl=0.0101  vl=0.2411
Step: 13524992 SPS: 593  ev=0.331  ent=0.497  grad=0.95/0.50  h=6.1 c=28.4  kl=0.0103  vl=0.2752
Step: 13529088 SPS: 593  ev=0.289  ent=0.481  grad=1.14/0.50  h=6.1 c=30.2  kl=0.0116  vl=0.2433
Step: 13533184 SPS: 593  ev=0.293  ent=0.469  grad=0.92/0.50  h=6.1 c=30.3  kl=0.0122  vl=0.3121
Step: 13537280 SPS: 593  ev=0.280  ent=0.489  grad=1.38/0.50  h=6.1 c=30.7  kl=0.0102  vl=0.2811
Step: 13541376 SPS: 593  ev=0.321  ent=0.449  grad=0.76/0.50  h=6.1 c=30.8  kl=0.0078  vl=0.3067
Step: 13545472 SPS: 593  ev=0.293  ent=0.481  grad=0.78/0.50  h=6.0 c=28.6  kl=0.0088  vl=0.2894
Step: 13549568 SPS: 593  ev=0.327  ent=0.489  grad=0.82/0.50  h=6.2 c=30.9  kl=0.0087  vl=0.2528
Step: 13553664 SPS: 593  ev=0.318  ent=0.477  grad=0.86/0.50  h=6.1 c=30.8  kl=0.0111  vl=0.2547
Step: 13557760 SPS: 593  ev=0.346  ent=0.486  grad=0.70/0.50  h=6.1 c=30.2  kl=0.0102  vl=0.2411
Step: 13561856 SPS: 593  ev=0.318  ent=0.487  grad=1.04/0.50  h=6.2 c=31.0  kl=0.0087  vl=0.2521
Step: 13565952 SPS: 593  ev=0.310  ent=0.494  grad=0.73/0.50  h=6.1 c=29.2  kl=0.0094  vl=0.2844
Step: 13570048 SPS: 593  ev=0.333  ent=0.502  grad=0.88/0.50  h=6.1 c=30.7  kl=0.0080  vl=0.2358
Step: 13574144 SPS: 593  ev=0.264  ent=0.490  grad=1.14/0.50  h=6.0 c=30.7  kl=0.0100  vl=0.2947
Step: 13578240 SPS: 593  ev=0.330  ent=0.486  grad=1.39/0.50  h=6.1 c=29.8  kl=0.0085  vl=0.2307
Step: 13582336 SPS: 593  ev=0.300  ent=0.470  grad=1.13/0.50  h=6.1 c=31.4  kl=0.0091  vl=0.2559
Step: 13586432 SPS: 593  ev=0.312  ent=0.467  grad=0.74/0.50  h=6.1 c=29.9  kl=0.0077  vl=0.2905
Step: 13590528 SPS: 593  ev=0.310  ent=0.483  grad=0.87/0.50  h=6.1 c=30.6  kl=0.0152  vl=0.2717
Step: 13594624 SPS: 593  ev=0.362  ent=0.480  grad=0.85/0.50  h=6.2 c=32.2  kl=0.0079  vl=0.2331
  vs Random: 101W/0L/0D | score=67.4±34.2 inv=2.9 played=21.0 lanes=4.6 ddraw=3.5 pts=67
  Self-play: 64W/41L/0D | score=24.5±27.5 inv=2.7 played=17.3 lanes=4.4 ddraw=1.1 pts=25
Step: 13598720 SPS: 593  ev=0.358  ent=0.499  grad=0.91/0.50  h=6.1 c=29.5  kl=0.0094  vl=0.1911
Step: 13602816 SPS: 593  ev=0.320  ent=0.505  grad=1.01/0.50  h=6.1 c=30.8  kl=0.0086  vl=0.2231
Step: 13606912 SPS: 593  ev=0.401  ent=0.510  grad=0.84/0.50  h=6.1 c=31.5  kl=0.0098  vl=0.2246
Step: 13611008 SPS: 593  ev=0.369  ent=0.461  grad=1.28/0.50  h=6.1 c=29.8  kl=0.0101  vl=0.2627
Step: 13615104 SPS: 593  ev=0.325  ent=0.447  grad=0.68/0.50  h=6.1 c=31.7  kl=0.0069  vl=0.2545
Step: 13619200 SPS: 593  ev=0.326  ent=0.528  grad=0.88/0.50  h=6.0 c=30.2  kl=0.0077  vl=0.2719
Step: 13623296 SPS: 593  ev=0.367  ent=0.467  grad=1.10/0.50  h=6.1 c=30.5  kl=0.0092  vl=0.2297
Step: 13627392 SPS: 593  ev=0.300  ent=0.464  grad=0.89/0.50  h=6.2 c=32.2  kl=0.0088  vl=0.2994
Step: 13631488 SPS: 593  ev=0.268  ent=0.537  grad=0.70/0.50  h=6.1 c=30.5  kl=0.0099  vl=0.2701
Step: 13635584 SPS: 593  ev=0.337  ent=0.466  grad=1.15/0.50  h=6.1 c=31.6  kl=0.0072  vl=0.2553
Step: 13639680 SPS: 593  ev=0.286  ent=0.494  grad=1.02/0.50  h=6.1 c=30.5  kl=0.0123  vl=0.2850
Step: 13643776 SPS: 593  ev=0.324  ent=0.473  grad=1.41/0.50  h=6.1 c=30.0  kl=0.0127  vl=0.2746
Step: 13647872 SPS: 593  ev=0.308  ent=0.510  grad=0.69/0.50  h=6.1 c=30.9  kl=0.0087  vl=0.2601
Step: 13651968 SPS: 593  ev=0.312  ent=0.492  grad=1.03/0.50  h=6.1 c=31.0  kl=0.0125  vl=0.2578
Step: 13656064 SPS: 593  ev=0.343  ent=0.475  grad=0.94/0.50  h=6.1 c=31.7  kl=0.0101  vl=0.2619
Step: 13660160 SPS: 593  ev=0.406  ent=0.482  grad=0.82/0.50  h=6.1 c=30.9  kl=0.0072  vl=0.1870
Step: 13664256 SPS: 593  ev=0.341  ent=0.518  grad=1.08/0.50  h=6.2 c=31.9  kl=0.0073  vl=0.2406
Step: 13668352 SPS: 593  ev=0.299  ent=0.492  grad=0.74/0.50  h=6.1 c=31.8  kl=0.0097  vl=0.2837
Step: 13672448 SPS: 593  ev=0.262  ent=0.491  grad=0.97/0.50  h=6.1 c=30.5  kl=0.0093  vl=0.2777
Step: 13676544 SPS: 593  ev=0.304  ent=0.493  grad=0.98/0.50  h=6.1 c=31.9  kl=0.0112  vl=0.2567
  vs Random: 102W/0L/0D | score=60.4±28.8 inv=2.8 played=20.8 lanes=4.7 ddraw=3.6 pts=60
  Self-play: 49W/55L/2D | score=17.7±26.1 inv=2.3 played=16.7 lanes=4.5 ddraw=0.8 pts=18
Step: 13680640 SPS: 593  ev=0.335  ent=0.500  grad=0.74/0.50  h=6.1 c=31.5  kl=0.0098  vl=0.2727
Step: 13684736 SPS: 593  ev=0.291  ent=0.498  grad=0.70/0.50  h=6.1 c=31.0  kl=0.0079  vl=0.2379
Step: 13688832 SPS: 593  ev=0.319  ent=0.462  grad=0.89/0.50  h=6.1 c=32.3  kl=0.0095  vl=0.2581
Step: 13692928 SPS: 593  ev=0.410  ent=0.498  grad=1.19/0.50  h=6.0 c=30.2  kl=0.0094  vl=0.2563
Step: 13697024 SPS: 593  ev=0.368  ent=0.528  grad=1.09/0.50  h=6.2 c=32.1  kl=0.0118  vl=0.2767
Step: 13701120 SPS: 593  ev=0.277  ent=0.476  grad=1.21/0.50  h=6.1 c=31.8  kl=0.0086  vl=0.2978
Step: 13705216 SPS: 593  ev=0.352  ent=0.485  grad=1.20/0.50  h=6.1 c=31.2  kl=0.0081  vl=0.2512
Step: 13709312 SPS: 593  ev=0.317  ent=0.502  grad=0.81/0.50  h=6.1 c=32.2  kl=0.0089  vl=0.2444
Step: 13713408 SPS: 593  ev=0.365  ent=0.489  grad=0.93/0.50  h=6.1 c=31.6  kl=0.0085  vl=0.2101
Step: 13717504 SPS: 593  ev=0.317  ent=0.500  grad=0.90/0.50  h=6.0 c=31.1  kl=0.0093  vl=0.2448
Step: 13721600 SPS: 593  ev=0.388  ent=0.512  grad=1.03/0.50  h=6.0 c=30.6  kl=0.0107  vl=0.2535
Step: 13725696 SPS: 593  ev=0.261  ent=0.469  grad=1.17/0.50  h=6.0 c=30.4  kl=0.0073  vl=0.3539
Step: 13729792 SPS: 593  ev=0.326  ent=0.494  grad=0.80/0.50  h=6.1 c=32.1  kl=0.0101  vl=0.2594
Step: 13733888 SPS: 593  ev=0.331  ent=0.488  grad=1.03/0.50  h=6.1 c=31.3  kl=0.0112  vl=0.2470
Step: 13737984 SPS: 593  ev=0.278  ent=0.486  grad=0.92/0.50  h=6.1 c=31.6  kl=0.0072  vl=0.2438
Step: 13742080 SPS: 593  ev=0.369  ent=0.510  grad=1.10/0.50  h=6.1 c=32.9  kl=0.0099  vl=0.2249
Step: 13746176 SPS: 593  ev=0.327  ent=0.496  grad=0.69/0.50  h=6.1 c=31.3  kl=0.0076  vl=0.2361
Step: 13750272 SPS: 593  ev=0.275  ent=0.492  grad=0.66/0.50  h=6.1 c=32.6  kl=0.0119  vl=0.3187
Step: 13754368 SPS: 593  ev=0.298  ent=0.501  grad=0.80/0.50  h=6.0 c=30.9  kl=0.0090  vl=0.2693
Step: 13758464 SPS: 593  ev=0.303  ent=0.484  grad=0.95/0.50  h=6.1 c=30.8  kl=0.0101  vl=0.2698
  vs Random: 100W/0L/0D | score=67.8±34.0 inv=3.0 played=21.1 lanes=4.6 ddraw=3.7 pts=68
  Self-play: 43W/59L/1D | score=15.9±26.4 inv=2.6 played=17.1 lanes=4.5 ddraw=1.1 pts=16
Step: 13762560 SPS: 593  ev=0.302  ent=0.477  grad=0.91/0.50  h=6.1 c=32.3  kl=0.0068  vl=0.2373
Step: 13766656 SPS: 593  ev=0.295  ent=0.462  grad=0.87/0.50  h=6.1 c=31.1  kl=0.0079  vl=0.2620
Step: 13770752 SPS: 593  ev=0.302  ent=0.488  grad=0.85/0.50  h=6.1 c=31.7  kl=0.0095  vl=0.2566
Step: 13774848 SPS: 593  ev=0.295  ent=0.486  grad=1.00/0.50  h=6.0 c=31.3  kl=0.0087  vl=0.2356
Step: 13778944 SPS: 593  ev=0.291  ent=0.469  grad=1.22/0.50  h=6.1 c=31.6  kl=0.0086  vl=0.2481
Step: 13783040 SPS: 593  ev=0.307  ent=0.493  grad=1.16/0.50  h=6.1 c=32.6  kl=0.0092  vl=0.2301
Step: 13787136 SPS: 593  ev=0.318  ent=0.491  grad=0.85/0.50  h=6.0 c=31.6  kl=0.0116  vl=0.2927
Step: 13791232 SPS: 593  ev=0.307  ent=0.482  grad=0.85/0.50  h=6.1 c=30.9  kl=0.0095  vl=0.2706
Step: 13795328 SPS: 593  ev=0.319  ent=0.502  grad=0.73/0.50  h=6.0 c=31.6  kl=0.0113  vl=0.2227
Step: 13799424 SPS: 593  ev=0.358  ent=0.502  grad=0.94/0.50  h=6.1 c=31.8  kl=0.0128  vl=0.2674
Step: 13803520 SPS: 593  ev=0.296  ent=0.486  grad=0.62/0.50  h=6.1 c=32.2  kl=0.0148  vl=0.2761
Step: 13807616 SPS: 593  ev=0.345  ent=0.487  grad=0.66/0.50  h=6.0 c=31.3  kl=0.0113  vl=0.2285
Step: 13811712 SPS: 593  ev=0.334  ent=0.503  grad=1.27/0.50  h=6.0 c=30.1  kl=0.0085  vl=0.2518
Step: 13815808 SPS: 593  ev=0.381  ent=0.485  grad=1.10/0.50  h=6.1 c=31.8  kl=0.0107  vl=0.2168
Step: 13819904 SPS: 593  ev=0.380  ent=0.480  grad=0.90/0.50  h=6.1 c=32.4  kl=0.0141  vl=0.2512
Step: 13824000 SPS: 593  ev=0.364  ent=0.498  grad=0.80/0.50  h=6.2 c=31.8  kl=0.0123  vl=0.2509
Step: 13828096 SPS: 593  ev=0.418  ent=0.468  grad=0.86/0.50  h=6.1 c=31.2  kl=0.0086  vl=0.2126
Step: 13832192 SPS: 593  ev=0.240  ent=0.517  grad=1.06/0.50  h=6.1 c=32.2  kl=0.0087  vl=0.2879
Step: 13836288 SPS: 593  ev=0.290  ent=0.465  grad=0.84/0.50  h=6.1 c=31.7  kl=0.0092  vl=0.2845
Step: 13840384 SPS: 593  ev=0.306  ent=0.469  grad=0.82/0.50  h=6.0 c=31.1  kl=0.0116  vl=0.3221
  vs Random: 101W/1L/0D | score=61.3±33.8 inv=2.8 played=20.9 lanes=4.7 ddraw=3.6 pts=61
  Self-play: 43W/55L/2D | score=19.5±27.5 inv=2.6 played=17.4 lanes=4.6 ddraw=0.8 pts=19
Step: 13844480 SPS: 593  ev=0.336  ent=0.475  grad=0.82/0.50  h=6.1 c=30.7  kl=0.0067  vl=0.2024
Step: 13848576 SPS: 593  ev=0.307  ent=0.479  grad=0.79/0.50  h=6.1 c=31.8  kl=0.0084  vl=0.2273
Step: 13852672 SPS: 593  ev=0.382  ent=0.479  grad=1.08/0.50  h=6.1 c=31.8  kl=0.0075  vl=0.2299
Step: 13856768 SPS: 593  ev=0.328  ent=0.482  grad=1.05/0.50  h=6.1 c=31.7  kl=0.0089  vl=0.2093
Step: 13860864 SPS: 593  ev=0.328  ent=0.517  grad=1.55/0.50  h=6.0 c=30.5  kl=0.0095  vl=0.2657
Step: 13864960 SPS: 593  ev=0.316  ent=0.490  grad=0.68/0.50  h=6.1 c=31.2  kl=0.0133  vl=0.2810
Step: 13869056 SPS: 593  ev=0.350  ent=0.502  grad=0.67/0.50  h=6.1 c=31.8  kl=0.0137  vl=0.2519
Step: 13873152 SPS: 593  ev=0.379  ent=0.472  grad=1.00/0.50  h=6.1 c=31.1  kl=0.0097  vl=0.2804
Step: 13877248 SPS: 593  ev=0.268  ent=0.474  grad=1.00/0.50  h=6.1 c=32.4  kl=0.0111  vl=0.2276
Step: 13881344 SPS: 593  ev=0.329  ent=0.441  grad=0.68/0.50  h=6.0 c=30.7  kl=0.0100  vl=0.2721
Step: 13885440 SPS: 593  ev=0.339  ent=0.469  grad=1.61/0.50  h=6.1 c=31.3  kl=0.0129  vl=0.2516
Step: 13889536 SPS: 593  ev=0.349  ent=0.464  grad=0.63/0.50  h=6.1 c=31.9  kl=0.0105  vl=0.2774
Step: 13893632 SPS: 593  ev=0.327  ent=0.482  grad=0.83/0.50  h=6.1 c=30.7  kl=0.0083  vl=0.2865
Step: 13897728 SPS: 593  ev=0.343  ent=0.477  grad=1.15/0.50  h=6.1 c=32.1  kl=0.0086  vl=0.2344
Step: 13901824 SPS: 593  ev=0.331  ent=0.476  grad=0.76/0.50  h=6.0 c=30.8  kl=0.0078  vl=0.2862
Step: 13905920 SPS: 593  ev=0.371  ent=0.456  grad=0.65/0.50  h=6.1 c=31.2  kl=0.0090  vl=0.2480
Step: 13910016 SPS: 593  ev=0.277  ent=0.470  grad=1.01/0.50  h=6.1 c=31.6  kl=0.0111  vl=0.3200
Step: 13914112 SPS: 593  ev=0.275  ent=0.458  grad=0.62/0.50  h=6.1 c=30.1  kl=0.0075  vl=0.3147
Step: 13918208 SPS: 593  ev=0.322  ent=0.464  grad=0.83/0.50  h=6.1 c=32.1  kl=0.0115  vl=0.2720
Step: 13922304 SPS: 593  ev=0.276  ent=0.477  grad=0.65/0.50  h=6.0 c=30.8  kl=0.0095  vl=0.2971
  vs Random: 103W/0L/0D | score=64.4±33.9 inv=2.8 played=21.1 lanes=4.8 ddraw=3.4 pts=64
  Self-play: 53W/47L/2D | score=18.4±29.3 inv=2.8 played=17.4 lanes=4.5 ddraw=0.8 pts=18
Step: 13926400 SPS: 593  ev=0.360  ent=0.469  grad=1.13/0.50  h=6.1 c=31.5  kl=0.0099  vl=0.2773
Step: 13930496 SPS: 593  ev=0.261  ent=0.468  grad=0.85/0.50  h=6.0 c=31.1  kl=0.0106  vl=0.3154
Step: 13934592 SPS: 593  ev=0.359  ent=0.477  grad=1.47/0.50  h=6.1 c=30.3  kl=0.0073  vl=0.2419
Step: 13938688 SPS: 593  ev=0.393  ent=0.474  grad=0.86/0.50  h=6.1 c=31.8  kl=0.0113  vl=0.2000
Step: 13942784 SPS: 593  ev=0.332  ent=0.485  grad=0.70/0.50  h=6.1 c=30.7  kl=0.0069  vl=0.2365
Step: 13946880 SPS: 593  ev=0.224  ent=0.481  grad=1.25/0.50  h=6.1 c=32.0  kl=0.0101  vl=0.3175
Step: 13950976 SPS: 593  ev=0.328  ent=0.503  grad=0.95/0.50  h=6.1 c=30.7  kl=0.0072  vl=0.2770
Step: 13955072 SPS: 593  ev=0.371  ent=0.498  grad=0.89/0.50  h=6.1 c=30.0  kl=0.0128  vl=0.2299
Step: 13959168 SPS: 593  ev=0.302  ent=0.483  grad=0.68/0.50  h=6.2 c=33.2  kl=0.0072  vl=0.2165
Step: 13963264 SPS: 593  ev=0.348  ent=0.466  grad=1.16/0.50  h=6.0 c=29.9  kl=0.0106  vl=0.2778
Step: 13967360 SPS: 593  ev=0.291  ent=0.470  grad=0.74/0.50  h=6.1 c=32.1  kl=0.0076  vl=0.2730
Step: 13971456 SPS: 593  ev=0.347  ent=0.465  grad=0.77/0.50  h=6.1 c=31.8  kl=0.0071  vl=0.1994
Step: 13975552 SPS: 593  ev=0.288  ent=0.474  grad=1.36/0.50  h=6.1 c=30.6  kl=0.0106  vl=0.2540
Step: 13979648 SPS: 593  ev=0.342  ent=0.476  grad=1.18/0.50  h=6.1 c=32.0  kl=0.0084  vl=0.2388
Step: 13983744 SPS: 593  ev=0.280  ent=0.450  grad=0.79/0.50  h=6.0 c=30.3  kl=0.0088  vl=0.2978
Step: 13987840 SPS: 593  ev=0.317  ent=0.470  grad=0.72/0.50  h=6.1 c=30.9  kl=0.0105  vl=0.2813
Step: 13991936 SPS: 593  ev=0.277  ent=0.454  grad=0.72/0.50  h=6.1 c=32.2  kl=0.0091  vl=0.2534
Step: 13996032 SPS: 593  ev=0.345  ent=0.461  grad=2.36/0.50  h=6.1 c=30.5  kl=0.0055  vl=0.2766
Step: 14000128 SPS: 593  ev=0.337  ent=0.460  grad=0.90/0.50  h=6.1 c=31.8  kl=0.0086  vl=0.2448
Step: 14004224 SPS: 593  ev=0.320  ent=0.483  grad=0.84/0.50  h=6.1 c=30.9  kl=0.0108  vl=0.2892
  vs Random: 100W/0L/0D | score=65.2±32.3 inv=2.8 played=21.4 lanes=4.7 ddraw=3.0 pts=65
  Self-play: 49W/53L/0D | score=18.5±29.7 inv=2.5 played=17.0 lanes=4.4 ddraw=0.9 pts=18
Step: 14008320 SPS: 593  ev=0.292  ent=0.459  grad=0.65/0.50  h=6.1 c=31.9  kl=0.0082  vl=0.2748
Step: 14012416 SPS: 593  ev=0.336  ent=0.445  grad=0.84/0.50  h=6.2 c=32.4  kl=0.0104  vl=0.2576
Step: 14016512 SPS: 593  ev=0.291  ent=0.474  grad=1.12/0.50  h=6.1 c=31.0  kl=0.0112  vl=0.2570
Step: 14020608 SPS: 593  ev=0.351  ent=0.497  grad=0.84/0.50  h=6.1 c=31.7  kl=0.0122  vl=0.2243
Step: 14024704 SPS: 593  ev=0.260  ent=0.491  grad=1.01/0.50  h=6.0 c=30.4  kl=0.0085  vl=0.2165
Step: 14028800 SPS: 593  ev=0.341  ent=0.496  grad=0.72/0.50  h=6.1 c=31.5  kl=0.0071  vl=0.2948
Step: 14032896 SPS: 593  ev=0.348  ent=0.476  grad=0.84/0.50  h=6.1 c=30.9  kl=0.0068  vl=0.2117
Step: 14036992 SPS: 593  ev=0.287  ent=0.474  grad=0.61/0.50  h=6.1 c=31.2  kl=0.0110  vl=0.2825
Step: 14041088 SPS: 593  ev=0.303  ent=0.477  grad=1.13/0.50  h=6.2 c=32.2  kl=0.0086  vl=0.3085
Step: 14045184 SPS: 593  ev=0.316  ent=0.468  grad=0.78/0.50  h=6.0 c=29.5  kl=0.0066  vl=0.2440
Step: 14049280 SPS: 593  ev=0.307  ent=0.473  grad=0.69/0.50  h=6.1 c=31.8  kl=0.0072  vl=0.2494
Step: 14053376 SPS: 593  ev=0.290  ent=0.478  grad=0.63/0.50  h=6.1 c=31.7  kl=0.0097  vl=0.2491
Step: 14057472 SPS: 593  ev=0.342  ent=0.506  grad=1.33/0.50  h=6.0 c=29.9  kl=0.0094  vl=0.2742
Step: 14061568 SPS: 593  ev=0.327  ent=0.491  grad=0.74/0.50  h=6.2 c=33.3  kl=0.0103  vl=0.2421
Step: 14065664 SPS: 593  ev=0.292  ent=0.451  grad=0.85/0.50  h=6.0 c=30.4  kl=0.0078  vl=0.2238
Step: 14069760 SPS: 593  ev=0.308  ent=0.484  grad=1.12/0.50  h=6.1 c=31.7  kl=0.0097  vl=0.2542
Step: 14073856 SPS: 593  ev=0.297  ent=0.486  grad=1.23/0.50  h=6.1 c=31.6  kl=0.0126  vl=0.2765
Step: 14077952 SPS: 593  ev=0.348  ent=0.488  grad=0.82/0.50  h=6.1 c=30.7  kl=0.0085  vl=0.2022
Step: 14082048 SPS: 593  ev=0.329  ent=0.460  grad=0.93/0.50  h=6.1 c=31.9  kl=0.0095  vl=0.2844
Step: 14086144 SPS: 593  ev=0.432  ent=0.477  grad=0.79/0.50  h=6.1 c=30.5  kl=0.0086  vl=0.2179
  vs Random: 101W/0L/0D | score=63.2±33.2 inv=2.8 played=20.7 lanes=4.6 ddraw=3.2 pts=63
  Self-play: 47W/56L/0D | score=19.3±27.1 inv=2.6 played=17.4 lanes=4.6 ddraw=0.9 pts=19
Step: 14090240 SPS: 593  ev=0.282  ent=0.471  grad=0.94/0.50  h=6.1 c=31.0  kl=0.0090  vl=0.2790
Step: 14094336 SPS: 593  ev=0.305  ent=0.512  grad=0.87/0.50  h=6.0 c=32.1  kl=0.0074  vl=0.2492
Step: 14098432 SPS: 593  ev=0.325  ent=0.460  grad=1.64/0.50  h=6.0 c=30.9  kl=0.0078  vl=0.2847
Step: 14102528 SPS: 593  ev=0.241  ent=0.507  grad=0.85/0.50  h=6.1 c=31.7  kl=0.0096  vl=0.3114
Step: 14106624 SPS: 593  ev=0.319  ent=0.468  grad=0.72/0.50  h=6.1 c=31.4  kl=0.0093  vl=0.2441
Step: 14110720 SPS: 593  ev=0.324  ent=0.488  grad=0.98/0.50  h=6.1 c=30.8  kl=0.0097  vl=0.2850
Step: 14114816 SPS: 593  ev=0.287  ent=0.474  grad=0.76/0.50  h=6.1 c=32.2  kl=0.0068  vl=0.2627
Step: 14118912 SPS: 593  ev=0.282  ent=0.482  grad=0.84/0.50  h=6.0 c=30.7  kl=0.0082  vl=0.3031
Step: 14123008 SPS: 593  ev=0.286  ent=0.495  grad=1.00/0.50  h=6.0 c=30.9  kl=0.0104  vl=0.2657
Step: 14127104 SPS: 593  ev=0.298  ent=0.486  grad=0.64/0.50  h=6.0 c=30.4  kl=0.0099  vl=0.2446
Step: 14131200 SPS: 593  ev=0.373  ent=0.492  grad=0.74/0.50  h=6.0 c=30.5  kl=0.0115  vl=0.2375
Step: 14135296 SPS: 593  ev=0.341  ent=0.496  grad=1.16/0.50  h=6.1 c=32.6  kl=0.0104  vl=0.2293
Step: 14139392 SPS: 593  ev=0.266  ent=0.478  grad=0.73/0.50  h=6.1 c=32.1  kl=0.0104  vl=0.2492
Step: 14143488 SPS: 593  ev=0.321  ent=0.431  grad=0.64/0.50  h=6.1 c=31.4  kl=0.0095  vl=0.2254
Step: 14147584 SPS: 593  ev=0.300  ent=0.500  grad=1.44/0.50  h=6.0 c=30.8  kl=0.0081  vl=0.2688
Step: 14151680 SPS: 593  ev=0.322  ent=0.441  grad=1.19/0.50  h=6.0 c=30.3  kl=0.0079  vl=0.2986
Step: 14155776 SPS: 593  ev=0.344  ent=0.470  grad=0.60/0.50  h=6.1 c=32.1  kl=0.0113  vl=0.2550
Step: 14159872 SPS: 593  ev=0.326  ent=0.487  grad=0.62/0.50  h=6.1 c=31.1  kl=0.0088  vl=0.2405
Step: 14163968 SPS: 593  ev=0.318  ent=0.480  grad=0.69/0.50  h=6.0 c=30.1  kl=0.0101  vl=0.2370
Step: 14168064 SPS: 593  ev=0.328  ent=0.462  grad=0.72/0.50  h=6.1 c=31.0  kl=0.0129  vl=0.2519
  vs Random: 101W/0L/0D | score=67.3±33.3 inv=3.0 played=21.2 lanes=4.7 ddraw=3.3 pts=67
  Self-play: 50W/49L/1D | score=19.8±29.1 inv=2.7 played=17.4 lanes=4.6 ddraw=1.0 pts=20
Step: 14172160 SPS: 593  ev=0.401  ent=0.470  grad=0.95/0.50  h=6.0 c=30.3  kl=0.0121  vl=0.2456
Step: 14176256 SPS: 593  ev=0.319  ent=0.439  grad=1.24/0.50  h=6.1 c=31.4  kl=0.0069  vl=0.2767
Step: 14180352 SPS: 593  ev=0.311  ent=0.475  grad=0.73/0.50  h=6.1 c=31.0  kl=0.0091  vl=0.2793
Step: 14184448 SPS: 593  ev=0.315  ent=0.467  grad=0.74/0.50  h=6.0 c=30.6  kl=0.0078  vl=0.2412
Step: 14188544 SPS: 593  ev=0.353  ent=0.496  grad=1.33/0.50  h=6.1 c=30.9  kl=0.0101  vl=0.2437
Step: 14192640 SPS: 593  ev=0.346  ent=0.493  grad=0.74/0.50  h=6.1 c=31.7  kl=0.0094  vl=0.2480
Step: 14196736 SPS: 593  ev=0.341  ent=0.455  grad=1.08/0.50  h=6.1 c=31.1  kl=0.0073  vl=0.2675
Step: 14200832 SPS: 593  ev=0.365  ent=0.479  grad=0.75/0.50  h=6.1 c=30.9  kl=0.0106  vl=0.2209
Step: 14204928 SPS: 593  ev=0.337  ent=0.487  grad=0.69/0.50  h=6.1 c=31.0  kl=0.0091  vl=0.2551
Step: 14209024 SPS: 593  ev=0.282  ent=0.451  grad=0.72/0.50  h=6.1 c=31.9  kl=0.0089  vl=0.2649
Step: 14213120 SPS: 593  ev=0.322  ent=0.494  grad=0.76/0.50  h=6.1 c=31.1  kl=0.0121  vl=0.2645
Step: 14217216 SPS: 593  ev=0.305  ent=0.486  grad=0.74/0.50  h=6.1 c=31.6  kl=0.0089  vl=0.2549
Step: 14221312 SPS: 593  ev=0.316  ent=0.478  grad=0.76/0.50  h=6.1 c=30.5  kl=0.0131  vl=0.2489
Step: 14225408 SPS: 593  ev=0.349  ent=0.479  grad=1.03/0.50  h=6.1 c=31.3  kl=0.0088  vl=0.2087
Step: 14229504 SPS: 593  ev=0.256  ent=0.469  grad=0.78/0.50  h=6.1 c=31.0  kl=0.0074  vl=0.2623
Step: 14233600 SPS: 593  ev=0.278  ent=0.478  grad=1.07/0.50  h=6.2 c=31.5  kl=0.0089  vl=0.2667
Step: 14237696 SPS: 593  ev=0.358  ent=0.489  grad=0.92/0.50  h=6.1 c=31.8  kl=0.0103  vl=0.2544
Step: 14241792 SPS: 593  ev=0.336  ent=0.472  grad=0.98/0.50  h=6.1 c=31.7  kl=0.0113  vl=0.2245
Step: 14245888 SPS: 593  ev=0.308  ent=0.459  grad=1.14/0.50  h=6.2 c=31.2  kl=0.0080  vl=0.2938
Step: 14249984 SPS: 593  ev=0.369  ent=0.453  grad=0.82/0.50  h=6.1 c=30.8  kl=0.0148  vl=0.2657
  vs Random: 100W/0L/0D | score=67.4±35.8 inv=2.9 played=21.6 lanes=4.8 ddraw=3.7 pts=67
  Self-play: 60W/42L/1D | score=19.8±25.6 inv=2.6 played=17.4 lanes=4.6 ddraw=1.1 pts=20
Step: 14254080 SPS: 593  ev=0.381  ent=0.477  grad=1.67/0.50  h=6.1 c=30.3  kl=0.0109  vl=0.2240
Step: 14258176 SPS: 593  ev=0.386  ent=0.482  grad=0.96/0.50  h=6.1 c=31.2  kl=0.0113  vl=0.2469
Step: 14262272 SPS: 593  ev=0.329  ent=0.468  grad=0.90/0.50  h=6.2 c=31.0  kl=0.0084  vl=0.2737
Step: 14266368 SPS: 593  ev=0.289  ent=0.470  grad=0.69/0.50  h=6.1 c=31.0  kl=0.0097  vl=0.2961
Step: 14270464 SPS: 593  ev=0.356  ent=0.465  grad=0.63/0.50  h=6.1 c=30.7  kl=0.0099  vl=0.2408
Step: 14274560 SPS: 593  ev=0.314  ent=0.462  grad=0.77/0.50  h=6.1 c=30.6  kl=0.0096  vl=0.2773
Step: 14278656 SPS: 593  ev=0.311  ent=0.527  grad=0.78/0.50  h=6.1 c=30.8  kl=0.0091  vl=0.2302
Step: 14282752 SPS: 593  ev=0.303  ent=0.469  grad=1.01/0.50  h=6.1 c=30.9  kl=0.0088  vl=0.2603
Step: 14286848 SPS: 593  ev=0.398  ent=0.485  grad=0.70/0.50  h=6.1 c=31.0  kl=0.0102  vl=0.2385
Step: 14290944 SPS: 593  ev=0.348  ent=0.492  grad=0.84/0.50  h=6.1 c=31.0  kl=0.0102  vl=0.2818
Step: 14295040 SPS: 593  ev=0.359  ent=0.425  grad=0.82/0.50  h=6.1 c=30.9  kl=0.0071  vl=0.2385
Step: 14299136 SPS: 593  ev=0.306  ent=0.508  grad=0.81/0.50  h=6.1 c=31.5  kl=0.0090  vl=0.2377
Step: 14303232 SPS: 593  ev=0.293  ent=0.436  grad=1.51/0.50  h=6.1 c=30.1  kl=0.0100  vl=0.2872
Step: 14307328 SPS: 593  ev=0.415  ent=0.486  grad=1.33/0.50  h=6.2 c=31.2  kl=0.0089  vl=0.2657
Step: 14311424 SPS: 593  ev=0.384  ent=0.467  grad=0.63/0.50  h=6.1 c=31.0  kl=0.0100  vl=0.2462
Step: 14315520 SPS: 593  ev=0.332  ent=0.483  grad=0.75/0.50  h=6.2 c=31.2  kl=0.0094  vl=0.1961
Step: 14319616 SPS: 593  ev=0.394  ent=0.464  grad=0.66/0.50  h=6.0 c=30.1  kl=0.0068  vl=0.2089
Step: 14323712 SPS: 593  ev=0.344  ent=0.444  grad=0.77/0.50  h=6.1 c=30.6  kl=0.0099  vl=0.2548
Step: 14327808 SPS: 593  ev=0.372  ent=0.485  grad=0.76/0.50  h=6.1 c=30.7  kl=0.0073  vl=0.2161
Step: 14331904 SPS: 593  ev=0.379  ent=0.458  grad=0.72/0.50  h=6.1 c=30.0  kl=0.0089  vl=0.2028
  vs Random: 101W/0L/0D | score=67.5±32.7 inv=2.8 played=21.4 lanes=4.7 ddraw=4.0 pts=67
  Self-play: 46W/53L/2D | score=21.4±29.6 inv=2.5 played=17.4 lanes=4.5 ddraw=1.2 pts=21
Step: 14336000 SPS: 593  ev=0.396  ent=0.478  grad=2.08/0.50  h=6.1 c=30.5  kl=0.0117  vl=0.2794
Step: 14340096 SPS: 593  ev=0.307  ent=0.492  grad=0.97/0.50  h=6.1 c=29.8  kl=0.0089  vl=0.3143
Step: 14344192 SPS: 593  ev=0.262  ent=0.451  grad=1.48/0.50  h=6.1 c=30.1  kl=0.0102  vl=0.2490
Step: 14348288 SPS: 593  ev=0.309  ent=0.504  grad=0.83/0.50  h=6.2 c=31.5  kl=0.0103  vl=0.2471
Step: 14352384 SPS: 593  ev=0.398  ent=0.492  grad=0.72/0.50  h=6.1 c=29.5  kl=0.0099  vl=0.2399
Step: 14356480 SPS: 593  ev=0.351  ent=0.462  grad=1.17/0.50  h=6.1 c=30.2  kl=0.0105  vl=0.2530
Step: 14360576 SPS: 593  ev=0.330  ent=0.475  grad=1.47/0.50  h=6.1 c=31.2  kl=0.0077  vl=0.2596
Step: 14364672 SPS: 593  ev=0.393  ent=0.476  grad=0.67/0.50  h=6.1 c=31.2  kl=0.0077  vl=0.1981
Step: 14368768 SPS: 593  ev=0.333  ent=0.463  grad=0.69/0.50  h=6.2 c=31.7  kl=0.0110  vl=0.2738
Step: 14372864 SPS: 593  ev=0.310  ent=0.488  grad=0.68/0.50  h=6.1 c=30.8  kl=0.0117  vl=0.2931
Step: 14376960 SPS: 593  ev=0.274  ent=0.457  grad=1.27/0.50  h=6.1 c=30.5  kl=0.0081  vl=0.2514
Step: 14381056 SPS: 593  ev=0.391  ent=0.444  grad=0.79/0.50  h=6.2 c=31.1  kl=0.0060  vl=0.2274
Step: 14385152 SPS: 593  ev=0.238  ent=0.439  grad=0.74/0.50  h=6.0 c=29.6  kl=0.0107  vl=0.2766
Step: 14389248 SPS: 593  ev=0.330  ent=0.459  grad=0.64/0.50  h=6.1 c=30.8  kl=0.0096  vl=0.2815
Step: 14393344 SPS: 593  ev=0.325  ent=0.489  grad=0.76/0.50  h=6.0 c=28.8  kl=0.0100  vl=0.2455
Step: 14397440 SPS: 593  ev=0.306  ent=0.484  grad=0.97/0.50  h=6.2 c=31.3  kl=0.0073  vl=0.2757
Step: 14401536 SPS: 593  ev=0.367  ent=0.453  grad=0.86/0.50  h=6.1 c=30.6  kl=0.0090  vl=0.2260
Step: 14405632 SPS: 593  ev=0.274  ent=0.446  grad=1.16/0.50  h=6.1 c=29.3  kl=0.0069  vl=0.2653
Step: 14409728 SPS: 593  ev=0.404  ent=0.478  grad=0.95/0.50  h=6.2 c=30.6  kl=0.0100  vl=0.2276
Step: 14413824 SPS: 593  ev=0.395  ent=0.497  grad=0.98/0.50  h=6.1 c=29.3  kl=0.0090  vl=0.2523
  vs Random: 102W/0L/0D | score=66.3±30.0 inv=2.6 played=21.6 lanes=4.8 ddraw=3.2 pts=66
  Self-play: 47W/56L/0D | score=20.3±27.4 inv=2.5 played=18.0 lanes=4.7 ddraw=0.7 pts=20
Step: 14417920 SPS: 593  ev=0.356  ent=0.472  grad=1.14/0.50  h=6.1 c=30.1  kl=0.0090  vl=0.2019
Step: 14422016 SPS: 593  ev=0.331  ent=0.470  grad=0.68/0.50  h=6.1 c=30.3  kl=0.0059  vl=0.2488
Step: 14426112 SPS: 593  ev=0.344  ent=0.483  grad=1.05/0.50  h=6.1 c=28.8  kl=0.0120  vl=0.2843
Step: 14430208 SPS: 593  ev=0.270  ent=0.475  grad=0.70/0.50  h=6.2 c=30.3  kl=0.0100  vl=0.2782
Step: 14434304 SPS: 593  ev=0.373  ent=0.480  grad=0.88/0.50  h=6.1 c=28.7  kl=0.0136  vl=0.2434
Step: 14438400 SPS: 593  ev=0.329  ent=0.452  grad=0.78/0.50  h=6.1 c=30.0  kl=0.0133  vl=0.1907
Step: 14442496 SPS: 593  ev=0.331  ent=0.448  grad=0.86/0.50  h=6.1 c=29.0  kl=0.0095  vl=0.2788
Step: 14446592 SPS: 593  ev=0.392  ent=0.473  grad=1.65/0.50  h=6.1 c=29.6  kl=0.0078  vl=0.2355
Step: 14450688 SPS: 593  ev=0.309  ent=0.467  grad=0.89/0.50  h=6.2 c=31.3  kl=0.0090  vl=0.2872
Step: 14454784 SPS: 593  ev=0.265  ent=0.439  grad=0.90/0.50  h=6.1 c=29.1  kl=0.0058  vl=0.3087
Step: 14458880 SPS: 593  ev=0.320  ent=0.481  grad=0.71/0.50  h=6.2 c=30.5  kl=0.0078  vl=0.2520
Step: 14462976 SPS: 593  ev=0.397  ent=0.484  grad=1.13/0.50  h=6.1 c=30.5  kl=0.0077  vl=0.1849
Step: 14467072 SPS: 593  ev=0.350  ent=0.479  grad=0.87/0.50  h=6.1 c=29.6  kl=0.0072  vl=0.2850
Step: 14471168 SPS: 593  ev=0.299  ent=0.447  grad=0.92/0.50  h=6.2 c=31.2  kl=0.0087  vl=0.2811
Step: 14475264 SPS: 593  ev=0.361  ent=0.475  grad=0.79/0.50  h=6.2 c=30.2  kl=0.0113  vl=0.2555
Step: 14479360 SPS: 593  ev=0.377  ent=0.504  grad=1.09/0.50  h=6.2 c=30.9  kl=0.0103  vl=0.2788
Step: 14483456 SPS: 593  ev=0.376  ent=0.474  grad=1.05/0.50  h=6.1 c=30.2  kl=0.0074  vl=0.2420
Step: 14487552 SPS: 593  ev=0.249  ent=0.479  grad=1.36/0.50  h=6.1 c=30.6  kl=0.0084  vl=0.2278
Step: 14491648 SPS: 593  ev=0.359  ent=0.492  grad=0.93/0.50  h=6.1 c=30.1  kl=0.0085  vl=0.2187
Step: 14495744 SPS: 593  ev=0.412  ent=0.486  grad=0.96/0.50  h=6.1 c=30.5  kl=0.0091  vl=0.2098
  vs Random: 100W/0L/0D | score=66.1±33.3 inv=2.6 played=21.5 lanes=4.8 ddraw=3.1 pts=66
  Self-play: 55W/50L/1D | score=19.2±23.3 inv=2.9 played=17.6 lanes=4.5 ddraw=0.8 pts=19
Step: 14499840 SPS: 593  ev=0.355  ent=0.487  grad=0.71/0.50  h=6.2 c=30.4  kl=0.0068  vl=0.2588
Step: 14503936 SPS: 593  ev=0.379  ent=0.468  grad=0.60/0.50  h=6.1 c=30.2  kl=0.0095  vl=0.2406
Step: 14508032 SPS: 593  ev=0.268  ent=0.501  grad=0.76/0.50  h=6.1 c=29.4  kl=0.0087  vl=0.2783
Step: 14512128 SPS: 593  ev=0.261  ent=0.465  grad=0.75/0.50  h=6.2 c=31.0  kl=0.0085  vl=0.2738
Step: 14516224 SPS: 593  ev=0.316  ent=0.434  grad=1.51/0.50  h=6.2 c=29.8  kl=0.0074  vl=0.2675
Step: 14520320 SPS: 593  ev=0.228  ent=0.466  grad=1.14/0.50  h=6.1 c=30.5  kl=0.0084  vl=0.2383
Step: 14524416 SPS: 593  ev=0.311  ent=0.466  grad=0.78/0.50  h=6.1 c=29.6  kl=0.0118  vl=0.2451
Step: 14528512 SPS: 593  ev=0.359  ent=0.451  grad=0.86/0.50  h=6.1 c=29.6  kl=0.0079  vl=0.2526
Step: 14532608 SPS: 593  ev=0.290  ent=0.488  grad=0.75/0.50  h=6.1 c=30.9  kl=0.0095  vl=0.2573
Step: 14536704 SPS: 593  ev=0.354  ent=0.472  grad=0.64/0.50  h=6.1 c=30.9  kl=0.0072  vl=0.2483
Step: 14540800 SPS: 593  ev=0.300  ent=0.501  grad=0.72/0.50  h=6.1 c=29.9  kl=0.0106  vl=0.2616
Step: 14544896 SPS: 593  ev=0.299  ent=0.486  grad=0.72/0.50  h=6.2 c=31.3  kl=0.0113  vl=0.2683
Step: 14548992 SPS: 593  ev=0.355  ent=0.497  grad=0.86/0.50  h=6.1 c=29.8  kl=0.0107  vl=0.2327
Step: 14553088 SPS: 593  ev=0.325  ent=0.495  grad=0.75/0.50  h=6.1 c=30.1  kl=0.0083  vl=0.2423
Step: 14557184 SPS: 593  ev=0.282  ent=0.479  grad=1.58/0.50  h=6.1 c=31.0  kl=0.0101  vl=0.3052
Step: 14561280 SPS: 593  ev=0.327  ent=0.457  grad=1.05/0.50  h=6.2 c=31.3  kl=0.0105  vl=0.2513
Step: 14565376 SPS: 593  ev=0.321  ent=0.484  grad=0.88/0.50  h=6.1 c=30.9  kl=0.0095  vl=0.2607
Step: 14569472 SPS: 593  ev=0.357  ent=0.475  grad=0.96/0.50  h=6.1 c=31.0  kl=0.0094  vl=0.2647
Step: 14573568 SPS: 593  ev=0.302  ent=0.481  grad=0.76/0.50  h=6.1 c=29.9  kl=0.0116  vl=0.2471
Step: 14577664 SPS: 593  ev=0.307  ent=0.497  grad=0.83/0.50  h=6.2 c=30.9  kl=0.0080  vl=0.2701
  vs Random: 101W/0L/0D | score=69.1±30.2 inv=3.0 played=21.6 lanes=4.8 ddraw=3.8 pts=69
  Self-play: 48W/54L/0D | score=19.9±29.2 inv=2.7 played=17.5 lanes=4.5 ddraw=0.7 pts=20
Step: 14581760 SPS: 593  ev=0.295  ent=0.500  grad=0.78/0.50  h=6.1 c=30.8  kl=0.0097  vl=0.2233
Step: 14585856 SPS: 593  ev=0.374  ent=0.486  grad=1.26/0.50  h=6.1 c=31.1  kl=0.0105  vl=0.2540
Step: 14589952 SPS: 593  ev=0.420  ent=0.479  grad=0.95/0.50  h=6.1 c=30.8  kl=0.0079  vl=0.1988
Step: 14594048 SPS: 593  ev=0.251  ent=0.491  grad=0.86/0.50  h=6.1 c=30.2  kl=0.0097  vl=0.3013
Step: 14598144 SPS: 593  ev=0.310  ent=0.508  grad=0.80/0.50  h=6.0 c=30.5  kl=0.0078  vl=0.2482
Step: 14602240 SPS: 593  ev=0.322  ent=0.483  grad=0.82/0.50  h=6.1 c=30.8  kl=0.0094  vl=0.2199
Step: 14606336 SPS: 593  ev=0.298  ent=0.504  grad=0.90/0.50  h=6.1 c=31.4  kl=0.0107  vl=0.2300
Step: 14610432 SPS: 593  ev=0.311  ent=0.482  grad=0.78/0.50  h=6.1 c=31.7  kl=0.0085  vl=0.2475
Step: 14614528 SPS: 593  ev=0.344  ent=0.477  grad=0.99/0.50  h=6.1 c=31.1  kl=0.0090  vl=0.2327
Step: 14618624 SPS: 593  ev=0.277  ent=0.469  grad=0.76/0.50  h=6.1 c=31.5  kl=0.0107  vl=0.2362
Step: 14622720 SPS: 593  ev=0.307  ent=0.497  grad=0.77/0.50  h=6.1 c=32.0  kl=0.0066  vl=0.2401
Step: 14626816 SPS: 593  ev=0.333  ent=0.475  grad=0.70/0.50  h=6.2 c=32.0  kl=0.0096  vl=0.2791
Step: 14630912 SPS: 593  ev=0.385  ent=0.495  grad=0.93/0.50  h=6.1 c=31.2  kl=0.0134  vl=0.2350
Step: 14635008 SPS: 593  ev=0.303  ent=0.491  grad=0.76/0.50  h=6.2 c=32.5  kl=0.0091  vl=0.2568
Step: 14639104 SPS: 593  ev=0.289  ent=0.494  grad=0.72/0.50  h=6.1 c=31.0  kl=0.0070  vl=0.2984
Step: 14643200 SPS: 593  ev=0.355  ent=0.438  grad=0.99/0.50  h=6.2 c=32.4  kl=0.0109  vl=0.2375
Step: 14647296 SPS: 593  ev=0.292  ent=0.483  grad=1.87/0.50  h=6.1 c=30.8  kl=0.0094  vl=0.3630
Step: 14651392 SPS: 593  ev=0.325  ent=0.470  grad=1.07/0.50  h=6.2 c=31.6  kl=0.0075  vl=0.3101
Step: 14655488 SPS: 593  ev=0.343  ent=0.469  grad=0.94/0.50  h=6.1 c=32.1  kl=0.0085  vl=0.2368
Step: 14659584 SPS: 593  ev=0.308  ent=0.484  grad=1.24/0.50  h=6.2 c=32.6  kl=0.0117  vl=0.3217
  vs Random: 103W/0L/0D | score=69.8±34.3 inv=2.8 played=21.5 lanes=4.7 ddraw=3.7 pts=70
  Self-play: 50W/49L/2D | score=19.3±26.9 inv=2.6 played=17.9 lanes=4.6 ddraw=0.8 pts=19
Step: 14663680 SPS: 593  ev=0.271  ent=0.494  grad=1.03/0.50  h=6.3 c=33.5  kl=0.0075  vl=0.2651
Step: 14667776 SPS: 593  ev=0.332  ent=0.486  grad=0.79/0.50  h=6.1 c=31.8  kl=0.0093  vl=0.2500
Step: 14671872 SPS: 593  ev=0.335  ent=0.482  grad=1.35/0.50  h=6.0 c=30.7  kl=0.0085  vl=0.2776
Step: 14675968 SPS: 593  ev=0.372  ent=0.461  grad=0.76/0.50  h=6.2 c=33.1  kl=0.0084  vl=0.2245
Step: 14680064 SPS: 593  ev=0.312  ent=0.458  grad=1.06/0.50  h=6.2 c=31.7  kl=0.0077  vl=0.3022
Step: 14684160 SPS: 593  ev=0.316  ent=0.481  grad=0.71/0.50  h=6.2 c=33.2  kl=0.0103  vl=0.2569
Step: 14688256 SPS: 593  ev=0.347  ent=0.474  grad=0.64/0.50  h=6.2 c=32.2  kl=0.0077  vl=0.2291
Step: 14692352 SPS: 593  ev=0.370  ent=0.469  grad=1.06/0.50  h=6.1 c=30.9  kl=0.0092  vl=0.2517
Step: 14696448 SPS: 593  ev=0.409  ent=0.482  grad=0.63/0.50  h=6.2 c=33.3  kl=0.0070  vl=0.1638
Step: 14700544 SPS: 593  ev=0.317  ent=0.501  grad=0.72/0.50  h=6.1 c=31.2  kl=0.0121  vl=0.2875
Step: 14704640 SPS: 593  ev=0.323  ent=0.481  grad=0.68/0.50  h=6.2 c=32.8  kl=0.0104  vl=0.2826
Step: 14708736 SPS: 593  ev=0.294  ent=0.506  grad=0.89/0.50  h=6.1 c=32.5  kl=0.0066  vl=0.2053
Step: 14712832 SPS: 593  ev=0.302  ent=0.502  grad=0.91/0.50  h=6.2 c=31.8  kl=0.0062  vl=0.2345
Step: 14716928 SPS: 593  ev=0.377  ent=0.486  grad=0.67/0.50  h=6.2 c=33.8  kl=0.0092  vl=0.2239
Step: 14721024 SPS: 593  ev=0.323  ent=0.499  grad=0.76/0.50  h=6.1 c=30.9  kl=0.0095  vl=0.2409
Step: 14725120 SPS: 593  ev=0.305  ent=0.478  grad=0.85/0.50  h=6.2 c=33.0  kl=0.0092  vl=0.2824
Step: 14729216 SPS: 593  ev=0.348  ent=0.481  grad=0.79/0.50  h=6.2 c=32.6  kl=0.0081  vl=0.2682
Step: 14733312 SPS: 593  ev=0.312  ent=0.462  grad=0.81/0.50  h=6.2 c=31.3  kl=0.0112  vl=0.2927
Step: 14737408 SPS: 593  ev=0.286  ent=0.472  grad=1.06/0.50  h=6.2 c=33.9  kl=0.0086  vl=0.2734
Step: 14741504 SPS: 593  ev=0.357  ent=0.474  grad=0.64/0.50  h=6.1 c=31.9  kl=0.0069  vl=0.2236
  vs Random: 100W/0L/0D | score=64.0±33.0 inv=2.8 played=21.4 lanes=4.8 ddraw=3.6 pts=64
  Self-play: 56W/47L/0D | score=21.5±29.7 inv=2.7 played=17.7 lanes=4.6 ddraw=0.9 pts=21
Step: 14745600 SPS: 593  ev=0.339  ent=0.467  grad=1.20/0.50  h=6.1 c=31.3  kl=0.0086  vl=0.3123
Step: 14749696 SPS: 593  ev=0.373  ent=0.469  grad=0.66/0.50  h=6.1 c=32.6  kl=0.0101  vl=0.2219
Step: 14753792 SPS: 593  ev=0.274  ent=0.448  grad=0.81/0.50  h=6.1 c=30.7  kl=0.0106  vl=0.3131
Step: 14757888 SPS: 593  ev=0.324  ent=0.490  grad=1.36/0.50  h=6.2 c=33.6  kl=0.0088  vl=0.2345
Step: 14761984 SPS: 593  ev=0.346  ent=0.468  grad=0.71/0.50  h=6.1 c=32.2  kl=0.0104  vl=0.2089
Step: 14766080 SPS: 593  ev=0.347  ent=0.461  grad=1.17/0.50  h=6.2 c=32.0  kl=0.0102  vl=0.2769
Step: 14770176 SPS: 593  ev=0.404  ent=0.472  grad=0.78/0.50  h=6.2 c=33.1  kl=0.0103  vl=0.1927
Step: 14774272 SPS: 593  ev=0.378  ent=0.462  grad=0.80/0.50  h=6.1 c=31.0  kl=0.0075  vl=0.1925
Step: 14778368 SPS: 593  ev=0.342  ent=0.444  grad=1.19/0.50  h=6.2 c=32.6  kl=0.0118  vl=0.2442
Step: 14782464 SPS: 593  ev=0.290  ent=0.520  grad=0.77/0.50  h=6.1 c=31.9  kl=0.0106  vl=0.2245
Step: 14786560 SPS: 593  ev=0.289  ent=0.477  grad=1.14/0.50  h=6.1 c=30.6  kl=0.0080  vl=0.2328
Step: 14790656 SPS: 593  ev=0.349  ent=0.499  grad=1.22/0.50  h=6.2 c=31.9  kl=0.0101  vl=0.2583
Step: 14794752 SPS: 593  ev=0.315  ent=0.494  grad=1.44/0.50  h=6.1 c=31.0  kl=0.0088  vl=0.2535
Step: 14798848 SPS: 593  ev=0.290  ent=0.494  grad=0.74/0.50  h=6.1 c=31.6  kl=0.0103  vl=0.2749
Step: 14802944 SPS: 593  ev=0.439  ent=0.473  grad=0.71/0.50  h=6.2 c=32.7  kl=0.0078  vl=0.2216
Step: 14807040 SPS: 593  ev=0.357  ent=0.464  grad=1.15/0.50  h=6.2 c=30.8  kl=0.0125  vl=0.2372
Step: 14811136 SPS: 593  ev=0.292  ent=0.465  grad=0.87/0.50  h=6.2 c=32.2  kl=0.0084  vl=0.2589
Step: 14815232 SPS: 593  ev=0.340  ent=0.486  grad=1.62/0.50  h=6.1 c=31.8  kl=0.0092  vl=0.2630
Step: 14819328 SPS: 593  ev=0.345  ent=0.500  grad=0.78/0.50  h=6.1 c=31.5  kl=0.0090  vl=0.2416
Step: 14823424 SPS: 593  ev=0.283  ent=0.461  grad=0.73/0.50  h=6.2 c=32.7  kl=0.0105  vl=0.2638
  vs Random: 100W/0L/0D | score=60.1±26.5 inv=2.5 played=21.1 lanes=4.8 ddraw=3.9 pts=60
  Self-play: 56W/47L/0D | score=20.4±29.1 inv=2.6 played=17.8 lanes=4.6 ddraw=0.9 pts=20
Step: 14827520 SPS: 593  ev=0.373  ent=0.477  grad=0.79/0.50  h=6.1 c=31.3  kl=0.0138  vl=0.2589
Step: 14831616 SPS: 593  ev=0.389  ent=0.478  grad=0.93/0.50  h=6.2 c=32.5  kl=0.0083  vl=0.2591
Step: 14835712 SPS: 593  ev=0.366  ent=0.514  grad=1.15/0.50  h=6.1 c=31.6  kl=0.0108  vl=0.2575
Step: 14839808 SPS: 593  ev=0.312  ent=0.484  grad=0.76/0.50  h=6.2 c=31.9  kl=0.0084  vl=0.2152
Step: 14843904 SPS: 593  ev=0.340  ent=0.448  grad=1.00/0.50  h=6.2 c=33.3  kl=0.0103  vl=0.2636
Step: 14848000 SPS: 593  ev=0.365  ent=0.473  grad=0.85/0.50  h=6.1 c=31.1  kl=0.0098  vl=0.2828
Step: 14852096 SPS: 593  ev=0.357  ent=0.475  grad=0.92/0.50  h=6.1 c=31.7  kl=0.0113  vl=0.2515
Step: 14856192 SPS: 593  ev=0.339  ent=0.466  grad=0.82/0.50  h=6.2 c=32.3  kl=0.0088  vl=0.2775
Step: 14860288 SPS: 593  ev=0.342  ent=0.489  grad=0.63/0.50  h=6.1 c=31.5  kl=0.0116  vl=0.2540
Step: 14864384 SPS: 593  ev=0.350  ent=0.487  grad=0.82/0.50  h=6.2 c=32.6  kl=0.0091  vl=0.2615
Step: 14868480 SPS: 593  ev=0.357  ent=0.466  grad=0.82/0.50  h=6.1 c=29.9  kl=0.0085  vl=0.2046
Step: 14872576 SPS: 593  ev=0.360  ent=0.490  grad=0.68/0.50  h=6.1 c=31.5  kl=0.0093  vl=0.2485
Step: 14876672 SPS: 593  ev=0.332  ent=0.495  grad=0.81/0.50  h=6.2 c=33.1  kl=0.0104  vl=0.2598
Step: 14880768 SPS: 593  ev=0.389  ent=0.477  grad=1.15/0.50  h=6.2 c=31.4  kl=0.0096  vl=0.1977
Step: 14884864 SPS: 593  ev=0.268  ent=0.498  grad=0.86/0.50  h=6.2 c=32.5  kl=0.0129  vl=0.2858
Step: 14888960 SPS: 593  ev=0.316  ent=0.470  grad=0.76/0.50  h=6.1 c=31.3  kl=0.0082  vl=0.2919
Step: 14893056 SPS: 593  ev=0.313  ent=0.489  grad=0.77/0.50  h=6.2 c=32.3  kl=0.0082  vl=0.2517
Step: 14897152 SPS: 593  ev=0.329  ent=0.490  grad=0.74/0.50  h=6.2 c=32.7  kl=0.0077  vl=0.2387
Step: 14901248 SPS: 593  ev=0.393  ent=0.480  grad=0.74/0.50  h=6.1 c=32.1  kl=0.0082  vl=0.2447
Step: 14905344 SPS: 593  ev=0.325  ent=0.488  grad=1.25/0.50  h=6.2 c=33.2  kl=0.0093  vl=0.2139
  vs Random: 102W/0L/0D | score=61.5±31.5 inv=2.6 played=21.2 lanes=4.8 ddraw=4.1 pts=62
  Self-play: 50W/54L/1D | score=19.7±28.3 inv=2.5 played=17.6 lanes=4.6 ddraw=1.1 pts=20
Step: 14909440 SPS: 593  ev=0.298  ent=0.465  grad=1.04/0.50  h=6.2 c=33.0  kl=0.0087  vl=0.2538
Step: 14913536 SPS: 593  ev=0.321  ent=0.471  grad=0.75/0.50  h=6.2 c=32.4  kl=0.0125  vl=0.2455
Step: 14917632 SPS: 593  ev=0.342  ent=0.499  grad=0.76/0.50  h=6.2 c=33.0  kl=0.0114  vl=0.3229
Step: 14921728 SPS: 593  ev=0.313  ent=0.517  grad=0.87/0.50  h=6.2 c=32.9  kl=0.0121  vl=0.2815
Step: 14925824 SPS: 593  ev=0.351  ent=0.470  grad=0.75/0.50  h=6.2 c=32.8  kl=0.0092  vl=0.2538
Step: 14929920 SPS: 593  ev=0.321  ent=0.485  grad=1.07/0.50  h=6.2 c=32.6  kl=0.0089  vl=0.2552
Step: 14934016 SPS: 593  ev=0.382  ent=0.507  grad=0.97/0.50  h=6.2 c=33.2  kl=0.0082  vl=0.2287
Step: 14938112 SPS: 593  ev=0.350  ent=0.495  grad=1.16/0.50  h=6.2 c=32.0  kl=0.0090  vl=0.2291
Step: 14942208 SPS: 593  ev=0.375  ent=0.493  grad=1.19/0.50  h=6.2 c=31.8  kl=0.0109  vl=0.2158
Step: 14946304 SPS: 593  ev=0.280  ent=0.482  grad=0.73/0.50  h=6.1 c=32.8  kl=0.0097  vl=0.3104
Step: 14950400 SPS: 593  ev=0.302  ent=0.444  grad=1.13/0.50  h=6.2 c=31.4  kl=0.0091  vl=0.2828
Step: 14954496 SPS: 593  ev=0.328  ent=0.468  grad=0.74/0.50  h=6.3 c=33.7  kl=0.0088  vl=0.2709
Step: 14958592 SPS: 593  ev=0.350  ent=0.482  grad=1.05/0.50  h=6.1 c=31.4  kl=0.0140  vl=0.2624
Step: 14962688 SPS: 593  ev=0.308  ent=0.519  grad=0.78/0.50  h=6.1 c=32.5  kl=0.0145  vl=0.2241
Step: 14966784 SPS: 593  ev=0.313  ent=0.488  grad=0.82/0.50  h=6.2 c=32.3  kl=0.0105  vl=0.2972
Step: 14970880 SPS: 593  ev=0.322  ent=0.485  grad=0.82/0.50  h=6.1 c=32.1  kl=0.0121  vl=0.2263
Step: 14974976 SPS: 593  ev=0.346  ent=0.498  grad=1.64/0.50  h=6.2 c=32.4  kl=0.0085  vl=0.2686
Step: 14979072 SPS: 593  ev=0.351  ent=0.455  grad=0.74/0.50  h=6.1 c=31.7  kl=0.0079  vl=0.2526
Step: 14983168 SPS: 593  ev=0.278  ent=0.499  grad=0.85/0.50  h=6.2 c=32.3  kl=0.0126  vl=0.2927
Step: 14987264 SPS: 593  ev=0.328  ent=0.476  grad=0.90/0.50  h=6.1 c=31.7  kl=0.0125  vl=0.2450
  vs Random: 100W/0L/0D | score=65.8±33.8 inv=2.8 played=21.3 lanes=4.9 ddraw=3.5 pts=66
  Self-play: 48W/52L/1D | score=17.7±29.6 inv=2.7 played=17.7 lanes=4.6 ddraw=0.7 pts=18
Step: 14991360 SPS: 593  ev=0.273  ent=0.490  grad=1.14/0.50  h=6.1 c=31.1  kl=0.0084  vl=0.2704
Step: 14995456 SPS: 593  ev=0.341  ent=0.484  grad=0.67/0.50  h=6.1 c=32.0  kl=0.0124  vl=0.2370
Step: 14999552 SPS: 593  ev=0.380  ent=0.487  grad=1.05/0.50  h=6.1 c=31.1  kl=0.0098  vl=0.2836
Step: 15003648 SPS: 593  ev=0.303  ent=0.515  grad=1.24/0.50  h=6.1 c=32.6  kl=0.0114  vl=0.3220
Step: 15007744 SPS: 593  ev=0.335  ent=0.471  grad=0.96/0.50  h=6.1 c=31.4  kl=0.0079  vl=0.2638
Step: 15011840 SPS: 593  ev=0.332  ent=0.472  grad=0.96/0.50  h=6.1 c=30.6  kl=0.0086  vl=0.2502
Step: 15015936 SPS: 593  ev=0.352  ent=0.499  grad=1.18/0.50  h=6.1 c=32.0  kl=0.0076  vl=0.2714
Step: 15020032 SPS: 593  ev=0.308  ent=0.464  grad=0.70/0.50  h=6.1 c=32.1  kl=0.0085  vl=0.2582
Step: 15024128 SPS: 593  ev=0.323  ent=0.486  grad=1.06/0.50  h=6.2 c=33.0  kl=0.0085  vl=0.2395
Step: 15028224 SPS: 593  ev=0.349  ent=0.466  grad=0.90/0.50  h=6.0 c=30.7  kl=0.0075  vl=0.2408
Step: 15032320 SPS: 593  ev=0.340  ent=0.518  grad=0.82/0.50  h=6.1 c=31.1  kl=0.0090  vl=0.2849
Step: 15036416 SPS: 593  ev=0.371  ent=0.481  grad=1.21/0.50  h=6.2 c=33.5  kl=0.0088  vl=0.2122
Step: 15040512 SPS: 593  ev=0.404  ent=0.489  grad=0.69/0.50  h=6.0 c=30.5  kl=0.0121  vl=0.2512
Step: 15044608 SPS: 593  ev=0.308  ent=0.473  grad=1.00/0.50  h=6.1 c=32.4  kl=0.0093  vl=0.2479
Step: 15048704 SPS: 593  ev=0.397  ent=0.474  grad=0.80/0.50  h=6.0 c=31.3  kl=0.0101  vl=0.2307
Step: 15052800 SPS: 593  ev=0.334  ent=0.519  grad=0.79/0.50  h=6.1 c=32.0  kl=0.0090  vl=0.2067
Step: 15056896 SPS: 593  ev=0.340  ent=0.489  grad=1.77/0.50  h=6.1 c=33.6  kl=0.0081  vl=0.2523
Step: 15060992 SPS: 593  ev=0.364  ent=0.469  grad=0.74/0.50  h=6.0 c=30.7  kl=0.0133  vl=0.2636
Step: 15065088 SPS: 593  ev=0.326  ent=0.466  grad=0.76/0.50  h=6.1 c=32.7  kl=0.0080  vl=0.2527
Step: 15069184 SPS: 593  ev=0.373  ent=0.496  grad=0.71/0.50  h=6.0 c=32.2  kl=0.0088  vl=0.2216
  vs Random: 102W/0L/0D | score=64.4±31.8 inv=2.7 played=21.5 lanes=4.8 ddraw=3.3 pts=64
  Self-play: 52W/49L/1D | score=19.7±27.2 inv=2.4 played=17.6 lanes=4.7 ddraw=0.9 pts=20
Step: 15073280 SPS: 593  ev=0.346  ent=0.496  grad=0.73/0.50  h=6.1 c=31.7  kl=0.0109  vl=0.2395
Step: 15077376 SPS: 593  ev=0.293  ent=0.445  grad=0.95/0.50  h=6.1 c=33.9  kl=0.0077  vl=0.2863
Step: 15081472 SPS: 593  ev=0.347  ent=0.460  grad=0.66/0.50  h=6.0 c=32.0  kl=0.0098  vl=0.2522
Step: 15085568 SPS: 593  ev=0.358  ent=0.487  grad=1.46/0.50  h=6.1 c=33.0  kl=0.0099  vl=0.1921
Step: 15089664 SPS: 593  ev=0.380  ent=0.510  grad=1.17/0.50  h=6.0 c=32.6  kl=0.0100  vl=0.2255
Step: 15093760 SPS: 593  ev=0.369  ent=0.479  grad=1.81/0.50  h=6.1 c=32.1  kl=0.0086  vl=0.3089
Step: 15097856 SPS: 593  ev=0.424  ent=0.501  grad=1.38/0.50  h=6.1 c=33.4  kl=0.0103  vl=0.2073
Step: 15101952 SPS: 593  ev=0.359  ent=0.455  grad=0.92/0.50  h=6.1 c=32.5  kl=0.0077  vl=0.2718
Step: 15106048 SPS: 593  ev=0.303  ent=0.486  grad=1.01/0.50  h=6.2 c=32.4  kl=0.0067  vl=0.2680
Step: 15110144 SPS: 593  ev=0.268  ent=0.484  grad=0.83/0.50  h=6.1 c=32.8  kl=0.0087  vl=0.2673
Step: 15114240 SPS: 593  ev=0.409  ent=0.469  grad=0.92/0.50  h=6.1 c=32.8  kl=0.0078  vl=0.2232
Step: 15118336 SPS: 593  ev=0.368  ent=0.486  grad=1.04/0.50  h=6.1 c=32.1  kl=0.0089  vl=0.2567
Step: 15122432 SPS: 593  ev=0.351  ent=0.457  grad=1.48/0.50  h=6.1 c=33.2  kl=0.0084  vl=0.2406
Step: 15126528 SPS: 593  ev=0.422  ent=0.483  grad=1.13/0.50  h=6.0 c=31.9  kl=0.0101  vl=0.2244
Step: 15130624 SPS: 593  ev=0.297  ent=0.501  grad=1.16/0.50  h=6.0 c=31.7  kl=0.0093  vl=0.2747
Step: 15134720 SPS: 593  ev=0.347  ent=0.505  grad=0.83/0.50  h=6.1 c=32.5  kl=0.0117  vl=0.2267
Step: 15138816 SPS: 593  ev=0.362  ent=0.479  grad=0.85/0.50  h=6.0 c=32.2  kl=0.0106  vl=0.2860
Step: 15142912 SPS: 593  ev=0.306  ent=0.498  grad=1.13/0.50  h=6.1 c=33.6  kl=0.0073  vl=0.2679
Step: 15147008 SPS: 593  ev=0.348  ent=0.491  grad=0.68/0.50  h=6.0 c=31.7  kl=0.0085  vl=0.2251
Step: 15151104 SPS: 593  ev=0.325  ent=0.489  grad=0.89/0.50  h=6.1 c=32.6  kl=0.0072  vl=0.2500
  vs Random: 101W/0L/0D | score=57.6±32.7 inv=2.5 played=21.2 lanes=4.9 ddraw=3.3 pts=58
  Self-play: 55W/47L/1D | score=20.0±23.7 inv=2.5 played=18.0 lanes=4.8 ddraw=0.8 pts=20
Step: 15155200 SPS: 593  ev=0.181  ent=0.495  grad=0.92/0.50  h=6.1 c=33.4  kl=0.0112  vl=0.2466
Step: 15159296 SPS: 593  ev=0.317  ent=0.483  grad=0.73/0.50  h=6.0 c=32.3  kl=0.0096  vl=0.2845
Step: 15163392 SPS: 593  ev=0.353  ent=0.478  grad=0.71/0.50  h=6.1 c=33.3  kl=0.0118  vl=0.2664
Step: 15167488 SPS: 593  ev=0.317  ent=0.482  grad=1.91/0.50  h=6.1 c=33.8  kl=0.0097  vl=0.2800
Step: 15171584 SPS: 593  ev=0.307  ent=0.479  grad=1.28/0.50  h=6.1 c=32.4  kl=0.0105  vl=0.3091
Step: 15175680 SPS: 593  ev=0.379  ent=0.484  grad=1.07/0.50  h=6.1 c=33.1  kl=0.0103  vl=0.2604
Step: 15179776 SPS: 593  ev=0.399  ent=0.478  grad=1.48/0.50  h=6.0 c=31.2  kl=0.0116  vl=0.2235
Step: 15183872 SPS: 593  ev=0.284  ent=0.475  grad=0.91/0.50  h=6.0 c=33.3  kl=0.0080  vl=0.2706
Step: 15187968 SPS: 593  ev=0.342  ent=0.507  grad=1.13/0.50  h=6.0 c=31.9  kl=0.0121  vl=0.2884
Step: 15192064 SPS: 593  ev=0.386  ent=0.477  grad=0.91/0.50  h=6.1 c=33.0  kl=0.0115  vl=0.2707
Step: 15196160 SPS: 593  ev=0.358  ent=0.492  grad=0.84/0.50  h=6.1 c=34.0  kl=0.0101  vl=0.2196
Step: 15200256 SPS: 593  ev=0.377  ent=0.508  grad=0.96/0.50  h=6.0 c=31.6  kl=0.0107  vl=0.2538
Step: 15204352 SPS: 593  ev=0.316  ent=0.456  grad=1.63/0.50  h=6.0 c=33.1  kl=0.0107  vl=0.2779
Step: 15208448 SPS: 593  ev=0.342  ent=0.467  grad=0.74/0.50  h=6.0 c=32.2  kl=0.0105  vl=0.2406
Step: 15212544 SPS: 593  ev=0.297  ent=0.507  grad=1.08/0.50  h=6.0 c=31.9  kl=0.0058  vl=0.2055
Step: 15216640 SPS: 593  ev=0.309  ent=0.488  grad=1.52/0.50  h=6.0 c=33.2  kl=0.0095  vl=0.3103
Step: 15220736 SPS: 593  ev=0.290  ent=0.505  grad=1.16/0.50  h=6.0 c=33.2  kl=0.0091  vl=0.2615
Step: 15224832 SPS: 593  ev=0.304  ent=0.497  grad=0.63/0.50  h=6.0 c=32.9  kl=0.0079  vl=0.2302
Step: 15228928 SPS: 593  ev=0.306  ent=0.504  grad=0.78/0.50  h=6.0 c=33.2  kl=0.0140  vl=0.2556
Step: 15233024 SPS: 593  ev=0.360  ent=0.483  grad=0.78/0.50  h=6.0 c=32.7  kl=0.0104  vl=0.2429
  vs Random: 100W/0L/0D | score=63.7±27.3 inv=2.6 played=21.2 lanes=4.8 ddraw=3.6 pts=64
  Self-play: 54W/49L/3D | score=24.7±27.5 inv=2.6 played=17.8 lanes=4.6 ddraw=1.0 pts=25
Step: 15237120 SPS: 593  ev=0.396  ent=0.495  grad=0.77/0.50  h=6.1 c=33.1  kl=0.0065  vl=0.2062
Step: 15241216 SPS: 593  ev=0.364  ent=0.457  grad=0.79/0.50  h=6.1 c=34.6  kl=0.0088  vl=0.2437
Step: 15245312 SPS: 593  ev=0.318  ent=0.479  grad=0.83/0.50  h=6.1 c=34.1  kl=0.0127  vl=0.2750
Step: 15249408 SPS: 593  ev=0.362  ent=0.473  grad=0.84/0.50  h=6.0 c=33.4  kl=0.0092  vl=0.2455
Step: 15253504 SPS: 593  ev=0.317  ent=0.492  grad=0.72/0.50  h=6.0 c=33.6  kl=0.0099  vl=0.2901
Step: 15257600 SPS: 593  ev=0.338  ent=0.499  grad=0.69/0.50  h=6.0 c=32.6  kl=0.0109  vl=0.2757
Step: 15261696 SPS: 593  ev=0.343  ent=0.480  grad=0.77/0.50  h=6.1 c=34.4  kl=0.0083  vl=0.2551
Step: 15265792 SPS: 593  ev=0.282  ent=0.485  grad=0.95/0.50  h=6.0 c=33.8  kl=0.0090  vl=0.2487
Step: 15269888 SPS: 593  ev=0.327  ent=0.483  grad=1.55/0.50  h=6.0 c=33.3  kl=0.0097  vl=0.2654
Step: 15273984 SPS: 593  ev=0.327  ent=0.515  grad=0.72/0.50  h=6.1 c=34.0  kl=0.0110  vl=0.2673
Step: 15278080 SPS: 593  ev=0.364  ent=0.452  grad=0.69/0.50  h=6.1 c=33.4  kl=0.0074  vl=0.2369
Step: 15282176 SPS: 593  ev=0.284  ent=0.485  grad=0.73/0.50  h=6.0 c=33.5  kl=0.0081  vl=0.2979
Step: 15286272 SPS: 593  ev=0.352  ent=0.486  grad=0.86/0.50  h=6.1 c=34.0  kl=0.0147  vl=0.2891
Step: 15290368 SPS: 593  ev=0.325  ent=0.480  grad=1.26/0.50  h=6.0 c=33.0  kl=0.0078  vl=0.2554
Step: 15294464 SPS: 593  ev=0.303  ent=0.478  grad=0.95/0.50  h=6.1 c=34.6  kl=0.0078  vl=0.2522
Step: 15298560 SPS: 593  ev=0.363  ent=0.439  grad=0.70/0.50  h=6.0 c=32.8  kl=0.0111  vl=0.2447
Step: 15302656 SPS: 593  ev=0.355  ent=0.512  grad=1.15/0.50  h=6.1 c=34.7  kl=0.0084  vl=0.2332
Step: 15306752 SPS: 593  ev=0.347  ent=0.490  grad=1.10/0.50  h=6.1 c=34.6  kl=0.0095  vl=0.2606
Step: 15310848 SPS: 593  ev=0.286  ent=0.497  grad=0.69/0.50  h=6.0 c=33.9  kl=0.0104  vl=0.3038
Step: 15314944 SPS: 593  ev=0.301  ent=0.502  grad=1.28/0.50  h=6.0 c=33.5  kl=0.0123  vl=0.2729
  vs Random: 101W/0L/0D | score=64.6±31.5 inv=2.8 played=21.0 lanes=4.8 ddraw=3.5 pts=65
  Self-play: 53W/54L/0D | score=20.2±28.5 inv=2.8 played=17.4 lanes=4.6 ddraw=1.0 pts=20
Step: 15319040 SPS: 593  ev=0.324  ent=0.466  grad=0.83/0.50  h=6.1 c=34.1  kl=0.0084  vl=0.2648
Step: 15323136 SPS: 593  ev=0.311  ent=0.479  grad=1.16/0.50  h=6.1 c=34.0  kl=0.0071  vl=0.2755
Step: 15327232 SPS: 593  ev=0.327  ent=0.484  grad=0.97/0.50  h=6.1 c=33.1  kl=0.0133  vl=0.2780
Step: 15331328 SPS: 593  ev=0.299  ent=0.462  grad=0.73/0.50  h=6.0 c=33.9  kl=0.0093  vl=0.2381
Step: 15335424 SPS: 593  ev=0.301  ent=0.473  grad=0.78/0.50  h=6.0 c=34.0  kl=0.0103  vl=0.3034
Step: 15339520 SPS: 593  ev=0.311  ent=0.499  grad=0.86/0.50  h=6.1 c=34.0  kl=0.0081  vl=0.2397
Step: 15343616 SPS: 593  ev=0.372  ent=0.464  grad=1.17/0.50  h=6.1 c=34.6  kl=0.0093  vl=0.2355
Step: 15347712 SPS: 593  ev=0.357  ent=0.486  grad=0.90/0.50  h=6.0 c=32.9  kl=0.0082  vl=0.2212
Step: 15351808 SPS: 593  ev=0.346  ent=0.524  grad=0.96/0.50  h=6.1 c=34.0  kl=0.0080  vl=0.2148
Step: 15355904 SPS: 593  ev=0.293  ent=0.496  grad=1.34/0.50  h=6.0 c=34.0  kl=0.0112  vl=0.2686
Step: 15360000 SPS: 593  ev=0.274  ent=0.443  grad=0.58/0.50  h=6.1 c=34.1  kl=0.0090  vl=0.2384
Step: 15364096 SPS: 593  ev=0.265  ent=0.478  grad=0.75/0.50  h=6.1 c=35.4  kl=0.0090  vl=0.2970
Step: 15368192 SPS: 593  ev=0.355  ent=0.521  grad=0.69/0.50  h=6.0 c=32.4  kl=0.0087  vl=0.2270
Step: 15372288 SPS: 593  ev=0.358  ent=0.469  grad=0.92/0.50  h=6.0 c=34.1  kl=0.0101  vl=0.3015
Step: 15376384 SPS: 593  ev=0.372  ent=0.485  grad=0.84/0.50  h=6.1 c=34.4  kl=0.0092  vl=0.2561
Step: 15380480 SPS: 593  ev=0.338  ent=0.482  grad=1.24/0.50  h=6.1 c=33.8  kl=0.0074  vl=0.2322
Step: 15384576 SPS: 593  ev=0.283  ent=0.481  grad=0.92/0.50  h=6.1 c=35.2  kl=0.0072  vl=0.2700
Step: 15388672 SPS: 593  ev=0.319  ent=0.457  grad=0.85/0.50  h=6.0 c=33.1  kl=0.0093  vl=0.1934
Step: 15392768 SPS: 593  ev=0.257  ent=0.485  grad=1.19/0.50  h=6.1 c=34.2  kl=0.0085  vl=0.2562
Step: 15396864 SPS: 593  ev=0.331  ent=0.480  grad=0.83/0.50  h=6.1 c=34.9  kl=0.0134  vl=0.2270
  vs Random: 100W/0L/0D | score=62.1±27.0 inv=2.5 played=21.0 lanes=4.8 ddraw=3.8 pts=62
  Self-play: 56W/47L/0D | score=19.0±24.3 inv=2.5 played=17.3 lanes=4.6 ddraw=0.9 pts=19
Step: 15400960 SPS: 593  ev=0.314  ent=0.464  grad=1.59/0.50  h=6.1 c=34.7  kl=0.0076  vl=0.3007
Step: 15405056 SPS: 593  ev=0.267  ent=0.455  grad=0.87/0.50  h=6.0 c=34.5  kl=0.0070  vl=0.2692
Step: 15409152 SPS: 593  ev=0.353  ent=0.488  grad=0.82/0.50  h=6.0 c=32.6  kl=0.0093  vl=0.2358
Step: 15413248 SPS: 593  ev=0.405  ent=0.505  grad=1.14/0.50  h=6.0 c=34.1  kl=0.0089  vl=0.2168
Step: 15417344 SPS: 593  ev=0.313  ent=0.490  grad=1.13/0.50  h=6.1 c=34.1  kl=0.0065  vl=0.2549
Step: 15421440 SPS: 593  ev=0.354  ent=0.506  grad=0.74/0.50  h=6.0 c=33.2  kl=0.0097  vl=0.2400
Step: 15425536 SPS: 593  ev=0.288  ent=0.483  grad=0.75/0.50  h=6.1 c=35.4  kl=0.0096  vl=0.2889
Step: 15429632 SPS: 593  ev=0.362  ent=0.512  grad=1.11/0.50  h=5.9 c=33.5  kl=0.0129  vl=0.2735
Step: 15433728 SPS: 593  ev=0.261  ent=0.470  grad=0.99/0.50  h=6.0 c=33.8  kl=0.0090  vl=0.2845
Step: 15437824 SPS: 593  ev=0.324  ent=0.470  grad=0.88/0.50  h=6.1 c=34.7  kl=0.0076  vl=0.2738
Step: 15441920 SPS: 593  ev=0.364  ent=0.450  grad=0.66/0.50  h=6.0 c=32.5  kl=0.0088  vl=0.2102
Step: 15446016 SPS: 593  ev=0.234  ent=0.457  grad=0.86/0.50  h=6.1 c=34.7  kl=0.0087  vl=0.3403
Step: 15450112 SPS: 593  ev=0.340  ent=0.470  grad=0.64/0.50  h=6.0 c=32.9  kl=0.0080  vl=0.2276
Step: 15454208 SPS: 593  ev=0.352  ent=0.485  grad=0.71/0.50  h=6.0 c=33.1  kl=0.0114  vl=0.2400
Step: 15458304 SPS: 593  ev=0.289  ent=0.470  grad=0.91/0.50  h=6.1 c=35.7  kl=0.0083  vl=0.3138
Step: 15462400 SPS: 593  ev=0.332  ent=0.466  grad=0.91/0.50  h=6.0 c=32.2  kl=0.0098  vl=0.2670
Step: 15466496 SPS: 593  ev=0.287  ent=0.497  grad=0.77/0.50  h=6.1 c=35.2  kl=0.0095  vl=0.2913
Step: 15470592 SPS: 593  ev=0.351  ent=0.485  grad=0.64/0.50  h=6.0 c=33.7  kl=0.0096  vl=0.2958
Step: 15474688 SPS: 593  ev=0.313  ent=0.465  grad=0.75/0.50  h=6.1 c=34.4  kl=0.0116  vl=0.2489
Step: 15478784 SPS: 593  ev=0.327  ent=0.465  grad=1.17/0.50  h=6.1 c=35.0  kl=0.0108  vl=0.2282
  vs Random: 100W/0L/0D | score=61.1±29.2 inv=2.8 played=21.2 lanes=4.7 ddraw=3.6 pts=61
  Self-play: 51W/47L/3D | score=19.8±24.3 inv=2.6 played=17.9 lanes=4.7 ddraw=1.0 pts=20
Step: 15482880 SPS: 593  ev=0.320  ent=0.480  grad=0.84/0.50  h=6.0 c=33.0  kl=0.0078  vl=0.2731
Step: 15486976 SPS: 593  ev=0.291  ent=0.464  grad=0.67/0.50  h=6.2 c=36.1  kl=0.0067  vl=0.2600
Step: 15491072 SPS: 593  ev=0.293  ent=0.455  grad=0.71/0.50  h=6.0 c=33.0  kl=0.0072  vl=0.2557
Step: 15495168 SPS: 593  ev=0.308  ent=0.440  grad=0.69/0.50  h=6.1 c=34.1  kl=0.0094  vl=0.2655
Step: 15499264 SPS: 593  ev=0.256  ent=0.480  grad=1.32/0.50  h=6.0 c=34.9  kl=0.0070  vl=0.2619
Step: 15503360 SPS: 593  ev=0.352  ent=0.488  grad=0.72/0.50  h=6.1 c=33.4  kl=0.0088  vl=0.2104
Step: 15507456 SPS: 593  ev=0.366  ent=0.495  grad=0.76/0.50  h=6.1 c=35.6  kl=0.0080  vl=0.2474
Step: 15511552 SPS: 593  ev=0.383  ent=0.473  grad=0.94/0.50  h=6.0 c=33.6  kl=0.0110  vl=0.2734
Step: 15515648 SPS: 593  ev=0.308  ent=0.467  grad=0.98/0.50  h=6.1 c=34.3  kl=0.0086  vl=0.2916
Step: 15519744 SPS: 593  ev=0.413  ent=0.443  grad=0.69/0.50  h=6.0 c=34.7  kl=0.0118  vl=0.2443
Step: 15523840 SPS: 593  ev=0.397  ent=0.499  grad=1.37/0.50  h=6.1 c=33.6  kl=0.0087  vl=0.2367
Step: 15527936 SPS: 593  ev=0.291  ent=0.476  grad=0.72/0.50  h=6.1 c=36.4  kl=0.0103  vl=0.2458
Step: 15532032 SPS: 593  ev=0.298  ent=0.482  grad=0.76/0.50  h=6.1 c=34.2  kl=0.0077  vl=0.2680
Step: 15536128 SPS: 593  ev=0.356  ent=0.454  grad=1.06/0.50  h=6.1 c=35.1  kl=0.0105  vl=0.2245
Step: 15540224 SPS: 593  ev=0.330  ent=0.463  grad=0.68/0.50  h=6.1 c=35.2  kl=0.0087  vl=0.2370
Step: 15544320 SPS: 593  ev=0.376  ent=0.522  grad=0.88/0.50  h=6.1 c=34.7  kl=0.0098  vl=0.2568
Step: 15548416 SPS: 593  ev=0.269  ent=0.454  grad=1.11/0.50  h=6.1 c=34.9  kl=0.0074  vl=0.2274
Step: 15552512 SPS: 593  ev=0.318  ent=0.475  grad=0.83/0.50  h=6.1 c=34.3  kl=0.0115  vl=0.2955
Step: 15556608 SPS: 593  ev=0.318  ent=0.484  grad=0.72/0.50  h=6.1 c=35.4  kl=0.0087  vl=0.2700
Step: 15560704 SPS: 593  ev=0.302  ent=0.470  grad=0.89/0.50  h=6.1 c=34.8  kl=0.0096  vl=0.2513
  vs Random: 101W/0L/0D | score=60.9±29.7 inv=2.7 played=21.3 lanes=4.8 ddraw=3.1 pts=61
  Self-play: 56W/52L/0D | score=17.6±29.0 inv=2.5 played=17.8 lanes=4.7 ddraw=0.9 pts=18
Step: 15564800 SPS: 593  ev=0.326  ent=0.476  grad=1.40/0.50  h=6.2 c=35.0  kl=0.0084  vl=0.2506
Step: 15568896 SPS: 593  ev=0.288  ent=0.445  grad=0.69/0.50  h=6.1 c=35.7  kl=0.0056  vl=0.2377
Step: 15572992 SPS: 593  ev=0.277  ent=0.463  grad=0.83/0.50  h=6.1 c=34.7  kl=0.0084  vl=0.2464
Step: 15577088 SPS: 593  ev=0.376  ent=0.447  grad=1.13/0.50  h=6.1 c=36.1  kl=0.0073  vl=0.1998
Step: 15581184 SPS: 593  ev=0.370  ent=0.472  grad=0.91/0.50  h=6.1 c=34.6  kl=0.0066  vl=0.2486
Step: 15585280 SPS: 593  ev=0.356  ent=0.474  grad=1.02/0.50  h=6.2 c=35.4  kl=0.0088  vl=0.2593
Step: 15589376 SPS: 593  ev=0.370  ent=0.451  grad=1.17/0.50  h=6.1 c=35.0  kl=0.0094  vl=0.2326
Step: 15593472 SPS: 593  ev=0.313  ent=0.440  grad=1.27/0.50  h=6.2 c=36.0  kl=0.0088  vl=0.2927
Step: 15597568 SPS: 593  ev=0.329  ent=0.454  grad=0.82/0.50  h=6.1 c=35.1  kl=0.0079  vl=0.3157
Step: 15601664 SPS: 593  ev=0.297  ent=0.481  grad=1.09/0.50  h=6.1 c=34.8  kl=0.0112  vl=0.2181
Step: 15605760 SPS: 593  ev=0.335  ent=0.446  grad=0.86/0.50  h=6.1 c=35.1  kl=0.0102  vl=0.2904
Step: 15609856 SPS: 593  ev=0.269  ent=0.445  grad=1.02/0.50  h=6.1 c=35.7  kl=0.0082  vl=0.2524
Step: 15613952 SPS: 593  ev=0.299  ent=0.435  grad=1.14/0.50  h=6.2 c=34.8  kl=0.0066  vl=0.2883
Step: 15618048 SPS: 593  ev=0.358  ent=0.455  grad=0.82/0.50  h=6.2 c=35.2  kl=0.0089  vl=0.2422
Step: 15622144 SPS: 593  ev=0.351  ent=0.482  grad=0.80/0.50  h=6.1 c=35.3  kl=0.0099  vl=0.2088
Step: 15626240 SPS: 593  ev=0.366  ent=0.476  grad=1.14/0.50  h=6.1 c=35.2  kl=0.0083  vl=0.2387
Step: 15630336 SPS: 593  ev=0.367  ent=0.449  grad=1.63/0.50  h=6.1 c=35.9  kl=0.0097  vl=0.2675
Step: 15634432 SPS: 593  ev=0.364  ent=0.486  grad=0.91/0.50  h=6.2 c=34.9  kl=0.0073  vl=0.2479
Step: 15638528 SPS: 593  ev=0.317  ent=0.464  grad=0.80/0.50  h=6.2 c=35.3  kl=0.0123  vl=0.2951
Step: 15642624 SPS: 593  ev=0.384  ent=0.500  grad=0.79/0.50  h=6.1 c=35.4  kl=0.0126  vl=0.2075
  vs Random: 101W/0L/0D | score=68.3±39.5 inv=2.8 played=21.4 lanes=4.8 ddraw=2.9 pts=68
  Self-play: 54W/46L/0D | score=22.5±27.2 inv=2.6 played=17.7 lanes=4.6 ddraw=0.9 pts=22
Step: 15646720 SPS: 593  ev=0.358  ent=0.468  grad=1.06/0.50  h=6.1 c=33.8  kl=0.0075  vl=0.2644
Step: 15650816 SPS: 593  ev=0.367  ent=0.495  grad=1.24/0.50  h=6.2 c=35.6  kl=0.0091  vl=0.2529
Step: 15654912 SPS: 593  ev=0.337  ent=0.461  grad=1.36/0.50  h=6.2 c=35.2  kl=0.0073  vl=0.2775
Step: 15659008 SPS: 593  ev=0.371  ent=0.448  grad=0.81/0.50  h=6.1 c=36.0  kl=0.0074  vl=0.2267
Step: 15663104 SPS: 593  ev=0.277  ent=0.477  grad=0.79/0.50  h=6.2 c=36.0  kl=0.0105  vl=0.3201
Step: 15667200 SPS: 593  ev=0.314  ent=0.450  grad=0.70/0.50  h=6.1 c=35.0  kl=0.0122  vl=0.3335
Step: 15671296 SPS: 593  ev=0.310  ent=0.459  grad=1.19/0.50  h=6.1 c=36.5  kl=0.0092  vl=0.2370
Step: 15675392 SPS: 593  ev=0.263  ent=0.467  grad=0.96/0.50  h=6.2 c=35.4  kl=0.0079  vl=0.2947
Step: 15679488 SPS: 593  ev=0.364  ent=0.432  grad=0.72/0.50  h=6.1 c=36.2  kl=0.0133  vl=0.2473
Step: 15683584 SPS: 593  ev=0.324  ent=0.446  grad=1.00/0.50  h=6.2 c=36.0  kl=0.0078  vl=0.2636
Step: 15687680 SPS: 593  ev=0.330  ent=0.474  grad=1.06/0.50  h=6.1 c=34.6  kl=0.0089  vl=0.2581
Step: 15691776 SPS: 593  ev=0.368  ent=0.459  grad=1.25/0.50  h=6.2 c=36.8  kl=0.0074  vl=0.2457
Step: 15695872 SPS: 593  ev=0.316  ent=0.457  grad=0.78/0.50  h=6.1 c=35.7  kl=0.0076  vl=0.2394
Step: 15699968 SPS: 593  ev=0.302  ent=0.468  grad=1.24/0.50  h=6.2 c=35.5  kl=0.0091  vl=0.2352
Step: 15704064 SPS: 593  ev=0.351  ent=0.471  grad=0.73/0.50  h=6.1 c=35.4  kl=0.0110  vl=0.2559
Step: 15708160 SPS: 593  ev=0.357  ent=0.465  grad=0.84/0.50  h=6.2 c=35.9  kl=0.0074  vl=0.2188
Step: 15712256 SPS: 593  ev=0.288  ent=0.472  grad=0.92/0.50  h=6.1 c=35.6  kl=0.0081  vl=0.2433
Step: 15716352 SPS: 593  ev=0.296  ent=0.447  grad=0.70/0.50  h=6.1 c=35.5  kl=0.0084  vl=0.2612
Step: 15720448 SPS: 593  ev=0.322  ent=0.459  grad=0.63/0.50  h=6.1 c=35.4  kl=0.0070  vl=0.2778
Step: 15724544 SPS: 593  ev=0.371  ent=0.480  grad=0.84/0.50  h=6.2 c=37.9  kl=0.0099  vl=0.2593
  vs Random: 103W/0L/0D | score=67.5±34.0 inv=2.9 played=21.3 lanes=4.7 ddraw=2.9 pts=67
  Self-play: 43W/57L/0D | score=17.9±27.1 inv=2.5 played=17.5 lanes=4.6 ddraw=0.8 pts=18
Step: 15728640 SPS: 593  ev=0.356  ent=0.469  grad=1.28/0.50  h=6.1 c=34.8  kl=0.0079  vl=0.2258
Step: 15732736 SPS: 593  ev=0.253  ent=0.438  grad=1.34/0.50  h=6.1 c=36.3  kl=0.0102  vl=0.3225
Step: 15736832 SPS: 593  ev=0.302  ent=0.448  grad=1.06/0.50  h=6.0 c=35.4  kl=0.0126  vl=0.2658
Step: 15740928 SPS: 593  ev=0.318  ent=0.461  grad=0.70/0.50  h=6.1 c=34.7  kl=0.0089  vl=0.2465
Step: 15745024 SPS: 593  ev=0.316  ent=0.455  grad=0.86/0.50  h=6.2 c=36.2  kl=0.0080  vl=0.2449
Step: 15749120 SPS: 593  ev=0.357  ent=0.459  grad=0.79/0.50  h=6.1 c=35.2  kl=0.0115  vl=0.2450
Step: 15753216 SPS: 593  ev=0.279  ent=0.467  grad=0.92/0.50  h=6.1 c=35.2  kl=0.0087  vl=0.2393
Step: 15757312 SPS: 593  ev=0.338  ent=0.469  grad=0.68/0.50  h=6.1 c=36.1  kl=0.0087  vl=0.2403
Step: 15761408 SPS: 593  ev=0.351  ent=0.468  grad=0.87/0.50  h=6.1 c=35.5  kl=0.0090  vl=0.2796
Step: 15765504 SPS: 593  ev=0.319  ent=0.469  grad=0.92/0.50  h=6.1 c=35.8  kl=0.0078  vl=0.2657
Step: 15769600 SPS: 593  ev=0.382  ent=0.506  grad=0.70/0.50  h=6.2 c=36.4  kl=0.0090  vl=0.2646
Step: 15773696 SPS: 593  ev=0.311  ent=0.496  grad=0.83/0.50  h=6.1 c=34.9  kl=0.0073  vl=0.2572
Step: 15777792 SPS: 593  ev=0.293  ent=0.448  grad=0.68/0.50  h=6.1 c=36.5  kl=0.0094  vl=0.2854
Step: 15781888 SPS: 593  ev=0.322  ent=0.453  grad=0.71/0.50  h=6.0 c=33.8  kl=0.0089  vl=0.2249
Step: 15785984 SPS: 593  ev=0.306  ent=0.518  grad=0.75/0.50  h=6.2 c=36.8  kl=0.0128  vl=0.2831
Step: 15790080 SPS: 593  ev=0.307  ent=0.500  grad=0.90/0.50  h=6.1 c=34.9  kl=0.0101  vl=0.2314
Step: 15794176 SPS: 593  ev=0.331  ent=0.476  grad=1.14/0.50  h=6.2 c=36.5  kl=0.0106  vl=0.2480
Step: 15798272 SPS: 593  ev=0.371  ent=0.491  grad=0.93/0.50  h=6.2 c=37.1  kl=0.0095  vl=0.2609
Step: 15802368 SPS: 593  ev=0.313  ent=0.455  grad=0.83/0.50  h=6.1 c=34.7  kl=0.0103  vl=0.2369
Step: 15806464 SPS: 593  ev=0.340  ent=0.465  grad=0.88/0.50  h=6.1 c=34.6  kl=0.0074  vl=0.2411
  vs Random: 100W/0L/0D | score=64.8±30.4 inv=2.6 played=21.1 lanes=4.8 ddraw=2.9 pts=65
  Self-play: 44W/58L/0D | score=15.5±26.5 inv=2.5 played=17.6 lanes=4.7 ddraw=1.0 pts=15
Step: 15810560 SPS: 593  ev=0.288  ent=0.479  grad=1.07/0.50  h=6.1 c=36.2  kl=0.0070  vl=0.2709
Step: 15814656 SPS: 593  ev=0.329  ent=0.459  grad=0.72/0.50  h=6.1 c=35.9  kl=0.0095  vl=0.2057
Step: 15818752 SPS: 593  ev=0.273  ent=0.473  grad=0.73/0.50  h=6.1 c=36.3  kl=0.0068  vl=0.2433
Step: 15822848 SPS: 593  ev=0.279  ent=0.477  grad=0.81/0.50  h=6.1 c=35.9  kl=0.0095  vl=0.2985
Step: 15826944 SPS: 593  ev=0.332  ent=0.477  grad=1.06/0.50  h=6.1 c=35.9  kl=0.0101  vl=0.2756
Step: 15831040 SPS: 593  ev=0.350  ent=0.486  grad=0.88/0.50  h=6.2 c=36.0  kl=0.0079  vl=0.2196
Step: 15835136 SPS: 593  ev=0.338  ent=0.472  grad=0.75/0.50  h=6.2 c=35.9  kl=0.0060  vl=0.2420
Step: 15839232 SPS: 593  ev=0.364  ent=0.431  grad=0.89/0.50  h=6.2 c=36.5  kl=0.0091  vl=0.2496
Step: 15843328 SPS: 593  ev=0.401  ent=0.447  grad=0.81/0.50  h=6.1 c=36.0  kl=0.0093  vl=0.2840
Step: 15847424 SPS: 593  ev=0.287  ent=0.467  grad=0.75/0.50  h=6.1 c=35.2  kl=0.0065  vl=0.2531
Step: 15851520 SPS: 593  ev=0.398  ent=0.483  grad=0.65/0.50  h=6.2 c=36.4  kl=0.0067  vl=0.2242
Step: 15855616 SPS: 593  ev=0.354  ent=0.498  grad=1.50/0.50  h=6.2 c=36.3  kl=0.0088  vl=0.2684
Step: 15859712 SPS: 593  ev=0.241  ent=0.455  grad=0.73/0.50  h=6.1 c=35.9  kl=0.0109  vl=0.3158
Step: 15863808 SPS: 593  ev=0.296  ent=0.468  grad=0.86/0.50  h=6.1 c=35.6  kl=0.0104  vl=0.2324
Step: 15867904 SPS: 593  ev=0.282  ent=0.499  grad=1.01/0.50  h=6.1 c=36.0  kl=0.0114  vl=0.2534
Step: 15872000 SPS: 593  ev=0.303  ent=0.462  grad=1.12/0.50  h=6.2 c=36.7  kl=0.0072  vl=0.2669
Step: 15876096 SPS: 593  ev=0.340  ent=0.469  grad=0.98/0.50  h=6.2 c=36.8  kl=0.0061  vl=0.2080
Step: 15880192 SPS: 593  ev=0.328  ent=0.486  grad=0.94/0.50  h=6.2 c=36.0  kl=0.0097  vl=0.2628
Step: 15884288 SPS: 593  ev=0.351  ent=0.476  grad=1.38/0.50  h=6.2 c=35.8  kl=0.0087  vl=0.2245
Step: 15888384 SPS: 593  ev=0.327  ent=0.463  grad=0.72/0.50  h=6.2 c=36.0  kl=0.0104  vl=0.2313
  vs Random: 102W/0L/0D | score=63.0±30.2 inv=2.7 played=21.6 lanes=4.8 ddraw=2.5 pts=63
  Self-play: 53W/47L/1D | score=23.3±27.1 inv=2.4 played=17.9 lanes=4.7 ddraw=0.7 pts=23
Step: 15892480 SPS: 593  ev=0.339  ent=0.478  grad=0.94/0.50  h=6.1 c=35.6  kl=0.0070  vl=0.2159
Step: 15896576 SPS: 593  ev=0.309  ent=0.462  grad=0.88/0.50  h=6.1 c=35.1  kl=0.0101  vl=0.2409
Step: 15900672 SPS: 593  ev=0.276  ent=0.476  grad=0.88/0.50  h=6.2 c=36.1  kl=0.0072  vl=0.3029
Step: 15904768 SPS: 593  ev=0.298  ent=0.459  grad=1.35/0.50  h=6.2 c=35.4  kl=0.0060  vl=0.2514
Step: 15908864 SPS: 593  ev=0.330  ent=0.481  grad=1.10/0.50  h=6.2 c=36.2  kl=0.0081  vl=0.1969
Step: 15912960 SPS: 593  ev=0.274  ent=0.453  grad=0.70/0.50  h=6.1 c=35.6  kl=0.0109  vl=0.3069
Step: 15917056 SPS: 593  ev=0.340  ent=0.473  grad=0.84/0.50  h=6.2 c=35.5  kl=0.0099  vl=0.2443
Step: 15921152 SPS: 593  ev=0.341  ent=0.470  grad=0.69/0.50  h=6.2 c=36.6  kl=0.0112  vl=0.2261
Step: 15925248 SPS: 593  ev=0.279  ent=0.471  grad=1.12/0.50  h=6.2 c=37.0  kl=0.0101  vl=0.2511
Step: 15929344 SPS: 593  ev=0.302  ent=0.441  grad=0.59/0.50  h=6.2 c=37.3  kl=0.0102  vl=0.2803
Step: 15933440 SPS: 593  ev=0.356  ent=0.468  grad=1.10/0.50  h=6.1 c=34.4  kl=0.0084  vl=0.2391
Step: 15937536 SPS: 593  ev=0.342  ent=0.470  grad=0.67/0.50  h=6.2 c=35.5  kl=0.0078  vl=0.2611
Step: 15941632 SPS: 593  ev=0.382  ent=0.486  grad=0.75/0.50  h=6.2 c=36.8  kl=0.0109  vl=0.2627
Step: 15945728 SPS: 593  ev=0.274  ent=0.491  grad=1.02/0.50  h=6.2 c=36.1  kl=0.0151  vl=0.2208
Step: 15949824 SPS: 593  ev=0.339  ent=0.472  grad=0.93/0.50  h=6.2 c=36.6  kl=0.0067  vl=0.2219
Step: 15953920 SPS: 593  ev=0.324  ent=0.472  grad=0.82/0.50  h=6.1 c=35.1  kl=0.0109  vl=0.2506
Step: 15958016 SPS: 593  ev=0.311  ent=0.479  grad=0.76/0.50  h=6.2 c=36.3  kl=0.0065  vl=0.2376
Step: 15962112 SPS: 593  ev=0.326  ent=0.472  grad=1.04/0.50  h=6.1 c=36.3  kl=0.0096  vl=0.2434
Step: 15966208 SPS: 593  ev=0.354  ent=0.492  grad=0.63/0.50  h=6.2 c=36.0  kl=0.0092  vl=0.2924
Step: 15970304 SPS: 593  ev=0.363  ent=0.485  grad=0.72/0.50  h=6.2 c=37.7  kl=0.0115  vl=0.3122
  vs Random: 101W/0L/0D | score=63.6±35.3 inv=2.6 played=21.1 lanes=4.8 ddraw=2.9 pts=64
  Self-play: 50W/50L/3D | score=21.7±30.1 inv=2.7 played=17.5 lanes=4.6 ddraw=1.0 pts=22
Step: 15974400 SPS: 593  ev=0.395  ent=0.500  grad=0.71/0.50  h=6.1 c=35.1  kl=0.0092  vl=0.1893
Step: 15978496 SPS: 593  ev=0.257  ent=0.469  grad=0.84/0.50  h=6.2 c=37.2  kl=0.0105  vl=0.2504
Step: 15982592 SPS: 593  ev=0.306  ent=0.458  grad=0.79/0.50  h=6.1 c=36.0  kl=0.0099  vl=0.2363
Step: 15986688 SPS: 593  ev=0.320  ent=0.469  grad=0.75/0.50  h=6.2 c=35.5  kl=0.0088  vl=0.2534
Step: 15990784 SPS: 593  ev=0.382  ent=0.468  grad=0.71/0.50  h=6.2 c=37.3  kl=0.0082  vl=0.2136
Step: 15994880 SPS: 593  ev=0.318  ent=0.482  grad=1.00/0.50  h=6.1 c=34.9  kl=0.0082  vl=0.3062
Step: 15998976 SPS: 593  ev=0.366  ent=0.452  grad=0.89/0.50  h=6.2 c=36.7  kl=0.0079  vl=0.2788
Step: 16003072 SPS: 593  ev=0.339  ent=0.472  grad=1.42/0.50  h=6.2 c=35.6  kl=0.0111  vl=0.2841
Step: 16007168 SPS: 593  ev=0.306  ent=0.487  grad=0.85/0.50  h=6.1 c=34.9  kl=0.0101  vl=0.2783
Step: 16011264 SPS: 593  ev=0.343  ent=0.460  grad=0.85/0.50  h=6.3 c=38.3  kl=0.0092  vl=0.2831
Step: 16015360 SPS: 593  ev=0.349  ent=0.503  grad=0.82/0.50  h=6.1 c=34.9  kl=0.0093  vl=0.2552
Step: 16019456 SPS: 593  ev=0.331  ent=0.489  grad=1.11/0.50  h=6.2 c=36.7  kl=0.0094  vl=0.2282
Step: 16023552 SPS: 593  ev=0.318  ent=0.486  grad=1.41/0.50  h=6.2 c=36.3  kl=0.0081  vl=0.2416
Step: 16027648 SPS: 593  ev=0.353  ent=0.463  grad=0.93/0.50  h=6.2 c=36.2  kl=0.0089  vl=0.2084
Step: 16031744 SPS: 593  ev=0.293  ent=0.492  grad=1.37/0.50  h=6.2 c=37.8  kl=0.0088  vl=0.2619
Step: 16035840 SPS: 593  ev=0.301  ent=0.483  grad=0.72/0.50  h=6.2 c=35.6  kl=0.0091  vl=0.2819
Step: 16039936 SPS: 593  ev=0.308  ent=0.477  grad=0.75/0.50  h=6.2 c=37.0  kl=0.0111  vl=0.2669
Step: 16044032 SPS: 593  ev=0.345  ent=0.458  grad=0.78/0.50  h=6.1 c=35.6  kl=0.0079  vl=0.1914
Step: 16048128 SPS: 593  ev=0.319  ent=0.473  grad=1.01/0.50  h=6.2 c=37.3  kl=0.0087  vl=0.2356
Step: 16052224 SPS: 593  ev=0.312  ent=0.469  grad=1.04/0.50  h=6.2 c=37.5  kl=0.0111  vl=0.2708
  vs Random: 102W/0L/0D | score=67.7±34.2 inv=2.7 played=21.2 lanes=4.8 ddraw=3.0 pts=68
  Self-play: 54W/50L/0D | score=23.4±26.1 inv=2.6 played=17.6 lanes=4.6 ddraw=0.9 pts=23
Step: 16056320 SPS: 593  ev=0.310  ent=0.470  grad=0.82/0.50  h=6.1 c=35.5  kl=0.0103  vl=0.2709
Step: 16060416 SPS: 593  ev=0.366  ent=0.459  grad=0.76/0.50  h=6.2 c=36.5  kl=0.0080  vl=0.2257
Step: 16064512 SPS: 593  ev=0.301  ent=0.447  grad=0.77/0.50  h=6.2 c=36.8  kl=0.0107  vl=0.2737
Step: 16068608 SPS: 593  ev=0.363  ent=0.482  grad=0.87/0.50  h=6.2 c=36.2  kl=0.0091  vl=0.2391
Step: 16072704 SPS: 593  ev=0.340  ent=0.485  grad=1.54/0.50  h=6.2 c=37.4  kl=0.0075  vl=0.2324
Step: 16076800 SPS: 593  ev=0.292  ent=0.461  grad=1.30/0.50  h=6.2 c=36.6  kl=0.0099  vl=0.2768
Step: 16080896 SPS: 593  ev=0.342  ent=0.487  grad=0.77/0.50  h=6.1 c=35.9  kl=0.0104  vl=0.2404
Step: 16084992 SPS: 593  ev=0.338  ent=0.484  grad=0.74/0.50  h=6.2 c=37.9  kl=0.0082  vl=0.2621
Step: 16089088 SPS: 593  ev=0.320  ent=0.476  grad=1.01/0.50  h=6.2 c=36.7  kl=0.0089  vl=0.2255
Step: 16093184 SPS: 593  ev=0.370  ent=0.495  grad=0.86/0.50  h=6.2 c=37.6  kl=0.0134  vl=0.2237
Step: 16097280 SPS: 593  ev=0.293  ent=0.489  grad=1.49/0.50  h=6.2 c=37.2  kl=0.0095  vl=0.2570
Step: 16101376 SPS: 593  ev=0.317  ent=0.493  grad=1.48/0.50  h=6.2 c=37.1  kl=0.0099  vl=0.3000
Step: 16105472 SPS: 593  ev=0.316  ent=0.482  grad=0.81/0.50  h=6.2 c=37.4  kl=0.0114  vl=0.2593
Step: 16109568 SPS: 593  ev=0.404  ent=0.461  grad=1.09/0.50  h=6.1 c=36.3  kl=0.0110  vl=0.2432
Step: 16113664 SPS: 593  ev=0.320  ent=0.448  grad=1.30/0.50  h=6.2 c=37.2  kl=0.0099  vl=0.2287
Step: 16117760 SPS: 593  ev=0.308  ent=0.467  grad=0.79/0.50  h=6.1 c=36.3  kl=0.0117  vl=0.2855
Step: 16121856 SPS: 593  ev=0.353  ent=0.458  grad=1.15/0.50  h=6.2 c=36.9  kl=0.0141  vl=0.2629
Step: 16125952 SPS: 593  ev=0.325  ent=0.527  grad=0.81/0.50  h=6.3 c=38.0  kl=0.0087  vl=0.1953
Step: 16130048 SPS: 593  ev=0.346  ent=0.492  grad=0.83/0.50  h=6.2 c=35.9  kl=0.0100  vl=0.3355
Step: 16134144 SPS: 593  ev=0.343  ent=0.492  grad=1.13/0.50  h=6.3 c=37.4  kl=0.0099  vl=0.2132
  vs Random: 103W/0L/0D | score=64.0±30.5 inv=2.6 played=21.1 lanes=4.7 ddraw=2.6 pts=64
  Self-play: 51W/49L/0D | score=19.4±28.1 inv=2.8 played=17.3 lanes=4.5 ddraw=0.9 pts=19
Step: 16138240 SPS: 593  ev=0.258  ent=0.479  grad=0.97/0.50  h=6.1 c=35.5  kl=0.0092  vl=0.2770
Step: 16142336 SPS: 593  ev=0.339  ent=0.502  grad=0.71/0.50  h=6.2 c=36.7  kl=0.0065  vl=0.2708
Step: 16146432 SPS: 593  ev=0.304  ent=0.476  grad=0.91/0.50  h=6.3 c=37.7  kl=0.0108  vl=0.2861
Step: 16150528 SPS: 593  ev=0.307  ent=0.491  grad=1.61/0.50  h=6.1 c=35.7  kl=0.0100  vl=0.2937
Step: 16154624 SPS: 593  ev=0.338  ent=0.497  grad=1.11/0.50  h=6.2 c=37.2  kl=0.0112  vl=0.2176
Step: 16158720 SPS: 593  ev=0.285  ent=0.496  grad=0.95/0.50  h=6.1 c=35.0  kl=0.0102  vl=0.2511
Step: 16162816 SPS: 593  ev=0.306  ent=0.480  grad=0.97/0.50  h=6.2 c=36.4  kl=0.0078  vl=0.2451
Step: 16166912 SPS: 593  ev=0.288  ent=0.510  grad=0.86/0.50  h=6.2 c=36.4  kl=0.0105  vl=0.2680
Step: 16171008 SPS: 593  ev=0.359  ent=0.502  grad=0.87/0.50  h=6.2 c=36.9  kl=0.0104  vl=0.2219
Step: 16175104 SPS: 593  ev=0.345  ent=0.489  grad=1.03/0.50  h=6.2 c=36.0  kl=0.0075  vl=0.2550
Step: 16179200 SPS: 593  ev=0.285  ent=0.497  grad=1.41/0.50  h=6.2 c=35.4  kl=0.0110  vl=0.3114
Step: 16183296 SPS: 593  ev=0.365  ent=0.468  grad=0.70/0.50  h=6.2 c=36.5  kl=0.0101  vl=0.2369
Step: 16187392 SPS: 593  ev=0.393  ent=0.457  grad=0.68/0.50  h=6.2 c=35.8  kl=0.0088  vl=0.1967
Step: 16191488 SPS: 593  ev=0.370  ent=0.489  grad=0.86/0.50  h=6.2 c=35.7  kl=0.0089  vl=0.2276
Step: 16195584 SPS: 593  ev=0.329  ent=0.482  grad=1.01/0.50  h=6.2 c=36.2  kl=0.0083  vl=0.2409
Step: 16199680 SPS: 593  ev=0.401  ent=0.504  grad=0.78/0.50  h=6.1 c=35.3  kl=0.0095  vl=0.2332
Step: 16203776 SPS: 593  ev=0.342  ent=0.473  grad=1.15/0.50  h=6.2 c=36.2  kl=0.0074  vl=0.3034
Step: 16207872 SPS: 593  ev=0.321  ent=0.479  grad=0.98/0.50  h=6.2 c=35.8  kl=0.0095  vl=0.2749
Step: 16211968 SPS: 593  ev=0.395  ent=0.486  grad=1.06/0.50  h=6.2 c=35.5  kl=0.0091  vl=0.2529
Step: 16216064 SPS: 593  ev=0.264  ent=0.507  grad=0.75/0.50  h=6.1 c=36.2  kl=0.0085  vl=0.2725
  vs Random: 100W/0L/0D | score=63.3±32.2 inv=2.7 played=21.0 lanes=4.8 ddraw=2.8 pts=63
  Self-play: 48W/52L/0D | score=21.2±27.9 inv=2.6 played=17.5 lanes=4.6 ddraw=0.8 pts=21
Step: 16220160 SPS: 593  ev=0.357  ent=0.491  grad=1.10/0.50  h=6.1 c=35.6  kl=0.0099  vl=0.2347
Step: 16224256 SPS: 593  ev=0.331  ent=0.468  grad=1.09/0.50  h=6.2 c=36.7  kl=0.0085  vl=0.2746
Step: 16228352 SPS: 593  ev=0.381  ent=0.476  grad=0.80/0.50  h=6.2 c=35.9  kl=0.0079  vl=0.2518
Step: 16232448 SPS: 593  ev=0.354  ent=0.466  grad=1.05/0.50  h=6.2 c=35.8  kl=0.0107  vl=0.2323
Step: 16236544 SPS: 593  ev=0.272  ent=0.470  grad=1.09/0.50  h=6.2 c=36.2  kl=0.0073  vl=0.2686
Step: 16240640 SPS: 593  ev=0.371  ent=0.481  grad=0.73/0.50  h=6.1 c=34.4  kl=0.0082  vl=0.2191
Step: 16244736 SPS: 593  ev=0.291  ent=0.479  grad=0.95/0.50  h=6.2 c=37.0  kl=0.0104  vl=0.2643
Step: 16248832 SPS: 593  ev=0.265  ent=0.471  grad=0.79/0.50  h=6.2 c=35.8  kl=0.0099  vl=0.3042
Step: 16252928 SPS: 593  ev=0.289  ent=0.497  grad=0.97/0.50  h=6.2 c=35.7  kl=0.0094  vl=0.2494
Step: 16257024 SPS: 593  ev=0.288  ent=0.485  grad=1.02/0.50  h=6.1 c=36.7  kl=0.0080  vl=0.2438
Step: 16261120 SPS: 593  ev=0.351  ent=0.490  grad=1.11/0.50  h=6.1 c=35.8  kl=0.0084  vl=0.2193
Step: 16265216 SPS: 593  ev=0.253  ent=0.478  grad=1.18/0.50  h=6.2 c=37.7  kl=0.0112  vl=0.2758
Step: 16269312 SPS: 593  ev=0.300  ent=0.494  grad=0.75/0.50  h=6.1 c=35.8  kl=0.0122  vl=0.2655
Step: 16273408 SPS: 593  ev=0.337  ent=0.463  grad=1.06/0.50  h=6.2 c=36.1  kl=0.0107  vl=0.2518
Step: 16277504 SPS: 593  ev=0.319  ent=0.503  grad=0.92/0.50  h=6.2 c=37.6  kl=0.0079  vl=0.2371
Step: 16281600 SPS: 593  ev=0.365  ent=0.472  grad=0.79/0.50  h=6.1 c=36.2  kl=0.0104  vl=0.2412
Step: 16285696 SPS: 593  ev=0.286  ent=0.475  grad=0.98/0.50  h=6.2 c=37.9  kl=0.0091  vl=0.2671
Step: 16289792 SPS: 593  ev=0.364  ent=0.493  grad=1.55/0.50  h=6.2 c=37.5  kl=0.0114  vl=0.2307
Step: 16293888 SPS: 593  ev=0.351  ent=0.502  grad=0.74/0.50  h=6.2 c=36.7  kl=0.0133  vl=0.2825
Step: 16297984 SPS: 593  ev=0.355  ent=0.465  grad=0.75/0.50  h=6.2 c=37.3  kl=0.0091  vl=0.2286
  vs Random: 101W/0L/0D | score=63.1±27.3 inv=2.6 played=21.2 lanes=4.9 ddraw=2.8 pts=63
  Self-play: 57W/41L/2D | score=22.3±26.0 inv=2.7 played=17.9 lanes=4.7 ddraw=1.0 pts=22
Step: 16302080 SPS: 593  ev=0.287  ent=0.496  grad=0.77/0.50  h=6.0 c=34.3  kl=0.0075  vl=0.2640
Step: 16306176 SPS: 593  ev=0.327  ent=0.476  grad=0.71/0.50  h=6.1 c=36.7  kl=0.0078  vl=0.2609
Step: 16310272 SPS: 593  ev=0.289  ent=0.505  grad=0.73/0.50  h=6.2 c=36.5  kl=0.0070  vl=0.2653
Step: 16314368 SPS: 593  ev=0.354  ent=0.468  grad=0.79/0.50  h=6.2 c=36.4  kl=0.0096  vl=0.2671
Step: 16318464 SPS: 593  ev=0.272  ent=0.473  grad=0.87/0.50  h=6.2 c=38.5  kl=0.0087  vl=0.2558
Step: 16322560 SPS: 593  ev=0.307  ent=0.471  grad=0.75/0.50  h=6.1 c=35.3  kl=0.0112  vl=0.2778
Step: 16326656 SPS: 593  ev=0.324  ent=0.503  grad=1.07/0.50  h=6.1 c=36.7  kl=0.0136  vl=0.2415
Step: 16330752 SPS: 593  ev=0.337  ent=0.494  grad=0.93/0.50  h=6.1 c=35.9  kl=0.0093  vl=0.3041
Step: 16334848 SPS: 593  ev=0.354  ent=0.492  grad=0.72/0.50  h=6.2 c=36.9  kl=0.0078  vl=0.2060
Step: 16338944 SPS: 593  ev=0.348  ent=0.487  grad=0.72/0.50  h=6.2 c=36.8  kl=0.0080  vl=0.2802
Step: 16343040 SPS: 593  ev=0.268  ent=0.475  grad=0.97/0.50  h=6.1 c=34.5  kl=0.0097  vl=0.3046
Step: 16347136 SPS: 593  ev=0.255  ent=0.496  grad=1.32/0.50  h=6.2 c=37.6  kl=0.0079  vl=0.2397
Step: 16351232 SPS: 593  ev=0.342  ent=0.477  grad=1.03/0.50  h=6.1 c=35.5  kl=0.0093  vl=0.2363
Step: 16355328 SPS: 593  ev=0.337  ent=0.501  grad=1.11/0.50  h=6.2 c=37.6  kl=0.0085  vl=0.2194
Step: 16359424 SPS: 593  ev=0.312  ent=0.466  grad=1.11/0.50  h=6.1 c=37.5  kl=0.0080  vl=0.2709
Step: 16363520 SPS: 593  ev=0.299  ent=0.460  grad=1.45/0.50  h=6.1 c=34.6  kl=0.0071  vl=0.2960
Step: 16367616 SPS: 593  ev=0.321  ent=0.507  grad=1.00/0.50  h=6.1 c=37.7  kl=0.0109  vl=0.2694
Step: 16371712 SPS: 593  ev=0.329  ent=0.490  grad=1.31/0.50  h=6.1 c=36.3  kl=0.0079  vl=0.2920
Step: 16375808 SPS: 593  ev=0.349  ent=0.477  grad=0.74/0.50  h=6.2 c=37.3  kl=0.0082  vl=0.2559
Step: 16379904 SPS: 593  ev=0.393  ent=0.492  grad=0.87/0.50  h=6.1 c=36.9  kl=0.0090  vl=0.2559
  vs Random: 100W/0L/0D | score=64.0±31.1 inv=2.5 played=21.2 lanes=4.8 ddraw=2.7 pts=64
  Self-play: 50W/49L/4D | score=23.5±30.2 inv=2.8 played=17.8 lanes=4.6 ddraw=1.0 pts=23
Step: 16384000 SPS: 593  ev=0.335  ent=0.487  grad=0.71/0.50  h=6.1 c=35.4  kl=0.0078  vl=0.2604
Step: 16388096 SPS: 593  ev=0.437  ent=0.481  grad=0.81/0.50  h=6.2 c=39.3  kl=0.0059  vl=0.2035
Step: 16392192 SPS: 593  ev=0.332  ent=0.473  grad=0.83/0.50  h=6.1 c=35.8  kl=0.0095  vl=0.2882
Step: 16396288 SPS: 593  ev=0.345  ent=0.495  grad=0.85/0.50  h=6.2 c=36.9  kl=0.0106  vl=0.2548
Step: 16400384 SPS: 593  ev=0.342  ent=0.487  grad=0.78/0.50  h=6.1 c=38.1  kl=0.0094  vl=0.2173
Step: 16404480 SPS: 593  ev=0.241  ent=0.475  grad=0.73/0.50  h=6.1 c=36.1  kl=0.0077  vl=0.2604
Step: 16408576 SPS: 593  ev=0.271  ent=0.467  grad=0.88/0.50  h=6.2 c=38.3  kl=0.0084  vl=0.2001
Step: 16412672 SPS: 593  ev=0.326  ent=0.456  grad=0.73/0.50  h=6.1 c=36.1  kl=0.0076  vl=0.2465
Step: 16416768 SPS: 593  ev=0.311  ent=0.468  grad=0.69/0.50  h=6.1 c=36.6  kl=0.0079  vl=0.2793
Step: 16420864 SPS: 593  ev=0.329  ent=0.489  grad=0.69/0.50  h=6.1 c=38.0  kl=0.0089  vl=0.2188
Step: 16424960 SPS: 593  ev=0.295  ent=0.457  grad=1.59/0.50  h=6.1 c=35.7  kl=0.0082  vl=0.2742
Step: 16429056 SPS: 593  ev=0.240  ent=0.472  grad=0.94/0.50  h=6.2 c=37.5  kl=0.0102  vl=0.3010
Step: 16433152 SPS: 593  ev=0.310  ent=0.472  grad=0.77/0.50  h=6.1 c=36.9  kl=0.0127  vl=0.2711
Step: 16437248 SPS: 593  ev=0.310  ent=0.478  grad=1.12/0.50  h=6.2 c=36.0  kl=0.0111  vl=0.2656
Step: 16441344 SPS: 593  ev=0.272  ent=0.492  grad=1.00/0.50  h=6.2 c=37.5  kl=0.0114  vl=0.2907
Step: 16445440 SPS: 593  ev=0.326  ent=0.445  grad=0.78/0.50  h=6.2 c=36.5  kl=0.0089  vl=0.2861
Step: 16449536 SPS: 593  ev=0.350  ent=0.489  grad=0.77/0.50  h=6.2 c=37.6  kl=0.0076  vl=0.2124
Step: 16453632 SPS: 593  ev=0.352  ent=0.453  grad=0.73/0.50  h=6.2 c=38.3  kl=0.0083  vl=0.2606
Step: 16457728 SPS: 593  ev=0.327  ent=0.485  grad=0.77/0.50  h=6.1 c=35.8  kl=0.0101  vl=0.2211
Step: 16461824 SPS: 593  ev=0.339  ent=0.499  grad=1.21/0.50  h=6.2 c=37.6  kl=0.0073  vl=0.2317
  vs Random: 100W/0L/0D | score=61.2±30.7 inv=2.8 played=21.4 lanes=4.8 ddraw=2.8 pts=61
  Self-play: 52W/49L/1D | score=16.6±26.5 inv=2.8 played=17.3 lanes=4.5 ddraw=1.0 pts=17
Step: 16465920 SPS: 593  ev=0.307  ent=0.479  grad=0.90/0.50  h=6.1 c=35.9  kl=0.0081  vl=0.2210
Step: 16470016 SPS: 593  ev=0.310  ent=0.480  grad=0.68/0.50  h=6.1 c=37.1  kl=0.0059  vl=0.2575
Step: 16474112 SPS: 593  ev=0.339  ent=0.460  grad=1.50/0.50  h=6.2 c=38.2  kl=0.0081  vl=0.2270
Step: 16478208 SPS: 593  ev=0.327  ent=0.456  grad=0.87/0.50  h=6.2 c=36.6  kl=0.0097  vl=0.2530
Step: 16482304 SPS: 593  ev=0.358  ent=0.477  grad=1.80/0.50  h=6.2 c=36.8  kl=0.0115  vl=0.2591
Step: 16486400 SPS: 593  ev=0.341  ent=0.462  grad=0.96/0.50  h=6.1 c=37.0  kl=0.0100  vl=0.2911
Step: 16490496 SPS: 593  ev=0.302  ent=0.492  grad=0.91/0.50  h=6.1 c=37.1  kl=0.0100  vl=0.2326
Step: 16494592 SPS: 593  ev=0.381  ent=0.461  grad=0.93/0.50  h=6.1 c=37.5  kl=0.0095  vl=0.2395
Step: 16498688 SPS: 593  ev=0.322  ent=0.474  grad=0.80/0.50  h=6.1 c=36.4  kl=0.0101  vl=0.2452
Step: 16502784 SPS: 593  ev=0.347  ent=0.478  grad=0.82/0.50  h=6.1 c=37.3  kl=0.0088  vl=0.2270
Step: 16506880 SPS: 593  ev=0.306  ent=0.467  grad=0.85/0.50  h=6.1 c=37.6  kl=0.0093  vl=0.2480
Step: 16510976 SPS: 593  ev=0.289  ent=0.493  grad=0.81/0.50  h=6.1 c=36.2  kl=0.0085  vl=0.2471
Step: 16515072 SPS: 593  ev=0.295  ent=0.456  grad=0.79/0.50  h=6.1 c=37.7  kl=0.0085  vl=0.2865
Step: 16519168 SPS: 593  ev=0.418  ent=0.479  grad=1.49/0.50  h=6.1 c=36.5  kl=0.0088  vl=0.2225
Step: 16523264 SPS: 593  ev=0.290  ent=0.474  grad=0.82/0.50  h=6.2 c=37.6  kl=0.0131  vl=0.3084
Step: 16527360 SPS: 593  ev=0.319  ent=0.482  grad=1.19/0.50  h=6.2 c=38.2  kl=0.0077  vl=0.2533
Step: 16531456 SPS: 593  ev=0.346  ent=0.443  grad=1.11/0.50  h=6.2 c=37.5  kl=0.0083  vl=0.2070
Step: 16535552 SPS: 593  ev=0.329  ent=0.449  grad=1.67/0.50  h=6.1 c=36.4  kl=0.0099  vl=0.2647
Step: 16539648 SPS: 593  ev=0.260  ent=0.483  grad=0.77/0.50  h=6.0 c=35.6  kl=0.0071  vl=0.2541
Step: 16543744 SPS: 593  ev=0.296  ent=0.481  grad=0.70/0.50  h=6.2 c=38.0  kl=0.0112  vl=0.2964
  vs Random: 100W/0L/0D | score=64.5±30.1 inv=2.8 played=21.3 lanes=4.8 ddraw=3.2 pts=64
  Self-play: 46W/53L/1D | score=18.1±25.0 inv=2.5 played=17.5 lanes=4.6 ddraw=1.0 pts=18
Step: 16547840 SPS: 593  ev=0.334  ent=0.439  grad=0.74/0.50  h=6.2 c=38.0  kl=0.0063  vl=0.2516
Step: 16551936 SPS: 593  ev=0.403  ent=0.475  grad=0.83/0.50  h=6.1 c=36.7  kl=0.0084  vl=0.2695
Step: 16556032 SPS: 593  ev=0.294  ent=0.445  grad=0.87/0.50  h=6.2 c=37.9  kl=0.0083  vl=0.2589
Step: 16560128 SPS: 593  ev=0.261  ent=0.440  grad=0.75/0.50  h=6.1 c=36.9  kl=0.0076  vl=0.2800
Step: 16564224 SPS: 593  ev=0.289  ent=0.504  grad=0.86/0.50  h=6.2 c=38.3  kl=0.0066  vl=0.2396
Step: 16568320 SPS: 593  ev=0.388  ent=0.456  grad=1.09/0.50  h=6.1 c=37.3  kl=0.0064  vl=0.2405
Step: 16572416 SPS: 593  ev=0.328  ent=0.464  grad=0.77/0.50  h=6.1 c=36.2  kl=0.0088  vl=0.2281
Step: 16576512 SPS: 593  ev=0.375  ent=0.482  grad=1.17/0.50  h=6.2 c=38.2  kl=0.0071  vl=0.1968
Step: 16580608 SPS: 593  ev=0.295  ent=0.447  grad=0.71/0.50  h=6.1 c=37.9  kl=0.0097  vl=0.2560
Step: 16584704 SPS: 593  ev=0.369  ent=0.462  grad=0.77/0.50  h=6.2 c=36.8  kl=0.0121  vl=0.2691
Step: 16588800 SPS: 593  ev=0.395  ent=0.486  grad=1.82/0.50  h=6.1 c=37.2  kl=0.0079  vl=0.1914
Step: 16592896 SPS: 593  ev=0.290  ent=0.499  grad=0.65/0.50  h=6.2 c=38.7  kl=0.0083  vl=0.2636
Step: 16596992 SPS: 593  ev=0.303  ent=0.487  grad=0.89/0.50  h=6.1 c=37.0  kl=0.0089  vl=0.2397
Step: 16601088 SPS: 593  ev=0.378  ent=0.471  grad=0.82/0.50  h=6.2 c=36.9  kl=0.0088  vl=0.2181
Step: 16605184 SPS: 593  ev=0.350  ent=0.462  grad=1.03/0.50  h=6.1 c=36.9  kl=0.0108  vl=0.2187
Step: 16609280 SPS: 593  ev=0.262  ent=0.495  grad=0.78/0.50  h=6.1 c=37.1  kl=0.0080  vl=0.2550
Step: 16613376 SPS: 593  ev=0.356  ent=0.479  grad=0.64/0.50  h=6.2 c=37.7  kl=0.0110  vl=0.2416
Step: 16617472 SPS: 593  ev=0.318  ent=0.458  grad=0.76/0.50  h=6.2 c=38.1  kl=0.0075  vl=0.2403
Step: 16621568 SPS: 593  ev=0.368  ent=0.422  grad=0.88/0.50  h=6.1 c=36.6  kl=0.0065  vl=0.1927
Step: 16625664 SPS: 593  ev=0.311  ent=0.498  grad=1.04/0.50  h=6.2 c=37.9  kl=0.0146  vl=0.3010
  vs Random: 100W/0L/0D | score=63.5±32.6 inv=2.9 played=21.6 lanes=4.8 ddraw=3.2 pts=63
  Self-play: 54W/47L/0D | score=19.8±31.0 inv=2.8 played=18.2 lanes=4.7 ddraw=0.9 pts=20
Step: 16629760 SPS: 593  ev=0.308  ent=0.457  grad=0.97/0.50  h=6.1 c=37.7  kl=0.0103  vl=0.2649
Step: 16633856 SPS: 593  ev=0.303  ent=0.452  grad=1.72/0.50  h=6.2 c=37.5  kl=0.0103  vl=0.2662
Step: 16637952 SPS: 593  ev=0.321  ent=0.475  grad=0.84/0.50  h=6.2 c=39.5  kl=0.0131  vl=0.2417
Step: 16642048 SPS: 593  ev=0.326  ent=0.448  grad=0.76/0.50  h=6.2 c=37.1  kl=0.0074  vl=0.2209
Step: 16646144 SPS: 593  ev=0.323  ent=0.452  grad=0.77/0.50  h=6.2 c=38.0  kl=0.0099  vl=0.2795
Step: 16650240 SPS: 593  ev=0.287  ent=0.437  grad=0.96/0.50  h=6.2 c=38.3  kl=0.0133  vl=0.2858
Step: 16654336 SPS: 593  ev=0.335  ent=0.463  grad=1.11/0.50  h=6.2 c=38.0  kl=0.0081  vl=0.2793
Step: 16658432 SPS: 593  ev=0.314  ent=0.431  grad=0.64/0.50  h=6.2 c=39.2  kl=0.0103  vl=0.2884
Step: 16662528 SPS: 593  ev=0.384  ent=0.433  grad=0.68/0.50  h=6.2 c=37.0  kl=0.0101  vl=0.2574
Step: 16666624 SPS: 593  ev=0.318  ent=0.467  grad=1.19/0.50  h=6.2 c=38.7  kl=0.0107  vl=0.2175
Step: 16670720 SPS: 593  ev=0.298  ent=0.460  grad=1.22/0.50  h=6.2 c=38.3  kl=0.0071  vl=0.3089
Step: 16674816 SPS: 593  ev=0.297  ent=0.460  grad=0.80/0.50  h=6.2 c=37.6  kl=0.0093  vl=0.2920
Step: 16678912 SPS: 593  ev=0.318  ent=0.468  grad=0.80/0.50  h=6.2 c=39.1  kl=0.0081  vl=0.2500
Step: 16683008 SPS: 593  ev=0.329  ent=0.472  grad=0.70/0.50  h=6.1 c=36.9  kl=0.0077  vl=0.2456
Step: 16687104 SPS: 593  ev=0.264  ent=0.469  grad=1.00/0.50  h=6.2 c=38.2  kl=0.0095  vl=0.3257
Step: 16691200 SPS: 593  ev=0.349  ent=0.494  grad=1.11/0.50  h=6.2 c=38.4  kl=0.0070  vl=0.2835
Step: 16695296 SPS: 593  ev=0.278  ent=0.462  grad=1.16/0.50  h=6.2 c=37.1  kl=0.0107  vl=0.2913
Step: 16699392 SPS: 593  ev=0.350  ent=0.467  grad=1.20/0.50  h=6.2 c=39.4  kl=0.0109  vl=0.2653
Step: 16703488 SPS: 593  ev=0.345  ent=0.449  grad=1.28/0.50  h=6.2 c=37.9  kl=0.0089  vl=0.2344
Step: 16707584 SPS: 593  ev=0.290  ent=0.446  grad=0.70/0.50  h=6.2 c=37.4  kl=0.0079  vl=0.2655
  vs Random: 102W/0L/0D | score=60.6±31.7 inv=2.9 played=21.4 lanes=4.8 ddraw=3.4 pts=61
  Self-play: 51W/48L/1D | score=16.2±25.5 inv=2.7 played=17.8 lanes=4.7 ddraw=0.8 pts=16
Step: 16711680 SPS: 593  ev=0.301  ent=0.496  grad=0.65/0.50  h=6.1 c=37.9  kl=0.0118  vl=0.2292
Step: 16715776 SPS: 593  ev=0.281  ent=0.465  grad=1.06/0.50  h=6.2 c=37.6  kl=0.0070  vl=0.2564
Step: 16719872 SPS: 593  ev=0.356  ent=0.451  grad=0.69/0.50  h=6.3 c=39.2  kl=0.0108  vl=0.2353
Step: 16723968 SPS: 593  ev=0.354  ent=0.458  grad=1.15/0.50  h=6.2 c=37.6  kl=0.0077  vl=0.2623
Step: 16728064 SPS: 593  ev=0.268  ent=0.453  grad=0.66/0.50  h=6.1 c=37.3  kl=0.0090  vl=0.3024
Step: 16732160 SPS: 593  ev=0.306  ent=0.494  grad=1.12/0.50  h=6.2 c=40.0  kl=0.0055  vl=0.2271
Step: 16736256 SPS: 593  ev=0.370  ent=0.462  grad=0.87/0.50  h=6.3 c=38.0  kl=0.0106  vl=0.2312
Step: 16740352 SPS: 593  ev=0.346  ent=0.460  grad=0.94/0.50  h=6.3 c=39.6  kl=0.0084  vl=0.2548
Step: 16744448 SPS: 593  ev=0.312  ent=0.467  grad=0.79/0.50  h=6.2 c=37.2  kl=0.0097  vl=0.2371
Step: 16748544 SPS: 593  ev=0.305  ent=0.475  grad=1.29/0.50  h=6.3 c=38.7  kl=0.0076  vl=0.2421
Step: 16752640 SPS: 593  ev=0.351  ent=0.474  grad=1.27/0.50  h=6.3 c=39.3  kl=0.0095  vl=0.2466
Step: 16756736 SPS: 593  ev=0.337  ent=0.454  grad=0.90/0.50  h=6.2 c=37.1  kl=0.0085  vl=0.2675
Step: 16760832 SPS: 593  ev=0.356  ent=0.462  grad=1.34/0.50  h=6.2 c=38.5  kl=0.0129  vl=0.2704
Step: 16764928 SPS: 593  ev=0.335  ent=0.456  grad=0.82/0.50  h=6.2 c=37.0  kl=0.0076  vl=0.2221
Step: 16769024 SPS: 593  ev=0.207  ent=0.453  grad=0.88/0.50  h=6.2 c=38.5  kl=0.0099  vl=0.3032
Step: 16773120 SPS: 593  ev=0.376  ent=0.441  grad=1.31/0.50  h=6.2 c=38.6  kl=0.0113  vl=0.2224
Step: 16777216 SPS: 593  ev=0.287  ent=0.456  grad=0.90/0.50  h=6.2 c=37.0  kl=0.0104  vl=0.2838
Step: 16781312 SPS: 593  ev=0.303  ent=0.441  grad=0.79/0.50  h=6.3 c=39.7  kl=0.0074  vl=0.2590
Step: 16785408 SPS: 593  ev=0.340  ent=0.474  grad=0.84/0.50  h=6.2 c=38.3  kl=0.0090  vl=0.2375
Step: 16789504 SPS: 593  ev=0.272  ent=0.465  grad=0.84/0.50  h=6.3 c=39.1  kl=0.0102  vl=0.2452
  vs Random: 100W/0L/0D | score=66.5±34.6 inv=2.9 played=21.3 lanes=4.7 ddraw=3.4 pts=67
  Self-play: 46W/62L/0D | score=18.6±27.5 inv=2.7 played=17.6 lanes=4.6 ddraw=0.9 pts=19
Step: 16793600 SPS: 593  ev=0.291  ent=0.443  grad=0.82/0.50  h=6.3 c=38.6  kl=0.0076  vl=0.2749
Step: 16797696 SPS: 593  ev=0.325  ent=0.454  grad=1.18/0.50  h=6.2 c=36.2  kl=0.0070  vl=0.2430
Step: 16801792 SPS: 593  ev=0.351  ent=0.453  grad=0.70/0.50  h=6.3 c=40.3  kl=0.0097  vl=0.2086
Step: 16805888 SPS: 593  ev=0.281  ent=0.453  grad=0.84/0.50  h=6.2 c=37.3  kl=0.0145  vl=0.2691
Step: 16809984 SPS: 593  ev=0.291  ent=0.466  grad=0.67/0.50  h=6.2 c=36.8  kl=0.0075  vl=0.2842
Step: 16814080 SPS: 593  ev=0.345  ent=0.481  grad=0.72/0.50  h=6.2 c=38.5  kl=0.0083  vl=0.2863
Step: 16818176 SPS: 593  ev=0.240  ent=0.452  grad=1.91/0.50  h=6.1 c=36.5  kl=0.0092  vl=0.2797
Step: 16822272 SPS: 593  ev=0.228  ent=0.456  grad=0.90/0.50  h=6.2 c=39.1  kl=0.0082  vl=0.3006
Step: 16826368 SPS: 593  ev=0.338  ent=0.464  grad=0.72/0.50  h=6.2 c=38.0  kl=0.0095  vl=0.2439
Step: 16830464 SPS: 593  ev=0.320  ent=0.459  grad=0.82/0.50  h=6.2 c=37.5  kl=0.0098  vl=0.2481
Step: 16834560 SPS: 593  ev=0.313  ent=0.458  grad=0.78/0.50  h=6.2 c=38.6  kl=0.0073  vl=0.2654
Step: 16838656 SPS: 593  ev=0.316  ent=0.467  grad=1.38/0.50  h=6.2 c=36.5  kl=0.0110  vl=0.2701
Step: 16842752 SPS: 593  ev=0.315  ent=0.489  grad=1.30/0.50  h=6.3 c=37.9  kl=0.0105  vl=0.2903
Step: 16846848 SPS: 593  ev=0.387  ent=0.476  grad=1.07/0.50  h=6.2 c=38.0  kl=0.0115  vl=0.2080
Step: 16850944 SPS: 593  ev=0.294  ent=0.431  grad=0.71/0.50  h=6.3 c=38.3  kl=0.0095  vl=0.2773
Step: 16855040 SPS: 593  ev=0.334  ent=0.467  grad=0.85/0.50  h=6.2 c=36.8  kl=0.0133  vl=0.2763
Step: 16859136 SPS: 593  ev=0.354  ent=0.463  grad=0.97/0.50  h=6.3 c=39.3  kl=0.0084  vl=0.2033
Step: 16863232 SPS: 593  ev=0.349  ent=0.459  grad=1.65/0.50  h=6.2 c=37.6  kl=0.0103  vl=0.2413
Step: 16867328 SPS: 593  ev=0.338  ent=0.461  grad=1.11/0.50  h=6.3 c=37.5  kl=0.0078  vl=0.2669
Step: 16871424 SPS: 593  ev=0.340  ent=0.455  grad=1.00/0.50  h=6.3 c=38.1  kl=0.0095  vl=0.2899
  vs Random: 101W/0L/0D | score=67.0±35.1 inv=2.7 played=21.5 lanes=4.8 ddraw=3.1 pts=67
  Self-play: 48W/51L/1D | score=18.6±31.8 inv=2.9 played=17.7 lanes=4.6 ddraw=1.1 pts=19
Step: 16875520 SPS: 593  ev=0.218  ent=0.452  grad=1.75/0.50  h=6.2 c=37.0  kl=0.0084  vl=0.2605
Step: 16879616 SPS: 593  ev=0.351  ent=0.465  grad=0.90/0.50  h=6.2 c=40.1  kl=0.0110  vl=0.2205
Step: 16883712 SPS: 593  ev=0.259  ent=0.466  grad=0.71/0.50  h=6.2 c=38.2  kl=0.0094  vl=0.2507
Step: 16887808 SPS: 593  ev=0.362  ent=0.453  grad=0.98/0.50  h=6.2 c=37.6  kl=0.0088  vl=0.2339
Step: 16891904 SPS: 593  ev=0.365  ent=0.474  grad=1.12/0.50  h=6.2 c=38.1  kl=0.0094  vl=0.2170
Step: 16896000 SPS: 593  ev=0.287  ent=0.453  grad=0.84/0.50  h=6.1 c=37.4  kl=0.0086  vl=0.2929
Step: 16900096 SPS: 593  ev=0.301  ent=0.485  grad=1.13/0.50  h=6.2 c=39.3  kl=0.0102  vl=0.2734
Step: 16904192 SPS: 593  ev=0.271  ent=0.490  grad=1.34/0.50  h=6.2 c=39.0  kl=0.0122  vl=0.2416
Step: 16908288 SPS: 593  ev=0.375  ent=0.439  grad=0.79/0.50  h=6.2 c=37.3  kl=0.0092  vl=0.2236
Step: 16912384 SPS: 593  ev=0.269  ent=0.467  grad=1.29/0.50  h=6.2 c=38.5  kl=0.0095  vl=0.2657
Step: 16916480 SPS: 593  ev=0.267  ent=0.459  grad=1.13/0.50  h=6.2 c=37.3  kl=0.0101  vl=0.2785
Step: 16920576 SPS: 593  ev=0.286  ent=0.460  grad=1.42/0.50  h=6.3 c=39.3  kl=0.0118  vl=0.2960
Step: 16924672 SPS: 593  ev=0.308  ent=0.450  grad=0.71/0.50  h=6.3 c=38.7  kl=0.0072  vl=0.2496
Step: 16928768 SPS: 593  ev=0.353  ent=0.483  grad=0.80/0.50  h=6.2 c=37.2  kl=0.0108  vl=0.2596
Step: 16932864 SPS: 593  ev=0.243  ent=0.443  grad=0.94/0.50  h=6.2 c=38.3  kl=0.0095  vl=0.2964
Step: 16936960 SPS: 593  ev=0.365  ent=0.447  grad=1.04/0.50  h=6.2 c=39.2  kl=0.0115  vl=0.2269
Step: 16941056 SPS: 593  ev=0.327  ent=0.485  grad=1.17/0.50  h=6.2 c=38.3  kl=0.0121  vl=0.2415
Step: 16945152 SPS: 593  ev=0.376  ent=0.469  grad=0.78/0.50  h=6.2 c=38.6  kl=0.0108  vl=0.2141
Step: 16949248 SPS: 593  ev=0.286  ent=0.472  grad=0.84/0.50  h=6.1 c=36.6  kl=0.0107  vl=0.3159
Step: 16953344 SPS: 593  ev=0.369  ent=0.483  grad=1.17/0.50  h=6.2 c=37.9  kl=0.0105  vl=0.2427
  vs Random: 102W/0L/0D | score=63.1±34.9 inv=2.5 played=21.0 lanes=4.8 ddraw=2.6 pts=63
  Self-play: 52W/51L/0D | score=20.8±29.4 inv=2.6 played=17.8 lanes=4.6 ddraw=1.0 pts=21
Step: 16957440 SPS: 593  ev=0.342  ent=0.462  grad=0.72/0.50  h=6.2 c=38.7  kl=0.0110  vl=0.2084
Step: 16961536 SPS: 593  ev=0.281  ent=0.459  grad=1.56/0.50  h=6.2 c=37.8  kl=0.0122  vl=0.2640
Step: 16965632 SPS: 593  ev=0.349  ent=0.486  grad=0.79/0.50  h=6.2 c=38.3  kl=0.0107  vl=0.2334
Step: 16969728 SPS: 593  ev=0.298  ent=0.458  grad=0.76/0.50  h=6.2 c=36.3  kl=0.0084  vl=0.2920
Step: 16973824 SPS: 593  ev=0.255  ent=0.484  grad=0.69/0.50  h=6.2 c=37.7  kl=0.0090  vl=0.2584
Step: 16977920 SPS: 593  ev=0.342  ent=0.474  grad=0.86/0.50  h=6.3 c=37.8  kl=0.0099  vl=0.2453
Step: 16982016 SPS: 593  ev=0.335  ent=0.461  grad=1.13/0.50  h=6.2 c=37.2  kl=0.0093  vl=0.2252
Step: 16986112 SPS: 593  ev=0.367  ent=0.463  grad=0.83/0.50  h=6.2 c=37.4  kl=0.0086  vl=0.2205
Step: 16990208 SPS: 593  ev=0.353  ent=0.436  grad=0.79/0.50  h=6.2 c=36.9  kl=0.0085  vl=0.2487
Step: 16994304 SPS: 593  ev=0.282  ent=0.480  grad=0.83/0.50  h=6.3 c=38.8  kl=0.0079  vl=0.3050
Step: 16998400 SPS: 593  ev=0.373  ent=0.490  grad=1.40/0.50  h=6.3 c=39.0  kl=0.0101  vl=0.2780
Step: 17002496 SPS: 593  ev=0.302  ent=0.467  grad=0.81/0.50  h=6.2 c=36.6  kl=0.0100  vl=0.2551
Step: 17006592 SPS: 593  ev=0.270  ent=0.462  grad=0.71/0.50  h=6.2 c=38.6  kl=0.0082  vl=0.2425
Step: 17010688 SPS: 593  ev=0.327  ent=0.484  grad=1.05/0.50  h=6.1 c=36.3  kl=0.0103  vl=0.2605
Step: 17014784 SPS: 593  ev=0.278  ent=0.478  grad=1.02/0.50  h=6.2 c=37.4  kl=0.0121  vl=0.2683
Step: 17018880 SPS: 593  ev=0.354  ent=0.471  grad=1.43/0.50  h=6.3 c=38.8  kl=0.0094  vl=0.2032
Step: 17022976 SPS: 593  ev=0.333  ent=0.468  grad=1.29/0.50  h=6.1 c=35.8  kl=0.0110  vl=0.2702
Step: 17027072 SPS: 594  ev=0.355  ent=0.451  grad=0.61/0.50  h=6.2 c=37.8  kl=0.0137  vl=0.2352
Step: 17031168 SPS: 594  ev=0.348  ent=0.477  grad=0.92/0.50  h=6.2 c=39.0  kl=0.0125  vl=0.2592
Step: 17035264 SPS: 594  ev=0.286  ent=0.463  grad=1.01/0.50  h=6.2 c=37.3  kl=0.0094  vl=0.2398
  vs Random: 100W/0L/0D | score=71.4±34.3 inv=3.0 played=21.3 lanes=4.8 ddraw=3.5 pts=71
  Self-play: 52W/49L/1D | score=23.3±28.7 inv=3.2 played=18.0 lanes=4.5 ddraw=1.4 pts=23
Step: 17039360 SPS: 593  ev=0.280  ent=0.439  grad=0.77/0.50  h=6.2 c=38.1  kl=0.0098  vl=0.2687
Step: 17043456 SPS: 593  ev=0.312  ent=0.465  grad=1.32/0.50  h=6.3 c=38.3  kl=0.0088  vl=0.2756
Step: 17047552 SPS: 593  ev=0.335  ent=0.460  grad=1.00/0.50  h=6.2 c=38.0  kl=0.0090  vl=0.2749
Step: 17051648 SPS: 593  ev=0.299  ent=0.477  grad=0.70/0.50  h=6.2 c=37.4  kl=0.0094  vl=0.2241
Step: 17055744 SPS: 593  ev=0.325  ent=0.469  grad=0.80/0.50  h=6.2 c=37.8  kl=0.0074  vl=0.2470
Step: 17059840 SPS: 593  ev=0.329  ent=0.455  grad=0.91/0.50  h=6.2 c=38.3  kl=0.0091  vl=0.2332
Step: 17063936 SPS: 593  ev=0.266  ent=0.455  grad=1.09/0.50  h=6.2 c=37.8  kl=0.0105  vl=0.3114
Step: 17068032 SPS: 593  ev=0.285  ent=0.466  grad=0.93/0.50  h=6.2 c=38.4  kl=0.0128  vl=0.2502
Step: 17072128 SPS: 593  ev=0.334  ent=0.461  grad=1.12/0.50  h=6.2 c=38.7  kl=0.0074  vl=0.2024
Step: 17076224 SPS: 593  ev=0.275  ent=0.454  grad=1.21/0.50  h=6.2 c=37.5  kl=0.0089  vl=0.2914
Step: 17080320 SPS: 593  ev=0.284  ent=0.467  grad=0.95/0.50  h=6.2 c=38.6  kl=0.0120  vl=0.2786
Step: 17084416 SPS: 593  ev=0.297  ent=0.439  grad=1.43/0.50  h=6.2 c=37.7  kl=0.0136  vl=0.2614
Step: 17088512 SPS: 593  ev=0.268  ent=0.475  grad=0.96/0.50  h=6.1 c=37.1  kl=0.0088  vl=0.2608
Step: 17092608 SPS: 593  ev=0.407  ent=0.460  grad=0.67/0.50  h=6.3 c=39.9  kl=0.0112  vl=0.2121
Step: 17096704 SPS: 593  ev=0.335  ent=0.475  grad=0.82/0.50  h=6.2 c=38.8  kl=0.0101  vl=0.2377
Step: 17100800 SPS: 594  ev=0.304  ent=0.444  grad=1.28/0.50  h=6.2 c=39.2  kl=0.0077  vl=0.2350
Step: 17104896 SPS: 594  ev=0.314  ent=0.465  grad=1.20/0.50  h=6.2 c=38.8  kl=0.0104  vl=0.3003
Step: 17108992 SPS: 594  ev=0.326  ent=0.449  grad=1.00/0.50  h=6.2 c=38.9  kl=0.0102  vl=0.2624
Step: 17113088 SPS: 594  ev=0.230  ent=0.452  grad=0.83/0.50  h=6.2 c=40.3  kl=0.0100  vl=0.3111
Step: 17117184 SPS: 594  ev=0.328  ent=0.470  grad=1.63/0.50  h=6.2 c=38.0  kl=0.0106  vl=0.2504
  vs Random: 101W/0L/0D | score=70.9±30.1 inv=2.9 played=21.7 lanes=4.9 ddraw=3.4 pts=71
  Self-play: 49W/52L/1D | score=19.9±29.1 inv=2.8 played=17.9 lanes=4.6 ddraw=0.9 pts=20
Step: 17121280 SPS: 593  ev=0.345  ent=0.474  grad=0.91/0.50  h=6.2 c=38.7  kl=0.0138  vl=0.2572
Step: 17125376 SPS: 593  ev=0.272  ent=0.471  grad=1.55/0.50  h=6.1 c=37.8  kl=0.0067  vl=0.2527
Step: 17129472 SPS: 593  ev=0.341  ent=0.463  grad=0.86/0.50  h=6.2 c=38.0  kl=0.0120  vl=0.2730
Step: 17133568 SPS: 593  ev=0.375  ent=0.450  grad=0.86/0.50  h=6.2 c=39.5  kl=0.0101  vl=0.2217
Step: 17137664 SPS: 593  ev=0.314  ent=0.467  grad=1.44/0.50  h=6.2 c=38.6  kl=0.0117  vl=0.3330
Step: 17141760 SPS: 593  ev=0.357  ent=0.472  grad=1.49/0.50  h=6.2 c=39.7  kl=0.0106  vl=0.2167
Step: 17145856 SPS: 593  ev=0.281  ent=0.433  grad=1.01/0.50  h=6.2 c=38.2  kl=0.0109  vl=0.2806
Step: 17149952 SPS: 593  ev=0.258  ent=0.481  grad=1.45/0.50  h=6.2 c=37.3  kl=0.0091  vl=0.2507
Step: 17154048 SPS: 593  ev=0.362  ent=0.449  grad=0.96/0.50  h=6.2 c=39.4  kl=0.0106  vl=0.2894
Step: 17158144 SPS: 593  ev=0.367  ent=0.450  grad=0.82/0.50  h=6.1 c=37.8  kl=0.0121  vl=0.2322
Step: 17162240 SPS: 593  ev=0.396  ent=0.476  grad=0.70/0.50  h=6.2 c=38.0  kl=0.0089  vl=0.2241
Step: 17166336 SPS: 593  ev=0.346  ent=0.455  grad=0.91/0.50  h=6.1 c=37.6  kl=0.0104  vl=0.2302
Step: 17170432 SPS: 593  ev=0.373  ent=0.440  grad=0.86/0.50  h=6.1 c=35.8  kl=0.0101  vl=0.2494
Step: 17174528 SPS: 593  ev=0.334  ent=0.419  grad=0.97/0.50  h=6.2 c=38.9  kl=0.0091  vl=0.2597
Step: 17178624 SPS: 593  ev=0.328  ent=0.463  grad=1.05/0.50  h=6.2 c=38.7  kl=0.0096  vl=0.2667
Step: 17182720 SPS: 593  ev=0.314  ent=0.456  grad=0.84/0.50  h=6.2 c=38.1  kl=0.0103  vl=0.2249
Step: 17186816 SPS: 594  ev=0.366  ent=0.438  grad=0.83/0.50  h=6.2 c=37.7  kl=0.0089  vl=0.2749
Step: 17190912 SPS: 594  ev=0.303  ent=0.464  grad=1.02/0.50  h=6.2 c=36.9  kl=0.0086  vl=0.2520
Step: 17195008 SPS: 594  ev=0.320  ent=0.444  grad=1.08/0.50  h=6.2 c=38.5  kl=0.0133  vl=0.2777
Step: 17199104 SPS: 594  ev=0.276  ent=0.439  grad=0.97/0.50  h=6.1 c=36.3  kl=0.0094  vl=0.2530
  vs Random: 100W/0L/0D | score=60.5±34.1 inv=2.6 played=21.3 lanes=4.8 ddraw=3.0 pts=60
  Self-play: 45W/61L/1D | score=14.3±30.3 inv=2.6 played=17.8 lanes=4.7 ddraw=0.8 pts=14
Step: 17203200 SPS: 593  ev=0.315  ent=0.478  grad=0.90/0.50  h=6.1 c=38.6  kl=0.0095  vl=0.2607
Step: 17207296 SPS: 593  ev=0.343  ent=0.465  grad=0.79/0.50  h=6.1 c=37.4  kl=0.0079  vl=0.2188
Step: 17211392 SPS: 593  ev=0.353  ent=0.458  grad=1.01/0.50  h=6.2 c=37.6  kl=0.0097  vl=0.2279
Step: 17215488 SPS: 593  ev=0.342  ent=0.463  grad=0.84/0.50  h=6.2 c=37.7  kl=0.0123  vl=0.1866
Step: 17219584 SPS: 593  ev=0.222  ent=0.444  grad=0.92/0.50  h=6.2 c=36.8  kl=0.0079  vl=0.3482
Step: 17223680 SPS: 593  ev=0.362  ent=0.462  grad=0.96/0.50  h=6.2 c=38.4  kl=0.0103  vl=0.1862
Step: 17227776 SPS: 593  ev=0.351  ent=0.441  grad=1.19/0.50  h=6.1 c=37.8  kl=0.0101  vl=0.2186
Step: 17231872 SPS: 593  ev=0.317  ent=0.433  grad=1.19/0.50  h=6.2 c=37.2  kl=0.0083  vl=0.2919
Step: 17235968 SPS: 593  ev=0.284  ent=0.456  grad=0.79/0.50  h=6.2 c=39.2  kl=0.0104  vl=0.2638
Step: 17240064 SPS: 593  ev=0.356  ent=0.472  grad=0.80/0.50  h=6.1 c=36.8  kl=0.0094  vl=0.2373
Step: 17244160 SPS: 593  ev=0.282  ent=0.463  grad=1.01/0.50  h=6.2 c=40.0  kl=0.0100  vl=0.2827
Step: 17248256 SPS: 593  ev=0.346  ent=0.467  grad=0.79/0.50  h=6.2 c=37.8  kl=0.0106  vl=0.2360
Step: 17252352 SPS: 593  ev=0.330  ent=0.469  grad=0.84/0.50  h=6.2 c=37.4  kl=0.0090  vl=0.2437
Step: 17256448 SPS: 593  ev=0.334  ent=0.446  grad=0.77/0.50  h=6.2 c=40.4  kl=0.0092  vl=0.2659
Step: 17260544 SPS: 593  ev=0.305  ent=0.467  grad=0.87/0.50  h=6.1 c=36.8  kl=0.0100  vl=0.2501
Step: 17264640 SPS: 594  ev=0.311  ent=0.488  grad=1.50/0.50  h=6.3 c=40.5  kl=0.0084  vl=0.2758
Step: 17268736 SPS: 594  ev=0.338  ent=0.480  grad=0.93/0.50  h=6.2 c=38.4  kl=0.0092  vl=0.2480
Step: 17272832 SPS: 594  ev=0.290  ent=0.454  grad=0.97/0.50  h=6.2 c=37.3  kl=0.0091  vl=0.2870
Step: 17276928 SPS: 594  ev=0.343  ent=0.456  grad=0.87/0.50  h=6.1 c=38.9  kl=0.0100  vl=0.2319
Step: 17281024 SPS: 594  ev=0.416  ent=0.465  grad=0.78/0.50  h=6.1 c=36.9  kl=0.0084  vl=0.2091
  vs Random: 103W/0L/0D | score=69.2±34.2 inv=2.8 played=21.6 lanes=4.8 ddraw=3.2 pts=69
  Self-play: 55W/43L/2D | score=24.9±27.8 inv=2.6 played=18.1 lanes=4.7 ddraw=0.8 pts=25
Step: 17285120 SPS: 593  ev=0.293  ent=0.468  grad=1.31/0.50  h=6.2 c=39.6  kl=0.0109  vl=0.2532
Step: 17289216 SPS: 593  ev=0.410  ent=0.475  grad=0.83/0.50  h=6.1 c=38.6  kl=0.0133  vl=0.2147
Step: 17293312 SPS: 593  ev=0.340  ent=0.453  grad=1.67/0.50  h=6.1 c=36.6  kl=0.0128  vl=0.2392
Step: 17297408 SPS: 593  ev=0.375  ent=0.475  grad=1.05/0.50  h=6.2 c=39.3  kl=0.0128  vl=0.2944
Step: 17301504 SPS: 593  ev=0.358  ent=0.483  grad=0.84/0.50  h=6.1 c=35.6  kl=0.0125  vl=0.2887
Step: 17305600 SPS: 593  ev=0.332  ent=0.471  grad=0.99/0.50  h=6.2 c=39.0  kl=0.0145  vl=0.2429
Step: 17309696 SPS: 593  ev=0.348  ent=0.473  grad=0.91/0.50  h=6.1 c=38.5  kl=0.0098  vl=0.2813
Step: 17313792 SPS: 593  ev=0.253  ent=0.451  grad=0.97/0.50  h=6.2 c=36.6  kl=0.0078  vl=0.2896
Step: 17317888 SPS: 593  ev=0.282  ent=0.464  grad=0.62/0.50  h=6.2 c=39.9  kl=0.0088  vl=0.2530
Step: 17321984 SPS: 593  ev=0.312  ent=0.461  grad=1.72/0.50  h=6.1 c=35.6  kl=0.0087  vl=0.2207
Step: 17326080 SPS: 593  ev=0.318  ent=0.445  grad=1.32/0.50  h=6.2 c=38.5  kl=0.0112  vl=0.2497
Step: 17330176 SPS: 593  ev=0.365  ent=0.497  grad=1.43/0.50  h=6.2 c=39.4  kl=0.0132  vl=0.2101
Step: 17334272 SPS: 593  ev=0.289  ent=0.482  grad=0.83/0.50  h=6.1 c=36.4  kl=0.0108  vl=0.2288
Step: 17338368 SPS: 593  ev=0.336  ent=0.506  grad=0.88/0.50  h=6.2 c=39.3  kl=0.0150  vl=0.2530
Step: 17342464 SPS: 593  ev=0.287  ent=0.458  grad=0.79/0.50  h=6.0 c=35.0  kl=0.0082  vl=0.2649
Step: 17346560 SPS: 593  ev=0.309  ent=0.467  grad=0.90/0.50  h=6.2 c=38.1  kl=0.0126  vl=0.2548
Step: 17350656 SPS: 594  ev=0.350  ent=0.489  grad=0.76/0.50  h=6.2 c=38.6  kl=0.0112  vl=0.3084
Step: 17354752 SPS: 594  ev=0.350  ent=0.470  grad=0.82/0.50  h=6.2 c=37.1  kl=0.0101  vl=0.2967
Step: 17358848 SPS: 594  ev=0.378  ent=0.446  grad=1.03/0.50  h=6.1 c=38.3  kl=0.0114  vl=0.2450
Step: 17362944 SPS: 594  ev=0.338  ent=0.458  grad=0.79/0.50  h=6.1 c=37.2  kl=0.0099  vl=0.2346
  vs Random: 100W/0L/0D | score=66.3±31.4 inv=2.6 played=21.6 lanes=4.9 ddraw=3.1 pts=66
  Self-play: 56W/42L/2D | score=19.1±22.1 inv=2.4 played=17.8 lanes=4.7 ddraw=0.8 pts=19
Step: 17367040 SPS: 593  ev=0.376  ent=0.448  grad=0.84/0.50  h=6.2 c=38.9  kl=0.0081  vl=0.2462
Step: 17371136 SPS: 593  ev=0.298  ent=0.445  grad=1.12/0.50  h=6.2 c=38.0  kl=0.0054  vl=0.2914
Step: 17375232 SPS: 593  ev=0.386  ent=0.458  grad=0.71/0.50  h=6.1 c=37.1  kl=0.0115  vl=0.2559
Step: 17379328 SPS: 593  ev=0.348  ent=0.479  grad=1.05/0.50  h=6.1 c=37.4  kl=0.0083  vl=0.2399
Step: 17383424 SPS: 593  ev=0.304  ent=0.469  grad=1.09/0.50  h=6.1 c=36.9  kl=0.0132  vl=0.2490
Step: 17387520 SPS: 593  ev=0.308  ent=0.448  grad=1.25/0.50  h=6.2 c=38.9  kl=0.0094  vl=0.2400
Step: 17391616 SPS: 593  ev=0.302  ent=0.471  grad=0.98/0.50  h=6.1 c=36.9  kl=0.0107  vl=0.2627
Step: 17395712 SPS: 593  ev=0.337  ent=0.491  grad=0.84/0.50  h=6.2 c=37.8  kl=0.0097  vl=0.2696
Step: 17399808 SPS: 593  ev=0.378  ent=0.450  grad=0.70/0.50  h=6.1 c=37.4  kl=0.0118  vl=0.2638
Step: 17403904 SPS: 593  ev=0.284  ent=0.507  grad=0.76/0.50  h=6.1 c=36.7  kl=0.0137  vl=0.2916
Step: 17408000 SPS: 593  ev=0.278  ent=0.411  grad=0.83/0.50  h=6.1 c=37.8  kl=0.0081  vl=0.3523
Step: 17412096 SPS: 593  ev=0.344  ent=0.439  grad=0.98/0.50  h=6.1 c=37.0  kl=0.0096  vl=0.2670
Step: 17416192 SPS: 593  ev=0.284  ent=0.436  grad=1.08/0.50  h=6.1 c=37.4  kl=0.0091  vl=0.2291
Step: 17420288 SPS: 593  ev=0.364  ent=0.475  grad=1.56/0.50  h=6.1 c=36.2  kl=0.0132  vl=0.1995
Step: 17424384 SPS: 594  ev=0.327  ent=0.444  grad=0.93/0.50  h=6.1 c=36.4  kl=0.0119  vl=0.2318
Step: 17428480 SPS: 594  ev=0.327  ent=0.445  grad=1.20/0.50  h=6.1 c=36.6  kl=0.0076  vl=0.2347
Step: 17432576 SPS: 594  ev=0.380  ent=0.478  grad=0.95/0.50  h=6.0 c=35.9  kl=0.0113  vl=0.2420
Step: 17436672 SPS: 594  ev=0.295  ent=0.430  grad=0.69/0.50  h=6.1 c=36.8  kl=0.0085  vl=0.2824
Step: 17440768 SPS: 594  ev=0.242  ent=0.452  grad=0.78/0.50  h=6.0 c=35.6  kl=0.0089  vl=0.3158
Step: 17444864 SPS: 594  ev=0.330  ent=0.463  grad=0.64/0.50  h=6.1 c=36.9  kl=0.0106  vl=0.2156
  vs Random: 100W/0L/0D | score=65.1±35.4 inv=2.6 played=21.2 lanes=4.8 ddraw=2.6 pts=65
  Self-play: 56W/47L/1D | score=16.9±26.4 inv=2.6 played=17.6 lanes=4.7 ddraw=0.6 pts=17
Step: 17448960 SPS: 593  ev=0.391  ent=0.452  grad=0.83/0.50  h=6.2 c=37.3  kl=0.0109  vl=0.2106
Step: 17453056 SPS: 593  ev=0.251  ent=0.465  grad=0.86/0.50  h=6.1 c=36.6  kl=0.0110  vl=0.2963
Step: 17457152 SPS: 593  ev=0.285  ent=0.468  grad=0.87/0.50  h=6.1 c=36.5  kl=0.0102  vl=0.2810
Step: 17461248 SPS: 593  ev=0.346  ent=0.431  grad=1.15/0.50  h=6.1 c=35.7  kl=0.0099  vl=0.2743
Step: 17465344 SPS: 593  ev=0.310  ent=0.475  grad=0.84/0.50  h=6.2 c=37.7  kl=0.0083  vl=0.2447
Step: 17469440 SPS: 593  ev=0.357  ent=0.436  grad=1.14/0.50  h=6.1 c=35.9  kl=0.0139  vl=0.2556
Step: 17473536 SPS: 593  ev=0.263  ent=0.481  grad=0.97/0.50  h=6.2 c=36.8  kl=0.0137  vl=0.2822
Step: 17477632 SPS: 593  ev=0.332  ent=0.435  grad=0.79/0.50  h=6.2 c=37.1  kl=0.0100  vl=0.2484
Step: 17481728 SPS: 593  ev=0.304  ent=0.440  grad=0.76/0.50  h=6.1 c=35.4  kl=0.0092  vl=0.2644
Step: 17485824 SPS: 593  ev=0.316  ent=0.461  grad=0.98/0.50  h=6.1 c=37.6  kl=0.0096  vl=0.2379
Step: 17489920 SPS: 594  ev=0.329  ent=0.475  grad=0.99/0.50  h=6.2 c=37.6  kl=0.0070  vl=0.2194
Step: 17494016 SPS: 594  ev=0.341  ent=0.468  grad=0.87/0.50  h=6.1 c=37.1  kl=0.0081  vl=0.2380
Step: 17498112 SPS: 594  ev=0.360  ent=0.462  grad=0.96/0.50  h=6.2 c=37.3  kl=0.0128  vl=0.2357
Step: 17502208 SPS: 594  ev=0.296  ent=0.457  grad=0.68/0.50  h=6.2 c=37.5  kl=0.0115  vl=0.2711
Step: 17506304 SPS: 594  ev=0.335  ent=0.453  grad=0.73/0.50  h=6.1 c=37.4  kl=0.0077  vl=0.2324
Step: 17510400 SPS: 594  ev=0.372  ent=0.449  grad=1.27/0.50  h=6.1 c=37.1  kl=0.0091  vl=0.2316
Step: 17514496 SPS: 594  ev=0.384  ent=0.485  grad=0.97/0.50  h=6.1 c=36.7  kl=0.0110  vl=0.2288
Step: 17518592 SPS: 594  ev=0.261  ent=0.447  grad=1.03/0.50  h=6.1 c=37.2  kl=0.0091  vl=0.3230
Step: 17522688 SPS: 594  ev=0.361  ent=0.475  grad=0.72/0.50  h=6.1 c=36.8  kl=0.0086  vl=0.2426
Step: 17526784 SPS: 594  ev=0.334  ent=0.454  grad=1.26/0.50  h=6.2 c=38.1  kl=0.0082  vl=0.2490
  vs Random: 101W/0L/0D | score=62.9±29.9 inv=2.6 played=21.3 lanes=4.9 ddraw=2.9 pts=63
  Self-play: 49W/50L/1D | score=19.5±26.3 inv=2.6 played=17.4 lanes=4.6 ddraw=0.8 pts=19
Step: 17530880 SPS: 593  ev=0.355  ent=0.446  grad=1.20/0.50  h=6.1 c=36.3  kl=0.0165  vl=0.2532
Step: 17534976 SPS: 593  ev=0.301  ent=0.495  grad=0.90/0.50  h=6.2 c=37.5  kl=0.0098  vl=0.2493
Step: 17539072 SPS: 593  ev=0.345  ent=0.433  grad=1.01/0.50  h=6.1 c=37.2  kl=0.0142  vl=0.2975
Step: 17543168 SPS: 593  ev=0.318  ent=0.450  grad=0.78/0.50  h=6.1 c=36.4  kl=0.0077  vl=0.2808
Step: 17547264 SPS: 593  ev=0.351  ent=0.453  grad=0.81/0.50  h=6.2 c=38.1  kl=0.0079  vl=0.2225
Step: 17551360 SPS: 593  ev=0.298  ent=0.475  grad=0.74/0.50  h=6.1 c=37.3  kl=0.0099  vl=0.2615
Step: 17555456 SPS: 593  ev=0.225  ent=0.446  grad=0.91/0.50  h=6.2 c=37.7  kl=0.0090  vl=0.3200
Step: 17559552 SPS: 593  ev=0.300  ent=0.460  grad=0.81/0.50  h=6.1 c=37.8  kl=0.0126  vl=0.2625
Step: 17563648 SPS: 594  ev=0.399  ent=0.474  grad=1.45/0.50  h=6.1 c=36.6  kl=0.0103  vl=0.1943
Step: 17567744 SPS: 594  ev=0.325  ent=0.490  grad=0.71/0.50  h=6.1 c=38.1  kl=0.0068  vl=0.2626
Step: 17571840 SPS: 594  ev=0.298  ent=0.470  grad=0.76/0.50  h=6.2 c=38.3  kl=0.0080  vl=0.2136
Step: 17575936 SPS: 594  ev=0.278  ent=0.466  grad=1.04/0.50  h=6.1 c=36.9  kl=0.0121  vl=0.3020
Step: 17580032 SPS: 594  ev=0.303  ent=0.450  grad=0.65/0.50  h=6.2 c=38.0  kl=0.0110  vl=0.2709
Step: 17584128 SPS: 594  ev=0.281  ent=0.466  grad=0.79/0.50  h=6.2 c=38.0  kl=0.0083  vl=0.2388
Step: 17588224 SPS: 594  ev=0.344  ent=0.456  grad=1.28/0.50  h=6.2 c=38.5  kl=0.0109  vl=0.2622
Step: 17592320 SPS: 594  ev=0.304  ent=0.445  grad=0.72/0.50  h=6.1 c=37.2  kl=0.0100  vl=0.2316
Step: 17596416 SPS: 594  ev=0.403  ent=0.457  grad=1.19/0.50  h=6.1 c=37.2  kl=0.0088  vl=0.2221
Step: 17600512 SPS: 594  ev=0.328  ent=0.444  grad=0.59/0.50  h=6.1 c=37.4  kl=0.0121  vl=0.2280
Step: 17604608 SPS: 594  ev=0.251  ent=0.446  grad=0.86/0.50  h=6.1 c=38.5  kl=0.0082  vl=0.2605
Step: 17608704 SPS: 594  ev=0.282  ent=0.463  grad=1.21/0.50  h=6.2 c=37.8  kl=0.0094  vl=0.2934
  vs Random: 100W/0L/0D | score=58.9±33.8 inv=2.6 played=21.2 lanes=4.9 ddraw=3.0 pts=59
  Self-play: 60W/44L/1D | score=23.7±25.0 inv=2.8 played=17.9 lanes=4.6 ddraw=0.9 pts=24
Step: 17612800 SPS: 593  ev=0.365  ent=0.478  grad=1.42/0.50  h=6.1 c=38.7  kl=0.0083  vl=0.2297
Step: 17616896 SPS: 593  ev=0.340  ent=0.441  grad=0.84/0.50  h=6.2 c=37.6  kl=0.0130  vl=0.2659
Step: 17620992 SPS: 593  ev=0.353  ent=0.453  grad=0.97/0.50  h=6.1 c=37.8  kl=0.0085  vl=0.2551
Step: 17625088 SPS: 593  ev=0.340  ent=0.458  grad=1.21/0.50  h=6.2 c=38.5  kl=0.0116  vl=0.2690
Step: 17629184 SPS: 593  ev=0.364  ent=0.467  grad=1.10/0.50  h=6.1 c=37.9  kl=0.0072  vl=0.2465
Step: 17633280 SPS: 593  ev=0.333  ent=0.479  grad=0.72/0.50  h=6.2 c=39.0  kl=0.0100  vl=0.3016
Step: 17637376 SPS: 593  ev=0.342  ent=0.459  grad=1.67/0.50  h=6.1 c=37.2  kl=0.0105  vl=0.2812
Step: 17641472 SPS: 594  ev=0.278  ent=0.449  grad=1.18/0.50  h=6.1 c=37.6  kl=0.0118  vl=0.2627
Step: 17645568 SPS: 594  ev=0.367  ent=0.449  grad=0.94/0.50  h=6.1 c=37.6  kl=0.0097  vl=0.2216
Step: 17649664 SPS: 594  ev=0.389  ent=0.466  grad=0.74/0.50  h=6.1 c=37.3  kl=0.0070  vl=0.2081
Step: 17653760 SPS: 594  ev=0.281  ent=0.469  grad=1.54/0.50  h=6.2 c=38.1  kl=0.0115  vl=0.3099
Step: 17657856 SPS: 594  ev=0.281  ent=0.457  grad=1.11/0.50  h=6.1 c=36.7  kl=0.0094  vl=0.2798
Step: 17661952 SPS: 594  ev=0.283  ent=0.476  grad=0.84/0.50  h=6.2 c=37.6  kl=0.0076  vl=0.2421
Step: 17666048 SPS: 594  ev=0.334  ent=0.459  grad=0.85/0.50  h=6.2 c=39.4  kl=0.0104  vl=0.2774
Step: 17670144 SPS: 594  ev=0.334  ent=0.485  grad=0.99/0.50  h=6.1 c=37.3  kl=0.0075  vl=0.2230
Step: 17674240 SPS: 594  ev=0.337  ent=0.487  grad=0.68/0.50  h=6.1 c=37.9  kl=0.0118  vl=0.2635
Step: 17678336 SPS: 594  ev=0.297  ent=0.445  grad=0.95/0.50  h=6.0 c=35.7  kl=0.0117  vl=0.3196
Step: 17682432 SPS: 594  ev=0.274  ent=0.437  grad=0.72/0.50  h=6.1 c=37.1  kl=0.0096  vl=0.2616
Step: 17686528 SPS: 594  ev=0.318  ent=0.469  grad=0.91/0.50  h=6.2 c=38.0  kl=0.0117  vl=0.2449
Step: 17690624 SPS: 594  ev=0.337  ent=0.454  grad=1.50/0.50  h=6.1 c=36.8  kl=0.0104  vl=0.2781
  vs Random: 101W/0L/0D | score=67.5±31.5 inv=2.8 played=21.9 lanes=4.9 ddraw=2.5 pts=68
  Self-play: 40W/62L/1D | score=15.3±25.7 inv=2.8 played=17.6 lanes=4.6 ddraw=0.7 pts=15
Step: 17694720 SPS: 593  ev=0.304  ent=0.453  grad=1.02/0.50  h=6.1 c=36.7  kl=0.0094  vl=0.2279
Step: 17698816 SPS: 593  ev=0.251  ent=0.440  grad=1.00/0.50  h=6.2 c=37.5  kl=0.0102  vl=0.3180
Step: 17702912 SPS: 593  ev=0.305  ent=0.450  grad=0.70/0.50  h=6.1 c=35.6  kl=0.0131  vl=0.2703
Step: 17707008 SPS: 593  ev=0.393  ent=0.447  grad=0.80/0.50  h=6.2 c=38.0  kl=0.0103  vl=0.2353
Step: 17711104 SPS: 593  ev=0.393  ent=0.463  grad=0.68/0.50  h=6.1 c=36.3  kl=0.0109  vl=0.2337
Step: 17715200 SPS: 593  ev=0.340  ent=0.483  grad=1.13/0.50  h=6.1 c=35.3  kl=0.0091  vl=0.2777
Step: 17719296 SPS: 593  ev=0.309  ent=0.445  grad=1.31/0.50  h=6.2 c=38.2  kl=0.0080  vl=0.2972
Step: 17723392 SPS: 594  ev=0.327  ent=0.456  grad=0.97/0.50  h=6.1 c=36.0  kl=0.0095  vl=0.2729
Step: 17727488 SPS: 594  ev=0.348  ent=0.467  grad=1.26/0.50  h=6.2 c=38.5  kl=0.0108  vl=0.2838
Step: 17731584 SPS: 594  ev=0.340  ent=0.458  grad=0.95/0.50  h=6.2 c=38.1  kl=0.0094  vl=0.3228
Step: 17735680 SPS: 594  ev=0.326  ent=0.448  grad=1.14/0.50  h=6.1 c=36.2  kl=0.0085  vl=0.2275
Step: 17739776 SPS: 594  ev=0.333  ent=0.459  grad=0.99/0.50  h=6.1 c=36.3  kl=0.0093  vl=0.2316
Step: 17743872 SPS: 594  ev=0.366  ent=0.462  grad=1.05/0.50  h=6.1 c=35.9  kl=0.0087  vl=0.2392
Step: 17747968 SPS: 594  ev=0.320  ent=0.429  grad=0.68/0.50  h=6.1 c=36.3  kl=0.0067  vl=0.2620
Step: 17752064 SPS: 594  ev=0.297  ent=0.469  grad=1.48/0.50  h=6.2 c=37.7  kl=0.0133  vl=0.2649
Step: 17756160 SPS: 594  ev=0.300  ent=0.457  grad=0.75/0.50  h=6.2 c=37.7  kl=0.0108  vl=0.2672
Step: 17760256 SPS: 594  ev=0.348  ent=0.426  grad=1.27/0.50  h=6.1 c=36.3  kl=0.0103  vl=0.2513
Step: 17764352 SPS: 594  ev=0.282  ent=0.449  grad=0.90/0.50  h=6.2 c=38.4  kl=0.0070  vl=0.2632
Step: 17768448 SPS: 594  ev=0.342  ent=0.462  grad=0.73/0.50  h=6.2 c=37.9  kl=0.0083  vl=0.2700
Step: 17772544 SPS: 594  ev=0.308  ent=0.456  grad=0.80/0.50  h=6.1 c=37.1  kl=0.0112  vl=0.2798
  vs Random: 101W/0L/0D | score=67.4±35.1 inv=2.9 played=21.6 lanes=4.9 ddraw=2.9 pts=67
  Self-play: 61W/41L/1D | score=20.3±29.1 inv=2.6 played=17.7 lanes=4.7 ddraw=0.9 pts=20
Step: 17776640 SPS: 593  ev=0.347  ent=0.451  grad=0.80/0.50  h=6.2 c=37.3  kl=0.0140  vl=0.2802
Step: 17780736 SPS: 593  ev=0.328  ent=0.462  grad=1.27/0.50  h=6.1 c=36.7  kl=0.0076  vl=0.2498
Step: 17784832 SPS: 593  ev=0.385  ent=0.444  grad=0.66/0.50  h=6.1 c=36.8  kl=0.0108  vl=0.2645
Step: 17788928 SPS: 593  ev=0.350  ent=0.429  grad=0.91/0.50  h=6.1 c=36.4  kl=0.0088  vl=0.2807
Step: 17793024 SPS: 593  ev=0.292  ent=0.422  grad=0.82/0.50  h=6.1 c=37.3  kl=0.0128  vl=0.3061
Step: 17797120 SPS: 593  ev=0.358  ent=0.450  grad=0.72/0.50  h=6.2 c=38.1  kl=0.0132  vl=0.2641
Step: 17801216 SPS: 593  ev=0.336  ent=0.474  grad=0.88/0.50  h=6.2 c=35.7  kl=0.0083  vl=0.2435
Step: 17805312 SPS: 594  ev=0.311  ent=0.452  grad=0.72/0.50  h=6.2 c=37.9  kl=0.0117  vl=0.2836
Step: 17809408 SPS: 594  ev=0.277  ent=0.467  grad=0.66/0.50  h=6.2 c=36.9  kl=0.0087  vl=0.2616
Step: 17813504 SPS: 594  ev=0.313  ent=0.421  grad=0.75/0.50  h=6.2 c=38.0  kl=0.0092  vl=0.2565
Step: 17817600 SPS: 594  ev=0.354  ent=0.434  grad=0.71/0.50  h=6.1 c=36.0  kl=0.0083  vl=0.2621
Step: 17821696 SPS: 594  ev=0.349  ent=0.446  grad=0.67/0.50  h=6.1 c=36.2  kl=0.0082  vl=0.2394
Step: 17825792 SPS: 594  ev=0.384  ent=0.465  grad=0.81/0.50  h=6.2 c=37.6  kl=0.0097  vl=0.2326
Step: 17829888 SPS: 594  ev=0.327  ent=0.470  grad=1.16/0.50  h=6.2 c=36.4  kl=0.0106  vl=0.2494
Step: 17833984 SPS: 594  ev=0.414  ent=0.454  grad=0.78/0.50  h=6.2 c=37.8  kl=0.0079  vl=0.1758
Step: 17838080 SPS: 594  ev=0.307  ent=0.427  grad=1.18/0.50  h=6.2 c=37.0  kl=0.0091  vl=0.2562
Step: 17842176 SPS: 594  ev=0.359  ent=0.453  grad=0.81/0.50  h=6.2 c=36.2  kl=0.0090  vl=0.3007
Step: 17846272 SPS: 594  ev=0.341  ent=0.439  grad=1.13/0.50  h=6.2 c=37.2  kl=0.0095  vl=0.2581
Step: 17850368 SPS: 594  ev=0.288  ent=0.447  grad=0.99/0.50  h=6.1 c=36.6  kl=0.0094  vl=0.2961
Step: 17854464 SPS: 594  ev=0.401  ent=0.466  grad=0.84/0.50  h=6.1 c=36.2  kl=0.0104  vl=0.2293
  vs Random: 99W/1L/0D | score=66.9±36.1 inv=2.6 played=21.6 lanes=4.9 ddraw=3.1 pts=67
  Self-play: 42W/57L/2D | score=14.1±27.8 inv=2.6 played=17.6 lanes=4.8 ddraw=0.8 pts=14
Step: 17858560 SPS: 593  ev=0.351  ent=0.427  grad=0.68/0.50  h=6.2 c=37.7  kl=0.0109  vl=0.2283
Step: 17862656 SPS: 593  ev=0.356  ent=0.478  grad=1.11/0.50  h=6.2 c=37.1  kl=0.0097  vl=0.2858
Step: 17866752 SPS: 593  ev=0.343  ent=0.424  grad=0.80/0.50  h=6.2 c=36.6  kl=0.0074  vl=0.2347
Step: 17870848 SPS: 593  ev=0.334  ent=0.453  grad=0.83/0.50  h=6.2 c=37.3  kl=0.0100  vl=0.2567
Step: 17874944 SPS: 593  ev=0.285  ent=0.422  grad=1.57/0.50  h=6.2 c=36.5  kl=0.0077  vl=0.2478
Step: 17879040 SPS: 593  ev=0.349  ent=0.459  grad=1.12/0.50  h=6.3 c=38.3  kl=0.0122  vl=0.2152
Step: 17883136 SPS: 593  ev=0.283  ent=0.461  grad=0.83/0.50  h=6.1 c=36.5  kl=0.0090  vl=0.3110
Step: 17887232 SPS: 594  ev=0.272  ent=0.449  grad=0.70/0.50  h=6.2 c=35.9  kl=0.0069  vl=0.2803
Step: 17891328 SPS: 594  ev=0.341  ent=0.463  grad=0.82/0.50  h=6.2 c=37.7  kl=0.0158  vl=0.2533
Step: 17895424 SPS: 594  ev=0.386  ent=0.439  grad=1.19/0.50  h=6.1 c=35.3  kl=0.0100  vl=0.2101
Step: 17899520 SPS: 594  ev=0.366  ent=0.458  grad=1.13/0.50  h=6.1 c=37.6  kl=0.0082  vl=0.2290
Step: 17903616 SPS: 594  ev=0.382  ent=0.447  grad=0.60/0.50  h=6.1 c=36.8  kl=0.0082  vl=0.2191
Step: 17907712 SPS: 594  ev=0.332  ent=0.416  grad=0.91/0.50  h=6.2 c=37.3  kl=0.0065  vl=0.2451
Step: 17911808 SPS: 594  ev=0.340  ent=0.428  grad=0.68/0.50  h=6.2 c=37.5  kl=0.0097  vl=0.2663
Step: 17915904 SPS: 594  ev=0.294  ent=0.443  grad=0.78/0.50  h=6.1 c=35.0  kl=0.0121  vl=0.2909
Step: 17920000 SPS: 594  ev=0.291  ent=0.471  grad=0.71/0.50  h=6.2 c=37.9  kl=0.0180  vl=0.2752
Step: 17924096 SPS: 594  ev=0.292  ent=0.460  grad=0.64/0.50  h=6.0 c=36.0  kl=0.0118  vl=0.2439
Step: 17928192 SPS: 594  ev=0.276  ent=0.418  grad=1.37/0.50  h=6.2 c=36.6  kl=0.0059  vl=0.2643
Step: 17932288 SPS: 594  ev=0.325  ent=0.445  grad=0.84/0.50  h=6.2 c=37.6  kl=0.0104  vl=0.2654
Step: 17936384 SPS: 594  ev=0.356  ent=0.449  grad=1.16/0.50  h=6.2 c=35.5  kl=0.0126  vl=0.2147
  vs Random: 102W/0L/0D | score=68.1±34.2 inv=3.0 played=22.1 lanes=4.9 ddraw=2.6 pts=68
  Self-play: 53W/44L/3D | score=23.5±22.0 inv=2.3 played=17.8 lanes=4.7 ddraw=0.8 pts=24
Step: 17940480 SPS: 593  ev=0.293  ent=0.434  grad=1.11/0.50  h=6.2 c=37.5  kl=0.0090  vl=0.2970
Step: 17944576 SPS: 593  ev=0.321  ent=0.452  grad=1.29/0.50  h=6.1 c=36.7  kl=0.0072  vl=0.2388
Step: 17948672 SPS: 593  ev=0.294  ent=0.451  grad=1.19/0.50  h=6.1 c=36.3  kl=0.0088  vl=0.2748
Step: 17952768 SPS: 594  ev=0.352  ent=0.444  grad=0.92/0.50  h=6.2 c=38.7  kl=0.0133  vl=0.2425
Step: 17956864 SPS: 594  ev=0.309  ent=0.482  grad=0.91/0.50  h=6.1 c=35.9  kl=0.0079  vl=0.2959
Step: 17960960 SPS: 594  ev=0.369  ent=0.448  grad=1.26/0.50  h=6.1 c=36.6  kl=0.0117  vl=0.2230
Step: 17965056 SPS: 594  ev=0.309  ent=0.438  grad=0.80/0.50  h=6.1 c=36.5  kl=0.0093  vl=0.2353
Step: 17969152 SPS: 594  ev=0.349  ent=0.449  grad=0.93/0.50  h=6.2 c=36.5  kl=0.0111  vl=0.2491
Step: 17973248 SPS: 594  ev=0.361  ent=0.449  grad=0.89/0.50  h=6.2 c=37.9  kl=0.0084  vl=0.2522
Step: 17977344 SPS: 594  ev=0.353  ent=0.451  grad=0.77/0.50  h=6.1 c=35.0  kl=0.0102  vl=0.2615
Step: 17981440 SPS: 594  ev=0.302  ent=0.420  grad=0.71/0.50  h=6.2 c=36.4  kl=0.0098  vl=0.2326
Step: 17985536 SPS: 594  ev=0.317  ent=0.431  grad=0.85/0.50  h=6.1 c=36.5  kl=0.0125  vl=0.2676
Step: 17989632 SPS: 594  ev=0.317  ent=0.452  grad=0.74/0.50  h=6.1 c=35.1  kl=0.0102  vl=0.2976
Step: 17993728 SPS: 594  ev=0.380  ent=0.418  grad=1.01/0.50  h=6.2 c=39.1  kl=0.0099  vl=0.2139
Step: 17997824 SPS: 594  ev=0.274  ent=0.431  grad=0.77/0.50  h=6.2 c=36.4  kl=0.0102  vl=0.2729
Step: 18001920 SPS: 594  ev=0.341  ent=0.423  grad=0.98/0.50  h=6.2 c=38.1  kl=0.0092  vl=0.2452
Step: 18006016 SPS: 594  ev=0.337  ent=0.420  grad=1.33/0.50  h=6.1 c=36.1  kl=0.0124  vl=0.2823
Step: 18010112 SPS: 594  ev=0.322  ent=0.413  grad=0.85/0.50  h=6.1 c=34.8  kl=0.0096  vl=0.2564
Step: 18014208 SPS: 594  ev=0.416  ent=0.451  grad=0.66/0.50  h=6.2 c=37.9  kl=0.0085  vl=0.2475
Step: 18018304 SPS: 594  ev=0.288  ent=0.431  grad=1.67/0.50  h=6.1 c=35.1  kl=0.0095  vl=0.2415
  vs Random: 102W/0L/0D | score=65.1±32.2 inv=2.7 played=21.3 lanes=4.9 ddraw=2.6 pts=65
  Self-play: 55W/48L/0D | score=23.8±28.5 inv=2.6 played=17.8 lanes=4.6 ddraw=0.7 pts=24
Step: 18022400 SPS: 593  ev=0.308  ent=0.444  grad=0.91/0.50  h=6.2 c=37.1  kl=0.0116  vl=0.3128
Step: 18026496 SPS: 593  ev=0.318  ent=0.438  grad=0.65/0.50  h=6.0 c=34.6  kl=0.0107  vl=0.2737
Step: 18030592 SPS: 593  ev=0.330  ent=0.432  grad=0.81/0.50  h=6.1 c=35.7  kl=0.0078  vl=0.2267
Step: 18034688 SPS: 593  ev=0.275  ent=0.455  grad=0.94/0.50  h=6.2 c=38.1  kl=0.0078  vl=0.2964
Step: 18038784 SPS: 594  ev=0.323  ent=0.417  grad=1.19/0.50  h=6.1 c=35.2  kl=0.0100  vl=0.2446
Step: 18042880 SPS: 594  ev=0.328  ent=0.450  grad=0.72/0.50  h=6.3 c=39.0  kl=0.0091  vl=0.2360
Step: 18046976 SPS: 594  ev=0.284  ent=0.463  grad=0.85/0.50  h=6.1 c=35.7  kl=0.0084  vl=0.2787
Step: 18051072 SPS: 594  ev=0.346  ent=0.430  grad=0.73/0.50  h=6.2 c=37.2  kl=0.0089  vl=0.2364
Step: 18055168 SPS: 594  ev=0.338  ent=0.429  grad=0.67/0.50  h=6.1 c=37.5  kl=0.0104  vl=0.2950
Step: 18059264 SPS: 594  ev=0.379  ent=0.453  grad=0.79/0.50  h=6.1 c=35.8  kl=0.0094  vl=0.2705
Step: 18063360 SPS: 594  ev=0.356  ent=0.450  grad=0.77/0.50  h=6.2 c=38.5  kl=0.0117  vl=0.2898
Step: 18067456 SPS: 594  ev=0.388  ent=0.463  grad=0.74/0.50  h=6.2 c=37.2  kl=0.0094  vl=0.2493
Step: 18071552 SPS: 594  ev=0.315  ent=0.459  grad=1.40/0.50  h=6.2 c=37.3  kl=0.0086  vl=0.2659
Step: 18075648 SPS: 594  ev=0.372  ent=0.436  grad=1.13/0.50  h=6.2 c=38.2  kl=0.0113  vl=0.2173
Step: 18079744 SPS: 594  ev=0.340  ent=0.448  grad=0.87/0.50  h=6.1 c=36.5  kl=0.0113  vl=0.2638
Step: 18083840 SPS: 594  ev=0.374  ent=0.448  grad=0.82/0.50  h=6.2 c=38.1  kl=0.0102  vl=0.2328
Step: 18087936 SPS: 594  ev=0.358  ent=0.454  grad=1.31/0.50  h=6.1 c=36.2  kl=0.0071  vl=0.2405
Step: 18092032 SPS: 594  ev=0.411  ent=0.396  grad=0.84/0.50  h=6.2 c=37.5  kl=0.0123  vl=0.2400
Step: 18096128 SPS: 594  ev=0.345  ent=0.433  grad=1.29/0.50  h=6.1 c=37.2  kl=0.0118  vl=0.2668
Step: 18100224 SPS: 594  ev=0.329  ent=0.428  grad=0.78/0.50  h=6.2 c=37.0  kl=0.0116  vl=0.2846
  vs Random: 100W/0L/0D | score=67.8±30.6 inv=2.6 played=21.6 lanes=4.9 ddraw=2.6 pts=68
  Self-play: 47W/63L/0D | score=17.2±27.1 inv=2.4 played=17.4 lanes=4.6 ddraw=0.7 pts=17
Step: 18104320 SPS: 593  ev=0.334  ent=0.410  grad=0.66/0.50  h=6.1 c=37.5  kl=0.0108  vl=0.2370
Step: 18108416 SPS: 593  ev=0.314  ent=0.435  grad=0.68/0.50  h=6.1 c=36.8  kl=0.0102  vl=0.2958
Step: 18112512 SPS: 593  ev=0.349  ent=0.421  grad=0.84/0.50  h=6.1 c=37.2  kl=0.0073  vl=0.2338
Step: 18116608 SPS: 594  ev=0.377  ent=0.434  grad=0.85/0.50  h=6.1 c=37.2  kl=0.0098  vl=0.2527
Step: 18120704 SPS: 594  ev=0.361  ent=0.451  grad=0.92/0.50  h=6.1 c=37.3  kl=0.0116  vl=0.2605
Step: 18124800 SPS: 594  ev=0.348  ent=0.425  grad=0.69/0.50  h=6.2 c=37.6  kl=0.0097  vl=0.2114
Step: 18128896 SPS: 594  ev=0.404  ent=0.457  grad=1.03/0.50  h=6.1 c=38.1  kl=0.0095  vl=0.2252
Step: 18132992 SPS: 594  ev=0.350  ent=0.470  grad=0.66/0.50  h=6.1 c=36.7  kl=0.0119  vl=0.2779
Step: 18137088 SPS: 594  ev=0.292  ent=0.444  grad=0.91/0.50  h=6.2 c=37.5  kl=0.0086  vl=0.2173
Step: 18141184 SPS: 594  ev=0.361  ent=0.442  grad=0.76/0.50  h=6.1 c=37.2  kl=0.0086  vl=0.2325
Step: 18145280 SPS: 594  ev=0.326  ent=0.427  grad=1.03/0.50  h=6.1 c=36.7  kl=0.0088  vl=0.2821
Step: 18149376 SPS: 594  ev=0.310  ent=0.455  grad=2.33/0.50  h=6.1 c=36.4  kl=0.0122  vl=0.3021
Step: 18153472 SPS: 594  ev=0.393  ent=0.446  grad=0.69/0.50  h=6.2 c=37.6  kl=0.0075  vl=0.2158
Step: 18157568 SPS: 594  ev=0.322  ent=0.447  grad=1.05/0.50  h=6.2 c=37.5  kl=0.0099  vl=0.2512
Step: 18161664 SPS: 594  ev=0.321  ent=0.452  grad=0.79/0.50  h=6.1 c=37.5  kl=0.0095  vl=0.2793
Step: 18165760 SPS: 594  ev=0.342  ent=0.440  grad=1.02/0.50  h=6.1 c=36.5  kl=0.0091  vl=0.2708
Step: 18169856 SPS: 594  ev=0.337  ent=0.428  grad=0.68/0.50  h=6.1 c=36.5  kl=0.0115  vl=0.2555
Step: 18173952 SPS: 594  ev=0.358  ent=0.436  grad=1.04/0.50  h=6.2 c=37.4  kl=0.0101  vl=0.2182
Step: 18178048 SPS: 594  ev=0.289  ent=0.451  grad=0.73/0.50  h=6.2 c=36.7  kl=0.0107  vl=0.2508
Step: 18182144 SPS: 594  ev=0.355  ent=0.458  grad=0.95/0.50  h=6.3 c=38.8  kl=0.0093  vl=0.2678
  vs Random: 101W/0L/0D | score=65.2±33.2 inv=2.6 played=21.7 lanes=4.9 ddraw=2.9 pts=65
  Self-play: 42W/60L/2D | score=19.1±26.4 inv=2.4 played=17.7 lanes=4.7 ddraw=0.8 pts=19
Step: 18186240 SPS: 593  ev=0.343  ent=0.438  grad=0.72/0.50  h=6.2 c=36.4  kl=0.0108  vl=0.2726
Step: 18190336 SPS: 593  ev=0.305  ent=0.408  grad=0.68/0.50  h=6.2 c=37.0  kl=0.0079  vl=0.2528
Step: 18194432 SPS: 593  ev=0.317  ent=0.453  grad=1.91/0.50  h=6.2 c=37.9  kl=0.0132  vl=0.2704
Step: 18198528 SPS: 594  ev=0.367  ent=0.428  grad=0.73/0.50  h=6.2 c=37.5  kl=0.0114  vl=0.2459
Step: 18202624 SPS: 594  ev=0.353  ent=0.415  grad=0.74/0.50  h=6.2 c=37.4  kl=0.0113  vl=0.2622
Step: 18206720 SPS: 594  ev=0.325  ent=0.441  grad=0.63/0.50  h=6.2 c=36.7  kl=0.0076  vl=0.2513
Step: 18210816 SPS: 594  ev=0.287  ent=0.457  grad=0.93/0.50  h=6.2 c=37.8  kl=0.0143  vl=0.2679
Step: 18214912 SPS: 594  ev=0.373  ent=0.440  grad=0.62/0.50  h=6.2 c=37.7  kl=0.0097  vl=0.2398
Step: 18219008 SPS: 594  ev=0.351  ent=0.422  grad=0.64/0.50  h=6.1 c=35.7  kl=0.0108  vl=0.2429
Step: 18223104 SPS: 594  ev=0.350  ent=0.433  grad=0.92/0.50  h=6.2 c=37.8  kl=0.0111  vl=0.2301
Step: 18227200 SPS: 594  ev=0.378  ent=0.437  grad=0.90/0.50  h=6.1 c=37.0  kl=0.0110  vl=0.2674
Step: 18231296 SPS: 594  ev=0.368  ent=0.456  grad=1.04/0.50  h=6.2 c=37.5  kl=0.0099  vl=0.2902
Step: 18235392 SPS: 594  ev=0.296  ent=0.448  grad=0.84/0.50  h=6.2 c=37.9  kl=0.0092  vl=0.1999
Step: 18239488 SPS: 594  ev=0.358  ent=0.425  grad=0.71/0.50  h=6.2 c=37.9  kl=0.0087  vl=0.2536
Step: 18243584 SPS: 594  ev=0.380  ent=0.439  grad=1.14/0.50  h=6.1 c=37.6  kl=0.0097  vl=0.2535
Step: 18247680 SPS: 594  ev=0.307  ent=0.461  grad=0.75/0.50  h=6.1 c=35.6  kl=0.0128  vl=0.2624
Step: 18251776 SPS: 594  ev=0.345  ent=0.434  grad=0.74/0.50  h=6.2 c=38.3  kl=0.0093  vl=0.2143
Step: 18255872 SPS: 594  ev=0.262  ent=0.442  grad=0.73/0.50  h=6.2 c=38.6  kl=0.0088  vl=0.2830
Step: 18259968 SPS: 594  ev=0.315  ent=0.453  grad=0.76/0.50  h=6.3 c=38.0  kl=0.0093  vl=0.2357
Step: 18264064 SPS: 594  ev=0.401  ent=0.456  grad=0.83/0.50  h=6.2 c=38.7  kl=0.0122  vl=0.2437
  vs Random: 100W/0L/0D | score=66.0±33.2 inv=2.6 played=21.6 lanes=4.9 ddraw=2.4 pts=66
  Self-play: 46W/56L/0D | score=16.7±26.7 inv=2.6 played=17.5 lanes=4.7 ddraw=0.8 pts=17
Step: 18268160 SPS: 593  ev=0.373  ent=0.445  grad=0.69/0.50  h=6.1 c=37.0  kl=0.0100  vl=0.2680
Step: 18272256 SPS: 593  ev=0.351  ent=0.471  grad=0.79/0.50  h=6.2 c=38.2  kl=0.0081  vl=0.1631
Step: 18276352 SPS: 593  ev=0.405  ent=0.447  grad=0.86/0.50  h=6.2 c=38.7  kl=0.0086  vl=0.2208
Step: 18280448 SPS: 594  ev=0.325  ent=0.459  grad=1.48/0.50  h=6.2 c=37.3  kl=0.0113  vl=0.2861
Step: 18284544 SPS: 594  ev=0.367  ent=0.483  grad=1.46/0.50  h=6.3 c=38.5  kl=0.0074  vl=0.2248
Step: 18288640 SPS: 594  ev=0.284  ent=0.435  grad=1.15/0.50  h=6.2 c=37.6  kl=0.0092  vl=0.2690
Step: 18292736 SPS: 594  ev=0.326  ent=0.477  grad=1.56/0.50  h=6.1 c=37.4  kl=0.0196  vl=0.2694
Step: 18296832 SPS: 594  ev=0.299  ent=0.419  grad=0.79/0.50  h=6.1 c=38.0  kl=0.0076  vl=0.2606
Step: 18300928 SPS: 594  ev=0.331  ent=0.448  grad=1.12/0.50  h=6.2 c=38.0  kl=0.0090  vl=0.2475
Step: 18305024 SPS: 594  ev=0.289  ent=0.452  grad=0.87/0.50  h=6.2 c=38.5  kl=0.0138  vl=0.2744
Step: 18309120 SPS: 594  ev=0.354  ent=0.435  grad=1.08/0.50  h=6.2 c=37.6  kl=0.0110  vl=0.2897
Step: 18313216 SPS: 594  ev=0.251  ent=0.494  grad=1.14/0.50  h=6.2 c=37.5  kl=0.0101  vl=0.2754
Step: 18317312 SPS: 594  ev=0.291  ent=0.440  grad=0.90/0.50  h=6.2 c=38.0  kl=0.0087  vl=0.2851
Step: 18321408 SPS: 594  ev=0.340  ent=0.449  grad=0.81/0.50  h=6.2 c=38.7  kl=0.0106  vl=0.2002
Step: 18325504 SPS: 594  ev=0.308  ent=0.474  grad=1.14/0.50  h=6.2 c=38.6  kl=0.0114  vl=0.2725
Step: 18329600 SPS: 594  ev=0.329  ent=0.448  grad=0.99/0.50  h=6.2 c=38.1  kl=0.0084  vl=0.2435
Step: 18333696 SPS: 594  ev=0.356  ent=0.448  grad=0.83/0.50  h=6.2 c=37.8  kl=0.0130  vl=0.2654
Step: 18337792 SPS: 594  ev=0.211  ent=0.444  grad=0.96/0.50  h=6.2 c=38.7  kl=0.0115  vl=0.3905
Step: 18341888 SPS: 594  ev=0.336  ent=0.464  grad=1.09/0.50  h=6.2 c=38.0  kl=0.0069  vl=0.2327
Step: 18345984 SPS: 594  ev=0.319  ent=0.460  grad=0.83/0.50  h=6.2 c=38.6  kl=0.0089  vl=0.2512
  vs Random: 101W/0L/0D | score=63.9±32.4 inv=2.6 played=20.9 lanes=4.8 ddraw=2.6 pts=64
  Self-play: 51W/54L/0D | score=18.5±27.1 inv=2.6 played=17.1 lanes=4.6 ddraw=0.8 pts=19
Step: 18350080 SPS: 593  ev=0.323  ent=0.428  grad=0.95/0.50  h=6.2 c=38.1  kl=0.0110  vl=0.2332
Step: 18354176 SPS: 593  ev=0.292  ent=0.462  grad=0.87/0.50  h=6.2 c=37.6  kl=0.0111  vl=0.2727
Step: 18358272 SPS: 593  ev=0.317  ent=0.428  grad=1.07/0.50  h=6.2 c=38.0  kl=0.0101  vl=0.2351
Step: 18362368 SPS: 593  ev=0.341  ent=0.493  grad=0.79/0.50  h=6.2 c=38.8  kl=0.0083  vl=0.2069
Step: 18366464 SPS: 594  ev=0.265  ent=0.459  grad=0.97/0.50  h=6.3 c=38.2  kl=0.0081  vl=0.3163
Step: 18370560 SPS: 594  ev=0.321  ent=0.445  grad=0.85/0.50  h=6.2 c=37.8  kl=0.0101  vl=0.2380
Step: 18374656 SPS: 594  ev=0.307  ent=0.465  grad=0.94/0.50  h=6.2 c=38.4  kl=0.0088  vl=0.2768
Step: 18378752 SPS: 594  ev=0.308  ent=0.457  grad=0.80/0.50  h=6.2 c=38.3  kl=0.0080  vl=0.2433
Step: 18382848 SPS: 594  ev=0.314  ent=0.447  grad=0.60/0.50  h=6.1 c=37.9  kl=0.0107  vl=0.2327
Step: 18386944 SPS: 594  ev=0.360  ent=0.473  grad=0.87/0.50  h=6.2 c=36.9  kl=0.0144  vl=0.2526
Step: 18391040 SPS: 594  ev=0.270  ent=0.514  grad=0.85/0.50  h=6.2 c=37.7  kl=0.0123  vl=0.2641
Step: 18395136 SPS: 594  ev=0.375  ent=0.442  grad=0.79/0.50  h=6.1 c=37.6  kl=0.0081  vl=0.2313
Step: 18399232 SPS: 594  ev=0.364  ent=0.448  grad=0.67/0.50  h=6.1 c=36.5  kl=0.0078  vl=0.2602
Step: 18403328 SPS: 594  ev=0.260  ent=0.450  grad=1.14/0.50  h=6.2 c=38.9  kl=0.0116  vl=0.2810
Step: 18407424 SPS: 594  ev=0.320  ent=0.475  grad=0.95/0.50  h=6.2 c=37.2  kl=0.0110  vl=0.2298
Step: 18411520 SPS: 594  ev=0.346  ent=0.459  grad=0.68/0.50  h=6.2 c=37.2  kl=0.0133  vl=0.2252
Step: 18415616 SPS: 594  ev=0.329  ent=0.475  grad=1.13/0.50  h=6.1 c=37.5  kl=0.0100  vl=0.2374
Step: 18419712 SPS: 594  ev=0.332  ent=0.466  grad=1.26/0.50  h=6.2 c=36.7  kl=0.0151  vl=0.2694
Step: 18423808 SPS: 594  ev=0.278  ent=0.471  grad=1.04/0.50  h=6.2 c=38.4  kl=0.0114  vl=0.3167
Step: 18427904 SPS: 594  ev=0.319  ent=0.461  grad=0.65/0.50  h=6.2 c=37.4  kl=0.0093  vl=0.2340
  vs Random: 100W/0L/0D | score=62.3±30.2 inv=2.6 played=21.1 lanes=4.9 ddraw=2.2 pts=62
  Self-play: 46W/55L/0D | score=16.1±24.3 inv=2.5 played=17.2 lanes=4.6 ddraw=0.7 pts=16
Step: 18432000 SPS: 593  ev=0.350  ent=0.449  grad=0.91/0.50  h=6.2 c=36.7  kl=0.0108  vl=0.2169
Step: 18436096 SPS: 593  ev=0.357  ent=0.483  grad=0.94/0.50  h=6.2 c=37.6  kl=0.0122  vl=0.2156
Step: 18440192 SPS: 594  ev=0.299  ent=0.458  grad=0.87/0.50  h=6.2 c=36.5  kl=0.0096  vl=0.2675
Step: 18444288 SPS: 594  ev=0.289  ent=0.470  grad=0.99/0.50  h=6.2 c=38.4  kl=0.0091  vl=0.2628
Step: 18448384 SPS: 594  ev=0.323  ent=0.491  grad=0.73/0.50  h=6.2 c=37.2  kl=0.0103  vl=0.2806
Step: 18452480 SPS: 594  ev=0.343  ent=0.486  grad=1.15/0.50  h=6.2 c=36.9  kl=0.0079  vl=0.2329
Step: 18456576 SPS: 594  ev=0.294  ent=0.476  grad=0.79/0.50  h=6.1 c=36.5  kl=0.0086  vl=0.2439
Step: 18460672 SPS: 594  ev=0.368  ent=0.473  grad=1.18/0.50  h=6.2 c=37.3  kl=0.0088  vl=0.2263
Step: 18464768 SPS: 594  ev=0.343  ent=0.464  grad=0.86/0.50  h=6.3 c=38.4  kl=0.0127  vl=0.2630
Step: 18468864 SPS: 594  ev=0.360  ent=0.506  grad=1.06/0.50  h=6.2 c=37.9  kl=0.0098  vl=0.2504
Step: 18472960 SPS: 594  ev=0.246  ent=0.456  grad=1.14/0.50  h=6.1 c=36.6  kl=0.0098  vl=0.2953
Step: 18477056 SPS: 594  ev=0.305  ent=0.473  grad=0.92/0.50  h=6.1 c=36.7  kl=0.0125  vl=0.2622
Step: 18481152 SPS: 594  ev=0.304  ent=0.502  grad=1.66/0.50  h=6.2 c=38.0  kl=0.0098  vl=0.2789
Step: 18485248 SPS: 594  ev=0.281  ent=0.485  grad=1.25/0.50  h=6.2 c=37.6  kl=0.0101  vl=0.2698
Step: 18489344 SPS: 594  ev=0.389  ent=0.454  grad=0.75/0.50  h=6.2 c=36.6  kl=0.0117  vl=0.2596
Step: 18493440 SPS: 594  ev=0.292  ent=0.433  grad=0.74/0.50  h=6.2 c=36.7  kl=0.0093  vl=0.2393
Step: 18497536 SPS: 594  ev=0.387  ent=0.462  grad=1.21/0.50  h=6.1 c=36.3  kl=0.0090  vl=0.2155
Step: 18501632 SPS: 594  ev=0.370  ent=0.460  grad=0.81/0.50  h=6.1 c=36.2  kl=0.0096  vl=0.2468
Step: 18505728 SPS: 594  ev=0.315  ent=0.471  grad=1.43/0.50  h=6.2 c=37.2  kl=0.0089  vl=0.2595
Step: 18509824 SPS: 594  ev=0.411  ent=0.480  grad=0.79/0.50  h=6.2 c=36.4  kl=0.0079  vl=0.2082
  vs Random: 100W/0L/0D | score=57.5±32.2 inv=2.5 played=21.1 lanes=4.9 ddraw=2.7 pts=57
  Self-play: 54W/46L/3D | score=17.7±26.8 inv=2.5 played=17.6 lanes=4.7 ddraw=0.7 pts=18
Step: 18513920 SPS: 593  ev=0.344  ent=0.478  grad=0.68/0.50  h=6.2 c=37.8  kl=0.0105  vl=0.2718
Step: 18518016 SPS: 594  ev=0.360  ent=0.453  grad=0.66/0.50  h=6.2 c=36.5  kl=0.0111  vl=0.2256
Step: 18522112 SPS: 594  ev=0.309  ent=0.484  grad=0.73/0.50  h=6.2 c=36.8  kl=0.0113  vl=0.2655
Step: 18526208 SPS: 594  ev=0.297  ent=0.478  grad=0.71/0.50  h=6.1 c=37.0  kl=0.0085  vl=0.2392
Step: 18530304 SPS: 594  ev=0.330  ent=0.470  grad=0.73/0.50  h=6.2 c=36.7  kl=0.0139  vl=0.2918
Step: 18534400 SPS: 594  ev=0.390  ent=0.457  grad=0.74/0.50  h=6.2 c=38.0  kl=0.0076  vl=0.2043
Step: 18538496 SPS: 594  ev=0.399  ent=0.471  grad=0.65/0.50  h=6.1 c=36.1  kl=0.0086  vl=0.2348
Step: 18542592 SPS: 594  ev=0.306  ent=0.458  grad=0.64/0.50  h=6.2 c=36.7  kl=0.0095  vl=0.3030
Step: 18546688 SPS: 594  ev=0.311  ent=0.462  grad=0.84/0.50  h=6.1 c=37.4  kl=0.0096  vl=0.3160
Step: 18550784 SPS: 594  ev=0.268  ent=0.448  grad=1.23/0.50  h=6.1 c=36.1  kl=0.0077  vl=0.2305
Step: 18554880 SPS: 594  ev=0.364  ent=0.448  grad=0.87/0.50  h=6.2 c=38.3  kl=0.0089  vl=0.2300
Step: 18558976 SPS: 594  ev=0.276  ent=0.496  grad=0.68/0.50  h=6.1 c=36.0  kl=0.0109  vl=0.2090
Step: 18563072 SPS: 594  ev=0.282  ent=0.470  grad=0.97/0.50  h=6.2 c=36.9  kl=0.0124  vl=0.2877
Step: 18567168 SPS: 594  ev=0.330  ent=0.456  grad=0.89/0.50  h=6.2 c=37.5  kl=0.0078  vl=0.1896
Step: 18571264 SPS: 594  ev=0.332  ent=0.496  grad=0.84/0.50  h=6.2 c=36.3  kl=0.0124  vl=0.2271
Step: 18575360 SPS: 594  ev=0.341  ent=0.455  grad=1.09/0.50  h=6.2 c=38.0  kl=0.0098  vl=0.2645
Step: 18579456 SPS: 594  ev=0.310  ent=0.504  grad=0.78/0.50  h=6.2 c=37.8  kl=0.0095  vl=0.2667
Step: 18583552 SPS: 594  ev=0.352  ent=0.487  grad=0.82/0.50  h=6.2 c=37.2  kl=0.0080  vl=0.2284
Step: 18587648 SPS: 594  ev=0.395  ent=0.489  grad=0.85/0.50  h=6.2 c=36.4  kl=0.0110  vl=0.2345
Step: 18591744 SPS: 594  ev=0.355  ent=0.480  grad=0.92/0.50  h=6.2 c=37.8  kl=0.0089  vl=0.2659
  vs Random: 101W/0L/0D | score=68.9±29.8 inv=2.6 played=21.4 lanes=4.9 ddraw=2.8 pts=69
  Self-play: 47W/53L/1D | score=20.6±31.8 inv=2.7 played=17.7 lanes=4.6 ddraw=0.7 pts=21
Step: 18595840 SPS: 594  ev=0.340  ent=0.486  grad=1.14/0.50  h=6.2 c=37.1  kl=0.0071  vl=0.2189
Step: 18599936 SPS: 594  ev=0.324  ent=0.491  grad=0.79/0.50  h=6.2 c=36.5  kl=0.0109  vl=0.2548
Step: 18604032 SPS: 594  ev=0.325  ent=0.483  grad=0.71/0.50  h=6.2 c=37.3  kl=0.0128  vl=0.2564
Step: 18608128 SPS: 594  ev=0.346  ent=0.484  grad=0.69/0.50  h=6.2 c=37.1  kl=0.0089  vl=0.2108
Step: 18612224 SPS: 594  ev=0.314  ent=0.463  grad=1.32/0.50  h=6.2 c=36.9  kl=0.0097  vl=0.3328
Step: 18616320 SPS: 594  ev=0.405  ent=0.457  grad=0.81/0.50  h=6.2 c=36.8  kl=0.0122  vl=0.2464
Step: 18620416 SPS: 594  ev=0.334  ent=0.457  grad=0.78/0.50  h=6.2 c=37.4  kl=0.0117  vl=0.3013
Step: 18624512 SPS: 594  ev=0.328  ent=0.485  grad=1.27/0.50  h=6.1 c=36.5  kl=0.0099  vl=0.2886
Step: 18628608 SPS: 594  ev=0.325  ent=0.468  grad=0.67/0.50  h=6.2 c=36.6  kl=0.0099  vl=0.2431
Step: 18632704 SPS: 594  ev=0.329  ent=0.452  grad=0.91/0.50  h=6.2 c=37.5  kl=0.0066  vl=0.2323
Step: 18636800 SPS: 594  ev=0.340  ent=0.469  grad=0.63/0.50  h=6.2 c=37.6  kl=0.0123  vl=0.2674
Step: 18640896 SPS: 594  ev=0.387  ent=0.463  grad=0.80/0.50  h=6.2 c=38.2  kl=0.0084  vl=0.2778
Step: 18644992 SPS: 594  ev=0.397  ent=0.478  grad=0.82/0.50  h=6.2 c=36.5  kl=0.0143  vl=0.2603
Step: 18649088 SPS: 594  ev=0.291  ent=0.479  grad=0.60/0.50  h=6.2 c=37.5  kl=0.0085  vl=0.2370
Step: 18653184 SPS: 594  ev=0.360  ent=0.476  grad=1.05/0.50  h=6.2 c=37.9  kl=0.0125  vl=0.2009
Step: 18657280 SPS: 594  ev=0.340  ent=0.442  grad=0.65/0.50  h=6.2 c=37.2  kl=0.0084  vl=0.2484
Step: 18661376 SPS: 594  ev=0.380  ent=0.475  grad=0.91/0.50  h=6.2 c=37.6  kl=0.0114  vl=0.2364
Step: 18665472 SPS: 594  ev=0.342  ent=0.444  grad=0.99/0.50  h=6.2 c=37.5  kl=0.0077  vl=0.2429
Step: 18669568 SPS: 594  ev=0.329  ent=0.494  grad=0.73/0.50  h=6.2 c=37.0  kl=0.0126  vl=0.2355
Step: 18673664 SPS: 594  ev=0.295  ent=0.474  grad=1.16/0.50  h=6.3 c=37.7  kl=0.0115  vl=0.2514
  vs Random: 103W/0L/0D | score=63.5±35.5 inv=2.7 played=21.2 lanes=4.8 ddraw=2.9 pts=64
  Self-play: 56W/45L/1D | score=25.0±28.0 inv=2.6 played=17.8 lanes=4.6 ddraw=1.0 pts=25
Step: 18677760 SPS: 594  ev=0.302  ent=0.472  grad=0.79/0.50  h=6.2 c=36.8  kl=0.0089  vl=0.2633
Step: 18681856 SPS: 594  ev=0.319  ent=0.453  grad=0.79/0.50  h=6.2 c=38.1  kl=0.0101  vl=0.2444
Step: 18685952 SPS: 594  ev=0.385  ent=0.462  grad=0.78/0.50  h=6.2 c=38.4  kl=0.0112  vl=0.2582
Step: 18690048 SPS: 594  ev=0.294  ent=0.448  grad=0.64/0.50  h=6.2 c=37.6  kl=0.0080  vl=0.2513
Step: 18694144 SPS: 594  ev=0.320  ent=0.470  grad=0.82/0.50  h=6.2 c=37.8  kl=0.0119  vl=0.2639
Step: 18698240 SPS: 594  ev=0.272  ent=0.468  grad=1.37/0.50  h=6.2 c=37.6  kl=0.0113  vl=0.2791
Step: 18702336 SPS: 594  ev=0.303  ent=0.465  grad=0.99/0.50  h=6.3 c=38.2  kl=0.0098  vl=0.2835
Step: 18706432 SPS: 594  ev=0.309  ent=0.419  grad=0.98/0.50  h=6.2 c=38.2  kl=0.0085  vl=0.2527
Step: 18710528 SPS: 594  ev=0.308  ent=0.491  grad=0.81/0.50  h=6.2 c=38.4  kl=0.0143  vl=0.3071
Step: 18714624 SPS: 594  ev=0.331  ent=0.440  grad=1.09/0.50  h=6.1 c=37.2  kl=0.0115  vl=0.2286
Step: 18718720 SPS: 594  ev=0.350  ent=0.491  grad=0.99/0.50  h=6.2 c=36.5  kl=0.0098  vl=0.2535
Step: 18722816 SPS: 594  ev=0.348  ent=0.440  grad=0.83/0.50  h=6.2 c=39.5  kl=0.0119  vl=0.2709
Step: 18726912 SPS: 594  ev=0.328  ent=0.453  grad=0.97/0.50  h=6.2 c=37.2  kl=0.0054  vl=0.1871
Step: 18731008 SPS: 594  ev=0.316  ent=0.465  grad=1.54/0.50  h=6.3 c=38.3  kl=0.0103  vl=0.2714
Step: 18735104 SPS: 594  ev=0.354  ent=0.471  grad=1.20/0.50  h=6.2 c=37.0  kl=0.0093  vl=0.2726
Step: 18739200 SPS: 594  ev=0.286  ent=0.479  grad=0.88/0.50  h=6.2 c=37.7  kl=0.0126  vl=0.2352
Step: 18743296 SPS: 594  ev=0.332  ent=0.426  grad=1.06/0.50  h=6.1 c=36.0  kl=0.0080  vl=0.2934
Step: 18747392 SPS: 594  ev=0.309  ent=0.453  grad=1.57/0.50  h=6.2 c=38.1  kl=0.0094  vl=0.2345
Step: 18751488 SPS: 594  ev=0.277  ent=0.435  grad=1.22/0.50  h=6.2 c=37.9  kl=0.0129  vl=0.3320
Step: 18755584 SPS: 594  ev=0.331  ent=0.444  grad=1.14/0.50  h=6.1 c=35.6  kl=0.0092  vl=0.2743
  vs Random: 101W/0L/0D | score=65.3±34.1 inv=2.5 played=21.2 lanes=4.9 ddraw=2.9 pts=65
  Self-play: 51W/50L/1D | score=18.2±25.9 inv=2.7 played=17.8 lanes=4.6 ddraw=0.6 pts=18
Step: 18759680 SPS: 594  ev=0.364  ent=0.460  grad=0.68/0.50  h=6.1 c=36.8  kl=0.0114  vl=0.2549
Step: 18763776 SPS: 594  ev=0.322  ent=0.445  grad=0.71/0.50  h=6.2 c=38.5  kl=0.0101  vl=0.1930
Step: 18767872 SPS: 594  ev=0.306  ent=0.454  grad=0.74/0.50  h=6.2 c=37.1  kl=0.0082  vl=0.2533
Step: 18771968 SPS: 594  ev=0.354  ent=0.453  grad=0.69/0.50  h=6.3 c=38.0  kl=0.0134  vl=0.2773
Step: 18776064 SPS: 594  ev=0.368  ent=0.467  grad=0.85/0.50  h=6.3 c=37.6  kl=0.0098  vl=0.2502
Step: 18780160 SPS: 594  ev=0.313  ent=0.419  grad=0.83/0.50  h=6.2 c=37.1  kl=0.0087  vl=0.2940
Step: 18784256 SPS: 594  ev=0.374  ent=0.433  grad=0.82/0.50  h=6.3 c=38.1  kl=0.0111  vl=0.2212
Step: 18788352 SPS: 594  ev=0.283  ent=0.426  grad=0.80/0.50  h=6.1 c=35.6  kl=0.0079  vl=0.3127
Step: 18792448 SPS: 594  ev=0.381  ent=0.458  grad=0.79/0.50  h=6.3 c=37.6  kl=0.0104  vl=0.2196
Step: 18796544 SPS: 594  ev=0.351  ent=0.458  grad=0.63/0.50  h=6.2 c=37.6  kl=0.0112  vl=0.2401
Step: 18800640 SPS: 594  ev=0.404  ent=0.438  grad=0.88/0.50  h=6.3 c=38.1  kl=0.0101  vl=0.2259
Step: 18804736 SPS: 594  ev=0.325  ent=0.453  grad=0.67/0.50  h=6.2 c=37.5  kl=0.0092  vl=0.2703
Step: 18808832 SPS: 594  ev=0.344  ent=0.430  grad=0.83/0.50  h=6.2 c=36.2  kl=0.0054  vl=0.2406
Step: 18812928 SPS: 594  ev=0.306  ent=0.474  grad=1.46/0.50  h=6.3 c=38.6  kl=0.0081  vl=0.2623
Step: 18817024 SPS: 594  ev=0.339  ent=0.498  grad=0.86/0.50  h=6.2 c=36.1  kl=0.0134  vl=0.2407
Step: 18821120 SPS: 594  ev=0.299  ent=0.456  grad=0.78/0.50  h=6.3 c=37.6  kl=0.0142  vl=0.2991
Step: 18825216 SPS: 594  ev=0.322  ent=0.471  grad=0.89/0.50  h=6.2 c=36.6  kl=0.0117  vl=0.2573
Step: 18829312 SPS: 594  ev=0.296  ent=0.456  grad=0.87/0.50  h=6.2 c=36.6  kl=0.0102  vl=0.2637
Step: 18833408 SPS: 594  ev=0.347  ent=0.463  grad=0.79/0.50  h=6.2 c=36.7  kl=0.0078  vl=0.2233
Step: 18837504 SPS: 594  ev=0.316  ent=0.427  grad=1.03/0.50  h=6.2 c=37.4  kl=0.0068  vl=0.2867
  vs Random: 100W/0L/0D | score=62.2±32.6 inv=2.7 played=21.5 lanes=4.9 ddraw=2.9 pts=62
  Self-play: 51W/54L/0D | score=18.8±21.8 inv=2.3 played=17.6 lanes=4.7 ddraw=0.9 pts=19
Step: 18841600 SPS: 594  ev=0.353  ent=0.449  grad=0.81/0.50  h=6.2 c=37.0  kl=0.0095  vl=0.2978
Step: 18845696 SPS: 594  ev=0.331  ent=0.436  grad=1.18/0.50  h=6.2 c=37.6  kl=0.0076  vl=0.3026
Step: 18849792 SPS: 594  ev=0.345  ent=0.453  grad=0.75/0.50  h=6.2 c=37.2  kl=0.0087  vl=0.2267
Step: 18853888 SPS: 594  ev=0.278  ent=0.459  grad=1.07/0.50  h=6.2 c=38.1  kl=0.0100  vl=0.2531
Step: 18857984 SPS: 594  ev=0.319  ent=0.452  grad=0.75/0.50  h=6.2 c=36.6  kl=0.0093  vl=0.2648
Step: 18862080 SPS: 594  ev=0.311  ent=0.428  grad=0.69/0.50  h=6.2 c=37.7  kl=0.0089  vl=0.2220
Step: 18866176 SPS: 594  ev=0.300  ent=0.468  grad=1.13/0.50  h=6.1 c=35.9  kl=0.0123  vl=0.2731
Step: 18870272 SPS: 594  ev=0.374  ent=0.472  grad=1.29/0.50  h=6.2 c=36.4  kl=0.0100  vl=0.2149
Step: 18874368 SPS: 594  ev=0.371  ent=0.439  grad=1.31/0.50  h=6.2 c=37.9  kl=0.0117  vl=0.2171
Step: 18878464 SPS: 594  ev=0.410  ent=0.452  grad=1.07/0.50  h=6.2 c=37.4  kl=0.0090  vl=0.2532
Step: 18882560 SPS: 594  ev=0.326  ent=0.438  grad=1.30/0.50  h=6.3 c=38.3  kl=0.0104  vl=0.3114
Step: 18886656 SPS: 594  ev=0.290  ent=0.449  grad=0.69/0.50  h=6.2 c=37.3  kl=0.0085  vl=0.2174
Step: 18890752 SPS: 594  ev=0.306  ent=0.433  grad=0.82/0.50  h=6.2 c=36.6  kl=0.0091  vl=0.2737
Step: 18894848 SPS: 594  ev=0.302  ent=0.431  grad=0.87/0.50  h=6.2 c=37.8  kl=0.0080  vl=0.2135
Step: 18898944 SPS: 594  ev=0.290  ent=0.474  grad=0.82/0.50  h=6.2 c=36.5  kl=0.0131  vl=0.2603
Step: 18903040 SPS: 594  ev=0.314  ent=0.453  grad=1.07/0.50  h=6.2 c=37.9  kl=0.0076  vl=0.2408
Step: 18907136 SPS: 594  ev=0.304  ent=0.495  grad=0.83/0.50  h=6.2 c=36.1  kl=0.0098  vl=0.2861
Step: 18911232 SPS: 594  ev=0.305  ent=0.446  grad=0.98/0.50  h=6.3 c=37.5  kl=0.0075  vl=0.2700
Step: 18915328 SPS: 594  ev=0.346  ent=0.464  grad=0.99/0.50  h=6.2 c=37.0  kl=0.0081  vl=0.2351
Step: 18919424 SPS: 594  ev=0.309  ent=0.451  grad=0.80/0.50  h=6.2 c=37.0  kl=0.0077  vl=0.2943
  vs Random: 101W/0L/0D | score=67.4±33.5 inv=2.7 played=21.3 lanes=4.9 ddraw=2.8 pts=67
  Self-play: 53W/49L/0D | score=23.4±29.5 inv=2.7 played=17.8 lanes=4.6 ddraw=0.7 pts=23
Step: 18923520 SPS: 594  ev=0.349  ent=0.438  grad=0.93/0.50  h=6.3 c=37.9  kl=0.0074  vl=0.2364
Step: 18927616 SPS: 594  ev=0.377  ent=0.438  grad=1.22/0.50  h=6.2 c=36.5  kl=0.0075  vl=0.2084
Step: 18931712 SPS: 594  ev=0.320  ent=0.427  grad=0.93/0.50  h=6.2 c=37.9  kl=0.0079  vl=0.2376
Step: 18935808 SPS: 594  ev=0.310  ent=0.425  grad=0.70/0.50  h=6.1 c=36.4  kl=0.0087  vl=0.2725
Step: 18939904 SPS: 594  ev=0.306  ent=0.473  grad=0.70/0.50  h=6.2 c=36.2  kl=0.0107  vl=0.2707
Step: 18944000 SPS: 594  ev=0.415  ent=0.444  grad=0.66/0.50  h=6.2 c=37.1  kl=0.0109  vl=0.2467
Step: 18948096 SPS: 594  ev=0.197  ent=0.462  grad=1.15/0.50  h=6.2 c=36.4  kl=0.0118  vl=0.3033
Step: 18952192 SPS: 594  ev=0.330  ent=0.452  grad=1.28/0.50  h=6.2 c=37.4  kl=0.0121  vl=0.2467
Step: 18956288 SPS: 594  ev=0.341  ent=0.448  grad=0.97/0.50  h=6.2 c=38.0  kl=0.0076  vl=0.2146
Step: 18960384 SPS: 594  ev=0.358  ent=0.444  grad=0.77/0.50  h=6.1 c=34.9  kl=0.0122  vl=0.2807
Step: 18964480 SPS: 594  ev=0.341  ent=0.442  grad=0.98/0.50  h=6.2 c=37.7  kl=0.0108  vl=0.2676
Step: 18968576 SPS: 594  ev=0.365  ent=0.448  grad=0.77/0.50  h=6.1 c=35.1  kl=0.0070  vl=0.2610
Step: 18972672 SPS: 594  ev=0.356  ent=0.464  grad=0.67/0.50  h=6.2 c=37.0  kl=0.0108  vl=0.2680
Step: 18976768 SPS: 594  ev=0.302  ent=0.456  grad=1.25/0.50  h=6.2 c=36.3  kl=0.0091  vl=0.2851
Step: 18980864 SPS: 594  ev=0.350  ent=0.445  grad=1.00/0.50  h=6.2 c=36.3  kl=0.0131  vl=0.2401
Step: 18984960 SPS: 594  ev=0.321  ent=0.441  grad=0.85/0.50  h=6.2 c=36.9  kl=0.0082  vl=0.2762
Step: 18989056 SPS: 594  ev=0.309  ent=0.443  grad=0.66/0.50  h=6.1 c=35.3  kl=0.0117  vl=0.2659
Step: 18993152 SPS: 594  ev=0.306  ent=0.445  grad=1.58/0.50  h=6.3 c=37.4  kl=0.0070  vl=0.2646
Step: 18997248 SPS: 594  ev=0.362  ent=0.438  grad=1.40/0.50  h=6.2 c=35.8  kl=0.0113  vl=0.2542
Step: 19001344 SPS: 594  ev=0.306  ent=0.479  grad=0.82/0.50  h=6.2 c=37.0  kl=0.0093  vl=0.2427
  vs Random: 101W/0L/0D | score=68.5±34.1 inv=2.9 played=21.8 lanes=4.9 ddraw=2.9 pts=69
  Self-play: 52W/52L/0D | score=20.8±30.2 inv=2.6 played=17.4 lanes=4.6 ddraw=0.8 pts=21
Step: 19005440 SPS: 594  ev=0.369  ent=0.463  grad=1.10/0.50  h=6.1 c=36.9  kl=0.0118  vl=0.2746
Step: 19009536 SPS: 594  ev=0.341  ent=0.411  grad=0.82/0.50  h=6.1 c=35.7  kl=0.0097  vl=0.2780
Step: 19013632 SPS: 594  ev=0.338  ent=0.451  grad=0.91/0.50  h=6.2 c=36.4  kl=0.0098  vl=0.2672
Step: 19017728 SPS: 594  ev=0.355  ent=0.437  grad=0.63/0.50  h=6.1 c=35.7  kl=0.0091  vl=0.2063
Step: 19021824 SPS: 594  ev=0.332  ent=0.457  grad=1.01/0.50  h=6.2 c=36.6  kl=0.0107  vl=0.2339
Step: 19025920 SPS: 594  ev=0.370  ent=0.447  grad=0.70/0.50  h=6.2 c=37.4  kl=0.0077  vl=0.2116
Step: 19030016 SPS: 594  ev=0.352  ent=0.430  grad=0.89/0.50  h=6.1 c=35.8  kl=0.0113  vl=0.2310
Step: 19034112 SPS: 594  ev=0.368  ent=0.463  grad=1.21/0.50  h=6.2 c=36.2  kl=0.0082  vl=0.2448
Step: 19038208 SPS: 594  ev=0.321  ent=0.465  grad=0.98/0.50  h=6.2 c=37.9  kl=0.0104  vl=0.2876
Step: 19042304 SPS: 594  ev=0.328  ent=0.432  grad=1.65/0.50  h=6.1 c=35.9  kl=0.0078  vl=0.2530
Step: 19046400 SPS: 594  ev=0.305  ent=0.443  grad=0.83/0.50  h=6.2 c=37.0  kl=0.0083  vl=0.2501
Step: 19050496 SPS: 594  ev=0.368  ent=0.462  grad=1.00/0.50  h=6.1 c=35.7  kl=0.0087  vl=0.2372
Step: 19054592 SPS: 594  ev=0.334  ent=0.428  grad=0.83/0.50  h=6.2 c=36.0  kl=0.0090  vl=0.2665
Step: 19058688 SPS: 594  ev=0.329  ent=0.451  grad=0.92/0.50  h=6.2 c=37.0  kl=0.0097  vl=0.2484
Step: 19062784 SPS: 594  ev=0.324  ent=0.438  grad=0.85/0.50  h=6.2 c=36.9  kl=0.0101  vl=0.2763
Step: 19066880 SPS: 594  ev=0.329  ent=0.464  grad=0.84/0.50  h=6.2 c=35.7  kl=0.0080  vl=0.2122
Step: 19070976 SPS: 594  ev=0.332  ent=0.457  grad=0.82/0.50  h=6.2 c=36.0  kl=0.0095  vl=0.3090
Step: 19075072 SPS: 594  ev=0.347  ent=0.466  grad=0.86/0.50  h=6.1 c=35.5  kl=0.0070  vl=0.2234
Step: 19079168 SPS: 594  ev=0.342  ent=0.436  grad=0.85/0.50  h=6.2 c=36.3  kl=0.0105  vl=0.2466
Step: 19083264 SPS: 594  ev=0.325  ent=0.454  grad=0.64/0.50  h=6.2 c=36.5  kl=0.0102  vl=0.2652
  vs Random: 100W/0L/0D | score=66.7±32.7 inv=2.8 played=21.4 lanes=4.8 ddraw=2.9 pts=67
  Self-play: 47W/57L/2D | score=20.3±27.0 inv=2.4 played=18.0 lanes=4.7 ddraw=0.8 pts=20
Step: 19087360 SPS: 594  ev=0.326  ent=0.412  grad=1.01/0.50  h=6.1 c=35.1  kl=0.0096  vl=0.3166
Step: 19091456 SPS: 594  ev=0.300  ent=0.447  grad=0.67/0.50  h=6.2 c=35.1  kl=0.0094  vl=0.2506
Step: 19095552 SPS: 594  ev=0.358  ent=0.458  grad=1.47/0.50  h=6.1 c=36.5  kl=0.0099  vl=0.2472
Step: 19099648 SPS: 594  ev=0.365  ent=0.465  grad=0.79/0.50  h=6.1 c=35.6  kl=0.0080  vl=0.2615
Step: 19103744 SPS: 594  ev=0.320  ent=0.425  grad=0.70/0.50  h=6.2 c=36.3  kl=0.0114  vl=0.2559
Step: 19107840 SPS: 594  ev=0.301  ent=0.436  grad=1.74/0.50  h=6.2 c=35.3  kl=0.0096  vl=0.2824
Step: 19111936 SPS: 594  ev=0.364  ent=0.464  grad=1.41/0.50  h=6.2 c=36.5  kl=0.0101  vl=0.2558
Step: 19116032 SPS: 594  ev=0.271  ent=0.454  grad=0.86/0.50  h=6.2 c=35.9  kl=0.0094  vl=0.2036
Step: 19120128 SPS: 594  ev=0.313  ent=0.447  grad=0.57/0.50  h=6.2 c=36.2  kl=0.0098  vl=0.2705
Step: 19124224 SPS: 594  ev=0.266  ent=0.423  grad=0.91/0.50  h=6.1 c=35.4  kl=0.0145  vl=0.2587
Step: 19128320 SPS: 594  ev=0.344  ent=0.459  grad=0.64/0.50  h=6.1 c=35.5  kl=0.0081  vl=0.2526
Step: 19132416 SPS: 594  ev=0.328  ent=0.429  grad=0.69/0.50  h=6.2 c=36.1  kl=0.0072  vl=0.2580
Step: 19136512 SPS: 594  ev=0.251  ent=0.425  grad=0.99/0.50  h=6.1 c=34.3  kl=0.0113  vl=0.3036
Step: 19140608 SPS: 594  ev=0.403  ent=0.436  grad=0.97/0.50  h=6.2 c=35.8  kl=0.0105  vl=0.2542
Step: 19144704 SPS: 594  ev=0.352  ent=0.441  grad=0.95/0.50  h=6.2 c=35.8  kl=0.0101  vl=0.2460
Step: 19148800 SPS: 594  ev=0.468  ent=0.439  grad=0.66/0.50  h=6.1 c=35.0  kl=0.0099  vl=0.1560
Step: 19152896 SPS: 594  ev=0.337  ent=0.445  grad=0.99/0.50  h=6.2 c=35.7  kl=0.0100  vl=0.2455
Step: 19156992 SPS: 594  ev=0.359  ent=0.454  grad=0.79/0.50  h=6.1 c=36.2  kl=0.0096  vl=0.2624
Step: 19161088 SPS: 594  ev=0.332  ent=0.451  grad=0.80/0.50  h=6.2 c=36.4  kl=0.0097  vl=0.2644
Step: 19165184 SPS: 594  ev=0.314  ent=0.451  grad=0.85/0.50  h=6.1 c=35.5  kl=0.0097  vl=0.2765
  vs Random: 100W/0L/0D | score=65.8±28.8 inv=2.6 played=21.7 lanes=4.9 ddraw=2.8 pts=66
  Self-play: 57W/43L/1D | score=19.5±27.5 inv=2.5 played=17.8 lanes=4.7 ddraw=0.9 pts=19
Step: 19169280 SPS: 594  ev=0.396  ent=0.460  grad=1.64/0.50  h=6.2 c=36.0  kl=0.0094  vl=0.2292
Step: 19173376 SPS: 594  ev=0.347  ent=0.425  grad=0.92/0.50  h=6.1 c=36.0  kl=0.0083  vl=0.2502
Step: 19177472 SPS: 594  ev=0.286  ent=0.443  grad=0.77/0.50  h=6.1 c=35.5  kl=0.0087  vl=0.2413
Step: 19181568 SPS: 594  ev=0.313  ent=0.446  grad=0.80/0.50  h=6.2 c=36.2  kl=0.0112  vl=0.2844
Step: 19185664 SPS: 594  ev=0.299  ent=0.455  grad=0.77/0.50  h=6.1 c=35.7  kl=0.0118  vl=0.2826
Step: 19189760 SPS: 594  ev=0.250  ent=0.448  grad=1.08/0.50  h=6.2 c=35.9  kl=0.0107  vl=0.2859
Step: 19193856 SPS: 594  ev=0.268  ent=0.446  grad=0.89/0.50  h=6.1 c=35.1  kl=0.0096  vl=0.3302
Step: 19197952 SPS: 594  ev=0.341  ent=0.451  grad=0.89/0.50  h=6.2 c=35.4  kl=0.0104  vl=0.2813
Step: 19202048 SPS: 594  ev=0.385  ent=0.460  grad=0.94/0.50  h=6.1 c=35.6  kl=0.0109  vl=0.2527
Step: 19206144 SPS: 594  ev=0.380  ent=0.442  grad=0.78/0.50  h=6.1 c=35.2  kl=0.0159  vl=0.2447
Step: 19210240 SPS: 594  ev=0.328  ent=0.460  grad=1.36/0.50  h=6.2 c=36.3  kl=0.0112  vl=0.2646
Step: 19214336 SPS: 594  ev=0.419  ent=0.458  grad=1.30/0.50  h=6.3 c=37.4  kl=0.0115  vl=0.2103
Step: 19218432 SPS: 594  ev=0.228  ent=0.435  grad=0.72/0.50  h=6.1 c=33.8  kl=0.0140  vl=0.3490
Step: 19222528 SPS: 594  ev=0.317  ent=0.450  grad=0.90/0.50  h=6.1 c=37.2  kl=0.0153  vl=0.3213
Step: 19226624 SPS: 594  ev=0.316  ent=0.427  grad=0.76/0.50  h=6.1 c=35.8  kl=0.0061  vl=0.2232
Step: 19230720 SPS: 594  ev=0.324  ent=0.418  grad=0.70/0.50  h=6.2 c=36.2  kl=0.0113  vl=0.2813
Step: 19234816 SPS: 594  ev=0.303  ent=0.467  grad=0.69/0.50  h=6.2 c=36.3  kl=0.0108  vl=0.2658
Step: 19238912 SPS: 594  ev=0.283  ent=0.423  grad=0.70/0.50  h=6.2 c=35.0  kl=0.0098  vl=0.2664
Step: 19243008 SPS: 594  ev=0.349  ent=0.417  grad=1.35/0.50  h=6.2 c=37.3  kl=0.0098  vl=0.2472
Step: 19247104 SPS: 594  ev=0.364  ent=0.442  grad=0.68/0.50  h=6.1 c=35.1  kl=0.0094  vl=0.2332
  vs Random: 101W/0L/0D | score=63.7±33.6 inv=2.8 played=21.4 lanes=4.8 ddraw=3.3 pts=64
  Self-play: 49W/54L/1D | score=24.2±30.7 inv=2.6 played=18.0 lanes=4.6 ddraw=0.8 pts=24
Step: 19251200 SPS: 594  ev=0.383  ent=0.418  grad=0.97/0.50  h=6.2 c=37.0  kl=0.0096  vl=0.2334
Step: 19255296 SPS: 594  ev=0.377  ent=0.441  grad=0.85/0.50  h=6.2 c=36.4  kl=0.0091  vl=0.2357
Step: 19259392 SPS: 594  ev=0.277  ent=0.444  grad=0.86/0.50  h=6.2 c=36.1  kl=0.0109  vl=0.2516
Step: 19263488 SPS: 594  ev=0.320  ent=0.447  grad=0.63/0.50  h=6.2 c=36.6  kl=0.0092  vl=0.2449
Step: 19267584 SPS: 594  ev=0.358  ent=0.449  grad=0.78/0.50  h=6.2 c=36.5  kl=0.0091  vl=0.2393
Step: 19271680 SPS: 594  ev=0.364  ent=0.433  grad=0.64/0.50  h=6.2 c=36.1  kl=0.0070  vl=0.2253
Step: 19275776 SPS: 594  ev=0.354  ent=0.447  grad=1.12/0.50  h=6.2 c=36.9  kl=0.0086  vl=0.2677
Step: 19279872 SPS: 594  ev=0.338  ent=0.437  grad=0.95/0.50  h=6.2 c=35.9  kl=0.0090  vl=0.2236
Step: 19283968 SPS: 594  ev=0.315  ent=0.489  grad=0.78/0.50  h=6.2 c=37.1  kl=0.0108  vl=0.2775
Step: 19288064 SPS: 594  ev=0.378  ent=0.429  grad=0.68/0.50  h=6.2 c=36.3  kl=0.0100  vl=0.2208
Step: 19292160 SPS: 594  ev=0.348  ent=0.453  grad=1.58/0.50  h=6.3 c=36.7  kl=0.0089  vl=0.2445
Step: 19296256 SPS: 594  ev=0.339  ent=0.437  grad=0.65/0.50  h=6.3 c=37.6  kl=0.0078  vl=0.2766
Step: 19300352 SPS: 594  ev=0.330  ent=0.450  grad=0.75/0.50  h=6.2 c=35.7  kl=0.0095  vl=0.2896
Step: 19304448 SPS: 594  ev=0.314  ent=0.457  grad=0.71/0.50  h=6.2 c=36.9  kl=0.0109  vl=0.2465
Step: 19308544 SPS: 594  ev=0.315  ent=0.444  grad=0.84/0.50  h=6.2 c=36.3  kl=0.0097  vl=0.2660
Step: 19312640 SPS: 594  ev=0.312  ent=0.439  grad=1.67/0.50  h=6.2 c=35.7  kl=0.0095  vl=0.2520
Step: 19316736 SPS: 594  ev=0.380  ent=0.451  grad=0.75/0.50  h=6.2 c=37.0  kl=0.0081  vl=0.2279
Step: 19320832 SPS: 594  ev=0.351  ent=0.452  grad=0.77/0.50  h=6.2 c=35.9  kl=0.0099  vl=0.2371
Step: 19324928 SPS: 594  ev=0.350  ent=0.428  grad=0.66/0.50  h=6.3 c=37.2  kl=0.0111  vl=0.3005
Step: 19329024 SPS: 594  ev=0.334  ent=0.463  grad=0.90/0.50  h=6.3 c=37.9  kl=0.0105  vl=0.2333
  vs Random: 100W/0L/0D | score=66.8±30.0 inv=2.7 played=21.6 lanes=4.9 ddraw=3.3 pts=67
  Self-play: 54W/50L/1D | score=15.9±24.9 inv=2.8 played=18.0 lanes=4.7 ddraw=0.9 pts=16
Step: 19333120 SPS: 594  ev=0.310  ent=0.445  grad=0.72/0.50  h=6.2 c=36.4  kl=0.0092  vl=0.2363
Step: 19337216 SPS: 594  ev=0.398  ent=0.432  grad=1.17/0.50  h=6.3 c=36.9  kl=0.0100  vl=0.1941
Step: 19341312 SPS: 594  ev=0.391  ent=0.472  grad=0.89/0.50  h=6.2 c=36.0  kl=0.0120  vl=0.2495
Step: 19345408 SPS: 594  ev=0.382  ent=0.418  grad=0.74/0.50  h=6.3 c=37.2  kl=0.0096  vl=0.2021
Step: 19349504 SPS: 594  ev=0.338  ent=0.469  grad=0.92/0.50  h=6.2 c=36.8  kl=0.0096  vl=0.3025
Step: 19353600 SPS: 594  ev=0.301  ent=0.456  grad=1.05/0.50  h=6.2 c=35.8  kl=0.0087  vl=0.2567
Step: 19357696 SPS: 594  ev=0.360  ent=0.471  grad=0.64/0.50  h=6.2 c=37.2  kl=0.0095  vl=0.2868
Step: 19361792 SPS: 594  ev=0.328  ent=0.470  grad=0.90/0.50  h=6.2 c=36.2  kl=0.0083  vl=0.2430
Step: 19365888 SPS: 594  ev=0.362  ent=0.426  grad=0.95/0.50  h=6.3 c=36.1  kl=0.0103  vl=0.2247
Step: 19369984 SPS: 594  ev=0.359  ent=0.450  grad=0.97/0.50  h=6.2 c=36.9  kl=0.0084  vl=0.1985
Step: 19374080 SPS: 594  ev=0.333  ent=0.478  grad=0.94/0.50  h=6.2 c=36.1  kl=0.0076  vl=0.2040
Step: 19378176 SPS: 594  ev=0.340  ent=0.438  grad=0.66/0.50  h=6.3 c=37.8  kl=0.0140  vl=0.2992
Step: 19382272 SPS: 594  ev=0.374  ent=0.432  grad=1.15/0.50  h=6.2 c=37.6  kl=0.0080  vl=0.2393
Step: 19386368 SPS: 594  ev=0.337  ent=0.425  grad=0.66/0.50  h=6.3 c=35.4  kl=0.0102  vl=0.2754
Step: 19390464 SPS: 594  ev=0.389  ent=0.451  grad=1.22/0.50  h=6.3 c=37.4  kl=0.0094  vl=0.2830
Step: 19394560 SPS: 594  ev=0.338  ent=0.456  grad=1.03/0.50  h=6.2 c=36.6  kl=0.0100  vl=0.2572
Step: 19398656 SPS: 594  ev=0.398  ent=0.428  grad=0.78/0.50  h=6.2 c=36.2  kl=0.0092  vl=0.2872
Step: 19402752 SPS: 594  ev=0.381  ent=0.435  grad=0.76/0.50  h=6.3 c=37.7  kl=0.0087  vl=0.2483
Step: 19406848 SPS: 594  ev=0.362  ent=0.465  grad=0.73/0.50  h=6.3 c=36.1  kl=0.0078  vl=0.2442
Step: 19410944 SPS: 594  ev=0.344  ent=0.433  grad=0.98/0.50  h=6.3 c=37.7  kl=0.0068  vl=0.2625
  vs Random: 102W/0L/0D | score=60.4±29.9 inv=2.6 played=21.2 lanes=4.9 ddraw=3.1 pts=60
  Self-play: 52W/52L/0D | score=22.4±29.0 inv=2.5 played=17.9 lanes=4.7 ddraw=0.8 pts=22
Step: 19415040 SPS: 594  ev=0.349  ent=0.449  grad=1.27/0.50  h=6.2 c=37.1  kl=0.0077  vl=0.2585
Step: 19419136 SPS: 594  ev=0.352  ent=0.438  grad=0.78/0.50  h=6.2 c=35.7  kl=0.0109  vl=0.2773
Step: 19423232 SPS: 594  ev=0.323  ent=0.416  grad=0.76/0.50  h=6.3 c=37.1  kl=0.0103  vl=0.2698
Step: 19427328 SPS: 594  ev=0.363  ent=0.486  grad=0.98/0.50  h=6.3 c=36.2  kl=0.0094  vl=0.2472
Step: 19431424 SPS: 594  ev=0.315  ent=0.451  grad=1.37/0.50  h=6.3 c=38.5  kl=0.0083  vl=0.3065
Step: 19435520 SPS: 594  ev=0.338  ent=0.450  grad=0.76/0.50  h=6.2 c=36.7  kl=0.0084  vl=0.2116
Step: 19439616 SPS: 594  ev=0.314  ent=0.434  grad=0.89/0.50  h=6.3 c=36.6  kl=0.0119  vl=0.2896
Step: 19443712 SPS: 594  ev=0.253  ent=0.440  grad=0.73/0.50  h=6.3 c=38.4  kl=0.0110  vl=0.2849
Step: 19447808 SPS: 594  ev=0.312  ent=0.452  grad=0.80/0.50  h=6.2 c=36.1  kl=0.0148  vl=0.2908
Step: 19451904 SPS: 594  ev=0.295  ent=0.437  grad=0.91/0.50  h=6.3 c=38.8  kl=0.0087  vl=0.2460
Step: 19456000 SPS: 594  ev=0.334  ent=0.452  grad=0.75/0.50  h=6.3 c=37.7  kl=0.0108  vl=0.2625
Step: 19460096 SPS: 594  ev=0.381  ent=0.454  grad=0.77/0.50  h=6.3 c=37.2  kl=0.0093  vl=0.2294
Step: 19464192 SPS: 594  ev=0.298  ent=0.432  grad=0.73/0.50  h=6.2 c=36.2  kl=0.0064  vl=0.2180
Step: 19468288 SPS: 594  ev=0.222  ent=0.437  grad=0.90/0.50  h=6.3 c=37.0  kl=0.0089  vl=0.2774
Step: 19472384 SPS: 594  ev=0.287  ent=0.446  grad=1.00/0.50  h=6.4 c=38.2  kl=0.0099  vl=0.2418
Step: 19476480 SPS: 594  ev=0.334  ent=0.425  grad=1.11/0.50  h=6.2 c=36.6  kl=0.0081  vl=0.2715
Step: 19480576 SPS: 594  ev=0.305  ent=0.423  grad=1.28/0.50  h=6.3 c=38.6  kl=0.0109  vl=0.2701
Step: 19484672 SPS: 594  ev=0.403  ent=0.432  grad=0.83/0.50  h=6.2 c=36.4  kl=0.0074  vl=0.2455
Step: 19488768 SPS: 594  ev=0.305  ent=0.431  grad=0.75/0.50  h=6.3 c=37.2  kl=0.0101  vl=0.2552
Step: 19492864 SPS: 594  ev=0.303  ent=0.437  grad=0.81/0.50  h=6.3 c=37.9  kl=0.0093  vl=0.2596
  vs Random: 100W/0L/0D | score=61.2±31.7 inv=2.8 played=21.0 lanes=4.8 ddraw=3.1 pts=61
  Self-play: 40W/62L/0D | score=15.0±23.6 inv=2.7 played=17.8 lanes=4.7 ddraw=1.0 pts=15
Step: 19496960 SPS: 594  ev=0.365  ent=0.445  grad=1.28/0.50  h=6.2 c=36.3  kl=0.0107  vl=0.2393
Step: 19501056 SPS: 594  ev=0.367  ent=0.437  grad=0.69/0.50  h=6.3 c=38.3  kl=0.0094  vl=0.2042
Step: 19505152 SPS: 594  ev=0.396  ent=0.461  grad=1.60/0.50  h=6.2 c=36.5  kl=0.0112  vl=0.1931
Step: 19509248 SPS: 594  ev=0.371  ent=0.435  grad=1.19/0.50  h=6.3 c=37.1  kl=0.0097  vl=0.2547
Step: 19513344 SPS: 594  ev=0.299  ent=0.448  grad=0.70/0.50  h=6.2 c=37.7  kl=0.0062  vl=0.2530
Step: 19517440 SPS: 594  ev=0.292  ent=0.466  grad=0.88/0.50  h=6.2 c=37.0  kl=0.0100  vl=0.2878
Step: 19521536 SPS: 594  ev=0.311  ent=0.441  grad=0.61/0.50  h=6.2 c=37.3  kl=0.0107  vl=0.2689
Step: 19525632 SPS: 594  ev=0.258  ent=0.467  grad=0.87/0.50  h=6.2 c=36.9  kl=0.0064  vl=0.2480
Step: 19529728 SPS: 594  ev=0.287  ent=0.428  grad=0.66/0.50  h=6.3 c=37.9  kl=0.0080  vl=0.2256
Step: 19533824 SPS: 594  ev=0.266  ent=0.432  grad=1.33/0.50  h=6.2 c=37.4  kl=0.0116  vl=0.2957
Step: 19537920 SPS: 594  ev=0.300  ent=0.452  grad=1.25/0.50  h=6.3 c=38.1  kl=0.0088  vl=0.2711
Step: 19542016 SPS: 594  ev=0.348  ent=0.456  grad=0.88/0.50  h=6.3 c=39.6  kl=0.0111  vl=0.2713
Step: 19546112 SPS: 594  ev=0.417  ent=0.402  grad=0.85/0.50  h=6.2 c=37.1  kl=0.0098  vl=0.2588
Step: 19550208 SPS: 594  ev=0.380  ent=0.448  grad=0.63/0.50  h=6.3 c=38.7  kl=0.0101  vl=0.1936
Step: 19554304 SPS: 594  ev=0.384  ent=0.448  grad=0.75/0.50  h=6.3 c=38.7  kl=0.0075  vl=0.2216
Step: 19558400 SPS: 594  ev=0.319  ent=0.424  grad=0.74/0.50  h=6.3 c=37.6  kl=0.0098  vl=0.2550
Step: 19562496 SPS: 594  ev=0.328  ent=0.470  grad=0.71/0.50  h=6.2 c=38.0  kl=0.0072  vl=0.2644
Step: 19566592 SPS: 594  ev=0.290  ent=0.432  grad=1.09/0.50  h=6.2 c=37.2  kl=0.0083  vl=0.2625
Step: 19570688 SPS: 594  ev=0.283  ent=0.410  grad=0.70/0.50  h=6.3 c=38.6  kl=0.0086  vl=0.2246
Step: 19574784 SPS: 594  ev=0.304  ent=0.431  grad=1.28/0.50  h=6.2 c=38.2  kl=0.0096  vl=0.2676
  vs Random: 101W/0L/0D | score=66.8±34.9 inv=2.7 played=21.3 lanes=4.9 ddraw=3.0 pts=67
  Self-play: 55W/49L/0D | score=20.5±26.9 inv=2.5 played=17.9 lanes=4.7 ddraw=0.9 pts=20
Step: 19578880 SPS: 594  ev=0.302  ent=0.427  grad=0.62/0.50  h=6.2 c=36.9  kl=0.0104  vl=0.2483
Step: 19582976 SPS: 594  ev=0.249  ent=0.418  grad=1.10/0.50  h=6.3 c=39.6  kl=0.0090  vl=0.2720
Step: 19587072 SPS: 594  ev=0.284  ent=0.449  grad=0.91/0.50  h=6.2 c=36.8  kl=0.0093  vl=0.1989
Step: 19591168 SPS: 594  ev=0.323  ent=0.451  grad=0.91/0.50  h=6.3 c=37.8  kl=0.0116  vl=0.2473
Step: 19595264 SPS: 594  ev=0.342  ent=0.471  grad=0.83/0.50  h=6.2 c=37.7  kl=0.0112  vl=0.2635
Step: 19599360 SPS: 594  ev=0.367  ent=0.436  grad=0.89/0.50  h=6.2 c=37.3  kl=0.0105  vl=0.2800
Step: 19603456 SPS: 594  ev=0.368  ent=0.430  grad=0.65/0.50  h=6.3 c=38.4  kl=0.0083  vl=0.2215
Step: 19607552 SPS: 594  ev=0.301  ent=0.471  grad=0.69/0.50  h=6.3 c=37.2  kl=0.0101  vl=0.2504
Step: 19611648 SPS: 594  ev=0.337  ent=0.466  grad=0.76/0.50  h=6.3 c=38.4  kl=0.0090  vl=0.2474
Step: 19615744 SPS: 594  ev=0.292  ent=0.443  grad=0.77/0.50  h=6.2 c=36.8  kl=0.0106  vl=0.2978
Step: 19619840 SPS: 594  ev=0.305  ent=0.468  grad=0.86/0.50  h=6.3 c=37.2  kl=0.0109  vl=0.3073
Step: 19623936 SPS: 594  ev=0.399  ent=0.454  grad=0.78/0.50  h=6.2 c=38.0  kl=0.0107  vl=0.2103
Step: 19628032 SPS: 594  ev=0.326  ent=0.473  grad=0.68/0.50  h=6.3 c=36.6  kl=0.0114  vl=0.2703
Step: 19632128 SPS: 594  ev=0.329  ent=0.474  grad=0.96/0.50  h=6.3 c=38.6  kl=0.0101  vl=0.2499
Step: 19636224 SPS: 594  ev=0.340  ent=0.463  grad=1.13/0.50  h=6.2 c=36.4  kl=0.0099  vl=0.2657
Step: 19640320 SPS: 594  ev=0.313  ent=0.459  grad=0.70/0.50  h=6.2 c=36.6  kl=0.0095  vl=0.2579
Step: 19644416 SPS: 594  ev=0.292  ent=0.456  grad=0.75/0.50  h=6.3 c=38.6  kl=0.0128  vl=0.2866
Step: 19648512 SPS: 594  ev=0.322  ent=0.463  grad=1.10/0.50  h=6.2 c=35.9  kl=0.0094  vl=0.2245
Step: 19652608 SPS: 594  ev=0.395  ent=0.451  grad=0.63/0.50  h=6.3 c=38.2  kl=0.0089  vl=0.2299
Step: 19656704 SPS: 594  ev=0.313  ent=0.471  grad=0.78/0.50  h=6.2 c=37.8  kl=0.0128  vl=0.2034
  vs Random: 101W/0L/0D | score=62.0±34.6 inv=2.4 played=20.9 lanes=4.8 ddraw=2.8 pts=62
  Self-play: 52W/50L/0D | score=20.4±24.9 inv=2.3 played=17.8 lanes=4.7 ddraw=0.9 pts=20
Step: 19660800 SPS: 594  ev=0.372  ent=0.432  grad=0.77/0.50  h=6.2 c=36.0  kl=0.0100  vl=0.2741
Step: 19664896 SPS: 594  ev=0.351  ent=0.468  grad=0.92/0.50  h=6.3 c=38.3  kl=0.0118  vl=0.2419
Step: 19668992 SPS: 594  ev=0.333  ent=0.472  grad=0.69/0.50  h=6.3 c=36.8  kl=0.0084  vl=0.2802
Step: 19673088 SPS: 594  ev=0.368  ent=0.461  grad=1.42/0.50  h=6.4 c=38.1  kl=0.0138  vl=0.2673
Step: 19677184 SPS: 594  ev=0.250  ent=0.461  grad=0.65/0.50  h=6.2 c=37.1  kl=0.0091  vl=0.3050
Step: 19681280 SPS: 594  ev=0.238  ent=0.473  grad=0.74/0.50  h=6.2 c=35.5  kl=0.0090  vl=0.2454
Step: 19685376 SPS: 594  ev=0.320  ent=0.455  grad=0.82/0.50  h=6.3 c=38.9  kl=0.0118  vl=0.2171
Step: 19689472 SPS: 594  ev=0.343  ent=0.446  grad=0.90/0.50  h=6.2 c=37.2  kl=0.0103  vl=0.2545
Step: 19693568 SPS: 594  ev=0.331  ent=0.459  grad=0.85/0.50  h=6.3 c=37.5  kl=0.0087  vl=0.2682
Step: 19697664 SPS: 594  ev=0.335  ent=0.465  grad=0.90/0.50  h=6.2 c=37.5  kl=0.0150  vl=0.2418
Step: 19701760 SPS: 594  ev=0.349  ent=0.427  grad=0.65/0.50  h=6.2 c=37.1  kl=0.0101  vl=0.2632
Step: 19705856 SPS: 594  ev=0.362  ent=0.462  grad=1.01/0.50  h=6.2 c=38.3  kl=0.0123  vl=0.2199
Step: 19709952 SPS: 594  ev=0.317  ent=0.437  grad=1.76/0.50  h=6.2 c=37.1  kl=0.0100  vl=0.3224
Step: 19714048 SPS: 594  ev=0.295  ent=0.446  grad=0.91/0.50  h=6.2 c=37.7  kl=0.0126  vl=0.2849
Step: 19718144 SPS: 594  ev=0.280  ent=0.432  grad=0.73/0.50  h=6.2 c=37.9  kl=0.0126  vl=0.2985
Step: 19722240 SPS: 594  ev=0.250  ent=0.443  grad=1.33/0.50  h=6.1 c=35.8  kl=0.0116  vl=0.3242
Step: 19726336 SPS: 594  ev=0.362  ent=0.474  grad=0.74/0.50  h=6.2 c=38.2  kl=0.0137  vl=0.2498
Step: 19730432 SPS: 594  ev=0.360  ent=0.436  grad=0.83/0.50  h=6.2 c=37.8  kl=0.0121  vl=0.3034
Step: 19734528 SPS: 594  ev=0.310  ent=0.448  grad=0.85/0.50  h=6.2 c=37.8  kl=0.0123  vl=0.2560
Step: 19738624 SPS: 594  ev=0.321  ent=0.482  grad=0.62/0.50  h=6.2 c=36.2  kl=0.0100  vl=0.2501
  vs Random: 100W/0L/0D | score=64.8±36.3 inv=2.6 played=21.3 lanes=4.8 ddraw=2.5 pts=65
  Self-play: 47W/53L/3D | score=21.0±24.7 inv=2.8 played=17.8 lanes=4.5 ddraw=0.9 pts=21
Step: 19742720 SPS: 594  ev=0.328  ent=0.467  grad=0.63/0.50  h=6.2 c=37.5  kl=0.0110  vl=0.2236
Step: 19746816 SPS: 594  ev=0.374  ent=0.451  grad=0.80/0.50  h=6.2 c=36.9  kl=0.0112  vl=0.2377
Step: 19750912 SPS: 594  ev=0.306  ent=0.459  grad=0.73/0.50  h=6.2 c=36.8  kl=0.0090  vl=0.2667
Step: 19755008 SPS: 594  ev=0.285  ent=0.458  grad=0.80/0.50  h=6.2 c=37.7  kl=0.0077  vl=0.2567
Step: 19759104 SPS: 594  ev=0.310  ent=0.463  grad=0.91/0.50  h=6.2 c=37.3  kl=0.0104  vl=0.2979
Step: 19763200 SPS: 594  ev=0.279  ent=0.456  grad=0.60/0.50  h=6.2 c=37.5  kl=0.0091  vl=0.2793
Step: 19767296 SPS: 594  ev=0.405  ent=0.454  grad=0.65/0.50  h=6.2 c=36.4  kl=0.0121  vl=0.1863
Step: 19771392 SPS: 594  ev=0.340  ent=0.440  grad=1.55/0.50  h=6.1 c=36.3  kl=0.0104  vl=0.2411
Step: 19775488 SPS: 594  ev=0.296  ent=0.463  grad=0.87/0.50  h=6.2 c=36.6  kl=0.0085  vl=0.3087
Step: 19779584 SPS: 594  ev=0.312  ent=0.461  grad=1.55/0.50  h=6.2 c=36.6  kl=0.0146  vl=0.2607
Step: 19783680 SPS: 594  ev=0.354  ent=0.461  grad=0.96/0.50  h=6.3 c=37.6  kl=0.0076  vl=0.2598
Step: 19787776 SPS: 594  ev=0.338  ent=0.451  grad=1.01/0.50  h=6.2 c=37.7  kl=0.0122  vl=0.2315
Step: 19791872 SPS: 594  ev=0.360  ent=0.450  grad=0.81/0.50  h=6.2 c=37.2  kl=0.0107  vl=0.2544
Step: 19795968 SPS: 594  ev=0.255  ent=0.445  grad=0.80/0.50  h=6.3 c=37.1  kl=0.0108  vl=0.2954
Step: 19800064 SPS: 594  ev=0.248  ent=0.436  grad=1.16/0.50  h=6.2 c=36.6  kl=0.0115  vl=0.3176
Step: 19804160 SPS: 594  ev=0.325  ent=0.466  grad=0.78/0.50  h=6.2 c=37.2  kl=0.0098  vl=0.2867
Step: 19808256 SPS: 594  ev=0.286  ent=0.433  grad=0.92/0.50  h=6.2 c=37.3  kl=0.0086  vl=0.3053
Step: 19812352 SPS: 594  ev=0.287  ent=0.475  grad=0.95/0.50  h=6.2 c=37.4  kl=0.0107  vl=0.2950
Step: 19816448 SPS: 594  ev=0.311  ent=0.446  grad=1.16/0.50  h=6.3 c=38.3  kl=0.0079  vl=0.2329
Step: 19820544 SPS: 594  ev=0.314  ent=0.483  grad=0.83/0.50  h=6.2 c=37.8  kl=0.0103  vl=0.3027
  vs Random: 102W/0L/0D | score=67.5±32.5 inv=2.7 played=21.3 lanes=4.8 ddraw=2.5 pts=67
  Self-play: 51W/49L/0D | score=24.6±29.6 inv=2.8 played=18.1 lanes=4.6 ddraw=1.0 pts=25
Step: 19824640 SPS: 594  ev=0.357  ent=0.471  grad=0.77/0.50  h=6.2 c=36.5  kl=0.0133  vl=0.2514
Step: 19828736 SPS: 594  ev=0.332  ent=0.456  grad=0.76/0.50  h=6.2 c=37.6  kl=0.0107  vl=0.2758
Step: 19832832 SPS: 594  ev=0.277  ent=0.453  grad=1.18/0.50  h=6.2 c=36.5  kl=0.0092  vl=0.2744
Step: 19836928 SPS: 594  ev=0.319  ent=0.468  grad=0.99/0.50  h=6.2 c=37.0  kl=0.0095  vl=0.2137
Step: 19841024 SPS: 594  ev=0.299  ent=0.462  grad=0.89/0.50  h=6.2 c=37.8  kl=0.0094  vl=0.2561
Step: 19845120 SPS: 594  ev=0.300  ent=0.451  grad=0.71/0.50  h=6.2 c=36.4  kl=0.0085  vl=0.2284
Step: 19849216 SPS: 594  ev=0.347  ent=0.451  grad=0.69/0.50  h=6.2 c=37.3  kl=0.0094  vl=0.2449
Step: 19853312 SPS: 594  ev=0.287  ent=0.465  grad=0.89/0.50  h=6.3 c=38.3  kl=0.0098  vl=0.2519
Step: 19857408 SPS: 594  ev=0.364  ent=0.460  grad=0.73/0.50  h=6.3 c=37.7  kl=0.0113  vl=0.2340
Step: 19861504 SPS: 594  ev=0.367  ent=0.446  grad=0.79/0.50  h=6.3 c=37.9  kl=0.0097  vl=0.2466
Step: 19865600 SPS: 594  ev=0.328  ent=0.452  grad=0.63/0.50  h=6.2 c=36.4  kl=0.0109  vl=0.2661
Step: 19869696 SPS: 594  ev=0.334  ent=0.454  grad=0.68/0.50  h=6.2 c=36.9  kl=0.0066  vl=0.2327
Step: 19873792 SPS: 594  ev=0.244  ent=0.455  grad=0.63/0.50  h=6.3 c=38.7  kl=0.0079  vl=0.2283
Step: 19877888 SPS: 594  ev=0.293  ent=0.462  grad=1.10/0.50  h=6.2 c=37.4  kl=0.0076  vl=0.2406
Step: 19881984 SPS: 594  ev=0.353  ent=0.463  grad=0.81/0.50  h=6.3 c=37.8  kl=0.0078  vl=0.2274
Step: 19886080 SPS: 594  ev=0.327  ent=0.447  grad=2.21/0.50  h=6.2 c=37.6  kl=0.0089  vl=0.2977
Step: 19890176 SPS: 594  ev=0.288  ent=0.454  grad=0.71/0.50  h=6.3 c=37.2  kl=0.0104  vl=0.2561
Step: 19894272 SPS: 594  ev=0.323  ent=0.446  grad=0.98/0.50  h=6.3 c=38.3  kl=0.0100  vl=0.2472
Step: 19898368 SPS: 594  ev=0.339  ent=0.457  grad=1.11/0.50  h=6.3 c=38.8  kl=0.0113  vl=0.2956
Step: 19902464 SPS: 594  ev=0.288  ent=0.457  grad=0.79/0.50  h=6.3 c=37.1  kl=0.0115  vl=0.2841
  vs Random: 101W/0L/0D | score=63.4±31.1 inv=2.6 played=21.6 lanes=4.8 ddraw=2.7 pts=63
  Self-play: 52W/48L/1D | score=22.0±23.3 inv=2.7 played=17.9 lanes=4.7 ddraw=1.1 pts=22
Step: 19906560 SPS: 594  ev=0.346  ent=0.444  grad=1.14/0.50  h=6.2 c=37.6  kl=0.0117  vl=0.2725
Step: 19910656 SPS: 594  ev=0.330  ent=0.472  grad=0.85/0.50  h=6.2 c=36.6  kl=0.0104  vl=0.2490
Step: 19914752 SPS: 594  ev=0.330  ent=0.446  grad=0.88/0.50  h=6.3 c=39.6  kl=0.0083  vl=0.2808
Step: 19918848 SPS: 594  ev=0.250  ent=0.475  grad=0.74/0.50  h=6.2 c=37.5  kl=0.0139  vl=0.3106
Step: 19922944 SPS: 594  ev=0.311  ent=0.458  grad=0.93/0.50  h=6.2 c=37.2  kl=0.0105  vl=0.2900
Step: 19927040 SPS: 594  ev=0.317  ent=0.449  grad=0.82/0.50  h=6.3 c=39.1  kl=0.0126  vl=0.2964
Step: 19931136 SPS: 594  ev=0.275  ent=0.454  grad=1.36/0.50  h=6.3 c=37.2  kl=0.0093  vl=0.3158
Step: 19935232 SPS: 594  ev=0.346  ent=0.444  grad=0.78/0.50  h=6.2 c=38.3  kl=0.0116  vl=0.2444
Step: 19939328 SPS: 594  ev=0.212  ent=0.479  grad=1.72/0.50  h=6.3 c=38.1  kl=0.0077  vl=0.2501
Step: 19943424 SPS: 594  ev=0.363  ent=0.486  grad=1.01/0.50  h=6.3 c=39.1  kl=0.0116  vl=0.2782
Step: 19947520 SPS: 594  ev=0.389  ent=0.442  grad=0.64/0.50  h=6.3 c=39.4  kl=0.0166  vl=0.2707
Step: 19951616 SPS: 594  ev=0.330  ent=0.423  grad=1.27/0.50  h=6.3 c=38.2  kl=0.0070  vl=0.2381
Step: 19955712 SPS: 594  ev=0.359  ent=0.481  grad=0.84/0.50  h=6.3 c=39.4  kl=0.0100  vl=0.2771
Step: 19959808 SPS: 594  ev=0.392  ent=0.460  grad=0.69/0.50  h=6.2 c=37.2  kl=0.0085  vl=0.2372
Step: 19963904 SPS: 594  ev=0.347  ent=0.463  grad=0.80/0.50  h=6.3 c=39.6  kl=0.0122  vl=0.2623
Step: 19968000 SPS: 594  ev=0.322  ent=0.456  grad=0.88/0.50  h=6.3 c=38.8  kl=0.0118  vl=0.2681
Step: 19972096 SPS: 594  ev=0.273  ent=0.452  grad=0.60/0.50  h=6.2 c=36.9  kl=0.0090  vl=0.2707
Step: 19976192 SPS: 594  ev=0.296  ent=0.457  grad=0.63/0.50  h=6.3 c=38.6  kl=0.0096  vl=0.2578
Step: 19980288 SPS: 594  ev=0.363  ent=0.469  grad=0.83/0.50  h=6.2 c=38.3  kl=0.0122  vl=0.1986
Step: 19984384 SPS: 594  ev=0.332  ent=0.435  grad=0.99/0.50  h=6.3 c=37.6  kl=0.0081  vl=0.2291
  vs Random: 103W/0L/0D | score=68.2±35.4 inv=2.8 played=21.4 lanes=4.8 ddraw=2.7 pts=68
  Self-play: 48W/50L/2D | score=21.8±25.0 inv=2.8 played=17.8 lanes=4.5 ddraw=1.1 pts=22
Step: 19988480 SPS: 594  ev=0.344  ent=0.469  grad=1.19/0.50  h=6.3 c=39.4  kl=0.0115  vl=0.2603
Step: 19992576 SPS: 594  ev=0.363  ent=0.432  grad=0.97/0.50  h=6.3 c=37.2  kl=0.0100  vl=0.2356
Step: 19996672 SPS: 594  ev=0.315  ent=0.440  grad=0.98/0.50  h=6.3 c=37.6  kl=0.0071  vl=0.2750
Step: 20000768 SPS: 594  ev=0.312  ent=0.469  grad=0.90/0.50  h=6.3 c=38.7  kl=0.0101  vl=0.2675
Step: 20004864 SPS: 594  ev=0.344  ent=0.453  grad=0.95/0.50  h=6.3 c=38.2  kl=0.0094  vl=0.2595
Step: 20008960 SPS: 594  ev=0.339  ent=0.487  grad=0.84/0.50  h=6.4 c=39.7  kl=0.0130  vl=0.3129
Step: 20013056 SPS: 594  ev=0.275  ent=0.442  grad=1.29/0.50  h=6.3 c=37.4  kl=0.0085  vl=0.2984
Step: 20017152 SPS: 594  ev=0.307  ent=0.447  grad=0.91/0.50  h=6.4 c=39.3  kl=0.0112  vl=0.2767
Step: 20021248 SPS: 594  ev=0.351  ent=0.482  grad=1.43/0.50  h=6.4 c=40.2  kl=0.0090  vl=0.2829
Step: 20025344 SPS: 594  ev=0.265  ent=0.424  grad=0.65/0.50  h=6.4 c=38.2  kl=0.0127  vl=0.2862
Step: 20029440 SPS: 594  ev=0.308  ent=0.477  grad=1.20/0.50  h=6.4 c=40.8  kl=0.0100  vl=0.2319
Step: 20033536 SPS: 594  ev=0.395  ent=0.495  grad=0.64/0.50  h=6.3 c=38.4  kl=0.0119  vl=0.2263
Step: 20037632 SPS: 594  ev=0.324  ent=0.428  grad=1.50/0.50  h=6.3 c=38.2  kl=0.0067  vl=0.2218
Step: 20041728 SPS: 594  ev=0.302  ent=0.478  grad=0.79/0.50  h=6.3 c=40.6  kl=0.0108  vl=0.2672
Step: 20045824 SPS: 594  ev=0.335  ent=0.475  grad=0.77/0.50  h=6.3 c=38.2  kl=0.0107  vl=0.2630
Step: 20049920 SPS: 594  ev=0.311  ent=0.465  grad=0.94/0.50  h=6.5 c=41.2  kl=0.0095  vl=0.2411
Step: 20054016 SPS: 594  ev=0.296  ent=0.459  grad=0.73/0.50  h=6.3 c=39.7  kl=0.0096  vl=0.2455
Step: 20058112 SPS: 594  ev=0.339  ent=0.495  grad=0.94/0.50  h=6.3 c=38.0  kl=0.0114  vl=0.2176
Step: 20062208 SPS: 594  ev=0.413  ent=0.441  grad=0.57/0.50  h=6.4 c=41.4  kl=0.0104  vl=0.2319
Step: 20066304 SPS: 594  ev=0.290  ent=0.468  grad=0.81/0.50  h=6.3 c=38.0  kl=0.0098  vl=0.2724
  vs Random: 100W/0L/0D | score=62.3±32.8 inv=2.8 played=21.1 lanes=4.8 ddraw=2.7 pts=62
  Self-play: 49W/52L/0D | score=17.7±27.1 inv=2.6 played=17.5 lanes=4.6 ddraw=0.8 pts=18
Step: 20070400 SPS: 594  ev=0.354  ent=0.446  grad=0.65/0.50  h=6.4 c=40.4  kl=0.0135  vl=0.2676
Step: 20074496 SPS: 594  ev=0.313  ent=0.451  grad=1.28/0.50  h=6.4 c=40.0  kl=0.0111  vl=0.2813
Step: 20078592 SPS: 594  ev=0.296  ent=0.447  grad=0.86/0.50  h=6.4 c=39.9  kl=0.0097  vl=0.2369
Step: 20082688 SPS: 594  ev=0.293  ent=0.454  grad=0.94/0.50  h=6.3 c=40.1  kl=0.0108  vl=0.2743
Step: 20086784 SPS: 594  ev=0.319  ent=0.428  grad=1.33/0.50  h=6.2 c=38.4  kl=0.0110  vl=0.2898
Step: 20090880 SPS: 594  ev=0.298  ent=0.453  grad=0.74/0.50  h=6.4 c=39.7  kl=0.0121  vl=0.2701
Step: 20094976 SPS: 594  ev=0.335  ent=0.482  grad=0.78/0.50  h=6.4 c=40.4  kl=0.0098  vl=0.2378
Step: 20099072 SPS: 594  ev=0.306  ent=0.432  grad=0.78/0.50  h=6.3 c=39.4  kl=0.0074  vl=0.2984
Step: 20103168 SPS: 594  ev=0.319  ent=0.465  grad=0.76/0.50  h=6.3 c=40.8  kl=0.0086  vl=0.2197
Step: 20107264 SPS: 594  ev=0.366  ent=0.461  grad=1.00/0.50  h=6.3 c=39.5  kl=0.0099  vl=0.2764
Step: 20111360 SPS: 594  ev=0.304  ent=0.455  grad=1.12/0.50  h=6.3 c=40.3  kl=0.0086  vl=0.2202
Step: 20115456 SPS: 594  ev=0.302  ent=0.462  grad=0.91/0.50  h=6.3 c=40.1  kl=0.0193  vl=0.2861
Step: 20119552 SPS: 594  ev=0.301  ent=0.435  grad=1.30/0.50  h=6.3 c=39.6  kl=0.0134  vl=0.2717
Step: 20123648 SPS: 594  ev=0.297  ent=0.462  grad=1.24/0.50  h=6.4 c=41.6  kl=0.0121  vl=0.2765
Step: 20127744 SPS: 594  ev=0.240  ent=0.469  grad=1.40/0.50  h=6.3 c=40.6  kl=0.0086  vl=0.2456
Step: 20131840 SPS: 594  ev=0.323  ent=0.476  grad=1.10/0.50  h=6.4 c=41.0  kl=0.0097  vl=0.2964
Step: 20135936 SPS: 594  ev=0.317  ent=0.421  grad=0.70/0.50  h=6.4 c=40.2  kl=0.0078  vl=0.2542
Step: 20140032 SPS: 594  ev=0.352  ent=0.457  grad=0.86/0.50  h=6.3 c=40.1  kl=0.0080  vl=0.1877
Step: 20144128 SPS: 594  ev=0.327  ent=0.453  grad=0.71/0.50  h=6.3 c=40.7  kl=0.0125  vl=0.2884
Step: 20148224 SPS: 594  ev=0.299  ent=0.465  grad=0.77/0.50  h=6.3 c=39.9  kl=0.0136  vl=0.2941
  vs Random: 101W/0L/0D | score=64.7±34.0 inv=2.5 played=20.9 lanes=4.8 ddraw=2.4 pts=65
  Self-play: 38W/61L/1D | score=15.7±29.2 inv=2.8 played=17.3 lanes=4.5 ddraw=1.1 pts=16
Step: 20152320 SPS: 594  ev=0.268  ent=0.458  grad=0.91/0.50  h=6.4 c=41.1  kl=0.0109  vl=0.2910
Step: 20156416 SPS: 594  ev=0.297  ent=0.481  grad=0.88/0.50  h=6.3 c=40.4  kl=0.0099  vl=0.3005
Step: 20160512 SPS: 594  ev=0.364  ent=0.473  grad=0.70/0.50  h=6.4 c=39.5  kl=0.0077  vl=0.2443
Step: 20164608 SPS: 594  ev=0.311  ent=0.476  grad=0.94/0.50  h=6.3 c=40.0  kl=0.0101  vl=0.2246
Step: 20168704 SPS: 594  ev=0.325  ent=0.463  grad=1.00/0.50  h=6.3 c=39.8  kl=0.0090  vl=0.2672
Step: 20172800 SPS: 594  ev=0.324  ent=0.448  grad=0.85/0.50  h=6.4 c=40.7  kl=0.0088  vl=0.2149
Step: 20176896 SPS: 594  ev=0.296  ent=0.465  grad=0.84/0.50  h=6.4 c=39.5  kl=0.0090  vl=0.2950
Step: 20180992 SPS: 594  ev=0.344  ent=0.500  grad=0.74/0.50  h=6.3 c=38.7  kl=0.0121  vl=0.3053
Step: 20185088 SPS: 594  ev=0.291  ent=0.470  grad=1.16/0.50  h=6.4 c=40.4  kl=0.0088  vl=0.2830
Step: 20189184 SPS: 594  ev=0.360  ent=0.465  grad=1.80/0.50  h=6.4 c=42.0  kl=0.0102  vl=0.2352
Step: 20193280 SPS: 594  ev=0.283  ent=0.460  grad=0.85/0.50  h=6.4 c=40.0  kl=0.0110  vl=0.3138
Step: 20197376 SPS: 594  ev=0.324  ent=0.453  grad=0.92/0.50  h=6.4 c=40.9  kl=0.0088  vl=0.2642
Step: 20201472 SPS: 594  ev=0.269  ent=0.481  grad=0.62/0.50  h=6.3 c=39.0  kl=0.0109  vl=0.3140
Step: 20205568 SPS: 594  ev=0.320  ent=0.459  grad=0.81/0.50  h=6.4 c=41.1  kl=0.0112  vl=0.2367
Step: 20209664 SPS: 594  ev=0.233  ent=0.482  grad=0.82/0.50  h=6.3 c=40.8  kl=0.0081  vl=0.2574
Step: 20213760 SPS: 594  ev=0.345  ent=0.488  grad=0.74/0.50  h=6.3 c=39.6  kl=0.0101  vl=0.2500
Step: 20217856 SPS: 594  ev=0.293  ent=0.478  grad=1.95/0.50  h=6.3 c=40.1  kl=0.0121  vl=0.2715
Step: 20221952 SPS: 594  ev=0.256  ent=0.442  grad=0.78/0.50  h=6.3 c=38.8  kl=0.0109  vl=0.2838
Step: 20226048 SPS: 594  ev=0.363  ent=0.468  grad=1.21/0.50  h=6.3 c=39.8  kl=0.0085  vl=0.2517
Step: 20230144 SPS: 594  ev=0.290  ent=0.461  grad=0.73/0.50  h=6.3 c=39.9  kl=0.0096  vl=0.2419
  vs Random: 101W/0L/0D | score=64.1±29.4 inv=2.7 played=20.9 lanes=4.7 ddraw=2.7 pts=64
  Self-play: 47W/54L/2D | score=15.7±27.9 inv=2.7 played=17.3 lanes=4.6 ddraw=1.0 pts=16
Step: 20234240 SPS: 594  ev=0.306  ent=0.474  grad=0.91/0.50  h=6.3 c=39.3  kl=0.0088  vl=0.2989
Step: 20238336 SPS: 594  ev=0.314  ent=0.445  grad=0.84/0.50  h=6.3 c=40.4  kl=0.0109  vl=0.2287
Step: 20242432 SPS: 594  ev=0.284  ent=0.471  grad=0.64/0.50  h=6.3 c=39.0  kl=0.0095  vl=0.3015
Step: 20246528 SPS: 594  ev=0.407  ent=0.444  grad=1.18/0.50  h=6.3 c=40.2  kl=0.0103  vl=0.2231
Step: 20250624 SPS: 594  ev=0.334  ent=0.467  grad=0.73/0.50  h=6.3 c=41.3  kl=0.0108  vl=0.2836
Step: 20254720 SPS: 594  ev=0.321  ent=0.464  grad=0.72/0.50  h=6.3 c=38.4  kl=0.0117  vl=0.2815
Step: 20258816 SPS: 594  ev=0.281  ent=0.458  grad=1.07/0.50  h=6.3 c=41.1  kl=0.0089  vl=0.2801
Step: 20262912 SPS: 594  ev=0.311  ent=0.468  grad=0.73/0.50  h=6.3 c=40.1  kl=0.0079  vl=0.2570
Step: 20267008 SPS: 594  ev=0.315  ent=0.435  grad=0.73/0.50  h=6.3 c=39.5  kl=0.0107  vl=0.2461
Step: 20271104 SPS: 594  ev=0.326  ent=0.447  grad=1.05/0.50  h=6.3 c=39.6  kl=0.0105  vl=0.2693
Step: 20275200 SPS: 594  ev=0.349  ent=0.452  grad=1.08/0.50  h=6.2 c=38.1  kl=0.0095  vl=0.2117
Step: 20279296 SPS: 594  ev=0.344  ent=0.473  grad=1.03/0.50  h=6.4 c=41.1  kl=0.0094  vl=0.2630
Step: 20283392 SPS: 594  ev=0.318  ent=0.441  grad=0.91/0.50  h=6.3 c=41.0  kl=0.0095  vl=0.2279
Step: 20287488 SPS: 594  ev=0.321  ent=0.463  grad=0.83/0.50  h=6.3 c=39.3  kl=0.0108  vl=0.2375
Step: 20291584 SPS: 594  ev=0.323  ent=0.455  grad=0.78/0.50  h=6.3 c=39.7  kl=0.0106  vl=0.2466
Step: 20295680 SPS: 594  ev=0.301  ent=0.450  grad=0.82/0.50  h=6.3 c=38.3  kl=0.0109  vl=0.2874
Step: 20299776 SPS: 594  ev=0.217  ent=0.468  grad=0.71/0.50  h=6.3 c=40.4  kl=0.0132  vl=0.2544
Step: 20303872 SPS: 594  ev=0.360  ent=0.447  grad=0.81/0.50  h=6.3 c=40.0  kl=0.0088  vl=0.2524
Step: 20307968 SPS: 594  ev=0.310  ent=0.424  grad=0.95/0.50  h=6.4 c=39.5  kl=0.0092  vl=0.3208
Step: 20312064 SPS: 594  ev=0.319  ent=0.452  grad=1.19/0.50  h=6.3 c=39.5  kl=0.0109  vl=0.2589
  vs Random: 100W/0L/0D | score=72.5±35.5 inv=2.9 played=21.2 lanes=4.7 ddraw=2.8 pts=73
  Self-play: 52W/50L/1D | score=22.8±28.8 inv=2.7 played=17.3 lanes=4.5 ddraw=1.1 pts=23
Step: 20316160 SPS: 594  ev=0.304  ent=0.461  grad=0.97/0.50  h=6.2 c=37.5  kl=0.0104  vl=0.2268
Step: 20320256 SPS: 594  ev=0.279  ent=0.475  grad=0.78/0.50  h=6.3 c=40.2  kl=0.0107  vl=0.2605
Step: 20324352 SPS: 594  ev=0.246  ent=0.469  grad=1.34/0.50  h=6.3 c=39.5  kl=0.0109  vl=0.2859
Step: 20328448 SPS: 594  ev=0.278  ent=0.411  grad=0.67/0.50  h=6.3 c=37.8  kl=0.0089  vl=0.2641
Step: 20332544 SPS: 594  ev=0.300  ent=0.434  grad=1.52/0.50  h=6.3 c=41.0  kl=0.0170  vl=0.2542
Step: 20336640 SPS: 594  ev=0.361  ent=0.465  grad=0.66/0.50  h=6.2 c=39.3  kl=0.0108  vl=0.2275
Step: 20340736 SPS: 594  ev=0.334  ent=0.486  grad=0.87/0.50  h=6.3 c=38.4  kl=0.0106  vl=0.2387
Step: 20344832 SPS: 594  ev=0.302  ent=0.440  grad=0.78/0.50  h=6.3 c=39.3  kl=0.0083  vl=0.2555
Step: 20348928 SPS: 594  ev=0.285  ent=0.458  grad=1.26/0.50  h=6.3 c=38.3  kl=0.0101  vl=0.2782
Step: 20353024 SPS: 594  ev=0.350  ent=0.456  grad=0.82/0.50  h=6.3 c=40.3  kl=0.0103  vl=0.2243
Step: 20357120 SPS: 594  ev=0.351  ent=0.474  grad=1.28/0.50  h=6.4 c=40.5  kl=0.0081  vl=0.2580
Step: 20361216 SPS: 594  ev=0.316  ent=0.423  grad=1.22/0.50  h=6.3 c=38.7  kl=0.0098  vl=0.2809
Step: 20365312 SPS: 594  ev=0.312  ent=0.499  grad=1.08/0.50  h=6.3 c=39.7  kl=0.0107  vl=0.3143
Step: 20369408 SPS: 594  ev=0.326  ent=0.453  grad=0.98/0.50  h=6.2 c=37.3  kl=0.0131  vl=0.2336
Step: 20373504 SPS: 594  ev=0.425  ent=0.468  grad=0.95/0.50  h=6.3 c=39.6  kl=0.0150  vl=0.2251
Step: 20377600 SPS: 594  ev=0.293  ent=0.485  grad=0.72/0.50  h=6.4 c=40.4  kl=0.0097  vl=0.2776
Step: 20381696 SPS: 594  ev=0.319  ent=0.459  grad=1.13/0.50  h=6.3 c=37.4  kl=0.0085  vl=0.2151
Step: 20385792 SPS: 594  ev=0.295  ent=0.459  grad=1.18/0.50  h=6.3 c=39.7  kl=0.0118  vl=0.2948
Step: 20389888 SPS: 594  ev=0.351  ent=0.425  grad=0.79/0.50  h=6.3 c=39.9  kl=0.0094  vl=0.2225
Step: 20393984 SPS: 594  ev=0.340  ent=0.485  grad=0.90/0.50  h=6.3 c=39.1  kl=0.0074  vl=0.2562
  vs Random: 100W/0L/0D | score=65.8±32.1 inv=2.7 played=21.2 lanes=4.8 ddraw=2.7 pts=66
  Self-play: 54W/46L/0D | score=22.5±30.0 inv=2.9 played=16.9 lanes=4.4 ddraw=0.9 pts=22
Step: 20398080 SPS: 594  ev=0.290  ent=0.502  grad=0.90/0.50  h=6.3 c=39.7  kl=0.0092  vl=0.2340
Step: 20402176 SPS: 594  ev=0.354  ent=0.454  grad=0.91/0.50  h=6.3 c=39.1  kl=0.0100  vl=0.2493
Step: 20406272 SPS: 594  ev=0.305  ent=0.485  grad=1.65/0.50  h=6.3 c=39.6  kl=0.0100  vl=0.2301
Step: 20410368 SPS: 594  ev=0.338  ent=0.477  grad=1.75/0.50  h=6.2 c=37.7  kl=0.0111  vl=0.2491
Step: 20414464 SPS: 594  ev=0.370  ent=0.474  grad=0.73/0.50  h=6.3 c=39.0  kl=0.0103  vl=0.2519
Step: 20418560 SPS: 594  ev=0.349  ent=0.477  grad=1.19/0.50  h=6.3 c=40.3  kl=0.0130  vl=0.2064
Step: 20422656 SPS: 594  ev=0.312  ent=0.463  grad=0.87/0.50  h=6.3 c=39.5  kl=0.0082  vl=0.2087
Step: 20426752 SPS: 594  ev=0.326  ent=0.466  grad=0.92/0.50  h=6.3 c=39.4  kl=0.0108  vl=0.2343
Step: 20430848 SPS: 594  ev=0.304  ent=0.456  grad=0.82/0.50  h=6.3 c=40.0  kl=0.0112  vl=0.2113
Step: 20434944 SPS: 594  ev=0.331  ent=0.472  grad=0.71/0.50  h=6.3 c=39.2  kl=0.0098  vl=0.2222
Step: 20439040 SPS: 594  ev=0.293  ent=0.476  grad=1.01/0.50  h=6.3 c=40.1  kl=0.0088  vl=0.2598
Step: 20443136 SPS: 594  ev=0.334  ent=0.449  grad=0.83/0.50  h=6.3 c=38.7  kl=0.0081  vl=0.2514
Step: 20447232 SPS: 594  ev=0.289  ent=0.477  grad=0.81/0.50  h=6.4 c=40.4  kl=0.0115  vl=0.2682
Step: 20451328 SPS: 594  ev=0.347  ent=0.431  grad=0.64/0.50  h=6.3 c=39.8  kl=0.0109  vl=0.2585
Step: 20455424 SPS: 594  ev=0.283  ent=0.473  grad=0.72/0.50  h=6.3 c=39.8  kl=0.0093  vl=0.2781
Step: 20459520 SPS: 594  ev=0.269  ent=0.486  grad=1.10/0.50  h=6.4 c=40.9  kl=0.0092  vl=0.2645
Step: 20463616 SPS: 594  ev=0.321  ent=0.454  grad=1.40/0.50  h=6.3 c=38.9  kl=0.0095  vl=0.2552
Step: 20467712 SPS: 594  ev=0.305  ent=0.494  grad=0.82/0.50  h=6.3 c=40.0  kl=0.0106  vl=0.2521
Step: 20471808 SPS: 594  ev=0.333  ent=0.443  grad=1.09/0.50  h=6.3 c=40.6  kl=0.0099  vl=0.3084
Step: 20475904 SPS: 594  ev=0.283  ent=0.463  grad=0.67/0.50  h=6.3 c=40.2  kl=0.0107  vl=0.2843
  vs Random: 100W/0L/0D | score=68.4±35.9 inv=3.0 played=21.1 lanes=4.7 ddraw=2.2 pts=68
  Self-play: 56W/47L/0D | score=25.4±29.9 inv=2.6 played=17.3 lanes=4.4 ddraw=1.0 pts=25
Step: 20480000 SPS: 594  ev=0.358  ent=0.469  grad=1.19/0.50  h=6.4 c=40.9  kl=0.0109  vl=0.2064
Step: 20484096 SPS: 594  ev=0.294  ent=0.493  grad=1.87/0.50  h=6.3 c=40.1  kl=0.0131  vl=0.2601
Step: 20488192 SPS: 594  ev=0.266  ent=0.446  grad=1.04/0.50  h=6.3 c=41.0  kl=0.0097  vl=0.3034
Step: 20492288 SPS: 594  ev=0.270  ent=0.431  grad=1.21/0.50  h=6.4 c=41.4  kl=0.0107  vl=0.2914
Step: 20496384 SPS: 594  ev=0.326  ent=0.457  grad=0.90/0.50  h=6.3 c=39.2  kl=0.0117  vl=0.2650
Step: 20500480 SPS: 594  ev=0.361  ent=0.466  grad=0.96/0.50  h=6.3 c=40.3  kl=0.0101  vl=0.2054
Step: 20504576 SPS: 594  ev=0.284  ent=0.469  grad=0.83/0.50  h=6.3 c=40.1  kl=0.0089  vl=0.2593
Step: 20508672 SPS: 594  ev=0.283  ent=0.491  grad=0.92/0.50  h=6.3 c=40.2  kl=0.0101  vl=0.2593
Step: 20512768 SPS: 594  ev=0.325  ent=0.451  grad=0.86/0.50  h=6.4 c=40.7  kl=0.0138  vl=0.2770
Step: 20516864 SPS: 594  ev=0.308  ent=0.463  grad=1.00/0.50  h=6.3 c=38.8  kl=0.0106  vl=0.3063
Step: 20520960 SPS: 594  ev=0.341  ent=0.462  grad=1.28/0.50  h=6.3 c=40.5  kl=0.0092  vl=0.2408
Step: 20525056 SPS: 594  ev=0.347  ent=0.500  grad=0.74/0.50  h=6.3 c=39.9  kl=0.0149  vl=0.2663
Step: 20529152 SPS: 594  ev=0.265  ent=0.447  grad=0.71/0.50  h=6.3 c=39.4  kl=0.0093  vl=0.2439
Step: 20533248 SPS: 594  ev=0.320  ent=0.449  grad=0.74/0.50  h=6.3 c=40.6  kl=0.0071  vl=0.2153
Step: 20537344 SPS: 594  ev=0.297  ent=0.436  grad=0.71/0.50  h=6.3 c=39.7  kl=0.0167  vl=0.2755
Step: 20541440 SPS: 594  ev=0.282  ent=0.463  grad=0.73/0.50  h=6.3 c=40.9  kl=0.0113  vl=0.3231
Step: 20545536 SPS: 594  ev=0.346  ent=0.458  grad=0.83/0.50  h=6.4 c=42.9  kl=0.0124  vl=0.2471
Step: 20549632 SPS: 594  ev=0.297  ent=0.467  grad=0.68/0.50  h=6.3 c=39.6  kl=0.0085  vl=0.2717
Step: 20553728 SPS: 594  ev=0.276  ent=0.458  grad=0.87/0.50  h=6.4 c=41.4  kl=0.0086  vl=0.2666
Step: 20557824 SPS: 594  ev=0.371  ent=0.478  grad=0.89/0.50  h=6.3 c=39.6  kl=0.0098  vl=0.2676
  vs Random: 100W/0L/0D | score=67.7±38.0 inv=2.7 played=21.1 lanes=4.7 ddraw=2.5 pts=68
  Self-play: 45W/60L/1D | score=15.0±27.3 inv=2.6 played=17.2 lanes=4.6 ddraw=0.9 pts=15
Step: 20561920 SPS: 594  ev=0.305  ent=0.447  grad=1.07/0.50  h=6.3 c=40.4  kl=0.0115  vl=0.2324
Step: 20566016 SPS: 594  ev=0.351  ent=0.438  grad=0.92/0.50  h=6.4 c=41.5  kl=0.0086  vl=0.2277
Step: 20570112 SPS: 594  ev=0.290  ent=0.490  grad=1.33/0.50  h=6.3 c=40.2  kl=0.0090  vl=0.3011
Step: 20574208 SPS: 594  ev=0.335  ent=0.446  grad=1.49/0.50  h=6.3 c=40.8  kl=0.0101  vl=0.2966
Step: 20578304 SPS: 594  ev=0.344  ent=0.473  grad=0.87/0.50  h=6.3 c=40.9  kl=0.0082  vl=0.1918
Step: 20582400 SPS: 594  ev=0.375  ent=0.481  grad=0.88/0.50  h=6.3 c=40.5  kl=0.0103  vl=0.2567
Step: 20586496 SPS: 594  ev=0.304  ent=0.460  grad=1.04/0.50  h=6.3 c=41.5  kl=0.0103  vl=0.2663
Step: 20590592 SPS: 594  ev=0.392  ent=0.466  grad=1.16/0.50  h=6.3 c=40.0  kl=0.0101  vl=0.2403
Step: 20594688 SPS: 594  ev=0.311  ent=0.419  grad=0.72/0.50  h=6.4 c=41.5  kl=0.0102  vl=0.2868
Step: 20598784 SPS: 594  ev=0.320  ent=0.478  grad=0.98/0.50  h=6.3 c=40.7  kl=0.0073  vl=0.2765
Step: 20602880 SPS: 594  ev=0.344  ent=0.477  grad=0.85/0.50  h=6.3 c=40.0  kl=0.0165  vl=0.3229
Step: 20606976 SPS: 594  ev=0.318  ent=0.456  grad=0.90/0.50  h=6.4 c=41.7  kl=0.0118  vl=0.3049
Step: 20611072 SPS: 594  ev=0.351  ent=0.469  grad=1.42/0.50  h=6.3 c=40.3  kl=0.0104  vl=0.2873
Step: 20615168 SPS: 594  ev=0.288  ent=0.456  grad=0.74/0.50  h=6.4 c=41.2  kl=0.0143  vl=0.3003
Step: 20619264 SPS: 594  ev=0.294  ent=0.447  grad=1.38/0.50  h=6.3 c=40.2  kl=0.0072  vl=0.2980
Step: 20623360 SPS: 594  ev=0.281  ent=0.452  grad=0.73/0.50  h=6.3 c=40.2  kl=0.0085  vl=0.2446
Step: 20627456 SPS: 594  ev=0.283  ent=0.459  grad=0.78/0.50  h=6.4 c=41.3  kl=0.0127  vl=0.2690
Step: 20631552 SPS: 594  ev=0.266  ent=0.461  grad=1.14/0.50  h=6.3 c=41.0  kl=0.0117  vl=0.2804
Step: 20635648 SPS: 594  ev=0.299  ent=0.472  grad=0.83/0.50  h=6.3 c=41.0  kl=0.0089  vl=0.2591
Step: 20639744 SPS: 594  ev=0.368  ent=0.507  grad=0.93/0.50  h=6.4 c=41.0  kl=0.0128  vl=0.2277
  vs Random: 101W/0L/0D | score=70.4±32.6 inv=2.8 played=21.3 lanes=4.8 ddraw=2.7 pts=70
  Self-play: 52W/46L/2D | score=18.8±24.9 inv=2.7 played=17.4 lanes=4.6 ddraw=0.9 pts=19
Step: 20643840 SPS: 594  ev=0.277  ent=0.433  grad=0.92/0.50  h=6.3 c=39.4  kl=0.0101  vl=0.2908
Step: 20647936 SPS: 594  ev=0.333  ent=0.451  grad=0.97/0.50  h=6.4 c=41.2  kl=0.0100  vl=0.2392
Step: 20652032 SPS: 594  ev=0.348  ent=0.458  grad=0.88/0.50  h=6.3 c=41.0  kl=0.0118  vl=0.2508
Step: 20656128 SPS: 594  ev=0.302  ent=0.463  grad=0.84/0.50  h=6.3 c=40.2  kl=0.0094  vl=0.2070
Step: 20660224 SPS: 594  ev=0.342  ent=0.468  grad=1.01/0.50  h=6.3 c=40.3  kl=0.0087  vl=0.2613
Step: 20664320 SPS: 594  ev=0.353  ent=0.473  grad=1.15/0.50  h=6.2 c=39.7  kl=0.0093  vl=0.2384
Step: 20668416 SPS: 594  ev=0.321  ent=0.475  grad=0.88/0.50  h=6.3 c=40.6  kl=0.0123  vl=0.2751
Step: 20672512 SPS: 594  ev=0.293  ent=0.491  grad=1.10/0.50  h=6.3 c=40.6  kl=0.0124  vl=0.2224
Step: 20676608 SPS: 594  ev=0.306  ent=0.452  grad=0.74/0.50  h=6.2 c=39.1  kl=0.0100  vl=0.2904
Step: 20680704 SPS: 594  ev=0.343  ent=0.445  grad=0.86/0.50  h=6.3 c=41.7  kl=0.0084  vl=0.2360
Step: 20684800 SPS: 594  ev=0.321  ent=0.477  grad=0.78/0.50  h=6.4 c=41.1  kl=0.0096  vl=0.2171
Step: 20688896 SPS: 594  ev=0.341  ent=0.459  grad=0.77/0.50  h=6.4 c=41.2  kl=0.0123  vl=0.2878
Step: 20692992 SPS: 594  ev=0.336  ent=0.478  grad=0.79/0.50  h=6.3 c=40.7  kl=0.0079  vl=0.2161
Step: 20697088 SPS: 594  ev=0.293  ent=0.457  grad=1.04/0.50  h=6.3 c=40.0  kl=0.0114  vl=0.2943
Step: 20701184 SPS: 594  ev=0.362  ent=0.456  grad=1.22/0.50  h=6.3 c=41.9  kl=0.0102  vl=0.2505
Step: 20705280 SPS: 594  ev=0.300  ent=0.461  grad=0.90/0.50  h=6.4 c=41.7  kl=0.0137  vl=0.2818
Step: 20709376 SPS: 594  ev=0.301  ent=0.454  grad=0.81/0.50  h=6.3 c=38.9  kl=0.0073  vl=0.2039
Step: 20713472 SPS: 594  ev=0.289  ent=0.461  grad=0.68/0.50  h=6.3 c=41.4  kl=0.0084  vl=0.2534
Step: 20717568 SPS: 594  ev=0.332  ent=0.462  grad=1.44/0.50  h=6.3 c=41.0  kl=0.0106  vl=0.2289
Step: 20721664 SPS: 594  ev=0.339  ent=0.489  grad=0.85/0.50  h=6.3 c=40.6  kl=0.0113  vl=0.2526
  vs Random: 100W/0L/0D | score=64.6±32.9 inv=2.8 played=21.1 lanes=4.8 ddraw=3.2 pts=65
  Self-play: 53W/48L/0D | score=22.0±27.3 inv=2.6 played=17.5 lanes=4.6 ddraw=1.0 pts=22
Step: 20725760 SPS: 594  ev=0.344  ent=0.457  grad=0.66/0.50  h=6.4 c=42.7  kl=0.0097  vl=0.2508
Step: 20729856 SPS: 594  ev=0.364  ent=0.459  grad=0.89/0.50  h=6.3 c=39.4  kl=0.0107  vl=0.2857
Step: 20733952 SPS: 594  ev=0.362  ent=0.478  grad=0.89/0.50  h=6.3 c=41.6  kl=0.0090  vl=0.2123
Step: 20738048 SPS: 594  ev=0.339  ent=0.468  grad=0.79/0.50  h=6.2 c=40.7  kl=0.0122  vl=0.2377
Step: 20742144 SPS: 594  ev=0.333  ent=0.475  grad=1.43/0.50  h=6.4 c=41.0  kl=0.0124  vl=0.2696
Step: 20746240 SPS: 594  ev=0.324  ent=0.484  grad=0.64/0.50  h=6.3 c=41.7  kl=0.0139  vl=0.2463
Step: 20750336 SPS: 594  ev=0.345  ent=0.477  grad=0.81/0.50  h=6.3 c=40.5  kl=0.0104  vl=0.2485
Step: 20754432 SPS: 594  ev=0.297  ent=0.455  grad=1.03/0.50  h=6.3 c=41.0  kl=0.0098  vl=0.2916
Step: 20758528 SPS: 594  ev=0.414  ent=0.457  grad=0.96/0.50  h=6.4 c=42.0  kl=0.0108  vl=0.2535
Step: 20762624 SPS: 594  ev=0.313  ent=0.489  grad=1.35/0.50  h=6.3 c=40.4  kl=0.0117  vl=0.2871
Step: 20766720 SPS: 594  ev=0.357  ent=0.443  grad=0.75/0.50  h=6.4 c=41.6  kl=0.0076  vl=0.2247
Step: 20770816 SPS: 594  ev=0.291  ent=0.459  grad=0.66/0.50  h=6.2 c=38.4  kl=0.0107  vl=0.2891
Step: 20774912 SPS: 594  ev=0.331  ent=0.476  grad=0.86/0.50  h=6.3 c=40.9  kl=0.0097  vl=0.2551
Step: 20779008 SPS: 594  ev=0.330  ent=0.455  grad=0.92/0.50  h=6.4 c=42.8  kl=0.0155  vl=0.2141
Step: 20783104 SPS: 594  ev=0.214  ent=0.480  grad=0.78/0.50  h=6.3 c=40.6  kl=0.0110  vl=0.2986
Step: 20787200 SPS: 594  ev=0.337  ent=0.471  grad=0.89/0.50  h=6.4 c=43.0  kl=0.0100  vl=0.2263
Step: 20791296 SPS: 594  ev=0.369  ent=0.468  grad=1.13/0.50  h=6.3 c=41.7  kl=0.0107  vl=0.2498
Step: 20795392 SPS: 594  ev=0.280  ent=0.465  grad=0.80/0.50  h=6.3 c=40.8  kl=0.0095  vl=0.2225
Step: 20799488 SPS: 594  ev=0.365  ent=0.444  grad=1.00/0.50  h=6.4 c=42.7  kl=0.0101  vl=0.2889
Step: 20803584 SPS: 594  ev=0.343  ent=0.474  grad=1.04/0.50  h=6.3 c=41.2  kl=0.0117  vl=0.2572
  vs Random: 100W/0L/0D | score=68.5±30.8 inv=3.1 played=21.3 lanes=4.7 ddraw=2.8 pts=69
  Self-play: 46W/53L/4D | score=18.2±29.6 inv=2.8 played=17.5 lanes=4.6 ddraw=0.9 pts=18
Step: 20807680 SPS: 594  ev=0.297  ent=0.450  grad=0.95/0.50  h=6.3 c=40.6  kl=0.0117  vl=0.2753
Step: 20811776 SPS: 594  ev=0.267  ent=0.484  grad=0.90/0.50  h=6.3 c=41.7  kl=0.0132  vl=0.2586
Step: 20815872 SPS: 594  ev=0.380  ent=0.446  grad=0.69/0.50  h=6.3 c=41.4  kl=0.0094  vl=0.2407
Step: 20819968 SPS: 594  ev=0.278  ent=0.437  grad=1.02/0.50  h=6.4 c=41.9  kl=0.0108  vl=0.2570
Step: 20824064 SPS: 594  ev=0.333  ent=0.448  grad=0.86/0.50  h=6.3 c=41.1  kl=0.0087  vl=0.2591
Step: 20828160 SPS: 594  ev=0.309  ent=0.467  grad=0.69/0.50  h=6.3 c=40.4  kl=0.0090  vl=0.2528
Step: 20832256 SPS: 594  ev=0.393  ent=0.445  grad=0.82/0.50  h=6.3 c=41.6  kl=0.0101  vl=0.2515
Step: 20836352 SPS: 594  ev=0.300  ent=0.473  grad=0.94/0.50  h=6.4 c=42.9  kl=0.0111  vl=0.3144
Step: 20840448 SPS: 594  ev=0.319  ent=0.514  grad=1.20/0.50  h=6.3 c=40.4  kl=0.0101  vl=0.2193
Step: 20844544 SPS: 594  ev=0.334  ent=0.459  grad=0.96/0.50  h=6.3 c=41.9  kl=0.0090  vl=0.2542
Step: 20848640 SPS: 594  ev=0.340  ent=0.452  grad=1.07/0.50  h=6.3 c=40.8  kl=0.0124  vl=0.2213
Step: 20852736 SPS: 594  ev=0.282  ent=0.441  grad=0.83/0.50  h=6.3 c=40.1  kl=0.0118  vl=0.2493
Step: 20856832 SPS: 594  ev=0.366  ent=0.481  grad=0.79/0.50  h=6.4 c=43.4  kl=0.0122  vl=0.2306
Step: 20860928 SPS: 594  ev=0.349  ent=0.474  grad=1.02/0.50  h=6.3 c=40.1  kl=0.0105  vl=0.2909
Step: 20865024 SPS: 594  ev=0.327  ent=0.419  grad=0.85/0.50  h=6.3 c=41.4  kl=0.0086  vl=0.2434
Step: 20869120 SPS: 594  ev=0.366  ent=0.495  grad=0.73/0.50  h=6.4 c=42.8  kl=0.0090  vl=0.2140
Step: 20873216 SPS: 594  ev=0.263  ent=0.461  grad=0.70/0.50  h=6.3 c=39.3  kl=0.0085  vl=0.2432
Step: 20877312 SPS: 594  ev=0.363  ent=0.442  grad=1.28/0.50  h=6.4 c=42.6  kl=0.0101  vl=0.2997
Step: 20881408 SPS: 594  ev=0.343  ent=0.446  grad=0.78/0.50  h=6.3 c=40.6  kl=0.0085  vl=0.2732
Step: 20885504 SPS: 594  ev=0.352  ent=0.486  grad=0.85/0.50  h=6.3 c=41.2  kl=0.0101  vl=0.2429
  vs Random: 100W/0L/0D | score=66.2±30.5 inv=2.6 played=21.1 lanes=4.8 ddraw=2.7 pts=66
  Self-play: 58W/43L/0D | score=25.5±28.5 inv=2.7 played=17.4 lanes=4.5 ddraw=1.0 pts=25
Step: 20889600 SPS: 594  ev=0.306  ent=0.458  grad=0.84/0.50  h=6.3 c=41.6  kl=0.0115  vl=0.2859
Step: 20893696 SPS: 594  ev=0.310  ent=0.492  grad=0.87/0.50  h=6.3 c=40.8  kl=0.0091  vl=0.2418
Step: 20897792 SPS: 594  ev=0.298  ent=0.452  grad=0.91/0.50  h=6.3 c=41.3  kl=0.0102  vl=0.2959
Step: 20901888 SPS: 594  ev=0.322  ent=0.484  grad=0.83/0.50  h=6.3 c=40.7  kl=0.0140  vl=0.2593
Step: 20905984 SPS: 594  ev=0.310  ent=0.489  grad=1.16/0.50  h=6.3 c=41.1  kl=0.0072  vl=0.2337
Step: 20910080 SPS: 594  ev=0.295  ent=0.470  grad=1.02/0.50  h=6.3 c=41.9  kl=0.0106  vl=0.2570
Step: 20914176 SPS: 594  ev=0.326  ent=0.432  grad=0.71/0.50  h=6.4 c=40.6  kl=0.0086  vl=0.3742
Step: 20918272 SPS: 594  ev=0.329  ent=0.463  grad=1.39/0.50  h=6.4 c=41.7  kl=0.0119  vl=0.2254
Step: 20922368 SPS: 594  ev=0.401  ent=0.466  grad=0.76/0.50  h=6.3 c=40.4  kl=0.0086  vl=0.2347
Step: 20926464 SPS: 594  ev=0.268  ent=0.448  grad=1.23/0.50  h=6.3 c=39.8  kl=0.0128  vl=0.2916
Step: 20930560 SPS: 594  ev=0.313  ent=0.460  grad=0.78/0.50  h=6.4 c=42.2  kl=0.0113  vl=0.2789
Step: 20934656 SPS: 594  ev=0.297  ent=0.452  grad=1.27/0.50  h=6.2 c=39.0  kl=0.0107  vl=0.2416
Step: 20938752 SPS: 594  ev=0.346  ent=0.452  grad=1.13/0.50  h=6.4 c=41.5  kl=0.0129  vl=0.2464
Step: 20942848 SPS: 594  ev=0.318  ent=0.461  grad=0.86/0.50  h=6.3 c=39.3  kl=0.0112  vl=0.2811
Step: 20946944 SPS: 594  ev=0.345  ent=0.441  grad=0.65/0.50  h=6.4 c=40.9  kl=0.0099  vl=0.2541
Step: 20951040 SPS: 594  ev=0.315  ent=0.465  grad=0.83/0.50  h=6.4 c=42.8  kl=0.0090  vl=0.2786
Step: 20955136 SPS: 594  ev=0.282  ent=0.438  grad=0.70/0.50  h=6.4 c=40.4  kl=0.0093  vl=0.2504
Step: 20959232 SPS: 594  ev=0.308  ent=0.452  grad=0.77/0.50  h=6.4 c=40.8  kl=0.0110  vl=0.2419
Step: 20963328 SPS: 594  ev=0.341  ent=0.491  grad=0.86/0.50  h=6.3 c=40.4  kl=0.0121  vl=0.2307
Step: 20967424 SPS: 594  ev=0.344  ent=0.442  grad=0.95/0.50  h=6.3 c=40.9  kl=0.0078  vl=0.2809
  vs Random: 100W/0L/0D | score=66.0±31.2 inv=2.9 played=21.0 lanes=4.7 ddraw=2.8 pts=66
  Self-play: 48W/51L/1D | score=17.5±28.4 inv=2.4 played=17.0 lanes=4.5 ddraw=1.2 pts=17
Step: 20971520 SPS: 594  ev=0.237  ent=0.459  grad=0.97/0.50  h=6.4 c=42.3  kl=0.0088  vl=0.3485
Step: 20975616 SPS: 594  ev=0.344  ent=0.466  grad=0.80/0.50  h=6.3 c=40.2  kl=0.0124  vl=0.2596
Step: 20979712 SPS: 594  ev=0.353  ent=0.463  grad=1.01/0.50  h=6.4 c=41.2  kl=0.0100  vl=0.2165
Step: 20983808 SPS: 594  ev=0.352  ent=0.458  grad=1.42/0.50  h=6.2 c=40.3  kl=0.0102  vl=0.2501
Step: 20987904 SPS: 594  ev=0.359  ent=0.476  grad=0.69/0.50  h=6.3 c=41.5  kl=0.0094  vl=0.2945
Step: 20992000 SPS: 594  ev=0.278  ent=0.476  grad=0.94/0.50  h=6.3 c=40.4  kl=0.0105  vl=0.3295
Step: 20996096 SPS: 594  ev=0.391  ent=0.474  grad=1.33/0.50  h=6.3 c=41.0  kl=0.0098  vl=0.2146
Step: 21000192 SPS: 594  ev=0.355  ent=0.470  grad=1.15/0.50  h=6.4 c=41.7  kl=0.0098  vl=0.2323
Step: 21004288 SPS: 594  ev=0.351  ent=0.464  grad=0.87/0.50  h=6.3 c=41.0  kl=0.0110  vl=0.2525
Step: 21008384 SPS: 594  ev=0.303  ent=0.479  grad=0.75/0.50  h=6.4 c=41.4  kl=0.0121  vl=0.2665
Step: 21012480 SPS: 594  ev=0.311  ent=0.480  grad=0.88/0.50  h=6.3 c=40.6  kl=0.0107  vl=0.2778
Step: 21016576 SPS: 594  ev=0.313  ent=0.452  grad=0.67/0.50  h=6.4 c=41.1  kl=0.0109  vl=0.2688
Step: 21020672 SPS: 594  ev=0.295  ent=0.481  grad=0.66/0.50  h=6.4 c=42.8  kl=0.0137  vl=0.2880
Step: 21024768 SPS: 594  ev=0.335  ent=0.488  grad=1.02/0.50  h=6.3 c=40.7  kl=0.0073  vl=0.2289
Step: 21028864 SPS: 594  ev=0.351  ent=0.498  grad=0.86/0.50  h=6.3 c=41.4  kl=0.0117  vl=0.2590
Step: 21032960 SPS: 594  ev=0.323  ent=0.493  grad=0.87/0.50  h=6.3 c=40.7  kl=0.0106  vl=0.2563
Step: 21037056 SPS: 594  ev=0.285  ent=0.513  grad=0.91/0.50  h=6.3 c=41.0  kl=0.0128  vl=0.3243
Step: 21041152 SPS: 594  ev=0.306  ent=0.494  grad=0.94/0.50  h=6.3 c=42.1  kl=0.0123  vl=0.2214
Step: 21045248 SPS: 594  ev=0.369  ent=0.490  grad=0.85/0.50  h=6.3 c=41.1  kl=0.0109  vl=0.2171
Step: 21049344 SPS: 594  ev=0.307  ent=0.452  grad=0.75/0.50  h=6.3 c=41.1  kl=0.0097  vl=0.2600
  vs Random: 100W/0L/0D | score=70.2±33.3 inv=2.9 played=21.1 lanes=4.7 ddraw=2.9 pts=70
  Self-play: 45W/62L/1D | score=19.9±31.8 inv=2.8 played=17.0 lanes=4.4 ddraw=1.3 pts=20
Step: 21053440 SPS: 594  ev=0.333  ent=0.488  grad=0.79/0.50  h=6.3 c=43.0  kl=0.0104  vl=0.2380
Step: 21057536 SPS: 594  ev=0.350  ent=0.476  grad=0.95/0.50  h=6.3 c=40.6  kl=0.0112  vl=0.2506
Step: 21061632 SPS: 594  ev=0.348  ent=0.466  grad=1.06/0.50  h=6.3 c=41.7  kl=0.0086  vl=0.2831
Step: 21065728 SPS: 594  ev=0.370  ent=0.499  grad=0.72/0.50  h=6.3 c=41.5  kl=0.0088  vl=0.2310
Step: 21069824 SPS: 594  ev=0.322  ent=0.518  grad=0.96/0.50  h=6.3 c=41.1  kl=0.0105  vl=0.2444
Step: 21073920 SPS: 594  ev=0.320  ent=0.484  grad=0.92/0.50  h=6.3 c=41.7  kl=0.0118  vl=0.3094
Step: 21078016 SPS: 594  ev=0.351  ent=0.482  grad=0.77/0.50  h=6.4 c=40.3  kl=0.0132  vl=0.2180
Step: 21082112 SPS: 594  ev=0.376  ent=0.519  grad=0.77/0.50  h=6.4 c=42.4  kl=0.0108  vl=0.2456
Step: 21086208 SPS: 594  ev=0.354  ent=0.461  grad=1.26/0.50  h=6.3 c=40.6  kl=0.0120  vl=0.2691
Step: 21090304 SPS: 594  ev=0.356  ent=0.462  grad=1.03/0.50  h=6.4 c=42.4  kl=0.0098  vl=0.2580
Step: 21094400 SPS: 594  ev=0.355  ent=0.469  grad=0.62/0.50  h=6.3 c=41.4  kl=0.0125  vl=0.2568
Step: 21098496 SPS: 594  ev=0.294  ent=0.448  grad=0.72/0.50  h=6.2 c=39.1  kl=0.0075  vl=0.2356
Step: 21102592 SPS: 594  ev=0.310  ent=0.454  grad=1.29/0.50  h=6.3 c=41.6  kl=0.0130  vl=0.2976
Step: 21106688 SPS: 594  ev=0.307  ent=0.476  grad=0.88/0.50  h=6.3 c=41.4  kl=0.0106  vl=0.2759
Step: 21110784 SPS: 594  ev=0.372  ent=0.482  grad=0.84/0.50  h=6.3 c=41.0  kl=0.0097  vl=0.2368
Step: 21114880 SPS: 594  ev=0.293  ent=0.469  grad=0.63/0.50  h=6.3 c=41.5  kl=0.0089  vl=0.2719
Step: 21118976 SPS: 594  ev=0.335  ent=0.511  grad=1.02/0.50  h=6.2 c=40.6  kl=0.0101  vl=0.2392
Step: 21123072 SPS: 594  ev=0.287  ent=0.489  grad=0.67/0.50  h=6.3 c=40.9  kl=0.0107  vl=0.2599
Step: 21127168 SPS: 594  ev=0.311  ent=0.437  grad=0.73/0.50  h=6.3 c=43.3  kl=0.0085  vl=0.2569
Step: 21131264 SPS: 594  ev=0.247  ent=0.453  grad=0.69/0.50  h=6.3 c=39.7  kl=0.0087  vl=0.2601
  vs Random: 101W/0L/0D | score=64.7±33.4 inv=3.1 played=21.1 lanes=4.8 ddraw=3.0 pts=65
  Self-play: 54W/48L/0D | score=21.6±28.7 inv=2.9 played=17.4 lanes=4.4 ddraw=0.9 pts=22
Step: 21135360 SPS: 594  ev=0.306  ent=0.479  grad=0.75/0.50  h=6.4 c=42.4  kl=0.0107  vl=0.2799
Step: 21139456 SPS: 594  ev=0.331  ent=0.475  grad=0.79/0.50  h=6.2 c=41.6  kl=0.0128  vl=0.2705
Step: 21143552 SPS: 594  ev=0.290  ent=0.454  grad=0.67/0.50  h=6.2 c=38.1  kl=0.0121  vl=0.2809
Step: 21147648 SPS: 594  ev=0.328  ent=0.478  grad=0.86/0.50  h=6.4 c=42.9  kl=0.0100  vl=0.2569
Step: 21151744 SPS: 594  ev=0.330  ent=0.454  grad=0.80/0.50  h=6.4 c=41.9  kl=0.0073  vl=0.2387
Step: 21155840 SPS: 594  ev=0.292  ent=0.477  grad=0.82/0.50  h=6.3 c=40.7  kl=0.0098  vl=0.2543
Step: 21159936 SPS: 594  ev=0.334  ent=0.468  grad=0.78/0.50  h=6.2 c=40.3  kl=0.0085  vl=0.2794
Step: 21164032 SPS: 594  ev=0.308  ent=0.444  grad=0.72/0.50  h=6.2 c=39.8  kl=0.0108  vl=0.2439
Step: 21168128 SPS: 594  ev=0.313  ent=0.452  grad=0.69/0.50  h=6.5 c=43.1  kl=0.0092  vl=0.2374
Step: 21172224 SPS: 594  ev=0.251  ent=0.434  grad=0.60/0.50  h=6.3 c=41.1  kl=0.0091  vl=0.2581
Step: 21176320 SPS: 594  ev=0.341  ent=0.479  grad=0.83/0.50  h=6.4 c=39.9  kl=0.0108  vl=0.2268
Step: 21180416 SPS: 594  ev=0.342  ent=0.483  grad=0.76/0.50  h=6.4 c=43.3  kl=0.0111  vl=0.2366
Step: 21184512 SPS: 594  ev=0.338  ent=0.457  grad=1.47/0.50  h=6.3 c=42.0  kl=0.0118  vl=0.2923
Step: 21188608 SPS: 594  ev=0.294  ent=0.468  grad=0.98/0.50  h=6.4 c=42.6  kl=0.0099  vl=0.2507
Step: 21192704 SPS: 594  ev=0.356  ent=0.462  grad=0.69/0.50  h=6.4 c=42.3  kl=0.0140  vl=0.2908
Step: 21196800 SPS: 594  ev=0.374  ent=0.475  grad=0.74/0.50  h=6.3 c=39.2  kl=0.0088  vl=0.2235
Step: 21200896 SPS: 594  ev=0.325  ent=0.463  grad=0.71/0.50  h=6.4 c=43.3  kl=0.0149  vl=0.2252
Step: 21204992 SPS: 594  ev=0.305  ent=0.480  grad=0.97/0.50  h=6.3 c=41.7  kl=0.0107  vl=0.2999
Step: 21209088 SPS: 594  ev=0.264  ent=0.473  grad=0.88/0.50  h=6.3 c=40.5  kl=0.0115  vl=0.2415
Step: 21213184 SPS: 594  ev=0.301  ent=0.471  grad=0.95/0.50  h=6.4 c=42.5  kl=0.0107  vl=0.2504
  vs Random: 101W/0L/0D | score=63.1±34.5 inv=2.7 played=21.0 lanes=4.7 ddraw=2.6 pts=63
  Self-play: 51W/48L/1D | score=23.6±29.9 inv=3.0 played=17.7 lanes=4.4 ddraw=1.0 pts=24
Step: 21217280 SPS: 594  ev=0.321  ent=0.478  grad=1.50/0.50  h=6.3 c=40.3  kl=0.0112  vl=0.2315
Step: 21221376 SPS: 594  ev=0.290  ent=0.464  grad=0.70/0.50  h=6.4 c=41.5  kl=0.0110  vl=0.2685
Step: 21225472 SPS: 594  ev=0.340  ent=0.508  grad=0.76/0.50  h=6.3 c=41.8  kl=0.0123  vl=0.2520
Step: 21229568 SPS: 594  ev=0.213  ent=0.439  grad=0.75/0.50  h=6.4 c=41.0  kl=0.0139  vl=0.3220
Step: 21233664 SPS: 594  ev=0.303  ent=0.478  grad=1.05/0.50  h=6.3 c=40.7  kl=0.0096  vl=0.2643
Step: 21237760 SPS: 594  ev=0.339  ent=0.441  grad=0.64/0.50  h=6.3 c=41.7  kl=0.0104  vl=0.2750
Step: 21241856 SPS: 594  ev=0.347  ent=0.461  grad=0.73/0.50  h=6.4 c=41.9  kl=0.0096  vl=0.2358
Step: 21245952 SPS: 594  ev=0.353  ent=0.482  grad=0.88/0.50  h=6.4 c=42.4  kl=0.0075  vl=0.2270
Step: 21250048 SPS: 594  ev=0.214  ent=0.477  grad=1.13/0.50  h=6.3 c=40.4  kl=0.0125  vl=0.2852
Step: 21254144 SPS: 594  ev=0.288  ent=0.490  grad=0.77/0.50  h=6.4 c=42.8  kl=0.0078  vl=0.2523
Step: 21258240 SPS: 594  ev=0.352  ent=0.493  grad=1.04/0.50  h=6.4 c=43.3  kl=0.0113  vl=0.2507
Step: 21262336 SPS: 594  ev=0.331  ent=0.473  grad=0.95/0.50  h=6.4 c=40.6  kl=0.0068  vl=0.2546
Step: 21266432 SPS: 594  ev=0.387  ent=0.489  grad=0.97/0.50  h=6.4 c=42.4  kl=0.0122  vl=0.2204
Step: 21270528 SPS: 594  ev=0.295  ent=0.471  grad=0.77/0.50  h=6.4 c=40.9  kl=0.0079  vl=0.2515
Step: 21274624 SPS: 594  ev=0.413  ent=0.489  grad=0.75/0.50  h=6.4 c=42.2  kl=0.0094  vl=0.2135
Step: 21278720 SPS: 594  ev=0.255  ent=0.466  grad=0.86/0.50  h=6.4 c=42.8  kl=0.0084  vl=0.2527
Step: 21282816 SPS: 594  ev=0.344  ent=0.504  grad=0.87/0.50  h=6.4 c=40.7  kl=0.0120  vl=0.2443
Step: 21286912 SPS: 594  ev=0.290  ent=0.496  grad=0.75/0.50  h=6.5 c=42.9  kl=0.0139  vl=0.3041
Step: 21291008 SPS: 594  ev=0.375  ent=0.465  grad=0.71/0.50  h=6.4 c=42.0  kl=0.0100  vl=0.2104
Step: 21295104 SPS: 594  ev=0.287  ent=0.507  grad=0.71/0.50  h=6.4 c=41.2  kl=0.0136  vl=0.3107
  vs Random: 99W/1L/0D | score=65.1±32.8 inv=2.7 played=21.1 lanes=4.8 ddraw=2.8 pts=65
  Self-play: 51W/50L/2D | score=24.7±26.0 inv=2.6 played=17.6 lanes=4.5 ddraw=1.2 pts=25
Step: 21299200 SPS: 594  ev=0.268  ent=0.486  grad=0.73/0.50  h=6.3 c=41.3  kl=0.0087  vl=0.2841
Step: 21303296 SPS: 594  ev=0.375  ent=0.474  grad=1.04/0.50  h=6.4 c=41.1  kl=0.0122  vl=0.2489
Step: 21307392 SPS: 594  ev=0.296  ent=0.495  grad=0.81/0.50  h=6.4 c=42.0  kl=0.0114  vl=0.2689
Step: 21311488 SPS: 594  ev=0.396  ent=0.497  grad=0.69/0.50  h=6.4 c=42.4  kl=0.0114  vl=0.2439
Step: 21315584 SPS: 594  ev=0.371  ent=0.507  grad=1.42/0.50  h=6.4 c=40.7  kl=0.0097  vl=0.2211
Step: 21319680 SPS: 594  ev=0.386  ent=0.497  grad=0.85/0.50  h=6.5 c=43.0  kl=0.0090  vl=0.2345
Step: 21323776 SPS: 594  ev=0.333  ent=0.479  grad=1.21/0.50  h=6.4 c=40.4  kl=0.0106  vl=0.2807
Step: 21327872 SPS: 594  ev=0.331  ent=0.470  grad=1.05/0.50  h=6.5 c=41.1  kl=0.0115  vl=0.2650
Step: 21331968 SPS: 594  ev=0.314  ent=0.506  grad=0.93/0.50  h=6.5 c=42.9  kl=0.0099  vl=0.2189
Step: 21336064 SPS: 594  ev=0.300  ent=0.456  grad=1.26/0.50  h=6.4 c=41.1  kl=0.0082  vl=0.2728
Step: 21340160 SPS: 594  ev=0.319  ent=0.472  grad=0.76/0.50  h=6.5 c=43.4  kl=0.0124  vl=0.2964
Step: 21344256 SPS: 594  ev=0.343  ent=0.484  grad=0.87/0.50  h=6.3 c=40.4  kl=0.0090  vl=0.2536
Step: 21348352 SPS: 594  ev=0.314  ent=0.513  grad=0.60/0.50  h=6.5 c=41.1  kl=0.0110  vl=0.2446
Step: 21352448 SPS: 594  ev=0.311  ent=0.473  grad=1.06/0.50  h=6.4 c=42.4  kl=0.0131  vl=0.2592
Step: 21356544 SPS: 594  ev=0.276  ent=0.478  grad=0.91/0.50  h=6.4 c=40.7  kl=0.0076  vl=0.1881
Step: 21360640 SPS: 594  ev=0.295  ent=0.474  grad=1.18/0.50  h=6.5 c=41.8  kl=0.0073  vl=0.2093
Step: 21364736 SPS: 594  ev=0.289  ent=0.493  grad=0.70/0.50  h=6.4 c=41.1  kl=0.0091  vl=0.2423
Step: 21368832 SPS: 594  ev=0.360  ent=0.465  grad=0.83/0.50  h=6.5 c=41.9  kl=0.0118  vl=0.2622
Step: 21372928 SPS: 594  ev=0.329  ent=0.460  grad=1.01/0.50  h=6.5 c=42.3  kl=0.0100  vl=0.2780
Step: 21377024 SPS: 594  ev=0.251  ent=0.505  grad=0.81/0.50  h=6.5 c=41.7  kl=0.0098  vl=0.2753
  vs Random: 100W/0L/0D | score=62.8±31.1 inv=2.4 played=20.7 lanes=4.8 ddraw=2.8 pts=63
  Self-play: 38W/59L/3D | score=15.2±30.2 inv=2.7 played=17.3 lanes=4.5 ddraw=1.1 pts=15
Step: 21381120 SPS: 594  ev=0.348  ent=0.506  grad=1.13/0.50  h=6.4 c=41.7  kl=0.0118  vl=0.2508
Step: 21385216 SPS: 594  ev=0.301  ent=0.478  grad=0.63/0.50  h=6.4 c=41.0  kl=0.0082  vl=0.2564
Step: 21389312 SPS: 594  ev=0.315  ent=0.488  grad=1.03/0.50  h=6.4 c=41.9  kl=0.0127  vl=0.2854
Step: 21393408 SPS: 594  ev=0.399  ent=0.481  grad=1.12/0.50  h=6.5 c=42.1  kl=0.0104  vl=0.2124
Step: 21397504 SPS: 594  ev=0.248  ent=0.457  grad=0.71/0.50  h=6.4 c=40.4  kl=0.0092  vl=0.2696
Step: 21401600 SPS: 594  ev=0.273  ent=0.479  grad=0.93/0.50  h=6.4 c=40.9  kl=0.0096  vl=0.2368
Step: 21405696 SPS: 594  ev=0.291  ent=0.474  grad=0.85/0.50  h=6.4 c=41.8  kl=0.0126  vl=0.2985
Step: 21409792 SPS: 594  ev=0.368  ent=0.478  grad=0.74/0.50  h=6.5 c=41.7  kl=0.0083  vl=0.2976
Step: 21413888 SPS: 594  ev=0.350  ent=0.471  grad=1.33/0.50  h=6.5 c=42.6  kl=0.0107  vl=0.3251
Step: 21417984 SPS: 594  ev=0.376  ent=0.476  grad=0.70/0.50  h=6.4 c=40.3  kl=0.0096  vl=0.2256
Step: 21422080 SPS: 594  ev=0.401  ent=0.491  grad=0.76/0.50  h=6.4 c=41.7  kl=0.0079  vl=0.2249
Step: 21426176 SPS: 594  ev=0.309  ent=0.484  grad=0.86/0.50  h=6.5 c=41.7  kl=0.0122  vl=0.2768
Step: 21430272 SPS: 594  ev=0.318  ent=0.499  grad=1.03/0.50  h=6.5 c=40.5  kl=0.0129  vl=0.2712
Step: 21434368 SPS: 594  ev=0.370  ent=0.474  grad=0.77/0.50  h=6.4 c=41.1  kl=0.0090  vl=0.2135
Step: 21438464 SPS: 594  ev=0.373  ent=0.486  grad=0.77/0.50  h=6.4 c=38.9  kl=0.0113  vl=0.2765
Step: 21442560 SPS: 594  ev=0.313  ent=0.498  grad=0.93/0.50  h=6.5 c=42.4  kl=0.0113  vl=0.2729
Step: 21446656 SPS: 594  ev=0.365  ent=0.483  grad=1.13/0.50  h=6.5 c=41.4  kl=0.0130  vl=0.2656
Step: 21450752 SPS: 594  ev=0.344  ent=0.479  grad=1.05/0.50  h=6.4 c=40.3  kl=0.0073  vl=0.2433
Step: 21454848 SPS: 594  ev=0.322  ent=0.471  grad=0.69/0.50  h=6.4 c=41.3  kl=0.0097  vl=0.2474
Step: 21458944 SPS: 594  ev=0.330  ent=0.505  grad=1.27/0.50  h=6.4 c=39.3  kl=0.0110  vl=0.3012
  vs Random: 100W/0L/0D | score=65.0±31.5 inv=2.7 played=21.0 lanes=4.8 ddraw=2.7 pts=65
  Self-play: 51W/51L/0D | score=20.0±23.5 inv=2.7 played=17.5 lanes=4.6 ddraw=0.8 pts=20
Step: 21463040 SPS: 594  ev=0.334  ent=0.470  grad=0.64/0.50  h=6.5 c=41.9  kl=0.0117  vl=0.2729
Step: 21467136 SPS: 594  ev=0.356  ent=0.500  grad=0.77/0.50  h=6.4 c=41.0  kl=0.0124  vl=0.2406
Step: 21471232 SPS: 594  ev=0.366  ent=0.485  grad=0.69/0.50  h=6.5 c=39.9  kl=0.0109  vl=0.2419
Step: 21475328 SPS: 594  ev=0.274  ent=0.508  grad=1.44/0.50  h=6.4 c=41.2  kl=0.0117  vl=0.2884
Step: 21479424 SPS: 594  ev=0.351  ent=0.499  grad=0.89/0.50  h=6.4 c=40.2  kl=0.0119  vl=0.2778
Step: 21483520 SPS: 594  ev=0.346  ent=0.456  grad=0.73/0.50  h=6.5 c=41.3  kl=0.0096  vl=0.2177
Step: 21487616 SPS: 594  ev=0.301  ent=0.491  grad=0.65/0.50  h=6.4 c=42.9  kl=0.0137  vl=0.2407
Step: 21491712 SPS: 594  ev=0.361  ent=0.479  grad=1.01/0.50  h=6.4 c=38.8  kl=0.0109  vl=0.2767
Step: 21495808 SPS: 594  ev=0.361  ent=0.479  grad=0.72/0.50  h=6.5 c=42.5  kl=0.0094  vl=0.2636
Step: 21499904 SPS: 594  ev=0.343  ent=0.492  grad=1.33/0.50  h=6.3 c=39.5  kl=0.0156  vl=0.3239
Step: 21504000 SPS: 594  ev=0.379  ent=0.501  grad=0.88/0.50  h=6.5 c=41.1  kl=0.0101  vl=0.2168
Step: 21508096 SPS: 594  ev=0.378  ent=0.475  grad=0.98/0.50  h=6.4 c=42.4  kl=0.0074  vl=0.2487
Step: 21512192 SPS: 594  ev=0.274  ent=0.512  grad=1.45/0.50  h=6.4 c=39.5  kl=0.0115  vl=0.2532
Step: 21516288 SPS: 594  ev=0.292  ent=0.488  grad=0.70/0.50  h=6.5 c=43.2  kl=0.0104  vl=0.2390
Step: 21520384 SPS: 594  ev=0.321  ent=0.479  grad=0.82/0.50  h=6.4 c=40.9  kl=0.0086  vl=0.2350
Step: 21524480 SPS: 594  ev=0.334  ent=0.498  grad=0.82/0.50  h=6.4 c=40.9  kl=0.0098  vl=0.2330
Step: 21528576 SPS: 594  ev=0.339  ent=0.499  grad=0.89/0.50  h=6.4 c=41.7  kl=0.0124  vl=0.2860
Step: 21532672 SPS: 594  ev=0.376  ent=0.479  grad=1.09/0.50  h=6.4 c=40.1  kl=0.0101  vl=0.2274
Step: 21536768 SPS: 594  ev=0.344  ent=0.494  grad=0.99/0.50  h=6.4 c=41.9  kl=0.0092  vl=0.2225
Step: 21540864 SPS: 594  ev=0.303  ent=0.492  grad=0.92/0.50  h=6.3 c=40.3  kl=0.0123  vl=0.2687
  vs Random: 101W/0L/0D | score=69.4±33.5 inv=2.7 played=21.5 lanes=4.7 ddraw=2.8 pts=69
  Self-play: 47W/52L/1D | score=19.1±27.6 inv=2.4 played=17.6 lanes=4.6 ddraw=0.9 pts=19
Step: 21544960 SPS: 594  ev=0.277  ent=0.449  grad=1.12/0.50  h=6.3 c=40.8  kl=0.0121  vl=0.2451
Step: 21549056 SPS: 594  ev=0.279  ent=0.493  grad=0.75/0.50  h=6.3 c=41.6  kl=0.0129  vl=0.3113
Step: 21553152 SPS: 594  ev=0.304  ent=0.496  grad=0.79/0.50  h=6.3 c=39.7  kl=0.0096  vl=0.2387
Step: 21557248 SPS: 594  ev=0.277  ent=0.454  grad=0.74/0.50  h=6.5 c=43.7  kl=0.0108  vl=0.2786
Step: 21561344 SPS: 594  ev=0.339  ent=0.471  grad=0.88/0.50  h=6.3 c=41.0  kl=0.0100  vl=0.2494
Step: 21565440 SPS: 594  ev=0.296  ent=0.465  grad=0.81/0.50  h=6.4 c=40.2  kl=0.0086  vl=0.2457
Step: 21569536 SPS: 594  ev=0.340  ent=0.461  grad=0.76/0.50  h=6.4 c=42.8  kl=0.0119  vl=0.2612
Step: 21573632 SPS: 594  ev=0.354  ent=0.489  grad=0.77/0.50  h=6.3 c=41.2  kl=0.0092  vl=0.2042
Step: 21577728 SPS: 594  ev=0.350  ent=0.473  grad=0.88/0.50  h=6.4 c=42.4  kl=0.0082  vl=0.2200
Step: 21581824 SPS: 594  ev=0.348  ent=0.476  grad=0.78/0.50  h=6.4 c=42.0  kl=0.0082  vl=0.2330
Step: 21585920 SPS: 594  ev=0.323  ent=0.448  grad=1.06/0.50  h=6.4 c=40.6  kl=0.0069  vl=0.2640
Step: 21590016 SPS: 594  ev=0.323  ent=0.473  grad=1.13/0.50  h=6.4 c=43.6  kl=0.0141  vl=0.2254
Step: 21594112 SPS: 594  ev=0.331  ent=0.458  grad=0.76/0.50  h=6.4 c=40.6  kl=0.0110  vl=0.2430
Step: 21598208 SPS: 594  ev=0.287  ent=0.486  grad=0.79/0.50  h=6.4 c=41.1  kl=0.0103  vl=0.2693
Step: 21602304 SPS: 594  ev=0.366  ent=0.458  grad=1.31/0.50  h=6.3 c=40.9  kl=0.0068  vl=0.2900
Step: 21606400 SPS: 594  ev=0.247  ent=0.486  grad=0.89/0.50  h=6.4 c=40.4  kl=0.0110  vl=0.2845
Step: 21610496 SPS: 594  ev=0.363  ent=0.458  grad=0.91/0.50  h=6.4 c=43.1  kl=0.0107  vl=0.2499
Step: 21614592 SPS: 594  ev=0.364  ent=0.479  grad=0.84/0.50  h=6.3 c=40.3  kl=0.0099  vl=0.2217
Step: 21618688 SPS: 594  ev=0.342  ent=0.486  grad=0.74/0.50  h=6.4 c=41.7  kl=0.0122  vl=0.2396
Step: 21622784 SPS: 594  ev=0.349  ent=0.490  grad=1.37/0.50  h=6.4 c=42.5  kl=0.0113  vl=0.2816
  vs Random: 100W/0L/0D | score=65.3±35.3 inv=2.6 played=21.0 lanes=4.7 ddraw=2.8 pts=65
  Self-play: 42W/60L/0D | score=17.5±24.1 inv=2.6 played=17.6 lanes=4.6 ddraw=0.9 pts=18
Step: 21626880 SPS: 594  ev=0.306  ent=0.495  grad=0.85/0.50  h=6.4 c=39.7  kl=0.0088  vl=0.2623
Step: 21630976 SPS: 594  ev=0.323  ent=0.466  grad=0.89/0.50  h=6.4 c=43.6  kl=0.0123  vl=0.2554
Step: 21635072 SPS: 594  ev=0.316  ent=0.456  grad=0.77/0.50  h=6.3 c=40.6  kl=0.0095  vl=0.2544
Step: 21639168 SPS: 594  ev=0.293  ent=0.498  grad=1.16/0.50  h=6.3 c=40.6  kl=0.0094  vl=0.2224
Step: 21643264 SPS: 594  ev=0.401  ent=0.462  grad=0.75/0.50  h=6.4 c=42.8  kl=0.0107  vl=0.1837
Step: 21647360 SPS: 594  ev=0.335  ent=0.466  grad=1.03/0.50  h=6.3 c=40.0  kl=0.0075  vl=0.2150
Step: 21651456 SPS: 594  ev=0.369  ent=0.460  grad=0.77/0.50  h=6.4 c=41.2  kl=0.0080  vl=0.2560
Step: 21655552 SPS: 594  ev=0.351  ent=0.473  grad=0.88/0.50  h=6.3 c=40.0  kl=0.0109  vl=0.2238
Step: 21659648 SPS: 594  ev=0.357  ent=0.462  grad=0.84/0.50  h=6.4 c=40.1  kl=0.0113  vl=0.2945
Step: 21663744 SPS: 594  ev=0.338  ent=0.452  grad=0.77/0.50  h=6.4 c=41.5  kl=0.0097  vl=0.2525
Step: 21667840 SPS: 594  ev=0.342  ent=0.496  grad=0.83/0.50  h=6.3 c=40.2  kl=0.0130  vl=0.2577
Step: 21671936 SPS: 594  ev=0.267  ent=0.481  grad=1.31/0.50  h=6.4 c=40.9  kl=0.0083  vl=0.2420
Step: 21676032 SPS: 594  ev=0.359  ent=0.440  grad=1.55/0.50  h=6.3 c=40.1  kl=0.0114  vl=0.2629
Step: 21680128 SPS: 594  ev=0.345  ent=0.475  grad=0.67/0.50  h=6.3 c=39.0  kl=0.0097  vl=0.2593
Step: 21684224 SPS: 594  ev=0.362  ent=0.444  grad=1.04/0.50  h=6.4 c=42.3  kl=0.0113  vl=0.2093
Step: 21688320 SPS: 594  ev=0.295  ent=0.453  grad=1.26/0.50  h=6.3 c=40.2  kl=0.0111  vl=0.2929
Step: 21692416 SPS: 594  ev=0.274  ent=0.452  grad=0.81/0.50  h=6.4 c=40.7  kl=0.0087  vl=0.2359
Step: 21696512 SPS: 594  ev=0.337  ent=0.453  grad=0.78/0.50  h=6.4 c=41.2  kl=0.0118  vl=0.2624
Step: 21700608 SPS: 594  ev=0.303  ent=0.470  grad=0.92/0.50  h=6.3 c=38.2  kl=0.0084  vl=0.2502
Step: 21704704 SPS: 594  ev=0.355  ent=0.446  grad=1.10/0.50  h=6.4 c=42.2  kl=0.0085  vl=0.2264
  vs Random: 100W/0L/0D | score=69.3±34.1 inv=3.0 played=21.5 lanes=4.8 ddraw=2.9 pts=69
  Self-play: 49W/54L/0D | score=15.6±25.0 inv=2.5 played=17.7 lanes=4.7 ddraw=0.8 pts=16
Step: 21708800 SPS: 594  ev=0.311  ent=0.433  grad=0.73/0.50  h=6.2 c=37.9  kl=0.0094  vl=0.2301
Step: 21712896 SPS: 594  ev=0.348  ent=0.477  grad=0.81/0.50  h=6.4 c=41.3  kl=0.0097  vl=0.2188
Step: 21716992 SPS: 594  ev=0.326  ent=0.465  grad=0.74/0.50  h=6.3 c=41.9  kl=0.0101  vl=0.2577
Step: 21721088 SPS: 594  ev=0.284  ent=0.477  grad=0.76/0.50  h=6.3 c=39.0  kl=0.0122  vl=0.2552
Step: 21725184 SPS: 594  ev=0.316  ent=0.462  grad=0.72/0.50  h=6.5 c=42.9  kl=0.0102  vl=0.2083
Step: 21729280 SPS: 594  ev=0.361  ent=0.483  grad=0.85/0.50  h=6.3 c=39.1  kl=0.0113  vl=0.2559
Step: 21733376 SPS: 594  ev=0.307  ent=0.438  grad=0.89/0.50  h=6.4 c=40.6  kl=0.0096  vl=0.2625
Step: 21737472 SPS: 594  ev=0.354  ent=0.464  grad=1.49/0.50  h=6.3 c=41.6  kl=0.0080  vl=0.2324
Step: 21741568 SPS: 594  ev=0.328  ent=0.466  grad=0.86/0.50  h=6.3 c=38.4  kl=0.0101  vl=0.2458
Step: 21745664 SPS: 594  ev=0.300  ent=0.448  grad=1.08/0.50  h=6.4 c=41.6  kl=0.0113  vl=0.2660
Step: 21749760 SPS: 594  ev=0.414  ent=0.453  grad=0.64/0.50  h=6.3 c=41.0  kl=0.0094  vl=0.2696
Step: 21753856 SPS: 594  ev=0.282  ent=0.490  grad=0.73/0.50  h=6.4 c=40.7  kl=0.0118  vl=0.2484
Step: 21757952 SPS: 594  ev=0.363  ent=0.441  grad=1.71/0.50  h=6.4 c=42.5  kl=0.0111  vl=0.2845
Step: 21762048 SPS: 594  ev=0.348  ent=0.482  grad=0.82/0.50  h=6.4 c=40.0  kl=0.0096  vl=0.2506
Step: 21766144 SPS: 594  ev=0.349  ent=0.472  grad=0.65/0.50  h=6.4 c=42.1  kl=0.0094  vl=0.2367
Step: 21770240 SPS: 594  ev=0.345  ent=0.475  grad=0.73/0.50  h=6.3 c=41.0  kl=0.0101  vl=0.2120
Step: 21774336 SPS: 594  ev=0.327  ent=0.466  grad=0.95/0.50  h=6.3 c=40.6  kl=0.0094  vl=0.3127
Step: 21778432 SPS: 594  ev=0.323  ent=0.472  grad=0.73/0.50  h=6.4 c=42.2  kl=0.0104  vl=0.2457
Step: 21782528 SPS: 594  ev=0.304  ent=0.477  grad=0.78/0.50  h=6.4 c=39.9  kl=0.0111  vl=0.3257
Step: 21786624 SPS: 594  ev=0.360  ent=0.451  grad=0.90/0.50  h=6.3 c=41.0  kl=0.0109  vl=0.2378
  vs Random: 100W/0L/0D | score=66.1±28.5 inv=2.5 played=21.5 lanes=4.8 ddraw=2.7 pts=66
  Self-play: 49W/52L/0D | score=17.9±22.3 inv=2.5 played=17.8 lanes=4.7 ddraw=0.9 pts=18
Step: 21790720 SPS: 594  ev=0.271  ent=0.522  grad=0.88/0.50  h=6.3 c=41.1  kl=0.0084  vl=0.3286
Step: 21794816 SPS: 594  ev=0.332  ent=0.444  grad=1.09/0.50  h=6.4 c=40.9  kl=0.0093  vl=0.2904
Step: 21798912 SPS: 594  ev=0.360  ent=0.479  grad=0.72/0.50  h=6.4 c=42.7  kl=0.0106  vl=0.2366
Step: 21803008 SPS: 594  ev=0.381  ent=0.438  grad=0.75/0.50  h=6.3 c=39.6  kl=0.0101  vl=0.2872
Step: 21807104 SPS: 594  ev=0.322  ent=0.453  grad=0.72/0.50  h=6.3 c=39.8  kl=0.0091  vl=0.2520
Step: 21811200 SPS: 594  ev=0.329  ent=0.457  grad=1.30/0.50  h=6.4 c=41.9  kl=0.0100  vl=0.2706
Step: 21815296 SPS: 594  ev=0.376  ent=0.468  grad=0.74/0.50  h=6.3 c=40.7  kl=0.0139  vl=0.2909
Step: 21819392 SPS: 594  ev=0.338  ent=0.461  grad=0.82/0.50  h=6.4 c=41.7  kl=0.0103  vl=0.2450
Step: 21823488 SPS: 594  ev=0.344  ent=0.458  grad=1.09/0.50  h=6.3 c=40.0  kl=0.0086  vl=0.2264
Step: 21827584 SPS: 594  ev=0.334  ent=0.467  grad=0.84/0.50  h=6.3 c=40.8  kl=0.0091  vl=0.2457
Step: 21831680 SPS: 594  ev=0.367  ent=0.464  grad=1.69/0.50  h=6.3 c=41.0  kl=0.0109  vl=0.2492
Step: 21835776 SPS: 594  ev=0.360  ent=0.477  grad=0.87/0.50  h=6.4 c=41.1  kl=0.0067  vl=0.2144
Step: 21839872 SPS: 594  ev=0.370  ent=0.479  grad=0.79/0.50  h=6.4 c=41.6  kl=0.0101  vl=0.2295
Step: 21843968 SPS: 594  ev=0.331  ent=0.475  grad=0.82/0.50  h=6.3 c=39.8  kl=0.0119  vl=0.2443
Step: 21848064 SPS: 594  ev=0.381  ent=0.467  grad=1.50/0.50  h=6.4 c=41.7  kl=0.0110  vl=0.3045
Step: 21852160 SPS: 594  ev=0.382  ent=0.457  grad=0.78/0.50  h=6.3 c=40.1  kl=0.0136  vl=0.2773
Step: 21856256 SPS: 594  ev=0.340  ent=0.481  grad=1.07/0.50  h=6.4 c=41.3  kl=0.0089  vl=0.2674
Step: 21860352 SPS: 594  ev=0.319  ent=0.478  grad=0.75/0.50  h=6.4 c=41.3  kl=0.0101  vl=0.2274
Step: 21864448 SPS: 594  ev=0.309  ent=0.477  grad=1.00/0.50  h=6.3 c=40.6  kl=0.0091  vl=0.2440
Step: 21868544 SPS: 594  ev=0.309  ent=0.453  grad=0.85/0.50  h=6.4 c=42.4  kl=0.0106  vl=0.2891
  vs Random: 102W/0L/0D | score=62.9±30.9 inv=2.6 played=20.9 lanes=4.7 ddraw=2.8 pts=63
  Self-play: 52W/47L/1D | score=16.7±23.5 inv=2.5 played=17.7 lanes=4.6 ddraw=0.9 pts=17
Step: 21872640 SPS: 594  ev=0.404  ent=0.472  grad=0.79/0.50  h=6.3 c=41.0  kl=0.0118  vl=0.2041
Step: 21876736 SPS: 594  ev=0.314  ent=0.448  grad=1.47/0.50  h=6.4 c=40.5  kl=0.0070  vl=0.3028
Step: 21880832 SPS: 594  ev=0.330  ent=0.505  grad=0.86/0.50  h=6.3 c=41.8  kl=0.0109  vl=0.2870
Step: 21884928 SPS: 594  ev=0.301  ent=0.454  grad=0.76/0.50  h=6.3 c=41.6  kl=0.0101  vl=0.2175
Step: 21889024 SPS: 594  ev=0.374  ent=0.467  grad=0.74/0.50  h=6.3 c=40.7  kl=0.0106  vl=0.2182
Step: 21893120 SPS: 594  ev=0.284  ent=0.475  grad=0.83/0.50  h=6.4 c=41.8  kl=0.0090  vl=0.2189
Step: 21897216 SPS: 594  ev=0.362  ent=0.478  grad=0.77/0.50  h=6.4 c=40.5  kl=0.0096  vl=0.2112
Step: 21901312 SPS: 594  ev=0.405  ent=0.473  grad=0.72/0.50  h=6.4 c=42.7  kl=0.0124  vl=0.2325
Step: 21905408 SPS: 594  ev=0.308  ent=0.492  grad=0.82/0.50  h=6.3 c=41.5  kl=0.0080  vl=0.2242
Step: 21909504 SPS: 594  ev=0.303  ent=0.463  grad=0.95/0.50  h=6.4 c=40.3  kl=0.0091  vl=0.2665
Step: 21913600 SPS: 594  ev=0.314  ent=0.459  grad=0.79/0.50  h=6.4 c=43.0  kl=0.0100  vl=0.2716
Step: 21917696 SPS: 594  ev=0.276  ent=0.470  grad=0.73/0.50  h=6.3 c=40.5  kl=0.0119  vl=0.2690
Step: 21921792 SPS: 594  ev=0.301  ent=0.485  grad=0.84/0.50  h=6.4 c=41.9  kl=0.0114  vl=0.2437
Step: 21925888 SPS: 594  ev=0.346  ent=0.471  grad=0.78/0.50  h=6.4 c=41.3  kl=0.0099  vl=0.2774
Step: 21929984 SPS: 594  ev=0.321  ent=0.474  grad=0.77/0.50  h=6.4 c=41.1  kl=0.0115  vl=0.2211
Step: 21934080 SPS: 594  ev=0.335  ent=0.470  grad=1.28/0.50  h=6.3 c=41.1  kl=0.0105  vl=0.2344
Step: 21938176 SPS: 594  ev=0.403  ent=0.460  grad=0.76/0.50  h=6.3 c=39.0  kl=0.0088  vl=0.2436
Step: 21942272 SPS: 594  ev=0.344  ent=0.490  grad=0.93/0.50  h=6.4 c=41.9  kl=0.0101  vl=0.2107
Step: 21946368 SPS: 594  ev=0.360  ent=0.468  grad=1.07/0.50  h=6.3 c=40.7  kl=0.0089  vl=0.2218
Step: 21950464 SPS: 594  ev=0.352  ent=0.471  grad=0.65/0.50  h=6.4 c=41.4  kl=0.0117  vl=0.2124
  vs Random: 100W/0L/0D | score=70.5±28.6 inv=3.0 played=21.5 lanes=4.6 ddraw=2.9 pts=70
  Self-play: 36W/64L/2D | score=11.8±25.4 inv=2.6 played=17.5 lanes=4.7 ddraw=0.9 pts=12
Step: 21954560 SPS: 594  ev=0.282  ent=0.496  grad=0.71/0.50  h=6.3 c=40.8  kl=0.0160  vl=0.2776
Step: 21958656 SPS: 594  ev=0.317  ent=0.452  grad=1.03/0.50  h=6.3 c=39.9  kl=0.0070  vl=0.2518
Step: 21962752 SPS: 594  ev=0.354  ent=0.502  grad=0.83/0.50  h=6.3 c=42.4  kl=0.0091  vl=0.2313
Step: 21966848 SPS: 594  ev=0.383  ent=0.462  grad=1.11/0.50  h=6.2 c=39.2  kl=0.0087  vl=0.2390
Step: 21970944 SPS: 594  ev=0.314  ent=0.468  grad=0.66/0.50  h=6.3 c=41.0  kl=0.0094  vl=0.2511
Step: 21975040 SPS: 594  ev=0.271  ent=0.494  grad=0.91/0.50  h=6.3 c=40.6  kl=0.0136  vl=0.3344
Step: 21979136 SPS: 594  ev=0.372  ent=0.487  grad=0.86/0.50  h=6.3 c=40.8  kl=0.0100  vl=0.2769
Step: 21983232 SPS: 594  ev=0.343  ent=0.474  grad=0.91/0.50  h=6.3 c=41.4  kl=0.0092  vl=0.2320
Step: 21987328 SPS: 594  ev=0.325  ent=0.463  grad=0.81/0.50  h=6.3 c=40.7  kl=0.0146  vl=0.2557
Step: 21991424 SPS: 594  ev=0.405  ent=0.536  grad=0.96/0.50  h=6.4 c=42.2  kl=0.0115  vl=0.2380
Step: 21995520 SPS: 594  ev=0.328  ent=0.498  grad=1.48/0.50  h=6.3 c=40.3  kl=0.0122  vl=0.2857
Step: 21999616 SPS: 594  ev=0.302  ent=0.451  grad=0.98/0.50  h=6.3 c=40.0  kl=0.0147  vl=0.3237
Step: 22003712 SPS: 594  ev=0.338  ent=0.448  grad=0.95/0.50  h=6.3 c=40.7  kl=0.0080  vl=0.2666
Step: 22007808 SPS: 594  ev=0.355  ent=0.497  grad=0.85/0.50  h=6.3 c=41.1  kl=0.0116  vl=0.2947
Step: 22011904 SPS: 594  ev=0.304  ent=0.492  grad=1.28/0.50  h=6.3 c=40.8  kl=0.0102  vl=0.2675
Step: 22016000 SPS: 594  ev=0.329  ent=0.463  grad=0.70/0.50  h=6.3 c=41.2  kl=0.0099  vl=0.2273
Step: 22020096 SPS: 594  ev=0.378  ent=0.499  grad=1.05/0.50  h=6.3 c=39.8  kl=0.0092  vl=0.2233
Step: 22024192 SPS: 594  ev=0.310  ent=0.484  grad=1.00/0.50  h=6.3 c=38.7  kl=0.0102  vl=0.2784
Step: 22028288 SPS: 594  ev=0.340  ent=0.477  grad=1.07/0.50  h=6.4 c=41.4  kl=0.0106  vl=0.2198
Step: 22032384 SPS: 594  ev=0.347  ent=0.505  grad=1.27/0.50  h=6.3 c=40.2  kl=0.0091  vl=0.2187
  vs Random: 101W/0L/0D | score=63.7±34.3 inv=2.8 played=20.3 lanes=4.7 ddraw=2.8 pts=64
  Self-play: 50W/51L/1D | score=17.5±27.7 inv=2.7 played=17.5 lanes=4.6 ddraw=0.9 pts=17
Step: 22036480 SPS: 594  ev=0.340  ent=0.490  grad=1.15/0.50  h=6.3 c=40.5  kl=0.0100  vl=0.2499
Step: 22040576 SPS: 594  ev=0.305  ent=0.483  grad=1.07/0.50  h=6.3 c=41.7  kl=0.0134  vl=0.3141
Step: 22044672 SPS: 594  ev=0.340  ent=0.476  grad=0.80/0.50  h=6.2 c=39.4  kl=0.0097  vl=0.2640
Step: 22048768 SPS: 594  ev=0.259  ent=0.516  grad=0.78/0.50  h=6.4 c=41.9  kl=0.0099  vl=0.2471
Step: 22052864 SPS: 594  ev=0.289  ent=0.462  grad=0.63/0.50  h=6.3 c=40.1  kl=0.0100  vl=0.2531
Step: 22056960 SPS: 594  ev=0.345  ent=0.459  grad=1.19/0.50  h=6.3 c=41.4  kl=0.0098  vl=0.2469
Step: 22061056 SPS: 594  ev=0.385  ent=0.475  grad=0.73/0.50  h=6.3 c=42.0  kl=0.0097  vl=0.2587
Step: 22065152 SPS: 594  ev=0.436  ent=0.473  grad=1.03/0.50  h=6.3 c=41.2  kl=0.0095  vl=0.2254
Step: 22069248 SPS: 594  ev=0.314  ent=0.469  grad=0.81/0.50  h=6.3 c=41.0  kl=0.0097  vl=0.2954
Step: 22073344 SPS: 594  ev=0.320  ent=0.482  grad=0.78/0.50  h=6.3 c=40.6  kl=0.0127  vl=0.2396
Step: 22077440 SPS: 594  ev=0.334  ent=0.504  grad=0.71/0.50  h=6.3 c=40.1  kl=0.0111  vl=0.2505
Step: 22081536 SPS: 594  ev=0.367  ent=0.442  grad=0.87/0.50  h=6.3 c=41.5  kl=0.0111  vl=0.2192
Step: 22085632 SPS: 594  ev=0.342  ent=0.472  grad=0.84/0.50  h=6.2 c=40.0  kl=0.0080  vl=0.2372
Step: 22089728 SPS: 594  ev=0.326  ent=0.460  grad=1.19/0.50  h=6.3 c=41.3  kl=0.0108  vl=0.2743
Step: 22093824 SPS: 594  ev=0.287  ent=0.474  grad=1.36/0.50  h=6.3 c=40.9  kl=0.0107  vl=0.2572
Step: 22097920 SPS: 594  ev=0.298  ent=0.505  grad=0.97/0.50  h=6.3 c=40.7  kl=0.0105  vl=0.2596
Step: 22102016 SPS: 594  ev=0.355  ent=0.474  grad=2.09/0.50  h=6.2 c=40.0  kl=0.0116  vl=0.2412
Step: 22106112 SPS: 594  ev=0.369  ent=0.497  grad=0.88/0.50  h=6.3 c=40.8  kl=0.0105  vl=0.1749
Step: 22110208 SPS: 594  ev=0.378  ent=0.475  grad=0.79/0.50  h=6.3 c=40.8  kl=0.0130  vl=0.2459
Step: 22114304 SPS: 594  ev=0.345  ent=0.469  grad=0.74/0.50  h=6.3 c=40.3  kl=0.0108  vl=0.2336
  vs Random: 101W/0L/0D | score=65.3±35.8 inv=2.8 played=21.1 lanes=4.7 ddraw=2.5 pts=65
  Self-play: 56W/49L/0D | score=20.5±24.5 inv=2.3 played=17.8 lanes=4.7 ddraw=0.9 pts=20
Step: 22118400 SPS: 594  ev=0.333  ent=0.451  grad=1.01/0.50  h=6.3 c=41.8  kl=0.0090  vl=0.2509
Step: 22122496 SPS: 594  ev=0.324  ent=0.471  grad=0.74/0.50  h=6.2 c=39.1  kl=0.0104  vl=0.2283
Step: 22126592 SPS: 594  ev=0.371  ent=0.466  grad=0.84/0.50  h=6.4 c=41.0  kl=0.0098  vl=0.2335
Step: 22130688 SPS: 594  ev=0.277  ent=0.487  grad=1.09/0.50  h=6.3 c=41.3  kl=0.0091  vl=0.2869
Step: 22134784 SPS: 594  ev=0.404  ent=0.464  grad=0.69/0.50  h=6.3 c=39.8  kl=0.0089  vl=0.2105
Step: 22138880 SPS: 594  ev=0.314  ent=0.475  grad=1.24/0.50  h=6.3 c=41.1  kl=0.0116  vl=0.2555
Step: 22142976 SPS: 594  ev=0.345  ent=0.468  grad=0.78/0.50  h=6.3 c=39.8  kl=0.0109  vl=0.2458
Step: 22147072 SPS: 594  ev=0.320  ent=0.502  grad=0.97/0.50  h=6.4 c=41.8  kl=0.0100  vl=0.2430
Step: 22151168 SPS: 594  ev=0.367  ent=0.471  grad=0.81/0.50  h=6.3 c=42.1  kl=0.0100  vl=0.2365
Step: 22155264 SPS: 594  ev=0.344  ent=0.482  grad=0.74/0.50  h=6.3 c=41.2  kl=0.0109  vl=0.2514
Step: 22159360 SPS: 594  ev=0.324  ent=0.493  grad=0.71/0.50  h=6.4 c=41.7  kl=0.0108  vl=0.2569
Step: 22163456 SPS: 594  ev=0.325  ent=0.469  grad=0.75/0.50  h=6.3 c=40.4  kl=0.0114  vl=0.2752
Step: 22167552 SPS: 594  ev=0.335  ent=0.473  grad=1.45/0.50  h=6.3 c=41.3  kl=0.0083  vl=0.2871
Step: 22171648 SPS: 594  ev=0.399  ent=0.471  grad=0.84/0.50  h=6.4 c=43.2  kl=0.0100  vl=0.2093
Step: 22175744 SPS: 594  ev=0.314  ent=0.502  grad=0.97/0.50  h=6.4 c=41.2  kl=0.0099  vl=0.2521
Step: 22179840 SPS: 594  ev=0.332  ent=0.479  grad=1.32/0.50  h=6.3 c=41.8  kl=0.0097  vl=0.2135
Step: 22183936 SPS: 594  ev=0.314  ent=0.461  grad=1.59/0.50  h=6.3 c=40.2  kl=0.0091  vl=0.2674
Step: 22188032 SPS: 594  ev=0.271  ent=0.464  grad=0.84/0.50  h=6.4 c=41.5  kl=0.0113  vl=0.3170
Step: 22192128 SPS: 594  ev=0.289  ent=0.451  grad=1.11/0.50  h=6.3 c=41.8  kl=0.0075  vl=0.2563
Step: 22196224 SPS: 594  ev=0.245  ent=0.497  grad=1.08/0.50  h=6.3 c=40.7  kl=0.0104  vl=0.2934
  vs Random: 100W/0L/0D | score=59.8±31.6 inv=2.4 played=20.6 lanes=4.8 ddraw=2.5 pts=60
  Self-play: 59W/47L/1D | score=21.2±23.8 inv=2.7 played=18.0 lanes=4.7 ddraw=0.8 pts=21
Step: 22200320 SPS: 594  ev=0.378  ent=0.477  grad=1.01/0.50  h=6.4 c=43.5  kl=0.0086  vl=0.2041
Step: 22204416 SPS: 594  ev=0.334  ent=0.455  grad=0.78/0.50  h=6.4 c=41.6  kl=0.0100  vl=0.2821
Step: 22208512 SPS: 594  ev=0.341  ent=0.470  grad=0.98/0.50  h=6.3 c=41.4  kl=0.0103  vl=0.2552
Step: 22212608 SPS: 594  ev=0.306  ent=0.444  grad=1.05/0.50  h=6.3 c=41.7  kl=0.0119  vl=0.2737
Step: 22216704 SPS: 594  ev=0.304  ent=0.471  grad=0.70/0.50  h=6.3 c=41.2  kl=0.0070  vl=0.2544
Step: 22220800 SPS: 594  ev=0.310  ent=0.481  grad=0.95/0.50  h=6.4 c=43.0  kl=0.0100  vl=0.2287
Step: 22224896 SPS: 594  ev=0.323  ent=0.461  grad=0.77/0.50  h=6.3 c=40.8  kl=0.0119  vl=0.2524
Step: 22228992 SPS: 594  ev=0.371  ent=0.462  grad=0.64/0.50  h=6.4 c=42.3  kl=0.0145  vl=0.2938
Step: 22233088 SPS: 594  ev=0.458  ent=0.471  grad=0.72/0.50  h=6.4 c=42.8  kl=0.0071  vl=0.2067
Step: 22237184 SPS: 594  ev=0.310  ent=0.449  grad=0.86/0.50  h=6.3 c=40.4  kl=0.0099  vl=0.2950
Step: 22241280 SPS: 594  ev=0.316  ent=0.426  grad=0.91/0.50  h=6.4 c=43.2  kl=0.0108  vl=0.2578
Step: 22245376 SPS: 594  ev=0.336  ent=0.529  grad=0.91/0.50  h=6.4 c=41.6  kl=0.0119  vl=0.2477
Step: 22249472 SPS: 594  ev=0.290  ent=0.458  grad=1.03/0.50  h=6.4 c=42.0  kl=0.0095  vl=0.2689
Step: 22253568 SPS: 594  ev=0.301  ent=0.471  grad=0.86/0.50  h=6.3 c=41.9  kl=0.0103  vl=0.2841
Step: 22257664 SPS: 594  ev=0.317  ent=0.472  grad=0.83/0.50  h=6.4 c=42.2  kl=0.0121  vl=0.2870
Step: 22261760 SPS: 594  ev=0.343  ent=0.457  grad=0.93/0.50  h=6.4 c=43.8  kl=0.0099  vl=0.2782
Step: 22265856 SPS: 594  ev=0.299  ent=0.465  grad=0.89/0.50  h=6.4 c=41.4  kl=0.0095  vl=0.2741
Step: 22269952 SPS: 594  ev=0.317  ent=0.487  grad=0.87/0.50  h=6.4 c=41.6  kl=0.0115  vl=0.2558
Step: 22274048 SPS: 594  ev=0.373  ent=0.488  grad=0.83/0.50  h=6.3 c=43.0  kl=0.0093  vl=0.2462
Step: 22278144 SPS: 594  ev=0.314  ent=0.462  grad=0.72/0.50  h=6.4 c=41.9  kl=0.0099  vl=0.2599
  vs Random: 100W/0L/0D | score=64.7±36.0 inv=2.7 played=20.9 lanes=4.7 ddraw=2.4 pts=65
  Self-play: 49W/54L/2D | score=20.7±30.9 inv=2.5 played=17.5 lanes=4.6 ddraw=0.9 pts=21
Step: 22282240 SPS: 594  ev=0.324  ent=0.492  grad=0.67/0.50  h=6.3 c=42.0  kl=0.0117  vl=0.2199
Step: 22286336 SPS: 594  ev=0.261  ent=0.452  grad=0.61/0.50  h=6.2 c=40.2  kl=0.0116  vl=0.3373
Step: 22290432 SPS: 594  ev=0.335  ent=0.454  grad=0.64/0.50  h=6.4 c=41.9  kl=0.0074  vl=0.2396
Step: 22294528 SPS: 594  ev=0.382  ent=0.474  grad=0.83/0.50  h=6.5 c=44.8  kl=0.0111  vl=0.2534
Step: 22298624 SPS: 594  ev=0.286  ent=0.486  grad=1.07/0.50  h=6.4 c=42.5  kl=0.0122  vl=0.2900
Step: 22302720 SPS: 594  ev=0.282  ent=0.469  grad=1.04/0.50  h=6.4 c=43.6  kl=0.0109  vl=0.2225
Step: 22306816 SPS: 594  ev=0.339  ent=0.444  grad=0.65/0.50  h=6.3 c=40.1  kl=0.0084  vl=0.2408
Step: 22310912 SPS: 594  ev=0.359  ent=0.462  grad=0.73/0.50  h=6.3 c=40.4  kl=0.0122  vl=0.2452
Step: 22315008 SPS: 594  ev=0.342  ent=0.490  grad=0.95/0.50  h=6.4 c=44.7  kl=0.0096  vl=0.2261
Step: 22319104 SPS: 594  ev=0.350  ent=0.472  grad=0.87/0.50  h=6.3 c=41.5  kl=0.0085  vl=0.2448
Step: 22323200 SPS: 594  ev=0.334  ent=0.471  grad=0.72/0.50  h=6.5 c=43.6  kl=0.0070  vl=0.2311
Step: 22327296 SPS: 594  ev=0.377  ent=0.455  grad=0.80/0.50  h=6.3 c=41.9  kl=0.0104  vl=0.2612
Step: 22331392 SPS: 594  ev=0.222  ent=0.484  grad=1.47/0.50  h=6.3 c=40.4  kl=0.0095  vl=0.2338
Step: 22335488 SPS: 594  ev=0.335  ent=0.459  grad=0.78/0.50  h=6.4 c=44.4  kl=0.0090  vl=0.2408
Step: 22339584 SPS: 594  ev=0.315  ent=0.449  grad=1.03/0.50  h=6.4 c=41.7  kl=0.0082  vl=0.2510
Step: 22343680 SPS: 594  ev=0.269  ent=0.450  grad=0.72/0.50  h=6.4 c=42.7  kl=0.0079  vl=0.2477
Step: 22347776 SPS: 594  ev=0.342  ent=0.482  grad=0.89/0.50  h=6.3 c=42.6  kl=0.0116  vl=0.2631
Step: 22351872 SPS: 594  ev=0.334  ent=0.466  grad=0.78/0.50  h=6.3 c=42.3  kl=0.0107  vl=0.2546
Step: 22355968 SPS: 594  ev=0.350  ent=0.449  grad=0.63/0.50  h=6.4 c=44.9  kl=0.0099  vl=0.2102
Step: 22360064 SPS: 594  ev=0.350  ent=0.444  grad=0.79/0.50  h=6.4 c=43.6  kl=0.0089  vl=0.2588
  vs Random: 101W/0L/0D | score=68.4±34.7 inv=2.4 played=21.3 lanes=4.8 ddraw=2.5 pts=68
  Self-play: 46W/52L/2D | score=17.5±23.5 inv=2.4 played=17.5 lanes=4.7 ddraw=0.6 pts=18
Step: 22364160 SPS: 594  ev=0.329  ent=0.486  grad=0.90/0.50  h=6.3 c=42.3  kl=0.0121  vl=0.2416
Step: 22368256 SPS: 594  ev=0.328  ent=0.437  grad=0.81/0.50  h=6.3 c=43.0  kl=0.0081  vl=0.2150
Step: 22372352 SPS: 594  ev=0.325  ent=0.489  grad=0.72/0.50  h=6.3 c=41.9  kl=0.0089  vl=0.2584
Step: 22376448 SPS: 594  ev=0.353  ent=0.452  grad=0.74/0.50  h=6.4 c=43.6  kl=0.0083  vl=0.2494
Step: 22380544 SPS: 594  ev=0.336  ent=0.456  grad=0.76/0.50  h=6.3 c=41.0  kl=0.0084  vl=0.2225
Step: 22384640 SPS: 594  ev=0.390  ent=0.499  grad=0.68/0.50  h=6.3 c=42.4  kl=0.0098  vl=0.2464
Step: 22388736 SPS: 594  ev=0.276  ent=0.484  grad=0.87/0.50  h=6.3 c=42.2  kl=0.0103  vl=0.2475
Step: 22392832 SPS: 594  ev=0.322  ent=0.476  grad=0.73/0.50  h=6.4 c=43.5  kl=0.0108  vl=0.3199
Step: 22396928 SPS: 594  ev=0.340  ent=0.488  grad=0.92/0.50  h=6.4 c=42.4  kl=0.0107  vl=0.2959
Step: 22401024 SPS: 594  ev=0.263  ent=0.466  grad=0.87/0.50  h=6.3 c=40.8  kl=0.0122  vl=0.3036
Step: 22405120 SPS: 594  ev=0.246  ent=0.494  grad=0.88/0.50  h=6.3 c=41.7  kl=0.0158  vl=0.3066
Step: 22409216 SPS: 594  ev=0.320  ent=0.504  grad=0.94/0.50  h=6.3 c=41.7  kl=0.0133  vl=0.2772
Step: 22413312 SPS: 594  ev=0.317  ent=0.474  grad=1.12/0.50  h=6.4 c=42.9  kl=0.0104  vl=0.2770
Step: 22417408 SPS: 594  ev=0.280  ent=0.468  grad=0.71/0.50  h=6.4 c=42.2  kl=0.0106  vl=0.2982
Step: 22421504 SPS: 594  ev=0.345  ent=0.458  grad=1.27/0.50  h=6.3 c=40.2  kl=0.0091  vl=0.3094
Step: 22425600 SPS: 594  ev=0.325  ent=0.450  grad=0.82/0.50  h=6.3 c=41.5  kl=0.0102  vl=0.3570
Step: 22429696 SPS: 594  ev=0.323  ent=0.467  grad=0.87/0.50  h=6.4 c=41.8  kl=0.0106  vl=0.2611
Step: 22433792 SPS: 594  ev=0.338  ent=0.443  grad=1.04/0.50  h=6.4 c=41.5  kl=0.0094  vl=0.2397
Step: 22437888 SPS: 594  ev=0.319  ent=0.471  grad=1.23/0.50  h=6.4 c=41.0  kl=0.0118  vl=0.2677
Step: 22441984 SPS: 594  ev=0.322  ent=0.480  grad=0.74/0.50  h=6.4 c=42.3  kl=0.0081  vl=0.2740
  vs Random: 101W/0L/0D | score=62.3±28.5 inv=2.4 played=20.4 lanes=4.7 ddraw=2.8 pts=62
  Self-play: 49W/53L/0D | score=21.8±30.3 inv=2.3 played=17.1 lanes=4.5 ddraw=1.1 pts=22
Step: 22446080 SPS: 594  ev=0.351  ent=0.462  grad=0.90/0.50  h=6.4 c=41.7  kl=0.0118  vl=0.2585
Step: 22450176 SPS: 594  ev=0.303  ent=0.472  grad=0.75/0.50  h=6.4 c=42.6  kl=0.0084  vl=0.2255
Step: 22454272 SPS: 594  ev=0.313  ent=0.457  grad=0.92/0.50  h=6.3 c=40.5  kl=0.0127  vl=0.2592
Step: 22458368 SPS: 594  ev=0.378  ent=0.487  grad=1.12/0.50  h=6.4 c=43.1  kl=0.0103  vl=0.2234
Step: 22462464 SPS: 594  ev=0.333  ent=0.442  grad=0.95/0.50  h=6.3 c=41.6  kl=0.0107  vl=0.2771
Step: 22466560 SPS: 594  ev=0.341  ent=0.475  grad=0.83/0.50  h=6.4 c=41.0  kl=0.0147  vl=0.2415
Step: 22470656 SPS: 594  ev=0.320  ent=0.464  grad=0.89/0.50  h=6.3 c=42.5  kl=0.0107  vl=0.2226
Step: 22474752 SPS: 594  ev=0.353  ent=0.472  grad=0.82/0.50  h=6.3 c=39.8  kl=0.0092  vl=0.2385
Step: 22478848 SPS: 594  ev=0.300  ent=0.476  grad=1.04/0.50  h=6.5 c=42.4  kl=0.0139  vl=0.2891
Step: 22482944 SPS: 594  ev=0.362  ent=0.483  grad=1.15/0.50  h=6.4 c=42.2  kl=0.0118  vl=0.2281
Step: 22487040 SPS: 594  ev=0.328  ent=0.462  grad=0.72/0.50  h=6.4 c=40.2  kl=0.0098  vl=0.2727
Step: 22491136 SPS: 594  ev=0.321  ent=0.498  grad=0.87/0.50  h=6.5 c=43.8  kl=0.0109  vl=0.2180
Step: 22495232 SPS: 594  ev=0.321  ent=0.466  grad=0.82/0.50  h=6.3 c=41.8  kl=0.0089  vl=0.2659
Step: 22499328 SPS: 594  ev=0.358  ent=0.478  grad=0.88/0.50  h=6.5 c=42.3  kl=0.0134  vl=0.2671
Step: 22503424 SPS: 594  ev=0.304  ent=0.492  grad=0.96/0.50  h=6.4 c=43.9  kl=0.0105  vl=0.2361
Step: 22507520 SPS: 594  ev=0.316  ent=0.488  grad=0.90/0.50  h=6.4 c=39.0  kl=0.0079  vl=0.2583
Step: 22511616 SPS: 594  ev=0.290  ent=0.464  grad=0.76/0.50  h=6.5 c=43.8  kl=0.0088  vl=0.2873
Step: 22515712 SPS: 594  ev=0.363  ent=0.483  grad=0.74/0.50  h=6.3 c=41.8  kl=0.0085  vl=0.1885
Step: 22519808 SPS: 594  ev=0.305  ent=0.477  grad=0.90/0.50  h=6.5 c=41.6  kl=0.0123  vl=0.2457
Step: 22523904 SPS: 594  ev=0.341  ent=0.478  grad=0.71/0.50  h=6.4 c=42.4  kl=0.0113  vl=0.2322
  vs Random: 100W/0L/0D | score=63.0±34.0 inv=3.0 played=20.9 lanes=4.8 ddraw=2.5 pts=63
  Self-play: 47W/54L/0D | score=19.8±30.3 inv=2.5 played=17.3 lanes=4.4 ddraw=1.1 pts=20
Step: 22528000 SPS: 594  ev=0.326  ent=0.468  grad=0.67/0.50  h=6.4 c=38.9  kl=0.0090  vl=0.1738
Step: 22532096 SPS: 594  ev=0.337  ent=0.435  grad=1.13/0.50  h=6.5 c=45.3  kl=0.0100  vl=0.2327
Step: 22536192 SPS: 594  ev=0.299  ent=0.483  grad=0.74/0.50  h=6.3 c=40.6  kl=0.0079  vl=0.3173
Step: 22540288 SPS: 594  ev=0.382  ent=0.460  grad=1.14/0.50  h=6.5 c=41.3  kl=0.0092  vl=0.1958
Step: 22544384 SPS: 594  ev=0.323  ent=0.491  grad=0.88/0.50  h=6.4 c=42.6  kl=0.0117  vl=0.2926
Step: 22548480 SPS: 594  ev=0.338  ent=0.463  grad=0.75/0.50  h=6.4 c=38.3  kl=0.0113  vl=0.2479
Step: 22552576 SPS: 594  ev=0.333  ent=0.467  grad=0.85/0.50  h=6.5 c=44.1  kl=0.0063  vl=0.2202
Step: 22556672 SPS: 594  ev=0.378  ent=0.478  grad=1.77/0.50  h=6.4 c=39.1  kl=0.0110  vl=0.2770
Step: 22560768 SPS: 594  ev=0.370  ent=0.463  grad=0.70/0.50  h=6.6 c=41.5  kl=0.0101  vl=0.2520
Step: 22564864 SPS: 594  ev=0.424  ent=0.454  grad=0.77/0.50  h=6.5 c=44.1  kl=0.0086  vl=0.2362
Step: 22568960 SPS: 594  ev=0.393  ent=0.466  grad=1.45/0.50  h=6.3 c=37.1  kl=0.0095  vl=0.2556
Step: 22573056 SPS: 594  ev=0.370  ent=0.483  grad=0.82/0.50  h=6.5 c=42.6  kl=0.0152  vl=0.2273
Step: 22577152 SPS: 594  ev=0.304  ent=0.455  grad=1.66/0.50  h=6.3 c=40.6  kl=0.0101  vl=0.2721
Step: 22581248 SPS: 594  ev=0.289  ent=0.451  grad=0.65/0.50  h=6.4 c=39.5  kl=0.0107  vl=0.2966
Step: 22585344 SPS: 594  ev=0.383  ent=0.479  grad=0.87/0.50  h=6.5 c=43.3  kl=0.0123  vl=0.2317
Step: 22589440 SPS: 594  ev=0.329  ent=0.497  grad=1.33/0.50  h=6.3 c=38.9  kl=0.0109  vl=0.2848
Step: 22593536 SPS: 594  ev=0.397  ent=0.458  grad=0.91/0.50  h=6.5 c=41.9  kl=0.0109  vl=0.2452
Step: 22597632 SPS: 594  ev=0.276  ent=0.473  grad=0.80/0.50  h=6.4 c=40.8  kl=0.0129  vl=0.2690
Step: 22601728 SPS: 594  ev=0.302  ent=0.477  grad=0.80/0.50  h=6.4 c=39.8  kl=0.0103  vl=0.2938
Step: 22605824 SPS: 594  ev=0.263  ent=0.462  grad=0.65/0.50  h=6.4 c=43.0  kl=0.0074  vl=0.2551
  vs Random: 100W/0L/0D | score=60.1±33.6 inv=2.5 played=20.4 lanes=4.7 ddraw=2.5 pts=60
  Self-play: 54W/46L/1D | score=19.9±26.8 inv=2.3 played=17.4 lanes=4.6 ddraw=0.9 pts=20
Step: 22609920 SPS: 594  ev=0.310  ent=0.479  grad=0.74/0.50  h=6.3 c=39.3  kl=0.0091  vl=0.2539
Step: 22614016 SPS: 594  ev=0.338  ent=0.494  grad=0.80/0.50  h=6.5 c=42.1  kl=0.0095  vl=0.2170
Step: 22618112 SPS: 594  ev=0.271  ent=0.502  grad=0.85/0.50  h=6.4 c=41.1  kl=0.0119  vl=0.2720
Step: 22622208 SPS: 594  ev=0.317  ent=0.450  grad=0.80/0.50  h=6.4 c=39.6  kl=0.0091  vl=0.2821
Step: 22626304 SPS: 594  ev=0.381  ent=0.488  grad=0.96/0.50  h=6.4 c=42.3  kl=0.0079  vl=0.2284
Step: 22630400 SPS: 594  ev=0.317  ent=0.483  grad=0.66/0.50  h=6.4 c=42.0  kl=0.0122  vl=0.2740
Step: 22634496 SPS: 594  ev=0.370  ent=0.459  grad=0.76/0.50  h=6.5 c=43.7  kl=0.0108  vl=0.2614
Step: 22638592 SPS: 594  ev=0.298  ent=0.466  grad=0.85/0.50  h=6.3 c=40.5  kl=0.0071  vl=0.2404
Step: 22642688 SPS: 594  ev=0.381  ent=0.502  grad=0.68/0.50  h=6.4 c=39.6  kl=0.0100  vl=0.2266
Step: 22646784 SPS: 594  ev=0.381  ent=0.482  grad=0.89/0.50  h=6.4 c=41.3  kl=0.0137  vl=0.2579
Step: 22650880 SPS: 594  ev=0.386  ent=0.506  grad=1.15/0.50  h=6.3 c=40.1  kl=0.0122  vl=0.2449
Step: 22654976 SPS: 594  ev=0.328  ent=0.493  grad=1.05/0.50  h=6.4 c=42.0  kl=0.0102  vl=0.2553
Step: 22659072 SPS: 594  ev=0.297  ent=0.457  grad=0.81/0.50  h=6.3 c=40.3  kl=0.0135  vl=0.2725
Step: 22663168 SPS: 594  ev=0.410  ent=0.499  grad=0.82/0.50  h=6.4 c=40.3  kl=0.0091  vl=0.2625
Step: 22667264 SPS: 594  ev=0.408  ent=0.522  grad=1.15/0.50  h=6.4 c=42.2  kl=0.0102  vl=0.2108
Step: 22671360 SPS: 594  ev=0.400  ent=0.494  grad=0.87/0.50  h=6.4 c=40.5  kl=0.0082  vl=0.2151
Step: 22675456 SPS: 594  ev=0.288  ent=0.471  grad=0.81/0.50  h=6.4 c=41.8  kl=0.0095  vl=0.3056
Step: 22679552 SPS: 594  ev=0.416  ent=0.496  grad=0.81/0.50  h=6.3 c=40.8  kl=0.0114  vl=0.1902
Step: 22683648 SPS: 594  ev=0.313  ent=0.469  grad=0.80/0.50  h=6.4 c=40.4  kl=0.0128  vl=0.2583
Step: 22687744 SPS: 594  ev=0.457  ent=0.511  grad=0.91/0.50  h=6.4 c=42.4  kl=0.0123  vl=0.1786
  vs Random: 100W/0L/0D | score=64.1±31.8 inv=2.8 played=20.6 lanes=4.6 ddraw=2.7 pts=64
  Self-play: 51W/56L/1D | score=19.5±29.5 inv=2.6 played=17.1 lanes=4.4 ddraw=1.1 pts=20
Step: 22691840 SPS: 594  ev=0.354  ent=0.480  grad=1.19/0.50  h=6.3 c=40.1  kl=0.0106  vl=0.2335
Step: 22695936 SPS: 594  ev=0.351  ent=0.490  grad=0.80/0.50  h=6.4 c=42.3  kl=0.0103  vl=0.2701
Step: 22700032 SPS: 594  ev=0.313  ent=0.493  grad=1.41/0.50  h=6.4 c=42.5  kl=0.0102  vl=0.2546
Step: 22704128 SPS: 594  ev=0.332  ent=0.475  grad=0.87/0.50  h=6.4 c=40.1  kl=0.0133  vl=0.2442
Step: 22708224 SPS: 594  ev=0.376  ent=0.477  grad=0.75/0.50  h=6.4 c=42.6  kl=0.0115  vl=0.2418
Step: 22712320 SPS: 594  ev=0.357  ent=0.495  grad=0.66/0.50  h=6.3 c=39.8  kl=0.0124  vl=0.2523
Step: 22716416 SPS: 594  ev=0.412  ent=0.449  grad=1.01/0.50  h=6.4 c=41.6  kl=0.0098  vl=0.2545
Step: 22720512 SPS: 594  ev=0.361  ent=0.508  grad=0.67/0.50  h=6.3 c=41.0  kl=0.0086  vl=0.2081
Step: 22724608 SPS: 594  ev=0.329  ent=0.457  grad=0.71/0.50  h=6.3 c=41.2  kl=0.0096  vl=0.2714
Step: 22728704 SPS: 594  ev=0.349  ent=0.471  grad=1.21/0.50  h=6.4 c=41.8  kl=0.0129  vl=0.2401
Step: 22732800 SPS: 594  ev=0.360  ent=0.473  grad=0.84/0.50  h=6.4 c=41.4  kl=0.0134  vl=0.2566
Step: 22736896 SPS: 594  ev=0.253  ent=0.473  grad=1.27/0.50  h=6.4 c=40.8  kl=0.0078  vl=0.2657
Step: 22740992 SPS: 594  ev=0.341  ent=0.459  grad=0.77/0.50  h=6.3 c=40.3  kl=0.0103  vl=0.2409
Step: 22745088 SPS: 594  ev=0.384  ent=0.503  grad=0.83/0.50  h=6.4 c=41.4  kl=0.0129  vl=0.2277
Step: 22749184 SPS: 594  ev=0.334  ent=0.495  grad=1.05/0.50  h=6.5 c=42.4  kl=0.0103  vl=0.2538
Step: 22753280 SPS: 594  ev=0.372  ent=0.487  grad=0.92/0.50  h=6.5 c=40.6  kl=0.0093  vl=0.2649
Step: 22757376 SPS: 594  ev=0.328  ent=0.509  grad=0.86/0.50  h=6.4 c=40.8  kl=0.0121  vl=0.2341
Step: 22761472 SPS: 594  ev=0.334  ent=0.484  grad=0.77/0.50  h=6.4 c=40.8  kl=0.0152  vl=0.2707
Step: 22765568 SPS: 594  ev=0.350  ent=0.497  grad=0.83/0.50  h=6.4 c=41.9  kl=0.0142  vl=0.2451
Step: 22769664 SPS: 594  ev=0.365  ent=0.502  grad=0.67/0.50  h=6.4 c=41.2  kl=0.0121  vl=0.2442
  vs Random: 101W/0L/0D | score=59.3±35.8 inv=2.5 played=20.7 lanes=4.7 ddraw=2.4 pts=59
  Self-play: 46W/54L/3D | score=18.6±26.5 inv=2.5 played=17.0 lanes=4.5 ddraw=0.9 pts=19
Step: 22773760 SPS: 594  ev=0.361  ent=0.479  grad=0.94/0.50  h=6.5 c=41.8  kl=0.0096  vl=0.2247
Step: 22777856 SPS: 594  ev=0.397  ent=0.488  grad=1.01/0.50  h=6.4 c=40.1  kl=0.0129  vl=0.2297
Step: 22781952 SPS: 594  ev=0.276  ent=0.474  grad=1.03/0.50  h=6.3 c=39.5  kl=0.0133  vl=0.3047
Step: 22786048 SPS: 594  ev=0.387  ent=0.480  grad=0.81/0.50  h=6.4 c=42.0  kl=0.0086  vl=0.2199
Step: 22790144 SPS: 594  ev=0.366  ent=0.486  grad=0.99/0.50  h=6.4 c=40.2  kl=0.0081  vl=0.2360
Step: 22794240 SPS: 594  ev=0.329  ent=0.488  grad=0.78/0.50  h=6.5 c=41.2  kl=0.0144  vl=0.2561
Step: 22798336 SPS: 594  ev=0.321  ent=0.529  grad=1.20/0.50  h=6.4 c=41.4  kl=0.0103  vl=0.2802
Step: 22802432 SPS: 594  ev=0.326  ent=0.479  grad=0.95/0.50  h=6.3 c=37.1  kl=0.0085  vl=0.3060
Step: 22806528 SPS: 594  ev=0.317  ent=0.464  grad=1.04/0.50  h=6.4 c=41.4  kl=0.0095  vl=0.2420
Step: 22810624 SPS: 594  ev=0.362  ent=0.472  grad=1.01/0.50  h=6.3 c=40.5  kl=0.0085  vl=0.2447
Step: 22814720 SPS: 594  ev=0.343  ent=0.495  grad=1.03/0.50  h=6.4 c=40.0  kl=0.0108  vl=0.2334
Step: 22818816 SPS: 594  ev=0.296  ent=0.498  grad=0.77/0.50  h=6.4 c=42.0  kl=0.0256  vl=0.2748
Step: 22822912 SPS: 594  ev=0.399  ent=0.496  grad=0.92/0.50  h=6.3 c=39.2  kl=0.0066  vl=0.2523
Step: 22827008 SPS: 594  ev=0.297  ent=0.507  grad=0.95/0.50  h=6.4 c=40.8  kl=0.0053  vl=0.2252
Step: 22831104 SPS: 594  ev=0.332  ent=0.486  grad=0.90/0.50  h=6.4 c=41.8  kl=0.0055  vl=0.2677
Step: 22835200 SPS: 594  ev=0.271  ent=0.477  grad=1.00/0.50  h=6.4 c=39.9  kl=0.0074  vl=0.2809
Step: 22839296 SPS: 594  ev=0.378  ent=0.481  grad=1.18/0.50  h=6.4 c=39.9  kl=0.0055  vl=0.2580
Step: 22843392 SPS: 594  ev=0.409  ent=0.512  grad=1.55/0.50  h=6.3 c=38.6  kl=0.0051  vl=0.2363
Step: 22847488 SPS: 594  ev=0.346  ent=0.497  grad=1.15/0.50  h=6.4 c=41.6  kl=0.0057  vl=0.2040
Step: 22851584 SPS: 594  ev=0.389  ent=0.463  grad=0.78/0.50  h=6.4 c=41.4  kl=0.0047  vl=0.2218
  vs Random: 99W/1L/0D | score=60.3±29.7 inv=2.7 played=20.8 lanes=4.8 ddraw=2.0 pts=60
  Self-play: 55W/46L/0D | score=20.4±23.3 inv=2.3 played=17.1 lanes=4.6 ddraw=1.0 pts=20
Step: 22855680 SPS: 594  ev=0.305  ent=0.482  grad=1.00/0.50  h=6.4 c=41.4  kl=0.0132  vl=0.2742
Step: 22859776 SPS: 594  ev=0.285  ent=0.500  grad=0.90/0.50  h=6.4 c=41.8  kl=0.0095  vl=0.3343
Step: 22863872 SPS: 594  ev=0.342  ent=0.509  grad=0.81/0.50  h=6.3 c=38.2  kl=0.0113  vl=0.3058
Step: 22867968 SPS: 594  ev=0.314  ent=0.494  grad=0.91/0.50  h=6.4 c=41.9  kl=0.0096  vl=0.2556
Step: 22872064 SPS: 594  ev=0.331  ent=0.506  grad=1.03/0.50  h=6.3 c=39.6  kl=0.0146  vl=0.2194
Step: 22876160 SPS: 594  ev=0.332  ent=0.484  grad=1.26/0.50  h=6.4 c=40.9  kl=0.0080  vl=0.2243
Step: 22880256 SPS: 594  ev=0.304  ent=0.457  grad=1.29/0.50  h=6.4 c=41.9  kl=0.0078  vl=0.2430
Step: 22884352 SPS: 594  ev=0.319  ent=0.498  grad=1.46/0.50  h=6.3 c=39.2  kl=0.0106  vl=0.2631
Step: 22888448 SPS: 594  ev=0.363  ent=0.496  grad=1.23/0.50  h=6.5 c=42.1  kl=0.0118  vl=0.2315
Step: 22892544 SPS: 594  ev=0.264  ent=0.473  grad=0.97/0.50  h=6.3 c=40.1  kl=0.0083  vl=0.2567
Step: 22896640 SPS: 594  ev=0.258  ent=0.461  grad=1.03/0.50  h=6.4 c=42.1  kl=0.0123  vl=0.2864
Step: 22900736 SPS: 594  ev=0.330  ent=0.497  grad=1.95/0.50  h=6.4 c=41.8  kl=0.0099  vl=0.2784
Step: 22904832 SPS: 594  ev=0.259  ent=0.533  grad=1.40/0.50  h=6.4 c=40.2  kl=0.0112  vl=0.2902
Step: 22908928 SPS: 594  ev=0.409  ent=0.494  grad=0.65/0.50  h=6.4 c=41.8  kl=0.0120  vl=0.2432
Step: 22913024 SPS: 594  ev=0.353  ent=0.471  grad=1.00/0.50  h=6.4 c=41.2  kl=0.0092  vl=0.2413
Step: 22917120 SPS: 594  ev=0.322  ent=0.462  grad=0.86/0.50  h=6.4 c=40.5  kl=0.0072  vl=0.2634
Step: 22921216 SPS: 594  ev=0.350  ent=0.463  grad=0.69/0.50  h=6.4 c=42.0  kl=0.0088  vl=0.2290
Step: 22925312 SPS: 594  ev=0.392  ent=0.464  grad=0.96/0.50  h=6.4 c=41.1  kl=0.0081  vl=0.2159
Step: 22929408 SPS: 594  ev=0.322  ent=0.480  grad=0.79/0.50  h=6.4 c=42.0  kl=0.0075  vl=0.2414
Step: 22933504 SPS: 594  ev=0.360  ent=0.479  grad=0.85/0.50  h=6.4 c=40.6  kl=0.0101  vl=0.2420
  vs Random: 102W/0L/0D | score=61.8±32.4 inv=2.8 played=20.5 lanes=4.6 ddraw=2.4 pts=62
  Self-play: 53W/53L/1D | score=18.6±25.9 inv=2.2 played=17.3 lanes=4.7 ddraw=0.9 pts=19
Step: 22937600 SPS: 594  ev=0.288  ent=0.486  grad=1.21/0.50  h=6.4 c=41.1  kl=0.0099  vl=0.2393
Step: 22941696 SPS: 594  ev=0.345  ent=0.495  grad=0.94/0.50  h=6.4 c=42.1  kl=0.0099  vl=0.2452
Step: 22945792 SPS: 594  ev=0.291  ent=0.508  grad=1.47/0.50  h=6.4 c=41.1  kl=0.0107  vl=0.2296
Step: 22949888 SPS: 594  ev=0.317  ent=0.454  grad=0.88/0.50  h=6.4 c=41.4  kl=0.0124  vl=0.2577
Step: 22953984 SPS: 594  ev=0.269  ent=0.480  grad=0.71/0.50  h=6.4 c=41.7  kl=0.0161  vl=0.2878
Step: 22958080 SPS: 594  ev=0.282  ent=0.460  grad=0.79/0.50  h=6.3 c=39.5  kl=0.0087  vl=0.2289
Step: 22962176 SPS: 594  ev=0.362  ent=0.494  grad=1.00/0.50  h=6.4 c=42.1  kl=0.0121  vl=0.2474
Step: 22966272 SPS: 594  ev=0.336  ent=0.453  grad=1.16/0.50  h=6.4 c=41.8  kl=0.0094  vl=0.2407
Step: 22970368 SPS: 594  ev=0.415  ent=0.495  grad=0.84/0.50  h=6.4 c=41.8  kl=0.0104  vl=0.2167
Step: 22974464 SPS: 594  ev=0.398  ent=0.452  grad=0.66/0.50  h=6.5 c=42.5  kl=0.0098  vl=0.2079
Step: 22978560 SPS: 594  ev=0.351  ent=0.489  grad=1.01/0.50  h=6.3 c=40.3  kl=0.0094  vl=0.2667
Step: 22982656 SPS: 594  ev=0.341  ent=0.488  grad=1.35/0.50  h=6.3 c=40.7  kl=0.0125  vl=0.2918
Step: 22986752 SPS: 594  ev=0.331  ent=0.504  grad=1.75/0.50  h=6.3 c=41.8  kl=0.0135  vl=0.3035
Step: 22990848 SPS: 594  ev=0.331  ent=0.487  grad=1.01/0.50  h=6.4 c=40.3  kl=0.0131  vl=0.2653
Step: 22994944 SPS: 594  ev=0.378  ent=0.482  grad=1.19/0.50  h=6.5 c=42.6  kl=0.0093  vl=0.2240
Step: 22999040 SPS: 594  ev=0.327  ent=0.490  grad=1.31/0.50  h=6.3 c=39.8  kl=0.0096  vl=0.2620
Step: 23003136 SPS: 594  ev=0.323  ent=0.473  grad=0.73/0.50  h=6.4 c=41.0  kl=0.0107  vl=0.2780
Step: 23007232 SPS: 594  ev=0.337  ent=0.455  grad=0.95/0.50  h=6.3 c=40.5  kl=0.0079  vl=0.2438
Step: 23011328 SPS: 594  ev=0.357  ent=0.500  grad=1.25/0.50  h=6.4 c=42.0  kl=0.0092  vl=0.2411
Step: 23015424 SPS: 594  ev=0.313  ent=0.492  grad=1.06/0.50  h=6.4 c=42.1  kl=0.0092  vl=0.2775
  vs Random: 100W/0L/0D | score=66.0±28.9 inv=2.8 played=21.1 lanes=4.7 ddraw=2.2 pts=66
  Self-play: 54W/51L/4D | score=20.7±23.9 inv=2.5 played=17.3 lanes=4.5 ddraw=0.9 pts=21
Step: 23019520 SPS: 594  ev=0.326  ent=0.459  grad=1.24/0.50  h=6.4 c=41.1  kl=0.0118  vl=0.2717
Step: 23023616 SPS: 594  ev=0.334  ent=0.493  grad=1.20/0.50  h=6.3 c=39.0  kl=0.0128  vl=0.2325
Step: 23027712 SPS: 594  ev=0.361  ent=0.475  grad=0.88/0.50  h=6.4 c=42.4  kl=0.0117  vl=0.2280
Step: 23031808 SPS: 594  ev=0.296  ent=0.477  grad=0.65/0.50  h=6.4 c=41.1  kl=0.0106  vl=0.3087
Step: 23035904 SPS: 594  ev=0.319  ent=0.448  grad=1.26/0.50  h=6.3 c=40.8  kl=0.0084  vl=0.2153
Step: 23040000 SPS: 594  ev=0.365  ent=0.468  grad=1.37/0.50  h=6.4 c=41.1  kl=0.0089  vl=0.2351
Step: 23044096 SPS: 594  ev=0.360  ent=0.469  grad=0.85/0.50  h=6.4 c=41.9  kl=0.0102  vl=0.2076
Step: 23048192 SPS: 594  ev=0.360  ent=0.478  grad=0.64/0.50  h=6.4 c=41.5  kl=0.0093  vl=0.2413
Step: 23052288 SPS: 594  ev=0.301  ent=0.478  grad=0.93/0.50  h=6.3 c=40.6  kl=0.0101  vl=0.2784
Step: 23056384 SPS: 594  ev=0.432  ent=0.503  grad=0.77/0.50  h=6.4 c=40.3  kl=0.0102  vl=0.2640
Step: 23060480 SPS: 594  ev=0.350  ent=0.477  grad=0.76/0.50  h=6.4 c=41.5  kl=0.0113  vl=0.2554
Step: 23064576 SPS: 594  ev=0.320  ent=0.473  grad=0.80/0.50  h=6.4 c=40.9  kl=0.0090  vl=0.2994
Step: 23068672 SPS: 594  ev=0.318  ent=0.491  grad=1.01/0.50  h=6.5 c=41.9  kl=0.0117  vl=0.2780
Step: 23072768 SPS: 594  ev=0.342  ent=0.480  grad=0.70/0.50  h=6.5 c=42.7  kl=0.0111  vl=0.2836
Step: 23076864 SPS: 594  ev=0.376  ent=0.491  grad=0.95/0.50  h=6.4 c=40.7  kl=0.0099  vl=0.2274
Step: 23080960 SPS: 594  ev=0.365  ent=0.484  grad=1.06/0.50  h=6.5 c=42.2  kl=0.0129  vl=0.2324
Step: 23085056 SPS: 594  ev=0.344  ent=0.492  grad=0.89/0.50  h=6.4 c=41.4  kl=0.0102  vl=0.2871
Step: 23089152 SPS: 594  ev=0.378  ent=0.484  grad=0.77/0.50  h=6.4 c=42.0  kl=0.0079  vl=0.2462
Step: 23093248 SPS: 594  ev=0.341  ent=0.478  grad=0.86/0.50  h=6.4 c=42.3  kl=0.0105  vl=0.2611
Step: 23097344 SPS: 594  ev=0.326  ent=0.462  grad=0.79/0.50  h=6.4 c=41.9  kl=0.0156  vl=0.2918
  vs Random: 101W/0L/0D | score=60.4±28.8 inv=2.5 played=20.5 lanes=4.7 ddraw=2.5 pts=60
  Self-play: 47W/57L/1D | score=18.4±30.1 inv=2.6 played=17.1 lanes=4.6 ddraw=0.9 pts=18
Step: 23101440 SPS: 594  ev=0.294  ent=0.468  grad=1.10/0.50  h=6.4 c=42.8  kl=0.0121  vl=0.3191
Step: 23105536 SPS: 594  ev=0.328  ent=0.500  grad=0.74/0.50  h=6.4 c=41.1  kl=0.0113  vl=0.2704
Step: 23109632 SPS: 594  ev=0.364  ent=0.480  grad=0.84/0.50  h=6.5 c=42.7  kl=0.0088  vl=0.1942
Step: 23113728 SPS: 594  ev=0.355  ent=0.466  grad=0.96/0.50  h=6.5 c=43.8  kl=0.0130  vl=0.2092
Step: 23117824 SPS: 594  ev=0.380  ent=0.480  grad=0.85/0.50  h=6.4 c=40.2  kl=0.0075  vl=0.2032
Step: 23121920 SPS: 594  ev=0.324  ent=0.481  grad=0.97/0.50  h=6.5 c=43.0  kl=0.0245  vl=0.2736
Step: 23126016 SPS: 594  ev=0.355  ent=0.472  grad=0.80/0.50  h=6.4 c=41.1  kl=0.0055  vl=0.2851
Step: 23130112 SPS: 594  ev=0.328  ent=0.501  grad=1.14/0.50  h=6.5 c=41.4  kl=0.0112  vl=0.2673
Step: 23134208 SPS: 594  ev=0.314  ent=0.459  grad=1.03/0.50  h=6.4 c=43.1  kl=0.0090  vl=0.2766
Step: 23138304 SPS: 594  ev=0.263  ent=0.464  grad=0.91/0.50  h=6.4 c=41.4  kl=0.0073  vl=0.3328
Step: 23142400 SPS: 594  ev=0.313  ent=0.465  grad=1.10/0.50  h=6.5 c=43.1  kl=0.0071  vl=0.2821
Step: 23146496 SPS: 594  ev=0.280  ent=0.490  grad=0.84/0.50  h=6.3 c=40.4  kl=0.0106  vl=0.2689
Step: 23150592 SPS: 594  ev=0.366  ent=0.479  grad=0.85/0.50  h=6.4 c=41.2  kl=0.0076  vl=0.2284
Step: 23154688 SPS: 594  ev=0.295  ent=0.463  grad=1.20/0.50  h=6.4 c=43.1  kl=0.0070  vl=0.2867
Step: 23158784 SPS: 594  ev=0.335  ent=0.488  grad=1.07/0.50  h=6.4 c=41.3  kl=0.0072  vl=0.2404
Step: 23162880 SPS: 594  ev=0.272  ent=0.468  grad=1.08/0.50  h=6.5 c=43.0  kl=0.0069  vl=0.2340
Step: 23166976 SPS: 594  ev=0.340  ent=0.468  grad=0.84/0.50  h=6.5 c=43.1  kl=0.0055  vl=0.2308
Step: 23171072 SPS: 594  ev=0.292  ent=0.485  grad=0.95/0.50  h=6.5 c=42.9  kl=0.0068  vl=0.2749
Step: 23175168 SPS: 594  ev=0.306  ent=0.508  grad=1.60/0.50  h=6.5 c=43.4  kl=0.0074  vl=0.2313
Step: 23179264 SPS: 594  ev=0.332  ent=0.476  grad=0.91/0.50  h=6.5 c=41.5  kl=0.0066  vl=0.2656
  vs Random: 100W/0L/0D | score=61.1±32.4 inv=2.7 played=20.8 lanes=4.7 ddraw=2.6 pts=61
  Self-play: 56W/50L/0D | score=20.5±28.5 inv=2.4 played=17.3 lanes=4.5 ddraw=0.9 pts=21
Step: 23183360 SPS: 594  ev=0.290  ent=0.479  grad=0.92/0.50  h=6.5 c=43.4  kl=0.0089  vl=0.2975
Step: 23187456 SPS: 594  ev=0.365  ent=0.484  grad=0.78/0.50  h=6.4 c=40.9  kl=0.0074  vl=0.2476
Step: 23191552 SPS: 594  ev=0.294  ent=0.481  grad=0.87/0.50  h=6.5 c=43.4  kl=0.0058  vl=0.2476
Step: 23195648 SPS: 594  ev=0.323  ent=0.442  grad=1.04/0.50  h=6.4 c=42.7  kl=0.0066  vl=0.2863
Step: 23199744 SPS: 594  ev=0.413  ent=0.459  grad=0.97/0.50  h=6.5 c=41.6  kl=0.0070  vl=0.2172
Step: 23203840 SPS: 594  ev=0.419  ent=0.446  grad=0.91/0.50  h=6.4 c=42.2  kl=0.0064  vl=0.2321
Step: 23207936 SPS: 594  ev=0.341  ent=0.487  grad=0.74/0.50  h=6.4 c=40.4  kl=0.0052  vl=0.2182
Step: 23212032 SPS: 594  ev=0.240  ent=0.496  grad=0.97/0.50  h=6.4 c=42.9  kl=0.0089  vl=0.3215
Step: 23216128 SPS: 594  ev=0.281  ent=0.458  grad=0.81/0.50  h=6.4 c=41.9  kl=0.0044  vl=0.2612
Step: 23220224 SPS: 594  ev=0.343  ent=0.478  grad=0.97/0.50  h=6.5 c=42.7  kl=0.0099  vl=0.2468
Step: 23224320 SPS: 594  ev=0.333  ent=0.462  grad=1.16/0.50  h=6.4 c=41.5  kl=0.0101  vl=0.2550
Step: 23228416 SPS: 594  ev=0.361  ent=0.475  grad=0.96/0.50  h=6.4 c=41.1  kl=0.0148  vl=0.2204
Step: 23232512 SPS: 594  ev=0.319  ent=0.463  grad=0.71/0.50  h=6.4 c=41.8  kl=0.0127  vl=0.2950
Step: 23236608 SPS: 594  ev=0.218  ent=0.518  grad=0.80/0.50  h=6.5 c=42.0  kl=0.0121  vl=0.3058
Step: 23240704 SPS: 594  ev=0.259  ent=0.467  grad=1.34/0.50  h=6.5 c=42.4  kl=0.0143  vl=0.2597
Step: 23244800 SPS: 594  ev=0.265  ent=0.470  grad=0.87/0.50  h=6.5 c=41.2  kl=0.0114  vl=0.3002
Step: 23248896 SPS: 594  ev=0.351  ent=0.446  grad=0.75/0.50  h=6.5 c=41.7  kl=0.0119  vl=0.2474
Step: 23252992 SPS: 594  ev=0.339  ent=0.494  grad=1.04/0.50  h=6.5 c=42.7  kl=0.0144  vl=0.2648
Step: 23257088 SPS: 594  ev=0.332  ent=0.480  grad=0.88/0.50  h=6.5 c=41.5  kl=0.0105  vl=0.2443
Step: 23261184 SPS: 594  ev=0.359  ent=0.472  grad=1.01/0.50  h=6.5 c=43.3  kl=0.0081  vl=0.2242
  vs Random: 101W/0L/0D | score=56.0±32.1 inv=2.5 played=20.0 lanes=4.6 ddraw=2.1 pts=56
  Self-play: 57W/43L/1D | score=18.4±26.2 inv=2.4 played=17.0 lanes=4.5 ddraw=0.8 pts=18
Step: 23265280 SPS: 594  ev=0.322  ent=0.474  grad=0.85/0.50  h=6.4 c=40.8  kl=0.0125  vl=0.2846
Step: 23269376 SPS: 594  ev=0.387  ent=0.486  grad=0.80/0.50  h=6.4 c=41.4  kl=0.0158  vl=0.2338
Step: 23273472 SPS: 594  ev=0.321  ent=0.480  grad=0.63/0.50  h=6.4 c=40.7  kl=0.0133  vl=0.2651
Step: 23277568 SPS: 594  ev=0.345  ent=0.458  grad=1.00/0.50  h=6.4 c=41.9  kl=0.0105  vl=0.2428
Step: 23281664 SPS: 594  ev=0.292  ent=0.472  grad=0.79/0.50  h=6.4 c=42.5  kl=0.0121  vl=0.2390
Step: 23285760 SPS: 594  ev=0.363  ent=0.489  grad=0.84/0.50  h=6.5 c=41.9  kl=0.0129  vl=0.2920
Step: 23289856 SPS: 594  ev=0.333  ent=0.496  grad=0.66/0.50  h=6.4 c=41.2  kl=0.0103  vl=0.2522
Step: 23293952 SPS: 594  ev=0.322  ent=0.479  grad=0.74/0.50  h=6.4 c=41.3  kl=0.0162  vl=0.2853
Step: 23298048 SPS: 594  ev=0.293  ent=0.452  grad=0.75/0.50  h=6.4 c=42.6  kl=0.0119  vl=0.2920
Step: 23302144 SPS: 594  ev=0.356  ent=0.466  grad=0.86/0.50  h=6.5 c=42.7  kl=0.0102  vl=0.2495
Step: 23306240 SPS: 594  ev=0.376  ent=0.489  grad=1.07/0.50  h=6.5 c=41.5  kl=0.0114  vl=0.2005
Step: 23310336 SPS: 594  ev=0.377  ent=0.475  grad=0.83/0.50  h=6.5 c=41.5  kl=0.0126  vl=0.2345
Step: 23314432 SPS: 594  ev=0.333  ent=0.446  grad=0.76/0.50  h=6.4 c=41.5  kl=0.0140  vl=0.2542
Step: 23318528 SPS: 594  ev=0.273  ent=0.464  grad=0.74/0.50  h=6.5 c=42.6  kl=0.0090  vl=0.2746
Step: 23322624 SPS: 594  ev=0.357  ent=0.438  grad=0.79/0.50  h=6.4 c=42.6  kl=0.0089  vl=0.2670
Step: 23326720 SPS: 594  ev=0.353  ent=0.474  grad=0.78/0.50  h=6.4 c=39.7  kl=0.0095  vl=0.2276
Step: 23330816 SPS: 594  ev=0.315  ent=0.495  grad=0.82/0.50  h=6.4 c=41.4  kl=0.0110  vl=0.2249
Step: 23334912 SPS: 594  ev=0.311  ent=0.462  grad=1.62/0.50  h=6.3 c=40.6  kl=0.0151  vl=0.2675
Step: 23339008 SPS: 594  ev=0.341  ent=0.440  grad=1.16/0.50  h=6.4 c=41.5  kl=0.0097  vl=0.2147
Step: 23343104 SPS: 594  ev=0.280  ent=0.455  grad=1.17/0.50  h=6.5 c=43.3  kl=0.0120  vl=0.2507
  vs Random: 101W/0L/0D | score=66.9±36.3 inv=2.8 played=20.9 lanes=4.7 ddraw=2.5 pts=67
  Self-play: 51W/50L/1D | score=19.8±26.3 inv=2.6 played=17.4 lanes=4.5 ddraw=0.9 pts=20
Step: 23347200 SPS: 594  ev=0.339  ent=0.443  grad=0.93/0.50  h=6.4 c=40.3  kl=0.0122  vl=0.2112
Step: 23351296 SPS: 594  ev=0.363  ent=0.474  grad=0.76/0.50  h=6.4 c=40.7  kl=0.0109  vl=0.2561
Step: 23355392 SPS: 594  ev=0.309  ent=0.469  grad=0.89/0.50  h=6.4 c=42.1  kl=0.0108  vl=0.2956
Step: 23359488 SPS: 594  ev=0.322  ent=0.440  grad=0.82/0.50  h=6.5 c=42.9  kl=0.0098  vl=0.2311
Step: 23363584 SPS: 594  ev=0.324  ent=0.456  grad=1.03/0.50  h=6.4 c=40.9  kl=0.0078  vl=0.2723
Step: 23367680 SPS: 594  ev=0.295  ent=0.435  grad=1.00/0.50  h=6.3 c=40.1  kl=0.0119  vl=0.2981
Step: 23371776 SPS: 594  ev=0.339  ent=0.458  grad=0.88/0.50  h=6.4 c=41.6  kl=0.0124  vl=0.2541
Step: 23375872 SPS: 594  ev=0.289  ent=0.480  grad=0.86/0.50  h=6.4 c=40.9  kl=0.0157  vl=0.2508
Step: 23379968 SPS: 594  ev=0.285  ent=0.481  grad=0.83/0.50  h=6.4 c=41.2  kl=0.0117  vl=0.2743
Step: 23384064 SPS: 594  ev=0.337  ent=0.497  grad=0.78/0.50  h=6.4 c=41.9  kl=0.0117  vl=0.3000
Step: 23388160 SPS: 594  ev=0.324  ent=0.443  grad=1.18/0.50  h=6.4 c=41.5  kl=0.0106  vl=0.2324
Step: 23392256 SPS: 594  ev=0.334  ent=0.458  grad=0.63/0.50  h=6.4 c=41.9  kl=0.0116  vl=0.2966
Step: 23396352 SPS: 594  ev=0.313  ent=0.437  grad=0.71/0.50  h=6.3 c=40.1  kl=0.0099  vl=0.2799
Step: 23400448 SPS: 594  ev=0.306  ent=0.454  grad=0.94/0.50  h=6.5 c=42.5  kl=0.0131  vl=0.2907
Step: 23404544 SPS: 594  ev=0.373  ent=0.452  grad=1.17/0.50  h=6.4 c=40.8  kl=0.0102  vl=0.2606
Step: 23408640 SPS: 594  ev=0.363  ent=0.449  grad=0.63/0.50  h=6.3 c=39.1  kl=0.0111  vl=0.2788
Step: 23412736 SPS: 594  ev=0.312  ent=0.486  grad=1.14/0.50  h=6.4 c=41.5  kl=0.0112  vl=0.2957
Step: 23416832 SPS: 594  ev=0.325  ent=0.472  grad=0.77/0.50  h=6.4 c=41.1  kl=0.0118  vl=0.2956
Step: 23420928 SPS: 594  ev=0.362  ent=0.436  grad=0.76/0.50  h=6.4 c=41.9  kl=0.0092  vl=0.2278
Step: 23425024 SPS: 594  ev=0.258  ent=0.473  grad=1.43/0.50  h=6.4 c=40.9  kl=0.0084  vl=0.2934
  vs Random: 100W/0L/0D | score=68.9±33.7 inv=2.8 played=21.1 lanes=4.7 ddraw=2.6 pts=69
  Self-play: 52W/48L/0D | score=20.3±27.0 inv=2.5 played=17.5 lanes=4.6 ddraw=0.7 pts=20
Step: 23429120 SPS: 594  ev=0.361  ent=0.455  grad=1.27/0.50  h=6.4 c=40.4  kl=0.0080  vl=0.2238
Step: 23433216 SPS: 594  ev=0.291  ent=0.438  grad=1.48/0.50  h=6.4 c=41.6  kl=0.0101  vl=0.2469
Step: 23437312 SPS: 594  ev=0.367  ent=0.464  grad=2.09/0.50  h=6.4 c=40.7  kl=0.0123  vl=0.2539
Step: 23441408 SPS: 594  ev=0.302  ent=0.450  grad=0.92/0.50  h=6.4 c=41.9  kl=0.0089  vl=0.2691
Step: 23445504 SPS: 594  ev=0.315  ent=0.465  grad=0.76/0.50  h=6.4 c=41.4  kl=0.0152  vl=0.2513
Step: 23449600 SPS: 594  ev=0.391  ent=0.452  grad=0.81/0.50  h=6.5 c=41.7  kl=0.0140  vl=0.2422
Step: 23453696 SPS: 594  ev=0.362  ent=0.462  grad=0.85/0.50  h=6.4 c=41.3  kl=0.0085  vl=0.2262
Step: 23457792 SPS: 594  ev=0.365  ent=0.460  grad=0.69/0.50  h=6.4 c=39.5  kl=0.0085  vl=0.2556
Step: 23461888 SPS: 594  ev=0.319  ent=0.489  grad=0.81/0.50  h=6.4 c=41.9  kl=0.0149  vl=0.2714
Step: 23465984 SPS: 594  ev=0.339  ent=0.456  grad=0.90/0.50  h=6.4 c=40.1  kl=0.0123  vl=0.2713
Step: 23470080 SPS: 594  ev=0.370  ent=0.472  grad=0.68/0.50  h=6.4 c=41.2  kl=0.0126  vl=0.2782
Step: 23474176 SPS: 594  ev=0.317  ent=0.466  grad=0.82/0.50  h=6.4 c=39.9  kl=0.0094  vl=0.2503
Step: 23478272 SPS: 594  ev=0.276  ent=0.447  grad=0.76/0.50  h=6.4 c=40.1  kl=0.0132  vl=0.3217
Step: 23482368 SPS: 594  ev=0.316  ent=0.439  grad=0.62/0.50  h=6.4 c=41.6  kl=0.0088  vl=0.2262
Step: 23486464 SPS: 594  ev=0.338  ent=0.452  grad=0.80/0.50  h=6.4 c=40.8  kl=0.0120  vl=0.2533
Step: 23490560 SPS: 594  ev=0.293  ent=0.485  grad=0.74/0.50  h=6.4 c=40.4  kl=0.0091  vl=0.2197
Step: 23494656 SPS: 594  ev=0.330  ent=0.438  grad=1.15/0.50  h=6.4 c=40.1  kl=0.0076  vl=0.2536
Step: 23498752 SPS: 594  ev=0.327  ent=0.499  grad=1.08/0.50  h=6.4 c=41.4  kl=0.0108  vl=0.2436
Step: 23502848 SPS: 594  ev=0.292  ent=0.455  grad=0.89/0.50  h=6.4 c=40.7  kl=0.0110  vl=0.2216
Step: 23506944 SPS: 594  ev=0.287  ent=0.450  grad=1.46/0.50  h=6.4 c=41.6  kl=0.0094  vl=0.2416
  vs Random: 101W/0L/0D | score=63.6±35.1 inv=2.5 played=21.0 lanes=4.8 ddraw=2.3 pts=64
  Self-play: 53W/49L/1D | score=17.4±27.3 inv=2.5 played=17.0 lanes=4.5 ddraw=0.9 pts=17
Step: 23511040 SPS: 594  ev=0.342  ent=0.438  grad=0.59/0.50  h=6.4 c=40.5  kl=0.0120  vl=0.2426
Step: 23515136 SPS: 594  ev=0.302  ent=0.471  grad=0.85/0.50  h=6.4 c=41.3  kl=0.0099  vl=0.2481
Step: 23519232 SPS: 594  ev=0.292  ent=0.463  grad=1.15/0.50  h=6.4 c=41.0  kl=0.0134  vl=0.2692
Step: 23523328 SPS: 594  ev=0.338  ent=0.463  grad=0.85/0.50  h=6.4 c=40.7  kl=0.0119  vl=0.2405
Step: 23527424 SPS: 594  ev=0.398  ent=0.447  grad=0.75/0.50  h=6.4 c=41.5  kl=0.0080  vl=0.2054
Step: 23531520 SPS: 594  ev=0.346  ent=0.467  grad=1.03/0.50  h=6.4 c=42.2  kl=0.0176  vl=0.2598
Step: 23535616 SPS: 594  ev=0.349  ent=0.468  grad=1.19/0.50  h=6.4 c=40.0  kl=0.0143  vl=0.2744
Step: 23539712 SPS: 594  ev=0.369  ent=0.449  grad=1.13/0.50  h=6.4 c=40.6  kl=0.0107  vl=0.2254
Step: 23543808 SPS: 594  ev=0.294  ent=0.463  grad=0.75/0.50  h=6.4 c=41.0  kl=0.0107  vl=0.2716
Step: 23547904 SPS: 594  ev=0.310  ent=0.475  grad=0.98/0.50  h=6.4 c=41.4  kl=0.0087  vl=0.2520
Step: 23552000 SPS: 594  ev=0.385  ent=0.487  grad=0.88/0.50  h=6.5 c=41.7  kl=0.0158  vl=0.2356
Step: 23556096 SPS: 594  ev=0.292  ent=0.473  grad=0.88/0.50  h=6.4 c=41.7  kl=0.0153  vl=0.3165
Step: 23560192 SPS: 594  ev=0.330  ent=0.470  grad=0.75/0.50  h=6.4 c=41.0  kl=0.0090  vl=0.2181
Step: 23564288 SPS: 594  ev=0.381  ent=0.460  grad=1.33/0.50  h=6.4 c=40.8  kl=0.0101  vl=0.2693
Step: 23568384 SPS: 594  ev=0.407  ent=0.458  grad=0.63/0.50  h=6.5 c=42.5  kl=0.0105  vl=0.1967
Step: 23572480 SPS: 594  ev=0.361  ent=0.458  grad=0.78/0.50  h=6.4 c=39.7  kl=0.0104  vl=0.2213
Step: 23576576 SPS: 594  ev=0.345  ent=0.448  grad=0.72/0.50  h=6.5 c=42.7  kl=0.0105  vl=0.2825
Step: 23580672 SPS: 594  ev=0.330  ent=0.457  grad=0.98/0.50  h=6.4 c=41.1  kl=0.0101  vl=0.2725
Step: 23584768 SPS: 594  ev=0.305  ent=0.467  grad=0.76/0.50  h=6.5 c=40.5  kl=0.0124  vl=0.2425
Step: 23588864 SPS: 594  ev=0.309  ent=0.495  grad=0.77/0.50  h=6.5 c=42.2  kl=0.0097  vl=0.2389
  vs Random: 100W/0L/0D | score=65.1±31.7 inv=2.8 played=21.3 lanes=4.8 ddraw=2.6 pts=65
  Self-play: 64W/39L/2D | score=23.7±25.0 inv=2.7 played=17.5 lanes=4.5 ddraw=0.9 pts=24
Step: 23592960 SPS: 594  ev=0.363  ent=0.456  grad=0.86/0.50  h=6.4 c=39.4  kl=0.0118  vl=0.2436
Step: 23597056 SPS: 594  ev=0.342  ent=0.472  grad=1.13/0.50  h=6.5 c=42.0  kl=0.0111  vl=0.2422
Step: 23601152 SPS: 594  ev=0.319  ent=0.464  grad=1.28/0.50  h=6.4 c=40.9  kl=0.0091  vl=0.2586
Step: 23605248 SPS: 594  ev=0.370  ent=0.464  grad=0.69/0.50  h=6.5 c=40.7  kl=0.0102  vl=0.2205
Step: 23609344 SPS: 594  ev=0.335  ent=0.473  grad=0.93/0.50  h=6.4 c=42.2  kl=0.0097  vl=0.2242
Step: 23613440 SPS: 594  ev=0.312  ent=0.467  grad=0.78/0.50  h=6.4 c=38.2  kl=0.0087  vl=0.2805
Step: 23617536 SPS: 594  ev=0.350  ent=0.459  grad=0.90/0.50  h=6.5 c=41.9  kl=0.0092  vl=0.2015
Step: 23621632 SPS: 594  ev=0.261  ent=0.480  grad=0.93/0.50  h=6.4 c=40.5  kl=0.0076  vl=0.3258
Step: 23625728 SPS: 594  ev=0.355  ent=0.471  grad=0.92/0.50  h=6.4 c=39.4  kl=0.0085  vl=0.2160
Step: 23629824 SPS: 594  ev=0.334  ent=0.445  grad=0.85/0.50  h=6.4 c=42.3  kl=0.0086  vl=0.2546
Step: 23633920 SPS: 594  ev=0.345  ent=0.474  grad=0.75/0.50  h=6.3 c=37.9  kl=0.0089  vl=0.2525
Step: 23638016 SPS: 594  ev=0.282  ent=0.447  grad=1.04/0.50  h=6.5 c=41.0  kl=0.0098  vl=0.2842
Step: 23642112 SPS: 594  ev=0.327  ent=0.435  grad=0.63/0.50  h=6.5 c=41.9  kl=0.0123  vl=0.3135
Step: 23646208 SPS: 594  ev=0.285  ent=0.455  grad=1.01/0.50  h=6.3 c=38.2  kl=0.0101  vl=0.3225
Step: 23650304 SPS: 594  ev=0.343  ent=0.446  grad=0.90/0.50  h=6.6 c=44.1  kl=0.0106  vl=0.2439
Step: 23654400 SPS: 594  ev=0.347  ent=0.482  grad=0.86/0.50  h=6.4 c=39.8  kl=0.0129  vl=0.2626
Step: 23658496 SPS: 594  ev=0.329  ent=0.456  grad=1.20/0.50  h=6.5 c=42.1  kl=0.0119  vl=0.2977
Step: 23662592 SPS: 594  ev=0.328  ent=0.445  grad=0.72/0.50  h=6.4 c=42.2  kl=0.0107  vl=0.3067
Step: 23666688 SPS: 594  ev=0.294  ent=0.463  grad=1.03/0.50  h=6.4 c=38.6  kl=0.0109  vl=0.2858
Step: 23670784 SPS: 594  ev=0.411  ent=0.471  grad=0.74/0.50  h=6.5 c=42.5  kl=0.0117  vl=0.2342
  vs Random: 101W/0L/0D | score=68.2±32.7 inv=2.7 played=21.0 lanes=4.7 ddraw=2.6 pts=68
  Self-play: 52W/48L/0D | score=17.7±25.5 inv=2.6 played=17.9 lanes=4.7 ddraw=0.9 pts=18
Step: 23674880 SPS: 594  ev=0.364  ent=0.485  grad=0.82/0.50  h=6.4 c=39.2  kl=0.0109  vl=0.2283
Step: 23678976 SPS: 594  ev=0.337  ent=0.461  grad=0.86/0.50  h=6.5 c=41.7  kl=0.0096  vl=0.2595
Step: 23683072 SPS: 594  ev=0.286  ent=0.482  grad=0.94/0.50  h=6.4 c=41.8  kl=0.0117  vl=0.2456
Step: 23687168 SPS: 594  ev=0.315  ent=0.437  grad=0.69/0.50  h=6.4 c=38.6  kl=0.0082  vl=0.2678
Step: 23691264 SPS: 594  ev=0.377  ent=0.454  grad=1.03/0.50  h=6.4 c=41.6  kl=0.0087  vl=0.2460
Step: 23695360 SPS: 594  ev=0.296  ent=0.483  grad=1.28/0.50  h=6.4 c=40.4  kl=0.0125  vl=0.2604
Step: 23699456 SPS: 594  ev=0.383  ent=0.437  grad=0.88/0.50  h=6.4 c=41.3  kl=0.0109  vl=0.2590
Step: 23703552 SPS: 594  ev=0.354  ent=0.441  grad=0.99/0.50  h=6.4 c=42.7  kl=0.0099  vl=0.2633
Step: 23707648 SPS: 594  ev=0.324  ent=0.476  grad=0.74/0.50  h=6.4 c=40.3  kl=0.0119  vl=0.2666
Step: 23711744 SPS: 594  ev=0.347  ent=0.442  grad=0.85/0.50  h=6.5 c=42.1  kl=0.0074  vl=0.2278
Step: 23715840 SPS: 594  ev=0.340  ent=0.495  grad=0.93/0.50  h=6.4 c=41.7  kl=0.0100  vl=0.2431
Step: 23719936 SPS: 594  ev=0.315  ent=0.484  grad=0.75/0.50  h=6.4 c=42.1  kl=0.0084  vl=0.2780
Step: 23724032 SPS: 594  ev=0.337  ent=0.485  grad=0.82/0.50  h=6.5 c=41.6  kl=0.0110  vl=0.2590
Step: 23728128 SPS: 594  ev=0.381  ent=0.459  grad=0.95/0.50  h=6.4 c=40.5  kl=0.0084  vl=0.2631
Step: 23732224 SPS: 594  ev=0.324  ent=0.412  grad=0.75/0.50  h=6.3 c=41.4  kl=0.0091  vl=0.2371
Step: 23736320 SPS: 594  ev=0.384  ent=0.465  grad=0.78/0.50  h=6.3 c=39.6  kl=0.0130  vl=0.2643
Step: 23740416 SPS: 594  ev=0.293  ent=0.471  grad=0.91/0.50  h=6.5 c=43.4  kl=0.0137  vl=0.2648
Step: 23744512 SPS: 594  ev=0.355  ent=0.460  grad=0.92/0.50  h=6.4 c=40.4  kl=0.0170  vl=0.2855
Step: 23748608 SPS: 594  ev=0.314  ent=0.442  grad=0.85/0.50  h=6.5 c=41.8  kl=0.0079  vl=0.2894
Step: 23752704 SPS: 594  ev=0.287  ent=0.464  grad=0.66/0.50  h=6.4 c=41.3  kl=0.0100  vl=0.2963
  vs Random: 100W/0L/0D | score=65.7±32.4 inv=2.8 played=21.2 lanes=4.7 ddraw=2.5 pts=66
  Self-play: 46W/54L/3D | score=15.9±24.4 inv=2.6 played=17.7 lanes=4.7 ddraw=0.8 pts=16
Step: 23756800 SPS: 594  ev=0.279  ent=0.451  grad=1.28/0.50  h=6.3 c=38.2  kl=0.0110  vl=0.2709
Step: 23760896 SPS: 594  ev=0.325  ent=0.464  grad=0.74/0.50  h=6.4 c=41.8  kl=0.0090  vl=0.2278
Step: 23764992 SPS: 594  ev=0.323  ent=0.442  grad=1.35/0.50  h=6.4 c=40.4  kl=0.0105  vl=0.2704
Step: 23769088 SPS: 594  ev=0.377  ent=0.470  grad=1.06/0.50  h=6.5 c=41.2  kl=0.0097  vl=0.2911
Step: 23773184 SPS: 594  ev=0.389  ent=0.431  grad=0.82/0.50  h=6.3 c=39.9  kl=0.0117  vl=0.2647
Step: 23777280 SPS: 594  ev=0.331  ent=0.421  grad=0.60/0.50  h=6.4 c=40.2  kl=0.0115  vl=0.2698
Step: 23781376 SPS: 594  ev=0.303  ent=0.467  grad=0.80/0.50  h=6.4 c=42.9  kl=0.0127  vl=0.2474
Step: 23785472 SPS: 594  ev=0.255  ent=0.434  grad=0.89/0.50  h=6.4 c=42.1  kl=0.0110  vl=0.2849
Step: 23789568 SPS: 594  ev=0.334  ent=0.447  grad=0.72/0.50  h=6.4 c=41.8  kl=0.0122  vl=0.2247
Step: 23793664 SPS: 594  ev=0.249  ent=0.450  grad=1.17/0.50  h=6.4 c=40.6  kl=0.0112  vl=0.3164
Step: 23797760 SPS: 594  ev=0.313  ent=0.460  grad=0.64/0.50  h=6.4 c=42.0  kl=0.0100  vl=0.2190
Step: 23801856 SPS: 594  ev=0.323  ent=0.441  grad=0.68/0.50  h=6.4 c=41.7  kl=0.0104  vl=0.2540
Step: 23805952 SPS: 594  ev=0.334  ent=0.463  grad=0.86/0.50  h=6.4 c=41.7  kl=0.0104  vl=0.2433
Step: 23810048 SPS: 594  ev=0.364  ent=0.467  grad=0.70/0.50  h=6.4 c=42.2  kl=0.0114  vl=0.2410
Step: 23814144 SPS: 594  ev=0.346  ent=0.469  grad=0.89/0.50  h=6.4 c=40.4  kl=0.0089  vl=0.2651
Step: 23818240 SPS: 594  ev=0.350  ent=0.455  grad=0.75/0.50  h=6.5 c=42.8  kl=0.0084  vl=0.2430
Step: 23822336 SPS: 594  ev=0.349  ent=0.446  grad=0.84/0.50  h=6.3 c=41.6  kl=0.0099  vl=0.2856
Step: 23826432 SPS: 594  ev=0.381  ent=0.474  grad=0.82/0.50  h=6.4 c=41.7  kl=0.0103  vl=0.1982
Step: 23830528 SPS: 594  ev=0.287  ent=0.481  grad=0.85/0.50  h=6.4 c=42.0  kl=0.0086  vl=0.2412
Step: 23834624 SPS: 594  ev=0.318  ent=0.459  grad=1.41/0.50  h=6.4 c=41.0  kl=0.0087  vl=0.2979
  vs Random: 100W/0L/0D | score=65.2±32.8 inv=2.7 played=20.8 lanes=4.6 ddraw=2.5 pts=65
  Self-play: 51W/60L/1D | score=16.7±24.2 inv=2.8 played=17.4 lanes=4.6 ddraw=0.8 pts=17
Step: 23838720 SPS: 594  ev=0.279  ent=0.442  grad=0.74/0.50  h=6.4 c=42.2  kl=0.0114  vl=0.2896
Step: 23842816 SPS: 594  ev=0.337  ent=0.468  grad=0.75/0.50  h=6.3 c=39.9  kl=0.0121  vl=0.2233
Step: 23846912 SPS: 594  ev=0.328  ent=0.485  grad=1.03/0.50  h=6.5 c=43.1  kl=0.0126  vl=0.2859
Step: 23851008 SPS: 594  ev=0.385  ent=0.463  grad=0.73/0.50  h=6.3 c=41.3  kl=0.0098  vl=0.2184
Step: 23855104 SPS: 594  ev=0.329  ent=0.496  grad=0.90/0.50  h=6.3 c=40.0  kl=0.0086  vl=0.2610
Step: 23859200 SPS: 594  ev=0.296  ent=0.466  grad=0.96/0.50  h=6.4 c=42.6  kl=0.0098  vl=0.2918
Step: 23863296 SPS: 594  ev=0.346  ent=0.453  grad=0.87/0.50  h=6.4 c=42.0  kl=0.0115  vl=0.2368
Step: 23867392 SPS: 594  ev=0.380  ent=0.432  grad=0.85/0.50  h=6.4 c=42.3  kl=0.0107  vl=0.2221
Step: 23871488 SPS: 594  ev=0.357  ent=0.472  grad=1.20/0.50  h=6.4 c=40.6  kl=0.0114  vl=0.2336
Step: 23875584 SPS: 594  ev=0.329  ent=0.475  grad=1.00/0.50  h=6.4 c=41.0  kl=0.0117  vl=0.3187
Step: 23879680 SPS: 594  ev=0.376  ent=0.440  grad=0.75/0.50  h=6.4 c=42.3  kl=0.0115  vl=0.2864
Step: 23883776 SPS: 594  ev=0.362  ent=0.443  grad=0.77/0.50  h=6.4 c=41.2  kl=0.0100  vl=0.2634
Step: 23887872 SPS: 594  ev=0.341  ent=0.452  grad=0.86/0.50  h=6.5 c=42.9  kl=0.0085  vl=0.2078
Step: 23891968 SPS: 594  ev=0.324  ent=0.486  grad=1.35/0.50  h=6.4 c=41.8  kl=0.0123  vl=0.3076
Step: 23896064 SPS: 594  ev=0.350  ent=0.427  grad=1.24/0.50  h=6.4 c=40.8  kl=0.0091  vl=0.3027
Step: 23900160 SPS: 594  ev=0.333  ent=0.444  grad=0.98/0.50  h=6.3 c=40.9  kl=0.0103  vl=0.2463
Step: 23904256 SPS: 594  ev=0.281  ent=0.499  grad=0.79/0.50  h=6.4 c=40.5  kl=0.0107  vl=0.2697
Step: 23908352 SPS: 594  ev=0.272  ent=0.409  grad=0.71/0.50  h=6.4 c=41.4  kl=0.0098  vl=0.2450
Step: 23912448 SPS: 594  ev=0.371  ent=0.488  grad=0.97/0.50  h=6.3 c=40.4  kl=0.0114  vl=0.2737
Step: 23916544 SPS: 594  ev=0.314  ent=0.421  grad=0.86/0.50  h=6.4 c=41.6  kl=0.0188  vl=0.2729
  vs Random: 100W/0L/0D | score=65.8±28.2 inv=2.7 played=20.9 lanes=4.7 ddraw=2.5 pts=66
  Self-play: 52W/48L/0D | score=21.3±25.5 inv=2.7 played=17.6 lanes=4.6 ddraw=0.9 pts=21
Step: 23920640 SPS: 594  ev=0.334  ent=0.466  grad=0.98/0.50  h=6.3 c=40.7  kl=0.0125  vl=0.2678
Step: 23924736 SPS: 594  ev=0.275  ent=0.433  grad=0.93/0.50  h=6.3 c=40.4  kl=0.0101  vl=0.3332
Step: 23928832 SPS: 594  ev=0.344  ent=0.420  grad=0.87/0.50  h=6.4 c=41.8  kl=0.0192  vl=0.2527
Step: 23932928 SPS: 594  ev=0.376  ent=0.454  grad=0.77/0.50  h=6.4 c=40.8  kl=0.0101  vl=0.2553
Step: 23937024 SPS: 594  ev=0.278  ent=0.455  grad=0.99/0.50  h=6.4 c=40.6  kl=0.0109  vl=0.3060
Step: 23941120 SPS: 594  ev=0.332  ent=0.490  grad=0.91/0.50  h=6.4 c=41.4  kl=0.0118  vl=0.2448
Step: 23945216 SPS: 594  ev=0.273  ent=0.434  grad=0.80/0.50  h=6.4 c=40.0  kl=0.0122  vl=0.3230
Step: 23949312 SPS: 594  ev=0.339  ent=0.454  grad=0.73/0.50  h=6.4 c=42.0  kl=0.0118  vl=0.2795
Step: 23953408 SPS: 594  ev=0.290  ent=0.454  grad=1.42/0.50  h=6.4 c=40.5  kl=0.0207  vl=0.3029
Step: 23957504 SPS: 594  ev=0.318  ent=0.436  grad=0.75/0.50  h=6.4 c=41.3  kl=0.0055  vl=0.2719
Step: 23961600 SPS: 594  ev=0.316  ent=0.466  grad=0.89/0.50  h=6.4 c=42.1  kl=0.0065  vl=0.2620
Step: 23965696 SPS: 594  ev=0.226  ent=0.453  grad=1.27/0.50  h=6.4 c=39.3  kl=0.0064  vl=0.3262
Step: 23969792 SPS: 594  ev=0.345  ent=0.434  grad=0.77/0.50  h=6.5 c=41.9  kl=0.0058  vl=0.2423
Step: 23973888 SPS: 594  ev=0.290  ent=0.454  grad=0.91/0.50  h=6.4 c=40.7  kl=0.0103  vl=0.2968
Step: 23977984 SPS: 594  ev=0.366  ent=0.451  grad=0.90/0.50  h=6.4 c=41.2  kl=0.0075  vl=0.2693
Step: 23982080 SPS: 594  ev=0.332  ent=0.443  grad=0.90/0.50  h=6.4 c=41.4  kl=0.0072  vl=0.3033
Step: 23986176 SPS: 594  ev=0.322  ent=0.473  grad=0.77/0.50  h=6.4 c=40.1  kl=0.0070  vl=0.2717
Step: 23990272 SPS: 594  ev=0.315  ent=0.468  grad=0.65/0.50  h=6.5 c=41.3  kl=0.0073  vl=0.2485
Step: 23994368 SPS: 594  ev=0.406  ent=0.448  grad=1.10/0.50  h=6.4 c=41.0  kl=0.0078  vl=0.2322
Step: 23998464 SPS: 594  ev=0.314  ent=0.442  grad=0.78/0.50  h=6.4 c=41.3  kl=0.0067  vl=0.2843
  vs Random: 100W/0L/0D | score=69.3±30.3 inv=2.9 played=21.1 lanes=4.7 ddraw=2.9 pts=69
  Self-play: 43W/57L/0D | score=15.4±24.7 inv=2.5 played=17.4 lanes=4.5 ddraw=0.9 pts=15
Step: 24002560 SPS: 594  ev=0.348  ent=0.437  grad=0.94/0.50  h=6.4 c=40.4  kl=0.0065  vl=0.3180
Step: 24006656 SPS: 594  ev=0.395  ent=0.473  grad=1.14/0.50  h=6.4 c=41.5  kl=0.0087  vl=0.2402
Step: 24010752 SPS: 594  ev=0.376  ent=0.450  grad=0.88/0.50  h=6.4 c=41.8  kl=0.0084  vl=0.2504
Step: 24014848 SPS: 594  ev=0.331  ent=0.427  grad=0.83/0.50  h=6.4 c=41.2  kl=0.0056  vl=0.2807
Step: 24018944 SPS: 594  ev=0.304  ent=0.455  grad=0.91/0.50  h=6.4 c=41.5  kl=0.0050  vl=0.2478
Step: 24023040 SPS: 594  ev=0.390  ent=0.448  grad=0.87/0.50  h=6.4 c=42.0  kl=0.0104  vl=0.2442
Step: 24027136 SPS: 594  ev=0.370  ent=0.461  grad=1.17/0.50  h=6.5 c=41.4  kl=0.0109  vl=0.2512
Step: 24031232 SPS: 594  ev=0.321  ent=0.451  grad=0.98/0.50  h=6.4 c=42.7  kl=0.0126  vl=0.2814
Step: 24035328 SPS: 594  ev=0.346  ent=0.479  grad=0.72/0.50  h=6.3 c=39.6  kl=0.0082  vl=0.2458
Step: 24039424 SPS: 594  ev=0.304  ent=0.464  grad=0.63/0.50  h=6.5 c=41.8  kl=0.0125  vl=0.2934
Step: 24043520 SPS: 594  ev=0.379  ent=0.491  grad=0.95/0.50  h=6.4 c=42.3  kl=0.0115  vl=0.2343
Step: 24047616 SPS: 594  ev=0.323  ent=0.437  grad=0.94/0.50  h=6.5 c=40.7  kl=0.0096  vl=0.2254
Step: 24051712 SPS: 594  ev=0.308  ent=0.484  grad=0.71/0.50  h=6.5 c=43.5  kl=0.0107  vl=0.2431
Step: 24055808 SPS: 594  ev=0.365  ent=0.463  grad=0.83/0.50  h=6.4 c=41.3  kl=0.0116  vl=0.2737
Step: 24059904 SPS: 594  ev=0.367  ent=0.445  grad=0.68/0.50  h=6.5 c=42.0  kl=0.0105  vl=0.2419
Step: 24064000 SPS: 594  ev=0.336  ent=0.452  grad=0.98/0.50  h=6.4 c=42.5  kl=0.0110  vl=0.2584
Step: 24068096 SPS: 594  ev=0.384  ent=0.466  grad=0.87/0.50  h=6.4 c=41.0  kl=0.0096  vl=0.2293
Step: 24072192 SPS: 594  ev=0.305  ent=0.454  grad=0.68/0.50  h=6.5 c=43.4  kl=0.0140  vl=0.2977
Step: 24076288 SPS: 594  ev=0.296  ent=0.466  grad=0.93/0.50  h=6.3 c=40.3  kl=0.0113  vl=0.2512
Step: 24080384 SPS: 594  ev=0.287  ent=0.478  grad=0.64/0.50  h=6.5 c=42.4  kl=0.0130  vl=0.2411
  vs Random: 102W/0L/0D | score=62.6±33.7 inv=2.9 played=20.5 lanes=4.6 ddraw=2.9 pts=63
  Self-play: 47W/51L/2D | score=16.8±28.0 inv=2.5 played=17.1 lanes=4.6 ddraw=1.1 pts=17
Step: 24084480 SPS: 594  ev=0.367  ent=0.452  grad=0.58/0.50  h=6.4 c=43.0  kl=0.0109  vl=0.2304
Step: 24088576 SPS: 594  ev=0.307  ent=0.444  grad=0.84/0.50  h=6.4 c=40.8  kl=0.0108  vl=0.2734
Step: 24092672 SPS: 594  ev=0.362  ent=0.458  grad=1.22/0.50  h=6.5 c=43.5  kl=0.0083  vl=0.2237
Step: 24096768 SPS: 594  ev=0.355  ent=0.453  grad=0.76/0.50  h=6.3 c=39.4  kl=0.0080  vl=0.2378
Step: 24100864 SPS: 594  ev=0.266  ent=0.424  grad=0.74/0.50  h=6.5 c=41.5  kl=0.0083  vl=0.2498
Step: 24104960 SPS: 594  ev=0.322  ent=0.436  grad=0.79/0.50  h=6.4 c=41.9  kl=0.0100  vl=0.2870
Step: 24109056 SPS: 594  ev=0.240  ent=0.425  grad=0.61/0.50  h=6.4 c=40.0  kl=0.0146  vl=0.3332
Step: 24113152 SPS: 594  ev=0.266  ent=0.435  grad=0.76/0.50  h=6.5 c=43.6  kl=0.0098  vl=0.2514
Step: 24117248 SPS: 594  ev=0.299  ent=0.462  grad=0.90/0.50  h=6.4 c=40.7  kl=0.0074  vl=0.2616
Step: 24121344 SPS: 594  ev=0.286  ent=0.441  grad=1.06/0.50  h=6.5 c=41.8  kl=0.0124  vl=0.2335
Step: 24125440 SPS: 594  ev=0.360  ent=0.478  grad=0.84/0.50  h=6.4 c=42.2  kl=0.0104  vl=0.2729
Step: 24129536 SPS: 594  ev=0.299  ent=0.450  grad=0.81/0.50  h=6.4 c=40.1  kl=0.0084  vl=0.2431
Step: 24133632 SPS: 594  ev=0.340  ent=0.466  grad=0.70/0.50  h=6.4 c=41.9  kl=0.0148  vl=0.2701
Step: 24137728 SPS: 594  ev=0.397  ent=0.459  grad=0.75/0.50  h=6.4 c=41.2  kl=0.0090  vl=0.2180
Step: 24141824 SPS: 594  ev=0.368  ent=0.448  grad=0.66/0.50  h=6.5 c=42.2  kl=0.0101  vl=0.2453
Step: 24145920 SPS: 594  ev=0.363  ent=0.469  grad=0.66/0.50  h=6.5 c=41.7  kl=0.0096  vl=0.2731
Step: 24150016 SPS: 594  ev=0.414  ent=0.450  grad=1.06/0.50  h=6.4 c=40.4  kl=0.0079  vl=0.2341
Step: 24154112 SPS: 594  ev=0.331  ent=0.474  grad=1.02/0.50  h=6.4 c=41.9  kl=0.0126  vl=0.2159
Step: 24158208 SPS: 594  ev=0.291  ent=0.440  grad=0.85/0.50  h=6.4 c=41.1  kl=0.0107  vl=0.2747
Step: 24162304 SPS: 594  ev=0.316  ent=0.433  grad=0.61/0.50  h=6.5 c=41.8  kl=0.0104  vl=0.2317
  vs Random: 101W/0L/0D | score=63.2±30.3 inv=2.7 played=21.2 lanes=4.8 ddraw=2.1 pts=63
  Self-play: 54W/46L/1D | score=21.5±28.4 inv=2.8 played=17.6 lanes=4.5 ddraw=0.8 pts=22
Step: 24166400 SPS: 594  ev=0.289  ent=0.421  grad=0.81/0.50  h=6.4 c=41.6  kl=0.0100  vl=0.2600
Step: 24170496 SPS: 594  ev=0.290  ent=0.460  grad=0.66/0.50  h=6.5 c=40.2  kl=0.0122  vl=0.3096
Step: 24174592 SPS: 594  ev=0.441  ent=0.436  grad=0.71/0.50  h=6.5 c=41.9  kl=0.0097  vl=0.1748
Step: 24178688 SPS: 594  ev=0.301  ent=0.435  grad=0.69/0.50  h=6.4 c=38.5  kl=0.0093  vl=0.2822
Step: 24182784 SPS: 594  ev=0.359  ent=0.469  grad=0.77/0.50  h=6.5 c=41.9  kl=0.0100  vl=0.2551
Step: 24186880 SPS: 594  ev=0.265  ent=0.462  grad=0.99/0.50  h=6.4 c=40.2  kl=0.0101  vl=0.3124
Step: 24190976 SPS: 594  ev=0.274  ent=0.426  grad=0.65/0.50  h=6.5 c=40.1  kl=0.0104  vl=0.2381
Step: 24195072 SPS: 594  ev=0.340  ent=0.464  grad=0.79/0.50  h=6.5 c=41.5  kl=0.0101  vl=0.2179
Step: 24199168 SPS: 594  ev=0.315  ent=0.449  grad=0.82/0.50  h=6.3 c=37.6  kl=0.0127  vl=0.2764
Step: 24203264 SPS: 594  ev=0.365  ent=0.445  grad=1.09/0.50  h=6.5 c=41.4  kl=0.0119  vl=0.2457
Step: 24207360 SPS: 594  ev=0.372  ent=0.462  grad=0.91/0.50  h=6.4 c=40.4  kl=0.0086  vl=0.1657
Step: 24211456 SPS: 594  ev=0.309  ent=0.437  grad=0.79/0.50  h=6.5 c=40.8  kl=0.0091  vl=0.2250
Step: 24215552 SPS: 594  ev=0.378  ent=0.433  grad=0.77/0.50  h=6.5 c=42.6  kl=0.0098  vl=0.2374
Step: 24219648 SPS: 594  ev=0.302  ent=0.453  grad=0.94/0.50  h=6.4 c=37.6  kl=0.0096  vl=0.2846
Step: 24223744 SPS: 594  ev=0.404  ent=0.450  grad=0.70/0.50  h=6.5 c=42.1  kl=0.0115  vl=0.2145
Step: 24227840 SPS: 594  ev=0.319  ent=0.467  grad=0.95/0.50  h=6.5 c=40.1  kl=0.0138  vl=0.3064
Step: 24231936 SPS: 594  ev=0.316  ent=0.493  grad=0.76/0.50  h=6.5 c=40.3  kl=0.0129  vl=0.2689
Step: 24236032 SPS: 594  ev=0.431  ent=0.434  grad=0.78/0.50  h=6.4 c=41.6  kl=0.0117  vl=0.2505
Step: 24240128 SPS: 594  ev=0.355  ent=0.469  grad=1.39/0.50  h=6.4 c=38.3  kl=0.0113  vl=0.2511
Step: 24244224 SPS: 594  ev=0.352  ent=0.450  grad=0.70/0.50  h=6.5 c=41.8  kl=0.0123  vl=0.2808
  vs Random: 102W/0L/0D | score=64.8±34.6 inv=2.9 played=20.6 lanes=4.7 ddraw=2.3 pts=65
  Self-play: 53W/49L/1D | score=18.2±26.0 inv=2.3 played=17.2 lanes=4.5 ddraw=0.7 pts=18
Step: 24248320 SPS: 594  ev=0.338  ent=0.451  grad=0.88/0.50  h=6.4 c=39.3  kl=0.0090  vl=0.2113
Step: 24252416 SPS: 594  ev=0.332  ent=0.437  grad=1.18/0.50  h=6.5 c=40.7  kl=0.0105  vl=0.2844
Step: 24256512 SPS: 594  ev=0.341  ent=0.441  grad=1.02/0.50  h=6.5 c=41.3  kl=0.0118  vl=0.2043
Step: 24260608 SPS: 594  ev=0.347  ent=0.459  grad=0.90/0.50  h=6.4 c=39.3  kl=0.0107  vl=0.2442
Step: 24264704 SPS: 594  ev=0.384  ent=0.457  grad=1.26/0.50  h=6.5 c=42.4  kl=0.0103  vl=0.2559
Step: 24268800 SPS: 594  ev=0.381  ent=0.453  grad=0.74/0.50  h=6.4 c=39.9  kl=0.0112  vl=0.2242
Step: 24272896 SPS: 594  ev=0.331  ent=0.453  grad=0.62/0.50  h=6.5 c=41.3  kl=0.0132  vl=0.2680
Step: 24276992 SPS: 594  ev=0.375  ent=0.450  grad=1.23/0.50  h=6.4 c=39.4  kl=0.0127  vl=0.2482
Step: 24281088 SPS: 594  ev=0.373  ent=0.446  grad=0.75/0.50  h=6.4 c=38.8  kl=0.0096  vl=0.2009
Step: 24285184 SPS: 594  ev=0.286  ent=0.451  grad=1.59/0.50  h=6.4 c=40.2  kl=0.0102  vl=0.2925
Step: 24289280 SPS: 594  ev=0.300  ent=0.466  grad=1.01/0.50  h=6.4 c=38.8  kl=0.0078  vl=0.2707
Step: 24293376 SPS: 594  ev=0.314  ent=0.441  grad=1.33/0.50  h=6.5 c=41.2  kl=0.0108  vl=0.2895
Step: 24297472 SPS: 594  ev=0.298  ent=0.450  grad=0.93/0.50  h=6.4 c=41.0  kl=0.0118  vl=0.2894
Step: 24301568 SPS: 594  ev=0.322  ent=0.423  grad=0.70/0.50  h=6.4 c=40.3  kl=0.0118  vl=0.2876
Step: 24305664 SPS: 594  ev=0.370  ent=0.424  grad=0.69/0.50  h=6.4 c=40.7  kl=0.0160  vl=0.2725
Step: 24309760 SPS: 594  ev=0.243  ent=0.468  grad=0.70/0.50  h=6.4 c=39.4  kl=0.0121  vl=0.2607
Step: 24313856 SPS: 594  ev=0.342  ent=0.461  grad=0.77/0.50  h=6.5 c=40.0  kl=0.0126  vl=0.2707
Step: 24317952 SPS: 594  ev=0.285  ent=0.444  grad=1.09/0.50  h=6.4 c=40.4  kl=0.0081  vl=0.2145
Step: 24322048 SPS: 594  ev=0.347  ent=0.464  grad=0.89/0.50  h=6.4 c=39.6  kl=0.0104  vl=0.2359
Step: 24326144 SPS: 594  ev=0.353  ent=0.439  grad=0.63/0.50  h=6.4 c=40.7  kl=0.0130  vl=0.2181
  vs Random: 102W/0L/0D | score=61.4±34.2 inv=2.9 played=21.0 lanes=4.8 ddraw=2.0 pts=61
  Self-play: 48W/51L/1D | score=16.7±28.1 inv=2.6 played=17.3 lanes=4.6 ddraw=1.0 pts=17
Step: 24330240 SPS: 594  ev=0.396  ent=0.456  grad=1.07/0.50  h=6.4 c=39.4  kl=0.0100  vl=0.2365
Step: 24334336 SPS: 594  ev=0.408  ent=0.429  grad=0.84/0.50  h=6.5 c=40.4  kl=0.0099  vl=0.2108
Step: 24338432 SPS: 594  ev=0.347  ent=0.473  grad=0.59/0.50  h=6.4 c=39.7  kl=0.0109  vl=0.2599
Step: 24342528 SPS: 594  ev=0.357  ent=0.469  grad=0.94/0.50  h=6.4 c=39.5  kl=0.0130  vl=0.2582
Step: 24346624 SPS: 594  ev=0.312  ent=0.440  grad=1.25/0.50  h=6.5 c=41.7  kl=0.0106  vl=0.3276
Step: 24350720 SPS: 594  ev=0.344  ent=0.459  grad=0.74/0.50  h=6.5 c=39.6  kl=0.0126  vl=0.2372
Step: 24354816 SPS: 594  ev=0.342  ent=0.445  grad=0.91/0.50  h=6.4 c=39.7  kl=0.0100  vl=0.2184
Step: 24358912 SPS: 594  ev=0.309  ent=0.433  grad=0.83/0.50  h=6.4 c=39.5  kl=0.0092  vl=0.2725
Step: 24363008 SPS: 594  ev=0.328  ent=0.473  grad=0.92/0.50  h=6.4 c=40.4  kl=0.0101  vl=0.2609
Step: 24367104 SPS: 594  ev=0.293  ent=0.449  grad=0.86/0.50  h=6.5 c=40.9  kl=0.0123  vl=0.2693
Step: 24371200 SPS: 594  ev=0.302  ent=0.470  grad=0.75/0.50  h=6.4 c=39.9  kl=0.0094  vl=0.2219
Step: 24375296 SPS: 594  ev=0.307  ent=0.420  grad=0.72/0.50  h=6.4 c=41.3  kl=0.0096  vl=0.2496
Step: 24379392 SPS: 594  ev=0.391  ent=0.443  grad=1.19/0.50  h=6.4 c=39.0  kl=0.0085  vl=0.2215
Step: 24383488 SPS: 594  ev=0.363  ent=0.436  grad=0.90/0.50  h=6.5 c=41.0  kl=0.0111  vl=0.2393
Step: 24387584 SPS: 594  ev=0.413  ent=0.431  grad=0.83/0.50  h=6.4 c=41.1  kl=0.0133  vl=0.2550
Step: 24391680 SPS: 594  ev=0.366  ent=0.458  grad=1.03/0.50  h=6.4 c=39.9  kl=0.0087  vl=0.2355
Step: 24395776 SPS: 594  ev=0.384  ent=0.454  grad=0.84/0.50  h=6.4 c=40.9  kl=0.0096  vl=0.2404
Step: 24399872 SPS: 594  ev=0.390  ent=0.439  grad=0.91/0.50  h=6.4 c=39.0  kl=0.0127  vl=0.3060
Step: 24403968 SPS: 594  ev=0.320  ent=0.435  grad=1.27/0.50  h=6.5 c=40.8  kl=0.0085  vl=0.2907
Step: 24408064 SPS: 594  ev=0.291  ent=0.422  grad=0.84/0.50  h=6.5 c=41.6  kl=0.0082  vl=0.2710
  vs Random: 101W/0L/0D | score=65.2±33.7 inv=3.0 played=20.8 lanes=4.8 ddraw=2.4 pts=65
  Self-play: 49W/50L/2D | score=22.9±26.2 inv=2.6 played=17.5 lanes=4.5 ddraw=0.8 pts=23
Step: 24412160 SPS: 594  ev=0.364  ent=0.434  grad=1.14/0.50  h=6.5 c=40.5  kl=0.0094  vl=0.2594
Step: 24416256 SPS: 594  ev=0.319  ent=0.438  grad=0.64/0.50  h=6.5 c=41.5  kl=0.0080  vl=0.2594
Step: 24420352 SPS: 594  ev=0.349  ent=0.462  grad=0.75/0.50  h=6.4 c=39.4  kl=0.0120  vl=0.2459
Step: 24424448 SPS: 594  ev=0.275  ent=0.454  grad=0.80/0.50  h=6.4 c=39.7  kl=0.0079  vl=0.2699
Step: 24428544 SPS: 594  ev=0.338  ent=0.419  grad=0.77/0.50  h=6.4 c=40.7  kl=0.0099  vl=0.2822
Step: 24432640 SPS: 594  ev=0.351  ent=0.453  grad=0.66/0.50  h=6.5 c=41.2  kl=0.0111  vl=0.2733
Step: 24436736 SPS: 594  ev=0.320  ent=0.463  grad=0.90/0.50  h=6.4 c=40.8  kl=0.0127  vl=0.2489
Step: 24440832 SPS: 594  ev=0.347  ent=0.459  grad=0.80/0.50  h=6.5 c=41.1  kl=0.0072  vl=0.2221
Step: 24444928 SPS: 594  ev=0.305  ent=0.461  grad=0.92/0.50  h=6.4 c=38.8  kl=0.0103  vl=0.2304
Step: 24449024 SPS: 594  ev=0.327  ent=0.463  grad=1.23/0.50  h=6.4 c=40.4  kl=0.0126  vl=0.2937
Step: 24453120 SPS: 594  ev=0.336  ent=0.461  grad=1.30/0.50  h=6.4 c=40.6  kl=0.0118  vl=0.2614
Step: 24457216 SPS: 594  ev=0.357  ent=0.435  grad=0.62/0.50  h=6.5 c=40.2  kl=0.0091  vl=0.2468
Step: 24461312 SPS: 594  ev=0.334  ent=0.465  grad=1.15/0.50  h=6.6 c=41.6  kl=0.0097  vl=0.2603
Step: 24465408 SPS: 594  ev=0.314  ent=0.453  grad=1.11/0.50  h=6.5 c=39.9  kl=0.0094  vl=0.2996
Step: 24469504 SPS: 594  ev=0.356  ent=0.457  grad=1.74/0.50  h=6.4 c=39.8  kl=0.0135  vl=0.3017
Step: 24473600 SPS: 594  ev=0.345  ent=0.451  grad=0.86/0.50  h=6.5 c=40.1  kl=0.0109  vl=0.3154
Step: 24477696 SPS: 594  ev=0.367  ent=0.470  grad=1.11/0.50  h=6.5 c=41.1  kl=0.0119  vl=0.2276
Step: 24481792 SPS: 594  ev=0.327  ent=0.465  grad=1.34/0.50  h=6.4 c=39.9  kl=0.0095  vl=0.2425
Step: 24485888 SPS: 594  ev=0.369  ent=0.442  grad=1.02/0.50  h=6.5 c=40.7  kl=0.0124  vl=0.2258
Step: 24489984 SPS: 594  ev=0.326  ent=0.419  grad=0.71/0.50  h=6.5 c=40.8  kl=0.0102  vl=0.2047
  vs Random: 102W/0L/0D | score=58.0±27.9 inv=2.6 played=20.7 lanes=4.8 ddraw=2.1 pts=58
  Self-play: 49W/52L/2D | score=15.8±27.3 inv=2.8 played=17.8 lanes=4.6 ddraw=0.6 pts=16
Step: 24494080 SPS: 594  ev=0.319  ent=0.442  grad=1.00/0.50  h=6.5 c=40.3  kl=0.0085  vl=0.2443
Step: 24498176 SPS: 594  ev=0.376  ent=0.453  grad=0.86/0.50  h=6.5 c=40.5  kl=0.0166  vl=0.2531
Step: 24502272 SPS: 594  ev=0.422  ent=0.445  grad=0.88/0.50  h=6.5 c=39.9  kl=0.0115  vl=0.1976
Step: 24506368 SPS: 594  ev=0.351  ent=0.463  grad=1.15/0.50  h=6.5 c=41.3  kl=0.0107  vl=0.2620
Step: 24510464 SPS: 594  ev=0.307  ent=0.454  grad=0.98/0.50  h=6.5 c=40.4  kl=0.0137  vl=0.3051
Step: 24514560 SPS: 594  ev=0.322  ent=0.421  grad=0.65/0.50  h=6.5 c=41.1  kl=0.0100  vl=0.2548
Step: 24518656 SPS: 594  ev=0.353  ent=0.453  grad=0.68/0.50  h=6.6 c=42.2  kl=0.0097  vl=0.2368
Step: 24522752 SPS: 594  ev=0.295  ent=0.456  grad=1.21/0.50  h=6.5 c=41.1  kl=0.0095  vl=0.2643
Step: 24526848 SPS: 594  ev=0.243  ent=0.454  grad=0.80/0.50  h=6.4 c=39.6  kl=0.0125  vl=0.3052
Step: 24530944 SPS: 594  ev=0.387  ent=0.428  grad=0.83/0.50  h=6.5 c=41.7  kl=0.0116  vl=0.2579
Step: 24535040 SPS: 594  ev=0.369  ent=0.449  grad=0.83/0.50  h=6.5 c=40.4  kl=0.0135  vl=0.2297
Step: 24539136 SPS: 594  ev=0.370  ent=0.429  grad=1.15/0.50  h=6.5 c=40.2  kl=0.0086  vl=0.2218
Step: 24543232 SPS: 594  ev=0.239  ent=0.451  grad=0.86/0.50  h=6.4 c=40.5  kl=0.0108  vl=0.3016
Step: 24547328 SPS: 594  ev=0.318  ent=0.453  grad=1.34/0.50  h=6.5 c=41.5  kl=0.0098  vl=0.2901
Step: 24551424 SPS: 594  ev=0.313  ent=0.429  grad=0.83/0.50  h=6.5 c=41.8  kl=0.0101  vl=0.2470
Step: 24555520 SPS: 594  ev=0.302  ent=0.474  grad=1.03/0.50  h=6.4 c=40.1  kl=0.0102  vl=0.2677
Step: 24559616 SPS: 594  ev=0.350  ent=0.405  grad=0.96/0.50  h=6.5 c=41.1  kl=0.0161  vl=0.2570
Step: 24563712 SPS: 594  ev=0.252  ent=0.429  grad=0.79/0.50  h=6.4 c=40.2  kl=0.0101  vl=0.2855
Step: 24567808 SPS: 594  ev=0.269  ent=0.447  grad=0.79/0.50  h=6.4 c=39.8  kl=0.0110  vl=0.2853
Step: 24571904 SPS: 594  ev=0.311  ent=0.428  grad=0.87/0.50  h=6.5 c=40.5  kl=0.0105  vl=0.2501
  vs Random: 100W/0L/0D | score=59.5±31.6 inv=3.1 played=20.9 lanes=4.8 ddraw=2.0 pts=60
  Self-play: 56W/46L/2D | score=20.9±27.1 inv=2.8 played=17.8 lanes=4.6 ddraw=0.7 pts=21
Step: 24576000 SPS: 594  ev=0.313  ent=0.446  grad=0.68/0.50  h=6.5 c=40.4  kl=0.0162  vl=0.2971
Step: 24580096 SPS: 594  ev=0.316  ent=0.445  grad=0.88/0.50  h=6.4 c=41.5  kl=0.0114  vl=0.2403
Step: 24584192 SPS: 594  ev=0.307  ent=0.472  grad=1.22/0.50  h=6.4 c=40.0  kl=0.0110  vl=0.2594
Step: 24588288 SPS: 594  ev=0.338  ent=0.432  grad=1.23/0.50  h=6.5 c=42.1  kl=0.0092  vl=0.2609
Step: 24592384 SPS: 594  ev=0.380  ent=0.427  grad=0.71/0.50  h=6.5 c=41.8  kl=0.0135  vl=0.2001
Step: 24596480 SPS: 594  ev=0.341  ent=0.447  grad=0.75/0.50  h=6.5 c=41.1  kl=0.0121  vl=0.2909
Step: 24600576 SPS: 594  ev=0.296  ent=0.443  grad=0.74/0.50  h=6.4 c=40.5  kl=0.0102  vl=0.3064
Step: 24604672 SPS: 594  ev=0.336  ent=0.448  grad=0.69/0.50  h=6.4 c=41.3  kl=0.0105  vl=0.2593
Step: 24608768 SPS: 594  ev=0.292  ent=0.463  grad=0.96/0.50  h=6.5 c=40.9  kl=0.0114  vl=0.2917
Step: 24612864 SPS: 594  ev=0.356  ent=0.438  grad=0.74/0.50  h=6.5 c=42.1  kl=0.0093  vl=0.2171
Step: 24616960 SPS: 594  ev=0.317  ent=0.440  grad=1.07/0.50  h=6.5 c=40.4  kl=0.0101  vl=0.2098
Step: 24621056 SPS: 594  ev=0.339  ent=0.446  grad=0.99/0.50  h=6.5 c=40.5  kl=0.0119  vl=0.2687
Step: 24625152 SPS: 594  ev=0.348  ent=0.418  grad=1.06/0.50  h=6.4 c=42.1  kl=0.0091  vl=0.2728
Step: 24629248 SPS: 594  ev=0.336  ent=0.433  grad=1.00/0.50  h=6.5 c=40.6  kl=0.0128  vl=0.2692
Step: 24633344 SPS: 594  ev=0.347  ent=0.436  grad=0.75/0.50  h=6.5 c=42.6  kl=0.0088  vl=0.2471
Step: 24637440 SPS: 594  ev=0.310  ent=0.429  grad=1.58/0.50  h=6.4 c=40.5  kl=0.0146  vl=0.2807
Step: 24641536 SPS: 594  ev=0.345  ent=0.434  grad=0.71/0.50  h=6.5 c=41.3  kl=0.0076  vl=0.1989
Step: 24645632 SPS: 594  ev=0.352  ent=0.434  grad=0.77/0.50  h=6.5 c=41.8  kl=0.0089  vl=0.2603
Step: 24649728 SPS: 594  ev=0.363  ent=0.464  grad=1.06/0.50  h=6.5 c=40.3  kl=0.0133  vl=0.2221
Step: 24653824 SPS: 594  ev=0.297  ent=0.443  grad=1.17/0.50  h=6.5 c=42.8  kl=0.0093  vl=0.2733
  vs Random: 100W/0L/0D | score=63.5±30.8 inv=2.8 played=21.2 lanes=4.7 ddraw=2.1 pts=64
  Self-play: 55W/45L/0D | score=25.3±28.4 inv=3.0 played=18.2 lanes=4.6 ddraw=0.8 pts=25
Step: 24657920 SPS: 594  ev=0.302  ent=0.432  grad=1.11/0.50  h=6.6 c=42.7  kl=0.0115  vl=0.2733
Step: 24662016 SPS: 594  ev=0.359  ent=0.453  grad=0.69/0.50  h=6.5 c=41.3  kl=0.0119  vl=0.2743
Step: 24666112 SPS: 594  ev=0.282  ent=0.430  grad=0.73/0.50  h=6.4 c=41.2  kl=0.0095  vl=0.2561
Step: 24670208 SPS: 594  ev=0.302  ent=0.461  grad=1.11/0.50  h=6.5 c=40.3  kl=0.0108  vl=0.2632
Step: 24674304 SPS: 594  ev=0.363  ent=0.431  grad=0.60/0.50  h=6.5 c=42.4  kl=0.0122  vl=0.2564
Step: 24678400 SPS: 594  ev=0.273  ent=0.445  grad=1.34/0.50  h=6.5 c=41.6  kl=0.0091  vl=0.2899
Step: 24682496 SPS: 594  ev=0.309  ent=0.418  grad=1.35/0.50  h=6.5 c=39.8  kl=0.0109  vl=0.2728
Step: 24686592 SPS: 594  ev=0.392  ent=0.425  grad=0.74/0.50  h=6.5 c=42.4  kl=0.0097  vl=0.2006
Step: 24690688 SPS: 594  ev=0.346  ent=0.426  grad=1.14/0.50  h=6.4 c=39.8  kl=0.0082  vl=0.2633
Step: 24694784 SPS: 594  ev=0.325  ent=0.425  grad=1.20/0.50  h=6.5 c=41.0  kl=0.0116  vl=0.2541
Step: 24698880 SPS: 594  ev=0.323  ent=0.429  grad=0.66/0.50  h=6.5 c=41.4  kl=0.0090  vl=0.2626
Step: 24702976 SPS: 594  ev=0.333  ent=0.435  grad=1.15/0.50  h=6.4 c=39.8  kl=0.0109  vl=0.3067
Step: 24707072 SPS: 594  ev=0.341  ent=0.456  grad=0.71/0.50  h=6.5 c=42.4  kl=0.0102  vl=0.2510
Step: 24711168 SPS: 594  ev=0.355  ent=0.462  grad=0.91/0.50  h=6.4 c=39.3  kl=0.0108  vl=0.2299
Step: 24715264 SPS: 594  ev=0.330  ent=0.454  grad=0.66/0.50  h=6.5 c=41.9  kl=0.0128  vl=0.2034
Step: 24719360 SPS: 594  ev=0.331  ent=0.420  grad=0.69/0.50  h=6.4 c=41.2  kl=0.0120  vl=0.2934
Step: 24723456 SPS: 595  ev=0.288  ent=0.403  grad=0.78/0.50  h=6.5 c=40.0  kl=0.0102  vl=0.2599
Step: 24727552 SPS: 595  ev=0.393  ent=0.447  grad=0.71/0.50  h=6.5 c=42.4  kl=0.0115  vl=0.1925
Step: 24731648 SPS: 595  ev=0.301  ent=0.427  grad=0.83/0.50  h=6.4 c=38.8  kl=0.0139  vl=0.3049
Step: 24735744 SPS: 595  ev=0.347  ent=0.445  grad=0.69/0.50  h=6.5 c=42.8  kl=0.0117  vl=0.2358
  vs Random: 100W/0L/0D | score=61.5±35.7 inv=3.1 played=21.4 lanes=4.8 ddraw=2.4 pts=61
  Self-play: 49W/49L/2D | score=21.3±28.7 inv=2.9 played=18.0 lanes=4.7 ddraw=0.7 pts=21
Step: 24739840 SPS: 594  ev=0.322  ent=0.460  grad=1.10/0.50  h=6.4 c=40.2  kl=0.0119  vl=0.3218
Step: 24743936 SPS: 594  ev=0.320  ent=0.440  grad=0.96/0.50  h=6.5 c=40.2  kl=0.0092  vl=0.2567
Step: 24748032 SPS: 594  ev=0.330  ent=0.432  grad=1.17/0.50  h=6.4 c=41.6  kl=0.0119  vl=0.2815
Step: 24752128 SPS: 594  ev=0.315  ent=0.418  grad=0.71/0.50  h=6.4 c=38.7  kl=0.0094  vl=0.3224
Step: 24756224 SPS: 594  ev=0.280  ent=0.427  grad=0.79/0.50  h=6.5 c=43.1  kl=0.0141  vl=0.2562
Step: 24760320 SPS: 594  ev=0.323  ent=0.429  grad=1.25/0.50  h=6.4 c=40.9  kl=0.0093  vl=0.2914
Step: 24764416 SPS: 594  ev=0.328  ent=0.432  grad=0.76/0.50  h=6.5 c=41.5  kl=0.0084  vl=0.2570
Step: 24768512 SPS: 595  ev=0.319  ent=0.419  grad=1.01/0.50  h=6.4 c=40.8  kl=0.0133  vl=0.2655
Step: 24772608 SPS: 595  ev=0.320  ent=0.390  grad=0.79/0.50  h=6.5 c=39.8  kl=0.0124  vl=0.3071
Step: 24776704 SPS: 595  ev=0.395  ent=0.423  grad=0.97/0.50  h=6.5 c=42.5  kl=0.0085  vl=0.1804
Step: 24780800 SPS: 595  ev=0.234  ent=0.433  grad=0.94/0.50  h=6.4 c=40.1  kl=0.0101  vl=0.2917
Step: 24784896 SPS: 595  ev=0.405  ent=0.456  grad=1.12/0.50  h=6.6 c=42.0  kl=0.0133  vl=0.2332
Step: 24788992 SPS: 595  ev=0.281  ent=0.412  grad=0.91/0.50  h=6.4 c=40.8  kl=0.0083  vl=0.2790
Step: 24793088 SPS: 595  ev=0.326  ent=0.399  grad=1.08/0.50  h=6.4 c=40.3  kl=0.0090  vl=0.2433
Step: 24797184 SPS: 595  ev=0.344  ent=0.385  grad=0.91/0.50  h=6.4 c=41.7  kl=0.0079  vl=0.2359
Step: 24801280 SPS: 595  ev=0.329  ent=0.418  grad=0.87/0.50  h=6.5 c=41.2  kl=0.0083  vl=0.2494
Step: 24805376 SPS: 595  ev=0.377  ent=0.419  grad=0.85/0.50  h=6.5 c=43.2  kl=0.0094  vl=0.2419
Step: 24809472 SPS: 595  ev=0.327  ent=0.455  grad=0.63/0.50  h=6.4 c=41.2  kl=0.0100  vl=0.2556
Step: 24813568 SPS: 595  ev=0.374  ent=0.450  grad=0.76/0.50  h=6.4 c=42.1  kl=0.0115  vl=0.2218
Step: 24817664 SPS: 595  ev=0.366  ent=0.422  grad=0.87/0.50  h=6.4 c=40.9  kl=0.0158  vl=0.2328
  vs Random: 100W/1L/0D | score=59.4±31.3 inv=2.9 played=21.1 lanes=4.9 ddraw=2.2 pts=59
  Self-play: 50W/49L/1D | score=16.5±26.7 inv=2.9 played=18.1 lanes=4.7 ddraw=0.8 pts=16
Step: 24821760 SPS: 594  ev=0.352  ent=0.412  grad=1.05/0.50  h=6.5 c=41.1  kl=0.0113  vl=0.2838
Step: 24825856 SPS: 595  ev=0.317  ent=0.453  grad=0.94/0.50  h=6.5 c=43.2  kl=0.0077  vl=0.2583
Step: 24829952 SPS: 595  ev=0.411  ent=0.419  grad=1.06/0.50  h=6.4 c=40.8  kl=0.0117  vl=0.2775
Step: 24834048 SPS: 595  ev=0.392  ent=0.436  grad=0.66/0.50  h=6.4 c=41.7  kl=0.0082  vl=0.2613
Step: 24838144 SPS: 595  ev=0.328  ent=0.443  grad=0.75/0.50  h=6.4 c=41.2  kl=0.0094  vl=0.2311
Step: 24842240 SPS: 595  ev=0.373  ent=0.417  grad=0.83/0.50  h=6.5 c=43.5  kl=0.0096  vl=0.2444
Step: 24846336 SPS: 595  ev=0.293  ent=0.413  grad=0.59/0.50  h=6.4 c=42.1  kl=0.0095  vl=0.2625
Step: 24850432 SPS: 595  ev=0.333  ent=0.420  grad=1.18/0.50  h=6.4 c=41.1  kl=0.0122  vl=0.2466
Step: 24854528 SPS: 595  ev=0.355  ent=0.419  grad=0.79/0.50  h=6.5 c=42.5  kl=0.0137  vl=0.2657
Step: 24858624 SPS: 595  ev=0.321  ent=0.423  grad=0.83/0.50  h=6.5 c=40.1  kl=0.0080  vl=0.2493
Step: 24862720 SPS: 595  ev=0.373  ent=0.426  grad=0.77/0.50  h=6.5 c=41.9  kl=0.0090  vl=0.2000
Step: 24866816 SPS: 595  ev=0.328  ent=0.415  grad=0.75/0.50  h=6.4 c=41.1  kl=0.0066  vl=0.2278
Step: 24870912 SPS: 595  ev=0.229  ent=0.419  grad=1.23/0.50  h=6.4 c=40.3  kl=0.0121  vl=0.2665
Step: 24875008 SPS: 595  ev=0.378  ent=0.418  grad=0.98/0.50  h=6.4 c=41.8  kl=0.0096  vl=0.2512
Step: 24879104 SPS: 595  ev=0.297  ent=0.425  grad=0.79/0.50  h=6.4 c=41.2  kl=0.0079  vl=0.2768
Step: 24883200 SPS: 595  ev=0.288  ent=0.422  grad=0.63/0.50  h=6.5 c=42.7  kl=0.0111  vl=0.2827
Step: 24887296 SPS: 595  ev=0.306  ent=0.434  grad=0.86/0.50  h=6.4 c=39.9  kl=0.0136  vl=0.2830
Step: 24891392 SPS: 595  ev=0.347  ent=0.416  grad=2.07/0.50  h=6.4 c=40.8  kl=0.0095  vl=0.2419
Step: 24895488 SPS: 595  ev=0.322  ent=0.413  grad=0.67/0.50  h=6.3 c=41.2  kl=0.0099  vl=0.2717
Step: 24899584 SPS: 595  ev=0.362  ent=0.420  grad=0.58/0.50  h=6.4 c=40.4  kl=0.0130  vl=0.2435
  vs Random: 103W/0L/0D | score=66.6±31.5 inv=3.1 played=21.0 lanes=4.7 ddraw=2.4 pts=67
  Self-play: 44W/56L/2D | score=20.8±30.7 inv=2.7 played=18.0 lanes=4.7 ddraw=0.6 pts=21
Step: 24903680 SPS: 595  ev=0.336  ent=0.404  grad=0.73/0.50  h=6.5 c=44.4  kl=0.0086  vl=0.3129
Step: 24907776 SPS: 595  ev=0.338  ent=0.427  grad=0.81/0.50  h=6.4 c=39.7  kl=0.0162  vl=0.3359
Step: 24911872 SPS: 595  ev=0.294  ent=0.424  grad=0.81/0.50  h=6.5 c=41.8  kl=0.0109  vl=0.2618
Step: 24915968 SPS: 595  ev=0.253  ent=0.449  grad=0.96/0.50  h=6.3 c=40.4  kl=0.0154  vl=0.3079
Step: 24920064 SPS: 595  ev=0.320  ent=0.428  grad=0.75/0.50  h=6.5 c=41.0  kl=0.0116  vl=0.2490
Step: 24924160 SPS: 595  ev=0.214  ent=0.411  grad=1.52/0.50  h=6.5 c=44.6  kl=0.0104  vl=0.3341
Step: 24928256 SPS: 595  ev=0.249  ent=0.402  grad=0.87/0.50  h=6.4 c=39.3  kl=0.0087  vl=0.2668
Step: 24932352 SPS: 595  ev=0.383  ent=0.412  grad=0.94/0.50  h=6.5 c=43.2  kl=0.0103  vl=0.2212
Step: 24936448 SPS: 595  ev=0.269  ent=0.429  grad=1.09/0.50  h=6.3 c=39.6  kl=0.0094  vl=0.3353
Step: 24940544 SPS: 595  ev=0.378  ent=0.432  grad=0.79/0.50  h=6.5 c=42.3  kl=0.0097  vl=0.2344
Step: 24944640 SPS: 595  ev=0.311  ent=0.398  grad=1.02/0.50  h=6.4 c=42.7  kl=0.0077  vl=0.2648
Step: 24948736 SPS: 595  ev=0.357  ent=0.439  grad=0.89/0.50  h=6.5 c=40.1  kl=0.0123  vl=0.2762
Step: 24952832 SPS: 595  ev=0.370  ent=0.422  grad=0.83/0.50  h=6.4 c=43.1  kl=0.0114  vl=0.2260
Step: 24956928 SPS: 595  ev=0.336  ent=0.428  grad=0.75/0.50  h=6.3 c=40.2  kl=0.0113  vl=0.2689
Step: 24961024 SPS: 595  ev=0.345  ent=0.432  grad=1.11/0.50  h=6.5 c=41.9  kl=0.0082  vl=0.1945
Step: 24965120 SPS: 595  ev=0.358  ent=0.420  grad=0.67/0.50  h=6.4 c=41.8  kl=0.0082  vl=0.2561
Step: 24969216 SPS: 595  ev=0.396  ent=0.438  grad=0.89/0.50  h=6.5 c=41.3  kl=0.0103  vl=0.2389
Step: 24973312 SPS: 595  ev=0.255  ent=0.438  grad=0.73/0.50  h=6.4 c=43.4  kl=0.0147  vl=0.3112
Step: 24977408 SPS: 595  ev=0.332  ent=0.437  grad=0.72/0.50  h=6.4 c=40.5  kl=0.0126  vl=0.2814
Step: 24981504 SPS: 595  ev=0.287  ent=0.421  grad=0.79/0.50  h=6.5 c=42.2  kl=0.0108  vl=0.3168
  vs Random: 100W/0L/0D | score=61.2±29.6 inv=2.9 played=20.8 lanes=4.8 ddraw=2.2 pts=61
  Self-play: 56W/48L/3D | score=17.8±21.9 inv=2.4 played=17.5 lanes=4.7 ddraw=0.5 pts=18
Step: 24985600 SPS: 595  ev=0.359  ent=0.427  grad=1.10/0.50  h=6.2 c=39.3  kl=0.0098  vl=0.2522
Step: 24989696 SPS: 595  ev=0.310  ent=0.456  grad=0.71/0.50  h=6.5 c=41.4  kl=0.0110  vl=0.3062
Step: 24993792 SPS: 595  ev=0.339  ent=0.420  grad=0.68/0.50  h=6.4 c=43.1  kl=0.0092  vl=0.2374
Step: 24997888 SPS: 595  ev=0.288  ent=0.429  grad=0.90/0.50  h=6.4 c=40.3  kl=0.0100  vl=0.2675
Step: 25001984 SPS: 595  ev=0.320  ent=0.443  grad=1.00/0.50  h=6.5 c=42.7  kl=0.0108  vl=0.2708
Step: 25006080 SPS: 595  ev=0.357  ent=0.428  grad=0.74/0.50  h=6.4 c=40.7  kl=0.0098  vl=0.2201
Step: 25010176 SPS: 595  ev=0.329  ent=0.420  grad=0.75/0.50  h=6.4 c=40.6  kl=0.0119  vl=0.3514
Step: 25014272 SPS: 595  ev=0.370  ent=0.440  grad=0.70/0.50  h=6.4 c=42.6  kl=0.0133  vl=0.2739
Step: 25018368 SPS: 595  ev=0.329  ent=0.416  grad=1.09/0.50  h=6.5 c=41.2  kl=0.0119  vl=0.2871
Step: 25022464 SPS: 595  ev=0.357  ent=0.426  grad=0.76/0.50  h=6.4 c=41.6  kl=0.0099  vl=0.2248
Step: 25026560 SPS: 595  ev=0.308  ent=0.416  grad=1.02/0.50  h=6.4 c=40.9  kl=0.0100  vl=0.2317
Step: 25030656 SPS: 595  ev=0.358  ent=0.458  grad=0.73/0.50  h=6.5 c=41.3  kl=0.0124  vl=0.3000
Step: 25034752 SPS: 595  ev=0.292  ent=0.423  grad=0.73/0.50  h=6.4 c=41.6  kl=0.0101  vl=0.2653
Step: 25038848 SPS: 595  ev=0.295  ent=0.429  grad=0.61/0.50  h=6.5 c=41.5  kl=0.0084  vl=0.2503
Step: 25042944 SPS: 595  ev=0.344  ent=0.434  grad=1.35/0.50  h=6.4 c=41.9  kl=0.0113  vl=0.2977
Step: 25047040 SPS: 595  ev=0.368  ent=0.436  grad=0.97/0.50  h=6.4 c=40.4  kl=0.0091  vl=0.1816
