wandb: [wandb.login()] Loaded credentials for https://api.wandb.ai from /home/zzhang18/.netrc.
wandb: Currently logged in as: nchen3 (ningcong-chen) to https://api.wandb.ai. Use `wandb login --relogin` to force relogin
wandb: Tracking run with wandb version 0.25.1
wandb: Run data is saved locally in /home/zzhang18/nchen3/eco/wandb/run-20260408_004808-8rafhl7o
wandb: Run `wandb offline` to turn off syncing.
wandb: Syncing run lc__lc_ppo_from_dense_default_dd5__1__1775623688
wandb: ⭐️ View project at https://wandb.ai/ningcong-chen/ppo-eco
wandb: 🚀 View run at https://wandb.ai/ningcong-chen/ppo-eco/runs/8rafhl7o
Agent params: 2,243,161
Loaded pretrained model from model/lc_ppo_from_dense_default_dd5/pretrained.pkt
Step: 4096 SPS: 2062  ev=-0.667  ent=1.112  grad=1.17/0.50  h=5.2 c=10.2  kl=0.0706  vl=3.7664
Step: 8192 SPS: 2311  ev=-0.071  ent=1.098  grad=2.09/0.50  h=5.4 c=10.3  kl=0.0135  vl=1.4375
Step: 12288 SPS: 2282  ev=-14.782  ent=1.153  grad=0.61/0.50  h=6.0 c=11.2  kl=0.0293  vl=1.2867
Step: 16384 SPS: 2310  ev=-0.579  ent=1.172  grad=0.22/0.22  h=5.5 c=11.1  kl=0.0257  vl=0.4901
Step: 20480 SPS: 2324  ev=-1.459  ent=1.231  grad=0.17/0.17  h=6.1 c=12.3  kl=0.0104  vl=0.1989
Step: 24576 SPS: 2342  ev=-10.948  ent=1.212  grad=0.67/0.50  h=6.5 c=12.9  kl=0.0275  vl=0.1212
Step: 28672 SPS: 2333  ev=-0.219  ent=1.309  grad=0.63/0.50  h=5.4 c=10.4  kl=0.0135  vl=0.0362
Step: 32768 SPS: 2330  ev=-3.373  ent=1.284  grad=0.03/0.03  h=6.5 c=13.7  kl=0.0120  vl=0.0088
Step: 36864 SPS: 2311  ev=-0.050  ent=1.400  grad=0.10/0.10  h=6.9 c=14.6  kl=0.0104  vl=0.0283
Step: 40960 SPS: 2292  ev=0.039  ent=1.409  grad=1.17/0.50  h=5.8 c=11.4  kl=0.0020  vl=0.1041
Step: 45056 SPS: 2276  ev=-0.039  ent=1.384  grad=0.39/0.39  h=6.7 c=14.4  kl=0.0014  vl=0.0042
Step: 49152 SPS: 2264  ev=0.237  ent=1.380  grad=0.33/0.33  h=7.0 c=15.3  kl=0.0053  vl=0.0485
Step: 53248 SPS: 2256  ev=0.063  ent=1.443  grad=0.23/0.23  h=6.6 c=13.8  kl=0.0015  vl=0.0053
Step: 57344 SPS: 2243  ev=0.130  ent=1.442  grad=0.44/0.44  h=6.6 c=14.1  kl=0.0042  vl=0.0410
Step: 61440 SPS: 2231  ev=0.122  ent=1.455  grad=0.70/0.50  h=7.0 c=15.5  kl=0.0063  vl=0.0046
Step: 65536 SPS: 2225  ev=-0.025  ent=1.414  grad=0.15/0.15  h=6.9 c=15.0  kl=0.0091  vl=0.0120
Step: 69632 SPS: 2219  ev=0.060  ent=1.431  grad=0.33/0.33  h=6.3 c=13.1  kl=0.0027  vl=0.0014
Step: 73728 SPS: 2216  ev=0.091  ent=1.390  grad=0.04/0.04  h=7.0 c=15.8  kl=0.0075  vl=0.0012
Step: 77824 SPS: 2208  ev=0.112  ent=1.459  grad=0.26/0.26  h=7.1 c=15.9  kl=0.0044  vl=0.0210
  vs Random: 74W/26L/0D | score=0.9±35.7 inv=3.2 played=14.4 lanes=4.0 ddraw=64.8 pts=1
  Self-play: 47W/53L/0D | score=17.7±40.4 inv=3.2 played=15.6 lanes=4.1 ddraw=83.4 pts=18
Step: 81920 SPS: 1655  ev=0.035  ent=1.472  grad=0.21/0.21  h=6.3 c=12.9  kl=0.0141  vl=0.0376
Step: 86016 SPS: 1678  ev=0.051  ent=1.441  grad=0.53/0.50  h=7.0 c=16.2  kl=0.0122  vl=0.0325
Step: 90112 SPS: 1695  ev=-0.123  ent=1.457  grad=0.25/0.25  h=7.1 c=16.9  kl=0.0112  vl=0.0011
Step: 94208 SPS: 1710  ev=-0.049  ent=1.401  grad=0.10/0.10  h=6.6 c=14.4  kl=0.0020  vl=0.0005
Step: 98304 SPS: 1723  ev=0.017  ent=1.450  grad=0.85/0.50  h=6.9 c=16.3  kl=0.0199  vl=0.0749
Step: 102400 SPS: 1737  ev=0.008  ent=1.429  grad=1.84/0.50  h=7.2 c=18.8  kl=0.0122  vl=0.0910
Step: 106496 SPS: 1749  ev=0.045  ent=1.431  grad=0.93/0.50  h=6.8 c=17.1  kl=0.0063  vl=0.1118
Step: 110592 SPS: 1767  ev=0.056  ent=1.417  grad=0.03/0.03  h=6.8 c=16.0  kl=0.0170  vl=0.0032
Step: 114688 SPS: 1783  ev=0.192  ent=1.475  grad=1.10/0.50  h=7.2 c=18.7  kl=0.0108  vl=0.0303
Step: 118784 SPS: 1801  ev=0.316  ent=1.434  grad=0.23/0.23  h=7.0 c=18.5  kl=0.0219  vl=0.0206
Step: 122880 SPS: 1815  ev=0.198  ent=1.464  grad=0.93/0.50  h=6.5 c=15.2  kl=0.0424  vl=0.0833
Step: 126976 SPS: 1833  ev=0.145  ent=1.457  grad=1.06/0.50  h=7.0 c=19.8  kl=0.0220  vl=0.0855
Step: 131072 SPS: 1845  ev=-0.101  ent=1.484  grad=0.63/0.50  h=7.3 c=23.9  kl=0.0113  vl=0.0541
Step: 135168 SPS: 1853  ev=0.082  ent=1.427  grad=0.72/0.50  h=6.4 c=16.8  kl=0.0058  vl=0.0065
Step: 139264 SPS: 1860  ev=0.079  ent=1.448  grad=0.18/0.18  h=7.1 c=19.8  kl=0.0050  vl=0.0325
Step: 143360 SPS: 1865  ev=0.037  ent=1.465  grad=0.24/0.24  h=7.3 c=24.1  kl=0.0063  vl=0.0265
Step: 147456 SPS: 1870  ev=0.057  ent=1.395  grad=0.38/0.38  h=6.6 c=20.4  kl=0.0063  vl=0.0020
Step: 151552 SPS: 1878  ev=0.074  ent=1.429  grad=0.03/0.03  h=6.9 c=18.1  kl=0.0084  vl=0.0392
Step: 155648 SPS: 1883  ev=0.146  ent=1.446  grad=0.14/0.14  h=7.2 c=22.8  kl=0.0078  vl=0.0020
Step: 159744 SPS: 1889  ev=0.029  ent=1.417  grad=0.22/0.22  h=7.1 c=23.4  kl=0.0086  vl=0.0022
  vs Random: 74W/25L/1D | score=0.0±37.6 inv=3.6 played=14.5 lanes=3.9 ddraw=65.2 pts=0
  Self-play: 49W/50L/1D | score=17.4±46.7 inv=3.5 played=15.7 lanes=4.0 ddraw=104.6 pts=17
Step: 163840 SPS: 1620  ev=-0.037  ent=1.381  grad=0.35/0.35  h=6.7 c=17.3  kl=0.0026  vl=0.0473
Step: 167936 SPS: 1630  ev=-0.000  ent=1.455  grad=0.01/0.01  h=7.2 c=22.4  kl=0.0028  vl=0.0009
Step: 172032 SPS: 1642  ev=0.042  ent=1.454  grad=0.73/0.50  h=7.2 c=25.0  kl=0.0122  vl=0.0398
Step: 176128 SPS: 1652  ev=0.054  ent=1.441  grad=0.74/0.50  h=6.5 c=16.9  kl=0.0178  vl=0.0881
Step: 180224 SPS: 1662  ev=0.018  ent=1.428  grad=0.10/0.10  h=7.1 c=21.6  kl=0.0107  vl=0.0307
Step: 184320 SPS: 1673  ev=0.054  ent=1.467  grad=0.99/0.50  h=7.1 c=24.3  kl=0.0227  vl=0.0372
Step: 188416 SPS: 1679  ev=0.057  ent=1.401  grad=0.29/0.29  h=6.5 c=19.1  kl=0.0140  vl=0.0433
Step: 192512 SPS: 1687  ev=0.055  ent=1.397  grad=0.18/0.18  h=7.0 c=20.4  kl=0.0076  vl=0.0014
Step: 196608 SPS: 1696  ev=-0.012  ent=1.402  grad=0.07/0.07  h=7.2 c=25.0  kl=0.0127  vl=0.0018
Step: 200704 SPS: 1704  ev=0.031  ent=1.477  grad=0.27/0.27  h=6.8 c=22.5  kl=0.0502  vl=0.1341
Step: 204800 SPS: 1714  ev=0.178  ent=1.450  grad=0.35/0.35  h=6.8 c=19.3  kl=0.0316  vl=0.0603
Step: 208896 SPS: 1720  ev=-0.119  ent=1.412  grad=0.33/0.33  h=7.2 c=24.8  kl=0.0128  vl=0.0368
Step: 212992 SPS: 1724  ev=0.026  ent=1.472  grad=0.62/0.50  h=7.0 c=24.9  kl=0.0068  vl=0.0485
Step: 217088 SPS: 1729  ev=0.010  ent=1.423  grad=0.15/0.15  h=6.8 c=19.1  kl=0.0021  vl=0.0006
Step: 221184 SPS: 1734  ev=0.060  ent=1.459  grad=0.26/0.26  h=7.2 c=23.6  kl=0.0044  vl=0.0011
Step: 225280 SPS: 1737  ev=0.191  ent=1.450  grad=0.15/0.15  h=7.2 c=26.1  kl=0.0048  vl=0.0016
Step: 229376 SPS: 1741  ev=0.069  ent=1.402  grad=0.17/0.17  h=6.5 c=18.3  kl=0.0142  vl=0.0528
Step: 233472 SPS: 1746  ev=0.028  ent=1.394  grad=0.36/0.36  h=7.1 c=21.9  kl=0.0133  vl=0.0063
Step: 237568 SPS: 1751  ev=0.412  ent=1.382  grad=0.15/0.15  h=7.4 c=26.1  kl=0.0151  vl=0.0008
Step: 241664 SPS: 1756  ev=0.058  ent=1.414  grad=1.00/0.50  h=6.9 c=21.6  kl=0.0120  vl=0.0077
  vs Random: 81W/19L/0D | score=9.6±35.8 inv=3.5 played=14.7 lanes=3.9 ddraw=61.8 pts=10
  Self-play: 47W/53L/1D | score=19.2±45.5 inv=3.4 played=15.3 lanes=3.9 ddraw=75.6 pts=19
Step: 245760 SPS: 1632  ev=0.060  ent=1.420  grad=0.40/0.40  h=7.0 c=20.3  kl=0.0150  vl=0.0506
Step: 249856 SPS: 1642  ev=0.291  ent=1.399  grad=0.04/0.04  h=7.2 c=24.8  kl=0.0123  vl=0.0032
Step: 253952 SPS: 1651  ev=0.094  ent=1.430  grad=0.23/0.23  h=6.9 c=23.3  kl=0.0114  vl=0.0482
Step: 258048 SPS: 1659  ev=0.067  ent=1.437  grad=0.21/0.21  h=6.8 c=19.2  kl=0.0174  vl=0.0540
Step: 262144 SPS: 1666  ev=-0.011  ent=1.414  grad=0.23/0.23  h=7.3 c=25.5  kl=0.0288  vl=0.0016
Step: 266240 SPS: 1671  ev=0.030  ent=1.442  grad=0.24/0.24  h=7.2 c=26.7  kl=0.0059  vl=0.0009
Step: 270336 SPS: 1676  ev=0.006  ent=1.400  grad=0.39/0.39  h=6.8 c=20.2  kl=0.0015  vl=0.0014
Step: 274432 SPS: 1681  ev=0.027  ent=1.408  grad=0.52/0.50  h=7.3 c=25.2  kl=0.0096  vl=0.0333
Step: 278528 SPS: 1686  ev=0.035  ent=1.392  grad=0.58/0.50  h=7.3 c=27.4  kl=0.0083  vl=0.0038
Step: 282624 SPS: 1690  ev=0.041  ent=1.401  grad=1.09/0.50  h=6.7 c=21.1  kl=0.0097  vl=0.0584
Step: 286720 SPS: 1696  ev=0.062  ent=1.404  grad=1.10/0.50  h=7.0 c=22.6  kl=0.0178  vl=0.0103
Step: 290816 SPS: 1702  ev=0.113  ent=1.399  grad=0.21/0.21  h=7.1 c=26.6  kl=0.0306  vl=0.0462
Step: 294912 SPS: 1708  ev=0.155  ent=1.399  grad=0.52/0.50  h=6.8 c=23.1  kl=0.0182  vl=0.0101
Step: 299008 SPS: 1715  ev=-0.114  ent=1.360  grad=0.61/0.50  h=6.9 c=21.6  kl=0.0130  vl=0.0113
Step: 303104 SPS: 1718  ev=0.174  ent=1.353  grad=0.12/0.12  h=7.2 c=25.9  kl=0.0165  vl=0.0015
Step: 307200 SPS: 1722  ev=-0.051  ent=1.386  grad=0.34/0.34  h=7.0 c=25.1  kl=0.0077  vl=0.0476
Step: 311296 SPS: 1726  ev=0.055  ent=1.334  grad=0.33/0.33  h=6.9 c=20.8  kl=0.0050  vl=0.0011
Step: 315392 SPS: 1732  ev=0.041  ent=1.402  grad=0.18/0.18  h=7.2 c=25.1  kl=0.0264  vl=0.0389
Step: 319488 SPS: 1738  ev=0.105  ent=1.377  grad=0.08/0.08  h=7.0 c=25.6  kl=0.0190  vl=0.0338
Step: 323584 SPS: 1744  ev=0.104  ent=1.422  grad=0.25/0.25  h=6.7 c=20.2  kl=0.0177  vl=0.0097
  vs Random: 91W/9L/0D | score=22.2±41.2 inv=3.8 played=16.4 lanes=4.1 ddraw=52.9 pts=22
  Self-play: 53W/46L/1D | score=42.0±52.6 inv=3.5 played=16.9 lanes=3.9 ddraw=61.2 pts=42
Step: 327680 SPS: 1658  ev=-0.035  ent=1.357  grad=0.66/0.50  h=7.0 c=22.5  kl=0.0284  vl=0.0057
Step: 331776 SPS: 1663  ev=0.040  ent=1.357  grad=0.06/0.06  h=7.0 c=24.5  kl=0.0097  vl=0.0449
Step: 335872 SPS: 1667  ev=0.023  ent=1.384  grad=0.21/0.21  h=6.8 c=21.7  kl=0.0072  vl=0.0015
Step: 339968 SPS: 1671  ev=0.041  ent=1.373  grad=0.42/0.42  h=6.9 c=21.2  kl=0.0079  vl=0.0290
Step: 344064 SPS: 1677  ev=0.138  ent=1.394  grad=0.34/0.34  h=7.1 c=25.3  kl=0.0132  vl=0.0375
Step: 348160 SPS: 1682  ev=0.043  ent=1.412  grad=0.80/0.50  h=6.8 c=22.8  kl=0.0221  vl=0.0617
Step: 352256 SPS: 1687  ev=0.145  ent=1.382  grad=0.16/0.16  h=6.9 c=21.0  kl=0.0032  vl=0.0014
Step: 356352 SPS: 1691  ev=-2.056  ent=1.405  grad=0.02/0.02  h=7.2 c=26.0  kl=0.0088  vl=0.0003
Step: 360448 SPS: 1696  ev=0.048  ent=1.418  grad=0.26/0.26  h=7.0 c=26.0  kl=0.0113  vl=0.0618
Step: 364544 SPS: 1701  ev=0.094  ent=1.418  grad=0.39/0.39  h=6.8 c=21.4  kl=0.0165  vl=0.0025
Step: 368640 SPS: 1705  ev=0.124  ent=1.416  grad=0.21/0.21  h=7.1 c=24.3  kl=0.0240  vl=0.0343
Step: 372736 SPS: 1710  ev=0.059  ent=1.408  grad=0.87/0.50  h=7.1 c=26.9  kl=0.0136  vl=0.0815
Step: 376832 SPS: 1713  ev=0.088  ent=1.421  grad=0.71/0.50  h=6.8 c=22.1  kl=0.0089  vl=0.0057
Step: 380928 SPS: 1718  ev=0.103  ent=1.369  grad=0.40/0.40  h=7.0 c=23.9  kl=0.0222  vl=0.0042
Step: 385024 SPS: 1721  ev=0.209  ent=1.426  grad=0.05/0.05  h=7.1 c=27.7  kl=0.0088  vl=0.0198
Step: 389120 SPS: 1723  ev=0.149  ent=1.395  grad=0.24/0.24  h=6.8 c=24.1  kl=0.0037  vl=0.0029
Step: 393216 SPS: 1726  ev=0.158  ent=1.419  grad=0.17/0.17  h=6.9 c=23.6  kl=0.0114  vl=0.0379
Step: 397312 SPS: 1730  ev=0.287  ent=1.447  grad=0.15/0.15  h=7.1 c=28.6  kl=0.0077  vl=0.0030
Step: 401408 SPS: 1734  ev=0.083  ent=1.441  grad=0.07/0.07  h=6.8 c=25.3  kl=0.0165  vl=0.0020
Step: 405504 SPS: 1737  ev=-0.006  ent=1.409  grad=0.22/0.22  h=6.8 c=22.5  kl=0.0075  vl=0.0009
  vs Random: 89W/11L/0D | score=21.7±36.8 inv=3.5 played=15.6 lanes=3.8 ddraw=54.0 pts=22
  Self-play: 53W/47L/0D | score=42.1±51.6 inv=3.4 played=16.2 lanes=3.7 ddraw=56.4 pts=42
Step: 409600 SPS: 1670  ev=0.038  ent=1.426  grad=0.38/0.38  h=7.0 c=26.1  kl=0.0049  vl=0.0361
Step: 413696 SPS: 1674  ev=0.156  ent=1.382  grad=0.04/0.04  h=6.9 c=27.0  kl=0.0128  vl=0.0073
Step: 417792 SPS: 1678  ev=-0.012  ent=1.402  grad=0.02/0.02  h=6.7 c=22.7  kl=0.0068  vl=0.0101
Step: 421888 SPS: 1683  ev=0.049  ent=1.410  grad=0.30/0.30  h=7.1 c=26.3  kl=0.0114  vl=0.0308
Step: 425984 SPS: 1687  ev=0.309  ent=1.393  grad=0.83/0.50  h=6.9 c=28.0  kl=0.0173  vl=0.0107
Step: 430080 SPS: 1691  ev=0.241  ent=1.373  grad=0.13/0.13  h=6.8 c=23.6  kl=0.0148  vl=0.0095
Step: 434176 SPS: 1696  ev=-0.393  ent=1.355  grad=0.45/0.45  h=6.8 c=23.4  kl=0.0233  vl=0.0022
Step: 438272 SPS: 1700  ev=0.105  ent=1.361  grad=0.43/0.43  h=7.0 c=28.0  kl=0.0064  vl=0.0248
Step: 442368 SPS: 1703  ev=0.078  ent=1.358  grad=0.26/0.26  h=6.8 c=24.1  kl=0.0067  vl=0.0013
Step: 446464 SPS: 1704  ev=0.068  ent=1.337  grad=0.13/0.13  h=6.9 c=24.6  kl=0.0220  vl=0.0152
Step: 450560 SPS: 1707  ev=0.062  ent=1.332  grad=0.39/0.39  h=7.1 c=29.2  kl=0.0052  vl=0.0309
Step: 454656 SPS: 1710  ev=0.047  ent=1.418  grad=0.46/0.46  h=6.8 c=25.8  kl=0.0107  vl=0.0710
Step: 458752 SPS: 1713  ev=0.124  ent=1.356  grad=0.21/0.21  h=6.8 c=24.7  kl=0.0141  vl=0.0379
Step: 462848 SPS: 1716  ev=0.190  ent=1.401  grad=0.63/0.50  h=7.1 c=29.6  kl=0.0123  vl=0.0533
Step: 466944 SPS: 1718  ev=0.225  ent=1.396  grad=0.31/0.31  h=6.9 c=29.5  kl=0.0093  vl=0.0293
Step: 471040 SPS: 1721  ev=0.036  ent=1.379  grad=0.32/0.32  h=6.8 c=25.1  kl=0.0108  vl=0.0462
Step: 475136 SPS: 1725  ev=0.160  ent=1.406  grad=0.12/0.12  h=7.1 c=27.6  kl=0.0193  vl=0.0023
Step: 479232 SPS: 1729  ev=-0.317  ent=1.433  grad=0.04/0.04  h=6.9 c=29.2  kl=0.0105  vl=0.0111
Step: 483328 SPS: 1733  ev=0.095  ent=1.383  grad=0.18/0.18  h=6.7 c=24.5  kl=0.0133  vl=0.0192
Step: 487424 SPS: 1736  ev=0.147  ent=1.369  grad=0.14/0.14  h=6.9 c=26.5  kl=0.0106  vl=0.0241
  vs Random: 95W/6L/0D | score=38.8±39.6 inv=3.6 played=16.5 lanes=3.9 ddraw=46.8 pts=39
  Self-play: 52W/49L/0D | score=43.2±46.7 inv=3.3 played=16.2 lanes=3.7 ddraw=49.4 pts=43
Step: 491520 SPS: 1686  ev=-0.025  ent=1.365  grad=0.43/0.43  h=6.9 c=29.7  kl=0.0144  vl=0.0340
Step: 495616 SPS: 1687  ev=0.059  ent=1.365  grad=0.47/0.47  h=6.7 c=25.5  kl=0.0040  vl=0.0412
Step: 499712 SPS: 1691  ev=0.076  ent=1.330  grad=0.18/0.18  h=6.8 c=25.7  kl=0.0140  vl=0.0013
Step: 503808 SPS: 1696  ev=0.095  ent=1.382  grad=1.35/0.50  h=7.0 c=29.5  kl=0.1305  vl=0.0299
Step: 507904 SPS: 1701  ev=0.168  ent=1.434  grad=1.03/0.50  h=6.7 c=26.4  kl=0.0382  vl=0.0274
Step: 512000 SPS: 1705  ev=0.131  ent=1.356  grad=1.13/0.50  h=6.7 c=24.7  kl=0.0569  vl=0.0014
Step: 516096 SPS: 1710  ev=0.103  ent=1.311  grad=0.99/0.50  h=6.9 c=27.2  kl=0.0176  vl=0.0022
Step: 520192 SPS: 1714  ev=0.189  ent=1.338  grad=1.56/0.50  h=7.0 c=28.2  kl=0.0131  vl=0.0460
Step: 524288 SPS: 1719  ev=0.125  ent=1.361  grad=0.96/0.50  h=6.8 c=24.5  kl=0.0165  vl=0.0009
Step: 528384 SPS: 1723  ev=0.011  ent=1.315  grad=0.92/0.50  h=7.0 c=27.3  kl=0.0166  vl=0.0017
Step: 532480 SPS: 1727  ev=0.067  ent=1.351  grad=1.04/0.50  h=7.0 c=28.6  kl=0.0149  vl=0.0010
Step: 536576 SPS: 1731  ev=0.149  ent=1.360  grad=0.79/0.50  h=6.7 c=24.7  kl=0.0127  vl=0.0007
Step: 540672 SPS: 1735  ev=-0.174  ent=1.314  grad=0.90/0.50  h=6.8 c=25.6  kl=0.0131  vl=0.0018
Step: 544768 SPS: 1739  ev=0.127  ent=1.335  grad=0.97/0.50  h=7.0 c=29.2  kl=0.0154  vl=0.0611
Step: 548864 SPS: 1742  ev=0.069  ent=1.342  grad=0.63/0.50  h=6.8 c=25.7  kl=0.0135  vl=0.0435
Step: 552960 SPS: 1746  ev=-0.006  ent=1.369  grad=0.79/0.50  h=6.9 c=25.5  kl=0.0101  vl=0.0061
Step: 557056 SPS: 1750  ev=-0.056  ent=1.350  grad=0.80/0.50  h=7.0 c=28.1  kl=0.0102  vl=0.0017
Step: 561152 SPS: 1753  ev=-1.932  ent=1.375  grad=0.53/0.50  h=6.8 c=25.8  kl=0.0192  vl=0.0014
Step: 565248 SPS: 1755  ev=0.146  ent=1.399  grad=0.97/0.50  h=6.7 c=24.1  kl=0.0231  vl=0.0012
Step: 569344 SPS: 1759  ev=0.125  ent=1.316  grad=0.80/0.50  h=6.9 c=27.1  kl=0.0156  vl=0.0289
  vs Random: 96W/4L/0D | score=26.4±31.1 inv=2.1 played=14.3 lanes=3.8 ddraw=55.0 pts=26
  Self-play: 42W/57L/1D | score=25.7±41.7 inv=2.5 played=14.7 lanes=3.9 ddraw=70.7 pts=26
Step: 573440 SPS: 1705  ev=0.054  ent=1.313  grad=0.93/0.50  h=6.9 c=28.9  kl=0.0109  vl=0.0014
Step: 577536 SPS: 1708  ev=0.031  ent=1.334  grad=0.57/0.50  h=6.7 c=24.8  kl=0.0106  vl=0.0534
Step: 581632 SPS: 1710  ev=0.074  ent=1.424  grad=0.78/0.50  h=6.9 c=26.8  kl=0.0122  vl=0.0017
Step: 585728 SPS: 1713  ev=-2.704  ent=1.348  grad=0.83/0.50  h=7.0 c=29.8  kl=0.0121  vl=0.0012
Step: 589824 SPS: 1716  ev=0.107  ent=1.356  grad=0.79/0.50  h=6.6 c=24.6  kl=0.0105  vl=0.0008
Step: 593920 SPS: 1719  ev=0.135  ent=1.366  grad=0.65/0.50  h=6.8 c=25.9  kl=0.0120  vl=0.0033
Step: 598016 SPS: 1722  ev=0.086  ent=1.349  grad=0.94/0.50  h=7.0 c=30.0  kl=0.0103  vl=0.0012
Step: 602112 SPS: 1725  ev=0.165  ent=1.379  grad=0.63/0.50  h=6.7 c=25.9  kl=0.0148  vl=0.0365
Step: 606208 SPS: 1728  ev=0.031  ent=1.369  grad=0.45/0.45  h=6.8 c=26.4  kl=0.0122  vl=0.0108
Step: 610304 SPS: 1730  ev=0.145  ent=1.355  grad=0.52/0.50  h=7.0 c=29.3  kl=0.0108  vl=0.0290
Step: 614400 SPS: 1733  ev=0.036  ent=1.392  grad=0.45/0.45  h=6.8 c=28.2  kl=0.0123  vl=0.0428
Step: 618496 SPS: 1736  ev=0.029  ent=1.420  grad=0.67/0.50  h=6.8 c=25.3  kl=0.0110  vl=0.0456
Step: 622592 SPS: 1736  ev=-0.024  ent=1.403  grad=0.60/0.50  h=7.0 c=29.4  kl=0.0128  vl=0.0017
Step: 626688 SPS: 1737  ev=-4.585  ent=1.379  grad=0.89/0.50  h=6.9 c=29.1  kl=0.0105  vl=0.0008
Step: 630784 SPS: 1740  ev=-2.865  ent=1.416  grad=0.58/0.50  h=6.7 c=25.4  kl=0.0123  vl=0.0014
Step: 634880 SPS: 1742  ev=0.182  ent=1.390  grad=1.07/0.50  h=7.0 c=28.1  kl=0.0117  vl=0.0015
Step: 638976 SPS: 1744  ev=0.229  ent=1.419  grad=0.29/0.29  h=7.0 c=29.2  kl=0.0124  vl=0.0084
Step: 643072 SPS: 1747  ev=0.005  ent=1.420  grad=0.84/0.50  h=6.7 c=25.7  kl=0.0114  vl=0.0443
Step: 647168 SPS: 1750  ev=0.094  ent=1.437  grad=0.47/0.47  h=6.9 c=26.5  kl=0.0112  vl=0.0330
Step: 651264 SPS: 1752  ev=0.177  ent=1.426  grad=0.58/0.50  h=6.9 c=29.2  kl=0.0120  vl=0.0011
  vs Random: 97W/3L/0D | score=26.0±25.7 inv=2.0 played=13.9 lanes=3.7 ddraw=51.3 pts=26
  Self-play: 55W/44L/1D | score=35.5±39.2 inv=2.1 played=14.0 lanes=3.6 ddraw=69.4 pts=35
Step: 655360 SPS: 1702  ev=-0.042  ent=1.400  grad=0.42/0.42  h=6.7 c=26.4  kl=0.0134  vl=0.0096
Step: 659456 SPS: 1705  ev=0.148  ent=1.423  grad=0.75/0.50  h=6.8 c=26.3  kl=0.0121  vl=0.0224
Step: 663552 SPS: 1708  ev=0.035  ent=1.427  grad=1.09/0.50  h=7.0 c=29.1  kl=0.0126  vl=0.0006
Step: 667648 SPS: 1711  ev=0.095  ent=1.447  grad=0.46/0.46  h=6.9 c=27.5  kl=0.0118  vl=0.0398
Step: 671744 SPS: 1713  ev=0.030  ent=1.454  grad=0.45/0.45  h=6.8 c=25.8  kl=0.0155  vl=0.0477
Step: 675840 SPS: 1715  ev=-1.052  ent=1.394  grad=0.76/0.50  h=7.0 c=28.7  kl=0.0122  vl=0.0010
Step: 679936 SPS: 1717  ev=-0.055  ent=1.385  grad=0.51/0.50  h=6.8 c=28.0  kl=0.0139  vl=0.0428
Step: 684032 SPS: 1719  ev=-3.766  ent=1.441  grad=0.60/0.50  h=6.7 c=25.5  kl=0.0105  vl=0.0011
Step: 688128 SPS: 1722  ev=0.021  ent=1.401  grad=0.48/0.48  h=6.9 c=27.4  kl=0.0127  vl=0.0409
Step: 692224 SPS: 1724  ev=0.115  ent=1.373  grad=0.37/0.37  h=6.9 c=29.0  kl=0.0122  vl=0.0394
Step: 696320 SPS: 1726  ev=0.122  ent=1.431  grad=0.93/0.50  h=6.7 c=26.6  kl=0.0078  vl=0.0007
Step: 700416 SPS: 1728  ev=0.113  ent=1.413  grad=0.89/0.50  h=6.8 c=26.6  kl=0.0101  vl=0.0015
Step: 704512 SPS: 1731  ev=0.036  ent=1.358  grad=0.89/0.50  h=6.9 c=29.2  kl=0.0130  vl=0.0010
Step: 708608 SPS: 1733  ev=0.043  ent=1.407  grad=0.49/0.49  h=6.7 c=26.9  kl=0.0129  vl=0.0016
Step: 712704 SPS: 1734  ev=-0.698  ent=1.343  grad=0.83/0.50  h=6.7 c=25.4  kl=0.0102  vl=0.0017
Step: 716800 SPS: 1736  ev=-0.061  ent=1.410  grad=0.59/0.50  h=6.8 c=28.7  kl=0.0118  vl=0.0029
Step: 720896 SPS: 1739  ev=0.332  ent=1.413  grad=0.86/0.50  h=6.7 c=26.6  kl=0.0116  vl=0.0010
Step: 724992 SPS: 1741  ev=0.122  ent=1.414  grad=0.35/0.35  h=6.7 c=25.5  kl=0.0120  vl=0.0086
Step: 729088 SPS: 1742  ev=-0.993  ent=1.355  grad=0.59/0.50  h=6.8 c=27.7  kl=0.0138  vl=0.0014
Step: 733184 SPS: 1744  ev=0.011  ent=1.342  grad=0.71/0.50  h=6.7 c=27.6  kl=0.0081  vl=0.0005
  vs Random: 97W/3L/0D | score=25.6±26.4 inv=1.9 played=13.5 lanes=3.5 ddraw=53.5 pts=26
  Self-play: 58W/42L/0D | score=40.6±34.5 inv=2.3 played=15.2 lanes=3.7 ddraw=77.0 pts=41
Step: 737280 SPS: 1698  ev=0.020  ent=1.451  grad=0.41/0.41  h=6.6 c=25.0  kl=0.0157  vl=0.0447
Step: 741376 SPS: 1700  ev=-2.117  ent=1.363  grad=0.78/0.50  h=6.7 c=27.1  kl=0.0119  vl=0.0005
Step: 745472 SPS: 1702  ev=0.142  ent=1.363  grad=0.87/0.50  h=6.8 c=28.3  kl=0.0107  vl=0.0010
Step: 749568 SPS: 1704  ev=0.209  ent=1.360  grad=0.29/0.29  h=6.7 c=26.3  kl=0.0125  vl=0.0173
Step: 753664 SPS: 1706  ev=0.133  ent=1.307  grad=0.76/0.50  h=6.7 c=26.5  kl=0.0100  vl=0.0009
Step: 757760 SPS: 1709  ev=0.163  ent=1.311  grad=1.12/0.50  h=6.8 c=28.3  kl=0.0184  vl=0.0007
Step: 761856 SPS: 1709  ev=-3.810  ent=1.309  grad=0.68/0.50  h=6.7 c=27.3  kl=0.0121  vl=0.0004
Step: 765952 SPS: 1712  ev=0.032  ent=1.347  grad=1.13/0.50  h=6.7 c=25.9  kl=0.0117  vl=0.0003
Step: 770048 SPS: 1714  ev=0.048  ent=1.306  grad=0.77/0.50  h=6.8 c=28.2  kl=0.0101  vl=0.0004
Step: 774144 SPS: 1716  ev=0.051  ent=1.340  grad=0.57/0.50  h=6.8 c=29.2  kl=0.0127  vl=0.0007
Step: 778240 SPS: 1717  ev=-0.522  ent=1.381  grad=0.62/0.50  h=6.6 c=26.2  kl=0.0103  vl=0.0003
Step: 782336 SPS: 1718  ev=-4.352  ent=1.324  grad=0.50/0.50  h=6.7 c=27.7  kl=0.0112  vl=0.0006
Step: 786432 SPS: 1720  ev=-0.494  ent=1.297  grad=0.81/0.50  h=6.9 c=30.1  kl=0.0114  vl=0.0002
Step: 790528 SPS: 1721  ev=0.285  ent=1.325  grad=0.24/0.24  h=6.6 c=25.8  kl=0.0086  vl=0.0019
Step: 794624 SPS: 1723  ev=-2.920  ent=1.299  grad=0.70/0.50  h=6.6 c=26.4  kl=0.0107  vl=0.0005
Step: 798720 SPS: 1725  ev=0.115  ent=1.335  grad=0.57/0.50  h=6.9 c=29.5  kl=0.0086  vl=0.0008
Step: 802816 SPS: 1727  ev=0.093  ent=1.336  grad=0.74/0.50  h=6.5 c=25.4  kl=0.0093  vl=0.0008
Step: 806912 SPS: 1729  ev=0.055  ent=1.346  grad=0.42/0.42  h=6.7 c=27.0  kl=0.0127  vl=0.0429
Step: 811008 SPS: 1730  ev=-0.849  ent=1.311  grad=0.60/0.50  h=6.8 c=28.3  kl=0.0107  vl=0.0006
Step: 815104 SPS: 1732  ev=-0.103  ent=1.284  grad=0.58/0.50  h=6.5 c=27.6  kl=0.0115  vl=0.0006
  vs Random: 99W/2L/0D | score=31.7±26.9 inv=1.9 played=15.4 lanes=4.0 ddraw=45.5 pts=32
  Self-play: 60W/39L/1D | score=35.2±36.2 inv=2.2 played=14.6 lanes=3.8 ddraw=64.0 pts=35
Step: 819200 SPS: 1695  ev=0.275  ent=1.306  grad=0.89/0.50  h=6.6 c=25.3  kl=0.0107  vl=0.0004
Step: 823296 SPS: 1696  ev=0.053  ent=1.350  grad=0.57/0.50  h=6.7 c=27.7  kl=0.0118  vl=0.0013
Step: 827392 SPS: 1698  ev=0.004  ent=1.338  grad=0.30/0.30  h=6.8 c=29.2  kl=0.0115  vl=0.0141
Step: 831488 SPS: 1700  ev=-0.013  ent=1.293  grad=0.95/0.50  h=6.6 c=25.8  kl=0.0150  vl=0.0007
Step: 835584 SPS: 1702  ev=0.060  ent=1.316  grad=0.56/0.50  h=6.8 c=27.3  kl=0.0121  vl=0.0399
Step: 839680 SPS: 1703  ev=0.089  ent=1.327  grad=0.72/0.50  h=6.8 c=29.6  kl=0.0085  vl=0.0005
Step: 843776 SPS: 1705  ev=0.061  ent=1.282  grad=0.73/0.50  h=6.6 c=26.1  kl=0.0096  vl=0.0009
Step: 847872 SPS: 1707  ev=-18.220  ent=1.305  grad=0.57/0.50  h=6.7 c=26.9  kl=0.0096  vl=0.0006
Step: 851968 SPS: 1708  ev=0.006  ent=1.328  grad=0.95/0.50  h=6.8 c=29.0  kl=0.0110  vl=0.0005
Step: 856064 SPS: 1710  ev=0.148  ent=1.329  grad=0.41/0.41  h=6.6 c=26.5  kl=0.0088  vl=0.0144
Step: 860160 SPS: 1711  ev=-3.262  ent=1.316  grad=0.79/0.50  h=6.6 c=26.2  kl=0.0092  vl=0.0003
Step: 864256 SPS: 1713  ev=-1.100  ent=1.292  grad=0.60/0.50  h=6.8 c=28.4  kl=0.0083  vl=0.0004
Step: 868352 SPS: 1714  ev=0.028  ent=1.341  grad=0.83/0.50  h=6.6 c=27.2  kl=0.0097  vl=0.0008
Step: 872448 SPS: 1716  ev=0.095  ent=1.339  grad=0.29/0.29  h=6.5 c=25.8  kl=0.0144  vl=0.0255
Step: 876544 SPS: 1717  ev=0.118  ent=1.305  grad=0.56/0.50  h=6.8 c=28.5  kl=0.0103  vl=0.0386
Step: 880640 SPS: 1719  ev=-0.524  ent=1.326  grad=0.75/0.50  h=6.7 c=29.6  kl=0.0093  vl=0.0008
Step: 884736 SPS: 1721  ev=-5.503  ent=1.363  grad=0.97/0.50  h=6.6 c=26.9  kl=0.0106  vl=0.0003
Step: 888832 SPS: 1723  ev=-0.046  ent=1.344  grad=0.75/0.50  h=6.7 c=28.1  kl=0.0105  vl=0.0007
Step: 892928 SPS: 1724  ev=0.404  ent=1.376  grad=0.87/0.50  h=6.8 c=30.7  kl=0.0070  vl=0.0003
Step: 897024 SPS: 1726  ev=-1.089  ent=1.312  grad=0.41/0.41  h=6.5 c=26.6  kl=0.0118  vl=0.0008
  vs Random: 98W/2L/0D | score=28.3±27.6 inv=1.9 played=14.9 lanes=4.0 ddraw=44.1 pts=28
  Self-play: 50W/51L/0D | score=28.3±37.3 inv=2.0 played=14.4 lanes=4.0 ddraw=60.6 pts=28
Step: 901120 SPS: 1692  ev=-10.054  ent=1.321  grad=0.61/0.50  h=6.7 c=27.1  kl=0.0099  vl=0.0003
Step: 905216 SPS: 1694  ev=0.088  ent=1.339  grad=0.82/0.50  h=6.8 c=29.7  kl=0.0094  vl=0.0003
Step: 909312 SPS: 1695  ev=0.152  ent=1.356  grad=0.74/0.50  h=6.6 c=27.6  kl=0.0089  vl=0.0006
Step: 913408 SPS: 1696  ev=0.013  ent=1.369  grad=0.93/0.50  h=6.6 c=25.9  kl=0.0109  vl=0.0004
Step: 917504 SPS: 1698  ev=-1.355  ent=1.280  grad=0.45/0.45  h=6.8 c=29.3  kl=0.0109  vl=0.0017
Step: 921600 SPS: 1699  ev=0.095  ent=1.297  grad=0.68/0.50  h=6.7 c=29.1  kl=0.0102  vl=0.0009
Step: 925696 SPS: 1701  ev=-2.245  ent=1.359  grad=0.36/0.36  h=6.6 c=25.9  kl=0.0110  vl=0.0008
Step: 929792 SPS: 1702  ev=0.036  ent=1.343  grad=0.55/0.50  h=6.7 c=27.9  kl=0.0101  vl=0.0005
Step: 933888 SPS: 1704  ev=0.133  ent=1.234  grad=0.59/0.50  h=6.8 c=29.9  kl=0.0091  vl=0.0427
Step: 937984 SPS: 1705  ev=0.060  ent=1.379  grad=0.64/0.50  h=6.6 c=26.9  kl=0.0100  vl=0.0006
Step: 942080 SPS: 1707  ev=0.305  ent=1.311  grad=0.73/0.50  h=6.7 c=27.7  kl=0.0102  vl=0.0011
Step: 946176 SPS: 1708  ev=0.078  ent=1.335  grad=0.56/0.50  h=6.8 c=29.5  kl=0.0089  vl=0.0017
Step: 950272 SPS: 1710  ev=-1.863  ent=1.375  grad=0.60/0.50  h=6.7 c=27.1  kl=0.0095  vl=0.0005
Step: 954368 SPS: 1711  ev=-1.161  ent=1.312  grad=0.67/0.50  h=6.7 c=26.6  kl=0.0095  vl=0.0002
Step: 958464 SPS: 1713  ev=0.302  ent=1.317  grad=0.48/0.48  h=6.7 c=28.5  kl=0.0077  vl=0.0027
Step: 962560 SPS: 1714  ev=0.168  ent=1.305  grad=0.53/0.50  h=6.6 c=26.9  kl=0.0100  vl=0.0008
Step: 966656 SPS: 1715  ev=-0.005  ent=1.342  grad=0.52/0.50  h=6.7 c=26.0  kl=0.0121  vl=0.0431
Step: 970752 SPS: 1717  ev=-0.131  ent=1.339  grad=0.61/0.50  h=6.8 c=28.1  kl=0.0108  vl=0.0009
Step: 974848 SPS: 1718  ev=-3.377  ent=1.321  grad=0.45/0.45  h=6.7 c=28.2  kl=0.0123  vl=0.0007
Step: 978944 SPS: 1720  ev=0.046  ent=1.303  grad=0.82/0.50  h=6.7 c=26.4  kl=0.0080  vl=0.0005
  vs Random: 99W/1L/0D | score=28.6±30.9 inv=1.7 played=15.0 lanes=4.1 ddraw=43.3 pts=29
  Self-play: 50W/50L/0D | score=30.4±37.4 inv=1.9 played=14.0 lanes=3.9 ddraw=53.6 pts=30
Step: 983040 SPS: 1693  ev=0.097  ent=1.301  grad=0.54/0.50  h=6.8 c=28.1  kl=0.0083  vl=0.0429
Step: 987136 SPS: 1694  ev=0.416  ent=1.287  grad=0.30/0.30  h=6.8 c=28.4  kl=0.0109  vl=0.0063
Step: 991232 SPS: 1696  ev=0.087  ent=1.314  grad=0.94/0.50  h=6.7 c=26.3  kl=0.0097  vl=0.0012
Step: 995328 SPS: 1697  ev=-0.769  ent=1.318  grad=0.90/0.50  h=6.8 c=26.7  kl=0.0096  vl=0.0005
Step: 999424 SPS: 1699  ev=-0.932  ent=1.314  grad=0.70/0.50  h=6.7 c=28.0  kl=0.0114  vl=0.0011
Step: 1003520 SPS: 1700  ev=0.473  ent=1.311  grad=0.94/0.50  h=6.7 c=26.9  kl=0.0085  vl=0.0003
Step: 1007616 SPS: 1701  ev=-6.321  ent=1.265  grad=0.32/0.32  h=6.7 c=25.9  kl=0.0114  vl=0.0027
Step: 1011712 SPS: 1703  ev=-0.108  ent=1.296  grad=0.78/0.50  h=6.8 c=28.9  kl=0.0089  vl=0.0004
Step: 1015808 SPS: 1704  ev=0.013  ent=1.304  grad=0.84/0.50  h=6.6 c=26.8  kl=0.0120  vl=0.0917
Step: 1019904 SPS: 1706  ev=0.050  ent=1.320  grad=0.72/0.50  h=6.6 c=25.1  kl=0.0114  vl=0.0005
Step: 1024000 SPS: 1707  ev=-0.025  ent=1.270  grad=0.78/0.50  h=6.8 c=28.0  kl=0.0069  vl=0.0002
Step: 1028096 SPS: 1708  ev=-0.764  ent=1.249  grad=0.63/0.50  h=6.7 c=27.3  kl=0.0093  vl=0.0006
Step: 1032192 SPS: 1710  ev=0.093  ent=1.315  grad=0.58/0.50  h=6.6 c=24.8  kl=0.0097  vl=0.0011
Step: 1036288 SPS: 1711  ev=-3.152  ent=1.229  grad=0.71/0.50  h=6.8 c=27.1  kl=0.0101  vl=0.0003
Step: 1040384 SPS: 1712  ev=-2.705  ent=1.298  grad=0.90/0.50  h=6.7 c=27.0  kl=0.0129  vl=0.0002
Step: 1044480 SPS: 1713  ev=0.026  ent=1.290  grad=0.43/0.43  h=6.7 c=26.0  kl=0.0092  vl=0.0424
Step: 1048576 SPS: 1715  ev=0.026  ent=1.293  grad=0.90/0.50  h=6.7 c=26.3  kl=0.0106  vl=0.0003
Step: 1052672 SPS: 1717  ev=-1.445  ent=1.276  grad=0.74/0.50  h=6.8 c=27.6  kl=0.0099  vl=0.0002
Step: 1056768 SPS: 1718  ev=-2.375  ent=1.264  grad=0.63/0.50  h=6.7 c=26.6  kl=0.0101  vl=0.0003
Step: 1060864 SPS: 1717  ev=-3.492  ent=1.268  grad=0.62/0.50  h=6.7 c=25.5  kl=0.0103  vl=0.0005
  vs Random: 100W/1L/0D | score=25.8±28.3 inv=1.5 played=14.9 lanes=4.3 ddraw=43.4 pts=26
  Self-play: 52W/49L/0D | score=21.3±33.5 inv=1.8 played=14.2 lanes=4.0 ddraw=64.2 pts=21
Step: 1064960 SPS: 1690  ev=-3.435  ent=1.265  grad=0.74/0.50  h=6.8 c=27.8  kl=0.0086  vl=0.0001
Step: 1069056 SPS: 1691  ev=0.052  ent=1.243  grad=0.79/0.50  h=6.8 c=27.4  kl=0.0077  vl=0.0004
Step: 1073152 SPS: 1692  ev=-1.413  ent=1.289  grad=0.72/0.50  h=6.7 c=25.4  kl=0.0117  vl=0.0002
Step: 1077248 SPS: 1694  ev=0.068  ent=1.276  grad=0.96/0.50  h=6.8 c=27.5  kl=0.0106  vl=0.0006
Step: 1081344 SPS: 1695  ev=-0.032  ent=1.211  grad=0.89/0.50  h=6.7 c=27.4  kl=0.0112  vl=0.0004
Step: 1085440 SPS: 1696  ev=0.118  ent=1.264  grad=0.66/0.50  h=6.7 c=25.5  kl=0.0149  vl=0.0526
Step: 1089536 SPS: 1698  ev=-2.794  ent=1.296  grad=0.70/0.50  h=6.7 c=26.4  kl=0.0098  vl=0.0004
Step: 1093632 SPS: 1699  ev=0.101  ent=1.267  grad=0.53/0.50  h=6.8 c=28.7  kl=0.0095  vl=0.0332
Step: 1097728 SPS: 1700  ev=0.072  ent=1.236  grad=0.39/0.39  h=6.7 c=26.4  kl=0.0097  vl=0.0378
Step: 1101824 SPS: 1701  ev=0.082  ent=1.269  grad=0.83/0.50  h=6.7 c=25.9  kl=0.0090  vl=0.0008
Step: 1105920 SPS: 1702  ev=-0.455  ent=1.237  grad=0.62/0.50  h=6.9 c=29.0  kl=0.0113  vl=0.0024
Step: 1110016 SPS: 1704  ev=-3.016  ent=1.291  grad=0.76/0.50  h=6.7 c=27.7  kl=0.0089  vl=0.0005
Step: 1114112 SPS: 1705  ev=-0.019  ent=1.282  grad=0.56/0.50  h=6.7 c=26.2  kl=0.0102  vl=0.0065
Step: 1118208 SPS: 1706  ev=-1.916  ent=1.266  grad=0.93/0.50  h=6.8 c=28.5  kl=0.0096  vl=0.0002
Step: 1122304 SPS: 1707  ev=0.055  ent=1.249  grad=0.67/0.50  h=6.7 c=28.1  kl=0.0084  vl=0.0003
Step: 1126400 SPS: 1709  ev=-1.583  ent=1.266  grad=0.52/0.50  h=6.6 c=25.2  kl=0.0125  vl=0.0007
Step: 1130496 SPS: 1710  ev=0.098  ent=1.230  grad=0.75/0.50  h=6.8 c=27.6  kl=0.0101  vl=0.0008
Step: 1134592 SPS: 1711  ev=0.196  ent=1.244  grad=0.30/0.30  h=6.8 c=28.3  kl=0.0091  vl=0.0136
Step: 1138688 SPS: 1712  ev=0.055  ent=1.229  grad=0.65/0.50  h=6.6 c=26.1  kl=0.0119  vl=0.0010
Step: 1142784 SPS: 1714  ev=0.020  ent=1.251  grad=0.87/0.50  h=6.7 c=26.9  kl=0.0121  vl=0.0436
  vs Random: 96W/3L/1D | score=26.1±28.0 inv=1.5 played=14.9 lanes=4.1 ddraw=44.9 pts=26
  Self-play: 65W/33L/2D | score=23.9±30.8 inv=2.0 played=14.4 lanes=4.1 ddraw=64.8 pts=24
Step: 1146880 SPS: 1688  ev=-0.008  ent=1.251  grad=1.14/0.50  h=6.8 c=28.3  kl=0.0105  vl=0.0004
Step: 1150976 SPS: 1690  ev=-1.873  ent=1.238  grad=0.60/0.50  h=6.6 c=26.2  kl=0.0096  vl=0.0005
Step: 1155072 SPS: 1691  ev=0.012  ent=1.240  grad=0.32/0.32  h=6.7 c=25.9  kl=0.0103  vl=0.0324
Step: 1159168 SPS: 1693  ev=0.082  ent=1.230  grad=0.36/0.36  h=6.8 c=28.9  kl=0.0110  vl=0.0248
Step: 1163264 SPS: 1694  ev=0.000  ent=1.292  grad=0.91/0.50  h=6.6 c=27.3  kl=0.0121  vl=0.0012
Step: 1167360 SPS: 1695  ev=0.019  ent=1.230  grad=0.34/0.34  h=6.6 c=25.8  kl=0.0113  vl=0.0125
Step: 1171456 SPS: 1696  ev=-0.954  ent=1.218  grad=0.66/0.50  h=6.8 c=28.7  kl=0.0145  vl=0.0008
Step: 1175552 SPS: 1697  ev=-0.856  ent=1.222  grad=0.64/0.50  h=6.7 c=27.8  kl=0.0112  vl=0.0003
Step: 1179648 SPS: 1698  ev=0.057  ent=1.186  grad=0.29/0.29  h=6.5 c=26.1  kl=0.0093  vl=0.0061
Step: 1183744 SPS: 1700  ev=0.373  ent=1.206  grad=0.80/0.50  h=6.8 c=28.2  kl=0.0091  vl=0.0004
Step: 1187840 SPS: 1700  ev=-1.485  ent=1.194  grad=0.48/0.48  h=6.7 c=28.3  kl=0.0116  vl=0.0008
Step: 1191936 SPS: 1701  ev=-5.421  ent=1.195  grad=0.53/0.50  h=6.6 c=26.6  kl=0.0130  vl=0.0003
Step: 1196032 SPS: 1701  ev=-2.438  ent=1.232  grad=0.69/0.50  h=6.7 c=26.9  kl=0.0099  vl=0.0002
Step: 1200128 SPS: 1702  ev=-0.022  ent=1.201  grad=0.12/0.12  h=6.7 c=28.0  kl=0.0092  vl=0.0060
Step: 1204224 SPS: 1703  ev=0.131  ent=1.185  grad=0.40/0.40  h=6.6 c=26.6  kl=0.0125  vl=0.0180
Step: 1208320 SPS: 1704  ev=0.179  ent=1.225  grad=0.80/0.50  h=6.6 c=26.5  kl=0.0082  vl=0.0004
Step: 1212416 SPS: 1705  ev=-0.528  ent=1.195  grad=0.74/0.50  h=6.7 c=28.1  kl=0.0089  vl=0.0004
Step: 1216512 SPS: 1706  ev=0.038  ent=1.210  grad=0.57/0.50  h=6.7 c=27.7  kl=0.0086  vl=0.0014
Step: 1220608 SPS: 1707  ev=-3.136  ent=1.243  grad=0.45/0.45  h=6.7 c=26.9  kl=0.0086  vl=0.0005
Step: 1224704 SPS: 1708  ev=-0.089  ent=1.187  grad=0.46/0.46  h=6.7 c=28.1  kl=0.0128  vl=0.0050
  vs Random: 97W/3L/0D | score=21.6±27.3 inv=1.6 played=15.4 lanes=4.4 ddraw=49.7 pts=22
  Self-play: 55W/44L/1D | score=25.3±39.0 inv=2.0 played=15.3 lanes=4.3 ddraw=55.1 pts=25
Step: 1228800 SPS: 1686  ev=0.093  ent=1.198  grad=0.36/0.36  h=6.6 c=27.8  kl=0.0087  vl=0.0077
Step: 1232896 SPS: 1687  ev=0.254  ent=1.193  grad=0.74/0.50  h=6.6 c=26.5  kl=0.0087  vl=0.0004
Step: 1236992 SPS: 1688  ev=0.114  ent=1.205  grad=0.26/0.26  h=6.7 c=27.6  kl=0.0092  vl=0.0236
Step: 1241088 SPS: 1689  ev=-21.165  ent=1.166  grad=0.70/0.50  h=6.7 c=28.7  kl=0.0084  vl=0.0002
Step: 1245184 SPS: 1690  ev=-0.011  ent=1.168  grad=0.46/0.46  h=6.5 c=26.4  kl=0.0125  vl=0.0004
Step: 1249280 SPS: 1691  ev=0.070  ent=1.180  grad=0.36/0.36  h=6.6 c=27.3  kl=0.0138  vl=0.0006
Step: 1253376 SPS: 1692  ev=-15.610  ent=1.190  grad=0.39/0.39  h=6.7 c=28.1  kl=0.0111  vl=0.0005
Step: 1257472 SPS: 1693  ev=0.034  ent=1.192  grad=0.54/0.50  h=6.6 c=27.1  kl=0.0090  vl=0.0044
Step: 1261568 SPS: 1694  ev=-1.280  ent=1.194  grad=0.44/0.44  h=6.6 c=27.3  kl=0.0102  vl=0.0006
Step: 1265664 SPS: 1695  ev=0.052  ent=1.176  grad=0.64/0.50  h=6.6 c=27.9  kl=0.0073  vl=0.0006
Step: 1269760 SPS: 1696  ev=-0.032  ent=1.186  grad=0.77/0.50  h=6.6 c=27.8  kl=0.0100  vl=0.0007
Step: 1273856 SPS: 1697  ev=0.087  ent=1.190  grad=0.71/0.50  h=6.6 c=26.9  kl=0.0076  vl=0.0003
Step: 1277952 SPS: 1698  ev=0.081  ent=1.188  grad=0.71/0.50  h=6.6 c=28.0  kl=0.0088  vl=0.0012
Step: 1282048 SPS: 1699  ev=0.001  ent=1.191  grad=0.75/0.50  h=6.7 c=29.0  kl=0.0087  vl=0.0003
Step: 1286144 SPS: 1700  ev=-1.005  ent=1.194  grad=0.61/0.50  h=6.5 c=26.6  kl=0.0091  vl=0.0002
Step: 1290240 SPS: 1701  ev=0.125  ent=1.213  grad=0.43/0.43  h=6.7 c=29.0  kl=0.0115  vl=0.0371
Step: 1294336 SPS: 1702  ev=0.106  ent=1.214  grad=0.77/0.50  h=6.6 c=28.9  kl=0.0081  vl=0.0013
Step: 1298432 SPS: 1703  ev=-0.213  ent=1.183  grad=0.43/0.43  h=6.6 c=28.1  kl=0.0084  vl=0.0020
Step: 1302528 SPS: 1704  ev=-1.098  ent=1.178  grad=0.47/0.47  h=6.5 c=28.2  kl=0.0081  vl=0.0015
Step: 1306624 SPS: 1705  ev=-2.127  ent=1.192  grad=0.52/0.50  h=6.6 c=28.8  kl=0.0098  vl=0.0003
  vs Random: 98W/2L/0D | score=20.4±26.1 inv=1.4 played=14.6 lanes=4.2 ddraw=48.0 pts=20
  Self-play: 60W/40L/0D | score=19.1±28.8 inv=1.8 played=14.6 lanes=4.3 ddraw=47.1 pts=19
Step: 1310720 SPS: 1686  ev=0.000  ent=1.138  grad=0.55/0.50  h=6.5 c=28.5  kl=0.0114  vl=0.0454
Step: 1314816 SPS: 1687  ev=0.093  ent=1.201  grad=0.70/0.50  h=6.6 c=27.9  kl=0.0123  vl=0.0800
Step: 1318912 SPS: 1688  ev=0.009  ent=1.177  grad=0.36/0.36  h=6.6 c=28.5  kl=0.0078  vl=0.0334
Step: 1323008 SPS: 1689  ev=0.075  ent=1.189  grad=0.82/0.50  h=6.6 c=29.1  kl=0.0116  vl=0.0004
Step: 1327104 SPS: 1691  ev=0.051  ent=1.208  grad=0.52/0.50  h=6.5 c=27.5  kl=0.0101  vl=0.0009
Step: 1331200 SPS: 1692  ev=0.060  ent=1.177  grad=0.66/0.50  h=6.5 c=27.9  kl=0.0087  vl=0.0005
Step: 1335296 SPS: 1692  ev=-0.025  ent=1.185  grad=0.57/0.50  h=6.6 c=29.3  kl=0.0105  vl=0.0479
Step: 1339392 SPS: 1693  ev=0.111  ent=1.173  grad=0.58/0.50  h=6.5 c=27.5  kl=0.0088  vl=0.0007
Step: 1343488 SPS: 1694  ev=0.042  ent=1.174  grad=0.44/0.44  h=6.5 c=28.3  kl=0.0103  vl=0.0436
Step: 1347584 SPS: 1695  ev=0.058  ent=1.173  grad=0.56/0.50  h=6.6 c=29.4  kl=0.0102  vl=0.0023
Step: 1351680 SPS: 1696  ev=0.020  ent=1.184  grad=0.28/0.28  h=6.5 c=27.5  kl=0.0104  vl=0.0295
Step: 1355776 SPS: 1697  ev=0.090  ent=1.085  grad=0.70/0.50  h=6.6 c=28.3  kl=0.0075  vl=0.0015
Step: 1359872 SPS: 1699  ev=-2.056  ent=1.120  grad=0.62/0.50  h=6.5 c=28.7  kl=0.0077  vl=0.0005
Step: 1363968 SPS: 1700  ev=-0.132  ent=1.150  grad=0.78/0.50  h=6.4 c=27.6  kl=0.0106  vl=0.0009
Step: 1368064 SPS: 1701  ev=0.104  ent=1.182  grad=0.88/0.50  h=6.5 c=27.6  kl=0.0130  vl=0.0004
Step: 1372160 SPS: 1702  ev=0.066  ent=1.149  grad=0.62/0.50  h=6.5 c=27.3  kl=0.0072  vl=0.0016
Step: 1376256 SPS: 1703  ev=-1.230  ent=1.124  grad=0.57/0.50  h=6.6 c=28.6  kl=0.0091  vl=0.0007
Step: 1380352 SPS: 1704  ev=-0.862  ent=1.177  grad=0.52/0.50  h=6.5 c=26.9  kl=0.0103  vl=0.0003
Step: 1384448 SPS: 1705  ev=0.049  ent=1.158  grad=0.80/0.50  h=6.5 c=28.1  kl=0.0068  vl=0.0003
Step: 1388544 SPS: 1706  ev=0.063  ent=1.166  grad=0.56/0.50  h=6.6 c=28.8  kl=0.0085  vl=0.0430
  vs Random: 96W/4L/0D | score=15.2±24.2 inv=1.3 played=14.6 lanes=4.3 ddraw=47.3 pts=15
  Self-play: 50W/49L/2D | score=10.1±29.7 inv=1.7 played=13.8 lanes=4.2 ddraw=43.7 pts=10
Step: 1392640 SPS: 1689  ev=0.097  ent=1.204  grad=0.72/0.50  h=6.5 c=26.9  kl=0.0105  vl=0.0007
Step: 1396736 SPS: 1690  ev=-2.037  ent=1.193  grad=0.60/0.50  h=6.6 c=28.4  kl=0.0091  vl=0.0006
Step: 1400832 SPS: 1691  ev=0.097  ent=1.162  grad=0.35/0.35  h=6.6 c=27.9  kl=0.0082  vl=0.0361
Step: 1404928 SPS: 1692  ev=0.239  ent=1.193  grad=0.63/0.50  h=6.5 c=27.0  kl=0.0106  vl=0.0017
Step: 1409024 SPS: 1693  ev=-0.490  ent=1.201  grad=0.68/0.50  h=6.5 c=27.4  kl=0.0103  vl=0.0004
Step: 1413120 SPS: 1694  ev=-1.513  ent=1.146  grad=0.86/0.50  h=6.5 c=28.0  kl=0.0074  vl=0.0002
Step: 1417216 SPS: 1694  ev=-4.273  ent=1.124  grad=0.85/0.50  h=6.4 c=26.7  kl=0.0092  vl=0.0001
Step: 1421312 SPS: 1695  ev=-0.030  ent=1.154  grad=0.52/0.50  h=6.4 c=26.0  kl=0.0116  vl=0.0009
Step: 1425408 SPS: 1696  ev=-1.998  ent=1.150  grad=0.76/0.50  h=6.5 c=28.1  kl=0.0086  vl=0.0003
Step: 1429504 SPS: 1697  ev=-0.000  ent=1.180  grad=0.91/0.50  h=6.4 c=27.3  kl=0.0104  vl=0.0006
Step: 1433600 SPS: 1698  ev=0.079  ent=1.158  grad=0.87/0.50  h=6.4 c=25.8  kl=0.0071  vl=0.0006
Step: 1437696 SPS: 1699  ev=0.156  ent=1.182  grad=0.70/0.50  h=6.5 c=27.7  kl=0.0104  vl=0.0368
Step: 1441792 SPS: 1700  ev=0.245  ent=1.159  grad=0.51/0.50  h=6.5 c=28.0  kl=0.0080  vl=0.0074
Step: 1445888 SPS: 1701  ev=-0.085  ent=1.153  grad=0.48/0.48  h=6.4 c=25.7  kl=0.0091  vl=0.0455
Step: 1449984 SPS: 1702  ev=0.066  ent=1.188  grad=0.59/0.50  h=6.5 c=26.2  kl=0.0071  vl=0.0007
Step: 1454080 SPS: 1703  ev=-2.134  ent=1.135  grad=0.49/0.49  h=6.4 c=26.0  kl=0.0097  vl=0.0008
Step: 1458176 SPS: 1704  ev=0.237  ent=1.158  grad=0.51/0.50  h=6.4 c=25.6  kl=0.0068  vl=0.0013
Step: 1462272 SPS: 1705  ev=0.012  ent=1.164  grad=0.26/0.26  h=6.4 c=25.6  kl=0.0091  vl=0.0180
Step: 1466368 SPS: 1705  ev=0.059  ent=1.172  grad=0.51/0.50  h=6.5 c=26.8  kl=0.0089  vl=0.0476
Step: 1470464 SPS: 1706  ev=0.193  ent=1.145  grad=0.79/0.50  h=6.4 c=26.2  kl=0.0096  vl=0.0004
  vs Random: 97W/3L/0D | score=17.1±21.6 inv=1.3 played=14.3 lanes=4.2 ddraw=47.9 pts=17
  Self-play: 53W/46L/1D | score=17.7±30.0 inv=1.6 played=14.0 lanes=4.1 ddraw=45.7 pts=18
Step: 1474560 SPS: 1689  ev=-7.730  ent=1.139  grad=0.48/0.48  h=6.4 c=25.3  kl=0.0105  vl=0.0009
Step: 1478656 SPS: 1690  ev=0.150  ent=1.156  grad=0.52/0.50  h=6.5 c=27.1  kl=0.0098  vl=0.0006
Step: 1482752 SPS: 1690  ev=-5.070  ent=1.155  grad=0.75/0.50  h=6.5 c=27.1  kl=0.0082  vl=0.0002
Step: 1486848 SPS: 1691  ev=-0.869  ent=1.152  grad=0.68/0.50  h=6.5 c=26.7  kl=0.0109  vl=0.0003
Step: 1490944 SPS: 1692  ev=0.216  ent=1.152  grad=0.23/0.23  h=6.5 c=27.3  kl=0.0128  vl=0.0044
Step: 1495040 SPS: 1693  ev=0.596  ent=1.139  grad=0.46/0.46  h=6.4 c=26.1  kl=0.0071  vl=0.0007
Step: 1499136 SPS: 1694  ev=-1.602  ent=1.149  grad=0.46/0.46  h=6.5 c=26.1  kl=0.0115  vl=0.0010
Step: 1503232 SPS: 1695  ev=0.175  ent=1.161  grad=0.57/0.50  h=6.5 c=26.3  kl=0.0108  vl=0.0006
Step: 1507328 SPS: 1696  ev=-1.068  ent=1.129  grad=0.81/0.50  h=6.5 c=26.0  kl=0.0094  vl=0.0002
Step: 1511424 SPS: 1697  ev=0.080  ent=1.179  grad=0.70/0.50  h=6.5 c=26.1  kl=0.0078  vl=0.0004
Step: 1515520 SPS: 1698  ev=-0.460  ent=1.112  grad=0.44/0.44  h=6.4 c=25.0  kl=0.0086  vl=0.0014
Step: 1519616 SPS: 1699  ev=0.016  ent=1.157  grad=0.51/0.50  h=6.5 c=27.0  kl=0.0104  vl=0.0004
Step: 1523712 SPS: 1700  ev=-7.805  ent=1.148  grad=0.77/0.50  h=6.5 c=26.2  kl=0.0107  vl=0.0002
Step: 1527808 SPS: 1701  ev=0.015  ent=1.142  grad=0.60/0.50  h=6.5 c=26.4  kl=0.0083  vl=0.0001
Step: 1531904 SPS: 1702  ev=0.031  ent=1.158  grad=0.17/0.17  h=6.5 c=26.9  kl=0.0065  vl=0.0197
Step: 1536000 SPS: 1702  ev=-0.241  ent=1.146  grad=0.73/0.50  h=6.5 c=26.9  kl=0.0089  vl=0.0003
Step: 1540096 SPS: 1703  ev=0.084  ent=1.141  grad=0.12/0.12  h=6.5 c=26.5  kl=0.0105  vl=0.0103
Step: 1544192 SPS: 1704  ev=-2.622  ent=1.160  grad=0.59/0.50  h=6.6 c=27.2  kl=0.0104  vl=0.0002
Step: 1548288 SPS: 1705  ev=0.089  ent=1.108  grad=0.37/0.37  h=6.6 c=27.4  kl=0.0102  vl=0.0016
Step: 1552384 SPS: 1706  ev=0.064  ent=1.116  grad=0.49/0.49  h=6.5 c=27.7  kl=0.0087  vl=0.0011
  vs Random: 97W/3L/0D | score=21.6±22.2 inv=1.5 played=15.1 lanes=4.1 ddraw=42.2 pts=22
  Self-play: 58W/42L/0D | score=18.7±32.8 inv=1.9 played=14.6 lanes=4.1 ddraw=38.0 pts=19
Step: 1556480 SPS: 1691  ev=-2.667  ent=1.124  grad=0.61/0.50  h=6.5 c=26.9  kl=0.0082  vl=0.0002
Step: 1560576 SPS: 1692  ev=-0.253  ent=1.181  grad=0.58/0.50  h=6.5 c=27.5  kl=0.0091  vl=0.0004
Step: 1564672 SPS: 1692  ev=0.186  ent=1.134  grad=0.31/0.31  h=6.6 c=28.3  kl=0.0103  vl=0.0100
Step: 1568768 SPS: 1693  ev=0.040  ent=1.134  grad=0.66/0.50  h=6.5 c=26.9  kl=0.0092  vl=0.0007
Step: 1572864 SPS: 1694  ev=-3.994  ent=1.153  grad=0.36/0.36  h=6.5 c=28.0  kl=0.0089  vl=0.0017
Step: 1576960 SPS: 1695  ev=-7.545  ent=1.165  grad=0.70/0.50  h=6.6 c=29.0  kl=0.0081  vl=0.0003
Step: 1581056 SPS: 1696  ev=-0.271  ent=1.109  grad=0.67/0.50  h=6.5 c=27.8  kl=0.0083  vl=0.0001
Step: 1585152 SPS: 1697  ev=0.042  ent=1.116  grad=0.50/0.50  h=6.6 c=27.8  kl=0.0089  vl=0.0462
Step: 1589248 SPS: 1697  ev=-0.927  ent=1.098  grad=0.52/0.50  h=6.5 c=27.6  kl=0.0087  vl=0.0004
Step: 1593344 SPS: 1698  ev=-5.814  ent=1.134  grad=0.43/0.43  h=6.5 c=27.2  kl=0.0079  vl=0.0007
Step: 1597440 SPS: 1698  ev=-1.142  ent=1.101  grad=0.59/0.50  h=6.5 c=27.3  kl=0.0099  vl=0.0002
Step: 1601536 SPS: 1699  ev=-0.883  ent=1.188  grad=0.50/0.50  h=6.4 c=26.5  kl=0.0101  vl=0.0004
Step: 1605632 SPS: 1699  ev=0.026  ent=1.111  grad=0.64/0.50  h=6.5 c=27.5  kl=0.0111  vl=0.0004
Step: 1609728 SPS: 1700  ev=-1.960  ent=1.097  grad=0.51/0.50  h=6.4 c=27.0  kl=0.0104  vl=0.0003
Step: 1613824 SPS: 1701  ev=-0.010  ent=1.126  grad=0.91/0.50  h=6.5 c=27.5  kl=0.0113  vl=0.0001
Step: 1617920 SPS: 1701  ev=0.034  ent=1.144  grad=0.76/0.50  h=6.5 c=28.9  kl=0.0079  vl=0.0005
Step: 1622016 SPS: 1702  ev=-0.675  ent=1.094  grad=0.65/0.50  h=6.5 c=27.2  kl=0.0082  vl=0.0002
Step: 1626112 SPS: 1703  ev=-1.247  ent=1.109  grad=0.61/0.50  h=6.5 c=28.3  kl=0.0109  vl=0.0002
Step: 1630208 SPS: 1704  ev=0.162  ent=1.132  grad=0.17/0.17  h=6.6 c=29.1  kl=0.0071  vl=0.0141
Step: 1634304 SPS: 1705  ev=0.210  ent=1.095  grad=0.64/0.50  h=6.5 c=27.3  kl=0.0103  vl=0.0005
  vs Random: 98W/2L/0D | score=23.6±20.5 inv=1.5 played=15.5 lanes=4.2 ddraw=42.0 pts=24
  Self-play: 42W/57L/1D | score=11.9±29.4 inv=1.5 played=13.6 lanes=4.1 ddraw=41.7 pts=12
Step: 1638400 SPS: 1688  ev=-0.264  ent=1.107  grad=0.61/0.50  h=6.5 c=28.2  kl=0.0074  vl=0.0005
Step: 1642496 SPS: 1687  ev=-0.798  ent=1.099  grad=0.32/0.32  h=6.5 c=27.9  kl=0.0105  vl=0.0010
Step: 1646592 SPS: 1685  ev=0.197  ent=1.162  grad=0.12/0.12  h=6.5 c=28.7  kl=0.0079  vl=0.0064
Step: 1650688 SPS: 1684  ev=-1.060  ent=1.121  grad=0.48/0.48  h=6.5 c=28.2  kl=0.0070  vl=0.0005
Step: 1654784 SPS: 1685  ev=-2.020  ent=1.124  grad=0.38/0.38  h=6.5 c=27.9  kl=0.0069  vl=0.0005
Step: 1658880 SPS: 1686  ev=-0.115  ent=1.138  grad=0.80/0.50  h=6.5 c=28.8  kl=0.0101  vl=0.0004
Step: 1662976 SPS: 1687  ev=0.186  ent=1.175  grad=0.34/0.34  h=6.5 c=28.8  kl=0.0129  vl=0.0080
Step: 1667072 SPS: 1688  ev=-3.456  ent=1.140  grad=0.43/0.43  h=6.5 c=28.6  kl=0.0087  vl=0.0008
Step: 1671168 SPS: 1689  ev=0.254  ent=1.098  grad=0.51/0.50  h=6.5 c=28.8  kl=0.0071  vl=0.0005
Step: 1675264 SPS: 1690  ev=0.265  ent=1.137  grad=0.70/0.50  h=6.4 c=27.3  kl=0.0095  vl=0.0002
Step: 1679360 SPS: 1691  ev=-1.769  ent=1.115  grad=0.57/0.50  h=6.5 c=28.6  kl=0.0082  vl=0.0003
Step: 1683456 SPS: 1692  ev=0.025  ent=1.161  grad=0.82/0.50  h=6.5 c=28.5  kl=0.0108  vl=0.0002
Step: 1687552 SPS: 1692  ev=-0.063  ent=1.132  grad=0.55/0.50  h=6.4 c=28.4  kl=0.0113  vl=0.0442
Step: 1691648 SPS: 1693  ev=-2.571  ent=1.152  grad=0.56/0.50  h=6.5 c=29.0  kl=0.0080  vl=0.0001
Step: 1695744 SPS: 1694  ev=-6.351  ent=1.155  grad=0.43/0.43  h=6.5 c=29.2  kl=0.0080  vl=0.0002
Step: 1699840 SPS: 1695  ev=-11.748  ent=1.176  grad=0.71/0.50  h=6.5 c=28.9  kl=0.0081  vl=0.0001
Step: 1703936 SPS: 1696  ev=0.321  ent=1.134  grad=0.80/0.50  h=6.5 c=29.5  kl=0.0107  vl=0.0001
Step: 1708032 SPS: 1696  ev=0.279  ent=1.136  grad=0.74/0.50  h=6.5 c=28.8  kl=0.0080  vl=0.0001
Step: 1712128 SPS: 1697  ev=-0.013  ent=1.142  grad=0.37/0.37  h=6.5 c=28.9  kl=0.0088  vl=0.0003
Step: 1716224 SPS: 1698  ev=0.062  ent=1.147  grad=0.94/0.50  h=6.4 c=28.9  kl=0.0092  vl=0.0460
  vs Random: 99W/1L/0D | score=22.0±21.7 inv=1.0 played=14.2 lanes=4.0 ddraw=43.8 pts=22
  Self-play: 53W/49L/0D | score=9.9±30.8 inv=1.3 played=12.8 lanes=3.9 ddraw=50.1 pts=10
Step: 1720320 SPS: 1684  ev=-4.725  ent=1.122  grad=0.63/0.50  h=6.4 c=28.5  kl=0.0087  vl=0.0003
Step: 1724416 SPS: 1684  ev=-4.979  ent=1.105  grad=0.73/0.50  h=6.5 c=29.8  kl=0.0066  vl=0.0001
Step: 1728512 SPS: 1685  ev=-3.028  ent=1.146  grad=0.38/0.38  h=6.4 c=28.9  kl=0.0081  vl=0.0002
Step: 1732608 SPS: 1686  ev=0.081  ent=1.129  grad=0.69/0.50  h=6.5 c=29.1  kl=0.0121  vl=0.0717
Step: 1736704 SPS: 1687  ev=-3.176  ent=1.110  grad=0.74/0.50  h=6.5 c=29.0  kl=0.0060  vl=0.0001
Step: 1740800 SPS: 1688  ev=0.186  ent=1.125  grad=0.19/0.19  h=6.5 c=29.1  kl=0.0097  vl=0.0129
Step: 1744896 SPS: 1688  ev=-1.047  ent=1.164  grad=0.47/0.47  h=6.6 c=30.3  kl=0.0088  vl=0.0007
Step: 1748992 SPS: 1689  ev=-2.203  ent=1.159  grad=0.33/0.33  h=6.5 c=28.3  kl=0.0088  vl=0.0023
Step: 1753088 SPS: 1689  ev=-0.920  ent=1.169  grad=0.39/0.39  h=6.5 c=28.5  kl=0.0082  vl=0.0003
Step: 1757184 SPS: 1690  ev=0.079  ent=1.183  grad=0.46/0.46  h=6.4 c=28.2  kl=0.0102  vl=0.0446
Step: 1761280 SPS: 1691  ev=-4.749  ent=1.140  grad=0.35/0.35  h=6.5 c=28.4  kl=0.0073  vl=0.0005
Step: 1765376 SPS: 1692  ev=-0.640  ent=1.170  grad=0.54/0.50  h=6.5 c=28.5  kl=0.0108  vl=0.0002
Step: 1769472 SPS: 1692  ev=-3.837  ent=1.145  grad=0.42/0.42  h=6.5 c=28.3  kl=0.0109  vl=0.0002
Step: 1773568 SPS: 1693  ev=-0.457  ent=1.113  grad=0.77/0.50  h=6.6 c=29.6  kl=0.0078  vl=0.0001
Step: 1777664 SPS: 1694  ev=-0.166  ent=1.125  grad=0.63/0.50  h=6.5 c=28.5  kl=0.0098  vl=0.0001
Step: 1781760 SPS: 1694  ev=-2.198  ent=1.157  grad=0.72/0.50  h=6.5 c=28.5  kl=0.0077  vl=0.0001
Step: 1785856 SPS: 1695  ev=0.020  ent=1.158  grad=0.82/0.50  h=6.5 c=28.6  kl=0.0082  vl=0.0001
Step: 1789952 SPS: 1695  ev=0.109  ent=1.126  grad=0.66/0.50  h=6.5 c=28.4  kl=0.0092  vl=0.0002
Step: 1794048 SPS: 1696  ev=0.184  ent=1.132  grad=0.81/0.50  h=6.5 c=28.6  kl=0.0062  vl=0.0001
Step: 1798144 SPS: 1696  ev=-2.837  ent=1.149  grad=0.65/0.50  h=6.6 c=28.8  kl=0.0082  vl=0.0001
  vs Random: 98W/3L/0D | score=16.8±22.9 inv=1.1 played=14.3 lanes=4.1 ddraw=46.0 pts=17
  Self-play: 51W/48L/1D | score=12.7±29.0 inv=1.4 played=12.6 lanes=3.7 ddraw=52.3 pts=13
Step: 1802240 SPS: 1682  ev=-4.508  ent=1.156  grad=0.60/0.50  h=6.5 c=29.1  kl=0.0080  vl=0.0001
Step: 1806336 SPS: 1683  ev=-3.217  ent=1.130  grad=0.67/0.50  h=6.6 c=29.2  kl=0.0114  vl=0.0001
Step: 1810432 SPS: 1684  ev=0.068  ent=1.084  grad=0.74/0.50  h=6.5 c=27.9  kl=0.0065  vl=0.0011
Step: 1814528 SPS: 1685  ev=0.071  ent=1.146  grad=0.60/0.50  h=6.6 c=29.4  kl=0.0090  vl=0.0022
Step: 1818624 SPS: 1685  ev=0.391  ent=1.077  grad=0.56/0.50  h=6.5 c=28.5  kl=0.0079  vl=0.0012
Step: 1822720 SPS: 1686  ev=0.108  ent=1.141  grad=0.32/0.32  h=6.4 c=26.9  kl=0.0081  vl=0.0378
Step: 1826816 SPS: 1687  ev=-6.456  ent=1.099  grad=0.44/0.44  h=6.6 c=29.4  kl=0.0081  vl=0.0010
Step: 1830912 SPS: 1687  ev=0.083  ent=1.093  grad=0.50/0.50  h=6.5 c=28.5  kl=0.0082  vl=0.0022
Step: 1835008 SPS: 1688  ev=-1.228  ent=1.129  grad=0.60/0.50  h=6.5 c=28.8  kl=0.0109  vl=0.0008
Step: 1839104 SPS: 1689  ev=0.339  ent=1.128  grad=0.67/0.50  h=6.5 c=29.4  kl=0.0089  vl=0.0003
Step: 1843200 SPS: 1690  ev=-7.611  ent=1.113  grad=0.49/0.49  h=6.5 c=29.9  kl=0.0069  vl=0.0004
Step: 1847296 SPS: 1690  ev=0.079  ent=1.126  grad=0.63/0.50  h=6.4 c=28.9  kl=0.0076  vl=0.0001
Step: 1851392 SPS: 1690  ev=-6.272  ent=1.115  grad=0.68/0.50  h=6.4 c=28.5  kl=0.0071  vl=0.0001
Step: 1855488 SPS: 1691  ev=0.189  ent=1.059  grad=0.64/0.50  h=6.6 c=30.8  kl=0.0109  vl=0.0366
Step: 1859584 SPS: 1691  ev=0.010  ent=1.073  grad=0.41/0.41  h=6.5 c=29.4  kl=0.0102  vl=0.0011
Step: 1863680 SPS: 1692  ev=-0.613  ent=1.120  grad=0.49/0.49  h=6.5 c=28.8  kl=0.0088  vl=0.0003
Step: 1867776 SPS: 1693  ev=-0.057  ent=1.068  grad=0.94/0.50  h=6.5 c=30.6  kl=0.0076  vl=0.0002
Step: 1871872 SPS: 1693  ev=-0.285  ent=1.089  grad=0.74/0.50  h=6.5 c=29.7  kl=0.0075  vl=0.0002
Step: 1875968 SPS: 1694  ev=-14.043  ent=1.096  grad=0.29/0.29  h=6.4 c=29.2  kl=0.0078  vl=0.0007
Step: 1880064 SPS: 1695  ev=0.016  ent=1.115  grad=0.68/0.50  h=6.5 c=29.6  kl=0.0085  vl=0.0002
  vs Random: 98W/2L/0D | score=14.7±19.4 inv=0.5 played=14.0 lanes=4.0 ddraw=49.0 pts=15
  Self-play: 60W/41L/0D | score=10.7±29.4 inv=1.2 played=12.9 lanes=3.9 ddraw=69.6 pts=11
Step: 1884160 SPS: 1678  ev=0.186  ent=1.093  grad=0.84/0.50  h=6.5 c=30.3  kl=0.0076  vl=0.0002
Step: 1888256 SPS: 1679  ev=0.074  ent=1.105  grad=0.59/0.50  h=6.4 c=28.8  kl=0.0116  vl=0.0262
Step: 1892352 SPS: 1679  ev=-15.768  ent=1.092  grad=0.30/0.30  h=6.5 c=29.9  kl=0.0081  vl=0.0010
Step: 1896448 SPS: 1680  ev=-2.372  ent=1.093  grad=0.66/0.50  h=6.5 c=31.1  kl=0.0077  vl=0.0001
Step: 1900544 SPS: 1681  ev=0.141  ent=1.070  grad=0.40/0.40  h=6.5 c=29.6  kl=0.0107  vl=0.0177
Step: 1904640 SPS: 1681  ev=-0.774  ent=1.072  grad=0.34/0.34  h=6.5 c=29.3  kl=0.0089  vl=0.0003
Step: 1908736 SPS: 1682  ev=0.099  ent=1.103  grad=0.50/0.50  h=6.5 c=30.3  kl=0.0105  vl=0.0006
Step: 1912832 SPS: 1683  ev=-0.251  ent=1.078  grad=0.71/0.50  h=6.4 c=29.2  kl=0.0080  vl=0.0001
Step: 1916928 SPS: 1683  ev=0.304  ent=1.102  grad=0.50/0.50  h=6.5 c=29.6  kl=0.0092  vl=0.0013
Step: 1921024 SPS: 1684  ev=0.176  ent=1.116  grad=0.22/0.22  h=6.5 c=30.1  kl=0.0075  vl=0.0043
Step: 1925120 SPS: 1684  ev=-1.225  ent=1.046  grad=0.69/0.50  h=6.5 c=29.7  kl=0.0086  vl=0.0002
Step: 1929216 SPS: 1685  ev=-0.027  ent=1.145  grad=0.56/0.50  h=6.5 c=30.1  kl=0.0109  vl=0.0484
Step: 1933312 SPS: 1685  ev=-8.876  ent=1.046  grad=0.42/0.42  h=6.5 c=29.7  kl=0.0077  vl=0.0003
Step: 1937408 SPS: 1686  ev=-0.789  ent=1.080  grad=0.56/0.50  h=6.5 c=29.7  kl=0.0101  vl=0.0001
Step: 1941504 SPS: 1686  ev=0.085  ent=1.093  grad=0.78/0.50  h=6.5 c=28.9  kl=0.0083  vl=0.0002
Step: 1945600 SPS: 1687  ev=0.254  ent=1.120  grad=0.65/0.50  h=6.5 c=29.4  kl=0.0103  vl=0.0038
Step: 1949696 SPS: 1688  ev=-0.030  ent=1.047  grad=0.43/0.43  h=6.5 c=29.7  kl=0.0053  vl=0.0005
Step: 1953792 SPS: 1689  ev=-0.491  ent=1.053  grad=0.41/0.41  h=6.4 c=28.6  kl=0.0094  vl=0.0007
Step: 1957888 SPS: 1689  ev=-4.293  ent=1.038  grad=0.44/0.44  h=6.5 c=28.7  kl=0.0079  vl=0.0002
Step: 1961984 SPS: 1690  ev=-0.002  ent=1.038  grad=0.47/0.47  h=6.5 c=28.9  kl=0.0084  vl=0.0003
  vs Random: 98W/2L/0D | score=15.6±21.2 inv=0.9 played=14.1 lanes=4.0 ddraw=47.0 pts=16
  Self-play: 48W/50L/2D | score=7.1±32.8 inv=1.3 played=12.4 lanes=3.7 ddraw=48.0 pts=7
Step: 1966080 SPS: 1677  ev=-1.503  ent=1.084  grad=0.40/0.40  h=6.5 c=28.7  kl=0.0056  vl=0.0004
Step: 1970176 SPS: 1677  ev=-0.033  ent=1.078  grad=0.45/0.45  h=6.5 c=29.0  kl=0.0096  vl=0.0371
Step: 1974272 SPS: 1678  ev=0.024  ent=1.035  grad=0.93/0.50  h=6.5 c=29.0  kl=0.0060  vl=0.0001
Step: 1978368 SPS: 1679  ev=0.203  ent=1.073  grad=1.01/0.50  h=6.5 c=29.0  kl=0.0082  vl=0.0005
Step: 1982464 SPS: 1679  ev=0.015  ent=1.018  grad=0.42/0.42  h=6.4 c=28.0  kl=0.0085  vl=0.0415
Step: 1986560 SPS: 1680  ev=0.141  ent=1.083  grad=0.44/0.44  h=6.5 c=27.9  kl=0.0108  vl=0.0196
Step: 1990656 SPS: 1681  ev=0.439  ent=1.047  grad=0.94/0.50  h=6.5 c=29.1  kl=0.0077  vl=0.0003
Step: 1994752 SPS: 1682  ev=-4.816  ent=1.030  grad=0.49/0.49  h=6.5 c=28.4  kl=0.0093  vl=0.0003
Step: 1998848 SPS: 1682  ev=-1.748  ent=1.007  grad=0.58/0.50  h=6.5 c=28.9  kl=0.0081  vl=0.0001
Step: 2002944 SPS: 1683  ev=-3.462  ent=1.030  grad=0.52/0.50  h=6.5 c=28.9  kl=0.0078  vl=0.0001
Step: 2007040 SPS: 1684  ev=-7.254  ent=1.046  grad=0.31/0.31  h=6.5 c=29.0  kl=0.0117  vl=0.0005
Step: 2011136 SPS: 1684  ev=0.163  ent=1.071  grad=0.56/0.50  h=6.5 c=29.0  kl=0.0084  vl=0.0005
Step: 2015232 SPS: 1685  ev=0.148  ent=1.049  grad=0.54/0.50  h=6.6 c=28.7  kl=0.0083  vl=0.0006
Step: 2019328 SPS: 1685  ev=-3.729  ent=1.043  grad=0.50/0.50  h=6.5 c=28.9  kl=0.0117  vl=0.0003
Step: 2023424 SPS: 1686  ev=-1.032  ent=1.025  grad=0.76/0.50  h=6.6 c=28.4  kl=0.0090  vl=0.0001
Step: 2027520 SPS: 1686  ev=-1.059  ent=1.015  grad=0.71/0.50  h=6.6 c=28.7  kl=0.0082  vl=0.0001
Step: 2031616 SPS: 1687  ev=0.029  ent=1.053  grad=0.84/0.50  h=6.6 c=29.2  kl=0.0117  vl=0.0003
Step: 2035712 SPS: 1688  ev=-2.619  ent=1.040  grad=0.73/0.50  h=6.5 c=27.0  kl=0.0083  vl=0.0001
Step: 2039808 SPS: 1688  ev=-46.128  ent=1.023  grad=0.70/0.50  h=6.6 c=28.1  kl=0.0107  vl=0.0001
Step: 2043904 SPS: 1689  ev=0.056  ent=1.008  grad=0.65/0.50  h=6.6 c=28.5  kl=0.0061  vl=0.0001
  vs Random: 96W/4L/0D | score=12.8±19.6 inv=1.0 played=13.8 lanes=4.0 ddraw=50.5 pts=13
  Self-play: 50W/49L/2D | score=4.0±26.0 inv=1.3 played=12.8 lanes=3.9 ddraw=47.0 pts=4
Step: 2048000 SPS: 1676  ev=-4.913  ent=1.016  grad=0.37/0.37  h=6.5 c=26.8  kl=0.0101  vl=0.0004
Step: 2052096 SPS: 1677  ev=-1.532  ent=1.056  grad=0.47/0.47  h=6.6 c=27.8  kl=0.0094  vl=0.0002
Step: 2056192 SPS: 1677  ev=0.057  ent=1.038  grad=0.81/0.50  h=6.6 c=28.5  kl=0.0079  vl=0.0002
Step: 2060288 SPS: 1678  ev=0.134  ent=1.032  grad=0.78/0.50  h=6.5 c=27.5  kl=0.0077  vl=0.0004
Step: 2064384 SPS: 1679  ev=-0.649  ent=1.056  grad=0.66/0.50  h=6.5 c=27.2  kl=0.0083  vl=0.0002
Step: 2068480 SPS: 1679  ev=-2.865  ent=1.009  grad=0.51/0.50  h=6.5 c=28.2  kl=0.0100  vl=0.0005
Step: 2072576 SPS: 1680  ev=-4.149  ent=1.039  grad=0.46/0.46  h=6.5 c=28.5  kl=0.0114  vl=0.0004
Step: 2076672 SPS: 1680  ev=-2.402  ent=1.014  grad=0.75/0.50  h=6.5 c=27.8  kl=0.0093  vl=0.0001
Step: 2080768 SPS: 1681  ev=0.017  ent=1.069  grad=0.51/0.50  h=6.5 c=28.7  kl=0.0122  vl=0.0467
Step: 2084864 SPS: 1681  ev=0.024  ent=1.009  grad=0.64/0.50  h=6.5 c=28.9  kl=0.0113  vl=0.0003
Step: 2088960 SPS: 1682  ev=-0.585  ent=1.018  grad=0.64/0.50  h=6.4 c=27.4  kl=0.0090  vl=0.0002
Step: 2093056 SPS: 1682  ev=-1.501  ent=1.045  grad=0.66/0.50  h=6.5 c=28.4  kl=0.0098  vl=0.0001
Step: 2097152 SPS: 1683  ev=0.053  ent=1.014  grad=0.52/0.50  h=6.5 c=29.3  kl=0.0105  vl=0.0002
Step: 2101248 SPS: 1684  ev=0.132  ent=1.067  grad=0.70/0.50  h=6.5 c=28.5  kl=0.0060  vl=0.0003
Step: 2105344 SPS: 1684  ev=0.119  ent=1.004  grad=0.67/0.50  h=6.5 c=28.6  kl=0.0075  vl=0.0007
Step: 2109440 SPS: 1685  ev=-2.318  ent=1.045  grad=0.69/0.50  h=6.6 c=29.5  kl=0.0078  vl=0.0002
Step: 2113536 SPS: 1685  ev=0.159  ent=1.065  grad=0.63/0.50  h=6.6 c=29.9  kl=0.0075  vl=0.0004
Step: 2117632 SPS: 1686  ev=0.207  ent=1.038  grad=0.86/0.50  h=6.5 c=27.9  kl=0.0082  vl=0.0013
Step: 2121728 SPS: 1687  ev=-2.122  ent=1.014  grad=0.61/0.50  h=6.5 c=28.6  kl=0.0095  vl=0.0005
Step: 2125824 SPS: 1687  ev=-4.007  ent=1.028  grad=0.54/0.50  h=6.6 c=29.4  kl=0.0093  vl=0.0002
  vs Random: 101W/0L/0D | score=16.7±18.0 inv=1.0 played=14.3 lanes=4.0 ddraw=48.2 pts=17
  Self-play: 56W/44L/0D | score=9.6±25.1 inv=1.2 played=13.4 lanes=3.9 ddraw=42.8 pts=10
Step: 2129920 SPS: 1676  ev=-0.413  ent=1.006  grad=0.65/0.50  h=6.4 c=27.6  kl=0.0079  vl=0.0001
Step: 2134016 SPS: 1676  ev=-6.211  ent=1.002  grad=0.61/0.50  h=6.5 c=28.5  kl=0.0085  vl=0.0001
Step: 2138112 SPS: 1677  ev=-0.779  ent=1.024  grad=0.48/0.48  h=6.5 c=28.6  kl=0.0090  vl=0.0003
Step: 2142208 SPS: 1677  ev=-11.828  ent=0.993  grad=0.71/0.50  h=6.4 c=27.2  kl=0.0101  vl=0.0001
Step: 2146304 SPS: 1678  ev=-10.152  ent=1.007  grad=0.71/0.50  h=6.5 c=28.3  kl=0.0067  vl=0.0001
Step: 2150400 SPS: 1678  ev=0.063  ent=1.007  grad=0.55/0.50  h=6.6 c=29.7  kl=0.0124  vl=0.0408
Step: 2154496 SPS: 1679  ev=0.066  ent=1.009  grad=0.49/0.49  h=6.5 c=28.7  kl=0.0096  vl=0.0006
Step: 2158592 SPS: 1679  ev=-3.810  ent=1.050  grad=0.66/0.50  h=6.5 c=28.4  kl=0.0093  vl=0.0001
Step: 2162688 SPS: 1680  ev=0.182  ent=1.003  grad=0.44/0.44  h=6.6 c=29.9  kl=0.0123  vl=0.0372
Step: 2166784 SPS: 1680  ev=0.023  ent=1.039  grad=0.31/0.31  h=6.5 c=29.8  kl=0.0096  vl=0.0013
Step: 2170880 SPS: 1681  ev=0.189  ent=1.029  grad=0.56/0.50  h=6.5 c=28.4  kl=0.0059  vl=0.0005
Step: 2174976 SPS: 1682  ev=0.038  ent=1.031  grad=0.69/0.50  h=6.5 c=29.5  kl=0.0067  vl=0.0001
Step: 2179072 SPS: 1682  ev=-0.057  ent=1.038  grad=0.81/0.50  h=6.6 c=29.6  kl=0.0118  vl=0.0003
Step: 2183168 SPS: 1683  ev=-9.358  ent=1.002  grad=0.58/0.50  h=6.4 c=28.4  kl=0.0092  vl=0.0003
Step: 2187264 SPS: 1684  ev=-1.483  ent=1.030  grad=0.77/0.50  h=6.6 c=29.7  kl=0.0096  vl=0.0001
Step: 2191360 SPS: 1684  ev=-11.920  ent=0.988  grad=0.55/0.50  h=6.7 c=30.4  kl=0.0118  vl=0.0001
Step: 2195456 SPS: 1685  ev=-1.992  ent=1.035  grad=0.61/0.50  h=6.6 c=30.7  kl=0.0105  vl=0.0001
Step: 2199552 SPS: 1685  ev=-2.212  ent=1.004  grad=0.72/0.50  h=6.6 c=30.4  kl=0.0081  vl=0.0001
Step: 2203648 SPS: 1686  ev=0.005  ent=1.018  grad=0.34/0.34  h=6.6 c=31.5  kl=0.0084  vl=0.0363
Step: 2207744 SPS: 1687  ev=0.015  ent=1.021  grad=0.90/0.50  h=6.6 c=31.3  kl=0.0103  vl=0.0007
  vs Random: 97W/3L/0D | score=15.4±19.5 inv=1.0 played=14.7 lanes=4.1 ddraw=45.8 pts=15
  Self-play: 47W/53L/0D | score=6.4±30.0 inv=1.4 played=12.7 lanes=3.9 ddraw=33.8 pts=6
Step: 2211840 SPS: 1677  ev=-0.353  ent=1.037  grad=0.64/0.50  h=6.6 c=29.7  kl=0.0111  vl=0.0003
Step: 2215936 SPS: 1678  ev=0.150  ent=1.022  grad=0.39/0.39  h=6.7 c=31.1  kl=0.0101  vl=0.0280
Step: 2220032 SPS: 1678  ev=-0.453  ent=1.038  grad=0.52/0.50  h=6.6 c=30.8  kl=0.0101  vl=0.0004
Step: 2224128 SPS: 1678  ev=0.154  ent=1.031  grad=0.50/0.50  h=6.5 c=29.0  kl=0.0083  vl=0.0008
Step: 2228224 SPS: 1679  ev=-1.625  ent=1.001  grad=0.51/0.50  h=6.6 c=30.3  kl=0.0091  vl=0.0008
Step: 2232320 SPS: 1679  ev=-0.764  ent=1.021  grad=0.52/0.50  h=6.7 c=31.6  kl=0.0092  vl=0.0008
Step: 2236416 SPS: 1680  ev=-1.181  ent=1.020  grad=0.47/0.47  h=6.6 c=30.9  kl=0.0091  vl=0.0004
Step: 2240512 SPS: 1681  ev=0.168  ent=1.034  grad=0.48/0.48  h=6.6 c=30.6  kl=0.0098  vl=0.0003
Step: 2244608 SPS: 1681  ev=-0.685  ent=0.991  grad=0.42/0.42  h=6.7 c=31.5  kl=0.0086  vl=0.0002
Step: 2248704 SPS: 1682  ev=0.167  ent=1.042  grad=0.96/0.50  h=6.7 c=32.5  kl=0.0080  vl=0.0004
Step: 2252800 SPS: 1682  ev=-1.324  ent=1.011  grad=0.64/0.50  h=6.7 c=32.1  kl=0.0087  vl=0.0002
Step: 2256896 SPS: 1683  ev=0.047  ent=1.048  grad=0.58/0.50  h=6.7 c=31.1  kl=0.0069  vl=0.0005
Step: 2260992 SPS: 1683  ev=0.164  ent=1.027  grad=0.29/0.29  h=6.7 c=32.2  kl=0.0105  vl=0.0076
Step: 2265088 SPS: 1684  ev=-2.450  ent=1.050  grad=0.29/0.29  h=6.7 c=31.4  kl=0.0132  vl=0.0055
Step: 2269184 SPS: 1684  ev=-0.022  ent=1.045  grad=0.70/0.50  h=6.7 c=32.1  kl=0.0098  vl=0.0005
Step: 2273280 SPS: 1685  ev=-0.210  ent=1.036  grad=0.50/0.50  h=6.6 c=32.6  kl=0.0106  vl=0.0002
Step: 2277376 SPS: 1686  ev=-0.384  ent=1.017  grad=0.72/0.50  h=6.6 c=31.1  kl=0.0110  vl=0.0001
Step: 2281472 SPS: 1686  ev=0.051  ent=1.032  grad=0.32/0.32  h=6.7 c=32.2  kl=0.0126  vl=0.0420
Step: 2285568 SPS: 1687  ev=-2.488  ent=0.986  grad=0.48/0.48  h=6.7 c=33.0  kl=0.0078  vl=0.0003
Step: 2289664 SPS: 1687  ev=-9.672  ent=1.011  grad=0.72/0.50  h=6.5 c=30.5  kl=0.0099  vl=0.0001
  vs Random: 96W/4L/0D | score=11.3±18.5 inv=0.7 played=14.0 lanes=4.2 ddraw=46.7 pts=11
  Self-play: 49W/47L/4D | score=4.6±23.6 inv=1.2 played=12.4 lanes=3.9 ddraw=39.9 pts=5
Step: 2293760 SPS: 1676  ev=-3.826  ent=1.069  grad=0.43/0.43  h=6.7 c=32.2  kl=0.0102  vl=0.0002
Step: 2297856 SPS: 1677  ev=0.008  ent=1.014  grad=0.77/0.50  h=6.7 c=32.0  kl=0.0082  vl=0.0001
Step: 2301952 SPS: 1677  ev=-3.031  ent=1.041  grad=0.82/0.50  h=6.7 c=32.5  kl=0.0093  vl=0.0001
Step: 2306048 SPS: 1678  ev=0.154  ent=1.044  grad=0.61/0.50  h=6.7 c=31.5  kl=0.0103  vl=0.0001
Step: 2310144 SPS: 1678  ev=0.725  ent=1.042  grad=0.62/0.50  h=6.6 c=31.8  kl=0.0081  vl=0.0001
Step: 2314240 SPS: 1679  ev=-0.088  ent=1.013  grad=0.47/0.47  h=6.7 c=32.7  kl=0.0073  vl=0.0001
Step: 2318336 SPS: 1680  ev=0.232  ent=1.029  grad=0.25/0.25  h=6.5 c=30.3  kl=0.0077  vl=0.0013
Step: 2322432 SPS: 1680  ev=-15.931  ent=1.049  grad=0.50/0.50  h=6.6 c=31.2  kl=0.0115  vl=0.0001
Step: 2326528 SPS: 1681  ev=0.238  ent=1.038  grad=0.72/0.50  h=6.7 c=33.0  kl=0.0067  vl=0.0001
Step: 2330624 SPS: 1681  ev=0.135  ent=1.015  grad=0.64/0.50  h=6.6 c=31.3  kl=0.0102  vl=0.0007
Step: 2334720 SPS: 1682  ev=0.163  ent=1.036  grad=1.05/0.50  h=6.7 c=31.9  kl=0.0082  vl=0.0008
Step: 2338816 SPS: 1683  ev=0.051  ent=1.013  grad=0.50/0.50  h=6.8 c=33.2  kl=0.0084  vl=0.0384
Step: 2342912 SPS: 1683  ev=0.349  ent=1.057  grad=0.60/0.50  h=6.7 c=32.3  kl=0.0099  vl=0.0011
Step: 2347008 SPS: 1684  ev=0.082  ent=1.058  grad=0.45/0.45  h=6.7 c=33.1  kl=0.0120  vl=0.0431
Step: 2351104 SPS: 1684  ev=0.094  ent=1.038  grad=0.74/0.50  h=6.7 c=32.3  kl=0.0105  vl=0.0016
Step: 2355200 SPS: 1685  ev=-0.868  ent=1.030  grad=0.42/0.42  h=6.6 c=32.3  kl=0.0107  vl=0.0020
Step: 2359296 SPS: 1685  ev=-9.901  ent=1.036  grad=0.26/0.26  h=6.7 c=32.5  kl=0.0097  vl=0.0007
Step: 2363392 SPS: 1686  ev=-1.974  ent=1.015  grad=0.55/0.50  h=6.7 c=32.5  kl=0.0094  vl=0.0002
Step: 2367488 SPS: 1686  ev=0.270  ent=1.005  grad=0.19/0.19  h=6.7 c=32.9  kl=0.0066  vl=0.0031
Step: 2371584 SPS: 1687  ev=0.112  ent=1.035  grad=0.60/0.50  h=6.7 c=32.5  kl=0.0114  vl=0.0865
  vs Random: 98W/2L/0D | score=8.3±15.6 inv=0.7 played=13.8 lanes=4.0 ddraw=49.6 pts=8
  Self-play: 49W/50L/1D | score=-0.7±22.2 inv=0.9 played=12.2 lanes=4.0 ddraw=47.8 pts=-1
Step: 2375680 SPS: 1675  ev=-1.993  ent=1.052  grad=0.47/0.47  h=6.6 c=31.5  kl=0.0102  vl=0.0045
Step: 2379776 SPS: 1676  ev=-2.741  ent=1.013  grad=0.47/0.47  h=6.6 c=32.4  kl=0.0148  vl=0.0008
Step: 2383872 SPS: 1677  ev=-3.489  ent=1.046  grad=0.53/0.50  h=6.6 c=31.3  kl=0.0106  vl=0.0011
Step: 2387968 SPS: 1677  ev=-0.047  ent=1.047  grad=0.44/0.44  h=6.6 c=32.2  kl=0.0128  vl=0.0062
Step: 2392064 SPS: 1678  ev=-13.760  ent=1.047  grad=0.66/0.50  h=6.7 c=32.7  kl=0.0094  vl=0.0002
Step: 2396160 SPS: 1679  ev=-3.854  ent=1.013  grad=0.51/0.50  h=6.6 c=32.5  kl=0.0107  vl=0.0005
Step: 2400256 SPS: 1679  ev=-0.073  ent=1.046  grad=0.53/0.50  h=6.6 c=32.4  kl=0.0067  vl=0.0002
Step: 2404352 SPS: 1680  ev=-1.226  ent=1.044  grad=0.74/0.50  h=6.6 c=32.5  kl=0.0095  vl=0.0001
Step: 2408448 SPS: 1680  ev=-1.032  ent=1.028  grad=0.62/0.50  h=6.6 c=32.2  kl=0.0091  vl=0.0002
Step: 2412544 SPS: 1681  ev=0.015  ent=1.033  grad=0.40/0.40  h=6.6 c=32.1  kl=0.0089  vl=0.0303
Step: 2416640 SPS: 1681  ev=0.022  ent=1.033  grad=0.74/0.50  h=6.6 c=31.6  kl=0.0089  vl=0.0007
Step: 2420736 SPS: 1682  ev=0.020  ent=1.024  grad=0.55/0.50  h=6.6 c=32.3  kl=0.0100  vl=0.0008
Step: 2424832 SPS: 1682  ev=0.034  ent=1.046  grad=0.80/0.50  h=6.5 c=31.4  kl=0.0070  vl=0.0006
Step: 2428928 SPS: 1683  ev=0.102  ent=1.010  grad=0.73/0.50  h=6.5 c=31.8  kl=0.0082  vl=0.0007
Step: 2433024 SPS: 1683  ev=-4.190  ent=0.997  grad=0.85/0.50  h=6.7 c=33.1  kl=0.0088  vl=0.0003
Step: 2437120 SPS: 1684  ev=-2.304  ent=1.003  grad=0.62/0.50  h=6.6 c=31.8  kl=0.0115  vl=0.0004
Step: 2441216 SPS: 1684  ev=-0.673  ent=1.011  grad=0.61/0.50  h=6.5 c=31.2  kl=0.0074  vl=0.0002
Step: 2445312 SPS: 1685  ev=-3.962  ent=1.030  grad=0.52/0.50  h=6.6 c=31.6  kl=0.0092  vl=0.0004
Step: 2449408 SPS: 1685  ev=0.016  ent=1.019  grad=0.33/0.33  h=6.5 c=32.0  kl=0.0085  vl=0.0013
Step: 2453504 SPS: 1686  ev=-1.425  ent=1.017  grad=0.62/0.50  h=6.5 c=31.5  kl=0.0095  vl=0.0002
  vs Random: 97W/2L/1D | score=5.5±16.3 inv=0.7 played=13.3 lanes=4.0 ddraw=48.8 pts=5
  Self-play: 48W/50L/2D | score=-3.1±18.2 inv=0.6 played=11.8 lanes=4.0 ddraw=42.6 pts=-3
Step: 2457600 SPS: 1676  ev=-0.604  ent=0.978  grad=0.57/0.50  h=6.5 c=30.4  kl=0.0112  vl=0.0004
Step: 2461696 SPS: 1676  ev=-0.630  ent=1.049  grad=0.45/0.45  h=6.7 c=33.5  kl=0.0114  vl=0.0003
Step: 2465792 SPS: 1677  ev=-4.422  ent=1.011  grad=0.61/0.50  h=6.5 c=30.6  kl=0.0076  vl=0.0001
Step: 2469888 SPS: 1677  ev=-2.246  ent=1.030  grad=0.58/0.50  h=6.5 c=30.7  kl=0.0087  vl=0.0001
Step: 2473984 SPS: 1678  ev=0.199  ent=1.036  grad=0.70/0.50  h=6.7 c=32.9  kl=0.0077  vl=0.0001
Step: 2478080 SPS: 1678  ev=-5.016  ent=1.009  grad=0.46/0.46  h=6.5 c=30.1  kl=0.0103  vl=0.0003
Step: 2482176 SPS: 1679  ev=-14.116  ent=1.032  grad=0.32/0.32  h=6.6 c=30.9  kl=0.0118  vl=0.0006
Step: 2486272 SPS: 1680  ev=-2.941  ent=1.043  grad=0.60/0.50  h=6.7 c=32.1  kl=0.0081  vl=0.0001
Step: 2490368 SPS: 1680  ev=-0.494  ent=1.027  grad=0.79/0.50  h=6.6 c=31.7  kl=0.0102  vl=0.0001
Step: 2494464 SPS: 1681  ev=-0.085  ent=1.027  grad=0.50/0.50  h=6.5 c=30.0  kl=0.0087  vl=0.0003
Step: 2498560 SPS: 1681  ev=-2.630  ent=0.983  grad=0.65/0.50  h=6.5 c=29.8  kl=0.0100  vl=0.0001
Step: 2502656 SPS: 1682  ev=0.034  ent=1.013  grad=0.34/0.34  h=6.7 c=32.0  kl=0.0062  vl=0.0037
Step: 2506752 SPS: 1682  ev=0.196  ent=1.016  grad=0.74/0.50  h=6.5 c=29.9  kl=0.0082  vl=0.0002
Step: 2510848 SPS: 1683  ev=0.047  ent=0.995  grad=0.48/0.48  h=6.5 c=29.7  kl=0.0099  vl=0.0424
Step: 2514944 SPS: 1683  ev=-1.185  ent=0.996  grad=0.44/0.44  h=6.7 c=32.0  kl=0.0079  vl=0.0004
Step: 2519040 SPS: 1684  ev=0.101  ent=0.962  grad=0.66/0.50  h=6.5 c=29.7  kl=0.0059  vl=0.0006
Step: 2523136 SPS: 1684  ev=-0.056  ent=1.001  grad=0.24/0.24  h=6.6 c=30.2  kl=0.0063  vl=0.0209
Step: 2527232 SPS: 1684  ev=0.326  ent=0.989  grad=0.52/0.50  h=6.7 c=31.4  kl=0.0052  vl=0.0004
Step: 2531328 SPS: 1684  ev=-4.908  ent=0.999  grad=0.38/0.38  h=6.5 c=29.8  kl=0.0072  vl=0.0008
Step: 2535424 SPS: 1685  ev=0.020  ent=1.008  grad=0.48/0.48  h=6.6 c=29.7  kl=0.0095  vl=0.0469
  vs Random: 98W/2L/0D | score=7.7±17.5 inv=0.6 played=13.7 lanes=4.0 ddraw=48.8 pts=8
  Self-play: 66W/31L/3D | score=4.4±18.2 inv=0.8 played=12.2 lanes=3.7 ddraw=37.0 pts=4
Step: 2539520 SPS: 1675  ev=0.549  ent=0.998  grad=0.66/0.50  h=6.6 c=30.7  kl=0.0070  vl=0.0003
Step: 2543616 SPS: 1675  ev=0.034  ent=1.013  grad=0.62/0.50  h=6.6 c=30.8  kl=0.0054  vl=0.0010
Step: 2547712 SPS: 1676  ev=-6.514  ent=1.007  grad=0.37/0.37  h=6.5 c=28.8  kl=0.0096  vl=0.0009
Step: 2551808 SPS: 1676  ev=0.107  ent=0.967  grad=0.34/0.34  h=6.6 c=30.5  kl=0.0070  vl=0.0240
Step: 2555904 SPS: 1676  ev=-0.223  ent=1.029  grad=0.34/0.34  h=6.7 c=31.6  kl=0.0109  vl=0.0069
Step: 2560000 SPS: 1677  ev=0.149  ent=1.018  grad=0.59/0.50  h=6.5 c=29.6  kl=0.0081  vl=0.0014
Step: 2564096 SPS: 1677  ev=-0.110  ent=0.994  grad=0.46/0.46  h=6.6 c=29.8  kl=0.0080  vl=0.0028
Step: 2568192 SPS: 1678  ev=-4.295  ent=1.028  grad=0.44/0.44  h=6.6 c=31.3  kl=0.0097  vl=0.0010
Step: 2572288 SPS: 1678  ev=0.186  ent=1.016  grad=0.73/0.50  h=6.5 c=29.9  kl=0.0077  vl=0.0004
Step: 2576384 SPS: 1679  ev=-3.402  ent=1.015  grad=0.64/0.50  h=6.6 c=30.1  kl=0.0090  vl=0.0006
Step: 2580480 SPS: 1679  ev=-1.478  ent=1.006  grad=0.53/0.50  h=6.6 c=30.4  kl=0.0091  vl=0.0004
Step: 2584576 SPS: 1679  ev=0.186  ent=0.995  grad=0.31/0.31  h=6.4 c=29.0  kl=0.0130  vl=0.0070
Step: 2588672 SPS: 1680  ev=0.316  ent=1.023  grad=0.68/0.50  h=6.5 c=29.5  kl=0.0081  vl=0.0002
Step: 2592768 SPS: 1680  ev=0.149  ent=1.038  grad=0.74/0.50  h=6.4 c=29.4  kl=0.0084  vl=0.0004
Step: 2596864 SPS: 1681  ev=-0.818  ent=1.029  grad=0.43/0.43  h=6.5 c=30.0  kl=0.0110  vl=0.0008
Step: 2600960 SPS: 1681  ev=0.141  ent=0.973  grad=0.47/0.47  h=6.5 c=29.6  kl=0.0078  vl=0.0013
Step: 2605056 SPS: 1682  ev=-3.686  ent=1.001  grad=0.60/0.50  h=6.5 c=30.1  kl=0.0128  vl=0.0004
Step: 2609152 SPS: 1682  ev=-9.010  ent=1.031  grad=0.37/0.37  h=6.5 c=31.1  kl=0.0099  vl=0.0021
Step: 2613248 SPS: 1683  ev=-4.771  ent=0.987  grad=0.28/0.28  h=6.4 c=29.6  kl=0.0098  vl=0.0017
Step: 2617344 SPS: 1684  ev=-1.797  ent=0.986  grad=0.78/0.50  h=6.4 c=30.3  kl=0.0112  vl=0.0001
  vs Random: 95W/5L/0D | score=9.2±23.1 inv=0.9 played=13.5 lanes=4.0 ddraw=47.7 pts=9
  Self-play: 52W/47L/1D | score=-1.1±19.4 inv=0.9 played=12.0 lanes=3.9 ddraw=34.9 pts=-1
Step: 2621440 SPS: 1674  ev=-0.238  ent=1.028  grad=0.59/0.50  h=6.6 c=31.7  kl=0.0104  vl=0.0001
Step: 2625536 SPS: 1675  ev=0.169  ent=1.002  grad=0.52/0.50  h=6.4 c=29.7  kl=0.0056  vl=0.0005
Step: 2629632 SPS: 1675  ev=0.200  ent=1.002  grad=1.20/0.50  h=6.5 c=31.2  kl=0.0109  vl=0.0003
Step: 2633728 SPS: 1675  ev=-2.094  ent=1.016  grad=0.63/0.50  h=6.5 c=30.5  kl=0.0118  vl=0.0002
Step: 2637824 SPS: 1676  ev=0.091  ent=0.975  grad=0.36/0.36  h=6.4 c=30.1  kl=0.0137  vl=0.0286
Step: 2641920 SPS: 1676  ev=0.145  ent=1.005  grad=0.43/0.43  h=6.5 c=30.8  kl=0.0103  vl=0.0007
Step: 2646016 SPS: 1676  ev=-0.712  ent=1.003  grad=0.57/0.50  h=6.4 c=29.7  kl=0.0111  vl=0.0003
Step: 2650112 SPS: 1677  ev=-1.337  ent=1.006  grad=0.67/0.50  h=6.5 c=31.0  kl=0.0074  vl=0.0002
Step: 2654208 SPS: 1677  ev=-1.376  ent=0.973  grad=0.49/0.49  h=6.4 c=29.3  kl=0.0127  vl=0.0002
Step: 2658304 SPS: 1678  ev=-4.142  ent=1.010  grad=0.55/0.50  h=6.4 c=30.1  kl=0.0093  vl=0.0001
Step: 2662400 SPS: 1678  ev=-9.183  ent=0.978  grad=0.71/0.50  h=6.5 c=31.8  kl=0.0089  vl=0.0001
Step: 2666496 SPS: 1678  ev=-0.000  ent=1.011  grad=0.76/0.50  h=6.4 c=30.3  kl=0.0079  vl=0.0001
Step: 2670592 SPS: 1678  ev=-3.880  ent=1.010  grad=0.73/0.50  h=6.4 c=30.4  kl=0.0081  vl=0.0001
Step: 2674688 SPS: 1679  ev=0.042  ent=1.000  grad=0.82/0.50  h=6.5 c=30.5  kl=0.0085  vl=0.0001
Step: 2678784 SPS: 1679  ev=0.052  ent=0.987  grad=0.36/0.36  h=6.5 c=31.0  kl=0.0085  vl=0.0005
Step: 2682880 SPS: 1680  ev=-6.311  ent=1.000  grad=0.73/0.50  h=6.5 c=31.1  kl=0.0070  vl=0.0001
Step: 2686976 SPS: 1680  ev=0.125  ent=1.011  grad=0.43/0.43  h=6.5 c=30.8  kl=0.0131  vl=0.0352
Step: 2691072 SPS: 1681  ev=0.059  ent=0.989  grad=0.42/0.42  h=6.5 c=31.5  kl=0.0136  vl=0.0008
Step: 2695168 SPS: 1681  ev=-0.005  ent=0.987  grad=0.40/0.40  h=6.4 c=30.8  kl=0.0069  vl=0.0016
Step: 2699264 SPS: 1681  ev=0.260  ent=0.977  grad=0.37/0.37  h=6.4 c=29.8  kl=0.0083  vl=0.0005
  vs Random: 97W/3L/0D | score=8.6±18.6 inv=0.9 played=13.1 lanes=3.8 ddraw=51.1 pts=9
  Self-play: 47W/53L/0D | score=-3.0±20.4 inv=1.2 played=12.1 lanes=3.8 ddraw=35.1 pts=-3
Step: 2703360 SPS: 1673  ev=0.006  ent=0.959  grad=0.99/0.50  h=6.4 c=31.1  kl=0.0064  vl=0.0002
Step: 2707456 SPS: 1673  ev=0.004  ent=1.004  grad=0.75/0.50  h=6.4 c=30.8  kl=0.0083  vl=0.0002
Step: 2711552 SPS: 1674  ev=0.203  ent=0.973  grad=0.34/0.34  h=6.5 c=31.7  kl=0.0119  vl=0.0207
Step: 2715648 SPS: 1674  ev=0.025  ent=1.005  grad=0.54/0.50  h=6.4 c=31.3  kl=0.0077  vl=0.0011
Step: 2719744 SPS: 1675  ev=-0.077  ent=0.972  grad=0.51/0.50  h=6.5 c=31.2  kl=0.0072  vl=0.0007
Step: 2723840 SPS: 1675  ev=0.182  ent=1.004  grad=0.74/0.50  h=6.5 c=31.0  kl=0.0114  vl=0.0004
Step: 2727936 SPS: 1676  ev=-0.014  ent=0.977  grad=0.82/0.50  h=6.5 c=31.1  kl=0.0092  vl=0.0003
Step: 2732032 SPS: 1676  ev=0.121  ent=1.010  grad=0.67/0.50  h=6.5 c=30.9  kl=0.0103  vl=0.0006
Step: 2736128 SPS: 1677  ev=-1.384  ent=0.983  grad=0.52/0.50  h=6.4 c=31.3  kl=0.0076  vl=0.0006
Step: 2740224 SPS: 1677  ev=-0.404  ent=1.014  grad=0.40/0.40  h=6.4 c=31.0  kl=0.0125  vl=0.0004
Step: 2744320 SPS: 1678  ev=0.106  ent=1.003  grad=1.11/0.50  h=6.4 c=30.8  kl=0.0102  vl=0.0002
Step: 2748416 SPS: 1678  ev=-0.915  ent=0.972  grad=0.47/0.47  h=6.5 c=31.7  kl=0.0089  vl=0.0003
Step: 2752512 SPS: 1679  ev=-0.442  ent=0.955  grad=0.49/0.49  h=6.5 c=32.1  kl=0.0112  vl=0.0001
Step: 2756608 SPS: 1679  ev=-19.559  ent=1.049  grad=0.83/0.50  h=6.5 c=31.9  kl=0.0105  vl=0.0001
Step: 2760704 SPS: 1680  ev=0.035  ent=1.016  grad=0.49/0.49  h=6.5 c=30.2  kl=0.0113  vl=0.0430
Step: 2764800 SPS: 1680  ev=-2.313  ent=1.012  grad=0.63/0.50  h=6.5 c=31.6  kl=0.0067  vl=0.0001
Step: 2768896 SPS: 1681  ev=-3.029  ent=0.999  grad=0.51/0.50  h=6.5 c=31.4  kl=0.0094  vl=0.0001
Step: 2772992 SPS: 1681  ev=0.055  ent=0.981  grad=0.60/0.50  h=6.4 c=30.4  kl=0.0084  vl=0.0005
Step: 2777088 SPS: 1682  ev=-1.172  ent=1.011  grad=0.64/0.50  h=6.5 c=31.9  kl=0.0106  vl=0.0001
Step: 2781184 SPS: 1682  ev=-0.677  ent=0.987  grad=0.72/0.50  h=6.4 c=31.1  kl=0.0107  vl=0.0001
  vs Random: 98W/2L/0D | score=6.2±15.1 inv=1.0 played=13.2 lanes=3.8 ddraw=50.5 pts=6
  Self-play: 47W/52L/1D | score=1.4±21.1 inv=1.0 played=11.6 lanes=3.7 ddraw=34.6 pts=1
Step: 2785280 SPS: 1674  ev=0.057  ent=1.012  grad=0.72/0.50  h=6.3 c=30.2  kl=0.0058  vl=0.0005
Step: 2789376 SPS: 1674  ev=0.148  ent=1.022  grad=0.13/0.13  h=6.4 c=31.3  kl=0.0081  vl=0.0042
Step: 2793472 SPS: 1675  ev=0.118  ent=0.995  grad=0.76/0.50  h=6.4 c=32.0  kl=0.0075  vl=0.0006
Step: 2797568 SPS: 1675  ev=-0.487  ent=0.997  grad=0.54/0.50  h=6.3 c=30.0  kl=0.0100  vl=0.0014
Step: 2801664 SPS: 1676  ev=0.009  ent=0.939  grad=0.49/0.49  h=6.4 c=30.3  kl=0.0096  vl=0.0414
Step: 2805760 SPS: 1676  ev=-0.823  ent=0.984  grad=0.66/0.50  h=6.4 c=32.0  kl=0.0080  vl=0.0002
Step: 2809856 SPS: 1676  ev=0.032  ent=0.975  grad=0.81/0.50  h=6.3 c=30.4  kl=0.0095  vl=0.0003
Step: 2813952 SPS: 1676  ev=0.122  ent=1.040  grad=0.70/0.50  h=6.4 c=30.9  kl=0.0093  vl=0.0002
Step: 2818048 SPS: 1676  ev=0.182  ent=0.994  grad=0.56/0.50  h=6.5 c=31.2  kl=0.0102  vl=0.0009
Step: 2822144 SPS: 1676  ev=-3.259  ent=1.008  grad=0.48/0.48  h=6.4 c=30.9  kl=0.0089  vl=0.0012
Step: 2826240 SPS: 1676  ev=0.114  ent=0.960  grad=0.67/0.50  h=6.2 c=28.9  kl=0.0060  vl=0.0004
Step: 2830336 SPS: 1676  ev=-0.618  ent=0.988  grad=0.48/0.48  h=6.4 c=31.1  kl=0.0084  vl=0.0015
Step: 2834432 SPS: 1677  ev=-5.889  ent=0.998  grad=0.70/0.50  h=6.4 c=31.4  kl=0.0109  vl=0.0002
Step: 2838528 SPS: 1677  ev=0.140  ent=0.974  grad=0.30/0.30  h=6.3 c=30.2  kl=0.0103  vl=0.0113
Step: 2842624 SPS: 1678  ev=0.319  ent=0.970  grad=0.67/0.50  h=6.3 c=30.3  kl=0.0074  vl=0.0001
Step: 2846720 SPS: 1678  ev=-0.000  ent=0.959  grad=0.37/0.37  h=6.4 c=31.0  kl=0.0105  vl=0.0316
Step: 2850816 SPS: 1678  ev=-0.064  ent=0.969  grad=0.72/0.50  h=6.3 c=29.8  kl=0.0069  vl=0.0002
Step: 2854912 SPS: 1678  ev=0.149  ent=0.958  grad=0.57/0.50  h=6.3 c=29.4  kl=0.0085  vl=0.0003
Step: 2859008 SPS: 1678  ev=0.083  ent=1.027  grad=0.54/0.50  h=6.4 c=30.8  kl=0.0107  vl=0.0010
Step: 2863104 SPS: 1678  ev=0.142  ent=1.011  grad=0.32/0.32  h=6.4 c=30.6  kl=0.0097  vl=0.0334
  vs Random: 95W/5L/0D | score=5.3±16.4 inv=1.1 played=12.8 lanes=3.7 ddraw=50.9 pts=5
  Self-play: 47W/53L/0D | score=-2.8±22.2 inv=1.2 played=11.7 lanes=3.6 ddraw=38.1 pts=-3
Step: 2867200 SPS: 1669  ev=0.128  ent=1.022  grad=0.76/0.50  h=6.4 c=30.2  kl=0.0107  vl=0.0003
Step: 2871296 SPS: 1670  ev=-1.596  ent=1.001  grad=0.43/0.43  h=6.5 c=31.5  kl=0.0102  vl=0.0010
Step: 2875392 SPS: 1671  ev=0.477  ent=0.987  grad=0.49/0.49  h=6.4 c=30.7  kl=0.0102  vl=0.0125
Step: 2879488 SPS: 1671  ev=-2.604  ent=1.009  grad=0.51/0.50  h=6.3 c=29.6  kl=0.0105  vl=0.0006
Step: 2883584 SPS: 1672  ev=0.024  ent=0.994  grad=0.60/0.50  h=6.4 c=30.5  kl=0.0116  vl=0.0002
Step: 2887680 SPS: 1672  ev=-5.963  ent=1.023  grad=0.32/0.32  h=6.4 c=30.7  kl=0.0078  vl=0.0005
Step: 2891776 SPS: 1672  ev=-2.820  ent=1.021  grad=0.56/0.50  h=6.4 c=30.6  kl=0.0114  vl=0.0001
Step: 2895872 SPS: 1673  ev=0.087  ent=0.990  grad=0.44/0.44  h=6.4 c=29.9  kl=0.0133  vl=0.0450
Step: 2899968 SPS: 1673  ev=-7.131  ent=0.956  grad=0.50/0.50  h=6.4 c=30.8  kl=0.0084  vl=0.0002
Step: 2904064 SPS: 1674  ev=-0.028  ent=1.008  grad=0.84/0.50  h=6.5 c=32.2  kl=0.0074  vl=0.0001
Step: 2908160 SPS: 1674  ev=0.307  ent=1.026  grad=0.31/0.31  h=6.4 c=30.6  kl=0.0087  vl=0.0010
Step: 2912256 SPS: 1675  ev=0.232  ent=0.984  grad=0.72/0.50  h=6.4 c=31.3  kl=0.0086  vl=0.0002
Step: 2916352 SPS: 1675  ev=-14.709  ent=0.987  grad=0.66/0.50  h=6.4 c=31.7  kl=0.0074  vl=0.0001
Step: 2920448 SPS: 1675  ev=-2.479  ent=1.031  grad=0.50/0.50  h=6.3 c=29.8  kl=0.0087  vl=0.0002
Step: 2924544 SPS: 1676  ev=0.052  ent=1.022  grad=0.41/0.41  h=6.4 c=31.0  kl=0.0085  vl=0.0004
Step: 2928640 SPS: 1676  ev=0.186  ent=0.996  grad=0.62/0.50  h=6.3 c=30.9  kl=0.0092  vl=0.0004
Step: 2932736 SPS: 1677  ev=0.069  ent=1.001  grad=0.94/0.50  h=6.4 c=31.2  kl=0.0105  vl=0.0012
Step: 2936832 SPS: 1677  ev=-0.027  ent=0.964  grad=0.48/0.48  h=6.4 c=30.5  kl=0.0102  vl=0.0022
Step: 2940928 SPS: 1678  ev=-4.528  ent=0.951  grad=0.57/0.50  h=6.4 c=31.2  kl=0.0088  vl=0.0003
Step: 2945024 SPS: 1678  ev=-3.268  ent=0.995  grad=0.46/0.46  h=6.3 c=31.0  kl=0.0086  vl=0.0003
  vs Random: 94W/6L/0D | score=6.6±19.2 inv=0.7 played=12.7 lanes=3.7 ddraw=52.1 pts=7
  Self-play: 47W/49L/4D | score=7.1±21.7 inv=1.2 played=12.0 lanes=3.6 ddraw=42.9 pts=7
Step: 2949120 SPS: 1669  ev=-0.125  ent=0.993  grad=0.45/0.45  h=6.4 c=30.4  kl=0.0113  vl=0.0006
Step: 2953216 SPS: 1669  ev=0.183  ent=0.982  grad=0.40/0.40  h=6.4 c=30.9  kl=0.0090  vl=0.0389
Step: 2957312 SPS: 1669  ev=0.003  ent=1.005  grad=0.39/0.39  h=6.3 c=30.7  kl=0.0086  vl=0.0009
Step: 2961408 SPS: 1670  ev=-6.521  ent=1.003  grad=0.38/0.38  h=6.4 c=30.3  kl=0.0084  vl=0.0041
Step: 2965504 SPS: 1670  ev=-0.906  ent=0.996  grad=0.33/0.33  h=6.4 c=30.0  kl=0.0092  vl=0.0011
Step: 2969600 SPS: 1670  ev=-0.981  ent=0.960  grad=0.54/0.50  h=6.4 c=31.0  kl=0.0104  vl=0.0006
Step: 2973696 SPS: 1670  ev=-7.168  ent=1.016  grad=0.50/0.50  h=6.3 c=29.7  kl=0.0105  vl=0.0001
Step: 2977792 SPS: 1671  ev=0.038  ent=0.979  grad=0.62/0.50  h=6.4 c=30.3  kl=0.0087  vl=0.0001
Step: 2981888 SPS: 1671  ev=-2.090  ent=1.024  grad=0.73/0.50  h=6.4 c=30.4  kl=0.0081  vl=0.0001
Step: 2985984 SPS: 1672  ev=-0.002  ent=1.013  grad=0.48/0.48  h=6.3 c=29.7  kl=0.0121  vl=0.0442
Step: 2990080 SPS: 1672  ev=0.074  ent=1.014  grad=0.14/0.14  h=6.5 c=31.0  kl=0.0086  vl=0.0101
Step: 2994176 SPS: 1672  ev=-4.685  ent=1.021  grad=0.44/0.44  h=6.4 c=30.4  kl=0.0104  vl=0.0003
Step: 2998272 SPS: 1673  ev=0.043  ent=1.006  grad=0.51/0.50  h=6.4 c=30.1  kl=0.0065  vl=0.0004
Step: 3002368 SPS: 1673  ev=0.156  ent=1.030  grad=0.26/0.26  h=6.4 c=29.4  kl=0.0070  vl=0.0015
Step: 3006464 SPS: 1674  ev=0.141  ent=0.967  grad=0.74/0.50  h=6.4 c=29.8  kl=0.0096  vl=0.0008
Step: 3010560 SPS: 1674  ev=0.337  ent=1.033  grad=0.25/0.25  h=6.4 c=30.5  kl=0.0078  vl=0.0124
Step: 3014656 SPS: 1674  ev=-0.105  ent=1.028  grad=0.53/0.50  h=6.3 c=28.3  kl=0.0105  vl=0.0014
Step: 3018752 SPS: 1675  ev=-2.983  ent=1.020  grad=0.43/0.43  h=6.4 c=29.8  kl=0.0102  vl=0.0008
Step: 3022848 SPS: 1675  ev=-0.045  ent=1.021  grad=0.53/0.50  h=6.5 c=30.4  kl=0.0087  vl=0.0006
Step: 3026944 SPS: 1675  ev=-3.626  ent=0.997  grad=0.99/0.50  h=6.3 c=28.6  kl=0.0117  vl=0.0004
  vs Random: 97W/3L/0D | score=6.7±14.7 inv=0.8 played=13.0 lanes=3.7 ddraw=48.5 pts=7
  Self-play: 48W/52L/0D | score=-2.2±19.8 inv=0.8 played=11.7 lanes=3.8 ddraw=40.9 pts=-2
Step: 3031040 SPS: 1668  ev=-1.664  ent=1.010  grad=0.53/0.50  h=6.5 c=30.2  kl=0.0107  vl=0.0008
Step: 3035136 SPS: 1668  ev=0.162  ent=0.970  grad=0.53/0.50  h=6.4 c=29.8  kl=0.0099  vl=0.0005
Step: 3039232 SPS: 1669  ev=0.034  ent=1.001  grad=0.36/0.36  h=6.3 c=29.4  kl=0.0065  vl=0.0355
Step: 3043328 SPS: 1669  ev=-1.171  ent=1.017  grad=0.41/0.41  h=6.3 c=28.4  kl=0.0111  vl=0.0006
Step: 3047424 SPS: 1669  ev=-2.053  ent=1.052  grad=0.58/0.50  h=6.4 c=29.6  kl=0.0076  vl=0.0002
Step: 3051520 SPS: 1670  ev=-3.272  ent=1.033  grad=0.78/0.50  h=6.4 c=29.8  kl=0.0089  vl=0.0001
Step: 3055616 SPS: 1670  ev=-0.327  ent=1.002  grad=0.48/0.48  h=6.3 c=27.9  kl=0.0091  vl=0.0047
Step: 3059712 SPS: 1671  ev=-2.825  ent=1.032  grad=0.53/0.50  h=6.5 c=29.4  kl=0.0093  vl=0.0001
Step: 3063808 SPS: 1671  ev=-3.040  ent=1.035  grad=0.76/0.50  h=6.4 c=29.4  kl=0.0088  vl=0.0001
Step: 3067904 SPS: 1671  ev=0.043  ent=1.016  grad=0.27/0.27  h=6.2 c=26.5  kl=0.0094  vl=0.0325
Step: 3072000 SPS: 1672  ev=0.051  ent=1.043  grad=0.80/0.50  h=6.4 c=28.8  kl=0.0058  vl=0.0009
Step: 3076096 SPS: 1672  ev=-0.091  ent=1.008  grad=0.57/0.50  h=6.4 c=29.6  kl=0.0082  vl=0.0006
Step: 3080192 SPS: 1673  ev=0.017  ent=1.045  grad=0.72/0.50  h=6.2 c=28.0  kl=0.0095  vl=0.0004
Step: 3084288 SPS: 1673  ev=0.412  ent=0.999  grad=0.43/0.43  h=6.4 c=28.7  kl=0.0099  vl=0.0012
Step: 3088384 SPS: 1674  ev=-0.048  ent=0.984  grad=0.35/0.35  h=6.4 c=29.5  kl=0.0085  vl=0.0429
Step: 3092480 SPS: 1674  ev=-2.496  ent=1.039  grad=0.74/0.50  h=6.3 c=28.6  kl=0.0077  vl=0.0001
Step: 3096576 SPS: 1674  ev=0.063  ent=1.006  grad=0.81/0.50  h=6.4 c=28.1  kl=0.0086  vl=0.0002
Step: 3100672 SPS: 1675  ev=-4.205  ent=1.018  grad=0.53/0.50  h=6.4 c=29.3  kl=0.0092  vl=0.0002
Step: 3104768 SPS: 1675  ev=-0.184  ent=1.032  grad=0.71/0.50  h=6.3 c=29.2  kl=0.0071  vl=0.0001
Step: 3108864 SPS: 1676  ev=-0.478  ent=1.005  grad=0.64/0.50  h=6.4 c=28.5  kl=0.0069  vl=0.0001
  vs Random: 99W/1L/0D | score=6.9±15.8 inv=0.9 played=12.7 lanes=3.6 ddraw=45.5 pts=7
  Self-play: 49W/49L/3D | score=-1.4±19.9 inv=0.9 played=11.5 lanes=3.7 ddraw=30.4 pts=-1
Step: 3112960 SPS: 1669  ev=0.011  ent=1.040  grad=0.71/0.50  h=6.4 c=29.7  kl=0.0132  vl=0.0002
Step: 3117056 SPS: 1669  ev=0.138  ent=1.049  grad=0.18/0.18  h=6.3 c=29.6  kl=0.0119  vl=0.0139
Step: 3121152 SPS: 1669  ev=0.224  ent=1.056  grad=0.88/0.50  h=6.2 c=28.5  kl=0.0053  vl=0.0009
Step: 3125248 SPS: 1670  ev=-4.900  ent=1.033  grad=0.60/0.50  h=6.3 c=28.7  kl=0.0099  vl=0.0003
Step: 3129344 SPS: 1670  ev=-5.400  ent=1.036  grad=0.44/0.44  h=6.3 c=29.5  kl=0.0093  vl=0.0003
Step: 3133440 SPS: 1671  ev=0.049  ent=0.998  grad=0.71/0.50  h=6.3 c=28.6  kl=0.0070  vl=0.0003
Step: 3137536 SPS: 1671  ev=0.018  ent=1.029  grad=0.37/0.37  h=6.3 c=27.9  kl=0.0119  vl=0.0012
Step: 3141632 SPS: 1671  ev=0.145  ent=1.000  grad=0.48/0.48  h=6.3 c=28.5  kl=0.0088  vl=0.0007
Step: 3145728 SPS: 1672  ev=-0.061  ent=1.002  grad=0.55/0.50  h=6.2 c=28.1  kl=0.0084  vl=0.0023
Step: 3149824 SPS: 1672  ev=0.164  ent=1.018  grad=0.29/0.29  h=6.2 c=28.3  kl=0.0085  vl=0.0117
Step: 3153920 SPS: 1673  ev=-2.527  ent=0.969  grad=0.35/0.35  h=6.3 c=29.9  kl=0.0067  vl=0.0030
Step: 3158016 SPS: 1673  ev=0.112  ent=1.015  grad=0.35/0.35  h=6.2 c=28.3  kl=0.0097  vl=0.0281
Step: 3162112 SPS: 1674  ev=0.294  ent=1.011  grad=1.09/0.50  h=6.2 c=27.1  kl=0.0111  vl=0.0284
Step: 3166208 SPS: 1674  ev=0.290  ent=0.955  grad=0.30/0.30  h=6.3 c=29.9  kl=0.0102  vl=0.0020
Step: 3170304 SPS: 1675  ev=-0.328  ent=1.008  grad=0.70/0.50  h=6.2 c=29.0  kl=0.0096  vl=0.0003
Step: 3174400 SPS: 1675  ev=-1.561  ent=0.954  grad=0.39/0.39  h=6.2 c=28.0  kl=0.0146  vl=0.0009
Step: 3178496 SPS: 1675  ev=0.101  ent=0.989  grad=0.90/0.50  h=6.3 c=29.0  kl=0.0082  vl=0.0412
Step: 3182592 SPS: 1676  ev=0.055  ent=0.998  grad=0.52/0.50  h=6.4 c=29.8  kl=0.0104  vl=0.0458
Step: 3186688 SPS: 1676  ev=0.357  ent=0.997  grad=0.58/0.50  h=6.2 c=28.2  kl=0.0071  vl=0.0001
Step: 3190784 SPS: 1677  ev=0.006  ent=1.031  grad=1.05/0.50  h=6.2 c=28.4  kl=0.0106  vl=0.0282
  vs Random: 99W/1L/0D | score=6.9±15.2 inv=0.8 played=13.4 lanes=3.8 ddraw=46.2 pts=7
  Self-play: 52W/48L/0D | score=-1.1±17.4 inv=0.9 played=11.6 lanes=3.7 ddraw=34.3 pts=-1
Step: 3194880 SPS: 1670  ev=0.126  ent=0.963  grad=0.20/0.20  h=6.2 c=28.5  kl=0.0114  vl=0.0045
Step: 3198976 SPS: 1670  ev=0.413  ent=0.956  grad=0.56/0.50  h=6.2 c=28.2  kl=0.0085  vl=0.0002
Step: 3203072 SPS: 1671  ev=0.051  ent=0.965  grad=0.56/0.50  h=6.2 c=28.3  kl=0.0071  vl=0.0006
Step: 3207168 SPS: 1671  ev=0.259  ent=0.998  grad=0.64/0.50  h=6.2 c=28.8  kl=0.0100  vl=0.0002
Step: 3211264 SPS: 1672  ev=-5.121  ent=0.968  grad=0.74/0.50  h=6.2 c=28.7  kl=0.0065  vl=0.0001
Step: 3215360 SPS: 1672  ev=-0.010  ent=0.983  grad=0.56/0.50  h=6.3 c=29.0  kl=0.0125  vl=0.0400
Step: 3219456 SPS: 1673  ev=-1.273  ent=0.932  grad=0.32/0.32  h=6.3 c=30.5  kl=0.0080  vl=0.0007
Step: 3223552 SPS: 1673  ev=-3.962  ent=0.971  grad=0.44/0.44  h=6.3 c=29.6  kl=0.0104  vl=0.0003
Step: 3227648 SPS: 1674  ev=-3.850  ent=0.996  grad=0.59/0.50  h=6.3 c=28.7  kl=0.0093  vl=0.0001
Step: 3231744 SPS: 1674  ev=-1.218  ent=0.991  grad=0.68/0.50  h=6.3 c=29.7  kl=0.0097  vl=0.0001
Step: 3235840 SPS: 1675  ev=0.211  ent=1.022  grad=0.40/0.40  h=6.3 c=29.9  kl=0.0108  vl=0.0341
Step: 3239936 SPS: 1675  ev=-7.093  ent=0.979  grad=0.87/0.50  h=6.3 c=28.6  kl=0.0125  vl=0.0004
Step: 3244032 SPS: 1676  ev=0.215  ent=1.027  grad=0.51/0.50  h=6.3 c=29.1  kl=0.0116  vl=0.0284
Step: 3248128 SPS: 1676  ev=0.003  ent=0.964  grad=0.70/0.50  h=6.3 c=29.4  kl=0.0072  vl=0.0002
Step: 3252224 SPS: 1677  ev=-3.718  ent=0.964  grad=0.53/0.50  h=6.2 c=28.1  kl=0.0112  vl=0.0004
Step: 3256320 SPS: 1677  ev=0.064  ent=0.964  grad=0.88/0.50  h=6.3 c=29.0  kl=0.0070  vl=0.0003
Step: 3260416 SPS: 1677  ev=-0.193  ent=0.970  grad=0.49/0.49  h=6.3 c=30.1  kl=0.0106  vl=0.0003
Step: 3264512 SPS: 1678  ev=0.067  ent=0.956  grad=0.16/0.16  h=6.1 c=27.8  kl=0.0100  vl=0.0110
Step: 3268608 SPS: 1678  ev=-0.065  ent=0.921  grad=0.58/0.50  h=6.3 c=29.0  kl=0.0101  vl=0.0004
Step: 3272704 SPS: 1679  ev=0.204  ent=0.950  grad=0.71/0.50  h=6.4 c=30.5  kl=0.0088  vl=0.0004
  vs Random: 98W/2L/0D | score=8.4±18.2 inv=0.9 played=13.2 lanes=3.8 ddraw=49.2 pts=8
  Self-play: 45W/55L/0D | score=-5.4±27.7 inv=1.3 played=12.9 lanes=4.0 ddraw=40.4 pts=-5
Step: 3276800 SPS: 1671  ev=0.073  ent=0.965  grad=0.25/0.25  h=6.3 c=29.7  kl=0.0110  vl=0.0164
Step: 3280896 SPS: 1672  ev=0.005  ent=0.980  grad=0.28/0.28  h=6.3 c=27.9  kl=0.0120  vl=0.0161
Step: 3284992 SPS: 1672  ev=0.203  ent=0.952  grad=0.43/0.43  h=6.4 c=30.0  kl=0.0093  vl=0.0300
Step: 3289088 SPS: 1672  ev=0.223  ent=0.892  grad=0.31/0.31  h=6.4 c=30.0  kl=0.0107  vl=0.0467
Step: 3293184 SPS: 1673  ev=-0.073  ent=0.942  grad=0.70/0.50  h=6.2 c=27.4  kl=0.0086  vl=0.0008
Step: 3297280 SPS: 1673  ev=-4.114  ent=0.939  grad=0.47/0.47  h=6.4 c=30.0  kl=0.0100  vl=0.0004
Step: 3301376 SPS: 1674  ev=-1.864  ent=0.938  grad=0.55/0.50  h=6.3 c=30.2  kl=0.0074  vl=0.0004
Step: 3305472 SPS: 1674  ev=-0.855  ent=0.985  grad=0.69/0.50  h=6.2 c=27.4  kl=0.0103  vl=0.0002
Step: 3309568 SPS: 1675  ev=-5.680  ent=0.953  grad=0.39/0.39  h=6.3 c=28.5  kl=0.0111  vl=0.0002
Step: 3313664 SPS: 1675  ev=-5.869  ent=0.961  grad=0.31/0.31  h=6.4 c=29.9  kl=0.0097  vl=0.0005
Step: 3317760 SPS: 1675  ev=-2.076  ent=0.949  grad=0.52/0.50  h=6.3 c=28.8  kl=0.0101  vl=0.0002
Step: 3321856 SPS: 1676  ev=-0.014  ent=0.956  grad=0.83/0.50  h=6.3 c=28.5  kl=0.0057  vl=0.0001
Step: 3325952 SPS: 1676  ev=-0.031  ent=0.993  grad=0.41/0.41  h=6.3 c=29.9  kl=0.0091  vl=0.0004
Step: 3330048 SPS: 1677  ev=-3.668  ent=0.944  grad=0.65/0.50  h=6.3 c=29.2  kl=0.0071  vl=0.0001
Step: 3334144 SPS: 1677  ev=-1.134  ent=0.943  grad=0.81/0.50  h=6.3 c=28.6  kl=0.0086  vl=0.0001
Step: 3338240 SPS: 1677  ev=-2.184  ent=0.947  grad=0.78/0.50  h=6.4 c=30.7  kl=0.0085  vl=0.0001
Step: 3342336 SPS: 1678  ev=-4.315  ent=0.974  grad=0.59/0.50  h=6.2 c=29.1  kl=0.0106  vl=0.0001
Step: 3346432 SPS: 1678  ev=0.113  ent=0.979  grad=0.83/0.50  h=6.3 c=29.4  kl=0.0072  vl=0.0002
Step: 3350528 SPS: 1678  ev=-1.488  ent=0.964  grad=0.77/0.50  h=6.4 c=30.0  kl=0.0054  vl=0.0001
Step: 3354624 SPS: 1679  ev=-4.622  ent=0.945  grad=0.38/0.38  h=6.3 c=29.6  kl=0.0088  vl=0.0002
  vs Random: 98W/2L/0D | score=7.5±15.1 inv=0.8 played=13.8 lanes=3.8 ddraw=51.1 pts=7
  Self-play: 47W/52L/1D | score=-2.5±24.3 inv=1.2 played=13.0 lanes=4.0 ddraw=41.0 pts=-2
Step: 3358720 SPS: 1672  ev=0.017  ent=0.984  grad=1.04/0.50  h=6.2 c=28.5  kl=0.0080  vl=0.0004
Step: 3362816 SPS: 1672  ev=-0.872  ent=0.940  grad=0.67/0.50  h=6.3 c=28.9  kl=0.0083  vl=0.0003
Step: 3366912 SPS: 1672  ev=-0.864  ent=0.948  grad=0.78/0.50  h=6.3 c=29.2  kl=0.0096  vl=0.0001
Step: 3371008 SPS: 1673  ev=-3.028  ent=0.943  grad=0.71/0.50  h=6.2 c=28.1  kl=0.0102  vl=0.0001
Step: 3375104 SPS: 1673  ev=0.012  ent=0.946  grad=0.44/0.44  h=6.2 c=28.1  kl=0.0104  vl=0.0004
Step: 3379200 SPS: 1674  ev=0.058  ent=0.921  grad=0.62/0.50  h=6.3 c=30.0  kl=0.0076  vl=0.0004
Step: 3383296 SPS: 1674  ev=-3.003  ent=0.928  grad=0.29/0.29  h=6.1 c=27.8  kl=0.0065  vl=0.0005
Step: 3387392 SPS: 1674  ev=-2.778  ent=0.955  grad=0.70/0.50  h=6.3 c=28.7  kl=0.0099  vl=0.0001
Step: 3391488 SPS: 1675  ev=-3.907  ent=0.993  grad=0.73/0.50  h=6.3 c=29.2  kl=0.0068  vl=0.0001
Step: 3395584 SPS: 1675  ev=-3.107  ent=0.969  grad=0.61/0.50  h=6.2 c=28.2  kl=0.0094  vl=0.0001
Step: 3399680 SPS: 1675  ev=-2.889  ent=0.952  grad=0.48/0.48  h=6.2 c=27.6  kl=0.0114  vl=0.0002
Step: 3403776 SPS: 1676  ev=0.029  ent=0.959  grad=0.84/0.50  h=6.4 c=29.8  kl=0.0084  vl=0.0001
Step: 3407872 SPS: 1676  ev=-2.142  ent=0.936  grad=0.45/0.45  h=6.3 c=29.2  kl=0.0125  vl=0.0001
Step: 3411968 SPS: 1676  ev=-3.285  ent=0.962  grad=0.73/0.50  h=6.2 c=27.5  kl=0.0061  vl=0.0000
Step: 3416064 SPS: 1677  ev=0.081  ent=0.930  grad=0.85/0.50  h=6.3 c=29.4  kl=0.0080  vl=0.0001
Step: 3420160 SPS: 1677  ev=0.207  ent=0.986  grad=0.68/0.50  h=6.3 c=30.2  kl=0.0077  vl=0.0005
Step: 3424256 SPS: 1677  ev=0.191  ent=0.927  grad=0.39/0.39  h=6.1 c=27.2  kl=0.0081  vl=0.0028
Step: 3428352 SPS: 1678  ev=-1.480  ent=0.967  grad=0.61/0.50  h=6.3 c=29.0  kl=0.0100  vl=0.0003
Step: 3432448 SPS: 1678  ev=0.054  ent=0.950  grad=0.80/0.50  h=6.4 c=30.8  kl=0.0123  vl=0.0011
Step: 3436544 SPS: 1678  ev=-0.055  ent=0.960  grad=0.68/0.50  h=6.2 c=28.1  kl=0.0073  vl=0.0001
  vs Random: 98W/2L/0D | score=8.9±17.2 inv=0.8 played=13.5 lanes=3.8 ddraw=50.9 pts=9
  Self-play: 43W/57L/0D | score=-0.2±22.7 inv=0.9 played=12.4 lanes=3.9 ddraw=40.3 pts=-0
Step: 3440640 SPS: 1671  ev=0.224  ent=0.944  grad=0.70/0.50  h=6.3 c=28.3  kl=0.0070  vl=0.0004
Step: 3444736 SPS: 1671  ev=0.163  ent=0.915  grad=0.67/0.50  h=6.3 c=28.9  kl=0.0089  vl=0.0004
Step: 3448832 SPS: 1672  ev=-3.156  ent=0.940  grad=1.04/0.50  h=6.3 c=28.8  kl=0.0111  vl=0.0005
Step: 3452928 SPS: 1672  ev=-5.066  ent=0.933  grad=0.70/0.50  h=6.2 c=27.7  kl=0.0082  vl=0.0002
Step: 3457024 SPS: 1672  ev=-3.270  ent=0.934  grad=0.46/0.46  h=6.4 c=30.4  kl=0.0083  vl=0.0001
Step: 3461120 SPS: 1673  ev=-4.671  ent=0.981  grad=0.63/0.50  h=6.2 c=28.6  kl=0.0082  vl=0.0001
Step: 3465216 SPS: 1673  ev=-7.082  ent=0.975  grad=0.38/0.38  h=6.2 c=27.7  kl=0.0114  vl=0.0003
Step: 3469312 SPS: 1673  ev=0.026  ent=0.928  grad=0.73/0.50  h=6.4 c=29.4  kl=0.0078  vl=0.0001
Step: 3473408 SPS: 1674  ev=-5.838  ent=0.933  grad=0.54/0.50  h=6.3 c=29.8  kl=0.0083  vl=0.0001
Step: 3477504 SPS: 1674  ev=-0.070  ent=0.981  grad=0.17/0.17  h=6.3 c=28.5  kl=0.0123  vl=0.0041
Step: 3481600 SPS: 1675  ev=-3.230  ent=0.940  grad=0.54/0.50  h=6.3 c=29.2  kl=0.0110  vl=0.0001
Step: 3485696 SPS: 1675  ev=0.061  ent=0.938  grad=0.59/0.50  h=6.3 c=29.6  kl=0.0115  vl=0.0234
Step: 3489792 SPS: 1675  ev=0.049  ent=0.914  grad=0.89/0.50  h=6.3 c=28.8  kl=0.0097  vl=0.0001
Step: 3493888 SPS: 1676  ev=0.170  ent=0.915  grad=0.30/0.30  h=6.2 c=27.9  kl=0.0091  vl=0.0126
Step: 3497984 SPS: 1676  ev=-6.032  ent=0.959  grad=0.54/0.50  h=6.5 c=31.0  kl=0.0138  vl=0.0002
Step: 3502080 SPS: 1676  ev=0.083  ent=0.939  grad=0.42/0.42  h=6.4 c=30.2  kl=0.0071  vl=0.0007
Step: 3506176 SPS: 1677  ev=-3.083  ent=0.925  grad=0.50/0.50  h=6.2 c=27.8  kl=0.0098  vl=0.0002
Step: 3510272 SPS: 1677  ev=-0.008  ent=0.944  grad=0.59/0.50  h=6.4 c=29.3  kl=0.0079  vl=0.0002
Step: 3514368 SPS: 1678  ev=-17.050  ent=0.922  grad=0.36/0.36  h=6.3 c=29.2  kl=0.0098  vl=0.0003
Step: 3518464 SPS: 1678  ev=-5.227  ent=0.949  grad=0.35/0.35  h=6.1 c=26.6  kl=0.0083  vl=0.0002
  vs Random: 98W/2L/0D | score=6.0±17.3 inv=0.9 played=13.4 lanes=3.8 ddraw=45.3 pts=6
  Self-play: 49W/48L/3D | score=0.4±21.2 inv=1.0 played=11.6 lanes=3.6 ddraw=43.2 pts=0
Step: 3522560 SPS: 1671  ev=0.093  ent=0.933  grad=0.90/0.50  h=6.3 c=28.6  kl=0.0092  vl=0.0002
Step: 3526656 SPS: 1672  ev=-1.652  ent=0.965  grad=0.55/0.50  h=6.3 c=28.6  kl=0.0091  vl=0.0001
Step: 3530752 SPS: 1672  ev=0.079  ent=0.947  grad=0.55/0.50  h=6.3 c=28.2  kl=0.0079  vl=0.0002
Step: 3534848 SPS: 1673  ev=0.036  ent=0.923  grad=0.25/0.25  h=6.3 c=28.9  kl=0.0100  vl=0.0166
Step: 3538944 SPS: 1673  ev=0.259  ent=0.960  grad=0.28/0.28  h=6.4 c=30.6  kl=0.0084  vl=0.0178
Step: 3543040 SPS: 1673  ev=-2.007  ent=0.966  grad=0.49/0.49  h=6.3 c=29.3  kl=0.0064  vl=0.0002
Step: 3547136 SPS: 1674  ev=0.096  ent=0.979  grad=0.72/0.50  h=6.3 c=29.1  kl=0.0106  vl=0.0003
Step: 3551232 SPS: 1674  ev=0.038  ent=0.968  grad=0.53/0.50  h=6.3 c=29.9  kl=0.0097  vl=0.0457
Step: 3555328 SPS: 1675  ev=-0.027  ent=0.936  grad=0.70/0.50  h=6.3 c=29.9  kl=0.0089  vl=0.0002
Step: 3559424 SPS: 1675  ev=-3.051  ent=0.950  grad=0.49/0.49  h=6.3 c=29.4  kl=0.0099  vl=0.0003
Step: 3563520 SPS: 1675  ev=0.025  ent=0.922  grad=0.74/0.50  h=6.4 c=31.4  kl=0.0086  vl=0.0003
Step: 3567616 SPS: 1675  ev=-0.884  ent=0.957  grad=0.44/0.44  h=6.4 c=31.0  kl=0.0078  vl=0.0003
Step: 3571712 SPS: 1675  ev=0.052  ent=0.958  grad=0.30/0.30  h=6.2 c=29.3  kl=0.0084  vl=0.0234
Step: 3575808 SPS: 1674  ev=-2.155  ent=0.982  grad=0.57/0.50  h=6.3 c=29.8  kl=0.0106  vl=0.0001
Step: 3579904 SPS: 1674  ev=-13.659  ent=0.951  grad=0.53/0.50  h=6.3 c=31.4  kl=0.0061  vl=0.0001
Step: 3584000 SPS: 1674  ev=-2.974  ent=0.969  grad=0.69/0.50  h=6.4 c=30.9  kl=0.0083  vl=0.0001
Step: 3588096 SPS: 1674  ev=0.143  ent=0.944  grad=0.56/0.50  h=6.3 c=29.5  kl=0.0069  vl=0.0001
Step: 3592192 SPS: 1675  ev=0.140  ent=0.925  grad=0.27/0.27  h=6.4 c=31.5  kl=0.0089  vl=0.0317
Step: 3596288 SPS: 1675  ev=0.089  ent=0.944  grad=0.44/0.44  h=6.3 c=29.8  kl=0.0115  vl=0.0089
Step: 3600384 SPS: 1675  ev=-5.809  ent=0.980  grad=0.28/0.28  h=6.3 c=29.6  kl=0.0089  vl=0.0009
  vs Random: 96W/5L/0D | score=7.4±15.8 inv=0.5 played=12.9 lanes=3.7 ddraw=45.4 pts=7
  Self-play: 51W/46L/3D | score=-2.4±22.4 inv=0.8 played=11.5 lanes=3.7 ddraw=40.2 pts=-2
Step: 3604480 SPS: 1668  ev=0.143  ent=0.962  grad=0.44/0.44  h=6.5 c=31.2  kl=0.0127  vl=0.0409
Step: 3608576 SPS: 1668  ev=-2.071  ent=0.944  grad=0.38/0.38  h=6.3 c=30.3  kl=0.0093  vl=0.0003
Step: 3612672 SPS: 1668  ev=-0.003  ent=0.966  grad=0.80/0.50  h=6.4 c=30.0  kl=0.0117  vl=0.0002
Step: 3616768 SPS: 1669  ev=-2.351  ent=0.970  grad=0.47/0.47  h=6.4 c=31.1  kl=0.0127  vl=0.0002
Step: 3620864 SPS: 1669  ev=-0.341  ent=0.984  grad=1.00/0.50  h=6.4 c=31.5  kl=0.0084  vl=0.0001
Step: 3624960 SPS: 1669  ev=0.213  ent=0.952  grad=0.36/0.36  h=6.3 c=29.6  kl=0.0109  vl=0.0012
Step: 3629056 SPS: 1669  ev=0.176  ent=0.987  grad=0.63/0.50  h=6.4 c=30.9  kl=0.0109  vl=0.0289
Step: 3633152 SPS: 1669  ev=0.162  ent=0.960  grad=0.63/0.50  h=6.4 c=31.8  kl=0.0071  vl=0.0004
Step: 3637248 SPS: 1670  ev=-5.845  ent=0.972  grad=0.34/0.34  h=6.4 c=30.3  kl=0.0078  vl=0.0006
Step: 3641344 SPS: 1670  ev=0.143  ent=0.992  grad=0.56/0.50  h=6.4 c=30.3  kl=0.0090  vl=0.0003
Step: 3645440 SPS: 1670  ev=-2.787  ent=0.979  grad=0.79/0.50  h=6.4 c=31.1  kl=0.0072  vl=0.0002
Step: 3649536 SPS: 1670  ev=0.046  ent=0.949  grad=0.56/0.50  h=6.4 c=31.8  kl=0.0060  vl=0.0005
Step: 3653632 SPS: 1670  ev=-2.845  ent=0.956  grad=0.45/0.45  h=6.4 c=30.8  kl=0.0084  vl=0.0004
Step: 3657728 SPS: 1670  ev=-0.347  ent=0.977  grad=0.36/0.36  h=6.5 c=31.7  kl=0.0141  vl=0.0014
Step: 3661824 SPS: 1671  ev=0.031  ent=0.996  grad=1.09/0.50  h=6.3 c=31.7  kl=0.0070  vl=0.0004
Step: 3665920 SPS: 1671  ev=0.066  ent=1.002  grad=0.37/0.37  h=6.4 c=31.1  kl=0.0116  vl=0.0124
Step: 3670016 SPS: 1671  ev=0.020  ent=0.963  grad=0.40/0.40  h=6.4 c=31.9  kl=0.0087  vl=0.0004
Step: 3674112 SPS: 1671  ev=-4.208  ent=0.980  grad=0.65/0.50  h=6.5 c=33.0  kl=0.0089  vl=0.0001
Step: 3678208 SPS: 1671  ev=-40.146  ent=0.957  grad=0.18/0.18  h=6.3 c=31.4  kl=0.0080  vl=0.0021
Step: 3682304 SPS: 1672  ev=0.100  ent=1.044  grad=0.36/0.36  h=6.4 c=31.3  kl=0.0115  vl=0.0011
  vs Random: 102W/1L/0D | score=5.8±15.8 inv=0.5 played=12.6 lanes=3.7 ddraw=46.0 pts=6
  Self-play: 48W/52L/2D | score=-0.6±20.2 inv=0.7 played=11.4 lanes=3.6 ddraw=41.6 pts=-1
Step: 3686400 SPS: 1663  ev=-30.252  ent=1.011  grad=0.40/0.40  h=6.5 c=33.3  kl=0.0088  vl=0.0003
Step: 3690496 SPS: 1663  ev=0.105  ent=0.999  grad=0.85/0.50  h=6.3 c=31.2  kl=0.0058  vl=0.0001
Step: 3694592 SPS: 1663  ev=-4.211  ent=1.026  grad=0.71/0.50  h=6.4 c=30.5  kl=0.0063  vl=0.0001
Step: 3698688 SPS: 1664  ev=0.071  ent=1.035  grad=1.12/0.50  h=6.5 c=32.5  kl=0.0140  vl=0.0001
Step: 3702784 SPS: 1664  ev=0.049  ent=1.003  grad=0.48/0.48  h=6.5 c=32.2  kl=0.0108  vl=0.0448
Step: 3706880 SPS: 1664  ev=-0.700  ent=0.992  grad=0.44/0.44  h=6.4 c=31.5  kl=0.0111  vl=0.0006
Step: 3710976 SPS: 1664  ev=0.047  ent=1.008  grad=0.76/0.50  h=6.5 c=31.7  kl=0.0107  vl=0.0002
Step: 3715072 SPS: 1665  ev=-0.029  ent=0.953  grad=0.64/0.50  h=6.5 c=33.9  kl=0.0076  vl=0.0006
Step: 3719168 SPS: 1665  ev=0.016  ent=0.998  grad=0.26/0.26  h=6.4 c=31.0  kl=0.0101  vl=0.0102
Step: 3723264 SPS: 1665  ev=-0.463  ent=1.012  grad=0.72/0.50  h=6.4 c=31.7  kl=0.0103  vl=0.0002
Step: 3727360 SPS: 1665  ev=-0.466  ent=1.001  grad=0.70/0.50  h=6.6 c=34.3  kl=0.0097  vl=0.0001
Step: 3731456 SPS: 1665  ev=-3.082  ent=0.998  grad=0.48/0.48  h=6.4 c=31.4  kl=0.0082  vl=0.0002
Step: 3735552 SPS: 1666  ev=-4.259  ent=0.990  grad=0.52/0.50  h=6.4 c=31.1  kl=0.0127  vl=0.0002
Step: 3739648 SPS: 1666  ev=-0.995  ent=0.970  grad=0.25/0.25  h=6.5 c=33.0  kl=0.0092  vl=0.0004
Step: 3743744 SPS: 1666  ev=0.112  ent=0.986  grad=0.59/0.50  h=6.5 c=32.7  kl=0.0080  vl=0.0004
Step: 3747840 SPS: 1666  ev=0.179  ent=0.996  grad=0.66/0.50  h=6.4 c=31.6  kl=0.0125  vl=0.0397
Step: 3751936 SPS: 1666  ev=0.467  ent=0.966  grad=0.60/0.50  h=6.5 c=32.9  kl=0.0079  vl=0.0001
Step: 3756032 SPS: 1667  ev=0.183  ent=1.032  grad=0.40/0.40  h=6.6 c=34.5  kl=0.0096  vl=0.0004
Step: 3760128 SPS: 1667  ev=-2.040  ent=0.962  grad=0.72/0.50  h=6.4 c=31.3  kl=0.0127  vl=0.0002
Step: 3764224 SPS: 1667  ev=0.265  ent=0.955  grad=0.64/0.50  h=6.5 c=31.7  kl=0.0052  vl=0.0002
  vs Random: 92W/7L/1D | score=7.0±15.4 inv=0.6 played=12.6 lanes=3.7 ddraw=53.0 pts=7
  Self-play: 48W/50L/2D | score=-0.2±20.4 inv=0.6 played=10.4 lanes=3.4 ddraw=44.8 pts=-0
Step: 3768320 SPS: 1658  ev=-2.461  ent=0.967  grad=0.65/0.50  h=6.7 c=36.2  kl=0.0079  vl=0.0001
Step: 3772416 SPS: 1659  ev=-1.799  ent=0.994  grad=0.60/0.50  h=6.3 c=31.1  kl=0.0091  vl=0.0002
Step: 3776512 SPS: 1659  ev=-5.991  ent=0.956  grad=0.33/0.33  h=6.5 c=31.0  kl=0.0104  vl=0.0005
Step: 3780608 SPS: 1659  ev=-0.487  ent=0.966  grad=0.82/0.50  h=6.7 c=34.8  kl=0.0091  vl=0.0001
Step: 3784704 SPS: 1660  ev=-0.469  ent=0.996  grad=0.28/0.28  h=6.5 c=33.0  kl=0.0088  vl=0.0013
Step: 3788800 SPS: 1660  ev=-0.138  ent=0.948  grad=0.36/0.36  h=6.4 c=30.8  kl=0.0052  vl=0.0017
Step: 3792896 SPS: 1660  ev=0.009  ent=0.994  grad=0.62/0.50  h=6.6 c=33.3  kl=0.0068  vl=0.0001
Step: 3796992 SPS: 1660  ev=0.095  ent=0.989  grad=0.74/0.50  h=6.5 c=33.8  kl=0.0064  vl=0.0001
Step: 3801088 SPS: 1660  ev=0.028  ent=0.966  grad=0.53/0.50  h=6.3 c=30.5  kl=0.0095  vl=0.0467
Step: 3805184 SPS: 1661  ev=-1.248  ent=1.017  grad=0.37/0.37  h=6.5 c=32.1  kl=0.0087  vl=0.0002
Step: 3809280 SPS: 1661  ev=0.238  ent=0.968  grad=0.63/0.50  h=6.6 c=34.4  kl=0.0067  vl=0.0001
Step: 3813376 SPS: 1661  ev=0.005  ent=0.954  grad=0.41/0.41  h=6.4 c=31.3  kl=0.0135  vl=0.0008
Step: 3817472 SPS: 1661  ev=-0.790  ent=0.937  grad=0.32/0.32  h=6.4 c=30.6  kl=0.0100  vl=0.0008
Step: 3821568 SPS: 1661  ev=-5.289  ent=0.928  grad=0.33/0.33  h=6.6 c=34.2  kl=0.0078  vl=0.0004
Step: 3825664 SPS: 1662  ev=0.047  ent=0.961  grad=0.78/0.50  h=6.5 c=32.6  kl=0.0066  vl=0.0000
Step: 3829760 SPS: 1662  ev=0.144  ent=0.975  grad=0.31/0.31  h=6.4 c=31.1  kl=0.0091  vl=0.0159
Step: 3833856 SPS: 1662  ev=0.151  ent=0.924  grad=0.60/0.50  h=6.5 c=33.1  kl=0.0125  vl=0.0008
Step: 3837952 SPS: 1662  ev=0.241  ent=0.952  grad=0.33/0.33  h=6.4 c=32.1  kl=0.0089  vl=0.0323
Step: 3842048 SPS: 1663  ev=-0.044  ent=0.972  grad=0.52/0.50  h=6.4 c=30.3  kl=0.0088  vl=0.0003
Step: 3846144 SPS: 1663  ev=-3.586  ent=0.931  grad=0.63/0.50  h=6.5 c=32.4  kl=0.0086  vl=0.0001
  vs Random: 98W/2L/0D | score=7.2±15.0 inv=0.4 played=12.4 lanes=3.7 ddraw=56.0 pts=7
  Self-play: 52W/46L/2D | score=3.5±19.2 inv=0.7 played=10.9 lanes=3.5 ddraw=41.4 pts=4
Step: 3850240 SPS: 1655  ev=0.027  ent=0.947  grad=0.58/0.50  h=6.4 c=32.5  kl=0.0108  vl=0.0504
Step: 3854336 SPS: 1656  ev=0.514  ent=0.980  grad=0.57/0.50  h=6.4 c=30.6  kl=0.0066  vl=0.0001
Step: 3858432 SPS: 1656  ev=-1.730  ent=0.932  grad=0.51/0.50  h=6.5 c=31.6  kl=0.0053  vl=0.0001
Step: 3862528 SPS: 1656  ev=0.348  ent=0.912  grad=0.42/0.42  h=6.7 c=35.3  kl=0.0106  vl=0.0006
Step: 3866624 SPS: 1656  ev=-0.015  ent=0.936  grad=0.48/0.48  h=6.3 c=30.3  kl=0.0111  vl=0.0437
Step: 3870720 SPS: 1657  ev=-2.919  ent=0.919  grad=0.60/0.50  h=6.4 c=30.7  kl=0.0109  vl=0.0001
Step: 3874816 SPS: 1657  ev=-0.080  ent=0.907  grad=0.64/0.50  h=6.7 c=34.5  kl=0.0108  vl=0.0002
Step: 3878912 SPS: 1657  ev=-0.372  ent=0.916  grad=0.48/0.48  h=6.4 c=31.1  kl=0.0098  vl=0.0003
Step: 3883008 SPS: 1657  ev=-1.586  ent=0.949  grad=0.60/0.50  h=6.4 c=29.7  kl=0.0090  vl=0.0001
Step: 3887104 SPS: 1657  ev=-0.011  ent=0.964  grad=0.22/0.22  h=6.5 c=32.4  kl=0.0120  vl=0.0014
Step: 3891200 SPS: 1658  ev=0.024  ent=0.929  grad=0.30/0.30  h=6.5 c=32.4  kl=0.0077  vl=0.0193
Step: 3895296 SPS: 1658  ev=0.125  ent=0.921  grad=0.83/0.50  h=6.3 c=29.9  kl=0.0077  vl=0.0003
Step: 3899392 SPS: 1658  ev=0.082  ent=0.915  grad=0.58/0.50  h=6.5 c=32.0  kl=0.0091  vl=0.0003
Step: 3903488 SPS: 1658  ev=-0.497  ent=0.927  grad=0.71/0.50  h=6.4 c=32.3  kl=0.0092  vl=0.0002
Step: 3907584 SPS: 1658  ev=-0.076  ent=0.935  grad=0.14/0.14  h=6.3 c=29.7  kl=0.0120  vl=0.0033
Step: 3911680 SPS: 1658  ev=-0.176  ent=0.916  grad=0.43/0.43  h=6.4 c=31.5  kl=0.0091  vl=0.0002
Step: 3915776 SPS: 1659  ev=0.257  ent=0.908  grad=0.66/0.50  h=6.5 c=33.1  kl=0.0081  vl=0.0001
Step: 3919872 SPS: 1659  ev=-8.451  ent=0.914  grad=0.27/0.27  h=6.3 c=30.2  kl=0.0089  vl=0.0003
Step: 3923968 SPS: 1659  ev=-5.439  ent=0.926  grad=0.55/0.50  h=6.3 c=30.7  kl=0.0112  vl=0.0001
Step: 3928064 SPS: 1659  ev=-3.437  ent=0.920  grad=0.63/0.50  h=6.5 c=33.2  kl=0.0105  vl=0.0001
  vs Random: 92W/8L/0D | score=9.5±20.4 inv=0.8 played=13.5 lanes=3.8 ddraw=45.7 pts=10
  Self-play: 53W/46L/1D | score=9.0±20.0 inv=0.9 played=11.8 lanes=3.5 ddraw=36.5 pts=9
Step: 3932160 SPS: 1652  ev=0.086  ent=0.953  grad=0.42/0.42  h=6.3 c=31.3  kl=0.0109  vl=0.0389
Step: 3936256 SPS: 1652  ev=-0.029  ent=0.946  grad=0.82/0.50  h=6.3 c=30.4  kl=0.0076  vl=0.0001
Step: 3940352 SPS: 1652  ev=0.091  ent=0.917  grad=0.73/0.50  h=6.5 c=32.6  kl=0.0090  vl=0.0004
Step: 3944448 SPS: 1652  ev=-1.650  ent=0.935  grad=0.58/0.50  h=6.4 c=32.7  kl=0.0089  vl=0.0002
Step: 3948544 SPS: 1653  ev=-0.158  ent=0.933  grad=0.54/0.50  h=6.2 c=29.2  kl=0.0084  vl=0.0001
Step: 3952640 SPS: 1653  ev=-0.282  ent=0.866  grad=0.41/0.41  h=6.5 c=33.0  kl=0.0101  vl=0.0004
Step: 3956736 SPS: 1653  ev=0.116  ent=0.941  grad=0.63/0.50  h=6.3 c=31.8  kl=0.0085  vl=0.0002
Step: 3960832 SPS: 1653  ev=-12.815  ent=0.943  grad=0.40/0.40  h=6.1 c=27.8  kl=0.0080  vl=0.0003
Step: 3964928 SPS: 1653  ev=0.003  ent=0.945  grad=0.60/0.50  h=6.4 c=31.4  kl=0.0102  vl=0.0307
Step: 3969024 SPS: 1654  ev=-4.137  ent=0.902  grad=0.43/0.43  h=6.4 c=33.2  kl=0.0119  vl=0.0002
Step: 3973120 SPS: 1654  ev=0.083  ent=0.925  grad=0.60/0.50  h=6.1 c=28.9  kl=0.0081  vl=0.0002
Step: 3977216 SPS: 1654  ev=-1.027  ent=0.938  grad=0.62/0.50  h=6.3 c=30.2  kl=0.0129  vl=0.0001
Step: 3981312 SPS: 1654  ev=-5.876  ent=0.923  grad=0.87/0.50  h=6.4 c=32.1  kl=0.0082  vl=0.0002
Step: 3985408 SPS: 1654  ev=-3.855  ent=0.928  grad=0.48/0.48  h=6.3 c=31.8  kl=0.0111  vl=0.0002
Step: 3989504 SPS: 1654  ev=-1.744  ent=0.913  grad=0.65/0.50  h=6.2 c=28.9  kl=0.0098  vl=0.0001
Step: 3993600 SPS: 1654  ev=-1.866  ent=0.938  grad=0.64/0.50  h=6.3 c=31.2  kl=0.0111  vl=0.0001
Step: 3997696 SPS: 1655  ev=-4.108  ent=0.928  grad=0.57/0.50  h=6.4 c=32.9  kl=0.0102  vl=0.0001
Step: 4001792 SPS: 1655  ev=0.016  ent=0.989  grad=0.82/0.50  h=6.2 c=28.8  kl=0.0080  vl=0.0000
Step: 4005888 SPS: 1655  ev=0.044  ent=0.905  grad=0.68/0.50  h=6.3 c=30.8  kl=0.0078  vl=0.0005
Step: 4009984 SPS: 1655  ev=0.693  ent=0.925  grad=0.77/0.50  h=6.3 c=31.2  kl=0.0083  vl=0.0002
  vs Random: 98W/2L/0D | score=10.0±16.8 inv=0.8 played=13.9 lanes=3.9 ddraw=45.7 pts=10
  Self-play: 43W/56L/1D | score=5.6±22.8 inv=1.1 played=12.4 lanes=3.7 ddraw=30.2 pts=6
Step: 4014080 SPS: 1649  ev=0.166  ent=0.879  grad=0.30/0.30  h=6.2 c=28.6  kl=0.0115  vl=0.0393
Step: 4018176 SPS: 1649  ev=-0.084  ent=0.864  grad=0.41/0.41  h=6.3 c=30.2  kl=0.0066  vl=0.0010
Step: 4022272 SPS: 1649  ev=-2.466  ent=0.908  grad=0.44/0.44  h=6.4 c=32.6  kl=0.0083  vl=0.0006
Step: 4026368 SPS: 1649  ev=0.179  ent=0.915  grad=0.75/0.50  h=6.2 c=29.9  kl=0.0106  vl=0.0005
Step: 4030464 SPS: 1649  ev=-0.496  ent=0.922  grad=0.65/0.50  h=6.2 c=29.1  kl=0.0123  vl=0.0003
Step: 4034560 SPS: 1650  ev=0.052  ent=0.873  grad=0.67/0.50  h=6.5 c=32.4  kl=0.0104  vl=0.0002
Step: 4038656 SPS: 1650  ev=-4.787  ent=0.930  grad=0.41/0.41  h=6.3 c=30.9  kl=0.0108  vl=0.0004
Step: 4042752 SPS: 1650  ev=0.069  ent=0.922  grad=0.64/0.50  h=6.2 c=28.6  kl=0.0081  vl=0.0435
Step: 4046848 SPS: 1650  ev=-2.558  ent=0.918  grad=0.81/0.50  h=6.4 c=31.4  kl=0.0071  vl=0.0001
Step: 4050944 SPS: 1650  ev=0.192  ent=0.878  grad=0.59/0.50  h=6.4 c=31.8  kl=0.0104  vl=0.0003
Step: 4055040 SPS: 1650  ev=0.039  ent=0.905  grad=0.23/0.23  h=6.2 c=28.4  kl=0.0103  vl=0.0197
Step: 4059136 SPS: 1651  ev=-0.460  ent=0.871  grad=0.44/0.44  h=6.3 c=30.2  kl=0.0096  vl=0.0006
Step: 4063232 SPS: 1651  ev=-2.630  ent=0.927  grad=0.50/0.50  h=6.4 c=32.3  kl=0.0111  vl=0.0004
Step: 4067328 SPS: 1651  ev=-1.510  ent=0.917  grad=0.52/0.50  h=6.2 c=29.8  kl=0.0103  vl=0.0005
Step: 4071424 SPS: 1651  ev=-4.135  ent=0.930  grad=0.79/0.50  h=6.2 c=29.9  kl=0.0119  vl=0.0001
Step: 4075520 SPS: 1651  ev=0.179  ent=0.894  grad=0.50/0.50  h=6.3 c=31.4  kl=0.0103  vl=0.0013
Step: 4079616 SPS: 1652  ev=0.268  ent=0.910  grad=0.56/0.50  h=6.3 c=31.9  kl=0.0113  vl=0.0002
Step: 4083712 SPS: 1652  ev=0.249  ent=0.938  grad=0.51/0.50  h=6.2 c=28.5  kl=0.0107  vl=0.0004
Step: 4087808 SPS: 1652  ev=0.230  ent=0.916  grad=0.64/0.50  h=6.3 c=31.2  kl=0.0080  vl=0.0011
Step: 4091904 SPS: 1652  ev=-29.182  ent=0.913  grad=0.21/0.21  h=6.3 c=31.8  kl=0.0114  vl=0.0115
  vs Random: 101W/1L/0D | score=11.1±16.9 inv=0.9 played=13.8 lanes=4.0 ddraw=45.5 pts=11
  Self-play: 48W/52L/1D | score=1.2±23.9 inv=1.1 played=12.1 lanes=3.7 ddraw=31.9 pts=1
Step: 4096000 SPS: 1646  ev=-14.834  ent=0.921  grad=0.45/0.45  h=6.1 c=27.7  kl=0.0102  vl=0.0024
Step: 4100096 SPS: 1646  ev=-0.002  ent=0.903  grad=0.44/0.44  h=6.2 c=30.3  kl=0.0102  vl=0.0004
Step: 4104192 SPS: 1646  ev=-3.037  ent=0.931  grad=0.83/0.50  h=6.4 c=33.4  kl=0.0096  vl=0.0001
Step: 4108288 SPS: 1646  ev=-2.958  ent=0.918  grad=0.71/0.50  h=6.0 c=27.8  kl=0.0084  vl=0.0001
Step: 4112384 SPS: 1646  ev=-19.723  ent=0.951  grad=0.64/0.50  h=6.3 c=30.1  kl=0.0063  vl=0.0001
Step: 4116480 SPS: 1647  ev=0.105  ent=0.941  grad=0.46/0.46  h=6.4 c=31.9  kl=0.0077  vl=0.0008
Step: 4120576 SPS: 1647  ev=-5.873  ent=0.923  grad=0.28/0.28  h=6.3 c=31.6  kl=0.0106  vl=0.0008
Step: 4124672 SPS: 1647  ev=-2.200  ent=0.963  grad=0.52/0.50  h=6.1 c=28.8  kl=0.0063  vl=0.0001
Step: 4128768 SPS: 1647  ev=-6.717  ent=0.904  grad=0.70/0.50  h=6.3 c=31.6  kl=0.0071  vl=0.0001
Step: 4132864 SPS: 1647  ev=-1.142  ent=0.955  grad=0.67/0.50  h=6.3 c=32.1  kl=0.0091  vl=0.0002
Step: 4136960 SPS: 1647  ev=-1.868  ent=0.925  grad=0.43/0.43  h=6.2 c=29.3  kl=0.0083  vl=0.0001
Step: 4141056 SPS: 1648  ev=-0.139  ent=0.959  grad=0.36/0.36  h=6.2 c=31.0  kl=0.0098  vl=0.0002
Step: 4145152 SPS: 1648  ev=-3.536  ent=0.936  grad=0.76/0.50  h=6.3 c=32.2  kl=0.0083  vl=0.0000
Step: 4149248 SPS: 1648  ev=-2.540  ent=0.922  grad=0.52/0.50  h=6.1 c=29.6  kl=0.0112  vl=0.0001
Step: 4153344 SPS: 1648  ev=-4.013  ent=0.941  grad=0.41/0.41  h=6.2 c=29.6  kl=0.0122  vl=0.0001
Step: 4157440 SPS: 1648  ev=-1.551  ent=0.927  grad=0.61/0.50  h=6.4 c=33.5  kl=0.0089  vl=0.0000
Step: 4161536 SPS: 1649  ev=-7.320  ent=0.947  grad=0.60/0.50  h=6.2 c=30.3  kl=0.0111  vl=0.0000
Step: 4165632 SPS: 1649  ev=-2.211  ent=0.959  grad=0.65/0.50  h=6.3 c=30.7  kl=0.0111  vl=0.0000
Step: 4169728 SPS: 1649  ev=-0.000  ent=0.962  grad=0.51/0.50  h=6.3 c=32.5  kl=0.0090  vl=0.0002
Step: 4173824 SPS: 1649  ev=-0.003  ent=0.940  grad=0.70/0.50  h=6.2 c=31.0  kl=0.0085  vl=0.0003
  vs Random: 100W/0L/0D | score=6.9±17.3 inv=1.0 played=13.8 lanes=4.0 ddraw=47.5 pts=7
  Self-play: 54W/47L/0D | score=2.3±20.8 inv=1.0 played=12.0 lanes=3.7 ddraw=35.6 pts=2
Step: 4177920 SPS: 1642  ev=-0.202  ent=0.947  grad=0.70/0.50  h=6.2 c=30.2  kl=0.0089  vl=0.0001
Step: 4182016 SPS: 1643  ev=0.000  ent=0.965  grad=0.99/0.50  h=6.3 c=31.4  kl=0.0110  vl=0.0003
Step: 4186112 SPS: 1643  ev=0.013  ent=0.939  grad=0.73/0.50  h=6.3 c=32.9  kl=0.0083  vl=0.0007
Step: 4190208 SPS: 1643  ev=0.247  ent=0.909  grad=0.71/0.50  h=6.3 c=30.9  kl=0.0086  vl=0.0007
Step: 4194304 SPS: 1643  ev=-0.026  ent=0.934  grad=0.51/0.50  h=6.3 c=30.5  kl=0.0077  vl=0.0003
Step: 4198400 SPS: 1643  ev=0.023  ent=0.954  grad=0.82/0.50  h=6.4 c=33.7  kl=0.0101  vl=0.0004
Step: 4202496 SPS: 1644  ev=0.083  ent=0.925  grad=0.26/0.26  h=6.2 c=30.8  kl=0.0078  vl=0.0015
Step: 4206592 SPS: 1644  ev=0.090  ent=0.952  grad=0.96/0.50  h=6.2 c=30.8  kl=0.0095  vl=0.0001
Step: 4210688 SPS: 1644  ev=0.297  ent=0.914  grad=0.31/0.31  h=6.3 c=32.1  kl=0.0066  vl=0.0270
Step: 4214784 SPS: 1644  ev=-4.370  ent=0.936  grad=0.47/0.47  h=6.2 c=31.1  kl=0.0062  vl=0.0003
Step: 4218880 SPS: 1644  ev=-2.987  ent=0.952  grad=0.44/0.44  h=6.3 c=31.2  kl=0.0101  vl=0.0003
Step: 4222976 SPS: 1644  ev=-1.730  ent=0.936  grad=0.40/0.40  h=6.3 c=31.9  kl=0.0093  vl=0.0002
Step: 4227072 SPS: 1645  ev=-3.513  ent=0.918  grad=0.53/0.50  h=6.3 c=32.4  kl=0.0107  vl=0.0001
Step: 4231168 SPS: 1645  ev=0.376  ent=0.939  grad=0.27/0.27  h=6.2 c=29.6  kl=0.0112  vl=0.0180
Step: 4235264 SPS: 1645  ev=0.586  ent=0.888  grad=0.15/0.15  h=6.3 c=31.1  kl=0.0078  vl=0.0034
Step: 4239360 SPS: 1645  ev=-12.930  ent=0.915  grad=0.40/0.40  h=6.4 c=32.4  kl=0.0087  vl=0.0001
Step: 4243456 SPS: 1645  ev=-0.415  ent=0.945  grad=0.72/0.50  h=6.2 c=29.6  kl=0.0086  vl=0.0001
Step: 4247552 SPS: 1645  ev=-8.388  ent=0.949  grad=0.43/0.43  h=6.3 c=30.9  kl=0.0103  vl=0.0001
Step: 4251648 SPS: 1646  ev=-4.733  ent=0.953  grad=0.51/0.50  h=6.3 c=32.6  kl=0.0069  vl=0.0001
Step: 4255744 SPS: 1646  ev=0.008  ent=0.915  grad=0.45/0.45  h=6.1 c=30.1  kl=0.0114  vl=0.0127
  vs Random: 99W/2L/0D | score=9.2±18.4 inv=0.6 played=14.0 lanes=4.1 ddraw=49.1 pts=9
  Self-play: 44W/50L/6D | score=-0.6±24.1 inv=1.2 played=12.3 lanes=3.9 ddraw=35.5 pts=-1
Step: 4259840 SPS: 1639  ev=0.115  ent=0.974  grad=0.92/0.50  h=6.3 c=31.6  kl=0.0085  vl=0.0003
Step: 4263936 SPS: 1639  ev=-2.577  ent=0.945  grad=0.37/0.37  h=6.3 c=31.9  kl=0.0097  vl=0.0010
Step: 4268032 SPS: 1639  ev=-2.603  ent=0.899  grad=0.48/0.48  h=6.2 c=30.3  kl=0.0104  vl=0.0003
Step: 4272128 SPS: 1639  ev=-8.970  ent=0.911  grad=0.45/0.45  h=6.3 c=31.1  kl=0.0102  vl=0.0001
Step: 4276224 SPS: 1640  ev=-0.251  ent=0.929  grad=0.33/0.33  h=6.3 c=31.1  kl=0.0150  vl=0.0006
Step: 4280320 SPS: 1640  ev=0.234  ent=0.908  grad=0.35/0.35  h=6.3 c=31.7  kl=0.0099  vl=0.0319
Step: 4284416 SPS: 1640  ev=0.004  ent=0.956  grad=0.53/0.50  h=6.3 c=29.9  kl=0.0082  vl=0.0001
Step: 4288512 SPS: 1640  ev=-6.485  ent=0.922  grad=0.70/0.50  h=6.3 c=30.3  kl=0.0074  vl=0.0001
Step: 4292608 SPS: 1640  ev=-1.774  ent=0.981  grad=0.42/0.42  h=6.3 c=31.8  kl=0.0090  vl=0.0002
Step: 4296704 SPS: 1640  ev=-2.667  ent=0.977  grad=0.67/0.50  h=6.3 c=30.3  kl=0.0125  vl=0.0001
Step: 4300800 SPS: 1640  ev=0.186  ent=0.923  grad=0.75/0.50  h=6.4 c=31.6  kl=0.0056  vl=0.0001
Step: 4304896 SPS: 1641  ev=-2.743  ent=0.928  grad=0.45/0.45  h=6.2 c=30.7  kl=0.0082  vl=0.0004
Step: 4308992 SPS: 1641  ev=0.010  ent=0.943  grad=0.43/0.43  h=6.3 c=30.5  kl=0.0129  vl=0.0455
Step: 4313088 SPS: 1641  ev=-14.846  ent=0.929  grad=0.24/0.24  h=6.3 c=30.7  kl=0.0070  vl=0.0007
Step: 4317184 SPS: 1641  ev=0.150  ent=0.948  grad=0.61/0.50  h=6.3 c=31.3  kl=0.0093  vl=0.0002
Step: 4321280 SPS: 1641  ev=-0.108  ent=0.952  grad=0.67/0.50  h=6.2 c=30.3  kl=0.0073  vl=0.0001
Step: 4325376 SPS: 1642  ev=0.092  ent=0.917  grad=0.36/0.36  h=6.2 c=30.4  kl=0.0101  vl=0.0327
Step: 4329472 SPS: 1642  ev=0.138  ent=0.887  grad=0.83/0.50  h=6.2 c=31.3  kl=0.0102  vl=0.0009
Step: 4333568 SPS: 1642  ev=0.026  ent=0.943  grad=0.61/0.50  h=6.2 c=31.0  kl=0.0095  vl=0.0018
Step: 4337664 SPS: 1642  ev=0.157  ent=0.937  grad=0.38/0.38  h=6.3 c=31.1  kl=0.0139  vl=0.0310
  vs Random: 94W/5L/1D | score=4.3±17.8 inv=0.7 played=13.2 lanes=4.0 ddraw=46.3 pts=4
  Self-play: 52W/44L/4D | score=-2.0±21.6 inv=0.9 played=12.2 lanes=3.9 ddraw=35.9 pts=-2
Step: 4341760 SPS: 1635  ev=0.157  ent=0.966  grad=0.87/0.50  h=6.3 c=31.7  kl=0.0099  vl=0.0011
Step: 4345856 SPS: 1636  ev=0.025  ent=0.901  grad=0.70/0.50  h=6.3 c=31.9  kl=0.0048  vl=0.0012
Step: 4349952 SPS: 1636  ev=-0.981  ent=0.934  grad=0.62/0.50  h=6.3 c=31.0  kl=0.0146  vl=0.0009
Step: 4354048 SPS: 1636  ev=-8.787  ent=0.965  grad=0.50/0.50  h=6.3 c=31.5  kl=0.0136  vl=0.0003
Step: 4358144 SPS: 1636  ev=0.129  ent=0.921  grad=0.12/0.12  h=6.3 c=31.7  kl=0.0152  vl=0.0100
Step: 4362240 SPS: 1636  ev=-0.049  ent=0.955  grad=0.32/0.32  h=6.3 c=30.8  kl=0.0122  vl=0.0007
Step: 4366336 SPS: 1637  ev=-0.348  ent=0.917  grad=0.13/0.13  h=6.3 c=30.9  kl=0.0111  vl=0.0020
Step: 4370432 SPS: 1637  ev=0.161  ent=0.970  grad=0.85/0.50  h=6.3 c=31.8  kl=0.0097  vl=0.0003
Step: 4374528 SPS: 1637  ev=-0.072  ent=0.949  grad=0.43/0.43  h=6.2 c=30.6  kl=0.0128  vl=0.0016
Step: 4378624 SPS: 1637  ev=0.233  ent=0.961  grad=0.45/0.45  h=6.4 c=31.4  kl=0.0104  vl=0.0005
Step: 4382720 SPS: 1638  ev=0.066  ent=0.963  grad=0.99/0.50  h=6.3 c=31.7  kl=0.0107  vl=0.0007
Step: 4386816 SPS: 1638  ev=0.052  ent=0.971  grad=0.96/0.50  h=6.4 c=31.3  kl=0.0110  vl=0.0003
Step: 4390912 SPS: 1638  ev=0.273  ent=0.947  grad=0.68/0.50  h=6.3 c=30.9  kl=0.0127  vl=0.0003
Step: 4395008 SPS: 1638  ev=0.016  ent=0.946  grad=0.67/0.50  h=6.4 c=32.7  kl=0.0142  vl=0.0008
Step: 4399104 SPS: 1639  ev=-2.616  ent=0.916  grad=0.68/0.50  h=6.3 c=31.5  kl=0.0120  vl=0.0002
Step: 4403200 SPS: 1639  ev=-0.053  ent=0.936  grad=0.79/0.50  h=6.3 c=31.7  kl=0.0122  vl=0.0001
Step: 4407296 SPS: 1639  ev=0.053  ent=0.935  grad=0.80/0.50  h=6.4 c=32.1  kl=0.0114  vl=0.0004
Step: 4411392 SPS: 1639  ev=0.022  ent=0.904  grad=0.28/0.28  h=6.3 c=31.9  kl=0.0151  vl=0.0058
Step: 4415488 SPS: 1640  ev=0.575  ent=0.938  grad=0.63/0.50  h=6.4 c=32.3  kl=0.0110  vl=0.0002
Step: 4419584 SPS: 1640  ev=-1.406  ent=0.919  grad=0.71/0.50  h=6.4 c=32.2  kl=0.0122  vl=0.0003
  vs Random: 99W/1L/0D | score=5.0±14.3 inv=0.5 played=13.6 lanes=4.2 ddraw=45.6 pts=5
  Self-play: 50W/49L/2D | score=-2.9±22.3 inv=0.9 played=11.9 lanes=3.8 ddraw=41.8 pts=-3
Step: 4423680 SPS: 1633  ev=-0.010  ent=0.921  grad=0.67/0.50  h=6.4 c=33.1  kl=0.0124  vl=0.0014
Step: 4427776 SPS: 1634  ev=-0.870  ent=0.919  grad=0.54/0.50  h=6.3 c=31.6  kl=0.0138  vl=0.0002
Step: 4431872 SPS: 1634  ev=-1.180  ent=0.994  grad=0.71/0.50  h=6.3 c=30.8  kl=0.0117  vl=0.0001
Step: 4435968 SPS: 1634  ev=0.030  ent=0.924  grad=0.56/0.50  h=6.4 c=33.0  kl=0.0114  vl=0.0008
Step: 4440064 SPS: 1634  ev=0.007  ent=0.913  grad=0.56/0.50  h=6.4 c=31.6  kl=0.0112  vl=0.0006
Step: 4444160 SPS: 1634  ev=-0.178  ent=0.947  grad=0.48/0.48  h=6.4 c=31.4  kl=0.0113  vl=0.0004
Step: 4448256 SPS: 1635  ev=0.131  ent=0.925  grad=0.28/0.28  h=6.4 c=32.2  kl=0.0142  vl=0.0332
Step: 4452352 SPS: 1635  ev=-2.675  ent=0.945  grad=0.52/0.50  h=6.3 c=31.6  kl=0.0118  vl=0.0004
Step: 4456448 SPS: 1635  ev=-3.043  ent=0.924  grad=0.63/0.50  h=6.4 c=31.9  kl=0.0124  vl=0.0001
Step: 4460544 SPS: 1635  ev=0.016  ent=0.966  grad=0.66/0.50  h=6.4 c=31.8  kl=0.0127  vl=0.0460
Step: 4464640 SPS: 1636  ev=-0.589  ent=0.901  grad=0.61/0.50  h=6.4 c=32.9  kl=0.0128  vl=0.0001
Step: 4468736 SPS: 1636  ev=-0.003  ent=0.957  grad=0.68/0.50  h=6.4 c=31.9  kl=0.0104  vl=0.0005
Step: 4472832 SPS: 1636  ev=-1.122  ent=0.929  grad=0.52/0.50  h=6.3 c=30.5  kl=0.0123  vl=0.0005
Step: 4476928 SPS: 1636  ev=0.168  ent=0.975  grad=0.85/0.50  h=6.5 c=33.0  kl=0.0124  vl=0.0003
Step: 4481024 SPS: 1636  ev=0.106  ent=0.958  grad=0.70/0.50  h=6.4 c=32.6  kl=0.0117  vl=0.0001
Step: 4485120 SPS: 1636  ev=-3.677  ent=0.977  grad=0.48/0.48  h=6.3 c=32.3  kl=0.0141  vl=0.0002
Step: 4489216 SPS: 1637  ev=0.034  ent=0.965  grad=0.72/0.50  h=6.5 c=33.6  kl=0.0108  vl=0.0419
Step: 4493312 SPS: 1637  ev=0.478  ent=0.922  grad=0.65/0.50  h=6.4 c=33.2  kl=0.0129  vl=0.0003
Step: 4497408 SPS: 1637  ev=-2.855  ent=0.923  grad=0.40/0.40  h=6.5 c=33.1  kl=0.0112  vl=0.0004
Step: 4501504 SPS: 1638  ev=0.058  ent=0.964  grad=0.35/0.35  h=6.5 c=33.2  kl=0.0101  vl=0.0450
  vs Random: 99W/1L/0D | score=5.1±19.6 inv=0.5 played=13.2 lanes=4.1 ddraw=47.2 pts=5
  Self-play: 48W/50L/2D | score=-4.2±21.2 inv=0.9 played=11.7 lanes=3.9 ddraw=46.2 pts=-4
Step: 4505600 SPS: 1631  ev=-1.271  ent=0.903  grad=0.40/0.40  h=6.5 c=33.8  kl=0.0186  vl=0.0006
Step: 4509696 SPS: 1631  ev=0.328  ent=0.932  grad=0.52/0.50  h=6.4 c=33.2  kl=0.0105  vl=0.0288
Step: 4513792 SPS: 1631  ev=0.107  ent=0.947  grad=0.56/0.50  h=6.4 c=31.6  kl=0.0156  vl=0.0004
Step: 4517888 SPS: 1631  ev=-0.059  ent=0.953  grad=0.53/0.50  h=6.5 c=33.7  kl=0.0139  vl=0.0009
Step: 4521984 SPS: 1632  ev=-0.102  ent=0.929  grad=0.24/0.24  h=6.4 c=32.6  kl=0.0121  vl=0.0024
Step: 4526080 SPS: 1632  ev=-7.324  ent=0.942  grad=0.32/0.32  h=6.4 c=32.8  kl=0.0116  vl=0.0004
Step: 4530176 SPS: 1632  ev=-0.187  ent=0.926  grad=0.41/0.41  h=6.5 c=34.0  kl=0.0115  vl=0.0031
Step: 4534272 SPS: 1632  ev=0.397  ent=0.944  grad=0.68/0.50  h=6.4 c=32.4  kl=0.0115  vl=0.0001
Step: 4538368 SPS: 1632  ev=-6.295  ent=0.891  grad=0.45/0.45  h=6.5 c=33.6  kl=0.0098  vl=0.0001
Step: 4542464 SPS: 1633  ev=0.179  ent=0.935  grad=0.76/0.50  h=6.5 c=33.8  kl=0.0124  vl=0.0015
Step: 4546560 SPS: 1633  ev=0.183  ent=0.911  grad=0.58/0.50  h=6.4 c=32.2  kl=0.0120  vl=0.0038
Step: 4550656 SPS: 1633  ev=0.089  ent=0.918  grad=0.65/0.50  h=6.4 c=32.7  kl=0.0119  vl=0.0007
Step: 4554752 SPS: 1634  ev=0.151  ent=0.936  grad=0.24/0.24  h=6.4 c=33.3  kl=0.0115  vl=0.0261
Step: 4558848 SPS: 1634  ev=-0.021  ent=0.920  grad=0.49/0.49  h=6.5 c=33.6  kl=0.0150  vl=0.0279
Step: 4562944 SPS: 1634  ev=-0.984  ent=0.948  grad=0.39/0.39  h=6.5 c=33.5  kl=0.0140  vl=0.0036
Step: 4567040 SPS: 1634  ev=0.030  ent=0.891  grad=0.37/0.37  h=6.3 c=32.0  kl=0.0100  vl=0.0010
Step: 4571136 SPS: 1634  ev=0.492  ent=0.915  grad=0.24/0.24  h=6.5 c=34.3  kl=0.0134  vl=0.0019
Step: 4575232 SPS: 1635  ev=0.082  ent=0.902  grad=0.63/0.50  h=6.4 c=33.6  kl=0.0117  vl=0.0025
Step: 4579328 SPS: 1635  ev=0.043  ent=0.943  grad=0.74/0.50  h=6.4 c=34.3  kl=0.0174  vl=0.0003
Step: 4583424 SPS: 1635  ev=0.095  ent=0.923  grad=0.26/0.26  h=6.5 c=34.4  kl=0.0113  vl=0.0024
  vs Random: 97W/3L/0D | score=9.3±17.5 inv=0.5 played=13.6 lanes=4.0 ddraw=47.4 pts=9
  Self-play: 38W/62L/0D | score=-9.0±22.5 inv=0.9 played=11.2 lanes=3.9 ddraw=35.4 pts=-9
Step: 4587520 SPS: 1629  ev=0.141  ent=0.907  grad=0.32/0.32  h=6.4 c=33.6  kl=0.0107  vl=0.0079
Step: 4591616 SPS: 1629  ev=0.352  ent=0.938  grad=0.50/0.50  h=6.4 c=34.1  kl=0.0104  vl=0.0007
Step: 4595712 SPS: 1629  ev=0.122  ent=0.904  grad=0.33/0.33  h=6.5 c=34.2  kl=0.0087  vl=0.0033
Step: 4599808 SPS: 1630  ev=0.035  ent=0.935  grad=0.60/0.50  h=6.5 c=33.6  kl=0.0120  vl=0.0423
Step: 4603904 SPS: 1630  ev=-2.958  ent=0.909  grad=0.27/0.27  h=6.4 c=32.4  kl=0.0145  vl=0.0013
Step: 4608000 SPS: 1630  ev=-5.245  ent=0.942  grad=0.67/0.50  h=6.4 c=33.8  kl=0.0104  vl=0.0001
Step: 4612096 SPS: 1630  ev=-1.396  ent=0.915  grad=0.44/0.44  h=6.4 c=33.3  kl=0.0106  vl=0.0002
Step: 4616192 SPS: 1631  ev=0.040  ent=0.908  grad=0.43/0.43  h=6.4 c=33.6  kl=0.0170  vl=0.0003
Step: 4620288 SPS: 1631  ev=0.005  ent=0.913  grad=0.99/0.50  h=6.5 c=34.2  kl=0.0089  vl=0.0005
Step: 4624384 SPS: 1631  ev=-0.952  ent=0.957  grad=0.59/0.50  h=6.5 c=33.9  kl=0.0111  vl=0.0003
Step: 4628480 SPS: 1631  ev=0.033  ent=0.916  grad=0.58/0.50  h=6.4 c=33.1  kl=0.0142  vl=0.0004
Step: 4632576 SPS: 1631  ev=-0.019  ent=0.967  grad=0.71/0.50  h=6.4 c=32.8  kl=0.0119  vl=0.0003
Step: 4636672 SPS: 1632  ev=-3.490  ent=0.913  grad=0.47/0.47  h=6.5 c=33.5  kl=0.0099  vl=0.0004
Step: 4640768 SPS: 1632  ev=-2.805  ent=0.916  grad=0.74/0.50  h=6.4 c=32.7  kl=0.0117  vl=0.0001
Step: 4644864 SPS: 1632  ev=-3.318  ent=0.959  grad=0.45/0.45  h=6.5 c=33.5  kl=0.0143  vl=0.0001
Step: 4648960 SPS: 1632  ev=0.082  ent=0.899  grad=0.17/0.17  h=6.4 c=32.6  kl=0.0119  vl=0.0054
Step: 4653056 SPS: 1632  ev=0.184  ent=0.924  grad=0.37/0.37  h=6.5 c=33.1  kl=0.0120  vl=0.0262
Step: 4657152 SPS: 1633  ev=0.072  ent=0.947  grad=0.35/0.35  h=6.5 c=33.3  kl=0.0176  vl=0.0105
Step: 4661248 SPS: 1633  ev=0.726  ent=0.943  grad=0.76/0.50  h=6.5 c=33.6  kl=0.0107  vl=0.0001
Step: 4665344 SPS: 1633  ev=-20.432  ent=0.913  grad=0.51/0.50  h=6.5 c=32.8  kl=0.0126  vl=0.0009
  vs Random: 97W/2L/1D | score=10.1±14.0 inv=0.5 played=14.0 lanes=4.2 ddraw=46.7 pts=10
  Self-play: 48W/51L/1D | score=-4.8±21.4 inv=0.8 played=11.0 lanes=3.7 ddraw=36.4 pts=-5
Step: 4669440 SPS: 1627  ev=-1.430  ent=0.965  grad=0.62/0.50  h=6.4 c=32.4  kl=0.0129  vl=0.0001
Step: 4673536 SPS: 1627  ev=-0.000  ent=0.950  grad=0.82/0.50  h=6.4 c=33.3  kl=0.0110  vl=0.0001
Step: 4677632 SPS: 1627  ev=0.009  ent=0.969  grad=0.74/0.50  h=6.4 c=33.7  kl=0.0148  vl=0.0003
Step: 4681728 SPS: 1628  ev=-0.275  ent=0.924  grad=0.33/0.33  h=6.5 c=34.0  kl=0.0104  vl=0.0021
Step: 4685824 SPS: 1628  ev=0.452  ent=0.930  grad=0.43/0.43  h=6.5 c=33.0  kl=0.0102  vl=0.0003
Step: 4689920 SPS: 1628  ev=-1.699  ent=0.977  grad=0.49/0.49  h=6.4 c=32.9  kl=0.0134  vl=0.0001
Step: 4694016 SPS: 1628  ev=0.010  ent=0.900  grad=0.60/0.50  h=6.4 c=33.7  kl=0.0129  vl=0.0007
Step: 4698112 SPS: 1628  ev=0.445  ent=0.944  grad=0.19/0.19  h=6.4 c=33.3  kl=0.0117  vl=0.0034
Step: 4702208 SPS: 1629  ev=0.011  ent=0.938  grad=0.37/0.37  h=6.5 c=35.3  kl=0.0107  vl=0.0023
Step: 4706304 SPS: 1629  ev=0.034  ent=0.930  grad=0.56/0.50  h=6.4 c=34.2  kl=0.0102  vl=0.0005
Step: 4710400 SPS: 1629  ev=-0.009  ent=0.906  grad=0.58/0.50  h=6.4 c=32.6  kl=0.0138  vl=0.0003
Step: 4714496 SPS: 1629  ev=0.005  ent=0.916  grad=0.75/0.50  h=6.5 c=33.7  kl=0.0110  vl=0.0008
Step: 4718592 SPS: 1629  ev=-0.092  ent=0.951  grad=0.37/0.37  h=6.6 c=35.6  kl=0.0121  vl=0.0009
Step: 4722688 SPS: 1629  ev=-2.228  ent=0.919  grad=0.44/0.44  h=6.5 c=35.2  kl=0.0125  vl=0.0002
Step: 4726784 SPS: 1630  ev=-8.730  ent=0.934  grad=0.56/0.50  h=6.4 c=32.9  kl=0.0103  vl=0.0001
Step: 4730880 SPS: 1630  ev=0.285  ent=0.950  grad=0.43/0.43  h=6.6 c=34.9  kl=0.0113  vl=0.0193
Step: 4734976 SPS: 1630  ev=-1.439  ent=0.952  grad=0.64/0.50  h=6.6 c=35.3  kl=0.0113  vl=0.0002
Step: 4739072 SPS: 1630  ev=-0.004  ent=0.995  grad=0.42/0.42  h=6.5 c=34.0  kl=0.0127  vl=0.0002
Step: 4743168 SPS: 1631  ev=0.036  ent=0.954  grad=0.59/0.50  h=6.5 c=33.8  kl=0.0114  vl=0.0450
Step: 4747264 SPS: 1631  ev=-0.295  ent=0.996  grad=0.35/0.35  h=6.5 c=35.6  kl=0.0108  vl=0.0005
  vs Random: 98W/2L/0D | score=9.4±15.8 inv=0.3 played=13.3 lanes=4.0 ddraw=40.3 pts=9
  Self-play: 41W/57L/2D | score=-8.6±20.8 inv=0.6 played=10.1 lanes=3.6 ddraw=30.0 pts=-9
Step: 4751360 SPS: 1626  ev=-1.964  ent=0.992  grad=0.40/0.40  h=6.4 c=33.6  kl=0.0112  vl=0.0001
Step: 4755456 SPS: 1626  ev=-0.019  ent=1.000  grad=0.38/0.38  h=6.6 c=35.1  kl=0.0116  vl=0.0006
Step: 4759552 SPS: 1626  ev=0.028  ent=0.951  grad=0.50/0.50  h=6.6 c=36.1  kl=0.0138  vl=0.0443
Step: 4763648 SPS: 1626  ev=-0.771  ent=0.989  grad=0.57/0.50  h=6.6 c=36.2  kl=0.0159  vl=0.0001
Step: 4767744 SPS: 1627  ev=0.193  ent=0.997  grad=0.82/0.50  h=6.5 c=34.2  kl=0.0125  vl=0.0002
Step: 4771840 SPS: 1627  ev=0.158  ent=0.973  grad=0.56/0.50  h=6.6 c=36.5  kl=0.0104  vl=0.0004
Step: 4775936 SPS: 1627  ev=0.221  ent=0.917  grad=0.61/0.50  h=6.5 c=34.8  kl=0.0100  vl=0.0006
Step: 4780032 SPS: 1627  ev=-0.974  ent=0.963  grad=0.59/0.50  h=6.4 c=33.1  kl=0.0113  vl=0.0001
Step: 4784128 SPS: 1627  ev=0.056  ent=0.956  grad=0.80/0.50  h=6.5 c=34.4  kl=0.0119  vl=0.0661
Step: 4788224 SPS: 1627  ev=0.087  ent=0.945  grad=0.64/0.50  h=6.6 c=36.9  kl=0.0149  vl=0.0008
Step: 4792320 SPS: 1628  ev=0.143  ent=0.975  grad=0.25/0.25  h=6.3 c=32.7  kl=0.0116  vl=0.0238
Step: 4796416 SPS: 1628  ev=0.061  ent=0.951  grad=0.38/0.38  h=6.6 c=35.0  kl=0.0149  vl=0.0328
Step: 4800512 SPS: 1628  ev=0.010  ent=0.966  grad=0.22/0.22  h=6.7 c=37.8  kl=0.0193  vl=0.0061
Step: 4804608 SPS: 1628  ev=0.545  ent=0.979  grad=0.62/0.50  h=6.5 c=35.3  kl=0.0111  vl=0.0004
Step: 4808704 SPS: 1629  ev=0.170  ent=0.946  grad=0.52/0.50  h=6.6 c=34.3  kl=0.0125  vl=0.0007
Step: 4812800 SPS: 1629  ev=0.090  ent=0.932  grad=0.79/0.50  h=6.7 c=36.8  kl=0.0097  vl=0.0005
Step: 4816896 SPS: 1629  ev=-1.411  ent=0.926  grad=0.41/0.41  h=6.5 c=34.9  kl=0.0106  vl=0.0006
Step: 4820992 SPS: 1629  ev=0.046  ent=0.947  grad=0.57/0.50  h=6.5 c=34.0  kl=0.0129  vl=0.0002
Step: 4825088 SPS: 1629  ev=0.319  ent=0.948  grad=0.45/0.45  h=6.6 c=35.5  kl=0.0141  vl=0.0008
Step: 4829184 SPS: 1629  ev=-0.303  ent=0.941  grad=0.43/0.43  h=6.5 c=35.8  kl=0.0142  vl=0.0014
  vs Random: 97W/3L/0D | score=12.5±18.6 inv=0.6 played=14.0 lanes=4.1 ddraw=39.8 pts=13
  Self-play: 57W/43L/0D | score=0.7±22.5 inv=0.8 played=11.2 lanes=3.7 ddraw=33.7 pts=1
Step: 4833280 SPS: 1624  ev=0.116  ent=0.913  grad=0.40/0.40  h=6.5 c=33.2  kl=0.0125  vl=0.0427
Step: 4837376 SPS: 1624  ev=-0.819  ent=0.951  grad=0.32/0.32  h=6.6 c=35.0  kl=0.0138  vl=0.0009
Step: 4841472 SPS: 1624  ev=-14.973  ent=0.952  grad=0.21/0.21  h=6.6 c=36.0  kl=0.0151  vl=0.0021
Step: 4845568 SPS: 1624  ev=0.034  ent=0.976  grad=0.61/0.50  h=6.4 c=32.2  kl=0.0112  vl=0.0001
Step: 4849664 SPS: 1624  ev=0.246  ent=0.988  grad=0.47/0.47  h=6.6 c=33.7  kl=0.0109  vl=0.0003
Step: 4853760 SPS: 1625  ev=-0.002  ent=0.962  grad=0.34/0.34  h=6.5 c=35.0  kl=0.0120  vl=0.0007
Step: 4857856 SPS: 1625  ev=0.067  ent=0.957  grad=0.66/0.50  h=6.4 c=33.3  kl=0.0118  vl=0.0003
Step: 4861952 SPS: 1625  ev=0.213  ent=0.963  grad=0.37/0.37  h=6.5 c=32.7  kl=0.0104  vl=0.0004
Step: 4866048 SPS: 1625  ev=0.168  ent=0.988  grad=0.48/0.48  h=6.6 c=35.7  kl=0.0114  vl=0.0003
Step: 4870144 SPS: 1625  ev=-0.671  ent=0.923  grad=0.52/0.50  h=6.4 c=33.9  kl=0.0097  vl=0.0003
Step: 4874240 SPS: 1626  ev=0.139  ent=0.942  grad=0.61/0.50  h=6.4 c=32.0  kl=0.0132  vl=0.0012
Step: 4878336 SPS: 1626  ev=0.241  ent=0.965  grad=0.69/0.50  h=6.6 c=35.6  kl=0.0102  vl=0.0268
Step: 4882432 SPS: 1626  ev=-0.159  ent=0.967  grad=0.29/0.29  h=6.5 c=35.5  kl=0.0102  vl=0.0154
Step: 4886528 SPS: 1626  ev=0.131  ent=0.998  grad=0.48/0.48  h=6.4 c=31.6  kl=0.0101  vl=0.0007
Step: 4890624 SPS: 1626  ev=0.091  ent=0.952  grad=0.24/0.24  h=6.5 c=33.9  kl=0.0085  vl=0.0022
Step: 4894720 SPS: 1627  ev=-0.665  ent=0.941  grad=0.41/0.41  h=6.6 c=35.8  kl=0.0130  vl=0.0016
Step: 4898816 SPS: 1627  ev=0.198  ent=0.948  grad=0.33/0.33  h=6.4 c=32.7  kl=0.0186  vl=0.0175
Step: 4902912 SPS: 1627  ev=0.181  ent=0.982  grad=0.57/0.50  h=6.5 c=34.2  kl=0.0163  vl=0.0415
Step: 4907008 SPS: 1627  ev=-5.731  ent=0.949  grad=0.40/0.40  h=6.6 c=35.6  kl=0.0109  vl=0.0005
Step: 4911104 SPS: 1627  ev=-0.267  ent=0.969  grad=0.47/0.47  h=6.4 c=32.6  kl=0.0131  vl=0.0003
  vs Random: 98W/2L/0D | score=5.7±13.8 inv=0.3 played=12.9 lanes=4.0 ddraw=44.3 pts=6
  Self-play: 50W/49L/1D | score=-5.3±25.5 inv=0.7 played=10.3 lanes=3.5 ddraw=36.5 pts=-5
Step: 4915200 SPS: 1622  ev=0.048  ent=0.954  grad=0.85/0.50  h=6.6 c=33.8  kl=0.0137  vl=0.0007
Step: 4919296 SPS: 1622  ev=-4.017  ent=0.968  grad=0.45/0.45  h=6.6 c=36.1  kl=0.0159  vl=0.0006
Step: 4923392 SPS: 1622  ev=-1.279  ent=0.979  grad=0.60/0.50  h=6.5 c=34.6  kl=0.0124  vl=0.0002
Step: 4927488 SPS: 1623  ev=0.368  ent=0.965  grad=0.42/0.42  h=6.5 c=32.9  kl=0.0114  vl=0.0219
Step: 4931584 SPS: 1623  ev=0.092  ent=0.888  grad=0.60/0.50  h=6.6 c=35.3  kl=0.0173  vl=0.0011
Step: 4935680 SPS: 1623  ev=0.361  ent=0.933  grad=0.20/0.20  h=6.5 c=36.0  kl=0.0137  vl=0.0170
Step: 4939776 SPS: 1623  ev=-9.358  ent=0.957  grad=0.24/0.24  h=6.4 c=32.4  kl=0.0133  vl=0.0012
Step: 4943872 SPS: 1623  ev=-0.056  ent=0.956  grad=0.67/0.50  h=6.6 c=36.1  kl=0.0101  vl=0.0001
Step: 4947968 SPS: 1624  ev=0.183  ent=0.959  grad=0.48/0.48  h=6.5 c=35.2  kl=0.0106  vl=0.0034
Step: 4952064 SPS: 1624  ev=0.287  ent=0.917  grad=0.34/0.34  h=6.4 c=32.5  kl=0.0112  vl=0.0086
Step: 4956160 SPS: 1624  ev=0.189  ent=0.986  grad=0.49/0.49  h=6.5 c=34.3  kl=0.0104  vl=0.0022
Step: 4960256 SPS: 1624  ev=-0.270  ent=1.010  grad=0.43/0.43  h=6.6 c=35.8  kl=0.0124  vl=0.0008
Step: 4964352 SPS: 1624  ev=0.165  ent=0.976  grad=0.88/0.50  h=6.5 c=35.7  kl=0.0109  vl=0.0015
Step: 4968448 SPS: 1625  ev=0.187  ent=0.963  grad=0.49/0.49  h=6.6 c=36.0  kl=0.0120  vl=0.0300
Step: 4972544 SPS: 1625  ev=0.129  ent=0.950  grad=0.82/0.50  h=6.6 c=36.8  kl=0.0114  vl=0.0498
Step: 4976640 SPS: 1625  ev=-0.062  ent=0.949  grad=0.64/0.50  h=6.5 c=35.6  kl=0.0127  vl=0.0005
Step: 4980736 SPS: 1625  ev=-4.600  ent=0.951  grad=0.46/0.46  h=6.4 c=32.8  kl=0.0119  vl=0.0005
Step: 4984832 SPS: 1625  ev=0.237  ent=0.932  grad=0.59/0.50  h=6.5 c=34.6  kl=0.0171  vl=0.0008
Step: 4988928 SPS: 1626  ev=0.291  ent=0.947  grad=0.62/0.50  h=6.5 c=34.8  kl=0.0106  vl=0.0011
Step: 4993024 SPS: 1626  ev=-11.780  ent=0.966  grad=0.34/0.34  h=6.5 c=33.5  kl=0.0107  vl=0.0012
  vs Random: 94W/6L/0D | score=5.1±16.3 inv=0.3 played=12.6 lanes=3.9 ddraw=44.8 pts=5
  Self-play: 56W/44L/0D | score=-8.4±25.9 inv=0.8 played=10.0 lanes=3.5 ddraw=37.6 pts=-8
Step: 4997120 SPS: 1620  ev=-0.013  ent=0.983  grad=0.47/0.47  h=6.6 c=35.0  kl=0.0103  vl=0.0454
Step: 5001216 SPS: 1621  ev=-0.420  ent=0.988  grad=0.36/0.36  h=6.6 c=36.2  kl=0.0124  vl=0.0033
Step: 5005312 SPS: 1621  ev=0.148  ent=0.957  grad=0.37/0.37  h=6.6 c=36.5  kl=0.0119  vl=0.0285
Step: 5009408 SPS: 1621  ev=0.057  ent=0.968  grad=0.51/0.50  h=6.5 c=35.6  kl=0.0106  vl=0.0002
Step: 5013504 SPS: 1621  ev=0.083  ent=0.970  grad=0.31/0.31  h=6.6 c=37.1  kl=0.0169  vl=0.0012
Step: 5017600 SPS: 1621  ev=-0.173  ent=0.981  grad=0.56/0.50  h=6.5 c=35.7  kl=0.0160  vl=0.0002
Step: 5021696 SPS: 1622  ev=0.029  ent=0.932  grad=0.50/0.50  h=6.4 c=34.4  kl=0.0109  vl=0.0001
Step: 5025792 SPS: 1622  ev=-0.023  ent=0.959  grad=0.37/0.37  h=6.6 c=37.4  kl=0.0135  vl=0.0030
Step: 5029888 SPS: 1622  ev=-0.276  ent=0.942  grad=0.60/0.50  h=6.5 c=35.8  kl=0.0129  vl=0.0002
Step: 5033984 SPS: 1622  ev=-12.597  ent=0.944  grad=0.39/0.39  h=6.4 c=35.2  kl=0.0134  vl=0.0025
Step: 5038080 SPS: 1622  ev=-2.018  ent=0.942  grad=0.34/0.34  h=6.6 c=37.1  kl=0.0109  vl=0.0004
Step: 5042176 SPS: 1623  ev=0.051  ent=0.953  grad=0.63/0.50  h=6.5 c=37.2  kl=0.0181  vl=0.0003
Step: 5046272 SPS: 1623  ev=0.071  ent=0.906  grad=0.17/0.17  h=6.4 c=35.6  kl=0.0097  vl=0.0322
Step: 5050368 SPS: 1623  ev=0.151  ent=0.893  grad=0.53/0.50  h=6.5 c=35.1  kl=0.0108  vl=0.0385
Step: 5054464 SPS: 1623  ev=-0.017  ent=0.916  grad=0.59/0.50  h=6.5 c=37.4  kl=0.0130  vl=0.0011
Step: 5058560 SPS: 1624  ev=0.104  ent=0.903  grad=0.25/0.25  h=6.5 c=36.4  kl=0.0127  vl=0.0059
Step: 5062656 SPS: 1624  ev=0.559  ent=0.960  grad=0.17/0.17  h=6.5 c=34.9  kl=0.0134  vl=0.0038
Step: 5066752 SPS: 1624  ev=0.081  ent=0.916  grad=0.49/0.49  h=6.5 c=38.0  kl=0.0142  vl=0.0003
Step: 5070848 SPS: 1624  ev=0.518  ent=0.952  grad=0.17/0.17  h=6.4 c=36.7  kl=0.0127  vl=0.0054
Step: 5074944 SPS: 1624  ev=-10.907  ent=0.948  grad=0.31/0.31  h=6.3 c=34.4  kl=0.0113  vl=0.0006
  vs Random: 97W/3L/0D | score=2.1±18.8 inv=0.2 played=11.7 lanes=3.8 ddraw=45.7 pts=2
  Self-play: 49W/51L/0D | score=-12.2±23.1 inv=0.6 played=9.3 lanes=3.4 ddraw=31.0 pts=-12
Step: 5079040 SPS: 1619  ev=0.007  ent=0.929  grad=0.43/0.43  h=6.6 c=38.5  kl=0.0104  vl=0.0008
Step: 5083136 SPS: 1619  ev=-1.238  ent=0.907  grad=0.61/0.50  h=6.4 c=36.0  kl=0.0103  vl=0.0001
Step: 5087232 SPS: 1620  ev=-0.001  ent=0.962  grad=0.79/0.50  h=6.5 c=37.1  kl=0.0131  vl=0.0003
Step: 5091328 SPS: 1620  ev=-0.016  ent=0.947  grad=0.36/0.36  h=6.5 c=36.8  kl=0.0103  vl=0.0005
Step: 5095424 SPS: 1620  ev=-15.118  ent=0.981  grad=0.33/0.33  h=6.4 c=36.4  kl=0.0126  vl=0.0001
Step: 5099520 SPS: 1620  ev=0.044  ent=0.943  grad=0.61/0.50  h=6.5 c=37.4  kl=0.0106  vl=0.0001
Step: 5103616 SPS: 1620  ev=0.004  ent=0.915  grad=0.73/0.50  h=6.5 c=36.4  kl=0.0127  vl=0.0003
Step: 5107712 SPS: 1621  ev=-0.513  ent=0.950  grad=0.63/0.50  h=6.4 c=36.1  kl=0.0142  vl=0.0004
Step: 5111808 SPS: 1621  ev=0.148  ent=0.930  grad=0.26/0.26  h=6.4 c=36.2  kl=0.0126  vl=0.0120
Step: 5115904 SPS: 1621  ev=0.046  ent=0.970  grad=0.76/0.50  h=6.4 c=36.6  kl=0.0087  vl=0.0008
Step: 5120000 SPS: 1621  ev=-0.258  ent=0.944  grad=0.42/0.42  h=6.5 c=38.0  kl=0.0129  vl=0.0006
Step: 5124096 SPS: 1621  ev=-6.520  ent=0.961  grad=0.32/0.32  h=6.5 c=37.3  kl=0.0119  vl=0.0005
Step: 5128192 SPS: 1622  ev=-0.309  ent=0.980  grad=0.65/0.50  h=6.4 c=35.6  kl=0.0115  vl=0.0001
Step: 5132288 SPS: 1622  ev=-2.327  ent=0.967  grad=0.47/0.47  h=6.6 c=38.1  kl=0.0132  vl=0.0001
Step: 5136384 SPS: 1622  ev=-8.223  ent=0.977  grad=0.67/0.50  h=6.5 c=36.1  kl=0.0148  vl=0.0000
Step: 5140480 SPS: 1622  ev=0.014  ent=0.954  grad=0.13/0.13  h=6.5 c=37.3  kl=0.0104  vl=0.0114
Step: 5144576 SPS: 1622  ev=0.098  ent=0.968  grad=0.47/0.47  h=6.4 c=35.4  kl=0.0109  vl=0.0413
Step: 5148672 SPS: 1623  ev=0.023  ent=0.925  grad=0.35/0.35  h=6.4 c=35.3  kl=0.0129  vl=0.0003
Step: 5152768 SPS: 1623  ev=0.020  ent=0.951  grad=0.56/0.50  h=6.5 c=37.4  kl=0.0129  vl=0.0457
Step: 5156864 SPS: 1623  ev=-2.927  ent=0.961  grad=0.41/0.41  h=6.5 c=36.1  kl=0.0113  vl=0.0006
  vs Random: 96W/4L/0D | score=-1.6±14.1 inv=0.2 played=10.4 lanes=3.6 ddraw=47.7 pts=-2
  Self-play: 51W/48L/1D | score=-8.0±20.7 inv=0.5 played=8.1 lanes=3.0 ddraw=35.1 pts=-8
Step: 5160960 SPS: 1618  ev=-0.221  ent=0.951  grad=0.50/0.50  h=6.6 c=37.8  kl=0.0122  vl=0.0002
Step: 5165056 SPS: 1618  ev=0.073  ent=0.926  grad=0.49/0.49  h=6.5 c=37.8  kl=0.0118  vl=0.0451
Step: 5169152 SPS: 1618  ev=0.280  ent=0.965  grad=0.31/0.31  h=6.4 c=35.5  kl=0.0123  vl=0.0089
Step: 5173248 SPS: 1618  ev=0.170  ent=0.970  grad=0.30/0.30  h=6.5 c=37.4  kl=0.0100  vl=0.0121
Step: 5177344 SPS: 1618  ev=-0.006  ent=0.897  grad=0.27/0.27  h=6.5 c=36.8  kl=0.0169  vl=0.0465
Step: 5181440 SPS: 1619  ev=-2.994  ent=0.929  grad=0.48/0.48  h=6.4 c=35.4  kl=0.0091  vl=0.0002
Step: 5185536 SPS: 1619  ev=0.075  ent=0.969  grad=0.53/0.50  h=6.5 c=36.4  kl=0.0175  vl=0.0428
Step: 5189632 SPS: 1619  ev=0.013  ent=0.927  grad=0.47/0.47  h=6.5 c=35.0  kl=0.0101  vl=0.0003
Step: 5193728 SPS: 1619  ev=0.066  ent=0.959  grad=0.43/0.43  h=6.4 c=36.1  kl=0.0102  vl=0.0368
Step: 5197824 SPS: 1619  ev=-0.064  ent=0.959  grad=0.32/0.32  h=6.5 c=35.0  kl=0.0104  vl=0.0007
Step: 5201920 SPS: 1620  ev=-0.264  ent=0.907  grad=0.59/0.50  h=6.4 c=35.3  kl=0.0161  vl=0.0012
Step: 5206016 SPS: 1620  ev=0.063  ent=0.969  grad=0.37/0.37  h=6.5 c=36.7  kl=0.0101  vl=0.0212
Step: 5210112 SPS: 1620  ev=0.305  ent=0.961  grad=0.09/0.09  h=6.4 c=33.5  kl=0.0132  vl=0.0048
Step: 5214208 SPS: 1620  ev=0.015  ent=0.900  grad=0.52/0.50  h=6.5 c=36.8  kl=0.0111  vl=0.0006
Step: 5218304 SPS: 1620  ev=-1.898  ent=0.967  grad=0.38/0.38  h=6.5 c=35.4  kl=0.0106  vl=0.0002
Step: 5222400 SPS: 1621  ev=0.158  ent=0.940  grad=0.43/0.43  h=6.3 c=33.0  kl=0.0113  vl=0.0401
Step: 5226496 SPS: 1621  ev=0.063  ent=0.940  grad=0.49/0.49  h=6.5 c=35.7  kl=0.0244  vl=0.0024
Step: 5230592 SPS: 1621  ev=0.237  ent=0.946  grad=0.61/0.50  h=6.4 c=35.4  kl=0.0082  vl=0.0008
Step: 5234688 SPS: 1621  ev=0.164  ent=0.957  grad=0.61/0.50  h=6.4 c=34.8  kl=0.0092  vl=0.0008
Step: 5238784 SPS: 1621  ev=0.291  ent=0.937  grad=0.37/0.37  h=6.5 c=36.1  kl=0.0094  vl=0.0078
  vs Random: 99W/2L/0D | score=2.2±14.5 inv=0.2 played=11.7 lanes=3.8 ddraw=46.4 pts=2
  Self-play: 51W/46L/3D | score=-8.4±19.8 inv=0.4 played=8.2 lanes=3.1 ddraw=38.6 pts=-8
Step: 5242880 SPS: 1616  ev=-0.049  ent=0.925  grad=0.42/0.42  h=6.4 c=34.0  kl=0.0093  vl=0.0046
Step: 5246976 SPS: 1616  ev=-2.790  ent=0.903  grad=0.30/0.30  h=6.6 c=37.0  kl=0.0058  vl=0.0018
Step: 5251072 SPS: 1616  ev=0.027  ent=0.969  grad=0.64/0.50  h=6.5 c=34.4  kl=0.0069  vl=0.0002
Step: 5255168 SPS: 1616  ev=-1.359  ent=0.990  grad=0.48/0.48  h=6.4 c=35.4  kl=0.0089  vl=0.0002
Step: 5259264 SPS: 1616  ev=-11.552  ent=0.962  grad=0.46/0.46  h=6.5 c=36.5  kl=0.0079  vl=0.0002
Step: 5263360 SPS: 1617  ev=-1.649  ent=0.929  grad=0.30/0.30  h=6.4 c=33.3  kl=0.0085  vl=0.0005
Step: 5267456 SPS: 1617  ev=0.132  ent=0.921  grad=0.49/0.49  h=6.5 c=35.8  kl=0.0065  vl=0.0002
Step: 5271552 SPS: 1617  ev=-18.597  ent=0.948  grad=0.29/0.29  h=6.5 c=35.7  kl=0.0101  vl=0.0006
Step: 5275648 SPS: 1617  ev=0.133  ent=0.969  grad=0.51/0.50  h=6.3 c=33.1  kl=0.0063  vl=0.0004
Step: 5279744 SPS: 1617  ev=0.066  ent=1.027  grad=0.80/0.50  h=6.4 c=34.8  kl=0.0101  vl=0.0003
Step: 5283840 SPS: 1617  ev=-0.024  ent=0.911  grad=0.43/0.43  h=6.4 c=35.1  kl=0.0079  vl=0.0007
Step: 5287936 SPS: 1618  ev=0.043  ent=0.920  grad=0.69/0.50  h=6.4 c=35.4  kl=0.0086  vl=0.0003
Step: 5292032 SPS: 1618  ev=-0.981  ent=0.962  grad=0.48/0.48  h=6.5 c=35.4  kl=0.0076  vl=0.0002
Step: 5296128 SPS: 1618  ev=0.009  ent=0.921  grad=0.41/0.41  h=6.5 c=35.1  kl=0.0059  vl=0.0003
Step: 5300224 SPS: 1618  ev=-9.094  ent=0.943  grad=0.83/0.50  h=6.4 c=35.0  kl=0.0065  vl=0.0001
