wandb: [wandb.login()] Loaded credentials for https://api.wandb.ai from /home/zzhang18/.netrc.
wandb: Currently logged in as: nchen3 (ningcong-chen) to https://api.wandb.ai. Use `wandb login --relogin` to force relogin
wandb: Tracking run with wandb version 0.25.1
wandb: Run data is saved locally in /home/zzhang18/nchen3/eco/wandb/run-20260606_160043-1ini4vf1
wandb: Run `wandb offline` to turn off syncing.
wandb: Syncing run lc__lc_ppo_vsheur_lr25e4__1__1780776043
wandb: ⭐️ View project at https://wandb.ai/ningcong-chen/ppo-eco
wandb: 🚀 View run at https://wandb.ai/ningcong-chen/ppo-eco/runs/1ini4vf1
Agent params: 2,312,805
Heuristic (rule-based) opponent
Step: 4096 SPS: 637  ev=0.003  ent=3.447  grad=1.63/0.50  h=0.1 c=1.6  kl=0.0000  vl=0.9286
Step: 8192 SPS: 949  ev=0.285  ent=3.524  grad=2.33/0.50  h=0.2 c=2.1  kl=0.0000  vl=0.6827
Step: 12288 SPS: 1120  ev=0.499  ent=3.461  grad=0.63/0.50  h=0.1 c=2.2  kl=0.0000  vl=0.3348
Step: 16384 SPS: 1237  ev=0.628  ent=3.516  grad=1.40/0.50  h=0.1 c=2.1  kl=0.0000  vl=0.3060
Step: 20480 SPS: 1334  ev=0.714  ent=3.475  grad=1.79/0.50  h=0.1 c=2.3  kl=0.0000  vl=0.1716
Step: 24576 SPS: 1381  ev=0.754  ent=3.521  grad=1.37/0.50  h=0.1 c=2.8  kl=0.0000  vl=0.2079
Step: 28672 SPS: 1424  ev=0.792  ent=3.395  grad=1.22/0.50  h=0.1 c=2.2  kl=0.0000  vl=0.2043
Step: 32768 SPS: 1473  ev=0.841  ent=3.513  grad=1.95/0.50  h=0.1 c=2.6  kl=0.0000  vl=0.1133
Step: 36864 SPS: 1506  ev=0.829  ent=3.481  grad=3.05/0.50  h=0.1 c=2.6  kl=0.0000  vl=0.1927
Step: 40960 SPS: 1527  ev=0.828  ent=3.528  grad=1.09/0.50  h=0.1 c=2.5  kl=0.0000  vl=0.1554
Step: 45056 SPS: 1537  ev=0.831  ent=3.471  grad=3.13/0.50  h=0.0 c=1.8  kl=0.0000  vl=0.1958
Step: 49152 SPS: 1553  ev=0.856  ent=3.488  grad=2.78/0.50  h=0.0 c=2.3  kl=0.0000  vl=0.2014
Step: 53248 SPS: 1576  ev=0.814  ent=3.501  grad=2.74/0.50  h=0.0 c=2.2  kl=0.0000  vl=0.1955
Step: 57344 SPS: 1585  ev=0.833  ent=3.500  grad=0.20/0.20  h=0.1 c=3.2  kl=0.0000  vl=0.0936
Step: 61440 SPS: 1591  ev=0.785  ent=3.531  grad=0.94/0.50  h=0.0 c=2.9  kl=0.0000  vl=0.2229
Step: 65536 SPS: 1590  ev=0.812  ent=3.571  grad=0.64/0.50  h=0.0 c=3.2  kl=0.0000  vl=0.1426
Step: 69632 SPS: 1605  ev=0.834  ent=3.464  grad=0.57/0.50  h=0.0 c=3.0  kl=0.0000  vl=0.1367
Step: 73728 SPS: 1621  ev=0.839  ent=3.461  grad=2.54/0.50  h=0.0 c=4.0  kl=0.0000  vl=0.1593
Step: 77824 SPS: 1625  ev=0.840  ent=3.496  grad=1.25/0.50  h=0.1 c=5.3  kl=0.0000  vl=0.1593
  vs Heur:   0W/101L/0D | score=-77.2±25.7 inv=1.9 played=9.2 lanes=5.0 ddraw=22.6 pts=-77
  vs Random: 54W/46L/0D | score=-31.5±19.2 inv=1.4 played=12.3 lanes=5.0 ddraw=50.8 pts=-31
  Self-play: 52W/47L/1D | score=-31.8±19.7 inv=1.5 played=12.3 lanes=5.0 ddraw=49.9 pts=-32
Step: 81920 SPS: 1630  ev=0.845  ent=3.480  grad=0.80/0.50  h=0.0 c=3.7  kl=0.0000  vl=0.1479
Step: 86016 SPS: 1633  ev=0.850  ent=3.485  grad=0.68/0.50  h=0.0 c=4.3  kl=0.0000  vl=0.1032
Step: 90112 SPS: 1637  ev=0.864  ent=3.449  grad=1.19/0.50  h=0.1 c=3.6  kl=0.0000  vl=0.1144
Step: 94208 SPS: 1644  ev=0.826  ent=3.509  grad=0.34/0.34  h=0.0 c=4.2  kl=0.0000  vl=0.1507
Step: 98304 SPS: 1645  ev=0.839  ent=3.483  grad=1.77/0.50  h=0.0 c=2.6  kl=0.0000  vl=0.1914
Step: 102400 SPS: 1648  ev=0.854  ent=3.469  grad=0.82/0.50  h=0.0 c=2.7  kl=0.0199  vl=0.1359
Step: 106496 SPS: 1649  ev=0.862  ent=3.390  grad=2.78/0.50  h=0.0 c=3.3  kl=0.0119  vl=0.1570
Step: 110592 SPS: 1660  ev=0.843  ent=3.453  grad=1.45/0.50  h=0.0 c=3.5  kl=0.0154  vl=0.1769
Step: 114688 SPS: 1663  ev=0.863  ent=3.403  grad=2.63/0.50  h=0.0 c=3.5  kl=0.0141  vl=0.1827
Step: 118784 SPS: 1665  ev=0.859  ent=3.411  grad=1.33/0.50  h=0.0 c=3.5  kl=0.0128  vl=0.1809
Step: 122880 SPS: 1670  ev=0.844  ent=3.363  grad=0.49/0.49  h=0.0 c=3.4  kl=0.0179  vl=0.1339
Step: 126976 SPS: 1675  ev=0.843  ent=3.344  grad=1.72/0.50  h=0.0 c=4.0  kl=0.0145  vl=0.1350
Step: 131072 SPS: 1675  ev=0.828  ent=3.355  grad=2.20/0.50  h=0.0 c=3.3  kl=0.0187  vl=0.2111
Step: 135168 SPS: 1668  ev=0.855  ent=3.272  grad=0.85/0.50  h=0.0 c=3.1  kl=0.0176  vl=0.1243
Step: 139264 SPS: 1673  ev=0.821  ent=3.266  grad=1.56/0.50  h=0.0 c=2.4  kl=0.0145  vl=0.1226
Step: 143360 SPS: 1677  ev=0.817  ent=3.258  grad=1.03/0.50  h=0.1 c=3.1  kl=0.0161  vl=0.1153
Step: 147456 SPS: 1675  ev=0.810  ent=3.185  grad=1.28/0.50  h=0.0 c=2.7  kl=0.0179  vl=0.1224
Step: 151552 SPS: 1676  ev=0.851  ent=3.180  grad=0.64/0.50  h=0.0 c=2.2  kl=0.0180  vl=0.0955
Step: 155648 SPS: 1679  ev=0.829  ent=3.132  grad=0.60/0.50  h=0.0 c=2.3  kl=0.0154  vl=0.1110
Step: 159744 SPS: 1679  ev=0.801  ent=3.089  grad=1.04/0.50  h=0.0 c=2.4  kl=0.0240  vl=0.0883
  vs Heur:   0W/100L/0D | score=-38.8±13.0 inv=0.1 played=9.1 lanes=4.9 ddraw=15.6 pts=-39
  vs Random: 88W/11L/1D | score=-14.2±15.0 inv=0.1 played=11.9 lanes=5.0 ddraw=30.2 pts=-14
  Self-play: 57W/37L/6D | score=-20.9±11.8 inv=0.1 played=11.3 lanes=5.0 ddraw=23.9 pts=-21
Step: 163840 SPS: 1675  ev=0.822  ent=3.066  grad=0.92/0.50  h=0.0 c=1.6  kl=0.0217  vl=0.0846
Step: 167936 SPS: 1681  ev=0.807  ent=3.025  grad=0.98/0.50  h=0.0 c=1.9  kl=0.0208  vl=0.0813
Step: 172032 SPS: 1686  ev=0.794  ent=2.975  grad=1.17/0.50  h=0.0 c=1.8  kl=0.0220  vl=0.0846
Step: 176128 SPS: 1694  ev=0.763  ent=2.971  grad=0.58/0.50  h=0.0 c=1.6  kl=0.0219  vl=0.1084
Step: 180224 SPS: 1698  ev=0.753  ent=3.008  grad=1.41/0.50  h=0.1 c=1.8  kl=0.0325  vl=0.0804
Step: 184320 SPS: 1697  ev=0.752  ent=2.907  grad=1.21/0.50  h=0.1 c=2.5  kl=0.0224  vl=0.0713
Step: 188416 SPS: 1702  ev=0.795  ent=2.869  grad=0.64/0.50  h=0.1 c=1.6  kl=0.0282  vl=0.0613
Step: 192512 SPS: 1700  ev=0.794  ent=2.869  grad=0.41/0.41  h=0.1 c=2.5  kl=0.0253  vl=0.0821
Step: 196608 SPS: 1702  ev=0.805  ent=2.845  grad=0.59/0.50  h=0.0 c=2.6  kl=0.0294  vl=0.0755
Step: 200704 SPS: 1703  ev=0.788  ent=2.849  grad=0.45/0.45  h=0.1 c=2.8  kl=0.0232  vl=0.0627
Step: 204800 SPS: 1706  ev=0.789  ent=2.783  grad=0.92/0.50  h=0.1 c=2.1  kl=0.0243  vl=0.0798
Step: 208896 SPS: 1709  ev=0.798  ent=2.718  grad=0.56/0.50  h=0.2 c=2.0  kl=0.0361  vl=0.0555
Step: 212992 SPS: 1708  ev=0.762  ent=2.707  grad=0.46/0.46  h=0.2 c=2.8  kl=0.0266  vl=0.0717
Step: 217088 SPS: 1711  ev=0.771  ent=2.718  grad=1.64/0.50  h=0.1 c=2.6  kl=0.0180  vl=0.0726
Step: 221184 SPS: 1712  ev=0.749  ent=2.705  grad=0.53/0.50  h=0.1 c=3.1  kl=0.0298  vl=0.0777
Step: 225280 SPS: 1711  ev=0.756  ent=2.657  grad=0.49/0.49  h=0.1 c=2.2  kl=0.0327  vl=0.0513
Step: 229376 SPS: 1712  ev=0.758  ent=2.611  grad=1.39/0.50  h=0.3 c=3.8  kl=0.0317  vl=0.0827
Step: 233472 SPS: 1709  ev=0.777  ent=2.595  grad=0.79/0.50  h=0.2 c=3.1  kl=0.0293  vl=0.0669
Step: 237568 SPS: 1707  ev=0.769  ent=2.564  grad=0.63/0.50  h=0.2 c=3.4  kl=0.0303  vl=0.0593
Step: 241664 SPS: 1706  ev=0.767  ent=2.593  grad=0.41/0.41  h=0.2 c=4.2  kl=0.0271  vl=0.0550
  vs Heur:   1W/100L/0D | score=-24.4±13.1 inv=0.0 played=10.7 lanes=4.9 ddraw=10.9 pts=-24
  vs Random: 100W/0L/0D | score=-4.7±14.2 inv=0.0 played=13.1 lanes=5.0 ddraw=22.9 pts=-5
  Self-play: 48W/51L/1D | score=-18.3±12.6 inv=0.0 played=11.7 lanes=5.0 ddraw=14.4 pts=-18
Step: 245760 SPS: 1706  ev=0.770  ent=2.481  grad=0.56/0.50  h=0.2 c=3.2  kl=0.0298  vl=0.0650
Step: 249856 SPS: 1710  ev=0.770  ent=2.500  grad=1.39/0.50  h=0.2 c=3.0  kl=0.0320  vl=0.0577
Step: 253952 SPS: 1716  ev=0.792  ent=2.492  grad=0.87/0.50  h=0.3 c=3.9  kl=0.0351  vl=0.0633
Step: 258048 SPS: 1719  ev=0.774  ent=2.374  grad=0.99/0.50  h=0.3 c=4.0  kl=0.0274  vl=0.0655
Step: 262144 SPS: 1719  ev=0.791  ent=2.408  grad=0.66/0.50  h=0.2 c=6.7  kl=0.0310  vl=0.0547
Step: 266240 SPS: 1721  ev=0.779  ent=2.307  grad=0.61/0.50  h=0.2 c=6.9  kl=0.0339  vl=0.0535
Step: 270336 SPS: 1723  ev=0.757  ent=2.345  grad=0.48/0.48  h=0.3 c=6.4  kl=0.0308  vl=0.0747
Step: 274432 SPS: 1722  ev=0.748  ent=2.335  grad=0.93/0.50  h=0.2 c=6.9  kl=0.0340  vl=0.0538
Step: 278528 SPS: 1722  ev=0.753  ent=2.305  grad=0.71/0.50  h=0.3 c=4.6  kl=0.0314  vl=0.0515
Step: 282624 SPS: 1722  ev=0.713  ent=2.263  grad=0.98/0.50  h=0.3 c=7.0  kl=0.0245  vl=0.0664
Step: 286720 SPS: 1724  ev=0.760  ent=2.325  grad=0.95/0.50  h=0.3 c=8.1  kl=0.0281  vl=0.0517
Step: 290816 SPS: 1727  ev=0.772  ent=2.270  grad=0.76/0.50  h=0.3 c=8.0  kl=0.0308  vl=0.0515
Step: 294912 SPS: 1729  ev=0.744  ent=2.255  grad=0.65/0.50  h=0.3 c=6.6  kl=0.0347  vl=0.0509
Step: 299008 SPS: 1730  ev=0.760  ent=2.215  grad=0.48/0.48  h=0.3 c=8.3  kl=0.0394  vl=0.0622
Step: 303104 SPS: 1731  ev=0.797  ent=2.151  grad=0.50/0.50  h=0.3 c=5.8  kl=0.0336  vl=0.0506
Step: 307200 SPS: 1731  ev=0.750  ent=2.170  grad=0.77/0.50  h=0.2 c=5.1  kl=0.0300  vl=0.0661
Step: 311296 SPS: 1729  ev=0.746  ent=2.118  grad=0.47/0.47  h=0.3 c=4.6  kl=0.0307  vl=0.0535
Step: 315392 SPS: 1730  ev=0.751  ent=2.170  grad=0.60/0.50  h=0.2 c=4.0  kl=0.0327  vl=0.0416
Step: 319488 SPS: 1731  ev=0.736  ent=2.115  grad=0.69/0.50  h=0.2 c=4.2  kl=0.0376  vl=0.0511
Step: 323584 SPS: 1731  ev=0.734  ent=2.082  grad=2.01/0.50  h=0.1 c=4.2  kl=0.0323  vl=0.0784
  vs Heur:   4W/97L/0D | score=-19.8±12.5 inv=0.0 played=11.5 lanes=5.0 ddraw=7.2 pts=-20
  vs Random: 99W/1L/0D | score=0.9±14.9 inv=0.0 played=14.3 lanes=5.0 ddraw=14.7 pts=1
  Self-play: 52W/44L/4D | score=-10.5±11.7 inv=0.0 played=13.0 lanes=5.0 ddraw=8.7 pts=-10
Step: 327680 SPS: 1730  ev=0.731  ent=2.039  grad=0.42/0.42  h=0.2 c=3.9  kl=0.0379  vl=0.0564
Step: 331776 SPS: 1734  ev=0.705  ent=2.047  grad=0.57/0.50  h=0.2 c=3.4  kl=0.0327  vl=0.0600
Step: 335872 SPS: 1732  ev=0.695  ent=1.947  grad=0.46/0.46  h=0.2 c=3.6  kl=0.0342  vl=0.0505
Step: 339968 SPS: 1731  ev=0.717  ent=2.051  grad=0.72/0.50  h=0.1 c=2.7  kl=0.0371  vl=0.0595
Step: 344064 SPS: 1730  ev=0.720  ent=2.005  grad=0.97/0.50  h=0.2 c=1.9  kl=0.0377  vl=0.0713
Step: 348160 SPS: 1730  ev=0.745  ent=1.972  grad=0.73/0.50  h=0.2 c=1.9  kl=0.0343  vl=0.0475
Step: 352256 SPS: 1727  ev=0.750  ent=1.897  grad=0.81/0.50  h=0.1 c=1.9  kl=0.0291  vl=0.0637
Step: 356352 SPS: 1728  ev=0.714  ent=1.870  grad=0.96/0.50  h=0.1 c=2.2  kl=0.0380  vl=0.0731
Step: 360448 SPS: 1728  ev=0.738  ent=1.898  grad=0.53/0.50  h=0.1 c=2.3  kl=0.0358  vl=0.0584
Step: 364544 SPS: 1731  ev=0.764  ent=1.908  grad=0.91/0.50  h=0.1 c=2.2  kl=0.0339  vl=0.0571
Step: 368640 SPS: 1735  ev=0.725  ent=1.806  grad=0.52/0.50  h=0.1 c=2.6  kl=0.0347  vl=0.0592
Step: 372736 SPS: 1732  ev=0.791  ent=1.881  grad=0.68/0.50  h=0.2 c=2.0  kl=0.0358  vl=0.0521
Step: 376832 SPS: 1734  ev=0.751  ent=1.811  grad=1.05/0.50  h=0.1 c=2.8  kl=0.0475  vl=0.0755
Step: 380928 SPS: 1735  ev=0.750  ent=1.805  grad=1.01/0.50  h=0.1 c=3.3  kl=0.0456  vl=0.0659
Step: 385024 SPS: 1733  ev=0.739  ent=1.799  grad=0.76/0.50  h=0.1 c=2.9  kl=0.0319  vl=0.0591
Step: 389120 SPS: 1736  ev=0.734  ent=1.871  grad=0.83/0.50  h=0.1 c=2.0  kl=0.0516  vl=0.0719
Step: 393216 SPS: 1737  ev=0.730  ent=1.800  grad=0.99/0.50  h=0.1 c=2.1  kl=0.0418  vl=0.0850
Step: 397312 SPS: 1737  ev=0.769  ent=1.758  grad=0.49/0.49  h=0.1 c=3.1  kl=0.0424  vl=0.0881
Step: 401408 SPS: 1737  ev=0.725  ent=1.707  grad=0.54/0.50  h=0.2 c=2.9  kl=0.0346  vl=0.0619
Step: 405504 SPS: 1737  ev=0.764  ent=1.747  grad=0.83/0.50  h=0.2 c=3.3  kl=0.0447  vl=0.0510
  vs Heur:   5W/95L/1D | score=-16.4±12.9 inv=0.0 played=12.0 lanes=5.0 ddraw=5.1 pts=-16
  vs Random: 99W/1L/0D | score=3.4±14.4 inv=0.0 played=14.5 lanes=5.0 ddraw=10.1 pts=3
  Self-play: 45W/54L/1D | score=-11.0±12.9 inv=0.0 played=12.9 lanes=5.0 ddraw=5.0 pts=-11
Step: 409600 SPS: 1735  ev=0.741  ent=1.713  grad=0.96/0.50  h=0.1 c=3.6  kl=0.0461  vl=0.0613
Step: 413696 SPS: 1735  ev=0.758  ent=1.677  grad=1.69/0.50  h=0.1 c=3.1  kl=0.0362  vl=0.0685
Step: 417792 SPS: 1736  ev=0.766  ent=1.655  grad=0.81/0.50  h=0.1 c=5.7  kl=0.0426  vl=0.0440
Step: 421888 SPS: 1736  ev=0.760  ent=1.654  grad=1.51/0.50  h=0.1 c=6.8  kl=0.0373  vl=0.0645
Step: 425984 SPS: 1736  ev=0.733  ent=1.605  grad=0.87/0.50  h=0.1 c=5.6  kl=0.0355  vl=0.0582
Step: 430080 SPS: 1736  ev=0.765  ent=1.557  grad=0.75/0.50  h=0.3 c=5.5  kl=0.0374  vl=0.0701
Step: 434176 SPS: 1736  ev=0.784  ent=1.587  grad=0.74/0.50  h=0.2 c=6.5  kl=0.0267  vl=0.0529
Step: 438272 SPS: 1737  ev=0.757  ent=1.575  grad=0.70/0.50  h=0.3 c=6.5  kl=0.0402  vl=0.0772
Step: 442368 SPS: 1739  ev=0.765  ent=1.561  grad=0.48/0.48  h=0.2 c=7.1  kl=0.0365  vl=0.0631
Step: 446464 SPS: 1739  ev=0.736  ent=1.603  grad=0.92/0.50  h=0.2 c=9.5  kl=0.0388  vl=0.0545
Step: 450560 SPS: 1736  ev=0.747  ent=1.626  grad=1.07/0.50  h=0.2 c=9.0  kl=0.0443  vl=0.0715
Step: 454656 SPS: 1735  ev=0.788  ent=1.528  grad=0.64/0.50  h=0.2 c=7.1  kl=0.0452  vl=0.0534
Step: 458752 SPS: 1736  ev=0.776  ent=1.550  grad=0.50/0.50  h=0.2 c=5.1  kl=0.0411  vl=0.0476
Step: 462848 SPS: 1735  ev=0.721  ent=1.482  grad=0.76/0.50  h=0.2 c=4.2  kl=0.0390  vl=0.0531
Step: 466944 SPS: 1735  ev=0.751  ent=1.511  grad=0.77/0.50  h=0.2 c=4.2  kl=0.0366  vl=0.0501
Step: 471040 SPS: 1736  ev=0.760  ent=1.411  grad=0.94/0.50  h=0.2 c=3.5  kl=0.0471  vl=0.0655
Step: 475136 SPS: 1737  ev=0.762  ent=1.443  grad=0.77/0.50  h=0.2 c=4.7  kl=0.0354  vl=0.0586
Step: 479232 SPS: 1738  ev=0.796  ent=1.454  grad=1.29/0.50  h=0.2 c=4.5  kl=0.0390  vl=0.0515
Step: 483328 SPS: 1736  ev=0.741  ent=1.392  grad=0.73/0.50  h=0.2 c=4.8  kl=0.0366  vl=0.1006
Step: 487424 SPS: 1735  ev=0.758  ent=1.442  grad=0.65/0.50  h=0.2 c=4.8  kl=0.0397  vl=0.0696
  vs Heur:   10W/91L/0D | score=-12.0±13.5 inv=0.0 played=12.8 lanes=5.0 ddraw=3.7 pts=-12
  vs Random: 101W/0L/0D | score=5.7±14.4 inv=0.0 played=15.0 lanes=5.0 ddraw=7.3 pts=6
  Self-play: 38W/61L/1D | score=-11.5±11.5 inv=0.0 played=12.9 lanes=5.0 ddraw=3.5 pts=-12
Step: 491520 SPS: 1737  ev=0.785  ent=1.413  grad=0.84/0.50  h=0.2 c=4.1  kl=0.0421  vl=0.0507
Step: 495616 SPS: 1737  ev=0.748  ent=1.421  grad=0.98/0.50  h=0.2 c=4.5  kl=0.0343  vl=0.0501
Step: 499712 SPS: 1737  ev=0.748  ent=1.410  grad=0.66/0.50  h=0.2 c=6.4  kl=0.0518  vl=0.0658
Step: 503808 SPS: 1737  ev=0.764  ent=1.343  grad=0.94/0.50  h=0.2 c=6.7  kl=0.0486  vl=0.0628
Step: 507904 SPS: 1738  ev=0.780  ent=1.442  grad=0.50/0.50  h=0.1 c=5.6  kl=0.0483  vl=0.0749
Step: 512000 SPS: 1738  ev=0.748  ent=1.480  grad=0.44/0.44  h=0.2 c=5.0  kl=0.0375  vl=0.0578
Step: 516096 SPS: 1739  ev=0.774  ent=1.416  grad=0.70/0.50  h=0.2 c=4.3  kl=0.0402  vl=0.0453
Step: 520192 SPS: 1740  ev=0.754  ent=1.388  grad=1.02/0.50  h=0.3 c=4.8  kl=0.0344  vl=0.0517
Step: 524288 SPS: 1740  ev=0.793  ent=1.434  grad=0.76/0.50  h=0.1 c=3.7  kl=0.0443  vl=0.0692
Step: 528384 SPS: 1741  ev=0.776  ent=1.351  grad=0.57/0.50  h=0.2 c=4.0  kl=0.0393  vl=0.0732
Step: 532480 SPS: 1740  ev=0.774  ent=1.348  grad=0.46/0.46  h=0.2 c=3.9  kl=0.0359  vl=0.0456
Step: 536576 SPS: 1739  ev=0.781  ent=1.343  grad=0.47/0.47  h=0.2 c=4.7  kl=0.0428  vl=0.0593
Step: 540672 SPS: 1738  ev=0.790  ent=1.343  grad=0.90/0.50  h=0.1 c=5.7  kl=0.0302  vl=0.0547
Step: 544768 SPS: 1737  ev=0.758  ent=1.348  grad=0.53/0.50  h=0.2 c=6.2  kl=0.0354  vl=0.0754
Step: 548864 SPS: 1737  ev=0.783  ent=1.254  grad=0.62/0.50  h=0.2 c=5.2  kl=0.0422  vl=0.0556
Step: 552960 SPS: 1736  ev=0.785  ent=1.296  grad=0.51/0.50  h=0.3 c=6.0  kl=0.0387  vl=0.0588
Step: 557056 SPS: 1736  ev=0.786  ent=1.286  grad=0.65/0.50  h=0.2 c=4.7  kl=0.0342  vl=0.0676
Step: 561152 SPS: 1736  ev=0.786  ent=1.284  grad=0.65/0.50  h=0.2 c=5.8  kl=0.0415  vl=0.0654
Step: 565248 SPS: 1736  ev=0.786  ent=1.306  grad=0.62/0.50  h=0.2 c=4.2  kl=0.0478  vl=0.0685
Step: 569344 SPS: 1738  ev=0.797  ent=1.253  grad=0.96/0.50  h=0.1 c=4.2  kl=0.0357  vl=0.0683
  vs Heur:   24W/78L/3D | score=-2.7±14.3 inv=0.0 played=14.4 lanes=5.0 ddraw=2.8 pts=-3
  vs Random: 100W/0L/0D | score=10.8±13.9 inv=0.0 played=15.8 lanes=5.0 ddraw=5.5 pts=11
  Self-play: 51W/50L/0D | score=-8.7±12.9 inv=0.0 played=13.4 lanes=5.0 ddraw=2.6 pts=-9
Step: 573440 SPS: 1741  ev=0.792  ent=1.243  grad=0.81/0.50  h=0.1 c=3.8  kl=0.0596  vl=0.0835
Step: 577536 SPS: 1739  ev=0.782  ent=1.279  grad=0.69/0.50  h=0.1 c=3.0  kl=0.0406  vl=0.0730
Step: 581632 SPS: 1737  ev=0.780  ent=1.223  grad=0.68/0.50  h=0.2 c=3.4  kl=0.0360  vl=0.0711
Step: 585728 SPS: 1737  ev=0.802  ent=1.278  grad=0.54/0.50  h=0.2 c=4.4  kl=0.0603  vl=0.0541
Step: 589824 SPS: 1738  ev=0.769  ent=1.194  grad=0.75/0.50  h=0.1 c=4.9  kl=0.0362  vl=0.0769
Step: 593920 SPS: 1739  ev=0.777  ent=1.236  grad=0.97/0.50  h=0.2 c=5.1  kl=0.0477  vl=0.0962
Step: 598016 SPS: 1738  ev=0.804  ent=1.223  grad=0.56/0.50  h=0.1 c=4.9  kl=0.0416  vl=0.0546
Step: 602112 SPS: 1737  ev=0.792  ent=1.187  grad=0.52/0.50  h=0.2 c=5.9  kl=0.0483  vl=0.0651
Step: 606208 SPS: 1737  ev=0.791  ent=1.219  grad=1.09/0.50  h=0.2 c=4.6  kl=0.0342  vl=0.0731
Step: 610304 SPS: 1737  ev=0.775  ent=1.126  grad=1.31/0.50  h=0.2 c=4.3  kl=0.0338  vl=0.0705
Step: 614400 SPS: 1736  ev=0.781  ent=1.118  grad=1.49/0.50  h=0.1 c=5.0  kl=0.0364  vl=0.0967
Step: 618496 SPS: 1736  ev=0.783  ent=1.097  grad=1.01/0.50  h=0.1 c=4.5  kl=0.0635  vl=0.0662
Step: 622592 SPS: 1735  ev=0.797  ent=1.174  grad=0.78/0.50  h=0.1 c=3.9  kl=0.0367  vl=0.0709
Step: 626688 SPS: 1735  ev=0.809  ent=1.079  grad=0.81/0.50  h=0.2 c=6.7  kl=0.0484  vl=0.0632
Step: 630784 SPS: 1735  ev=0.809  ent=1.120  grad=0.61/0.50  h=0.2 c=5.6  kl=0.0414  vl=0.0614
Step: 634880 SPS: 1734  ev=0.802  ent=1.140  grad=0.59/0.50  h=0.2 c=6.3  kl=0.0455  vl=0.0619
Step: 638976 SPS: 1734  ev=0.814  ent=1.062  grad=0.61/0.50  h=0.1 c=6.7  kl=0.0317  vl=0.0458
Step: 643072 SPS: 1735  ev=0.805  ent=1.046  grad=1.30/0.50  h=0.2 c=6.8  kl=0.0401  vl=0.0758
Step: 647168 SPS: 1735  ev=0.809  ent=1.102  grad=0.51/0.50  h=0.2 c=8.0  kl=0.0504  vl=0.0643
Step: 651264 SPS: 1736  ev=0.798  ent=1.088  grad=1.95/0.50  h=0.2 c=8.0  kl=0.0362  vl=0.0793
  vs Heur:   20W/82L/2D | score=-6.2±14.1 inv=0.0 played=14.0 lanes=5.0 ddraw=2.1 pts=-6
  vs Random: 99W/1L/0D | score=13.9±15.1 inv=0.0 played=16.4 lanes=5.0 ddraw=4.7 pts=14
  Self-play: 49W/51L/2D | score=-8.6±12.0 inv=0.0 played=13.9 lanes=5.0 ddraw=2.1 pts=-9
Step: 655360 SPS: 1736  ev=0.794  ent=1.102  grad=0.93/0.50  h=0.3 c=6.9  kl=0.0447  vl=0.0690
Step: 659456 SPS: 1737  ev=0.772  ent=1.117  grad=0.48/0.48  h=0.3 c=8.2  kl=0.0477  vl=0.0719
Step: 663552 SPS: 1738  ev=0.824  ent=1.088  grad=0.58/0.50  h=0.3 c=5.9  kl=0.0395  vl=0.0567
Step: 667648 SPS: 1740  ev=0.781  ent=1.117  grad=1.24/0.50  h=0.3 c=5.4  kl=0.0396  vl=0.0826
Step: 671744 SPS: 1741  ev=0.772  ent=1.127  grad=0.63/0.50  h=0.3 c=3.8  kl=0.0369  vl=0.0690
Step: 675840 SPS: 1741  ev=0.844  ent=1.141  grad=0.70/0.50  h=0.3 c=4.6  kl=0.0368  vl=0.0477
Step: 679936 SPS: 1741  ev=0.814  ent=1.182  grad=0.96/0.50  h=0.4 c=4.9  kl=0.0377  vl=0.0711
Step: 684032 SPS: 1741  ev=0.817  ent=1.143  grad=0.55/0.50  h=0.4 c=7.1  kl=0.0390  vl=0.0623
Step: 688128 SPS: 1740  ev=0.802  ent=1.170  grad=0.73/0.50  h=0.4 c=7.0  kl=0.0376  vl=0.0673
Step: 692224 SPS: 1739  ev=0.777  ent=1.074  grad=0.62/0.50  h=0.3 c=7.1  kl=0.0301  vl=0.0524
Step: 696320 SPS: 1738  ev=0.801  ent=1.112  grad=0.67/0.50  h=0.3 c=6.9  kl=0.0436  vl=0.0616
Step: 700416 SPS: 1738  ev=0.823  ent=1.074  grad=0.62/0.50  h=0.4 c=5.8  kl=0.0488  vl=0.0502
Step: 704512 SPS: 1738  ev=0.784  ent=1.072  grad=1.06/0.50  h=0.3 c=5.2  kl=0.0414  vl=0.0731
Step: 708608 SPS: 1739  ev=0.833  ent=1.120  grad=0.69/0.50  h=0.2 c=6.1  kl=0.0530  vl=0.0511
Step: 712704 SPS: 1738  ev=0.810  ent=1.079  grad=1.03/0.50  h=0.2 c=5.2  kl=0.0575  vl=0.0664
Step: 716800 SPS: 1738  ev=0.813  ent=1.083  grad=0.66/0.50  h=0.3 c=6.6  kl=0.0528  vl=0.0652
Step: 720896 SPS: 1737  ev=0.824  ent=1.067  grad=0.57/0.50  h=0.2 c=6.7  kl=0.0398  vl=0.0624
Step: 724992 SPS: 1732  ev=0.805  ent=1.089  grad=0.80/0.50  h=0.2 c=7.3  kl=0.0505  vl=0.0662
Step: 729088 SPS: 1727  ev=0.809  ent=1.085  grad=0.59/0.50  h=0.3 c=8.4  kl=0.0473  vl=0.0618
Step: 733184 SPS: 1725  ev=0.794  ent=1.078  grad=0.58/0.50  h=0.3 c=8.0  kl=0.0378  vl=0.0745
  vs Heur:   27W/75L/2D | score=-3.0±12.5 inv=0.0 played=14.3 lanes=5.0 ddraw=2.1 pts=-3
  vs Random: 100W/0L/0D | score=11.5±13.9 inv=0.0 played=15.8 lanes=5.0 ddraw=3.9 pts=12
  Self-play: 58W/42L/2D | score=-3.1±12.5 inv=0.0 played=14.4 lanes=5.0 ddraw=2.0 pts=-3
Step: 737280 SPS: 1723  ev=0.804  ent=1.093  grad=0.63/0.50  h=0.2 c=9.2  kl=0.0640  vl=0.0539
Step: 741376 SPS: 1722  ev=0.781  ent=1.040  grad=1.21/0.50  h=0.3 c=9.0  kl=0.0326  vl=0.0784
Step: 745472 SPS: 1719  ev=0.811  ent=1.126  grad=1.30/0.50  h=0.3 c=7.6  kl=0.0372  vl=0.0827
Step: 749568 SPS: 1718  ev=0.793  ent=1.090  grad=1.01/0.50  h=0.4 c=8.3  kl=0.0357  vl=0.0684
Step: 753664 SPS: 1717  ev=0.797  ent=1.082  grad=0.99/0.50  h=0.2 c=10.3  kl=0.0341  vl=0.0826
Step: 757760 SPS: 1716  ev=0.806  ent=1.053  grad=0.90/0.50  h=0.2 c=8.8  kl=0.0310  vl=0.0756
Step: 761856 SPS: 1714  ev=0.794  ent=1.039  grad=1.33/0.50  h=0.2 c=8.4  kl=0.0402  vl=0.0918
Step: 765952 SPS: 1711  ev=0.783  ent=1.021  grad=0.49/0.49  h=0.2 c=10.9  kl=0.0450  vl=0.1057
Step: 770048 SPS: 1708  ev=0.827  ent=0.997  grad=0.85/0.50  h=0.2 c=6.5  kl=0.0439  vl=0.0621
Step: 774144 SPS: 1708  ev=0.823  ent=1.016  grad=0.46/0.46  h=0.3 c=8.5  kl=0.0370  vl=0.0534
Step: 778240 SPS: 1708  ev=0.826  ent=0.964  grad=0.45/0.45  h=0.3 c=7.1  kl=0.0337  vl=0.0604
Step: 782336 SPS: 1706  ev=0.802  ent=1.052  grad=0.46/0.46  h=0.2 c=8.7  kl=0.0454  vl=0.0755
Step: 786432 SPS: 1704  ev=0.802  ent=1.007  grad=0.42/0.42  h=0.3 c=7.0  kl=0.0310  vl=0.0587
Step: 790528 SPS: 1703  ev=0.811  ent=1.022  grad=0.84/0.50  h=0.4 c=6.1  kl=0.0338  vl=0.0660
Step: 794624 SPS: 1703  ev=0.808  ent=1.016  grad=0.92/0.50  h=0.3 c=4.9  kl=0.0530  vl=0.0675
Step: 798720 SPS: 1701  ev=0.804  ent=1.038  grad=0.45/0.45  h=0.3 c=6.3  kl=0.0306  vl=0.0491
Step: 802816 SPS: 1700  ev=0.783  ent=1.060  grad=0.92/0.50  h=0.2 c=5.0  kl=0.0402  vl=0.0809
Step: 806912 SPS: 1697  ev=0.812  ent=0.963  grad=0.47/0.47  h=0.4 c=6.1  kl=0.0351  vl=0.0748
Step: 811008 SPS: 1696  ev=0.824  ent=1.023  grad=0.67/0.50  h=0.4 c=5.7  kl=0.0268  vl=0.0515
Step: 815104 SPS: 1695  ev=0.821  ent=1.033  grad=0.48/0.48  h=0.4 c=6.8  kl=0.0321  vl=0.0536
  vs Heur:   42W/59L/0D | score=0.4±14.2 inv=0.0 played=15.0 lanes=5.0 ddraw=2.0 pts=0
  vs Random: 103W/0L/0D | score=16.0±15.4 inv=0.0 played=16.9 lanes=5.0 ddraw=2.4 pts=16
  Self-play: 50W/50L/1D | score=-5.1±11.0 inv=0.0 played=14.4 lanes=5.0 ddraw=1.1 pts=-5
Step: 819200 SPS: 1694  ev=0.791  ent=0.992  grad=0.79/0.50  h=0.3 c=6.9  kl=0.0433  vl=0.0596
Step: 823296 SPS: 1692  ev=0.773  ent=1.007  grad=0.74/0.50  h=0.4 c=6.5  kl=0.0422  vl=0.1030
Step: 827392 SPS: 1690  ev=0.803  ent=0.965  grad=0.51/0.50  h=0.4 c=7.1  kl=0.0378  vl=0.0889
Step: 831488 SPS: 1687  ev=0.774  ent=0.983  grad=0.92/0.50  h=0.3 c=8.2  kl=0.0426  vl=0.1063
Step: 835584 SPS: 1686  ev=0.797  ent=0.978  grad=0.59/0.50  h=0.3 c=8.1  kl=0.0360  vl=0.0694
Step: 839680 SPS: 1684  ev=0.826  ent=0.972  grad=0.95/0.50  h=0.4 c=6.2  kl=0.0340  vl=0.0658
Step: 843776 SPS: 1683  ev=0.804  ent=0.913  grad=1.43/0.50  h=0.4 c=6.6  kl=0.0315  vl=0.0698
Step: 847872 SPS: 1683  ev=0.823  ent=0.958  grad=0.67/0.50  h=0.4 c=5.9  kl=0.0555  vl=0.0869
Step: 851968 SPS: 1682  ev=0.800  ent=0.908  grad=0.56/0.50  h=0.3 c=7.4  kl=0.0294  vl=0.0795
Step: 856064 SPS: 1680  ev=0.821  ent=1.001  grad=0.61/0.50  h=0.3 c=4.9  kl=0.0485  vl=0.0582
Step: 860160 SPS: 1679  ev=0.811  ent=0.965  grad=0.64/0.50  h=0.3 c=4.3  kl=0.0435  vl=0.0689
Step: 864256 SPS: 1678  ev=0.791  ent=0.943  grad=0.47/0.47  h=0.2 c=3.0  kl=0.0388  vl=0.1036
Step: 868352 SPS: 1678  ev=0.809  ent=0.952  grad=1.07/0.50  h=0.3 c=3.9  kl=0.0337  vl=0.0726
Step: 872448 SPS: 1677  ev=0.795  ent=0.940  grad=0.61/0.50  h=0.2 c=4.2  kl=0.0274  vl=0.0606
Step: 876544 SPS: 1675  ev=0.809  ent=0.916  grad=0.80/0.50  h=0.3 c=4.5  kl=0.0414  vl=0.0540
Step: 880640 SPS: 1675  ev=0.788  ent=0.946  grad=0.52/0.50  h=0.2 c=3.6  kl=0.0282  vl=0.0841
Step: 884736 SPS: 1675  ev=0.808  ent=0.899  grad=0.56/0.50  h=0.3 c=4.5  kl=0.0268  vl=0.0609
Step: 888832 SPS: 1674  ev=0.813  ent=0.917  grad=0.55/0.50  h=0.2 c=4.1  kl=0.0275  vl=0.0676
Step: 892928 SPS: 1673  ev=0.794  ent=0.937  grad=0.59/0.50  h=0.2 c=3.5  kl=0.0270  vl=0.0731
Step: 897024 SPS: 1672  ev=0.796  ent=0.911  grad=0.50/0.50  h=0.2 c=2.7  kl=0.0378  vl=0.0688
  vs Heur:   35W/63L/3D | score=2.4±13.0 inv=0.0 played=15.2 lanes=5.0 ddraw=1.5 pts=2
  vs Random: 100W/0L/0D | score=15.8±14.1 inv=0.0 played=16.6 lanes=5.0 ddraw=2.4 pts=16
  Self-play: 47W/54L/0D | score=-3.0±14.3 inv=0.0 played=14.5 lanes=5.0 ddraw=1.1 pts=-3
Step: 901120 SPS: 1670  ev=0.820  ent=0.912  grad=0.77/0.50  h=0.3 c=3.5  kl=0.0400  vl=0.0799
Step: 905216 SPS: 1668  ev=0.796  ent=0.931  grad=0.96/0.50  h=0.3 c=3.9  kl=0.0357  vl=0.0771
Step: 909312 SPS: 1668  ev=0.797  ent=0.926  grad=1.22/0.50  h=0.3 c=3.9  kl=0.0436  vl=0.0846
Step: 913408 SPS: 1668  ev=0.821  ent=0.882  grad=0.56/0.50  h=0.3 c=3.1  kl=0.0428  vl=0.0673
Step: 917504 SPS: 1667  ev=0.812  ent=0.908  grad=0.64/0.50  h=0.4 c=2.8  kl=0.0320  vl=0.0738
Step: 921600 SPS: 1667  ev=0.796  ent=0.953  grad=0.98/0.50  h=0.3 c=2.7  kl=0.0360  vl=0.0619
Step: 925696 SPS: 1666  ev=0.812  ent=0.872  grad=0.76/0.50  h=0.3 c=2.3  kl=0.0378  vl=0.0732
Step: 929792 SPS: 1665  ev=0.774  ent=0.930  grad=1.30/0.50  h=0.4 c=3.1  kl=0.0305  vl=0.0924
Step: 933888 SPS: 1665  ev=0.800  ent=0.906  grad=0.58/0.50  h=0.3 c=2.5  kl=0.0421  vl=0.0509
Step: 937984 SPS: 1663  ev=0.818  ent=0.893  grad=0.75/0.50  h=0.4 c=4.2  kl=0.0460  vl=0.0532
Step: 942080 SPS: 1662  ev=0.819  ent=0.929  grad=0.69/0.50  h=0.3 c=3.2  kl=0.0313  vl=0.0623
Step: 946176 SPS: 1660  ev=0.824  ent=0.908  grad=0.59/0.50  h=0.3 c=3.3  kl=0.0418  vl=0.0527
Step: 950272 SPS: 1659  ev=0.841  ent=0.901  grad=0.63/0.50  h=0.4 c=4.3  kl=0.0357  vl=0.0457
Step: 954368 SPS: 1657  ev=0.811  ent=0.853  grad=0.47/0.47  h=0.3 c=4.4  kl=0.0376  vl=0.0665
Step: 958464 SPS: 1656  ev=0.832  ent=0.862  grad=0.83/0.50  h=0.4 c=4.8  kl=0.0392  vl=0.0582
Step: 962560 SPS: 1656  ev=0.779  ent=0.908  grad=0.87/0.50  h=0.3 c=4.5  kl=0.0468  vl=0.0675
Step: 966656 SPS: 1654  ev=0.815  ent=0.849  grad=0.56/0.50  h=0.3 c=4.6  kl=0.0392  vl=0.0603
Step: 970752 SPS: 1652  ev=0.795  ent=0.896  grad=0.82/0.50  h=0.3 c=5.2  kl=0.0428  vl=0.1034
Step: 974848 SPS: 1652  ev=0.803  ent=0.846  grad=0.46/0.46  h=0.2 c=4.6  kl=0.0290  vl=0.0416
Step: 978944 SPS: 1651  ev=0.800  ent=0.852  grad=0.53/0.50  h=0.2 c=4.1  kl=0.0459  vl=0.0586
  vs Heur:   29W/73L/1D | score=-0.9±13.7 inv=0.0 played=14.9 lanes=5.0 ddraw=1.5 pts=-1
  vs Random: 100W/0L/0D | score=18.8±14.1 inv=0.0 played=17.1 lanes=5.0 ddraw=3.2 pts=19
  Self-play: 53W/48L/1D | score=-1.6±13.0 inv=0.0 played=14.9 lanes=5.0 ddraw=1.3 pts=-2
Step: 983040 SPS: 1650  ev=0.805  ent=0.882  grad=0.41/0.41  h=0.2 c=4.0  kl=0.0436  vl=0.0584
Step: 987136 SPS: 1650  ev=0.788  ent=0.887  grad=0.67/0.50  h=0.3 c=4.3  kl=0.0357  vl=0.0607
Step: 991232 SPS: 1649  ev=0.830  ent=0.914  grad=0.89/0.50  h=0.2 c=4.5  kl=0.0477  vl=0.0708
Step: 995328 SPS: 1648  ev=0.812  ent=0.881  grad=1.27/0.50  h=0.3 c=6.2  kl=0.0582  vl=0.0578
Step: 999424 SPS: 1648  ev=0.788  ent=0.865  grad=1.06/0.50  h=0.2 c=4.6  kl=0.0258  vl=0.0680
Step: 1003520 SPS: 1647  ev=0.815  ent=0.849  grad=0.55/0.50  h=0.3 c=4.8  kl=0.0421  vl=0.0814
Step: 1007616 SPS: 1647  ev=0.795  ent=0.902  grad=0.63/0.50  h=0.3 c=5.8  kl=0.0357  vl=0.0865
Step: 1011712 SPS: 1646  ev=0.816  ent=0.828  grad=0.51/0.50  h=0.3 c=4.6  kl=0.0332  vl=0.0747
Step: 1015808 SPS: 1645  ev=0.813  ent=0.835  grad=0.59/0.50  h=0.3 c=5.6  kl=0.0382  vl=0.0706
Step: 1019904 SPS: 1644  ev=0.764  ent=0.877  grad=0.42/0.42  h=0.3 c=5.1  kl=0.0475  vl=0.0897
Step: 1024000 SPS: 1643  ev=0.837  ent=0.850  grad=0.68/0.50  h=0.3 c=5.3  kl=0.0430  vl=0.0683
Step: 1028096 SPS: 1642  ev=0.823  ent=0.816  grad=0.46/0.46  h=0.2 c=4.9  kl=0.0335  vl=0.0498
Step: 1032192 SPS: 1641  ev=0.816  ent=0.836  grad=0.68/0.50  h=0.3 c=6.6  kl=0.0484  vl=0.0728
Step: 1036288 SPS: 1641  ev=0.801  ent=0.858  grad=0.37/0.37  h=0.3 c=8.1  kl=0.0552  vl=0.0673
Step: 1040384 SPS: 1640  ev=0.811  ent=0.877  grad=0.88/0.50  h=0.3 c=8.1  kl=0.0410  vl=0.0671
Step: 1044480 SPS: 1639  ev=0.775  ent=0.801  grad=0.55/0.50  h=0.3 c=8.1  kl=0.0375  vl=0.0679
Step: 1048576 SPS: 1639  ev=0.819  ent=0.762  grad=0.46/0.46  h=0.3 c=7.9  kl=0.0509  vl=0.0639
Step: 1052672 SPS: 1638  ev=0.811  ent=0.834  grad=0.57/0.50  h=0.3 c=5.9  kl=0.0466  vl=0.0678
Step: 1056768 SPS: 1637  ev=0.798  ent=0.800  grad=0.84/0.50  h=0.3 c=6.9  kl=0.0426  vl=0.0948
Step: 1060864 SPS: 1637  ev=0.816  ent=0.776  grad=0.55/0.50  h=0.3 c=7.6  kl=0.0329  vl=0.0659
  vs Heur:   43W/61L/0D | score=0.3±14.3 inv=0.0 played=15.1 lanes=5.0 ddraw=1.4 pts=0
  vs Random: 100W/0L/0D | score=20.3±12.3 inv=0.0 played=17.4 lanes=5.0 ddraw=3.2 pts=20
  Self-play: 56W/41L/5D | score=-0.8±14.5 inv=0.0 played=14.8 lanes=5.0 ddraw=1.0 pts=-1
Step: 1064960 SPS: 1635  ev=0.810  ent=0.836  grad=0.61/0.50  h=0.2 c=8.0  kl=0.0329  vl=0.0585
Step: 1069056 SPS: 1635  ev=0.770  ent=0.835  grad=0.69/0.50  h=0.4 c=10.2  kl=0.0281  vl=0.0783
Step: 1073152 SPS: 1635  ev=0.813  ent=0.838  grad=0.80/0.50  h=0.4 c=10.3  kl=0.0274  vl=0.0614
Step: 1077248 SPS: 1634  ev=0.817  ent=0.829  grad=0.74/0.50  h=0.3 c=9.1  kl=0.0565  vl=0.0666
Step: 1081344 SPS: 1633  ev=0.833  ent=0.782  grad=0.78/0.50  h=0.2 c=8.0  kl=0.0341  vl=0.0581
Step: 1085440 SPS: 1633  ev=0.802  ent=0.778  grad=0.59/0.50  h=0.3 c=6.8  kl=0.0593  vl=0.0563
Step: 1089536 SPS: 1633  ev=0.812  ent=0.770  grad=0.55/0.50  h=0.3 c=7.4  kl=0.0368  vl=0.0632
Step: 1093632 SPS: 1632  ev=0.812  ent=0.818  grad=0.91/0.50  h=0.2 c=5.6  kl=0.0378  vl=0.0844
Step: 1097728 SPS: 1632  ev=0.786  ent=0.848  grad=0.67/0.50  h=0.2 c=6.5  kl=0.0392  vl=0.0530
Step: 1101824 SPS: 1631  ev=0.806  ent=0.793  grad=0.62/0.50  h=0.2 c=8.1  kl=0.0373  vl=0.0538
Step: 1105920 SPS: 1629  ev=0.805  ent=0.806  grad=0.55/0.50  h=0.3 c=8.3  kl=0.0446  vl=0.0688
Step: 1110016 SPS: 1630  ev=0.824  ent=0.798  grad=0.73/0.50  h=0.2 c=7.6  kl=0.0298  vl=0.0549
Step: 1114112 SPS: 1630  ev=0.793  ent=0.820  grad=0.50/0.50  h=0.2 c=6.1  kl=0.0315  vl=0.0573
Step: 1118208 SPS: 1630  ev=0.795  ent=0.797  grad=0.87/0.50  h=0.2 c=6.1  kl=0.0233  vl=0.0647
Step: 1122304 SPS: 1630  ev=0.818  ent=0.807  grad=0.64/0.50  h=0.2 c=5.7  kl=0.0470  vl=0.0643
Step: 1126400 SPS: 1629  ev=0.785  ent=0.848  grad=0.44/0.44  h=0.2 c=6.6  kl=0.0378  vl=0.0858
Step: 1130496 SPS: 1628  ev=0.824  ent=0.856  grad=0.67/0.50  h=0.2 c=6.9  kl=0.0422  vl=0.0553
Step: 1134592 SPS: 1627  ev=0.817  ent=0.875  grad=0.63/0.50  h=0.3 c=8.4  kl=0.0355  vl=0.0590
Step: 1138688 SPS: 1626  ev=0.797  ent=0.866  grad=0.80/0.50  h=0.2 c=8.9  kl=0.0479  vl=0.0642
Step: 1142784 SPS: 1625  ev=0.824  ent=0.825  grad=0.69/0.50  h=0.2 c=7.0  kl=0.0374  vl=0.0453
  vs Heur:   32W/69L/0D | score=-1.3±14.5 inv=0.0 played=14.7 lanes=5.0 ddraw=2.0 pts=-1
  vs Random: 100W/0L/0D | score=19.5±14.4 inv=0.0 played=17.1 lanes=5.0 ddraw=3.6 pts=19
  Self-play: 52W/47L/1D | score=0.1±14.7 inv=0.0 played=14.7 lanes=5.0 ddraw=1.4 pts=0
Step: 1146880 SPS: 1624  ev=0.821  ent=0.859  grad=1.22/0.50  h=0.3 c=9.0  kl=0.0356  vl=0.0745
Step: 1150976 SPS: 1623  ev=0.801  ent=0.878  grad=0.68/0.50  h=0.2 c=10.1  kl=0.0333  vl=0.0952
Step: 1155072 SPS: 1623  ev=0.790  ent=0.942  grad=1.05/0.50  h=0.2 c=10.6  kl=0.0561  vl=0.0769
Step: 1159168 SPS: 1622  ev=0.795  ent=0.828  grad=0.68/0.50  h=0.2 c=10.3  kl=0.0435  vl=0.0944
Step: 1163264 SPS: 1622  ev=0.808  ent=0.849  grad=0.49/0.49  h=0.2 c=11.5  kl=0.0384  vl=0.0601
Step: 1167360 SPS: 1621  ev=0.790  ent=0.868  grad=0.63/0.50  h=0.2 c=10.5  kl=0.0482  vl=0.0865
Step: 1171456 SPS: 1621  ev=0.822  ent=0.847  grad=0.47/0.47  h=0.3 c=11.8  kl=0.0344  vl=0.0575
Step: 1175552 SPS: 1620  ev=0.839  ent=0.787  grad=1.56/0.50  h=0.2 c=9.8  kl=0.0340  vl=0.0591
Step: 1179648 SPS: 1621  ev=0.808  ent=0.790  grad=1.02/0.50  h=0.2 c=9.7  kl=0.0483  vl=0.0714
Step: 1183744 SPS: 1620  ev=0.835  ent=0.774  grad=0.34/0.34  h=0.2 c=8.0  kl=0.0299  vl=0.0670
Step: 1187840 SPS: 1619  ev=0.837  ent=0.816  grad=0.45/0.45  h=0.2 c=9.1  kl=0.0393  vl=0.0638
Step: 1191936 SPS: 1619  ev=0.807  ent=0.801  grad=0.44/0.44  h=0.2 c=9.9  kl=0.0421  vl=0.0548
Step: 1196032 SPS: 1618  ev=0.814  ent=0.749  grad=0.59/0.50  h=0.2 c=10.0  kl=0.0336  vl=0.0870
Step: 1200128 SPS: 1617  ev=0.826  ent=0.766  grad=0.50/0.50  h=0.3 c=11.3  kl=0.0423  vl=0.0514
Step: 1204224 SPS: 1616  ev=0.815  ent=0.796  grad=0.62/0.50  h=0.3 c=9.4  kl=0.0431  vl=0.0673
Step: 1208320 SPS: 1616  ev=0.802  ent=0.775  grad=0.70/0.50  h=0.2 c=10.1  kl=0.0325  vl=0.0727
Step: 1212416 SPS: 1615  ev=0.803  ent=0.820  grad=0.55/0.50  h=0.2 c=8.4  kl=0.0335  vl=0.0589
Step: 1216512 SPS: 1615  ev=0.813  ent=0.730  grad=0.67/0.50  h=0.3 c=7.7  kl=0.0305  vl=0.0633
Step: 1220608 SPS: 1614  ev=0.778  ent=0.742  grad=1.17/0.50  h=0.3 c=7.1  kl=0.0377  vl=0.0829
Step: 1224704 SPS: 1614  ev=0.805  ent=0.753  grad=0.74/0.50  h=0.2 c=5.6  kl=0.0326  vl=0.0566
  vs Heur:   35W/65L/2D | score=1.6±12.8 inv=0.0 played=15.2 lanes=5.0 ddraw=1.6 pts=2
  vs Random: 100W/1L/0D | score=21.1±14.4 inv=0.0 played=17.6 lanes=5.0 ddraw=3.6 pts=21
  Self-play: 53W/48L/2D | score=-2.3±15.3 inv=0.0 played=14.9 lanes=5.0 ddraw=1.0 pts=-2
Step: 1228800 SPS: 1613  ev=0.831  ent=0.781  grad=0.52/0.50  h=0.2 c=5.4  kl=0.0371  vl=0.0538
Step: 1232896 SPS: 1613  ev=0.819  ent=0.731  grad=0.78/0.50  h=0.3 c=5.1  kl=0.0379  vl=0.0652
Step: 1236992 SPS: 1612  ev=0.794  ent=0.724  grad=0.74/0.50  h=0.2 c=4.6  kl=0.0363  vl=0.0536
Step: 1241088 SPS: 1612  ev=0.822  ent=0.762  grad=0.88/0.50  h=0.2 c=3.8  kl=0.0391  vl=0.0515
Step: 1245184 SPS: 1612  ev=0.819  ent=0.716  grad=0.85/0.50  h=0.2 c=4.0  kl=0.0462  vl=0.0707
Step: 1249280 SPS: 1613  ev=0.807  ent=0.699  grad=1.08/0.50  h=0.3 c=5.7  kl=0.0357  vl=0.0650
Step: 1253376 SPS: 1614  ev=0.830  ent=0.691  grad=0.71/0.50  h=0.2 c=4.3  kl=0.0395  vl=0.0491
Step: 1257472 SPS: 1614  ev=0.828  ent=0.761  grad=0.77/0.50  h=0.1 c=5.6  kl=0.0681  vl=0.0586
Step: 1261568 SPS: 1614  ev=0.803  ent=0.710  grad=0.54/0.50  h=0.2 c=5.0  kl=0.0487  vl=0.0815
Step: 1265664 SPS: 1615  ev=0.815  ent=0.732  grad=0.65/0.50  h=0.2 c=5.3  kl=0.0386  vl=0.0540
Step: 1269760 SPS: 1615  ev=0.824  ent=0.715  grad=0.85/0.50  h=0.2 c=4.6  kl=0.0334  vl=0.0627
Step: 1273856 SPS: 1615  ev=0.831  ent=0.715  grad=0.74/0.50  h=0.3 c=4.2  kl=0.0356  vl=0.0521
Step: 1277952 SPS: 1615  ev=0.836  ent=0.712  grad=0.36/0.36  h=0.2 c=4.4  kl=0.0429  vl=0.0613
Step: 1282048 SPS: 1615  ev=0.849  ent=0.736  grad=0.69/0.50  h=0.2 c=3.6  kl=0.0269  vl=0.0616
Step: 1286144 SPS: 1616  ev=0.817  ent=0.744  grad=0.58/0.50  h=0.2 c=3.8  kl=0.0342  vl=0.0750
Step: 1290240 SPS: 1616  ev=0.831  ent=0.788  grad=0.74/0.50  h=0.3 c=3.6  kl=0.0559  vl=0.0650
Step: 1294336 SPS: 1617  ev=0.827  ent=0.769  grad=0.44/0.44  h=0.2 c=3.0  kl=0.0292  vl=0.0817
Step: 1298432 SPS: 1617  ev=0.814  ent=0.724  grad=0.63/0.50  h=0.2 c=3.1  kl=0.0368  vl=0.0838
Step: 1302528 SPS: 1617  ev=0.806  ent=0.732  grad=0.50/0.50  h=0.3 c=3.5  kl=0.0544  vl=0.0753
Step: 1306624 SPS: 1617  ev=0.810  ent=0.757  grad=0.51/0.50  h=0.2 c=3.5  kl=0.0433  vl=0.0637
  vs Heur:   30W/68L/2D | score=1.0±12.9 inv=0.0 played=15.3 lanes=5.0 ddraw=1.4 pts=1
  vs Random: 101W/0L/0D | score=20.4±14.6 inv=0.0 played=17.4 lanes=5.0 ddraw=3.2 pts=20
  Self-play: 54W/46L/0D | score=-1.4±13.6 inv=0.0 played=15.1 lanes=5.0 ddraw=0.9 pts=-1
Step: 1310720 SPS: 1617  ev=0.781  ent=0.672  grad=1.02/0.50  h=0.4 c=3.5  kl=0.0444  vl=0.0901
Step: 1314816 SPS: 1617  ev=0.838  ent=0.712  grad=0.63/0.50  h=0.3 c=4.5  kl=0.0443  vl=0.0549
Step: 1318912 SPS: 1617  ev=0.815  ent=0.700  grad=0.49/0.49  h=0.3 c=3.4  kl=0.0193  vl=0.0653
Step: 1323008 SPS: 1618  ev=0.828  ent=0.712  grad=0.65/0.50  h=0.3 c=3.4  kl=0.0293  vl=0.0555
Step: 1327104 SPS: 1618  ev=0.822  ent=0.689  grad=1.15/0.50  h=0.2 c=3.2  kl=0.0324  vl=0.0779
Step: 1331200 SPS: 1619  ev=0.832  ent=0.701  grad=0.65/0.50  h=0.3 c=3.3  kl=0.0319  vl=0.0567
Step: 1335296 SPS: 1622  ev=0.815  ent=0.710  grad=1.48/0.50  h=0.3 c=3.0  kl=0.0354  vl=0.0689
Step: 1339392 SPS: 1625  ev=0.828  ent=0.716  grad=0.78/0.50  h=0.3 c=4.0  kl=0.0297  vl=0.0680
Step: 1343488 SPS: 1628  ev=0.812  ent=0.745  grad=1.00/0.50  h=0.3 c=4.6  kl=0.0363  vl=0.0766
Step: 1347584 SPS: 1631  ev=0.807  ent=0.721  grad=1.10/0.50  h=0.3 c=5.5  kl=0.0399  vl=0.0854
Step: 1351680 SPS: 1633  ev=0.830  ent=0.700  grad=0.49/0.49  h=0.4 c=4.7  kl=0.0363  vl=0.0598
Step: 1355776 SPS: 1636  ev=0.830  ent=0.729  grad=0.94/0.50  h=0.3 c=4.0  kl=0.0403  vl=0.0671
Step: 1359872 SPS: 1639  ev=0.819  ent=0.746  grad=0.84/0.50  h=0.3 c=4.1  kl=0.0380  vl=0.0504
Step: 1363968 SPS: 1642  ev=0.812  ent=0.712  grad=0.45/0.45  h=0.4 c=3.4  kl=0.0470  vl=0.0609
Step: 1368064 SPS: 1644  ev=0.810  ent=0.722  grad=0.75/0.50  h=0.4 c=4.9  kl=0.0247  vl=0.0658
Step: 1372160 SPS: 1647  ev=0.796  ent=0.800  grad=0.55/0.50  h=0.4 c=4.6  kl=0.0412  vl=0.0664
Step: 1376256 SPS: 1650  ev=0.815  ent=0.752  grad=0.35/0.35  h=0.3 c=5.5  kl=0.0464  vl=0.0700
Step: 1380352 SPS: 1653  ev=0.812  ent=0.710  grad=1.03/0.50  h=0.4 c=4.1  kl=0.0568  vl=0.0617
Step: 1384448 SPS: 1655  ev=0.796  ent=0.758  grad=0.61/0.50  h=0.4 c=4.0  kl=0.0531  vl=0.0627
Step: 1388544 SPS: 1658  ev=0.830  ent=0.694  grad=0.61/0.50  h=0.3 c=3.8  kl=0.0269  vl=0.0695
  vs Heur:   30W/73L/1D | score=2.3±13.7 inv=0.0 played=15.4 lanes=5.0 ddraw=1.4 pts=2
  vs Random: 100W/0L/0D | score=14.8±15.7 inv=0.0 played=16.5 lanes=5.0 ddraw=2.3 pts=15
  Self-play: 50W/52L/0D | score=-2.0±15.4 inv=0.0 played=14.3 lanes=5.0 ddraw=1.0 pts=-2
Step: 1392640 SPS: 1660  ev=0.802  ent=0.727  grad=0.71/0.50  h=0.4 c=5.3  kl=0.0431  vl=0.0612
Step: 1396736 SPS: 1663  ev=0.837  ent=0.757  grad=0.64/0.50  h=0.4 c=3.7  kl=0.0495  vl=0.0543
Step: 1400832 SPS: 1666  ev=0.808  ent=0.741  grad=0.45/0.45  h=0.4 c=4.3  kl=0.0392  vl=0.0741
Step: 1404928 SPS: 1669  ev=0.830  ent=0.753  grad=0.46/0.46  h=0.4 c=2.8  kl=0.0361  vl=0.0541
Step: 1409024 SPS: 1671  ev=0.815  ent=0.814  grad=0.57/0.50  h=0.4 c=3.5  kl=0.0392  vl=0.0505
Step: 1413120 SPS: 1674  ev=0.828  ent=0.741  grad=0.49/0.49  h=0.4 c=4.4  kl=0.0429  vl=0.0684
Step: 1417216 SPS: 1676  ev=0.829  ent=0.731  grad=0.58/0.50  h=0.4 c=3.3  kl=0.0424  vl=0.0624
Step: 1421312 SPS: 1679  ev=0.822  ent=0.802  grad=0.77/0.50  h=0.4 c=3.9  kl=0.0472  vl=0.0633
Step: 1425408 SPS: 1682  ev=0.818  ent=0.781  grad=1.19/0.50  h=0.4 c=3.8  kl=0.0376  vl=0.0686
Step: 1429504 SPS: 1684  ev=0.838  ent=0.718  grad=0.52/0.50  h=0.4 c=4.6  kl=0.0346  vl=0.0604
Step: 1433600 SPS: 1687  ev=0.819  ent=0.744  grad=1.05/0.50  h=0.4 c=4.6  kl=0.0349  vl=0.0547
Step: 1437696 SPS: 1690  ev=0.820  ent=0.718  grad=1.08/0.50  h=0.4 c=5.3  kl=0.0267  vl=0.0581
Step: 1441792 SPS: 1692  ev=0.827  ent=0.694  grad=0.77/0.50  h=0.3 c=4.8  kl=0.0389  vl=0.0698
Step: 1445888 SPS: 1695  ev=0.817  ent=0.741  grad=0.77/0.50  h=0.3 c=4.3  kl=0.0315  vl=0.0538
Step: 1449984 SPS: 1697  ev=0.800  ent=0.738  grad=0.56/0.50  h=0.3 c=4.9  kl=0.0376  vl=0.0580
Step: 1454080 SPS: 1700  ev=0.825  ent=0.723  grad=0.63/0.50  h=0.4 c=4.5  kl=0.0401  vl=0.0585
Step: 1458176 SPS: 1702  ev=0.804  ent=0.706  grad=0.34/0.34  h=0.4 c=4.5  kl=0.0358  vl=0.0681
Step: 1462272 SPS: 1705  ev=0.824  ent=0.687  grad=0.43/0.43  h=0.4 c=2.7  kl=0.0468  vl=0.0620
Step: 1466368 SPS: 1707  ev=0.834  ent=0.747  grad=0.85/0.50  h=0.4 c=3.8  kl=0.0479  vl=0.0583
Step: 1470464 SPS: 1710  ev=0.836  ent=0.758  grad=0.66/0.50  h=0.4 c=2.8  kl=0.0413  vl=0.0611
  vs Heur:   28W/72L/0D | score=-0.6±13.5 inv=0.0 played=14.9 lanes=5.0 ddraw=1.9 pts=-1
  vs Random: 100W/0L/0D | score=16.5±14.5 inv=0.0 played=16.7 lanes=5.0 ddraw=3.0 pts=16
  Self-play: 53W/46L/2D | score=-2.4±14.4 inv=0.0 played=14.5 lanes=5.0 ddraw=1.2 pts=-2
Step: 1474560 SPS: 1712  ev=0.835  ent=0.715  grad=0.60/0.50  h=0.4 c=3.4  kl=0.0401  vl=0.0602
Step: 1478656 SPS: 1715  ev=0.829  ent=0.719  grad=0.51/0.50  h=0.5 c=3.2  kl=0.0295  vl=0.0596
Step: 1482752 SPS: 1717  ev=0.833  ent=0.709  grad=0.64/0.50  h=0.3 c=2.2  kl=0.0295  vl=0.0491
Step: 1486848 SPS: 1720  ev=0.812  ent=0.770  grad=0.50/0.50  h=0.4 c=2.8  kl=0.0367  vl=0.0860
Step: 1490944 SPS: 1723  ev=0.812  ent=0.730  grad=1.27/0.50  h=0.4 c=3.4  kl=0.0376  vl=0.0869
Step: 1495040 SPS: 1725  ev=0.796  ent=0.702  grad=0.53/0.50  h=0.3 c=2.6  kl=0.0283  vl=0.0797
Step: 1499136 SPS: 1728  ev=0.805  ent=0.730  grad=1.01/0.50  h=0.3 c=2.6  kl=0.0325  vl=0.0740
Step: 1503232 SPS: 1730  ev=0.831  ent=0.766  grad=0.54/0.50  h=0.3 c=2.4  kl=0.0298  vl=0.0645
Step: 1507328 SPS: 1733  ev=0.792  ent=0.744  grad=0.49/0.49  h=0.4 c=2.9  kl=0.0321  vl=0.0514
Step: 1511424 SPS: 1735  ev=0.835  ent=0.739  grad=0.72/0.50  h=0.3 c=2.7  kl=0.0507  vl=0.0581
Step: 1515520 SPS: 1738  ev=0.828  ent=0.766  grad=0.49/0.49  h=0.3 c=2.4  kl=0.0311  vl=0.0537
Step: 1519616 SPS: 1740  ev=0.777  ent=0.751  grad=0.67/0.50  h=0.3 c=2.6  kl=0.0378  vl=0.0827
Step: 1523712 SPS: 1743  ev=0.818  ent=0.739  grad=0.68/0.50  h=0.3 c=3.1  kl=0.0451  vl=0.0608
Step: 1527808 SPS: 1745  ev=0.824  ent=0.757  grad=0.83/0.50  h=0.3 c=2.9  kl=0.0595  vl=0.0631
Step: 1531904 SPS: 1748  ev=0.805  ent=0.747  grad=0.43/0.43  h=0.4 c=2.5  kl=0.0583  vl=0.0648
Step: 1536000 SPS: 1750  ev=0.800  ent=0.744  grad=1.42/0.50  h=0.3 c=2.7  kl=0.0473  vl=0.0988
Step: 1540096 SPS: 1753  ev=0.808  ent=0.743  grad=0.54/0.50  h=0.3 c=2.5  kl=0.0456  vl=0.0665
Step: 1544192 SPS: 1755  ev=0.806  ent=0.716  grad=0.73/0.50  h=0.2 c=2.4  kl=0.0548  vl=0.0710
Step: 1548288 SPS: 1758  ev=0.825  ent=0.727  grad=0.98/0.50  h=0.3 c=2.3  kl=0.0363  vl=0.0553
Step: 1552384 SPS: 1760  ev=0.840  ent=0.686  grad=0.68/0.50  h=0.3 c=3.1  kl=0.0508  vl=0.0776
  vs Heur:   35W/68L/4D | score=2.1±12.8 inv=0.0 played=15.5 lanes=5.0 ddraw=1.0 pts=2
  vs Random: 100W/0L/0D | score=14.8±14.9 inv=0.0 played=16.9 lanes=5.0 ddraw=3.0 pts=15
  Self-play: 53W/48L/1D | score=-10.7±13.1 inv=0.0 played=13.9 lanes=5.0 ddraw=1.2 pts=-11
Step: 1556480 SPS: 1763  ev=0.816  ent=0.695  grad=0.46/0.46  h=0.2 c=2.3  kl=0.0297  vl=0.0611
Step: 1560576 SPS: 1765  ev=0.830  ent=0.663  grad=0.69/0.50  h=0.3 c=2.3  kl=0.0378  vl=0.0631
Step: 1564672 SPS: 1768  ev=0.829  ent=0.686  grad=0.69/0.50  h=0.3 c=2.7  kl=0.0498  vl=0.0592
Step: 1568768 SPS: 1770  ev=0.827  ent=0.697  grad=0.45/0.45  h=0.2 c=2.6  kl=0.0423  vl=0.0673
Step: 1572864 SPS: 1773  ev=0.816  ent=0.686  grad=0.69/0.50  h=0.3 c=3.4  kl=0.0426  vl=0.0637
Step: 1576960 SPS: 1775  ev=0.796  ent=0.693  grad=0.83/0.50  h=0.3 c=2.9  kl=0.0369  vl=0.0522
Step: 1581056 SPS: 1777  ev=0.796  ent=0.724  grad=0.66/0.50  h=0.2 c=2.5  kl=0.0459  vl=0.0709
Step: 1585152 SPS: 1780  ev=0.816  ent=0.679  grad=0.69/0.50  h=0.3 c=2.9  kl=0.0418  vl=0.0698
Step: 1589248 SPS: 1782  ev=0.829  ent=0.765  grad=0.88/0.50  h=0.3 c=3.1  kl=0.0417  vl=0.0604
Step: 1593344 SPS: 1785  ev=0.811  ent=0.754  grad=0.46/0.46  h=0.3 c=4.4  kl=0.0481  vl=0.0784
Step: 1597440 SPS: 1788  ev=0.795  ent=0.758  grad=0.76/0.50  h=0.3 c=4.3  kl=0.0425  vl=0.0784
Step: 1601536 SPS: 1790  ev=0.819  ent=0.718  grad=0.50/0.50  h=0.3 c=4.0  kl=0.0384  vl=0.0679
Step: 1605632 SPS: 1792  ev=0.821  ent=0.708  grad=0.52/0.50  h=0.3 c=3.4  kl=0.0503  vl=0.0838
Step: 1609728 SPS: 1795  ev=0.829  ent=0.758  grad=0.54/0.50  h=0.4 c=5.1  kl=0.0488  vl=0.0729
Step: 1613824 SPS: 1797  ev=0.797  ent=0.821  grad=0.74/0.50  h=0.3 c=3.9  kl=0.0259  vl=0.0729
Step: 1617920 SPS: 1799  ev=0.786  ent=0.791  grad=0.40/0.40  h=0.3 c=4.2  kl=0.0463  vl=0.0818
Step: 1622016 SPS: 1802  ev=0.801  ent=0.712  grad=0.45/0.45  h=0.3 c=4.1  kl=0.0529  vl=0.0862
Step: 1626112 SPS: 1804  ev=0.780  ent=0.802  grad=0.77/0.50  h=0.4 c=2.9  kl=0.0411  vl=0.0625
Step: 1630208 SPS: 1806  ev=0.819  ent=0.745  grad=0.55/0.50  h=0.3 c=3.3  kl=0.0373  vl=0.0553
Step: 1634304 SPS: 1809  ev=0.816  ent=0.758  grad=0.65/0.50  h=0.3 c=3.6  kl=0.0449  vl=0.0694
  vs Heur:   34W/66L/0D | score=1.6±11.8 inv=0.0 played=15.1 lanes=5.0 ddraw=2.2 pts=2
  vs Random: 100W/0L/0D | score=14.9±14.8 inv=0.0 played=16.6 lanes=5.0 ddraw=3.9 pts=15
  Self-play: 48W/54L/0D | score=-2.9±12.7 inv=0.0 played=14.5 lanes=5.0 ddraw=1.4 pts=-3
Step: 1638400 SPS: 1811  ev=0.807  ent=0.793  grad=1.00/0.50  h=0.4 c=3.9  kl=0.0403  vl=0.0784
Step: 1642496 SPS: 1813  ev=0.816  ent=0.724  grad=0.66/0.50  h=0.3 c=4.7  kl=0.0447  vl=0.0887
Step: 1646592 SPS: 1816  ev=0.829  ent=0.748  grad=0.44/0.44  h=0.3 c=3.7  kl=0.0430  vl=0.0728
Step: 1650688 SPS: 1818  ev=0.784  ent=0.755  grad=0.38/0.38  h=0.3 c=3.6  kl=0.0385  vl=0.0584
Step: 1654784 SPS: 1820  ev=0.833  ent=0.789  grad=0.46/0.46  h=0.3 c=3.3  kl=0.0285  vl=0.0685
Step: 1658880 SPS: 1823  ev=0.820  ent=0.763  grad=0.53/0.50  h=0.2 c=3.3  kl=0.0327  vl=0.0640
Step: 1662976 SPS: 1825  ev=0.789  ent=0.704  grad=0.80/0.50  h=0.3 c=3.3  kl=0.0417  vl=0.0967
Step: 1667072 SPS: 1827  ev=0.817  ent=0.758  grad=0.72/0.50  h=0.2 c=3.0  kl=0.0471  vl=0.0550
Step: 1671168 SPS: 1829  ev=0.840  ent=0.779  grad=0.43/0.43  h=0.2 c=3.3  kl=0.0409  vl=0.0549
Step: 1675264 SPS: 1832  ev=0.810  ent=0.763  grad=0.62/0.50  h=0.2 c=2.9  kl=0.0497  vl=0.0891
Step: 1679360 SPS: 1834  ev=0.829  ent=0.742  grad=0.52/0.50  h=0.2 c=4.0  kl=0.0423  vl=0.0576
Step: 1683456 SPS: 1836  ev=0.824  ent=0.809  grad=0.59/0.50  h=0.3 c=5.7  kl=0.0588  vl=0.0778
Step: 1687552 SPS: 1838  ev=0.810  ent=0.779  grad=0.62/0.50  h=0.2 c=5.9  kl=0.0553  vl=0.0728
Step: 1691648 SPS: 1841  ev=0.801  ent=0.776  grad=0.57/0.50  h=0.2 c=6.3  kl=0.0819  vl=0.0860
Step: 1695744 SPS: 1843  ev=0.814  ent=0.774  grad=0.95/0.50  h=0.3 c=7.1  kl=0.0547  vl=0.0690
Step: 1699840 SPS: 1845  ev=0.805  ent=0.763  grad=0.43/0.43  h=0.3 c=7.9  kl=0.0412  vl=0.0640
Step: 1703936 SPS: 1847  ev=0.815  ent=0.822  grad=1.02/0.50  h=0.3 c=5.3  kl=0.0518  vl=0.0711
Step: 1708032 SPS: 1849  ev=0.790  ent=0.739  grad=0.39/0.39  h=0.3 c=6.2  kl=0.0542  vl=0.0669
Step: 1712128 SPS: 1852  ev=0.815  ent=0.744  grad=0.84/0.50  h=0.3 c=6.4  kl=0.0375  vl=0.1045
Step: 1716224 SPS: 1854  ev=0.829  ent=0.736  grad=0.69/0.50  h=0.2 c=5.4  kl=0.0454  vl=0.0497
  vs Heur:   41W/61L/4D | score=2.6±12.7 inv=0.0 played=15.4 lanes=5.0 ddraw=2.2 pts=3
  vs Random: 101W/0L/0D | score=16.9±12.9 inv=0.0 played=17.0 lanes=5.0 ddraw=2.4 pts=17
  Self-play: 57W/44L/2D | score=0.0±10.9 inv=0.0 played=15.0 lanes=5.0 ddraw=0.9 pts=0
Step: 1720320 SPS: 1856  ev=0.833  ent=0.715  grad=0.77/0.50  h=0.3 c=4.8  kl=0.0471  vl=0.0658
Step: 1724416 SPS: 1858  ev=0.824  ent=0.702  grad=0.47/0.47  h=0.3 c=6.0  kl=0.0451  vl=0.0625
Step: 1728512 SPS: 1860  ev=0.803  ent=0.693  grad=0.62/0.50  h=0.4 c=6.2  kl=0.0461  vl=0.0644
Step: 1732608 SPS: 1862  ev=0.805  ent=0.798  grad=0.62/0.50  h=0.4 c=7.2  kl=0.0537  vl=0.0753
Step: 1736704 SPS: 1864  ev=0.808  ent=0.693  grad=0.75/0.50  h=0.4 c=7.1  kl=0.0524  vl=0.0621
Step: 1740800 SPS: 1866  ev=0.807  ent=0.709  grad=0.94/0.50  h=0.4 c=6.6  kl=0.0610  vl=0.0630
Step: 1744896 SPS: 1868  ev=0.805  ent=0.684  grad=0.43/0.43  h=0.5 c=6.4  kl=0.0554  vl=0.0701
Step: 1748992 SPS: 1869  ev=0.812  ent=0.670  grad=0.87/0.50  h=0.4 c=5.8  kl=0.0377  vl=0.0821
Step: 1753088 SPS: 1872  ev=0.831  ent=0.701  grad=0.70/0.50  h=0.4 c=4.9  kl=0.0379  vl=0.0567
Step: 1757184 SPS: 1874  ev=0.816  ent=0.728  grad=0.38/0.38  h=0.4 c=5.4  kl=0.0423  vl=0.0811
Step: 1761280 SPS: 1876  ev=0.838  ent=0.683  grad=0.56/0.50  h=0.4 c=4.8  kl=0.0367  vl=0.0701
Step: 1765376 SPS: 1878  ev=0.808  ent=0.731  grad=0.63/0.50  h=0.4 c=4.3  kl=0.0336  vl=0.0730
Step: 1769472 SPS: 1879  ev=0.800  ent=0.708  grad=0.59/0.50  h=0.3 c=4.8  kl=0.0373  vl=0.0813
Step: 1773568 SPS: 1880  ev=0.842  ent=0.709  grad=0.52/0.50  h=0.3 c=3.4  kl=0.0405  vl=0.0522
Step: 1777664 SPS: 1883  ev=0.823  ent=0.713  grad=0.74/0.50  h=0.3 c=4.1  kl=0.0443  vl=0.0638
Step: 1781760 SPS: 1885  ev=0.816  ent=0.701  grad=0.75/0.50  h=0.2 c=4.1  kl=0.0536  vl=0.0792
Step: 1785856 SPS: 1887  ev=0.835  ent=0.711  grad=0.47/0.47  h=0.2 c=3.7  kl=0.0330  vl=0.0547
Step: 1789952 SPS: 1889  ev=0.802  ent=0.702  grad=0.56/0.50  h=0.3 c=3.9  kl=0.0404  vl=0.0648
Step: 1794048 SPS: 1891  ev=0.817  ent=0.697  grad=0.48/0.48  h=0.2 c=3.2  kl=0.0389  vl=0.0739
Step: 1798144 SPS: 1893  ev=0.808  ent=0.698  grad=0.61/0.50  h=0.3 c=3.2  kl=0.0502  vl=0.0612
  vs Heur:   31W/67L/2D | score=1.4±12.5 inv=0.0 played=15.5 lanes=5.0 ddraw=1.9 pts=1
  vs Random: 101W/0L/0D | score=18.7±15.4 inv=0.0 played=17.4 lanes=5.0 ddraw=1.7 pts=19
  Self-play: 49W/49L/2D | score=-3.9±14.5 inv=0.0 played=14.7 lanes=5.0 ddraw=0.7 pts=-4
Step: 1802240 SPS: 1895  ev=0.819  ent=0.712  grad=0.79/0.50  h=0.2 c=3.5  kl=0.0442  vl=0.0694
Step: 1806336 SPS: 1898  ev=0.822  ent=0.711  grad=0.58/0.50  h=0.2 c=3.2  kl=0.0435  vl=0.0594
Step: 1810432 SPS: 1900  ev=0.801  ent=0.698  grad=0.55/0.50  h=0.3 c=4.1  kl=0.0467  vl=0.0799
Step: 1814528 SPS: 1902  ev=0.810  ent=0.630  grad=0.79/0.50  h=0.3 c=3.9  kl=0.0492  vl=0.0575
Step: 1818624 SPS: 1904  ev=0.830  ent=0.690  grad=0.50/0.50  h=0.2 c=3.7  kl=0.0428  vl=0.0593
Step: 1822720 SPS: 1906  ev=0.813  ent=0.641  grad=0.44/0.44  h=0.3 c=4.9  kl=0.0452  vl=0.0712
Step: 1826816 SPS: 1908  ev=0.812  ent=0.670  grad=1.07/0.50  h=0.3 c=4.8  kl=0.0535  vl=0.0955
Step: 1830912 SPS: 1910  ev=0.835  ent=0.667  grad=0.65/0.50  h=0.3 c=3.1  kl=0.0581  vl=0.0539
Step: 1835008 SPS: 1912  ev=0.813  ent=0.657  grad=0.58/0.50  h=0.3 c=6.0  kl=0.0426  vl=0.0895
Step: 1839104 SPS: 1914  ev=0.816  ent=0.673  grad=1.02/0.50  h=0.2 c=4.9  kl=0.0393  vl=0.0681
Step: 1843200 SPS: 1916  ev=0.824  ent=0.679  grad=0.56/0.50  h=0.2 c=4.2  kl=0.0420  vl=0.0626
Step: 1847296 SPS: 1918  ev=0.829  ent=0.608  grad=0.55/0.50  h=0.2 c=4.0  kl=0.0418  vl=0.0680
Step: 1851392 SPS: 1920  ev=0.827  ent=0.637  grad=0.62/0.50  h=0.2 c=4.7  kl=0.0674  vl=0.0658
Step: 1855488 SPS: 1922  ev=0.843  ent=0.654  grad=0.81/0.50  h=0.3 c=4.7  kl=0.0855  vl=0.0663
Step: 1859584 SPS: 1924  ev=0.809  ent=0.624  grad=0.50/0.50  h=0.3 c=4.8  kl=0.0339  vl=0.0663
Step: 1863680 SPS: 1927  ev=0.840  ent=0.663  grad=0.74/0.50  h=0.2 c=4.8  kl=0.0595  vl=0.0579
Step: 1867776 SPS: 1929  ev=0.826  ent=0.629  grad=0.74/0.50  h=0.2 c=6.6  kl=0.0451  vl=0.0751
Step: 1871872 SPS: 1931  ev=0.817  ent=0.614  grad=0.47/0.47  h=0.2 c=4.8  kl=0.0513  vl=0.0767
Step: 1875968 SPS: 1933  ev=0.804  ent=0.609  grad=0.72/0.50  h=0.3 c=4.5  kl=0.0341  vl=0.0682
Step: 1880064 SPS: 1935  ev=0.818  ent=0.649  grad=0.77/0.50  h=0.3 c=4.3  kl=0.0574  vl=0.0692
  vs Heur:   31W/66L/4D | score=3.1±13.0 inv=0.0 played=15.5 lanes=5.0 ddraw=1.8 pts=3
  vs Random: 101W/0L/0D | score=13.8±13.4 inv=0.0 played=17.1 lanes=5.0 ddraw=2.0 pts=14
  Self-play: 49W/57L/1D | score=-6.2±12.6 inv=0.0 played=14.6 lanes=5.0 ddraw=0.5 pts=-6
Step: 1884160 SPS: 1937  ev=0.810  ent=0.597  grad=0.40/0.40  h=0.3 c=4.6  kl=0.0548  vl=0.0613
Step: 1888256 SPS: 1939  ev=0.799  ent=0.621  grad=0.48/0.48  h=0.3 c=4.4  kl=0.0494  vl=0.0853
Step: 1892352 SPS: 1941  ev=0.806  ent=0.662  grad=0.93/0.50  h=0.2 c=4.1  kl=0.0459  vl=0.0597
Step: 1896448 SPS: 1943  ev=0.809  ent=0.617  grad=0.57/0.50  h=0.3 c=3.3  kl=0.0349  vl=0.0679
Step: 1900544 SPS: 1945  ev=0.812  ent=0.594  grad=0.38/0.38  h=0.3 c=4.4  kl=0.0403  vl=0.0701
Step: 1904640 SPS: 1947  ev=0.836  ent=0.582  grad=0.63/0.50  h=0.3 c=4.4  kl=0.0497  vl=0.0757
Step: 1908736 SPS: 1949  ev=0.810  ent=0.606  grad=0.70/0.50  h=0.4 c=4.9  kl=0.0443  vl=0.0593
Step: 1912832 SPS: 1951  ev=0.828  ent=0.640  grad=0.44/0.44  h=0.4 c=4.8  kl=0.0379  vl=0.0605
Step: 1916928 SPS: 1953  ev=0.814  ent=0.619  grad=1.01/0.50  h=0.4 c=4.9  kl=0.0586  vl=0.0655
Step: 1921024 SPS: 1955  ev=0.816  ent=0.639  grad=0.44/0.44  h=0.3 c=4.4  kl=0.0399  vl=0.0875
Step: 1925120 SPS: 1957  ev=0.813  ent=0.611  grad=0.50/0.50  h=0.4 c=3.3  kl=0.0443  vl=0.0664
Step: 1929216 SPS: 1959  ev=0.820  ent=0.667  grad=0.68/0.50  h=0.3 c=3.3  kl=0.0417  vl=0.0516
Step: 1933312 SPS: 1961  ev=0.818  ent=0.698  grad=0.89/0.50  h=0.4 c=3.1  kl=0.0420  vl=0.0743
Step: 1937408 SPS: 1963  ev=0.822  ent=0.626  grad=0.57/0.50  h=0.4 c=3.8  kl=0.0536  vl=0.0727
Step: 1941504 SPS: 1965  ev=0.799  ent=0.611  grad=0.87/0.50  h=0.3 c=3.1  kl=0.0366  vl=0.0606
Step: 1945600 SPS: 1967  ev=0.820  ent=0.614  grad=0.44/0.44  h=0.3 c=3.7  kl=0.0340  vl=0.0647
Step: 1949696 SPS: 1969  ev=0.798  ent=0.679  grad=0.41/0.41  h=0.4 c=3.6  kl=0.0307  vl=0.0845
Step: 1953792 SPS: 1970  ev=0.804  ent=0.654  grad=0.44/0.44  h=0.5 c=4.8  kl=0.0468  vl=0.0524
Step: 1957888 SPS: 1972  ev=0.808  ent=0.608  grad=0.43/0.43  h=0.5 c=4.3  kl=0.0399  vl=0.0684
Step: 1961984 SPS: 1974  ev=0.824  ent=0.609  grad=0.39/0.39  h=0.4 c=4.7  kl=0.0430  vl=0.0621
  vs Heur:   41W/60L/1D | score=4.1±13.3 inv=0.0 played=15.7 lanes=5.0 ddraw=2.0 pts=4
  vs Random: 100W/0L/0D | score=21.0±14.5 inv=0.0 played=17.6 lanes=5.0 ddraw=1.6 pts=21
  Self-play: 50W/54L/4D | score=-0.6±13.2 inv=0.0 played=15.0 lanes=5.0 ddraw=0.5 pts=-1
Step: 1966080 SPS: 1975  ev=0.827  ent=0.634  grad=0.52/0.50  h=0.4 c=4.6  kl=0.0381  vl=0.0666
Step: 1970176 SPS: 1977  ev=0.811  ent=0.621  grad=0.85/0.50  h=0.4 c=5.5  kl=0.0309  vl=0.0658
Step: 1974272 SPS: 1978  ev=0.807  ent=0.616  grad=0.48/0.48  h=0.4 c=6.7  kl=0.0523  vl=0.0774
Step: 1978368 SPS: 1980  ev=0.832  ent=0.633  grad=0.52/0.50  h=0.3 c=4.8  kl=0.0474  vl=0.0623
Step: 1982464 SPS: 1982  ev=0.833  ent=0.610  grad=0.80/0.50  h=0.4 c=4.1  kl=0.0363  vl=0.0648
Step: 1986560 SPS: 1983  ev=0.824  ent=0.654  grad=0.75/0.50  h=0.3 c=4.9  kl=0.0381  vl=0.0702
Step: 1990656 SPS: 1985  ev=0.828  ent=0.603  grad=0.52/0.50  h=0.5 c=4.4  kl=0.0383  vl=0.0497
Step: 1994752 SPS: 1986  ev=0.852  ent=0.649  grad=0.79/0.50  h=0.4 c=4.9  kl=0.0386  vl=0.0638
Step: 1998848 SPS: 1988  ev=0.821  ent=0.616  grad=0.49/0.49  h=0.4 c=4.4  kl=0.0449  vl=0.0736
Step: 2002944 SPS: 1990  ev=0.778  ent=0.654  grad=0.56/0.50  h=0.4 c=3.7  kl=0.0392  vl=0.0833
Step: 2007040 SPS: 1991  ev=0.816  ent=0.681  grad=0.79/0.50  h=0.4 c=4.3  kl=0.0488  vl=0.0735
Step: 2011136 SPS: 1993  ev=0.854  ent=0.630  grad=0.54/0.50  h=0.4 c=3.4  kl=0.0360  vl=0.0433
Step: 2015232 SPS: 1994  ev=0.815  ent=0.637  grad=0.54/0.50  h=0.5 c=4.1  kl=0.0399  vl=0.0905
Step: 2019328 SPS: 1996  ev=0.836  ent=0.672  grad=0.45/0.45  h=0.5 c=4.0  kl=0.0316  vl=0.0678
Step: 2023424 SPS: 1997  ev=0.828  ent=0.638  grad=0.90/0.50  h=0.5 c=3.4  kl=0.0487  vl=0.0829
Step: 2027520 SPS: 1999  ev=0.827  ent=0.642  grad=0.40/0.40  h=0.5 c=3.6  kl=0.0533  vl=0.0632
Step: 2031616 SPS: 2001  ev=0.825  ent=0.601  grad=0.79/0.50  h=0.5 c=3.3  kl=0.0399  vl=0.0730
Step: 2035712 SPS: 2002  ev=0.836  ent=0.621  grad=0.58/0.50  h=0.5 c=2.7  kl=0.0347  vl=0.0599
Step: 2039808 SPS: 2004  ev=0.827  ent=0.592  grad=0.48/0.48  h=0.4 c=2.4  kl=0.0468  vl=0.0563
Step: 2043904 SPS: 2005  ev=0.800  ent=0.611  grad=0.90/0.50  h=0.4 c=3.3  kl=0.0440  vl=0.0809
  vs Heur:   38W/63L/1D | score=2.2±14.1 inv=0.0 played=15.6 lanes=5.0 ddraw=1.4 pts=2
  vs Random: 100W/0L/0D | score=19.2±15.1 inv=0.0 played=17.5 lanes=5.0 ddraw=1.8 pts=19
  Self-play: 53W/45L/2D | score=0.2±10.8 inv=0.0 played=15.1 lanes=5.0 ddraw=0.6 pts=0
Step: 2048000 SPS: 2007  ev=0.842  ent=0.614  grad=0.46/0.46  h=0.5 c=2.5  kl=0.0564  vl=0.0564
Step: 2052096 SPS: 2008  ev=0.819  ent=0.600  grad=0.56/0.50  h=0.5 c=2.8  kl=0.0366  vl=0.0508
Step: 2056192 SPS: 2010  ev=0.843  ent=0.557  grad=0.46/0.46  h=0.4 c=2.4  kl=0.0316  vl=0.0518
Step: 2060288 SPS: 2011  ev=0.804  ent=0.568  grad=0.92/0.50  h=0.4 c=2.1  kl=0.0394  vl=0.0757
Step: 2064384 SPS: 2013  ev=0.834  ent=0.548  grad=1.10/0.50  h=0.4 c=2.2  kl=0.0416  vl=0.0642
Step: 2068480 SPS: 2014  ev=0.816  ent=0.603  grad=0.55/0.50  h=0.4 c=2.4  kl=0.0538  vl=0.0655
Step: 2072576 SPS: 2016  ev=0.829  ent=0.551  grad=0.75/0.50  h=0.4 c=2.6  kl=0.0389  vl=0.0669
Step: 2076672 SPS: 2017  ev=0.846  ent=0.556  grad=0.37/0.37  h=0.3 c=2.8  kl=0.0458  vl=0.0586
Step: 2080768 SPS: 2019  ev=0.793  ent=0.582  grad=0.80/0.50  h=0.4 c=2.7  kl=0.0374  vl=0.0426
Step: 2084864 SPS: 2020  ev=0.823  ent=0.597  grad=0.37/0.37  h=0.4 c=2.7  kl=0.0410  vl=0.0639
Step: 2088960 SPS: 2022  ev=0.820  ent=0.551  grad=0.51/0.50  h=0.3 c=2.2  kl=0.0449  vl=0.0736
Step: 2093056 SPS: 2023  ev=0.780  ent=0.629  grad=0.71/0.50  h=0.3 c=2.0  kl=0.0498  vl=0.0772
Step: 2097152 SPS: 2025  ev=0.839  ent=0.594  grad=0.71/0.50  h=0.3 c=1.8  kl=0.0353  vl=0.0596
Step: 2101248 SPS: 2026  ev=0.831  ent=0.587  grad=0.59/0.50  h=0.4 c=2.0  kl=0.0497  vl=0.0604
Step: 2105344 SPS: 2028  ev=0.814  ent=0.581  grad=0.83/0.50  h=0.4 c=2.3  kl=0.0788  vl=0.0566
Step: 2109440 SPS: 2029  ev=0.824  ent=0.562  grad=0.54/0.50  h=0.4 c=2.2  kl=0.0458  vl=0.0760
Step: 2113536 SPS: 2031  ev=0.832  ent=0.587  grad=0.90/0.50  h=0.4 c=2.3  kl=0.0554  vl=0.0843
Step: 2117632 SPS: 2032  ev=0.825  ent=0.610  grad=0.69/0.50  h=0.4 c=2.1  kl=0.0703  vl=0.0554
Step: 2121728 SPS: 2034  ev=0.830  ent=0.597  grad=0.50/0.50  h=0.5 c=2.3  kl=0.0381  vl=0.0595
Step: 2125824 SPS: 2035  ev=0.826  ent=0.564  grad=0.41/0.41  h=0.5 c=2.4  kl=0.0380  vl=0.0775
  vs Heur:   34W/66L/0D | score=2.0±13.7 inv=0.0 played=15.5 lanes=5.0 ddraw=1.9 pts=2
  vs Random: 100W/0L/0D | score=22.7±13.3 inv=0.0 played=18.1 lanes=5.0 ddraw=2.0 pts=23
  Self-play: 39W/59L/3D | score=0.3±13.0 inv=0.0 played=15.2 lanes=5.0 ddraw=0.8 pts=0
Step: 2129920 SPS: 2036  ev=0.835  ent=0.627  grad=0.53/0.50  h=0.4 c=2.1  kl=0.0633  vl=0.0585
Step: 2134016 SPS: 2038  ev=0.845  ent=0.589  grad=1.00/0.50  h=0.5 c=2.6  kl=0.0486  vl=0.0654
Step: 2138112 SPS: 2039  ev=0.836  ent=0.592  grad=0.81/0.50  h=0.4 c=2.6  kl=0.0380  vl=0.0526
Step: 2142208 SPS: 2041  ev=0.846  ent=0.587  grad=0.68/0.50  h=0.4 c=2.4  kl=0.0521  vl=0.0766
Step: 2146304 SPS: 2042  ev=0.827  ent=0.587  grad=0.70/0.50  h=0.3 c=2.8  kl=0.0432  vl=0.0686
Step: 2150400 SPS: 2044  ev=0.815  ent=0.581  grad=0.69/0.50  h=0.4 c=2.3  kl=0.0450  vl=0.0802
Step: 2154496 SPS: 2045  ev=0.811  ent=0.626  grad=0.68/0.50  h=0.4 c=2.4  kl=0.0389  vl=0.0654
Step: 2158592 SPS: 2047  ev=0.826  ent=0.574  grad=0.73/0.50  h=0.4 c=2.5  kl=0.0433  vl=0.0593
Step: 2162688 SPS: 2048  ev=0.818  ent=0.596  grad=0.32/0.32  h=0.4 c=2.5  kl=0.0404  vl=0.0678
Step: 2166784 SPS: 2049  ev=0.827  ent=0.573  grad=0.51/0.50  h=0.4 c=2.5  kl=0.0417  vl=0.0657
Step: 2170880 SPS: 2051  ev=0.835  ent=0.581  grad=0.62/0.50  h=0.4 c=3.1  kl=0.0379  vl=0.0802
Step: 2174976 SPS: 2052  ev=0.802  ent=0.576  grad=0.57/0.50  h=0.4 c=3.5  kl=1.2275  vl=0.0646
Step: 2179072 SPS: 2054  ev=0.835  ent=0.537  grad=0.62/0.50  h=0.4 c=2.7  kl=0.0439  vl=0.0639
Step: 2183168 SPS: 2055  ev=0.832  ent=0.600  grad=0.37/0.37  h=0.3 c=2.8  kl=0.0373  vl=0.0791
Step: 2187264 SPS: 2057  ev=0.821  ent=0.577  grad=0.68/0.50  h=0.4 c=3.0  kl=0.0334  vl=0.0585
Step: 2191360 SPS: 2058  ev=0.821  ent=0.571  grad=0.52/0.50  h=0.4 c=2.9  kl=0.0419  vl=0.0668
Step: 2195456 SPS: 2059  ev=0.845  ent=0.612  grad=0.41/0.41  h=0.4 c=2.2  kl=0.0421  vl=0.0455
Step: 2199552 SPS: 2061  ev=0.818  ent=0.589  grad=0.41/0.41  h=0.4 c=2.4  kl=0.0429  vl=0.0760
Step: 2203648 SPS: 2062  ev=0.841  ent=0.557  grad=0.46/0.46  h=0.3 c=2.4  kl=0.0423  vl=0.0525
Step: 2207744 SPS: 2063  ev=0.857  ent=0.616  grad=0.62/0.50  h=0.3 c=1.9  kl=0.0621  vl=0.0560
  vs Heur:   44W/56L/2D | score=5.0±15.0 inv=0.0 played=15.9 lanes=5.0 ddraw=2.1 pts=5
  vs Random: 100W/0L/0D | score=26.9±13.8 inv=0.0 played=18.4 lanes=5.0 ddraw=2.1 pts=27
  Self-play: 53W/44L/5D | score=1.2±11.4 inv=0.0 played=15.3 lanes=5.0 ddraw=0.8 pts=1
Step: 2211840 SPS: 2065  ev=0.820  ent=0.626  grad=0.46/0.46  h=0.4 c=2.0  kl=0.0453  vl=0.0570
Step: 2215936 SPS: 2066  ev=0.838  ent=0.605  grad=0.55/0.50  h=0.4 c=2.6  kl=0.0463  vl=0.0582
Step: 2220032 SPS: 2067  ev=0.825  ent=0.713  grad=0.71/0.50  h=0.4 c=2.6  kl=0.0432  vl=0.0521
Step: 2224128 SPS: 2068  ev=0.816  ent=0.594  grad=0.30/0.30  h=0.4 c=3.0  kl=0.0403  vl=0.0913
Step: 2228224 SPS: 2069  ev=0.822  ent=0.602  grad=0.58/0.50  h=0.4 c=2.3  kl=0.0507  vl=0.0682
Step: 2232320 SPS: 2070  ev=0.816  ent=0.575  grad=0.59/0.50  h=0.4 c=2.4  kl=0.0293  vl=0.0776
Step: 2236416 SPS: 2071  ev=0.828  ent=0.618  grad=0.58/0.50  h=0.4 c=2.4  kl=0.0380  vl=0.0521
Step: 2240512 SPS: 2073  ev=0.833  ent=0.636  grad=0.58/0.50  h=0.4 c=2.2  kl=0.0464  vl=0.0645
Step: 2244608 SPS: 2074  ev=0.820  ent=0.658  grad=0.85/0.50  h=0.4 c=2.0  kl=0.0411  vl=0.0786
Step: 2248704 SPS: 2075  ev=0.820  ent=0.616  grad=0.63/0.50  h=0.4 c=2.7  kl=0.0381  vl=0.0648
Step: 2252800 SPS: 2077  ev=0.839  ent=0.625  grad=0.54/0.50  h=0.4 c=2.4  kl=0.0468  vl=0.0869
Step: 2256896 SPS: 2078  ev=0.821  ent=0.615  grad=0.38/0.38  h=0.5 c=2.8  kl=0.0335  vl=0.0613
Step: 2260992 SPS: 2079  ev=0.835  ent=0.665  grad=0.67/0.50  h=0.4 c=2.3  kl=0.0324  vl=0.0764
Step: 2265088 SPS: 2081  ev=0.814  ent=0.638  grad=1.06/0.50  h=0.4 c=2.3  kl=0.0334  vl=0.0864
Step: 2269184 SPS: 2082  ev=0.810  ent=0.671  grad=0.40/0.40  h=0.5 c=2.7  kl=0.0435  vl=0.0594
Step: 2273280 SPS: 2084  ev=0.832  ent=0.633  grad=0.51/0.50  h=0.4 c=2.3  kl=0.0320  vl=0.0686
Step: 2277376 SPS: 2085  ev=0.830  ent=0.601  grad=0.91/0.50  h=0.4 c=2.4  kl=0.0493  vl=0.0669
Step: 2281472 SPS: 2086  ev=0.834  ent=0.635  grad=0.66/0.50  h=0.4 c=2.2  kl=0.0321  vl=0.0597
Step: 2285568 SPS: 2088  ev=0.829  ent=0.631  grad=0.45/0.45  h=0.4 c=2.5  kl=0.0280  vl=0.0527
Step: 2289664 SPS: 2089  ev=0.790  ent=0.637  grad=0.59/0.50  h=0.3 c=2.0  kl=0.0461  vl=0.0842
  vs Heur:   30W/67L/6D | score=4.2±13.5 inv=0.0 played=15.7 lanes=5.0 ddraw=2.6 pts=4
  vs Random: 100W/0L/0D | score=26.0±16.2 inv=0.0 played=18.5 lanes=5.0 ddraw=2.5 pts=26
  Self-play: 51W/52L/1D | score=1.3±13.2 inv=0.0 played=15.3 lanes=5.0 ddraw=1.0 pts=1
Step: 2293760 SPS: 2090  ev=0.840  ent=0.717  grad=0.66/0.50  h=0.3 c=2.7  kl=0.0469  vl=0.0542
Step: 2297856 SPS: 2092  ev=0.838  ent=0.606  grad=1.05/0.50  h=0.4 c=2.5  kl=0.0351  vl=0.0554
Step: 2301952 SPS: 2093  ev=0.816  ent=0.616  grad=0.52/0.50  h=0.3 c=2.4  kl=0.0299  vl=0.0657
Step: 2306048 SPS: 2094  ev=0.828  ent=0.615  grad=0.87/0.50  h=0.3 c=3.0  kl=0.0393  vl=0.0675
Step: 2310144 SPS: 2096  ev=0.825  ent=0.609  grad=0.46/0.46  h=0.4 c=3.3  kl=0.0387  vl=0.0778
Step: 2314240 SPS: 2097  ev=0.812  ent=0.634  grad=0.81/0.50  h=0.4 c=2.8  kl=0.0426  vl=0.0519
Step: 2318336 SPS: 2098  ev=0.837  ent=0.652  grad=0.66/0.50  h=0.4 c=2.7  kl=0.0322  vl=0.0676
Step: 2322432 SPS: 2099  ev=0.828  ent=0.640  grad=0.44/0.44  h=0.4 c=3.6  kl=0.0546  vl=0.0747
Step: 2326528 SPS: 2101  ev=0.821  ent=0.653  grad=0.38/0.38  h=0.4 c=3.0  kl=0.0363  vl=0.0644
Step: 2330624 SPS: 2102  ev=0.808  ent=0.586  grad=0.80/0.50  h=0.3 c=2.9  kl=0.0267  vl=0.0582
Step: 2334720 SPS: 2103  ev=0.848  ent=0.601  grad=0.45/0.45  h=0.3 c=3.3  kl=0.0499  vl=0.0585
Step: 2338816 SPS: 2105  ev=0.834  ent=0.599  grad=0.46/0.46  h=0.3 c=2.7  kl=0.0518  vl=0.0703
Step: 2342912 SPS: 2105  ev=0.813  ent=0.596  grad=0.54/0.50  h=0.3 c=2.9  kl=0.0424  vl=0.0572
Step: 2347008 SPS: 2107  ev=0.830  ent=0.571  grad=0.47/0.47  h=0.3 c=3.0  kl=0.0304  vl=0.0578
Step: 2351104 SPS: 2108  ev=0.816  ent=0.589  grad=0.62/0.50  h=0.3 c=3.4  kl=0.0377  vl=0.0654
Step: 2355200 SPS: 2109  ev=0.838  ent=0.591  grad=0.48/0.48  h=0.3 c=3.8  kl=0.0365  vl=0.0501
Step: 2359296 SPS: 2111  ev=0.834  ent=0.543  grad=0.61/0.50  h=0.2 c=3.6  kl=0.0524  vl=0.0605
Step: 2363392 SPS: 2112  ev=0.841  ent=0.561  grad=0.42/0.42  h=0.2 c=3.8  kl=0.0326  vl=0.0705
Step: 2367488 SPS: 2113  ev=0.843  ent=0.568  grad=0.47/0.47  h=0.3 c=3.8  kl=0.0335  vl=0.0473
Step: 2371584 SPS: 2115  ev=0.849  ent=0.571  grad=0.60/0.50  h=0.2 c=3.8  kl=0.0312  vl=0.0538
  vs Heur:   45W/56L/1D | score=4.7±12.6 inv=0.0 played=15.9 lanes=5.0 ddraw=1.7 pts=5
  vs Random: 100W/0L/0D | score=26.5±15.4 inv=0.0 played=18.6 lanes=5.0 ddraw=1.3 pts=26
  Self-play: 49W/49L/2D | score=-0.1±11.1 inv=0.0 played=15.2 lanes=5.0 ddraw=0.5 pts=-0
Step: 2375680 SPS: 2116  ev=0.822  ent=0.576  grad=0.59/0.50  h=0.3 c=3.6  kl=0.0209  vl=0.0546
Step: 2379776 SPS: 2117  ev=0.825  ent=0.596  grad=0.62/0.50  h=0.3 c=4.5  kl=0.0595  vl=0.0754
Step: 2383872 SPS: 2118  ev=0.818  ent=0.584  grad=0.42/0.42  h=0.3 c=4.1  kl=0.0236  vl=0.0429
Step: 2387968 SPS: 2119  ev=0.831  ent=0.561  grad=0.60/0.50  h=0.3 c=3.7  kl=0.0462  vl=0.0702
Step: 2392064 SPS: 2120  ev=0.803  ent=0.587  grad=0.44/0.44  h=0.3 c=3.8  kl=0.0346  vl=0.0977
Step: 2396160 SPS: 2121  ev=0.811  ent=0.597  grad=0.43/0.43  h=0.3 c=3.7  kl=0.0334  vl=0.0662
Step: 2400256 SPS: 2123  ev=0.822  ent=0.551  grad=0.36/0.36  h=0.3 c=3.6  kl=0.0380  vl=0.0810
Step: 2404352 SPS: 2124  ev=0.813  ent=0.590  grad=0.67/0.50  h=0.2 c=2.8  kl=0.0385  vl=0.0765
Step: 2408448 SPS: 2125  ev=0.837  ent=0.607  grad=0.67/0.50  h=0.2 c=2.2  kl=0.0416  vl=0.0595
Step: 2412544 SPS: 2127  ev=0.848  ent=0.627  grad=0.54/0.50  h=0.3 c=2.8  kl=0.0352  vl=0.0639
Step: 2416640 SPS: 2128  ev=0.824  ent=0.554  grad=0.40/0.40  h=0.2 c=2.8  kl=0.0206  vl=0.0609
Step: 2420736 SPS: 2129  ev=0.838  ent=0.607  grad=0.41/0.41  h=0.3 c=2.7  kl=0.0436  vl=0.0779
Step: 2424832 SPS: 2130  ev=0.820  ent=0.651  grad=0.59/0.50  h=0.3 c=3.6  kl=0.0301  vl=0.0615
Step: 2428928 SPS: 2131  ev=0.827  ent=0.642  grad=1.12/0.50  h=0.3 c=2.9  kl=0.0540  vl=0.0668
Step: 2433024 SPS: 2133  ev=0.836  ent=0.606  grad=1.07/0.50  h=0.2 c=3.5  kl=0.0468  vl=0.0734
Step: 2437120 SPS: 2134  ev=0.849  ent=0.584  grad=0.43/0.43  h=0.3 c=3.8  kl=0.0550  vl=0.0584
Step: 2441216 SPS: 2135  ev=0.823  ent=0.609  grad=0.64/0.50  h=0.3 c=3.0  kl=0.0314  vl=0.0628
Step: 2445312 SPS: 2136  ev=0.785  ent=0.610  grad=0.44/0.44  h=0.4 c=3.6  kl=0.0529  vl=0.0892
Step: 2449408 SPS: 2137  ev=0.830  ent=0.624  grad=0.76/0.50  h=0.3 c=3.7  kl=0.0470  vl=0.0523
Step: 2453504 SPS: 2139  ev=0.818  ent=0.584  grad=0.42/0.42  h=0.4 c=3.6  kl=0.0345  vl=0.0628
  vs Heur:   30W/69L/2D | score=2.8±11.7 inv=0.0 played=16.0 lanes=5.0 ddraw=1.9 pts=3
  vs Random: 101W/0L/0D | score=24.9±13.9 inv=0.0 played=18.4 lanes=5.0 ddraw=2.0 pts=25
  Self-play: 43W/58L/0D | score=0.0±12.7 inv=0.0 played=15.1 lanes=5.0 ddraw=0.9 pts=0
Step: 2457600 SPS: 2140  ev=0.832  ent=0.546  grad=0.86/0.50  h=0.3 c=3.1  kl=0.0313  vl=0.0670
Step: 2461696 SPS: 2141  ev=0.840  ent=0.561  grad=0.44/0.44  h=0.3 c=3.8  kl=0.0349  vl=0.0606
Step: 2465792 SPS: 2143  ev=0.803  ent=0.574  grad=0.79/0.50  h=0.3 c=5.1  kl=0.0312  vl=0.0875
Step: 2469888 SPS: 2144  ev=0.821  ent=0.603  grad=0.53/0.50  h=0.2 c=4.0  kl=0.0421  vl=0.0748
Step: 2473984 SPS: 2145  ev=0.812  ent=0.550  grad=0.84/0.50  h=0.3 c=3.6  kl=0.0501  vl=0.0718
Step: 2478080 SPS: 2146  ev=0.816  ent=0.553  grad=0.49/0.49  h=0.3 c=6.2  kl=0.0396  vl=0.0635
Step: 2482176 SPS: 2147  ev=0.808  ent=0.516  grad=0.51/0.50  h=0.3 c=4.0  kl=0.0380  vl=0.0597
Step: 2486272 SPS: 2149  ev=0.817  ent=0.558  grad=0.42/0.42  h=0.4 c=6.5  kl=0.0478  vl=0.0963
Step: 2490368 SPS: 2150  ev=0.837  ent=0.577  grad=0.66/0.50  h=0.4 c=5.4  kl=0.0457  vl=0.0515
Step: 2494464 SPS: 2151  ev=0.827  ent=0.532  grad=0.63/0.50  h=0.3 c=5.4  kl=0.0451  vl=0.0585
Step: 2498560 SPS: 2152  ev=0.835  ent=0.548  grad=0.96/0.50  h=0.4 c=4.2  kl=0.0416  vl=0.0567
Step: 2502656 SPS: 2153  ev=0.822  ent=0.583  grad=0.53/0.50  h=0.3 c=4.1  kl=0.0366  vl=0.0651
Step: 2506752 SPS: 2154  ev=0.822  ent=0.606  grad=0.43/0.43  h=0.3 c=2.6  kl=0.0362  vl=0.0559
Step: 2510848 SPS: 2156  ev=0.826  ent=0.617  grad=0.61/0.50  h=0.3 c=3.1  kl=0.0554  vl=0.0687
Step: 2514944 SPS: 2157  ev=0.827  ent=0.548  grad=0.58/0.50  h=0.3 c=2.9  kl=0.0608  vl=0.0603
Step: 2519040 SPS: 2158  ev=0.850  ent=0.576  grad=0.51/0.50  h=0.3 c=2.6  kl=0.0597  vl=0.0560
Step: 2523136 SPS: 2159  ev=0.822  ent=0.556  grad=0.72/0.50  h=0.3 c=4.4  kl=0.0401  vl=0.0616
Step: 2527232 SPS: 2160  ev=0.843  ent=0.581  grad=0.56/0.50  h=0.4 c=3.1  kl=0.0370  vl=0.0474
Step: 2531328 SPS: 2161  ev=0.812  ent=0.586  grad=0.46/0.46  h=0.3 c=3.3  kl=0.0513  vl=0.0607
Step: 2535424 SPS: 2162  ev=0.825  ent=0.550  grad=1.15/0.50  h=0.3 c=3.1  kl=0.0475  vl=0.0824
  vs Heur:   35W/59L/6D | score=4.3±12.4 inv=0.0 played=15.9 lanes=5.0 ddraw=2.5 pts=4
  vs Random: 103W/0L/0D | score=26.3±14.8 inv=0.0 played=18.4 lanes=5.0 ddraw=3.0 pts=26
  Self-play: 52W/51L/2D | score=1.5±14.2 inv=0.0 played=15.4 lanes=5.0 ddraw=1.2 pts=1
Step: 2539520 SPS: 2164  ev=0.821  ent=0.545  grad=0.90/0.50  h=0.4 c=3.4  kl=0.0475  vl=0.0640
Step: 2543616 SPS: 2165  ev=0.841  ent=0.573  grad=0.34/0.34  h=0.4 c=4.0  kl=0.0588  vl=0.0659
Step: 2547712 SPS: 2166  ev=0.829  ent=0.572  grad=0.71/0.50  h=0.3 c=3.0  kl=0.0541  vl=0.0896
Step: 2551808 SPS: 2167  ev=0.827  ent=0.597  grad=0.62/0.50  h=0.4 c=3.2  kl=0.0344  vl=0.0829
Step: 2555904 SPS: 2168  ev=0.811  ent=0.605  grad=0.35/0.35  h=0.4 c=3.4  kl=0.0463  vl=0.0781
Step: 2560000 SPS: 2169  ev=0.822  ent=0.600  grad=0.46/0.46  h=0.4 c=4.1  kl=0.0433  vl=0.0746
Step: 2564096 SPS: 2170  ev=0.816  ent=0.612  grad=0.39/0.39  h=0.4 c=3.2  kl=0.0375  vl=0.0915
Step: 2568192 SPS: 2171  ev=0.804  ent=0.539  grad=0.97/0.50  h=0.4 c=3.8  kl=0.0449  vl=0.0680
Step: 2572288 SPS: 2172  ev=0.837  ent=0.629  grad=0.52/0.50  h=0.3 c=3.2  kl=0.0605  vl=0.0636
Step: 2576384 SPS: 2173  ev=0.820  ent=0.592  grad=0.61/0.50  h=0.4 c=3.1  kl=0.0378  vl=0.0667
Step: 2580480 SPS: 2174  ev=0.810  ent=0.536  grad=0.50/0.50  h=0.4 c=3.7  kl=0.0317  vl=0.0665
Step: 2584576 SPS: 2175  ev=0.823  ent=0.574  grad=1.20/0.50  h=0.4 c=3.2  kl=0.0412  vl=0.0839
Step: 2588672 SPS: 2176  ev=0.824  ent=0.575  grad=0.52/0.50  h=0.4 c=3.6  kl=0.0477  vl=0.0700
Step: 2592768 SPS: 2177  ev=0.801  ent=0.555  grad=0.67/0.50  h=0.3 c=2.8  kl=0.0491  vl=0.0737
Step: 2596864 SPS: 2178  ev=0.804  ent=0.558  grad=0.51/0.50  h=0.3 c=2.5  kl=0.0632  vl=0.0696
Step: 2600960 SPS: 2180  ev=0.832  ent=0.522  grad=0.52/0.50  h=0.3 c=3.6  kl=0.0457  vl=0.0803
Step: 2605056 SPS: 2181  ev=0.804  ent=0.514  grad=0.53/0.50  h=0.3 c=3.2  kl=0.0333  vl=0.0596
Step: 2609152 SPS: 2182  ev=0.852  ent=0.548  grad=0.82/0.50  h=0.3 c=3.5  kl=0.0456  vl=0.0570
Step: 2613248 SPS: 2183  ev=0.784  ent=0.518  grad=0.65/0.50  h=0.4 c=4.2  kl=0.0293  vl=0.0691
Step: 2617344 SPS: 2184  ev=0.805  ent=0.557  grad=0.75/0.50  h=0.4 c=3.8  kl=0.0371  vl=0.0615
  vs Heur:   39W/59L/2D | score=3.7±12.5 inv=0.0 played=15.8 lanes=5.0 ddraw=2.2 pts=4
  vs Random: 100W/0L/0D | score=23.4±14.3 inv=0.0 played=18.0 lanes=5.0 ddraw=2.4 pts=23
  Self-play: 54W/44L/2D | score=1.1±12.8 inv=0.0 played=15.4 lanes=5.0 ddraw=1.0 pts=1
Step: 2621440 SPS: 2185  ev=0.823  ent=0.543  grad=0.91/0.50  h=0.4 c=4.3  kl=0.0433  vl=0.0576
Step: 2625536 SPS: 2187  ev=0.846  ent=0.581  grad=0.46/0.46  h=0.4 c=5.6  kl=0.0444  vl=0.0625
Step: 2629632 SPS: 2188  ev=0.832  ent=0.574  grad=0.56/0.50  h=0.3 c=4.7  kl=0.0416  vl=0.0541
Step: 2633728 SPS: 2188  ev=0.814  ent=0.561  grad=0.72/0.50  h=0.3 c=3.4  kl=0.0366  vl=0.0816
Step: 2637824 SPS: 2190  ev=0.825  ent=0.566  grad=0.45/0.45  h=0.3 c=4.7  kl=0.0352  vl=0.0536
Step: 2641920 SPS: 2191  ev=0.818  ent=0.573  grad=0.74/0.50  h=0.3 c=6.4  kl=0.0457  vl=0.0822
Step: 2646016 SPS: 2192  ev=0.807  ent=0.548  grad=0.62/0.50  h=0.3 c=5.7  kl=0.0306  vl=0.0853
Step: 2650112 SPS: 2193  ev=0.857  ent=0.616  grad=0.52/0.50  h=0.3 c=7.4  kl=0.0495  vl=0.0597
Step: 2654208 SPS: 2194  ev=0.819  ent=0.525  grad=0.43/0.43  h=0.3 c=5.5  kl=0.0330  vl=0.0602
Step: 2658304 SPS: 2195  ev=0.824  ent=0.526  grad=0.53/0.50  h=0.3 c=6.3  kl=0.0412  vl=0.0615
Step: 2662400 SPS: 2196  ev=0.820  ent=0.567  grad=0.55/0.50  h=0.3 c=5.8  kl=0.0415  vl=0.0724
Step: 2666496 SPS: 2197  ev=0.827  ent=0.586  grad=0.47/0.47  h=0.4 c=4.9  kl=0.0446  vl=0.0621
Step: 2670592 SPS: 2198  ev=0.816  ent=0.590  grad=0.48/0.48  h=0.3 c=5.0  kl=0.0442  vl=0.0551
Step: 2674688 SPS: 2199  ev=0.822  ent=0.557  grad=0.73/0.50  h=0.3 c=5.8  kl=0.0260  vl=0.0579
Step: 2678784 SPS: 2200  ev=0.822  ent=0.624  grad=0.44/0.44  h=0.3 c=4.8  kl=0.0311  vl=0.0600
Step: 2682880 SPS: 2201  ev=0.793  ent=0.572  grad=0.54/0.50  h=0.4 c=5.4  kl=0.0392  vl=0.0774
Step: 2686976 SPS: 2202  ev=0.826  ent=0.576  grad=0.86/0.50  h=0.4 c=4.4  kl=0.0397  vl=0.0600
Step: 2691072 SPS: 2203  ev=0.834  ent=0.582  grad=0.58/0.50  h=0.3 c=5.7  kl=0.0410  vl=0.0580
Step: 2695168 SPS: 2204  ev=0.829  ent=0.579  grad=0.39/0.39  h=0.3 c=6.1  kl=0.0404  vl=0.0690
Step: 2699264 SPS: 2205  ev=0.821  ent=0.615  grad=0.41/0.41  h=0.3 c=4.2  kl=0.0453  vl=0.0679
  vs Heur:   31W/73L/1D | score=0.3±14.4 inv=0.0 played=15.3 lanes=5.0 ddraw=2.8 pts=0
  vs Random: 102W/0L/0D | score=21.1±15.4 inv=0.0 played=17.8 lanes=5.0 ddraw=3.7 pts=21
  Self-play: 56W/44L/3D | score=2.5±13.0 inv=0.0 played=15.4 lanes=5.0 ddraw=1.4 pts=2
Step: 2703360 SPS: 2207  ev=0.826  ent=0.610  grad=0.55/0.50  h=0.4 c=4.7  kl=0.0367  vl=0.0664
Step: 2707456 SPS: 2208  ev=0.827  ent=0.584  grad=0.32/0.32  h=0.4 c=5.9  kl=0.0459  vl=0.0573
Step: 2711552 SPS: 2209  ev=0.797  ent=0.601  grad=0.71/0.50  h=0.4 c=5.0  kl=0.0476  vl=0.0601
Step: 2715648 SPS: 2210  ev=0.821  ent=0.579  grad=0.46/0.46  h=0.4 c=5.6  kl=0.0491  vl=0.0606
Step: 2719744 SPS: 2211  ev=0.841  ent=0.611  grad=0.55/0.50  h=0.4 c=5.2  kl=0.0568  vl=0.0606
Step: 2723840 SPS: 2213  ev=0.821  ent=0.638  grad=0.74/0.50  h=0.4 c=5.2  kl=0.0363  vl=0.0617
Step: 2727936 SPS: 2213  ev=0.817  ent=0.614  grad=0.63/0.50  h=0.4 c=6.0  kl=0.0351  vl=0.0520
Step: 2732032 SPS: 2215  ev=0.798  ent=0.596  grad=0.51/0.50  h=0.5 c=5.0  kl=0.0424  vl=0.0565
Step: 2736128 SPS: 2216  ev=0.823  ent=0.603  grad=0.55/0.50  h=0.4 c=5.3  kl=0.0399  vl=0.0549
Step: 2740224 SPS: 2217  ev=0.824  ent=0.605  grad=0.41/0.41  h=0.4 c=7.0  kl=0.0314  vl=0.0812
Step: 2744320 SPS: 2218  ev=0.836  ent=0.649  grad=0.53/0.50  h=0.3 c=5.8  kl=0.0343  vl=0.0567
Step: 2748416 SPS: 2218  ev=0.825  ent=0.589  grad=0.66/0.50  h=0.5 c=5.0  kl=0.0343  vl=0.0762
Step: 2752512 SPS: 2219  ev=0.826  ent=0.564  grad=0.46/0.46  h=0.4 c=5.1  kl=0.0305  vl=0.0784
Step: 2756608 SPS: 2220  ev=0.820  ent=0.599  grad=0.48/0.48  h=0.5 c=5.8  kl=0.0424  vl=0.0707
Step: 2760704 SPS: 2222  ev=0.838  ent=0.641  grad=0.43/0.43  h=0.4 c=6.0  kl=0.0294  vl=0.0562
Step: 2764800 SPS: 2223  ev=0.825  ent=0.579  grad=0.47/0.47  h=0.5 c=5.9  kl=0.0468  vl=0.0513
Step: 2768896 SPS: 2224  ev=0.839  ent=0.576  grad=0.43/0.43  h=0.5 c=7.6  kl=0.0352  vl=0.0536
Step: 2772992 SPS: 2225  ev=0.805  ent=0.594  grad=0.75/0.50  h=0.6 c=7.6  kl=0.0408  vl=0.0761
Step: 2777088 SPS: 2226  ev=0.811  ent=0.568  grad=1.32/0.50  h=0.4 c=7.6  kl=0.0513  vl=0.0792
Step: 2781184 SPS: 2227  ev=0.830  ent=0.542  grad=0.37/0.37  h=0.5 c=6.0  kl=0.0293  vl=0.0528
  vs Heur:   42W/59L/2D | score=4.6±13.0 inv=0.0 played=15.9 lanes=5.0 ddraw=2.5 pts=5
  vs Random: 100W/0L/0D | score=19.1±14.7 inv=0.0 played=17.5 lanes=5.0 ddraw=3.8 pts=19
  Self-play: 46W/52L/3D | score=-0.3±12.4 inv=0.0 played=14.8 lanes=5.0 ddraw=1.1 pts=-0
Step: 2785280 SPS: 2228  ev=0.852  ent=0.590  grad=0.84/0.50  h=0.4 c=9.5  kl=0.0291  vl=0.0701
Step: 2789376 SPS: 2229  ev=0.843  ent=0.590  grad=0.43/0.43  h=0.4 c=5.6  kl=0.0284  vl=0.0576
Step: 2793472 SPS: 2230  ev=0.826  ent=0.614  grad=0.46/0.46  h=0.5 c=5.1  kl=0.0514  vl=0.0540
Step: 2797568 SPS: 2231  ev=0.826  ent=0.592  grad=0.87/0.50  h=0.5 c=5.4  kl=0.0409  vl=0.0778
Step: 2801664 SPS: 2232  ev=0.846  ent=0.581  grad=0.50/0.50  h=0.5 c=5.2  kl=0.0417  vl=0.0510
Step: 2805760 SPS: 2233  ev=0.847  ent=0.575  grad=0.48/0.48  h=0.5 c=5.0  kl=0.0360  vl=0.0500
Step: 2809856 SPS: 2234  ev=0.825  ent=0.568  grad=0.37/0.37  h=0.5 c=5.5  kl=0.0391  vl=0.0703
Step: 2813952 SPS: 2235  ev=0.836  ent=0.612  grad=0.45/0.45  h=0.5 c=5.0  kl=0.0415  vl=0.0612
Step: 2818048 SPS: 2236  ev=0.826  ent=0.586  grad=0.57/0.50  h=0.5 c=6.0  kl=0.0493  vl=0.0522
Step: 2822144 SPS: 2237  ev=0.841  ent=0.572  grad=0.47/0.47  h=0.5 c=5.9  kl=0.0488  vl=0.0671
Step: 2826240 SPS: 2238  ev=0.830  ent=0.606  grad=0.48/0.48  h=0.5 c=5.3  kl=0.0373  vl=0.0520
Step: 2830336 SPS: 2239  ev=0.836  ent=0.593  grad=0.34/0.34  h=0.6 c=7.5  kl=0.0477  vl=0.0604
Step: 2834432 SPS: 2240  ev=0.831  ent=0.583  grad=0.65/0.50  h=0.5 c=7.0  kl=0.0533  vl=0.0578
Step: 2838528 SPS: 2241  ev=0.832  ent=0.601  grad=0.67/0.50  h=0.6 c=6.9  kl=0.0443  vl=0.0776
Step: 2842624 SPS: 2242  ev=0.832  ent=0.560  grad=0.71/0.50  h=0.5 c=6.2  kl=0.0492  vl=0.0758
Step: 2846720 SPS: 2243  ev=0.850  ent=0.603  grad=0.43/0.43  h=0.5 c=6.8  kl=0.0495  vl=0.0697
Step: 2850816 SPS: 2244  ev=0.853  ent=0.615  grad=0.42/0.42  h=0.5 c=6.5  kl=0.0569  vl=0.0633
Step: 2854912 SPS: 2245  ev=0.836  ent=0.549  grad=0.46/0.46  h=0.5 c=6.2  kl=0.0395  vl=0.0725
Step: 2859008 SPS: 2246  ev=0.831  ent=0.551  grad=0.81/0.50  h=0.4 c=6.6  kl=0.0288  vl=0.0611
Step: 2863104 SPS: 2247  ev=0.848  ent=0.548  grad=0.65/0.50  h=0.4 c=5.6  kl=0.0338  vl=0.0513
  vs Heur:   39W/59L/2D | score=6.2±13.6 inv=0.0 played=15.7 lanes=5.0 ddraw=2.6 pts=6
  vs Random: 100W/0L/0D | score=25.7±14.4 inv=0.0 played=18.2 lanes=5.0 ddraw=2.7 pts=26
  Self-play: 59W/41L/1D | score=3.5±13.1 inv=0.0 played=15.7 lanes=5.0 ddraw=0.9 pts=3
Step: 2867200 SPS: 2248  ev=0.798  ent=0.568  grad=0.48/0.48  h=0.4 c=5.5  kl=0.0323  vl=0.0804
Step: 2871296 SPS: 2249  ev=0.841  ent=0.604  grad=0.62/0.50  h=0.4 c=6.0  kl=0.0297  vl=0.0490
Step: 2875392 SPS: 2250  ev=0.809  ent=0.575  grad=0.75/0.50  h=0.4 c=6.2  kl=0.0509  vl=0.0734
Step: 2879488 SPS: 2251  ev=0.822  ent=0.615  grad=0.65/0.50  h=0.4 c=6.0  kl=0.0469  vl=0.0576
Step: 2883584 SPS: 2252  ev=0.821  ent=0.586  grad=0.37/0.37  h=0.3 c=4.8  kl=0.0417  vl=0.0762
Step: 2887680 SPS: 2253  ev=0.827  ent=0.582  grad=0.36/0.36  h=0.4 c=5.5  kl=0.0542  vl=0.0775
Step: 2891776 SPS: 2254  ev=0.841  ent=0.534  grad=0.70/0.50  h=0.4 c=5.4  kl=0.0435  vl=0.0576
Step: 2895872 SPS: 2255  ev=0.839  ent=0.575  grad=0.58/0.50  h=0.3 c=3.3  kl=0.0621  vl=0.0838
Step: 2899968 SPS: 2256  ev=0.823  ent=0.563  grad=0.50/0.50  h=0.5 c=4.3  kl=0.0553  vl=0.0820
Step: 2904064 SPS: 2257  ev=0.838  ent=0.558  grad=1.12/0.50  h=0.3 c=3.7  kl=0.0325  vl=0.0605
Step: 2908160 SPS: 2258  ev=0.845  ent=0.558  grad=0.40/0.40  h=0.3 c=3.0  kl=0.0383  vl=0.0503
Step: 2912256 SPS: 2259  ev=0.838  ent=0.567  grad=0.57/0.50  h=0.4 c=4.4  kl=0.0439  vl=0.0685
Step: 2916352 SPS: 2260  ev=0.851  ent=0.585  grad=0.40/0.40  h=0.3 c=3.3  kl=0.0374  vl=0.0611
Step: 2920448 SPS: 2261  ev=0.824  ent=0.558  grad=0.77/0.50  h=0.4 c=4.2  kl=0.0530  vl=0.0784
Step: 2924544 SPS: 2262  ev=0.831  ent=0.598  grad=0.50/0.50  h=0.3 c=3.6  kl=0.0419  vl=0.0451
Step: 2928640 SPS: 2263  ev=0.858  ent=0.557  grad=0.51/0.50  h=0.3 c=3.6  kl=0.0437  vl=0.0504
Step: 2932736 SPS: 2264  ev=0.845  ent=0.566  grad=0.35/0.35  h=0.4 c=3.9  kl=0.0582  vl=0.0701
Step: 2936832 SPS: 2265  ev=0.820  ent=0.549  grad=0.60/0.50  h=0.4 c=3.4  kl=0.0451  vl=0.0685
Step: 2940928 SPS: 2266  ev=0.819  ent=0.573  grad=0.53/0.50  h=0.4 c=3.0  kl=0.0483  vl=0.0639
Step: 2945024 SPS: 2267  ev=0.822  ent=0.547  grad=0.48/0.48  h=0.4 c=2.5  kl=0.0354  vl=0.0650
  vs Heur:   46W/58L/0D | score=3.9±11.3 inv=0.0 played=15.8 lanes=5.0 ddraw=2.4 pts=4
  vs Random: 101W/0L/0D | score=21.7±16.0 inv=0.0 played=18.0 lanes=5.0 ddraw=2.8 pts=22
  Self-play: 41W/60L/3D | score=-5.1±12.6 inv=0.0 played=14.9 lanes=5.0 ddraw=1.1 pts=-5
Step: 2949120 SPS: 2268  ev=0.842  ent=0.544  grad=0.86/0.50  h=0.3 c=4.2  kl=0.0400  vl=0.0595
Step: 2953216 SPS: 2269  ev=0.832  ent=0.520  grad=0.46/0.46  h=0.3 c=2.8  kl=0.0379  vl=0.0456
Step: 2957312 SPS: 2270  ev=0.837  ent=0.534  grad=0.63/0.50  h=0.4 c=3.2  kl=0.0328  vl=0.0545
Step: 2961408 SPS: 2271  ev=0.846  ent=0.508  grad=0.36/0.36  h=0.4 c=2.7  kl=0.0424  vl=0.0630
Step: 2965504 SPS: 2272  ev=0.838  ent=0.492  grad=0.50/0.50  h=0.3 c=2.3  kl=0.0390  vl=0.0525
Step: 2969600 SPS: 2273  ev=0.840  ent=0.536  grad=0.49/0.49  h=0.3 c=2.6  kl=0.0398  vl=0.0556
Step: 2973696 SPS: 2274  ev=0.825  ent=0.538  grad=0.49/0.49  h=0.3 c=2.1  kl=0.0322  vl=0.0746
Step: 2977792 SPS: 2274  ev=0.810  ent=0.537  grad=0.64/0.50  h=0.3 c=2.8  kl=0.0378  vl=0.0599
Step: 2981888 SPS: 2275  ev=0.837  ent=0.517  grad=1.42/0.50  h=0.3 c=3.1  kl=0.0361  vl=0.0773
Step: 2985984 SPS: 2276  ev=0.832  ent=0.513  grad=0.55/0.50  h=0.3 c=2.6  kl=0.0537  vl=0.0512
Step: 2990080 SPS: 2277  ev=0.842  ent=0.525  grad=0.43/0.43  h=0.4 c=2.3  kl=0.0386  vl=0.0575
Step: 2994176 SPS: 2278  ev=0.811  ent=0.528  grad=0.51/0.50  h=0.4 c=2.9  kl=0.0572  vl=0.0654
Step: 2998272 SPS: 2279  ev=0.839  ent=0.490  grad=0.59/0.50  h=0.4 c=2.4  kl=0.0438  vl=0.0610
Step: 3002368 SPS: 2280  ev=0.850  ent=0.502  grad=0.56/0.50  h=0.4 c=3.0  kl=0.0587  vl=0.0548
Step: 3006464 SPS: 2281  ev=0.828  ent=0.531  grad=0.51/0.50  h=0.4 c=2.7  kl=0.0444  vl=0.0676
Step: 3010560 SPS: 2282  ev=0.812  ent=0.519  grad=0.38/0.38  h=0.4 c=2.5  kl=0.0446  vl=0.0757
Step: 3014656 SPS: 2283  ev=0.837  ent=0.545  grad=1.23/0.50  h=0.5 c=2.7  kl=0.0403  vl=0.0619
Step: 3018752 SPS: 2283  ev=0.801  ent=0.520  grad=0.50/0.50  h=0.4 c=2.8  kl=0.0487  vl=0.0696
Step: 3022848 SPS: 2284  ev=0.848  ent=0.534  grad=0.87/0.50  h=0.4 c=2.1  kl=0.0533  vl=0.0716
Step: 3026944 SPS: 2285  ev=0.817  ent=0.561  grad=0.40/0.40  h=0.4 c=2.7  kl=0.0576  vl=0.0750
  vs Heur:   49W/54L/2D | score=5.0±11.5 inv=0.0 played=16.0 lanes=5.0 ddraw=2.5 pts=5
  vs Random: 100W/0L/0D | score=24.3±14.5 inv=0.0 played=18.1 lanes=5.0 ddraw=1.9 pts=24
  Self-play: 50W/55L/0D | score=1.3±13.5 inv=0.0 played=15.4 lanes=5.0 ddraw=1.0 pts=1
Step: 3031040 SPS: 2286  ev=0.839  ent=0.514  grad=0.75/0.50  h=0.4 c=2.4  kl=0.0361  vl=0.0516
Step: 3035136 SPS: 2287  ev=0.823  ent=0.512  grad=0.70/0.50  h=0.5 c=2.5  kl=0.0499  vl=0.0932
Step: 3039232 SPS: 2288  ev=0.838  ent=0.546  grad=0.93/0.50  h=0.4 c=2.8  kl=0.0314  vl=0.0661
Step: 3043328 SPS: 2289  ev=0.830  ent=0.567  grad=0.40/0.40  h=0.4 c=2.6  kl=0.0521  vl=0.0790
Step: 3047424 SPS: 2289  ev=0.842  ent=0.511  grad=0.41/0.41  h=0.4 c=3.2  kl=0.0386  vl=0.0530
Step: 3051520 SPS: 2290  ev=0.821  ent=0.503  grad=1.00/0.50  h=0.5 c=2.5  kl=0.0499  vl=0.1122
Step: 3055616 SPS: 2291  ev=0.843  ent=0.485  grad=0.42/0.42  h=0.4 c=3.0  kl=0.0439  vl=0.0462
Step: 3059712 SPS: 2292  ev=0.828  ent=0.498  grad=0.79/0.50  h=0.4 c=3.3  kl=0.0413  vl=0.0879
Step: 3063808 SPS: 2293  ev=0.832  ent=0.505  grad=0.41/0.41  h=0.4 c=2.8  kl=0.0602  vl=0.0556
Step: 3067904 SPS: 2294  ev=0.858  ent=0.484  grad=0.37/0.37  h=0.4 c=1.5  kl=0.0408  vl=0.0596
Step: 3072000 SPS: 2295  ev=0.812  ent=0.491  grad=0.82/0.50  h=0.5 c=3.0  kl=0.0250  vl=0.0815
Step: 3076096 SPS: 2296  ev=0.834  ent=0.535  grad=0.59/0.50  h=0.4 c=2.3  kl=0.0321  vl=0.0639
Step: 3080192 SPS: 2296  ev=0.830  ent=0.480  grad=0.32/0.32  h=0.4 c=2.3  kl=0.0482  vl=0.0564
Step: 3084288 SPS: 2297  ev=0.823  ent=0.478  grad=0.26/0.26  h=0.4 c=2.3  kl=0.0334  vl=0.0979
Step: 3088384 SPS: 2298  ev=0.811  ent=0.488  grad=0.27/0.27  h=0.3 c=1.8  kl=0.0335  vl=0.0680
Step: 3092480 SPS: 2299  ev=0.827  ent=0.518  grad=0.40/0.40  h=0.4 c=2.4  kl=0.0304  vl=0.0707
Step: 3096576 SPS: 2300  ev=0.831  ent=0.503  grad=0.57/0.50  h=0.5 c=2.2  kl=0.0321  vl=0.0557
Step: 3100672 SPS: 2301  ev=0.854  ent=0.494  grad=0.39/0.39  h=0.4 c=2.4  kl=0.0524  vl=0.0765
Step: 3104768 SPS: 2302  ev=0.849  ent=0.527  grad=0.40/0.40  h=0.4 c=2.6  kl=0.0377  vl=0.0402
Step: 3108864 SPS: 2303  ev=0.839  ent=0.505  grad=0.76/0.50  h=0.5 c=1.9  kl=0.0599  vl=0.0727
  vs Heur:   37W/62L/1D | score=3.2±14.2 inv=0.0 played=15.7 lanes=5.0 ddraw=2.7 pts=3
  vs Random: 100W/0L/0D | score=29.0±16.5 inv=0.0 played=18.8 lanes=5.0 ddraw=2.5 pts=29
  Self-play: 43W/53L/4D | score=2.9±12.1 inv=0.0 played=15.5 lanes=5.0 ddraw=1.2 pts=3
Step: 3112960 SPS: 2304  ev=0.845  ent=0.504  grad=0.63/0.50  h=0.4 c=2.5  kl=0.0403  vl=0.0540
Step: 3117056 SPS: 2305  ev=0.823  ent=0.483  grad=0.34/0.34  h=0.4 c=2.5  kl=0.0674  vl=0.0775
Step: 3121152 SPS: 2305  ev=0.810  ent=0.541  grad=0.43/0.43  h=0.4 c=2.6  kl=0.0393  vl=0.0820
Step: 3125248 SPS: 2306  ev=0.847  ent=0.482  grad=0.92/0.50  h=0.4 c=2.5  kl=0.0358  vl=0.0585
Step: 3129344 SPS: 2307  ev=0.807  ent=0.496  grad=0.68/0.50  h=0.4 c=2.1  kl=0.0377  vl=0.0756
Step: 3133440 SPS: 2308  ev=0.829  ent=0.497  grad=0.40/0.40  h=0.4 c=2.5  kl=0.0318  vl=0.0645
Step: 3137536 SPS: 2309  ev=0.838  ent=0.511  grad=0.49/0.49  h=0.4 c=2.7  kl=0.0359  vl=0.0623
Step: 3141632 SPS: 2310  ev=0.834  ent=0.537  grad=0.38/0.38  h=0.4 c=3.3  kl=0.0349  vl=0.0534
Step: 3145728 SPS: 2311  ev=0.836  ent=0.539  grad=0.39/0.39  h=0.4 c=3.0  kl=0.0388  vl=0.0903
Step: 3149824 SPS: 2311  ev=0.845  ent=0.542  grad=0.38/0.38  h=0.4 c=2.7  kl=0.0566  vl=0.0636
Step: 3153920 SPS: 2312  ev=0.845  ent=0.493  grad=0.58/0.50  h=0.4 c=2.3  kl=0.0455  vl=0.0544
Step: 3158016 SPS: 2313  ev=0.829  ent=0.514  grad=0.49/0.49  h=0.4 c=2.3  kl=0.0289  vl=0.0702
Step: 3162112 SPS: 2314  ev=0.809  ent=0.510  grad=0.65/0.50  h=0.4 c=2.4  kl=0.0704  vl=0.0627
Step: 3166208 SPS: 2315  ev=0.805  ent=0.541  grad=0.34/0.34  h=0.4 c=2.1  kl=0.0393  vl=0.0691
Step: 3170304 SPS: 2316  ev=0.844  ent=0.551  grad=0.52/0.50  h=0.4 c=2.4  kl=0.0508  vl=0.0685
Step: 3174400 SPS: 2316  ev=0.839  ent=0.524  grad=0.82/0.50  h=0.4 c=2.8  kl=0.0303  vl=0.0613
Step: 3178496 SPS: 2317  ev=0.816  ent=0.574  grad=0.43/0.43  h=0.4 c=2.4  kl=0.0396  vl=0.0679
Step: 3182592 SPS: 2318  ev=0.837  ent=0.544  grad=0.75/0.50  h=0.4 c=2.8  kl=0.0715  vl=0.0685
Step: 3186688 SPS: 2319  ev=0.851  ent=0.554  grad=0.34/0.34  h=0.4 c=2.5  kl=0.0459  vl=0.0580
Step: 3190784 SPS: 2320  ev=0.830  ent=0.620  grad=0.42/0.42  h=0.4 c=3.2  kl=0.0352  vl=0.0617
  vs Heur:   42W/52L/6D | score=3.0±11.9 inv=0.0 played=15.7 lanes=5.0 ddraw=2.7 pts=3
  vs Random: 102W/0L/0D | score=27.3±14.0 inv=0.0 played=18.5 lanes=5.0 ddraw=2.2 pts=27
  Self-play: 50W/56L/1D | score=1.2±11.9 inv=0.0 played=15.4 lanes=5.0 ddraw=1.2 pts=1
Step: 3194880 SPS: 2320  ev=0.836  ent=0.548  grad=0.90/0.50  h=0.4 c=3.8  kl=0.0468  vl=0.0733
Step: 3198976 SPS: 2321  ev=0.824  ent=0.557  grad=0.44/0.44  h=0.4 c=3.5  kl=0.0358  vl=0.0649
Step: 3203072 SPS: 2322  ev=0.820  ent=0.501  grad=0.73/0.50  h=0.4 c=3.2  kl=0.0329  vl=0.0735
Step: 3207168 SPS: 2323  ev=0.840  ent=0.546  grad=0.35/0.35  h=0.4 c=3.3  kl=0.0451  vl=0.0630
Step: 3211264 SPS: 2324  ev=0.843  ent=0.541  grad=0.56/0.50  h=0.4 c=3.2  kl=0.0424  vl=0.0533
Step: 3215360 SPS: 2325  ev=0.851  ent=0.567  grad=0.82/0.50  h=0.4 c=3.3  kl=0.0620  vl=0.0556
Step: 3219456 SPS: 2325  ev=0.835  ent=0.511  grad=0.40/0.40  h=0.3 c=2.9  kl=0.0456  vl=0.0763
Step: 3223552 SPS: 2326  ev=0.830  ent=0.494  grad=0.48/0.48  h=0.4 c=2.7  kl=0.0361  vl=0.0647
Step: 3227648 SPS: 2327  ev=0.834  ent=0.533  grad=0.60/0.50  h=0.5 c=3.0  kl=0.0407  vl=0.0777
Step: 3231744 SPS: 2328  ev=0.829  ent=0.574  grad=0.88/0.50  h=0.5 c=3.0  kl=0.0582  vl=0.0601
Step: 3235840 SPS: 2329  ev=0.838  ent=0.569  grad=0.59/0.50  h=0.5 c=3.3  kl=0.0432  vl=0.0948
Step: 3239936 SPS: 2330  ev=0.836  ent=0.526  grad=0.53/0.50  h=0.4 c=2.6  kl=0.0636  vl=0.0857
Step: 3244032 SPS: 2331  ev=0.822  ent=0.562  grad=0.47/0.47  h=0.4 c=2.9  kl=0.0485  vl=0.0719
Step: 3248128 SPS: 2331  ev=0.842  ent=0.537  grad=0.37/0.37  h=0.4 c=3.0  kl=0.0418  vl=0.0568
Step: 3252224 SPS: 2332  ev=0.834  ent=0.511  grad=0.51/0.50  h=0.4 c=2.4  kl=0.0418  vl=0.0819
Step: 3256320 SPS: 2333  ev=0.854  ent=0.520  grad=0.53/0.50  h=0.4 c=2.9  kl=0.0331  vl=0.0469
Step: 3260416 SPS: 2334  ev=0.824  ent=0.570  grad=0.58/0.50  h=0.4 c=2.8  kl=0.0331  vl=0.0786
Step: 3264512 SPS: 2334  ev=0.832  ent=0.531  grad=0.48/0.48  h=0.4 c=2.6  kl=0.0468  vl=0.0503
Step: 3268608 SPS: 2335  ev=0.844  ent=0.535  grad=0.46/0.46  h=0.4 c=2.6  kl=0.0660  vl=0.0625
Step: 3272704 SPS: 2336  ev=0.831  ent=0.532  grad=0.46/0.46  h=0.4 c=2.5  kl=0.0471  vl=0.0645
  vs Heur:   40W/57L/3D | score=5.6±13.1 inv=0.0 played=16.1 lanes=5.0 ddraw=2.4 pts=6
  vs Random: 100W/0L/0D | score=25.4±15.9 inv=0.0 played=18.4 lanes=5.0 ddraw=2.5 pts=25
  Self-play: 40W/66L/1D | score=-1.4±12.0 inv=0.0 played=15.3 lanes=5.0 ddraw=1.3 pts=-1
Step: 3276800 SPS: 2337  ev=0.819  ent=0.529  grad=0.72/0.50  h=0.4 c=2.3  kl=0.0349  vl=0.0625
Step: 3280896 SPS: 2337  ev=0.828  ent=0.518  grad=0.39/0.39  h=0.4 c=2.5  kl=0.0334  vl=0.0904
Step: 3284992 SPS: 2338  ev=0.851  ent=0.498  grad=0.51/0.50  h=0.4 c=1.8  kl=0.0378  vl=0.0564
Step: 3289088 SPS: 2338  ev=0.811  ent=0.491  grad=0.67/0.50  h=0.4 c=2.6  kl=0.0434  vl=0.0590
Step: 3293184 SPS: 2339  ev=0.831  ent=0.514  grad=0.47/0.47  h=0.4 c=2.2  kl=0.0555  vl=0.0604
Step: 3297280 SPS: 2340  ev=0.829  ent=0.489  grad=0.59/0.50  h=0.3 c=2.1  kl=0.0406  vl=0.0870
Step: 3301376 SPS: 2341  ev=0.833  ent=0.489  grad=0.59/0.50  h=0.3 c=2.2  kl=0.0329  vl=0.0608
Step: 3305472 SPS: 2342  ev=0.851  ent=0.496  grad=0.53/0.50  h=0.4 c=1.5  kl=0.0286  vl=0.0583
Step: 3309568 SPS: 2342  ev=0.829  ent=0.514  grad=0.93/0.50  h=0.3 c=1.6  kl=0.0456  vl=0.0786
Step: 3313664 SPS: 2343  ev=0.813  ent=0.516  grad=0.78/0.50  h=0.2 c=1.9  kl=0.0383  vl=0.0650
Step: 3317760 SPS: 2344  ev=0.844  ent=0.508  grad=0.61/0.50  h=0.3 c=1.8  kl=0.0373  vl=0.0635
Step: 3321856 SPS: 2345  ev=0.846  ent=0.483  grad=1.10/0.50  h=0.3 c=2.1  kl=0.0281  vl=0.0716
Step: 3325952 SPS: 2346  ev=0.858  ent=0.492  grad=0.31/0.31  h=0.3 c=1.8  kl=0.0541  vl=0.0581
Step: 3330048 SPS: 2346  ev=0.852  ent=0.513  grad=0.44/0.44  h=0.2 c=1.8  kl=0.0371  vl=0.0595
Step: 3334144 SPS: 2347  ev=0.835  ent=0.500  grad=0.76/0.50  h=0.3 c=1.3  kl=0.0455  vl=0.0875
Step: 3338240 SPS: 2348  ev=0.832  ent=0.560  grad=0.48/0.48  h=0.2 c=1.3  kl=0.0425  vl=0.0544
Step: 3342336 SPS: 2349  ev=0.844  ent=0.497  grad=0.87/0.50  h=0.3 c=2.0  kl=0.0394  vl=0.0519
Step: 3346432 SPS: 2350  ev=0.838  ent=0.504  grad=0.71/0.50  h=0.3 c=2.0  kl=0.0451  vl=0.0615
Step: 3350528 SPS: 2350  ev=0.837  ent=0.518  grad=0.66/0.50  h=0.3 c=1.5  kl=0.0346  vl=0.0575
Step: 3354624 SPS: 2351  ev=0.847  ent=0.531  grad=0.53/0.50  h=0.3 c=1.5  kl=0.0242  vl=0.0492
  vs Heur:   29W/69L/4D | score=3.0±12.0 inv=0.0 played=16.0 lanes=5.0 ddraw=2.7 pts=3
  vs Random: 100W/0L/0D | score=27.7±15.4 inv=0.0 played=18.8 lanes=5.0 ddraw=2.8 pts=28
  Self-play: 50W/49L/1D | score=0.8±12.5 inv=0.0 played=15.6 lanes=5.0 ddraw=1.0 pts=1
Step: 3358720 SPS: 2352  ev=0.830  ent=0.484  grad=1.16/0.50  h=0.2 c=1.6  kl=0.0423  vl=0.0733
Step: 3362816 SPS: 2353  ev=0.836  ent=0.525  grad=0.54/0.50  h=0.2 c=1.8  kl=0.0428  vl=0.0682
Step: 3366912 SPS: 2353  ev=0.824  ent=0.535  grad=0.77/0.50  h=0.2 c=1.5  kl=0.0366  vl=0.0653
Step: 3371008 SPS: 2354  ev=0.810  ent=0.511  grad=0.57/0.50  h=0.2 c=1.9  kl=0.0299  vl=0.0660
Step: 3375104 SPS: 2355  ev=0.836  ent=0.546  grad=1.02/0.50  h=0.2 c=1.6  kl=0.0542  vl=0.0793
Step: 3379200 SPS: 2356  ev=0.822  ent=0.493  grad=0.45/0.45  h=0.2 c=1.7  kl=0.0332  vl=0.0602
Step: 3383296 SPS: 2356  ev=0.829  ent=0.535  grad=0.36/0.36  h=0.3 c=1.5  kl=0.0401  vl=0.0664
Step: 3387392 SPS: 2357  ev=0.826  ent=0.544  grad=0.48/0.48  h=0.3 c=1.9  kl=0.0399  vl=0.0655
Step: 3391488 SPS: 2358  ev=0.842  ent=0.508  grad=0.73/0.50  h=0.3 c=2.7  kl=0.0480  vl=0.0718
Step: 3395584 SPS: 2358  ev=0.815  ent=0.478  grad=0.48/0.48  h=0.3 c=2.8  kl=0.0523  vl=0.0622
Step: 3399680 SPS: 2359  ev=0.841  ent=0.525  grad=0.61/0.50  h=0.3 c=2.2  kl=0.0474  vl=0.0509
Step: 3403776 SPS: 2360  ev=0.839  ent=0.537  grad=0.39/0.39  h=0.3 c=2.3  kl=0.0277  vl=0.0604
Step: 3407872 SPS: 2361  ev=0.819  ent=0.514  grad=0.47/0.47  h=0.2 c=1.9  kl=0.0305  vl=0.0607
Step: 3411968 SPS: 2361  ev=0.859  ent=0.472  grad=0.95/0.50  h=0.3 c=2.2  kl=0.0348  vl=0.0519
Step: 3416064 SPS: 2362  ev=0.822  ent=0.528  grad=0.43/0.43  h=0.2 c=2.5  kl=0.0397  vl=0.0586
Step: 3420160 SPS: 2363  ev=0.827  ent=0.453  grad=0.34/0.34  h=0.2 c=1.7  kl=0.0482  vl=0.0681
Step: 3424256 SPS: 2364  ev=0.824  ent=0.479  grad=0.49/0.49  h=0.2 c=1.7  kl=0.0307  vl=0.0549
Step: 3428352 SPS: 2364  ev=0.834  ent=0.523  grad=0.59/0.50  h=0.2 c=2.1  kl=0.0365  vl=0.0749
Step: 3432448 SPS: 2365  ev=0.837  ent=0.491  grad=0.78/0.50  h=0.2 c=1.6  kl=0.0271  vl=0.0582
Step: 3436544 SPS: 2366  ev=0.860  ent=0.535  grad=0.49/0.49  h=0.2 c=1.6  kl=0.0322  vl=0.0582
  vs Heur:   36W/64L/0D | score=2.6±13.2 inv=0.0 played=15.6 lanes=5.0 ddraw=2.2 pts=3
  vs Random: 100W/0L/0D | score=28.0±14.8 inv=0.0 played=19.0 lanes=5.0 ddraw=2.5 pts=28
  Self-play: 55W/44L/3D | score=0.9±12.5 inv=0.0 played=15.6 lanes=5.0 ddraw=1.1 pts=1
Step: 3440640 SPS: 2367  ev=0.834  ent=0.576  grad=0.63/0.50  h=0.2 c=2.1  kl=0.0445  vl=0.0625
Step: 3444736 SPS: 2367  ev=0.803  ent=0.546  grad=0.41/0.41  h=0.2 c=1.8  kl=0.0481  vl=0.0871
Step: 3448832 SPS: 2368  ev=0.833  ent=0.494  grad=0.59/0.50  h=0.2 c=1.7  kl=0.0562  vl=0.0795
Step: 3452928 SPS: 2369  ev=0.848  ent=0.519  grad=0.68/0.50  h=0.2 c=2.3  kl=0.0432  vl=0.0668
Step: 3457024 SPS: 2370  ev=0.853  ent=0.511  grad=0.49/0.49  h=0.2 c=2.5  kl=0.0566  vl=0.0604
Step: 3461120 SPS: 2370  ev=0.834  ent=0.498  grad=0.56/0.50  h=0.2 c=2.6  kl=0.0487  vl=0.0645
Step: 3465216 SPS: 2371  ev=0.849  ent=0.496  grad=0.42/0.42  h=0.3 c=2.4  kl=0.0381  vl=0.0706
Step: 3469312 SPS: 2372  ev=0.826  ent=0.474  grad=0.36/0.36  h=0.3 c=2.3  kl=0.0486  vl=0.0909
Step: 3473408 SPS: 2373  ev=0.840  ent=0.502  grad=0.45/0.45  h=0.2 c=1.9  kl=0.0473  vl=0.0569
Step: 3477504 SPS: 2373  ev=0.837  ent=0.491  grad=0.66/0.50  h=0.2 c=1.9  kl=0.0269  vl=0.0884
Step: 3481600 SPS: 2374  ev=0.853  ent=0.484  grad=0.43/0.43  h=0.2 c=2.2  kl=0.0445  vl=0.0462
Step: 3485696 SPS: 2375  ev=0.844  ent=0.478  grad=0.54/0.50  h=0.2 c=1.9  kl=0.0412  vl=0.0582
Step: 3489792 SPS: 2375  ev=0.832  ent=0.499  grad=0.51/0.50  h=0.3 c=1.8  kl=0.0451  vl=0.0753
Step: 3493888 SPS: 2376  ev=0.815  ent=0.502  grad=0.63/0.50  h=0.3 c=1.6  kl=0.0491  vl=0.0708
Step: 3497984 SPS: 2377  ev=0.831  ent=0.525  grad=0.77/0.50  h=0.2 c=1.8  kl=0.0417  vl=0.0731
Step: 3502080 SPS: 2378  ev=0.852  ent=0.500  grad=0.47/0.47  h=0.3 c=2.2  kl=0.0377  vl=0.0628
Step: 3506176 SPS: 2378  ev=0.827  ent=0.503  grad=0.61/0.50  h=0.2 c=2.2  kl=0.0535  vl=0.0671
Step: 3510272 SPS: 2379  ev=0.845  ent=0.504  grad=0.43/0.43  h=0.2 c=2.3  kl=0.0253  vl=0.0525
Step: 3514368 SPS: 2380  ev=0.828  ent=0.465  grad=0.63/0.50  h=0.2 c=1.8  kl=0.0430  vl=0.0598
Step: 3518464 SPS: 2381  ev=0.821  ent=0.489  grad=0.55/0.50  h=0.2 c=2.3  kl=0.0287  vl=0.0559
  vs Heur:   50W/50L/3D | score=8.1±10.0 inv=0.0 played=16.4 lanes=5.0 ddraw=2.2 pts=8
  vs Random: 100W/0L/0D | score=23.6±13.9 inv=0.0 played=18.5 lanes=5.0 ddraw=2.5 pts=24
  Self-play: 45W/54L/2D | score=0.5±10.5 inv=0.0 played=15.5 lanes=5.0 ddraw=1.0 pts=0
Step: 3522560 SPS: 2381  ev=0.809  ent=0.476  grad=0.71/0.50  h=0.2 c=2.2  kl=0.0310  vl=0.0682
Step: 3526656 SPS: 2382  ev=0.837  ent=0.510  grad=0.51/0.50  h=0.2 c=2.4  kl=0.0473  vl=0.0727
Step: 3530752 SPS: 2383  ev=0.829  ent=0.479  grad=0.56/0.50  h=0.2 c=2.4  kl=0.0419  vl=0.0649
Step: 3534848 SPS: 2383  ev=0.842  ent=0.467  grad=0.51/0.50  h=0.3 c=2.8  kl=0.0346  vl=0.0766
Step: 3538944 SPS: 2384  ev=0.828  ent=0.460  grad=0.54/0.50  h=0.3 c=2.5  kl=0.0389  vl=0.0524
Step: 3543040 SPS: 2385  ev=0.862  ent=0.467  grad=0.61/0.50  h=0.3 c=2.9  kl=0.0324  vl=0.0543
Step: 3547136 SPS: 2385  ev=0.851  ent=0.484  grad=0.41/0.41  h=0.3 c=3.0  kl=0.0563  vl=0.0676
Step: 3551232 SPS: 2386  ev=0.830  ent=0.534  grad=0.44/0.44  h=0.2 c=3.1  kl=0.0742  vl=0.0515
Step: 3555328 SPS: 2387  ev=0.837  ent=0.520  grad=0.33/0.33  h=0.2 c=3.8  kl=0.0812  vl=0.0639
Step: 3559424 SPS: 2388  ev=0.838  ent=0.483  grad=0.36/0.36  h=0.3 c=3.4  kl=0.0345  vl=0.0537
Step: 3563520 SPS: 2388  ev=0.828  ent=0.521  grad=0.31/0.31  h=0.2 c=3.6  kl=0.0432  vl=0.0571
Step: 3567616 SPS: 2389  ev=0.858  ent=0.447  grad=0.37/0.37  h=0.3 c=3.2  kl=0.0319  vl=0.0697
Step: 3571712 SPS: 2390  ev=0.838  ent=0.467  grad=0.80/0.50  h=0.3 c=3.7  kl=0.0241  vl=0.0568
Step: 3575808 SPS: 2391  ev=0.818  ent=0.467  grad=0.36/0.36  h=0.3 c=3.3  kl=0.0350  vl=0.0685
Step: 3579904 SPS: 2391  ev=0.859  ent=0.457  grad=0.45/0.45  h=0.2 c=3.4  kl=0.0483  vl=0.0480
Step: 3584000 SPS: 2392  ev=0.845  ent=0.444  grad=0.31/0.31  h=0.2 c=3.8  kl=0.0232  vl=0.0614
Step: 3588096 SPS: 2393  ev=0.848  ent=0.483  grad=0.49/0.49  h=0.3 c=3.1  kl=0.0253  vl=0.0719
Step: 3592192 SPS: 2393  ev=0.838  ent=0.410  grad=0.47/0.47  h=0.2 c=3.5  kl=0.0538  vl=0.0734
Step: 3596288 SPS: 2394  ev=0.841  ent=0.477  grad=0.48/0.48  h=0.3 c=3.3  kl=0.0443  vl=0.0572
Step: 3600384 SPS: 2395  ev=0.855  ent=0.457  grad=0.41/0.41  h=0.2 c=3.2  kl=0.0516  vl=0.0676
  vs Heur:   37W/69L/1D | score=5.9±12.9 inv=0.0 played=16.5 lanes=5.0 ddraw=2.3 pts=6
  vs Random: 102W/0L/0D | score=25.3±15.1 inv=0.0 played=18.6 lanes=5.0 ddraw=2.8 pts=25
  Self-play: 55W/46L/2D | score=2.9±11.8 inv=0.0 played=15.8 lanes=5.0 ddraw=1.1 pts=3
Step: 3604480 SPS: 2395  ev=0.852  ent=0.464  grad=0.44/0.44  h=0.2 c=2.9  kl=0.0508  vl=0.0641
Step: 3608576 SPS: 2396  ev=0.836  ent=0.440  grad=1.24/0.50  h=0.2 c=2.4  kl=0.0320  vl=0.0782
Step: 3612672 SPS: 2397  ev=0.845  ent=0.468  grad=1.01/0.50  h=0.3 c=2.8  kl=0.0642  vl=0.0606
Step: 3616768 SPS: 2397  ev=0.804  ent=0.475  grad=0.27/0.27  h=0.2 c=2.6  kl=0.0469  vl=0.1014
Step: 3620864 SPS: 2398  ev=0.832  ent=0.435  grad=0.48/0.48  h=0.2 c=2.8  kl=0.0227  vl=0.0403
Step: 3624960 SPS: 2398  ev=0.833  ent=0.469  grad=0.45/0.45  h=0.2 c=2.9  kl=0.0572  vl=0.0662
Step: 3629056 SPS: 2399  ev=0.839  ent=0.471  grad=0.54/0.50  h=0.2 c=3.5  kl=0.0440  vl=0.0721
Step: 3633152 SPS: 2400  ev=0.824  ent=0.456  grad=0.45/0.45  h=0.2 c=3.5  kl=0.0444  vl=0.0709
Step: 3637248 SPS: 2401  ev=0.853  ent=0.436  grad=0.42/0.42  h=0.2 c=3.4  kl=0.0379  vl=0.0483
Step: 3641344 SPS: 2401  ev=0.854  ent=0.433  grad=0.58/0.50  h=0.3 c=3.0  kl=0.0404  vl=0.0618
Step: 3645440 SPS: 2402  ev=0.829  ent=0.494  grad=0.61/0.50  h=0.2 c=2.9  kl=0.0413  vl=0.0571
Step: 3649536 SPS: 2403  ev=0.824  ent=0.441  grad=0.37/0.37  h=0.3 c=3.6  kl=0.0364  vl=0.0618
Step: 3653632 SPS: 2403  ev=0.832  ent=0.489  grad=0.49/0.49  h=0.3 c=3.4  kl=0.0371  vl=0.0617
Step: 3657728 SPS: 2404  ev=0.846  ent=0.423  grad=0.63/0.50  h=0.3 c=3.0  kl=0.0419  vl=0.0641
Step: 3661824 SPS: 2405  ev=0.846  ent=0.463  grad=0.49/0.49  h=0.2 c=3.7  kl=0.0263  vl=0.0581
Step: 3665920 SPS: 2405  ev=0.844  ent=0.473  grad=0.49/0.49  h=0.2 c=3.1  kl=0.0495  vl=0.0521
Step: 3670016 SPS: 2406  ev=0.841  ent=0.420  grad=0.57/0.50  h=0.3 c=2.9  kl=0.0504  vl=0.0626
Step: 3674112 SPS: 2407  ev=0.845  ent=0.429  grad=0.71/0.50  h=0.2 c=3.6  kl=0.0329  vl=0.0833
Step: 3678208 SPS: 2407  ev=0.850  ent=0.476  grad=0.77/0.50  h=0.2 c=3.1  kl=0.0311  vl=0.0518
Step: 3682304 SPS: 2408  ev=0.844  ent=0.459  grad=0.40/0.40  h=0.3 c=4.7  kl=0.0347  vl=0.0570
  vs Heur:   40W/60L/0D | score=5.7±12.1 inv=0.0 played=16.0 lanes=5.0 ddraw=2.2 pts=6
  vs Random: 102W/0L/0D | score=27.0±15.8 inv=0.0 played=18.7 lanes=5.0 ddraw=2.1 pts=27
  Self-play: 42W/54L/7D | score=-0.9±10.6 inv=0.0 played=15.5 lanes=5.0 ddraw=1.0 pts=-1
Step: 3686400 SPS: 2409  ev=0.830  ent=0.487  grad=0.84/0.50  h=0.2 c=4.1  kl=0.0282  vl=0.0655
Step: 3690496 SPS: 2409  ev=0.854  ent=0.472  grad=0.63/0.50  h=0.3 c=3.5  kl=0.0456  vl=0.0510
Step: 3694592 SPS: 2409  ev=0.816  ent=0.494  grad=0.44/0.44  h=0.2 c=4.8  kl=0.0659  vl=0.0640
Step: 3698688 SPS: 2410  ev=0.826  ent=0.479  grad=0.65/0.50  h=0.1 c=4.2  kl=0.0321  vl=0.0640
Step: 3702784 SPS: 2410  ev=0.847  ent=0.459  grad=0.58/0.50  h=0.2 c=4.6  kl=0.0466  vl=0.0664
Step: 3706880 SPS: 2411  ev=0.848  ent=0.431  grad=0.57/0.50  h=0.3 c=4.5  kl=0.0207  vl=0.0510
Step: 3710976 SPS: 2412  ev=0.851  ent=0.460  grad=0.46/0.46  h=0.2 c=4.6  kl=0.0408  vl=0.0598
Step: 3715072 SPS: 2412  ev=0.842  ent=0.487  grad=0.42/0.42  h=0.2 c=4.1  kl=0.0474  vl=0.0527
Step: 3719168 SPS: 2413  ev=0.859  ent=0.464  grad=0.34/0.34  h=0.2 c=4.5  kl=0.0363  vl=0.0552
Step: 3723264 SPS: 2414  ev=0.863  ent=0.422  grad=0.53/0.50  h=0.3 c=4.0  kl=0.0328  vl=0.0797
Step: 3727360 SPS: 2414  ev=0.845  ent=0.460  grad=0.66/0.50  h=0.3 c=5.3  kl=0.0355  vl=0.0491
Step: 3731456 SPS: 2415  ev=0.832  ent=0.462  grad=1.04/0.50  h=0.3 c=3.9  kl=0.0462  vl=0.0694
Step: 3735552 SPS: 2416  ev=0.822  ent=0.446  grad=0.73/0.50  h=0.2 c=4.5  kl=0.0251  vl=0.0680
Step: 3739648 SPS: 2416  ev=0.848  ent=0.437  grad=0.42/0.42  h=0.2 c=4.3  kl=0.0389  vl=0.0644
Step: 3743744 SPS: 2417  ev=0.820  ent=0.450  grad=0.59/0.50  h=0.2 c=5.1  kl=0.0308  vl=0.0640
Step: 3747840 SPS: 2418  ev=0.840  ent=0.431  grad=0.46/0.46  h=0.2 c=3.9  kl=0.0342  vl=0.0568
Step: 3751936 SPS: 2418  ev=0.850  ent=0.470  grad=0.70/0.50  h=0.2 c=4.3  kl=0.0373  vl=0.0593
Step: 3756032 SPS: 2419  ev=0.831  ent=0.431  grad=0.38/0.38  h=0.2 c=4.4  kl=0.0465  vl=0.0578
Step: 3760128 SPS: 2419  ev=0.827  ent=0.457  grad=0.60/0.50  h=0.2 c=4.0  kl=0.0493  vl=0.0615
Step: 3764224 SPS: 2420  ev=0.817  ent=0.504  grad=0.50/0.50  h=0.2 c=4.7  kl=0.0296  vl=0.0525
  vs Heur:   38W/62L/2D | score=4.7±11.9 inv=0.0 played=16.0 lanes=5.0 ddraw=2.1 pts=5
  vs Random: 101W/0L/0D | score=30.1±14.5 inv=0.0 played=19.0 lanes=5.0 ddraw=1.9 pts=30
  Self-play: 47W/55L/2D | score=3.2±11.1 inv=0.0 played=15.9 lanes=5.0 ddraw=0.8 pts=3
Step: 3768320 SPS: 2421  ev=0.844  ent=0.498  grad=0.92/0.50  h=0.2 c=3.4  kl=0.0390  vl=0.0702
Step: 3772416 SPS: 2421  ev=0.800  ent=0.452  grad=0.44/0.44  h=0.2 c=3.8  kl=0.0326  vl=0.0910
Step: 3776512 SPS: 2421  ev=0.841  ent=0.448  grad=0.78/0.50  h=0.1 c=4.5  kl=0.0409  vl=0.0585
Step: 3780608 SPS: 2421  ev=0.820  ent=0.452  grad=0.51/0.50  h=0.2 c=3.5  kl=0.0250  vl=0.0852
Step: 3784704 SPS: 2422  ev=0.846  ent=0.456  grad=0.53/0.50  h=0.2 c=4.5  kl=0.0594  vl=0.0578
Step: 3788800 SPS: 2422  ev=0.840  ent=0.484  grad=0.44/0.44  h=0.2 c=4.5  kl=0.0320  vl=0.0651
Step: 3792896 SPS: 2422  ev=0.814  ent=0.468  grad=0.65/0.50  h=0.2 c=3.8  kl=0.0355  vl=0.0794
Step: 3796992 SPS: 2423  ev=0.834  ent=0.436  grad=0.31/0.31  h=0.2 c=3.8  kl=0.0310  vl=0.0498
Step: 3801088 SPS: 2423  ev=0.814  ent=0.457  grad=1.10/0.50  h=0.1 c=3.0  kl=0.0560  vl=0.1043
Step: 3805184 SPS: 2424  ev=0.846  ent=0.469  grad=0.61/0.50  h=0.2 c=3.5  kl=0.0463  vl=0.0614
Step: 3809280 SPS: 2424  ev=0.844  ent=0.459  grad=0.40/0.40  h=0.2 c=3.5  kl=0.0362  vl=0.0554
Step: 3813376 SPS: 2425  ev=0.851  ent=0.443  grad=0.59/0.50  h=0.2 c=3.0  kl=0.0376  vl=0.0701
Step: 3817472 SPS: 2426  ev=0.851  ent=0.452  grad=0.52/0.50  h=0.2 c=3.3  kl=0.0555  vl=0.0630
Step: 3821568 SPS: 2427  ev=0.851  ent=0.463  grad=1.03/0.50  h=0.2 c=3.4  kl=0.0331  vl=0.0538
Step: 3825664 SPS: 2427  ev=0.850  ent=0.435  grad=0.44/0.44  h=0.1 c=2.7  kl=0.0465  vl=0.0799
Step: 3829760 SPS: 2428  ev=0.851  ent=0.441  grad=0.45/0.45  h=0.1 c=2.9  kl=0.0255  vl=0.0658
Step: 3833856 SPS: 2429  ev=0.829  ent=0.470  grad=0.57/0.50  h=0.2 c=3.6  kl=0.0508  vl=0.0505
Step: 3837952 SPS: 2429  ev=0.847  ent=0.428  grad=0.30/0.30  h=0.2 c=2.9  kl=0.0466  vl=0.0594
Step: 3842048 SPS: 2430  ev=0.850  ent=0.442  grad=1.03/0.50  h=0.2 c=2.9  kl=0.0431  vl=0.0760
Step: 3846144 SPS: 2430  ev=0.855  ent=0.485  grad=0.48/0.48  h=0.2 c=3.0  kl=0.0621  vl=0.0570
  vs Heur:   32W/68L/0D | score=5.4±13.9 inv=0.0 played=16.3 lanes=5.0 ddraw=2.5 pts=5
  vs Random: 100W/0L/0D | score=31.9±15.6 inv=0.0 played=19.3 lanes=5.0 ddraw=2.0 pts=32
  Self-play: 41W/57L/2D | score=-0.9±14.5 inv=0.0 played=15.4 lanes=5.0 ddraw=1.1 pts=-1
Step: 3850240 SPS: 2431  ev=0.835  ent=0.425  grad=1.13/0.50  h=0.2 c=2.6  kl=0.0485  vl=0.0604
Step: 3854336 SPS: 2431  ev=0.850  ent=0.401  grad=0.67/0.50  h=0.1 c=2.3  kl=0.0346  vl=0.0589
Step: 3858432 SPS: 2432  ev=0.865  ent=0.451  grad=0.43/0.43  h=0.2 c=2.6  kl=0.0407  vl=0.0641
Step: 3862528 SPS: 2433  ev=0.847  ent=0.411  grad=0.45/0.45  h=0.2 c=2.8  kl=0.0382  vl=0.0789
Step: 3866624 SPS: 2433  ev=0.848  ent=0.456  grad=0.34/0.34  h=0.2 c=2.6  kl=0.0431  vl=0.0724
Step: 3870720 SPS: 2434  ev=0.847  ent=0.445  grad=0.35/0.35  h=0.2 c=3.2  kl=0.0567  vl=0.0529
Step: 3874816 SPS: 2435  ev=0.830  ent=0.466  grad=0.36/0.36  h=0.2 c=2.6  kl=0.0513  vl=0.0857
Step: 3878912 SPS: 2435  ev=0.851  ent=0.447  grad=0.43/0.43  h=0.2 c=3.0  kl=0.0515  vl=0.0545
Step: 3883008 SPS: 2436  ev=0.871  ent=0.437  grad=0.45/0.45  h=0.3 c=3.1  kl=0.0795  vl=0.0519
Step: 3887104 SPS: 2436  ev=0.841  ent=0.455  grad=0.41/0.41  h=0.3 c=4.0  kl=0.0564  vl=0.0724
Step: 3891200 SPS: 2437  ev=0.839  ent=0.445  grad=0.80/0.50  h=0.2 c=3.1  kl=0.0573  vl=0.0633
Step: 3895296 SPS: 2438  ev=0.848  ent=0.411  grad=0.63/0.50  h=0.2 c=3.0  kl=0.0617  vl=0.0544
Step: 3899392 SPS: 2438  ev=0.862  ent=0.438  grad=0.37/0.37  h=0.2 c=3.0  kl=0.0370  vl=0.0590
Step: 3903488 SPS: 2439  ev=0.839  ent=0.426  grad=0.49/0.49  h=0.2 c=3.9  kl=0.0371  vl=0.0607
Step: 3907584 SPS: 2439  ev=0.826  ent=0.463  grad=0.67/0.50  h=0.2 c=3.2  kl=0.0413  vl=0.0775
Step: 3911680 SPS: 2440  ev=0.851  ent=0.457  grad=0.80/0.50  h=0.2 c=3.2  kl=0.0382  vl=0.0641
Step: 3915776 SPS: 2440  ev=0.843  ent=0.458  grad=0.50/0.50  h=0.3 c=3.7  kl=0.0526  vl=0.0716
Step: 3919872 SPS: 2441  ev=0.847  ent=0.455  grad=0.41/0.41  h=0.2 c=3.6  kl=0.0553  vl=0.0559
Step: 3923968 SPS: 2442  ev=0.823  ent=0.432  grad=0.40/0.40  h=0.3 c=4.3  kl=0.0368  vl=0.0659
Step: 3928064 SPS: 2442  ev=0.832  ent=0.426  grad=0.87/0.50  h=0.3 c=3.2  kl=0.0436  vl=0.0660
  vs Heur:   46W/50L/4D | score=6.4±14.2 inv=0.0 played=16.3 lanes=5.0 ddraw=2.8 pts=6
  vs Random: 102W/0L/0D | score=27.5±12.6 inv=0.0 played=18.8 lanes=5.0 ddraw=2.9 pts=27
  Self-play: 45W/53L/4D | score=-3.0±14.6 inv=0.0 played=15.4 lanes=5.0 ddraw=1.2 pts=-3
Step: 3932160 SPS: 2443  ev=0.823  ent=0.472  grad=1.28/0.50  h=0.2 c=4.2  kl=0.0383  vl=0.0734
Step: 3936256 SPS: 2444  ev=0.854  ent=0.449  grad=0.49/0.49  h=0.2 c=3.7  kl=0.0500  vl=0.0505
Step: 3940352 SPS: 2444  ev=0.844  ent=0.456  grad=0.63/0.50  h=0.3 c=4.6  kl=0.0353  vl=0.0627
Step: 3944448 SPS: 2445  ev=0.852  ent=0.458  grad=0.59/0.50  h=0.3 c=4.1  kl=0.0379  vl=0.0574
Step: 3948544 SPS: 2445  ev=0.844  ent=0.479  grad=0.37/0.37  h=0.3 c=3.8  kl=0.0581  vl=0.0764
Step: 3952640 SPS: 2446  ev=0.847  ent=0.462  grad=0.71/0.50  h=0.2 c=3.2  kl=0.0385  vl=0.0638
Step: 3956736 SPS: 2447  ev=0.819  ent=0.459  grad=0.30/0.30  h=0.3 c=3.6  kl=0.0547  vl=0.0708
Step: 3960832 SPS: 2447  ev=0.825  ent=0.446  grad=0.36/0.36  h=0.3 c=4.3  kl=0.0420  vl=0.0678
Step: 3964928 SPS: 2448  ev=0.857  ent=0.453  grad=0.53/0.50  h=0.3 c=3.7  kl=0.0455  vl=0.0565
Step: 3969024 SPS: 2448  ev=0.835  ent=0.423  grad=0.66/0.50  h=0.3 c=4.5  kl=0.0491  vl=0.0738
Step: 3973120 SPS: 2449  ev=0.831  ent=0.437  grad=0.61/0.50  h=0.2 c=3.3  kl=0.0770  vl=0.0737
Step: 3977216 SPS: 2449  ev=0.820  ent=0.392  grad=0.42/0.42  h=0.3 c=3.1  kl=0.0305  vl=0.0618
Step: 3981312 SPS: 2450  ev=0.823  ent=0.420  grad=0.61/0.50  h=0.2 c=3.6  kl=0.0666  vl=0.0747
Step: 3985408 SPS: 2451  ev=0.842  ent=0.426  grad=0.80/0.50  h=0.3 c=3.4  kl=0.0317  vl=0.0771
Step: 3989504 SPS: 2451  ev=0.835  ent=0.442  grad=0.45/0.45  h=0.3 c=3.3  kl=0.0658  vl=0.1021
Step: 3993600 SPS: 2452  ev=0.824  ent=0.439  grad=0.95/0.50  h=0.3 c=3.5  kl=0.0227  vl=0.0752
Step: 3997696 SPS: 2452  ev=0.849  ent=0.415  grad=0.38/0.38  h=0.2 c=2.9  kl=0.0353  vl=0.0549
Step: 4001792 SPS: 2453  ev=0.850  ent=0.422  grad=0.36/0.36  h=0.3 c=3.5  kl=0.0354  vl=0.0495
Step: 4005888 SPS: 2453  ev=0.851  ent=0.427  grad=0.61/0.50  h=0.3 c=2.8  kl=0.0436  vl=0.0515
Step: 4009984 SPS: 2454  ev=0.847  ent=0.451  grad=0.43/0.43  h=0.2 c=2.9  kl=0.0423  vl=0.0432
  vs Heur:   41W/60L/2D | score=5.0±14.3 inv=0.0 played=16.3 lanes=5.0 ddraw=2.3 pts=5
  vs Random: 100W/0L/0D | score=29.4±14.0 inv=0.0 played=19.1 lanes=5.0 ddraw=2.2 pts=29
  Self-play: 47W/49L/4D | score=-4.5±11.4 inv=0.0 played=15.1 lanes=5.0 ddraw=1.0 pts=-4
Step: 4014080 SPS: 2455  ev=0.841  ent=0.447  grad=0.52/0.50  h=0.3 c=4.3  kl=0.0464  vl=0.0599
Step: 4018176 SPS: 2455  ev=0.843  ent=0.470  grad=0.59/0.50  h=0.3 c=2.7  kl=0.0445  vl=0.0550
Step: 4022272 SPS: 2456  ev=0.868  ent=0.405  grad=0.60/0.50  h=0.3 c=3.4  kl=0.0579  vl=0.0559
Step: 4026368 SPS: 2457  ev=0.847  ent=0.426  grad=0.42/0.42  h=0.3 c=3.7  kl=0.0314  vl=0.0419
Step: 4030464 SPS: 2457  ev=0.830  ent=0.446  grad=0.55/0.50  h=0.3 c=3.2  kl=0.0481  vl=0.0630
Step: 4034560 SPS: 2458  ev=0.850  ent=0.448  grad=0.33/0.33  h=0.3 c=3.3  kl=0.0461  vl=0.0630
Step: 4038656 SPS: 2458  ev=0.865  ent=0.454  grad=0.83/0.50  h=0.2 c=3.4  kl=0.0327  vl=0.0480
Step: 4042752 SPS: 2459  ev=0.851  ent=0.429  grad=0.48/0.48  h=0.3 c=2.8  kl=0.0506  vl=0.0590
Step: 4046848 SPS: 2460  ev=0.821  ent=0.432  grad=0.63/0.50  h=0.3 c=4.2  kl=0.0475  vl=0.0682
Step: 4050944 SPS: 2460  ev=0.854  ent=0.499  grad=0.81/0.50  h=0.2 c=4.1  kl=0.0312  vl=0.0602
Step: 4055040 SPS: 2461  ev=0.822  ent=0.463  grad=0.91/0.50  h=0.3 c=3.7  kl=0.0530  vl=0.0736
Step: 4059136 SPS: 2461  ev=0.836  ent=0.437  grad=0.73/0.50  h=0.3 c=3.9  kl=0.0370  vl=0.0583
Step: 4063232 SPS: 2462  ev=0.846  ent=0.487  grad=0.59/0.50  h=0.3 c=4.0  kl=0.0516  vl=0.0794
Step: 4067328 SPS: 2462  ev=0.836  ent=0.456  grad=0.49/0.49  h=0.3 c=3.5  kl=0.0260  vl=0.0714
Step: 4071424 SPS: 2463  ev=0.842  ent=0.479  grad=0.42/0.42  h=0.3 c=4.8  kl=0.0364  vl=0.0697
Step: 4075520 SPS: 2464  ev=0.852  ent=0.454  grad=0.41/0.41  h=0.3 c=4.8  kl=0.0405  vl=0.0630
Step: 4079616 SPS: 2464  ev=0.837  ent=0.463  grad=0.48/0.48  h=0.4 c=4.8  kl=0.0401  vl=0.0562
Step: 4083712 SPS: 2465  ev=0.872  ent=0.444  grad=0.32/0.32  h=0.4 c=4.4  kl=0.0308  vl=0.0566
Step: 4087808 SPS: 2465  ev=0.835  ent=0.425  grad=0.64/0.50  h=0.3 c=5.9  kl=0.0341  vl=0.0436
Step: 4091904 SPS: 2466  ev=0.836  ent=0.435  grad=0.36/0.36  h=0.4 c=5.2  kl=0.0370  vl=0.0754
  vs Heur:   38W/61L/1D | score=5.1±11.6 inv=0.0 played=16.0 lanes=5.0 ddraw=2.2 pts=5
  vs Random: 101W/0L/0D | score=25.6±15.9 inv=0.0 played=18.6 lanes=5.0 ddraw=2.5 pts=26
  Self-play: 47W/52L/1D | score=-0.0±14.0 inv=0.0 played=15.4 lanes=5.0 ddraw=0.8 pts=-0
Step: 4096000 SPS: 2466  ev=0.849  ent=0.440  grad=0.48/0.48  h=0.4 c=4.3  kl=0.0434  vl=0.0607
Step: 4100096 SPS: 2467  ev=0.821  ent=0.440  grad=0.47/0.47  h=0.4 c=6.0  kl=0.0344  vl=0.0688
Step: 4104192 SPS: 2468  ev=0.847  ent=0.464  grad=0.58/0.50  h=0.3 c=4.5  kl=0.0336  vl=0.0503
Step: 4108288 SPS: 2468  ev=0.853  ent=0.475  grad=0.67/0.50  h=0.4 c=4.9  kl=0.0382  vl=0.0601
Step: 4112384 SPS: 2469  ev=0.838  ent=0.439  grad=0.63/0.50  h=0.3 c=4.8  kl=0.0348  vl=0.0550
Step: 4116480 SPS: 2469  ev=0.822  ent=0.432  grad=0.83/0.50  h=0.3 c=5.9  kl=0.0274  vl=0.0526
Step: 4120576 SPS: 2470  ev=0.826  ent=0.490  grad=0.54/0.50  h=0.4 c=5.6  kl=0.0367  vl=0.0617
Step: 4124672 SPS: 2471  ev=0.854  ent=0.423  grad=0.34/0.34  h=0.3 c=6.7  kl=0.0526  vl=0.0648
Step: 4128768 SPS: 2471  ev=0.837  ent=0.449  grad=0.60/0.50  h=0.4 c=6.9  kl=0.0367  vl=0.0667
Step: 4132864 SPS: 2472  ev=0.853  ent=0.447  grad=0.32/0.32  h=0.4 c=5.8  kl=0.0407  vl=0.0523
Step: 4136960 SPS: 2473  ev=0.848  ent=0.438  grad=0.49/0.49  h=0.4 c=6.5  kl=0.0405  vl=0.0665
Step: 4141056 SPS: 2473  ev=0.852  ent=0.444  grad=0.51/0.50  h=0.3 c=6.3  kl=0.0355  vl=0.0545
Step: 4145152 SPS: 2474  ev=0.844  ent=0.446  grad=0.58/0.50  h=0.3 c=6.3  kl=0.0465  vl=0.0682
Step: 4149248 SPS: 2474  ev=0.831  ent=0.445  grad=0.38/0.38  h=0.4 c=7.5  kl=0.0365  vl=0.0612
Step: 4153344 SPS: 2475  ev=0.839  ent=0.422  grad=0.42/0.42  h=0.4 c=5.9  kl=0.0392  vl=0.0691
Step: 4157440 SPS: 2476  ev=0.863  ent=0.450  grad=0.44/0.44  h=0.4 c=9.1  kl=0.0337  vl=0.0593
Step: 4161536 SPS: 2476  ev=0.852  ent=0.437  grad=0.30/0.30  h=0.4 c=8.5  kl=0.0449  vl=0.0456
Step: 4165632 SPS: 2477  ev=0.854  ent=0.445  grad=0.31/0.31  h=0.4 c=8.2  kl=0.0314  vl=0.0654
Step: 4169728 SPS: 2477  ev=0.846  ent=0.420  grad=0.32/0.32  h=0.5 c=8.4  kl=0.0410  vl=0.0676
Step: 4173824 SPS: 2478  ev=0.840  ent=0.446  grad=0.31/0.31  h=0.5 c=7.8  kl=0.0353  vl=0.0665
  vs Heur:   44W/52L/4D | score=4.9±13.3 inv=0.0 played=16.2 lanes=5.0 ddraw=2.8 pts=5
  vs Random: 100W/0L/0D | score=32.2±13.3 inv=0.0 played=19.5 lanes=5.0 ddraw=2.6 pts=32
  Self-play: 56W/42L/2D | score=-0.0±10.4 inv=0.0 played=15.4 lanes=5.0 ddraw=0.9 pts=-0
Step: 4177920 SPS: 2478  ev=0.833  ent=0.448  grad=0.53/0.50  h=0.5 c=10.7  kl=0.0941  vl=0.0713
Step: 4182016 SPS: 2479  ev=0.842  ent=0.463  grad=0.40/0.40  h=0.5 c=10.4  kl=0.0518  vl=0.0739
Step: 4186112 SPS: 2480  ev=0.860  ent=0.397  grad=0.31/0.31  h=0.5 c=9.3  kl=0.0323  vl=0.0672
Step: 4190208 SPS: 2480  ev=0.861  ent=0.452  grad=0.42/0.42  h=0.5 c=10.5  kl=0.0472  vl=0.0545
Step: 4194304 SPS: 2481  ev=0.837  ent=0.449  grad=0.50/0.50  h=0.5 c=10.5  kl=0.0304  vl=0.0595
Step: 4198400 SPS: 2481  ev=0.836  ent=0.447  grad=0.37/0.37  h=0.5 c=10.8  kl=0.0323  vl=0.0529
Step: 4202496 SPS: 2482  ev=0.834  ent=0.446  grad=0.42/0.42  h=0.5 c=12.7  kl=0.0274  vl=0.0790
Step: 4206592 SPS: 2482  ev=0.818  ent=0.462  grad=0.59/0.50  h=0.6 c=13.6  kl=0.0323  vl=0.0690
Step: 4210688 SPS: 2483  ev=0.843  ent=0.443  grad=0.46/0.46  h=0.5 c=10.5  kl=0.0410  vl=0.0632
Step: 4214784 SPS: 2483  ev=0.851  ent=0.437  grad=0.37/0.37  h=0.5 c=10.3  kl=0.0441  vl=0.0569
Step: 4218880 SPS: 2484  ev=0.815  ent=0.460  grad=0.72/0.50  h=0.5 c=9.8  kl=0.0253  vl=0.0820
Step: 4222976 SPS: 2484  ev=0.835  ent=0.457  grad=0.39/0.39  h=0.5 c=9.8  kl=0.0323  vl=0.0638
Step: 4227072 SPS: 2485  ev=0.879  ent=0.445  grad=0.29/0.29  h=0.4 c=12.1  kl=0.0294  vl=0.0518
Step: 4231168 SPS: 2485  ev=0.857  ent=0.469  grad=0.55/0.50  h=0.5 c=11.7  kl=0.0377  vl=0.0512
Step: 4235264 SPS: 2486  ev=0.854  ent=0.494  grad=0.26/0.26  h=0.4 c=9.1  kl=0.0462  vl=0.0703
Step: 4239360 SPS: 2487  ev=0.844  ent=0.482  grad=0.32/0.32  h=0.5 c=8.2  kl=0.0538  vl=0.0633
Step: 4243456 SPS: 2487  ev=0.831  ent=0.427  grad=0.76/0.50  h=0.5 c=8.4  kl=0.0330  vl=0.0804
Step: 4247552 SPS: 2488  ev=0.846  ent=0.466  grad=0.58/0.50  h=0.4 c=10.0  kl=0.0509  vl=0.0578
Step: 4251648 SPS: 2488  ev=0.826  ent=0.505  grad=0.77/0.50  h=0.5 c=9.7  kl=0.0298  vl=0.0669
Step: 4255744 SPS: 2489  ev=0.838  ent=0.490  grad=0.62/0.50  h=0.4 c=8.0  kl=0.0207  vl=0.0557
  vs Heur:   40W/65L/1D | score=6.9±12.7 inv=0.0 played=16.4 lanes=5.0 ddraw=3.2 pts=7
  vs Random: 102W/0L/0D | score=29.7±13.3 inv=0.0 played=19.0 lanes=5.0 ddraw=2.6 pts=30
  Self-play: 54W/46L/3D | score=1.0±12.8 inv=0.0 played=15.8 lanes=5.0 ddraw=1.2 pts=1
Step: 4259840 SPS: 2489  ev=0.851  ent=0.474  grad=0.39/0.39  h=0.5 c=7.6  kl=0.0266  vl=0.0551
Step: 4263936 SPS: 2490  ev=0.869  ent=0.494  grad=0.52/0.50  h=0.5 c=7.4  kl=0.0349  vl=0.0519
Step: 4268032 SPS: 2491  ev=0.839  ent=0.475  grad=0.55/0.50  h=0.5 c=7.5  kl=0.0352  vl=0.0653
Step: 4272128 SPS: 2491  ev=0.847  ent=0.480  grad=0.39/0.39  h=0.4 c=8.6  kl=0.0266  vl=0.0545
Step: 4276224 SPS: 2491  ev=0.868  ent=0.515  grad=0.34/0.34  h=0.4 c=7.9  kl=0.0489  vl=0.0544
Step: 4280320 SPS: 2492  ev=0.797  ent=0.476  grad=0.74/0.50  h=0.4 c=8.3  kl=0.0345  vl=0.0964
Step: 4284416 SPS: 2492  ev=0.843  ent=0.455  grad=0.61/0.50  h=0.5 c=9.1  kl=0.0387  vl=0.0586
Step: 4288512 SPS: 2493  ev=0.851  ent=0.475  grad=0.47/0.47  h=0.4 c=9.8  kl=0.0535  vl=0.0519
Step: 4292608 SPS: 2494  ev=0.848  ent=0.489  grad=0.53/0.50  h=0.4 c=8.4  kl=0.0351  vl=0.0644
Step: 4296704 SPS: 2494  ev=0.844  ent=0.494  grad=0.51/0.50  h=0.5 c=8.0  kl=0.0353  vl=0.0657
Step: 4300800 SPS: 2495  ev=0.846  ent=0.497  grad=0.65/0.50  h=0.4 c=9.6  kl=0.0307  vl=0.0640
Step: 4304896 SPS: 2495  ev=0.849  ent=0.477  grad=0.65/0.50  h=0.4 c=10.2  kl=0.0310  vl=0.0756
Step: 4308992 SPS: 2496  ev=0.832  ent=0.499  grad=0.83/0.50  h=0.3 c=9.8  kl=0.0412  vl=0.0747
Step: 4313088 SPS: 2496  ev=0.841  ent=0.490  grad=0.30/0.30  h=0.3 c=8.3  kl=0.0476  vl=0.0682
Step: 4317184 SPS: 2497  ev=0.854  ent=0.468  grad=0.31/0.31  h=0.4 c=8.3  kl=0.0428  vl=0.0620
Step: 4321280 SPS: 2497  ev=0.839  ent=0.478  grad=0.46/0.46  h=0.4 c=7.8  kl=0.0300  vl=0.0562
Step: 4325376 SPS: 2498  ev=0.842  ent=0.483  grad=0.48/0.48  h=0.4 c=9.5  kl=0.0331  vl=0.0607
Step: 4329472 SPS: 2498  ev=0.857  ent=0.506  grad=0.75/0.50  h=0.3 c=11.1  kl=0.0726  vl=0.0599
Step: 4333568 SPS: 2499  ev=0.869  ent=0.494  grad=0.70/0.50  h=0.3 c=10.4  kl=0.0330  vl=0.0573
Step: 4337664 SPS: 2499  ev=0.847  ent=0.471  grad=0.42/0.42  h=0.4 c=10.4  kl=0.0352  vl=0.0512
  vs Heur:   46W/52L/2D | score=7.2±12.5 inv=0.0 played=16.2 lanes=5.0 ddraw=3.6 pts=7
  vs Random: 100W/0L/0D | score=30.0±15.0 inv=0.0 played=19.3 lanes=5.0 ddraw=2.1 pts=30
  Self-play: 45W/52L/3D | score=2.7±12.0 inv=0.0 played=15.9 lanes=5.0 ddraw=1.1 pts=3
Step: 4341760 SPS: 2500  ev=0.827  ent=0.518  grad=0.39/0.39  h=0.4 c=12.0  kl=0.0374  vl=0.0852
Step: 4345856 SPS: 2500  ev=0.834  ent=0.474  grad=0.66/0.50  h=0.4 c=11.4  kl=0.0348  vl=0.0607
Step: 4349952 SPS: 2501  ev=0.848  ent=0.531  grad=0.49/0.49  h=0.4 c=10.8  kl=0.0544  vl=0.0627
Step: 4354048 SPS: 2501  ev=0.818  ent=0.476  grad=0.46/0.46  h=0.5 c=9.5  kl=0.0288  vl=0.0494
Step: 4358144 SPS: 2501  ev=0.846  ent=0.466  grad=0.58/0.50  h=0.4 c=9.3  kl=0.0336  vl=0.0685
Step: 4362240 SPS: 2502  ev=0.836  ent=0.446  grad=0.49/0.49  h=0.5 c=8.5  kl=0.0309  vl=0.0541
Step: 4366336 SPS: 2502  ev=0.834  ent=0.488  grad=0.51/0.50  h=0.4 c=10.9  kl=0.0229  vl=0.0539
Step: 4370432 SPS: 2502  ev=0.838  ent=0.433  grad=0.35/0.35  h=0.4 c=12.6  kl=0.0285  vl=0.0776
Step: 4374528 SPS: 2503  ev=0.832  ent=0.456  grad=0.47/0.47  h=0.4 c=11.9  kl=0.0424  vl=0.0482
Step: 4378624 SPS: 2504  ev=0.811  ent=0.489  grad=0.37/0.37  h=0.4 c=11.5  kl=0.0225  vl=0.0536
Step: 4382720 SPS: 2504  ev=0.834  ent=0.477  grad=0.54/0.50  h=0.4 c=11.2  kl=0.0305  vl=0.0620
Step: 4386816 SPS: 2504  ev=0.860  ent=0.429  grad=0.53/0.50  h=0.4 c=10.8  kl=0.0261  vl=0.0482
Step: 4390912 SPS: 2505  ev=0.846  ent=0.533  grad=0.91/0.50  h=0.4 c=11.1  kl=0.0358  vl=0.0749
Step: 4395008 SPS: 2505  ev=0.854  ent=0.463  grad=0.79/0.50  h=0.4 c=10.1  kl=0.0395  vl=0.0607
Step: 4399104 SPS: 2506  ev=0.844  ent=0.489  grad=0.54/0.50  h=0.4 c=12.3  kl=0.0336  vl=0.0767
Step: 4403200 SPS: 2506  ev=0.846  ent=0.543  grad=0.31/0.31  h=0.4 c=11.8  kl=0.0820  vl=0.0932
Step: 4407296 SPS: 2507  ev=0.828  ent=0.504  grad=0.52/0.50  h=0.3 c=9.5  kl=0.0403  vl=0.0588
Step: 4411392 SPS: 2507  ev=0.848  ent=0.474  grad=0.44/0.44  h=0.4 c=7.7  kl=0.0350  vl=0.0469
Step: 4415488 SPS: 2508  ev=0.803  ent=0.517  grad=0.62/0.50  h=0.3 c=6.7  kl=0.0287  vl=0.0574
Step: 4419584 SPS: 2509  ev=0.834  ent=0.474  grad=0.37/0.37  h=0.3 c=7.9  kl=0.0280  vl=0.0610
  vs Heur:   39W/59L/2D | score=7.0±13.0 inv=0.0 played=16.4 lanes=5.0 ddraw=3.4 pts=7
  vs Random: 101W/0L/0D | score=32.3±14.9 inv=0.0 played=19.6 lanes=5.0 ddraw=2.3 pts=32
  Self-play: 45W/55L/0D | score=2.8±12.1 inv=0.0 played=15.9 lanes=5.0 ddraw=1.6 pts=3
Step: 4423680 SPS: 2509  ev=0.848  ent=0.431  grad=0.44/0.44  h=0.3 c=6.4  kl=0.0390  vl=0.0443
Step: 4427776 SPS: 2509  ev=0.835  ent=0.430  grad=0.46/0.46  h=0.4 c=6.5  kl=0.0531  vl=0.0745
Step: 4431872 SPS: 2510  ev=0.837  ent=0.487  grad=0.53/0.50  h=0.3 c=6.1  kl=0.0392  vl=0.0745
Step: 4435968 SPS: 2510  ev=0.859  ent=0.451  grad=0.36/0.36  h=0.4 c=5.7  kl=0.0299  vl=0.0460
Step: 4440064 SPS: 2511  ev=0.837  ent=0.486  grad=0.32/0.32  h=0.4 c=5.9  kl=0.0540  vl=0.0550
Step: 4444160 SPS: 2511  ev=0.849  ent=0.461  grad=0.48/0.48  h=0.3 c=6.0  kl=0.0273  vl=0.0581
Step: 4448256 SPS: 2512  ev=0.852  ent=0.446  grad=0.53/0.50  h=0.4 c=6.2  kl=0.0494  vl=0.0621
Step: 4452352 SPS: 2512  ev=0.849  ent=0.461  grad=0.49/0.49  h=0.4 c=6.1  kl=0.0373  vl=0.0586
Step: 4456448 SPS: 2513  ev=0.834  ent=0.434  grad=0.54/0.50  h=0.4 c=4.6  kl=0.0273  vl=0.0580
Step: 4460544 SPS: 2513  ev=0.856  ent=0.443  grad=0.42/0.42  h=0.4 c=4.3  kl=0.0423  vl=0.0644
Step: 4464640 SPS: 2514  ev=0.822  ent=0.417  grad=0.30/0.30  h=0.3 c=5.5  kl=0.0277  vl=0.0879
Step: 4468736 SPS: 2514  ev=0.833  ent=0.415  grad=0.45/0.45  h=0.3 c=6.2  kl=0.0255  vl=0.0566
Step: 4472832 SPS: 2514  ev=0.849  ent=0.438  grad=0.34/0.34  h=0.4 c=4.6  kl=0.0338  vl=0.0517
Step: 4476928 SPS: 2514  ev=0.880  ent=0.436  grad=0.59/0.50  h=0.4 c=4.9  kl=0.0472  vl=0.0573
Step: 4481024 SPS: 2515  ev=0.803  ent=0.428  grad=0.52/0.50  h=0.3 c=4.8  kl=0.0458  vl=0.0758
Step: 4485120 SPS: 2515  ev=0.869  ent=0.449  grad=0.44/0.44  h=0.4 c=4.3  kl=0.0397  vl=0.0519
Step: 4489216 SPS: 2516  ev=0.854  ent=0.454  grad=0.35/0.35  h=0.4 c=4.8  kl=0.0302  vl=0.0574
Step: 4493312 SPS: 2516  ev=0.819  ent=0.402  grad=0.59/0.50  h=0.3 c=4.6  kl=0.0268  vl=0.0594
Step: 4497408 SPS: 2517  ev=0.848  ent=0.419  grad=0.47/0.47  h=0.2 c=4.5  kl=0.0360  vl=0.0514
Step: 4501504 SPS: 2517  ev=0.852  ent=0.470  grad=0.40/0.40  h=0.4 c=5.1  kl=0.0414  vl=0.0615
  vs Heur:   50W/48L/5D | score=7.6±13.9 inv=0.0 played=16.3 lanes=5.0 ddraw=3.3 pts=8
  vs Random: 100W/0L/0D | score=27.5±16.0 inv=0.0 played=19.0 lanes=5.0 ddraw=1.8 pts=27
  Self-play: 53W/46L/1D | score=3.3±12.1 inv=0.0 played=15.9 lanes=5.0 ddraw=1.7 pts=3
Step: 4505600 SPS: 2517  ev=0.836  ent=0.455  grad=0.46/0.46  h=0.3 c=5.4  kl=0.0411  vl=0.0538
Step: 4509696 SPS: 2518  ev=0.863  ent=0.444  grad=0.45/0.45  h=0.3 c=6.0  kl=0.0511  vl=0.0529
Step: 4513792 SPS: 2518  ev=0.835  ent=0.430  grad=0.57/0.50  h=0.3 c=7.1  kl=0.0337  vl=0.0603
Step: 4517888 SPS: 2519  ev=0.855  ent=0.480  grad=0.41/0.41  h=0.3 c=7.1  kl=0.0335  vl=0.0621
Step: 4521984 SPS: 2519  ev=0.853  ent=0.412  grad=0.42/0.42  h=0.4 c=4.9  kl=0.0322  vl=0.0680
Step: 4526080 SPS: 2520  ev=0.862  ent=0.458  grad=0.82/0.50  h=0.3 c=5.3  kl=0.0295  vl=0.0596
Step: 4530176 SPS: 2520  ev=0.856  ent=0.446  grad=0.31/0.31  h=0.4 c=4.9  kl=0.0414  vl=0.0465
Step: 4534272 SPS: 2521  ev=0.835  ent=0.470  grad=0.58/0.50  h=0.2 c=4.9  kl=0.0256  vl=0.0605
Step: 4538368 SPS: 2521  ev=0.833  ent=0.437  grad=0.45/0.45  h=0.4 c=4.7  kl=0.0234  vl=0.0695
Step: 4542464 SPS: 2522  ev=0.854  ent=0.459  grad=0.65/0.50  h=0.3 c=5.5  kl=0.0516  vl=0.0576
Step: 4546560 SPS: 2522  ev=0.841  ent=0.429  grad=0.47/0.47  h=0.4 c=4.9  kl=0.0235  vl=0.0546
Step: 4550656 SPS: 2523  ev=0.822  ent=0.435  grad=0.53/0.50  h=0.4 c=5.4  kl=0.0336  vl=0.0737
Step: 4554752 SPS: 2523  ev=0.840  ent=0.450  grad=0.43/0.43  h=0.4 c=6.7  kl=0.0331  vl=0.0754
Step: 4558848 SPS: 2524  ev=0.859  ent=0.440  grad=0.50/0.50  h=0.4 c=6.4  kl=0.0481  vl=0.0374
Step: 4562944 SPS: 2524  ev=0.825  ent=0.402  grad=0.96/0.50  h=0.4 c=5.1  kl=0.0254  vl=0.0596
Step: 4567040 SPS: 2525  ev=0.825  ent=0.429  grad=0.68/0.50  h=0.4 c=6.2  kl=0.0460  vl=0.0720
Step: 4571136 SPS: 2525  ev=0.842  ent=0.452  grad=0.56/0.50  h=0.4 c=6.5  kl=0.0362  vl=0.0652
Step: 4575232 SPS: 2526  ev=0.840  ent=0.432  grad=0.42/0.42  h=0.4 c=5.0  kl=0.0268  vl=0.0548
Step: 4579328 SPS: 2526  ev=0.838  ent=0.439  grad=0.55/0.50  h=0.4 c=5.8  kl=0.0433  vl=0.0754
Step: 4583424 SPS: 2527  ev=0.846  ent=0.436  grad=0.44/0.44  h=0.3 c=4.9  kl=0.0367  vl=0.0561
  vs Heur:   38W/62L/0D | score=5.8±13.4 inv=0.0 played=16.3 lanes=5.0 ddraw=2.9 pts=6
  vs Random: 101W/0L/0D | score=28.6±15.6 inv=0.0 played=18.9 lanes=5.0 ddraw=2.3 pts=29
  Self-play: 42W/62L/2D | score=0.5±11.8 inv=0.0 played=15.7 lanes=5.0 ddraw=1.4 pts=0
Step: 4587520 SPS: 2527  ev=0.850  ent=0.482  grad=0.36/0.36  h=0.3 c=4.9  kl=0.0337  vl=0.0451
Step: 4591616 SPS: 2528  ev=0.826  ent=0.445  grad=0.46/0.46  h=0.4 c=4.8  kl=0.0328  vl=0.0560
Step: 4595712 SPS: 2528  ev=0.860  ent=0.427  grad=0.35/0.35  h=0.3 c=4.1  kl=0.0371  vl=0.0559
Step: 4599808 SPS: 2529  ev=0.853  ent=0.431  grad=0.36/0.36  h=0.3 c=4.5  kl=0.0334  vl=0.0501
Step: 4603904 SPS: 2529  ev=0.858  ent=0.458  grad=0.62/0.50  h=0.3 c=4.2  kl=0.0284  vl=0.0437
Step: 4608000 SPS: 2530  ev=0.854  ent=0.479  grad=0.50/0.50  h=0.3 c=3.9  kl=0.0398  vl=0.0670
Step: 4612096 SPS: 2530  ev=0.819  ent=0.387  grad=0.34/0.34  h=0.4 c=3.9  kl=0.0311  vl=0.0623
Step: 4616192 SPS: 2531  ev=0.843  ent=0.414  grad=0.62/0.50  h=0.4 c=4.7  kl=0.0419  vl=0.0585
Step: 4620288 SPS: 2531  ev=0.854  ent=0.448  grad=0.36/0.36  h=0.4 c=4.2  kl=0.0346  vl=0.0530
Step: 4624384 SPS: 2532  ev=0.850  ent=0.464  grad=0.42/0.42  h=0.4 c=5.0  kl=0.0428  vl=0.0543
Step: 4628480 SPS: 2533  ev=0.856  ent=0.418  grad=0.44/0.44  h=0.4 c=4.5  kl=0.0498  vl=0.0510
Step: 4632576 SPS: 2533  ev=0.836  ent=0.417  grad=0.46/0.46  h=0.3 c=4.6  kl=0.0396  vl=0.0599
Step: 4636672 SPS: 2533  ev=0.812  ent=0.440  grad=0.68/0.50  h=0.4 c=4.2  kl=0.0472  vl=0.0782
Step: 4640768 SPS: 2534  ev=0.843  ent=0.387  grad=0.78/0.50  h=0.3 c=5.1  kl=0.0300  vl=0.0492
Step: 4644864 SPS: 2534  ev=0.844  ent=0.428  grad=0.76/0.50  h=0.4 c=4.2  kl=0.0365  vl=0.0588
Step: 4648960 SPS: 2535  ev=0.845  ent=0.420  grad=0.76/0.50  h=0.3 c=5.3  kl=0.0544  vl=0.0514
Step: 4653056 SPS: 2536  ev=0.842  ent=0.420  grad=0.72/0.50  h=0.3 c=4.7  kl=0.0339  vl=0.0653
Step: 4657152 SPS: 2536  ev=0.856  ent=0.401  grad=0.50/0.50  h=0.3 c=5.1  kl=0.0543  vl=0.0704
Step: 4661248 SPS: 2537  ev=0.822  ent=0.375  grad=0.43/0.43  h=0.3 c=5.2  kl=0.0290  vl=0.0589
Step: 4665344 SPS: 2537  ev=0.851  ent=0.413  grad=0.49/0.49  h=0.4 c=4.8  kl=0.0554  vl=0.0615
  vs Heur:   36W/62L/3D | score=5.3±12.7 inv=0.0 played=16.1 lanes=5.0 ddraw=2.9 pts=5
  vs Random: 100W/0L/0D | score=27.6±14.9 inv=0.0 played=18.8 lanes=5.0 ddraw=2.2 pts=28
  Self-play: 55W/45L/4D | score=4.0±11.6 inv=0.0 played=15.9 lanes=5.0 ddraw=1.1 pts=4
Step: 4669440 SPS: 2538  ev=0.837  ent=0.383  grad=0.69/0.50  h=0.4 c=5.3  kl=0.0511  vl=0.0776
Step: 4673536 SPS: 2538  ev=0.802  ent=0.407  grad=0.46/0.46  h=0.3 c=4.1  kl=0.0385  vl=0.0877
Step: 4677632 SPS: 2538  ev=0.817  ent=0.413  grad=0.57/0.50  h=0.4 c=4.5  kl=0.0363  vl=0.0846
Step: 4681728 SPS: 2539  ev=0.832  ent=0.425  grad=0.54/0.50  h=0.3 c=4.9  kl=0.0286  vl=0.0653
Step: 4685824 SPS: 2539  ev=0.835  ent=0.434  grad=0.51/0.50  h=0.4 c=5.1  kl=0.0310  vl=0.0624
Step: 4689920 SPS: 2540  ev=0.835  ent=0.422  grad=0.54/0.50  h=0.3 c=4.6  kl=0.0329  vl=0.0800
Step: 4694016 SPS: 2540  ev=0.843  ent=0.460  grad=0.37/0.37  h=0.4 c=4.9  kl=0.0248  vl=0.0489
Step: 4698112 SPS: 2541  ev=0.846  ent=0.439  grad=0.41/0.41  h=0.4 c=6.0  kl=0.0394  vl=0.0661
Step: 4702208 SPS: 2541  ev=0.817  ent=0.444  grad=0.28/0.28  h=0.3 c=5.7  kl=0.0260  vl=0.0810
Step: 4706304 SPS: 2542  ev=0.833  ent=0.443  grad=0.43/0.43  h=0.4 c=5.8  kl=0.0295  vl=0.0593
Step: 4710400 SPS: 2542  ev=0.831  ent=0.438  grad=0.39/0.39  h=0.3 c=6.1  kl=0.0448  vl=0.0683
Step: 4714496 SPS: 2543  ev=0.856  ent=0.425  grad=0.33/0.33  h=0.3 c=5.7  kl=0.0344  vl=0.0533
Step: 4718592 SPS: 2543  ev=0.857  ent=0.417  grad=0.43/0.43  h=0.3 c=5.1  kl=0.0363  vl=0.0633
Step: 4722688 SPS: 2544  ev=0.849  ent=0.406  grad=0.50/0.50  h=0.3 c=5.4  kl=0.0260  vl=0.0585
Step: 4726784 SPS: 2544  ev=0.837  ent=0.434  grad=0.55/0.50  h=0.3 c=6.2  kl=0.0317  vl=0.0672
Step: 4730880 SPS: 2545  ev=0.858  ent=0.400  grad=0.61/0.50  h=0.3 c=4.9  kl=0.0322  vl=0.0539
Step: 4734976 SPS: 2545  ev=0.823  ent=0.397  grad=0.75/0.50  h=0.3 c=4.8  kl=0.0254  vl=0.0656
Step: 4739072 SPS: 2545  ev=0.859  ent=0.415  grad=0.54/0.50  h=0.3 c=4.3  kl=0.0403  vl=0.0478
Step: 4743168 SPS: 2546  ev=0.831  ent=0.413  grad=0.45/0.45  h=0.3 c=3.9  kl=0.0344  vl=0.0812
Step: 4747264 SPS: 2546  ev=0.834  ent=0.425  grad=0.60/0.50  h=0.4 c=4.6  kl=0.0587  vl=0.0689
  vs Heur:   45W/54L/1D | score=6.5±15.4 inv=0.0 played=16.4 lanes=5.0 ddraw=2.9 pts=6
  vs Random: 100W/0L/0D | score=31.9±11.9 inv=0.0 played=19.4 lanes=5.0 ddraw=2.0 pts=32
  Self-play: 55W/49L/2D | score=5.4±10.7 inv=0.0 played=16.0 lanes=5.0 ddraw=1.1 pts=5
Step: 4751360 SPS: 2547  ev=0.837  ent=0.401  grad=0.48/0.48  h=0.3 c=3.8  kl=0.0371  vl=0.0636
Step: 4755456 SPS: 2547  ev=0.829  ent=0.384  grad=0.48/0.48  h=0.4 c=4.3  kl=0.0442  vl=0.0648
Step: 4759552 SPS: 2548  ev=0.825  ent=0.443  grad=0.96/0.50  h=0.4 c=4.3  kl=0.0334  vl=0.0704
Step: 4763648 SPS: 2548  ev=0.817  ent=0.403  grad=0.35/0.35  h=0.4 c=4.3  kl=0.0325  vl=0.0821
Step: 4767744 SPS: 2548  ev=0.844  ent=0.440  grad=0.59/0.50  h=0.4 c=4.0  kl=0.0625  vl=0.0596
Step: 4771840 SPS: 2549  ev=0.850  ent=0.408  grad=0.44/0.44  h=0.4 c=3.4  kl=0.0363  vl=0.0651
Step: 4775936 SPS: 2549  ev=0.856  ent=0.469  grad=0.50/0.50  h=0.4 c=4.3  kl=0.0393  vl=0.0574
Step: 4780032 SPS: 2550  ev=0.866  ent=0.397  grad=0.81/0.50  h=0.4 c=4.4  kl=0.0349  vl=0.0561
Step: 4784128 SPS: 2550  ev=0.843  ent=0.413  grad=0.56/0.50  h=0.4 c=5.4  kl=0.0251  vl=0.0789
Step: 4788224 SPS: 2551  ev=0.829  ent=0.406  grad=1.11/0.50  h=0.4 c=3.8  kl=0.0450  vl=0.0864
Step: 4792320 SPS: 2551  ev=0.834  ent=0.389  grad=0.58/0.50  h=0.4 c=4.3  kl=0.0274  vl=0.0578
Step: 4796416 SPS: 2552  ev=0.832  ent=0.392  grad=0.41/0.41  h=0.4 c=4.7  kl=0.0285  vl=0.0624
Step: 4800512 SPS: 2552  ev=0.835  ent=0.361  grad=0.41/0.41  h=0.4 c=4.1  kl=0.0196  vl=0.0601
Step: 4804608 SPS: 2552  ev=0.845  ent=0.375  grad=0.39/0.39  h=0.4 c=4.4  kl=0.0629  vl=0.0598
Step: 4808704 SPS: 2553  ev=0.841  ent=0.453  grad=0.47/0.47  h=0.4 c=4.3  kl=0.0590  vl=0.0484
Step: 4812800 SPS: 2553  ev=0.847  ent=0.409  grad=0.76/0.50  h=0.3 c=3.5  kl=0.0393  vl=0.0683
Step: 4816896 SPS: 2554  ev=0.846  ent=0.373  grad=0.38/0.38  h=0.4 c=3.5  kl=0.0531  vl=0.0543
Step: 4820992 SPS: 2554  ev=0.821  ent=0.426  grad=0.40/0.40  h=0.4 c=4.5  kl=0.0270  vl=0.0657
Step: 4825088 SPS: 2555  ev=0.847  ent=0.430  grad=0.52/0.50  h=0.3 c=3.5  kl=0.0312  vl=0.0599
Step: 4829184 SPS: 2555  ev=0.856  ent=0.432  grad=0.36/0.36  h=0.4 c=4.0  kl=0.0502  vl=0.0507
  vs Heur:   42W/55L/3D | score=6.0±13.5 inv=0.0 played=16.0 lanes=5.0 ddraw=2.6 pts=6
  vs Random: 100W/0L/0D | score=28.1±14.3 inv=0.0 played=18.7 lanes=5.0 ddraw=2.4 pts=28
  Self-play: 48W/51L/2D | score=2.6±12.5 inv=0.0 played=15.7 lanes=5.0 ddraw=0.7 pts=3
Step: 4833280 SPS: 2556  ev=0.867  ent=0.425  grad=0.37/0.37  h=0.5 c=3.9  kl=0.0387  vl=0.0565
Step: 4837376 SPS: 2556  ev=0.858  ent=0.398  grad=0.81/0.50  h=0.4 c=3.4  kl=0.0362  vl=0.0620
Step: 4841472 SPS: 2557  ev=0.840  ent=0.371  grad=0.77/0.50  h=0.4 c=3.2  kl=0.0474  vl=0.0696
Step: 4845568 SPS: 2557  ev=0.829  ent=0.432  grad=0.38/0.38  h=0.4 c=3.5  kl=0.0307  vl=0.0616
Step: 4849664 SPS: 2558  ev=0.840  ent=0.389  grad=0.71/0.50  h=0.4 c=2.9  kl=0.0378  vl=0.0686
Step: 4853760 SPS: 2558  ev=0.846  ent=0.443  grad=0.40/0.40  h=0.4 c=3.1  kl=0.0256  vl=0.0562
Step: 4857856 SPS: 2559  ev=0.854  ent=0.404  grad=0.63/0.50  h=0.4 c=3.0  kl=0.0254  vl=0.0729
Step: 4861952 SPS: 2559  ev=0.856  ent=0.439  grad=0.34/0.34  h=0.4 c=3.0  kl=0.0393  vl=0.0559
Step: 4866048 SPS: 2560  ev=0.844  ent=0.441  grad=0.53/0.50  h=0.4 c=2.9  kl=0.0770  vl=0.0550
Step: 4870144 SPS: 2560  ev=0.861  ent=0.437  grad=0.61/0.50  h=0.4 c=2.8  kl=0.0218  vl=0.0485
Step: 4874240 SPS: 2560  ev=0.847  ent=0.444  grad=0.56/0.50  h=0.4 c=3.2  kl=0.0241  vl=0.0627
Step: 4878336 SPS: 2560  ev=0.828  ent=0.432  grad=0.71/0.50  h=0.4 c=3.1  kl=0.0309  vl=0.0565
Step: 4882432 SPS: 2561  ev=0.845  ent=0.425  grad=0.45/0.45  h=0.4 c=2.8  kl=0.0237  vl=0.0671
Step: 4886528 SPS: 2561  ev=0.858  ent=0.441  grad=0.41/0.41  h=0.4 c=3.1  kl=0.0414  vl=0.0523
Step: 4890624 SPS: 2562  ev=0.841  ent=0.423  grad=0.74/0.50  h=0.3 c=2.2  kl=0.0330  vl=0.0822
Step: 4894720 SPS: 2562  ev=0.841  ent=0.432  grad=0.55/0.50  h=0.3 c=2.5  kl=0.0206  vl=0.0526
Step: 4898816 SPS: 2562  ev=0.845  ent=0.461  grad=0.41/0.41  h=0.3 c=2.3  kl=0.0387  vl=0.0678
Step: 4902912 SPS: 2562  ev=0.859  ent=0.407  grad=0.33/0.33  h=0.3 c=2.6  kl=0.0272  vl=0.0524
Step: 4907008 SPS: 2562  ev=0.847  ent=0.414  grad=0.64/0.50  h=0.4 c=2.6  kl=0.0358  vl=0.0598
Step: 4911104 SPS: 2563  ev=0.835  ent=0.391  grad=0.33/0.33  h=0.4 c=2.1  kl=0.0369  vl=0.0593
  vs Heur:   42W/55L/4D | score=6.4±13.9 inv=0.0 played=16.0 lanes=5.0 ddraw=2.2 pts=6
  vs Random: 102W/0L/0D | score=26.7±13.3 inv=0.0 played=18.5 lanes=5.0 ddraw=1.8 pts=27
  Self-play: 55W/48L/0D | score=3.8±14.8 inv=0.0 played=15.7 lanes=5.0 ddraw=0.7 pts=4
Step: 4915200 SPS: 2562  ev=0.834  ent=0.386  grad=0.33/0.33  h=0.4 c=2.2  kl=0.0356  vl=0.0801
Step: 4919296 SPS: 2563  ev=0.854  ent=0.437  grad=0.71/0.50  h=0.4 c=2.6  kl=0.0239  vl=0.0540
Step: 4923392 SPS: 2563  ev=0.860  ent=0.414  grad=0.49/0.49  h=0.3 c=2.3  kl=0.0320  vl=0.0491
Step: 4927488 SPS: 2564  ev=0.807  ent=0.437  grad=0.46/0.46  h=0.4 c=2.8  kl=0.0224  vl=0.0523
Step: 4931584 SPS: 2564  ev=0.828  ent=0.408  grad=0.36/0.36  h=0.4 c=2.1  kl=0.0348  vl=0.0657
Step: 4935680 SPS: 2565  ev=0.846  ent=0.405  grad=0.39/0.39  h=0.4 c=2.5  kl=0.0216  vl=0.0511
Step: 4939776 SPS: 2565  ev=0.858  ent=0.410  grad=0.39/0.39  h=0.4 c=2.2  kl=0.0323  vl=0.0631
Step: 4943872 SPS: 2566  ev=0.790  ent=0.400  grad=0.44/0.44  h=0.4 c=2.5  kl=0.0285  vl=0.1090
Step: 4947968 SPS: 2566  ev=0.834  ent=0.398  grad=0.85/0.50  h=0.4 c=2.0  kl=0.0488  vl=0.0663
Step: 4952064 SPS: 2566  ev=0.841  ent=0.380  grad=0.47/0.47  h=0.4 c=2.4  kl=0.0183  vl=0.0590
Step: 4956160 SPS: 2566  ev=0.847  ent=0.440  grad=0.29/0.29  h=0.4 c=2.4  kl=0.0322  vl=0.0572
Step: 4960256 SPS: 2567  ev=0.850  ent=0.376  grad=0.44/0.44  h=0.4 c=2.7  kl=0.0329  vl=0.0479
Step: 4964352 SPS: 2567  ev=0.842  ent=0.415  grad=0.51/0.50  h=0.4 c=2.7  kl=0.0190  vl=0.0596
Step: 4968448 SPS: 2567  ev=0.857  ent=0.385  grad=0.74/0.50  h=0.4 c=2.3  kl=0.0341  vl=0.0755
Step: 4972544 SPS: 2567  ev=0.855  ent=0.364  grad=0.47/0.47  h=0.5 c=2.5  kl=0.0275  vl=0.0560
Step: 4976640 SPS: 2568  ev=0.845  ent=0.391  grad=0.40/0.40  h=0.4 c=2.1  kl=0.0328  vl=0.0682
Step: 4980736 SPS: 2568  ev=0.833  ent=0.399  grad=0.72/0.50  h=0.4 c=2.0  kl=0.0288  vl=0.0687
Step: 4984832 SPS: 2568  ev=0.832  ent=0.391  grad=0.40/0.40  h=0.4 c=2.5  kl=0.0580  vl=0.0679
Step: 4988928 SPS: 2568  ev=0.840  ent=0.417  grad=0.67/0.50  h=0.4 c=2.6  kl=0.0378  vl=0.0773
Step: 4993024 SPS: 2569  ev=0.861  ent=0.417  grad=0.56/0.50  h=0.4 c=2.4  kl=0.0345  vl=0.0567
  vs Heur:   38W/59L/3D | score=3.6±12.3 inv=0.0 played=15.8 lanes=5.0 ddraw=2.4 pts=4
  vs Random: 101W/0L/0D | score=28.4±16.1 inv=0.0 played=18.8 lanes=5.0 ddraw=1.5 pts=28
  Self-play: 49W/49L/2D | score=4.5±12.7 inv=0.0 played=15.7 lanes=5.0 ddraw=0.4 pts=4
Step: 4997120 SPS: 2569  ev=0.827  ent=0.428  grad=0.45/0.45  h=0.4 c=2.5  kl=0.0327  vl=0.0965
Step: 5001216 SPS: 2570  ev=0.853  ent=0.414  grad=0.52/0.50  h=0.4 c=3.0  kl=0.0415  vl=0.0539
Step: 5005312 SPS: 2570  ev=0.859  ent=0.424  grad=0.35/0.35  h=0.4 c=2.3  kl=0.0256  vl=0.0561
Step: 5009408 SPS: 2570  ev=0.824  ent=0.420  grad=0.55/0.50  h=0.4 c=2.8  kl=0.0384  vl=0.0854
Step: 5013504 SPS: 2570  ev=0.837  ent=0.442  grad=0.42/0.42  h=0.4 c=3.1  kl=0.0285  vl=0.0618
Step: 5017600 SPS: 2570  ev=0.858  ent=0.433  grad=0.43/0.43  h=0.4 c=3.3  kl=0.0307  vl=0.0594
Step: 5021696 SPS: 2571  ev=0.866  ent=0.410  grad=0.38/0.38  h=0.4 c=2.9  kl=0.0317  vl=0.0498
Step: 5025792 SPS: 2571  ev=0.856  ent=0.427  grad=0.44/0.44  h=0.4 c=2.9  kl=0.0248  vl=0.0470
Step: 5029888 SPS: 2571  ev=0.840  ent=0.425  grad=0.39/0.39  h=0.3 c=3.3  kl=0.0309  vl=0.0622
Step: 5033984 SPS: 2572  ev=0.859  ent=0.412  grad=0.28/0.28  h=0.4 c=3.3  kl=0.0369  vl=0.0556
Step: 5038080 SPS: 2572  ev=0.851  ent=0.428  grad=0.34/0.34  h=0.4 c=3.3  kl=0.0421  vl=0.0592
Step: 5042176 SPS: 2572  ev=0.864  ent=0.388  grad=0.49/0.49  h=0.4 c=3.2  kl=0.0475  vl=0.0685
Step: 5046272 SPS: 2573  ev=0.843  ent=0.407  grad=0.41/0.41  h=0.4 c=2.8  kl=0.0207  vl=0.0621
Step: 5050368 SPS: 2573  ev=0.845  ent=0.384  grad=0.79/0.50  h=0.4 c=3.3  kl=0.0308  vl=0.0675
Step: 5054464 SPS: 2574  ev=0.852  ent=0.421  grad=0.35/0.35  h=0.4 c=2.6  kl=0.0287  vl=0.0604
Step: 5058560 SPS: 2574  ev=0.868  ent=0.389  grad=0.34/0.34  h=0.4 c=3.0  kl=0.0444  vl=0.0613
Step: 5062656 SPS: 2574  ev=0.859  ent=0.437  grad=0.33/0.33  h=0.3 c=3.4  kl=0.0409  vl=0.0514
Step: 5066752 SPS: 2575  ev=0.859  ent=0.383  grad=0.57/0.50  h=0.4 c=3.1  kl=0.0349  vl=0.0752
Step: 5070848 SPS: 2575  ev=0.841  ent=0.402  grad=1.16/0.50  h=0.4 c=3.1  kl=0.0454  vl=0.0715
Step: 5074944 SPS: 2575  ev=0.846  ent=0.416  grad=0.40/0.40  h=0.4 c=3.9  kl=0.0341  vl=0.0552
  vs Heur:   50W/51L/2D | score=7.6±11.9 inv=0.0 played=16.4 lanes=5.0 ddraw=2.3 pts=8
  vs Random: 102W/0L/0D | score=29.5±12.8 inv=0.0 played=19.1 lanes=5.0 ddraw=2.9 pts=30
  Self-play: 47W/50L/4D | score=4.4±12.4 inv=0.0 played=15.8 lanes=5.0 ddraw=0.9 pts=4
Step: 5079040 SPS: 2575  ev=0.857  ent=0.436  grad=0.33/0.33  h=0.4 c=3.9  kl=0.0345  vl=0.0562
Step: 5083136 SPS: 2576  ev=0.849  ent=0.429  grad=0.32/0.32  h=0.3 c=2.9  kl=0.0307  vl=0.0629
Step: 5087232 SPS: 2576  ev=0.855  ent=0.409  grad=0.44/0.44  h=0.3 c=3.5  kl=0.0282  vl=0.0562
Step: 5091328 SPS: 2576  ev=0.844  ent=0.404  grad=0.69/0.50  h=0.4 c=3.3  kl=0.0488  vl=0.0574
Step: 5095424 SPS: 2577  ev=0.875  ent=0.410  grad=0.39/0.39  h=0.3 c=2.9  kl=0.0481  vl=0.0526
Step: 5099520 SPS: 2577  ev=0.845  ent=0.371  grad=0.91/0.50  h=0.3 c=3.7  kl=0.0252  vl=0.0512
Step: 5103616 SPS: 2577  ev=0.861  ent=0.439  grad=0.33/0.33  h=0.3 c=3.1  kl=0.0391  vl=0.0530
Step: 5107712 SPS: 2578  ev=0.841  ent=0.412  grad=0.56/0.50  h=0.3 c=3.1  kl=0.0247  vl=0.0526
Step: 5111808 SPS: 2578  ev=0.853  ent=0.418  grad=0.35/0.35  h=0.3 c=3.8  kl=0.0288  vl=0.0646
Step: 5115904 SPS: 2579  ev=0.863  ent=0.404  grad=0.41/0.41  h=0.3 c=3.3  kl=0.0359  vl=0.0402
Step: 5120000 SPS: 2579  ev=0.860  ent=0.436  grad=0.32/0.32  h=0.3 c=3.7  kl=0.0276  vl=0.0452
Step: 5124096 SPS: 2579  ev=0.839  ent=0.428  grad=0.34/0.34  h=0.3 c=3.1  kl=0.0340  vl=0.0657
Step: 5128192 SPS: 2579  ev=0.858  ent=0.393  grad=0.68/0.50  h=0.3 c=4.1  kl=0.0584  vl=0.0648
Step: 5132288 SPS: 2580  ev=0.848  ent=0.406  grad=0.54/0.50  h=0.3 c=3.0  kl=0.0347  vl=0.0482
Step: 5136384 SPS: 2580  ev=0.836  ent=0.438  grad=0.43/0.43  h=0.2 c=3.9  kl=0.0387  vl=0.0446
Step: 5140480 SPS: 2580  ev=0.859  ent=0.422  grad=0.50/0.50  h=0.3 c=4.3  kl=0.0219  vl=0.0568
Step: 5144576 SPS: 2581  ev=0.845  ent=0.388  grad=0.35/0.35  h=0.3 c=3.6  kl=0.0224  vl=0.0657
Step: 5148672 SPS: 2581  ev=0.850  ent=0.415  grad=0.34/0.34  h=0.3 c=3.7  kl=0.0250  vl=0.0632
Step: 5152768 SPS: 2581  ev=0.851  ent=0.388  grad=0.61/0.50  h=0.4 c=2.9  kl=0.0385  vl=0.0450
Step: 5156864 SPS: 2582  ev=0.851  ent=0.430  grad=0.56/0.50  h=0.4 c=3.9  kl=0.0207  vl=0.0556
  vs Heur:   43W/55L/3D | score=8.4±13.0 inv=0.0 played=16.6 lanes=5.0 ddraw=2.5 pts=8
  vs Random: 100W/0L/0D | score=30.5±13.1 inv=0.0 played=19.1 lanes=5.0 ddraw=2.2 pts=30
  Self-play: 51W/49L/0D | score=4.4±11.0 inv=0.0 played=16.1 lanes=5.0 ddraw=1.0 pts=4
Step: 5160960 SPS: 2582  ev=0.848  ent=0.402  grad=0.45/0.45  h=0.3 c=3.5  kl=0.0326  vl=0.0514
Step: 5165056 SPS: 2582  ev=0.837  ent=0.422  grad=0.85/0.50  h=0.4 c=3.4  kl=0.0249  vl=0.0618
Step: 5169152 SPS: 2582  ev=0.845  ent=0.415  grad=0.45/0.45  h=0.3 c=3.7  kl=0.0232  vl=0.0602
Step: 5173248 SPS: 2583  ev=0.851  ent=0.422  grad=0.42/0.42  h=0.2 c=3.3  kl=0.0322  vl=0.0612
Step: 5177344 SPS: 2583  ev=0.869  ent=0.418  grad=0.55/0.50  h=0.3 c=3.0  kl=0.0255  vl=0.0528
Step: 5181440 SPS: 2583  ev=0.837  ent=0.418  grad=0.41/0.41  h=0.4 c=3.8  kl=0.0302  vl=0.0548
Step: 5185536 SPS: 2583  ev=0.845  ent=0.437  grad=0.38/0.38  h=0.3 c=2.7  kl=0.0410  vl=0.0665
Step: 5189632 SPS: 2584  ev=0.846  ent=0.417  grad=0.57/0.50  h=0.4 c=3.8  kl=0.0375  vl=0.0554
Step: 5193728 SPS: 2584  ev=0.834  ent=0.403  grad=0.58/0.50  h=0.3 c=4.3  kl=0.0237  vl=0.0580
Step: 5197824 SPS: 2585  ev=0.837  ent=0.416  grad=0.41/0.41  h=0.4 c=3.2  kl=0.0322  vl=0.0685
Step: 5201920 SPS: 2585  ev=0.824  ent=0.411  grad=0.36/0.36  h=0.4 c=3.7  kl=0.0292  vl=0.0697
Step: 5206016 SPS: 2585  ev=0.847  ent=0.444  grad=0.57/0.50  h=0.3 c=2.9  kl=0.0497  vl=0.0606
Step: 5210112 SPS: 2586  ev=0.831  ent=0.412  grad=0.44/0.44  h=0.3 c=2.9  kl=0.0171  vl=0.0549
Step: 5214208 SPS: 2586  ev=0.819  ent=0.443  grad=0.48/0.48  h=0.3 c=2.8  kl=0.0394  vl=0.0799
Step: 5218304 SPS: 2586  ev=0.837  ent=0.396  grad=0.38/0.38  h=0.2 c=3.6  kl=0.0644  vl=0.0640
Step: 5222400 SPS: 2586  ev=0.830  ent=0.421  grad=0.30/0.30  h=0.3 c=3.8  kl=0.0530  vl=0.0671
Step: 5226496 SPS: 2587  ev=0.851  ent=0.424  grad=0.43/0.43  h=0.3 c=4.1  kl=0.0303  vl=0.0545
Step: 5230592 SPS: 2587  ev=0.813  ent=0.412  grad=0.30/0.30  h=0.3 c=3.7  kl=0.0174  vl=0.0803
Step: 5234688 SPS: 2588  ev=0.830  ent=0.400  grad=0.48/0.48  h=0.3 c=3.1  kl=0.0432  vl=0.0650
Step: 5238784 SPS: 2588  ev=0.858  ent=0.390  grad=0.31/0.31  h=0.3 c=3.2  kl=0.0208  vl=0.0530
  vs Heur:   43W/57L/3D | score=6.2±12.0 inv=0.0 played=16.2 lanes=5.0 ddraw=2.3 pts=6
  vs Random: 102W/0L/0D | score=28.7±13.9 inv=0.0 played=18.9 lanes=5.0 ddraw=2.3 pts=29
  Self-play: 59W/45L/0D | score=5.0±15.2 inv=0.0 played=15.7 lanes=5.0 ddraw=0.8 pts=5
Step: 5242880 SPS: 2588  ev=0.856  ent=0.423  grad=0.60/0.50  h=0.3 c=3.4  kl=0.0280  vl=0.0562
Step: 5246976 SPS: 2589  ev=0.841  ent=0.431  grad=0.39/0.39  h=0.3 c=3.1  kl=0.0277  vl=0.0858
Step: 5251072 SPS: 2589  ev=0.859  ent=0.441  grad=0.58/0.50  h=0.3 c=3.2  kl=0.0341  vl=0.0499
Step: 5255168 SPS: 2589  ev=0.845  ent=0.408  grad=0.58/0.50  h=0.3 c=3.4  kl=0.0271  vl=0.0512
Step: 5259264 SPS: 2590  ev=0.871  ent=0.413  grad=0.63/0.50  h=0.3 c=2.8  kl=0.0339  vl=0.0558
Step: 5263360 SPS: 2590  ev=0.848  ent=0.406  grad=0.50/0.50  h=0.3 c=2.8  kl=0.0289  vl=0.0589
Step: 5267456 SPS: 2590  ev=0.849  ent=0.381  grad=0.49/0.49  h=0.2 c=2.6  kl=0.0248  vl=0.0611
Step: 5271552 SPS: 2591  ev=0.842  ent=0.412  grad=0.78/0.50  h=0.3 c=2.7  kl=0.0279  vl=0.0547
Step: 5275648 SPS: 2591  ev=0.870  ent=0.399  grad=0.49/0.49  h=0.3 c=2.8  kl=0.0259  vl=0.0498
Step: 5279744 SPS: 2591  ev=0.829  ent=0.430  grad=0.48/0.48  h=0.2 c=2.9  kl=0.0291  vl=0.0707
Step: 5283840 SPS: 2591  ev=0.838  ent=0.394  grad=0.51/0.50  h=0.3 c=3.0  kl=0.0263  vl=0.0768
Step: 5287936 SPS: 2592  ev=0.849  ent=0.385  grad=0.36/0.36  h=0.3 c=3.2  kl=0.0377  vl=0.0539
Step: 5292032 SPS: 2592  ev=0.853  ent=0.404  grad=0.38/0.38  h=0.2 c=2.9  kl=0.0363  vl=0.0579
Step: 5296128 SPS: 2592  ev=0.851  ent=0.407  grad=0.57/0.50  h=0.3 c=2.6  kl=0.0348  vl=0.0630
Step: 5300224 SPS: 2593  ev=0.833  ent=0.414  grad=0.63/0.50  h=0.3 c=2.6  kl=0.0338  vl=0.0673
Step: 5304320 SPS: 2593  ev=0.838  ent=0.417  grad=0.63/0.50  h=0.3 c=2.6  kl=0.0318  vl=0.0639
Step: 5308416 SPS: 2593  ev=0.833  ent=0.403  grad=0.60/0.50  h=0.3 c=2.7  kl=0.0460  vl=0.0803
Step: 5312512 SPS: 2594  ev=0.843  ent=0.358  grad=0.82/0.50  h=0.3 c=3.1  kl=0.0456  vl=0.0616
Step: 5316608 SPS: 2594  ev=0.831  ent=0.403  grad=0.39/0.39  h=0.3 c=3.0  kl=0.0316  vl=0.0622
Step: 5320704 SPS: 2594  ev=0.830  ent=0.406  grad=0.50/0.50  h=0.3 c=3.1  kl=0.0216  vl=0.0681
  vs Heur:   49W/54L/1D | score=7.7±11.7 inv=0.0 played=16.6 lanes=5.0 ddraw=2.3 pts=8
  vs Random: 100W/0L/0D | score=27.4±15.8 inv=0.0 played=18.7 lanes=5.0 ddraw=2.6 pts=27
  Self-play: 59W/39L/2D | score=4.8±12.1 inv=0.0 played=15.8 lanes=5.0 ddraw=0.9 pts=5
Step: 5324800 SPS: 2595  ev=0.821  ent=0.420  grad=0.44/0.44  h=0.3 c=2.8  kl=0.0458  vl=0.0648
Step: 5328896 SPS: 2595  ev=0.843  ent=0.399  grad=0.40/0.40  h=0.3 c=2.9  kl=0.0564  vl=0.0593
Step: 5332992 SPS: 2595  ev=0.857  ent=0.424  grad=0.76/0.50  h=0.4 c=3.4  kl=0.0413  vl=0.0649
Step: 5337088 SPS: 2595  ev=0.851  ent=0.409  grad=0.38/0.38  h=0.4 c=3.0  kl=0.0264  vl=0.0570
Step: 5341184 SPS: 2596  ev=0.835  ent=0.462  grad=0.74/0.50  h=0.4 c=3.5  kl=0.0462  vl=0.0700
Step: 5345280 SPS: 2596  ev=0.841  ent=0.414  grad=0.49/0.49  h=0.4 c=2.9  kl=0.0308  vl=0.0559
Step: 5349376 SPS: 2596  ev=0.833  ent=0.374  grad=0.47/0.47  h=0.4 c=3.0  kl=0.0281  vl=0.0549
Step: 5353472 SPS: 2597  ev=0.851  ent=0.426  grad=0.47/0.47  h=0.4 c=3.2  kl=0.0222  vl=0.0441
Step: 5357568 SPS: 2597  ev=0.860  ent=0.403  grad=0.29/0.29  h=0.4 c=3.0  kl=0.0352  vl=0.0663
Step: 5361664 SPS: 2597  ev=0.853  ent=0.425  grad=0.69/0.50  h=0.3 c=3.6  kl=0.0322  vl=0.0591
Step: 5365760 SPS: 2598  ev=0.833  ent=0.422  grad=0.38/0.38  h=0.3 c=4.5  kl=0.0230  vl=0.0682
Step: 5369856 SPS: 2598  ev=0.817  ent=0.419  grad=0.42/0.42  h=0.3 c=4.4  kl=0.0377  vl=0.0853
Step: 5373952 SPS: 2598  ev=0.852  ent=0.409  grad=0.51/0.50  h=0.4 c=4.1  kl=0.0330  vl=0.0549
Step: 5378048 SPS: 2599  ev=0.846  ent=0.441  grad=0.37/0.37  h=0.4 c=3.3  kl=0.0504  vl=0.0497
Step: 5382144 SPS: 2599  ev=0.843  ent=0.402  grad=0.83/0.50  h=0.3 c=3.8  kl=0.0346  vl=0.0546
Step: 5386240 SPS: 2599  ev=0.827  ent=0.425  grad=0.48/0.48  h=0.4 c=3.4  kl=0.0305  vl=0.0746
Step: 5390336 SPS: 2599  ev=0.841  ent=0.373  grad=0.93/0.50  h=0.3 c=3.7  kl=0.0328  vl=0.0723
Step: 5394432 SPS: 2600  ev=0.830  ent=0.408  grad=0.60/0.50  h=0.4 c=3.8  kl=0.0309  vl=0.0697
Step: 5398528 SPS: 2600  ev=0.843  ent=0.410  grad=0.51/0.50  h=0.4 c=3.8  kl=0.0416  vl=0.0645
Step: 5402624 SPS: 2601  ev=0.860  ent=0.428  grad=0.59/0.50  h=0.4 c=4.0  kl=0.0416  vl=0.0594
  vs Heur:   49W/52L/2D | score=7.7±12.8 inv=0.0 played=16.4 lanes=5.0 ddraw=2.4 pts=8
  vs Random: 101W/0L/0D | score=32.4±13.1 inv=0.0 played=19.4 lanes=5.0 ddraw=1.9 pts=32
  Self-play: 57W/43L/2D | score=8.3±12.5 inv=0.0 played=16.2 lanes=5.0 ddraw=1.2 pts=8
Step: 5406720 SPS: 2601  ev=0.858  ent=0.442  grad=0.55/0.50  h=0.4 c=4.0  kl=0.0228  vl=0.0522
Step: 5410816 SPS: 2601  ev=0.850  ent=0.406  grad=0.65/0.50  h=0.4 c=4.3  kl=0.0350  vl=0.0684
Step: 5414912 SPS: 2602  ev=0.830  ent=0.388  grad=0.36/0.36  h=0.4 c=4.2  kl=0.0378  vl=0.0700
Step: 5419008 SPS: 2602  ev=0.842  ent=0.425  grad=0.46/0.46  h=0.4 c=3.3  kl=0.0273  vl=0.0759
Step: 5423104 SPS: 2602  ev=0.832  ent=0.445  grad=0.39/0.39  h=0.4 c=4.3  kl=0.0320  vl=0.0636
Step: 5427200 SPS: 2602  ev=0.827  ent=0.431  grad=0.40/0.40  h=0.3 c=4.2  kl=0.0382  vl=0.0692
Step: 5431296 SPS: 2603  ev=0.847  ent=0.453  grad=0.42/0.42  h=0.4 c=3.6  kl=0.0256  vl=0.0644
Step: 5435392 SPS: 2603  ev=0.838  ent=0.432  grad=0.50/0.50  h=0.4 c=4.1  kl=0.0343  vl=0.0706
Step: 5439488 SPS: 2603  ev=0.839  ent=0.410  grad=0.42/0.42  h=0.4 c=5.0  kl=0.0305  vl=0.0613
Step: 5443584 SPS: 2603  ev=0.841  ent=0.407  grad=0.58/0.50  h=0.4 c=3.7  kl=0.0536  vl=0.0858
Step: 5447680 SPS: 2603  ev=0.836  ent=0.433  grad=0.30/0.30  h=0.4 c=3.4  kl=0.0238  vl=0.0516
Step: 5451776 SPS: 2604  ev=0.851  ent=0.436  grad=0.28/0.28  h=0.4 c=4.0  kl=0.0295  vl=0.0497
Step: 5455872 SPS: 2604  ev=0.824  ent=0.429  grad=0.78/0.50  h=0.4 c=3.8  kl=0.0316  vl=0.0954
Step: 5459968 SPS: 2604  ev=0.853  ent=0.414  grad=0.64/0.50  h=0.4 c=4.7  kl=0.0263  vl=0.0579
Step: 5464064 SPS: 2605  ev=0.844  ent=0.449  grad=0.33/0.33  h=0.4 c=4.5  kl=0.0324  vl=0.0608
Step: 5468160 SPS: 2605  ev=0.853  ent=0.449  grad=1.05/0.50  h=0.4 c=4.1  kl=0.0482  vl=0.0807
Step: 5472256 SPS: 2605  ev=0.854  ent=0.420  grad=0.32/0.32  h=0.4 c=4.6  kl=0.0374  vl=0.0653
Step: 5476352 SPS: 2605  ev=0.853  ent=0.435  grad=0.34/0.34  h=0.3 c=4.3  kl=0.0331  vl=0.0708
Step: 5480448 SPS: 2605  ev=0.859  ent=0.423  grad=0.46/0.46  h=0.3 c=4.1  kl=0.0520  vl=0.0634
Step: 5484544 SPS: 2606  ev=0.817  ent=0.475  grad=0.43/0.43  h=0.3 c=5.0  kl=0.0457  vl=0.0579
  vs Heur:   42W/58L/3D | score=7.0±12.9 inv=0.0 played=16.4 lanes=5.0 ddraw=3.1 pts=7
  vs Random: 100W/0L/0D | score=27.1±14.6 inv=0.0 played=18.7 lanes=5.0 ddraw=2.4 pts=27
  Self-play: 52W/49L/1D | score=5.1±13.3 inv=0.0 played=16.1 lanes=5.0 ddraw=1.3 pts=5
Step: 5488640 SPS: 2606  ev=0.863  ent=0.449  grad=0.62/0.50  h=0.3 c=4.4  kl=0.0260  vl=0.0632
Step: 5492736 SPS: 2606  ev=0.864  ent=0.419  grad=0.52/0.50  h=0.3 c=3.8  kl=0.0283  vl=0.0489
Step: 5496832 SPS: 2607  ev=0.829  ent=0.447  grad=0.35/0.35  h=0.3 c=4.8  kl=0.0286  vl=0.0714
Step: 5500928 SPS: 2607  ev=0.820  ent=0.445  grad=0.69/0.50  h=0.3 c=3.6  kl=0.0229  vl=0.0621
Step: 5505024 SPS: 2607  ev=0.831  ent=0.441  grad=0.38/0.38  h=0.3 c=3.2  kl=0.0229  vl=0.0582
Step: 5509120 SPS: 2607  ev=0.828  ent=0.473  grad=0.32/0.32  h=0.4 c=3.9  kl=0.0270  vl=0.0753
Step: 5513216 SPS: 2608  ev=0.834  ent=0.437  grad=0.37/0.37  h=0.3 c=3.4  kl=0.0286  vl=0.0597
Step: 5517312 SPS: 2608  ev=0.836  ent=0.414  grad=0.42/0.42  h=0.4 c=3.5  kl=0.0354  vl=0.0539
Step: 5521408 SPS: 2608  ev=0.832  ent=0.431  grad=0.65/0.50  h=0.3 c=3.2  kl=0.0247  vl=0.0631
Step: 5525504 SPS: 2609  ev=0.860  ent=0.447  grad=0.33/0.33  h=0.3 c=3.0  kl=0.0344  vl=0.0482
Step: 5529600 SPS: 2609  ev=0.863  ent=0.467  grad=0.48/0.48  h=0.3 c=3.3  kl=0.0305  vl=0.0584
Step: 5533696 SPS: 2609  ev=0.831  ent=0.464  grad=0.64/0.50  h=0.3 c=3.2  kl=0.0321  vl=0.0609
Step: 5537792 SPS: 2609  ev=0.856  ent=0.407  grad=0.33/0.33  h=0.4 c=3.4  kl=0.0287  vl=0.0626
Step: 5541888 SPS: 2609  ev=0.827  ent=0.427  grad=0.44/0.44  h=0.3 c=3.9  kl=0.0393  vl=0.0702
Step: 5545984 SPS: 2610  ev=0.839  ent=0.447  grad=0.73/0.50  h=0.3 c=3.5  kl=0.0346  vl=0.0795
Step: 5550080 SPS: 2610  ev=0.832  ent=0.430  grad=0.74/0.50  h=0.3 c=3.2  kl=0.0197  vl=0.0730
Step: 5554176 SPS: 2610  ev=0.836  ent=0.477  grad=0.76/0.50  h=0.3 c=3.1  kl=0.0293  vl=0.0669
Step: 5558272 SPS: 2611  ev=0.827  ent=0.444  grad=0.39/0.39  h=0.3 c=3.9  kl=0.0252  vl=0.0922
Step: 5562368 SPS: 2611  ev=0.833  ent=0.410  grad=0.51/0.50  h=0.3 c=3.9  kl=0.0196  vl=0.0741
Step: 5566464 SPS: 2611  ev=0.848  ent=0.450  grad=0.77/0.50  h=0.2 c=3.3  kl=0.0336  vl=0.0745
  vs Heur:   41W/61L/0D | score=7.3±13.8 inv=0.0 played=16.4 lanes=5.0 ddraw=3.3 pts=7
  vs Random: 100W/0L/0D | score=31.3±15.4 inv=0.0 played=19.5 lanes=5.0 ddraw=2.5 pts=31
  Self-play: 46W/52L/3D | score=3.7±12.1 inv=0.0 played=15.8 lanes=5.0 ddraw=1.6 pts=4
Step: 5570560 SPS: 2612  ev=0.841  ent=0.438  grad=0.37/0.37  h=0.3 c=3.0  kl=0.0275  vl=0.0629
Step: 5574656 SPS: 2612  ev=0.837  ent=0.461  grad=0.37/0.37  h=0.3 c=2.9  kl=0.0334  vl=0.0657
Step: 5578752 SPS: 2612  ev=0.793  ent=0.436  grad=0.65/0.50  h=0.2 c=3.3  kl=0.0320  vl=0.0635
Step: 5582848 SPS: 2612  ev=0.807  ent=0.461  grad=0.46/0.46  h=0.3 c=3.8  kl=0.0556  vl=0.0681
Step: 5586944 SPS: 2613  ev=0.841  ent=0.464  grad=0.65/0.50  h=0.2 c=4.0  kl=0.0395  vl=0.0857
Step: 5591040 SPS: 2613  ev=0.825  ent=0.462  grad=0.49/0.49  h=0.3 c=3.7  kl=0.0481  vl=0.0845
Step: 5595136 SPS: 2613  ev=0.857  ent=0.459  grad=0.62/0.50  h=0.3 c=4.0  kl=0.0385  vl=0.0560
Step: 5599232 SPS: 2614  ev=0.825  ent=0.425  grad=0.51/0.50  h=0.2 c=4.8  kl=0.0571  vl=0.0931
Step: 5603328 SPS: 2614  ev=0.862  ent=0.425  grad=0.47/0.47  h=0.3 c=4.7  kl=0.0522  vl=0.0561
Step: 5607424 SPS: 2614  ev=0.859  ent=0.429  grad=0.39/0.39  h=0.3 c=3.6  kl=0.0256  vl=0.0528
Step: 5611520 SPS: 2614  ev=0.836  ent=0.414  grad=0.51/0.50  h=0.3 c=3.8  kl=0.0321  vl=0.0702
Step: 5615616 SPS: 2615  ev=0.832  ent=0.421  grad=0.54/0.50  h=0.2 c=3.6  kl=0.0259  vl=0.0705
Step: 5619712 SPS: 2615  ev=0.856  ent=0.425  grad=0.37/0.37  h=0.2 c=4.3  kl=0.0467  vl=0.0486
Step: 5623808 SPS: 2615  ev=0.845  ent=0.473  grad=0.60/0.50  h=0.3 c=4.1  kl=0.0444  vl=0.0629
Step: 5627904 SPS: 2616  ev=0.855  ent=0.450  grad=0.52/0.50  h=0.3 c=3.8  kl=0.0670  vl=0.0480
Step: 5632000 SPS: 2616  ev=0.815  ent=0.463  grad=0.48/0.48  h=0.2 c=4.7  kl=0.0356  vl=0.0823
Step: 5636096 SPS: 2616  ev=0.829  ent=0.459  grad=0.49/0.49  h=0.2 c=3.5  kl=0.0300  vl=0.0849
Step: 5640192 SPS: 2616  ev=0.831  ent=0.426  grad=0.67/0.50  h=0.2 c=4.1  kl=0.0270  vl=0.0740
Step: 5644288 SPS: 2617  ev=0.840  ent=0.390  grad=0.48/0.48  h=0.3 c=3.9  kl=0.0282  vl=0.1071
Step: 5648384 SPS: 2617  ev=0.811  ent=0.433  grad=0.64/0.50  h=0.2 c=4.2  kl=0.0347  vl=0.0796
  vs Heur:   37W/65L/1D | score=5.8±12.4 inv=0.0 played=16.3 lanes=5.0 ddraw=3.3 pts=6
  vs Random: 100W/0L/0D | score=31.0±15.7 inv=0.0 played=19.2 lanes=5.0 ddraw=2.3 pts=31
  Self-play: 49W/50L/2D | score=4.7±12.4 inv=0.0 played=16.0 lanes=5.0 ddraw=1.3 pts=5
Step: 5652480 SPS: 2617  ev=0.819  ent=0.403  grad=0.54/0.50  h=0.3 c=4.2  kl=0.0271  vl=0.0728
Step: 5656576 SPS: 2617  ev=0.856  ent=0.436  grad=0.39/0.39  h=0.2 c=4.4  kl=0.0316  vl=0.0694
Step: 5660672 SPS: 2618  ev=0.821  ent=0.418  grad=0.84/0.50  h=0.3 c=3.8  kl=0.0384  vl=0.0588
Step: 5664768 SPS: 2618  ev=0.831  ent=0.454  grad=0.49/0.49  h=0.2 c=3.0  kl=0.0321  vl=0.0658
Step: 5668864 SPS: 2618  ev=0.832  ent=0.429  grad=0.65/0.50  h=0.2 c=3.8  kl=0.0246  vl=0.0690
Step: 5672960 SPS: 2619  ev=0.827  ent=0.448  grad=0.64/0.50  h=0.3 c=3.4  kl=0.0332  vl=0.1114
Step: 5677056 SPS: 2619  ev=0.846  ent=0.388  grad=0.56/0.50  h=0.2 c=3.3  kl=0.0263  vl=0.0633
Step: 5681152 SPS: 2619  ev=0.846  ent=0.394  grad=0.41/0.41  h=0.3 c=3.4  kl=0.0337  vl=0.0777
Step: 5685248 SPS: 2619  ev=0.851  ent=0.397  grad=0.28/0.28  h=0.2 c=2.9  kl=0.0368  vl=0.0620
Step: 5689344 SPS: 2620  ev=0.855  ent=0.393  grad=0.71/0.50  h=0.3 c=2.6  kl=0.0440  vl=0.0530
Step: 5693440 SPS: 2620  ev=0.848  ent=0.384  grad=0.37/0.37  h=0.2 c=3.5  kl=0.0560  vl=0.0672
Step: 5697536 SPS: 2621  ev=0.819  ent=0.420  grad=0.70/0.50  h=0.2 c=3.6  kl=0.0330  vl=0.0611
Step: 5701632 SPS: 2621  ev=0.838  ent=0.403  grad=0.42/0.42  h=0.2 c=3.8  kl=0.0354  vl=0.0441
Step: 5705728 SPS: 2621  ev=0.860  ent=0.413  grad=0.69/0.50  h=0.2 c=4.2  kl=0.0503  vl=0.0646
Step: 5709824 SPS: 2621  ev=0.836  ent=0.396  grad=0.51/0.50  h=0.1 c=4.0  kl=0.0285  vl=0.0644
Step: 5713920 SPS: 2622  ev=0.846  ent=0.378  grad=0.68/0.50  h=0.1 c=4.2  kl=0.0412  vl=0.0625
Step: 5718016 SPS: 2622  ev=0.858  ent=0.402  grad=0.48/0.48  h=0.2 c=3.7  kl=0.0343  vl=0.0659
Step: 5722112 SPS: 2622  ev=0.847  ent=0.370  grad=0.36/0.36  h=0.2 c=3.8  kl=0.0570  vl=0.0647
Step: 5726208 SPS: 2623  ev=0.842  ent=0.423  grad=0.40/0.40  h=0.2 c=3.8  kl=0.0703  vl=0.0965
Step: 5730304 SPS: 2623  ev=0.861  ent=0.406  grad=0.47/0.47  h=0.2 c=2.9  kl=0.0314  vl=0.0468
  vs Heur:   43W/57L/1D | score=5.6±11.2 inv=0.0 played=16.1 lanes=5.0 ddraw=3.4 pts=6
  vs Random: 100W/0L/0D | score=30.1±13.0 inv=0.0 played=19.2 lanes=5.0 ddraw=2.5 pts=30
  Self-play: 47W/54L/2D | score=2.3±13.6 inv=0.0 played=15.8 lanes=5.0 ddraw=1.8 pts=2
Step: 5734400 SPS: 2623  ev=0.829  ent=0.415  grad=0.30/0.30  h=0.1 c=2.7  kl=0.0338  vl=0.0666
Step: 5738496 SPS: 2623  ev=0.866  ent=0.384  grad=0.67/0.50  h=0.1 c=3.7  kl=0.0434  vl=0.0485
Step: 5742592 SPS: 2624  ev=0.848  ent=0.394  grad=0.35/0.35  h=0.1 c=2.7  kl=0.0337  vl=0.0433
Step: 5746688 SPS: 2624  ev=0.835  ent=0.391  grad=0.37/0.37  h=0.2 c=2.7  kl=0.0381  vl=0.0581
Step: 5750784 SPS: 2624  ev=0.831  ent=0.385  grad=0.47/0.47  h=0.1 c=2.9  kl=0.0368  vl=0.0675
Step: 5754880 SPS: 2624  ev=0.839  ent=0.399  grad=0.31/0.31  h=0.2 c=3.0  kl=0.0603  vl=0.0723
Step: 5758976 SPS: 2625  ev=0.832  ent=0.397  grad=0.97/0.50  h=0.2 c=2.8  kl=0.0468  vl=0.0860
Step: 5763072 SPS: 2625  ev=0.855  ent=0.380  grad=0.31/0.31  h=0.2 c=3.2  kl=0.0454  vl=0.0559
Step: 5767168 SPS: 2625  ev=0.826  ent=0.416  grad=0.36/0.36  h=0.2 c=2.8  kl=0.0362  vl=0.0517
Step: 5771264 SPS: 2626  ev=0.849  ent=0.410  grad=0.51/0.50  h=0.2 c=2.6  kl=0.0318  vl=0.0645
Step: 5775360 SPS: 2626  ev=0.871  ent=0.400  grad=0.79/0.50  h=0.2 c=2.8  kl=0.0797  vl=0.0599
Step: 5779456 SPS: 2626  ev=0.822  ent=0.404  grad=0.42/0.42  h=0.1 c=2.7  kl=0.0442  vl=0.0652
Step: 5783552 SPS: 2627  ev=0.823  ent=0.408  grad=0.36/0.36  h=0.2 c=2.8  kl=0.0464  vl=0.0943
Step: 5787648 SPS: 2627  ev=0.844  ent=0.394  grad=0.77/0.50  h=0.2 c=3.1  kl=0.0295  vl=0.0821
Step: 5791744 SPS: 2627  ev=0.836  ent=0.350  grad=0.77/0.50  h=0.2 c=3.3  kl=0.0400  vl=0.0611
Step: 5795840 SPS: 2627  ev=0.837  ent=0.361  grad=0.48/0.48  h=0.1 c=3.1  kl=0.0261  vl=0.0686
Step: 5799936 SPS: 2628  ev=0.842  ent=0.345  grad=0.50/0.50  h=0.2 c=3.4  kl=0.0300  vl=0.0687
Step: 5804032 SPS: 2628  ev=0.845  ent=0.398  grad=0.54/0.50  h=0.1 c=3.6  kl=0.0543  vl=0.0734
Step: 5808128 SPS: 2628  ev=0.838  ent=0.358  grad=0.52/0.50  h=0.0 c=3.5  kl=0.0376  vl=0.0967
Step: 5812224 SPS: 2629  ev=0.853  ent=0.366  grad=0.74/0.50  h=0.1 c=3.8  kl=0.0278  vl=0.0658
  vs Heur:   49W/52L/0D | score=6.8±12.6 inv=0.0 played=16.3 lanes=5.0 ddraw=3.0 pts=7
  vs Random: 102W/0L/0D | score=27.5±15.0 inv=0.0 played=19.1 lanes=5.0 ddraw=2.5 pts=27
  Self-play: 53W/46L/2D | score=3.7±11.3 inv=0.0 played=16.0 lanes=5.0 ddraw=1.4 pts=4
Step: 5816320 SPS: 2629  ev=0.839  ent=0.349  grad=0.78/0.50  h=0.1 c=3.7  kl=0.0273  vl=0.0768
Step: 5820416 SPS: 2629  ev=0.840  ent=0.350  grad=0.78/0.50  h=0.1 c=3.8  kl=0.0353  vl=0.0604
Step: 5824512 SPS: 2629  ev=0.838  ent=0.386  grad=0.44/0.44  h=0.1 c=2.7  kl=0.0380  vl=0.0594
Step: 5828608 SPS: 2630  ev=0.864  ent=0.394  grad=0.53/0.50  h=0.2 c=2.8  kl=0.0256  vl=0.0582
Step: 5832704 SPS: 2630  ev=0.867  ent=0.391  grad=0.67/0.50  h=0.2 c=3.1  kl=0.0522  vl=0.0443
Step: 5836800 SPS: 2630  ev=0.851  ent=0.360  grad=0.38/0.38  h=0.2 c=2.8  kl=0.0237  vl=0.0678
Step: 5840896 SPS: 2630  ev=0.839  ent=0.358  grad=0.41/0.41  h=0.2 c=3.1  kl=0.0295  vl=0.0634
Step: 5844992 SPS: 2631  ev=0.862  ent=0.345  grad=0.29/0.29  h=0.2 c=3.7  kl=0.0747  vl=0.0655
Step: 5849088 SPS: 2631  ev=0.866  ent=0.374  grad=0.56/0.50  h=0.2 c=3.0  kl=0.0257  vl=0.0556
Step: 5853184 SPS: 2631  ev=0.823  ent=0.371  grad=0.59/0.50  h=0.1 c=3.2  kl=0.0311  vl=0.0573
Step: 5857280 SPS: 2632  ev=0.839  ent=0.380  grad=0.64/0.50  h=0.1 c=3.3  kl=0.0272  vl=0.0671
Step: 5861376 SPS: 2632  ev=0.846  ent=0.375  grad=0.38/0.38  h=0.2 c=2.5  kl=0.0282  vl=0.0682
Step: 5865472 SPS: 2632  ev=0.830  ent=0.347  grad=0.82/0.50  h=0.1 c=2.7  kl=0.0309  vl=0.0745
Step: 5869568 SPS: 2632  ev=0.842  ent=0.402  grad=0.40/0.40  h=0.2 c=2.4  kl=0.0513  vl=0.0718
Step: 5873664 SPS: 2633  ev=0.858  ent=0.370  grad=0.32/0.32  h=0.1 c=2.3  kl=0.0318  vl=0.0569
Step: 5877760 SPS: 2633  ev=0.845  ent=0.369  grad=0.37/0.37  h=0.1 c=3.1  kl=0.0329  vl=0.0527
Step: 5881856 SPS: 2633  ev=0.864  ent=0.377  grad=0.86/0.50  h=0.2 c=2.8  kl=0.0356  vl=0.0549
Step: 5885952 SPS: 2634  ev=0.804  ent=0.366  grad=0.32/0.32  h=0.2 c=2.8  kl=0.0393  vl=0.0684
Step: 5890048 SPS: 2634  ev=0.845  ent=0.371  grad=0.38/0.38  h=0.2 c=2.7  kl=0.0467  vl=0.0727
Step: 5894144 SPS: 2634  ev=0.812  ent=0.400  grad=0.36/0.36  h=0.2 c=3.7  kl=0.0225  vl=0.0624
  vs Heur:   30W/76L/0D | score=5.0±13.0 inv=0.0 played=16.2 lanes=5.0 ddraw=3.1 pts=5
  vs Random: 100W/0L/0D | score=30.2±15.8 inv=0.0 played=19.3 lanes=5.0 ddraw=2.6 pts=30
  Self-play: 53W/48L/3D | score=1.7±12.4 inv=0.0 played=15.6 lanes=5.0 ddraw=1.4 pts=2
Step: 5898240 SPS: 2634  ev=0.843  ent=0.367  grad=0.39/0.39  h=0.2 c=2.7  kl=0.0193  vl=0.0646
Step: 5902336 SPS: 2635  ev=0.848  ent=0.389  grad=0.89/0.50  h=0.2 c=3.0  kl=0.0456  vl=0.0694
Step: 5906432 SPS: 2635  ev=0.853  ent=0.368  grad=0.62/0.50  h=0.3 c=2.9  kl=0.0378  vl=0.0511
Step: 5910528 SPS: 2635  ev=0.846  ent=0.392  grad=0.68/0.50  h=0.2 c=2.6  kl=0.0294  vl=0.0611
Step: 5914624 SPS: 2635  ev=0.853  ent=0.328  grad=0.58/0.50  h=0.3 c=2.6  kl=0.0357  vl=0.0535
Step: 5918720 SPS: 2636  ev=0.858  ent=0.376  grad=0.39/0.39  h=0.2 c=3.2  kl=0.0332  vl=0.0457
Step: 5922816 SPS: 2636  ev=0.864  ent=0.386  grad=0.49/0.49  h=0.3 c=3.4  kl=0.0342  vl=0.0515
Step: 5926912 SPS: 2636  ev=0.844  ent=0.381  grad=0.51/0.50  h=0.3 c=2.7  kl=0.0411  vl=0.0693
Step: 5931008 SPS: 2637  ev=0.834  ent=0.370  grad=0.66/0.50  h=0.2 c=3.3  kl=0.0367  vl=0.0698
Step: 5935104 SPS: 2637  ev=0.838  ent=0.368  grad=0.44/0.44  h=0.3 c=2.8  kl=0.0675  vl=0.0587
Step: 5939200 SPS: 2637  ev=0.838  ent=0.406  grad=0.34/0.34  h=0.3 c=3.3  kl=0.0558  vl=0.0984
Step: 5943296 SPS: 2637  ev=0.839  ent=0.377  grad=0.48/0.48  h=0.3 c=3.4  kl=0.0266  vl=0.0684
Step: 5947392 SPS: 2638  ev=0.863  ent=0.393  grad=0.62/0.50  h=0.3 c=3.1  kl=0.0233  vl=0.0635
Step: 5951488 SPS: 2638  ev=0.833  ent=0.393  grad=0.54/0.50  h=0.3 c=3.3  kl=0.0373  vl=0.0591
Step: 5955584 SPS: 2638  ev=0.849  ent=0.432  grad=0.36/0.36  h=0.3 c=2.7  kl=0.0391  vl=0.0594
Step: 5959680 SPS: 2639  ev=0.850  ent=0.378  grad=0.39/0.39  h=0.2 c=3.2  kl=0.0243  vl=0.0786
Step: 5963776 SPS: 2639  ev=0.843  ent=0.367  grad=0.41/0.41  h=0.2 c=2.8  kl=0.0235  vl=0.0580
Step: 5967872 SPS: 2639  ev=0.852  ent=0.357  grad=0.52/0.50  h=0.2 c=3.1  kl=0.0454  vl=0.0557
Step: 5971968 SPS: 2639  ev=0.857  ent=0.378  grad=0.55/0.50  h=0.2 c=3.1  kl=0.0421  vl=0.0611
Step: 5976064 SPS: 2640  ev=0.868  ent=0.408  grad=0.35/0.35  h=0.2 c=2.1  kl=0.0370  vl=0.0625
  vs Heur:   39W/63L/3D | score=5.8±12.9 inv=0.0 played=16.5 lanes=5.0 ddraw=2.9 pts=6
  vs Random: 101W/0L/0D | score=29.8±15.3 inv=0.0 played=19.2 lanes=5.0 ddraw=2.6 pts=30
  Self-play: 56W/43L/2D | score=5.0±11.4 inv=0.0 played=16.2 lanes=5.0 ddraw=1.1 pts=5
Step: 5980160 SPS: 2640  ev=0.837  ent=0.392  grad=0.43/0.43  h=0.2 c=2.7  kl=0.0471  vl=0.0760
Step: 5984256 SPS: 2640  ev=0.831  ent=0.384  grad=0.93/0.50  h=0.2 c=2.9  kl=0.0365  vl=0.0543
Step: 5988352 SPS: 2640  ev=0.859  ent=0.378  grad=0.76/0.50  h=0.2 c=3.1  kl=0.0258  vl=0.0633
Step: 5992448 SPS: 2641  ev=0.850  ent=0.380  grad=0.84/0.50  h=0.2 c=3.4  kl=0.0488  vl=0.0684
Step: 5996544 SPS: 2641  ev=0.844  ent=0.411  grad=0.70/0.50  h=0.2 c=3.4  kl=0.0313  vl=0.0618
Step: 6000640 SPS: 2641  ev=0.826  ent=0.353  grad=0.32/0.32  h=0.2 c=3.4  kl=0.0341  vl=0.0688
Step: 6004736 SPS: 2641  ev=0.814  ent=0.398  grad=0.29/0.29  h=0.2 c=4.2  kl=0.0280  vl=0.0662
Step: 6008832 SPS: 2642  ev=0.836  ent=0.372  grad=0.43/0.43  h=0.2 c=3.0  kl=0.1441  vl=0.0738
Step: 6012928 SPS: 2642  ev=0.842  ent=0.362  grad=0.39/0.39  h=0.1 c=2.8  kl=0.0234  vl=0.0400
Step: 6017024 SPS: 2642  ev=0.839  ent=0.412  grad=0.36/0.36  h=0.1 c=2.9  kl=0.0634  vl=0.0576
Step: 6021120 SPS: 2642  ev=0.868  ent=0.380  grad=0.48/0.48  h=0.1 c=3.3  kl=0.0343  vl=0.0548
Step: 6025216 SPS: 2643  ev=0.844  ent=0.393  grad=0.46/0.46  h=0.2 c=3.7  kl=0.0226  vl=0.0466
Step: 6029312 SPS: 2643  ev=0.842  ent=0.447  grad=0.27/0.27  h=0.1 c=3.1  kl=0.0330  vl=0.0973
Step: 6033408 SPS: 2643  ev=0.872  ent=0.382  grad=0.55/0.50  h=0.1 c=2.8  kl=0.0325  vl=0.0640
Step: 6037504 SPS: 2643  ev=0.839  ent=0.375  grad=0.52/0.50  h=0.1 c=3.8  kl=0.0197  vl=0.0454
Step: 6041600 SPS: 2644  ev=0.834  ent=0.395  grad=0.88/0.50  h=0.1 c=2.9  kl=0.0270  vl=0.1136
Step: 6045696 SPS: 2644  ev=0.852  ent=0.387  grad=0.44/0.44  h=0.1 c=2.5  kl=0.0351  vl=0.0578
Step: 6049792 SPS: 2644  ev=0.843  ent=0.383  grad=0.47/0.47  h=0.1 c=3.4  kl=0.0512  vl=0.0709
Step: 6053888 SPS: 2645  ev=0.850  ent=0.372  grad=0.68/0.50  h=0.0 c=3.0  kl=0.0393  vl=0.0783
Step: 6057984 SPS: 2645  ev=0.860  ent=0.367  grad=0.43/0.43  h=0.1 c=3.1  kl=0.0332  vl=0.0616
  vs Heur:   36W/62L/2D | score=5.6±13.0 inv=0.0 played=16.6 lanes=5.0 ddraw=2.9 pts=6
  vs Random: 100W/0L/0D | score=29.9±16.9 inv=0.0 played=19.0 lanes=5.0 ddraw=1.8 pts=30
  Self-play: 55W/44L/3D | score=6.4±11.2 inv=0.0 played=16.3 lanes=5.0 ddraw=0.7 pts=6
Step: 6062080 SPS: 2645  ev=0.842  ent=0.364  grad=0.41/0.41  h=0.1 c=3.0  kl=0.0271  vl=0.0554
Step: 6066176 SPS: 2645  ev=0.867  ent=0.357  grad=0.45/0.45  h=0.2 c=3.4  kl=0.0381  vl=0.0636
Step: 6070272 SPS: 2646  ev=0.851  ent=0.382  grad=0.47/0.47  h=0.1 c=4.0  kl=0.0360  vl=0.0665
Step: 6074368 SPS: 2646  ev=0.845  ent=0.382  grad=0.42/0.42  h=0.2 c=3.2  kl=0.0301  vl=0.0614
Step: 6078464 SPS: 2646  ev=0.841  ent=0.366  grad=0.81/0.50  h=0.1 c=3.3  kl=0.0280  vl=0.0718
Step: 6082560 SPS: 2646  ev=0.862  ent=0.410  grad=0.37/0.37  h=0.2 c=2.8  kl=0.0490  vl=0.0695
Step: 6086656 SPS: 2647  ev=0.874  ent=0.421  grad=0.39/0.39  h=0.2 c=3.4  kl=0.0272  vl=0.0516
Step: 6090752 SPS: 2647  ev=0.839  ent=0.399  grad=0.79/0.50  h=0.1 c=3.7  kl=0.0306  vl=0.0812
Step: 6094848 SPS: 2647  ev=0.871  ent=0.384  grad=0.40/0.40  h=0.1 c=2.9  kl=0.0636  vl=0.0664
Step: 6098944 SPS: 2647  ev=0.860  ent=0.360  grad=0.43/0.43  h=0.1 c=2.8  kl=0.0443  vl=0.0727
Step: 6103040 SPS: 2648  ev=0.841  ent=0.384  grad=0.44/0.44  h=0.1 c=2.6  kl=0.0405  vl=0.0626
Step: 6107136 SPS: 2648  ev=0.829  ent=0.380  grad=0.34/0.34  h=0.2 c=2.6  kl=0.0351  vl=0.0551
Step: 6111232 SPS: 2648  ev=0.856  ent=0.379  grad=0.72/0.50  h=0.2 c=2.8  kl=0.0221  vl=0.0668
Step: 6115328 SPS: 2648  ev=0.849  ent=0.370  grad=0.53/0.50  h=0.2 c=2.2  kl=0.0687  vl=0.0583
Step: 6119424 SPS: 2649  ev=0.840  ent=0.376  grad=0.42/0.42  h=0.2 c=2.0  kl=0.0211  vl=0.0564
Step: 6123520 SPS: 2649  ev=0.834  ent=0.337  grad=0.84/0.50  h=0.2 c=2.2  kl=0.0386  vl=0.0887
Step: 6127616 SPS: 2649  ev=0.853  ent=0.358  grad=0.31/0.31  h=0.1 c=2.3  kl=0.0309  vl=0.0628
Step: 6131712 SPS: 2649  ev=0.842  ent=0.380  grad=0.99/0.50  h=0.2 c=2.7  kl=0.0323  vl=0.0672
Step: 6135808 SPS: 2649  ev=0.852  ent=0.357  grad=0.26/0.26  h=0.1 c=2.4  kl=0.0443  vl=0.0632
Step: 6139904 SPS: 2650  ev=0.856  ent=0.363  grad=0.58/0.50  h=0.2 c=2.4  kl=0.0471  vl=0.0532
  vs Heur:   48W/54L/0D | score=8.2±13.2 inv=0.0 played=16.7 lanes=5.0 ddraw=2.5 pts=8
  vs Random: 100W/0L/0D | score=35.1±14.2 inv=0.0 played=20.1 lanes=5.0 ddraw=1.9 pts=35
  Self-play: 50W/51L/0D | score=5.8±12.0 inv=0.0 played=16.2 lanes=5.0 ddraw=1.2 pts=6
Step: 6144000 SPS: 2650  ev=0.855  ent=0.345  grad=0.29/0.29  h=0.2 c=2.1  kl=0.0288  vl=0.0494
Step: 6148096 SPS: 2650  ev=0.847  ent=0.355  grad=0.42/0.42  h=0.1 c=2.0  kl=0.0251  vl=0.0472
Step: 6152192 SPS: 2650  ev=0.825  ent=0.362  grad=0.72/0.50  h=0.1 c=2.7  kl=0.0264  vl=0.0936
Step: 6156288 SPS: 2650  ev=0.825  ent=0.397  grad=0.36/0.36  h=0.1 c=2.3  kl=0.0382  vl=0.0505
Step: 6160384 SPS: 2650  ev=0.844  ent=0.388  grad=0.31/0.31  h=0.2 c=2.2  kl=0.0262  vl=0.0626
Step: 6164480 SPS: 2651  ev=0.835  ent=0.390  grad=0.55/0.50  h=0.2 c=2.5  kl=0.0345  vl=0.0927
Step: 6168576 SPS: 2651  ev=0.842  ent=0.368  grad=0.35/0.35  h=0.2 c=2.1  kl=0.0258  vl=0.0457
Step: 6172672 SPS: 2651  ev=0.847  ent=0.378  grad=0.37/0.37  h=0.2 c=1.9  kl=0.0284  vl=0.0577
Step: 6176768 SPS: 2651  ev=0.861  ent=0.389  grad=0.30/0.30  h=0.2 c=3.0  kl=0.0342  vl=0.0462
Step: 6180864 SPS: 2652  ev=0.853  ent=0.395  grad=0.49/0.49  h=0.1 c=2.6  kl=0.0330  vl=0.0602
Step: 6184960 SPS: 2652  ev=0.854  ent=0.405  grad=0.48/0.48  h=0.1 c=2.4  kl=0.0238  vl=0.0704
Step: 6189056 SPS: 2652  ev=0.842  ent=0.387  grad=0.42/0.42  h=0.1 c=2.4  kl=0.0189  vl=0.0468
Step: 6193152 SPS: 2652  ev=0.850  ent=0.410  grad=0.54/0.50  h=0.2 c=2.6  kl=0.0341  vl=0.0743
Step: 6197248 SPS: 2653  ev=0.851  ent=0.403  grad=0.31/0.31  h=0.2 c=3.0  kl=0.0351  vl=0.0580
Step: 6201344 SPS: 2653  ev=0.865  ent=0.380  grad=0.26/0.26  h=0.1 c=3.2  kl=0.0292  vl=0.0625
Step: 6205440 SPS: 2653  ev=0.837  ent=0.380  grad=0.47/0.47  h=0.1 c=3.7  kl=0.0375  vl=0.0830
Step: 6209536 SPS: 2653  ev=0.847  ent=0.381  grad=0.40/0.40  h=0.2 c=3.3  kl=0.0327  vl=0.0791
Step: 6213632 SPS: 2654  ev=0.856  ent=0.415  grad=0.37/0.37  h=0.2 c=3.0  kl=0.0212  vl=0.0597
Step: 6217728 SPS: 2654  ev=0.845  ent=0.391  grad=0.35/0.35  h=0.2 c=2.6  kl=0.0291  vl=0.0561
Step: 6221824 SPS: 2654  ev=0.833  ent=0.387  grad=0.58/0.50  h=0.2 c=3.1  kl=0.0250  vl=0.0492
  vs Heur:   45W/53L/4D | score=8.8±12.5 inv=0.0 played=16.6 lanes=5.0 ddraw=3.2 pts=9
  vs Random: 100W/0L/0D | score=32.8±12.9 inv=0.0 played=19.5 lanes=5.0 ddraw=2.7 pts=33
  Self-play: 46W/55L/1D | score=4.9±12.7 inv=0.0 played=16.1 lanes=5.0 ddraw=1.2 pts=5
Step: 6225920 SPS: 2654  ev=0.818  ent=0.423  grad=0.37/0.37  h=0.2 c=3.4  kl=0.0468  vl=0.0597
Step: 6230016 SPS: 2655  ev=0.848  ent=0.426  grad=0.46/0.46  h=0.2 c=3.1  kl=0.0440  vl=0.0630
Step: 6234112 SPS: 2655  ev=0.845  ent=0.426  grad=0.40/0.40  h=0.3 c=3.3  kl=0.0292  vl=0.0811
Step: 6238208 SPS: 2655  ev=0.846  ent=0.372  grad=0.38/0.38  h=0.2 c=3.9  kl=0.0272  vl=0.0555
Step: 6242304 SPS: 2655  ev=0.840  ent=0.367  grad=0.45/0.45  h=0.3 c=3.4  kl=0.0340  vl=0.0757
Step: 6246400 SPS: 2656  ev=0.849  ent=0.379  grad=0.48/0.48  h=0.2 c=3.0  kl=0.0294  vl=0.0614
Step: 6250496 SPS: 2656  ev=0.845  ent=0.377  grad=0.72/0.50  h=0.2 c=3.5  kl=0.0194  vl=0.0911
Step: 6254592 SPS: 2656  ev=0.860  ent=0.382  grad=0.38/0.38  h=0.2 c=2.9  kl=0.0229  vl=0.0703
Step: 6258688 SPS: 2656  ev=0.848  ent=0.347  grad=0.59/0.50  h=0.2 c=3.3  kl=0.0278  vl=0.0618
Step: 6262784 SPS: 2657  ev=0.868  ent=0.387  grad=0.40/0.40  h=0.2 c=3.0  kl=0.0319  vl=0.0596
Step: 6266880 SPS: 2657  ev=0.858  ent=0.371  grad=0.32/0.32  h=0.2 c=2.6  kl=0.0497  vl=0.0566
Step: 6270976 SPS: 2657  ev=0.826  ent=0.390  grad=0.33/0.33  h=0.2 c=3.2  kl=0.0343  vl=0.0647
Step: 6275072 SPS: 2658  ev=0.837  ent=0.378  grad=0.79/0.50  h=0.2 c=2.9  kl=0.0320  vl=0.0504
Step: 6279168 SPS: 2658  ev=0.883  ent=0.364  grad=0.59/0.50  h=0.2 c=2.7  kl=0.0393  vl=0.0583
Step: 6283264 SPS: 2658  ev=0.858  ent=0.393  grad=0.33/0.33  h=0.2 c=3.2  kl=0.0295  vl=0.0662
Step: 6287360 SPS: 2658  ev=0.850  ent=0.400  grad=0.60/0.50  h=0.2 c=3.7  kl=0.0350  vl=0.0720
Step: 6291456 SPS: 2659  ev=0.866  ent=0.348  grad=0.35/0.35  h=0.2 c=2.3  kl=0.0270  vl=0.0629
Step: 6295552 SPS: 2659  ev=0.858  ent=0.372  grad=0.37/0.37  h=0.3 c=2.9  kl=0.0324  vl=0.0402
Step: 6299648 SPS: 2659  ev=0.833  ent=0.389  grad=0.45/0.45  h=0.2 c=3.0  kl=0.0558  vl=0.0649
Step: 6303744 SPS: 2659  ev=0.847  ent=0.390  grad=0.36/0.36  h=0.2 c=3.4  kl=0.0230  vl=0.0498
  vs Heur:   50W/52L/1D | score=8.8±12.4 inv=0.0 played=16.7 lanes=5.0 ddraw=2.8 pts=9
  vs Random: 100W/0L/0D | score=28.6±14.0 inv=0.0 played=19.2 lanes=5.0 ddraw=1.9 pts=29
  Self-play: 41W/58L/2D | score=2.6±10.9 inv=0.0 played=15.8 lanes=5.0 ddraw=0.9 pts=3
Step: 6307840 SPS: 2660  ev=0.862  ent=0.389  grad=0.58/0.50  h=0.2 c=2.7  kl=0.0218  vl=0.0471
Step: 6311936 SPS: 2660  ev=0.834  ent=0.379  grad=0.54/0.50  h=0.2 c=3.5  kl=0.0363  vl=0.0853
Step: 6316032 SPS: 2660  ev=0.834  ent=0.385  grad=0.57/0.50  h=0.2 c=3.7  kl=0.0203  vl=0.0552
Step: 6320128 SPS: 2660  ev=0.827  ent=0.389  grad=0.40/0.40  h=0.2 c=3.6  kl=0.0400  vl=0.0555
Step: 6324224 SPS: 2660  ev=0.849  ent=0.386  grad=0.44/0.44  h=0.2 c=2.9  kl=0.0367  vl=0.0811
Step: 6328320 SPS: 2661  ev=0.872  ent=0.364  grad=0.76/0.50  h=0.2 c=3.8  kl=0.0391  vl=0.0738
Step: 6332416 SPS: 2661  ev=0.830  ent=0.407  grad=0.88/0.50  h=0.2 c=3.3  kl=0.0261  vl=0.0826
Step: 6336512 SPS: 2661  ev=0.838  ent=0.396  grad=0.70/0.50  h=0.2 c=3.6  kl=0.0242  vl=0.0497
Step: 6340608 SPS: 2661  ev=0.849  ent=0.378  grad=0.36/0.36  h=0.2 c=3.9  kl=0.0411  vl=0.0828
Step: 6344704 SPS: 2661  ev=0.849  ent=0.373  grad=0.50/0.50  h=0.2 c=3.6  kl=0.0377  vl=0.0597
Step: 6348800 SPS: 2662  ev=0.852  ent=0.384  grad=0.51/0.50  h=0.2 c=4.0  kl=0.0428  vl=0.0767
Step: 6352896 SPS: 2662  ev=0.825  ent=0.390  grad=0.47/0.47  h=0.2 c=3.6  kl=0.0287  vl=0.0731
Step: 6356992 SPS: 2662  ev=0.857  ent=0.347  grad=0.39/0.39  h=0.3 c=3.7  kl=0.0217  vl=0.0692
Step: 6361088 SPS: 2662  ev=0.834  ent=0.356  grad=0.44/0.44  h=0.1 c=4.4  kl=0.0243  vl=0.0723
Step: 6365184 SPS: 2663  ev=0.836  ent=0.370  grad=0.46/0.46  h=0.3 c=3.4  kl=0.0269  vl=0.0841
Step: 6369280 SPS: 2663  ev=0.826  ent=0.381  grad=0.40/0.40  h=0.2 c=3.7  kl=0.0412  vl=0.0709
Step: 6373376 SPS: 2663  ev=0.864  ent=0.373  grad=0.38/0.38  h=0.2 c=3.8  kl=0.0315  vl=0.0516
Step: 6377472 SPS: 2663  ev=0.855  ent=0.377  grad=0.42/0.42  h=0.2 c=3.7  kl=0.0237  vl=0.0681
Step: 6381568 SPS: 2663  ev=0.846  ent=0.379  grad=0.28/0.28  h=0.2 c=3.5  kl=0.0293  vl=0.0578
Step: 6385664 SPS: 2663  ev=0.836  ent=0.353  grad=0.34/0.34  h=0.2 c=2.8  kl=0.0338  vl=0.0566
  vs Heur:   43W/57L/0D | score=6.4±11.3 inv=0.0 played=16.3 lanes=5.0 ddraw=2.3 pts=6
  vs Random: 101W/0L/0D | score=28.2±17.1 inv=0.0 played=19.2 lanes=5.0 ddraw=2.0 pts=28
  Self-play: 48W/53L/1D | score=2.5±11.3 inv=0.0 played=16.0 lanes=5.0 ddraw=0.9 pts=3
Step: 6389760 SPS: 2664  ev=0.859  ent=0.395  grad=0.60/0.50  h=0.1 c=3.2  kl=0.0319  vl=0.0703
Step: 6393856 SPS: 2664  ev=0.845  ent=0.364  grad=0.34/0.34  h=0.2 c=3.1  kl=0.0342  vl=0.0645
Step: 6397952 SPS: 2664  ev=0.848  ent=0.356  grad=0.41/0.41  h=0.2 c=2.8  kl=0.0355  vl=0.0614
Step: 6402048 SPS: 2664  ev=0.831  ent=0.327  grad=0.26/0.26  h=0.2 c=2.8  kl=0.0238  vl=0.0930
Step: 6406144 SPS: 2665  ev=0.857  ent=0.378  grad=0.32/0.32  h=0.2 c=2.9  kl=0.0245  vl=0.0708
Step: 6410240 SPS: 2665  ev=0.844  ent=0.364  grad=0.85/0.50  h=0.2 c=2.3  kl=0.0302  vl=0.0820
Step: 6414336 SPS: 2665  ev=0.841  ent=0.364  grad=0.33/0.33  h=0.1 c=3.0  kl=0.0351  vl=0.0508
Step: 6418432 SPS: 2665  ev=0.856  ent=0.358  grad=0.31/0.31  h=0.1 c=3.1  kl=0.0291  vl=0.0646
Step: 6422528 SPS: 2665  ev=0.844  ent=0.366  grad=0.72/0.50  h=0.1 c=3.3  kl=0.0384  vl=0.0618
Step: 6426624 SPS: 2666  ev=0.858  ent=0.352  grad=0.31/0.31  h=0.1 c=3.2  kl=0.0294  vl=0.0593
Step: 6430720 SPS: 2666  ev=0.856  ent=0.343  grad=0.90/0.50  h=0.1 c=2.5  kl=0.0426  vl=0.0631
Step: 6434816 SPS: 2666  ev=0.864  ent=0.348  grad=0.42/0.42  h=0.2 c=2.6  kl=0.0262  vl=0.0511
Step: 6438912 SPS: 2666  ev=0.858  ent=0.338  grad=0.43/0.43  h=0.2 c=3.3  kl=0.0313  vl=0.0541
Step: 6443008 SPS: 2667  ev=0.855  ent=0.341  grad=0.36/0.36  h=0.2 c=2.6  kl=0.0680  vl=0.0567
Step: 6447104 SPS: 2667  ev=0.862  ent=0.326  grad=0.33/0.33  h=0.2 c=2.6  kl=0.0334  vl=0.0573
Step: 6451200 SPS: 2667  ev=0.858  ent=0.330  grad=0.43/0.43  h=0.1 c=2.9  kl=0.0335  vl=0.0707
Step: 6455296 SPS: 2667  ev=0.845  ent=0.339  grad=0.69/0.50  h=0.1 c=2.4  kl=0.0241  vl=0.0926
Step: 6459392 SPS: 2667  ev=0.862  ent=0.317  grad=0.35/0.35  h=0.2 c=2.4  kl=0.0271  vl=0.0453
Step: 6463488 SPS: 2668  ev=0.864  ent=0.321  grad=0.49/0.49  h=0.2 c=2.2  kl=0.0312  vl=0.0627
Step: 6467584 SPS: 2668  ev=0.851  ent=0.341  grad=1.14/0.50  h=0.2 c=2.1  kl=0.0412  vl=0.0811
  vs Heur:   48W/51L/1D | score=8.3±14.9 inv=0.0 played=16.7 lanes=5.0 ddraw=2.6 pts=8
  vs Random: 101W/0L/0D | score=27.4±15.1 inv=0.0 played=18.9 lanes=5.0 ddraw=2.3 pts=27
  Self-play: 50W/49L/1D | score=2.0±10.6 inv=0.0 played=15.4 lanes=5.0 ddraw=0.9 pts=2
Step: 6471680 SPS: 2668  ev=0.844  ent=0.332  grad=0.36/0.36  h=0.2 c=1.9  kl=0.0318  vl=0.0638
Step: 6475776 SPS: 2668  ev=0.861  ent=0.366  grad=0.47/0.47  h=0.2 c=2.6  kl=0.0368  vl=0.0518
Step: 6479872 SPS: 2668  ev=0.848  ent=0.330  grad=0.38/0.38  h=0.2 c=2.7  kl=0.0248  vl=0.0576
Step: 6483968 SPS: 2669  ev=0.861  ent=0.354  grad=0.47/0.47  h=0.2 c=2.3  kl=0.0295  vl=0.0512
Step: 6488064 SPS: 2669  ev=0.837  ent=0.338  grad=0.42/0.42  h=0.3 c=2.2  kl=0.0403  vl=0.0808
Step: 6492160 SPS: 2669  ev=0.852  ent=0.321  grad=0.29/0.29  h=0.2 c=2.3  kl=0.0306  vl=0.0809
Step: 6496256 SPS: 2669  ev=0.847  ent=0.338  grad=0.92/0.50  h=0.2 c=2.6  kl=0.0299  vl=0.0595
Step: 6500352 SPS: 2670  ev=0.842  ent=0.321  grad=0.58/0.50  h=0.2 c=2.0  kl=0.0223  vl=0.0526
Step: 6504448 SPS: 2670  ev=0.850  ent=0.346  grad=0.74/0.50  h=0.2 c=1.8  kl=0.0474  vl=0.0648
Step: 6508544 SPS: 2670  ev=0.868  ent=0.358  grad=0.37/0.37  h=0.2 c=2.0  kl=0.0347  vl=0.0450
Step: 6512640 SPS: 2670  ev=0.844  ent=0.341  grad=0.51/0.50  h=0.2 c=2.5  kl=0.0386  vl=0.0693
Step: 6516736 SPS: 2671  ev=0.851  ent=0.350  grad=0.39/0.39  h=0.2 c=2.1  kl=0.0250  vl=0.0475
Step: 6520832 SPS: 2671  ev=0.867  ent=0.330  grad=0.79/0.50  h=0.2 c=2.4  kl=0.0252  vl=0.0468
Step: 6524928 SPS: 2671  ev=0.858  ent=0.352  grad=0.29/0.29  h=0.2 c=1.9  kl=0.0237  vl=0.0582
Step: 6529024 SPS: 2671  ev=0.857  ent=0.329  grad=0.84/0.50  h=0.2 c=2.2  kl=0.0459  vl=0.0505
Step: 6533120 SPS: 2672  ev=0.848  ent=0.346  grad=0.74/0.50  h=0.2 c=2.4  kl=0.0391  vl=0.0621
Step: 6537216 SPS: 2672  ev=0.828  ent=0.363  grad=0.45/0.45  h=0.2 c=2.2  kl=0.0288  vl=0.0499
Step: 6541312 SPS: 2672  ev=0.850  ent=0.348  grad=0.31/0.31  h=0.2 c=2.3  kl=0.0315  vl=0.0515
Step: 6545408 SPS: 2672  ev=0.847  ent=0.328  grad=0.61/0.50  h=0.2 c=2.5  kl=0.0241  vl=0.0543
Step: 6549504 SPS: 2673  ev=0.847  ent=0.362  grad=0.33/0.33  h=0.2 c=2.3  kl=0.0404  vl=0.0622
  vs Heur:   50W/49L/3D | score=7.1±14.8 inv=0.0 played=16.6 lanes=5.0 ddraw=2.5 pts=7
  vs Random: 101W/0L/0D | score=27.0±14.1 inv=0.0 played=18.8 lanes=5.0 ddraw=3.0 pts=27
  Self-play: 46W/55L/0D | score=1.2±12.5 inv=0.0 played=15.7 lanes=5.0 ddraw=0.9 pts=1
Step: 6553600 SPS: 2673  ev=0.844  ent=0.352  grad=0.31/0.31  h=0.2 c=1.9  kl=0.0209  vl=0.0684
Step: 6557696 SPS: 2673  ev=0.857  ent=0.363  grad=0.47/0.47  h=0.1 c=2.4  kl=0.0540  vl=0.0593
Step: 6561792 SPS: 2673  ev=0.853  ent=0.346  grad=0.45/0.45  h=0.3 c=2.1  kl=0.0335  vl=0.0501
Step: 6565888 SPS: 2674  ev=0.852  ent=0.358  grad=0.34/0.34  h=0.2 c=2.6  kl=0.0438  vl=0.0684
Step: 6569984 SPS: 2674  ev=0.859  ent=0.377  grad=0.48/0.48  h=0.3 c=2.2  kl=0.0319  vl=0.0508
Step: 6574080 SPS: 2674  ev=0.820  ent=0.336  grad=0.40/0.40  h=0.2 c=1.7  kl=0.0334  vl=0.0836
Step: 6578176 SPS: 2674  ev=0.800  ent=0.382  grad=0.33/0.33  h=0.3 c=2.1  kl=0.0347  vl=0.1002
Step: 6582272 SPS: 2674  ev=0.852  ent=0.379  grad=0.41/0.41  h=0.2 c=2.3  kl=0.0334  vl=0.0615
Step: 6586368 SPS: 2675  ev=0.820  ent=0.376  grad=0.31/0.31  h=0.3 c=2.4  kl=0.0267  vl=0.0646
Step: 6590464 SPS: 2675  ev=0.857  ent=0.321  grad=0.28/0.28  h=0.2 c=1.9  kl=0.0320  vl=0.0670
Step: 6594560 SPS: 2675  ev=0.860  ent=0.329  grad=0.34/0.34  h=0.3 c=2.1  kl=0.0234  vl=0.0526
Step: 6598656 SPS: 2675  ev=0.848  ent=0.316  grad=0.89/0.50  h=0.3 c=1.7  kl=0.0264  vl=0.0795
Step: 6602752 SPS: 2675  ev=0.856  ent=0.325  grad=0.36/0.36  h=0.3 c=1.9  kl=0.0247  vl=0.0465
Step: 6606848 SPS: 2676  ev=0.851  ent=0.353  grad=0.35/0.35  h=0.2 c=2.0  kl=0.0370  vl=0.0562
Step: 6610944 SPS: 2676  ev=0.865  ent=0.345  grad=0.99/0.50  h=0.3 c=1.8  kl=0.0318  vl=0.0822
Step: 6615040 SPS: 2676  ev=0.845  ent=0.384  grad=0.32/0.32  h=0.3 c=2.2  kl=0.0244  vl=0.0725
Step: 6619136 SPS: 2676  ev=0.849  ent=0.338  grad=0.50/0.50  h=0.3 c=1.3  kl=0.0320  vl=0.0600
Step: 6623232 SPS: 2676  ev=0.848  ent=0.346  grad=0.63/0.50  h=0.2 c=1.6  kl=0.0247  vl=0.0638
Step: 6627328 SPS: 2677  ev=0.868  ent=0.344  grad=0.33/0.33  h=0.2 c=1.7  kl=0.0278  vl=0.0556
Step: 6631424 SPS: 2677  ev=0.852  ent=0.349  grad=0.37/0.37  h=0.3 c=1.5  kl=0.0392  vl=0.0542
  vs Heur:   44W/58L/3D | score=4.5±13.9 inv=0.0 played=16.4 lanes=5.0 ddraw=2.3 pts=5
  vs Random: 100W/0L/0D | score=30.1±13.6 inv=0.0 played=19.1 lanes=5.0 ddraw=2.5 pts=30
  Self-play: 53W/49L/1D | score=5.7±13.3 inv=0.0 played=16.1 lanes=5.0 ddraw=0.8 pts=6
Step: 6635520 SPS: 2677  ev=0.829  ent=0.354  grad=0.37/0.37  h=0.3 c=1.8  kl=0.0186  vl=0.0581
Step: 6639616 SPS: 2677  ev=0.861  ent=0.386  grad=0.43/0.43  h=0.3 c=1.3  kl=0.0493  vl=0.0444
Step: 6643712 SPS: 2678  ev=0.856  ent=0.359  grad=0.28/0.28  h=0.3 c=1.4  kl=0.0410  vl=0.0617
Step: 6647808 SPS: 2678  ev=0.848  ent=0.396  grad=0.92/0.50  h=0.2 c=1.4  kl=0.0378  vl=0.0779
Step: 6651904 SPS: 2678  ev=0.851  ent=0.377  grad=0.90/0.50  h=0.3 c=1.4  kl=0.0333  vl=0.0898
Step: 6656000 SPS: 2678  ev=0.855  ent=0.336  grad=0.46/0.46  h=0.2 c=1.6  kl=0.0229  vl=0.0699
Step: 6660096 SPS: 2678  ev=0.863  ent=0.358  grad=0.83/0.50  h=0.2 c=1.5  kl=0.0403  vl=0.0606
Step: 6664192 SPS: 2679  ev=0.861  ent=0.339  grad=0.28/0.28  h=0.3 c=1.3  kl=0.0353  vl=0.0517
Step: 6668288 SPS: 2679  ev=0.855  ent=0.332  grad=0.31/0.31  h=0.2 c=1.6  kl=0.0176  vl=0.0528
Step: 6672384 SPS: 2679  ev=0.843  ent=0.377  grad=0.74/0.50  h=0.3 c=1.5  kl=0.0357  vl=0.0613
Step: 6676480 SPS: 2679  ev=0.860  ent=0.360  grad=0.38/0.38  h=0.2 c=1.2  kl=0.0275  vl=0.0609
Step: 6680576 SPS: 2679  ev=0.844  ent=0.321  grad=0.53/0.50  h=0.2 c=1.6  kl=0.0172  vl=0.0529
Step: 6684672 SPS: 2680  ev=0.807  ent=0.355  grad=0.32/0.32  h=0.3 c=1.7  kl=0.0289  vl=0.0718
Step: 6688768 SPS: 2680  ev=0.850  ent=0.350  grad=0.57/0.50  h=0.3 c=1.7  kl=0.0303  vl=0.0588
Step: 6692864 SPS: 2680  ev=0.858  ent=0.377  grad=0.42/0.42  h=0.3 c=1.6  kl=0.0383  vl=0.0649
Step: 6696960 SPS: 2680  ev=0.830  ent=0.359  grad=0.37/0.37  h=0.2 c=1.5  kl=0.0407  vl=0.0643
Step: 6701056 SPS: 2681  ev=0.851  ent=0.351  grad=0.44/0.44  h=0.3 c=2.0  kl=0.0474  vl=0.0493
Step: 6705152 SPS: 2681  ev=0.835  ent=0.352  grad=0.43/0.43  h=0.2 c=2.4  kl=0.0318  vl=0.0526
Step: 6709248 SPS: 2681  ev=0.859  ent=0.320  grad=0.47/0.47  h=0.3 c=1.8  kl=0.0218  vl=0.0739
Step: 6713344 SPS: 2681  ev=0.857  ent=0.324  grad=0.58/0.50  h=0.3 c=1.7  kl=0.0257  vl=0.0627
  vs Heur:   43W/61L/2D | score=7.5±11.5 inv=0.0 played=16.7 lanes=5.0 ddraw=2.8 pts=8
  vs Random: 102W/0L/0D | score=30.8±16.0 inv=0.0 played=19.1 lanes=5.0 ddraw=2.1 pts=31
  Self-play: 57W/46L/1D | score=5.4±12.3 inv=0.0 played=16.0 lanes=5.0 ddraw=1.0 pts=5
Step: 6717440 SPS: 2682  ev=0.857  ent=0.340  grad=0.37/0.37  h=0.2 c=1.8  kl=0.0726  vl=0.0454
Step: 6721536 SPS: 2682  ev=0.863  ent=0.342  grad=0.62/0.50  h=0.3 c=1.7  kl=0.0308  vl=0.0647
Step: 6725632 SPS: 2682  ev=0.851  ent=0.348  grad=0.37/0.37  h=0.3 c=2.4  kl=0.0233  vl=0.0596
Step: 6729728 SPS: 2682  ev=0.834  ent=0.333  grad=0.38/0.38  h=0.3 c=1.9  kl=0.0269  vl=0.0669
Step: 6733824 SPS: 2683  ev=0.855  ent=0.327  grad=0.84/0.50  h=0.3 c=1.6  kl=0.0342  vl=0.0644
Step: 6737920 SPS: 2683  ev=0.856  ent=0.380  grad=0.47/0.47  h=0.3 c=2.2  kl=0.0309  vl=0.0530
Step: 6742016 SPS: 2683  ev=0.839  ent=0.351  grad=0.39/0.39  h=0.3 c=2.2  kl=0.0217  vl=0.0648
Step: 6746112 SPS: 2683  ev=0.854  ent=0.353  grad=0.48/0.48  h=0.3 c=1.4  kl=0.0386  vl=0.0651
Step: 6750208 SPS: 2683  ev=0.845  ent=0.355  grad=0.64/0.50  h=0.3 c=2.1  kl=0.0393  vl=0.0632
Step: 6754304 SPS: 2684  ev=0.848  ent=0.374  grad=0.37/0.37  h=0.3 c=1.7  kl=0.0510  vl=0.0929
Step: 6758400 SPS: 2684  ev=0.831  ent=0.350  grad=0.40/0.40  h=0.3 c=1.9  kl=0.0426  vl=0.0833
Step: 6762496 SPS: 2684  ev=0.842  ent=0.372  grad=0.42/0.42  h=0.3 c=2.1  kl=0.0334  vl=0.0663
Step: 6766592 SPS: 2684  ev=0.838  ent=0.359  grad=0.30/0.30  h=0.3 c=1.9  kl=0.0404  vl=0.0888
Step: 6770688 SPS: 2684  ev=0.857  ent=0.353  grad=0.63/0.50  h=0.4 c=2.0  kl=0.0328  vl=0.0499
Step: 6774784 SPS: 2684  ev=0.835  ent=0.380  grad=0.77/0.50  h=0.3 c=2.5  kl=0.0337  vl=0.0711
Step: 6778880 SPS: 2685  ev=0.848  ent=0.411  grad=0.30/0.30  h=0.3 c=2.1  kl=0.0446  vl=0.0614
Step: 6782976 SPS: 2685  ev=0.848  ent=0.325  grad=0.58/0.50  h=0.3 c=1.9  kl=0.0268  vl=0.0770
Step: 6787072 SPS: 2685  ev=0.824  ent=0.371  grad=0.59/0.50  h=0.3 c=2.1  kl=0.0222  vl=0.0542
Step: 6791168 SPS: 2685  ev=0.861  ent=0.381  grad=0.54/0.50  h=0.3 c=1.9  kl=0.0246  vl=0.0511
Step: 6795264 SPS: 2685  ev=0.827  ent=0.398  grad=0.60/0.50  h=0.3 c=1.8  kl=0.0326  vl=0.0548
  vs Heur:   40W/60L/1D | score=6.3±11.1 inv=0.0 played=16.6 lanes=5.0 ddraw=3.0 pts=6
  vs Random: 100W/0L/0D | score=34.6±14.5 inv=0.0 played=20.0 lanes=5.0 ddraw=1.5 pts=35
  Self-play: 52W/48L/2D | score=3.3±11.8 inv=0.0 played=15.5 lanes=5.0 ddraw=1.1 pts=3
Step: 6799360 SPS: 2686  ev=0.853  ent=0.369  grad=0.35/0.35  h=0.2 c=2.1  kl=0.0253  vl=0.0481
Step: 6803456 SPS: 2686  ev=0.844  ent=0.364  grad=0.58/0.50  h=0.2 c=1.9  kl=0.0225  vl=0.0848
Step: 6807552 SPS: 2686  ev=0.849  ent=0.378  grad=0.39/0.39  h=0.3 c=2.0  kl=0.0290  vl=0.0465
Step: 6811648 SPS: 2686  ev=0.843  ent=0.399  grad=0.39/0.39  h=0.2 c=2.5  kl=0.0333  vl=0.0660
Step: 6815744 SPS: 2686  ev=0.851  ent=0.343  grad=0.76/0.50  h=0.3 c=1.6  kl=0.0321  vl=0.0489
Step: 6819840 SPS: 2687  ev=0.849  ent=0.349  grad=0.40/0.40  h=0.3 c=2.0  kl=0.0273  vl=0.0520
Step: 6823936 SPS: 2687  ev=0.856  ent=0.356  grad=0.57/0.50  h=0.2 c=1.9  kl=0.0338  vl=0.0672
Step: 6828032 SPS: 2687  ev=0.873  ent=0.395  grad=0.31/0.31  h=0.3 c=1.8  kl=0.0290  vl=0.0461
Step: 6832128 SPS: 2687  ev=0.832  ent=0.367  grad=0.62/0.50  h=0.3 c=1.8  kl=0.0304  vl=0.0672
Step: 6836224 SPS: 2687  ev=0.828  ent=0.371  grad=0.43/0.43  h=0.2 c=1.8  kl=0.0301  vl=0.0760
Step: 6840320 SPS: 2688  ev=0.840  ent=0.376  grad=0.58/0.50  h=0.3 c=1.7  kl=0.0242  vl=0.0603
Step: 6844416 SPS: 2688  ev=0.831  ent=0.371  grad=0.49/0.49  h=0.3 c=2.2  kl=0.0273  vl=0.0739
Step: 6848512 SPS: 2688  ev=0.851  ent=0.378  grad=0.42/0.42  h=0.2 c=1.9  kl=0.0199  vl=0.0554
Step: 6852608 SPS: 2688  ev=0.840  ent=0.375  grad=0.28/0.28  h=0.3 c=1.5  kl=0.0627  vl=0.1142
Step: 6856704 SPS: 2688  ev=0.839  ent=0.408  grad=0.37/0.37  h=0.3 c=2.0  kl=0.0347  vl=0.0773
Step: 6860800 SPS: 2688  ev=0.859  ent=0.402  grad=0.42/0.42  h=0.2 c=2.0  kl=0.0252  vl=0.0482
Step: 6864896 SPS: 2689  ev=0.864  ent=0.339  grad=0.50/0.50  h=0.2 c=1.7  kl=0.0230  vl=0.0529
Step: 6868992 SPS: 2689  ev=0.868  ent=0.384  grad=0.37/0.37  h=0.3 c=1.7  kl=0.0320  vl=0.0498
Step: 6873088 SPS: 2689  ev=0.857  ent=0.381  grad=0.31/0.31  h=0.3 c=1.7  kl=0.0262  vl=0.0489
Step: 6877184 SPS: 2689  ev=0.859  ent=0.390  grad=0.46/0.46  h=0.3 c=1.6  kl=0.0317  vl=0.0766
  vs Heur:   50W/48L/2D | score=8.3±13.7 inv=0.0 played=16.7 lanes=5.0 ddraw=2.5 pts=8
  vs Random: 100W/0L/0D | score=30.1±13.9 inv=0.0 played=19.0 lanes=5.0 ddraw=3.2 pts=30
  Self-play: 51W/49L/1D | score=2.7±13.7 inv=0.0 played=15.8 lanes=5.0 ddraw=1.0 pts=3
Step: 6881280 SPS: 2690  ev=0.839  ent=0.357  grad=0.88/0.50  h=0.3 c=2.0  kl=0.0263  vl=0.0671
Step: 6885376 SPS: 2690  ev=0.830  ent=0.352  grad=0.53/0.50  h=0.3 c=1.7  kl=0.0284  vl=0.0639
Step: 6889472 SPS: 2690  ev=0.838  ent=0.394  grad=0.30/0.30  h=0.2 c=2.1  kl=0.0234  vl=0.0581
Step: 6893568 SPS: 2690  ev=0.842  ent=0.339  grad=0.75/0.50  h=0.2 c=2.1  kl=0.0486  vl=0.0575
Step: 6897664 SPS: 2690  ev=0.845  ent=0.344  grad=0.33/0.33  h=0.2 c=1.8  kl=0.0405  vl=0.0662
Step: 6901760 SPS: 2691  ev=0.853  ent=0.361  grad=0.32/0.32  h=0.2 c=2.0  kl=0.0370  vl=0.0537
Step: 6905856 SPS: 2691  ev=0.844  ent=0.390  grad=0.40/0.40  h=0.2 c=2.1  kl=0.0674  vl=0.0676
Step: 6909952 SPS: 2691  ev=0.844  ent=0.372  grad=0.43/0.43  h=0.2 c=1.5  kl=0.0268  vl=0.0573
Step: 6914048 SPS: 2691  ev=0.829  ent=0.379  grad=0.50/0.50  h=0.2 c=1.5  kl=0.0298  vl=0.0587
Step: 6918144 SPS: 2691  ev=0.826  ent=0.354  grad=0.49/0.49  h=0.2 c=2.0  kl=0.0319  vl=0.1005
Step: 6922240 SPS: 2692  ev=0.835  ent=0.343  grad=0.65/0.50  h=0.2 c=1.5  kl=0.0393  vl=0.0574
Step: 6926336 SPS: 2692  ev=0.852  ent=0.344  grad=0.39/0.39  h=0.2 c=1.8  kl=0.0287  vl=0.0668
Step: 6930432 SPS: 2692  ev=0.840  ent=0.340  grad=0.27/0.27  h=0.2 c=2.1  kl=0.0400  vl=0.0539
Step: 6934528 SPS: 2692  ev=0.836  ent=0.326  grad=0.51/0.50  h=0.3 c=1.7  kl=0.0354  vl=0.0589
Step: 6938624 SPS: 2692  ev=0.833  ent=0.329  grad=0.42/0.42  h=0.3 c=2.1  kl=0.0270  vl=0.0608
Step: 6942720 SPS: 2693  ev=0.836  ent=0.347  grad=0.33/0.33  h=0.2 c=1.9  kl=0.0177  vl=0.0774
Step: 6946816 SPS: 2693  ev=0.851  ent=0.334  grad=0.40/0.40  h=0.2 c=1.8  kl=0.0377  vl=0.0834
Step: 6950912 SPS: 2693  ev=0.852  ent=0.377  grad=1.28/0.50  h=0.2 c=1.9  kl=0.0414  vl=0.0956
Step: 6955008 SPS: 2693  ev=0.853  ent=0.337  grad=0.28/0.28  h=0.2 c=1.8  kl=0.0417  vl=0.0745
Step: 6959104 SPS: 2693  ev=0.848  ent=0.345  grad=0.39/0.39  h=0.2 c=1.7  kl=0.0214  vl=0.0628
  vs Heur:   39W/60L/3D | score=6.8±11.9 inv=0.0 played=16.4 lanes=5.0 ddraw=3.1 pts=7
  vs Random: 101W/0L/0D | score=29.2±14.4 inv=0.0 played=19.2 lanes=5.0 ddraw=3.0 pts=29
  Self-play: 49W/48L/3D | score=5.6±12.2 inv=0.0 played=16.1 lanes=5.0 ddraw=1.1 pts=6
Step: 6963200 SPS: 2694  ev=0.830  ent=0.392  grad=0.27/0.27  h=0.2 c=2.0  kl=0.0247  vl=0.0701
Step: 6967296 SPS: 2694  ev=0.816  ent=0.348  grad=0.35/0.35  h=0.2 c=1.8  kl=0.0362  vl=0.0585
Step: 6971392 SPS: 2694  ev=0.849  ent=0.334  grad=0.27/0.27  h=0.3 c=1.8  kl=0.0314  vl=0.0736
Step: 6975488 SPS: 2694  ev=0.842  ent=0.346  grad=0.47/0.47  h=0.2 c=2.3  kl=0.0503  vl=0.0502
Step: 6979584 SPS: 2695  ev=0.882  ent=0.355  grad=0.42/0.42  h=0.3 c=1.9  kl=0.0338  vl=0.0422
Step: 6983680 SPS: 2695  ev=0.863  ent=0.341  grad=0.40/0.40  h=0.3 c=2.2  kl=0.0239  vl=0.0535
Step: 6987776 SPS: 2695  ev=0.852  ent=0.349  grad=0.38/0.38  h=0.3 c=2.7  kl=0.0423  vl=0.0666
Step: 6991872 SPS: 2695  ev=0.843  ent=0.347  grad=0.46/0.46  h=0.3 c=1.9  kl=0.0365  vl=0.0723
Step: 6995968 SPS: 2695  ev=0.849  ent=0.320  grad=0.24/0.24  h=0.3 c=2.1  kl=0.0293  vl=0.0580
Step: 7000064 SPS: 2696  ev=0.860  ent=0.313  grad=0.40/0.40  h=0.3 c=2.3  kl=0.0295  vl=0.0596
Step: 7004160 SPS: 2696  ev=0.848  ent=0.334  grad=0.36/0.36  h=0.3 c=1.8  kl=0.0267  vl=0.0737
Step: 7008256 SPS: 2696  ev=0.870  ent=0.323  grad=0.26/0.26  h=0.3 c=2.2  kl=0.0236  vl=0.0486
Step: 7012352 SPS: 2696  ev=0.858  ent=0.305  grad=0.30/0.30  h=0.4 c=2.5  kl=0.0175  vl=0.0469
Step: 7016448 SPS: 2696  ev=0.851  ent=0.344  grad=0.77/0.50  h=0.3 c=2.4  kl=0.0365  vl=0.0479
Step: 7020544 SPS: 2697  ev=0.858  ent=0.338  grad=0.39/0.39  h=0.3 c=2.1  kl=0.0286  vl=0.0643
Step: 7024640 SPS: 2697  ev=0.842  ent=0.346  grad=0.49/0.49  h=0.3 c=2.3  kl=0.0422  vl=0.0769
Step: 7028736 SPS: 2697  ev=0.861  ent=0.363  grad=0.70/0.50  h=0.3 c=2.3  kl=0.0375  vl=0.0487
Step: 7032832 SPS: 2697  ev=0.859  ent=0.352  grad=0.57/0.50  h=0.3 c=2.7  kl=0.0269  vl=0.0535
Step: 7036928 SPS: 2697  ev=0.842  ent=0.359  grad=0.28/0.28  h=0.3 c=2.0  kl=0.0345  vl=0.0597
Step: 7041024 SPS: 2698  ev=0.866  ent=0.380  grad=0.55/0.50  h=0.3 c=2.7  kl=0.0302  vl=0.0583
  vs Heur:   46W/50L/4D | score=7.6±12.1 inv=0.0 played=16.7 lanes=5.0 ddraw=2.5 pts=8
  vs Random: 100W/0L/0D | score=32.1±13.2 inv=0.0 played=19.4 lanes=5.0 ddraw=2.9 pts=32
  Self-play: 51W/47L/4D | score=3.1±10.3 inv=0.0 played=15.9 lanes=5.0 ddraw=1.1 pts=3
Step: 7045120 SPS: 2698  ev=0.852  ent=0.381  grad=0.56/0.50  h=0.4 c=2.5  kl=0.0280  vl=0.0669
Step: 7049216 SPS: 2698  ev=0.843  ent=0.367  grad=0.42/0.42  h=0.4 c=2.2  kl=0.0483  vl=0.0665
Step: 7053312 SPS: 2698  ev=0.834  ent=0.350  grad=0.50/0.50  h=0.3 c=3.0  kl=0.0341  vl=0.0697
Step: 7057408 SPS: 2698  ev=0.873  ent=0.327  grad=0.40/0.40  h=0.3 c=3.0  kl=0.0355  vl=0.0475
Step: 7061504 SPS: 2699  ev=0.846  ent=0.361  grad=0.58/0.50  h=0.4 c=3.9  kl=0.0291  vl=0.0594
Step: 7065600 SPS: 2699  ev=0.844  ent=0.351  grad=0.55/0.50  h=0.3 c=3.2  kl=0.0323  vl=0.0458
Step: 7069696 SPS: 2699  ev=0.849  ent=0.334  grad=0.46/0.46  h=0.3 c=3.4  kl=0.0529  vl=0.0657
Step: 7073792 SPS: 2699  ev=0.829  ent=0.301  grad=1.18/0.50  h=0.4 c=4.3  kl=0.0291  vl=0.0737
Step: 7077888 SPS: 2699  ev=0.857  ent=0.346  grad=0.41/0.41  h=0.4 c=4.2  kl=0.0232  vl=0.0707
Step: 7081984 SPS: 2699  ev=0.853  ent=0.325  grad=0.28/0.28  h=0.4 c=3.8  kl=0.0432  vl=0.0456
Step: 7086080 SPS: 2699  ev=0.839  ent=0.339  grad=0.33/0.33  h=0.3 c=3.4  kl=0.0370  vl=0.0681
Step: 7090176 SPS: 2700  ev=0.839  ent=0.323  grad=0.28/0.28  h=0.4 c=3.1  kl=0.0456  vl=0.0567
Step: 7094272 SPS: 2700  ev=0.854  ent=0.355  grad=0.58/0.50  h=0.3 c=3.3  kl=0.0419  vl=0.0560
Step: 7098368 SPS: 2700  ev=0.847  ent=0.354  grad=0.36/0.36  h=0.3 c=3.4  kl=0.0220  vl=0.0697
Step: 7102464 SPS: 2700  ev=0.843  ent=0.349  grad=0.49/0.49  h=0.3 c=3.7  kl=0.0299  vl=0.0701
Step: 7106560 SPS: 2700  ev=0.846  ent=0.365  grad=0.27/0.27  h=0.3 c=3.3  kl=0.0313  vl=0.0515
Step: 7110656 SPS: 2701  ev=0.825  ent=0.372  grad=0.27/0.27  h=0.4 c=4.6  kl=0.0265  vl=0.0903
Step: 7114752 SPS: 2701  ev=0.848  ent=0.328  grad=0.55/0.50  h=0.4 c=4.4  kl=0.0377  vl=0.0740
Step: 7118848 SPS: 2701  ev=0.859  ent=0.353  grad=0.31/0.31  h=0.4 c=2.9  kl=0.0674  vl=0.0520
Step: 7122944 SPS: 2701  ev=0.853  ent=0.354  grad=0.32/0.32  h=0.3 c=3.0  kl=0.0281  vl=0.0589
  vs Heur:   43W/56L/1D | score=7.1±12.1 inv=0.0 played=16.4 lanes=5.0 ddraw=2.6 pts=7
  vs Random: 100W/0L/0D | score=20.2±18.5 inv=0.0 played=18.5 lanes=5.0 ddraw=3.5 pts=20
  Self-play: 53W/44L/3D | score=-5.5±13.8 inv=0.0 played=15.1 lanes=5.0 ddraw=1.6 pts=-6
Step: 7127040 SPS: 2701  ev=0.858  ent=0.348  grad=0.40/0.40  h=0.3 c=2.8  kl=0.0312  vl=0.0351
Step: 7131136 SPS: 2702  ev=0.825  ent=0.353  grad=0.52/0.50  h=0.3 c=2.2  kl=0.0409  vl=0.0597
Step: 7135232 SPS: 2702  ev=0.849  ent=0.348  grad=0.51/0.50  h=0.3 c=3.0  kl=0.0168  vl=0.0648
Step: 7139328 SPS: 2702  ev=0.828  ent=0.350  grad=0.38/0.38  h=0.4 c=2.2  kl=0.0225  vl=0.0535
Step: 7143424 SPS: 2702  ev=0.845  ent=0.358  grad=0.26/0.26  h=0.3 c=3.0  kl=0.0452  vl=0.0966
Step: 7147520 SPS: 2702  ev=0.867  ent=0.358  grad=0.35/0.35  h=0.3 c=2.6  kl=0.0269  vl=0.0416
Step: 7151616 SPS: 2703  ev=0.865  ent=0.347  grad=0.64/0.50  h=0.3 c=3.0  kl=0.0341  vl=0.0566
Step: 7155712 SPS: 2703  ev=0.848  ent=0.355  grad=0.38/0.38  h=0.3 c=3.1  kl=0.0238  vl=0.0505
Step: 7159808 SPS: 2703  ev=0.856  ent=0.346  grad=0.73/0.50  h=0.3 c=3.0  kl=0.0322  vl=0.0648
Step: 7163904 SPS: 2703  ev=0.852  ent=0.337  grad=0.51/0.50  h=0.3 c=3.0  kl=0.0359  vl=0.0508
Step: 7168000 SPS: 2703  ev=0.844  ent=0.333  grad=0.29/0.29  h=0.2 c=2.7  kl=0.0458  vl=0.0692
Step: 7172096 SPS: 2704  ev=0.843  ent=0.357  grad=0.40/0.40  h=0.2 c=2.5  kl=0.0213  vl=0.0640
Step: 7176192 SPS: 2704  ev=0.852  ent=0.319  grad=0.46/0.46  h=0.3 c=2.8  kl=0.0341  vl=0.0682
Step: 7180288 SPS: 2704  ev=0.850  ent=0.361  grad=0.50/0.50  h=0.3 c=2.5  kl=0.1288  vl=0.0595
Step: 7184384 SPS: 2704  ev=0.870  ent=0.376  grad=0.59/0.50  h=0.3 c=2.4  kl=0.0341  vl=0.0421
Step: 7188480 SPS: 2704  ev=0.846  ent=0.370  grad=0.61/0.50  h=0.2 c=2.6  kl=0.0260  vl=0.0804
Step: 7192576 SPS: 2705  ev=0.848  ent=0.341  grad=0.37/0.37  h=0.2 c=2.8  kl=0.0236  vl=0.0458
Step: 7196672 SPS: 2705  ev=0.826  ent=0.342  grad=0.31/0.31  h=0.2 c=2.7  kl=0.0178  vl=0.0701
Step: 7200768 SPS: 2705  ev=0.834  ent=0.348  grad=0.31/0.31  h=0.2 c=2.5  kl=0.0710  vl=0.0536
Step: 7204864 SPS: 2705  ev=0.847  ent=0.364  grad=0.43/0.43  h=0.3 c=4.2  kl=0.0397  vl=0.0762
  vs Heur:   43W/56L/3D | score=6.1±12.0 inv=0.0 played=16.4 lanes=5.0 ddraw=2.5 pts=6
  vs Random: 102W/0L/0D | score=26.5±17.1 inv=0.0 played=19.2 lanes=5.0 ddraw=3.6 pts=27
  Self-play: 50W/54L/2D | score=-1.8±12.5 inv=0.0 played=15.5 lanes=5.0 ddraw=1.2 pts=-2
Step: 7208960 SPS: 2705  ev=0.852  ent=0.341  grad=0.53/0.50  h=0.3 c=3.6  kl=0.0294  vl=0.0766
Step: 7213056 SPS: 2706  ev=0.838  ent=0.367  grad=0.39/0.39  h=0.2 c=4.0  kl=0.0382  vl=0.0652
Step: 7217152 SPS: 2706  ev=0.842  ent=0.340  grad=0.33/0.33  h=0.2 c=3.5  kl=0.0208  vl=0.0645
Step: 7221248 SPS: 2706  ev=0.837  ent=0.322  grad=0.91/0.50  h=0.3 c=2.7  kl=0.0395  vl=0.0861
Step: 7225344 SPS: 2706  ev=0.838  ent=0.347  grad=0.68/0.50  h=0.2 c=3.4  kl=0.0494  vl=0.0681
Step: 7229440 SPS: 2706  ev=0.857  ent=0.354  grad=0.52/0.50  h=0.2 c=3.3  kl=0.0376  vl=0.0499
Step: 7233536 SPS: 2707  ev=0.856  ent=0.356  grad=0.38/0.38  h=0.2 c=3.2  kl=0.0329  vl=0.0517
Step: 7237632 SPS: 2707  ev=0.844  ent=0.313  grad=0.33/0.33  h=0.1 c=2.5  kl=0.0337  vl=0.0624
Step: 7241728 SPS: 2707  ev=0.848  ent=0.344  grad=0.52/0.50  h=0.1 c=2.0  kl=0.0472  vl=0.0559
Step: 7245824 SPS: 2707  ev=0.845  ent=0.349  grad=0.46/0.46  h=0.2 c=2.8  kl=0.0337  vl=0.0680
Step: 7249920 SPS: 2707  ev=0.851  ent=0.337  grad=0.70/0.50  h=0.2 c=2.4  kl=0.0301  vl=0.0679
Step: 7254016 SPS: 2708  ev=0.866  ent=0.352  grad=0.47/0.47  h=0.2 c=2.6  kl=0.0245  vl=0.0528
Step: 7258112 SPS: 2708  ev=0.841  ent=0.405  grad=0.45/0.45  h=0.2 c=2.8  kl=0.0422  vl=0.0669
Step: 7262208 SPS: 2708  ev=0.846  ent=0.332  grad=0.52/0.50  h=0.2 c=1.8  kl=0.0506  vl=0.0592
Step: 7266304 SPS: 2708  ev=0.846  ent=0.343  grad=0.30/0.30  h=0.2 c=2.1  kl=0.0205  vl=0.0736
Step: 7270400 SPS: 2708  ev=0.843  ent=0.396  grad=0.27/0.27  h=0.2 c=2.8  kl=0.0369  vl=0.0612
Step: 7274496 SPS: 2709  ev=0.834  ent=0.386  grad=0.32/0.32  h=0.2 c=2.5  kl=0.0349  vl=0.0474
Step: 7278592 SPS: 2709  ev=0.846  ent=0.363  grad=0.34/0.34  h=0.2 c=2.7  kl=0.0342  vl=0.0654
Step: 7282688 SPS: 2709  ev=0.850  ent=0.359  grad=0.43/0.43  h=0.2 c=3.4  kl=0.0558  vl=0.0583
Step: 7286784 SPS: 2709  ev=0.861  ent=0.387  grad=0.39/0.39  h=0.2 c=2.7  kl=0.0302  vl=0.0460
  vs Heur:   41W/62L/1D | score=7.9±11.8 inv=0.0 played=16.5 lanes=5.0 ddraw=2.8 pts=8
  vs Random: 100W/0L/0D | score=28.8±15.7 inv=0.0 played=18.9 lanes=5.0 ddraw=3.0 pts=29
  Self-play: 62W/42L/0D | score=5.0±14.3 inv=0.0 played=16.0 lanes=5.0 ddraw=1.6 pts=5
Step: 7290880 SPS: 2709  ev=0.840  ent=0.364  grad=0.39/0.39  h=0.2 c=3.0  kl=0.0379  vl=0.0583
Step: 7294976 SPS: 2709  ev=0.846  ent=0.353  grad=0.32/0.32  h=0.2 c=2.7  kl=0.0266  vl=0.0545
Step: 7299072 SPS: 2710  ev=0.817  ent=0.354  grad=0.41/0.41  h=0.2 c=2.2  kl=0.0356  vl=0.0577
Step: 7303168 SPS: 2710  ev=0.865  ent=0.354  grad=0.36/0.36  h=0.2 c=2.2  kl=0.0438  vl=0.0676
Step: 7307264 SPS: 2710  ev=0.847  ent=0.361  grad=0.39/0.39  h=0.2 c=2.2  kl=0.0298  vl=0.0656
Step: 7311360 SPS: 2710  ev=0.850  ent=0.364  grad=0.29/0.29  h=0.2 c=2.0  kl=0.0482  vl=0.0578
Step: 7315456 SPS: 2711  ev=0.847  ent=0.338  grad=0.72/0.50  h=0.2 c=1.8  kl=0.0322  vl=0.0544
Step: 7319552 SPS: 2711  ev=0.854  ent=0.331  grad=0.30/0.30  h=0.2 c=1.9  kl=0.0462  vl=0.0677
Step: 7323648 SPS: 2711  ev=0.861  ent=0.358  grad=0.28/0.28  h=0.2 c=1.9  kl=0.0319  vl=0.0619
Step: 7327744 SPS: 2711  ev=0.833  ent=0.359  grad=0.37/0.37  h=0.2 c=1.9  kl=0.0340  vl=0.0737
Step: 7331840 SPS: 2711  ev=0.837  ent=0.365  grad=0.61/0.50  h=0.2 c=2.2  kl=0.0415  vl=0.0784
Step: 7335936 SPS: 2712  ev=0.860  ent=0.353  grad=0.34/0.34  h=0.2 c=1.8  kl=0.0221  vl=0.0737
Step: 7340032 SPS: 2712  ev=0.858  ent=0.335  grad=0.70/0.50  h=0.2 c=2.3  kl=0.0334  vl=0.0764
Step: 7344128 SPS: 2712  ev=0.825  ent=0.344  grad=0.76/0.50  h=0.2 c=1.7  kl=0.0307  vl=0.0624
Step: 7348224 SPS: 2712  ev=0.836  ent=0.346  grad=0.64/0.50  h=0.2 c=1.9  kl=0.0289  vl=0.0847
Step: 7352320 SPS: 2712  ev=0.810  ent=0.345  grad=0.38/0.38  h=0.2 c=2.5  kl=0.0296  vl=0.1163
Step: 7356416 SPS: 2712  ev=0.853  ent=0.357  grad=0.76/0.50  h=0.2 c=1.9  kl=0.0237  vl=0.0646
Step: 7360512 SPS: 2713  ev=0.857  ent=0.351  grad=0.43/0.43  h=0.2 c=2.4  kl=0.0291  vl=0.0679
Step: 7364608 SPS: 2713  ev=0.860  ent=0.337  grad=0.50/0.50  h=0.2 c=2.2  kl=0.0245  vl=0.0665
Step: 7368704 SPS: 2713  ev=0.858  ent=0.365  grad=0.37/0.37  h=0.2 c=2.0  kl=0.0426  vl=0.0527
  vs Heur:   48W/51L/3D | score=8.5±12.4 inv=0.0 played=16.7 lanes=5.0 ddraw=2.4 pts=9
  vs Random: 102W/0L/0D | score=32.2±13.8 inv=0.0 played=19.2 lanes=5.0 ddraw=2.6 pts=32
  Self-play: 53W/47L/0D | score=5.2±12.5 inv=0.0 played=15.8 lanes=5.0 ddraw=0.9 pts=5
Step: 7372800 SPS: 2713  ev=0.844  ent=0.372  grad=0.55/0.50  h=0.2 c=2.1  kl=0.0264  vl=0.0620
Step: 7376896 SPS: 2713  ev=0.852  ent=0.328  grad=0.38/0.38  h=0.2 c=1.6  kl=0.0366  vl=0.0506
Step: 7380992 SPS: 2714  ev=0.848  ent=0.353  grad=0.38/0.38  h=0.2 c=1.5  kl=0.0301  vl=0.0505
Step: 7385088 SPS: 2714  ev=0.828  ent=0.344  grad=0.68/0.50  h=0.2 c=1.7  kl=0.0395  vl=0.0546
Step: 7389184 SPS: 2714  ev=0.841  ent=0.353  grad=0.28/0.28  h=0.2 c=1.4  kl=0.0431  vl=0.0562
Step: 7393280 SPS: 2714  ev=0.850  ent=0.320  grad=0.59/0.50  h=0.2 c=1.5  kl=0.0573  vl=0.0518
Step: 7397376 SPS: 2714  ev=0.845  ent=0.367  grad=0.58/0.50  h=0.2 c=1.8  kl=0.0488  vl=0.0758
Step: 7401472 SPS: 2714  ev=0.853  ent=0.336  grad=0.31/0.31  h=0.2 c=1.3  kl=0.0210  vl=0.0535
Step: 7405568 SPS: 2715  ev=0.843  ent=0.370  grad=0.49/0.49  h=0.2 c=1.7  kl=0.0552  vl=0.0833
Step: 7409664 SPS: 2715  ev=0.836  ent=0.328  grad=0.46/0.46  h=0.2 c=1.4  kl=0.0260  vl=0.0607
Step: 7413760 SPS: 2715  ev=0.828  ent=0.339  grad=0.41/0.41  h=0.1 c=1.8  kl=0.0309  vl=0.0915
Step: 7417856 SPS: 2715  ev=0.834  ent=0.428  grad=0.64/0.50  h=0.2 c=1.5  kl=0.0478  vl=0.0831
Step: 7421952 SPS: 2715  ev=0.829  ent=0.353  grad=0.46/0.46  h=0.2 c=1.3  kl=0.0267  vl=0.0662
Step: 7426048 SPS: 2716  ev=0.791  ent=0.343  grad=0.34/0.34  h=0.1 c=1.2  kl=0.0340  vl=0.0986
Step: 7430144 SPS: 2716  ev=0.853  ent=0.336  grad=0.29/0.29  h=0.1 c=1.2  kl=0.0462  vl=0.0624
Step: 7434240 SPS: 2716  ev=0.847  ent=0.372  grad=0.58/0.50  h=0.2 c=1.4  kl=0.0309  vl=0.0598
Step: 7438336 SPS: 2716  ev=0.835  ent=0.378  grad=0.55/0.50  h=0.1 c=1.5  kl=0.0275  vl=0.0752
Step: 7442432 SPS: 2716  ev=0.848  ent=0.380  grad=0.36/0.36  h=0.1 c=1.3  kl=0.0205  vl=0.0729
Step: 7446528 SPS: 2716  ev=0.856  ent=0.364  grad=0.56/0.50  h=0.1 c=1.4  kl=0.0483  vl=0.0686
Step: 7450624 SPS: 2717  ev=0.838  ent=0.352  grad=0.38/0.38  h=0.2 c=1.2  kl=0.0280  vl=0.0494
  vs Heur:   44W/57L/1D | score=7.3±12.3 inv=0.0 played=16.5 lanes=5.0 ddraw=2.8 pts=7
  vs Random: 100W/0L/0D | score=28.4±14.5 inv=0.0 played=19.0 lanes=5.0 ddraw=2.6 pts=28
  Self-play: 33W/65L/2D | score=-0.5±10.7 inv=0.0 played=15.5 lanes=5.0 ddraw=1.1 pts=-1
Step: 7454720 SPS: 2717  ev=0.833  ent=0.337  grad=0.44/0.44  h=0.1 c=1.1  kl=0.0210  vl=0.0777
Step: 7458816 SPS: 2717  ev=0.834  ent=0.352  grad=0.71/0.50  h=0.1 c=1.3  kl=0.0319  vl=0.0604
Step: 7462912 SPS: 2717  ev=0.851  ent=0.352  grad=0.30/0.30  h=0.1 c=1.1  kl=0.0344  vl=0.0597
Step: 7467008 SPS: 2717  ev=0.809  ent=0.359  grad=0.53/0.50  h=0.1 c=1.1  kl=0.0208  vl=0.0775
Step: 7471104 SPS: 2718  ev=0.863  ent=0.337  grad=0.54/0.50  h=0.1 c=1.0  kl=0.0367  vl=0.0675
Step: 7475200 SPS: 2718  ev=0.834  ent=0.358  grad=0.26/0.26  h=0.1 c=1.1  kl=0.0258  vl=0.0806
Step: 7479296 SPS: 2718  ev=0.842  ent=0.351  grad=0.27/0.27  h=0.2 c=1.0  kl=0.0237  vl=0.0608
Step: 7483392 SPS: 2718  ev=0.846  ent=0.355  grad=0.46/0.46  h=0.1 c=1.1  kl=0.0411  vl=0.0588
Step: 7487488 SPS: 2718  ev=0.822  ent=0.386  grad=0.29/0.29  h=0.1 c=1.2  kl=0.0409  vl=0.0661
Step: 7491584 SPS: 2718  ev=0.856  ent=0.361  grad=0.47/0.47  h=0.1 c=1.1  kl=0.0399  vl=0.0991
Step: 7495680 SPS: 2719  ev=0.862  ent=0.374  grad=0.37/0.37  h=0.1 c=1.2  kl=0.0215  vl=0.0451
Step: 7499776 SPS: 2719  ev=0.814  ent=0.371  grad=0.30/0.30  h=0.1 c=1.2  kl=0.0253  vl=0.0635
Step: 7503872 SPS: 2719  ev=0.842  ent=0.340  grad=0.78/0.50  h=0.1 c=1.1  kl=0.0757  vl=0.0635
Step: 7507968 SPS: 2719  ev=0.857  ent=0.340  grad=0.86/0.50  h=0.1 c=1.3  kl=0.0266  vl=0.0604
Step: 7512064 SPS: 2719  ev=0.854  ent=0.343  grad=0.35/0.35  h=0.1 c=1.2  kl=0.0342  vl=0.0445
Step: 7516160 SPS: 2719  ev=0.853  ent=0.346  grad=0.34/0.34  h=0.1 c=1.4  kl=0.0296  vl=0.0580
Step: 7520256 SPS: 2719  ev=0.822  ent=0.344  grad=0.31/0.31  h=0.1 c=1.4  kl=0.0513  vl=0.0618
Step: 7524352 SPS: 2720  ev=0.828  ent=0.357  grad=0.36/0.36  h=0.1 c=1.2  kl=0.0262  vl=0.0926
Step: 7528448 SPS: 2720  ev=0.847  ent=0.365  grad=0.94/0.50  h=0.1 c=1.4  kl=0.0222  vl=0.0736
Step: 7532544 SPS: 2720  ev=0.828  ent=0.373  grad=0.43/0.43  h=0.1 c=1.3  kl=0.0316  vl=0.0787
  vs Heur:   43W/56L/3D | score=7.1±11.4 inv=0.0 played=16.3 lanes=5.0 ddraw=2.4 pts=7
  vs Random: 100W/0L/0D | score=29.5±13.9 inv=0.0 played=18.9 lanes=5.0 ddraw=3.5 pts=30
  Self-play: 48W/50L/4D | score=3.2±14.3 inv=0.0 played=15.7 lanes=5.0 ddraw=1.0 pts=3
Step: 7536640 SPS: 2720  ev=0.834  ent=0.358  grad=0.29/0.29  h=0.1 c=1.2  kl=0.0222  vl=0.0654
Step: 7540736 SPS: 2720  ev=0.828  ent=0.365  grad=0.43/0.43  h=0.1 c=1.2  kl=0.0372  vl=0.0753
Step: 7544832 SPS: 2720  ev=0.844  ent=0.370  grad=0.36/0.36  h=0.1 c=1.3  kl=0.0240  vl=0.0610
Step: 7548928 SPS: 2721  ev=0.811  ent=0.358  grad=0.33/0.33  h=0.0 c=1.4  kl=0.0464  vl=0.0597
Step: 7553024 SPS: 2721  ev=0.817  ent=0.380  grad=0.43/0.43  h=0.1 c=1.2  kl=0.0327  vl=0.0553
Step: 7557120 SPS: 2721  ev=0.842  ent=0.359  grad=0.48/0.48  h=0.1 c=1.6  kl=0.0278  vl=0.0491
Step: 7561216 SPS: 2721  ev=0.844  ent=0.346  grad=0.44/0.44  h=0.2 c=1.4  kl=0.0294  vl=0.0625
Step: 7565312 SPS: 2721  ev=0.848  ent=0.369  grad=0.36/0.36  h=0.1 c=1.9  kl=0.0242  vl=0.0598
Step: 7569408 SPS: 2721  ev=0.837  ent=0.351  grad=0.49/0.49  h=0.1 c=1.3  kl=0.0359  vl=0.0530
Step: 7573504 SPS: 2721  ev=0.852  ent=0.362  grad=0.38/0.38  h=0.1 c=1.3  kl=0.0484  vl=0.0625
Step: 7577600 SPS: 2722  ev=0.859  ent=0.360  grad=0.37/0.37  h=0.1 c=1.3  kl=0.0257  vl=0.0489
Step: 7581696 SPS: 2722  ev=0.845  ent=0.366  grad=0.48/0.48  h=0.1 c=1.2  kl=0.0491  vl=0.0697
Step: 7585792 SPS: 2722  ev=0.830  ent=0.347  grad=0.27/0.27  h=0.1 c=1.2  kl=0.0329  vl=0.0668
Step: 7589888 SPS: 2722  ev=0.839  ent=0.374  grad=0.63/0.50  h=0.1 c=1.2  kl=0.0185  vl=0.0711
Step: 7593984 SPS: 2723  ev=0.846  ent=0.355  grad=0.41/0.41  h=0.1 c=1.2  kl=0.0423  vl=0.0549
Step: 7598080 SPS: 2723  ev=0.851  ent=0.342  grad=0.50/0.50  h=0.1 c=1.4  kl=0.0341  vl=0.0427
Step: 7602176 SPS: 2723  ev=0.845  ent=0.379  grad=0.63/0.50  h=0.1 c=1.2  kl=0.0827  vl=0.0797
Step: 7606272 SPS: 2723  ev=0.853  ent=0.390  grad=0.45/0.45  h=0.2 c=1.3  kl=0.0437  vl=0.0712
Step: 7610368 SPS: 2723  ev=0.836  ent=0.362  grad=0.39/0.39  h=0.1 c=1.8  kl=0.0235  vl=0.0573
Step: 7614464 SPS: 2723  ev=0.835  ent=0.345  grad=0.49/0.49  h=0.1 c=1.4  kl=0.0308  vl=0.0615
  vs Heur:   47W/52L/1D | score=7.4±13.9 inv=0.0 played=16.5 lanes=5.0 ddraw=2.3 pts=7
  vs Random: 102W/0L/0D | score=31.3±13.6 inv=0.0 played=19.1 lanes=5.0 ddraw=2.9 pts=31
  Self-play: 49W/51L/3D | score=2.0±12.1 inv=0.0 played=15.5 lanes=5.0 ddraw=0.9 pts=2
Step: 7618560 SPS: 2723  ev=0.846  ent=0.333  grad=0.45/0.45  h=0.1 c=1.2  kl=0.0305  vl=0.0760
Step: 7622656 SPS: 2724  ev=0.846  ent=0.337  grad=0.45/0.45  h=0.1 c=1.5  kl=0.0272  vl=0.0660
Step: 7626752 SPS: 2724  ev=0.853  ent=0.331  grad=0.33/0.33  h=0.1 c=1.5  kl=0.0360  vl=0.0749
Step: 7630848 SPS: 2724  ev=0.847  ent=0.347  grad=0.38/0.38  h=0.2 c=1.6  kl=0.0476  vl=0.0575
Step: 7634944 SPS: 2724  ev=0.817  ent=0.338  grad=0.69/0.50  h=0.1 c=1.3  kl=0.0232  vl=0.1110
Step: 7639040 SPS: 2724  ev=0.849  ent=0.372  grad=0.59/0.50  h=0.0 c=1.2  kl=0.0556  vl=0.0676
Step: 7643136 SPS: 2724  ev=0.831  ent=0.340  grad=0.49/0.49  h=0.1 c=1.1  kl=0.0281  vl=0.0776
Step: 7647232 SPS: 2724  ev=0.830  ent=0.341  grad=0.56/0.50  h=0.1 c=1.5  kl=0.0363  vl=0.0723
Step: 7651328 SPS: 2725  ev=0.847  ent=0.362  grad=0.43/0.43  h=0.1 c=1.3  kl=0.0330  vl=0.0596
Step: 7655424 SPS: 2725  ev=0.853  ent=0.370  grad=0.48/0.48  h=0.1 c=1.4  kl=0.0386  vl=0.0450
Step: 7659520 SPS: 2725  ev=0.856  ent=0.353  grad=0.38/0.38  h=0.1 c=1.7  kl=0.0290  vl=0.0599
Step: 7663616 SPS: 2725  ev=0.852  ent=0.334  grad=0.49/0.49  h=0.1 c=1.1  kl=0.0266  vl=0.0670
Step: 7667712 SPS: 2725  ev=0.832  ent=0.339  grad=0.42/0.42  h=0.1 c=1.4  kl=0.0520  vl=0.0611
Step: 7671808 SPS: 2725  ev=0.823  ent=0.311  grad=0.31/0.31  h=0.2 c=1.3  kl=0.0282  vl=0.0738
Step: 7675904 SPS: 2726  ev=0.830  ent=0.348  grad=0.47/0.47  h=0.1 c=1.7  kl=0.0236  vl=0.0743
Step: 7680000 SPS: 2726  ev=0.843  ent=0.360  grad=0.56/0.50  h=0.1 c=1.4  kl=0.0660  vl=0.0628
Step: 7684096 SPS: 2726  ev=0.837  ent=0.351  grad=0.62/0.50  h=0.1 c=1.6  kl=0.0335  vl=0.0607
Step: 7688192 SPS: 2726  ev=0.825  ent=0.372  grad=0.48/0.48  h=0.1 c=1.3  kl=0.0333  vl=0.0662
Step: 7692288 SPS: 2726  ev=0.849  ent=0.342  grad=0.30/0.30  h=0.1 c=1.2  kl=0.0358  vl=0.0586
Step: 7696384 SPS: 2726  ev=0.860  ent=0.349  grad=0.65/0.50  h=0.1 c=1.3  kl=0.0239  vl=0.0457
  vs Heur:   53W/45L/2D | score=9.0±11.6 inv=0.0 played=16.9 lanes=5.0 ddraw=2.8 pts=9
  vs Random: 101W/0L/0D | score=32.5±16.1 inv=0.0 played=19.2 lanes=5.0 ddraw=2.0 pts=33
  Self-play: 53W/52L/0D | score=3.4±12.2 inv=0.0 played=15.6 lanes=5.0 ddraw=0.8 pts=3
Step: 7700480 SPS: 2726  ev=0.840  ent=0.366  grad=0.61/0.50  h=0.1 c=1.4  kl=0.0349  vl=0.0544
Step: 7704576 SPS: 2727  ev=0.829  ent=0.375  grad=0.44/0.44  h=0.1 c=1.4  kl=0.0339  vl=0.0630
Step: 7708672 SPS: 2727  ev=0.858  ent=0.378  grad=0.40/0.40  h=0.1 c=1.3  kl=0.0353  vl=0.0585
Step: 7712768 SPS: 2727  ev=0.850  ent=0.365  grad=0.35/0.35  h=0.1 c=1.3  kl=0.0333  vl=0.0608
Step: 7716864 SPS: 2727  ev=0.843  ent=0.361  grad=0.40/0.40  h=0.1 c=1.2  kl=0.0373  vl=0.0843
Step: 7720960 SPS: 2727  ev=0.835  ent=0.382  grad=0.55/0.50  h=0.1 c=1.2  kl=0.0251  vl=0.0545
Step: 7725056 SPS: 2728  ev=0.844  ent=0.386  grad=0.29/0.29  h=0.1 c=1.3  kl=0.0374  vl=0.0593
Step: 7729152 SPS: 2728  ev=0.832  ent=0.363  grad=0.45/0.45  h=0.1 c=1.2  kl=0.0273  vl=0.0468
Step: 7733248 SPS: 2728  ev=0.858  ent=0.356  grad=0.41/0.41  h=0.1 c=1.5  kl=0.0347  vl=0.0676
Step: 7737344 SPS: 2728  ev=0.829  ent=0.328  grad=0.32/0.32  h=0.1 c=1.3  kl=0.0798  vl=0.0937
Step: 7741440 SPS: 2728  ev=0.830  ent=0.378  grad=0.40/0.40  h=0.1 c=1.6  kl=0.0285  vl=0.0846
Step: 7745536 SPS: 2729  ev=0.845  ent=0.373  grad=0.55/0.50  h=0.1 c=1.4  kl=0.0417  vl=0.0625
Step: 7749632 SPS: 2729  ev=0.837  ent=0.374  grad=0.80/0.50  h=0.1 c=1.5  kl=0.0261  vl=0.0690
Step: 7753728 SPS: 2729  ev=0.863  ent=0.386  grad=0.46/0.46  h=0.1 c=1.2  kl=0.0428  vl=0.0507
Step: 7757824 SPS: 2729  ev=0.826  ent=0.409  grad=0.67/0.50  h=0.2 c=1.3  kl=0.0383  vl=0.0778
Step: 7761920 SPS: 2729  ev=0.843  ent=0.350  grad=0.42/0.42  h=0.1 c=1.3  kl=0.0245  vl=0.0629
Step: 7766016 SPS: 2729  ev=0.828  ent=0.346  grad=0.43/0.43  h=0.1 c=1.2  kl=0.0284  vl=0.0769
Step: 7770112 SPS: 2730  ev=0.833  ent=0.357  grad=0.36/0.36  h=0.1 c=1.5  kl=0.0357  vl=0.0741
Step: 7774208 SPS: 2730  ev=0.842  ent=0.377  grad=0.38/0.38  h=0.1 c=1.3  kl=0.0301  vl=0.0720
Step: 7778304 SPS: 2730  ev=0.863  ent=0.367  grad=0.32/0.32  h=0.1 c=1.7  kl=0.0219  vl=0.0535
  vs Heur:   45W/56L/1D | score=7.2±14.0 inv=0.0 played=16.5 lanes=5.0 ddraw=3.0 pts=7
  vs Random: 100W/0L/0D | score=34.2±14.6 inv=0.0 played=19.5 lanes=5.0 ddraw=1.8 pts=34
  Self-play: 53W/53L/0D | score=1.3±12.7 inv=0.0 played=15.5 lanes=5.0 ddraw=0.8 pts=1
Step: 7782400 SPS: 2730  ev=0.823  ent=0.371  grad=0.71/0.50  h=0.1 c=1.7  kl=0.0246  vl=0.0655
Step: 7786496 SPS: 2730  ev=0.848  ent=0.365  grad=0.36/0.36  h=0.1 c=1.2  kl=0.0450  vl=0.0645
Step: 7790592 SPS: 2730  ev=0.815  ent=0.386  grad=0.43/0.43  h=0.1 c=1.5  kl=0.0433  vl=0.1268
Step: 7794688 SPS: 2731  ev=0.849  ent=0.383  grad=0.83/0.50  h=0.2 c=1.4  kl=0.0193  vl=0.0636
Step: 7798784 SPS: 2731  ev=0.839  ent=0.394  grad=0.54/0.50  h=0.1 c=1.2  kl=0.0474  vl=0.0662
Step: 7802880 SPS: 2731  ev=0.849  ent=0.360  grad=0.47/0.47  h=0.1 c=1.4  kl=0.0337  vl=0.0615
Step: 7806976 SPS: 2731  ev=0.843  ent=0.350  grad=0.55/0.50  h=0.1 c=1.4  kl=0.0222  vl=0.0727
Step: 7811072 SPS: 2731  ev=0.842  ent=0.340  grad=0.73/0.50  h=0.1 c=1.2  kl=0.0404  vl=0.0850
Step: 7815168 SPS: 2731  ev=0.851  ent=0.368  grad=0.43/0.43  h=0.1 c=1.4  kl=0.0280  vl=0.0673
Step: 7819264 SPS: 2732  ev=0.848  ent=0.352  grad=0.34/0.34  h=0.1 c=1.3  kl=0.0187  vl=0.0623
Step: 7823360 SPS: 2732  ev=0.847  ent=0.354  grad=0.54/0.50  h=0.1 c=1.3  kl=0.0298  vl=0.0717
Step: 7827456 SPS: 2732  ev=0.830  ent=0.383  grad=0.58/0.50  h=0.0 c=1.4  kl=0.0344  vl=0.0610
Step: 7831552 SPS: 2732  ev=0.842  ent=0.364  grad=0.57/0.50  h=0.1 c=1.3  kl=0.0252  vl=0.0493
Step: 7835648 SPS: 2732  ev=0.831  ent=0.395  grad=0.27/0.27  h=0.1 c=1.2  kl=0.0419  vl=0.0853
Step: 7839744 SPS: 2732  ev=0.861  ent=0.403  grad=0.34/0.34  h=0.1 c=1.3  kl=0.0347  vl=0.0514
Step: 7843840 SPS: 2732  ev=0.849  ent=0.379  grad=0.38/0.38  h=0.1 c=1.4  kl=0.0274  vl=0.0575
Step: 7847936 SPS: 2733  ev=0.856  ent=0.398  grad=0.43/0.43  h=0.1 c=1.3  kl=0.0307  vl=0.0616
Step: 7852032 SPS: 2733  ev=0.841  ent=0.349  grad=0.27/0.27  h=0.1 c=1.7  kl=0.0216  vl=0.0579
Step: 7856128 SPS: 2733  ev=0.841  ent=0.378  grad=0.39/0.39  h=0.1 c=1.3  kl=0.0308  vl=0.0613
Step: 7860224 SPS: 2733  ev=0.845  ent=0.370  grad=0.63/0.50  h=0.0 c=1.4  kl=0.0250  vl=0.0530
  vs Heur:   49W/52L/1D | score=7.9±11.9 inv=0.0 played=16.3 lanes=5.0 ddraw=2.5 pts=8
  vs Random: 103W/0L/0D | score=29.7±15.7 inv=0.0 played=19.1 lanes=5.0 ddraw=1.6 pts=30
  Self-play: 46W/52L/3D | score=3.8±13.1 inv=0.0 played=15.9 lanes=5.0 ddraw=0.5 pts=4
Step: 7864320 SPS: 2733  ev=0.830  ent=0.390  grad=0.37/0.37  h=0.1 c=1.4  kl=0.0415  vl=0.0686
Step: 7868416 SPS: 2733  ev=0.864  ent=0.385  grad=0.72/0.50  h=0.1 c=1.4  kl=0.0435  vl=0.0790
Step: 7872512 SPS: 2734  ev=0.851  ent=0.325  grad=0.63/0.50  h=0.1 c=1.7  kl=0.0463  vl=0.0514
Step: 7876608 SPS: 2734  ev=0.854  ent=0.386  grad=0.37/0.37  h=0.1 c=1.5  kl=0.0408  vl=0.0627
Step: 7880704 SPS: 2734  ev=0.808  ent=0.354  grad=0.41/0.41  h=0.1 c=1.5  kl=0.0311  vl=0.0797
Step: 7884800 SPS: 2734  ev=0.841  ent=0.355  grad=0.57/0.50  h=0.0 c=1.3  kl=0.0279  vl=0.0581
Step: 7888896 SPS: 2734  ev=0.855  ent=0.369  grad=0.44/0.44  h=0.1 c=1.3  kl=0.0338  vl=0.0593
Step: 7892992 SPS: 2734  ev=0.877  ent=0.344  grad=0.50/0.50  h=0.1 c=1.3  kl=0.0420  vl=0.0480
Step: 7897088 SPS: 2734  ev=0.835  ent=0.390  grad=0.88/0.50  h=0.1 c=1.9  kl=0.0298  vl=0.0616
Step: 7901184 SPS: 2735  ev=0.847  ent=0.322  grad=0.70/0.50  h=0.0 c=1.5  kl=0.0412  vl=0.0710
Step: 7905280 SPS: 2735  ev=0.834  ent=0.325  grad=0.48/0.48  h=0.2 c=1.8  kl=0.0182  vl=0.0624
Step: 7909376 SPS: 2735  ev=0.875  ent=0.361  grad=0.46/0.46  h=0.0 c=1.9  kl=0.0225  vl=0.0564
Step: 7913472 SPS: 2735  ev=0.851  ent=0.354  grad=0.35/0.35  h=0.1 c=1.9  kl=0.0300  vl=0.0537
Step: 7917568 SPS: 2735  ev=0.854  ent=0.342  grad=0.38/0.38  h=0.1 c=2.1  kl=0.0336  vl=0.0644
Step: 7921664 SPS: 2736  ev=0.834  ent=0.336  grad=0.39/0.39  h=0.1 c=2.3  kl=0.0296  vl=0.0668
Step: 7925760 SPS: 2736  ev=0.861  ent=0.328  grad=0.47/0.47  h=0.1 c=2.0  kl=0.0237  vl=0.0565
Step: 7929856 SPS: 2736  ev=0.844  ent=0.322  grad=0.36/0.36  h=0.1 c=2.0  kl=0.0205  vl=0.0641
Step: 7933952 SPS: 2736  ev=0.837  ent=0.365  grad=0.36/0.36  h=0.1 c=2.4  kl=0.0293  vl=0.0798
Step: 7938048 SPS: 2736  ev=0.834  ent=0.315  grad=0.37/0.37  h=0.2 c=2.1  kl=0.0382  vl=0.0661
Step: 7942144 SPS: 2736  ev=0.823  ent=0.341  grad=0.33/0.33  h=0.1 c=2.2  kl=0.0434  vl=0.0702
  vs Heur:   41W/59L/3D | score=7.7±12.4 inv=0.0 played=16.5 lanes=5.0 ddraw=2.4 pts=8
  vs Random: 100W/0L/0D | score=30.3±14.2 inv=0.0 played=19.0 lanes=5.0 ddraw=1.6 pts=30
  Self-play: 53W/47L/3D | score=5.5±13.3 inv=0.0 played=16.1 lanes=5.0 ddraw=0.7 pts=5
Step: 7946240 SPS: 2737  ev=0.830  ent=0.307  grad=0.34/0.34  h=0.1 c=2.0  kl=0.0215  vl=0.0534
Step: 7950336 SPS: 2737  ev=0.848  ent=0.340  grad=0.51/0.50  h=0.1 c=2.1  kl=0.0428  vl=0.0578
Step: 7954432 SPS: 2737  ev=0.827  ent=0.329  grad=0.38/0.38  h=0.1 c=2.3  kl=0.0233  vl=0.0560
Step: 7958528 SPS: 2737  ev=0.840  ent=0.352  grad=0.41/0.41  h=0.1 c=2.5  kl=0.0364  vl=0.0610
Step: 7962624 SPS: 2737  ev=0.827  ent=0.371  grad=0.83/0.50  h=0.1 c=2.3  kl=0.0218  vl=0.0575
Step: 7966720 SPS: 2737  ev=0.838  ent=0.350  grad=0.34/0.34  h=0.1 c=3.0  kl=0.0297  vl=0.0799
Step: 7970816 SPS: 2737  ev=0.852  ent=0.354  grad=0.45/0.45  h=0.1 c=3.1  kl=0.1071  vl=0.0710
Step: 7974912 SPS: 2738  ev=0.840  ent=0.336  grad=0.34/0.34  h=0.1 c=2.8  kl=0.0477  vl=0.0732
Step: 7979008 SPS: 2738  ev=0.860  ent=0.366  grad=0.46/0.46  h=0.2 c=2.9  kl=0.0307  vl=0.0651
Step: 7983104 SPS: 2738  ev=0.800  ent=0.358  grad=0.49/0.49  h=0.1 c=2.8  kl=0.0449  vl=0.0664
Step: 7987200 SPS: 2738  ev=0.847  ent=0.359  grad=0.55/0.50  h=0.2 c=2.6  kl=0.0434  vl=0.0639
Step: 7991296 SPS: 2739  ev=0.843  ent=0.352  grad=0.40/0.40  h=0.2 c=2.2  kl=0.0307  vl=0.0663
Step: 7995392 SPS: 2739  ev=0.853  ent=0.329  grad=0.48/0.48  h=0.1 c=2.3  kl=0.0206  vl=0.0692
Step: 7999488 SPS: 2739  ev=0.861  ent=0.319  grad=0.37/0.37  h=0.1 c=2.3  kl=0.0406  vl=0.0713
Step: 8003584 SPS: 2740  ev=0.836  ent=0.355  grad=0.58/0.50  h=0.0 c=2.7  kl=0.0259  vl=0.0691
Step: 8007680 SPS: 2740  ev=0.864  ent=0.361  grad=0.58/0.50  h=0.1 c=2.3  kl=0.0208  vl=0.0533
Step: 8011776 SPS: 2741  ev=0.851  ent=0.359  grad=0.43/0.43  h=0.2 c=2.3  kl=0.0370  vl=0.0626
Step: 8015872 SPS: 2741  ev=0.849  ent=0.359  grad=0.29/0.29  h=0.1 c=1.9  kl=0.0474  vl=0.0653
Step: 8019968 SPS: 2741  ev=0.831  ent=0.352  grad=0.34/0.34  h=0.1 c=1.8  kl=0.0223  vl=0.0678
Step: 8024064 SPS: 2742  ev=0.852  ent=0.336  grad=0.49/0.49  h=0.2 c=2.4  kl=0.0221  vl=0.0658
  vs Heur:   41W/58L/1D | score=5.8±11.3 inv=0.0 played=16.3 lanes=5.0 ddraw=2.1 pts=6
  vs Random: 100W/0L/0D | score=27.7±13.9 inv=0.0 played=18.8 lanes=5.0 ddraw=1.8 pts=28
  Self-play: 48W/56L/2D | score=2.3±12.1 inv=0.0 played=15.5 lanes=5.0 ddraw=0.8 pts=2
Step: 8028160 SPS: 2742  ev=0.860  ent=0.340  grad=0.46/0.46  h=0.1 c=2.2  kl=0.0285  vl=0.0518
Step: 8032256 SPS: 2742  ev=0.843  ent=0.348  grad=0.35/0.35  h=0.1 c=2.2  kl=0.0252  vl=0.0589
Step: 8036352 SPS: 2742  ev=0.843  ent=0.347  grad=0.42/0.42  h=0.1 c=1.9  kl=0.0403  vl=0.0563
Step: 8040448 SPS: 2743  ev=0.819  ent=0.317  grad=0.55/0.50  h=0.1 c=2.1  kl=0.0382  vl=0.0638
Step: 8044544 SPS: 2743  ev=0.841  ent=0.363  grad=0.32/0.32  h=0.1 c=2.6  kl=0.0308  vl=0.0686
Step: 8048640 SPS: 2743  ev=0.852  ent=0.381  grad=0.77/0.50  h=0.1 c=2.2  kl=0.0227  vl=0.0701
Step: 8052736 SPS: 2744  ev=0.834  ent=0.364  grad=0.56/0.50  h=0.0 c=2.0  kl=0.0181  vl=0.0447
Step: 8056832 SPS: 2744  ev=0.839  ent=0.347  grad=0.55/0.50  h=0.1 c=2.0  kl=0.0338  vl=0.0898
Step: 8060928 SPS: 2744  ev=0.810  ent=0.380  grad=0.63/0.50  h=0.1 c=1.9  kl=0.0208  vl=0.0880
Step: 8065024 SPS: 2745  ev=0.831  ent=0.323  grad=0.29/0.29  h=0.1 c=1.7  kl=0.0370  vl=0.0531
Step: 8069120 SPS: 2745  ev=0.829  ent=0.369  grad=0.40/0.40  h=0.1 c=1.9  kl=0.0236  vl=0.0679
Step: 8073216 SPS: 2745  ev=0.847  ent=0.363  grad=0.44/0.44  h=0.1 c=1.5  kl=0.0350  vl=0.0492
Step: 8077312 SPS: 2745  ev=0.850  ent=0.372  grad=0.63/0.50  h=0.1 c=1.5  kl=0.0322  vl=0.0556
Step: 8081408 SPS: 2746  ev=0.848  ent=0.368  grad=0.45/0.45  h=0.0 c=1.8  kl=0.0250  vl=0.0600
Step: 8085504 SPS: 2746  ev=0.861  ent=0.372  grad=0.36/0.36  h=0.0 c=1.6  kl=0.0281  vl=0.0508
Step: 8089600 SPS: 2746  ev=0.814  ent=0.314  grad=0.63/0.50  h=0.0 c=1.8  kl=0.0365  vl=0.0861
Step: 8093696 SPS: 2747  ev=0.839  ent=0.352  grad=0.40/0.40  h=0.1 c=2.0  kl=0.0608  vl=0.0620
Step: 8097792 SPS: 2747  ev=0.849  ent=0.374  grad=0.48/0.48  h=0.1 c=1.5  kl=0.0351  vl=0.0589
Step: 8101888 SPS: 2747  ev=0.845  ent=0.371  grad=0.56/0.50  h=0.1 c=1.5  kl=0.0215  vl=0.0511
Step: 8105984 SPS: 2748  ev=0.840  ent=0.361  grad=0.37/0.37  h=0.0 c=2.4  kl=0.0261  vl=0.0484
  vs Heur:   43W/55L/2D | score=7.9±12.3 inv=0.0 played=16.5 lanes=5.0 ddraw=2.9 pts=8
  vs Random: 100W/0L/0D | score=28.7±13.5 inv=0.0 played=18.7 lanes=5.0 ddraw=2.2 pts=29
  Self-play: 55W/44L/1D | score=5.1±10.5 inv=0.0 played=15.9 lanes=5.0 ddraw=0.8 pts=5
Step: 8110080 SPS: 2748  ev=0.830  ent=0.343  grad=0.86/0.50  h=0.1 c=2.2  kl=0.0182  vl=0.0705
Step: 8114176 SPS: 2748  ev=0.841  ent=0.366  grad=0.63/0.50  h=0.2 c=1.7  kl=0.0246  vl=0.0592
Step: 8118272 SPS: 2749  ev=0.841  ent=0.383  grad=0.47/0.47  h=0.1 c=2.0  kl=0.0331  vl=0.0554
Step: 8122368 SPS: 2749  ev=0.847  ent=0.372  grad=0.47/0.47  h=0.1 c=2.3  kl=0.0305  vl=0.0518
Step: 8126464 SPS: 2749  ev=0.858  ent=0.382  grad=0.40/0.40  h=0.1 c=2.4  kl=0.0237  vl=0.0638
Step: 8130560 SPS: 2750  ev=0.844  ent=0.345  grad=0.56/0.50  h=0.1 c=1.9  kl=0.0207  vl=0.0644
Step: 8134656 SPS: 2750  ev=0.855  ent=0.346  grad=0.27/0.27  h=0.1 c=2.0  kl=0.0248  vl=0.0781
Step: 8138752 SPS: 2750  ev=0.835  ent=0.351  grad=0.40/0.40  h=0.1 c=1.8  kl=0.0347  vl=0.0711
Step: 8142848 SPS: 2751  ev=0.851  ent=0.361  grad=0.68/0.50  h=0.1 c=2.5  kl=0.0355  vl=0.0590
Step: 8146944 SPS: 2751  ev=0.835  ent=0.334  grad=0.80/0.50  h=0.1 c=1.9  kl=0.0249  vl=0.0852
Step: 8151040 SPS: 2751  ev=0.832  ent=0.362  grad=0.80/0.50  h=0.1 c=1.8  kl=0.0368  vl=0.0719
Step: 8155136 SPS: 2752  ev=0.845  ent=0.390  grad=0.58/0.50  h=0.1 c=2.2  kl=0.0211  vl=0.0576
Step: 8159232 SPS: 2752  ev=0.842  ent=0.356  grad=0.55/0.50  h=0.1 c=2.0  kl=0.0243  vl=0.0608
Step: 8163328 SPS: 2752  ev=0.878  ent=0.371  grad=0.40/0.40  h=0.0 c=2.1  kl=0.0299  vl=0.0490
Step: 8167424 SPS: 2753  ev=0.830  ent=0.386  grad=0.44/0.44  h=0.0 c=1.7  kl=0.0285  vl=0.0692
Step: 8171520 SPS: 2753  ev=0.858  ent=0.365  grad=0.37/0.37  h=0.1 c=1.7  kl=0.0245  vl=0.0754
Step: 8175616 SPS: 2753  ev=0.844  ent=0.385  grad=0.28/0.28  h=0.1 c=1.8  kl=0.0380  vl=0.0677
Step: 8179712 SPS: 2754  ev=0.814  ent=0.330  grad=0.41/0.41  h=0.1 c=2.5  kl=0.0219  vl=0.0484
Step: 8183808 SPS: 2754  ev=0.848  ent=0.399  grad=0.29/0.29  h=0.1 c=1.6  kl=0.0277  vl=0.0561
Step: 8187904 SPS: 2754  ev=0.844  ent=0.413  grad=0.30/0.30  h=0.1 c=2.1  kl=0.0396  vl=0.0915
  vs Heur:   51W/45L/5D | score=9.9±14.1 inv=0.0 played=16.7 lanes=5.0 ddraw=3.2 pts=10
  vs Random: 103W/0L/0D | score=30.0±13.7 inv=0.0 played=19.0 lanes=5.0 ddraw=2.3 pts=30
  Self-play: 47W/52L/2D | score=5.8±13.2 inv=0.0 played=15.9 lanes=5.0 ddraw=1.2 pts=6
Step: 8192000 SPS: 2755  ev=0.851  ent=0.400  grad=0.40/0.40  h=0.0 c=2.5  kl=0.0306  vl=0.0693
Step: 8196096 SPS: 2755  ev=0.867  ent=0.357  grad=0.44/0.44  h=0.1 c=1.4  kl=0.0403  vl=0.0497
Step: 8200192 SPS: 2755  ev=0.860  ent=0.352  grad=0.92/0.50  h=0.1 c=2.0  kl=0.0207  vl=0.0767
Step: 8204288 SPS: 2756  ev=0.831  ent=0.367  grad=0.25/0.25  h=0.1 c=2.2  kl=0.0279  vl=0.0600
Step: 8208384 SPS: 2756  ev=0.851  ent=0.367  grad=0.31/0.31  h=0.1 c=1.7  kl=0.0293  vl=0.0622
Step: 8212480 SPS: 2756  ev=0.851  ent=0.367  grad=0.54/0.50  h=0.1 c=1.7  kl=0.0293  vl=0.0517
Step: 8216576 SPS: 2757  ev=0.851  ent=0.339  grad=0.76/0.50  h=0.1 c=1.9  kl=0.0391  vl=0.0621
Step: 8220672 SPS: 2757  ev=0.857  ent=0.370  grad=0.24/0.24  h=0.1 c=1.6  kl=0.0192  vl=0.0625
Step: 8224768 SPS: 2757  ev=0.852  ent=0.377  grad=0.30/0.30  h=0.1 c=2.0  kl=0.0231  vl=0.0658
Step: 8228864 SPS: 2758  ev=0.855  ent=0.376  grad=0.45/0.45  h=0.0 c=2.2  kl=0.0207  vl=0.0655
Step: 8232960 SPS: 2758  ev=0.861  ent=0.407  grad=0.48/0.48  h=0.1 c=1.8  kl=0.0331  vl=0.0617
Step: 8237056 SPS: 2758  ev=0.854  ent=0.396  grad=0.28/0.28  h=0.1 c=2.0  kl=0.0530  vl=0.0616
Step: 8241152 SPS: 2759  ev=0.839  ent=0.381  grad=0.54/0.50  h=0.1 c=2.0  kl=0.0246  vl=0.0802
Step: 8245248 SPS: 2759  ev=0.850  ent=0.390  grad=0.46/0.46  h=0.1 c=1.9  kl=0.0240  vl=0.0622
Step: 8249344 SPS: 2759  ev=0.870  ent=0.405  grad=0.54/0.50  h=0.1 c=2.2  kl=0.0458  vl=0.0548
Step: 8253440 SPS: 2760  ev=0.857  ent=0.376  grad=0.50/0.50  h=0.1 c=2.0  kl=0.0236  vl=0.0645
Step: 8257536 SPS: 2760  ev=0.861  ent=0.357  grad=0.28/0.28  h=0.0 c=2.1  kl=0.0299  vl=0.0580
Step: 8261632 SPS: 2760  ev=0.841  ent=0.367  grad=0.41/0.41  h=0.0 c=2.2  kl=0.0270  vl=0.0523
Step: 8265728 SPS: 2761  ev=0.870  ent=0.343  grad=0.32/0.32  h=0.0 c=1.9  kl=0.0256  vl=0.0588
Step: 8269824 SPS: 2761  ev=0.836  ent=0.385  grad=0.46/0.46  h=0.1 c=1.8  kl=0.0151  vl=0.0700
  vs Heur:   41W/61L/0D | score=7.3±12.7 inv=0.0 played=16.4 lanes=5.0 ddraw=3.0 pts=7
  vs Random: 104W/0L/0D | score=33.9±14.0 inv=0.0 played=19.7 lanes=5.0 ddraw=2.4 pts=34
  Self-play: 51W/48L/2D | score=6.1±12.7 inv=0.0 played=16.1 lanes=5.0 ddraw=1.1 pts=6
Step: 8273920 SPS: 2761  ev=0.842  ent=0.380  grad=0.37/0.37  h=0.1 c=2.1  kl=0.0223  vl=0.0595
Step: 8278016 SPS: 2762  ev=0.842  ent=0.414  grad=0.40/0.40  h=0.1 c=2.5  kl=0.0228  vl=0.0645
Step: 8282112 SPS: 2762  ev=0.849  ent=0.417  grad=0.32/0.32  h=0.1 c=1.9  kl=0.0315  vl=0.0807
Step: 8286208 SPS: 2762  ev=0.830  ent=0.368  grad=0.56/0.50  h=0.1 c=2.0  kl=0.0226  vl=0.0761
Step: 8290304 SPS: 2763  ev=0.868  ent=0.394  grad=0.60/0.50  h=0.0 c=2.0  kl=0.0252  vl=0.0481
Step: 8294400 SPS: 2763  ev=0.832  ent=0.372  grad=0.40/0.40  h=0.1 c=2.0  kl=0.0290  vl=0.0512
Step: 8298496 SPS: 2763  ev=0.836  ent=0.369  grad=0.35/0.35  h=0.1 c=2.2  kl=0.0283  vl=0.0774
Step: 8302592 SPS: 2764  ev=0.846  ent=0.395  grad=0.78/0.50  h=0.1 c=1.8  kl=0.0276  vl=0.0736
Step: 8306688 SPS: 2764  ev=0.831  ent=0.344  grad=0.37/0.37  h=0.1 c=1.7  kl=0.0331  vl=0.0670
Step: 8310784 SPS: 2764  ev=0.849  ent=0.382  grad=0.58/0.50  h=0.1 c=1.7  kl=0.0326  vl=0.0655
Step: 8314880 SPS: 2765  ev=0.856  ent=0.365  grad=0.37/0.37  h=0.1 c=1.9  kl=0.0357  vl=0.0508
Step: 8318976 SPS: 2765  ev=0.858  ent=0.385  grad=0.25/0.25  h=0.1 c=1.8  kl=0.0282  vl=0.0570
Step: 8323072 SPS: 2765  ev=0.832  ent=0.365  grad=0.40/0.40  h=0.1 c=2.2  kl=0.0280  vl=0.0762
Step: 8327168 SPS: 2766  ev=0.858  ent=0.376  grad=0.26/0.26  h=0.1 c=1.8  kl=0.0315  vl=0.0549
Step: 8331264 SPS: 2766  ev=0.833  ent=0.360  grad=0.29/0.29  h=0.1 c=2.0  kl=0.0236  vl=0.0535
Step: 8335360 SPS: 2766  ev=0.860  ent=0.361  grad=0.34/0.34  h=0.1 c=2.0  kl=0.0587  vl=0.0472
Step: 8339456 SPS: 2767  ev=0.843  ent=0.375  grad=0.36/0.36  h=0.1 c=1.9  kl=0.0252  vl=0.0480
Step: 8343552 SPS: 2767  ev=0.837  ent=0.388  grad=0.47/0.47  h=0.1 c=1.7  kl=0.0324  vl=0.0594
Step: 8347648 SPS: 2767  ev=0.870  ent=0.372  grad=0.82/0.50  h=0.1 c=1.9  kl=0.0253  vl=0.0522
Step: 8351744 SPS: 2768  ev=0.842  ent=0.393  grad=0.34/0.34  h=0.0 c=1.9  kl=0.0327  vl=0.0555
  vs Heur:   40W/62L/3D | score=6.9±12.9 inv=0.0 played=16.4 lanes=5.0 ddraw=2.7 pts=7
  vs Random: 101W/0L/0D | score=31.4±13.7 inv=0.0 played=19.2 lanes=5.0 ddraw=2.9 pts=31
  Self-play: 53W/47L/1D | score=5.2±13.4 inv=0.0 played=16.0 lanes=5.0 ddraw=1.5 pts=5
Step: 8355840 SPS: 2768  ev=0.860  ent=0.352  grad=0.54/0.50  h=0.1 c=1.9  kl=0.0347  vl=0.0638
Step: 8359936 SPS: 2768  ev=0.849  ent=0.405  grad=0.36/0.36  h=0.1 c=2.1  kl=0.0297  vl=0.0657
Step: 8364032 SPS: 2768  ev=0.858  ent=0.406  grad=0.37/0.37  h=0.1 c=1.8  kl=0.0331  vl=0.0545
Step: 8368128 SPS: 2769  ev=0.870  ent=0.400  grad=0.43/0.43  h=0.1 c=2.0  kl=0.0299  vl=0.0517
Step: 8372224 SPS: 2769  ev=0.827  ent=0.411  grad=0.72/0.50  h=0.1 c=2.2  kl=0.0328  vl=0.0672
Step: 8376320 SPS: 2769  ev=0.858  ent=0.356  grad=0.47/0.47  h=0.1 c=2.4  kl=0.0230  vl=0.0540
Step: 8380416 SPS: 2770  ev=0.845  ent=0.382  grad=0.48/0.48  h=0.1 c=1.7  kl=0.0267  vl=0.0509
Step: 8384512 SPS: 2770  ev=0.864  ent=0.388  grad=0.48/0.48  h=0.1 c=2.3  kl=0.0221  vl=0.0495
Step: 8388608 SPS: 2770  ev=0.843  ent=0.397  grad=0.51/0.50  h=0.1 c=2.2  kl=0.0231  vl=0.1225
Step: 8392704 SPS: 2771  ev=0.865  ent=0.354  grad=0.39/0.39  h=0.1 c=1.8  kl=0.0344  vl=0.0573
Step: 8396800 SPS: 2771  ev=0.836  ent=0.359  grad=0.54/0.50  h=0.1 c=2.3  kl=0.0261  vl=0.0687
Step: 8400896 SPS: 2771  ev=0.858  ent=0.381  grad=0.52/0.50  h=0.1 c=2.0  kl=0.0599  vl=0.0739
Step: 8404992 SPS: 2772  ev=0.844  ent=0.358  grad=0.76/0.50  h=0.1 c=1.8  kl=0.0187  vl=0.0725
Step: 8409088 SPS: 2772  ev=0.808  ent=0.341  grad=0.53/0.50  h=0.1 c=1.9  kl=0.0252  vl=0.0789
Step: 8413184 SPS: 2772  ev=0.817  ent=0.329  grad=0.39/0.39  h=0.1 c=2.5  kl=0.0240  vl=0.0611
Step: 8417280 SPS: 2773  ev=0.834  ent=0.371  grad=2.26/0.50  h=0.1 c=2.2  kl=0.0334  vl=0.0702
Step: 8421376 SPS: 2773  ev=0.854  ent=0.378  grad=0.30/0.30  h=0.1 c=2.1  kl=0.0279  vl=0.0512
Step: 8425472 SPS: 2773  ev=0.859  ent=0.366  grad=0.37/0.37  h=0.1 c=1.7  kl=0.0364  vl=0.0636
Step: 8429568 SPS: 2774  ev=0.837  ent=0.371  grad=0.41/0.41  h=0.1 c=1.9  kl=0.0232  vl=0.0689
Step: 8433664 SPS: 2774  ev=0.839  ent=0.363  grad=0.43/0.43  h=0.2 c=2.0  kl=0.0255  vl=0.0704
  vs Heur:   50W/49L/2D | score=8.1±11.2 inv=0.0 played=16.7 lanes=5.0 ddraw=2.9 pts=8
  vs Random: 101W/0L/0D | score=32.6±11.2 inv=0.0 played=19.4 lanes=5.0 ddraw=2.3 pts=33
  Self-play: 47W/51L/2D | score=5.3±12.2 inv=0.0 played=16.1 lanes=5.0 ddraw=1.2 pts=5
Step: 8437760 SPS: 2775  ev=0.855  ent=0.376  grad=0.43/0.43  h=0.1 c=1.5  kl=0.0268  vl=0.0438
Step: 8441856 SPS: 2775  ev=0.850  ent=0.370  grad=0.65/0.50  h=0.1 c=2.3  kl=0.0203  vl=0.0758
Step: 8445952 SPS: 2775  ev=0.826  ent=0.400  grad=0.54/0.50  h=0.1 c=1.9  kl=0.0324  vl=0.0973
Step: 8450048 SPS: 2776  ev=0.850  ent=0.352  grad=0.49/0.49  h=0.0 c=1.8  kl=0.0237  vl=0.0476
Step: 8454144 SPS: 2776  ev=0.844  ent=0.349  grad=0.81/0.50  h=0.1 c=1.9  kl=0.0375  vl=0.0700
Step: 8458240 SPS: 2776  ev=0.852  ent=0.342  grad=0.50/0.50  h=0.0 c=1.9  kl=0.0194  vl=0.0584
Step: 8462336 SPS: 2776  ev=0.864  ent=0.366  grad=0.75/0.50  h=0.0 c=1.7  kl=0.0331  vl=0.0606
Step: 8466432 SPS: 2777  ev=0.871  ent=0.351  grad=0.38/0.38  h=0.1 c=2.1  kl=0.0302  vl=0.0511
Step: 8470528 SPS: 2777  ev=0.823  ent=0.355  grad=0.42/0.42  h=0.1 c=1.9  kl=0.0227  vl=0.0788
Step: 8474624 SPS: 2777  ev=0.840  ent=0.370  grad=0.43/0.43  h=0.0 c=1.6  kl=0.0344  vl=0.0606
Step: 8478720 SPS: 2778  ev=0.860  ent=0.377  grad=0.77/0.50  h=0.1 c=1.7  kl=0.0271  vl=0.0683
Step: 8482816 SPS: 2778  ev=0.827  ent=0.342  grad=0.38/0.38  h=0.1 c=1.8  kl=0.0262  vl=0.0906
Step: 8486912 SPS: 2778  ev=0.843  ent=0.353  grad=0.37/0.37  h=0.1 c=1.6  kl=0.0310  vl=0.0643
Step: 8491008 SPS: 2779  ev=0.853  ent=0.353  grad=0.53/0.50  h=0.1 c=1.7  kl=0.0310  vl=0.0528
Step: 8495104 SPS: 2779  ev=0.833  ent=0.363  grad=0.42/0.42  h=0.0 c=2.1  kl=0.0264  vl=0.0607
Step: 8499200 SPS: 2779  ev=0.855  ent=0.411  grad=0.41/0.41  h=0.0 c=2.1  kl=0.0251  vl=0.0491
Step: 8503296 SPS: 2780  ev=0.854  ent=0.367  grad=1.03/0.50  h=0.0 c=1.8  kl=0.0447  vl=0.0844
Step: 8507392 SPS: 2780  ev=0.846  ent=0.383  grad=0.45/0.45  h=0.0 c=1.8  kl=0.0723  vl=0.0738
Step: 8511488 SPS: 2780  ev=0.860  ent=0.374  grad=0.34/0.34  h=0.1 c=2.2  kl=0.0277  vl=0.0560
Step: 8515584 SPS: 2781  ev=0.857  ent=0.354  grad=0.42/0.42  h=0.0 c=2.1  kl=0.0196  vl=0.0475
  vs Heur:   34W/63L/4D | score=6.7±11.5 inv=0.0 played=16.1 lanes=5.0 ddraw=3.3 pts=7
  vs Random: 101W/0L/0D | score=29.5±13.8 inv=0.0 played=19.1 lanes=5.0 ddraw=2.3 pts=29
  Self-play: 52W/49L/4D | score=6.4±12.5 inv=0.0 played=16.1 lanes=5.0 ddraw=1.4 pts=6
Step: 8519680 SPS: 2781  ev=0.855  ent=0.410  grad=0.49/0.49  h=0.0 c=2.2  kl=0.0286  vl=0.0687
Step: 8523776 SPS: 2781  ev=0.860  ent=0.364  grad=0.84/0.50  h=0.0 c=2.1  kl=0.0378  vl=0.0623
Step: 8527872 SPS: 2781  ev=0.872  ent=0.355  grad=0.23/0.23  h=0.0 c=2.5  kl=0.0177  vl=0.0583
Step: 8531968 SPS: 2782  ev=0.855  ent=0.381  grad=0.38/0.38  h=0.0 c=2.4  kl=0.0265  vl=0.0680
Step: 8536064 SPS: 2782  ev=0.851  ent=0.412  grad=0.62/0.50  h=0.1 c=2.4  kl=0.0317  vl=0.0574
Step: 8540160 SPS: 2782  ev=0.848  ent=0.367  grad=0.38/0.38  h=0.1 c=2.7  kl=0.0186  vl=0.0704
Step: 8544256 SPS: 2782  ev=0.845  ent=0.386  grad=0.55/0.50  h=0.0 c=2.4  kl=0.0241  vl=0.0739
Step: 8548352 SPS: 2783  ev=0.855  ent=0.387  grad=0.40/0.40  h=0.1 c=2.2  kl=0.0200  vl=0.0618
Step: 8552448 SPS: 2783  ev=0.847  ent=0.372  grad=0.76/0.50  h=0.1 c=2.4  kl=0.0544  vl=0.0567
Step: 8556544 SPS: 2783  ev=0.855  ent=0.345  grad=0.54/0.50  h=0.0 c=2.4  kl=0.0391  vl=0.0548
Step: 8560640 SPS: 2784  ev=0.845  ent=0.352  grad=0.50/0.50  h=0.1 c=2.1  kl=0.0288  vl=0.0667
Step: 8564736 SPS: 2784  ev=0.854  ent=0.371  grad=0.26/0.26  h=0.0 c=2.4  kl=0.0273  vl=0.0653
Step: 8568832 SPS: 2784  ev=0.858  ent=0.363  grad=0.49/0.49  h=0.1 c=2.3  kl=0.0245  vl=0.0674
Step: 8572928 SPS: 2785  ev=0.854  ent=0.371  grad=0.50/0.50  h=0.0 c=2.0  kl=0.0536  vl=0.0776
Step: 8577024 SPS: 2785  ev=0.857  ent=0.344  grad=0.44/0.44  h=0.0 c=2.1  kl=0.0322  vl=0.0602
Step: 8581120 SPS: 2785  ev=0.827  ent=0.371  grad=0.35/0.35  h=0.0 c=2.1  kl=0.0262  vl=0.0722
Step: 8585216 SPS: 2786  ev=0.844  ent=0.363  grad=0.67/0.50  h=0.0 c=2.2  kl=0.0356  vl=0.0739
Step: 8589312 SPS: 2786  ev=0.862  ent=0.322  grad=0.57/0.50  h=0.0 c=1.9  kl=0.0385  vl=0.0568
Step: 8593408 SPS: 2786  ev=0.852  ent=0.375  grad=0.45/0.45  h=0.0 c=2.3  kl=0.0313  vl=0.0640
Step: 8597504 SPS: 2787  ev=0.842  ent=0.361  grad=0.63/0.50  h=0.0 c=1.9  kl=0.0289  vl=0.0508
  vs Heur:   40W/60L/2D | score=6.1±10.3 inv=0.0 played=16.4 lanes=5.0 ddraw=2.8 pts=6
  vs Random: 102W/0L/0D | score=30.4±13.5 inv=0.0 played=19.0 lanes=5.0 ddraw=1.2 pts=30
  Self-play: 54W/53L/0D | score=6.0±12.6 inv=0.0 played=15.9 lanes=5.0 ddraw=0.7 pts=6
Step: 8601600 SPS: 2787  ev=0.845  ent=0.356  grad=0.52/0.50  h=0.0 c=1.9  kl=0.0385  vl=0.0412
Step: 8605696 SPS: 2787  ev=0.846  ent=0.362  grad=0.78/0.50  h=0.0 c=2.3  kl=0.0204  vl=0.0591
Step: 8609792 SPS: 2788  ev=0.840  ent=0.373  grad=0.45/0.45  h=0.0 c=2.9  kl=0.0325  vl=0.0516
Step: 8613888 SPS: 2788  ev=0.854  ent=0.359  grad=0.49/0.49  h=0.1 c=2.2  kl=0.0259  vl=0.0508
Step: 8617984 SPS: 2788  ev=0.848  ent=0.399  grad=0.34/0.34  h=0.1 c=2.4  kl=0.0231  vl=0.0439
Step: 8622080 SPS: 2788  ev=0.839  ent=0.334  grad=0.26/0.26  h=0.1 c=2.4  kl=0.0196  vl=0.0705
Step: 8626176 SPS: 2789  ev=0.855  ent=0.359  grad=0.33/0.33  h=0.0 c=2.4  kl=0.0418  vl=0.0687
Step: 8630272 SPS: 2789  ev=0.859  ent=0.343  grad=0.40/0.40  h=0.0 c=2.4  kl=0.0358  vl=0.0517
Step: 8634368 SPS: 2789  ev=0.834  ent=0.378  grad=0.45/0.45  h=0.0 c=2.8  kl=0.0288  vl=0.0551
Step: 8638464 SPS: 2790  ev=0.850  ent=0.349  grad=0.50/0.50  h=0.0 c=2.0  kl=0.0411  vl=0.0588
Step: 8642560 SPS: 2790  ev=0.819  ent=0.330  grad=0.49/0.49  h=0.1 c=2.3  kl=0.0285  vl=0.0731
Step: 8646656 SPS: 2790  ev=0.855  ent=0.381  grad=0.39/0.39  h=0.0 c=2.4  kl=0.0352  vl=0.0575
Step: 8650752 SPS: 2790  ev=0.856  ent=0.328  grad=0.39/0.39  h=0.0 c=2.1  kl=0.0401  vl=0.0634
Step: 8654848 SPS: 2791  ev=0.858  ent=0.337  grad=0.37/0.37  h=0.0 c=2.1  kl=0.0259  vl=0.0509
Step: 8658944 SPS: 2791  ev=0.861  ent=0.351  grad=0.43/0.43  h=0.0 c=2.1  kl=0.0344  vl=0.0574
Step: 8663040 SPS: 2791  ev=0.825  ent=0.343  grad=0.29/0.29  h=0.0 c=2.4  kl=0.0338  vl=0.0655
Step: 8667136 SPS: 2791  ev=0.846  ent=0.364  grad=0.38/0.38  h=0.0 c=2.1  kl=0.0335  vl=0.0640
Step: 8671232 SPS: 2792  ev=0.828  ent=0.358  grad=0.50/0.50  h=0.0 c=2.3  kl=0.0294  vl=0.0632
Step: 8675328 SPS: 2792  ev=0.845  ent=0.343  grad=0.39/0.39  h=0.0 c=2.2  kl=0.0228  vl=0.0614
Step: 8679424 SPS: 2792  ev=0.842  ent=0.339  grad=0.49/0.49  h=0.0 c=2.0  kl=0.0268  vl=0.0521
  vs Heur:   50W/53L/0D | score=9.1±13.1 inv=0.0 played=16.7 lanes=5.0 ddraw=3.0 pts=9
  vs Random: 100W/0L/0D | score=29.0±12.9 inv=0.0 played=18.7 lanes=5.0 ddraw=1.4 pts=29
  Self-play: 43W/60L/0D | score=4.9±12.8 inv=0.0 played=16.1 lanes=5.0 ddraw=0.7 pts=5
Step: 8683520 SPS: 2792  ev=0.846  ent=0.332  grad=0.24/0.24  h=0.0 c=2.2  kl=0.0414  vl=0.0526
Step: 8687616 SPS: 2793  ev=0.850  ent=0.354  grad=0.50/0.50  h=0.0 c=1.8  kl=0.0421  vl=0.0652
Step: 8691712 SPS: 2793  ev=0.843  ent=0.327  grad=0.84/0.50  h=0.0 c=2.4  kl=0.0325  vl=0.0632
Step: 8695808 SPS: 2793  ev=0.871  ent=0.358  grad=0.78/0.50  h=0.0 c=2.1  kl=0.0270  vl=0.0521
Step: 8699904 SPS: 2794  ev=0.854  ent=0.341  grad=0.34/0.34  h=0.0 c=2.1  kl=0.0245  vl=0.0686
Step: 8704000 SPS: 2794  ev=0.844  ent=0.327  grad=0.40/0.40  h=0.0 c=2.4  kl=0.0276  vl=0.0507
Step: 8708096 SPS: 2794  ev=0.854  ent=0.336  grad=0.62/0.50  h=0.0 c=2.4  kl=0.0270  vl=0.0610
Step: 8712192 SPS: 2794  ev=0.852  ent=0.348  grad=0.72/0.50  h=0.0 c=1.8  kl=0.0174  vl=0.0469
Step: 8716288 SPS: 2795  ev=0.833  ent=0.330  grad=0.38/0.38  h=0.1 c=2.0  kl=0.0266  vl=0.0818
Step: 8720384 SPS: 2795  ev=0.844  ent=0.344  grad=0.34/0.34  h=0.1 c=2.0  kl=0.0298  vl=0.0675
Step: 8724480 SPS: 2795  ev=0.864  ent=0.332  grad=0.57/0.50  h=0.0 c=2.1  kl=0.0298  vl=0.0619
Step: 8728576 SPS: 2796  ev=0.865  ent=0.329  grad=0.32/0.32  h=0.0 c=1.5  kl=0.0284  vl=0.0613
Step: 8732672 SPS: 2796  ev=0.871  ent=0.368  grad=0.36/0.36  h=0.1 c=1.9  kl=0.0264  vl=0.0362
Step: 8736768 SPS: 2796  ev=0.821  ent=0.347  grad=0.31/0.31  h=0.0 c=2.0  kl=0.0543  vl=0.0520
Step: 8740864 SPS: 2796  ev=0.844  ent=0.361  grad=0.54/0.50  h=0.1 c=1.6  kl=0.0322  vl=0.0382
Step: 8744960 SPS: 2797  ev=0.847  ent=0.338  grad=0.31/0.31  h=0.0 c=1.4  kl=0.0222  vl=0.0524
Step: 8749056 SPS: 2797  ev=0.842  ent=0.324  grad=0.75/0.50  h=0.0 c=1.4  kl=0.0284  vl=0.0583
Step: 8753152 SPS: 2797  ev=0.862  ent=0.329  grad=0.41/0.41  h=0.0 c=1.7  kl=0.0335  vl=0.0692
Step: 8757248 SPS: 2798  ev=0.853  ent=0.335  grad=0.71/0.50  h=0.0 c=1.5  kl=0.0220  vl=0.0633
Step: 8761344 SPS: 2798  ev=0.830  ent=0.341  grad=0.72/0.50  h=0.0 c=1.3  kl=0.0353  vl=0.0552
  vs Heur:   40W/60L/2D | score=8.2±12.4 inv=0.0 played=16.6 lanes=5.0 ddraw=2.7 pts=8
  vs Random: 100W/0L/0D | score=32.5±14.4 inv=0.0 played=19.4 lanes=5.0 ddraw=1.5 pts=32
  Self-play: 56W/47L/3D | score=5.9±12.5 inv=0.0 played=15.8 lanes=5.0 ddraw=0.8 pts=6
Step: 8765440 SPS: 2798  ev=0.841  ent=0.314  grad=0.27/0.27  h=0.0 c=1.5  kl=0.0312  vl=0.0456
Step: 8769536 SPS: 2799  ev=0.819  ent=0.323  grad=0.38/0.38  h=0.0 c=1.5  kl=0.0165  vl=0.0751
Step: 8773632 SPS: 2799  ev=0.827  ent=0.323  grad=0.32/0.32  h=0.0 c=1.6  kl=0.0331  vl=0.0595
Step: 8777728 SPS: 2799  ev=0.818  ent=0.287  grad=0.58/0.50  h=0.1 c=2.0  kl=0.0214  vl=0.0732
Step: 8781824 SPS: 2799  ev=0.846  ent=0.299  grad=0.50/0.50  h=0.0 c=2.0  kl=0.0343  vl=0.0599
Step: 8785920 SPS: 2800  ev=0.868  ent=0.300  grad=0.44/0.44  h=0.0 c=1.6  kl=0.0521  vl=0.0617
Step: 8790016 SPS: 2800  ev=0.840  ent=0.358  grad=0.37/0.37  h=0.0 c=1.7  kl=0.0334  vl=0.0699
Step: 8794112 SPS: 2800  ev=0.871  ent=0.338  grad=0.34/0.34  h=0.0 c=1.6  kl=0.0303  vl=0.0546
Step: 8798208 SPS: 2801  ev=0.850  ent=0.323  grad=0.47/0.47  h=0.0 c=1.5  kl=0.0235  vl=0.0667
Step: 8802304 SPS: 2801  ev=0.833  ent=0.331  grad=0.42/0.42  h=0.0 c=1.4  kl=0.0389  vl=0.0786
Step: 8806400 SPS: 2801  ev=0.820  ent=0.329  grad=0.34/0.34  h=0.0 c=1.6  kl=0.0243  vl=0.0648
Step: 8810496 SPS: 2802  ev=0.832  ent=0.341  grad=0.45/0.45  h=0.0 c=1.3  kl=0.0430  vl=0.0748
Step: 8814592 SPS: 2802  ev=0.861  ent=0.339  grad=0.51/0.50  h=0.1 c=1.3  kl=0.0541  vl=0.0578
Step: 8818688 SPS: 2802  ev=0.838  ent=0.305  grad=0.32/0.32  h=0.0 c=1.1  kl=0.0323  vl=0.0668
Step: 8822784 SPS: 2803  ev=0.824  ent=0.289  grad=0.27/0.27  h=0.1 c=1.4  kl=0.0278  vl=0.0638
Step: 8826880 SPS: 2803  ev=0.856  ent=0.326  grad=0.38/0.38  h=0.0 c=1.5  kl=0.0268  vl=0.0572
Step: 8830976 SPS: 2804  ev=0.851  ent=0.320  grad=0.48/0.48  h=0.0 c=1.3  kl=0.0224  vl=0.0505
Step: 8835072 SPS: 2804  ev=0.834  ent=0.344  grad=0.52/0.50  h=0.1 c=1.5  kl=0.0675  vl=0.0563
Step: 8839168 SPS: 2804  ev=0.844  ent=0.328  grad=0.62/0.50  h=0.0 c=1.7  kl=0.0266  vl=0.0668
Step: 8843264 SPS: 2804  ev=0.857  ent=0.306  grad=0.65/0.50  h=0.0 c=1.5  kl=0.0355  vl=0.0706
  vs Heur:   47W/51L/2D | score=7.6±12.4 inv=0.0 played=16.5 lanes=5.0 ddraw=2.5 pts=8
  vs Random: 100W/0L/0D | score=27.4±15.6 inv=0.0 played=18.6 lanes=5.0 ddraw=1.6 pts=27
  Self-play: 47W/58L/2D | score=5.4±12.0 inv=0.0 played=16.0 lanes=5.0 ddraw=0.7 pts=5
Step: 8847360 SPS: 2805  ev=0.848  ent=0.299  grad=0.41/0.41  h=0.0 c=1.5  kl=0.0345  vl=0.0609
Step: 8851456 SPS: 2805  ev=0.838  ent=0.311  grad=0.22/0.22  h=0.0 c=1.6  kl=0.0377  vl=0.0770
Step: 8855552 SPS: 2805  ev=0.842  ent=0.319  grad=0.47/0.47  h=0.0 c=1.6  kl=0.0274  vl=0.0528
Step: 8859648 SPS: 2806  ev=0.862  ent=0.321  grad=0.32/0.32  h=0.1 c=1.4  kl=0.0258  vl=0.0515
Step: 8863744 SPS: 2806  ev=0.826  ent=0.319  grad=0.34/0.34  h=0.1 c=1.9  kl=0.0259  vl=0.0756
Step: 8867840 SPS: 2806  ev=0.859  ent=0.317  grad=0.41/0.41  h=0.0 c=1.4  kl=0.0221  vl=0.0499
Step: 8871936 SPS: 2807  ev=0.828  ent=0.314  grad=0.30/0.30  h=0.0 c=1.6  kl=0.0299  vl=0.0617
Step: 8876032 SPS: 2807  ev=0.848  ent=0.342  grad=0.31/0.31  h=0.0 c=2.0  kl=0.0288  vl=0.0591
Step: 8880128 SPS: 2807  ev=0.856  ent=0.324  grad=0.68/0.50  h=0.0 c=1.5  kl=0.0224  vl=0.0585
Step: 8884224 SPS: 2808  ev=0.824  ent=0.321  grad=0.38/0.38  h=0.0 c=1.9  kl=0.0340  vl=0.0683
Step: 8888320 SPS: 2808  ev=0.844  ent=0.324  grad=0.53/0.50  h=0.0 c=1.6  kl=0.0284  vl=0.0625
Step: 8892416 SPS: 2808  ev=0.837  ent=0.333  grad=0.42/0.42  h=0.0 c=1.5  kl=0.0320  vl=0.0731
Step: 8896512 SPS: 2808  ev=0.825  ent=0.355  grad=0.34/0.34  h=0.0 c=1.7  kl=0.0242  vl=0.0652
Step: 8900608 SPS: 2809  ev=0.825  ent=0.351  grad=0.41/0.41  h=0.0 c=2.3  kl=0.0210  vl=0.0842
Step: 8904704 SPS: 2809  ev=0.855  ent=0.350  grad=0.42/0.42  h=0.0 c=1.7  kl=0.0414  vl=0.0510
Step: 8908800 SPS: 2809  ev=0.842  ent=0.358  grad=0.62/0.50  h=0.0 c=1.6  kl=0.0341  vl=0.1017
Step: 8912896 SPS: 2810  ev=0.846  ent=0.322  grad=0.51/0.50  h=0.0 c=1.9  kl=0.0262  vl=0.0484
Step: 8916992 SPS: 2810  ev=0.861  ent=0.362  grad=0.53/0.50  h=0.1 c=1.6  kl=0.0272  vl=0.0513
Step: 8921088 SPS: 2810  ev=0.817  ent=0.340  grad=0.57/0.50  h=0.0 c=1.4  kl=0.0217  vl=0.0652
Step: 8925184 SPS: 2811  ev=0.846  ent=0.326  grad=0.42/0.42  h=0.0 c=1.8  kl=0.0193  vl=0.0469
  vs Heur:   44W/54L/3D | score=9.3±12.8 inv=0.0 played=16.6 lanes=5.0 ddraw=2.7 pts=9
  vs Random: 100W/0L/0D | score=26.7±14.4 inv=0.0 played=18.6 lanes=5.0 ddraw=1.3 pts=27
  Self-play: 44W/55L/3D | score=3.8±13.7 inv=0.0 played=15.6 lanes=5.0 ddraw=0.9 pts=4
Step: 8929280 SPS: 2811  ev=0.850  ent=0.361  grad=0.70/0.50  h=0.0 c=1.6  kl=0.0365  vl=0.0592
Step: 8933376 SPS: 2811  ev=0.846  ent=0.364  grad=0.72/0.50  h=0.0 c=1.6  kl=0.0407  vl=0.0641
Step: 8937472 SPS: 2811  ev=0.835  ent=0.342  grad=0.46/0.46  h=0.1 c=1.3  kl=0.0300  vl=0.0703
Step: 8941568 SPS: 2811  ev=0.852  ent=0.374  grad=0.37/0.37  h=0.0 c=1.7  kl=0.0518  vl=0.0649
Step: 8945664 SPS: 2812  ev=0.851  ent=0.348  grad=0.31/0.31  h=0.0 c=1.5  kl=0.0409  vl=0.0617
Step: 8949760 SPS: 2812  ev=0.857  ent=0.325  grad=0.39/0.39  h=0.0 c=1.7  kl=0.0347  vl=0.0623
Step: 8953856 SPS: 2812  ev=0.825  ent=0.334  grad=0.27/0.27  h=0.0 c=1.4  kl=0.0177  vl=0.0456
Step: 8957952 SPS: 2813  ev=0.841  ent=0.360  grad=0.42/0.42  h=0.0 c=1.7  kl=0.0192  vl=0.0611
Step: 8962048 SPS: 2813  ev=0.830  ent=0.326  grad=0.27/0.27  h=0.0 c=1.8  kl=0.0256  vl=0.0983
Step: 8966144 SPS: 2814  ev=0.824  ent=0.351  grad=0.51/0.50  h=0.1 c=1.5  kl=0.0234  vl=0.0654
Step: 8970240 SPS: 2814  ev=0.870  ent=0.367  grad=0.36/0.36  h=0.0 c=1.5  kl=0.0282  vl=0.0658
Step: 8974336 SPS: 2815  ev=0.860  ent=0.350  grad=0.35/0.35  h=0.0 c=1.8  kl=0.0276  vl=0.0573
Step: 8978432 SPS: 2815  ev=0.823  ent=0.348  grad=0.43/0.43  h=0.1 c=2.1  kl=0.0322  vl=0.0619
Step: 8982528 SPS: 2815  ev=0.859  ent=0.326  grad=0.34/0.34  h=0.0 c=1.3  kl=0.0349  vl=0.0752
Step: 8986624 SPS: 2816  ev=0.816  ent=0.335  grad=0.36/0.36  h=0.1 c=1.3  kl=0.0400  vl=0.0827
Step: 8990720 SPS: 2816  ev=0.840  ent=0.346  grad=0.28/0.28  h=0.1 c=1.4  kl=0.0315  vl=0.0712
Step: 8994816 SPS: 2817  ev=0.853  ent=0.309  grad=0.35/0.35  h=0.1 c=1.3  kl=0.0269  vl=0.0492
Step: 8998912 SPS: 2817  ev=0.841  ent=0.314  grad=0.43/0.43  h=0.0 c=1.5  kl=0.0181  vl=0.0476
Step: 9003008 SPS: 2818  ev=0.855  ent=0.324  grad=0.36/0.36  h=0.0 c=1.8  kl=0.0195  vl=0.0499
Step: 9007104 SPS: 2818  ev=0.840  ent=0.341  grad=0.44/0.44  h=0.0 c=1.8  kl=0.0267  vl=0.0607
  vs Heur:   53W/49L/0D | score=8.9±13.5 inv=0.0 played=16.5 lanes=5.0 ddraw=2.9 pts=9
  vs Random: 101W/0L/0D | score=29.9±15.4 inv=0.0 played=18.7 lanes=5.0 ddraw=1.1 pts=30
  Self-play: 51W/48L/1D | score=6.3±11.4 inv=0.0 played=16.0 lanes=5.0 ddraw=0.9 pts=6
Step: 9011200 SPS: 2818  ev=0.846  ent=0.341  grad=0.60/0.50  h=0.0 c=1.3  kl=0.0221  vl=0.0678
Step: 9015296 SPS: 2819  ev=0.821  ent=0.325  grad=0.68/0.50  h=0.0 c=1.4  kl=0.0353  vl=0.0854
Step: 9019392 SPS: 2819  ev=0.832  ent=0.281  grad=0.27/0.27  h=0.1 c=1.7  kl=0.0214  vl=0.0738
Step: 9023488 SPS: 2819  ev=0.847  ent=0.295  grad=0.31/0.31  h=0.0 c=1.4  kl=0.0144  vl=0.0545
Step: 9027584 SPS: 2820  ev=0.853  ent=0.361  grad=0.28/0.28  h=0.0 c=1.3  kl=0.0425  vl=0.0562
Step: 9031680 SPS: 2820  ev=0.847  ent=0.325  grad=0.60/0.50  h=0.0 c=1.9  kl=0.0321  vl=0.0659
Step: 9035776 SPS: 2821  ev=0.845  ent=0.326  grad=0.33/0.33  h=0.0 c=1.8  kl=0.0272  vl=0.0623
Step: 9039872 SPS: 2821  ev=0.844  ent=0.327  grad=0.51/0.50  h=0.0 c=1.7  kl=0.0302  vl=0.0628
Step: 9043968 SPS: 2821  ev=0.849  ent=0.332  grad=0.29/0.29  h=0.0 c=1.7  kl=0.0215  vl=0.0755
Step: 9048064 SPS: 2822  ev=0.851  ent=0.308  grad=0.51/0.50  h=0.0 c=1.5  kl=0.0194  vl=0.0545
Step: 9052160 SPS: 2822  ev=0.849  ent=0.331  grad=0.68/0.50  h=0.0 c=1.7  kl=0.0399  vl=0.0648
Step: 9056256 SPS: 2823  ev=0.839  ent=0.322  grad=0.59/0.50  h=0.0 c=1.6  kl=0.0256  vl=0.0708
Step: 9060352 SPS: 2823  ev=0.847  ent=0.302  grad=0.41/0.41  h=0.0 c=1.5  kl=0.0233  vl=0.0595
Step: 9064448 SPS: 2824  ev=0.826  ent=0.339  grad=0.35/0.35  h=0.0 c=2.0  kl=0.0178  vl=0.0541
Step: 9068544 SPS: 2824  ev=0.823  ent=0.335  grad=0.82/0.50  h=0.0 c=1.6  kl=0.0250  vl=0.0782
Step: 9072640 SPS: 2824  ev=0.834  ent=0.344  grad=0.45/0.45  h=0.0 c=1.6  kl=0.0298  vl=0.0657
Step: 9076736 SPS: 2825  ev=0.864  ent=0.347  grad=0.74/0.50  h=0.0 c=2.1  kl=0.0329  vl=0.0632
Step: 9080832 SPS: 2825  ev=0.843  ent=0.326  grad=0.33/0.33  h=0.0 c=1.5  kl=0.0189  vl=0.0566
Step: 9084928 SPS: 2826  ev=0.823  ent=0.348  grad=0.62/0.50  h=0.0 c=1.4  kl=0.0325  vl=0.0868
Step: 9089024 SPS: 2826  ev=0.832  ent=0.346  grad=0.78/0.50  h=0.0 c=1.6  kl=0.0162  vl=0.0616
  vs Heur:   43W/54L/4D | score=9.0±11.6 inv=0.0 played=16.5 lanes=5.0 ddraw=2.7 pts=9
  vs Random: 101W/0L/0D | score=24.4±14.0 inv=0.0 played=18.1 lanes=5.0 ddraw=0.7 pts=24
  Self-play: 51W/60L/1D | score=4.1±12.9 inv=0.0 played=15.9 lanes=5.0 ddraw=0.7 pts=4
Step: 9093120 SPS: 2826  ev=0.827  ent=0.275  grad=0.74/0.50  h=0.0 c=1.4  kl=0.0336  vl=0.0891
Step: 9097216 SPS: 2827  ev=0.847  ent=0.346  grad=0.43/0.43  h=0.0 c=1.7  kl=0.0226  vl=0.0594
Step: 9101312 SPS: 2827  ev=0.861  ent=0.335  grad=0.38/0.38  h=0.0 c=2.0  kl=0.0199  vl=0.0613
Step: 9105408 SPS: 2828  ev=0.853  ent=0.345  grad=0.81/0.50  h=0.0 c=1.4  kl=0.0382  vl=0.0546
Step: 9109504 SPS: 2828  ev=0.851  ent=0.317  grad=0.34/0.34  h=0.0 c=1.6  kl=0.0267  vl=0.0573
Step: 9113600 SPS: 2828  ev=0.836  ent=0.322  grad=0.37/0.37  h=0.0 c=1.5  kl=0.0198  vl=0.0681
Step: 9117696 SPS: 2829  ev=0.851  ent=0.319  grad=0.29/0.29  h=0.0 c=1.8  kl=0.0326  vl=0.0608
Step: 9121792 SPS: 2829  ev=0.858  ent=0.308  grad=0.58/0.50  h=0.0 c=2.0  kl=0.0485  vl=0.0536
Step: 9125888 SPS: 2830  ev=0.849  ent=0.352  grad=0.50/0.50  h=0.0 c=1.6  kl=0.0317  vl=0.0498
Step: 9129984 SPS: 2830  ev=0.836  ent=0.358  grad=0.37/0.37  h=0.0 c=1.6  kl=0.0338  vl=0.0734
Step: 9134080 SPS: 2830  ev=0.846  ent=0.341  grad=0.69/0.50  h=0.0 c=2.0  kl=0.0250  vl=0.0734
Step: 9138176 SPS: 2831  ev=0.856  ent=0.366  grad=0.55/0.50  h=0.0 c=1.5  kl=0.0218  vl=0.0654
Step: 9142272 SPS: 2831  ev=0.842  ent=0.350  grad=0.30/0.30  h=0.0 c=1.5  kl=0.0400  vl=0.0517
Step: 9146368 SPS: 2832  ev=0.857  ent=0.343  grad=0.37/0.37  h=0.0 c=1.3  kl=0.0401  vl=0.0758
Step: 9150464 SPS: 2832  ev=0.849  ent=0.359  grad=0.48/0.48  h=0.0 c=1.4  kl=0.0266  vl=0.0768
Step: 9154560 SPS: 2833  ev=0.841  ent=0.359  grad=0.57/0.50  h=0.0 c=1.9  kl=0.0218  vl=0.0566
Step: 9158656 SPS: 2833  ev=0.830  ent=0.353  grad=0.29/0.29  h=0.0 c=1.5  kl=0.0313  vl=0.0730
Step: 9162752 SPS: 2833  ev=0.835  ent=0.336  grad=0.57/0.50  h=0.1 c=1.2  kl=0.0211  vl=0.0595
Step: 9166848 SPS: 2834  ev=0.854  ent=0.330  grad=0.40/0.40  h=0.1 c=1.7  kl=0.0262  vl=0.0576
Step: 9170944 SPS: 2834  ev=0.834  ent=0.342  grad=0.43/0.43  h=0.0 c=1.5  kl=0.0303  vl=0.0778
  vs Heur:   52W/51L/1D | score=8.9±12.8 inv=0.0 played=16.7 lanes=5.0 ddraw=2.9 pts=9
  vs Random: 102W/0L/0D | score=25.5±14.7 inv=0.0 played=18.3 lanes=5.0 ddraw=1.6 pts=26
  Self-play: 53W/51L/2D | score=4.5±12.0 inv=0.0 played=15.9 lanes=5.0 ddraw=0.8 pts=4
Step: 9175040 SPS: 2835  ev=0.860  ent=0.337  grad=0.53/0.50  h=0.0 c=1.7  kl=0.0267  vl=0.0614
Step: 9179136 SPS: 2835  ev=0.836  ent=0.380  grad=0.37/0.37  h=0.0 c=1.4  kl=0.0323  vl=0.0794
Step: 9183232 SPS: 2835  ev=0.853  ent=0.353  grad=0.38/0.38  h=0.0 c=1.5  kl=0.0256  vl=0.0636
Step: 9187328 SPS: 2836  ev=0.844  ent=0.320  grad=0.49/0.49  h=0.0 c=1.8  kl=0.0329  vl=0.0710
Step: 9191424 SPS: 2836  ev=0.852  ent=0.336  grad=0.39/0.39  h=0.0 c=1.4  kl=0.0238  vl=0.0545
Step: 9195520 SPS: 2837  ev=0.848  ent=0.338  grad=0.69/0.50  h=0.0 c=1.6  kl=0.0188  vl=0.0847
Step: 9199616 SPS: 2837  ev=0.839  ent=0.345  grad=0.45/0.45  h=0.1 c=1.5  kl=0.0200  vl=0.0737
Step: 9203712 SPS: 2837  ev=0.872  ent=0.360  grad=0.51/0.50  h=0.1 c=1.7  kl=0.0278  vl=0.0536
Step: 9207808 SPS: 2838  ev=0.846  ent=0.348  grad=0.39/0.39  h=0.0 c=2.0  kl=0.0309  vl=0.0478
Step: 9211904 SPS: 2838  ev=0.843  ent=0.305  grad=0.49/0.49  h=0.0 c=1.9  kl=0.0379  vl=0.0586
Step: 9216000 SPS: 2839  ev=0.855  ent=0.294  grad=0.30/0.30  h=0.0 c=1.4  kl=0.0218  vl=0.0679
Step: 9220096 SPS: 2839  ev=0.857  ent=0.337  grad=0.75/0.50  h=0.0 c=1.4  kl=0.0327  vl=0.0565
Step: 9224192 SPS: 2839  ev=0.861  ent=0.314  grad=0.42/0.42  h=0.0 c=1.9  kl=0.0211  vl=0.0502
Step: 9228288 SPS: 2840  ev=0.857  ent=0.347  grad=0.40/0.40  h=0.0 c=1.5  kl=0.0237  vl=0.0642
Step: 9232384 SPS: 2840  ev=0.835  ent=0.356  grad=0.25/0.25  h=0.0 c=1.5  kl=0.0300  vl=0.0630
Step: 9236480 SPS: 2841  ev=0.845  ent=0.370  grad=0.41/0.41  h=0.0 c=1.8  kl=0.0279  vl=0.0687
Step: 9240576 SPS: 2841  ev=0.859  ent=0.335  grad=0.37/0.37  h=0.0 c=2.1  kl=0.0264  vl=0.0714
Step: 9244672 SPS: 2841  ev=0.857  ent=0.332  grad=0.52/0.50  h=0.0 c=2.0  kl=0.0177  vl=0.0603
Step: 9248768 SPS: 2842  ev=0.807  ent=0.333  grad=0.32/0.32  h=0.0 c=2.2  kl=0.0260  vl=0.0724
