wandb: [wandb.login()] Loaded credentials for https://api.wandb.ai from /home/zzhang18/.netrc.
wandb: Currently logged in as: nchen3 (ningcong-chen) to https://api.wandb.ai. Use `wandb login --relogin` to force relogin
wandb: Tracking run with wandb version 0.25.1
wandb: Run data is saved locally in /home/zzhang18/nchen3/eco/wandb/run-20260408_004808-zr9hkunp
wandb: Run `wandb offline` to turn off syncing.
wandb: Syncing run lc__lc_ppo_from_dense_dd5__1__1775623688
wandb: ⭐️ View project at https://wandb.ai/ningcong-chen/ppo-eco
wandb: 🚀 View run at https://wandb.ai/ningcong-chen/ppo-eco/runs/zr9hkunp
Agent params: 2,243,161
Loaded pretrained model from model/lc_ppo_from_dense_dd5/pretrained.pkt
Step: 4096 SPS: 1976  ev=-0.960  ent=1.133  grad=3.67/0.50  h=5.1 c=9.6  kl=0.0714  vl=1.9945
Step: 8192 SPS: 2191  ev=-0.436  ent=1.139  grad=0.24/0.24  h=5.2 c=9.7  kl=0.0315  vl=0.5829
Step: 12288 SPS: 2202  ev=-3.913  ent=1.141  grad=0.38/0.38  h=5.4 c=10.1  kl=0.0116  vl=0.3155
Step: 16384 SPS: 2221  ev=-0.385  ent=1.169  grad=0.76/0.50  h=5.3 c=10.3  kl=0.0188  vl=0.1566
Step: 20480 SPS: 2265  ev=-1.855  ent=1.189  grad=0.36/0.36  h=5.6 c=11.3  kl=0.0195  vl=0.0806
Step: 24576 SPS: 2287  ev=-7.220  ent=1.184  grad=0.12/0.12  h=5.8 c=11.5  kl=0.0425  vl=0.0087
Step: 28672 SPS: 2263  ev=-0.314  ent=1.316  grad=0.04/0.04  h=5.2 c=9.6  kl=0.0111  vl=0.0029
Step: 32768 SPS: 2241  ev=-3.264  ent=1.378  grad=0.10/0.10  h=6.0 c=12.6  kl=0.0070  vl=0.0012
Step: 36864 SPS: 2229  ev=-1.784  ent=1.412  grad=0.06/0.06  h=6.3 c=13.5  kl=0.0017  vl=0.0008
Step: 40960 SPS: 2213  ev=-0.023  ent=1.411  grad=0.64/0.50  h=5.4 c=10.4  kl=0.0051  vl=0.0107
Step: 45056 SPS: 2200  ev=-0.572  ent=1.424  grad=0.18/0.18  h=6.3 c=13.5  kl=0.0023  vl=0.0011
Step: 49152 SPS: 2191  ev=-3.390  ent=1.373  grad=0.11/0.11  h=6.5 c=14.3  kl=0.0027  vl=0.0005
Step: 53248 SPS: 2183  ev=-0.113  ent=1.444  grad=0.13/0.13  h=6.1 c=13.1  kl=0.0048  vl=0.0172
Step: 57344 SPS: 2177  ev=-0.014  ent=1.427  grad=0.08/0.08  h=6.3 c=13.4  kl=0.0047  vl=0.0008
Step: 61440 SPS: 2165  ev=0.042  ent=1.391  grad=0.49/0.49  h=6.6 c=15.0  kl=0.0119  vl=0.0034
Step: 65536 SPS: 2175  ev=-0.048  ent=1.438  grad=0.96/0.50  h=6.4 c=14.5  kl=0.0104  vl=0.0077
Step: 69632 SPS: 2176  ev=0.011  ent=1.445  grad=2.23/0.50  h=6.0 c=12.4  kl=0.0214  vl=0.1584
Step: 73728 SPS: 2173  ev=-0.000  ent=1.391  grad=0.93/0.50  h=6.5 c=15.0  kl=0.0054  vl=0.0439
Step: 77824 SPS: 2170  ev=-0.103  ent=1.405  grad=0.18/0.18  h=6.4 c=14.8  kl=0.0028  vl=0.0008
  vs Random: 100W/1L/0D | score=30.7±31.6 inv=3.4 played=18.1 lanes=4.5 ddraw=52.6 pts=31
  Self-play: 52W/49L/0D | score=24.8±40.6 inv=3.4 played=17.1 lanes=4.3 ddraw=51.4 pts=25
Step: 81920 SPS: 1715  ev=-0.026  ent=1.406  grad=0.13/0.13  h=5.8 c=11.9  kl=0.0097  vl=0.0006
Step: 86016 SPS: 1731  ev=-0.003  ent=1.401  grad=0.76/0.50  h=6.4 c=14.8  kl=0.0219  vl=0.0395
Step: 90112 SPS: 1750  ev=-0.044  ent=1.373  grad=0.12/0.12  h=6.3 c=14.7  kl=0.0151  vl=0.0205
Step: 94208 SPS: 1764  ev=-0.019  ent=1.489  grad=0.82/0.50  h=5.8 c=12.3  kl=0.0126  vl=0.0058
Step: 98304 SPS: 1777  ev=0.014  ent=1.393  grad=1.44/0.50  h=6.2 c=14.1  kl=0.0136  vl=0.1299
Step: 102400 SPS: 1793  ev=0.022  ent=1.381  grad=0.54/0.50  h=6.3 c=14.7  kl=0.0122  vl=0.0243
Step: 106496 SPS: 1807  ev=0.032  ent=1.416  grad=0.32/0.32  h=5.8 c=12.7  kl=0.0105  vl=0.0423
Step: 110592 SPS: 1818  ev=0.015  ent=1.360  grad=0.19/0.19  h=6.0 c=13.1  kl=0.0039  vl=0.0011
Step: 114688 SPS: 1832  ev=0.032  ent=1.379  grad=0.46/0.46  h=6.2 c=14.4  kl=0.0103  vl=0.0028
Step: 118784 SPS: 1842  ev=0.036  ent=1.410  grad=0.15/0.15  h=6.0 c=13.6  kl=0.0118  vl=0.0194
Step: 122880 SPS: 1857  ev=-0.038  ent=1.393  grad=0.15/0.15  h=5.7 c=12.3  kl=0.0147  vl=0.0469
Step: 126976 SPS: 1867  ev=0.011  ent=1.361  grad=0.58/0.50  h=6.2 c=14.5  kl=0.0113  vl=0.0030
Step: 131072 SPS: 1880  ev=0.052  ent=1.391  grad=1.25/0.50  h=6.2 c=14.8  kl=0.0158  vl=0.0324
Step: 135168 SPS: 1891  ev=-0.006  ent=1.417  grad=0.62/0.50  h=5.6 c=11.8  kl=0.0103  vl=0.0461
Step: 139264 SPS: 1901  ev=-0.092  ent=1.319  grad=0.37/0.37  h=6.2 c=14.2  kl=0.0117  vl=0.0015
Step: 143360 SPS: 1908  ev=-0.013  ent=1.356  grad=0.11/0.11  h=6.4 c=15.4  kl=0.0134  vl=0.0274
Step: 147456 SPS: 1914  ev=0.018  ent=1.391  grad=0.38/0.38  h=5.9 c=13.1  kl=0.0236  vl=0.0108
Step: 151552 SPS: 1922  ev=0.005  ent=1.341  grad=0.17/0.17  h=6.2 c=14.2  kl=0.0112  vl=0.0107
Step: 155648 SPS: 1930  ev=-0.028  ent=1.366  grad=0.20/0.20  h=6.5 c=16.0  kl=0.0125  vl=0.0023
Step: 159744 SPS: 1936  ev=0.020  ent=1.412  grad=0.21/0.21  h=6.3 c=15.4  kl=0.0104  vl=0.0015
  vs Random: 93W/7L/0D | score=24.6±36.5 inv=3.5 played=18.4 lanes=4.7 ddraw=48.4 pts=25
  Self-play: 49W/51L/0D | score=26.9±38.8 inv=3.1 played=17.2 lanes=4.3 ddraw=48.2 pts=27
Step: 163840 SPS: 1737  ev=-0.021  ent=1.421  grad=0.01/0.01  h=6.2 c=14.0  kl=0.0090  vl=0.0007
Step: 167936 SPS: 1745  ev=0.045  ent=1.333  grad=0.21/0.21  h=6.5 c=16.7  kl=0.0105  vl=0.0014
Step: 172032 SPS: 1754  ev=0.046  ent=1.381  grad=0.02/0.02  h=6.2 c=16.0  kl=0.0127  vl=0.0266
Step: 176128 SPS: 1762  ev=-0.030  ent=1.385  grad=0.01/0.01  h=5.9 c=12.8  kl=0.0158  vl=0.0006
Step: 180224 SPS: 1771  ev=0.007  ent=1.371  grad=0.40/0.40  h=6.4 c=15.8  kl=0.0143  vl=0.0583
Step: 184320 SPS: 1782  ev=-0.006  ent=1.404  grad=0.96/0.50  h=6.2 c=15.9  kl=0.0216  vl=0.0338
Step: 188416 SPS: 1788  ev=0.017  ent=1.405  grad=0.09/0.09  h=5.8 c=13.1  kl=0.0074  vl=0.0961
Step: 192512 SPS: 1795  ev=0.033  ent=1.384  grad=0.89/0.50  h=6.2 c=15.3  kl=0.0213  vl=0.0766
Step: 196608 SPS: 1802  ev=0.021  ent=1.308  grad=0.08/0.08  h=6.3 c=16.5  kl=0.0099  vl=0.0219
Step: 200704 SPS: 1807  ev=0.041  ent=1.372  grad=0.07/0.07  h=5.9 c=14.3  kl=0.0048  vl=0.0053
Step: 204800 SPS: 1814  ev=0.032  ent=1.346  grad=0.41/0.41  h=6.1 c=14.8  kl=0.0147  vl=0.0027
Step: 208896 SPS: 1821  ev=-0.061  ent=1.376  grad=0.22/0.22  h=6.2 c=16.6  kl=0.0112  vl=0.0016
Step: 212992 SPS: 1826  ev=0.044  ent=1.350  grad=0.43/0.43  h=6.0 c=15.7  kl=0.0071  vl=0.0025
Step: 217088 SPS: 1832  ev=-0.042  ent=1.320  grad=0.17/0.17  h=6.0 c=14.6  kl=0.0083  vl=0.0027
Step: 221184 SPS: 1839  ev=0.018  ent=1.315  grad=0.24/0.24  h=6.4 c=17.9  kl=0.0109  vl=0.0295
Step: 225280 SPS: 1843  ev=0.033  ent=1.361  grad=0.22/0.22  h=6.3 c=18.3  kl=0.0074  vl=0.0474
Step: 229376 SPS: 1844  ev=0.018  ent=1.367  grad=0.57/0.50  h=5.9 c=15.0  kl=0.0039  vl=0.0467
Step: 233472 SPS: 1850  ev=0.051  ent=1.327  grad=0.39/0.39  h=6.4 c=18.8  kl=0.0140  vl=0.0020
Step: 237568 SPS: 1853  ev=0.033  ent=1.364  grad=0.22/0.22  h=6.3 c=21.2  kl=0.0120  vl=0.0017
Step: 241664 SPS: 1859  ev=0.060  ent=1.295  grad=0.47/0.47  h=6.0 c=17.3  kl=0.0300  vl=0.0057
  vs Random: 97W/3L/0D | score=32.2±30.2 inv=3.6 played=18.7 lanes=4.5 ddraw=47.7 pts=32
  Self-play: 52W/47L/1D | score=33.1±35.3 inv=3.3 played=16.8 lanes=4.1 ddraw=54.1 pts=33
Step: 245760 SPS: 1734  ev=0.079  ent=1.345  grad=0.69/0.50  h=6.3 c=17.6  kl=0.0139  vl=0.0403
Step: 249856 SPS: 1741  ev=0.117  ent=1.312  grad=0.13/0.13  h=6.3 c=19.9  kl=0.0128  vl=0.0031
Step: 253952 SPS: 1747  ev=0.104  ent=1.305  grad=0.26/0.26  h=6.0 c=18.0  kl=0.0243  vl=0.0242
Step: 258048 SPS: 1754  ev=-0.422  ent=1.311  grad=0.07/0.07  h=6.1 c=16.4  kl=0.0130  vl=0.0044
Step: 262144 SPS: 1758  ev=0.116  ent=1.315  grad=0.32/0.32  h=6.5 c=20.4  kl=0.0103  vl=0.0485
Step: 266240 SPS: 1764  ev=-0.001  ent=1.333  grad=0.05/0.05  h=6.1 c=18.9  kl=0.0134  vl=0.0318
Step: 270336 SPS: 1769  ev=0.053  ent=1.302  grad=0.15/0.15  h=6.1 c=16.2  kl=0.0063  vl=0.0028
Step: 274432 SPS: 1776  ev=0.031  ent=1.305  grad=0.26/0.26  h=6.5 c=19.5  kl=0.0120  vl=0.0286
Step: 278528 SPS: 1780  ev=0.026  ent=1.307  grad=0.07/0.07  h=6.3 c=20.2  kl=0.0144  vl=0.0014
Step: 282624 SPS: 1784  ev=0.022  ent=1.297  grad=0.03/0.03  h=6.1 c=17.0  kl=0.0089  vl=0.0451
Step: 286720 SPS: 1788  ev=-0.010  ent=1.320  grad=0.25/0.25  h=6.5 c=19.5  kl=0.0069  vl=0.0449
Step: 290816 SPS: 1791  ev=0.064  ent=1.310  grad=0.10/0.10  h=6.5 c=21.9  kl=0.0193  vl=0.0027
Step: 294912 SPS: 1796  ev=-0.346  ent=1.350  grad=0.25/0.25  h=6.1 c=18.6  kl=0.0149  vl=0.0015
Step: 299008 SPS: 1800  ev=0.008  ent=1.340  grad=0.31/0.31  h=6.5 c=19.2  kl=0.0106  vl=0.1030
Step: 303104 SPS: 1803  ev=0.037  ent=1.348  grad=0.10/0.10  h=6.5 c=22.1  kl=0.0232  vl=0.0359
Step: 307200 SPS: 1807  ev=0.038  ent=1.337  grad=0.32/0.32  h=6.2 c=20.1  kl=0.0121  vl=0.0599
Step: 311296 SPS: 1810  ev=0.087  ent=1.298  grad=1.08/0.50  h=6.2 c=17.3  kl=0.0104  vl=0.1182
Step: 315392 SPS: 1813  ev=0.055  ent=1.297  grad=0.14/0.14  h=6.3 c=19.9  kl=0.0132  vl=0.0401
Step: 319488 SPS: 1819  ev=-0.231  ent=1.335  grad=0.08/0.08  h=6.1 c=19.7  kl=0.0205  vl=0.0038
Step: 323584 SPS: 1819  ev=-0.242  ent=1.317  grad=0.13/0.13  h=6.0 c=16.7  kl=0.0100  vl=0.0008
  vs Random: 97W/4L/0D | score=35.6±39.7 inv=4.0 played=19.0 lanes=4.4 ddraw=42.9 pts=36
  Self-play: 52W/48L/0D | score=35.8±45.2 inv=3.8 played=17.7 lanes=4.2 ddraw=44.8 pts=36
Step: 327680 SPS: 1740  ev=0.024  ent=1.293  grad=0.25/0.25  h=6.4 c=19.7  kl=0.0023  vl=0.0013
Step: 331776 SPS: 1743  ev=0.020  ent=1.291  grad=0.04/0.04  h=6.2 c=20.4  kl=0.0073  vl=0.0147
Step: 335872 SPS: 1747  ev=-0.073  ent=1.311  grad=0.02/0.02  h=6.1 c=18.2  kl=0.0021  vl=0.0159
Step: 339968 SPS: 1751  ev=0.060  ent=1.250  grad=0.45/0.45  h=6.3 c=19.0  kl=0.0287  vl=0.0053
Step: 344064 SPS: 1755  ev=0.073  ent=1.278  grad=0.11/0.11  h=6.2 c=20.6  kl=0.0147  vl=0.0390
Step: 348160 SPS: 1760  ev=0.003  ent=1.353  grad=0.01/0.01  h=6.0 c=17.9  kl=0.0110  vl=0.0031
Step: 352256 SPS: 1764  ev=0.013  ent=1.290  grad=0.69/0.50  h=6.2 c=17.4  kl=0.0202  vl=0.0877
Step: 356352 SPS: 1767  ev=-0.457  ent=1.245  grad=0.05/0.05  h=6.2 c=20.5  kl=0.0034  vl=0.0013
Step: 360448 SPS: 1770  ev=0.061  ent=1.254  grad=0.18/0.18  h=6.0 c=19.2  kl=0.0163  vl=0.0390
Step: 364544 SPS: 1774  ev=0.041  ent=1.269  grad=0.97/0.50  h=6.1 c=17.4  kl=0.0148  vl=0.1140
Step: 368640 SPS: 1777  ev=0.081  ent=1.258  grad=0.12/0.12  h=6.2 c=20.1  kl=0.0093  vl=0.0383
Step: 372736 SPS: 1781  ev=0.029  ent=1.288  grad=1.02/0.50  h=6.1 c=20.2  kl=0.0079  vl=0.1124
Step: 376832 SPS: 1785  ev=-0.052  ent=1.300  grad=0.02/0.02  h=6.0 c=17.3  kl=0.0140  vl=0.0014
Step: 380928 SPS: 1788  ev=0.054  ent=1.224  grad=0.26/0.26  h=6.3 c=19.7  kl=0.0128  vl=0.0017
Step: 385024 SPS: 1789  ev=0.019  ent=1.275  grad=0.30/0.30  h=6.1 c=20.4  kl=0.0061  vl=0.0340
Step: 389120 SPS: 1791  ev=0.059  ent=1.280  grad=0.61/0.50  h=6.0 c=17.7  kl=0.0091  vl=0.0977
Step: 393216 SPS: 1794  ev=0.029  ent=1.271  grad=0.14/0.14  h=6.2 c=18.6  kl=0.0059  vl=0.0431
Step: 397312 SPS: 1796  ev=0.027  ent=1.273  grad=0.23/0.23  h=6.2 c=20.6  kl=0.0107  vl=0.0241
Step: 401408 SPS: 1798  ev=0.048  ent=1.284  grad=0.05/0.05  h=6.0 c=18.3  kl=0.0153  vl=0.0481
Step: 405504 SPS: 1802  ev=0.001  ent=1.275  grad=0.12/0.12  h=6.2 c=18.6  kl=0.0149  vl=0.0035
  vs Random: 98W/3L/0D | score=33.9±36.4 inv=3.9 played=18.5 lanes=4.3 ddraw=44.3 pts=34
  Self-play: 51W/48L/1D | score=31.5±37.6 inv=3.5 played=17.1 lanes=4.1 ddraw=40.0 pts=31
Step: 409600 SPS: 1740  ev=0.035  ent=1.248  grad=0.24/0.24  h=6.3 c=20.4  kl=0.0136  vl=0.0301
Step: 413696 SPS: 1743  ev=-0.093  ent=1.307  grad=0.23/0.23  h=6.0 c=19.1  kl=0.0191  vl=0.0330
Step: 417792 SPS: 1746  ev=0.070  ent=1.262  grad=0.20/0.20  h=6.1 c=17.9  kl=0.0139  vl=0.0365
Step: 421888 SPS: 1749  ev=0.085  ent=1.222  grad=0.03/0.03  h=6.3 c=20.3  kl=0.0086  vl=0.0342
Step: 425984 SPS: 1752  ev=0.059  ent=1.225  grad=0.42/0.42  h=6.0 c=19.5  kl=0.0089  vl=0.0046
Step: 430080 SPS: 1756  ev=-0.057  ent=1.247  grad=0.12/0.12  h=6.0 c=17.9  kl=0.0108  vl=0.0015
Step: 434176 SPS: 1759  ev=0.018  ent=1.264  grad=0.17/0.17  h=6.2 c=19.6  kl=0.0186  vl=0.0122
Step: 438272 SPS: 1762  ev=0.004  ent=1.284  grad=0.04/0.04  h=6.2 c=20.6  kl=0.0072  vl=0.0269
Step: 442368 SPS: 1765  ev=0.066  ent=1.297  grad=0.82/0.50  h=6.0 c=17.9  kl=0.0229  vl=0.0068
Step: 446464 SPS: 1768  ev=0.207  ent=1.279  grad=0.04/0.04  h=6.2 c=19.3  kl=0.0042  vl=0.0197
Step: 450560 SPS: 1771  ev=0.111  ent=1.302  grad=0.12/0.12  h=6.2 c=20.4  kl=0.0058  vl=0.0023
Step: 454656 SPS: 1775  ev=0.072  ent=1.284  grad=0.07/0.07  h=5.8 c=17.6  kl=0.0136  vl=0.0014
Step: 458752 SPS: 1778  ev=0.070  ent=1.320  grad=0.04/0.04  h=6.1 c=18.2  kl=0.0063  vl=0.0358
Step: 462848 SPS: 1780  ev=0.090  ent=1.233  grad=0.11/0.11  h=6.1 c=20.0  kl=0.0076  vl=0.0293
Step: 466944 SPS: 1782  ev=-0.052  ent=1.300  grad=0.02/0.02  h=6.0 c=18.9  kl=0.0045  vl=0.0263
Step: 471040 SPS: 1783  ev=0.004  ent=1.329  grad=0.33/0.33  h=6.1 c=18.2  kl=0.0078  vl=0.0450
Step: 475136 SPS: 1786  ev=0.045  ent=1.291  grad=0.04/0.04  h=6.3 c=20.3  kl=0.0182  vl=0.0767
Step: 479232 SPS: 1788  ev=0.017  ent=1.309  grad=0.17/0.17  h=6.0 c=19.8  kl=0.0148  vl=0.0015
Step: 483328 SPS: 1792  ev=0.068  ent=1.289  grad=0.18/0.18  h=6.1 c=18.0  kl=0.0130  vl=0.0685
Step: 487424 SPS: 1794  ev=-0.016  ent=1.277  grad=0.03/0.03  h=6.2 c=19.5  kl=0.0131  vl=0.0428
  vs Random: 99W/1L/0D | score=30.4±32.0 inv=3.5 played=17.6 lanes=4.1 ddraw=41.7 pts=30
  Self-play: 49W/50L/1D | score=22.1±35.3 inv=3.3 played=16.3 lanes=4.1 ddraw=32.7 pts=22
Step: 491520 SPS: 1746  ev=0.040  ent=1.278  grad=0.13/0.13  h=6.2 c=20.8  kl=0.0091  vl=0.0803
Step: 495616 SPS: 1749  ev=-0.019  ent=1.298  grad=0.29/0.29  h=6.1 c=18.7  kl=0.0048  vl=0.0169
Step: 499712 SPS: 1751  ev=0.038  ent=1.292  grad=0.51/0.50  h=6.3 c=19.9  kl=0.0042  vl=0.0595
Step: 503808 SPS: 1756  ev=0.047  ent=1.248  grad=0.98/0.50  h=6.3 c=21.0  kl=0.4922  vl=0.0294
Step: 507904 SPS: 1760  ev=0.069  ent=1.248  grad=1.69/0.50  h=6.1 c=19.3  kl=0.1227  vl=0.0059
Step: 512000 SPS: 1764  ev=0.036  ent=1.391  grad=1.32/0.50  h=6.4 c=20.2  kl=0.0499  vl=0.1200
Step: 516096 SPS: 1769  ev=0.095  ent=1.382  grad=1.41/0.50  h=6.6 c=23.7  kl=0.0244  vl=0.1441
Step: 520192 SPS: 1773  ev=0.052  ent=1.324  grad=1.09/0.50  h=6.5 c=23.4  kl=0.0117  vl=0.0432
Step: 524288 SPS: 1776  ev=0.093  ent=1.356  grad=1.38/0.50  h=6.4 c=21.3  kl=0.0144  vl=0.1063
Step: 528384 SPS: 1780  ev=0.121  ent=1.392  grad=1.71/0.50  h=6.6 c=23.7  kl=0.0143  vl=0.1591
Step: 532480 SPS: 1784  ev=0.085  ent=1.382  grad=1.24/0.50  h=6.4 c=24.4  kl=0.0154  vl=0.0539
Step: 536576 SPS: 1788  ev=0.060  ent=1.338  grad=1.10/0.50  h=6.4 c=21.3  kl=0.0118  vl=0.1089
Step: 540672 SPS: 1791  ev=0.084  ent=1.372  grad=1.12/0.50  h=6.5 c=22.7  kl=0.0262  vl=0.0036
Step: 544768 SPS: 1795  ev=0.154  ent=1.323  grad=0.93/0.50  h=6.5 c=24.0  kl=0.0131  vl=0.0255
Step: 548864 SPS: 1797  ev=0.120  ent=1.422  grad=0.61/0.50  h=6.4 c=21.4  kl=0.0105  vl=0.0425
Step: 552960 SPS: 1799  ev=0.053  ent=1.362  grad=0.81/0.50  h=6.5 c=22.0  kl=0.0114  vl=0.0764
Step: 557056 SPS: 1802  ev=0.237  ent=1.377  grad=0.68/0.50  h=6.5 c=24.0  kl=0.0164  vl=0.0368
Step: 561152 SPS: 1805  ev=0.146  ent=1.346  grad=0.62/0.50  h=6.4 c=21.7  kl=0.0114  vl=0.0389
Step: 565248 SPS: 1808  ev=0.162  ent=1.366  grad=0.70/0.50  h=6.4 c=20.9  kl=0.0161  vl=0.0385
Step: 569344 SPS: 1812  ev=0.089  ent=1.360  grad=0.71/0.50  h=6.5 c=23.5  kl=0.0115  vl=0.0689
  vs Random: 96W/4L/0D | score=16.1±25.5 inv=2.6 played=16.1 lanes=4.3 ddraw=46.3 pts=16
  Self-play: 54W/45L/1D | score=7.5±32.1 inv=2.8 played=15.7 lanes=4.3 ddraw=40.4 pts=8
Step: 573440 SPS: 1768  ev=0.122  ent=1.343  grad=0.68/0.50  h=6.4 c=23.2  kl=0.0146  vl=0.0397
Step: 577536 SPS: 1771  ev=0.047  ent=1.409  grad=0.83/0.50  h=6.4 c=21.1  kl=0.0107  vl=0.0068
Step: 581632 SPS: 1774  ev=0.083  ent=1.430  grad=0.87/0.50  h=6.5 c=23.3  kl=0.0110  vl=0.0719
Step: 585728 SPS: 1777  ev=0.037  ent=1.374  grad=0.77/0.50  h=6.5 c=23.6  kl=0.0121  vl=0.0055
Step: 589824 SPS: 1778  ev=0.016  ent=1.389  grad=0.43/0.43  h=6.3 c=20.7  kl=0.0134  vl=0.0511
Step: 593920 SPS: 1781  ev=-0.040  ent=1.360  grad=0.79/0.50  h=6.5 c=23.1  kl=0.0138  vl=0.0021
Step: 598016 SPS: 1783  ev=-0.089  ent=1.368  grad=0.90/0.50  h=6.5 c=24.4  kl=0.0102  vl=0.0022
Step: 602112 SPS: 1785  ev=0.018  ent=1.359  grad=0.88/0.50  h=6.3 c=21.5  kl=0.0102  vl=0.0041
Step: 606208 SPS: 1789  ev=-0.079  ent=1.312  grad=0.92/0.50  h=6.4 c=22.7  kl=0.0106  vl=0.0032
Step: 610304 SPS: 1792  ev=0.085  ent=1.338  grad=0.75/0.50  h=6.5 c=24.9  kl=0.0128  vl=0.0278
Step: 614400 SPS: 1795  ev=0.098  ent=1.329  grad=0.68/0.50  h=6.3 c=22.8  kl=0.0118  vl=0.0412
Step: 618496 SPS: 1796  ev=0.057  ent=1.306  grad=0.97/0.50  h=6.3 c=22.0  kl=0.0074  vl=0.0036
Step: 622592 SPS: 1799  ev=0.083  ent=1.316  grad=0.88/0.50  h=6.5 c=24.9  kl=0.0106  vl=0.0027
Step: 626688 SPS: 1800  ev=-1.140  ent=1.345  grad=0.65/0.50  h=6.3 c=23.4  kl=0.0129  vl=0.0020
Step: 630784 SPS: 1802  ev=0.091  ent=1.292  grad=1.09/0.50  h=6.2 c=21.8  kl=0.0097  vl=0.0049
Step: 634880 SPS: 1805  ev=-0.012  ent=1.348  grad=0.79/0.50  h=6.4 c=24.3  kl=0.0101  vl=0.0348
Step: 638976 SPS: 1807  ev=0.101  ent=1.327  grad=0.80/0.50  h=6.3 c=24.2  kl=0.0110  vl=0.0386
Step: 643072 SPS: 1809  ev=0.064  ent=1.321  grad=0.66/0.50  h=6.2 c=22.3  kl=0.0125  vl=0.0023
Step: 647168 SPS: 1811  ev=-2.085  ent=1.362  grad=0.76/0.50  h=6.3 c=23.7  kl=0.0122  vl=0.0013
Step: 651264 SPS: 1810  ev=-0.045  ent=1.281  grad=0.79/0.50  h=6.3 c=25.9  kl=0.0092  vl=0.0009
  vs Random: 95W/4L/1D | score=27.5±30.5 inv=2.6 played=16.5 lanes=4.2 ddraw=42.1 pts=28
  Self-play: 41W/59L/0D | score=2.7±26.1 inv=2.3 played=14.9 lanes=4.3 ddraw=28.9 pts=3
Step: 655360 SPS: 1774  ev=0.023  ent=1.331  grad=0.76/0.50  h=6.1 c=23.2  kl=0.0093  vl=0.0025
Step: 659456 SPS: 1776  ev=-4.502  ent=1.327  grad=0.72/0.50  h=6.3 c=23.9  kl=0.0080  vl=0.0015
Step: 663552 SPS: 1777  ev=0.069  ent=1.286  grad=0.86/0.50  h=6.4 c=26.1  kl=0.0124  vl=0.0298
Step: 667648 SPS: 1778  ev=0.062  ent=1.333  grad=0.45/0.45  h=6.2 c=24.5  kl=0.0135  vl=0.0399
Step: 671744 SPS: 1780  ev=-0.009  ent=1.333  grad=0.88/0.50  h=6.3 c=23.3  kl=0.0102  vl=0.0011
Step: 675840 SPS: 1783  ev=-1.455  ent=1.256  grad=0.83/0.50  h=6.4 c=25.9  kl=0.0118  vl=0.0010
Step: 679936 SPS: 1785  ev=0.009  ent=1.291  grad=0.63/0.50  h=6.2 c=24.1  kl=0.0110  vl=0.0507
Step: 684032 SPS: 1786  ev=0.058  ent=1.273  grad=0.55/0.50  h=6.2 c=23.0  kl=0.0129  vl=0.0085
Step: 688128 SPS: 1788  ev=0.066  ent=1.279  grad=0.75/0.50  h=6.3 c=25.2  kl=0.0108  vl=0.0017
Step: 692224 SPS: 1790  ev=0.166  ent=1.266  grad=1.04/0.50  h=6.3 c=26.6  kl=0.0111  vl=0.0010
Step: 696320 SPS: 1792  ev=0.066  ent=1.291  grad=0.95/0.50  h=6.3 c=24.0  kl=0.0070  vl=0.0018
Step: 700416 SPS: 1794  ev=0.140  ent=1.232  grad=0.71/0.50  h=6.3 c=24.9  kl=0.0115  vl=0.0026
Step: 704512 SPS: 1796  ev=0.132  ent=1.257  grad=0.43/0.43  h=6.3 c=27.2  kl=0.0103  vl=0.0444
Step: 708608 SPS: 1797  ev=-1.194  ent=1.281  grad=0.85/0.50  h=6.2 c=24.7  kl=0.0107  vl=0.0020
Step: 712704 SPS: 1799  ev=-0.007  ent=1.264  grad=0.90/0.50  h=6.2 c=24.1  kl=0.0107  vl=0.0018
Step: 716800 SPS: 1801  ev=-0.033  ent=1.254  grad=0.65/0.50  h=6.3 c=26.6  kl=0.0150  vl=0.0021
Step: 720896 SPS: 1803  ev=-0.324  ent=1.313  grad=0.50/0.50  h=6.1 c=24.7  kl=0.0114  vl=0.0042
Step: 724992 SPS: 1806  ev=0.107  ent=1.307  grad=0.71/0.50  h=6.2 c=24.0  kl=0.0104  vl=0.0462
Step: 729088 SPS: 1807  ev=-1.062  ent=1.291  grad=0.60/0.50  h=6.3 c=26.8  kl=0.0130  vl=0.0009
Step: 733184 SPS: 1809  ev=-1.548  ent=1.360  grad=0.79/0.50  h=6.1 c=25.7  kl=0.0096  vl=0.0005
  vs Random: 95W/5L/0D | score=24.7±31.4 inv=2.5 played=16.4 lanes=4.3 ddraw=39.8 pts=25
  Self-play: 48W/50L/2D | score=10.5±31.8 inv=2.2 played=15.1 lanes=4.2 ddraw=31.8 pts=11
Step: 737280 SPS: 1777  ev=0.167  ent=1.283  grad=0.51/0.50  h=6.1 c=23.5  kl=0.0103  vl=0.0370
Step: 741376 SPS: 1780  ev=-0.001  ent=1.326  grad=0.45/0.45  h=6.2 c=25.8  kl=0.0109  vl=0.0320
Step: 745472 SPS: 1781  ev=0.088  ent=1.290  grad=0.78/0.50  h=6.1 c=26.8  kl=0.0108  vl=0.0009
Step: 749568 SPS: 1783  ev=-2.334  ent=1.317  grad=0.71/0.50  h=6.1 c=24.7  kl=0.0078  vl=0.0006
Step: 753664 SPS: 1785  ev=0.068  ent=1.282  grad=0.49/0.49  h=6.2 c=25.3  kl=0.0105  vl=0.0114
Step: 757760 SPS: 1786  ev=-0.653  ent=1.304  grad=0.80/0.50  h=6.2 c=27.3  kl=0.0086  vl=0.0010
Step: 761856 SPS: 1788  ev=0.003  ent=1.295  grad=0.94/0.50  h=6.1 c=26.0  kl=0.0101  vl=0.0007
Step: 765952 SPS: 1791  ev=0.157  ent=1.265  grad=1.03/0.50  h=6.2 c=24.7  kl=0.0123  vl=0.0007
Step: 770048 SPS: 1792  ev=-0.036  ent=1.288  grad=0.76/0.50  h=6.2 c=27.0  kl=0.0091  vl=0.0005
Step: 774144 SPS: 1793  ev=0.237  ent=1.282  grad=0.61/0.50  h=6.1 c=27.0  kl=0.0113  vl=0.0426
Step: 778240 SPS: 1795  ev=0.079  ent=1.317  grad=0.77/0.50  h=6.1 c=24.8  kl=0.0076  vl=0.0008
Step: 782336 SPS: 1796  ev=0.053  ent=1.291  grad=0.36/0.36  h=6.2 c=26.1  kl=0.0170  vl=0.0367
Step: 786432 SPS: 1797  ev=0.009  ent=1.321  grad=0.40/0.40  h=6.2 c=28.3  kl=0.0130  vl=0.0171
Step: 790528 SPS: 1799  ev=0.152  ent=1.273  grad=0.85/0.50  h=6.1 c=24.3  kl=0.0127  vl=0.0011
Step: 794624 SPS: 1800  ev=0.153  ent=1.271  grad=0.38/0.38  h=6.1 c=25.5  kl=0.0126  vl=0.0165
Step: 798720 SPS: 1802  ev=0.071  ent=1.193  grad=0.77/0.50  h=6.2 c=28.3  kl=0.0119  vl=0.0026
Step: 802816 SPS: 1804  ev=0.082  ent=1.327  grad=0.35/0.35  h=6.0 c=24.3  kl=0.0094  vl=0.0075
Step: 806912 SPS: 1804  ev=0.134  ent=1.247  grad=0.68/0.50  h=6.2 c=25.8  kl=0.0101  vl=0.0008
Step: 811008 SPS: 1806  ev=0.142  ent=1.274  grad=0.31/0.31  h=6.2 c=26.9  kl=0.0095  vl=0.0270
Step: 815104 SPS: 1807  ev=0.091  ent=1.278  grad=0.68/0.50  h=6.0 c=26.0  kl=0.0136  vl=0.0590
  vs Random: 97W/2L/1D | score=28.9±25.7 inv=2.4 played=16.3 lanes=4.1 ddraw=37.5 pts=29
  Self-play: 36W/62L/2D | score=8.8±29.7 inv=2.4 played=14.1 lanes=3.9 ddraw=25.4 pts=9
Step: 819200 SPS: 1778  ev=0.158  ent=1.257  grad=0.56/0.50  h=6.1 c=24.2  kl=0.0090  vl=0.0021
Step: 823296 SPS: 1780  ev=-1.509  ent=1.267  grad=0.75/0.50  h=6.2 c=26.4  kl=0.0085  vl=0.0009
Step: 827392 SPS: 1781  ev=-0.236  ent=1.249  grad=0.70/0.50  h=6.2 c=28.3  kl=0.0101  vl=0.0007
Step: 831488 SPS: 1782  ev=0.157  ent=1.281  grad=0.78/0.50  h=6.2 c=25.0  kl=0.0123  vl=0.0413
Step: 835584 SPS: 1784  ev=-0.008  ent=1.230  grad=0.35/0.35  h=6.3 c=26.8  kl=0.0116  vl=0.0361
Step: 839680 SPS: 1785  ev=0.055  ent=1.211  grad=0.69/0.50  h=6.3 c=28.5  kl=0.0103  vl=0.0008
Step: 843776 SPS: 1787  ev=0.132  ent=1.262  grad=0.39/0.39  h=6.2 c=25.0  kl=0.0128  vl=0.0358
Step: 847872 SPS: 1788  ev=0.022  ent=1.228  grad=0.77/0.50  h=6.3 c=25.8  kl=0.0092  vl=0.0017
Step: 851968 SPS: 1789  ev=0.089  ent=1.209  grad=0.29/0.29  h=6.3 c=28.0  kl=0.0111  vl=0.0179
Step: 856064 SPS: 1790  ev=-2.069  ent=1.214  grad=0.71/0.50  h=6.1 c=25.4  kl=0.0108  vl=0.0006
Step: 860160 SPS: 1791  ev=0.170  ent=1.240  grad=0.59/0.50  h=6.2 c=24.9  kl=0.0097  vl=0.0017
Step: 864256 SPS: 1792  ev=0.036  ent=1.247  grad=0.34/0.34  h=6.2 c=27.5  kl=0.0127  vl=0.0414
Step: 868352 SPS: 1793  ev=0.183  ent=1.193  grad=0.88/0.50  h=6.0 c=25.9  kl=0.0096  vl=0.0011
Step: 872448 SPS: 1795  ev=-0.024  ent=1.236  grad=0.84/0.50  h=6.1 c=24.4  kl=0.0121  vl=0.0012
Step: 876544 SPS: 1796  ev=0.053  ent=1.263  grad=0.57/0.50  h=6.3 c=26.9  kl=0.0090  vl=0.0014
Step: 880640 SPS: 1797  ev=0.078  ent=1.246  grad=0.33/0.33  h=6.1 c=27.1  kl=0.0093  vl=0.0135
Step: 884736 SPS: 1798  ev=-0.750  ent=1.240  grad=0.37/0.37  h=6.2 c=24.6  kl=0.0080  vl=0.0017
Step: 888832 SPS: 1800  ev=0.045  ent=1.278  grad=0.64/0.50  h=6.2 c=25.8  kl=0.0140  vl=0.0374
Step: 892928 SPS: 1802  ev=0.033  ent=1.255  grad=0.99/0.50  h=6.2 c=27.6  kl=0.0111  vl=0.0006
Step: 897024 SPS: 1803  ev=0.130  ent=1.281  grad=0.69/0.50  h=6.1 c=24.2  kl=0.0113  vl=0.0007
  vs Random: 98W/2L/0D | score=22.6±27.6 inv=2.4 played=16.4 lanes=4.3 ddraw=41.6 pts=23
  Self-play: 46W/54L/0D | score=18.9±29.5 inv=2.5 played=15.7 lanes=4.1 ddraw=36.9 pts=19
Step: 901120 SPS: 1774  ev=0.046  ent=1.230  grad=0.76/0.50  h=6.2 c=24.6  kl=0.0113  vl=0.0003
Step: 905216 SPS: 1776  ev=0.089  ent=1.243  grad=0.69/0.50  h=6.2 c=26.9  kl=0.0137  vl=0.0012
Step: 909312 SPS: 1777  ev=0.015  ent=1.247  grad=0.63/0.50  h=6.1 c=25.1  kl=0.0104  vl=0.0005
Step: 913408 SPS: 1778  ev=0.062  ent=1.250  grad=0.77/0.50  h=6.1 c=24.0  kl=0.0100  vl=0.0007
Step: 917504 SPS: 1779  ev=-1.707  ent=1.228  grad=0.76/0.50  h=6.2 c=26.3  kl=0.0081  vl=0.0003
Step: 921600 SPS: 1781  ev=0.089  ent=1.286  grad=0.78/0.50  h=6.1 c=25.8  kl=0.0103  vl=0.0240
Step: 925696 SPS: 1782  ev=-0.783  ent=1.334  grad=0.76/0.50  h=6.1 c=23.6  kl=0.0102  vl=0.0007
Step: 929792 SPS: 1783  ev=0.102  ent=1.293  grad=0.73/0.50  h=6.2 c=25.8  kl=0.0085  vl=0.0005
Step: 933888 SPS: 1785  ev=0.100  ent=1.233  grad=0.61/0.50  h=6.2 c=26.9  kl=0.0110  vl=0.0007
Step: 937984 SPS: 1786  ev=-0.440  ent=1.229  grad=0.54/0.50  h=6.1 c=24.0  kl=0.0111  vl=0.0015
Step: 942080 SPS: 1788  ev=-0.023  ent=1.258  grad=0.39/0.39  h=6.2 c=24.9  kl=0.0106  vl=0.0481
Step: 946176 SPS: 1788  ev=0.015  ent=1.255  grad=0.25/0.25  h=6.1 c=25.9  kl=0.0093  vl=0.0150
Step: 950272 SPS: 1789  ev=-0.551  ent=1.234  grad=0.92/0.50  h=6.1 c=23.7  kl=0.0085  vl=0.0003
Step: 954368 SPS: 1790  ev=0.036  ent=1.290  grad=0.42/0.42  h=6.1 c=23.6  kl=0.0114  vl=0.0038
Step: 958464 SPS: 1791  ev=-0.004  ent=1.246  grad=0.58/0.50  h=6.1 c=24.9  kl=0.0094  vl=0.0010
Step: 962560 SPS: 1791  ev=0.091  ent=1.279  grad=0.46/0.46  h=6.0 c=23.6  kl=0.0097  vl=0.0029
Step: 966656 SPS: 1793  ev=-0.694  ent=1.242  grad=0.59/0.50  h=6.1 c=23.2  kl=0.0110  vl=0.0009
Step: 970752 SPS: 1794  ev=-0.118  ent=1.211  grad=0.70/0.50  h=6.2 c=25.2  kl=0.0087  vl=0.0007
Step: 974848 SPS: 1795  ev=0.034  ent=1.286  grad=0.75/0.50  h=6.1 c=24.7  kl=0.0070  vl=0.0006
Step: 978944 SPS: 1796  ev=0.099  ent=1.233  grad=0.41/0.41  h=6.1 c=23.7  kl=0.0096  vl=0.0422
  vs Random: 97W/3L/0D | score=25.4±29.2 inv=2.2 played=16.9 lanes=4.4 ddraw=41.9 pts=25
  Self-play: 53W/46L/1D | score=14.1±32.4 inv=2.5 played=15.5 lanes=4.3 ddraw=39.3 pts=14
Step: 983040 SPS: 1770  ev=0.047  ent=1.218  grad=0.63/0.50  h=6.2 c=25.7  kl=0.0096  vl=0.0258
Step: 987136 SPS: 1771  ev=-0.001  ent=1.235  grad=0.53/0.50  h=6.1 c=25.2  kl=0.0119  vl=0.0040
Step: 991232 SPS: 1772  ev=0.187  ent=1.242  grad=0.68/0.50  h=6.1 c=23.7  kl=0.0080  vl=0.0008
Step: 995328 SPS: 1773  ev=0.090  ent=1.224  grad=0.69/0.50  h=6.2 c=24.0  kl=0.0089  vl=0.0006
Step: 999424 SPS: 1774  ev=0.151  ent=1.221  grad=0.70/0.50  h=6.1 c=24.8  kl=0.0105  vl=0.0005
Step: 1003520 SPS: 1775  ev=0.049  ent=1.209  grad=0.82/0.50  h=6.1 c=24.0  kl=0.0104  vl=0.0004
Step: 1007616 SPS: 1776  ev=-4.561  ent=1.240  grad=0.41/0.41  h=6.1 c=23.6  kl=0.0099  vl=0.0012
Step: 1011712 SPS: 1778  ev=-1.512  ent=1.215  grad=0.64/0.50  h=6.1 c=26.9  kl=0.0116  vl=0.0005
Step: 1015808 SPS: 1779  ev=-1.318  ent=1.231  grad=0.81/0.50  h=6.0 c=24.1  kl=0.0101  vl=0.0005
Step: 1019904 SPS: 1780  ev=0.067  ent=1.209  grad=0.62/0.50  h=6.1 c=23.4  kl=0.0108  vl=0.0463
Step: 1024000 SPS: 1782  ev=0.017  ent=1.232  grad=0.83/0.50  h=6.1 c=25.9  kl=0.0102  vl=0.0005
Step: 1028096 SPS: 1783  ev=0.028  ent=1.212  grad=0.80/0.50  h=6.1 c=25.2  kl=0.0106  vl=0.0010
Step: 1032192 SPS: 1784  ev=-3.829  ent=1.165  grad=0.65/0.50  h=6.0 c=23.3  kl=0.0104  vl=0.0007
Step: 1036288 SPS: 1785  ev=-0.721  ent=1.222  grad=0.59/0.50  h=6.1 c=25.1  kl=0.0089  vl=0.0007
Step: 1040384 SPS: 1787  ev=0.148  ent=1.192  grad=0.24/0.24  h=6.0 c=25.2  kl=0.0127  vl=0.0202
Step: 1044480 SPS: 1788  ev=0.047  ent=1.222  grad=0.89/0.50  h=6.1 c=24.3  kl=0.0112  vl=0.0012
Step: 1048576 SPS: 1789  ev=-2.506  ent=1.243  grad=0.46/0.46  h=6.1 c=24.8  kl=0.0089  vl=0.0017
Step: 1052672 SPS: 1790  ev=0.046  ent=1.180  grad=0.61/0.50  h=6.0 c=25.6  kl=0.0082  vl=0.0006
Step: 1056768 SPS: 1791  ev=-0.028  ent=1.217  grad=0.44/0.44  h=6.1 c=24.8  kl=0.0120  vl=0.0451
Step: 1060864 SPS: 1792  ev=0.092  ent=1.251  grad=1.12/0.50  h=6.1 c=23.9  kl=0.0118  vl=0.0011
  vs Random: 97W/4L/0D | score=25.1±30.6 inv=2.1 played=16.7 lanes=4.5 ddraw=42.0 pts=25
  Self-play: 54W/44L/2D | score=15.5±31.9 inv=2.2 played=15.2 lanes=4.1 ddraw=34.5 pts=16
Step: 1064960 SPS: 1769  ev=0.102  ent=1.268  grad=0.83/0.50  h=6.1 c=25.9  kl=0.0164  vl=0.0010
Step: 1069056 SPS: 1770  ev=0.052  ent=1.223  grad=0.65/0.50  h=6.1 c=25.0  kl=0.0104  vl=0.0012
Step: 1073152 SPS: 1772  ev=-3.585  ent=1.225  grad=0.69/0.50  h=6.0 c=23.4  kl=0.0102  vl=0.0009
Step: 1077248 SPS: 1774  ev=-0.051  ent=1.228  grad=0.66/0.50  h=6.1 c=26.0  kl=0.0112  vl=0.0447
Step: 1081344 SPS: 1775  ev=0.065  ent=1.219  grad=0.49/0.49  h=6.0 c=25.4  kl=0.0129  vl=0.0401
Step: 1085440 SPS: 1776  ev=0.005  ent=1.220  grad=0.76/0.50  h=6.0 c=24.4  kl=0.0127  vl=0.0021
Step: 1089536 SPS: 1778  ev=-1.371  ent=1.200  grad=0.89/0.50  h=6.1 c=25.3  kl=0.0109  vl=0.0008
Step: 1093632 SPS: 1779  ev=0.161  ent=1.220  grad=0.41/0.41  h=6.1 c=26.7  kl=0.0084  vl=0.0019
Step: 1097728 SPS: 1779  ev=0.138  ent=1.241  grad=0.59/0.50  h=6.0 c=25.2  kl=0.0081  vl=0.0027
Step: 1101824 SPS: 1779  ev=0.121  ent=1.198  grad=0.51/0.50  h=6.1 c=24.5  kl=0.0065  vl=0.0013
Step: 1105920 SPS: 1780  ev=0.074  ent=1.191  grad=0.38/0.38  h=6.2 c=27.4  kl=0.0083  vl=0.0028
Step: 1110016 SPS: 1781  ev=-1.469  ent=1.220  grad=0.62/0.50  h=6.0 c=26.1  kl=0.0088  vl=0.0007
Step: 1114112 SPS: 1782  ev=0.032  ent=1.236  grad=0.81/0.50  h=6.1 c=24.2  kl=0.0083  vl=0.0004
Step: 1118208 SPS: 1783  ev=0.085  ent=1.221  grad=0.65/0.50  h=6.1 c=26.6  kl=0.0109  vl=0.0302
Step: 1122304 SPS: 1784  ev=0.270  ent=1.177  grad=0.58/0.50  h=6.0 c=25.5  kl=0.0092  vl=0.0006
Step: 1126400 SPS: 1785  ev=0.063  ent=1.186  grad=0.73/0.50  h=6.0 c=23.2  kl=0.0092  vl=0.0004
Step: 1130496 SPS: 1786  ev=0.105  ent=1.230  grad=0.61/0.50  h=6.1 c=26.0  kl=0.0086  vl=0.0438
Step: 1134592 SPS: 1787  ev=-0.467  ent=1.157  grad=0.81/0.50  h=6.1 c=26.0  kl=0.0088  vl=0.0011
Step: 1138688 SPS: 1788  ev=-5.758  ent=1.153  grad=0.63/0.50  h=6.0 c=23.9  kl=0.0074  vl=0.0011
Step: 1142784 SPS: 1789  ev=0.186  ent=1.170  grad=0.41/0.41  h=6.1 c=24.8  kl=0.0107  vl=0.0269
  vs Random: 95W/5L/0D | score=26.4±31.2 inv=2.1 played=16.9 lanes=4.5 ddraw=39.7 pts=26
  Self-play: 60W/40L/1D | score=23.0±39.1 inv=2.3 played=15.5 lanes=4.2 ddraw=39.3 pts=23
Step: 1146880 SPS: 1766  ev=-1.193  ent=1.183  grad=0.52/0.50  h=6.1 c=26.1  kl=0.0087  vl=0.0007
Step: 1150976 SPS: 1767  ev=-3.601  ent=1.187  grad=0.45/0.45  h=6.0 c=24.4  kl=0.0089  vl=0.0006
Step: 1155072 SPS: 1769  ev=0.165  ent=1.193  grad=0.98/0.50  h=6.1 c=23.8  kl=0.0100  vl=0.0009
Step: 1159168 SPS: 1770  ev=-0.853  ent=1.188  grad=0.64/0.50  h=6.1 c=26.3  kl=0.0106  vl=0.0006
Step: 1163264 SPS: 1771  ev=0.011  ent=1.176  grad=0.29/0.29  h=6.0 c=24.9  kl=0.0090  vl=0.0259
Step: 1167360 SPS: 1772  ev=-4.953  ent=1.152  grad=0.41/0.41  h=6.0 c=23.5  kl=0.0088  vl=0.0005
Step: 1171456 SPS: 1773  ev=0.040  ent=1.118  grad=0.76/0.50  h=6.1 c=26.2  kl=0.0112  vl=0.0004
Step: 1175552 SPS: 1774  ev=0.041  ent=1.182  grad=0.80/0.50  h=6.0 c=25.1  kl=0.0089  vl=0.0407
Step: 1179648 SPS: 1775  ev=0.075  ent=1.160  grad=0.57/0.50  h=6.0 c=23.3  kl=0.0073  vl=0.0013
Step: 1183744 SPS: 1776  ev=0.078  ent=1.173  grad=0.76/0.50  h=6.1 c=25.7  kl=0.0100  vl=0.0014
Step: 1187840 SPS: 1777  ev=-0.050  ent=1.159  grad=0.61/0.50  h=6.0 c=25.2  kl=0.0100  vl=0.0471
Step: 1191936 SPS: 1778  ev=-0.028  ent=1.201  grad=0.24/0.24  h=6.0 c=24.0  kl=0.0100  vl=0.0178
Step: 1196032 SPS: 1779  ev=-0.320  ent=1.176  grad=0.73/0.50  h=6.1 c=24.9  kl=0.0093  vl=0.0003
Step: 1200128 SPS: 1780  ev=-2.277  ent=1.132  grad=0.47/0.47  h=6.0 c=25.0  kl=0.0108  vl=0.0009
Step: 1204224 SPS: 1781  ev=0.069  ent=1.178  grad=0.81/0.50  h=6.0 c=23.6  kl=0.0120  vl=0.0004
Step: 1208320 SPS: 1782  ev=0.211  ent=1.201  grad=0.67/0.50  h=6.0 c=23.7  kl=0.0092  vl=0.0005
Step: 1212416 SPS: 1783  ev=0.032  ent=1.144  grad=0.74/0.50  h=6.0 c=24.9  kl=0.0117  vl=0.0823
Step: 1216512 SPS: 1784  ev=-0.008  ent=1.165  grad=0.35/0.35  h=6.0 c=24.1  kl=0.0104  vl=0.0080
Step: 1220608 SPS: 1785  ev=-2.028  ent=1.168  grad=0.67/0.50  h=6.1 c=23.7  kl=0.0102  vl=0.0010
Step: 1224704 SPS: 1786  ev=-0.554  ent=1.142  grad=0.62/0.50  h=6.1 c=25.1  kl=0.0099  vl=0.0004
  vs Random: 98W/2L/0D | score=28.2±30.3 inv=2.0 played=16.8 lanes=4.5 ddraw=41.3 pts=28
  Self-play: 49W/51L/0D | score=20.8±33.8 inv=2.2 played=15.3 lanes=4.3 ddraw=37.8 pts=21
Step: 1228800 SPS: 1766  ev=0.075  ent=1.193  grad=0.70/0.50  h=6.0 c=25.0  kl=0.0161  vl=0.0887
Step: 1232896 SPS: 1767  ev=0.130  ent=1.193  grad=0.50/0.50  h=6.0 c=23.7  kl=0.0122  vl=0.0041
Step: 1236992 SPS: 1767  ev=0.073  ent=1.154  grad=0.68/0.50  h=6.1 c=25.1  kl=0.0109  vl=0.0009
Step: 1241088 SPS: 1768  ev=-0.231  ent=1.182  grad=0.68/0.50  h=6.0 c=25.3  kl=0.0109  vl=0.0052
Step: 1245184 SPS: 1768  ev=0.091  ent=1.188  grad=0.57/0.50  h=5.9 c=23.7  kl=0.0098  vl=0.0421
Step: 1249280 SPS: 1769  ev=-5.096  ent=1.179  grad=0.50/0.50  h=6.1 c=24.7  kl=0.0087  vl=0.0007
Step: 1253376 SPS: 1769  ev=-1.564  ent=1.173  grad=0.68/0.50  h=6.0 c=24.5  kl=0.0099  vl=0.0003
Step: 1257472 SPS: 1770  ev=-3.338  ent=1.159  grad=0.70/0.50  h=6.0 c=23.9  kl=0.0106  vl=0.0002
Step: 1261568 SPS: 1771  ev=-0.026  ent=1.207  grad=0.51/0.50  h=6.1 c=23.8  kl=0.0123  vl=0.0005
Step: 1265664 SPS: 1772  ev=0.184  ent=1.161  grad=0.67/0.50  h=6.1 c=24.9  kl=0.0110  vl=0.0002
Step: 1269760 SPS: 1773  ev=0.025  ent=1.167  grad=0.27/0.27  h=6.0 c=24.5  kl=0.0077  vl=0.0051
Step: 1273856 SPS: 1774  ev=-1.249  ent=1.171  grad=0.59/0.50  h=6.1 c=23.5  kl=0.0114  vl=0.0003
Step: 1277952 SPS: 1774  ev=0.064  ent=1.167  grad=0.42/0.42  h=6.0 c=24.4  kl=0.0110  vl=0.0372
Step: 1282048 SPS: 1775  ev=-0.053  ent=1.161  grad=0.55/0.50  h=6.1 c=24.7  kl=0.0112  vl=0.0046
Step: 1286144 SPS: 1777  ev=0.113  ent=1.167  grad=0.60/0.50  h=6.0 c=23.4  kl=0.0119  vl=0.0390
Step: 1290240 SPS: 1777  ev=-3.135  ent=1.159  grad=0.68/0.50  h=6.1 c=24.7  kl=0.0132  vl=0.0009
Step: 1294336 SPS: 1778  ev=0.016  ent=1.102  grad=0.41/0.41  h=6.0 c=24.5  kl=0.0112  vl=0.0417
Step: 1298432 SPS: 1779  ev=0.032  ent=1.161  grad=0.26/0.26  h=6.0 c=23.9  kl=0.0104  vl=0.0121
Step: 1302528 SPS: 1780  ev=0.129  ent=1.159  grad=0.70/0.50  h=6.1 c=24.3  kl=0.0091  vl=0.0006
Step: 1306624 SPS: 1781  ev=0.400  ent=1.141  grad=0.98/0.50  h=6.1 c=24.9  kl=0.0077  vl=0.0007
  vs Random: 97W/3L/0D | score=19.9±27.0 inv=1.6 played=16.6 lanes=4.6 ddraw=42.2 pts=20
  Self-play: 44W/56L/0D | score=20.2±28.0 inv=2.0 played=15.4 lanes=4.3 ddraw=37.3 pts=20
Step: 1310720 SPS: 1762  ev=-0.172  ent=1.138  grad=0.88/0.50  h=6.0 c=24.3  kl=0.0112  vl=0.0010
Step: 1314816 SPS: 1763  ev=-1.238  ent=1.158  grad=0.61/0.50  h=6.1 c=24.6  kl=0.0086  vl=0.0005
Step: 1318912 SPS: 1763  ev=-0.714  ent=1.120  grad=0.90/0.50  h=6.1 c=25.1  kl=0.0107  vl=0.0005
Step: 1323008 SPS: 1764  ev=-3.229  ent=1.131  grad=0.79/0.50  h=6.0 c=25.0  kl=0.0094  vl=0.0003
Step: 1327104 SPS: 1765  ev=0.022  ent=1.145  grad=0.86/0.50  h=6.0 c=23.7  kl=0.0108  vl=0.0005
Step: 1331200 SPS: 1767  ev=-1.406  ent=1.147  grad=0.92/0.50  h=6.0 c=24.3  kl=0.0103  vl=0.0004
Step: 1335296 SPS: 1768  ev=-1.413  ent=1.111  grad=0.59/0.50  h=6.0 c=24.6  kl=0.0092  vl=0.0004
Step: 1339392 SPS: 1768  ev=-3.086  ent=1.105  grad=0.56/0.50  h=6.0 c=23.4  kl=0.0089  vl=0.0003
Step: 1343488 SPS: 1769  ev=-1.654  ent=1.179  grad=0.60/0.50  h=6.0 c=24.3  kl=0.0096  vl=0.0001
Step: 1347584 SPS: 1770  ev=-2.658  ent=1.094  grad=0.67/0.50  h=6.1 c=24.6  kl=0.0082  vl=0.0001
Step: 1351680 SPS: 1770  ev=-3.083  ent=1.109  grad=0.63/0.50  h=6.0 c=23.1  kl=0.0094  vl=0.0001
Step: 1355776 SPS: 1771  ev=-3.497  ent=1.108  grad=0.56/0.50  h=6.1 c=24.2  kl=0.0097  vl=0.0002
Step: 1359872 SPS: 1772  ev=-3.746  ent=1.159  grad=0.52/0.50  h=6.1 c=24.1  kl=0.0120  vl=0.0003
Step: 1363968 SPS: 1773  ev=0.025  ent=1.088  grad=0.60/0.50  h=6.0 c=23.7  kl=0.0068  vl=0.0003
Step: 1368064 SPS: 1774  ev=0.033  ent=1.113  grad=0.46/0.46  h=6.1 c=23.6  kl=0.0103  vl=0.0504
Step: 1372160 SPS: 1775  ev=0.017  ent=1.117  grad=0.72/0.50  h=6.0 c=23.6  kl=0.0117  vl=0.0467
Step: 1376256 SPS: 1776  ev=-1.083  ent=1.124  grad=0.72/0.50  h=6.1 c=24.6  kl=0.0086  vl=0.0002
Step: 1380352 SPS: 1777  ev=0.060  ent=1.160  grad=1.03/0.50  h=6.1 c=23.4  kl=0.0116  vl=0.0020
Step: 1384448 SPS: 1778  ev=-0.049  ent=1.125  grad=0.71/0.50  h=6.0 c=23.7  kl=0.0069  vl=0.0008
Step: 1388544 SPS: 1778  ev=-0.756  ent=1.135  grad=0.77/0.50  h=6.1 c=24.4  kl=0.0075  vl=0.0003
  vs Random: 95W/6L/0D | score=27.6±29.9 inv=1.7 played=16.7 lanes=4.4 ddraw=38.9 pts=28
  Self-play: 43W/55L/2D | score=17.8±34.1 inv=2.5 played=15.3 lanes=4.2 ddraw=35.1 pts=18
Step: 1392640 SPS: 1760  ev=0.134  ent=1.100  grad=0.43/0.43  h=6.0 c=22.6  kl=0.0129  vl=0.0453
Step: 1396736 SPS: 1761  ev=0.096  ent=1.117  grad=0.87/0.50  h=6.1 c=24.2  kl=0.0074  vl=0.0006
Step: 1400832 SPS: 1761  ev=-1.472  ent=1.135  grad=0.64/0.50  h=6.0 c=23.7  kl=0.0078  vl=0.0006
Step: 1404928 SPS: 1762  ev=-0.097  ent=1.096  grad=0.70/0.50  h=6.0 c=23.0  kl=0.0098  vl=0.0006
Step: 1409024 SPS: 1763  ev=-2.801  ent=1.089  grad=0.68/0.50  h=6.0 c=23.2  kl=0.0114  vl=0.0006
Step: 1413120 SPS: 1764  ev=-0.887  ent=1.097  grad=0.74/0.50  h=6.0 c=23.8  kl=0.0115  vl=0.0003
Step: 1417216 SPS: 1765  ev=-0.895  ent=1.089  grad=0.72/0.50  h=6.0 c=22.7  kl=0.0099  vl=0.0002
Step: 1421312 SPS: 1766  ev=-0.206  ent=1.095  grad=1.02/0.50  h=6.0 c=22.5  kl=0.0105  vl=0.0003
Step: 1425408 SPS: 1767  ev=-0.003  ent=1.093  grad=0.78/0.50  h=6.0 c=24.0  kl=0.0103  vl=0.0002
Step: 1429504 SPS: 1768  ev=-4.164  ent=1.104  grad=0.88/0.50  h=6.0 c=23.4  kl=0.0100  vl=0.0002
Step: 1433600 SPS: 1769  ev=0.007  ent=1.074  grad=0.46/0.46  h=6.0 c=22.5  kl=0.0083  vl=0.0265
Step: 1437696 SPS: 1770  ev=-5.677  ent=1.079  grad=0.74/0.50  h=6.1 c=23.9  kl=0.0098  vl=0.0002
Step: 1441792 SPS: 1771  ev=0.013  ent=1.056  grad=0.78/0.50  h=6.1 c=24.4  kl=0.0104  vl=0.0457
Step: 1445888 SPS: 1772  ev=0.057  ent=1.095  grad=0.86/0.50  h=6.0 c=22.9  kl=0.0100  vl=0.0004
Step: 1449984 SPS: 1773  ev=-0.416  ent=1.086  grad=0.80/0.50  h=6.1 c=24.1  kl=0.0096  vl=0.0006
Step: 1454080 SPS: 1773  ev=-0.569  ent=1.037  grad=0.77/0.50  h=5.9 c=23.6  kl=0.0105  vl=0.0003
Step: 1458176 SPS: 1774  ev=-1.773  ent=1.048  grad=0.86/0.50  h=6.0 c=23.6  kl=0.0109  vl=0.0004
Step: 1462272 SPS: 1775  ev=0.165  ent=1.069  grad=0.86/0.50  h=6.0 c=23.3  kl=0.0093  vl=0.0002
Step: 1466368 SPS: 1776  ev=-3.192  ent=1.057  grad=0.66/0.50  h=6.0 c=24.3  kl=0.0104  vl=0.0002
Step: 1470464 SPS: 1777  ev=-5.704  ent=1.095  grad=0.77/0.50  h=6.0 c=23.6  kl=0.0090  vl=0.0002
  vs Random: 100W/1L/0D | score=30.2±22.6 inv=2.2 played=17.1 lanes=4.4 ddraw=41.5 pts=30
  Self-play: 43W/58L/0D | score=17.6±30.2 inv=2.1 played=15.1 lanes=4.2 ddraw=41.1 pts=18
Step: 1474560 SPS: 1759  ev=-0.124  ent=1.079  grad=0.71/0.50  h=6.0 c=23.3  kl=0.0102  vl=0.0002
Step: 1478656 SPS: 1760  ev=0.087  ent=1.062  grad=0.13/0.13  h=6.0 c=24.5  kl=0.0109  vl=0.0183
Step: 1482752 SPS: 1760  ev=0.227  ent=1.062  grad=0.54/0.50  h=6.0 c=23.8  kl=0.0118  vl=0.0007
Step: 1486848 SPS: 1761  ev=-1.453  ent=1.104  grad=0.57/0.50  h=6.0 c=23.5  kl=0.0094  vl=0.0004
Step: 1490944 SPS: 1762  ev=-2.419  ent=1.099  grad=0.63/0.50  h=6.0 c=24.5  kl=0.0093  vl=0.0003
Step: 1495040 SPS: 1763  ev=0.013  ent=1.112  grad=0.82/0.50  h=6.0 c=23.8  kl=0.0079  vl=0.0002
Step: 1499136 SPS: 1764  ev=0.076  ent=1.073  grad=0.51/0.50  h=6.0 c=23.4  kl=0.0128  vl=0.0017
Step: 1503232 SPS: 1765  ev=0.047  ent=1.080  grad=0.48/0.48  h=6.1 c=24.0  kl=0.0102  vl=0.0420
Step: 1507328 SPS: 1766  ev=-3.043  ent=1.064  grad=0.66/0.50  h=6.0 c=23.9  kl=0.0078  vl=0.0002
Step: 1511424 SPS: 1767  ev=-4.839  ent=1.086  grad=0.52/0.50  h=6.0 c=23.4  kl=0.0102  vl=0.0004
Step: 1515520 SPS: 1767  ev=-3.552  ent=1.059  grad=0.58/0.50  h=6.0 c=22.9  kl=0.0085  vl=0.0003
Step: 1519616 SPS: 1768  ev=0.038  ent=1.107  grad=0.59/0.50  h=6.0 c=24.0  kl=0.0102  vl=0.0276
Step: 1523712 SPS: 1769  ev=-0.253  ent=1.086  grad=0.21/0.21  h=6.0 c=23.1  kl=0.0097  vl=0.0024
Step: 1527808 SPS: 1770  ev=-0.520  ent=1.077  grad=0.73/0.50  h=6.1 c=23.4  kl=0.0087  vl=0.0001
Step: 1531904 SPS: 1770  ev=-2.190  ent=1.089  grad=0.77/0.50  h=6.1 c=24.5  kl=0.0071  vl=0.0001
Step: 1536000 SPS: 1771  ev=0.120  ent=1.034  grad=0.66/0.50  h=6.0 c=24.3  kl=0.0095  vl=0.0003
Step: 1540096 SPS: 1772  ev=0.018  ent=1.089  grad=0.84/0.50  h=6.0 c=23.6  kl=0.0105  vl=0.0004
Step: 1544192 SPS: 1773  ev=0.064  ent=1.103  grad=0.83/0.50  h=6.1 c=24.2  kl=0.0114  vl=0.0007
Step: 1548288 SPS: 1773  ev=-0.018  ent=1.056  grad=0.71/0.50  h=6.1 c=24.2  kl=0.0070  vl=0.0009
Step: 1552384 SPS: 1774  ev=-0.366  ent=1.004  grad=0.66/0.50  h=6.0 c=24.0  kl=0.0101  vl=0.0010
  vs Random: 98W/2L/0D | score=29.6±32.7 inv=2.0 played=16.6 lanes=4.4 ddraw=39.3 pts=30
  Self-play: 48W/51L/1D | score=17.1±28.6 inv=2.2 played=14.5 lanes=4.0 ddraw=35.4 pts=17
Step: 1556480 SPS: 1758  ev=0.174  ent=1.096  grad=0.85/0.50  h=6.0 c=23.6  kl=0.0120  vl=0.0076
Step: 1560576 SPS: 1759  ev=0.343  ent=1.084  grad=1.07/0.50  h=6.0 c=23.8  kl=0.0102  vl=0.0004
Step: 1564672 SPS: 1760  ev=0.022  ent=1.020  grad=0.85/0.50  h=6.0 c=24.5  kl=0.0087  vl=0.0003
Step: 1568768 SPS: 1761  ev=0.146  ent=1.108  grad=0.67/0.50  h=5.9 c=23.0  kl=0.0071  vl=0.0010
Step: 1572864 SPS: 1762  ev=0.098  ent=1.068  grad=0.93/0.50  h=6.0 c=24.0  kl=0.0130  vl=0.0006
Step: 1576960 SPS: 1762  ev=0.010  ent=1.045  grad=0.61/0.50  h=6.0 c=24.2  kl=0.0118  vl=0.0305
Step: 1581056 SPS: 1763  ev=-0.846  ent=1.099  grad=0.52/0.50  h=6.0 c=23.3  kl=0.0092  vl=0.0013
Step: 1585152 SPS: 1764  ev=-3.634  ent=1.087  grad=0.77/0.50  h=6.0 c=23.7  kl=0.0105  vl=0.0009
Step: 1589248 SPS: 1765  ev=-2.501  ent=1.061  grad=0.97/0.50  h=6.0 c=23.6  kl=0.0104  vl=0.0003
Step: 1593344 SPS: 1766  ev=0.145  ent=1.087  grad=0.35/0.35  h=6.0 c=23.4  kl=0.0105  vl=0.0307
Step: 1597440 SPS: 1767  ev=0.110  ent=1.083  grad=0.95/0.50  h=6.1 c=23.6  kl=0.0115  vl=0.0003
Step: 1601536 SPS: 1768  ev=-0.019  ent=1.026  grad=0.71/0.50  h=6.0 c=23.2  kl=0.0103  vl=0.0009
Step: 1605632 SPS: 1769  ev=0.104  ent=1.069  grad=0.85/0.50  h=6.0 c=23.7  kl=0.0105  vl=0.0017
Step: 1609728 SPS: 1770  ev=0.118  ent=1.040  grad=0.74/0.50  h=6.0 c=23.2  kl=0.0103  vl=0.0025
Step: 1613824 SPS: 1770  ev=0.138  ent=1.064  grad=0.31/0.31  h=6.0 c=23.2  kl=0.0093  vl=0.0361
Step: 1617920 SPS: 1771  ev=0.187  ent=1.073  grad=0.55/0.50  h=6.0 c=24.0  kl=0.0109  vl=0.0415
Step: 1622016 SPS: 1772  ev=-4.356  ent=1.067  grad=0.42/0.42  h=6.0 c=23.1  kl=0.0115  vl=0.0037
Step: 1626112 SPS: 1772  ev=0.356  ent=1.046  grad=0.65/0.50  h=6.0 c=24.0  kl=0.0096  vl=0.0018
Step: 1630208 SPS: 1773  ev=-0.198  ent=1.093  grad=0.71/0.50  h=6.0 c=24.2  kl=0.0100  vl=0.0004
Step: 1634304 SPS: 1774  ev=-6.897  ent=1.088  grad=0.63/0.50  h=6.0 c=23.4  kl=0.0074  vl=0.0003
  vs Random: 97W/3L/0D | score=28.0±30.6 inv=1.8 played=16.6 lanes=4.3 ddraw=38.8 pts=28
  Self-play: 46W/53L/1D | score=18.6±28.2 inv=2.0 played=14.5 lanes=4.0 ddraw=31.7 pts=19
Step: 1638400 SPS: 1760  ev=-0.709  ent=1.094  grad=0.82/0.50  h=6.0 c=24.1  kl=0.0121  vl=0.0003
Step: 1642496 SPS: 1761  ev=0.029  ent=1.117  grad=0.59/0.50  h=6.1 c=24.2  kl=0.0114  vl=0.0372
Step: 1646592 SPS: 1762  ev=-6.301  ent=1.058  grad=0.73/0.50  h=6.0 c=24.0  kl=0.0062  vl=0.0002
Step: 1650688 SPS: 1762  ev=0.045  ent=1.114  grad=0.61/0.50  h=6.0 c=24.0  kl=0.0175  vl=0.0472
Step: 1654784 SPS: 1763  ev=0.298  ent=1.099  grad=0.89/0.50  h=6.0 c=23.7  kl=0.0084  vl=0.0002
Step: 1658880 SPS: 1763  ev=0.046  ent=1.087  grad=0.52/0.50  h=6.0 c=24.4  kl=0.0116  vl=0.0437
Step: 1662976 SPS: 1764  ev=-0.038  ent=1.065  grad=0.37/0.37  h=6.1 c=24.7  kl=0.0101  vl=0.0197
Step: 1667072 SPS: 1764  ev=0.072  ent=1.078  grad=0.55/0.50  h=6.0 c=24.5  kl=0.0115  vl=0.0442
Step: 1671168 SPS: 1765  ev=-3.340  ent=1.078  grad=0.66/0.50  h=6.1 c=24.9  kl=0.0074  vl=0.0003
Step: 1675264 SPS: 1765  ev=0.158  ent=1.046  grad=0.66/0.50  h=6.0 c=23.8  kl=0.0084  vl=0.0011
Step: 1679360 SPS: 1766  ev=0.064  ent=1.035  grad=0.39/0.39  h=6.0 c=24.7  kl=0.0143  vl=0.0370
Step: 1683456 SPS: 1766  ev=-0.501  ent=1.048  grad=0.60/0.50  h=6.0 c=24.4  kl=0.0083  vl=0.0005
Step: 1687552 SPS: 1767  ev=-2.228  ent=1.075  grad=0.47/0.47  h=6.0 c=24.4  kl=0.0126  vl=0.0006
Step: 1691648 SPS: 1768  ev=-3.430  ent=1.039  grad=0.41/0.41  h=6.1 c=25.1  kl=0.0091  vl=0.0006
Step: 1695744 SPS: 1769  ev=-1.970  ent=1.089  grad=0.60/0.50  h=6.1 c=25.3  kl=0.0107  vl=0.0003
Step: 1699840 SPS: 1769  ev=-4.208  ent=1.007  grad=0.92/0.50  h=6.1 c=25.4  kl=0.0107  vl=0.0004
Step: 1703936 SPS: 1769  ev=-3.262  ent=1.079  grad=0.72/0.50  h=6.1 c=25.6  kl=0.0079  vl=0.0001
Step: 1708032 SPS: 1770  ev=-2.829  ent=1.065  grad=0.57/0.50  h=6.1 c=25.3  kl=0.0135  vl=0.0002
Step: 1712128 SPS: 1770  ev=-1.037  ent=1.053  grad=0.71/0.50  h=6.1 c=24.8  kl=0.0101  vl=0.0001
Step: 1716224 SPS: 1771  ev=0.005  ent=1.071  grad=0.46/0.46  h=6.0 c=25.1  kl=0.0087  vl=0.0154
  vs Random: 97W/3L/0D | score=27.4±28.0 inv=1.8 played=16.0 lanes=4.3 ddraw=36.7 pts=27
  Self-play: 47W/52L/1D | score=11.4±27.9 inv=2.1 played=14.1 lanes=4.0 ddraw=28.6 pts=11
Step: 1720320 SPS: 1755  ev=0.060  ent=1.062  grad=0.71/0.50  h=6.0 c=24.5  kl=0.0100  vl=0.0005
Step: 1724416 SPS: 1756  ev=-0.017  ent=1.057  grad=0.37/0.37  h=6.1 c=25.5  kl=0.0074  vl=0.0426
Step: 1728512 SPS: 1757  ev=-0.687  ent=1.059  grad=0.69/0.50  h=6.0 c=25.0  kl=0.0122  vl=0.0007
Step: 1732608 SPS: 1757  ev=0.144  ent=1.054  grad=0.64/0.50  h=6.1 c=25.5  kl=0.0084  vl=0.0006
Step: 1736704 SPS: 1758  ev=-0.994  ent=1.015  grad=1.01/0.50  h=6.1 c=25.2  kl=0.0108  vl=0.0004
Step: 1740800 SPS: 1759  ev=-6.383  ent=1.051  grad=0.74/0.50  h=6.1 c=25.7  kl=0.0076  vl=0.0003
Step: 1744896 SPS: 1760  ev=0.239  ent=1.052  grad=0.71/0.50  h=6.1 c=26.2  kl=0.0094  vl=0.0003
Step: 1748992 SPS: 1760  ev=-1.268  ent=1.062  grad=0.37/0.37  h=6.1 c=25.5  kl=0.0092  vl=0.0008
Step: 1753088 SPS: 1761  ev=0.044  ent=1.042  grad=0.78/0.50  h=6.1 c=25.6  kl=0.0074  vl=0.0002
Step: 1757184 SPS: 1762  ev=-5.236  ent=1.053  grad=0.59/0.50  h=6.0 c=25.4  kl=0.0088  vl=0.0002
Step: 1761280 SPS: 1762  ev=-0.727  ent=1.026  grad=0.64/0.50  h=6.0 c=25.0  kl=0.0089  vl=0.0002
Step: 1765376 SPS: 1763  ev=0.015  ent=1.043  grad=0.20/0.20  h=6.1 c=25.3  kl=0.0113  vl=0.0182
Step: 1769472 SPS: 1764  ev=-0.442  ent=1.042  grad=0.51/0.50  h=6.0 c=25.5  kl=0.0101  vl=0.0004
Step: 1773568 SPS: 1764  ev=0.072  ent=1.006  grad=0.90/0.50  h=6.1 c=26.0  kl=0.0082  vl=0.0001
Step: 1777664 SPS: 1765  ev=0.353  ent=1.000  grad=0.64/0.50  h=6.0 c=25.5  kl=0.0073  vl=0.0002
Step: 1781760 SPS: 1766  ev=0.063  ent=1.043  grad=0.66/0.50  h=6.1 c=25.9  kl=0.0086  vl=0.0003
Step: 1785856 SPS: 1767  ev=0.043  ent=1.019  grad=0.65/0.50  h=6.1 c=26.2  kl=0.0102  vl=0.0014
Step: 1789952 SPS: 1767  ev=0.034  ent=1.081  grad=0.57/0.50  h=6.1 c=25.7  kl=0.0083  vl=0.0458
Step: 1794048 SPS: 1768  ev=0.110  ent=1.075  grad=0.80/0.50  h=6.2 c=26.2  kl=0.0105  vl=0.0202
Step: 1798144 SPS: 1768  ev=0.090  ent=1.102  grad=0.46/0.46  h=6.1 c=25.8  kl=0.0103  vl=0.0034
  vs Random: 98W/2L/0D | score=25.4±29.2 inv=1.5 played=16.7 lanes=4.5 ddraw=37.9 pts=25
  Self-play: 48W/49L/3D | score=11.0±29.6 inv=1.8 played=14.8 lanes=4.4 ddraw=33.2 pts=11
Step: 1802240 SPS: 1756  ev=-3.865  ent=1.050  grad=0.54/0.50  h=6.1 c=25.6  kl=0.0097  vl=0.0010
Step: 1806336 SPS: 1757  ev=0.009  ent=1.048  grad=0.52/0.50  h=6.1 c=25.8  kl=0.0093  vl=0.0421
Step: 1810432 SPS: 1757  ev=0.013  ent=1.029  grad=0.68/0.50  h=6.2 c=25.1  kl=0.0141  vl=0.0474
Step: 1814528 SPS: 1758  ev=0.019  ent=1.057  grad=0.85/0.50  h=6.2 c=26.9  kl=0.0101  vl=0.0006
Step: 1818624 SPS: 1758  ev=-1.174  ent=0.989  grad=0.67/0.50  h=6.1 c=25.3  kl=0.0075  vl=0.0002
Step: 1822720 SPS: 1759  ev=0.012  ent=1.047  grad=0.78/0.50  h=6.1 c=24.9  kl=0.0068  vl=0.0004
Step: 1826816 SPS: 1759  ev=0.077  ent=1.041  grad=1.06/0.50  h=6.1 c=26.3  kl=0.0084  vl=0.0007
Step: 1830912 SPS: 1760  ev=0.083  ent=1.049  grad=0.91/0.50  h=6.1 c=25.7  kl=0.0078  vl=0.0015
Step: 1835008 SPS: 1761  ev=0.238  ent=1.031  grad=0.36/0.36  h=6.1 c=25.9  kl=0.0107  vl=0.0063
Step: 1839104 SPS: 1761  ev=0.224  ent=1.070  grad=0.96/0.50  h=6.1 c=26.4  kl=0.0092  vl=0.0015
Step: 1843200 SPS: 1762  ev=0.073  ent=1.091  grad=0.47/0.47  h=6.1 c=26.4  kl=0.0091  vl=0.0029
Step: 1847296 SPS: 1762  ev=-0.335  ent=1.059  grad=0.37/0.37  h=6.1 c=25.5  kl=0.0109  vl=0.0036
Step: 1851392 SPS: 1763  ev=-0.107  ent=1.064  grad=0.41/0.41  h=6.1 c=25.2  kl=0.0140  vl=0.0029
Step: 1855488 SPS: 1763  ev=0.117  ent=1.069  grad=0.72/0.50  h=6.1 c=27.0  kl=0.0066  vl=0.0006
Step: 1859584 SPS: 1763  ev=0.087  ent=1.050  grad=0.70/0.50  h=6.1 c=25.2  kl=0.0105  vl=0.0006
Step: 1863680 SPS: 1764  ev=0.161  ent=1.051  grad=0.62/0.50  h=6.1 c=25.2  kl=0.0115  vl=0.0006
Step: 1867776 SPS: 1765  ev=-2.290  ent=1.020  grad=0.51/0.50  h=6.1 c=26.2  kl=0.0077  vl=0.0005
Step: 1871872 SPS: 1765  ev=0.070  ent=1.074  grad=0.85/0.50  h=6.1 c=25.2  kl=0.0079  vl=0.0005
Step: 1875968 SPS: 1766  ev=-2.049  ent=1.107  grad=0.59/0.50  h=6.1 c=24.7  kl=0.0084  vl=0.0004
Step: 1880064 SPS: 1766  ev=0.131  ent=1.053  grad=0.67/0.50  h=6.1 c=25.2  kl=0.0055  vl=0.0005
  vs Random: 97W/3L/0D | score=20.2±25.4 inv=1.5 played=16.2 lanes=4.4 ddraw=37.5 pts=20
  Self-play: 45W/55L/1D | score=11.6±26.9 inv=1.9 played=14.9 lanes=4.2 ddraw=29.6 pts=12
Step: 1884160 SPS: 1755  ev=0.005  ent=1.024  grad=0.48/0.48  h=6.0 c=25.7  kl=0.0117  vl=0.0299
Step: 1888256 SPS: 1755  ev=0.006  ent=1.034  grad=0.71/0.50  h=6.1 c=25.0  kl=0.0077  vl=0.0006
Step: 1892352 SPS: 1756  ev=0.075  ent=1.057  grad=0.32/0.32  h=6.1 c=25.7  kl=0.0094  vl=0.0201
Step: 1896448 SPS: 1757  ev=0.003  ent=1.068  grad=0.75/0.50  h=6.1 c=26.0  kl=0.0117  vl=0.0148
Step: 1900544 SPS: 1757  ev=0.087  ent=1.043  grad=0.39/0.39  h=6.1 c=25.4  kl=0.0093  vl=0.0451
Step: 1904640 SPS: 1758  ev=-1.495  ent=1.065  grad=1.02/0.50  h=6.1 c=25.4  kl=0.0101  vl=0.0006
Step: 1908736 SPS: 1758  ev=-1.612  ent=0.990  grad=0.69/0.50  h=6.1 c=25.6  kl=0.0104  vl=0.0024
Step: 1912832 SPS: 1759  ev=0.016  ent=1.111  grad=0.61/0.50  h=6.0 c=24.8  kl=0.0097  vl=0.0006
Step: 1916928 SPS: 1760  ev=0.018  ent=1.079  grad=0.41/0.41  h=6.1 c=25.1  kl=0.0112  vl=0.0088
Step: 1921024 SPS: 1760  ev=-2.797  ent=1.049  grad=0.55/0.50  h=6.0 c=25.3  kl=0.0115  vl=0.0004
Step: 1925120 SPS: 1761  ev=0.002  ent=1.071  grad=0.70/0.50  h=6.1 c=25.3  kl=0.0083  vl=0.0003
Step: 1929216 SPS: 1761  ev=-0.010  ent=1.054  grad=0.59/0.50  h=6.1 c=25.1  kl=0.0086  vl=0.0005
Step: 1933312 SPS: 1761  ev=-0.963  ent=1.046  grad=0.69/0.50  h=6.0 c=24.7  kl=0.0093  vl=0.0004
Step: 1937408 SPS: 1762  ev=0.021  ent=1.020  grad=0.30/0.30  h=6.0 c=24.9  kl=0.0141  vl=0.0286
Step: 1941504 SPS: 1763  ev=0.208  ent=1.024  grad=0.66/0.50  h=6.0 c=24.4  kl=0.0078  vl=0.0005
Step: 1945600 SPS: 1763  ev=-3.761  ent=1.026  grad=0.67/0.50  h=6.1 c=24.8  kl=0.0094  vl=0.0003
Step: 1949696 SPS: 1764  ev=0.061  ent=1.058  grad=0.84/0.50  h=6.0 c=25.2  kl=0.0068  vl=0.0004
Step: 1953792 SPS: 1764  ev=0.052  ent=1.086  grad=0.51/0.50  h=6.0 c=24.3  kl=0.0189  vl=0.0418
Step: 1957888 SPS: 1765  ev=0.044  ent=1.061  grad=0.89/0.50  h=6.0 c=24.3  kl=0.0089  vl=0.0013
Step: 1961984 SPS: 1766  ev=-1.888  ent=1.053  grad=0.79/0.50  h=6.0 c=24.5  kl=0.0081  vl=0.0003
  vs Random: 100W/0L/0D | score=23.2±23.3 inv=1.3 played=16.1 lanes=4.3 ddraw=34.7 pts=23
  Self-play: 52W/47L/2D | score=9.1±25.4 inv=1.7 played=13.9 lanes=4.1 ddraw=26.8 pts=9
Step: 1966080 SPS: 1754  ev=-4.657  ent=1.051  grad=0.55/0.50  h=6.0 c=24.4  kl=0.0080  vl=0.0006
Step: 1970176 SPS: 1755  ev=-2.649  ent=1.019  grad=0.65/0.50  h=6.0 c=24.7  kl=0.0075  vl=0.0002
Step: 1974272 SPS: 1755  ev=-0.131  ent=1.033  grad=0.68/0.50  h=6.0 c=24.7  kl=0.0100  vl=0.0001
Step: 1978368 SPS: 1756  ev=0.082  ent=1.062  grad=0.15/0.15  h=6.0 c=24.9  kl=0.0099  vl=0.0246
Step: 1982464 SPS: 1756  ev=-0.054  ent=1.048  grad=0.77/0.50  h=6.0 c=23.9  kl=0.0104  vl=0.0004
Step: 1986560 SPS: 1757  ev=0.596  ent=1.072  grad=0.47/0.47  h=6.0 c=24.4  kl=0.0101  vl=0.0010
Step: 1990656 SPS: 1758  ev=-0.018  ent=1.053  grad=0.63/0.50  h=6.0 c=25.1  kl=0.0089  vl=0.0008
Step: 1994752 SPS: 1758  ev=0.152  ent=1.079  grad=0.76/0.50  h=6.0 c=24.8  kl=0.0090  vl=0.0010
Step: 1998848 SPS: 1759  ev=0.126  ent=1.073  grad=0.54/0.50  h=6.0 c=25.2  kl=0.0065  vl=0.0007
Step: 2002944 SPS: 1760  ev=0.060  ent=1.073  grad=0.73/0.50  h=6.0 c=25.2  kl=0.0076  vl=0.0012
Step: 2007040 SPS: 1760  ev=-1.017  ent=1.046  grad=0.49/0.49  h=6.0 c=25.2  kl=0.0133  vl=0.0029
Step: 2011136 SPS: 1760  ev=0.495  ent=1.060  grad=0.84/0.50  h=6.0 c=24.5  kl=0.0085  vl=0.0005
Step: 2015232 SPS: 1760  ev=0.180  ent=1.035  grad=0.51/0.50  h=6.0 c=24.9  kl=0.0069  vl=0.0019
Step: 2019328 SPS: 1761  ev=-1.339  ent=1.060  grad=0.59/0.50  h=6.0 c=24.6  kl=0.0127  vl=0.0005
Step: 2023424 SPS: 1761  ev=-0.001  ent=1.050  grad=0.53/0.50  h=6.0 c=24.6  kl=0.0105  vl=0.0029
Step: 2027520 SPS: 1761  ev=-0.066  ent=1.030  grad=0.38/0.38  h=6.0 c=24.8  kl=0.0085  vl=0.0024
Step: 2031616 SPS: 1762  ev=-2.059  ent=1.045  grad=0.85/0.50  h=6.0 c=25.7  kl=0.0095  vl=0.0002
Step: 2035712 SPS: 1762  ev=-1.909  ent=1.081  grad=0.68/0.50  h=6.0 c=24.3  kl=0.0094  vl=0.0003
Step: 2039808 SPS: 1763  ev=0.278  ent=1.017  grad=0.78/0.50  h=6.0 c=25.3  kl=0.0069  vl=0.0003
Step: 2043904 SPS: 1763  ev=0.104  ent=1.092  grad=0.75/0.50  h=6.0 c=25.4  kl=0.0073  vl=0.0002
  vs Random: 100W/1L/0D | score=18.6±22.0 inv=1.2 played=16.3 lanes=4.6 ddraw=35.7 pts=19
  Self-play: 48W/51L/1D | score=6.9±25.4 inv=1.4 played=13.8 lanes=4.2 ddraw=27.1 pts=7
Step: 2048000 SPS: 1753  ev=-1.130  ent=1.042  grad=0.63/0.50  h=5.9 c=24.1  kl=0.0108  vl=0.0005
Step: 2052096 SPS: 1753  ev=0.163  ent=1.041  grad=0.77/0.50  h=6.0 c=25.2  kl=0.0085  vl=0.0003
Step: 2056192 SPS: 1754  ev=-3.394  ent=1.024  grad=0.75/0.50  h=6.0 c=24.7  kl=0.0091  vl=0.0003
Step: 2060288 SPS: 1754  ev=-0.091  ent=1.043  grad=0.63/0.50  h=5.9 c=24.3  kl=0.0072  vl=0.0006
Step: 2064384 SPS: 1755  ev=-0.043  ent=1.054  grad=0.73/0.50  h=5.9 c=24.0  kl=0.0095  vl=0.0003
Step: 2068480 SPS: 1755  ev=-5.435  ent=1.041  grad=0.90/0.50  h=5.9 c=24.4  kl=0.0067  vl=0.0001
Step: 2072576 SPS: 1756  ev=0.136  ent=1.058  grad=0.81/0.50  h=5.9 c=24.8  kl=0.0119  vl=0.0001
Step: 2076672 SPS: 1756  ev=0.056  ent=1.070  grad=1.01/0.50  h=5.9 c=24.3  kl=0.0077  vl=0.0007
Step: 2080768 SPS: 1757  ev=0.074  ent=1.055  grad=0.42/0.42  h=5.9 c=24.9  kl=0.0098  vl=0.0228
Step: 2084864 SPS: 1758  ev=0.140  ent=1.075  grad=0.41/0.41  h=5.9 c=24.7  kl=0.0103  vl=0.0081
Step: 2088960 SPS: 1758  ev=0.065  ent=1.043  grad=0.72/0.50  h=5.9 c=23.4  kl=0.0084  vl=0.0003
Step: 2093056 SPS: 1759  ev=0.011  ent=1.007  grad=0.69/0.50  h=5.9 c=23.9  kl=0.0075  vl=0.0280
Step: 2097152 SPS: 1759  ev=-4.124  ent=1.026  grad=0.70/0.50  h=5.9 c=24.9  kl=0.0084  vl=0.0002
Step: 2101248 SPS: 1760  ev=-1.692  ent=1.054  grad=0.86/0.50  h=5.8 c=24.2  kl=0.0116  vl=0.0002
Step: 2105344 SPS: 1760  ev=0.064  ent=1.028  grad=0.85/0.50  h=5.9 c=24.4  kl=0.0086  vl=0.0004
Step: 2109440 SPS: 1760  ev=-1.270  ent=1.037  grad=0.52/0.50  h=5.9 c=25.0  kl=0.0092  vl=0.0005
Step: 2113536 SPS: 1761  ev=-0.079  ent=1.045  grad=0.79/0.50  h=5.9 c=24.7  kl=0.0110  vl=0.0005
Step: 2117632 SPS: 1761  ev=-0.868  ent=1.040  grad=0.92/0.50  h=5.9 c=23.0  kl=0.0090  vl=0.0003
Step: 2121728 SPS: 1762  ev=0.337  ent=1.019  grad=0.31/0.31  h=5.9 c=23.8  kl=0.0101  vl=0.0139
Step: 2125824 SPS: 1763  ev=0.163  ent=1.009  grad=0.85/0.50  h=6.0 c=24.6  kl=0.0104  vl=0.0005
  vs Random: 99W/1L/0D | score=20.1±21.3 inv=1.3 played=15.8 lanes=4.3 ddraw=34.3 pts=20
  Self-play: 51W/49L/0D | score=11.9±27.4 inv=1.6 played=13.9 lanes=4.1 ddraw=28.4 pts=12
Step: 2129920 SPS: 1752  ev=0.003  ent=1.016  grad=0.53/0.50  h=5.9 c=23.3  kl=0.0137  vl=0.0435
Step: 2134016 SPS: 1752  ev=0.100  ent=1.023  grad=0.62/0.50  h=5.9 c=24.3  kl=0.0135  vl=0.0372
Step: 2138112 SPS: 1753  ev=-0.360  ent=1.004  grad=0.51/0.50  h=5.9 c=24.2  kl=0.0082  vl=0.0008
Step: 2142208 SPS: 1753  ev=-3.339  ent=1.035  grad=0.58/0.50  h=5.9 c=23.4  kl=0.0108  vl=0.0005
Step: 2146304 SPS: 1754  ev=-2.315  ent=1.047  grad=0.66/0.50  h=6.0 c=24.1  kl=0.0110  vl=0.0004
Step: 2150400 SPS: 1754  ev=0.050  ent=1.047  grad=1.13/0.50  h=6.0 c=25.3  kl=0.0116  vl=0.0005
Step: 2154496 SPS: 1755  ev=0.214  ent=1.065  grad=0.67/0.50  h=6.0 c=24.5  kl=0.0080  vl=0.0009
Step: 2158592 SPS: 1755  ev=0.097  ent=1.038  grad=0.33/0.33  h=5.9 c=23.9  kl=0.0094  vl=0.0096
Step: 2162688 SPS: 1756  ev=-0.035  ent=0.997  grad=0.63/0.50  h=5.9 c=25.2  kl=0.0093  vl=0.0026
Step: 2166784 SPS: 1756  ev=-4.216  ent=1.072  grad=0.48/0.48  h=5.9 c=24.8  kl=0.0088  vl=0.0012
Step: 2170880 SPS: 1757  ev=-3.804  ent=1.051  grad=0.63/0.50  h=6.0 c=24.6  kl=0.0094  vl=0.0004
Step: 2174976 SPS: 1757  ev=-3.453  ent=1.022  grad=0.74/0.50  h=6.0 c=25.3  kl=0.0082  vl=0.0002
Step: 2179072 SPS: 1757  ev=0.020  ent=1.039  grad=0.87/0.50  h=6.0 c=24.9  kl=0.0077  vl=0.0008
Step: 2183168 SPS: 1758  ev=0.169  ent=1.012  grad=0.56/0.50  h=5.9 c=24.1  kl=0.0084  vl=0.0006
Step: 2187264 SPS: 1758  ev=0.227  ent=1.065  grad=0.43/0.43  h=6.0 c=24.9  kl=0.0067  vl=0.0012
Step: 2191360 SPS: 1759  ev=0.376  ent=1.043  grad=0.19/0.19  h=6.0 c=25.4  kl=0.0093  vl=0.0131
Step: 2195456 SPS: 1759  ev=0.223  ent=1.033  grad=0.23/0.23  h=6.0 c=25.2  kl=0.0092  vl=0.0120
Step: 2199552 SPS: 1760  ev=-0.143  ent=1.024  grad=0.38/0.38  h=6.0 c=24.9  kl=0.0113  vl=0.0049
Step: 2203648 SPS: 1760  ev=-0.158  ent=1.022  grad=0.41/0.41  h=6.0 c=25.6  kl=0.0092  vl=0.0020
Step: 2207744 SPS: 1761  ev=0.127  ent=1.021  grad=0.76/0.50  h=6.0 c=25.8  kl=0.0081  vl=0.0006
  vs Random: 100W/0L/0D | score=19.9±23.8 inv=1.4 played=15.2 lanes=4.1 ddraw=37.5 pts=20
  Self-play: 54W/46L/0D | score=18.2±26.6 inv=1.8 played=14.0 lanes=4.0 ddraw=29.5 pts=18
Step: 2211840 SPS: 1750  ev=-1.767  ent=1.037  grad=0.77/0.50  h=6.0 c=24.2  kl=0.0100  vl=0.0002
Step: 2215936 SPS: 1751  ev=0.029  ent=1.016  grad=0.64/0.50  h=6.0 c=25.4  kl=0.0079  vl=0.0003
Step: 2220032 SPS: 1751  ev=-0.073  ent=1.024  grad=0.68/0.50  h=6.0 c=25.1  kl=0.0105  vl=0.0002
Step: 2224128 SPS: 1752  ev=-2.705  ent=1.028  grad=0.66/0.50  h=5.9 c=23.7  kl=0.0106  vl=0.0005
Step: 2228224 SPS: 1752  ev=-0.031  ent=1.009  grad=0.65/0.50  h=6.0 c=24.5  kl=0.0093  vl=0.0001
Step: 2232320 SPS: 1753  ev=-1.263  ent=0.989  grad=0.60/0.50  h=6.0 c=24.5  kl=0.0096  vl=0.0003
Step: 2236416 SPS: 1753  ev=0.132  ent=0.980  grad=0.28/0.28  h=6.0 c=24.5  kl=0.0123  vl=0.0255
Step: 2240512 SPS: 1754  ev=-3.884  ent=1.018  grad=0.53/0.50  h=6.0 c=24.0  kl=0.0090  vl=0.0007
Step: 2244608 SPS: 1754  ev=0.211  ent=1.030  grad=0.26/0.26  h=6.0 c=24.9  kl=0.0110  vl=0.0030
Step: 2248704 SPS: 1754  ev=-6.496  ent=1.019  grad=0.83/0.50  h=5.9 c=24.8  kl=0.0087  vl=0.0002
Step: 2252800 SPS: 1755  ev=-0.640  ent=1.007  grad=0.56/0.50  h=6.0 c=24.8  kl=0.0105  vl=0.0004
Step: 2256896 SPS: 1755  ev=-0.011  ent=1.045  grad=0.50/0.50  h=6.0 c=24.3  kl=0.0116  vl=0.0002
Step: 2260992 SPS: 1756  ev=-6.588  ent=1.011  grad=0.60/0.50  h=5.9 c=24.4  kl=0.0064  vl=0.0002
Step: 2265088 SPS: 1756  ev=0.207  ent=1.011  grad=0.66/0.50  h=6.0 c=23.9  kl=0.0079  vl=0.0001
Step: 2269184 SPS: 1757  ev=-0.971  ent=0.995  grad=0.82/0.50  h=6.0 c=24.5  kl=0.0108  vl=0.0001
Step: 2273280 SPS: 1757  ev=0.008  ent=1.006  grad=0.65/0.50  h=5.9 c=24.4  kl=0.0082  vl=0.0002
Step: 2277376 SPS: 1758  ev=0.352  ent=0.992  grad=0.39/0.39  h=6.0 c=23.4  kl=0.0102  vl=0.0221
Step: 2281472 SPS: 1758  ev=0.057  ent=1.048  grad=0.65/0.50  h=6.0 c=24.4  kl=0.0093  vl=0.0006
Step: 2285568 SPS: 1759  ev=-0.596  ent=0.963  grad=0.48/0.48  h=6.0 c=24.7  kl=0.0069  vl=0.0006
Step: 2289664 SPS: 1759  ev=-4.080  ent=1.014  grad=0.39/0.39  h=5.9 c=23.2  kl=0.0095  vl=0.0006
  vs Random: 101W/0L/1D | score=22.4±24.7 inv=1.6 played=15.8 lanes=4.2 ddraw=36.9 pts=22
  Self-play: 54W/44L/2D | score=12.7±27.8 inv=1.9 played=13.4 lanes=3.9 ddraw=26.2 pts=13
Step: 2293760 SPS: 1750  ev=-1.977  ent=0.962  grad=0.58/0.50  h=6.0 c=24.1  kl=0.0104  vl=0.0002
Step: 2297856 SPS: 1750  ev=0.063  ent=0.980  grad=0.82/0.50  h=5.9 c=24.4  kl=0.0090  vl=0.0005
Step: 2301952 SPS: 1751  ev=-2.026  ent=0.998  grad=0.33/0.33  h=5.9 c=24.0  kl=0.0205  vl=0.0038
Step: 2306048 SPS: 1751  ev=0.089  ent=1.014  grad=0.58/0.50  h=5.9 c=24.0  kl=0.0062  vl=0.0008
Step: 2310144 SPS: 1751  ev=0.438  ent=0.971  grad=0.73/0.50  h=5.9 c=23.8  kl=0.0065  vl=0.0001
Step: 2314240 SPS: 1752  ev=-1.621  ent=0.999  grad=0.62/0.50  h=5.9 c=24.4  kl=0.0062  vl=0.0006
Step: 2318336 SPS: 1752  ev=-1.701  ent=0.987  grad=0.50/0.50  h=5.9 c=22.9  kl=0.0043  vl=0.0003
Step: 2322432 SPS: 1753  ev=0.012  ent=0.976  grad=0.60/0.50  h=5.9 c=23.7  kl=0.0110  vl=0.0008
Step: 2326528 SPS: 1753  ev=-2.497  ent=1.048  grad=0.69/0.50  h=5.9 c=24.4  kl=0.0119  vl=0.0002
Step: 2330624 SPS: 1753  ev=-0.782  ent=0.980  grad=0.87/0.50  h=5.9 c=23.4  kl=0.0085  vl=0.0002
Step: 2334720 SPS: 1754  ev=-1.429  ent=0.989  grad=0.51/0.50  h=6.0 c=24.3  kl=0.0101  vl=0.0008
Step: 2338816 SPS: 1755  ev=0.019  ent=0.949  grad=1.19/0.50  h=6.0 c=24.9  kl=0.0104  vl=0.0004
Step: 2342912 SPS: 1755  ev=0.135  ent=0.970  grad=0.32/0.32  h=5.9 c=23.8  kl=0.0071  vl=0.0105
Step: 2347008 SPS: 1756  ev=-5.785  ent=1.011  grad=0.71/0.50  h=6.0 c=24.4  kl=0.0067  vl=0.0003
Step: 2351104 SPS: 1756  ev=-3.069  ent=0.965  grad=0.43/0.43  h=5.9 c=24.2  kl=0.0096  vl=0.0003
Step: 2355200 SPS: 1757  ev=-7.515  ent=0.976  grad=0.75/0.50  h=5.9 c=24.1  kl=0.0098  vl=0.0002
Step: 2359296 SPS: 1757  ev=0.002  ent=0.974  grad=0.89/0.50  h=5.9 c=24.3  kl=0.0066  vl=0.0001
Step: 2363392 SPS: 1757  ev=-2.171  ent=0.965  grad=0.38/0.38  h=6.0 c=24.3  kl=0.0100  vl=0.0004
Step: 2367488 SPS: 1758  ev=0.058  ent=0.983  grad=0.38/0.38  h=5.9 c=24.4  kl=0.0114  vl=0.0427
Step: 2371584 SPS: 1758  ev=-0.196  ent=0.962  grad=0.48/0.48  h=6.0 c=24.0  kl=0.0106  vl=0.0016
  vs Random: 99W/1L/0D | score=23.2±21.7 inv=1.4 played=15.8 lanes=4.1 ddraw=39.0 pts=23
  Self-play: 45W/51L/4D | score=8.7±23.9 inv=1.7 played=13.1 lanes=3.8 ddraw=28.1 pts=9
Step: 2375680 SPS: 1749  ev=-1.438  ent=0.987  grad=0.62/0.50  h=5.9 c=23.7  kl=0.0087  vl=0.0002
Step: 2379776 SPS: 1749  ev=-7.124  ent=0.986  grad=0.49/0.49  h=5.9 c=24.1  kl=0.0096  vl=0.0003
Step: 2383872 SPS: 1749  ev=-1.649  ent=0.975  grad=0.53/0.50  h=5.9 c=23.3  kl=0.0102  vl=0.0002
Step: 2387968 SPS: 1750  ev=-1.691  ent=0.984  grad=0.58/0.50  h=5.9 c=23.9  kl=0.0096  vl=0.0001
Step: 2392064 SPS: 1750  ev=-1.420  ent=0.954  grad=0.64/0.50  h=6.0 c=23.9  kl=0.0095  vl=0.0001
Step: 2396160 SPS: 1751  ev=0.044  ent=0.961  grad=0.92/0.50  h=5.9 c=23.9  kl=0.0080  vl=0.0002
Step: 2400256 SPS: 1751  ev=-3.761  ent=1.004  grad=0.72/0.50  h=5.9 c=23.7  kl=0.0069  vl=0.0001
Step: 2404352 SPS: 1752  ev=-2.916  ent=0.998  grad=0.68/0.50  h=5.9 c=23.7  kl=0.0081  vl=0.0001
Step: 2408448 SPS: 1752  ev=-1.060  ent=1.010  grad=0.63/0.50  h=5.9 c=23.5  kl=0.0097  vl=0.0001
Step: 2412544 SPS: 1753  ev=0.158  ent=1.001  grad=0.61/0.50  h=6.0 c=24.0  kl=0.0061  vl=0.0001
Step: 2416640 SPS: 1753  ev=0.474  ent=0.993  grad=0.27/0.27  h=5.9 c=23.5  kl=0.0096  vl=0.0071
Step: 2420736 SPS: 1754  ev=-0.005  ent=0.990  grad=0.84/0.50  h=5.9 c=24.2  kl=0.0086  vl=0.0002
Step: 2424832 SPS: 1754  ev=-0.632  ent=0.984  grad=0.68/0.50  h=5.9 c=23.6  kl=0.0074  vl=0.0001
Step: 2428928 SPS: 1755  ev=0.104  ent=0.981  grad=0.39/0.39  h=5.9 c=23.5  kl=0.0103  vl=0.0355
Step: 2433024 SPS: 1755  ev=0.022  ent=0.980  grad=0.68/0.50  h=6.0 c=24.4  kl=0.0074  vl=0.0003
Step: 2437120 SPS: 1756  ev=0.177  ent=0.983  grad=0.61/0.50  h=5.9 c=23.3  kl=0.0062  vl=0.0006
Step: 2441216 SPS: 1756  ev=0.231  ent=0.972  grad=0.73/0.50  h=5.9 c=23.1  kl=0.0091  vl=0.0004
Step: 2445312 SPS: 1757  ev=-4.067  ent=0.977  grad=0.77/0.50  h=6.0 c=23.0  kl=0.0073  vl=0.0004
Step: 2449408 SPS: 1757  ev=-0.223  ent=0.964  grad=0.69/0.50  h=5.9 c=23.1  kl=0.0078  vl=0.0001
Step: 2453504 SPS: 1757  ev=-1.084  ent=0.987  grad=0.70/0.50  h=6.0 c=22.9  kl=0.0075  vl=0.0001
  vs Random: 99W/1L/0D | score=24.3±24.5 inv=1.3 played=15.3 lanes=4.0 ddraw=35.3 pts=24
  Self-play: 45W/52L/3D | score=5.1±24.7 inv=1.2 played=12.6 lanes=3.9 ddraw=26.4 pts=5
Step: 2457600 SPS: 1749  ev=0.037  ent=0.932  grad=0.70/0.50  h=5.9 c=22.4  kl=0.0075  vl=0.0002
Step: 2461696 SPS: 1749  ev=-2.426  ent=0.956  grad=0.60/0.50  h=6.0 c=23.4  kl=0.0098  vl=0.0002
Step: 2465792 SPS: 1750  ev=-1.461  ent=0.961  grad=0.56/0.50  h=5.9 c=21.9  kl=0.0089  vl=0.0001
Step: 2469888 SPS: 1750  ev=0.026  ent=0.955  grad=0.70/0.50  h=5.9 c=22.2  kl=0.0073  vl=0.0001
Step: 2473984 SPS: 1750  ev=-0.280  ent=0.965  grad=0.41/0.41  h=6.0 c=23.7  kl=0.0109  vl=0.0009
Step: 2478080 SPS: 1750  ev=-0.091  ent=0.980  grad=0.85/0.50  h=5.9 c=21.7  kl=0.0104  vl=0.0001
Step: 2482176 SPS: 1751  ev=0.180  ent=0.975  grad=0.32/0.32  h=6.0 c=22.7  kl=0.0088  vl=0.0213
Step: 2486272 SPS: 1751  ev=0.046  ent=0.975  grad=0.33/0.33  h=6.0 c=23.5  kl=0.0100  vl=0.0284
Step: 2490368 SPS: 1752  ev=0.183  ent=0.973  grad=0.16/0.16  h=5.9 c=23.1  kl=0.0094  vl=0.0138
Step: 2494464 SPS: 1752  ev=-0.157  ent=0.918  grad=0.46/0.46  h=5.9 c=22.2  kl=0.0062  vl=0.0017
Step: 2498560 SPS: 1753  ev=0.117  ent=0.938  grad=0.65/0.50  h=5.9 c=22.3  kl=0.0065  vl=0.0007
Step: 2502656 SPS: 1753  ev=-0.970  ent=0.991  grad=0.46/0.46  h=5.9 c=23.0  kl=0.0098  vl=0.0013
Step: 2506752 SPS: 1754  ev=0.100  ent=0.998  grad=0.24/0.24  h=6.0 c=22.2  kl=0.0123  vl=0.0266
Step: 2510848 SPS: 1754  ev=0.059  ent=0.929  grad=0.73/0.50  h=5.9 c=22.2  kl=0.0088  vl=0.0010
Step: 2514944 SPS: 1755  ev=0.102  ent=0.998  grad=0.38/0.38  h=6.0 c=23.9  kl=0.0082  vl=0.0035
Step: 2519040 SPS: 1755  ev=0.164  ent=0.912  grad=0.42/0.42  h=6.0 c=22.6  kl=0.0075  vl=0.0020
Step: 2523136 SPS: 1756  ev=0.134  ent=0.953  grad=0.45/0.45  h=6.0 c=23.0  kl=0.0130  vl=0.0312
Step: 2527232 SPS: 1756  ev=0.037  ent=0.963  grad=0.69/0.50  h=6.0 c=23.8  kl=0.0076  vl=0.0007
Step: 2531328 SPS: 1756  ev=-0.005  ent=0.968  grad=0.53/0.50  h=5.9 c=22.7  kl=0.0078  vl=0.0013
Step: 2535424 SPS: 1757  ev=-0.515  ent=0.936  grad=0.70/0.50  h=6.0 c=23.0  kl=0.0079  vl=0.0011
  vs Random: 99W/1L/0D | score=19.0±22.4 inv=1.1 played=14.5 lanes=4.0 ddraw=36.3 pts=19
  Self-play: 52W/46L/2D | score=6.4±25.3 inv=1.2 played=12.5 lanes=3.9 ddraw=22.0 pts=6
Step: 2539520 SPS: 1749  ev=0.410  ent=0.961  grad=0.66/0.50  h=6.0 c=23.7  kl=0.0099  vl=0.0004
Step: 2543616 SPS: 1749  ev=0.033  ent=0.974  grad=0.76/0.50  h=6.0 c=23.8  kl=0.0115  vl=0.0003
Step: 2547712 SPS: 1750  ev=0.067  ent=0.949  grad=0.54/0.50  h=5.9 c=22.2  kl=0.0077  vl=0.0005
Step: 2551808 SPS: 1750  ev=-0.058  ent=0.973  grad=0.63/0.50  h=5.9 c=22.9  kl=0.0078  vl=0.0003
Step: 2555904 SPS: 1751  ev=0.124  ent=0.912  grad=0.96/0.50  h=6.0 c=24.2  kl=0.0074  vl=0.0002
Step: 2560000 SPS: 1751  ev=-2.464  ent=0.975  grad=0.49/0.49  h=5.9 c=22.5  kl=0.0102  vl=0.0003
Step: 2564096 SPS: 1751  ev=-1.945  ent=0.948  grad=0.59/0.50  h=6.0 c=23.7  kl=0.0091  vl=0.0004
Step: 2568192 SPS: 1752  ev=0.040  ent=0.955  grad=1.05/0.50  h=6.0 c=23.8  kl=0.0093  vl=0.0005
Step: 2572288 SPS: 1752  ev=-5.041  ent=0.942  grad=0.78/0.50  h=6.0 c=22.5  kl=0.0076  vl=0.0002
Step: 2576384 SPS: 1753  ev=-5.298  ent=0.943  grad=0.46/0.46  h=5.9 c=23.3  kl=0.0083  vl=0.0002
Step: 2580480 SPS: 1753  ev=-0.861  ent=0.958  grad=0.72/0.50  h=6.0 c=23.4  kl=0.0097  vl=0.0003
Step: 2584576 SPS: 1753  ev=0.256  ent=0.970  grad=0.64/0.50  h=5.9 c=22.3  kl=0.0066  vl=0.0002
Step: 2588672 SPS: 1754  ev=0.008  ent=0.948  grad=0.29/0.29  h=5.9 c=22.9  kl=0.0120  vl=0.0342
Step: 2592768 SPS: 1754  ev=0.103  ent=0.933  grad=0.51/0.50  h=5.9 c=22.4  kl=0.0116  vl=0.0005
Step: 2596864 SPS: 1755  ev=0.111  ent=0.935  grad=0.37/0.37  h=5.9 c=22.8  kl=0.0081  vl=0.0262
Step: 2600960 SPS: 1755  ev=-0.815  ent=0.910  grad=0.72/0.50  h=6.0 c=22.8  kl=0.0080  vl=0.0012
Step: 2605056 SPS: 1756  ev=0.148  ent=0.913  grad=0.65/0.50  h=6.0 c=23.3  kl=0.0054  vl=0.0015
Step: 2609152 SPS: 1756  ev=0.088  ent=0.937  grad=0.31/0.31  h=6.0 c=23.9  kl=0.0116  vl=0.0330
Step: 2613248 SPS: 1756  ev=-3.306  ent=0.960  grad=0.44/0.44  h=5.9 c=22.8  kl=0.0077  vl=0.0012
Step: 2617344 SPS: 1757  ev=0.027  ent=0.920  grad=1.01/0.50  h=5.9 c=23.1  kl=0.0082  vl=0.0285
  vs Random: 99W/1L/0D | score=20.9±22.6 inv=1.1 played=14.6 lanes=4.0 ddraw=37.0 pts=21
  Self-play: 47W/52L/1D | score=6.0±23.2 inv=1.0 played=12.0 lanes=3.7 ddraw=24.8 pts=6
Step: 2621440 SPS: 1748  ev=-0.306  ent=0.931  grad=0.57/0.50  h=6.0 c=24.0  kl=0.0091  vl=0.0003
Step: 2625536 SPS: 1748  ev=-1.775  ent=0.922  grad=0.60/0.50  h=5.9 c=23.0  kl=0.0079  vl=0.0002
Step: 2629632 SPS: 1749  ev=0.093  ent=0.911  grad=0.28/0.28  h=6.0 c=24.0  kl=0.0108  vl=0.0173
Step: 2633728 SPS: 1749  ev=-1.773  ent=0.909  grad=0.35/0.35  h=6.0 c=23.8  kl=0.0076  vl=0.0011
Step: 2637824 SPS: 1750  ev=0.121  ent=0.899  grad=0.38/0.38  h=5.9 c=23.0  kl=0.0070  vl=0.0014
Step: 2641920 SPS: 1750  ev=-1.312  ent=0.935  grad=0.52/0.50  h=6.0 c=23.7  kl=0.0076  vl=0.0004
Step: 2646016 SPS: 1750  ev=-0.425  ent=0.936  grad=0.65/0.50  h=5.9 c=23.2  kl=0.0090  vl=0.0001
Step: 2650112 SPS: 1751  ev=-2.418  ent=0.920  grad=0.66/0.50  h=6.0 c=23.5  kl=0.0079  vl=0.0002
Step: 2654208 SPS: 1751  ev=-2.426  ent=0.941  grad=0.60/0.50  h=5.9 c=22.8  kl=0.0082  vl=0.0001
Step: 2658304 SPS: 1752  ev=-3.558  ent=0.925  grad=0.56/0.50  h=5.9 c=22.9  kl=0.0088  vl=0.0002
Step: 2662400 SPS: 1752  ev=0.024  ent=0.928  grad=1.00/0.50  h=6.0 c=24.2  kl=0.0095  vl=0.0811
Step: 2666496 SPS: 1752  ev=0.027  ent=0.942  grad=0.47/0.47  h=5.9 c=23.0  kl=0.0104  vl=0.0408
Step: 2670592 SPS: 1753  ev=-1.215  ent=0.983  grad=0.73/0.50  h=5.9 c=23.1  kl=0.0095  vl=0.0001
Step: 2674688 SPS: 1753  ev=0.011  ent=0.910  grad=0.69/0.50  h=5.9 c=23.0  kl=0.0082  vl=0.0002
Step: 2678784 SPS: 1753  ev=-1.463  ent=0.908  grad=0.67/0.50  h=5.9 c=22.9  kl=0.0082  vl=0.0002
Step: 2682880 SPS: 1753  ev=-2.635  ent=0.951  grad=0.50/0.50  h=5.9 c=22.8  kl=0.0088  vl=0.0001
Step: 2686976 SPS: 1754  ev=-3.858  ent=0.910  grad=0.67/0.50  h=5.9 c=22.8  kl=0.0086  vl=0.0001
Step: 2691072 SPS: 1754  ev=-2.616  ent=0.934  grad=0.79/0.50  h=5.9 c=23.1  kl=0.0114  vl=0.0001
Step: 2695168 SPS: 1754  ev=-2.610  ent=0.962  grad=0.76/0.50  h=5.9 c=23.0  kl=0.0102  vl=0.0001
Step: 2699264 SPS: 1755  ev=-1.340  ent=0.880  grad=0.56/0.50  h=5.9 c=22.3  kl=0.0094  vl=0.0001
  vs Random: 97W/3L/0D | score=23.0±26.3 inv=1.3 played=15.1 lanes=4.1 ddraw=38.6 pts=23
  Self-play: 47W/51L/2D | score=1.9±19.3 inv=1.1 played=12.5 lanes=4.0 ddraw=22.9 pts=2
Step: 2703360 SPS: 1747  ev=-4.161  ent=0.908  grad=0.67/0.50  h=5.9 c=22.6  kl=0.0058  vl=0.0001
Step: 2707456 SPS: 1747  ev=-0.385  ent=0.930  grad=0.87/0.50  h=5.9 c=22.3  kl=0.0094  vl=0.0001
Step: 2711552 SPS: 1748  ev=-4.764  ent=0.889  grad=0.67/0.50  h=5.9 c=22.7  kl=0.0084  vl=0.0001
Step: 2715648 SPS: 1748  ev=-9.281  ent=0.929  grad=0.74/0.50  h=5.9 c=22.4  kl=0.0076  vl=0.0001
Step: 2719744 SPS: 1749  ev=-0.019  ent=0.929  grad=0.66/0.50  h=5.9 c=22.7  kl=0.0059  vl=0.0001
Step: 2723840 SPS: 1749  ev=-2.554  ent=0.919  grad=0.80/0.50  h=5.9 c=22.5  kl=0.0096  vl=0.0001
Step: 2727936 SPS: 1750  ev=0.017  ent=0.901  grad=0.47/0.47  h=5.9 c=22.8  kl=0.0121  vl=0.0459
Step: 2732032 SPS: 1750  ev=-3.302  ent=0.939  grad=0.61/0.50  h=5.9 c=22.9  kl=0.0098  vl=0.0002
Step: 2736128 SPS: 1750  ev=-2.665  ent=0.849  grad=0.64/0.50  h=5.9 c=22.9  kl=0.0086  vl=0.0001
Step: 2740224 SPS: 1751  ev=-0.018  ent=0.862  grad=0.82/0.50  h=5.9 c=23.0  kl=0.0065  vl=0.0002
Step: 2744320 SPS: 1751  ev=0.009  ent=0.906  grad=0.41/0.41  h=5.9 c=22.6  kl=0.0087  vl=0.0472
Step: 2748416 SPS: 1751  ev=0.051  ent=0.874  grad=0.29/0.29  h=5.9 c=23.2  kl=0.0073  vl=0.0245
Step: 2752512 SPS: 1752  ev=0.089  ent=0.881  grad=0.72/0.50  h=5.9 c=23.1  kl=0.0090  vl=0.0007
Step: 2756608 SPS: 1752  ev=-1.412  ent=0.872  grad=0.73/0.50  h=6.0 c=23.2  kl=0.0060  vl=0.0005
Step: 2760704 SPS: 1752  ev=0.069  ent=0.893  grad=0.57/0.50  h=5.9 c=22.7  kl=0.0099  vl=0.0005
Step: 2764800 SPS: 1752  ev=0.070  ent=0.889  grad=0.67/0.50  h=6.0 c=23.0  kl=0.0108  vl=0.0003
Step: 2768896 SPS: 1752  ev=-1.647  ent=0.895  grad=0.60/0.50  h=5.9 c=22.9  kl=0.0114  vl=0.0004
Step: 2772992 SPS: 1752  ev=-0.843  ent=0.906  grad=0.58/0.50  h=5.9 c=22.6  kl=0.0081  vl=0.0003
Step: 2777088 SPS: 1753  ev=0.083  ent=0.917  grad=0.85/0.50  h=5.9 c=23.0  kl=0.0081  vl=0.0003
Step: 2781184 SPS: 1753  ev=0.054  ent=0.894  grad=0.30/0.30  h=5.8 c=22.5  kl=0.0099  vl=0.0085
  vs Random: 99W/1L/0D | score=27.8±24.9 inv=1.3 played=15.2 lanes=3.9 ddraw=41.0 pts=28
  Self-play: 52W/48L/1D | score=9.1±24.2 inv=1.3 played=12.9 lanes=3.9 ddraw=27.9 pts=9
Step: 2785280 SPS: 1744  ev=0.342  ent=0.862  grad=0.61/0.50  h=5.9 c=22.4  kl=0.0061  vl=0.0005
Step: 2789376 SPS: 1745  ev=-0.438  ent=0.869  grad=0.69/0.50  h=6.0 c=23.0  kl=0.0078  vl=0.0003
Step: 2793472 SPS: 1745  ev=-2.119  ent=0.847  grad=0.62/0.50  h=5.9 c=23.0  kl=0.0054  vl=0.0004
Step: 2797568 SPS: 1746  ev=0.091  ent=0.875  grad=0.68/0.50  h=5.9 c=22.3  kl=0.0087  vl=0.0004
Step: 2801664 SPS: 1746  ev=0.040  ent=0.838  grad=0.15/0.15  h=5.9 c=22.6  kl=0.0127  vl=0.0127
Step: 2805760 SPS: 1746  ev=-2.436  ent=0.846  grad=0.31/0.31  h=5.9 c=23.1  kl=0.0089  vl=0.0009
Step: 2809856 SPS: 1746  ev=-11.771  ent=0.896  grad=0.57/0.50  h=5.8 c=22.1  kl=0.0121  vl=0.0002
Step: 2813952 SPS: 1747  ev=-3.565  ent=0.909  grad=0.42/0.42  h=5.9 c=22.7  kl=0.0096  vl=0.0002
Step: 2818048 SPS: 1747  ev=-0.997  ent=0.870  grad=0.63/0.50  h=5.9 c=22.6  kl=0.0066  vl=0.0001
Step: 2822144 SPS: 1748  ev=-0.006  ent=0.908  grad=0.53/0.50  h=5.9 c=22.5  kl=0.0080  vl=0.0002
Step: 2826240 SPS: 1748  ev=-0.047  ent=0.885  grad=0.44/0.44  h=5.8 c=21.7  kl=0.0080  vl=0.0001
Step: 2830336 SPS: 1748  ev=0.008  ent=0.866  grad=0.65/0.50  h=5.9 c=23.1  kl=0.0074  vl=0.0001
Step: 2834432 SPS: 1749  ev=-3.642  ent=0.906  grad=0.48/0.48  h=5.9 c=22.9  kl=0.0066  vl=0.0002
Step: 2838528 SPS: 1749  ev=-0.015  ent=0.867  grad=0.67/0.50  h=5.9 c=22.2  kl=0.0081  vl=0.0001
Step: 2842624 SPS: 1749  ev=0.007  ent=0.877  grad=0.63/0.50  h=5.9 c=22.1  kl=0.0088  vl=0.0480
Step: 2846720 SPS: 1750  ev=-14.871  ent=0.879  grad=0.18/0.18  h=5.9 c=22.7  kl=0.0081  vl=0.0016
Step: 2850816 SPS: 1750  ev=-0.053  ent=0.869  grad=0.34/0.34  h=5.8 c=22.2  kl=0.0089  vl=0.0098
Step: 2854912 SPS: 1751  ev=0.017  ent=0.892  grad=0.67/0.50  h=5.9 c=21.8  kl=0.0079  vl=0.0002
Step: 2859008 SPS: 1751  ev=0.050  ent=0.895  grad=0.78/0.50  h=5.9 c=23.0  kl=0.0114  vl=0.0007
Step: 2863104 SPS: 1751  ev=0.110  ent=0.892  grad=0.86/0.50  h=5.8 c=22.5  kl=0.0084  vl=0.0004
  vs Random: 99W/1L/0D | score=22.2±22.9 inv=1.2 played=14.6 lanes=3.9 ddraw=42.6 pts=22
  Self-play: 45W/54L/1D | score=5.7±23.0 inv=1.2 played=12.6 lanes=3.8 ddraw=29.0 pts=6
Step: 2867200 SPS: 1744  ev=-1.356  ent=0.876  grad=0.48/0.48  h=5.9 c=22.4  kl=0.0096  vl=0.0005
Step: 2871296 SPS: 1744  ev=-4.871  ent=0.883  grad=0.53/0.50  h=5.9 c=23.2  kl=0.0111  vl=0.0002
Step: 2875392 SPS: 1744  ev=-0.219  ent=0.891  grad=0.43/0.43  h=5.9 c=22.5  kl=0.0096  vl=0.0010
Step: 2879488 SPS: 1745  ev=0.022  ent=0.886  grad=0.59/0.50  h=5.9 c=22.0  kl=0.0100  vl=0.0012
Step: 2883584 SPS: 1745  ev=0.017  ent=0.861  grad=0.26/0.26  h=5.9 c=22.4  kl=0.0104  vl=0.0173
Step: 2887680 SPS: 1746  ev=0.059  ent=0.876  grad=0.56/0.50  h=5.9 c=22.7  kl=0.0077  vl=0.0593
Step: 2891776 SPS: 1746  ev=-0.499  ent=0.911  grad=0.78/0.50  h=5.9 c=22.7  kl=0.0078  vl=0.0004
Step: 2895872 SPS: 1746  ev=-0.704  ent=0.871  grad=0.45/0.45  h=6.0 c=22.3  kl=0.0088  vl=0.0017
Step: 2899968 SPS: 1747  ev=0.283  ent=0.868  grad=0.72/0.50  h=5.9 c=22.2  kl=0.0075  vl=0.0002
Step: 2904064 SPS: 1747  ev=-0.409  ent=0.896  grad=0.37/0.37  h=6.0 c=23.4  kl=0.0078  vl=0.0010
Step: 2908160 SPS: 1747  ev=-5.208  ent=0.923  grad=0.67/0.50  h=6.0 c=22.3  kl=0.0067  vl=0.0002
Step: 2912256 SPS: 1748  ev=0.229  ent=0.886  grad=0.67/0.50  h=6.0 c=22.4  kl=0.0111  vl=0.0002
Step: 2916352 SPS: 1748  ev=-0.985  ent=0.895  grad=0.63/0.50  h=6.0 c=23.0  kl=0.0064  vl=0.0002
Step: 2920448 SPS: 1749  ev=-3.806  ent=0.899  grad=0.53/0.50  h=5.9 c=22.0  kl=0.0081  vl=0.0002
Step: 2924544 SPS: 1749  ev=-0.076  ent=0.864  grad=0.53/0.50  h=6.0 c=22.7  kl=0.0072  vl=0.0001
Step: 2928640 SPS: 1750  ev=-4.867  ent=0.898  grad=0.71/0.50  h=6.0 c=23.0  kl=0.0076  vl=0.0001
Step: 2932736 SPS: 1750  ev=-0.274  ent=0.897  grad=0.34/0.34  h=5.9 c=22.5  kl=0.0090  vl=0.0012
Step: 2936832 SPS: 1750  ev=0.056  ent=0.892  grad=0.63/0.50  h=6.0 c=22.7  kl=0.0075  vl=0.0002
Step: 2940928 SPS: 1750  ev=0.038  ent=0.884  grad=0.68/0.50  h=6.0 c=23.0  kl=0.0089  vl=0.0012
Step: 2945024 SPS: 1750  ev=-0.640  ent=0.899  grad=0.75/0.50  h=6.0 c=22.7  kl=0.0077  vl=0.0003
  vs Random: 99W/1L/0D | score=19.5±23.5 inv=1.0 played=14.5 lanes=4.0 ddraw=40.0 pts=20
  Self-play: 52W/46L/2D | score=3.8±21.4 inv=1.2 played=12.9 lanes=4.0 ddraw=24.7 pts=4
Step: 2949120 SPS: 1742  ev=-0.023  ent=0.849  grad=0.41/0.41  h=6.0 c=22.8  kl=0.0069  vl=0.0005
Step: 2953216 SPS: 1742  ev=-0.090  ent=0.911  grad=0.12/0.12  h=6.0 c=23.2  kl=0.0072  vl=0.0037
Step: 2957312 SPS: 1743  ev=0.004  ent=0.884  grad=0.61/0.50  h=5.9 c=22.7  kl=0.0093  vl=0.0003
Step: 2961408 SPS: 1743  ev=-1.831  ent=0.876  grad=0.53/0.50  h=5.9 c=22.7  kl=0.0135  vl=0.0003
Step: 2965504 SPS: 1744  ev=0.002  ent=0.889  grad=0.52/0.50  h=5.9 c=22.7  kl=0.0113  vl=0.0006
Step: 2969600 SPS: 1744  ev=-1.120  ent=0.853  grad=0.62/0.50  h=5.9 c=23.0  kl=0.0078  vl=0.0003
Step: 2973696 SPS: 1744  ev=0.093  ent=0.911  grad=0.64/0.50  h=6.0 c=22.4  kl=0.0077  vl=0.0002
Step: 2977792 SPS: 1744  ev=-2.319  ent=0.901  grad=0.63/0.50  h=6.0 c=23.2  kl=0.0082  vl=0.0001
Step: 2981888 SPS: 1745  ev=-1.306  ent=0.911  grad=0.62/0.50  h=6.0 c=22.9  kl=0.0098  vl=0.0001
Step: 2985984 SPS: 1745  ev=-0.788  ent=0.897  grad=0.57/0.50  h=5.9 c=22.1  kl=0.0096  vl=0.0001
Step: 2990080 SPS: 1745  ev=-2.476  ent=0.918  grad=0.68/0.50  h=6.0 c=22.9  kl=0.0104  vl=0.0001
Step: 2994176 SPS: 1746  ev=-0.724  ent=0.889  grad=0.45/0.45  h=5.9 c=21.9  kl=0.0098  vl=0.0002
Step: 2998272 SPS: 1746  ev=-0.009  ent=0.902  grad=0.37/0.37  h=5.9 c=21.5  kl=0.0080  vl=0.0005
Step: 3002368 SPS: 1746  ev=0.024  ent=0.905  grad=0.67/0.50  h=5.9 c=21.8  kl=0.0096  vl=0.0004
Step: 3006464 SPS: 1747  ev=-0.018  ent=0.872  grad=0.77/0.50  h=5.9 c=22.0  kl=0.0064  vl=0.0002
Step: 3010560 SPS: 1747  ev=0.017  ent=0.912  grad=0.62/0.50  h=5.9 c=22.3  kl=0.0106  vl=0.0468
Step: 3014656 SPS: 1747  ev=0.028  ent=0.914  grad=0.47/0.47  h=5.9 c=20.7  kl=0.0085  vl=0.0440
Step: 3018752 SPS: 1748  ev=0.036  ent=0.893  grad=0.92/0.50  h=5.9 c=21.9  kl=0.0102  vl=0.0002
Step: 3022848 SPS: 1748  ev=-3.183  ent=0.930  grad=0.38/0.38  h=5.9 c=22.5  kl=0.0140  vl=0.0007
Step: 3026944 SPS: 1749  ev=0.078  ent=0.881  grad=0.37/0.37  h=5.9 c=21.5  kl=0.0114  vl=0.0171
  vs Random: 100W/0L/0D | score=17.7±27.0 inv=1.4 played=14.5 lanes=4.1 ddraw=34.9 pts=18
  Self-play: 51W/49L/0D | score=12.0±23.2 inv=1.3 played=12.7 lanes=3.8 ddraw=25.1 pts=12
Step: 3031040 SPS: 1742  ev=-0.294  ent=0.910  grad=0.76/0.50  h=5.9 c=22.6  kl=0.0077  vl=0.0002
Step: 3035136 SPS: 1742  ev=0.094  ent=0.908  grad=0.43/0.43  h=5.9 c=22.1  kl=0.0091  vl=0.0007
Step: 3039232 SPS: 1743  ev=0.041  ent=0.917  grad=0.92/0.50  h=5.8 c=21.7  kl=0.0102  vl=0.0750
Step: 3043328 SPS: 1743  ev=0.033  ent=0.954  grad=0.88/0.50  h=5.9 c=21.9  kl=0.0147  vl=0.0007
Step: 3047424 SPS: 1743  ev=-0.470  ent=0.909  grad=0.54/0.50  h=5.9 c=22.7  kl=0.0071  vl=0.0008
Step: 3051520 SPS: 1744  ev=0.161  ent=0.911  grad=0.66/0.50  h=5.9 c=22.4  kl=0.0067  vl=0.0006
Step: 3055616 SPS: 1744  ev=-0.247  ent=0.928  grad=0.35/0.35  h=5.9 c=21.5  kl=0.0116  vl=0.0027
Step: 3059712 SPS: 1744  ev=-3.835  ent=0.910  grad=0.35/0.35  h=6.0 c=23.0  kl=0.0104  vl=0.0008
Step: 3063808 SPS: 1745  ev=-2.670  ent=0.907  grad=0.55/0.50  h=5.9 c=22.5  kl=0.0091  vl=0.0002
Step: 3067904 SPS: 1745  ev=-1.830  ent=0.902  grad=0.88/0.50  h=5.8 c=20.7  kl=0.0078  vl=0.0001
Step: 3072000 SPS: 1746  ev=-2.705  ent=0.899  grad=0.56/0.50  h=5.9 c=22.6  kl=0.0081  vl=0.0001
Step: 3076096 SPS: 1746  ev=-1.259  ent=0.882  grad=0.61/0.50  h=6.0 c=22.8  kl=0.0091  vl=0.0001
Step: 3080192 SPS: 1746  ev=-0.770  ent=0.907  grad=0.26/0.26  h=5.8 c=21.4  kl=0.0105  vl=0.0005
Step: 3084288 SPS: 1747  ev=0.016  ent=0.925  grad=0.31/0.31  h=5.9 c=22.4  kl=0.0102  vl=0.0271
Step: 3088384 SPS: 1747  ev=-0.007  ent=0.872  grad=0.56/0.50  h=5.9 c=22.7  kl=0.0090  vl=0.0003
Step: 3092480 SPS: 1747  ev=0.010  ent=0.904  grad=0.79/0.50  h=5.9 c=21.8  kl=0.0110  vl=0.0003
Step: 3096576 SPS: 1747  ev=-0.153  ent=0.907  grad=0.51/0.50  h=5.9 c=22.1  kl=0.0082  vl=0.0002
Step: 3100672 SPS: 1747  ev=0.023  ent=0.920  grad=0.74/0.50  h=5.9 c=22.2  kl=0.0076  vl=0.0002
Step: 3104768 SPS: 1747  ev=-0.011  ent=0.922  grad=0.70/0.50  h=5.9 c=21.5  kl=0.0064  vl=0.0004
Step: 3108864 SPS: 1747  ev=-1.907  ent=0.911  grad=0.53/0.50  h=5.9 c=21.5  kl=0.0102  vl=0.0003
  vs Random: 98W/2L/0D | score=13.8±22.6 inv=1.1 played=14.7 lanes=4.1 ddraw=36.1 pts=14
  Self-play: 45W/56L/0D | score=6.2±24.7 inv=1.2 played=12.7 lanes=3.9 ddraw=24.6 pts=6
Step: 3112960 SPS: 1740  ev=0.057  ent=0.916  grad=0.48/0.48  h=5.9 c=21.6  kl=0.0097  vl=0.0006
Step: 3117056 SPS: 1740  ev=-0.616  ent=0.943  grad=0.65/0.50  h=5.9 c=21.8  kl=0.0092  vl=0.0004
Step: 3121152 SPS: 1741  ev=0.002  ent=0.927  grad=0.11/0.11  h=5.8 c=21.0  kl=0.0083  vl=0.0074
Step: 3125248 SPS: 1741  ev=-2.006  ent=0.947  grad=0.68/0.50  h=5.8 c=21.8  kl=0.0082  vl=0.0001
Step: 3129344 SPS: 1741  ev=0.128  ent=0.942  grad=0.58/0.50  h=5.9 c=21.5  kl=0.0099  vl=0.0002
Step: 3133440 SPS: 1742  ev=-1.971  ent=0.883  grad=0.66/0.50  h=5.8 c=21.3  kl=0.0085  vl=0.0002
Step: 3137536 SPS: 1742  ev=0.003  ent=0.932  grad=0.70/0.50  h=5.8 c=21.2  kl=0.0078  vl=0.0003
Step: 3141632 SPS: 1742  ev=-1.748  ent=0.943  grad=0.60/0.50  h=5.8 c=21.9  kl=0.0069  vl=0.0002
Step: 3145728 SPS: 1743  ev=-0.003  ent=0.958  grad=0.57/0.50  h=5.8 c=21.1  kl=0.0093  vl=0.0481
Step: 3149824 SPS: 1743  ev=-3.415  ent=0.960  grad=0.48/0.48  h=5.9 c=21.3  kl=0.0074  vl=0.0001
Step: 3153920 SPS: 1743  ev=0.073  ent=0.925  grad=0.59/0.50  h=5.9 c=22.2  kl=0.0086  vl=0.0001
Step: 3158016 SPS: 1744  ev=0.117  ent=0.908  grad=0.66/0.50  h=5.9 c=21.7  kl=0.0091  vl=0.0003
Step: 3162112 SPS: 1744  ev=0.100  ent=0.931  grad=0.95/0.50  h=5.9 c=21.2  kl=0.0090  vl=0.0003
Step: 3166208 SPS: 1744  ev=0.041  ent=0.903  grad=0.47/0.47  h=6.0 c=22.8  kl=0.0100  vl=0.0438
Step: 3170304 SPS: 1745  ev=-0.224  ent=0.905  grad=0.49/0.49  h=5.9 c=22.2  kl=0.0100  vl=0.0010
Step: 3174400 SPS: 1745  ev=-3.089  ent=0.914  grad=0.39/0.39  h=6.0 c=22.0  kl=0.0081  vl=0.0009
Step: 3178496 SPS: 1746  ev=0.154  ent=0.892  grad=0.61/0.50  h=6.0 c=22.3  kl=0.0084  vl=0.0004
Step: 3182592 SPS: 1746  ev=-0.268  ent=0.954  grad=0.71/0.50  h=6.0 c=22.7  kl=0.0065  vl=0.0001
Step: 3186688 SPS: 1746  ev=0.062  ent=0.923  grad=0.79/0.50  h=5.9 c=22.1  kl=0.0072  vl=0.0008
Step: 3190784 SPS: 1746  ev=-0.025  ent=0.908  grad=0.58/0.50  h=5.9 c=21.7  kl=0.0088  vl=0.0004
  vs Random: 98W/2L/0D | score=21.1±27.7 inv=1.3 played=14.9 lanes=4.1 ddraw=39.0 pts=21
  Self-play: 58W/42L/0D | score=7.1±26.3 inv=1.1 played=12.8 lanes=3.9 ddraw=31.2 pts=7
Step: 3194880 SPS: 1739  ev=-0.012  ent=0.892  grad=0.41/0.41  h=5.9 c=22.5  kl=0.0087  vl=0.0341
Step: 3198976 SPS: 1740  ev=0.106  ent=0.955  grad=0.56/0.50  h=5.9 c=22.2  kl=0.0084  vl=0.0003
Step: 3203072 SPS: 1740  ev=-1.441  ent=0.932  grad=0.72/0.50  h=5.9 c=22.3  kl=0.0085  vl=0.0005
Step: 3207168 SPS: 1740  ev=-0.062  ent=0.905  grad=0.30/0.30  h=5.9 c=22.5  kl=0.0130  vl=0.0028
Step: 3211264 SPS: 1741  ev=0.044  ent=0.910  grad=0.65/0.50  h=5.8 c=22.4  kl=0.0090  vl=0.0003
Step: 3215360 SPS: 1741  ev=-2.520  ent=0.924  grad=0.47/0.47  h=5.9 c=22.7  kl=0.0076  vl=0.0003
Step: 3219456 SPS: 1741  ev=0.111  ent=0.922  grad=0.36/0.36  h=5.9 c=23.5  kl=0.0107  vl=0.0044
Step: 3223552 SPS: 1742  ev=0.430  ent=0.916  grad=0.59/0.50  h=5.9 c=22.9  kl=0.0072  vl=0.0002
Step: 3227648 SPS: 1742  ev=-10.065  ent=0.924  grad=0.26/0.26  h=5.9 c=22.8  kl=0.0082  vl=0.0012
Step: 3231744 SPS: 1742  ev=0.152  ent=0.921  grad=0.58/0.50  h=6.0 c=23.7  kl=0.0074  vl=0.0006
Step: 3235840 SPS: 1743  ev=-0.007  ent=0.911  grad=0.41/0.41  h=6.0 c=23.5  kl=0.0085  vl=0.0439
Step: 3239936 SPS: 1743  ev=-0.919  ent=0.920  grad=0.55/0.50  h=6.0 c=23.0  kl=0.0084  vl=0.0006
Step: 3244032 SPS: 1743  ev=0.015  ent=0.933  grad=0.67/0.50  h=6.0 c=23.5  kl=0.0108  vl=0.0005
Step: 3248128 SPS: 1744  ev=-0.636  ent=0.904  grad=0.52/0.50  h=5.9 c=23.1  kl=0.0072  vl=0.0004
Step: 3252224 SPS: 1744  ev=0.169  ent=0.916  grad=0.54/0.50  h=5.9 c=22.7  kl=0.0085  vl=0.0005
Step: 3256320 SPS: 1744  ev=0.220  ent=0.925  grad=0.42/0.42  h=5.9 c=22.9  kl=0.0092  vl=0.0005
Step: 3260416 SPS: 1745  ev=-2.657  ent=0.927  grad=0.41/0.41  h=5.9 c=23.2  kl=0.0108  vl=0.0005
Step: 3264512 SPS: 1745  ev=-0.675  ent=0.940  grad=0.39/0.39  h=5.8 c=21.9  kl=0.0070  vl=0.0005
Step: 3268608 SPS: 1745  ev=-7.566  ent=0.940  grad=0.58/0.50  h=6.0 c=22.8  kl=0.0082  vl=0.0001
Step: 3272704 SPS: 1746  ev=-1.963  ent=0.950  grad=0.76/0.50  h=6.0 c=23.4  kl=0.0100  vl=0.0001
  vs Random: 97W/3L/0D | score=14.7±24.5 inv=1.1 played=15.1 lanes=4.2 ddraw=42.9 pts=15
  Self-play: 61W/38L/1D | score=7.0±26.8 inv=1.3 played=13.3 lanes=4.0 ddraw=29.4 pts=7
Step: 3276800 SPS: 1739  ev=0.010  ent=0.894  grad=0.82/0.50  h=5.9 c=22.9  kl=0.0047  vl=0.0002
Step: 3280896 SPS: 1739  ev=0.040  ent=0.916  grad=0.41/0.41  h=5.9 c=21.8  kl=0.0108  vl=0.0390
Step: 3284992 SPS: 1740  ev=0.075  ent=0.884  grad=0.72/0.50  h=6.0 c=23.3  kl=0.0110  vl=0.0404
Step: 3289088 SPS: 1740  ev=-0.602  ent=0.922  grad=0.72/0.50  h=6.0 c=22.7  kl=0.0106  vl=0.0004
Step: 3293184 SPS: 1740  ev=0.089  ent=0.891  grad=0.59/0.50  h=5.8 c=21.2  kl=0.0116  vl=0.0004
Step: 3297280 SPS: 1741  ev=0.088  ent=0.911  grad=0.58/0.50  h=6.0 c=23.6  kl=0.0103  vl=0.0003
Step: 3301376 SPS: 1741  ev=-3.908  ent=0.948  grad=0.80/0.50  h=5.9 c=23.3  kl=0.0125  vl=0.0003
Step: 3305472 SPS: 1742  ev=0.009  ent=0.917  grad=0.80/0.50  h=5.8 c=21.7  kl=0.0105  vl=0.0002
Step: 3309568 SPS: 1742  ev=0.090  ent=0.940  grad=0.44/0.44  h=5.9 c=22.7  kl=0.0102  vl=0.0393
Step: 3313664 SPS: 1743  ev=-1.065  ent=0.917  grad=0.48/0.48  h=5.9 c=23.4  kl=0.0110  vl=0.0004
Step: 3317760 SPS: 1743  ev=-4.544  ent=0.900  grad=0.28/0.28  h=5.9 c=22.9  kl=0.0116  vl=0.0006
Step: 3321856 SPS: 1744  ev=-1.213  ent=0.952  grad=0.85/0.50  h=5.9 c=22.6  kl=0.0118  vl=0.0002
Step: 3325952 SPS: 1744  ev=-2.405  ent=0.933  grad=0.59/0.50  h=5.9 c=23.8  kl=0.0132  vl=0.0001
Step: 3330048 SPS: 1744  ev=-0.002  ent=0.913  grad=0.40/0.40  h=6.0 c=23.7  kl=0.0165  vl=0.0460
Step: 3334144 SPS: 1745  ev=-2.332  ent=0.897  grad=0.57/0.50  h=6.0 c=23.4  kl=0.0116  vl=0.0002
Step: 3338240 SPS: 1745  ev=0.007  ent=0.900  grad=0.56/0.50  h=6.0 c=24.2  kl=0.0137  vl=0.0293
Step: 3342336 SPS: 1746  ev=-0.123  ent=0.876  grad=0.38/0.38  h=5.9 c=22.5  kl=0.0139  vl=0.0008
Step: 3346432 SPS: 1746  ev=-0.007  ent=0.877  grad=0.69/0.50  h=5.9 c=23.3  kl=0.0101  vl=0.0494
Step: 3350528 SPS: 1746  ev=0.012  ent=0.925  grad=0.69/0.50  h=6.0 c=24.3  kl=0.0143  vl=0.0003
Step: 3354624 SPS: 1747  ev=-2.754  ent=0.881  grad=0.61/0.50  h=5.9 c=24.4  kl=0.0096  vl=0.0001
  vs Random: 100W/0L/0D | score=15.8±20.8 inv=0.9 played=14.4 lanes=4.1 ddraw=36.4 pts=16
  Self-play: 59W/41L/0D | score=12.0±24.7 inv=1.3 played=13.0 lanes=3.9 ddraw=25.5 pts=12
Step: 3358720 SPS: 1741  ev=-0.005  ent=0.884  grad=0.72/0.50  h=5.9 c=23.3  kl=0.0135  vl=0.0291
Step: 3362816 SPS: 1741  ev=-1.882  ent=0.909  grad=1.06/0.50  h=6.0 c=24.2  kl=0.0124  vl=0.0001
Step: 3366912 SPS: 1742  ev=0.007  ent=0.878  grad=0.82/0.50  h=5.9 c=24.6  kl=0.0108  vl=0.0003
Step: 3371008 SPS: 1742  ev=0.000  ent=0.894  grad=0.65/0.50  h=5.9 c=23.6  kl=0.0122  vl=0.0002
Step: 3375104 SPS: 1743  ev=-2.133  ent=0.870  grad=0.53/0.50  h=5.9 c=23.8  kl=0.0124  vl=0.0006
Step: 3379200 SPS: 1743  ev=-0.006  ent=0.897  grad=0.62/0.50  h=5.9 c=24.7  kl=0.0087  vl=0.0001
Step: 3383296 SPS: 1744  ev=-1.821  ent=0.882  grad=0.52/0.50  h=5.8 c=23.8  kl=0.0104  vl=0.0001
Step: 3387392 SPS: 1744  ev=0.025  ent=0.916  grad=0.64/0.50  h=6.0 c=24.7  kl=0.0117  vl=0.0392
Step: 3391488 SPS: 1744  ev=-2.847  ent=0.907  grad=0.57/0.50  h=5.9 c=25.3  kl=0.0200  vl=0.0004
Step: 3395584 SPS: 1744  ev=-1.713  ent=0.877  grad=0.56/0.50  h=5.9 c=24.7  kl=0.0076  vl=0.0001
Step: 3399680 SPS: 1745  ev=-1.965  ent=0.911  grad=0.57/0.50  h=5.9 c=24.0  kl=0.0096  vl=0.0001
Step: 3403776 SPS: 1745  ev=-0.543  ent=0.896  grad=0.74/0.50  h=6.0 c=26.1  kl=0.0083  vl=0.0001
Step: 3407872 SPS: 1746  ev=-5.591  ent=0.890  grad=0.59/0.50  h=5.9 c=26.0  kl=0.0088  vl=0.0001
Step: 3411968 SPS: 1746  ev=-2.677  ent=0.877  grad=0.66/0.50  h=5.9 c=24.1  kl=0.0092  vl=0.0000
Step: 3416064 SPS: 1746  ev=-0.823  ent=0.898  grad=0.66/0.50  h=6.0 c=25.8  kl=0.0091  vl=0.0001
Step: 3420160 SPS: 1747  ev=0.009  ent=0.872  grad=0.72/0.50  h=5.9 c=25.9  kl=0.0060  vl=0.0001
Step: 3424256 SPS: 1747  ev=-1.536  ent=0.876  grad=0.62/0.50  h=5.9 c=24.7  kl=0.0056  vl=0.0000
Step: 3428352 SPS: 1747  ev=-1.676  ent=0.864  grad=0.63/0.50  h=6.0 c=25.7  kl=0.0075  vl=0.0000
Step: 3432448 SPS: 1748  ev=-0.993  ent=0.874  grad=0.65/0.50  h=6.0 c=27.5  kl=0.0088  vl=0.0001
Step: 3436544 SPS: 1748  ev=-3.330  ent=0.891  grad=0.67/0.50  h=5.9 c=25.7  kl=0.0082  vl=0.0000
  vs Random: 99W/1L/0D | score=12.5±19.6 inv=0.9 played=14.2 lanes=4.2 ddraw=36.1 pts=12
  Self-play: 46W/52L/2D | score=7.1±22.7 inv=0.7 played=12.4 lanes=3.9 ddraw=23.4 pts=7
Step: 3440640 SPS: 1742  ev=0.005  ent=0.870  grad=0.56/0.50  h=6.0 c=25.5  kl=0.0083  vl=0.0001
Step: 3444736 SPS: 1742  ev=-2.152  ent=0.840  grad=0.53/0.50  h=5.9 c=26.9  kl=0.0084  vl=0.0001
Step: 3448832 SPS: 1743  ev=-3.571  ent=0.841  grad=0.48/0.48  h=5.9 c=26.5  kl=0.0064  vl=0.0001
Step: 3452928 SPS: 1743  ev=0.048  ent=0.837  grad=0.42/0.42  h=5.9 c=26.1  kl=0.0085  vl=0.0362
Step: 3457024 SPS: 1744  ev=-0.284  ent=0.883  grad=0.77/0.50  h=6.0 c=27.9  kl=0.0072  vl=0.0001
Step: 3461120 SPS: 1744  ev=0.014  ent=0.829  grad=0.57/0.50  h=5.9 c=25.7  kl=0.0091  vl=0.0002
Step: 3465216 SPS: 1744  ev=-2.009  ent=0.862  grad=0.49/0.49  h=5.9 c=24.9  kl=0.0080  vl=0.0002
Step: 3469312 SPS: 1745  ev=0.069  ent=0.856  grad=0.57/0.50  h=6.0 c=26.2  kl=0.0096  vl=0.0001
Step: 3473408 SPS: 1745  ev=-1.941  ent=0.829  grad=0.31/0.31  h=6.0 c=26.1  kl=0.0095  vl=0.0002
Step: 3477504 SPS: 1745  ev=0.064  ent=0.843  grad=0.32/0.32  h=5.9 c=25.6  kl=0.0082  vl=0.0308
Step: 3481600 SPS: 1746  ev=0.006  ent=0.843  grad=0.54/0.50  h=6.0 c=25.9  kl=0.0070  vl=0.0005
Step: 3485696 SPS: 1746  ev=-1.267  ent=0.828  grad=0.47/0.47  h=5.9 c=26.1  kl=0.0060  vl=0.0004
Step: 3489792 SPS: 1746  ev=-0.312  ent=0.838  grad=0.48/0.48  h=5.9 c=25.6  kl=0.0108  vl=0.0007
Step: 3493888 SPS: 1746  ev=0.007  ent=0.850  grad=0.87/0.50  h=5.9 c=25.2  kl=0.0057  vl=0.0001
Step: 3497984 SPS: 1747  ev=-1.338  ent=0.885  grad=0.61/0.50  h=6.0 c=27.8  kl=0.0109  vl=0.0002
Step: 3502080 SPS: 1747  ev=0.208  ent=0.856  grad=0.60/0.50  h=6.0 c=26.9  kl=0.0059  vl=0.0002
Step: 3506176 SPS: 1748  ev=0.053  ent=0.834  grad=0.51/0.50  h=5.9 c=24.9  kl=0.0098  vl=0.0002
Step: 3510272 SPS: 1748  ev=0.357  ent=0.834  grad=0.22/0.22  h=6.0 c=26.3  kl=0.0086  vl=0.0070
Step: 3514368 SPS: 1748  ev=-0.002  ent=0.856  grad=0.54/0.50  h=6.0 c=26.4  kl=0.0109  vl=0.0463
Step: 3518464 SPS: 1749  ev=0.111  ent=0.880  grad=0.47/0.47  h=5.9 c=24.8  kl=0.0069  vl=0.0405
  vs Random: 98W/2L/0D | score=11.5±21.6 inv=0.7 played=13.4 lanes=3.9 ddraw=37.3 pts=11
  Self-play: 50W/49L/1D | score=1.5±21.2 inv=0.8 played=11.3 lanes=3.7 ddraw=22.4 pts=2
Step: 3522560 SPS: 1743  ev=0.127  ent=0.845  grad=0.50/0.50  h=6.0 c=26.8  kl=0.0072  vl=0.0005
Step: 3526656 SPS: 1743  ev=0.056  ent=0.857  grad=0.60/0.50  h=6.0 c=26.9  kl=0.0066  vl=0.0007
Step: 3530752 SPS: 1744  ev=0.048  ent=0.823  grad=0.59/0.50  h=6.0 c=26.2  kl=0.0070  vl=0.0006
Step: 3534848 SPS: 1744  ev=-0.005  ent=0.847  grad=0.63/0.50  h=6.0 c=27.0  kl=0.0065  vl=0.0001
Step: 3538944 SPS: 1744  ev=-1.165  ent=0.837  grad=0.51/0.50  h=6.1 c=27.9  kl=0.0097  vl=0.0012
Step: 3543040 SPS: 1744  ev=0.139  ent=0.839  grad=0.28/0.28  h=6.0 c=26.9  kl=0.0077  vl=0.0132
Step: 3547136 SPS: 1745  ev=-4.655  ent=0.840  grad=0.68/0.50  h=6.0 c=27.0  kl=0.0051  vl=0.0002
Step: 3551232 SPS: 1745  ev=-1.827  ent=0.831  grad=0.44/0.44  h=6.0 c=27.8  kl=0.0100  vl=0.0003
Step: 3555328 SPS: 1745  ev=0.067  ent=0.838  grad=0.73/0.50  h=6.0 c=27.1  kl=0.0057  vl=0.0001
Step: 3559424 SPS: 1746  ev=-0.389  ent=0.847  grad=0.72/0.50  h=6.0 c=26.3  kl=0.0064  vl=0.0001
Step: 3563520 SPS: 1746  ev=-2.425  ent=0.821  grad=0.64/0.50  h=6.1 c=27.2  kl=0.0086  vl=0.0001
Step: 3567616 SPS: 1746  ev=-0.174  ent=0.836  grad=0.36/0.36  h=6.0 c=26.6  kl=0.0076  vl=0.0017
Step: 3571712 SPS: 1746  ev=-5.229  ent=0.880  grad=0.38/0.38  h=5.9 c=26.0  kl=0.0096  vl=0.0002
Step: 3575808 SPS: 1747  ev=-3.463  ent=0.878  grad=0.70/0.50  h=6.0 c=26.5  kl=0.0076  vl=0.0001
Step: 3579904 SPS: 1747  ev=-1.569  ent=0.855  grad=0.39/0.39  h=6.0 c=27.1  kl=0.0072  vl=0.0001
Step: 3584000 SPS: 1747  ev=-3.068  ent=0.859  grad=0.76/0.50  h=6.0 c=27.8  kl=0.0058  vl=0.0000
Step: 3588096 SPS: 1747  ev=-1.775  ent=0.838  grad=0.55/0.50  h=6.0 c=26.8  kl=0.0073  vl=0.0001
Step: 3592192 SPS: 1748  ev=-4.600  ent=0.836  grad=0.44/0.44  h=6.1 c=28.4  kl=0.0073  vl=0.0001
Step: 3596288 SPS: 1748  ev=-1.119  ent=0.870  grad=0.61/0.50  h=6.0 c=27.0  kl=0.0086  vl=0.0000
Step: 3600384 SPS: 1748  ev=-1.064  ent=0.841  grad=0.55/0.50  h=6.0 c=26.8  kl=0.0084  vl=0.0000
  vs Random: 99W/1L/0D | score=16.9±22.6 inv=0.9 played=14.0 lanes=3.9 ddraw=34.0 pts=17
  Self-play: 47W/51L/2D | score=5.0±20.6 inv=0.7 played=11.2 lanes=3.5 ddraw=20.2 pts=5
Step: 3604480 SPS: 1743  ev=0.015  ent=0.846  grad=0.54/0.50  h=6.1 c=29.0  kl=0.0084  vl=0.0002
Step: 3608576 SPS: 1743  ev=-0.688  ent=0.813  grad=0.64/0.50  h=6.0 c=26.9  kl=0.0072  vl=0.0001
Step: 3612672 SPS: 1743  ev=-2.749  ent=0.841  grad=0.61/0.50  h=6.0 c=26.9  kl=0.0081  vl=0.0001
Step: 3616768 SPS: 1744  ev=-1.374  ent=0.870  grad=0.55/0.50  h=6.1 c=27.9  kl=0.0075  vl=0.0001
Step: 3620864 SPS: 1744  ev=-0.748  ent=0.880  grad=0.62/0.50  h=6.0 c=28.3  kl=0.0081  vl=0.0000
Step: 3624960 SPS: 1744  ev=0.226  ent=0.822  grad=0.52/0.50  h=6.0 c=26.7  kl=0.0097  vl=0.0002
Step: 3629056 SPS: 1744  ev=-0.677  ent=0.833  grad=0.39/0.39  h=6.0 c=27.5  kl=0.0097  vl=0.0003
Step: 3633152 SPS: 1745  ev=-7.574  ent=0.858  grad=0.45/0.45  h=6.0 c=27.8  kl=0.0070  vl=0.0001
Step: 3637248 SPS: 1745  ev=0.118  ent=0.876  grad=0.38/0.38  h=6.0 c=27.0  kl=0.0095  vl=0.0352
Step: 3641344 SPS: 1745  ev=-2.411  ent=0.837  grad=0.50/0.50  h=6.0 c=26.9  kl=0.0090  vl=0.0001
Step: 3645440 SPS: 1746  ev=-9.551  ent=0.837  grad=0.33/0.33  h=6.0 c=27.7  kl=0.0065  vl=0.0002
Step: 3649536 SPS: 1746  ev=-0.009  ent=0.853  grad=0.36/0.36  h=6.0 c=28.0  kl=0.0059  vl=0.0003
Step: 3653632 SPS: 1746  ev=-1.013  ent=0.850  grad=0.45/0.45  h=6.0 c=27.2  kl=0.0078  vl=0.0001
Step: 3657728 SPS: 1747  ev=-0.989  ent=0.872  grad=0.53/0.50  h=6.0 c=27.5  kl=0.0082  vl=0.0001
Step: 3661824 SPS: 1747  ev=-3.090  ent=0.827  grad=0.59/0.50  h=5.9 c=27.0  kl=0.0081  vl=0.0001
Step: 3665920 SPS: 1747  ev=-3.630  ent=0.828  grad=0.65/0.50  h=6.0 c=26.6  kl=0.0079  vl=0.0000
Step: 3670016 SPS: 1747  ev=-13.404  ent=0.903  grad=0.65/0.50  h=6.0 c=27.3  kl=0.0070  vl=0.0000
Step: 3674112 SPS: 1748  ev=-1.217  ent=0.826  grad=0.44/0.44  h=6.0 c=28.4  kl=0.0083  vl=0.0002
Step: 3678208 SPS: 1748  ev=-3.189  ent=0.827  grad=0.55/0.50  h=5.9 c=27.1  kl=0.0099  vl=0.0001
Step: 3682304 SPS: 1749  ev=-3.620  ent=0.837  grad=0.36/0.36  h=6.0 c=27.3  kl=0.0096  vl=0.0001
  vs Random: 96W/4L/0D | score=15.8±22.5 inv=0.7 played=13.2 lanes=3.9 ddraw=38.9 pts=16
  Self-play: 47W/50L/3D | score=7.1±16.4 inv=0.6 played=11.3 lanes=3.5 ddraw=22.4 pts=7
Step: 3686400 SPS: 1743  ev=-2.354  ent=0.858  grad=0.65/0.50  h=6.1 c=29.0  kl=0.0077  vl=0.0000
Step: 3690496 SPS: 1743  ev=0.035  ent=0.876  grad=0.65/0.50  h=5.9 c=27.3  kl=0.0081  vl=0.0001
Step: 3694592 SPS: 1744  ev=-0.007  ent=0.822  grad=0.86/0.50  h=6.0 c=27.1  kl=0.0069  vl=0.0003
Step: 3698688 SPS: 1744  ev=0.130  ent=0.816  grad=0.61/0.50  h=6.0 c=28.0  kl=0.0067  vl=0.0002
Step: 3702784 SPS: 1744  ev=0.010  ent=0.868  grad=0.67/0.50  h=6.0 c=28.2  kl=0.0068  vl=0.0003
Step: 3706880 SPS: 1745  ev=-4.009  ent=0.875  grad=0.78/0.50  h=6.0 c=26.8  kl=0.0078  vl=0.0001
Step: 3710976 SPS: 1745  ev=-0.022  ent=0.809  grad=0.29/0.29  h=5.9 c=27.1  kl=0.0072  vl=0.0153
Step: 3715072 SPS: 1745  ev=-1.780  ent=0.863  grad=0.71/0.50  h=6.0 c=28.5  kl=0.0100  vl=0.0002
Step: 3719168 SPS: 1745  ev=0.168  ent=0.858  grad=0.69/0.50  h=5.9 c=26.2  kl=0.0066  vl=0.0001
Step: 3723264 SPS: 1745  ev=-5.086  ent=0.863  grad=0.41/0.41  h=6.0 c=26.9  kl=0.0095  vl=0.0003
Step: 3727360 SPS: 1745  ev=0.009  ent=0.854  grad=0.25/0.25  h=6.1 c=28.9  kl=0.0077  vl=0.0041
Step: 3731456 SPS: 1744  ev=-0.287  ent=0.881  grad=0.19/0.19  h=5.9 c=27.0  kl=0.0093  vl=0.0078
Step: 3735552 SPS: 1745  ev=-0.535  ent=0.835  grad=0.60/0.50  h=6.0 c=26.9  kl=0.0068  vl=0.0001
Step: 3739648 SPS: 1745  ev=-1.378  ent=0.834  grad=0.52/0.50  h=6.0 c=27.4  kl=0.0077  vl=0.0001
Step: 3743744 SPS: 1745  ev=0.007  ent=0.879  grad=0.30/0.30  h=6.0 c=27.6  kl=0.0062  vl=0.0004
Step: 3747840 SPS: 1745  ev=0.033  ent=0.834  grad=1.23/0.50  h=6.0 c=26.1  kl=0.0076  vl=0.0007
Step: 3751936 SPS: 1745  ev=0.064  ent=0.840  grad=0.32/0.32  h=6.0 c=27.3  kl=0.0115  vl=0.0252
Step: 3756032 SPS: 1746  ev=-0.019  ent=0.855  grad=0.51/0.50  h=6.0 c=28.1  kl=0.0116  vl=0.0006
Step: 3760128 SPS: 1746  ev=-1.326  ent=0.865  grad=0.43/0.43  h=5.9 c=25.6  kl=0.0091  vl=0.0005
Step: 3764224 SPS: 1746  ev=0.044  ent=0.882  grad=0.60/0.50  h=6.0 c=25.9  kl=0.0065  vl=0.0005
  vs Random: 100W/0L/0D | score=19.4±21.3 inv=0.8 played=13.9 lanes=3.9 ddraw=38.3 pts=19
  Self-play: 44W/55L/1D | score=5.2±22.0 inv=1.0 played=11.7 lanes=3.6 ddraw=25.1 pts=5
Step: 3768320 SPS: 1739  ev=-1.258  ent=0.859  grad=0.47/0.47  h=6.1 c=28.9  kl=0.0079  vl=0.0002
Step: 3772416 SPS: 1740  ev=0.171  ent=0.853  grad=0.49/0.49  h=5.9 c=25.3  kl=0.0110  vl=0.0371
Step: 3776512 SPS: 1740  ev=-0.304  ent=0.801  grad=0.52/0.50  h=5.9 c=25.3  kl=0.0065  vl=0.0004
Step: 3780608 SPS: 1740  ev=-3.281  ent=0.841  grad=0.66/0.50  h=6.0 c=28.1  kl=0.0062  vl=0.0003
Step: 3784704 SPS: 1740  ev=0.049  ent=0.831  grad=0.69/0.50  h=5.9 c=26.2  kl=0.0080  vl=0.0001
Step: 3788800 SPS: 1740  ev=-7.134  ent=0.830  grad=0.75/0.50  h=5.9 c=24.8  kl=0.0098  vl=0.0001
Step: 3792896 SPS: 1740  ev=-1.194  ent=0.814  grad=0.50/0.50  h=6.0 c=26.7  kl=0.0104  vl=0.0001
Step: 3796992 SPS: 1740  ev=-2.996  ent=0.839  grad=0.46/0.46  h=5.9 c=27.1  kl=0.0094  vl=0.0001
Step: 3801088 SPS: 1740  ev=-6.231  ent=0.835  grad=0.59/0.50  h=5.9 c=24.7  kl=0.0076  vl=0.0001
Step: 3805184 SPS: 1740  ev=0.006  ent=0.888  grad=0.86/0.50  h=6.0 c=26.2  kl=0.0092  vl=0.0003
Step: 3809280 SPS: 1740  ev=-0.012  ent=0.815  grad=0.44/0.44  h=6.0 c=27.4  kl=0.0080  vl=0.0004
Step: 3813376 SPS: 1740  ev=-3.986  ent=0.830  grad=0.58/0.50  h=5.9 c=25.6  kl=0.0059  vl=0.0001
Step: 3817472 SPS: 1741  ev=-1.424  ent=0.850  grad=0.42/0.42  h=6.0 c=26.2  kl=0.0082  vl=0.0001
Step: 3821568 SPS: 1741  ev=-1.572  ent=0.822  grad=0.57/0.50  h=6.0 c=28.6  kl=0.0095  vl=0.0001
Step: 3825664 SPS: 1741  ev=-0.004  ent=0.825  grad=0.58/0.50  h=6.0 c=27.5  kl=0.0071  vl=0.0458
Step: 3829760 SPS: 1741  ev=-2.962  ent=0.840  grad=0.56/0.50  h=6.0 c=26.1  kl=0.0108  vl=0.0001
Step: 3833856 SPS: 1741  ev=-2.011  ent=0.769  grad=0.58/0.50  h=6.0 c=28.0  kl=0.0087  vl=0.0001
Step: 3837952 SPS: 1741  ev=-1.737  ent=0.825  grad=0.67/0.50  h=5.9 c=26.6  kl=0.0081  vl=0.0000
Step: 3842048 SPS: 1741  ev=-1.731  ent=0.845  grad=0.59/0.50  h=5.9 c=25.2  kl=0.0088  vl=0.0000
Step: 3846144 SPS: 1741  ev=-0.871  ent=0.821  grad=0.68/0.50  h=6.0 c=27.9  kl=0.0097  vl=0.0000
  vs Random: 99W/1L/0D | score=12.3±16.6 inv=0.6 played=13.3 lanes=3.8 ddraw=38.1 pts=12
  Self-play: 39W/61L/0D | score=-0.5±18.5 inv=0.6 played=11.1 lanes=3.8 ddraw=24.2 pts=-0
Step: 3850240 SPS: 1734  ev=-4.850  ent=0.794  grad=0.61/0.50  h=5.9 c=27.8  kl=0.0108  vl=0.0000
Step: 3854336 SPS: 1734  ev=-0.002  ent=0.833  grad=1.02/0.50  h=5.9 c=26.1  kl=0.0085  vl=0.0000
Step: 3858432 SPS: 1734  ev=0.004  ent=0.821  grad=0.73/0.50  h=6.0 c=26.9  kl=0.0070  vl=0.0001
Step: 3862528 SPS: 1734  ev=0.007  ent=0.858  grad=0.64/0.50  h=6.1 c=29.6  kl=0.0082  vl=0.0002
Step: 3866624 SPS: 1734  ev=-1.942  ent=0.807  grad=0.59/0.50  h=5.9 c=25.6  kl=0.0082  vl=0.0002
Step: 3870720 SPS: 1735  ev=-1.814  ent=0.801  grad=0.58/0.50  h=6.0 c=26.6  kl=0.0068  vl=0.0001
Step: 3874816 SPS: 1735  ev=-2.639  ent=0.815  grad=0.58/0.50  h=6.1 c=29.6  kl=0.0079  vl=0.0001
Step: 3878912 SPS: 1735  ev=0.012  ent=0.822  grad=0.76/0.50  h=5.9 c=27.3  kl=0.0047  vl=0.0004
Step: 3883008 SPS: 1735  ev=-1.053  ent=0.798  grad=0.57/0.50  h=5.9 c=25.6  kl=0.0116  vl=0.0002
Step: 3887104 SPS: 1735  ev=0.030  ent=0.806  grad=0.59/0.50  h=6.0 c=27.6  kl=0.0124  vl=0.0005
Step: 3891200 SPS: 1735  ev=-1.204  ent=0.815  grad=0.53/0.50  h=6.0 c=27.8  kl=0.0154  vl=0.0003
Step: 3895296 SPS: 1735  ev=-1.307  ent=0.816  grad=0.53/0.50  h=5.9 c=25.7  kl=0.0164  vl=0.0002
Step: 3899392 SPS: 1736  ev=-1.456  ent=0.845  grad=0.56/0.50  h=6.1 c=27.6  kl=0.0108  vl=0.0001
Step: 3903488 SPS: 1736  ev=-1.672  ent=0.841  grad=0.48/0.48  h=6.0 c=27.6  kl=0.0117  vl=0.0001
Step: 3907584 SPS: 1736  ev=-4.611  ent=0.834  grad=0.54/0.50  h=5.9 c=25.9  kl=0.0112  vl=0.0001
Step: 3911680 SPS: 1736  ev=0.046  ent=0.852  grad=1.02/0.50  h=6.0 c=27.9  kl=0.0102  vl=0.0002
Step: 3915776 SPS: 1736  ev=-0.677  ent=0.799  grad=0.60/0.50  h=6.0 c=29.1  kl=0.0129  vl=0.0001
Step: 3919872 SPS: 1736  ev=-0.516  ent=0.814  grad=0.62/0.50  h=5.9 c=26.3  kl=0.0103  vl=0.0001
Step: 3923968 SPS: 1736  ev=-3.790  ent=0.819  grad=0.52/0.50  h=6.0 c=26.9  kl=0.0195  vl=0.0001
Step: 3928064 SPS: 1737  ev=-1.785  ent=0.833  grad=0.59/0.50  h=6.1 c=28.7  kl=0.0106  vl=0.0000
  vs Random: 100W/0L/0D | score=12.0±20.8 inv=0.8 played=13.5 lanes=3.9 ddraw=37.3 pts=12
  Self-play: 52W/46L/3D | score=4.2±24.1 inv=0.8 played=11.7 lanes=3.7 ddraw=23.2 pts=4
Step: 3932160 SPS: 1730  ev=-0.002  ent=0.843  grad=0.59/0.50  h=5.9 c=27.3  kl=0.0106  vl=0.0404
Step: 3936256 SPS: 1730  ev=-0.860  ent=0.814  grad=0.61/0.50  h=6.0 c=26.9  kl=0.0106  vl=0.0001
Step: 3940352 SPS: 1730  ev=0.024  ent=0.817  grad=0.60/0.50  h=6.1 c=28.6  kl=0.0133  vl=0.0002
Step: 3944448 SPS: 1731  ev=0.026  ent=0.867  grad=0.83/0.50  h=6.0 c=28.5  kl=0.0126  vl=0.0003
Step: 3948544 SPS: 1731  ev=0.027  ent=0.843  grad=0.58/0.50  h=5.9 c=25.7  kl=0.0110  vl=0.0003
Step: 3952640 SPS: 1731  ev=-0.004  ent=0.839  grad=0.71/0.50  h=6.1 c=29.0  kl=0.0116  vl=0.0002
Step: 3956736 SPS: 1731  ev=-1.140  ent=0.841  grad=0.63/0.50  h=6.0 c=28.1  kl=0.0133  vl=0.0002
Step: 3960832 SPS: 1731  ev=-4.277  ent=0.844  grad=0.49/0.49  h=5.9 c=24.4  kl=0.0140  vl=0.0001
Step: 3964928 SPS: 1732  ev=-0.020  ent=0.876  grad=0.17/0.17  h=6.1 c=28.2  kl=0.0115  vl=0.0117
Step: 3969024 SPS: 1732  ev=-3.233  ent=0.865  grad=0.51/0.50  h=6.1 c=29.8  kl=0.0117  vl=0.0001
Step: 3973120 SPS: 1732  ev=-0.755  ent=0.858  grad=0.69/0.50  h=5.9 c=26.0  kl=0.0115  vl=0.0000
Step: 3977216 SPS: 1732  ev=-1.843  ent=0.857  grad=0.55/0.50  h=6.1 c=28.3  kl=0.0102  vl=0.0001
Step: 3981312 SPS: 1732  ev=0.055  ent=0.850  grad=0.60/0.50  h=6.1 c=29.9  kl=0.0137  vl=0.0001
Step: 3985408 SPS: 1733  ev=0.038  ent=0.854  grad=0.86/0.50  h=6.0 c=28.7  kl=0.0109  vl=0.0008
Step: 3989504 SPS: 1733  ev=0.093  ent=0.852  grad=0.47/0.47  h=6.0 c=26.4  kl=0.0102  vl=0.0117
Step: 3993600 SPS: 1733  ev=-1.141  ent=0.848  grad=0.62/0.50  h=6.1 c=28.7  kl=0.0133  vl=0.0006
Step: 3997696 SPS: 1733  ev=-0.304  ent=0.861  grad=0.70/0.50  h=6.1 c=28.7  kl=0.0126  vl=0.0002
Step: 4001792 SPS: 1734  ev=-1.462  ent=0.869  grad=0.67/0.50  h=6.0 c=26.0  kl=0.0110  vl=0.0001
Step: 4005888 SPS: 1734  ev=-0.460  ent=0.876  grad=0.76/0.50  h=6.1 c=28.0  kl=0.0137  vl=0.0001
Step: 4009984 SPS: 1734  ev=0.004  ent=0.877  grad=0.62/0.50  h=6.0 c=28.1  kl=0.0140  vl=0.0001
  vs Random: 99W/1L/0D | score=11.5±19.4 inv=0.6 played=12.9 lanes=3.8 ddraw=41.2 pts=12
  Self-play: 48W/49L/4D | score=-1.4±17.7 inv=0.9 played=11.0 lanes=3.7 ddraw=24.0 pts=-1
Step: 4014080 SPS: 1727  ev=0.007  ent=0.880  grad=0.29/0.29  h=6.0 c=26.2  kl=0.0127  vl=0.0265
Step: 4018176 SPS: 1727  ev=-1.997  ent=0.863  grad=0.63/0.50  h=6.1 c=27.5  kl=0.0117  vl=0.0001
Step: 4022272 SPS: 1728  ev=-1.125  ent=0.824  grad=0.55/0.50  h=6.2 c=29.3  kl=0.0116  vl=0.0001
Step: 4026368 SPS: 1728  ev=-0.688  ent=0.851  grad=0.45/0.45  h=6.0 c=27.1  kl=0.0129  vl=0.0001
Step: 4030464 SPS: 1728  ev=0.017  ent=0.866  grad=0.85/0.50  h=6.1 c=26.9  kl=0.0136  vl=0.0006
Step: 4034560 SPS: 1728  ev=-0.386  ent=0.852  grad=0.54/0.50  h=6.3 c=30.3  kl=0.0106  vl=0.0002
Step: 4038656 SPS: 1729  ev=-0.104  ent=0.856  grad=0.56/0.50  h=6.2 c=29.4  kl=0.0116  vl=0.0001
Step: 4042752 SPS: 1729  ev=0.411  ent=0.864  grad=0.26/0.26  h=6.1 c=27.0  kl=0.0103  vl=0.0041
Step: 4046848 SPS: 1729  ev=-2.502  ent=0.868  grad=0.34/0.34  h=6.2 c=29.1  kl=0.0102  vl=0.0002
Step: 4050944 SPS: 1729  ev=-0.108  ent=0.834  grad=0.83/0.50  h=6.2 c=30.1  kl=0.0106  vl=0.0002
Step: 4055040 SPS: 1730  ev=0.004  ent=0.850  grad=0.48/0.48  h=6.0 c=27.0  kl=0.0128  vl=0.0461
Step: 4059136 SPS: 1730  ev=0.004  ent=0.873  grad=0.65/0.50  h=6.2 c=28.6  kl=0.0100  vl=0.0493
Step: 4063232 SPS: 1730  ev=0.081  ent=0.901  grad=0.88/0.50  h=6.3 c=30.2  kl=0.0138  vl=0.0004
Step: 4067328 SPS: 1730  ev=-4.016  ent=0.849  grad=0.33/0.33  h=6.1 c=27.4  kl=0.0120  vl=0.0011
Step: 4071424 SPS: 1730  ev=0.085  ent=0.895  grad=0.40/0.40  h=6.2 c=28.0  kl=0.0145  vl=0.0007
Step: 4075520 SPS: 1730  ev=0.042  ent=0.868  grad=0.66/0.50  h=6.3 c=28.8  kl=0.0115  vl=0.0006
Step: 4079616 SPS: 1731  ev=-1.767  ent=0.891  grad=0.40/0.40  h=6.3 c=29.3  kl=0.0142  vl=0.0005
Step: 4083712 SPS: 1731  ev=-2.300  ent=0.925  grad=0.48/0.48  h=6.2 c=26.4  kl=0.0107  vl=0.0001
Step: 4087808 SPS: 1731  ev=-0.605  ent=0.918  grad=0.43/0.43  h=6.3 c=28.7  kl=0.0164  vl=0.0005
Step: 4091904 SPS: 1731  ev=0.143  ent=0.909  grad=0.24/0.24  h=6.3 c=29.3  kl=0.0118  vl=0.0112
  vs Random: 98W/1L/1D | score=9.3±21.0 inv=0.8 played=13.8 lanes=4.2 ddraw=43.3 pts=9
  Self-play: 51W/48L/1D | score=-2.8±22.8 inv=1.1 played=11.7 lanes=3.8 ddraw=24.7 pts=-3
Step: 4096000 SPS: 1724  ev=0.027  ent=0.869  grad=0.74/0.50  h=6.2 c=26.4  kl=0.0132  vl=0.0854
Step: 4100096 SPS: 1725  ev=0.072  ent=0.899  grad=0.73/0.50  h=6.3 c=28.7  kl=0.0117  vl=0.0014
Step: 4104192 SPS: 1725  ev=-0.476  ent=0.902  grad=0.70/0.50  h=6.4 c=30.7  kl=0.0118  vl=0.0010
Step: 4108288 SPS: 1725  ev=0.146  ent=0.942  grad=0.66/0.50  h=6.1 c=26.2  kl=0.0147  vl=0.0003
Step: 4112384 SPS: 1725  ev=-0.002  ent=0.893  grad=0.57/0.50  h=6.3 c=27.4  kl=0.0109  vl=0.0007
Step: 4116480 SPS: 1725  ev=0.167  ent=0.905  grad=0.85/0.50  h=6.3 c=29.4  kl=0.0116  vl=0.0008
Step: 4120576 SPS: 1725  ev=0.022  ent=0.889  grad=0.58/0.50  h=6.2 c=28.2  kl=0.0116  vl=0.0007
Step: 4124672 SPS: 1725  ev=0.022  ent=0.896  grad=0.70/0.50  h=6.2 c=26.5  kl=0.0116  vl=0.0008
Step: 4128768 SPS: 1726  ev=0.151  ent=0.892  grad=0.54/0.50  h=6.3 c=28.6  kl=0.0126  vl=0.0016
Step: 4132864 SPS: 1726  ev=-0.033  ent=0.897  grad=0.50/0.50  h=6.3 c=29.3  kl=0.0121  vl=0.0013
Step: 4136960 SPS: 1726  ev=-0.050  ent=0.906  grad=0.47/0.47  h=6.3 c=27.4  kl=0.0103  vl=0.0046
Step: 4141056 SPS: 1726  ev=0.060  ent=0.934  grad=0.33/0.33  h=6.3 c=28.5  kl=0.0113  vl=0.0021
Step: 4145152 SPS: 1726  ev=0.001  ent=0.873  grad=0.40/0.40  h=6.3 c=29.5  kl=0.0140  vl=0.0307
Step: 4149248 SPS: 1727  ev=-0.069  ent=0.868  grad=0.19/0.19  h=6.2 c=27.5  kl=0.0140  vl=0.0157
Step: 4153344 SPS: 1727  ev=-8.206  ent=0.904  grad=0.65/0.50  h=6.2 c=28.1  kl=0.0106  vl=0.0001
Step: 4157440 SPS: 1727  ev=0.016  ent=0.935  grad=0.55/0.50  h=6.4 c=30.7  kl=0.0107  vl=0.0003
Step: 4161536 SPS: 1727  ev=0.065  ent=0.943  grad=0.52/0.50  h=6.1 c=27.5  kl=0.0142  vl=0.0002
Step: 4165632 SPS: 1727  ev=0.102  ent=0.943  grad=0.50/0.50  h=6.2 c=29.0  kl=0.0117  vl=0.0013
Step: 4169728 SPS: 1727  ev=0.080  ent=0.936  grad=0.78/0.50  h=6.3 c=30.0  kl=0.0142  vl=0.0007
Step: 4173824 SPS: 1727  ev=0.083  ent=0.916  grad=0.61/0.50  h=6.1 c=28.5  kl=0.0107  vl=0.0013
  vs Random: 99W/1L/0D | score=12.8±19.4 inv=0.8 played=13.9 lanes=4.1 ddraw=44.9 pts=13
  Self-play: 44W/55L/2D | score=2.9±25.0 inv=1.2 played=12.5 lanes=4.0 ddraw=26.1 pts=3
Step: 4177920 SPS: 1721  ev=-0.258  ent=0.911  grad=0.65/0.50  h=6.2 c=27.5  kl=0.0075  vl=0.0002
Step: 4182016 SPS: 1721  ev=-0.929  ent=0.878  grad=1.29/0.50  h=6.3 c=29.2  kl=0.0115  vl=0.0002
Step: 4186112 SPS: 1721  ev=-8.875  ent=0.913  grad=0.96/0.50  h=6.3 c=29.9  kl=0.0105  vl=0.0003
Step: 4190208 SPS: 1721  ev=0.011  ent=0.906  grad=0.62/0.50  h=6.2 c=28.5  kl=0.0149  vl=0.0468
Step: 4194304 SPS: 1721  ev=-0.058  ent=0.865  grad=0.57/0.50  h=6.3 c=27.8  kl=0.0094  vl=0.0002
Step: 4198400 SPS: 1721  ev=-2.677  ent=0.903  grad=0.66/0.50  h=6.3 c=29.8  kl=0.0106  vl=0.0001
Step: 4202496 SPS: 1722  ev=-7.751  ent=0.884  grad=0.19/0.19  h=6.1 c=27.6  kl=0.0118  vl=0.0008
Step: 4206592 SPS: 1722  ev=-0.024  ent=0.860  grad=0.67/0.50  h=6.1 c=26.8  kl=0.0101  vl=0.0001
Step: 4210688 SPS: 1722  ev=0.034  ent=0.909  grad=1.09/0.50  h=6.3 c=28.6  kl=0.0113  vl=0.0002
Step: 4214784 SPS: 1722  ev=0.105  ent=0.869  grad=0.66/0.50  h=6.1 c=27.6  kl=0.0110  vl=0.0005
Step: 4218880 SPS: 1723  ev=-1.436  ent=0.873  grad=0.75/0.50  h=6.3 c=28.2  kl=0.0101  vl=0.0002
Step: 4222976 SPS: 1723  ev=-0.978  ent=0.882  grad=0.50/0.50  h=6.2 c=28.0  kl=0.0148  vl=0.0002
Step: 4227072 SPS: 1723  ev=0.064  ent=0.850  grad=0.63/0.50  h=6.2 c=28.3  kl=0.0123  vl=0.0003
Step: 4231168 SPS: 1723  ev=-3.174  ent=0.832  grad=0.56/0.50  h=6.1 c=26.5  kl=0.0118  vl=0.0002
Step: 4235264 SPS: 1723  ev=0.177  ent=0.843  grad=0.73/0.50  h=6.2 c=27.9  kl=0.0140  vl=0.0166
Step: 4239360 SPS: 1723  ev=0.087  ent=0.870  grad=0.53/0.50  h=6.2 c=28.9  kl=0.0105  vl=0.0127
Step: 4243456 SPS: 1724  ev=-5.117  ent=0.850  grad=0.60/0.50  h=6.1 c=26.6  kl=0.0127  vl=0.0007
Step: 4247552 SPS: 1724  ev=0.048  ent=0.819  grad=0.59/0.50  h=6.1 c=27.4  kl=0.0106  vl=0.0014
Step: 4251648 SPS: 1724  ev=-9.417  ent=0.809  grad=0.65/0.50  h=6.2 c=28.5  kl=0.0119  vl=0.0002
Step: 4255744 SPS: 1724  ev=-0.024  ent=0.856  grad=0.63/0.50  h=6.1 c=27.1  kl=0.0112  vl=0.0002
  vs Random: 97W/3L/0D | score=12.3±19.9 inv=0.8 played=13.3 lanes=3.9 ddraw=42.9 pts=12
  Self-play: 45W/53L/2D | score=1.6±26.9 inv=1.4 played=12.1 lanes=3.7 ddraw=28.7 pts=2
Step: 4259840 SPS: 1718  ev=0.004  ent=0.867  grad=0.65/0.50  h=6.2 c=28.9  kl=0.0101  vl=0.0446
Step: 4263936 SPS: 1718  ev=-1.428  ent=0.837  grad=0.62/0.50  h=6.2 c=28.3  kl=0.0144  vl=0.0001
Step: 4268032 SPS: 1718  ev=0.018  ent=0.838  grad=0.75/0.50  h=6.0 c=27.1  kl=0.0116  vl=0.0467
Step: 4272128 SPS: 1719  ev=-1.397  ent=0.825  grad=0.57/0.50  h=6.2 c=28.3  kl=0.0118  vl=0.0001
Step: 4276224 SPS: 1719  ev=0.050  ent=0.804  grad=1.10/0.50  h=6.1 c=27.4  kl=0.0118  vl=0.0008
Step: 4280320 SPS: 1719  ev=-1.201  ent=0.816  grad=0.41/0.41  h=6.2 c=28.6  kl=0.0111  vl=0.0004
Step: 4284416 SPS: 1719  ev=0.035  ent=0.829  grad=0.57/0.50  h=6.2 c=27.3  kl=0.0092  vl=0.0011
Step: 4288512 SPS: 1719  ev=0.044  ent=0.808  grad=0.27/0.27  h=6.1 c=27.6  kl=0.0193  vl=0.0112
Step: 4292608 SPS: 1720  ev=-11.473  ent=0.810  grad=0.29/0.29  h=6.1 c=28.9  kl=0.0132  vl=0.0011
Step: 4296704 SPS: 1720  ev=-1.035  ent=0.818  grad=0.46/0.46  h=6.0 c=27.4  kl=0.0102  vl=0.0003
Step: 4300800 SPS: 1720  ev=0.041  ent=0.826  grad=0.89/0.50  h=6.1 c=28.5  kl=0.0136  vl=0.0466
Step: 4304896 SPS: 1720  ev=-0.467  ent=0.823  grad=0.43/0.43  h=6.1 c=28.0  kl=0.0108  vl=0.0003
Step: 4308992 SPS: 1720  ev=-4.102  ent=0.796  grad=0.30/0.30  h=6.1 c=27.5  kl=0.0120  vl=0.0002
Step: 4313088 SPS: 1720  ev=-1.348  ent=0.821  grad=0.48/0.48  h=6.1 c=28.3  kl=0.0115  vl=0.0002
Step: 4317184 SPS: 1720  ev=0.025  ent=0.779  grad=0.62/0.50  h=6.1 c=28.7  kl=0.0101  vl=0.0001
Step: 4321280 SPS: 1721  ev=-2.254  ent=0.806  grad=0.60/0.50  h=6.0 c=27.3  kl=0.0127  vl=0.0001
Step: 4325376 SPS: 1721  ev=-6.243  ent=0.797  grad=0.42/0.42  h=6.0 c=27.4  kl=0.0110  vl=0.0001
Step: 4329472 SPS: 1721  ev=0.003  ent=0.827  grad=0.43/0.43  h=6.1 c=28.5  kl=0.0136  vl=0.0458
Step: 4333568 SPS: 1721  ev=-1.259  ent=0.847  grad=0.52/0.50  h=6.0 c=28.7  kl=0.0134  vl=0.0001
Step: 4337664 SPS: 1721  ev=-2.326  ent=0.824  grad=0.69/0.50  h=6.1 c=28.4  kl=0.0157  vl=0.0001
  vs Random: 99W/1L/0D | score=12.6±19.7 inv=0.9 played=13.2 lanes=3.8 ddraw=44.6 pts=13
  Self-play: 42W/56L/2D | score=2.9±22.0 inv=0.9 played=11.8 lanes=3.7 ddraw=31.5 pts=3
Step: 4341760 SPS: 1714  ev=-0.620  ent=0.847  grad=0.97/0.50  h=6.2 c=29.7  kl=0.0108  vl=0.0001
Step: 4345856 SPS: 1714  ev=-0.713  ent=0.826  grad=0.45/0.45  h=6.2 c=29.8  kl=0.0189  vl=0.0002
Step: 4349952 SPS: 1715  ev=0.016  ent=0.788  grad=0.50/0.50  h=6.1 c=28.9  kl=0.0148  vl=0.0448
Step: 4354048 SPS: 1715  ev=-0.699  ent=0.788  grad=0.55/0.50  h=6.2 c=28.9  kl=0.0155  vl=0.0001
Step: 4358144 SPS: 1715  ev=0.035  ent=0.801  grad=0.72/0.50  h=6.2 c=29.5  kl=0.0141  vl=0.0433
Step: 4362240 SPS: 1715  ev=-0.793  ent=0.795  grad=0.37/0.37  h=6.1 c=28.1  kl=0.0137  vl=0.0003
Step: 4366336 SPS: 1715  ev=-6.899  ent=0.822  grad=0.43/0.43  h=6.1 c=28.3  kl=0.0118  vl=0.0001
Step: 4370432 SPS: 1715  ev=-3.833  ent=0.785  grad=0.50/0.50  h=6.2 c=29.1  kl=0.0107  vl=0.0002
Step: 4374528 SPS: 1716  ev=0.029  ent=0.806  grad=0.60/0.50  h=6.1 c=28.1  kl=0.0110  vl=0.0001
Step: 4378624 SPS: 1716  ev=0.011  ent=0.807  grad=0.64/0.50  h=6.2 c=28.9  kl=0.0110  vl=0.0481
Step: 4382720 SPS: 1716  ev=-0.586  ent=0.838  grad=0.66/0.50  h=6.2 c=29.6  kl=0.0108  vl=0.0001
Step: 4386816 SPS: 1716  ev=-0.007  ent=0.840  grad=0.50/0.50  h=6.2 c=29.5  kl=0.0105  vl=0.0467
Step: 4390912 SPS: 1716  ev=-1.089  ent=0.778  grad=0.44/0.44  h=6.1 c=28.4  kl=0.0115  vl=0.0002
Step: 4395008 SPS: 1716  ev=-1.111  ent=0.816  grad=0.51/0.50  h=6.2 c=29.8  kl=0.0136  vl=0.0002
Step: 4399104 SPS: 1716  ev=0.007  ent=0.770  grad=0.62/0.50  h=6.1 c=29.1  kl=0.0084  vl=0.0001
Step: 4403200 SPS: 1716  ev=0.021  ent=0.796  grad=0.89/0.50  h=6.1 c=29.2  kl=0.0102  vl=0.0002
Step: 4407296 SPS: 1717  ev=0.011  ent=0.836  grad=0.75/0.50  h=6.2 c=30.0  kl=0.0115  vl=0.0276
Step: 4411392 SPS: 1717  ev=-0.815  ent=0.775  grad=0.55/0.50  h=6.1 c=30.1  kl=0.0111  vl=0.0002
Step: 4415488 SPS: 1717  ev=-1.950  ent=0.813  grad=0.81/0.50  h=6.2 c=30.6  kl=0.0112  vl=0.0001
Step: 4419584 SPS: 1717  ev=0.016  ent=0.779  grad=0.24/0.24  h=6.2 c=30.7  kl=0.0131  vl=0.0190
  vs Random: 98W/2L/0D | score=9.7±17.8 inv=0.8 played=12.8 lanes=3.8 ddraw=44.2 pts=10
  Self-play: 56W/44L/0D | score=4.3±18.7 inv=1.2 played=12.1 lanes=3.6 ddraw=28.0 pts=4
Step: 4423680 SPS: 1711  ev=-1.516  ent=0.780  grad=0.37/0.37  h=6.2 c=31.7  kl=0.0153  vl=0.0001
Step: 4427776 SPS: 1711  ev=-1.469  ent=0.784  grad=0.52/0.50  h=6.2 c=29.7  kl=0.0099  vl=0.0001
Step: 4431872 SPS: 1711  ev=0.079  ent=0.794  grad=0.56/0.50  h=6.1 c=29.1  kl=0.0114  vl=0.0001
Step: 4435968 SPS: 1711  ev=-0.490  ent=0.793  grad=0.55/0.50  h=6.2 c=30.6  kl=0.0102  vl=0.0002
Step: 4440064 SPS: 1711  ev=-3.299  ent=0.806  grad=0.59/0.50  h=6.1 c=29.5  kl=0.0150  vl=0.0001
Step: 4444160 SPS: 1712  ev=-1.830  ent=0.784  grad=0.49/0.49  h=6.1 c=29.3  kl=0.0132  vl=0.0001
Step: 4448256 SPS: 1712  ev=0.006  ent=0.776  grad=0.55/0.50  h=6.2 c=30.3  kl=0.0092  vl=0.0001
Step: 4452352 SPS: 1712  ev=-0.577  ent=0.814  grad=0.36/0.36  h=6.1 c=29.5  kl=0.0157  vl=0.0003
Step: 4456448 SPS: 1712  ev=-2.289  ent=0.782  grad=0.60/0.50  h=6.1 c=29.2  kl=0.0127  vl=0.0001
Step: 4460544 SPS: 1712  ev=-2.248  ent=0.791  grad=0.58/0.50  h=6.1 c=29.3  kl=0.0109  vl=0.0001
Step: 4464640 SPS: 1712  ev=-0.036  ent=0.823  grad=0.14/0.14  h=6.1 c=30.0  kl=0.0146  vl=0.0099
Step: 4468736 SPS: 1712  ev=-0.002  ent=0.806  grad=0.60/0.50  h=6.1 c=29.0  kl=0.0115  vl=0.0006
Step: 4472832 SPS: 1713  ev=0.015  ent=0.795  grad=0.45/0.45  h=6.0 c=27.8  kl=0.0078  vl=0.0190
Step: 4476928 SPS: 1713  ev=0.012  ent=0.817  grad=0.62/0.50  h=6.1 c=29.6  kl=0.0102  vl=0.0006
Step: 4481024 SPS: 1713  ev=-1.058  ent=0.821  grad=0.47/0.47  h=6.1 c=28.7  kl=0.0133  vl=0.0004
Step: 4485120 SPS: 1713  ev=-0.155  ent=0.840  grad=0.72/0.50  h=6.1 c=28.3  kl=0.0127  vl=0.0003
Step: 4489216 SPS: 1713  ev=0.078  ent=0.841  grad=0.88/0.50  h=6.1 c=29.3  kl=0.0101  vl=0.0004
Step: 4493312 SPS: 1713  ev=0.064  ent=0.822  grad=0.86/0.50  h=6.0 c=28.8  kl=0.0159  vl=0.0003
Step: 4497408 SPS: 1714  ev=-1.125  ent=0.798  grad=0.58/0.50  h=6.1 c=29.0  kl=0.0121  vl=0.0004
Step: 4501504 SPS: 1714  ev=-1.424  ent=0.840  grad=0.66/0.50  h=6.1 c=29.0  kl=0.0124  vl=0.0002
  vs Random: 97W/3L/0D | score=11.2±17.9 inv=0.8 played=12.9 lanes=3.7 ddraw=45.8 pts=11
  Self-play: 41W/54L/5D | score=0.6±17.2 inv=1.1 played=11.4 lanes=3.6 ddraw=31.8 pts=1
Step: 4505600 SPS: 1707  ev=0.006  ent=0.823  grad=0.63/0.50  h=6.1 c=29.4  kl=0.0126  vl=0.0472
Step: 4509696 SPS: 1707  ev=-0.001  ent=0.801  grad=0.32/0.32  h=6.1 c=28.2  kl=0.0109  vl=0.0004
Step: 4513792 SPS: 1707  ev=0.097  ent=0.772  grad=0.47/0.47  h=6.0 c=27.3  kl=0.0130  vl=0.0005
Step: 4517888 SPS: 1708  ev=-2.564  ent=0.797  grad=0.36/0.36  h=6.1 c=29.1  kl=0.0133  vl=0.0004
Step: 4521984 SPS: 1708  ev=0.070  ent=0.795  grad=0.55/0.50  h=6.0 c=28.3  kl=0.0116  vl=0.0006
Step: 4526080 SPS: 1708  ev=-1.190  ent=0.823  grad=0.52/0.50  h=6.0 c=28.5  kl=0.0124  vl=0.0002
Step: 4530176 SPS: 1708  ev=0.037  ent=0.850  grad=0.41/0.41  h=6.0 c=29.4  kl=0.0143  vl=0.0010
Step: 4534272 SPS: 1708  ev=0.032  ent=0.828  grad=0.18/0.18  h=6.0 c=28.5  kl=0.0116  vl=0.0227
Step: 4538368 SPS: 1708  ev=-0.003  ent=0.819  grad=0.63/0.50  h=6.0 c=29.4  kl=0.0163  vl=0.0004
Step: 4542464 SPS: 1709  ev=-1.169  ent=0.830  grad=0.55/0.50  h=6.1 c=29.7  kl=0.0109  vl=0.0004
Step: 4546560 SPS: 1709  ev=0.019  ent=0.805  grad=0.56/0.50  h=5.9 c=28.9  kl=0.0212  vl=0.0455
Step: 4550656 SPS: 1709  ev=0.016  ent=0.837  grad=0.23/0.23  h=6.0 c=28.9  kl=0.0094  vl=0.0262
Step: 4554752 SPS: 1709  ev=0.081  ent=0.797  grad=0.16/0.16  h=6.0 c=28.9  kl=0.0056  vl=0.0116
Step: 4558848 SPS: 1709  ev=0.020  ent=0.817  grad=0.47/0.47  h=6.0 c=29.4  kl=0.0093  vl=0.0476
Step: 4562944 SPS: 1709  ev=-0.230  ent=0.854  grad=0.51/0.50  h=6.0 c=29.0  kl=0.0084  vl=0.0017
Step: 4567040 SPS: 1709  ev=-0.094  ent=0.823  grad=0.24/0.24  h=5.9 c=27.7  kl=0.0084  vl=0.0038
Step: 4571136 SPS: 1710  ev=0.192  ent=0.842  grad=0.97/0.50  h=6.0 c=29.3  kl=0.0119  vl=0.0005
Step: 4575232 SPS: 1710  ev=0.015  ent=0.851  grad=0.80/0.50  h=6.0 c=28.3  kl=0.0071  vl=0.0005
Step: 4579328 SPS: 1710  ev=-2.050  ent=0.812  grad=0.53/0.50  h=6.0 c=29.1  kl=0.0098  vl=0.0004
Step: 4583424 SPS: 1710  ev=0.072  ent=0.818  grad=0.49/0.49  h=6.1 c=29.5  kl=0.0063  vl=0.0003
  vs Random: 96W/4L/0D | score=9.6±19.2 inv=0.7 played=12.4 lanes=3.7 ddraw=47.1 pts=10
  Self-play: 50W/44L/6D | score=2.3±17.0 inv=0.8 played=11.1 lanes=3.6 ddraw=30.1 pts=2
Step: 4587520 SPS: 1704  ev=0.033  ent=0.833  grad=0.69/0.50  h=6.0 c=29.1  kl=0.0077  vl=0.0011
Step: 4591616 SPS: 1704  ev=-0.036  ent=0.855  grad=0.57/0.50  h=6.0 c=29.7  kl=0.0067  vl=0.0009
Step: 4595712 SPS: 1704  ev=-1.167  ent=0.854  grad=0.63/0.50  h=6.1 c=30.1  kl=0.0094  vl=0.0003
Step: 4599808 SPS: 1704  ev=0.004  ent=0.888  grad=0.35/0.35  h=6.1 c=29.1  kl=0.0114  vl=0.0381
Step: 4603904 SPS: 1704  ev=-1.188  ent=0.853  grad=0.67/0.50  h=6.0 c=29.1  kl=0.0095  vl=0.0002
Step: 4608000 SPS: 1704  ev=-0.006  ent=0.873  grad=0.13/0.13  h=6.1 c=29.6  kl=0.0051  vl=0.0034
Step: 4612096 SPS: 1705  ev=-0.012  ent=0.841  grad=0.52/0.50  h=6.1 c=29.7  kl=0.0078  vl=0.0001
Step: 4616192 SPS: 1705  ev=0.035  ent=0.832  grad=0.83/0.50  h=6.1 c=29.9  kl=0.0085  vl=0.0001
Step: 4620288 SPS: 1705  ev=-1.103  ent=0.851  grad=0.54/0.50  h=6.1 c=29.7  kl=0.0092  vl=0.0002
Step: 4624384 SPS: 1705  ev=0.010  ent=0.831  grad=0.42/0.42  h=6.1 c=30.3  kl=0.0066  vl=0.0003
Step: 4628480 SPS: 1705  ev=0.008  ent=0.834  grad=0.48/0.48  h=6.1 c=29.9  kl=0.0129  vl=0.0464
Step: 4632576 SPS: 1705  ev=0.023  ent=0.852  grad=0.62/0.50  h=6.0 c=29.0  kl=0.0093  vl=0.0004
Step: 4636672 SPS: 1705  ev=-0.209  ent=0.833  grad=0.63/0.50  h=6.1 c=29.7  kl=0.0073  vl=0.0002
Step: 4640768 SPS: 1705  ev=-5.124  ent=0.844  grad=0.43/0.43  h=6.0 c=29.0  kl=0.0123  vl=0.0002
Step: 4644864 SPS: 1706  ev=-2.304  ent=0.872  grad=0.42/0.42  h=6.1 c=29.5  kl=0.0139  vl=0.0002
Step: 4648960 SPS: 1706  ev=0.003  ent=0.879  grad=0.55/0.50  h=6.0 c=29.3  kl=0.0079  vl=0.0002
Step: 4653056 SPS: 1706  ev=0.006  ent=0.912  grad=0.71/0.50  h=6.0 c=29.9  kl=0.0075  vl=0.0001
Step: 4657152 SPS: 1706  ev=-0.144  ent=0.895  grad=0.55/0.50  h=6.1 c=29.7  kl=0.0085  vl=0.0001
Step: 4661248 SPS: 1706  ev=0.072  ent=0.872  grad=0.56/0.50  h=6.0 c=29.8  kl=0.0059  vl=0.0002
Step: 4665344 SPS: 1706  ev=0.055  ent=0.827  grad=0.84/0.50  h=6.1 c=29.8  kl=0.0052  vl=0.0006
  vs Random: 95W/5L/0D | score=9.1±23.3 inv=0.7 played=13.4 lanes=4.2 ddraw=47.3 pts=9
  Self-play: 53W/44L/3D | score=-3.0±22.2 inv=1.0 played=11.9 lanes=4.0 ddraw=32.8 pts=-3
Step: 4669440 SPS: 1700  ev=-0.996  ent=0.839  grad=0.57/0.50  h=6.0 c=28.8  kl=0.0077  vl=0.0004
Step: 4673536 SPS: 1700  ev=-0.415  ent=0.875  grad=0.61/0.50  h=6.0 c=29.4  kl=0.0079  vl=0.0002
Step: 4677632 SPS: 1700  ev=0.011  ent=0.819  grad=0.79/0.50  h=6.1 c=29.1  kl=0.0119  vl=0.0800
Step: 4681728 SPS: 1700  ev=0.138  ent=0.874  grad=0.11/0.11  h=6.0 c=29.6  kl=0.0078  vl=0.0080
Step: 4685824 SPS: 1701  ev=0.049  ent=0.879  grad=0.34/0.34  h=6.0 c=28.9  kl=0.0059  vl=0.0007
Step: 4689920 SPS: 1701  ev=-2.047  ent=0.834  grad=0.49/0.49  h=6.0 c=28.5  kl=0.0053  vl=0.0003
Step: 4694016 SPS: 1701  ev=0.040  ent=0.856  grad=0.59/0.50  h=6.0 c=29.5  kl=0.0080  vl=0.0003
Step: 4698112 SPS: 1701  ev=0.046  ent=0.885  grad=0.30/0.30  h=6.0 c=28.2  kl=0.0087  vl=0.0405
Step: 4702208 SPS: 1701  ev=0.298  ent=0.840  grad=0.50/0.50  h=6.1 c=29.5  kl=0.0076  vl=0.0016
Step: 4706304 SPS: 1701  ev=-0.031  ent=0.867  grad=0.70/0.50  h=6.1 c=28.8  kl=0.0085  vl=0.0008
Step: 4710400 SPS: 1701  ev=0.008  ent=0.872  grad=0.50/0.50  h=6.0 c=27.6  kl=0.0070  vl=0.0005
Step: 4714496 SPS: 1701  ev=0.011  ent=0.877  grad=0.43/0.43  h=6.1 c=28.1  kl=0.0117  vl=0.0412
Step: 4718592 SPS: 1702  ev=-1.798  ent=0.843  grad=0.63/0.50  h=6.1 c=29.7  kl=0.0111  vl=0.0003
Step: 4722688 SPS: 1702  ev=0.006  ent=0.832  grad=0.47/0.47  h=6.1 c=29.3  kl=0.0083  vl=0.0459
Step: 4726784 SPS: 1702  ev=0.046  ent=0.817  grad=0.84/0.50  h=6.0 c=27.7  kl=0.0070  vl=0.0003
Step: 4730880 SPS: 1702  ev=-2.236  ent=0.873  grad=0.37/0.37  h=6.1 c=29.3  kl=0.0072  vl=0.0007
Step: 4734976 SPS: 1702  ev=0.068  ent=0.855  grad=0.49/0.49  h=6.1 c=29.3  kl=0.0111  vl=0.0445
Step: 4739072 SPS: 1703  ev=-0.409  ent=0.827  grad=0.32/0.32  h=6.1 c=27.9  kl=0.0108  vl=0.0041
Step: 4743168 SPS: 1703  ev=-0.048  ent=0.874  grad=0.83/0.50  h=6.1 c=27.8  kl=0.0074  vl=0.0002
Step: 4747264 SPS: 1703  ev=-0.421  ent=0.828  grad=0.35/0.35  h=6.1 c=28.8  kl=0.0110  vl=0.0007
  vs Random: 95W/5L/0D | score=8.5±23.0 inv=0.7 played=13.5 lanes=4.2 ddraw=46.9 pts=8
  Self-play: 51W/48L/1D | score=-1.9±23.3 inv=1.0 played=11.2 lanes=3.7 ddraw=36.3 pts=-2
Step: 4751360 SPS: 1696  ev=-5.412  ent=0.852  grad=0.54/0.50  h=5.9 c=26.5  kl=0.0166  vl=0.0001
Step: 4755456 SPS: 1697  ev=0.058  ent=0.837  grad=0.77/0.50  h=6.1 c=27.8  kl=0.0116  vl=0.0216
Step: 4759552 SPS: 1697  ev=-1.957  ent=0.879  grad=0.39/0.39  h=6.1 c=28.6  kl=0.0119  vl=0.0002
Step: 4763648 SPS: 1697  ev=0.020  ent=0.879  grad=0.49/0.49  h=6.0 c=28.1  kl=0.0110  vl=0.0451
Step: 4767744 SPS: 1697  ev=-4.395  ent=0.876  grad=0.70/0.50  h=6.0 c=26.9  kl=0.0093  vl=0.0001
Step: 4771840 SPS: 1697  ev=-2.607  ent=0.888  grad=0.60/0.50  h=6.1 c=29.1  kl=0.0076  vl=0.0001
Step: 4775936 SPS: 1697  ev=-0.003  ent=0.876  grad=0.76/0.50  h=6.0 c=28.1  kl=0.0066  vl=0.0002
Step: 4780032 SPS: 1697  ev=-3.663  ent=0.858  grad=0.66/0.50  h=6.0 c=27.2  kl=0.0082  vl=0.0001
Step: 4784128 SPS: 1698  ev=-0.708  ent=0.844  grad=0.58/0.50  h=6.0 c=28.4  kl=0.0096  vl=0.0001
Step: 4788224 SPS: 1698  ev=0.054  ent=0.842  grad=0.18/0.18  h=6.1 c=29.5  kl=0.0104  vl=0.0181
Step: 4792320 SPS: 1698  ev=-0.319  ent=0.825  grad=0.44/0.44  h=5.9 c=26.5  kl=0.0066  vl=0.0001
Step: 4796416 SPS: 1698  ev=0.020  ent=0.862  grad=0.57/0.50  h=6.1 c=27.9  kl=0.0100  vl=0.0001
Step: 4800512 SPS: 1698  ev=0.027  ent=0.830  grad=0.71/0.50  h=6.2 c=30.1  kl=0.0089  vl=0.0001
Step: 4804608 SPS: 1698  ev=-3.109  ent=0.855  grad=0.30/0.30  h=6.0 c=28.2  kl=0.0094  vl=0.0003
Step: 4808704 SPS: 1699  ev=-2.099  ent=0.899  grad=0.66/0.50  h=6.1 c=27.9  kl=0.0105  vl=0.0001
Step: 4812800 SPS: 1699  ev=0.007  ent=0.857  grad=0.50/0.50  h=6.1 c=29.2  kl=0.0103  vl=0.0484
Step: 4816896 SPS: 1699  ev=-4.576  ent=0.849  grad=0.53/0.50  h=6.0 c=28.6  kl=0.0073  vl=0.0001
Step: 4820992 SPS: 1699  ev=-3.637  ent=0.857  grad=0.55/0.50  h=6.0 c=27.5  kl=0.0094  vl=0.0001
Step: 4825088 SPS: 1699  ev=0.048  ent=0.839  grad=0.78/0.50  h=6.2 c=29.3  kl=0.0101  vl=0.0002
Step: 4829184 SPS: 1699  ev=0.165  ent=0.861  grad=0.55/0.50  h=6.1 c=28.8  kl=0.0071  vl=0.0002
  vs Random: 98W/3L/0D | score=9.3±21.5 inv=1.0 played=13.5 lanes=4.1 ddraw=42.5 pts=9
  Self-play: 47W/50L/3D | score=-5.7±25.1 inv=1.1 played=11.3 lanes=3.8 ddraw=35.7 pts=-6
Step: 4833280 SPS: 1693  ev=0.018  ent=0.851  grad=0.38/0.38  h=6.1 c=27.5  kl=0.0067  vl=0.0008
Step: 4837376 SPS: 1693  ev=-2.345  ent=0.877  grad=0.63/0.50  h=6.1 c=28.9  kl=0.0100  vl=0.0001
Step: 4841472 SPS: 1693  ev=0.167  ent=0.869  grad=0.86/0.50  h=6.1 c=29.4  kl=0.0084  vl=0.0002
Step: 4845568 SPS: 1693  ev=-3.809  ent=0.866  grad=0.45/0.45  h=6.1 c=27.4  kl=0.0096  vl=0.0006
Step: 4849664 SPS: 1694  ev=-0.946  ent=0.892  grad=0.47/0.47  h=6.1 c=28.7  kl=0.0113  vl=0.0004
Step: 4853760 SPS: 1694  ev=0.119  ent=0.839  grad=0.64/0.50  h=6.1 c=29.2  kl=0.0106  vl=0.0004
Step: 4857856 SPS: 1694  ev=-1.333  ent=0.844  grad=0.31/0.31  h=6.0 c=27.0  kl=0.0110  vl=0.0008
Step: 4861952 SPS: 1694  ev=-2.772  ent=0.825  grad=0.49/0.49  h=6.0 c=27.1  kl=0.0104  vl=0.0003
Step: 4866048 SPS: 1694  ev=-1.512  ent=0.861  grad=0.48/0.48  h=6.1 c=28.7  kl=0.0094  vl=0.0002
Step: 4870144 SPS: 1694  ev=-0.014  ent=0.875  grad=0.63/0.50  h=6.0 c=27.9  kl=0.0058  vl=0.0002
Step: 4874240 SPS: 1694  ev=0.033  ent=0.855  grad=0.61/0.50  h=6.0 c=26.3  kl=0.0072  vl=0.0001
Step: 4878336 SPS: 1694  ev=0.015  ent=0.842  grad=0.58/0.50  h=6.1 c=28.8  kl=0.0071  vl=0.0003
Step: 4882432 SPS: 1694  ev=0.024  ent=0.868  grad=0.75/0.50  h=6.0 c=28.6  kl=0.0085  vl=0.0001
Step: 4886528 SPS: 1695  ev=0.050  ent=0.890  grad=0.57/0.50  h=5.9 c=26.0  kl=0.0068  vl=0.0003
Step: 4890624 SPS: 1695  ev=0.009  ent=0.873  grad=0.67/0.50  h=6.1 c=27.8  kl=0.0088  vl=0.0003
Step: 4894720 SPS: 1695  ev=0.271  ent=0.853  grad=0.41/0.41  h=6.1 c=29.1  kl=0.0109  vl=0.0007
Step: 4898816 SPS: 1695  ev=-2.668  ent=0.844  grad=0.41/0.41  h=6.0 c=25.8  kl=0.0081  vl=0.0003
Step: 4902912 SPS: 1695  ev=-2.724  ent=0.893  grad=0.52/0.50  h=6.1 c=27.7  kl=0.0076  vl=0.0001
Step: 4907008 SPS: 1695  ev=-0.481  ent=0.852  grad=0.59/0.50  h=6.1 c=28.6  kl=0.0096  vl=0.0001
Step: 4911104 SPS: 1695  ev=0.013  ent=0.836  grad=0.50/0.50  h=5.9 c=25.8  kl=0.0083  vl=0.0002
  vs Random: 97W/5L/0D | score=8.2±22.6 inv=0.8 played=13.8 lanes=4.3 ddraw=40.8 pts=8
  Self-play: 56W/44L/0D | score=-0.4±19.9 inv=0.9 played=11.5 lanes=3.8 ddraw=32.7 pts=-0
Step: 4915200 SPS: 1690  ev=-1.058  ent=0.902  grad=0.56/0.50  h=6.1 c=27.1  kl=0.0082  vl=0.0001
Step: 4919296 SPS: 1690  ev=-1.979  ent=0.829  grad=0.56/0.50  h=6.1 c=28.1  kl=0.0081  vl=0.0001
Step: 4923392 SPS: 1690  ev=-0.333  ent=0.821  grad=0.50/0.50  h=6.0 c=26.5  kl=0.0082  vl=0.0001
Step: 4927488 SPS: 1690  ev=-0.999  ent=0.870  grad=0.67/0.50  h=6.0 c=25.9  kl=0.0123  vl=0.0001
Step: 4931584 SPS: 1690  ev=-3.012  ent=0.863  grad=0.39/0.39  h=6.1 c=27.5  kl=0.0092  vl=0.0002
Step: 4935680 SPS: 1690  ev=0.058  ent=0.817  grad=0.17/0.17  h=6.0 c=27.0  kl=0.0097  vl=0.0199
Step: 4939776 SPS: 1690  ev=-1.114  ent=0.868  grad=0.28/0.28  h=6.0 c=24.5  kl=0.0076  vl=0.0006
Step: 4943872 SPS: 1690  ev=-4.288  ent=0.832  grad=0.59/0.50  h=6.1 c=26.2  kl=0.0071  vl=0.0001
Step: 4947968 SPS: 1691  ev=-2.494  ent=0.834  grad=0.73/0.50  h=6.0 c=26.0  kl=0.0067  vl=0.0001
Step: 4952064 SPS: 1691  ev=0.021  ent=0.850  grad=0.28/0.28  h=6.0 c=24.5  kl=0.0047  vl=0.0020
Step: 4956160 SPS: 1691  ev=0.031  ent=0.850  grad=0.93/0.50  h=6.1 c=25.8  kl=0.0102  vl=0.0027
Step: 4960256 SPS: 1691  ev=-0.057  ent=0.872  grad=0.55/0.50  h=6.1 c=26.4  kl=0.0122  vl=0.0025
Step: 4964352 SPS: 1691  ev=-0.023  ent=0.843  grad=0.52/0.50  h=6.0 c=26.0  kl=0.0152  vl=0.0010
Step: 4968448 SPS: 1691  ev=-0.854  ent=0.892  grad=0.49/0.49  h=6.1 c=26.0  kl=0.0145  vl=0.0005
Step: 4972544 SPS: 1692  ev=-2.569  ent=0.906  grad=0.81/0.50  h=6.1 c=27.3  kl=0.0117  vl=0.0002
Step: 4976640 SPS: 1692  ev=-0.630  ent=0.850  grad=1.02/0.50  h=6.1 c=26.9  kl=0.0111  vl=0.0001
Step: 4980736 SPS: 1692  ev=-2.906  ent=0.855  grad=0.52/0.50  h=6.0 c=25.2  kl=0.0134  vl=0.0001
Step: 4984832 SPS: 1692  ev=0.068  ent=0.897  grad=0.32/0.32  h=6.1 c=27.4  kl=0.0105  vl=0.0428
Step: 4988928 SPS: 1692  ev=0.017  ent=0.870  grad=1.61/0.50  h=6.1 c=26.6  kl=0.0116  vl=0.0131
Step: 4993024 SPS: 1692  ev=0.149  ent=0.856  grad=0.54/0.50  h=6.0 c=26.0  kl=0.0091  vl=0.0002
  vs Random: 91W/8L/1D | score=6.8±22.0 inv=0.6 played=13.9 lanes=4.3 ddraw=41.9 pts=7
  Self-play: 50W/48L/2D | score=-9.1±22.6 inv=0.6 played=11.3 lanes=4.0 ddraw=33.7 pts=-9
Step: 4997120 SPS: 1687  ev=0.191  ent=0.850  grad=0.61/0.50  h=6.1 c=26.8  kl=0.0111  vl=0.0005
Step: 5001216 SPS: 1687  ev=0.016  ent=0.890  grad=0.36/0.36  h=6.1 c=27.6  kl=0.0114  vl=0.0016
Step: 5005312 SPS: 1687  ev=0.172  ent=0.865  grad=0.50/0.50  h=6.1 c=27.9  kl=0.0147  vl=0.0006
Step: 5009408 SPS: 1687  ev=-1.695  ent=0.861  grad=0.56/0.50  h=6.1 c=27.1  kl=0.0200  vl=0.0002
Step: 5013504 SPS: 1687  ev=-1.885  ent=0.876  grad=0.53/0.50  h=6.1 c=27.8  kl=0.0079  vl=0.0002
Step: 5017600 SPS: 1688  ev=-0.005  ent=0.835  grad=0.40/0.40  h=6.1 c=27.2  kl=0.0103  vl=0.0006
Step: 5021696 SPS: 1688  ev=-4.457  ent=0.823  grad=0.42/0.42  h=6.0 c=25.9  kl=0.0085  vl=0.0003
Step: 5025792 SPS: 1688  ev=-0.047  ent=0.868  grad=0.62/0.50  h=6.1 c=28.3  kl=0.0096  vl=0.0001
Step: 5029888 SPS: 1688  ev=0.204  ent=0.896  grad=0.56/0.50  h=6.0 c=26.8  kl=0.0069  vl=0.0001
Step: 5033984 SPS: 1688  ev=-1.925  ent=0.838  grad=0.53/0.50  h=6.0 c=25.8  kl=0.0101  vl=0.0001
Step: 5038080 SPS: 1688  ev=-2.724  ent=0.875  grad=0.50/0.50  h=6.1 c=27.4  kl=0.0088  vl=0.0001
Step: 5042176 SPS: 1689  ev=-2.504  ent=0.869  grad=0.49/0.49  h=6.1 c=27.4  kl=0.0080  vl=0.0001
Step: 5046272 SPS: 1689  ev=-0.077  ent=0.826  grad=0.59/0.50  h=6.0 c=26.7  kl=0.0091  vl=0.0001
Step: 5050368 SPS: 1689  ev=0.052  ent=0.880  grad=0.66/0.50  h=6.1 c=26.7  kl=0.0083  vl=0.0002
Step: 5054464 SPS: 1689  ev=0.151  ent=0.856  grad=0.71/0.50  h=6.1 c=27.1  kl=0.0097  vl=0.0005
Step: 5058560 SPS: 1689  ev=-2.786  ent=0.878  grad=0.53/0.50  h=6.1 c=26.7  kl=0.0077  vl=0.0002
Step: 5062656 SPS: 1689  ev=0.082  ent=0.845  grad=0.23/0.23  h=6.0 c=26.0  kl=0.0106  vl=0.0015
Step: 5066752 SPS: 1689  ev=-1.106  ent=0.836  grad=0.50/0.50  h=6.0 c=27.6  kl=0.0083  vl=0.0002
Step: 5070848 SPS: 1689  ev=-0.008  ent=0.859  grad=0.64/0.50  h=6.0 c=26.7  kl=0.0073  vl=0.0001
Step: 5074944 SPS: 1689  ev=0.297  ent=0.865  grad=0.60/0.50  h=5.9 c=25.2  kl=0.0085  vl=0.0002
  vs Random: 95W/5L/0D | score=4.5±16.9 inv=0.3 played=13.7 lanes=4.3 ddraw=41.2 pts=4
  Self-play: 52W/47L/1D | score=-5.8±21.9 inv=0.5 played=11.5 lanes=4.0 ddraw=28.8 pts=-6
Step: 5079040 SPS: 1684  ev=-0.141  ent=0.840  grad=0.34/0.34  h=6.1 c=28.3  kl=0.0089  vl=0.0011
Step: 5083136 SPS: 1684  ev=-17.314  ent=0.849  grad=0.78/0.50  h=6.0 c=26.8  kl=0.0074  vl=0.0001
Step: 5087232 SPS: 1684  ev=0.064  ent=0.908  grad=0.35/0.35  h=6.0 c=27.2  kl=0.0107  vl=0.0456
Step: 5091328 SPS: 1684  ev=-0.357  ent=0.861  grad=0.80/0.50  h=6.0 c=27.1  kl=0.0085  vl=0.0002
Step: 5095424 SPS: 1684  ev=-6.002  ent=0.894  grad=0.27/0.27  h=6.0 c=27.6  kl=0.0068  vl=0.0004
Step: 5099520 SPS: 1685  ev=0.093  ent=0.863  grad=0.51/0.50  h=6.1 c=28.1  kl=0.0106  vl=0.0401
Step: 5103616 SPS: 1685  ev=-1.772  ent=0.882  grad=0.47/0.47  h=6.1 c=27.4  kl=0.0100  vl=0.0003
Step: 5107712 SPS: 1685  ev=0.041  ent=0.858  grad=0.62/0.50  h=6.0 c=27.8  kl=0.0091  vl=0.0409
Step: 5111808 SPS: 1685  ev=0.063  ent=0.871  grad=0.57/0.50  h=6.0 c=27.0  kl=0.0067  vl=0.0002
Step: 5115904 SPS: 1685  ev=-0.454  ent=0.858  grad=0.39/0.39  h=6.1 c=27.4  kl=0.0087  vl=0.0002
Step: 5120000 SPS: 1685  ev=0.112  ent=0.827  grad=0.43/0.43  h=6.1 c=29.5  kl=0.0115  vl=0.0261
Step: 5124096 SPS: 1685  ev=0.013  ent=0.896  grad=0.37/0.37  h=6.1 c=28.7  kl=0.0083  vl=0.0005
Step: 5128192 SPS: 1685  ev=-0.706  ent=0.858  grad=0.51/0.50  h=6.0 c=27.6  kl=0.0154  vl=0.0002
Step: 5132288 SPS: 1685  ev=-6.267  ent=0.878  grad=0.33/0.33  h=6.2 c=29.2  kl=0.0123  vl=0.0002
Step: 5136384 SPS: 1686  ev=0.021  ent=0.852  grad=0.46/0.46  h=6.1 c=28.3  kl=0.0096  vl=0.0448
Step: 5140480 SPS: 1686  ev=-3.386  ent=0.853  grad=0.58/0.50  h=6.0 c=28.3  kl=0.0075  vl=0.0001
Step: 5144576 SPS: 1686  ev=-0.417  ent=0.862  grad=0.34/0.34  h=6.0 c=27.5  kl=0.0108  vl=0.0002
Step: 5148672 SPS: 1686  ev=-0.002  ent=0.884  grad=0.64/0.50  h=6.0 c=28.1  kl=0.0069  vl=0.0000
Step: 5152768 SPS: 1686  ev=0.002  ent=0.870  grad=0.75/0.50  h=6.1 c=28.6  kl=0.0082  vl=0.0001
Step: 5156864 SPS: 1686  ev=-0.026  ent=0.893  grad=0.81/0.50  h=6.1 c=27.6  kl=0.0062  vl=0.0002
  vs Random: 97W/3L/0D | score=3.7±16.1 inv=0.5 played=13.8 lanes=4.4 ddraw=39.2 pts=4
  Self-play: 51W/50L/0D | score=-10.5±19.5 inv=0.7 played=11.9 lanes=4.3 ddraw=31.1 pts=-11
Step: 5160960 SPS: 1681  ev=0.041  ent=0.892  grad=0.39/0.39  h=6.1 c=29.2  kl=0.0094  vl=0.0390
Step: 5165056 SPS: 1681  ev=-0.766  ent=0.905  grad=0.51/0.50  h=6.1 c=28.4  kl=0.0091  vl=0.0003
Step: 5169152 SPS: 1681  ev=0.025  ent=0.916  grad=0.46/0.46  h=6.0 c=27.2  kl=0.0084  vl=0.0011
Step: 5173248 SPS: 1681  ev=-0.004  ent=0.928  grad=0.52/0.50  h=6.2 c=29.6  kl=0.0067  vl=0.0002
Step: 5177344 SPS: 1681  ev=-0.081  ent=0.929  grad=0.53/0.50  h=6.1 c=28.8  kl=0.0105  vl=0.0002
Step: 5181440 SPS: 1681  ev=-0.438  ent=0.932  grad=0.79/0.50  h=6.1 c=28.2  kl=0.0101  vl=0.0001
Step: 5185536 SPS: 1681  ev=-0.245  ent=0.882  grad=0.58/0.50  h=6.1 c=28.5  kl=0.0084  vl=0.0001
Step: 5189632 SPS: 1681  ev=-0.005  ent=0.880  grad=0.19/0.19  h=6.1 c=28.4  kl=0.0091  vl=0.0153
Step: 5193728 SPS: 1682  ev=0.114  ent=0.889  grad=0.39/0.39  h=6.1 c=29.0  kl=0.0078  vl=0.0003
Step: 5197824 SPS: 1682  ev=-0.010  ent=0.903  grad=0.32/0.32  h=6.2 c=28.7  kl=0.0097  vl=0.0006
Step: 5201920 SPS: 1682  ev=-4.317  ent=0.892  grad=0.58/0.50  h=6.1 c=28.4  kl=0.0075  vl=0.0001
Step: 5206016 SPS: 1682  ev=-1.068  ent=0.907  grad=0.64/0.50  h=6.2 c=29.1  kl=0.0100  vl=0.0001
Step: 5210112 SPS: 1682  ev=-0.437  ent=0.881  grad=0.42/0.42  h=6.1 c=26.9  kl=0.0100  vl=0.0002
Step: 5214208 SPS: 1682  ev=0.044  ent=0.903  grad=0.80/0.50  h=6.2 c=29.0  kl=0.0048  vl=0.0003
Step: 5218304 SPS: 1682  ev=-1.708  ent=0.887  grad=0.36/0.36  h=6.2 c=28.8  kl=0.0126  vl=0.0004
Step: 5222400 SPS: 1683  ev=-0.052  ent=0.924  grad=0.69/0.50  h=6.0 c=26.7  kl=0.0118  vl=0.0001
Step: 5226496 SPS: 1683  ev=0.068  ent=0.912  grad=0.70/0.50  h=6.2 c=28.8  kl=0.0147  vl=0.0003
Step: 5230592 SPS: 1683  ev=0.143  ent=0.926  grad=0.66/0.50  h=6.2 c=29.1  kl=0.0121  vl=0.0225
Step: 5234688 SPS: 1683  ev=0.123  ent=0.853  grad=0.60/0.50  h=6.1 c=27.3  kl=0.0114  vl=0.0548
Step: 5238784 SPS: 1683  ev=-1.152  ent=0.886  grad=0.58/0.50  h=6.2 c=28.7  kl=0.0102  vl=0.0004
  vs Random: 98W/3L/0D | score=5.5±22.2 inv=0.7 played=14.7 lanes=4.8 ddraw=42.1 pts=5
  Self-play: 51W/48L/1D | score=-9.9±24.6 inv=0.8 played=12.4 lanes=4.4 ddraw=32.0 pts=-10
Step: 5242880 SPS: 1678  ev=0.016  ent=0.942  grad=0.51/0.50  h=6.1 c=28.2  kl=0.0131  vl=0.0003
Step: 5246976 SPS: 1679  ev=-0.024  ent=0.912  grad=0.77/0.50  h=6.2 c=29.2  kl=0.0107  vl=0.0016
Step: 5251072 SPS: 1679  ev=-0.019  ent=0.862  grad=0.60/0.50  h=6.2 c=27.8  kl=0.0164  vl=0.0010
Step: 5255168 SPS: 1679  ev=-0.436  ent=0.917  grad=0.54/0.50  h=6.1 c=27.6  kl=0.0118  vl=0.0004
Step: 5259264 SPS: 1679  ev=-0.011  ent=0.915  grad=0.46/0.46  h=6.2 c=28.6  kl=0.0168  vl=0.0457
Step: 5263360 SPS: 1679  ev=-0.434  ent=0.918  grad=0.81/0.50  h=6.1 c=25.7  kl=0.0141  vl=0.0002
Step: 5267456 SPS: 1679  ev=-0.572  ent=0.899  grad=0.70/0.50  h=6.2 c=28.1  kl=0.0150  vl=0.0001
Step: 5271552 SPS: 1680  ev=0.033  ent=0.928  grad=0.46/0.46  h=6.2 c=28.1  kl=0.0176  vl=0.0174
Step: 5275648 SPS: 1680  ev=0.002  ent=0.929  grad=0.61/0.50  h=6.0 c=26.4  kl=0.0121  vl=0.0376
Step: 5279744 SPS: 1680  ev=0.024  ent=0.949  grad=0.34/0.34  h=6.1 c=27.6  kl=0.0182  vl=0.0348
Step: 5283840 SPS: 1680  ev=0.016  ent=0.882  grad=0.60/0.50  h=6.1 c=27.8  kl=0.0102  vl=0.0006
Step: 5287936 SPS: 1680  ev=-0.121  ent=0.883  grad=0.58/0.50  h=6.1 c=28.2  kl=0.0136  vl=0.0002
Step: 5292032 SPS: 1680  ev=0.065  ent=0.899  grad=0.70/0.50  h=6.2 c=28.2  kl=0.0109  vl=0.0003
Step: 5296128 SPS: 1681  ev=-0.357  ent=0.911  grad=0.60/0.50  h=6.2 c=28.7  kl=0.0106  vl=0.0003
Step: 5300224 SPS: 1681  ev=-0.131  ent=0.901  grad=0.39/0.39  h=6.2 c=29.1  kl=0.0108  vl=0.0011
Step: 5304320 SPS: 1681  ev=0.045  ent=0.864  grad=0.23/0.23  h=6.2 c=28.4  kl=0.0150  vl=0.0188
Step: 5308416 SPS: 1681  ev=0.086  ent=0.855  grad=0.45/0.45  h=6.2 c=29.8  kl=0.0124  vl=0.0300
Step: 5312512 SPS: 1681  ev=0.128  ent=0.914  grad=0.60/0.50  h=6.2 c=29.0  kl=0.0144  vl=0.0006
Step: 5316608 SPS: 1682  ev=0.007  ent=0.891  grad=0.94/0.50  h=6.2 c=28.4  kl=0.0111  vl=0.0012
Step: 5320704 SPS: 1682  ev=-0.332  ent=0.869  grad=0.46/0.46  h=6.2 c=30.8  kl=0.0136  vl=0.0007
  vs Random: 96W/3L/1D | score=5.1±15.5 inv=0.5 played=14.0 lanes=4.4 ddraw=43.8 pts=5
  Self-play: 49W/49L/2D | score=-2.0±22.6 inv=1.0 played=12.2 lanes=4.0 ddraw=29.1 pts=-2
Step: 5324800 SPS: 1677  ev=-1.566  ent=0.876  grad=0.51/0.50  h=6.2 c=29.4  kl=0.0126  vl=0.0003
Step: 5328896 SPS: 1677  ev=-2.164  ent=0.818  grad=0.62/0.50  h=6.1 c=28.3  kl=0.0112  vl=0.0002
Step: 5332992 SPS: 1677  ev=-1.435  ent=0.870  grad=0.59/0.50  h=6.2 c=29.8  kl=0.0140  vl=0.0001
Step: 5337088 SPS: 1677  ev=-4.807  ent=0.883  grad=0.66/0.50  h=6.2 c=30.3  kl=0.0106  vl=0.0001
Step: 5341184 SPS: 1677  ev=-0.053  ent=0.882  grad=0.53/0.50  h=6.1 c=29.7  kl=0.0148  vl=0.0001
Step: 5345280 SPS: 1678  ev=-2.598  ent=0.861  grad=0.66/0.50  h=6.2 c=29.4  kl=0.0111  vl=0.0000
Step: 5349376 SPS: 1678  ev=-3.755  ent=0.841  grad=0.46/0.46  h=6.0 c=30.2  kl=0.0110  vl=0.0001
Step: 5353472 SPS: 1678  ev=-2.424  ent=0.827  grad=0.67/0.50  h=6.2 c=30.7  kl=0.0131  vl=0.0002
Step: 5357568 SPS: 1678  ev=0.012  ent=0.876  grad=0.53/0.50  h=6.1 c=28.6  kl=0.0120  vl=0.0001
Step: 5361664 SPS: 1678  ev=0.009  ent=0.855  grad=0.72/0.50  h=6.2 c=31.5  kl=0.0125  vl=0.0004
Step: 5365760 SPS: 1678  ev=0.036  ent=0.843  grad=0.74/0.50  h=6.0 c=28.6  kl=0.0126  vl=0.0015
Step: 5369856 SPS: 1678  ev=-0.467  ent=0.884  grad=0.67/0.50  h=6.1 c=28.5  kl=0.0141  vl=0.0009
Step: 5373952 SPS: 1679  ev=-3.909  ent=0.849  grad=0.70/0.50  h=6.2 c=31.4  kl=0.0102  vl=0.0003
Step: 5378048 SPS: 1679  ev=0.063  ent=0.852  grad=0.45/0.45  h=6.2 c=30.1  kl=0.0117  vl=0.0445
Step: 5382144 SPS: 1679  ev=0.046  ent=0.823  grad=0.10/0.10  h=6.2 c=29.3  kl=0.0134  vl=0.0139
Step: 5386240 SPS: 1679  ev=-0.856  ent=0.872  grad=0.48/0.48  h=6.2 c=29.8  kl=0.0145  vl=0.0003
Step: 5390336 SPS: 1679  ev=0.024  ent=0.830  grad=0.65/0.50  h=6.2 c=29.2  kl=0.0184  vl=0.0454
Step: 5394432 SPS: 1680  ev=0.006  ent=0.882  grad=0.66/0.50  h=6.2 c=29.9  kl=0.0137  vl=0.0008
Step: 5398528 SPS: 1680  ev=0.019  ent=0.846  grad=0.67/0.50  h=6.2 c=29.7  kl=0.0102  vl=0.0003
Step: 5402624 SPS: 1680  ev=-0.013  ent=0.848  grad=0.63/0.50  h=6.2 c=30.4  kl=0.0108  vl=0.0001
  vs Random: 97W/2L/1D | score=8.1±17.1 inv=0.6 played=14.8 lanes=4.6 ddraw=44.2 pts=8
  Self-play: 51W/47L/2D | score=-3.5±27.5 inv=0.8 played=12.5 lanes=4.2 ddraw=30.8 pts=-4
Step: 5406720 SPS: 1675  ev=-1.975  ent=0.898  grad=0.45/0.45  h=6.2 c=29.3  kl=0.0155  vl=0.0003
Step: 5410816 SPS: 1675  ev=0.036  ent=0.840  grad=0.73/0.50  h=6.1 c=29.1  kl=0.0104  vl=0.0002
Step: 5414912 SPS: 1675  ev=0.025  ent=0.856  grad=0.78/0.50  h=6.3 c=32.6  kl=0.0142  vl=0.0004
Step: 5419008 SPS: 1675  ev=-0.994  ent=0.868  grad=0.67/0.50  h=6.2 c=28.8  kl=0.0143  vl=0.0002
Step: 5423104 SPS: 1675  ev=0.075  ent=0.851  grad=0.78/0.50  h=6.1 c=28.3  kl=0.0115  vl=0.0006
Step: 5427200 SPS: 1676  ev=-0.932  ent=0.873  grad=0.59/0.50  h=6.3 c=32.2  kl=0.0153  vl=0.0003
Step: 5431296 SPS: 1676  ev=-2.796  ent=0.860  grad=0.42/0.42  h=6.2 c=30.0  kl=0.0122  vl=0.0003
Step: 5435392 SPS: 1676  ev=-1.390  ent=0.899  grad=0.58/0.50  h=6.2 c=29.9  kl=0.0115  vl=0.0001
Step: 5439488 SPS: 1676  ev=-1.458  ent=0.872  grad=0.62/0.50  h=6.2 c=31.1  kl=0.0132  vl=0.0001
Step: 5443584 SPS: 1676  ev=-3.377  ent=0.823  grad=0.59/0.50  h=6.2 c=30.1  kl=0.0101  vl=0.0001
Step: 5447680 SPS: 1676  ev=-3.921  ent=0.828  grad=0.64/0.50  h=6.1 c=29.7  kl=0.0108  vl=0.0001
Step: 5451776 SPS: 1676  ev=0.023  ent=0.804  grad=0.33/0.33  h=6.2 c=30.3  kl=0.0191  vl=0.0297
Step: 5455872 SPS: 1677  ev=0.019  ent=0.873  grad=0.35/0.35  h=6.2 c=31.4  kl=0.0131  vl=0.0276
Step: 5459968 SPS: 1677  ev=0.034  ent=0.838  grad=0.26/0.26  h=6.2 c=30.8  kl=0.0100  vl=0.0469
Step: 5464064 SPS: 1677  ev=0.004  ent=0.807  grad=0.60/0.50  h=6.2 c=30.1  kl=0.0118  vl=0.0011
Step: 5468160 SPS: 1677  ev=-0.860  ent=0.786  grad=0.56/0.50  h=6.4 c=33.5  kl=0.0132  vl=0.0011
Step: 5472256 SPS: 1677  ev=0.054  ent=0.851  grad=0.47/0.47  h=6.2 c=30.5  kl=0.0091  vl=0.0004
Step: 5476352 SPS: 1677  ev=0.007  ent=0.836  grad=0.66/0.50  h=6.2 c=29.8  kl=0.0101  vl=0.0002
Step: 5480448 SPS: 1677  ev=0.067  ent=0.805  grad=0.56/0.50  h=6.2 c=31.3  kl=0.0191  vl=0.0403
Step: 5484544 SPS: 1678  ev=0.037  ent=0.802  grad=0.89/0.50  h=6.1 c=29.4  kl=0.0136  vl=0.0004
